{
"type": "FeatureCollection",
"name": "SELECT",
"features": [
{ "type": "Feature", "properties": { "Layer": "023_MUROS_2", "PaperSpace": null, "SubClasses": null, "Linetype": null, "EntityHandle": "1D1EE4C3", "Text": null }, "geometry": { "type": "LineString", "coordinates": [ [ 755.222328486094966, -630.381043036835194, 0.0 ], [ 755.23119749613295, -630.398647116048323, 0.0 ] ] } },
{ "type": "Feature", "properties": { "Layer": "023_MUROS_2", "PaperSpace": null, "SubClasses": null, "Linetype": null, "EntityHandle": "1D1EE4C4", "Text": null }, "geometry": { "type": "LineString", "coordinates": [ [ 755.23119749613295, -630.398647116048323, 0.0 ], [ 755.127333428774364, -630.450974275272074, 0.0 ] ] } },
{ "type": "Feature", "properties": { "Layer": "023_MUROS_2", "PaperSpace": null, "SubClasses": null, "Linetype": null, "EntityHandle": "1D1EE4C5", "Text": null }, "geometry": { "type": "LineString", "coordinates": [ [ 755.127333428774364, -630.450974275272074, 0.0 ], [ 755.118464418736721, -630.433370196058945, 0.0 ] ] } },
{ "type": "Feature", "properties": { "Layer": "023_MUROS_2", "PaperSpace": null, "SubClasses": null, "Linetype": null, "EntityHandle": "1D1EE4C6", "Text": null }, "geometry": { "type": "LineString", "coordinates": [ [ 755.118464418736721, -630.433370196058945, 0.0 ], [ 755.222328486094966, -630.381043036835194, 0.0 ] ] } },
{ "type": "Feature", "properties": { "Layer": "023_MUROS_2", "PaperSpace": null, "SubClasses": null, "Linetype": null, "EntityHandle": "1D1EE4D3", "Text": null }, "geometry": { "type": "LineString", "coordinates": [ [ 753.93843145113533, -630.553320857104382, 0.0 ], [ 754.243525396439622, -631.158901182041063, 0.0 ] ] } },
{ "type": "Feature", "properties": { "Layer": "023_MUROS_2", "PaperSpace": null, "SubClasses": null, "Linetype": null, "EntityHandle": "1D1EE4D4", "Text": null }, "geometry": { "type": "LineString", "coordinates": [ [ 753.955175417517466, -630.55150687283799, 0.0 ], [ 754.250513451780193, -631.137722710640219, 0.0 ] ] } },
{ "type": "Feature", "properties": { "Layer": "023_MUROS_2", "PaperSpace": null, "SubClasses": null, "Linetype": null, "EntityHandle": "1D1EE4D5", "Text": null }, "geometry": { "type": "LineString", "coordinates": [ [ 753.88110434395935, -630.544679546532848, 0.0 ], [ 753.896181661023547, -630.57460648119536, 0.0 ] ] } },
{ "type": "Feature", "properties": { "Layer": "023_MUROS_2", "PaperSpace": null, "SubClasses": null, "Linetype": null, "EntityHandle": "1D1EE4D6", "Text": null }, "geometry": { "type": "LineString", "coordinates": [ [ 753.722667631039826, -630.624500636874131, 0.0 ], [ 753.737744948103796, -630.654427571536644, 0.0 ] ] } },
{ "type": "Feature", "properties": { "Layer": "023_MUROS_2", "PaperSpace": null, "SubClasses": null, "Linetype": null, "EntityHandle": "1D1EE4D7", "Text": null }, "geometry": { "type": "LineString", "coordinates": [ [ 754.243525396439622, -631.158901182041063, 0.0 ], [ 754.387878845988553, -631.086175299730144, 0.0 ] ] } },
{ "type": "Feature", "properties": { "Layer": "023_MUROS_2", "PaperSpace": null, "SubClasses": null, "Linetype": null, "EntityHandle": "1D1EE4D8", "Text": null }, "geometry": { "type": "LineString", "coordinates": [ [ 754.250513451780193, -631.137722710640219, 0.0 ], [ 754.394866901328896, -631.064996828329186, 0.0 ] ] } },
{ "type": "Feature", "properties": { "Layer": "023_MUROS_2", "PaperSpace": null, "SubClasses": null, "Linetype": null, "EntityHandle": "1D1EE4D9", "Text": null }, "geometry": { "type": "LineString", "coordinates": [ [ 754.399408559037965, -631.109060602707473, 0.0 ], [ 754.41349182240856, -631.101965394677109, 0.0 ] ] } },
{ "type": "Feature", "properties": { "Layer": "023_MUROS_2", "PaperSpace": null, "SubClasses": null, "Linetype": null, "EntityHandle": "1D1EE4DA", "Text": null }, "geometry": { "type": "LineString", "coordinates": [ [ 754.387878845988553, -631.086175299730144, 0.0 ], [ 754.399408559037965, -631.109060602707473, 0.0 ] ] } },
{ "type": "Feature", "properties": { "Layer": "023_MUROS_2", "PaperSpace": null, "SubClasses": null, "Linetype": null, "EntityHandle": "1D1EE4DB", "Text": null }, "geometry": { "type": "LineString", "coordinates": [ [ 754.394866901328896, -631.064996828329186, 0.0 ], [ 754.41349182240856, -631.101965394677109, 0.0 ] ] } },
{ "type": "Feature", "properties": { "Layer": "023_MUROS_2", "PaperSpace": null, "SubClasses": null, "Linetype": null, "EntityHandle": "1D1EE4DC", "Text": null }, "geometry": { "type": "LineString", "coordinates": [ [ 755.369369337999615, -631.540806153708445, 0.0 ], [ 754.813256475652338, -631.820978180806264, 0.0 ] ] } },
{ "type": "Feature", "properties": { "Layer": "023_MUROS_2", "PaperSpace": null, "SubClasses": null, "Linetype": null, "EntityHandle": "1D1EE4DD", "Text": null }, "geometry": { "type": "LineString", "coordinates": [ [ 755.37380384301855, -631.549608193314953, 0.0 ], [ 754.817690980670932, -631.829780220412886, 0.0 ] ] } },
{ "type": "Feature", "properties": { "Layer": "023_MUROS_2", "PaperSpace": null, "SubClasses": null, "Linetype": null, "EntityHandle": "1D1EE4DE", "Text": null }, "geometry": { "type": "LineString", "coordinates": [ [ 754.640736499362106, -631.907894479177799, 0.0 ], [ 754.633694867676809, -631.911442083193037, 0.0 ] ] } },
{ "type": "Feature", "properties": { "Layer": "023_MUROS_2", "PaperSpace": null, "SubClasses": null, "Linetype": null, "EntityHandle": "1D1EE4DF", "Text": null }, "geometry": { "type": "LineString", "coordinates": [ [ 754.695553129786731, -631.670590547352163, 0.0 ], [ 754.677949050573488, -631.679459557390032, 0.0 ] ] } },
{ "type": "Feature", "properties": { "Layer": "023_MUROS_2", "PaperSpace": null, "SubClasses": null, "Linetype": null, "EntityHandle": "1D1EE4E0", "Text": null }, "geometry": { "type": "LineString", "coordinates": [ [ 754.567839385240973, -631.417091806681015, 0.0 ], [ 754.550235306027389, -631.425960816718884, 0.0 ] ] } },
{ "type": "Feature", "properties": { "Layer": "023_MUROS_2", "PaperSpace": null, "SubClasses": null, "Linetype": null, "EntityHandle": "1D1EE4E1", "Text": null }, "geometry": { "type": "LineString", "coordinates": [ [ 755.378238348037485, -631.558410232921574, 0.0 ], [ 754.82212548568998, -631.838582260019393, 0.0 ] ] } },
{ "type": "Feature", "properties": { "Layer": "023_MUROS_2", "PaperSpace": null, "SubClasses": null, "Linetype": null, "EntityHandle": "1D1EE4E2", "Text": null }, "geometry": { "type": "LineString", "coordinates": [ [ 754.649605509399976, -631.925498558391041, 0.0 ], [ 754.642563877714792, -631.929046162406166, 0.0 ] ] } },
{ "type": "Feature", "properties": { "Layer": "023_MUROS_2", "PaperSpace": null, "SubClasses": null, "Linetype": null, "EntityHandle": "1D1EE4E3", "Text": null }, "geometry": { "type": "LineString", "coordinates": [ [ 756.29458312574684, -633.376822925552801, 0.0 ], [ 755.741815038449886, -633.655309840743257, 0.0 ] ] } },
{ "type": "Feature", "properties": { "Layer": "023_MUROS_2", "PaperSpace": null, "SubClasses": null, "Linetype": null, "EntityHandle": "1D1EE4E4", "Text": null }, "geometry": { "type": "LineString", "coordinates": [ [ 755.569295062159654, -633.742226139114791, 0.0 ], [ 755.558732614631595, -633.747547545137536, 0.0 ] ] } },
{ "type": "Feature", "properties": { "Layer": "023_MUROS_2", "PaperSpace": null, "SubClasses": null, "Linetype": null, "EntityHandle": "1D1EE4E5", "Text": null }, "geometry": { "type": "LineString", "coordinates": [ [ 755.169383073966969, -632.974728467674709, 0.0 ], [ 755.160581034360348, -632.979162972693757, 0.0 ] ] } },
{ "type": "Feature", "properties": { "Layer": "023_MUROS_2", "PaperSpace": null, "SubClasses": null, "Linetype": null, "EntityHandle": "1D1EE4E6", "Text": null }, "geometry": { "type": "LineString", "coordinates": [ [ 755.034574121390619, -632.707146463632967, 0.0 ], [ 755.025772081783998, -632.711580968651901, 0.0 ] ] } },
{ "type": "Feature", "properties": { "Layer": "023_MUROS_2", "PaperSpace": null, "SubClasses": null, "Linetype": null, "EntityHandle": "1D1EE4E7", "Text": null }, "geometry": { "type": "LineString", "coordinates": [ [ 756.299017630765547, -633.385624965159309, 0.0 ], [ 755.746249543468821, -633.664111880349878, 0.0 ] ] } },
{ "type": "Feature", "properties": { "Layer": "023_MUROS_2", "PaperSpace": null, "SubClasses": null, "Linetype": null, "EntityHandle": "1D1EE4E8", "Text": null }, "geometry": { "type": "LineString", "coordinates": [ [ 756.29680037825608, -633.381223945356055, 0.0 ], [ 755.744032290959353, -633.659710860546511, 0.0 ] ] } },
{ "type": "Feature", "properties": { "Layer": "023_MUROS_2", "PaperSpace": null, "SubClasses": null, "Linetype": null, "EntityHandle": "1D1EE4E9", "Text": null }, "geometry": { "type": "LineString", "coordinates": [ [ 756.294583125746612, -633.376822925552688, 0.0 ], [ 755.741815038449886, -633.655309840743257, 0.0 ] ] } },
{ "type": "Feature", "properties": { "Layer": "023_MUROS_2", "PaperSpace": null, "SubClasses": null, "Linetype": null, "EntityHandle": "1D1EE4EA", "Text": null }, "geometry": { "type": "LineString", "coordinates": [ [ 756.003340790567449, -634.428517346707622, 0.0 ], [ 755.913559986579685, -634.473749297901009, 0.0 ] ] } },
{ "type": "Feature", "properties": { "Layer": "023_MUROS_2", "PaperSpace": null, "SubClasses": null, "Linetype": null, "EntityHandle": "1D1EE4EB", "Text": null }, "geometry": { "type": "LineString", "coordinates": [ [ 756.014052490714789, -634.414291816891591, 0.0 ], [ 755.999793186552779, -634.421475715021984, 0.0 ] ] } },
{ "type": "Feature", "properties": { "Layer": "023_MUROS_2", "PaperSpace": null, "SubClasses": null, "Linetype": null, "EntityHandle": "1D1EE4EC", "Text": null }, "geometry": { "type": "LineString", "coordinates": [ [ 755.573729567178589, -633.751028178721526, 0.0 ], [ 755.563167119650871, -633.756349584744271, 0.0 ] ] } },
{ "type": "Feature", "properties": { "Layer": "023_MUROS_2", "PaperSpace": null, "SubClasses": null, "Linetype": null, "EntityHandle": "1D1EE4ED", "Text": null }, "geometry": { "type": "LineString", "coordinates": [ [ 754.550235306027389, -631.425960816718884, 0.0 ], [ 754.677949050573488, -631.679459557390032, 0.0 ] ] } },
{ "type": "Feature", "properties": { "Layer": "023_MUROS_2", "PaperSpace": null, "SubClasses": null, "Linetype": null, "EntityHandle": "1D1EE4EE", "Text": null }, "geometry": { "type": "LineString", "coordinates": [ [ 754.567839385240973, -631.417091806681015, 0.0 ], [ 754.695553129786731, -631.670590547352163, 0.0 ] ] } },
{ "type": "Feature", "properties": { "Layer": "023_MUROS_2", "PaperSpace": null, "SubClasses": null, "Linetype": null, "EntityHandle": "1D1EE4EF", "Text": null }, "geometry": { "type": "LineString", "coordinates": [ [ 753.93843145113533, -630.553320857104382, 0.0 ], [ 753.896181661023547, -630.57460648119536, 0.0 ] ] } },
{ "type": "Feature", "properties": { "Layer": "023_MUROS_2", "PaperSpace": null, "SubClasses": null, "Linetype": null, "EntityHandle": "1D1EE4F0", "Text": null }, "geometry": { "type": "LineString", "coordinates": [ [ 753.737744948103796, -630.654427571536417, 0.0 ], [ 753.70253678967731, -630.672165591612384, 0.0 ] ] } },
{ "type": "Feature", "properties": { "Layer": "023_MUROS_2", "PaperSpace": null, "SubClasses": null, "Linetype": null, "EntityHandle": "1D1EE4F1", "Text": null }, "geometry": { "type": "LineString", "coordinates": [ [ 756.387186128155349, -636.00092036947126, 0.0 ], [ 756.369582048942107, -636.00978937950913, 0.0 ] ] } },
{ "type": "Feature", "properties": { "Layer": "023_MUROS_2", "PaperSpace": null, "SubClasses": null, "Linetype": null, "EntityHandle": "1D1EE4F2", "Text": null }, "geometry": { "type": "LineString", "coordinates": [ [ 756.307365037813838, -635.842483656551849, 0.0 ], [ 756.289760958600596, -635.851352666589719, 0.0 ] ] } },
{ "type": "Feature", "properties": { "Layer": "023_MUROS_2", "PaperSpace": null, "SubClasses": null, "Linetype": null, "EntityHandle": "1D1EE4F3", "Text": null }, "geometry": { "type": "LineString", "coordinates": [ [ 753.70253678967731, -630.672165591612384, 0.0 ], [ 754.650633962730922, -632.554041659511995, 0.0 ] ] } },
{ "type": "Feature", "properties": { "Layer": "023_MUROS_2", "PaperSpace": null, "SubClasses": null, "Linetype": null, "EntityHandle": "1D1EE4F4", "Text": null }, "geometry": { "type": "LineString", "coordinates": [ [ 754.845752183565196, -632.941331402204014, 0.0 ], [ 756.307365037813838, -635.842483656551735, 0.0 ] ] } },
{ "type": "Feature", "properties": { "Layer": "023_MUROS_2", "PaperSpace": null, "SubClasses": null, "Linetype": null, "EntityHandle": "1D1EE4F5", "Text": null }, "geometry": { "type": "LineString", "coordinates": [ [ 756.387186128155008, -636.00092036947126, 0.0 ], [ 756.560583224988136, -636.345095899203329, 0.0 ] ] } },
{ "type": "Feature", "properties": { "Layer": "023_MUROS_2", "PaperSpace": null, "SubClasses": null, "Linetype": null, "EntityHandle": "1D1EE4F6", "Text": null }, "geometry": { "type": "LineString", "coordinates": [ [ 753.684932710464295, -630.681034601650367, 0.0 ], [ 754.622387071472076, -632.541785774493746, 0.0 ] ] } },
{ "type": "Feature", "properties": { "Layer": "023_MUROS_2", "PaperSpace": null, "SubClasses": null, "Linetype": null, "EntityHandle": "1D1EE4F7", "Text": null }, "geometry": { "type": "LineString", "coordinates": [ [ 754.838790916397443, -632.971325307297889, 0.0 ], [ 756.289760958600596, -635.851352666589719, 0.0 ] ] } },
{ "type": "Feature", "properties": { "Layer": "023_MUROS_2", "PaperSpace": null, "SubClasses": null, "Linetype": null, "EntityHandle": "1D1EE4F8", "Text": null }, "geometry": { "type": "LineString", "coordinates": [ [ 756.370468949945575, -636.011549787430454, 0.0 ], [ 756.903496453224761, -637.069554948148493, 0.0 ] ] } },
{ "type": "Feature", "properties": { "Layer": "023_MUROS_2", "PaperSpace": null, "SubClasses": null, "Linetype": null, "EntityHandle": "1D1EE4F9", "Text": null }, "geometry": { "type": "LineString", "coordinates": [ [ 756.94252009739148, -637.147012896686874, 0.0 ], [ 757.082650455990347, -637.425157348256448, 0.0 ] ] } },
{ "type": "Feature", "properties": { "Layer": "023_MUROS_2", "PaperSpace": null, "SubClasses": null, "Linetype": null, "EntityHandle": "1D1EE4FA", "Text": null }, "geometry": { "type": "LineString", "coordinates": [ [ 757.122561001161216, -637.504375704716381, 0.0 ], [ 757.217459408566924, -637.692739352298304, 0.0 ] ] } },
{ "type": "Feature", "properties": { "Layer": "023_MUROS_2", "PaperSpace": null, "SubClasses": null, "Linetype": null, "EntityHandle": "1D1EE4FB", "Text": null }, "geometry": { "type": "LineString", "coordinates": [ [ 754.523786113638153, -631.715190085180552, 0.0 ], [ 754.532588153244774, -631.710755580161617, 0.0 ] ] } },
{ "type": "Feature", "properties": { "Layer": "023_MUROS_2", "PaperSpace": null, "SubClasses": null, "Linetype": null, "EntityHandle": "1D1EE4FC", "Text": null }, "geometry": { "type": "LineString", "coordinates": [ [ 754.532588153244774, -631.710755580161617, 0.0 ], [ 754.633694867676809, -631.911442083193037, 0.0 ] ] } },
{ "type": "Feature", "properties": { "Layer": "023_MUROS_2", "PaperSpace": null, "SubClasses": null, "Linetype": null, "EntityHandle": "1D1EE4FD", "Text": null }, "geometry": { "type": "LineString", "coordinates": [ [ 754.642563877714792, -631.929046162406166, 0.0 ], [ 755.034574121390619, -632.707146463632967, 0.0 ] ] } },
{ "type": "Feature", "properties": { "Layer": "023_MUROS_2", "PaperSpace": null, "SubClasses": null, "Linetype": null, "EntityHandle": "1D1EE4FE", "Text": null }, "geometry": { "type": "LineString", "coordinates": [ [ 755.16938307396731, -632.974728467674822, 0.0 ], [ 755.558732614631595, -633.747547545137536, 0.0 ] ] } },
{ "type": "Feature", "properties": { "Layer": "023_MUROS_2", "PaperSpace": null, "SubClasses": null, "Linetype": null, "EntityHandle": "1D1EE4FF", "Text": null }, "geometry": { "type": "LineString", "coordinates": [ [ 755.563167119650871, -633.756349584744271, 0.0 ], [ 755.629684694935122, -633.888380178843931, 0.0 ] ] } },
{ "type": "Feature", "properties": { "Layer": "023_MUROS_2", "PaperSpace": null, "SubClasses": null, "Linetype": null, "EntityHandle": "1D1EE500", "Text": null }, "geometry": { "type": "LineString", "coordinates": [ [ 755.767896807888746, -633.825370025315806, 0.0 ], [ 755.901818859461173, -634.091191621436337, 0.0 ] ] } },
{ "type": "Feature", "properties": { "Layer": "023_MUROS_2", "PaperSpace": null, "SubClasses": null, "Linetype": null, "EntityHandle": "1D1EE501", "Text": null }, "geometry": { "type": "LineString", "coordinates": [ [ 755.785500887101989, -633.816501015277936, 0.0 ], [ 755.919422938674757, -634.082322611398467, 0.0 ] ] } },
{ "type": "Feature", "properties": { "Layer": "023_MUROS_2", "PaperSpace": null, "SubClasses": null, "Linetype": null, "EntityHandle": "1D1EE502", "Text": null }, "geometry": { "type": "LineString", "coordinates": [ [ 755.569295062159654, -633.742226139114791, 0.0 ], [ 755.573729567178589, -633.751028178721413, 0.0 ] ] } },
{ "type": "Feature", "properties": { "Layer": "023_MUROS_2", "PaperSpace": null, "SubClasses": null, "Linetype": null, "EntityHandle": "1D1EE503", "Text": null }, "geometry": { "type": "LineString", "coordinates": [ [ 755.741815038449886, -633.655309840743257, 0.0 ], [ 755.746249543468821, -633.664111880349878, 0.0 ] ] } },
{ "type": "Feature", "properties": { "Layer": "023_MUROS_2", "PaperSpace": null, "SubClasses": null, "Linetype": null, "EntityHandle": "1D1EE504", "Text": null }, "geometry": { "type": "LineString", "coordinates": [ [ 754.640736499362106, -631.907894479177799, 0.0 ], [ 754.649605509399976, -631.925498558391041, 0.0 ] ] } },
{ "type": "Feature", "properties": { "Layer": "023_MUROS_2", "PaperSpace": null, "SubClasses": null, "Linetype": null, "EntityHandle": "1D1EE505", "Text": null }, "geometry": { "type": "LineString", "coordinates": [ [ 754.813256475652338, -631.820978180806264, 0.0 ], [ 754.82212548568998, -631.838582260019393, 0.0 ] ] } },
{ "type": "Feature", "properties": { "Layer": "023_MUROS_2", "PaperSpace": null, "SubClasses": null, "Linetype": null, "EntityHandle": "1D1EE506", "Text": null }, "geometry": { "type": "LineString", "coordinates": [ [ 755.369369337999615, -631.540806153708445, 0.0 ], [ 755.378238348037485, -631.558410232921574, 0.0 ] ] } },
{ "type": "Feature", "properties": { "Layer": "023_MUROS_2", "PaperSpace": null, "SubClasses": null, "Linetype": null, "EntityHandle": "1D1EE507", "Text": null }, "geometry": { "type": "LineString", "coordinates": [ [ 754.523786113638153, -631.715190085180552, 0.0 ], [ 755.025772081783998, -632.711580968652015, 0.0 ] ] } },
{ "type": "Feature", "properties": { "Layer": "023_MUROS_2", "PaperSpace": null, "SubClasses": null, "Linetype": null, "EntityHandle": "1D1EE508", "Text": null }, "geometry": { "type": "LineString", "coordinates": [ [ 755.160581034360348, -632.979162972693757, 0.0 ], [ 755.62088265532816, -633.892814683862866, 0.0 ] ] } },
{ "type": "Feature", "properties": { "Layer": "023_MUROS_2", "PaperSpace": null, "SubClasses": null, "Linetype": null, "EntityHandle": "1D1EE509", "Text": null }, "geometry": { "type": "LineString", "coordinates": [ [ 755.999793186552324, -634.421475715022439, 0.0 ], [ 756.003340790567449, -634.428517346707622, 0.0 ] ] } },
{ "type": "Feature", "properties": { "Layer": "023_MUROS_2", "PaperSpace": null, "SubClasses": null, "Linetype": null, "EntityHandle": "1D1EE50A", "Text": null }, "geometry": { "type": "LineString", "coordinates": [ [ 756.872821574668023, -633.937495648676872, 0.0 ], [ 756.894107198758888, -633.979745438788768, 0.0 ] ] } },
{ "type": "Feature", "properties": { "Layer": "023_MUROS_2", "PaperSpace": null, "SubClasses": null, "Linetype": null, "EntityHandle": "1D1EE50B", "Text": null }, "geometry": { "type": "LineString", "coordinates": [ [ 756.703983143255641, -634.075530747198286, 0.0 ], [ 756.712852153293625, -634.093134826411529, 0.0 ] ] } },
{ "type": "Feature", "properties": { "Layer": "023_MUROS_2", "PaperSpace": null, "SubClasses": null, "Linetype": null, "EntityHandle": "1D1EE50C", "Text": null }, "geometry": { "type": "LineString", "coordinates": [ [ 756.577233772919953, -634.139387619471336, 0.0 ], [ 756.586102782957937, -634.156991698684465, 0.0 ] ] } },
{ "type": "Feature", "properties": { "Layer": "023_MUROS_2", "PaperSpace": null, "SubClasses": null, "Linetype": null, "EntityHandle": "1D1EE50D", "Text": null }, "geometry": { "type": "LineString", "coordinates": [ [ 756.29458312574684, -633.376822925552801, 0.0 ], [ 756.299017630765547, -633.385624965159309, 0.0 ] ] } },
{ "type": "Feature", "properties": { "Layer": "023_MUROS_2", "PaperSpace": null, "SubClasses": null, "Linetype": null, "EntityHandle": "1D1EE516", "Text": null }, "geometry": { "type": "LineString", "coordinates": [ [ 755.767896807888746, -633.825370025315806, 0.0 ], [ 755.785500887101989, -633.816501015277936, 0.0 ] ] } },
{ "type": "Feature", "properties": { "Layer": "023_MUROS_2", "PaperSpace": null, "SubClasses": null, "Linetype": null, "EntityHandle": "1D1EE517", "Text": null }, "geometry": { "type": "LineString", "coordinates": [ [ 755.901818859461173, -634.091191621436337, 0.0 ], [ 755.919422938674757, -634.082322611398467, 0.0 ] ] } },
{ "type": "Feature", "properties": { "Layer": "023_MUROS_2", "PaperSpace": null, "SubClasses": null, "Linetype": null, "EntityHandle": "1D1EE527", "Text": null }, "geometry": { "type": "LineString", "coordinates": [ [ 755.629684694935122, -633.888380178843931, 0.0 ], [ 755.62088265532816, -633.892814683862866, 0.0 ] ] } },
{ "type": "Feature", "properties": { "Layer": "023_MUROS_2", "PaperSpace": null, "SubClasses": null, "Linetype": null, "EntityHandle": "1D1EE52D", "Text": null }, "geometry": { "type": "LineString", "coordinates": [ [ 756.872821574668023, -633.937495648676872, 0.0 ], [ 756.881623614274645, -633.933061143657937, 0.0 ] ] } },
{ "type": "Feature", "properties": { "Layer": "023_MUROS_2", "PaperSpace": null, "SubClasses": null, "Linetype": null, "EntityHandle": "1D1EE52E", "Text": null }, "geometry": { "type": "LineString", "coordinates": [ [ 756.017600094730142, -634.421333448577002, 0.0 ], [ 756.577233772919953, -634.139387619471336, 0.0 ] ] } },
{ "type": "Feature", "properties": { "Layer": "023_MUROS_2", "PaperSpace": null, "SubClasses": null, "Linetype": null, "EntityHandle": "1D1EE52F", "Text": null }, "geometry": { "type": "LineString", "coordinates": [ [ 756.703983143255641, -634.075530747198286, 0.0 ], [ 756.894107198758888, -633.979745438788768, 0.0 ] ] } },
{ "type": "Feature", "properties": { "Layer": "023_MUROS_2", "PaperSpace": null, "SubClasses": null, "Linetype": null, "EntityHandle": "1D1EE530", "Text": null }, "geometry": { "type": "LineString", "coordinates": [ [ 755.93123103622429, -634.48691887209543, 0.0 ], [ 756.566738295823484, -634.166747609726372, 0.0 ] ] } },
{ "type": "Feature", "properties": { "Layer": "023_MUROS_2", "PaperSpace": null, "SubClasses": null, "Linetype": null, "EntityHandle": "1D1EE531", "Text": null }, "geometry": { "type": "LineString", "coordinates": [ [ 755.926796531205241, -634.478116832488809, 0.0 ], [ 756.562303790804549, -634.15794557011975, 0.0 ] ] } },
{ "type": "Feature", "properties": { "Layer": "023_MUROS_2", "PaperSpace": null, "SubClasses": null, "Linetype": null, "EntityHandle": "1D1EE532", "Text": null }, "geometry": { "type": "LineString", "coordinates": [ [ 756.575540335429878, -634.162313104707323, 0.0 ], [ 756.586102782957823, -634.156991698684578, 0.0 ] ] } },
{ "type": "Feature", "properties": { "Layer": "023_MUROS_2", "PaperSpace": null, "SubClasses": null, "Linetype": null, "EntityHandle": "1D1EE533", "Text": null }, "geometry": { "type": "LineString", "coordinates": [ [ 756.682035426316588, -634.395600639499094, 0.0 ], [ 756.902086416482234, -634.284738014024924, 0.0 ] ] } },
{ "type": "Feature", "properties": { "Layer": "023_MUROS_2", "PaperSpace": null, "SubClasses": null, "Linetype": null, "EntityHandle": "1D1EE534", "Text": null }, "geometry": { "type": "LineString", "coordinates": [ [ 756.970377793774219, -634.42028942396712, 0.0 ], [ 757.086564716581847, -634.361753957716928, 0.0 ] ] } },
{ "type": "Feature", "properties": { "Layer": "023_MUROS_2", "PaperSpace": null, "SubClasses": null, "Linetype": null, "EntityHandle": "1D1EE535", "Text": null }, "geometry": { "type": "LineString", "coordinates": [ [ 756.686402960903933, -634.382364094873424, 0.0 ], [ 757.013838834270928, -634.217400508167998, 0.0 ] ] } },
{ "type": "Feature", "properties": { "Layer": "023_MUROS_2", "PaperSpace": null, "SubClasses": null, "Linetype": null, "EntityHandle": "1D1EE536", "Text": null }, "geometry": { "type": "LineString", "coordinates": [ [ 756.712852153293511, -634.093134826411642, 0.0 ], [ 756.902976208796758, -633.997349518002011, 0.0 ] ] } },
{ "type": "Feature", "properties": { "Layer": "023_MUROS_2", "PaperSpace": null, "SubClasses": null, "Linetype": null, "EntityHandle": "1D1EE537", "Text": null }, "geometry": { "type": "LineString", "coordinates": [ [ 756.014052490714789, -634.414291816891591, 0.0 ], [ 756.017600094730142, -634.421333448577002, 0.0 ] ] } },
{ "type": "Feature", "properties": { "Layer": "023_MUROS_2", "PaperSpace": null, "SubClasses": null, "Linetype": null, "EntityHandle": "1D1EE540", "Text": null }, "geometry": { "type": "LineString", "coordinates": [ [ 755.913559986579685, -634.473749297901009, 0.0 ], [ 756.197368307792999, -635.037079832725794, 0.0 ] ] } },
{ "type": "Feature", "properties": { "Layer": "023_MUROS_2", "PaperSpace": null, "SubClasses": null, "Linetype": null, "EntityHandle": "1D1EE541", "Text": null }, "geometry": { "type": "LineString", "coordinates": [ [ 755.93123103622429, -634.48691887209543, 0.0 ], [ 756.201735842380685, -635.023843288100238, 0.0 ] ] } },
{ "type": "Feature", "properties": { "Layer": "023_MUROS_2", "PaperSpace": null, "SubClasses": null, "Linetype": null, "EntityHandle": "1D1EE542", "Text": null }, "geometry": { "type": "LineString", "coordinates": [ [ 756.566738295823484, -634.166747609726372, 0.0 ], [ 756.682035426316588, -634.395600639499094, 0.0 ] ] } },
{ "type": "Feature", "properties": { "Layer": "023_MUROS_2", "PaperSpace": null, "SubClasses": null, "Linetype": null, "EntityHandle": "1D1EE543", "Text": null }, "geometry": { "type": "LineString", "coordinates": [ [ 756.902086416482234, -634.284738014024811, 0.0 ], [ 756.970377793774219, -634.42028942396712, 0.0 ] ] } },
{ "type": "Feature", "properties": { "Layer": "023_MUROS_2", "PaperSpace": null, "SubClasses": null, "Linetype": null, "EntityHandle": "1D1EE544", "Text": null }, "geometry": { "type": "LineString", "coordinates": [ [ 756.575540335429878, -634.162313104707323, 0.0 ], [ 756.686402960903933, -634.382364094873424, 0.0 ] ] } },
{ "type": "Feature", "properties": { "Layer": "023_MUROS_2", "PaperSpace": null, "SubClasses": null, "Linetype": null, "EntityHandle": "1D1EE545", "Text": null }, "geometry": { "type": "LineString", "coordinates": [ [ 756.197368307792999, -635.037079832725794, 0.0 ], [ 756.223774426612977, -635.02377631766899, 0.0 ] ] } },
{ "type": "Feature", "properties": { "Layer": "023_MUROS_2", "PaperSpace": null, "SubClasses": null, "Linetype": null, "EntityHandle": "1D1EE546", "Text": null }, "geometry": { "type": "LineString", "coordinates": [ [ 756.201735842380685, -635.023843288100238, 0.0 ], [ 756.219339921593928, -635.014974278062368, 0.0 ] ] } },
{ "type": "Feature", "properties": { "Layer": "023_MUROS_2", "PaperSpace": null, "SubClasses": null, "Linetype": null, "EntityHandle": "1D1EE547", "Text": null }, "geometry": { "type": "LineString", "coordinates": [ [ 756.223774426612977, -635.02377631766899, 0.0 ], [ 756.219339921593928, -635.014974278062368, 0.0 ] ] } },
{ "type": "Feature", "properties": { "Layer": "023_MUROS_2", "PaperSpace": null, "SubClasses": null, "Linetype": null, "EntityHandle": "1D1EE549", "Text": null }, "geometry": { "type": "LineString", "coordinates": [ [ 756.431502561329694, -634.919121999221602, 0.0 ], [ 756.427068056310418, -634.910319959614867, 0.0 ] ] } },
{ "type": "Feature", "properties": { "Layer": "023_MUROS_2", "PaperSpace": null, "SubClasses": null, "Linetype": null, "EntityHandle": "1D1EE54A", "Text": null }, "geometry": { "type": "LineString", "coordinates": [ [ 756.431502561329694, -634.919121999221602, 0.0 ], [ 756.463189903913531, -634.903157781153254, 0.0 ] ] } },
{ "type": "Feature", "properties": { "Layer": "023_MUROS_2", "PaperSpace": null, "SubClasses": null, "Linetype": null, "EntityHandle": "1D1EE54B", "Text": null }, "geometry": { "type": "LineString", "coordinates": [ [ 756.463189903913531, -634.903157781153254, 0.0 ], [ 756.563409717341756, -635.102083876263237, 0.0 ] ] } },
{ "type": "Feature", "properties": { "Layer": "023_MUROS_2", "PaperSpace": null, "SubClasses": null, "Linetype": null, "EntityHandle": "1D1EE54C", "Text": null }, "geometry": { "type": "LineString", "coordinates": [ [ 756.471991943520152, -634.898723276134319, 0.0 ], [ 756.572211756948718, -635.097649371244415, 0.0 ] ] } },
{ "type": "Feature", "properties": { "Layer": "023_MUROS_2", "PaperSpace": null, "SubClasses": null, "Linetype": null, "EntityHandle": "1D1EE54D", "Text": null }, "geometry": { "type": "LineString", "coordinates": [ [ 756.563409717341756, -635.102083876263237, 0.0 ], [ 756.572211756948377, -635.097649371244302, 0.0 ] ] } },
{ "type": "Feature", "properties": { "Layer": "023_MUROS_2", "PaperSpace": null, "SubClasses": null, "Linetype": null, "EntityHandle": "1D1EE54E", "Text": null }, "geometry": { "type": "LineString", "coordinates": [ [ 756.651212916717213, -635.276364260474793, 0.0 ], [ 756.660014956323835, -635.271929755455858, 0.0 ] ] } },
{ "type": "Feature", "properties": { "Layer": "023_MUROS_2", "PaperSpace": null, "SubClasses": null, "Linetype": null, "EntityHandle": "1D1EE54F", "Text": null }, "geometry": { "type": "LineString", "coordinates": [ [ 756.427068056310418, -634.910319959614867, 0.0 ], [ 756.772108008890655, -634.736487362871685, 0.0 ] ] } },
{ "type": "Feature", "properties": { "Layer": "023_MUROS_2", "PaperSpace": null, "SubClasses": null, "Linetype": null, "EntityHandle": "1D1EE550", "Text": null }, "geometry": { "type": "LineString", "coordinates": [ [ 756.429285308820226, -634.914720979418348, 0.0 ], [ 756.774325261400463, -634.740888382675166, 0.0 ] ] } },
{ "type": "Feature", "properties": { "Layer": "023_MUROS_2", "PaperSpace": null, "SubClasses": null, "Linetype": null, "EntityHandle": "1D1EE551", "Text": null }, "geometry": { "type": "LineString", "coordinates": [ [ 756.941107169338125, -634.65134486650777, 0.0 ], [ 757.173481014953836, -634.534273934007274, 0.0 ] ] } },
{ "type": "Feature", "properties": { "Layer": "023_MUROS_2", "PaperSpace": null, "SubClasses": null, "Linetype": null, "EntityHandle": "1D1EE552", "Text": null }, "geometry": { "type": "LineString", "coordinates": [ [ 756.471991943520152, -634.898723276134319, 0.0 ], [ 756.77654251390959, -634.745289402478306, 0.0 ] ] } },
{ "type": "Feature", "properties": { "Layer": "023_MUROS_2", "PaperSpace": null, "SubClasses": null, "Linetype": null, "EntityHandle": "1D1EE553", "Text": null }, "geometry": { "type": "LineString", "coordinates": [ [ 756.680413679411231, -635.31241913764643, 0.0 ], [ 757.271910740977319, -635.014420400372387, 0.0 ] ] } },
{ "type": "Feature", "properties": { "Layer": "023_MUROS_2", "PaperSpace": null, "SubClasses": null, "Linetype": null, "EntityHandle": "1D1EE554", "Text": null }, "geometry": { "type": "LineString", "coordinates": [ [ 756.684848184430166, -635.321221177252937, 0.0 ], [ 757.276345245996254, -635.023222439979008, 0.0 ] ] } },
{ "type": "Feature", "properties": { "Layer": "023_MUROS_2", "PaperSpace": null, "SubClasses": null, "Linetype": null, "EntityHandle": "1D1EE555", "Text": null }, "geometry": { "type": "LineString", "coordinates": [ [ 756.682630931920471, -635.31682015744957, 0.0 ], [ 757.274127993486786, -635.018821420175641, 0.0 ] ] } },
{ "type": "Feature", "properties": { "Layer": "023_MUROS_2", "PaperSpace": null, "SubClasses": null, "Linetype": null, "EntityHandle": "1D1EE556", "Text": null }, "geometry": { "type": "LineString", "coordinates": [ [ 757.32157719718964, -635.113003243966659, 0.0 ], [ 757.436003712075944, -635.055354678720164, 0.0 ] ] } },
{ "type": "Feature", "properties": { "Layer": "023_MUROS_2", "PaperSpace": null, "SubClasses": null, "Linetype": null, "EntityHandle": "1D1EE557", "Text": null }, "geometry": { "type": "LineString", "coordinates": [ [ 757.540304001659024, -635.726779983317556, 0.0 ], [ 757.726907241319395, -635.632768476915658, 0.0 ] ] } },
{ "type": "Feature", "properties": { "Layer": "023_MUROS_2", "PaperSpace": null, "SubClasses": null, "Linetype": null, "EntityHandle": "1D1EE558", "Text": null }, "geometry": { "type": "LineString", "coordinates": [ [ 757.694091904179345, -635.56763338382666, 0.0 ], [ 757.702893943785966, -635.563198878807611, 0.0 ] ] } },
{ "type": "Feature", "properties": { "Layer": "023_MUROS_2", "PaperSpace": null, "SubClasses": null, "Linetype": null, "EntityHandle": "1D1EE559", "Text": null }, "geometry": { "type": "LineString", "coordinates": [ [ 757.616044615845567, -635.412717486749671, 0.0 ], [ 757.624846655452302, -635.408282981730736, 0.0 ] ] } },
{ "type": "Feature", "properties": { "Layer": "023_MUROS_2", "PaperSpace": null, "SubClasses": null, "Linetype": null, "EntityHandle": "1D1EE55A", "Text": null }, "geometry": { "type": "LineString", "coordinates": [ [ 757.549173011696894, -635.744384062530912, 0.0 ], [ 757.621349736471075, -635.708021121375396, 0.0 ] ] } },
{ "type": "Feature", "properties": { "Layer": "023_MUROS_2", "PaperSpace": null, "SubClasses": null, "Linetype": null, "EntityHandle": "1D1EE55B", "Text": null }, "geometry": { "type": "LineString", "coordinates": [ [ 757.771301914075025, -637.477720880879247, 0.0 ], [ 758.362798975640999, -637.179722143605204, 0.0 ] ] } },
{ "type": "Feature", "properties": { "Layer": "023_MUROS_2", "PaperSpace": null, "SubClasses": null, "Linetype": null, "EntityHandle": "1D1EE55C", "Text": null }, "geometry": { "type": "LineString", "coordinates": [ [ 758.313132519428677, -637.081139300010932, 0.0 ], [ 758.427559034315209, -637.02349073476455, 0.0 ] ] } },
{ "type": "Feature", "properties": { "Layer": "023_MUROS_2", "PaperSpace": null, "SubClasses": null, "Linetype": null, "EntityHandle": "1D1EE55D", "Text": null }, "geometry": { "type": "LineString", "coordinates": [ [ 758.420463826284731, -637.009407471393843, 0.0 ], [ 758.429265865891352, -637.004972966375021, 0.0 ] ] } },
{ "type": "Feature", "properties": { "Layer": "023_MUROS_2", "PaperSpace": null, "SubClasses": null, "Linetype": null, "EntityHandle": "1D1EE55E", "Text": null }, "geometry": { "type": "LineString", "coordinates": [ [ 758.261708546605973, -636.694294453476232, 0.0 ], [ 758.270510586212595, -636.689859948457297, 0.0 ] ] } },
{ "type": "Feature", "properties": { "Layer": "023_MUROS_2", "PaperSpace": null, "SubClasses": null, "Linetype": null, "EntityHandle": "1D1EE55F", "Text": null }, "geometry": { "type": "LineString", "coordinates": [ [ 758.020455188177493, -636.50020468597279, 0.0 ], [ 758.134881703063684, -636.442556120726294, 0.0 ] ] } },
{ "type": "Feature", "properties": { "Layer": "023_MUROS_2", "PaperSpace": null, "SubClasses": null, "Linetype": null, "EntityHandle": "1D1EE560", "Text": null }, "geometry": { "type": "LineString", "coordinates": [ [ 757.966354226946123, -636.392819802771896, 0.0 ], [ 758.080780741832768, -636.335171237525515, 0.0 ] ] } },
{ "type": "Feature", "properties": { "Layer": "023_MUROS_2", "PaperSpace": null, "SubClasses": null, "Linetype": null, "EntityHandle": "1D1EE561", "Text": null }, "geometry": { "type": "LineString", "coordinates": [ [ 757.781017642858046, -637.483862217474552, 0.0 ], [ 758.476378771782379, -637.133536320976873, 0.0 ] ] } },
{ "type": "Feature", "properties": { "Layer": "023_MUROS_2", "PaperSpace": null, "SubClasses": null, "Linetype": null, "EntityHandle": "1D1EE562", "Text": null }, "geometry": { "type": "LineString", "coordinates": [ [ 757.962832348635175, -637.844745841346707, 0.0 ], [ 757.987478059533714, -637.832329227293599, 0.0 ] ] } },
{ "type": "Feature", "properties": { "Layer": "023_MUROS_2", "PaperSpace": null, "SubClasses": null, "Linetype": null, "EntityHandle": "1D1EE563", "Text": null }, "geometry": { "type": "LineString", "coordinates": [ [ 758.486134682823831, -637.15290080811144, 0.0 ], [ 758.500217946194653, -637.145805600081076, 0.0 ] ] } },
{ "type": "Feature", "properties": { "Layer": "023_MUROS_2", "PaperSpace": null, "SubClasses": null, "Linetype": null, "EntityHandle": "1D1EE564", "Text": null }, "geometry": { "type": "LineString", "coordinates": [ [ 758.612961526366121, -637.404639140861264, 0.0 ], [ 758.627044789736829, -637.397543932830899, 0.0 ] ] } },
{ "type": "Feature", "properties": { "Layer": "023_MUROS_2", "PaperSpace": null, "SubClasses": null, "Linetype": null, "EntityHandle": "1D1EE565", "Text": null }, "geometry": { "type": "LineString", "coordinates": [ [ 758.665836780658537, -639.139371835491374, 0.0 ], [ 759.334791790762551, -638.802349454050386, 0.0 ] ] } },
{ "type": "Feature", "properties": { "Layer": "023_MUROS_2", "PaperSpace": null, "SubClasses": null, "Linetype": null, "EntityHandle": "1D1EE566", "Text": null }, "geometry": { "type": "LineString", "coordinates": [ [ 758.632442606497989, -639.173853821949137, 0.0 ], [ 759.102471521492589, -638.937051253936716, 0.0 ] ] } },
{ "type": "Feature", "properties": { "Layer": "023_MUROS_2", "PaperSpace": null, "SubClasses": null, "Linetype": null, "EntityHandle": "1D1EE567", "Text": null }, "geometry": { "type": "LineString", "coordinates": [ [ 759.120075600705832, -638.928182243898732, 0.0 ], [ 759.327803735422663, -638.823527925451344, 0.0 ] ] } },
{ "type": "Feature", "properties": { "Layer": "023_MUROS_2", "PaperSpace": null, "SubClasses": null, "Linetype": null, "EntityHandle": "1D1EE568", "Text": null }, "geometry": { "type": "LineString", "coordinates": [ [ 759.066218624338035, -638.610987359989736, 0.0 ], [ 759.203530442201668, -638.541809081693941, 0.0 ] ] } },
{ "type": "Feature", "properties": { "Layer": "023_MUROS_2", "PaperSpace": null, "SubClasses": null, "Linetype": null, "EntityHandle": "1D1EE569", "Text": null }, "geometry": { "type": "LineString", "coordinates": [ [ 757.662147182645526, -635.788999885756425, 0.0 ], [ 757.776573697531717, -635.73135132050993, 0.0 ] ] } },
{ "type": "Feature", "properties": { "Layer": "023_MUROS_2", "PaperSpace": null, "SubClasses": null, "Linetype": null, "EntityHandle": "1D1EE56A", "Text": null }, "geometry": { "type": "LineString", "coordinates": [ [ 757.832448460770706, -635.842257019553699, 0.0 ], [ 757.841250500377328, -635.837822514534764, 0.0 ] ] } },
{ "type": "Feature", "properties": { "Layer": "023_MUROS_2", "PaperSpace": null, "SubClasses": null, "Linetype": null, "EntityHandle": "1D1EE56B", "Text": null }, "geometry": { "type": "LineString", "coordinates": [ [ 757.990316839445654, -636.155609629550099, 0.0 ], [ 757.999118879052276, -636.151175124530937, 0.0 ] ] } },
{ "type": "Feature", "properties": { "Layer": "023_MUROS_2", "PaperSpace": null, "SubClasses": null, "Linetype": null, "EntityHandle": "1D1EE56C", "Text": null }, "geometry": { "type": "LineString", "coordinates": [ [ 757.253285819897656, -634.977451834024464, 0.0 ], [ 757.367712334783846, -634.919803268777969, 0.0 ] ] } },
{ "type": "Feature", "properties": { "Layer": "023_MUROS_2", "PaperSpace": null, "SubClasses": null, "Linetype": null, "EntityHandle": "1D1EE56D", "Text": null }, "geometry": { "type": "LineString", "coordinates": [ [ 756.945541674357173, -634.660146906114278, 0.0 ], [ 757.17791551997243, -634.543075973613895, 0.0 ] ] } },
{ "type": "Feature", "properties": { "Layer": "023_MUROS_2", "PaperSpace": null, "SubClasses": null, "Linetype": null, "EntityHandle": "1D1EE56E", "Text": null }, "geometry": { "type": "LineString", "coordinates": [ [ 757.199201144063409, -634.585325763725677, 0.0 ], [ 757.20800318367003, -634.580891258706856, 0.0 ] ] } },
{ "type": "Feature", "properties": { "Layer": "023_MUROS_2", "PaperSpace": null, "SubClasses": null, "Linetype": null, "EntityHandle": "1D1EE56F", "Text": null }, "geometry": { "type": "LineString", "coordinates": [ [ 757.274587729385871, -634.73496043703858, 0.0 ], [ 757.283389768992492, -634.730525932019646, 0.0 ] ] } },
{ "type": "Feature", "properties": { "Layer": "023_MUROS_2", "PaperSpace": null, "SubClasses": null, "Linetype": null, "EntityHandle": "1D1EE570", "Text": null }, "geometry": { "type": "LineString", "coordinates": [ [ 757.278135333400996, -634.742002068723878, 0.0 ], [ 757.286937373007618, -634.737567563705056, 0.0 ] ] } },
{ "type": "Feature", "properties": { "Layer": "023_MUROS_2", "PaperSpace": null, "SubClasses": null, "Linetype": null, "EntityHandle": "1D1EE571", "Text": null }, "geometry": { "type": "LineString", "coordinates": [ [ 757.357069522738584, -634.898678373722191, 0.0 ], [ 757.365871562344978, -634.894243868703029, 0.0 ] ] } },
{ "type": "Feature", "properties": { "Layer": "023_MUROS_2", "PaperSpace": null, "SubClasses": null, "Linetype": null, "EntityHandle": "1D1EE57C", "Text": null }, "geometry": { "type": "LineString", "coordinates": [ [ 756.902976208796758, -633.997349518002011, 0.0 ], [ 757.013838834270928, -634.217400508167998, 0.0 ] ] } },
{ "type": "Feature", "properties": { "Layer": "023_MUROS_2", "PaperSpace": null, "SubClasses": null, "Linetype": null, "EntityHandle": "1D1EE57D", "Text": null }, "geometry": { "type": "LineString", "coordinates": [ [ 757.086564716581847, -634.361753957716928, 0.0 ], [ 757.173481014953836, -634.534273934007274, 0.0 ] ] } },
{ "type": "Feature", "properties": { "Layer": "023_MUROS_2", "PaperSpace": null, "SubClasses": null, "Linetype": null, "EntityHandle": "1D1EE57E", "Text": null }, "geometry": { "type": "LineString", "coordinates": [ [ 756.941107169338125, -634.65134486650777, 0.0 ], [ 756.945541674357173, -634.660146906114278, 0.0 ] ] } },
{ "type": "Feature", "properties": { "Layer": "023_MUROS_2", "PaperSpace": null, "SubClasses": null, "Linetype": null, "EntityHandle": "1D1EE57F", "Text": null }, "geometry": { "type": "LineString", "coordinates": [ [ 756.772108008890655, -634.736487362871685, 0.0 ], [ 756.77654251390959, -634.745289402478306, 0.0 ] ] } },
{ "type": "Feature", "properties": { "Layer": "023_MUROS_2", "PaperSpace": null, "SubClasses": null, "Linetype": null, "EntityHandle": "1D1EE582", "Text": null }, "geometry": { "type": "LineString", "coordinates": [ [ 757.357069522738584, -634.898678373722191, 0.0 ], [ 757.36771233478396, -634.919803268777969, 0.0 ] ] } },
{ "type": "Feature", "properties": { "Layer": "023_MUROS_2", "PaperSpace": null, "SubClasses": null, "Linetype": null, "EntityHandle": "1D1EE583", "Text": null }, "geometry": { "type": "LineString", "coordinates": [ [ 757.253285819897656, -634.977451834024464, 0.0 ], [ 757.271910740977319, -635.014420400372387, 0.0 ] ] } },
{ "type": "Feature", "properties": { "Layer": "023_MUROS_2", "PaperSpace": null, "SubClasses": null, "Linetype": null, "EntityHandle": "1D1EE584", "Text": null }, "geometry": { "type": "LineString", "coordinates": [ [ 756.660014956323835, -635.271929755455858, 0.0 ], [ 756.680413679411231, -635.31241913764643, 0.0 ] ] } },
{ "type": "Feature", "properties": { "Layer": "023_MUROS_2", "PaperSpace": null, "SubClasses": null, "Linetype": null, "EntityHandle": "1D1EE585", "Text": null }, "geometry": { "type": "LineString", "coordinates": [ [ 756.651212916717213, -635.276364260474793, 0.0 ], [ 756.681367550846403, -635.336218129800045, 0.0 ] ] } },
{ "type": "Feature", "properties": { "Layer": "023_MUROS_2", "PaperSpace": null, "SubClasses": null, "Linetype": null, "EntityHandle": "1D1EE586", "Text": null }, "geometry": { "type": "LineString", "coordinates": [ [ 758.476378771782379, -637.133536320976873, 0.0 ], [ 758.486134682823831, -637.15290080811144, 0.0 ] ] } },
{ "type": "Feature", "properties": { "Layer": "023_MUROS_2", "PaperSpace": null, "SubClasses": null, "Linetype": null, "EntityHandle": "1D1EE588", "Text": null }, "geometry": { "type": "LineString", "coordinates": [ [ 757.278135333400996, -634.742002068723878, 0.0 ], [ 757.274587729385871, -634.73496043703858, 0.0 ] ] } },
{ "type": "Feature", "properties": { "Layer": "023_MUROS_2", "PaperSpace": null, "SubClasses": null, "Linetype": null, "EntityHandle": "1D1EE589", "Text": null }, "geometry": { "type": "LineString", "coordinates": [ [ 757.199201144063409, -634.585325763725677, 0.0 ], [ 757.17791551997243, -634.543075973613895, 0.0 ] ] } },
{ "type": "Feature", "properties": { "Layer": "023_MUROS_2", "PaperSpace": null, "SubClasses": null, "Linetype": null, "EntityHandle": "1D1EE594", "Text": null }, "geometry": { "type": "LineString", "coordinates": [ [ 757.436003712075944, -635.055354678720164, 0.0 ], [ 757.616044615845567, -635.412717486749671, 0.0 ] ] } },
{ "type": "Feature", "properties": { "Layer": "023_MUROS_2", "PaperSpace": null, "SubClasses": null, "Linetype": null, "EntityHandle": "1D1EE595", "Text": null }, "geometry": { "type": "LineString", "coordinates": [ [ 757.694091904179345, -635.56763338382666, 0.0 ], [ 757.726907241319395, -635.632768476915658, 0.0 ] ] } },
{ "type": "Feature", "properties": { "Layer": "023_MUROS_2", "PaperSpace": null, "SubClasses": null, "Linetype": null, "EntityHandle": "1D1EE596", "Text": null }, "geometry": { "type": "LineString", "coordinates": [ [ 757.776573697531717, -635.73135132050993, 0.0 ], [ 757.832448460770706, -635.842257019553699, 0.0 ] ] } },
{ "type": "Feature", "properties": { "Layer": "023_MUROS_2", "PaperSpace": null, "SubClasses": null, "Linetype": null, "EntityHandle": "1D1EE597", "Text": null }, "geometry": { "type": "LineString", "coordinates": [ [ 757.990316839445654, -636.155609629550099, 0.0 ], [ 758.080780741832768, -636.335171237525515, 0.0 ] ] } },
{ "type": "Feature", "properties": { "Layer": "023_MUROS_2", "PaperSpace": null, "SubClasses": null, "Linetype": null, "EntityHandle": "1D1EE598", "Text": null }, "geometry": { "type": "LineString", "coordinates": [ [ 758.134881703063684, -636.442556120726294, 0.0 ], [ 758.141090010090352, -636.454878976175678, 0.0 ] ] } },
{ "type": "Feature", "properties": { "Layer": "023_MUROS_2", "PaperSpace": null, "SubClasses": null, "Linetype": null, "EntityHandle": "1D1EE599", "Text": null }, "geometry": { "type": "LineString", "coordinates": [ [ 758.203173080355668, -636.578107530668717, 0.0 ], [ 758.261708546605973, -636.694294453476232, 0.0 ] ] } },
{ "type": "Feature", "properties": { "Layer": "023_MUROS_2", "PaperSpace": null, "SubClasses": null, "Linetype": null, "EntityHandle": "1D1EE59A", "Text": null }, "geometry": { "type": "LineString", "coordinates": [ [ 758.420463826284731, -637.009407471393843, 0.0 ], [ 758.427559034315209, -637.02349073476455, 0.0 ] ] } },
{ "type": "Feature", "properties": { "Layer": "023_MUROS_2", "PaperSpace": null, "SubClasses": null, "Linetype": null, "EntityHandle": "1D1EE59B", "Text": null }, "geometry": { "type": "LineString", "coordinates": [ [ 758.313132519428677, -637.081139300010932, 0.0 ], [ 758.362798975640999, -637.179722143605204, 0.0 ] ] } },
{ "type": "Feature", "properties": { "Layer": "023_MUROS_2", "PaperSpace": null, "SubClasses": null, "Linetype": null, "EntityHandle": "1D1EE59C", "Text": null }, "geometry": { "type": "LineString", "coordinates": [ [ 757.621349736471075, -635.708021121375396, 0.0 ], [ 757.662147182645526, -635.788999885756425, 0.0 ] ] } },
{ "type": "Feature", "properties": { "Layer": "023_MUROS_2", "PaperSpace": null, "SubClasses": null, "Linetype": null, "EntityHandle": "1D1EE59D", "Text": null }, "geometry": { "type": "LineString", "coordinates": [ [ 757.540304001659024, -635.726779983317556, 0.0 ], [ 757.549173011696894, -635.744384062530912, 0.0 ] ] } },
{ "type": "Feature", "properties": { "Layer": "023_MUROS_2", "PaperSpace": null, "SubClasses": null, "Linetype": null, "EntityHandle": "1D1EE59E", "Text": null }, "geometry": { "type": "LineString", "coordinates": [ [ 757.276345245996254, -635.023222439979008, 0.0 ], [ 757.32157719718964, -635.113003243966659, 0.0 ] ] } },
{ "type": "Feature", "properties": { "Layer": "023_MUROS_2", "PaperSpace": null, "SubClasses": null, "Linetype": null, "EntityHandle": "1D1EE59F", "Text": null }, "geometry": { "type": "LineString", "coordinates": [ [ 756.684848184430166, -635.321221177252937, 0.0 ], [ 756.690169590453024, -635.331783624780996, 0.0 ] ] } },
{ "type": "Feature", "properties": { "Layer": "023_MUROS_2", "PaperSpace": null, "SubClasses": null, "Linetype": null, "EntityHandle": "1D1EE5A0", "Text": null }, "geometry": { "type": "LineString", "coordinates": [ [ 756.660014956323835, -635.271929755455858, 0.0 ], [ 756.651212916717213, -635.276364260474793, 0.0 ] ] } },
{ "type": "Feature", "properties": { "Layer": "023_MUROS_2", "PaperSpace": null, "SubClasses": null, "Linetype": null, "EntityHandle": "1D1EE5A1", "Text": null }, "geometry": { "type": "LineString", "coordinates": [ [ 756.690169590453024, -635.331783624780996, 0.0 ], [ 756.681367550846403, -635.336218129800045, 0.0 ] ] } },
{ "type": "Feature", "properties": { "Layer": "023_MUROS_2", "PaperSpace": null, "SubClasses": null, "Linetype": null, "EntityHandle": "1D1EE5B1", "Text": null }, "geometry": { "type": "LineString", "coordinates": [ [ 757.584423181224565, -636.900872525617388, 0.0 ], [ 757.602027260437808, -636.892003515579518, 0.0 ] ] } },
{ "type": "Feature", "properties": { "Layer": "023_MUROS_2", "PaperSpace": null, "SubClasses": null, "Linetype": null, "EntityHandle": "1D1EE5B2", "Text": null }, "geometry": { "type": "LineString", "coordinates": [ [ 757.584423181224565, -636.900872525617388, 0.0 ], [ 757.585310082228489, -636.902632933538712, 0.0 ] ] } },
{ "type": "Feature", "properties": { "Layer": "023_MUROS_2", "PaperSpace": null, "SubClasses": null, "Linetype": null, "EntityHandle": "1D1EE5B3", "Text": null }, "geometry": { "type": "LineString", "coordinates": [ [ 757.602027260438149, -636.892003515579631, 0.0 ], [ 757.611783171479601, -636.911368002714084, 0.0 ] ] } },
{ "type": "Feature", "properties": { "Layer": "023_MUROS_2", "PaperSpace": null, "SubClasses": null, "Linetype": null, "EntityHandle": "1D1EE5B4", "Text": null }, "geometry": { "type": "LineString", "coordinates": [ [ 757.585310082228489, -636.902632933538712, 0.0 ], [ 757.493768870319286, -636.948751785735908, 0.0 ] ] } },
{ "type": "Feature", "properties": { "Layer": "023_MUROS_2", "PaperSpace": null, "SubClasses": null, "Linetype": null, "EntityHandle": "1D1EE5B5", "Text": null }, "geometry": { "type": "LineString", "coordinates": [ [ 757.611783171479601, -636.911368002714084, 0.0 ], [ 757.511439919964118, -636.961921359930329, 0.0 ] ] } },
{ "type": "Feature", "properties": { "Layer": "023_MUROS_2", "PaperSpace": null, "SubClasses": null, "Linetype": null, "EntityHandle": "1D1EE5B6", "Text": null }, "geometry": { "type": "LineString", "coordinates": [ [ 757.493768870319286, -636.948751785735908, 0.0 ], [ 758.665365096328287, -639.274250649809801, 0.0 ] ] } },
{ "type": "Feature", "properties": { "Layer": "023_MUROS_2", "PaperSpace": null, "SubClasses": null, "Linetype": null, "EntityHandle": "1D1EE5B7", "Text": null }, "geometry": { "type": "LineString", "coordinates": [ [ 758.75582899871506, -639.453812257785216, 0.0 ], [ 758.805495454927382, -639.552395101379602, 0.0 ] ] } },
{ "type": "Feature", "properties": { "Layer": "023_MUROS_2", "PaperSpace": null, "SubClasses": null, "Linetype": null, "EntityHandle": "1D1EE5B8", "Text": null }, "geometry": { "type": "LineString", "coordinates": [ [ 758.865804723185306, -639.672102840029879, 0.0 ], [ 758.879995139246034, -639.700269366771181, 0.0 ] ] } },
{ "type": "Feature", "properties": { "Layer": "023_MUROS_2", "PaperSpace": null, "SubClasses": null, "Linetype": null, "EntityHandle": "1D1EE5B9", "Text": null }, "geometry": { "type": "LineString", "coordinates": [ [ 757.781017642858046, -637.483862217474552, 0.0 ], [ 757.962832348635175, -637.844745841346707, 0.0 ] ] } },
{ "type": "Feature", "properties": { "Layer": "023_MUROS_2", "PaperSpace": null, "SubClasses": null, "Linetype": null, "EntityHandle": "1D1EE5BB", "Text": null }, "geometry": { "type": "LineString", "coordinates": [ [ 757.511439919964118, -636.961921359930329, 0.0 ], [ 757.771301914075025, -637.477720880879247, 0.0 ] ] } },
{ "type": "Feature", "properties": { "Layer": "023_MUROS_2", "PaperSpace": null, "SubClasses": null, "Linetype": null, "EntityHandle": "1D1EE5C6", "Text": null }, "geometry": { "type": "LineString", "coordinates": [ [ 758.020455188177493, -636.50020468597279, 0.0 ], [ 757.966354226946123, -636.392819802771896, 0.0 ] ] } },
{ "type": "Feature", "properties": { "Layer": "023_MUROS_2", "PaperSpace": null, "SubClasses": null, "Linetype": null, "EntityHandle": "1D1EE5CD", "Text": null }, "geometry": { "type": "LineString", "coordinates": [ [ 758.612961526366121, -637.404639140861264, 0.0 ], [ 758.619169833392789, -637.416961996310533, 0.0 ] ] } },
{ "type": "Feature", "properties": { "Layer": "023_MUROS_2", "PaperSpace": null, "SubClasses": null, "Linetype": null, "EntityHandle": "1D1EE5CE", "Text": null }, "geometry": { "type": "LineString", "coordinates": [ [ 758.619169833392789, -637.416961996310533, 0.0 ], [ 758.511784950191668, -637.471062957541903, 0.0 ] ] } },
{ "type": "Feature", "properties": { "Layer": "023_MUROS_2", "PaperSpace": null, "SubClasses": null, "Linetype": null, "EntityHandle": "1D1EE5CF", "Text": null }, "geometry": { "type": "LineString", "coordinates": [ [ 758.511784950191668, -637.471062957541903, 0.0 ], [ 758.55169549536231, -637.550281314001609, 0.0 ] ] } },
{ "type": "Feature", "properties": { "Layer": "023_MUROS_2", "PaperSpace": null, "SubClasses": null, "Linetype": null, "EntityHandle": "1D1EE5D0", "Text": null }, "geometry": { "type": "LineString", "coordinates": [ [ 759.334791790762551, -638.802349454050386, 0.0 ], [ 759.377363038944736, -638.886849034274292, 0.0 ] ] } },
{ "type": "Feature", "properties": { "Layer": "023_MUROS_2", "PaperSpace": null, "SubClasses": null, "Linetype": null, "EntityHandle": "1D1EE5D1", "Text": null }, "geometry": { "type": "LineString", "coordinates": [ [ 759.49177326843369, -639.113941656125348, 0.0 ], [ 759.711724717374182, -639.550522820614674, 0.0 ] ] } },
{ "type": "Feature", "properties": { "Layer": "023_MUROS_2", "PaperSpace": null, "SubClasses": null, "Linetype": null, "EntityHandle": "1D1EE5D2", "Text": null }, "geometry": { "type": "LineString", "coordinates": [ [ 759.327803735422663, -638.823527925451344, 0.0 ], [ 759.363279775574256, -638.893944242304428, 0.0 ] ] } },
{ "type": "Feature", "properties": { "Layer": "023_MUROS_2", "PaperSpace": null, "SubClasses": null, "Linetype": null, "EntityHandle": "1D1EE5D3", "Text": null }, "geometry": { "type": "LineString", "coordinates": [ [ 759.477690005063209, -639.121036864155712, 0.0 ], [ 759.496314926143214, -639.158005430503636, 0.0 ] ] } },
{ "type": "Feature", "properties": { "Layer": "023_MUROS_2", "PaperSpace": null, "SubClasses": null, "Linetype": null, "EntityHandle": "1D1EE5D4", "Text": null }, "geometry": { "type": "LineString", "coordinates": [ [ 759.500749431161807, -639.166807470110143, 0.0 ], [ 759.582344323510597, -639.32876499887243, 0.0 ] ] } },
{ "type": "Feature", "properties": { "Layer": "023_MUROS_2", "PaperSpace": null, "SubClasses": null, "Linetype": null, "EntityHandle": "1D1EE5D5", "Text": null }, "geometry": { "type": "LineString", "coordinates": [ [ 759.589439531541188, -639.342848262243137, 0.0 ], [ 759.697641454003701, -639.557618028645152, 0.0 ] ] } },
{ "type": "Feature", "properties": { "Layer": "023_MUROS_2", "PaperSpace": null, "SubClasses": null, "Linetype": null, "EntityHandle": "1D1EE5D6", "Text": null }, "geometry": { "type": "LineString", "coordinates": [ [ 758.546494636115995, -637.579388318091787, 0.0 ], [ 759.066218624338035, -638.610987359989736, 0.0 ] ] } },
{ "type": "Feature", "properties": { "Layer": "023_MUROS_2", "PaperSpace": null, "SubClasses": null, "Linetype": null, "EntityHandle": "1D1EE5D7", "Text": null }, "geometry": { "type": "LineString", "coordinates": [ [ 757.987478059533714, -637.832329227293599, 0.0 ], [ 758.013964542871463, -637.84547201331543, 0.0 ] ] } },
{ "type": "Feature", "properties": { "Layer": "023_MUROS_2", "PaperSpace": null, "SubClasses": null, "Linetype": null, "EntityHandle": "1D1EE5D8", "Text": null }, "geometry": { "type": "LineString", "coordinates": [ [ 758.013964542871463, -637.84547201331543, 0.0 ], [ 758.665836780658537, -639.139371835491374, 0.0 ] ] } },
{ "type": "Feature", "properties": { "Layer": "023_MUROS_2", "PaperSpace": null, "SubClasses": null, "Linetype": null, "EntityHandle": "1D1EE5D9", "Text": null }, "geometry": { "type": "LineString", "coordinates": [ [ 758.55169549536231, -637.550281314001609, 0.0 ], [ 758.546494636115995, -637.579388318091787, 0.0 ] ] } },
{ "type": "Feature", "properties": { "Layer": "023_MUROS_2", "PaperSpace": null, "SubClasses": null, "Linetype": null, "EntityHandle": "1D1EE5DF", "Text": null }, "geometry": { "type": "LineString", "coordinates": [ [ 758.819578718298203, -639.545299893349238, 0.0 ], [ 758.805495454927382, -639.552395101379602, 0.0 ] ] } },
{ "type": "Feature", "properties": { "Layer": "023_MUROS_2", "PaperSpace": null, "SubClasses": null, "Linetype": null, "EntityHandle": "1D1EE5E0", "Text": null }, "geometry": { "type": "LineString", "coordinates": [ [ 758.769912262085882, -639.446717049754966, 0.0 ], [ 758.75582899871506, -639.453812257785216, 0.0 ] ] } },
{ "type": "Feature", "properties": { "Layer": "023_MUROS_2", "PaperSpace": null, "SubClasses": null, "Linetype": null, "EntityHandle": "1D1EE5E1", "Text": null }, "geometry": { "type": "LineString", "coordinates": [ [ 758.679448359699109, -639.267155441779551, 0.0 ], [ 758.665365096328287, -639.274250649809801, 0.0 ] ] } },
{ "type": "Feature", "properties": { "Layer": "023_MUROS_2", "PaperSpace": null, "SubClasses": null, "Linetype": null, "EntityHandle": "1D1EE5E2", "Text": null }, "geometry": { "type": "LineString", "coordinates": [ [ 758.879887986556128, -639.665007631999629, 0.0 ], [ 758.865804723185306, -639.672102840029879, 0.0 ] ] } },
{ "type": "Feature", "properties": { "Layer": "023_MUROS_2", "PaperSpace": null, "SubClasses": null, "Linetype": null, "EntityHandle": "1D1EE5E3", "Text": null }, "geometry": { "type": "LineString", "coordinates": [ [ 759.589439531541188, -639.342848262243137, 0.0 ], [ 758.879995139246034, -639.700269366771181, 0.0 ] ] } },
{ "type": "Feature", "properties": { "Layer": "023_MUROS_2", "PaperSpace": null, "SubClasses": null, "Linetype": null, "EntityHandle": "1D1EE5E7", "Text": null }, "geometry": { "type": "LineString", "coordinates": [ [ 759.582344323510597, -639.32876499887243, 0.0 ], [ 759.37461618879388, -639.433419317319817, 0.0 ] ] } },
{ "type": "Feature", "properties": { "Layer": "023_MUROS_2", "PaperSpace": null, "SubClasses": null, "Linetype": null, "EntityHandle": "1D1EE5E8", "Text": null }, "geometry": { "type": "LineString", "coordinates": [ [ 759.357012109580864, -639.442288327357801, 0.0 ], [ 758.886983194586378, -639.679090895370223, 0.0 ] ] } },
{ "type": "Feature", "properties": { "Layer": "023_MUROS_2", "PaperSpace": null, "SubClasses": null, "Linetype": null, "EntityHandle": "1D1EE5ED", "Text": null }, "geometry": { "type": "LineString", "coordinates": [ [ 758.632442606497989, -639.173853821949137, 0.0 ], [ 758.679448359699109, -639.267155441779551, 0.0 ] ] } },
{ "type": "Feature", "properties": { "Layer": "023_MUROS_2", "PaperSpace": null, "SubClasses": null, "Linetype": null, "EntityHandle": "1D1EE5EE", "Text": null }, "geometry": { "type": "LineString", "coordinates": [ [ 758.769912262085541, -639.446717049754852, 0.0 ], [ 758.819578718298203, -639.545299893349238, 0.0 ] ] } },
{ "type": "Feature", "properties": { "Layer": "023_MUROS_2", "PaperSpace": null, "SubClasses": null, "Linetype": null, "EntityHandle": "1D1EE5EF", "Text": null }, "geometry": { "type": "LineString", "coordinates": [ [ 758.879887986556128, -639.665007631999629, 0.0 ], [ 758.886983194586378, -639.679090895370223, 0.0 ] ] } },
{ "type": "Feature", "properties": { "Layer": "023_MUROS_2", "PaperSpace": null, "SubClasses": null, "Linetype": null, "EntityHandle": "1D1EE5F8", "Text": null }, "geometry": { "type": "LineString", "coordinates": [ [ 757.356293432109965, -637.254186365818555, 0.0 ], [ 757.504405899743119, -637.548174488680274, 0.0 ] ] } },
{ "type": "Feature", "properties": { "Layer": "023_MUROS_2", "PaperSpace": null, "SubClasses": null, "Linetype": null, "EntityHandle": "1D1EE5F9", "Text": null }, "geometry": { "type": "LineString", "coordinates": [ [ 757.347558362934592, -637.280659455069781, 0.0 ], [ 757.476159008484274, -637.535918603662253, 0.0 ] ] } },
{ "type": "Feature", "properties": { "Layer": "023_MUROS_2", "PaperSpace": null, "SubClasses": null, "Linetype": null, "EntityHandle": "1D1EE5FA", "Text": null }, "geometry": { "type": "LineString", "coordinates": [ [ 757.504405899743119, -637.548174488680274, 0.0 ], [ 757.421666727440879, -637.589858835858536, 0.0 ] ] } },
{ "type": "Feature", "properties": { "Layer": "023_MUROS_2", "PaperSpace": null, "SubClasses": null, "Linetype": null, "EntityHandle": "1D1EE5FB", "Text": null }, "geometry": { "type": "LineString", "coordinates": [ [ 757.397021016542453, -637.602275449911645, 0.0 ], [ 757.217459408566924, -637.692739352298304, 0.0 ] ] } },
{ "type": "Feature", "properties": { "Layer": "023_MUROS_2", "PaperSpace": null, "SubClasses": null, "Linetype": null, "EntityHandle": "1D1EE5FC", "Text": null }, "geometry": { "type": "LineString", "coordinates": [ [ 757.421666727440879, -637.589858835858536, 0.0 ], [ 757.667338305491057, -638.077491830066265, 0.0 ] ] } },
{ "type": "Feature", "properties": { "Layer": "023_MUROS_2", "PaperSpace": null, "SubClasses": null, "Linetype": null, "EntityHandle": "1D1EE5FD", "Text": null }, "geometry": { "type": "LineString", "coordinates": [ [ 757.693945335605122, -638.130304067706106, 0.0 ], [ 757.916557487556929, -638.572166455959405, 0.0 ] ] } },
{ "type": "Feature", "properties": { "Layer": "023_MUROS_2", "PaperSpace": null, "SubClasses": null, "Linetype": null, "EntityHandle": "1D1EE5FE", "Text": null }, "geometry": { "type": "LineString", "coordinates": [ [ 757.943164517670311, -638.624978693599132, 0.0 ], [ 758.142717243523521, -639.021070475897773, 0.0 ] ] } },
{ "type": "Feature", "properties": { "Layer": "023_MUROS_2", "PaperSpace": null, "SubClasses": null, "Linetype": null, "EntityHandle": "1D1EE5FF", "Text": null }, "geometry": { "type": "LineString", "coordinates": [ [ 758.266883384054495, -639.267527584883851, 0.0 ], [ 758.420317257710508, -639.572078155273516, 0.0 ] ] } },
{ "type": "Feature", "properties": { "Layer": "023_MUROS_2", "PaperSpace": null, "SubClasses": null, "Linetype": null, "EntityHandle": "1D1EE600", "Text": null }, "geometry": { "type": "LineString", "coordinates": [ [ 758.446924287824231, -639.624890392913244, 0.0 ], [ 758.766208649189139, -640.258637244591227, 0.0 ] ] } },
{ "type": "Feature", "properties": { "Layer": "023_MUROS_2", "PaperSpace": null, "SubClasses": null, "Linetype": null, "EntityHandle": "1D1EE601", "Text": null }, "geometry": { "type": "LineString", "coordinates": [ [ 757.397021016542453, -637.602275449911645, 0.0 ], [ 757.642692594592518, -638.089908444119374, 0.0 ] ] } },
{ "type": "Feature", "properties": { "Layer": "023_MUROS_2", "PaperSpace": null, "SubClasses": null, "Linetype": null, "EntityHandle": "1D1EE602", "Text": null }, "geometry": { "type": "LineString", "coordinates": [ [ 757.669299624706241, -638.142720681759215, 0.0 ], [ 757.891911776658048, -638.5845830700124, 0.0 ] ] } },
{ "type": "Feature", "properties": { "Layer": "023_MUROS_2", "PaperSpace": null, "SubClasses": null, "Linetype": null, "EntityHandle": "1D1EE603", "Text": null }, "geometry": { "type": "LineString", "coordinates": [ [ 757.918518806771772, -638.637395307652127, 0.0 ], [ 758.118071532624981, -639.033487089950995, 0.0 ] ] } },
{ "type": "Feature", "properties": { "Layer": "023_MUROS_2", "PaperSpace": null, "SubClasses": null, "Linetype": null, "EntityHandle": "1D1EE604", "Text": null }, "geometry": { "type": "LineString", "coordinates": [ [ 756.989780739892694, -637.867322172034619, 0.0 ], [ 757.810937732430489, -639.497234944865681, 0.0 ] ] } },
{ "type": "Feature", "properties": { "Layer": "023_MUROS_2", "PaperSpace": null, "SubClasses": null, "Linetype": null, "EntityHandle": "1D1EE605", "Text": null }, "geometry": { "type": "LineString", "coordinates": [ [ 757.007384819105937, -637.858453161996636, 0.0 ], [ 757.828541811643731, -639.488365934827812, 0.0 ] ] } },
{ "type": "Feature", "properties": { "Layer": "023_MUROS_2", "PaperSpace": null, "SubClasses": null, "Linetype": null, "EntityHandle": "1D1EE606", "Text": null }, "geometry": { "type": "LineString", "coordinates": [ [ 758.242237673155955, -639.27994419893696, 0.0 ], [ 758.395671546811627, -639.584494769326511, 0.0 ] ] } },
{ "type": "Feature", "properties": { "Layer": "023_MUROS_2", "PaperSpace": null, "SubClasses": null, "Linetype": null, "EntityHandle": "1D1EE607", "Text": null }, "geometry": { "type": "LineString", "coordinates": [ [ 758.422278576925692, -639.637307006966353, 0.0 ], [ 758.55087922247526, -639.892566155558939, 0.0 ] ] } },
{ "type": "Feature", "properties": { "Layer": "023_MUROS_2", "PaperSpace": null, "SubClasses": null, "Linetype": null, "EntityHandle": "1D1EE608", "Text": null }, "geometry": { "type": "LineString", "coordinates": [ [ 758.559748232513243, -639.910170234772181, 0.0 ], [ 758.817836424616644, -640.422448939878564, 0.0 ] ] } },
{ "type": "Feature", "properties": { "Layer": "023_MUROS_2", "PaperSpace": null, "SubClasses": null, "Linetype": null, "EntityHandle": "1D1EE609", "Text": null }, "geometry": { "type": "LineString", "coordinates": [ [ 758.766208649189139, -640.258637244591227, 0.0 ], [ 758.770609668992392, -640.256419992081874, 0.0 ] ] } },
{ "type": "Feature", "properties": { "Layer": "023_MUROS_2", "PaperSpace": null, "SubClasses": null, "Linetype": null, "EntityHandle": "1D1EE60A", "Text": null }, "geometry": { "type": "LineString", "coordinates": [ [ 758.775077659227009, -640.27624132380447, 0.0 ], [ 758.779478679030376, -640.274024071295003, 0.0 ] ] } },
{ "type": "Feature", "properties": { "Layer": "023_MUROS_2", "PaperSpace": null, "SubClasses": null, "Linetype": null, "EntityHandle": "1D1EE60B", "Text": null }, "geometry": { "type": "LineString", "coordinates": [ [ 758.422278576925692, -639.637307006966353, 0.0 ], [ 758.446924287824231, -639.624890392913244, 0.0 ] ] } },
{ "type": "Feature", "properties": { "Layer": "023_MUROS_2", "PaperSpace": null, "SubClasses": null, "Linetype": null, "EntityHandle": "1D1EE60C", "Text": null }, "geometry": { "type": "LineString", "coordinates": [ [ 758.395671546811627, -639.584494769326511, 0.0 ], [ 758.420317257710508, -639.572078155273516, 0.0 ] ] } },
{ "type": "Feature", "properties": { "Layer": "023_MUROS_2", "PaperSpace": null, "SubClasses": null, "Linetype": null, "EntityHandle": "1D1EE60D", "Text": null }, "geometry": { "type": "LineString", "coordinates": [ [ 758.242237673155955, -639.27994419893696, 0.0 ], [ 758.266883384054495, -639.267527584883851, 0.0 ] ] } },
{ "type": "Feature", "properties": { "Layer": "023_MUROS_2", "PaperSpace": null, "SubClasses": null, "Linetype": null, "EntityHandle": "1D1EE60E", "Text": null }, "geometry": { "type": "LineString", "coordinates": [ [ 758.118071532624981, -639.033487089950995, 0.0 ], [ 758.14271724352318, -639.021070475897773, 0.0 ] ] } },
{ "type": "Feature", "properties": { "Layer": "023_MUROS_2", "PaperSpace": null, "SubClasses": null, "Linetype": null, "EntityHandle": "1D1EE60F", "Text": null }, "geometry": { "type": "LineString", "coordinates": [ [ 757.918518806771772, -638.637395307652127, 0.0 ], [ 757.943164517670311, -638.624978693599132, 0.0 ] ] } },
{ "type": "Feature", "properties": { "Layer": "023_MUROS_2", "PaperSpace": null, "SubClasses": null, "Linetype": null, "EntityHandle": "1D1EE610", "Text": null }, "geometry": { "type": "LineString", "coordinates": [ [ 757.891911776658048, -638.5845830700124, 0.0 ], [ 757.916557487556929, -638.572166455959405, 0.0 ] ] } },
{ "type": "Feature", "properties": { "Layer": "023_MUROS_2", "PaperSpace": null, "SubClasses": null, "Linetype": null, "EntityHandle": "1D1EE611", "Text": null }, "geometry": { "type": "LineString", "coordinates": [ [ 757.669299624706241, -638.142720681759215, 0.0 ], [ 757.693945335605122, -638.130304067706106, 0.0 ] ] } },
{ "type": "Feature", "properties": { "Layer": "023_MUROS_2", "PaperSpace": null, "SubClasses": null, "Linetype": null, "EntityHandle": "1D1EE612", "Text": null }, "geometry": { "type": "LineString", "coordinates": [ [ 757.642692594592518, -638.089908444119374, 0.0 ], [ 757.667338305491057, -638.077491830066265, 0.0 ] ] } },
{ "type": "Feature", "properties": { "Layer": "023_MUROS_2", "PaperSpace": null, "SubClasses": null, "Linetype": null, "EntityHandle": "1D1EE61B", "Text": null }, "geometry": { "type": "LineString", "coordinates": [ [ 757.356293432109965, -637.254186365818555, 0.0 ], [ 757.329887313290101, -637.267489880875473, 0.0 ] ] } },
{ "type": "Feature", "properties": { "Layer": "023_MUROS_2", "PaperSpace": null, "SubClasses": null, "Linetype": null, "EntityHandle": "1D1EE61C", "Text": null }, "geometry": { "type": "LineString", "coordinates": [ [ 757.224262838010418, -637.32070394110292, 0.0 ], [ 757.086951020146671, -637.389882219398601, 0.0 ] ] } },
{ "type": "Feature", "properties": { "Layer": "023_MUROS_2", "PaperSpace": null, "SubClasses": null, "Linetype": null, "EntityHandle": "1D1EE61D", "Text": null }, "geometry": { "type": "LineString", "coordinates": [ [ 757.347558362934592, -637.280659455069781, 0.0 ], [ 757.338756323327971, -637.285093960088716, 0.0 ] ] } },
{ "type": "Feature", "properties": { "Layer": "023_MUROS_2", "PaperSpace": null, "SubClasses": null, "Linetype": null, "EntityHandle": "1D1EE61E", "Text": null }, "geometry": { "type": "LineString", "coordinates": [ [ 757.233131848048288, -637.338308020316163, 0.0 ], [ 757.095820030184655, -637.407486298611957, 0.0 ] ] } },
{ "type": "Feature", "properties": { "Layer": "023_MUROS_2", "PaperSpace": null, "SubClasses": null, "Linetype": null, "EntityHandle": "1D1EE61F", "Text": null }, "geometry": { "type": "LineString", "coordinates": [ [ 757.476159008484274, -637.535918603662253, 0.0 ], [ 757.224420675734223, -637.662745447204429, 0.0 ] ] } },
{ "type": "Feature", "properties": { "Layer": "023_MUROS_2", "PaperSpace": null, "SubClasses": null, "Linetype": null, "EntityHandle": "1D1EE620", "Text": null }, "geometry": { "type": "LineString", "coordinates": [ [ 757.269377133738317, -637.081666389528436, 0.0 ], [ 757.113282557071102, -636.771834595374798, 0.0 ] ] } },
{ "type": "Feature", "properties": { "Layer": "023_MUROS_2", "PaperSpace": null, "SubClasses": null, "Linetype": null, "EntityHandle": "1D1EE621", "Text": null }, "geometry": { "type": "LineString", "coordinates": [ [ 757.051199486805785, -636.648606040881873, 0.0 ], [ 756.941223762335198, -636.430315458637097, 0.0 ] ] } },
{ "type": "Feature", "properties": { "Layer": "023_MUROS_2", "PaperSpace": null, "SubClasses": null, "Linetype": null, "EntityHandle": "1D1EE622", "Text": null }, "geometry": { "type": "LineString", "coordinates": [ [ 757.105434388899539, -636.800068092547349, 0.0 ], [ 757.095678477857859, -636.780703605412668, 0.0 ] ] } },
{ "type": "Feature", "properties": { "Layer": "023_MUROS_2", "PaperSpace": null, "SubClasses": null, "Linetype": null, "EntityHandle": "1D1EE623", "Text": null }, "geometry": { "type": "LineString", "coordinates": [ [ 757.033595407592429, -636.657475050919857, 0.0 ], [ 756.926623040748723, -636.445145826858038, 0.0 ] ] } },
{ "type": "Feature", "properties": { "Layer": "023_MUROS_2", "PaperSpace": null, "SubClasses": null, "Linetype": null, "EntityHandle": "1D1EE624", "Text": null }, "geometry": { "type": "LineString", "coordinates": [ [ 757.242904044487204, -637.07293132035295, 0.0 ], [ 757.114303398937523, -636.817672171760591, 0.0 ] ] } },
{ "type": "Feature", "properties": { "Layer": "023_MUROS_2", "PaperSpace": null, "SubClasses": null, "Linetype": null, "EntityHandle": "1D1EE625", "Text": null }, "geometry": { "type": "LineString", "coordinates": [ [ 757.224262838010418, -637.32070394110292, 0.0 ], [ 757.233131848048288, -637.338308020316163, 0.0 ] ] } },
{ "type": "Feature", "properties": { "Layer": "023_MUROS_2", "PaperSpace": null, "SubClasses": null, "Linetype": null, "EntityHandle": "1D1EE626", "Text": null }, "geometry": { "type": "LineString", "coordinates": [ [ 757.329887313290101, -637.26748988087536, 0.0 ], [ 757.338756323327971, -637.285093960088716, 0.0 ] ] } },
{ "type": "Feature", "properties": { "Layer": "023_MUROS_2", "PaperSpace": null, "SubClasses": null, "Linetype": null, "EntityHandle": "1D1EE62C", "Text": null }, "geometry": { "type": "LineString", "coordinates": [ [ 757.269377133738317, -637.081666389528436, 0.0 ], [ 757.242971014918453, -637.094969904585241, 0.0 ] ] } },
{ "type": "Feature", "properties": { "Layer": "023_MUROS_2", "PaperSpace": null, "SubClasses": null, "Linetype": null, "EntityHandle": "1D1EE62D", "Text": null }, "geometry": { "type": "LineString", "coordinates": [ [ 757.13734653963877, -637.148183964812688, 0.0 ], [ 757.000034721775364, -637.217362243108596, 0.0 ] ] } },
{ "type": "Feature", "properties": { "Layer": "023_MUROS_2", "PaperSpace": null, "SubClasses": null, "Linetype": null, "EntityHandle": "1D1EE62E", "Text": null }, "geometry": { "type": "LineString", "coordinates": [ [ 757.242904044487204, -637.07293132035295, 0.0 ], [ 757.23410200488081, -637.077365825371999, 0.0 ] ] } },
{ "type": "Feature", "properties": { "Layer": "023_MUROS_2", "PaperSpace": null, "SubClasses": null, "Linetype": null, "EntityHandle": "1D1EE62F", "Text": null }, "geometry": { "type": "LineString", "coordinates": [ [ 757.1284775296009, -637.130579885599445, 0.0 ], [ 756.991165711737153, -637.19975816389524, 0.0 ] ] } },
{ "type": "Feature", "properties": { "Layer": "023_MUROS_2", "PaperSpace": null, "SubClasses": null, "Linetype": null, "EntityHandle": "1D1EE630", "Text": null }, "geometry": { "type": "LineString", "coordinates": [ [ 757.114303398937523, -636.817672171760591, 0.0 ], [ 756.862565066187472, -636.944499015302881, 0.0 ] ] } },
{ "type": "Feature", "properties": { "Layer": "023_MUROS_2", "PaperSpace": null, "SubClasses": null, "Linetype": null, "EntityHandle": "1D1EE631", "Text": null }, "geometry": { "type": "LineString", "coordinates": [ [ 757.105434388899539, -636.800068092547349, 0.0 ], [ 756.853696056149602, -636.926894936089639, 0.0 ] ] } },
{ "type": "Feature", "properties": { "Layer": "023_MUROS_2", "PaperSpace": null, "SubClasses": null, "Linetype": null, "EntityHandle": "1D1EE632", "Text": null }, "geometry": { "type": "LineString", "coordinates": [ [ 757.13734653963877, -637.148183964812802, 0.0 ], [ 757.1284775296009, -637.130579885599445, 0.0 ] ] } },
{ "type": "Feature", "properties": { "Layer": "023_MUROS_2", "PaperSpace": null, "SubClasses": null, "Linetype": null, "EntityHandle": "1D1EE633", "Text": null }, "geometry": { "type": "LineString", "coordinates": [ [ 757.242971014918453, -637.094969904585241, 0.0 ], [ 757.23410200488081, -637.077365825371999, 0.0 ] ] } },
{ "type": "Feature", "properties": { "Layer": "023_MUROS_2", "PaperSpace": null, "SubClasses": null, "Linetype": null, "EntityHandle": "1D1EE639", "Text": null }, "geometry": { "type": "LineString", "coordinates": [ [ 756.560583224988136, -636.345095899203329, 0.0 ], [ 756.660926476503846, -636.294542541987312, 0.0 ] ] } },
{ "type": "Feature", "properties": { "Layer": "023_MUROS_2", "PaperSpace": null, "SubClasses": null, "Linetype": null, "EntityHandle": "1D1EE63A", "Text": null }, "geometry": { "type": "LineString", "coordinates": [ [ 756.569452235026006, -636.362699978416686, 0.0 ], [ 756.661098029336358, -636.316528437160628, 0.0 ] ] } },
{ "type": "Feature", "properties": { "Layer": "023_MUROS_2", "PaperSpace": null, "SubClasses": null, "Linetype": null, "EntityHandle": "1D1EE63B", "Text": null }, "geometry": { "type": "LineString", "coordinates": [ [ 756.660926476503846, -636.294542541987312, 0.0 ], [ 756.682214877959154, -636.304854409074551, 0.0 ] ] } },
{ "type": "Feature", "properties": { "Layer": "023_MUROS_2", "PaperSpace": null, "SubClasses": null, "Linetype": null, "EntityHandle": "1D1EE63C", "Text": null }, "geometry": { "type": "LineString", "coordinates": [ [ 756.918161327425196, -636.419144269292588, 0.0 ], [ 756.941223762335198, -636.430315458637097, 0.0 ] ] } },
{ "type": "Feature", "properties": { "Layer": "023_MUROS_2", "PaperSpace": null, "SubClasses": null, "Linetype": null, "EntityHandle": "1D1EE63D", "Text": null }, "geometry": { "type": "LineString", "coordinates": [ [ 756.661098029336358, -636.316528437160628, 0.0 ], [ 756.673621655386455, -636.322594743620925, 0.0 ] ] } },
{ "type": "Feature", "properties": { "Layer": "023_MUROS_2", "PaperSpace": null, "SubClasses": null, "Linetype": null, "EntityHandle": "1D1EE63E", "Text": null }, "geometry": { "type": "LineString", "coordinates": [ [ 756.909568104852838, -636.436884603838962, 0.0 ], [ 756.926623040748723, -636.445145826858038, 0.0 ] ] } },
{ "type": "Feature", "properties": { "Layer": "023_MUROS_2", "PaperSpace": null, "SubClasses": null, "Linetype": null, "EntityHandle": "1D1EE643", "Text": null }, "geometry": { "type": "LineString", "coordinates": [ [ 756.569452235026006, -636.362699978416686, 0.0 ], [ 756.853696056149602, -636.926894936089639, 0.0 ] ] } },
{ "type": "Feature", "properties": { "Layer": "023_MUROS_2", "PaperSpace": null, "SubClasses": null, "Linetype": null, "EntityHandle": "1D1EE644", "Text": null }, "geometry": { "type": "LineString", "coordinates": [ [ 756.862565066187472, -636.944499015302767, 0.0 ], [ 756.920213631433853, -637.058925530189185, 0.0 ] ] } },
{ "type": "Feature", "properties": { "Layer": "023_MUROS_2", "PaperSpace": null, "SubClasses": null, "Linetype": null, "EntityHandle": "1D1EE645", "Text": null }, "geometry": { "type": "LineString", "coordinates": [ [ 756.960124176604495, -637.138143886648891, 0.0 ], [ 756.991165711737153, -637.19975816389524, 0.0 ] ] } },
{ "type": "Feature", "properties": { "Layer": "023_MUROS_2", "PaperSpace": null, "SubClasses": null, "Linetype": null, "EntityHandle": "1D1EE646", "Text": null }, "geometry": { "type": "LineString", "coordinates": [ [ 757.095820030184541, -637.407486298612071, 0.0 ], [ 757.10025453520359, -637.416288338218578, 0.0 ] ] } },
{ "type": "Feature", "properties": { "Layer": "023_MUROS_2", "PaperSpace": null, "SubClasses": null, "Linetype": null, "EntityHandle": "1D1EE647", "Text": null }, "geometry": { "type": "LineString", "coordinates": [ [ 757.140165080374118, -637.495506694678397, 0.0 ], [ 757.224420675734223, -637.662745447204429, 0.0 ] ] } },
{ "type": "Feature", "properties": { "Layer": "023_MUROS_2", "PaperSpace": null, "SubClasses": null, "Linetype": null, "EntityHandle": "1D1EE648", "Text": null }, "geometry": { "type": "LineString", "coordinates": [ [ 756.918161327425196, -636.419144269292588, 0.0 ], [ 756.909568104852497, -636.436884603838962, 0.0 ] ] } },
{ "type": "Feature", "properties": { "Layer": "023_MUROS_2", "PaperSpace": null, "SubClasses": null, "Linetype": null, "EntityHandle": "1D1EE649", "Text": null }, "geometry": { "type": "LineString", "coordinates": [ [ 756.682214877959041, -636.304854409074892, 0.0 ], [ 756.673621655386341, -636.322594743621266, 0.0 ] ] } },
{ "type": "Feature", "properties": { "Layer": "023_MUROS_2", "PaperSpace": null, "SubClasses": null, "Linetype": null, "EntityHandle": "1D1EE64D", "Text": null }, "geometry": { "type": "LineString", "coordinates": [ [ 757.051199486805785, -636.648606040881873, 0.0 ], [ 757.033595407592429, -636.657475050919857, 0.0 ] ] } },
{ "type": "Feature", "properties": { "Layer": "023_MUROS_2", "PaperSpace": null, "SubClasses": null, "Linetype": null, "EntityHandle": "1D1EE64E", "Text": null }, "geometry": { "type": "LineString", "coordinates": [ [ 757.113282557071102, -636.771834595374798, 0.0 ], [ 757.095678477857859, -636.780703605412668, 0.0 ] ] } },
{ "type": "Feature", "properties": { "Layer": "023_MUROS_2", "PaperSpace": null, "SubClasses": null, "Linetype": null, "EntityHandle": "1D1EE654", "Text": null }, "geometry": { "type": "LineString", "coordinates": [ [ 755.114029913717786, -630.424568156452324, 0.0 ], [ 755.105227874111165, -630.429002661471259, 0.0 ] ] } },
{ "type": "Feature", "properties": { "Layer": "023_MUROS_2", "PaperSpace": null, "SubClasses": null, "Linetype": null, "EntityHandle": "1D1EE655", "Text": null }, "geometry": { "type": "LineString", "coordinates": [ [ 754.405839845377272, -630.324460215867362, 0.0 ], [ 754.373911409240804, -630.261085530699575, 0.0 ] ] } },
{ "type": "Feature", "properties": { "Layer": "023_MUROS_2", "PaperSpace": null, "SubClasses": null, "Linetype": null, "EntityHandle": "1D1EE656", "Text": null }, "geometry": { "type": "LineString", "coordinates": [ [ 754.405839845377272, -630.324460215867362, 0.0 ], [ 753.955175417517466, -630.55150687283799, 0.0 ] ] } },
{ "type": "Feature", "properties": { "Layer": "023_MUROS_2", "PaperSpace": null, "SubClasses": null, "Linetype": null, "EntityHandle": "1D1EE65E", "Text": null }, "geometry": { "type": "LineString", "coordinates": [ [ 756.844440742546567, -633.881162595194382, 0.0 ], [ 756.816059910425111, -633.824829541712006, 0.0 ] ] } },
{ "type": "Feature", "properties": { "Layer": "023_MUROS_2", "PaperSpace": null, "SubClasses": null, "Linetype": null, "EntityHandle": "1D1EE65F", "Text": null }, "geometry": { "type": "LineString", "coordinates": [ [ 756.816059910425111, -633.824829541712006, 0.0 ], [ 755.939552806396478, -634.266417551500126, 0.0 ] ] } },
{ "type": "Feature", "properties": { "Layer": "023_MUROS_2", "PaperSpace": null, "SubClasses": null, "Linetype": null, "EntityHandle": "1D1EE660", "Text": null }, "geometry": { "type": "LineString", "coordinates": [ [ 755.939552806396478, -634.266417551500126, 0.0 ], [ 755.950195618441739, -634.287542446555904, 0.0 ] ] } },
{ "type": "Feature", "properties": { "Layer": "023_MUROS_2", "PaperSpace": null, "SubClasses": null, "Linetype": null, "EntityHandle": "1D1EE661", "Text": null }, "geometry": { "type": "LineString", "coordinates": [ [ 755.950195618441739, -634.287542446555904, 0.0 ], [ 755.935936314279388, -634.294726344686751, 0.0 ] ] } },
{ "type": "Feature", "properties": { "Layer": "023_MUROS_2", "PaperSpace": null, "SubClasses": null, "Linetype": null, "EntityHandle": "1D1EE662", "Text": null }, "geometry": { "type": "LineString", "coordinates": [ [ 755.935936314279388, -634.294726344686751, 0.0 ], [ 755.920858997214737, -634.264799410024125, 0.0 ] ] } },
{ "type": "Feature", "properties": { "Layer": "023_MUROS_2", "PaperSpace": null, "SubClasses": null, "Linetype": null, "EntityHandle": "1D1EE663", "Text": null }, "geometry": { "type": "LineString", "coordinates": [ [ 755.920858997214737, -634.264799410024125, 0.0 ], [ 755.831078193226972, -634.310031361217511, 0.0 ] ] } },
{ "type": "Feature", "properties": { "Layer": "023_MUROS_2", "PaperSpace": null, "SubClasses": null, "Linetype": null, "EntityHandle": "1D1EE664", "Text": null }, "geometry": { "type": "LineString", "coordinates": [ [ 755.831078193226972, -634.310031361217511, 0.0 ], [ 755.725536973776002, -634.100542818579584, 0.0 ] ] } },
{ "type": "Feature", "properties": { "Layer": "023_MUROS_2", "PaperSpace": null, "SubClasses": null, "Linetype": null, "EntityHandle": "1D1EE665", "Text": null }, "geometry": { "type": "LineString", "coordinates": [ [ 755.725536973776002, -634.100542818579584, 0.0 ], [ 755.734339013382623, -634.096108313560535, 0.0 ] ] } },
{ "type": "Feature", "properties": { "Layer": "023_MUROS_2", "PaperSpace": null, "SubClasses": null, "Linetype": null, "EntityHandle": "1D1EE666", "Text": null }, "geometry": { "type": "LineString", "coordinates": [ [ 755.734339013382623, -634.096108313560535, 0.0 ], [ 755.835445727814772, -634.296794816591728, 0.0 ] ] } },
{ "type": "Feature", "properties": { "Layer": "023_MUROS_2", "PaperSpace": null, "SubClasses": null, "Linetype": null, "EntityHandle": "1D1EE667", "Text": null }, "geometry": { "type": "LineString", "coordinates": [ [ 755.835445727814772, -634.296794816591728, 0.0 ], [ 756.807190900387468, -633.807225462498877, 0.0 ] ] } },
{ "type": "Feature", "properties": { "Layer": "023_MUROS_2", "PaperSpace": null, "SubClasses": null, "Linetype": null, "EntityHandle": "1D1EE668", "Text": null }, "geometry": { "type": "LineString", "coordinates": [ [ 755.837662980324126, -634.301195836395209, 0.0 ], [ 756.809408152896935, -633.811626482302131, 0.0 ] ] } },
{ "type": "Feature", "properties": { "Layer": "023_MUROS_2", "PaperSpace": null, "SubClasses": null, "Linetype": null, "EntityHandle": "1D1EE669", "Text": null }, "geometry": { "type": "LineString", "coordinates": [ [ 756.807190900387468, -633.807225462498877, 0.0 ], [ 756.725596008038679, -633.645267933736704, 0.0 ] ] } },
{ "type": "Feature", "properties": { "Layer": "023_MUROS_2", "PaperSpace": null, "SubClasses": null, "Linetype": null, "EntityHandle": "1D1EE66A", "Text": null }, "geometry": { "type": "LineString", "coordinates": [ [ 756.725596008038679, -633.645267933736704, 0.0 ], [ 756.611169493152374, -633.702916498983086, 0.0 ] ] } },
{ "type": "Feature", "properties": { "Layer": "023_MUROS_2", "PaperSpace": null, "SubClasses": null, "Linetype": null, "EntityHandle": "1D1EE66B", "Text": null }, "geometry": { "type": "LineString", "coordinates": [ [ 756.611169493152374, -633.702916498983086, 0.0 ], [ 756.540217412849074, -633.562083865276918, 0.0 ] ] } },
{ "type": "Feature", "properties": { "Layer": "023_MUROS_2", "PaperSpace": null, "SubClasses": null, "Linetype": null, "EntityHandle": "1D1EE66C", "Text": null }, "geometry": { "type": "LineString", "coordinates": [ [ 756.540217412849074, -633.562083865276918, 0.0 ], [ 756.654643927735378, -633.504435300030536, 0.0 ] ] } },
{ "type": "Feature", "properties": { "Layer": "023_MUROS_2", "PaperSpace": null, "SubClasses": null, "Linetype": null, "EntityHandle": "1D1EE66D", "Text": null }, "geometry": { "type": "LineString", "coordinates": [ [ 756.654643927735378, -633.504435300030536, 0.0 ], [ 756.534912292223339, -633.266780230651193, 0.0 ] ] } },
{ "type": "Feature", "properties": { "Layer": "023_MUROS_2", "PaperSpace": null, "SubClasses": null, "Linetype": null, "EntityHandle": "1D1EE66E", "Text": null }, "geometry": { "type": "LineString", "coordinates": [ [ 756.534912292223339, -633.266780230651193, 0.0 ], [ 756.438089856550391, -633.315559785859705, 0.0 ] ] } },
{ "type": "Feature", "properties": { "Layer": "023_MUROS_2", "PaperSpace": null, "SubClasses": null, "Linetype": null, "EntityHandle": "1D1EE66F", "Text": null }, "geometry": { "type": "LineString", "coordinates": [ [ 756.438089856550391, -633.315559785859705, 0.0 ], [ 756.433655351531684, -633.306757746253311, 0.0 ] ] } },
{ "type": "Feature", "properties": { "Layer": "023_MUROS_2", "PaperSpace": null, "SubClasses": null, "Linetype": null, "EntityHandle": "1D1EE670", "Text": null }, "geometry": { "type": "LineString", "coordinates": [ [ 756.433655351531684, -633.306757746253311, 0.0 ], [ 756.530477787204404, -633.257978191044572, 0.0 ] ] } },
{ "type": "Feature", "properties": { "Layer": "023_MUROS_2", "PaperSpace": null, "SubClasses": null, "Linetype": null, "EntityHandle": "1D1EE671", "Text": null }, "geometry": { "type": "LineString", "coordinates": [ [ 756.530477787204404, -633.257978191044572, 0.0 ], [ 756.364627299495396, -632.928781909756367, 0.0 ] ] } },
{ "type": "Feature", "properties": { "Layer": "023_MUROS_2", "PaperSpace": null, "SubClasses": null, "Linetype": null, "EntityHandle": "1D1EE672", "Text": null }, "geometry": { "type": "LineString", "coordinates": [ [ 756.364627299495396, -632.928781909756367, 0.0 ], [ 756.250200784609092, -632.986430475002862, 0.0 ] ] } },
{ "type": "Feature", "properties": { "Layer": "023_MUROS_2", "PaperSpace": null, "SubClasses": null, "Linetype": null, "EntityHandle": "1D1EE673", "Text": null }, "geometry": { "type": "LineString", "coordinates": [ [ 756.250200784609092, -632.986430475002862, 0.0 ], [ 756.179248704305905, -632.845597841296694, 0.0 ] ] } },
{ "type": "Feature", "properties": { "Layer": "023_MUROS_2", "PaperSpace": null, "SubClasses": null, "Linetype": null, "EntityHandle": "1D1EE674", "Text": null }, "geometry": { "type": "LineString", "coordinates": [ [ 756.179248704305905, -632.845597841296694, 0.0 ], [ 756.293675219191869, -632.787949276050085, 0.0 ] ] } },
{ "type": "Feature", "properties": { "Layer": "023_MUROS_2", "PaperSpace": null, "SubClasses": null, "Linetype": null, "EntityHandle": "1D1EE675", "Text": null }, "geometry": { "type": "LineString", "coordinates": [ [ 756.293675219191869, -632.787949276050085, 0.0 ], [ 756.020509710024157, -632.24574363628119, 0.0 ] ] } },
{ "type": "Feature", "properties": { "Layer": "023_MUROS_2", "PaperSpace": null, "SubClasses": null, "Linetype": null, "EntityHandle": "1D1EE676", "Text": null }, "geometry": { "type": "LineString", "coordinates": [ [ 756.020509710024157, -632.24574363628119, 0.0 ], [ 755.906083195137853, -632.303392201527686, 0.0 ] ] } },
{ "type": "Feature", "properties": { "Layer": "023_MUROS_2", "PaperSpace": null, "SubClasses": null, "Linetype": null, "EntityHandle": "1D1EE677", "Text": null }, "geometry": { "type": "LineString", "coordinates": [ [ 755.906083195137853, -632.303392201527686, 0.0 ], [ 755.835131114834667, -632.162559567821518, 0.0 ] ] } },
{ "type": "Feature", "properties": { "Layer": "023_MUROS_2", "PaperSpace": null, "SubClasses": null, "Linetype": null, "EntityHandle": "1D1EE678", "Text": null }, "geometry": { "type": "LineString", "coordinates": [ [ 755.835131114834667, -632.162559567821518, 0.0 ], [ 755.949557629720857, -632.104911002575022, 0.0 ] ] } },
{ "type": "Feature", "properties": { "Layer": "023_MUROS_2", "PaperSpace": null, "SubClasses": null, "Linetype": null, "EntityHandle": "1D1EE679", "Text": null }, "geometry": { "type": "LineString", "coordinates": [ [ 755.949557629720857, -632.104911002575022, 0.0 ], [ 755.659541001480875, -631.529257612300967, 0.0 ] ] } },
{ "type": "Feature", "properties": { "Layer": "023_MUROS_2", "PaperSpace": null, "SubClasses": null, "Linetype": null, "EntityHandle": "1D1EE67A", "Text": null }, "geometry": { "type": "LineString", "coordinates": [ [ 755.659541001480875, -631.529257612300967, 0.0 ], [ 755.545114486594684, -631.586906177547348, 0.0 ] ] } },
{ "type": "Feature", "properties": { "Layer": "023_MUROS_2", "PaperSpace": null, "SubClasses": null, "Linetype": null, "EntityHandle": "1D1EE67B", "Text": null }, "geometry": { "type": "LineString", "coordinates": [ [ 755.545114486594684, -631.586906177547348, 0.0 ], [ 755.499882535401298, -631.497125373559697, 0.0 ] ] } },
{ "type": "Feature", "properties": { "Layer": "023_MUROS_2", "PaperSpace": null, "SubClasses": null, "Linetype": null, "EntityHandle": "1D1EE67C", "Text": null }, "geometry": { "type": "LineString", "coordinates": [ [ 755.499882535401298, -631.497125373559697, 0.0 ], [ 755.48210241539573, -631.506083073697937, 0.0 ] ] } },
{ "type": "Feature", "properties": { "Layer": "023_MUROS_2", "PaperSpace": null, "SubClasses": null, "Linetype": null, "EntityHandle": "1D1EE67D", "Text": null }, "geometry": { "type": "LineString", "coordinates": [ [ 755.48210241539573, -631.506083073697937, 0.0 ], [ 755.473233405358201, -631.488478994484694, 0.0 ] ] } },
{ "type": "Feature", "properties": { "Layer": "023_MUROS_2", "PaperSpace": null, "SubClasses": null, "Linetype": null, "EntityHandle": "1D1EE67E", "Text": null }, "geometry": { "type": "LineString", "coordinates": [ [ 755.473233405358201, -631.488478994484694, 0.0 ], [ 755.60544004024996, -631.421872729100073, 0.0 ] ] } },
{ "type": "Feature", "properties": { "Layer": "023_MUROS_2", "PaperSpace": null, "SubClasses": null, "Linetype": null, "EntityHandle": "1D1EE67F", "Text": null }, "geometry": { "type": "LineString", "coordinates": [ [ 755.60544004024996, -631.421872729100073, 0.0 ], [ 755.310988906990701, -630.837417299219169, 0.0 ] ] } },
{ "type": "Feature", "properties": { "Layer": "023_MUROS_2", "PaperSpace": null, "SubClasses": null, "Linetype": null, "EntityHandle": "1D1EE680", "Text": null }, "geometry": { "type": "LineString", "coordinates": [ [ 755.310988906990701, -630.837417299219169, 0.0 ], [ 754.339243734417892, -631.326986653312247, 0.0 ] ] } },
{ "type": "Feature", "properties": { "Layer": "023_MUROS_2", "PaperSpace": null, "SubClasses": null, "Linetype": null, "EntityHandle": "1D1EE681", "Text": null }, "geometry": { "type": "LineString", "coordinates": [ [ 754.339243734417892, -631.326986653312247, 0.0 ], [ 754.443898052865393, -631.53471478802885, 0.0 ] ] } },
{ "type": "Feature", "properties": { "Layer": "023_MUROS_2", "PaperSpace": null, "SubClasses": null, "Linetype": null, "EntityHandle": "1D1EE682", "Text": null }, "geometry": { "type": "LineString", "coordinates": [ [ 754.443898052865393, -631.53471478802885, 0.0 ], [ 754.435096013258772, -631.539149293047785, 0.0 ] ] } },
{ "type": "Feature", "properties": { "Layer": "023_MUROS_2", "PaperSpace": null, "SubClasses": null, "Linetype": null, "EntityHandle": "1D1EE683", "Text": null }, "geometry": { "type": "LineString", "coordinates": [ [ 754.435096013258772, -631.539149293047785, 0.0 ], [ 754.326007189792676, -631.32261911872456, 0.0 ] ] } },
{ "type": "Feature", "properties": { "Layer": "023_MUROS_2", "PaperSpace": null, "SubClasses": null, "Linetype": null, "EntityHandle": "1D1EE684", "Text": null }, "geometry": { "type": "LineString", "coordinates": [ [ 754.326007189792676, -631.32261911872456, 0.0 ], [ 754.470360639341266, -631.249893236413641, 0.0 ] ] } },
{ "type": "Feature", "properties": { "Layer": "023_MUROS_2", "PaperSpace": null, "SubClasses": null, "Linetype": null, "EntityHandle": "1D1EE685", "Text": null }, "geometry": { "type": "LineString", "coordinates": [ [ 754.470360639341266, -631.249893236413641, 0.0 ], [ 754.467699936329723, -631.244612012649668, 0.0 ] ] } },
{ "type": "Feature", "properties": { "Layer": "023_MUROS_2", "PaperSpace": null, "SubClasses": null, "Linetype": null, "EntityHandle": "1D1EE686", "Text": null }, "geometry": { "type": "LineString", "coordinates": [ [ 754.467699936329723, -631.244612012649668, 0.0 ], [ 754.481783199700544, -631.237516804619304, 0.0 ] ] } },
{ "type": "Feature", "properties": { "Layer": "023_MUROS_2", "PaperSpace": null, "SubClasses": null, "Linetype": null, "EntityHandle": "1D1EE687", "Text": null }, "geometry": { "type": "LineString", "coordinates": [ [ 754.481783199700544, -631.237516804619304, 0.0 ], [ 754.484443902711746, -631.242798028383277, 0.0 ] ] } },
{ "type": "Feature", "properties": { "Layer": "023_MUROS_2", "PaperSpace": null, "SubClasses": null, "Linetype": null, "EntityHandle": "1D1EE688", "Text": null }, "geometry": { "type": "LineString", "coordinates": [ [ 754.484443902711746, -631.242798028383277, 0.0 ], [ 754.91222302759445, -631.027281084461947, 0.0 ] ] } },
{ "type": "Feature", "properties": { "Layer": "023_MUROS_2", "PaperSpace": null, "SubClasses": null, "Linetype": null, "EntityHandle": "1D1EE689", "Text": null }, "geometry": { "type": "LineString", "coordinates": [ [ 754.91222302759445, -631.027281084461947, 0.0 ], [ 754.802247303124204, -630.808990502217284, 0.0 ] ] } },
{ "type": "Feature", "properties": { "Layer": "023_MUROS_2", "PaperSpace": null, "SubClasses": null, "Linetype": null, "EntityHandle": "1D1EE68A", "Text": null }, "geometry": { "type": "LineString", "coordinates": [ [ 754.802247303124204, -630.808990502217284, 0.0 ], [ 754.839215869471786, -630.790365581137621, 0.0 ] ] } },
{ "type": "Feature", "properties": { "Layer": "023_MUROS_2", "PaperSpace": null, "SubClasses": null, "Linetype": null, "EntityHandle": "1D1EE68B", "Text": null }, "geometry": { "type": "LineString", "coordinates": [ [ 754.839215869471786, -630.790365581137621, 0.0 ], [ 754.848084879509997, -630.807969660350977, 0.0 ] ] } },
{ "type": "Feature", "properties": { "Layer": "023_MUROS_2", "PaperSpace": null, "SubClasses": null, "Linetype": null, "EntityHandle": "1D1EE68C", "Text": null }, "geometry": { "type": "LineString", "coordinates": [ [ 754.848084879509997, -630.807969660350977, 0.0 ], [ 754.82872039237543, -630.817725571392543, 0.0 ] ] } },
{ "type": "Feature", "properties": { "Layer": "023_MUROS_2", "PaperSpace": null, "SubClasses": null, "Linetype": null, "EntityHandle": "1D1EE68D", "Text": null }, "geometry": { "type": "LineString", "coordinates": [ [ 754.82872039237543, -630.817725571392543, 0.0 ], [ 754.929827106807807, -631.018412074424077, 0.0 ] ] } },
{ "type": "Feature", "properties": { "Layer": "023_MUROS_2", "PaperSpace": null, "SubClasses": null, "Linetype": null, "EntityHandle": "1D1EE68E", "Text": null }, "geometry": { "type": "LineString", "coordinates": [ [ 754.929827106807807, -631.018412074424077, 0.0 ], [ 755.186846663321603, -630.888924527870472, 0.0 ] ] } },
{ "type": "Feature", "properties": { "Layer": "023_MUROS_2", "PaperSpace": null, "SubClasses": null, "Linetype": null, "EntityHandle": "1D1EE68F", "Text": null }, "geometry": { "type": "LineString", "coordinates": [ [ 755.186846663321603, -630.888924527870472, 0.0 ], [ 755.085739948889227, -630.688238024839052, 0.0 ] ] } },
{ "type": "Feature", "properties": { "Layer": "023_MUROS_2", "PaperSpace": null, "SubClasses": null, "Linetype": null, "EntityHandle": "1D1EE690", "Text": null }, "geometry": { "type": "LineString", "coordinates": [ [ 755.085739948889227, -630.688238024839052, 0.0 ], [ 754.950188538946918, -630.756529402130923, 0.0 ] ] } },
{ "type": "Feature", "properties": { "Layer": "023_MUROS_2", "PaperSpace": null, "SubClasses": null, "Linetype": null, "EntityHandle": "1D1EE691", "Text": null }, "geometry": { "type": "LineString", "coordinates": [ [ 754.950188538946918, -630.756529402130923, 0.0 ], [ 754.941319528909048, -630.73892532291768, 0.0 ] ] } },
{ "type": "Feature", "properties": { "Layer": "023_MUROS_2", "PaperSpace": null, "SubClasses": null, "Linetype": null, "EntityHandle": "1D1EE692", "Text": null }, "geometry": { "type": "LineString", "coordinates": [ [ 754.941319528909048, -630.73892532291768, 0.0 ], [ 755.0944750180646, -630.661764935587826, 0.0 ] ] } },
{ "type": "Feature", "properties": { "Layer": "023_MUROS_2", "PaperSpace": null, "SubClasses": null, "Linetype": null, "EntityHandle": "1D1EE693", "Text": null }, "geometry": { "type": "LineString", "coordinates": [ [ 755.0944750180646, -630.661764935587826, 0.0 ], [ 755.204450742534846, -630.880055517832488, 0.0 ] ] } },
{ "type": "Feature", "properties": { "Layer": "023_MUROS_2", "PaperSpace": null, "SubClasses": null, "Linetype": null, "EntityHandle": "1D1EE694", "Text": null }, "geometry": { "type": "LineString", "coordinates": [ [ 755.204450742534846, -630.880055517832488, 0.0 ], [ 755.306554401971994, -630.828615259612661, 0.0 ] ] } },
{ "type": "Feature", "properties": { "Layer": "023_MUROS_2", "PaperSpace": null, "SubClasses": null, "Linetype": null, "EntityHandle": "1D1EE695", "Text": null }, "geometry": { "type": "LineString", "coordinates": [ [ 755.306554401971994, -630.828615259612661, 0.0 ], [ 755.176179954414465, -630.569835295177427, 0.0 ] ] } },
{ "type": "Feature", "properties": { "Layer": "023_MUROS_2", "PaperSpace": null, "SubClasses": null, "Linetype": null, "EntityHandle": "1D1EE696", "Text": null }, "geometry": { "type": "LineString", "coordinates": [ [ 755.176179954414465, -630.569835295177427, 0.0 ], [ 755.184981994021086, -630.565400790158492, 0.0 ] ] } },
{ "type": "Feature", "properties": { "Layer": "023_MUROS_2", "PaperSpace": null, "SubClasses": null, "Linetype": null, "EntityHandle": "1D1EE697", "Text": null }, "geometry": { "type": "LineString", "coordinates": [ [ 755.184981994021086, -630.565400790158492, 0.0 ], [ 756.853242782153529, -633.876728090175448, 0.0 ] ] } },
{ "type": "Feature", "properties": { "Layer": "023_MUROS_2", "PaperSpace": null, "SubClasses": null, "Linetype": null, "EntityHandle": "1D1EE698", "Text": null }, "geometry": { "type": "LineString", "coordinates": [ [ 756.853242782153529, -633.876728090175448, 0.0 ], [ 756.844440742546567, -633.881162595194382, 0.0 ] ] } },
{ "type": "Feature", "properties": { "Layer": "023_MUROS_2", "PaperSpace": null, "SubClasses": null, "Linetype": null, "EntityHandle": "1D1EE699", "Text": null }, "geometry": { "type": "LineString", "coordinates": [ [ 756.881623614274645, -633.933061143657937, 0.0 ], [ 757.20800318367003, -634.580891258706629, 0.0 ] ] } },
{ "type": "Feature", "properties": { "Layer": "023_MUROS_2", "PaperSpace": null, "SubClasses": null, "Linetype": null, "EntityHandle": "1D1EE69A", "Text": null }, "geometry": { "type": "LineString", "coordinates": [ [ 757.283389768992492, -634.730525932019646, 0.0 ], [ 757.286937373007618, -634.737567563705056, 0.0 ] ] } },
{ "type": "Feature", "properties": { "Layer": "023_MUROS_2", "PaperSpace": null, "SubClasses": null, "Linetype": null, "EntityHandle": "1D1EE69B", "Text": null }, "geometry": { "type": "LineString", "coordinates": [ [ 757.365871562344864, -634.894243868703143, 0.0 ], [ 757.624846655452188, -635.408282981730736, 0.0 ] ] } },
{ "type": "Feature", "properties": { "Layer": "023_MUROS_2", "PaperSpace": null, "SubClasses": null, "Linetype": null, "EntityHandle": "1D1EE69C", "Text": null }, "geometry": { "type": "LineString", "coordinates": [ [ 757.702893943785966, -635.563198878807611, 0.0 ], [ 757.841250500377328, -635.837822514534764, 0.0 ] ] } },
{ "type": "Feature", "properties": { "Layer": "023_MUROS_2", "PaperSpace": null, "SubClasses": null, "Linetype": null, "EntityHandle": "1D1EE69D", "Text": null }, "geometry": { "type": "LineString", "coordinates": [ [ 757.999118879052276, -636.151175124530937, 0.0 ], [ 758.074505464374511, -636.300809797843954, 0.0 ] ] } },
{ "type": "Feature", "properties": { "Layer": "023_MUROS_2", "PaperSpace": null, "SubClasses": null, "Linetype": null, "EntityHandle": "1D1EE69E", "Text": null }, "geometry": { "type": "LineString", "coordinates": [ [ 758.085148276420455, -636.321934692899845, 0.0 ], [ 758.149892049696973, -636.450444471156743, 0.0 ] ] } },
{ "type": "Feature", "properties": { "Layer": "023_MUROS_2", "PaperSpace": null, "SubClasses": null, "Linetype": null, "EntityHandle": "1D1EE69F", "Text": null }, "geometry": { "type": "LineString", "coordinates": [ [ 758.211975119962403, -636.573673025649668, 0.0 ], [ 758.270510586212595, -636.689859948457297, 0.0 ] ] } },
{ "type": "Feature", "properties": { "Layer": "023_MUROS_2", "PaperSpace": null, "SubClasses": null, "Linetype": null, "EntityHandle": "1D1EE6A0", "Text": null }, "geometry": { "type": "LineString", "coordinates": [ [ 758.429265865891352, -637.004972966375021, 0.0 ], [ 758.500217946194653, -637.145805600081076, 0.0 ] ] } },
{ "type": "Feature", "properties": { "Layer": "023_MUROS_2", "PaperSpace": null, "SubClasses": null, "Linetype": null, "EntityHandle": "1D1EE6A1", "Text": null }, "geometry": { "type": "LineString", "coordinates": [ [ 758.10443239903725, -636.285732480779416, 0.0 ], [ 758.11507521108274, -636.306857375835534, 0.0 ] ] } },
{ "type": "Feature", "properties": { "Layer": "023_MUROS_2", "PaperSpace": null, "SubClasses": null, "Linetype": null, "EntityHandle": "1D1EE6A2", "Text": null }, "geometry": { "type": "LineString", "coordinates": [ [ 760.807976194975822, -632.166842313832149, 0.0 ], [ 761.668270168653635, -633.874437997519863, 0.0 ] ] } },
{ "type": "Feature", "properties": { "Layer": "023_MUROS_2", "PaperSpace": null, "SubClasses": null, "Linetype": null, "EntityHandle": "1D1EE6A3", "Text": null }, "geometry": { "type": "LineString", "coordinates": [ [ 760.816778234582102, -632.1624078088131, 0.0 ], [ 761.677072208260256, -633.870003492500928, 0.0 ] ] } },
{ "type": "Feature", "properties": { "Layer": "023_MUROS_2", "PaperSpace": null, "SubClasses": null, "Linetype": null, "EntityHandle": "1D1EE6AE", "Text": null }, "geometry": { "type": "LineString", "coordinates": [ [ 758.074505464374511, -636.300809797843954, 0.0 ], [ 758.10443239903725, -636.285732480779416, 0.0 ] ] } },
{ "type": "Feature", "properties": { "Layer": "023_MUROS_2", "PaperSpace": null, "SubClasses": null, "Linetype": null, "EntityHandle": "1D1EE6AF", "Text": null }, "geometry": { "type": "LineString", "coordinates": [ [ 758.085148276420455, -636.321934692899845, 0.0 ], [ 758.11507521108274, -636.306857375835534, 0.0 ] ] } },
{ "type": "Feature", "properties": { "Layer": "023_MUROS_2", "PaperSpace": null, "SubClasses": null, "Linetype": null, "EntityHandle": "1D1EE6B0", "Text": null }, "geometry": { "type": "LineString", "coordinates": [ [ 761.554518374327472, -630.963019028009853, 0.0 ], [ 761.285787370178809, -630.42961542784758, 0.0 ] ] } },
{ "type": "Feature", "properties": { "Layer": "023_MUROS_2", "PaperSpace": null, "SubClasses": null, "Linetype": null, "EntityHandle": "1D1EE6B1", "Text": null }, "geometry": { "type": "LineString", "coordinates": [ [ 761.100174230432799, -632.299950217454125, 0.0 ], [ 760.386218922380181, -630.882821840785141, 0.0 ] ] } },
{ "type": "Feature", "properties": { "Layer": "023_MUROS_2", "PaperSpace": null, "SubClasses": null, "Linetype": null, "EntityHandle": "1D1EE6B2", "Text": null }, "geometry": { "type": "LineString", "coordinates": [ [ 761.091372190826178, -632.304384722472946, 0.0 ], [ 760.377416882773559, -630.887256345804076, 0.0 ] ] } },
{ "type": "Feature", "properties": { "Layer": "023_MUROS_2", "PaperSpace": null, "SubClasses": null, "Linetype": null, "EntityHandle": "1D1EE6B3", "Text": null }, "geometry": { "type": "LineString", "coordinates": [ [ 760.807976194975822, -632.166842313832149, 0.0 ], [ 760.816778234582102, -632.1624078088131, 0.0 ] ] } },
{ "type": "Feature", "properties": { "Layer": "023_MUROS_2", "PaperSpace": null, "SubClasses": null, "Linetype": null, "EntityHandle": "1D1EE6B4", "Text": null }, "geometry": { "type": "LineString", "coordinates": [ [ 761.091372190826178, -632.304384722472946, 0.0 ], [ 761.100174230432799, -632.299950217454125, 0.0 ] ] } },
{ "type": "Feature", "properties": { "Layer": "023_MUROS_2", "PaperSpace": null, "SubClasses": null, "Linetype": null, "EntityHandle": "1D1EE6B5", "Text": null }, "geometry": { "type": "LineString", "coordinates": [ [ 761.668270168653635, -633.874437997519863, 0.0 ], [ 761.677072208260256, -633.870003492500928, 0.0 ] ] } },
{ "type": "Feature", "properties": { "Layer": "023_MUROS_2", "PaperSpace": null, "SubClasses": null, "Linetype": null, "EntityHandle": "1D1EE6E6", "Text": null }, "geometry": { "type": "LineString", "coordinates": [ [ 761.58512878884153, -639.063590986790018, 0.0 ], [ 761.048204372836494, -639.334095792946414, 0.0 ] ] } },
{ "type": "Feature", "properties": { "Layer": "023_MUROS_2", "PaperSpace": null, "SubClasses": null, "Linetype": null, "EntityHandle": "1D1EE6E8", "Text": null }, "geometry": { "type": "LineString", "coordinates": [ [ 763.632667149695862, -634.553434148256656, 0.0 ], [ 763.566149574411611, -634.421403554157109, 0.0 ] ] } },
{ "type": "Feature", "properties": { "Layer": "023_MUROS_2", "PaperSpace": null, "SubClasses": null, "Linetype": null, "EntityHandle": "1D1EE6E9", "Text": null }, "geometry": { "type": "LineString", "coordinates": [ [ 763.566149574411611, -634.421403554157109, 0.0 ], [ 763.29504675452722, -634.557986308741079, 0.0 ] ] } },
{ "type": "Feature", "properties": { "Layer": "023_MUROS_2", "PaperSpace": null, "SubClasses": null, "Linetype": null, "EntityHandle": "1D1EE6EA", "Text": null }, "geometry": { "type": "LineString", "coordinates": [ [ 763.29504675452722, -634.557986308741079, 0.0 ], [ 763.256023110360275, -634.480528360202584, 0.0 ] ] } },
{ "type": "Feature", "properties": { "Layer": "023_MUROS_2", "PaperSpace": null, "SubClasses": null, "Linetype": null, "EntityHandle": "1D1EE6EB", "Text": null }, "geometry": { "type": "LineString", "coordinates": [ [ 763.256023110360275, -634.480528360202584, 0.0 ], [ 763.229616991540638, -634.493831875259502, 0.0 ] ] } },
{ "type": "Feature", "properties": { "Layer": "023_MUROS_2", "PaperSpace": null, "SubClasses": null, "Linetype": null, "EntityHandle": "1D1EE6EC", "Text": null }, "geometry": { "type": "LineString", "coordinates": [ [ 763.229616991540638, -634.493831875259502, 0.0 ], [ 763.469967163567958, -634.970902421939172, 0.0 ] ] } },
{ "type": "Feature", "properties": { "Layer": "023_MUROS_2", "PaperSpace": null, "SubClasses": null, "Linetype": null, "EntityHandle": "1D1EE6ED", "Text": null }, "geometry": { "type": "LineString", "coordinates": [ [ 763.469967163567958, -634.970902421939172, 0.0 ], [ 763.35378024076067, -635.029437888189591, 0.0 ] ] } },
{ "type": "Feature", "properties": { "Layer": "023_MUROS_2", "PaperSpace": null, "SubClasses": null, "Linetype": null, "EntityHandle": "1D1EE6EE", "Text": null }, "geometry": { "type": "LineString", "coordinates": [ [ 763.35378024076067, -635.029437888189591, 0.0 ], [ 763.367083755817475, -635.055844007009455, 0.0 ] ] } },
{ "type": "Feature", "properties": { "Layer": "023_MUROS_2", "PaperSpace": null, "SubClasses": null, "Linetype": null, "EntityHandle": "1D1EE6EF", "Text": null }, "geometry": { "type": "LineString", "coordinates": [ [ 763.367083755817475, -635.055844007009455, 0.0 ], [ 763.483270678624876, -634.99730854075915, 0.0 ] ] } },
{ "type": "Feature", "properties": { "Layer": "023_MUROS_2", "PaperSpace": null, "SubClasses": null, "Linetype": null, "EntityHandle": "1D1EE6F0", "Text": null }, "geometry": { "type": "LineString", "coordinates": [ [ 763.483270678624876, -634.99730854075915, 0.0 ], [ 763.991464953797617, -636.006022279679996, 0.0 ] ] } },
{ "type": "Feature", "properties": { "Layer": "023_MUROS_2", "PaperSpace": null, "SubClasses": null, "Linetype": null, "EntityHandle": "1D1EE6F1", "Text": null }, "geometry": { "type": "LineString", "coordinates": [ [ 763.991464953797617, -636.006022279679996, 0.0 ], [ 763.452780129871485, -636.277413986840202, 0.0 ] ] } },
{ "type": "Feature", "properties": { "Layer": "023_MUROS_2", "PaperSpace": null, "SubClasses": null, "Linetype": null, "EntityHandle": "1D1EE6F2", "Text": null }, "geometry": { "type": "LineString", "coordinates": [ [ 763.452780129871485, -636.277413986840202, 0.0 ], [ 762.94458585469863, -635.268700247919469, 0.0 ] ] } },
{ "type": "Feature", "properties": { "Layer": "023_MUROS_2", "PaperSpace": null, "SubClasses": null, "Linetype": null, "EntityHandle": "1D1EE6F3", "Text": null }, "geometry": { "type": "LineString", "coordinates": [ [ 762.94458585469863, -635.268700247919469, 0.0 ], [ 763.103022567618382, -635.188879157578299, 0.0 ] ] } },
{ "type": "Feature", "properties": { "Layer": "023_MUROS_2", "PaperSpace": null, "SubClasses": null, "Linetype": null, "EntityHandle": "1D1EE6F4", "Text": null }, "geometry": { "type": "LineString", "coordinates": [ [ 763.103022567618382, -635.188879157578299, 0.0 ], [ 763.089719052561236, -635.162473038758321, 0.0 ] ] } },
{ "type": "Feature", "properties": { "Layer": "023_MUROS_2", "PaperSpace": null, "SubClasses": null, "Linetype": null, "EntityHandle": "1D1EE6F5", "Text": null }, "geometry": { "type": "LineString", "coordinates": [ [ 763.089719052561236, -635.162473038758321, 0.0 ], [ 762.320420790941057, -635.550048777415327, 0.0 ] ] } },
{ "type": "Feature", "properties": { "Layer": "023_MUROS_2", "PaperSpace": null, "SubClasses": null, "Linetype": null, "EntityHandle": "1D1EE6F6", "Text": null }, "geometry": { "type": "LineString", "coordinates": [ [ 762.320420790941057, -635.550048777415327, 0.0 ], [ 762.333724305998203, -635.576454896235305, 0.0 ] ] } },
{ "type": "Feature", "properties": { "Layer": "023_MUROS_2", "PaperSpace": null, "SubClasses": null, "Linetype": null, "EntityHandle": "1D1EE6F7", "Text": null }, "geometry": { "type": "LineString", "coordinates": [ [ 762.333724305998203, -635.576454896235305, 0.0 ], [ 762.527369177344212, -635.478895785818167, 0.0 ] ] } },
{ "type": "Feature", "properties": { "Layer": "023_MUROS_2", "PaperSpace": null, "SubClasses": null, "Linetype": null, "EntityHandle": "1D1EE6F8", "Text": null }, "geometry": { "type": "LineString", "coordinates": [ [ 762.527369177344212, -635.478895785818167, 0.0 ], [ 763.035563452516726, -636.4876095247389, 0.0 ] ] } },
{ "type": "Feature", "properties": { "Layer": "023_MUROS_2", "PaperSpace": null, "SubClasses": null, "Linetype": null, "EntityHandle": "1D1EE6F9", "Text": null }, "geometry": { "type": "LineString", "coordinates": [ [ 763.035563452516726, -636.4876095247389, 0.0 ], [ 762.498639036511918, -636.758114330895296, 0.0 ] ] } },
{ "type": "Feature", "properties": { "Layer": "023_MUROS_2", "PaperSpace": null, "SubClasses": null, "Linetype": null, "EntityHandle": "1D1EE6FA", "Text": null }, "geometry": { "type": "LineString", "coordinates": [ [ 762.498639036511918, -636.758114330895296, 0.0 ], [ 761.990444761339859, -635.749400591975473, 0.0 ] ] } },
{ "type": "Feature", "properties": { "Layer": "023_MUROS_2", "PaperSpace": null, "SubClasses": null, "Linetype": null, "EntityHandle": "1D1EE6FB", "Text": null }, "geometry": { "type": "LineString", "coordinates": [ [ 761.990444761339859, -635.749400591975473, 0.0 ], [ 762.069663117799223, -635.709490046804831, 0.0 ] ] } },
{ "type": "Feature", "properties": { "Layer": "023_MUROS_2", "PaperSpace": null, "SubClasses": null, "Linetype": null, "EntityHandle": "1D1EE6FC", "Text": null }, "geometry": { "type": "LineString", "coordinates": [ [ 762.069663117799223, -635.709490046804831, 0.0 ], [ 762.056359602742418, -635.683083927984853, 0.0 ] ] } },
{ "type": "Feature", "properties": { "Layer": "023_MUROS_2", "PaperSpace": null, "SubClasses": null, "Linetype": null, "EntityHandle": "1D1EE6FD", "Text": null }, "geometry": { "type": "LineString", "coordinates": [ [ 762.056359602742418, -635.683083927984853, 0.0 ], [ 761.806381677913805, -635.809023870523333, 0.0 ] ] } },
{ "type": "Feature", "properties": { "Layer": "023_MUROS_2", "PaperSpace": null, "SubClasses": null, "Linetype": null, "EntityHandle": "1D1EE6FE", "Text": null }, "geometry": { "type": "LineString", "coordinates": [ [ 761.806381677913805, -635.809023870523333, 0.0 ], [ 761.81968519297061, -635.835429989343197, 0.0 ] ] } },
{ "type": "Feature", "properties": { "Layer": "023_MUROS_2", "PaperSpace": null, "SubClasses": null, "Linetype": null, "EntityHandle": "1D1EE6FF", "Text": null }, "geometry": { "type": "LineString", "coordinates": [ [ 761.81968519297061, -635.835429989343197, 0.0 ], [ 761.979882313811459, -635.754721997998217, 0.0 ] ] } },
{ "type": "Feature", "properties": { "Layer": "023_MUROS_2", "PaperSpace": null, "SubClasses": null, "Linetype": null, "EntityHandle": "1D1EE700", "Text": null }, "geometry": { "type": "LineString", "coordinates": [ [ 761.979882313811459, -635.754721997998217, 0.0 ], [ 762.488076588983859, -636.763435736918154, 0.0 ] ] } },
{ "type": "Feature", "properties": { "Layer": "023_MUROS_2", "PaperSpace": null, "SubClasses": null, "Linetype": null, "EntityHandle": "1D1EE701", "Text": null }, "geometry": { "type": "LineString", "coordinates": [ [ 762.488076588983859, -636.763435736918154, 0.0 ], [ 761.752226077868841, -637.134160356503003, 0.0 ] ] } },
{ "type": "Feature", "properties": { "Layer": "023_MUROS_2", "PaperSpace": null, "SubClasses": null, "Linetype": null, "EntityHandle": "1D1EE702", "Text": null }, "geometry": { "type": "LineString", "coordinates": [ [ 761.752226077868841, -637.134160356503003, 0.0 ], [ 761.244031802696441, -636.125446617583179, 0.0 ] ] } },
{ "type": "Feature", "properties": { "Layer": "023_MUROS_2", "PaperSpace": null, "SubClasses": null, "Linetype": null, "EntityHandle": "1D1EE703", "Text": null }, "geometry": { "type": "LineString", "coordinates": [ [ 761.244031802696441, -636.125446617583179, 0.0 ], [ 761.555624004771516, -635.968465139912041, 0.0 ] ] } },
{ "type": "Feature", "properties": { "Layer": "023_MUROS_2", "PaperSpace": null, "SubClasses": null, "Linetype": null, "EntityHandle": "1D1EE704", "Text": null }, "geometry": { "type": "LineString", "coordinates": [ [ 761.555624004771516, -635.968465139912041, 0.0 ], [ 761.542320489714712, -635.942059021092064, 0.0 ] ] } },
{ "type": "Feature", "properties": { "Layer": "023_MUROS_2", "PaperSpace": null, "SubClasses": null, "Linetype": null, "EntityHandle": "1D1EE705", "Text": null }, "geometry": { "type": "LineString", "coordinates": [ [ 761.542320489714712, -635.942059021092064, 0.0 ], [ 760.890969558823599, -636.270212392495068, 0.0 ] ] } },
{ "type": "Feature", "properties": { "Layer": "023_MUROS_2", "PaperSpace": null, "SubClasses": null, "Linetype": null, "EntityHandle": "1D1EE706", "Text": null }, "geometry": { "type": "LineString", "coordinates": [ [ 760.890969558823599, -636.270212392495068, 0.0 ], [ 760.904273073880404, -636.296618511314932, 0.0 ] ] } },
{ "type": "Feature", "properties": { "Layer": "023_MUROS_2", "PaperSpace": null, "SubClasses": null, "Linetype": null, "EntityHandle": "1D1EE707", "Text": null }, "geometry": { "type": "LineString", "coordinates": [ [ 760.904273073880404, -636.296618511314932, 0.0 ], [ 761.233469355168722, -636.130768023605924, 0.0 ] ] } },
{ "type": "Feature", "properties": { "Layer": "023_MUROS_2", "PaperSpace": null, "SubClasses": null, "Linetype": null, "EntityHandle": "1D1EE708", "Text": null }, "geometry": { "type": "LineString", "coordinates": [ [ 761.233469355168722, -636.130768023605924, 0.0 ], [ 761.741663630340895, -637.139481762525747, 0.0 ] ] } },
{ "type": "Feature", "properties": { "Layer": "023_MUROS_2", "PaperSpace": null, "SubClasses": null, "Linetype": null, "EntityHandle": "1D1EE709", "Text": null }, "geometry": { "type": "LineString", "coordinates": [ [ 761.741663630340895, -637.139481762525747, 0.0 ], [ 761.007573527147201, -637.509319481107013, 0.0 ] ] } },
{ "type": "Feature", "properties": { "Layer": "023_MUROS_2", "PaperSpace": null, "SubClasses": null, "Linetype": null, "EntityHandle": "1D1EE70A", "Text": null }, "geometry": { "type": "LineString", "coordinates": [ [ 761.007573527147201, -637.509319481107013, 0.0 ], [ 760.499379251975142, -636.500605742187076, 0.0 ] ] } },
{ "type": "Feature", "properties": { "Layer": "023_MUROS_2", "PaperSpace": null, "SubClasses": null, "Linetype": null, "EntityHandle": "1D1EE70B", "Text": null }, "geometry": { "type": "LineString", "coordinates": [ [ 760.499379251975142, -636.500605742187076, 0.0 ], [ 760.64021188568131, -636.429653661883776, 0.0 ] ] } },
{ "type": "Feature", "properties": { "Layer": "023_MUROS_2", "PaperSpace": null, "SubClasses": null, "Linetype": null, "EntityHandle": "1D1EE70C", "Text": null }, "geometry": { "type": "LineString", "coordinates": [ [ 760.64021188568131, -636.429653661883776, 0.0 ], [ 760.626908370624506, -636.403247543063799, 0.0 ] ] } },
{ "type": "Feature", "properties": { "Layer": "023_MUROS_2", "PaperSpace": null, "SubClasses": null, "Linetype": null, "EntityHandle": "1D1EE70D", "Text": null }, "geometry": { "type": "LineString", "coordinates": [ [ 760.626908370624506, -636.403247543063799, 0.0 ], [ 760.389253301244935, -636.522979178575611, 0.0 ] ] } },
{ "type": "Feature", "properties": { "Layer": "023_MUROS_2", "PaperSpace": null, "SubClasses": null, "Linetype": null, "EntityHandle": "1D1EE70E", "Text": null }, "geometry": { "type": "LineString", "coordinates": [ [ 760.389253301244935, -636.522979178575611, 0.0 ], [ 760.402556816301853, -636.549385297395588, 0.0 ] ] } },
{ "type": "Feature", "properties": { "Layer": "023_MUROS_2", "PaperSpace": null, "SubClasses": null, "Linetype": null, "EntityHandle": "1D1EE70F", "Text": null }, "geometry": { "type": "LineString", "coordinates": [ [ 760.402556816301853, -636.549385297395588, 0.0 ], [ 760.488816804447083, -636.505927148209821, 0.0 ] ] } },
{ "type": "Feature", "properties": { "Layer": "023_MUROS_2", "PaperSpace": null, "SubClasses": null, "Linetype": null, "EntityHandle": "1D1EE710", "Text": null }, "geometry": { "type": "LineString", "coordinates": [ [ 760.488816804447083, -636.505927148209821, 0.0 ], [ 760.997011079619483, -637.514640887129758, 0.0 ] ] } },
{ "type": "Feature", "properties": { "Layer": "023_MUROS_2", "PaperSpace": null, "SubClasses": null, "Linetype": null, "EntityHandle": "1D1EE711", "Text": null }, "geometry": { "type": "LineString", "coordinates": [ [ 760.997011079619483, -637.514640887129758, 0.0 ], [ 760.268202200189762, -637.881817902699595, 0.0 ] ] } },
{ "type": "Feature", "properties": { "Layer": "023_MUROS_2", "PaperSpace": null, "SubClasses": null, "Linetype": null, "EntityHandle": "1D1EE712", "Text": null }, "geometry": { "type": "LineString", "coordinates": [ [ 760.268202200189762, -637.881817902699595, 0.0 ], [ 759.760007925017362, -636.873104163779658, 0.0 ] ] } },
{ "type": "Feature", "properties": { "Layer": "023_MUROS_2", "PaperSpace": null, "SubClasses": null, "Linetype": null, "EntityHandle": "1D1EE713", "Text": null }, "geometry": { "type": "LineString", "coordinates": [ [ 759.760007925017362, -636.873104163779658, 0.0 ], [ 760.138495628103101, -636.682420447964432, 0.0 ] ] } },
{ "type": "Feature", "properties": { "Layer": "023_MUROS_2", "PaperSpace": null, "SubClasses": null, "Linetype": null, "EntityHandle": "1D1EE714", "Text": null }, "geometry": { "type": "LineString", "coordinates": [ [ 760.138495628103101, -636.682420447964432, 0.0 ], [ 760.125192113045841, -636.656014329144455, 0.0 ] ] } },
{ "type": "Feature", "properties": { "Layer": "023_MUROS_2", "PaperSpace": null, "SubClasses": null, "Linetype": null, "EntityHandle": "1D1EE715", "Text": null }, "geometry": { "type": "LineString", "coordinates": [ [ 760.125192113045841, -636.656014329144455, 0.0 ], [ 759.380539562324202, -637.031173453748352, 0.0 ] ] } },
{ "type": "Feature", "properties": { "Layer": "023_MUROS_2", "PaperSpace": null, "SubClasses": null, "Linetype": null, "EntityHandle": "1D1EE716", "Text": null }, "geometry": { "type": "LineString", "coordinates": [ [ 759.380539562324202, -637.031173453748352, 0.0 ], [ 759.393843077381462, -637.057579572568329, 0.0 ] ] } },
{ "type": "Feature", "properties": { "Layer": "023_MUROS_2", "PaperSpace": null, "SubClasses": null, "Linetype": null, "EntityHandle": "1D1EE717", "Text": null }, "geometry": { "type": "LineString", "coordinates": [ [ 759.393843077381462, -637.057579572568329, 0.0 ], [ 759.749445477489644, -636.878425569802516, 0.0 ] ] } },
{ "type": "Feature", "properties": { "Layer": "023_MUROS_2", "PaperSpace": null, "SubClasses": null, "Linetype": null, "EntityHandle": "1D1EE718", "Text": null }, "geometry": { "type": "LineString", "coordinates": [ [ 759.749445477489644, -636.878425569802516, 0.0 ], [ 760.257639752661703, -637.88713930872234, 0.0 ] ] } },
{ "type": "Feature", "properties": { "Layer": "023_MUROS_2", "PaperSpace": null, "SubClasses": null, "Linetype": null, "EntityHandle": "1D1EE719", "Text": null }, "geometry": { "type": "LineString", "coordinates": [ [ 760.257639752661703, -637.88713930872234, 0.0 ], [ 759.523549649468123, -638.256977027303492, 0.0 ] ] } },
{ "type": "Feature", "properties": { "Layer": "023_MUROS_2", "PaperSpace": null, "SubClasses": null, "Linetype": null, "EntityHandle": "1D1EE71A", "Text": null }, "geometry": { "type": "LineString", "coordinates": [ [ 759.523549649468123, -638.256977027303492, 0.0 ], [ 759.015355374295723, -637.248263288383441, 0.0 ] ] } },
{ "type": "Feature", "properties": { "Layer": "023_MUROS_2", "PaperSpace": null, "SubClasses": null, "Linetype": null, "EntityHandle": "1D1EE71B", "Text": null }, "geometry": { "type": "LineString", "coordinates": [ [ 759.015355374295723, -637.248263288383441, 0.0 ], [ 759.129781889182368, -637.19061472313706, 0.0 ] ] } },
{ "type": "Feature", "properties": { "Layer": "023_MUROS_2", "PaperSpace": null, "SubClasses": null, "Linetype": null, "EntityHandle": "1D1EE71C", "Text": null }, "geometry": { "type": "LineString", "coordinates": [ [ 759.129781889182368, -637.19061472313706, 0.0 ], [ 759.116478374125109, -637.164208604317196, 0.0 ] ] } },
{ "type": "Feature", "properties": { "Layer": "023_MUROS_2", "PaperSpace": null, "SubClasses": null, "Linetype": null, "EntityHandle": "1D1EE71D", "Text": null }, "geometry": { "type": "LineString", "coordinates": [ [ 759.116478374125109, -637.164208604317196, 0.0 ], [ 758.97564574041894, -637.235160684620496, 0.0 ] ] } },
{ "type": "Feature", "properties": { "Layer": "023_MUROS_2", "PaperSpace": null, "SubClasses": null, "Linetype": null, "EntityHandle": "1D1EE71E", "Text": null }, "geometry": { "type": "LineString", "coordinates": [ [ 758.97564574041894, -637.235160684620496, 0.0 ], [ 759.510447045705064, -638.296686661180274, 0.0 ] ] } },
{ "type": "Feature", "properties": { "Layer": "023_MUROS_2", "PaperSpace": null, "SubClasses": null, "Linetype": null, "EntityHandle": "1D1EE71F", "Text": null }, "geometry": { "type": "LineString", "coordinates": [ [ 759.510447045705064, -638.296686661180274, 0.0 ], [ 761.739123474105781, -637.173869990379899, 0.0 ] ] } },
{ "type": "Feature", "properties": { "Layer": "023_MUROS_2", "PaperSpace": null, "SubClasses": null, "Linetype": null, "EntityHandle": "1D1EE720", "Text": null }, "geometry": { "type": "LineString", "coordinates": [ [ 761.739123474105781, -637.173869990379899, 0.0 ], [ 761.792337534333228, -637.279494465659582, 0.0 ] ] } },
{ "type": "Feature", "properties": { "Layer": "023_MUROS_2", "PaperSpace": null, "SubClasses": null, "Linetype": null, "EntityHandle": "1D1EE721", "Text": null }, "geometry": { "type": "LineString", "coordinates": [ [ 761.792337534333228, -637.279494465659582, 0.0 ], [ 762.012388524499443, -637.16863184018564, 0.0 ] ] } },
{ "type": "Feature", "properties": { "Layer": "023_MUROS_2", "PaperSpace": null, "SubClasses": null, "Linetype": null, "EntityHandle": "1D1EE722", "Text": null }, "geometry": { "type": "LineString", "coordinates": [ [ 762.012388524499443, -637.16863184018564, 0.0 ], [ 761.959174464271769, -637.063007364905843, 0.0 ] ] } },
{ "type": "Feature", "properties": { "Layer": "023_MUROS_2", "PaperSpace": null, "SubClasses": null, "Linetype": null, "EntityHandle": "1D1EE723", "Text": null }, "geometry": { "type": "LineString", "coordinates": [ [ 761.959174464271769, -637.063007364905843, 0.0 ], [ 764.004768468854536, -636.03242839849986, 0.0 ] ] } },
{ "type": "Feature", "properties": { "Layer": "023_MUROS_2", "PaperSpace": null, "SubClasses": null, "Linetype": null, "EntityHandle": "1D1EE724", "Text": null }, "geometry": { "type": "LineString", "coordinates": [ [ 764.004768468854536, -636.03242839849986, 0.0 ], [ 764.831360204388375, -637.673128581177252, 0.0 ] ] } },
{ "type": "Feature", "properties": { "Layer": "023_MUROS_2", "PaperSpace": null, "SubClasses": null, "Linetype": null, "EntityHandle": "1D1EE725", "Text": null }, "geometry": { "type": "LineString", "coordinates": [ [ 764.831360204388375, -637.673128581177252, 0.0 ], [ 764.857766323208352, -637.659825066120334, 0.0 ] ] } },
{ "type": "Feature", "properties": { "Layer": "023_MUROS_2", "PaperSpace": null, "SubClasses": null, "Linetype": null, "EntityHandle": "1D1EE726", "Text": null }, "geometry": { "type": "LineString", "coordinates": [ [ 764.857766323208352, -637.659825066120334, 0.0 ], [ 764.812534372014966, -637.570044262132569, 0.0 ] ] } },
{ "type": "Feature", "properties": { "Layer": "023_MUROS_2", "PaperSpace": null, "SubClasses": null, "Linetype": null, "EntityHandle": "1D1EE727", "Text": null }, "geometry": { "type": "LineString", "coordinates": [ [ 764.812534372014966, -637.570044262132569, 0.0 ], [ 765.083637191899356, -637.4334615075486, 0.0 ] ] } },
{ "type": "Feature", "properties": { "Layer": "023_MUROS_2", "PaperSpace": null, "SubClasses": null, "Linetype": null, "EntityHandle": "1D1EE728", "Text": null }, "geometry": { "type": "LineString", "coordinates": [ [ 765.083637191899356, -637.4334615075486, 0.0 ], [ 765.007363705573539, -637.2820664263146, 0.0 ] ] } },
{ "type": "Feature", "properties": { "Layer": "023_MUROS_2", "PaperSpace": null, "SubClasses": null, "Linetype": null, "EntityHandle": "1D1EE729", "Text": null }, "geometry": { "type": "LineString", "coordinates": [ [ 765.007363705573539, -637.2820664263146, 0.0 ], [ 765.165800418492722, -637.202245335973203, 0.0 ] ] } },
{ "type": "Feature", "properties": { "Layer": "023_MUROS_2", "PaperSpace": null, "SubClasses": null, "Linetype": null, "EntityHandle": "1D1EE72A", "Text": null }, "geometry": { "type": "LineString", "coordinates": [ [ 765.165800418492722, -637.202245335973203, 0.0 ], [ 765.14806239841721, -637.167037177546831, 0.0 ] ] } },
{ "type": "Feature", "properties": { "Layer": "023_MUROS_2", "PaperSpace": null, "SubClasses": null, "Linetype": null, "EntityHandle": "1D1EE72B", "Text": null }, "geometry": { "type": "LineString", "coordinates": [ [ 765.14806239841721, -637.167037177546831, 0.0 ], [ 765.001948540946842, -637.24064996086156, 0.0 ] ] } },
{ "type": "Feature", "properties": { "Layer": "023_MUROS_2", "PaperSpace": null, "SubClasses": null, "Linetype": null, "EntityHandle": "1D1EE72C", "Text": null }, "geometry": { "type": "LineString", "coordinates": [ [ 765.001948540946842, -637.24064996086156, 0.0 ], [ 763.66272802522144, -634.582433999656701, 0.0 ] ] } },
{ "type": "Feature", "properties": { "Layer": "023_MUROS_2", "PaperSpace": null, "SubClasses": null, "Linetype": null, "EntityHandle": "1D1EE72D", "Text": null }, "geometry": { "type": "LineString", "coordinates": [ [ 763.66272802522144, -634.582433999656701, 0.0 ], [ 763.808841882691468, -634.508821216342085, 0.0 ] ] } },
{ "type": "Feature", "properties": { "Layer": "023_MUROS_2", "PaperSpace": null, "SubClasses": null, "Linetype": null, "EntityHandle": "1D1EE72E", "Text": null }, "geometry": { "type": "LineString", "coordinates": [ [ 763.808841882691468, -634.508821216342085, 0.0 ], [ 763.791103862615728, -634.473613057915486, 0.0 ] ] } },
{ "type": "Feature", "properties": { "Layer": "023_MUROS_2", "PaperSpace": null, "SubClasses": null, "Linetype": null, "EntityHandle": "1D1EE72F", "Text": null }, "geometry": { "type": "LineString", "coordinates": [ [ 763.791103862615728, -634.473613057915486, 0.0 ], [ 763.632667149695862, -634.553434148256656, 0.0 ] ] } },
{ "type": "Feature", "properties": { "Layer": "023_MUROS_2", "PaperSpace": null, "SubClasses": null, "Linetype": null, "EntityHandle": "1D1EE730", "Text": null }, "geometry": { "type": "LineString", "coordinates": [ [ 763.000796532562504, -634.039646631557048, 0.0 ], [ 762.013207688697435, -634.537198094684186, 0.0 ] ] } },
{ "type": "Feature", "properties": { "Layer": "023_MUROS_2", "PaperSpace": null, "SubClasses": null, "Linetype": null, "EntityHandle": "1D1EE794", "Text": null }, "geometry": { "type": "LineString", "coordinates": [ [ 754.185773336188845, -633.331219597629911, 0.0 ], [ 754.088950900515556, -633.379999152838423, 0.0 ] ] } },
{ "type": "Feature", "properties": { "Layer": "023_MUROS_2", "PaperSpace": null, "SubClasses": null, "Linetype": null, "EntityHandle": "1D1EE795", "Text": null }, "geometry": { "type": "LineString", "coordinates": [ [ 754.067826005459779, -633.390641964883912, 0.0 ], [ 753.92171214798941, -633.464254748198528, 0.0 ] ] } },
{ "type": "Feature", "properties": { "Layer": "023_MUROS_2", "PaperSpace": null, "SubClasses": null, "Linetype": null, "EntityHandle": "1D1EE796", "Text": null }, "geometry": { "type": "LineString", "coordinates": [ [ 753.798483593496485, -633.526337818464071, 0.0 ], [ 753.559068116195931, -633.646956354979693, 0.0 ] ] } },
{ "type": "Feature", "properties": { "Layer": "023_MUROS_2", "PaperSpace": null, "SubClasses": null, "Linetype": null, "EntityHandle": "1D1EE797", "Text": null }, "geometry": { "type": "LineString", "coordinates": [ [ 753.787840781451223, -633.50521292340818, 0.0 ], [ 753.548425304150669, -633.625831459923802, 0.0 ] ] } },
{ "type": "Feature", "properties": { "Layer": "023_MUROS_2", "PaperSpace": null, "SubClasses": null, "Linetype": null, "EntityHandle": "1D1EE798", "Text": null }, "geometry": { "type": "LineString", "coordinates": [ [ 754.154005629087237, -633.320737514619395, 0.0 ], [ 754.013172995380955, -633.391689594922696, 0.0 ] ] } },
{ "type": "Feature", "properties": { "Layer": "023_MUROS_2", "PaperSpace": null, "SubClasses": null, "Linetype": null, "EntityHandle": "1D1EE799", "Text": null }, "geometry": { "type": "LineString", "coordinates": [ [ 753.992048100324951, -633.402332406968299, 0.0 ], [ 753.911069335944148, -633.443129853142636, 0.0 ] ] } },
{ "type": "Feature", "properties": { "Layer": "023_MUROS_2", "PaperSpace": null, "SubClasses": null, "Linetype": null, "EntityHandle": "1D1EE79A", "Text": null }, "geometry": { "type": "LineString", "coordinates": [ [ 753.986565965267346, -633.338877357282968, 0.0 ], [ 753.965441070211227, -633.349520169328343, 0.0 ] ] } },
{ "type": "Feature", "properties": { "Layer": "023_MUROS_2", "PaperSpace": null, "SubClasses": null, "Linetype": null, "EntityHandle": "1D1EE79B", "Text": null }, "geometry": { "type": "LineString", "coordinates": [ [ 753.582127542294302, -633.692726960934124, 0.0 ], [ 753.339191249151213, -633.815119299457479, 0.0 ] ] } },
{ "type": "Feature", "properties": { "Layer": "023_MUROS_2", "PaperSpace": null, "SubClasses": null, "Linetype": null, "EntityHandle": "1D1EE79C", "Text": null }, "geometry": { "type": "LineString", "coordinates": [ [ 753.550359835193262, -633.682244877923836, 0.0 ], [ 753.307423542049946, -633.804637216446963, 0.0 ] ] } },
{ "type": "Feature", "properties": { "Layer": "023_MUROS_2", "PaperSpace": null, "SubClasses": null, "Linetype": null, "EntityHandle": "1D1EE79D", "Text": null }, "geometry": { "type": "LineString", "coordinates": [ [ 754.623646864535885, -634.49388960917986, 0.0 ], [ 753.87195268212929, -634.872596337799109, 0.0 ] ] } },
{ "type": "Feature", "properties": { "Layer": "023_MUROS_2", "PaperSpace": null, "SubClasses": null, "Linetype": null, "EntityHandle": "1D1EE79E", "Text": null }, "geometry": { "type": "LineString", "coordinates": [ [ 754.655414571637152, -634.504371692190261, 0.0 ], [ 753.861470599118547, -634.904364044900376, 0.0 ] ] } },
{ "type": "Feature", "properties": { "Layer": "023_MUROS_2", "PaperSpace": null, "SubClasses": null, "Linetype": null, "EntityHandle": "1D1EE79F", "Text": null }, "geometry": { "type": "LineString", "coordinates": [ [ 754.067826005459779, -633.390641964883912, 0.0 ], [ 754.502407497317563, -634.25324184633439, 0.0 ] ] } },
{ "type": "Feature", "properties": { "Layer": "023_MUROS_2", "PaperSpace": null, "SubClasses": null, "Linetype": null, "EntityHandle": "1D1EE7A1", "Text": null }, "geometry": { "type": "LineString", "coordinates": [ [ 754.570698874609548, -634.388793256276699, 0.0 ], [ 754.623646864535885, -634.49388960917986, 0.0 ] ] } },
{ "type": "Feature", "properties": { "Layer": "023_MUROS_2", "PaperSpace": null, "SubClasses": null, "Linetype": null, "EntityHandle": "1D1EE7A2", "Text": null }, "geometry": { "type": "LineString", "coordinates": [ [ 754.088950900515556, -633.379999152838423, 0.0 ], [ 754.523532392373909, -634.242599034289015, 0.0 ] ] } },
{ "type": "Feature", "properties": { "Layer": "023_MUROS_2", "PaperSpace": null, "SubClasses": null, "Linetype": null, "EntityHandle": "1D1EE7A3", "Text": null }, "geometry": { "type": "LineString", "coordinates": [ [ 754.591823769665552, -634.37815044423121, 0.0 ], [ 754.655414571637152, -634.504371692190261, 0.0 ] ] } },
{ "type": "Feature", "properties": { "Layer": "023_MUROS_2", "PaperSpace": null, "SubClasses": null, "Linetype": null, "EntityHandle": "1D1EE7A4", "Text": null }, "geometry": { "type": "LineString", "coordinates": [ [ 753.911069335944148, -633.443129853142636, 0.0 ], [ 753.92171214798941, -633.464254748198528, 0.0 ] ] } },
{ "type": "Feature", "properties": { "Layer": "023_MUROS_2", "PaperSpace": null, "SubClasses": null, "Linetype": null, "EntityHandle": "1D1EE7A5", "Text": null }, "geometry": { "type": "LineString", "coordinates": [ [ 753.787840781451223, -633.50521292340818, 0.0 ], [ 753.798483593496599, -633.526337818463958, 0.0 ] ] } },
{ "type": "Feature", "properties": { "Layer": "023_MUROS_2", "PaperSpace": null, "SubClasses": null, "Linetype": null, "EntityHandle": "1D1EE7A6", "Text": null }, "geometry": { "type": "LineString", "coordinates": [ [ 754.013172995380955, -633.391689594922696, 0.0 ], [ 753.986565965267346, -633.338877357282968, 0.0 ] ] } },
{ "type": "Feature", "properties": { "Layer": "023_MUROS_2", "PaperSpace": null, "SubClasses": null, "Linetype": null, "EntityHandle": "1D1EE7A7", "Text": null }, "geometry": { "type": "LineString", "coordinates": [ [ 753.992048100324951, -633.402332406968299, 0.0 ], [ 753.965441070211227, -633.349520169328343, 0.0 ] ] } },
{ "type": "Feature", "properties": { "Layer": "023_MUROS_2", "PaperSpace": null, "SubClasses": null, "Linetype": null, "EntityHandle": "1D1EE7A8", "Text": null }, "geometry": { "type": "LineString", "coordinates": [ [ 754.154005629087237, -633.320737514619395, 0.0 ], [ 754.141589015034242, -633.296091803720856, 0.0 ] ] } },
{ "type": "Feature", "properties": { "Layer": "023_MUROS_2", "PaperSpace": null, "SubClasses": null, "Linetype": null, "EntityHandle": "1D1EE7A9", "Text": null }, "geometry": { "type": "LineString", "coordinates": [ [ 754.185773336188845, -633.331219597629911, 0.0 ], [ 754.173356722135509, -633.306573886731144, 0.0 ] ] } },
{ "type": "Feature", "properties": { "Layer": "023_MUROS_2", "PaperSpace": null, "SubClasses": null, "Linetype": null, "EntityHandle": "1D1EE7AA", "Text": null }, "geometry": { "type": "LineString", "coordinates": [ [ 753.979918544705129, -632.891950941956679, 0.0 ], [ 753.969275732659753, -632.870826046900788, 0.0 ] ] } },
{ "type": "Feature", "properties": { "Layer": "023_MUROS_2", "PaperSpace": null, "SubClasses": null, "Linetype": null, "EntityHandle": "1D1EE7AB", "Text": null }, "geometry": { "type": "LineString", "coordinates": [ [ 754.083782612063374, -632.839623782732929, 0.0 ], [ 754.073139800017998, -632.818498887677038, 0.0 ] ] } },
{ "type": "Feature", "properties": { "Layer": "023_MUROS_2", "PaperSpace": null, "SubClasses": null, "Linetype": null, "EntityHandle": "1D1EE7AC", "Text": null }, "geometry": { "type": "LineString", "coordinates": [ [ 754.20172994279244, -632.780201415478928, 0.0 ], [ 754.191087130746837, -632.759076520422809, 0.0 ] ] } },
{ "type": "Feature", "properties": { "Layer": "023_MUROS_2", "PaperSpace": null, "SubClasses": null, "Linetype": null, "EntityHandle": "1D1EE7AD", "Text": null }, "geometry": { "type": "LineString", "coordinates": [ [ 754.286229523016345, -632.737630167296857, 0.0 ], [ 754.275586710970742, -632.716505272240852, 0.0 ] ] } },
{ "type": "Feature", "properties": { "Layer": "023_MUROS_2", "PaperSpace": null, "SubClasses": null, "Linetype": null, "EntityHandle": "1D1EE7AE", "Text": null }, "geometry": { "type": "LineString", "coordinates": [ [ 754.404176853745071, -632.678207800042856, 0.0 ], [ 754.393534041699809, -632.657082904986851, 0.0 ] ] } },
{ "type": "Feature", "properties": { "Layer": "023_MUROS_2", "PaperSpace": null, "SubClasses": null, "Linetype": null, "EntityHandle": "1D1EE7AF", "Text": null }, "geometry": { "type": "LineString", "coordinates": [ [ 754.488676433968976, -632.635636551860898, 0.0 ], [ 754.478033621923373, -632.61451165680478, 0.0 ] ] } },
{ "type": "Feature", "properties": { "Layer": "023_MUROS_2", "PaperSpace": null, "SubClasses": null, "Linetype": null, "EntityHandle": "1D1EE7B0", "Text": null }, "geometry": { "type": "LineString", "coordinates": [ [ 753.445947672766692, -632.103703409875834, 0.0 ], [ 753.424822777710688, -632.114346221921323, 0.0 ] ] } },
{ "type": "Feature", "properties": { "Layer": "023_MUROS_2", "PaperSpace": null, "SubClasses": null, "Linetype": null, "EntityHandle": "1D1EE7B1", "Text": null }, "geometry": { "type": "LineString", "coordinates": [ [ 753.514239050058677, -632.239254819818029, 0.0 ], [ 753.493114155002331, -632.249897631863519, 0.0 ] ] } },
{ "type": "Feature", "properties": { "Layer": "023_MUROS_2", "PaperSpace": null, "SubClasses": null, "Linetype": null, "EntityHandle": "1D1EE7B2", "Text": null }, "geometry": { "type": "LineString", "coordinates": [ [ 753.281144815096468, -631.829160138666339, 0.0 ], [ 753.424822777710688, -632.114346221921323, 0.0 ] ] } },
{ "type": "Feature", "properties": { "Layer": "023_MUROS_2", "PaperSpace": null, "SubClasses": null, "Linetype": null, "EntityHandle": "1D1EE7B3", "Text": null }, "geometry": { "type": "LineString", "coordinates": [ [ 753.493114155002672, -632.249897631863632, 0.0 ], [ 753.839005546481644, -632.936456721181457, 0.0 ] ] } },
{ "type": "Feature", "properties": { "Layer": "023_MUROS_2", "PaperSpace": null, "SubClasses": null, "Linetype": null, "EntityHandle": "1D1EE7B5", "Text": null }, "geometry": { "type": "LineString", "coordinates": [ [ 753.302269710152586, -631.818517326620736, 0.0 ], [ 753.445947672766692, -632.103703409875834, 0.0 ] ] } },
{ "type": "Feature", "properties": { "Layer": "023_MUROS_2", "PaperSpace": null, "SubClasses": null, "Linetype": null, "EntityHandle": "1D1EE7B6", "Text": null }, "geometry": { "type": "LineString", "coordinates": [ [ 753.514239050058677, -632.239254819818143, 0.0 ], [ 753.860130441537422, -632.925813909135854, 0.0 ] ] } },
{ "type": "Feature", "properties": { "Layer": "023_MUROS_2", "PaperSpace": null, "SubClasses": null, "Linetype": null, "EntityHandle": "1D1EE7B7", "Text": null }, "geometry": { "type": "LineString", "coordinates": [ [ 753.696412504854038, -633.008295702488567, 0.0 ], [ 753.785102605233078, -633.184336494621334, 0.0 ] ] } },
{ "type": "Feature", "properties": { "Layer": "023_MUROS_2", "PaperSpace": null, "SubClasses": null, "Linetype": null, "EntityHandle": "1D1EE7B8", "Text": null }, "geometry": { "type": "LineString", "coordinates": [ [ 753.728180211955419, -633.018777785498969, 0.0 ], [ 753.816870312334459, -633.194818577631622, 0.0 ] ] } },
{ "type": "Feature", "properties": { "Layer": "023_MUROS_2", "PaperSpace": null, "SubClasses": null, "Linetype": null, "EntityHandle": "1D1EE7B9", "Text": null }, "geometry": { "type": "LineString", "coordinates": [ [ 753.785102605233078, -633.184336494621334, 0.0 ], [ 753.781581789390316, -633.18611029662884, 0.0 ] ] } },
{ "type": "Feature", "properties": { "Layer": "023_MUROS_2", "PaperSpace": null, "SubClasses": null, "Linetype": null, "EntityHandle": "1D1EE7BA", "Text": null }, "geometry": { "type": "LineString", "coordinates": [ [ 753.65835323489739, -633.24819336689427, 0.0 ], [ 753.418937757596836, -633.368811903410005, 0.0 ] ] } },
{ "type": "Feature", "properties": { "Layer": "023_MUROS_2", "PaperSpace": null, "SubClasses": null, "Linetype": null, "EntityHandle": "1D1EE7BB", "Text": null }, "geometry": { "type": "LineString", "coordinates": [ [ 753.816870312334459, -633.194818577631622, 0.0 ], [ 753.792224601435919, -633.207235191684731, 0.0 ] ] } },
{ "type": "Feature", "properties": { "Layer": "023_MUROS_2", "PaperSpace": null, "SubClasses": null, "Linetype": null, "EntityHandle": "1D1EE7BC", "Text": null }, "geometry": { "type": "LineString", "coordinates": [ [ 753.668996046942993, -633.269318261950161, 0.0 ], [ 753.42958056964244, -633.389936798465897, 0.0 ] ] } },
{ "type": "Feature", "properties": { "Layer": "023_MUROS_2", "PaperSpace": null, "SubClasses": null, "Linetype": null, "EntityHandle": "1D1EE7BD", "Text": null }, "geometry": { "type": "LineString", "coordinates": [ [ 754.622387071472076, -632.541785774493746, 0.0 ], [ 754.478033621923373, -632.61451165680478, 0.0 ] ] } },
{ "type": "Feature", "properties": { "Layer": "023_MUROS_2", "PaperSpace": null, "SubClasses": null, "Linetype": null, "EntityHandle": "1D1EE7BE", "Text": null }, "geometry": { "type": "LineString", "coordinates": [ [ 753.684932710464295, -630.681034601650367, 0.0 ], [ 753.478964983668902, -630.784802019094059, 0.0 ] ] } },
{ "type": "Feature", "properties": { "Layer": "023_MUROS_2", "PaperSpace": null, "SubClasses": null, "Linetype": null, "EntityHandle": "1D1EE7BF", "Text": null }, "geometry": { "type": "LineString", "coordinates": [ [ 754.393534041699809, -632.657082904986851, 0.0 ], [ 754.275586710970742, -632.716505272240852, 0.0 ] ] } },
{ "type": "Feature", "properties": { "Layer": "023_MUROS_2", "PaperSpace": null, "SubClasses": null, "Linetype": null, "EntityHandle": "1D1EE7C0", "Text": null }, "geometry": { "type": "LineString", "coordinates": [ [ 754.191087130746837, -632.759076520422809, 0.0 ], [ 754.073139800017998, -632.818498887677038, 0.0 ] ] } },
{ "type": "Feature", "properties": { "Layer": "023_MUROS_2", "PaperSpace": null, "SubClasses": null, "Linetype": null, "EntityHandle": "1D1EE7C1", "Text": null }, "geometry": { "type": "LineString", "coordinates": [ [ 753.969275732659753, -632.870826046900788, 0.0 ], [ 753.860130441537422, -632.925813909135854, 0.0 ] ] } },
{ "type": "Feature", "properties": { "Layer": "023_MUROS_2", "PaperSpace": null, "SubClasses": null, "Linetype": null, "EntityHandle": "1D1EE7C2", "Text": null }, "geometry": { "type": "LineString", "coordinates": [ [ 753.839005546481644, -632.936456721181457, 0.0 ], [ 753.696412504854038, -633.008295702488567, 0.0 ] ] } },
{ "type": "Feature", "properties": { "Layer": "023_MUROS_2", "PaperSpace": null, "SubClasses": null, "Linetype": null, "EntityHandle": "1D1EE7C3", "Text": null }, "geometry": { "type": "LineString", "coordinates": [ [ 753.946470794199968, -632.908802061028723, 0.0 ], [ 753.728180211955419, -633.018777785498969, 0.0 ] ] } },
{ "type": "Feature", "properties": { "Layer": "023_MUROS_2", "PaperSpace": null, "SubClasses": null, "Linetype": null, "EntityHandle": "1D1EE7C4", "Text": null }, "geometry": { "type": "LineString", "coordinates": [ [ 753.395878331498238, -633.323041297455461, 0.0 ], [ 753.15294203835515, -633.445433635978702, 0.0 ] ] } },
{ "type": "Feature", "properties": { "Layer": "023_MUROS_2", "PaperSpace": null, "SubClasses": null, "Linetype": null, "EntityHandle": "1D1EE7C5", "Text": null }, "geometry": { "type": "LineString", "coordinates": [ [ 753.385396248487837, -633.354809004556728, 0.0 ], [ 753.142459955344407, -633.477201343080083, 0.0 ] ] } },
{ "type": "Feature", "properties": { "Layer": "023_MUROS_2", "PaperSpace": null, "SubClasses": null, "Linetype": null, "EntityHandle": "1D1EE7C6", "Text": null }, "geometry": { "type": "LineString", "coordinates": [ [ 752.540093444735135, -632.228991762341479, 0.0 ], [ 753.15294203835515, -633.445433635978702, 0.0 ] ] } },
{ "type": "Feature", "properties": { "Layer": "023_MUROS_2", "PaperSpace": null, "SubClasses": null, "Linetype": null, "EntityHandle": "1D1EE7C7", "Text": null }, "geometry": { "type": "LineString", "coordinates": [ [ 753.339191249151213, -633.815119299457479, 0.0 ], [ 753.87195268212929, -634.872596337799109, 0.0 ] ] } },
{ "type": "Feature", "properties": { "Layer": "023_MUROS_2", "PaperSpace": null, "SubClasses": null, "Linetype": null, "EntityHandle": "1D1EE7C8", "Text": null }, "geometry": { "type": "LineString", "coordinates": [ [ 752.518968549679016, -632.23963457438731, 0.0 ], [ 753.142459955344407, -633.477201343079969, 0.0 ] ] } },
{ "type": "Feature", "properties": { "Layer": "023_MUROS_2", "PaperSpace": null, "SubClasses": null, "Linetype": null, "EntityHandle": "1D1EE7C9", "Text": null }, "geometry": { "type": "LineString", "coordinates": [ [ 753.307423542049946, -633.804637216446963, 0.0 ], [ 753.861470599118547, -634.904364044900376, 0.0 ] ] } },
{ "type": "Feature", "properties": { "Layer": "023_MUROS_2", "PaperSpace": null, "SubClasses": null, "Linetype": null, "EntityHandle": "1D1EE7CA", "Text": null }, "geometry": { "type": "LineString", "coordinates": [ [ 753.395878331498238, -633.323041297455461, 0.0 ], [ 753.418937757596836, -633.368811903410005, 0.0 ] ] } },
{ "type": "Feature", "properties": { "Layer": "023_MUROS_2", "PaperSpace": null, "SubClasses": null, "Linetype": null, "EntityHandle": "1D1EE7CB", "Text": null }, "geometry": { "type": "LineString", "coordinates": [ [ 753.42958056964244, -633.389936798465897, 0.0 ], [ 753.431354371650173, -633.393457614308545, 0.0 ] ] } },
{ "type": "Feature", "properties": { "Layer": "023_MUROS_2", "PaperSpace": null, "SubClasses": null, "Linetype": null, "EntityHandle": "1D1EE7CC", "Text": null }, "geometry": { "type": "LineString", "coordinates": [ [ 753.482794629869886, -633.495561273745579, 0.0 ], [ 753.495211243922881, -633.520206984644005, 0.0 ] ] } },
{ "type": "Feature", "properties": { "Layer": "023_MUROS_2", "PaperSpace": null, "SubClasses": null, "Linetype": null, "EntityHandle": "1D1EE7CD", "Text": null }, "geometry": { "type": "LineString", "coordinates": [ [ 753.546651502142936, -633.622310644081153, 0.0 ], [ 753.548425304150669, -633.625831459923802, 0.0 ] ] } },
{ "type": "Feature", "properties": { "Layer": "023_MUROS_2", "PaperSpace": null, "SubClasses": null, "Linetype": null, "EntityHandle": "1D1EE7CE", "Text": null }, "geometry": { "type": "LineString", "coordinates": [ [ 753.559068116195931, -633.646956354979693, 0.0 ], [ 753.582127542294302, -633.692726960934124, 0.0 ] ] } },
{ "type": "Feature", "properties": { "Layer": "023_MUROS_2", "PaperSpace": null, "SubClasses": null, "Linetype": null, "EntityHandle": "1D1EE7CF", "Text": null }, "geometry": { "type": "LineString", "coordinates": [ [ 753.385396248487837, -633.354809004556728, 0.0 ], [ 753.410229476594054, -633.404100426354034, 0.0 ] ] } },
{ "type": "Feature", "properties": { "Layer": "023_MUROS_2", "PaperSpace": null, "SubClasses": null, "Linetype": null, "EntityHandle": "1D1EE7D0", "Text": null }, "geometry": { "type": "LineString", "coordinates": [ [ 753.461669734814109, -633.506204085791069, 0.0 ], [ 753.462556635817691, -633.507964493712393, 0.0 ] ] } },
{ "type": "Feature", "properties": { "Layer": "023_MUROS_2", "PaperSpace": null, "SubClasses": null, "Linetype": null, "EntityHandle": "1D1EE7D1", "Text": null }, "geometry": { "type": "LineString", "coordinates": [ [ 753.473199447863294, -633.529089388768284, 0.0 ], [ 753.474086348867218, -633.530849796689608, 0.0 ] ] } },
{ "type": "Feature", "properties": { "Layer": "023_MUROS_2", "PaperSpace": null, "SubClasses": null, "Linetype": null, "EntityHandle": "1D1EE7D2", "Text": null }, "geometry": { "type": "LineString", "coordinates": [ [ 753.525526607086931, -633.632953456126529, 0.0 ], [ 753.550359835193262, -633.682244877923836, 0.0 ] ] } },
{ "type": "Feature", "properties": { "Layer": "023_MUROS_2", "PaperSpace": null, "SubClasses": null, "Linetype": null, "EntityHandle": "1D1EE7D3", "Text": null }, "geometry": { "type": "LineString", "coordinates": [ [ 753.461669734814109, -633.506204085791069, 0.0 ], [ 753.482794629869886, -633.495561273745579, 0.0 ] ] } },
{ "type": "Feature", "properties": { "Layer": "023_MUROS_2", "PaperSpace": null, "SubClasses": null, "Linetype": null, "EntityHandle": "1D1EE7D4", "Text": null }, "geometry": { "type": "LineString", "coordinates": [ [ 753.410229476594054, -633.404100426354034, 0.0 ], [ 753.431354371650173, -633.393457614308659, 0.0 ] ] } },
{ "type": "Feature", "properties": { "Layer": "023_MUROS_2", "PaperSpace": null, "SubClasses": null, "Linetype": null, "EntityHandle": "1D1EE7D5", "Text": null }, "geometry": { "type": "LineString", "coordinates": [ [ 753.474086348867218, -633.530849796689608, 0.0 ], [ 753.495211243922881, -633.520206984644005, 0.0 ] ] } },
{ "type": "Feature", "properties": { "Layer": "023_MUROS_2", "PaperSpace": null, "SubClasses": null, "Linetype": null, "EntityHandle": "1D1EE7D6", "Text": null }, "geometry": { "type": "LineString", "coordinates": [ [ 753.525526607086931, -633.632953456126529, 0.0 ], [ 753.546651502142936, -633.622310644081153, 0.0 ] ] } },
{ "type": "Feature", "properties": { "Layer": "023_MUROS_2", "PaperSpace": null, "SubClasses": null, "Linetype": null, "EntityHandle": "1D1EE7D7", "Text": null }, "geometry": { "type": "LineString", "coordinates": [ [ 753.462556635817691, -633.507964493712393, 0.0 ], [ 753.24074523773038, -633.619714020190258, 0.0 ] ] } },
{ "type": "Feature", "properties": { "Layer": "023_MUROS_2", "PaperSpace": null, "SubClasses": null, "Linetype": null, "EntityHandle": "1D1EE7D8", "Text": null }, "geometry": { "type": "LineString", "coordinates": [ [ 753.473199447863294, -633.529089388768284, 0.0 ], [ 753.251388049775983, -633.640838915246036, 0.0 ] ] } },
{ "type": "Feature", "properties": { "Layer": "023_MUROS_2", "PaperSpace": null, "SubClasses": null, "Linetype": null, "EntityHandle": "1D1EE7D9", "Text": null }, "geometry": { "type": "LineString", "coordinates": [ [ 753.781581789390316, -633.18611029662884, 0.0 ], [ 753.792224601435919, -633.207235191684731, 0.0 ] ] } },
{ "type": "Feature", "properties": { "Layer": "023_MUROS_2", "PaperSpace": null, "SubClasses": null, "Linetype": null, "EntityHandle": "1D1EE7DA", "Text": null }, "geometry": { "type": "LineString", "coordinates": [ [ 753.65835323489739, -633.24819336689427, 0.0 ], [ 753.668996046942993, -633.269318261950161, 0.0 ] ] } },
{ "type": "Feature", "properties": { "Layer": "023_MUROS_2", "PaperSpace": null, "SubClasses": null, "Linetype": null, "EntityHandle": "1D1EE7DB", "Text": null }, "geometry": { "type": "LineString", "coordinates": [ [ 754.591823769665552, -634.37815044423121, 0.0 ], [ 754.570698874609548, -634.388793256276585, 0.0 ] ] } },
{ "type": "Feature", "properties": { "Layer": "023_MUROS_2", "PaperSpace": null, "SubClasses": null, "Linetype": null, "EntityHandle": "1D1EE7DC", "Text": null }, "geometry": { "type": "LineString", "coordinates": [ [ 754.523532392373909, -634.242599034289015, 0.0 ], [ 754.50240749731779, -634.253241846334504, 0.0 ] ] } },
{ "type": "Feature", "properties": { "Layer": "023_MUROS_2", "PaperSpace": null, "SubClasses": null, "Linetype": null, "EntityHandle": "1D1EE7DD", "Text": null }, "geometry": { "type": "LineString", "coordinates": [ [ 753.946470794199968, -632.908802061028723, 0.0 ], [ 753.979918544705129, -632.891950941956679, 0.0 ] ] } },
{ "type": "Feature", "properties": { "Layer": "023_MUROS_2", "PaperSpace": null, "SubClasses": null, "Linetype": null, "EntityHandle": "1D1EE7DE", "Text": null }, "geometry": { "type": "LineString", "coordinates": [ [ 754.083782612063374, -632.839623782732929, 0.0 ], [ 754.20172994279244, -632.780201415478928, 0.0 ] ] } },
{ "type": "Feature", "properties": { "Layer": "023_MUROS_2", "PaperSpace": null, "SubClasses": null, "Linetype": null, "EntityHandle": "1D1EE7DF", "Text": null }, "geometry": { "type": "LineString", "coordinates": [ [ 754.141589015034242, -633.296091803720856, 0.0 ], [ 754.845752183565196, -632.941331402204014, 0.0 ] ] } },
{ "type": "Feature", "properties": { "Layer": "023_MUROS_2", "PaperSpace": null, "SubClasses": null, "Linetype": null, "EntityHandle": "1D1EE7E0", "Text": null }, "geometry": { "type": "LineString", "coordinates": [ [ 754.173356722135509, -633.306573886731144, 0.0 ], [ 754.838790916397443, -632.971325307297889, 0.0 ] ] } },
{ "type": "Feature", "properties": { "Layer": "023_MUROS_2", "PaperSpace": null, "SubClasses": null, "Linetype": null, "EntityHandle": "1D1EE7E1", "Text": null }, "geometry": { "type": "LineString", "coordinates": [ [ 754.286229523016345, -632.73763016729697, 0.0 ], [ 754.404176853745071, -632.678207800042856, 0.0 ] ] } },
{ "type": "Feature", "properties": { "Layer": "023_MUROS_2", "PaperSpace": null, "SubClasses": null, "Linetype": null, "EntityHandle": "1D1EE7E2", "Text": null }, "geometry": { "type": "LineString", "coordinates": [ [ 754.488676433968976, -632.635636551860898, 0.0 ], [ 754.650633962730922, -632.554041659511995, 0.0 ] ] } },
{ "type": "Feature", "properties": { "Layer": "023_MUROS_2", "PaperSpace": null, "SubClasses": null, "Linetype": null, "EntityHandle": "1D1EE7F4", "Text": null }, "geometry": { "type": "LineString", "coordinates": [ [ 757.828541811643731, -639.488365934827812, 0.0 ], [ 757.925364247316793, -639.439586379619413, 0.0 ] ] } },
{ "type": "Feature", "properties": { "Layer": "023_MUROS_2", "PaperSpace": null, "SubClasses": null, "Linetype": null, "EntityHandle": "1D1EE7F5", "Text": null }, "geometry": { "type": "LineString", "coordinates": [ [ 758.101405039449446, -639.35089627924026, 0.0 ], [ 758.17710258006673, -639.312759536077237, 0.0 ] ] } },
{ "type": "Feature", "properties": { "Layer": "023_MUROS_2", "PaperSpace": null, "SubClasses": null, "Linetype": null, "EntityHandle": "1D1EE7F6", "Text": null }, "geometry": { "type": "LineString", "coordinates": [ [ 757.855014900894616, -639.497101004003071, 0.0 ], [ 757.934233257354663, -639.457190458832656, 0.0 ] ] } },
{ "type": "Feature", "properties": { "Layer": "023_MUROS_2", "PaperSpace": null, "SubClasses": null, "Linetype": null, "EntityHandle": "1D1EE7F7", "Text": null }, "geometry": { "type": "LineString", "coordinates": [ [ 758.11027404948743, -639.368500358453389, 0.0 ], [ 758.168367510891358, -639.339232625328236, 0.0 ] ] } },
{ "type": "Feature", "properties": { "Layer": "023_MUROS_2", "PaperSpace": null, "SubClasses": null, "Linetype": null, "EntityHandle": "1D1EE7F8", "Text": null }, "geometry": { "type": "LineString", "coordinates": [ [ 758.138823222108272, -640.060431538828084, 0.0 ], [ 758.452175832104786, -639.902563160153136, 0.0 ] ] } },
{ "type": "Feature", "properties": { "Layer": "023_MUROS_2", "PaperSpace": null, "SubClasses": null, "Linetype": null, "EntityHandle": "1D1EE7F9", "Text": null }, "geometry": { "type": "LineString", "coordinates": [ [ 758.130088152932899, -640.08690462807931, 0.0 ], [ 758.478648921355557, -639.911298229328509, 0.0 ] ] } },
{ "type": "Feature", "properties": { "Layer": "023_MUROS_2", "PaperSpace": null, "SubClasses": null, "Linetype": null, "EntityHandle": "1D1EE7FA", "Text": null }, "geometry": { "type": "LineString", "coordinates": [ [ 758.17710258006673, -639.312759536077237, 0.0 ], [ 758.478648921355557, -639.911298229328509, 0.0 ] ] } },
{ "type": "Feature", "properties": { "Layer": "023_MUROS_2", "PaperSpace": null, "SubClasses": null, "Linetype": null, "EntityHandle": "1D1EE7FB", "Text": null }, "geometry": { "type": "LineString", "coordinates": [ [ 757.828541811643731, -639.488365934827812, 0.0 ], [ 758.130088152932899, -640.08690462807931, 0.0 ] ] } },
{ "type": "Feature", "properties": { "Layer": "023_MUROS_2", "PaperSpace": null, "SubClasses": null, "Linetype": null, "EntityHandle": "1D1EE7FC", "Text": null }, "geometry": { "type": "LineString", "coordinates": [ [ 757.855014900894616, -639.497101004003071, 0.0 ], [ 758.138823222108272, -640.060431538828084, 0.0 ] ] } },
{ "type": "Feature", "properties": { "Layer": "023_MUROS_2", "PaperSpace": null, "SubClasses": null, "Linetype": null, "EntityHandle": "1D1EE7FD", "Text": null }, "geometry": { "type": "LineString", "coordinates": [ [ 758.101405039449446, -639.35089627924026, 0.0 ], [ 758.11027404948743, -639.368500358453389, 0.0 ] ] } },
{ "type": "Feature", "properties": { "Layer": "023_MUROS_2", "PaperSpace": null, "SubClasses": null, "Linetype": null, "EntityHandle": "1D1EE7FE", "Text": null }, "geometry": { "type": "LineString", "coordinates": [ [ 757.925364247316793, -639.439586379619413, 0.0 ], [ 757.934233257354663, -639.457190458832656, 0.0 ] ] } },
{ "type": "Feature", "properties": { "Layer": "023_MUROS_2", "PaperSpace": null, "SubClasses": null, "Linetype": null, "EntityHandle": "1D1EE7FF", "Text": null }, "geometry": { "type": "LineString", "coordinates": [ [ 758.168367510891358, -639.339232625328236, 0.0 ], [ 758.452175832104786, -639.902563160153136, 0.0 ] ] } },
{ "type": "Feature", "properties": { "Layer": "023_MUROS_2", "PaperSpace": null, "SubClasses": null, "Linetype": null, "EntityHandle": "1D1EE838", "Text": null }, "geometry": { "type": "LineString", "coordinates": [ [ 753.478964983668902, -630.784802019094059, 0.0 ], [ 753.449697250543636, -630.726708557690245, 0.0 ] ] } },
{ "type": "Feature", "properties": { "Layer": "023_MUROS_2", "PaperSpace": null, "SubClasses": null, "Linetype": null, "EntityHandle": "1D1EE845", "Text": null }, "geometry": { "type": "LineString", "coordinates": [ [ 762.013207688697435, -634.537198094684186, 0.0 ], [ 763.065931625651388, -634.006831294416656, 0.0 ] ] } },
{ "type": "Feature", "properties": { "Layer": "023_MUROS_2", "PaperSpace": null, "SubClasses": null, "Linetype": null, "EntityHandle": "1D1EE846", "Text": null }, "geometry": { "type": "LineString", "coordinates": [ [ 763.065931625651388, -634.006831294416656, 0.0 ], [ 761.268183290965567, -630.438484437885563, 0.0 ] ] } },
{ "type": "Feature", "properties": { "Layer": "023_MUROS_2", "PaperSpace": null, "SubClasses": null, "Linetype": null, "EntityHandle": "1D1EE847", "Text": null }, "geometry": { "type": "LineString", "coordinates": [ [ 761.268183290965567, -630.438484437885563, 0.0 ], [ 760.896737219565352, -630.62562054968555, 0.0 ] ] } },
{ "type": "Feature", "properties": { "Layer": "023_MUROS_2", "PaperSpace": null, "SubClasses": null, "Linetype": null, "EntityHandle": "1D1EE848", "Text": null }, "geometry": { "type": "LineString", "coordinates": [ [ 760.773508665072427, -630.687703619951094, 0.0 ], [ 760.51120788479443, -630.819851869515901, 0.0 ] ] } },
{ "type": "Feature", "properties": { "Layer": "023_MUROS_2", "PaperSpace": null, "SubClasses": null, "Linetype": null, "EntityHandle": "1D1EE849", "Text": null }, "geometry": { "type": "LineString", "coordinates": [ [ 760.506773379775836, -630.811049829909393, 0.0 ], [ 760.769074160053492, -630.678901580344473, 0.0 ] ] } },
{ "type": "Feature", "properties": { "Layer": "023_MUROS_2", "PaperSpace": null, "SubClasses": null, "Linetype": null, "EntityHandle": "1D1EE84A", "Text": null }, "geometry": { "type": "LineString", "coordinates": [ [ 760.892302714546418, -630.616818510079042, 0.0 ], [ 761.070103914600622, -630.527241508695965, 0.0 ] ] } },
{ "type": "Feature", "properties": { "Layer": "023_MUROS_2", "PaperSpace": null, "SubClasses": null, "Linetype": null, "EntityHandle": "1D1EE84B", "Text": null }, "geometry": { "type": "LineString", "coordinates": [ [ 761.070103914600622, -630.527241508695965, 0.0 ], [ 760.57308806764172, -629.54071580822756, 0.0 ] ] } },
{ "type": "Feature", "properties": { "Layer": "023_MUROS_2", "PaperSpace": null, "SubClasses": null, "Linetype": null, "EntityHandle": "1D1EE84C", "Text": null }, "geometry": { "type": "LineString", "coordinates": [ [ 760.601254594382681, -629.526525392166832, 0.0 ], [ 760.6793018827168, -629.681441289243821, 0.0 ] ] } },
{ "type": "Feature", "properties": { "Layer": "023_MUROS_2", "PaperSpace": null, "SubClasses": null, "Linetype": null, "EntityHandle": "1D1EE84E", "Text": null }, "geometry": { "type": "LineString", "coordinates": [ [ 760.678414981712535, -629.679680881322383, 0.0 ], [ 760.72985523993259, -629.781784540759418, 0.0 ] ] } },
{ "type": "Feature", "properties": { "Layer": "023_MUROS_2", "PaperSpace": null, "SubClasses": null, "Linetype": null, "EntityHandle": "1D1EE84F", "Text": null }, "geometry": { "type": "LineString", "coordinates": [ [ 760.738724249970574, -629.79938861997266, 0.0 ], [ 760.985282729024561, -630.288782022101714, 0.0 ] ] } },
{ "type": "Feature", "properties": { "Layer": "023_MUROS_2", "PaperSpace": null, "SubClasses": null, "Linetype": null, "EntityHandle": "1D1EE850", "Text": null }, "geometry": { "type": "LineString", "coordinates": [ [ 760.985282729024561, -630.288782022101714, 0.0 ], [ 761.597904685646654, -629.980140472782182, 0.0 ] ] } },
{ "type": "Feature", "properties": { "Layer": "023_MUROS_2", "PaperSpace": null, "SubClasses": null, "Linetype": null, "EntityHandle": "1D1EE851", "Text": null }, "geometry": { "type": "LineString", "coordinates": [ [ 761.597904685646654, -629.980140472782182, 0.0 ], [ 761.585488071593659, -629.955494761883642, 0.0 ] ] } },
{ "type": "Feature", "properties": { "Layer": "023_MUROS_2", "PaperSpace": null, "SubClasses": null, "Linetype": null, "EntityHandle": "1D1EE852", "Text": null }, "geometry": { "type": "LineString", "coordinates": [ [ 761.585488071593659, -629.955494761883642, 0.0 ], [ 761.620696230019803, -629.937756741807675, 0.0 ] ] } },
{ "type": "Feature", "properties": { "Layer": "023_MUROS_2", "PaperSpace": null, "SubClasses": null, "Linetype": null, "EntityHandle": "1D1EE853", "Text": null }, "geometry": { "type": "LineString", "coordinates": [ [ 761.620696230019803, -629.937756741807675, 0.0 ], [ 761.655285369167927, -630.006412650739549, 0.0 ] ] } },
{ "type": "Feature", "properties": { "Layer": "023_MUROS_2", "PaperSpace": null, "SubClasses": null, "Linetype": null, "EntityHandle": "1D1EE854", "Text": null }, "geometry": { "type": "LineString", "coordinates": [ [ 761.655285369167927, -630.006412650739549, 0.0 ], [ 761.44579682653, -630.11195387019086, 0.0 ] ] } },
{ "type": "Feature", "properties": { "Layer": "023_MUROS_2", "PaperSpace": null, "SubClasses": null, "Linetype": null, "EntityHandle": "1D1EE855", "Text": null }, "geometry": { "type": "LineString", "coordinates": [ [ 761.44579682653, -630.11195387019086, 0.0 ], [ 761.463534846605853, -630.147162028617345, 0.0 ] ] } },
{ "type": "Feature", "properties": { "Layer": "023_MUROS_2", "PaperSpace": null, "SubClasses": null, "Linetype": null, "EntityHandle": "1D1EE856", "Text": null }, "geometry": { "type": "LineString", "coordinates": [ [ 761.463534846605853, -630.147162028617345, 0.0 ], [ 761.375514450539185, -630.191507078806808, 0.0 ] ] } },
{ "type": "Feature", "properties": { "Layer": "023_MUROS_2", "PaperSpace": null, "SubClasses": null, "Linetype": null, "EntityHandle": "1D1EE857", "Text": null }, "geometry": { "type": "LineString", "coordinates": [ [ 761.375514450539185, -630.191507078806808, 0.0 ], [ 761.34713361841807, -630.135174025324545, 0.0 ] ] } },
{ "type": "Feature", "properties": { "Layer": "023_MUROS_2", "PaperSpace": null, "SubClasses": null, "Linetype": null, "EntityHandle": "1D1EE858", "Text": null }, "geometry": { "type": "LineString", "coordinates": [ [ 761.34713361841807, -630.135174025324545, 0.0 ], [ 761.179894865891924, -630.219429620684764, 0.0 ] ] } },
{ "type": "Feature", "properties": { "Layer": "023_MUROS_2", "PaperSpace": null, "SubClasses": null, "Linetype": null, "EntityHandle": "1D1EE859", "Text": null }, "geometry": { "type": "LineString", "coordinates": [ [ 761.179894865891924, -630.219429620684764, 0.0 ], [ 761.563387384365456, -630.980623107223209, 0.0 ] ] } },
{ "type": "Feature", "properties": { "Layer": "023_MUROS_2", "PaperSpace": null, "SubClasses": null, "Linetype": null, "EntityHandle": "1D1EE85A", "Text": null }, "geometry": { "type": "LineString", "coordinates": [ [ 761.563387384365456, -630.980623107223209, 0.0 ], [ 762.123197103347366, -630.698588588017401, 0.0 ] ] } },
{ "type": "Feature", "properties": { "Layer": "023_MUROS_2", "PaperSpace": null, "SubClasses": null, "Linetype": null, "EntityHandle": "1D1EE85B", "Text": null }, "geometry": { "type": "LineString", "coordinates": [ [ 762.123197103347366, -630.698588588017401, 0.0 ], [ 762.132066113385577, -630.716192667230871, 0.0 ] ] } },
{ "type": "Feature", "properties": { "Layer": "023_MUROS_2", "PaperSpace": null, "SubClasses": null, "Linetype": null, "EntityHandle": "1D1EE85C", "Text": null }, "geometry": { "type": "LineString", "coordinates": [ [ 762.132066113385577, -630.716192667230871, 0.0 ], [ 761.572256394403325, -630.998227186436452, 0.0 ] ] } },
{ "type": "Feature", "properties": { "Layer": "023_MUROS_2", "PaperSpace": null, "SubClasses": null, "Linetype": null, "EntityHandle": "1D1EE85D", "Text": null }, "geometry": { "type": "LineString", "coordinates": [ [ 761.572256394403325, -630.998227186436452, 0.0 ], [ 763.056928674750907, -633.945150046738945, 0.0 ] ] } },
{ "type": "Feature", "properties": { "Layer": "023_MUROS_2", "PaperSpace": null, "SubClasses": null, "Linetype": null, "EntityHandle": "1D1EE85E", "Text": null }, "geometry": { "type": "LineString", "coordinates": [ [ 763.056928674750907, -633.945150046738945, 0.0 ], [ 764.12901709883954, -633.40502733542985, 0.0 ] ] } },
{ "type": "Feature", "properties": { "Layer": "023_MUROS_2", "PaperSpace": null, "SubClasses": null, "Linetype": null, "EntityHandle": "1D1EE85F", "Text": null }, "geometry": { "type": "LineString", "coordinates": [ [ 764.12901709883954, -633.40502733542985, 0.0 ], [ 764.084929126329826, -633.317517212305233, 0.0 ] ] } },
{ "type": "Feature", "properties": { "Layer": "023_MUROS_2", "PaperSpace": null, "SubClasses": null, "Linetype": null, "EntityHandle": "1D1EE860", "Text": null }, "geometry": { "type": "LineString", "coordinates": [ [ 764.040584076140249, -633.229496816238907, 0.0 ], [ 763.049658577225046, -631.262610895174021, 0.0 ] ] } },
{ "type": "Feature", "properties": { "Layer": "023_MUROS_2", "PaperSpace": null, "SubClasses": null, "Linetype": null, "EntityHandle": "1D1EE861", "Text": null }, "geometry": { "type": "LineString", "coordinates": [ [ 763.049658577225046, -631.262610895174021, 0.0 ], [ 763.320761397109322, -631.126028140590165, 0.0 ] ] } },
{ "type": "Feature", "properties": { "Layer": "023_MUROS_2", "PaperSpace": null, "SubClasses": null, "Linetype": null, "EntityHandle": "1D1EE862", "Text": null }, "geometry": { "type": "LineString", "coordinates": [ [ 763.320761397109322, -631.126028140590165, 0.0 ], [ 763.172648929476168, -630.832040017728445, 0.0 ] ] } },
{ "type": "Feature", "properties": { "Layer": "023_MUROS_2", "PaperSpace": null, "SubClasses": null, "Linetype": null, "EntityHandle": "1D1EE863", "Text": null }, "geometry": { "type": "LineString", "coordinates": [ [ 763.172648929476168, -630.832040017728445, 0.0 ], [ 762.947316715546094, -630.945563346213703, 0.0 ] ] } },
{ "type": "Feature", "properties": { "Layer": "023_MUROS_2", "PaperSpace": null, "SubClasses": null, "Linetype": null, "EntityHandle": "1D1EE864", "Text": null }, "geometry": { "type": "LineString", "coordinates": [ [ 762.947316715546094, -630.945563346213703, 0.0 ], [ 762.926917992458698, -630.905073964023131, 0.0 ] ] } },
{ "type": "Feature", "properties": { "Layer": "023_MUROS_2", "PaperSpace": null, "SubClasses": null, "Linetype": null, "EntityHandle": "1D1EE865", "Text": null }, "geometry": { "type": "LineString", "coordinates": [ [ 762.926917992458698, -630.905073964023131, 0.0 ], [ 762.944522071672054, -630.896204953985148, 0.0 ] ] } },
{ "type": "Feature", "properties": { "Layer": "023_MUROS_2", "PaperSpace": null, "SubClasses": null, "Linetype": null, "EntityHandle": "1D1EE866", "Text": null }, "geometry": { "type": "LineString", "coordinates": [ [ 762.944522071672054, -630.896204953985148, 0.0 ], [ 762.956051784721467, -630.919090256962477, 0.0 ] ] } },
{ "type": "Feature", "properties": { "Layer": "023_MUROS_2", "PaperSpace": null, "SubClasses": null, "Linetype": null, "EntityHandle": "1D1EE867", "Text": null }, "geometry": { "type": "LineString", "coordinates": [ [ 762.956051784721467, -630.919090256962477, 0.0 ], [ 763.163779919437957, -630.814435938514976, 0.0 ] ] } },
{ "type": "Feature", "properties": { "Layer": "023_MUROS_2", "PaperSpace": null, "SubClasses": null, "Linetype": null, "EntityHandle": "1D1EE868", "Text": null }, "geometry": { "type": "LineString", "coordinates": [ [ 763.163779919437957, -630.814435938514976, 0.0 ], [ 762.915447638376236, -630.321521720543274, 0.0 ] ] } },
{ "type": "Feature", "properties": { "Layer": "023_MUROS_2", "PaperSpace": null, "SubClasses": null, "Linetype": null, "EntityHandle": "1D1EE869", "Text": null }, "geometry": { "type": "LineString", "coordinates": [ [ 762.915447638376236, -630.321521720543274, 0.0 ], [ 762.580970133324058, -630.490032911263711, 0.0 ] ] } },
{ "type": "Feature", "properties": { "Layer": "023_MUROS_2", "PaperSpace": null, "SubClasses": null, "Linetype": null, "EntityHandle": "1D1EE86A", "Text": null }, "geometry": { "type": "LineString", "coordinates": [ [ 762.580970133324058, -630.490032911263711, 0.0 ], [ 762.640392500578173, -630.607980241992664, 0.0 ] ] } },
{ "type": "Feature", "properties": { "Layer": "023_MUROS_2", "PaperSpace": null, "SubClasses": null, "Linetype": null, "EntityHandle": "1D1EE86B", "Text": null }, "geometry": { "type": "LineString", "coordinates": [ [ 762.640392500578173, -630.607980241992664, 0.0 ], [ 762.62278842136493, -630.616849252030534, 0.0 ] ] } },
{ "type": "Feature", "properties": { "Layer": "023_MUROS_2", "PaperSpace": null, "SubClasses": null, "Linetype": null, "EntityHandle": "1D1EE86C", "Text": null }, "geometry": { "type": "LineString", "coordinates": [ [ 762.62278842136493, -630.616849252030534, 0.0 ], [ 762.563366054111157, -630.498901921301695, 0.0 ] ] } },
{ "type": "Feature", "properties": { "Layer": "023_MUROS_2", "PaperSpace": null, "SubClasses": null, "Linetype": null, "EntityHandle": "1D1EE86D", "Text": null }, "geometry": { "type": "LineString", "coordinates": [ [ 762.563366054111157, -630.498901921301695, 0.0 ], [ 762.455981170909808, -630.553002882533065, 0.0 ] ] } },
{ "type": "Feature", "properties": { "Layer": "023_MUROS_2", "PaperSpace": null, "SubClasses": null, "Linetype": null, "EntityHandle": "1D1EE86E", "Text": null }, "geometry": { "type": "LineString", "coordinates": [ [ 762.455981170909808, -630.553002882533065, 0.0 ], [ 762.447112160871825, -630.535398803319708, 0.0 ] ] } },
{ "type": "Feature", "properties": { "Layer": "023_MUROS_2", "PaperSpace": null, "SubClasses": null, "Linetype": null, "EntityHandle": "1D1EE86F", "Text": null }, "geometry": { "type": "LineString", "coordinates": [ [ 762.447112160871825, -630.535398803319708, 0.0 ], [ 762.92418270755195, -630.295048631292275, 0.0 ] ] } },
{ "type": "Feature", "properties": { "Layer": "023_MUROS_2", "PaperSpace": null, "SubClasses": null, "Linetype": null, "EntityHandle": "1D1EE870", "Text": null }, "geometry": { "type": "LineString", "coordinates": [ [ 762.92418270755195, -630.295048631292275, 0.0 ], [ 763.347234486360549, -631.134763209765424, 0.0 ] ] } },
{ "type": "Feature", "properties": { "Layer": "023_MUROS_2", "PaperSpace": null, "SubClasses": null, "Linetype": null, "EntityHandle": "1D1EE871", "Text": null }, "geometry": { "type": "LineString", "coordinates": [ [ 763.347234486360549, -631.134763209765424, 0.0 ], [ 763.076131666476158, -631.271345964349393, 0.0 ] ] } },
{ "type": "Feature", "properties": { "Layer": "023_MUROS_2", "PaperSpace": null, "SubClasses": null, "Linetype": null, "EntityHandle": "1D1EE872", "Text": null }, "geometry": { "type": "LineString", "coordinates": [ [ 763.076131666476158, -631.271345964349393, 0.0 ], [ 764.058188155353605, -633.220627806201037, 0.0 ] ] } },
{ "type": "Feature", "properties": { "Layer": "023_MUROS_2", "PaperSpace": null, "SubClasses": null, "Linetype": null, "EntityHandle": "1D1EE873", "Text": null }, "geometry": { "type": "LineString", "coordinates": [ [ 764.102533205543068, -633.308648202267477, 0.0 ], [ 766.245915854027885, -637.563043875174344, 0.0 ] ] } },
{ "type": "Feature", "properties": { "Layer": "023_MUROS_2", "PaperSpace": null, "SubClasses": null, "Linetype": null, "EntityHandle": "1D1EE874", "Text": null }, "geometry": { "type": "LineString", "coordinates": [ [ 766.245915854027885, -637.563043875174344, 0.0 ], [ 765.128056823985048, -638.126226012581924, 0.0 ] ] } },
{ "type": "Feature", "properties": { "Layer": "023_MUROS_2", "PaperSpace": null, "SubClasses": null, "Linetype": null, "EntityHandle": "1D1EE875", "Text": null }, "geometry": { "type": "LineString", "coordinates": [ [ 765.128056823985048, -638.126226012581924, 0.0 ], [ 766.63756233243862, -641.122440294681724, 0.0 ] ] } },
{ "type": "Feature", "properties": { "Layer": "023_MUROS_2", "PaperSpace": null, "SubClasses": null, "Linetype": null, "EntityHandle": "1D1EE876", "Text": null }, "geometry": { "type": "LineString", "coordinates": [ [ 766.63756233243862, -641.122440294681724, 0.0 ], [ 766.628760292831998, -641.126874799700659, 0.0 ] ] } },
{ "type": "Feature", "properties": { "Layer": "023_MUROS_2", "PaperSpace": null, "SubClasses": null, "Linetype": null, "EntityHandle": "1D1EE877", "Text": null }, "geometry": { "type": "LineString", "coordinates": [ [ 766.628760292831998, -641.126874799700659, 0.0 ], [ 766.540070192452959, -640.950834007567892, 0.0 ] ] } },
{ "type": "Feature", "properties": { "Layer": "023_MUROS_2", "PaperSpace": null, "SubClasses": null, "Linetype": null, "EntityHandle": "1D1EE878", "Text": null }, "geometry": { "type": "LineString", "coordinates": [ [ 766.540070192452959, -640.950834007567892, 0.0 ], [ 766.077082909143655, -641.184088971565075, 0.0 ] ] } },
{ "type": "Feature", "properties": { "Layer": "023_MUROS_2", "PaperSpace": null, "SubClasses": null, "Linetype": null, "EntityHandle": "1D1EE879", "Text": null }, "geometry": { "type": "LineString", "coordinates": [ [ 766.157924841351246, -641.388363260870278, 0.0 ], [ 766.059478829930413, -641.192957981603058, 0.0 ] ] } },
{ "type": "Feature", "properties": { "Layer": "023_MUROS_2", "PaperSpace": null, "SubClasses": null, "Linetype": null, "EntityHandle": "1D1EE87A", "Text": null }, "geometry": { "type": "LineString", "coordinates": [ [ 766.059478829930413, -641.192957981603058, 0.0 ], [ 765.357076069320556, -641.546831482115977, 0.0 ] ] } },
{ "type": "Feature", "properties": { "Layer": "023_MUROS_2", "PaperSpace": null, "SubClasses": null, "Linetype": null, "EntityHandle": "1D1EE87B", "Text": null }, "geometry": { "type": "LineString", "coordinates": [ [ 765.357076069320556, -641.546831482115977, 0.0 ], [ 765.348207059282686, -641.529227402902734, 0.0 ] ] } },
{ "type": "Feature", "properties": { "Layer": "023_MUROS_2", "PaperSpace": null, "SubClasses": null, "Linetype": null, "EntityHandle": "1D1EE87C", "Text": null }, "geometry": { "type": "LineString", "coordinates": [ [ 765.348207059282686, -641.529227402902734, 0.0 ], [ 766.2777024417436, -641.060943672900635, 0.0 ] ] } },
{ "type": "Feature", "properties": { "Layer": "023_MUROS_2", "PaperSpace": null, "SubClasses": null, "Linetype": null, "EntityHandle": "1D1EE87D", "Text": null }, "geometry": { "type": "LineString", "coordinates": [ [ 766.2777024417436, -641.060943672900635, 0.0 ], [ 764.865756043707279, -638.258374262146958, 0.0 ] ] } },
{ "type": "Feature", "properties": { "Layer": "023_MUROS_2", "PaperSpace": null, "SubClasses": null, "Linetype": null, "EntityHandle": "1D1EE87E", "Text": null }, "geometry": { "type": "LineString", "coordinates": [ [ 764.865756043707279, -638.258374262146958, 0.0 ], [ 763.554252142317864, -638.919115509971903, 0.0 ] ] } },
{ "type": "Feature", "properties": { "Layer": "023_MUROS_2", "PaperSpace": null, "SubClasses": null, "Linetype": null, "EntityHandle": "1D1EE87F", "Text": null }, "geometry": { "type": "LineString", "coordinates": [ [ 763.545383132280222, -638.901511430758546, 0.0 ], [ 765.064615168385558, -638.136115864486442, 0.0 ] ] } },
{ "type": "Feature", "properties": { "Layer": "023_MUROS_2", "PaperSpace": null, "SubClasses": null, "Linetype": null, "EntityHandle": "1D1EE880", "Text": null }, "geometry": { "type": "LineString", "coordinates": [ [ 765.064615168385558, -638.136115864486442, 0.0 ], [ 765.015835613177046, -638.03929342881338, 0.0 ] ] } },
{ "type": "Feature", "properties": { "Layer": "023_MUROS_2", "PaperSpace": null, "SubClasses": null, "Linetype": null, "EntityHandle": "1D1EE881", "Text": null }, "geometry": { "type": "LineString", "coordinates": [ [ 765.015835613177046, -638.03929342881338, 0.0 ], [ 765.042241731997251, -638.025989913756575, 0.0 ] ] } },
{ "type": "Feature", "properties": { "Layer": "023_MUROS_2", "PaperSpace": null, "SubClasses": null, "Linetype": null, "EntityHandle": "1D1EE882", "Text": null }, "geometry": { "type": "LineString", "coordinates": [ [ 765.042241731997251, -638.025989913756575, 0.0 ], [ 765.064414257092039, -638.070000111789795, 0.0 ] ] } },
{ "type": "Feature", "properties": { "Layer": "023_MUROS_2", "PaperSpace": null, "SubClasses": null, "Linetype": null, "EntityHandle": "1D1EE883", "Text": null }, "geometry": { "type": "LineString", "coordinates": [ [ 765.064414257092039, -638.070000111789795, 0.0 ], [ 765.330235853212571, -637.936078060217142, 0.0 ] ] } },
{ "type": "Feature", "properties": { "Layer": "023_MUROS_2", "PaperSpace": null, "SubClasses": null, "Linetype": null, "EntityHandle": "1D1EE884", "Text": null }, "geometry": { "type": "LineString", "coordinates": [ [ 765.330235853212571, -637.936078060217142, 0.0 ], [ 765.356842883325953, -637.988890297856983, 0.0 ] ] } },
{ "type": "Feature", "properties": { "Layer": "023_MUROS_2", "PaperSpace": null, "SubClasses": null, "Linetype": null, "EntityHandle": "1D1EE885", "Text": null }, "geometry": { "type": "LineString", "coordinates": [ [ 765.356842883325953, -637.988890297856983, 0.0 ], [ 766.219442764776659, -637.554308805998971, 0.0 ] ] } },
{ "type": "Feature", "properties": { "Layer": "023_MUROS_2", "PaperSpace": null, "SubClasses": null, "Linetype": null, "EntityHandle": "1D1EE886", "Text": null }, "geometry": { "type": "LineString", "coordinates": [ [ 766.219442764776659, -637.554308805998971, 0.0 ], [ 765.864682363260044, -636.850145637468017, 0.0 ] ] } },
{ "type": "Feature", "properties": { "Layer": "023_MUROS_2", "PaperSpace": null, "SubClasses": null, "Linetype": null, "EntityHandle": "1D1EE887", "Text": null }, "geometry": { "type": "LineString", "coordinates": [ [ 765.864682363260044, -636.850145637468017, 0.0 ], [ 765.533725674050061, -637.016883026180722, 0.0 ] ] } },
{ "type": "Feature", "properties": { "Layer": "023_MUROS_2", "PaperSpace": null, "SubClasses": null, "Linetype": null, "EntityHandle": "1D1EE888", "Text": null }, "geometry": { "type": "LineString", "coordinates": [ [ 765.533725674050061, -637.016883026180722, 0.0 ], [ 765.515987653974548, -636.98167486775435, 0.0 ] ] } },
{ "type": "Feature", "properties": { "Layer": "023_MUROS_2", "PaperSpace": null, "SubClasses": null, "Linetype": null, "EntityHandle": "1D1EE889", "Text": null }, "geometry": { "type": "LineString", "coordinates": [ [ 765.515987653974548, -636.98167486775435, 0.0 ], [ 765.533591733187791, -636.972805857716367, 0.0 ] ] } },
{ "type": "Feature", "properties": { "Layer": "023_MUROS_2", "PaperSpace": null, "SubClasses": null, "Linetype": null, "EntityHandle": "1D1EE88A", "Text": null }, "geometry": { "type": "LineString", "coordinates": [ [ 765.533591733187791, -636.972805857716367, 0.0 ], [ 764.194371217462162, -634.314589896511507, 0.0 ] ] } },
{ "type": "Feature", "properties": { "Layer": "023_MUROS_2", "PaperSpace": null, "SubClasses": null, "Linetype": null, "EntityHandle": "1D1EE88B", "Text": null }, "geometry": { "type": "LineString", "coordinates": [ [ 764.194371217462162, -634.314589896511507, 0.0 ], [ 764.178527546170244, -634.322572005545794, 0.0 ] ] } },
{ "type": "Feature", "properties": { "Layer": "023_MUROS_2", "PaperSpace": null, "SubClasses": null, "Linetype": null, "EntityHandle": "1D1EE88C", "Text": null }, "geometry": { "type": "LineString", "coordinates": [ [ 764.178527546170244, -634.322572005545794, 0.0 ], [ 764.160789526094391, -634.287363847119195, 0.0 ] ] } },
{ "type": "Feature", "properties": { "Layer": "023_MUROS_2", "PaperSpace": null, "SubClasses": null, "Linetype": null, "EntityHandle": "1D1EE88D", "Text": null }, "geometry": { "type": "LineString", "coordinates": [ [ 764.160789526094391, -634.287363847119195, 0.0 ], [ 764.489985807382482, -634.121513359410073, 0.0 ] ] } },
{ "type": "Feature", "properties": { "Layer": "023_MUROS_2", "PaperSpace": null, "SubClasses": null, "Linetype": null, "EntityHandle": "1D1EE88E", "Text": null }, "geometry": { "type": "LineString", "coordinates": [ [ 764.489985807382482, -634.121513359410073, 0.0 ], [ 764.13788610887741, -633.422631414643092, 0.0 ] ] } },
{ "type": "Feature", "properties": { "Layer": "023_MUROS_2", "PaperSpace": null, "SubClasses": null, "Linetype": null, "EntityHandle": "1D1EE88F", "Text": null }, "geometry": { "type": "LineString", "coordinates": [ [ 764.13788610887741, -633.422631414643092, 0.0 ], [ 763.280567451190564, -633.854552203489561, 0.0 ] ] } },
{ "type": "Feature", "properties": { "Layer": "023_MUROS_2", "PaperSpace": null, "SubClasses": null, "Linetype": null, "EntityHandle": "1D1EE890", "Text": null }, "geometry": { "type": "LineString", "coordinates": [ [ 763.280567451190564, -633.854552203489561, 0.0 ], [ 763.30894828331202, -633.910885256972051, 0.0 ] ] } },
{ "type": "Feature", "properties": { "Layer": "023_MUROS_2", "PaperSpace": null, "SubClasses": null, "Linetype": null, "EntityHandle": "1D1EE891", "Text": null }, "geometry": { "type": "LineString", "coordinates": [ [ 763.30894828331202, -633.910885256972051, 0.0 ], [ 763.03784546342763, -634.04746801155602, 0.0 ] ] } },
{ "type": "Feature", "properties": { "Layer": "023_MUROS_2", "PaperSpace": null, "SubClasses": null, "Linetype": null, "EntityHandle": "1D1EE892", "Text": null }, "geometry": { "type": "LineString", "coordinates": [ [ 763.03784546342763, -634.04746801155602, 0.0 ], [ 763.073321503579336, -634.117884328409104, 0.0 ] ] } },
{ "type": "Feature", "properties": { "Layer": "023_MUROS_2", "PaperSpace": null, "SubClasses": null, "Linetype": null, "EntityHandle": "1D1EE893", "Text": null }, "geometry": { "type": "LineString", "coordinates": [ [ 763.073321503579336, -634.117884328409104, 0.0 ], [ 763.046915384759359, -634.131187843465909, 0.0 ] ] } },
{ "type": "Feature", "properties": { "Layer": "023_MUROS_2", "PaperSpace": null, "SubClasses": null, "Linetype": null, "EntityHandle": "1D1EE894", "Text": null }, "geometry": { "type": "LineString", "coordinates": [ [ 763.046915384759359, -634.131187843465909, 0.0 ], [ 763.011439344607766, -634.060771526612825, 0.0 ] ] } },
{ "type": "Feature", "properties": { "Layer": "023_MUROS_2", "PaperSpace": null, "SubClasses": null, "Linetype": null, "EntityHandle": "1D1EE895", "Text": null }, "geometry": { "type": "LineString", "coordinates": [ [ 763.011439344607766, -634.060771526612825, 0.0 ], [ 761.039782472720503, -635.054100650859596, 0.0 ] ] } },
{ "type": "Feature", "properties": { "Layer": "023_MUROS_2", "PaperSpace": null, "SubClasses": null, "Linetype": null, "EntityHandle": "1D1EE896", "Text": null }, "geometry": { "type": "LineString", "coordinates": [ [ 761.039782472720503, -635.054100650859596, 0.0 ], [ 760.951092372341463, -634.878059858726829, 0.0 ] ] } },
{ "type": "Feature", "properties": { "Layer": "023_MUROS_2", "PaperSpace": null, "SubClasses": null, "Linetype": null, "EntityHandle": "1D1EE897", "Text": null }, "geometry": { "type": "LineString", "coordinates": [ [ 760.951092372341463, -634.878059858726829, 0.0 ], [ 758.620312284503825, -636.052316787747259, 0.0 ] ] } },
{ "type": "Feature", "properties": { "Layer": "023_MUROS_2", "PaperSpace": null, "SubClasses": null, "Linetype": null, "EntityHandle": "1D1EE898", "Text": null }, "geometry": { "type": "LineString", "coordinates": [ [ 758.620312284503825, -636.052316787747259, 0.0 ], [ 758.609669472458222, -636.031191892691254, 0.0 ] ] } },
{ "type": "Feature", "properties": { "Layer": "023_MUROS_2", "PaperSpace": null, "SubClasses": null, "Linetype": null, "EntityHandle": "1D1EE899", "Text": null }, "geometry": { "type": "LineString", "coordinates": [ [ 758.609669472458222, -636.031191892691254, 0.0 ], [ 760.961574455352206, -634.846292151625562, 0.0 ] ] } },
{ "type": "Feature", "properties": { "Layer": "023_MUROS_2", "PaperSpace": null, "SubClasses": null, "Linetype": null, "EntityHandle": "1D1EE89A", "Text": null }, "geometry": { "type": "LineString", "coordinates": [ [ 760.961574455352206, -634.846292151625562, 0.0 ], [ 761.050264555731246, -635.022332943758329, 0.0 ] ] } },
{ "type": "Feature", "properties": { "Layer": "023_MUROS_2", "PaperSpace": null, "SubClasses": null, "Linetype": null, "EntityHandle": "1D1EE89B", "Text": null }, "geometry": { "type": "LineString", "coordinates": [ [ 761.05026455573136, -635.022332943758215, 0.0 ], [ 762.004405649090813, -634.541632599703121, 0.0 ] ] } },
{ "type": "Feature", "properties": { "Layer": "023_MUROS_2", "PaperSpace": null, "SubClasses": null, "Linetype": null, "EntityHandle": "1D1EE89C", "Text": null }, "geometry": { "type": "LineString", "coordinates": [ [ 762.004405649090813, -634.541632599703121, 0.0 ], [ 761.923697657745493, -634.381435478862159, 0.0 ] ] } },
{ "type": "Feature", "properties": { "Layer": "023_MUROS_2", "PaperSpace": null, "SubClasses": null, "Linetype": null, "EntityHandle": "1D1EE89D", "Text": null }, "geometry": { "type": "LineString", "coordinates": [ [ 761.923697657745493, -634.381435478862159, 0.0 ], [ 761.932499697352455, -634.377000973843337, 0.0 ] ] } },
{ "type": "Feature", "properties": { "Layer": "023_MUROS_2", "PaperSpace": null, "SubClasses": null, "Linetype": null, "EntityHandle": "1D1EE89E", "Text": null }, "geometry": { "type": "LineString", "coordinates": [ [ 761.932499697352455, -634.377000973843337, 0.0 ], [ 762.013207688697435, -634.537198094684186, 0.0 ] ] } },
{ "type": "Feature", "properties": { "Layer": "023_MUROS_2", "PaperSpace": null, "SubClasses": null, "Linetype": null, "EntityHandle": "1D1EE89F", "Text": null }, "geometry": { "type": "LineString", "coordinates": [ [ 760.444576607823933, -628.619701779342677, 0.0 ], [ 760.09123872347925, -627.91836216212937, 0.0 ] ] } },
{ "type": "Feature", "properties": { "Layer": "023_MUROS_2", "PaperSpace": null, "SubClasses": null, "Linetype": null, "EntityHandle": "1D1EE8CA", "Text": null }, "geometry": { "type": "LineString", "coordinates": [ [ 761.937954659315551, -639.711340737321052, 0.0 ], [ 761.757026854542119, -639.352217521370221, 0.0 ] ] } },
{ "type": "Feature", "properties": { "Layer": "023_MUROS_2", "PaperSpace": null, "SubClasses": null, "Linetype": null, "EntityHandle": "1D1EE8CB", "Text": null }, "geometry": { "type": "LineString", "coordinates": [ [ 761.686074774238818, -639.211384887664053, 0.0 ], [ 761.595610871852045, -639.031823279688524, 0.0 ] ] } },
{ "type": "Feature", "properties": { "Layer": "023_MUROS_2", "PaperSpace": null, "SubClasses": null, "Linetype": null, "EntityHandle": "1D1EE8CC", "Text": null }, "geometry": { "type": "LineString", "coordinates": [ [ 761.048204372836494, -639.334095792946414, 0.0 ], [ 761.037561560791119, -639.312970897890523, 0.0 ] ] } },
{ "type": "Feature", "properties": { "Layer": "023_MUROS_2", "PaperSpace": null, "SubClasses": null, "Linetype": null, "EntityHandle": "1D1EE8CD", "Text": null }, "geometry": { "type": "LineString", "coordinates": [ [ 761.916829764259546, -639.721983549366428, 0.0 ], [ 761.735901959486341, -639.362860333415711, 0.0 ] ] } },
{ "type": "Feature", "properties": { "Layer": "023_MUROS_2", "PaperSpace": null, "SubClasses": null, "Linetype": null, "EntityHandle": "1D1EE8CE", "Text": null }, "geometry": { "type": "LineString", "coordinates": [ [ 761.664949879182814, -639.222027699709429, 0.0 ], [ 761.585128788841303, -639.063590986789791, 0.0 ] ] } },
{ "type": "Feature", "properties": { "Layer": "023_MUROS_2", "PaperSpace": null, "SubClasses": null, "Linetype": null, "EntityHandle": "1D1EE8CF", "Text": null }, "geometry": { "type": "LineString", "coordinates": [ [ 761.595610871852045, -639.031823279688524, 0.0 ], [ 761.037561560791119, -639.312970897890523, 0.0 ] ] } },
{ "type": "Feature", "properties": { "Layer": "023_MUROS_2", "PaperSpace": null, "SubClasses": null, "Linetype": null, "EntityHandle": "1D1EE8D0", "Text": null }, "geometry": { "type": "LineString", "coordinates": [ [ 761.686074774238818, -639.211384887664053, 0.0 ], [ 761.664949879182814, -639.222027699709429, 0.0 ] ] } },
{ "type": "Feature", "properties": { "Layer": "023_MUROS_2", "PaperSpace": null, "SubClasses": null, "Linetype": null, "EntityHandle": "1D1EE8D1", "Text": null }, "geometry": { "type": "LineString", "coordinates": [ [ 761.757026854542119, -639.352217521370221, 0.0 ], [ 761.735901959486341, -639.362860333415711, 0.0 ] ] } },
{ "type": "Feature", "properties": { "Layer": "023_MUROS_2", "PaperSpace": null, "SubClasses": null, "Linetype": null, "EntityHandle": "1D1EE8E2", "Text": null }, "geometry": { "type": "LineString", "coordinates": [ [ 759.711724717374182, -639.550522820614674, 0.0 ], [ 759.697641454003701, -639.557618028645152, 0.0 ] ] } },
{ "type": "Feature", "properties": { "Layer": "023_MUROS_2", "PaperSpace": null, "SubClasses": null, "Linetype": null, "EntityHandle": "1D1EE8EA", "Text": null }, "geometry": { "type": "LineString", "coordinates": [ [ 758.627044789736829, -637.397543932830899, 0.0 ], [ 759.203530442201668, -638.541809081693941, 0.0 ] ] } },
{ "type": "Feature", "properties": { "Layer": "023_MUROS_2", "PaperSpace": null, "SubClasses": null, "Linetype": null, "EntityHandle": "1D1EE8EB", "Text": null }, "geometry": { "type": "LineString", "coordinates": [ [ 766.717450393211379, -641.302915591833425, 0.0 ], [ 766.786628671506605, -641.440227409696831, 0.0 ] ] } },
{ "type": "Feature", "properties": { "Layer": "023_MUROS_2", "PaperSpace": null, "SubClasses": null, "Linetype": null, "EntityHandle": "1D1EE8EC", "Text": null }, "geometry": { "type": "LineString", "coordinates": [ [ 766.673105343021575, -641.214895195766985, 0.0 ], [ 766.313982127070858, -641.395823000540645, 0.0 ] ] } },
{ "type": "Feature", "properties": { "Layer": "023_MUROS_2", "PaperSpace": null, "SubClasses": null, "Linetype": null, "EntityHandle": "1D1EE8ED", "Text": null }, "geometry": { "type": "LineString", "coordinates": [ [ 766.668670838002299, -641.206093156160364, 0.0 ], [ 766.309547622051582, -641.38702096093391, 0.0 ] ] } },
{ "type": "Feature", "properties": { "Layer": "023_MUROS_2", "PaperSpace": null, "SubClasses": null, "Linetype": null, "EntityHandle": "1D1EE8EE", "Text": null }, "geometry": { "type": "LineString", "coordinates": [ [ 766.72625243281766, -641.298481086814604, 0.0 ], [ 766.717450393211379, -641.302915591833425, 0.0 ] ] } },
{ "type": "Feature", "properties": { "Layer": "023_MUROS_2", "PaperSpace": null, "SubClasses": null, "Linetype": null, "EntityHandle": "1D1EE8EF", "Text": null }, "geometry": { "type": "LineString", "coordinates": [ [ 766.72625243281766, -641.29848108681449, 0.0 ], [ 766.799865216132503, -641.444594944284631, 0.0 ] ] } },
{ "type": "Feature", "properties": { "Layer": "023_MUROS_2", "PaperSpace": null, "SubClasses": null, "Linetype": null, "EntityHandle": "1D1EE8F0", "Text": null }, "geometry": { "type": "LineString", "coordinates": [ [ 766.309547622051582, -641.38702096093391, 0.0 ], [ 766.313982127070858, -641.395823000540645, 0.0 ] ] } },
{ "type": "Feature", "properties": { "Layer": "023_MUROS_2", "PaperSpace": null, "SubClasses": null, "Linetype": null, "EntityHandle": "1D1EE8F1", "Text": null }, "geometry": { "type": "LineString", "coordinates": [ [ 766.246481000868016, -641.520326884538804, 0.0 ], [ 766.323641388197643, -641.673482373694128, 0.0 ] ] } },
{ "type": "Feature", "properties": { "Layer": "023_MUROS_2", "PaperSpace": null, "SubClasses": null, "Linetype": null, "EntityHandle": "1D1EE8F2", "Text": null }, "geometry": { "type": "LineString", "coordinates": [ [ 766.328075893216578, -641.682284413300749, 0.0 ], [ 766.359379236243853, -641.74441835248183, 0.0 ] ] } },
{ "type": "Feature", "properties": { "Layer": "023_MUROS_2", "PaperSpace": null, "SubClasses": null, "Linetype": null, "EntityHandle": "1D1EE8F3", "Text": null }, "geometry": { "type": "LineString", "coordinates": [ [ 766.587050986323902, -642.19632352632857, 0.0 ], [ 766.657116165623279, -642.335395752113413, 0.0 ] ] } },
{ "type": "Feature", "properties": { "Layer": "023_MUROS_2", "PaperSpace": null, "SubClasses": null, "Linetype": null, "EntityHandle": "1D1EE8F4", "Text": null }, "geometry": { "type": "LineString", "coordinates": [ [ 766.857555792480298, -642.733247942333492, 0.0 ], [ 766.884162822594135, -642.786060179973106, 0.0 ] ] } },
{ "type": "Feature", "properties": { "Layer": "023_MUROS_2", "PaperSpace": null, "SubClasses": null, "Linetype": null, "EntityHandle": "1D1EE8F5", "Text": null }, "geometry": { "type": "LineString", "coordinates": [ [ 766.228876921654773, -641.529195894576787, 0.0 ], [ 766.341775157030611, -641.7532873625197, 0.0 ] ] } },
{ "type": "Feature", "properties": { "Layer": "023_MUROS_2", "PaperSpace": null, "SubClasses": null, "Linetype": null, "EntityHandle": "1D1EE8F6", "Text": null }, "geometry": { "type": "LineString", "coordinates": [ [ 766.542214783887744, -642.151139552739664, 0.0 ], [ 766.56944690711066, -642.205192536366326, 0.0 ] ] } },
{ "type": "Feature", "properties": { "Layer": "023_MUROS_2", "PaperSpace": null, "SubClasses": null, "Linetype": null, "EntityHandle": "1D1EE8F7", "Text": null }, "geometry": { "type": "LineString", "coordinates": [ [ 764.322224093305294, -642.156483609274574, 0.0 ], [ 764.605145513514685, -642.718053736178035, 0.0 ] ] } },
{ "type": "Feature", "properties": { "Layer": "023_MUROS_2", "PaperSpace": null, "SubClasses": null, "Linetype": null, "EntityHandle": "1D1EE8F8", "Text": null }, "geometry": { "type": "LineString", "coordinates": [ [ 764.738936515535329, -642.650649259889747, 0.0 ], [ 764.809888595838629, -642.791481893596028, 0.0 ] ] } },
{ "type": "Feature", "properties": { "Layer": "023_MUROS_2", "PaperSpace": null, "SubClasses": null, "Linetype": null, "EntityHandle": "1D1EE8F9", "Text": null }, "geometry": { "type": "LineString", "coordinates": [ [ 764.520882306690055, -641.96810945891707, 0.0 ], [ 764.556358346841648, -642.038525775770268, 0.0 ] ] } },
{ "type": "Feature", "properties": { "Layer": "023_MUROS_2", "PaperSpace": null, "SubClasses": null, "Linetype": null, "EntityHandle": "1D1EE8FA", "Text": null }, "geometry": { "type": "LineString", "coordinates": [ [ 762.848328565865472, -639.27476281249244, 0.0 ], [ 764.658493514604743, -642.867755379922187, 0.0 ] ] } },
{ "type": "Feature", "properties": { "Layer": "023_MUROS_2", "PaperSpace": null, "SubClasses": null, "Linetype": null, "EntityHandle": "1D1EE8FB", "Text": null }, "geometry": { "type": "LineString", "coordinates": [ [ 759.884670413113668, -639.8938023652737, 0.0 ], [ 760.896728927084951, -639.383922978193823, 0.0 ] ] } },
{ "type": "Feature", "properties": { "Layer": "023_MUROS_2", "PaperSpace": null, "SubClasses": null, "Linetype": null, "EntityHandle": "1D1EE8FC", "Text": null }, "geometry": { "type": "LineString", "coordinates": [ [ 760.896728927084951, -639.383922978193823, 0.0 ], [ 760.907371739130326, -639.4050478732496, 0.0 ] ] } },
{ "type": "Feature", "properties": { "Layer": "023_MUROS_2", "PaperSpace": null, "SubClasses": null, "Linetype": null, "EntityHandle": "1D1EE8FD", "Text": null }, "geometry": { "type": "LineString", "coordinates": [ [ 760.907371739130326, -639.4050478732496, 0.0 ], [ 759.895313225159271, -639.914927260329591, 0.0 ] ] } },
{ "type": "Feature", "properties": { "Layer": "023_MUROS_2", "PaperSpace": null, "SubClasses": null, "Linetype": null, "EntityHandle": "1D1EE8FE", "Text": null }, "geometry": { "type": "LineString", "coordinates": [ [ 759.895313225159271, -639.914927260329591, 0.0 ], [ 760.227014200577287, -640.573319822906114, 0.0 ] ] } },
{ "type": "Feature", "properties": { "Layer": "023_MUROS_2", "PaperSpace": null, "SubClasses": null, "Linetype": null, "EntityHandle": "1D1EE8FF", "Text": null }, "geometry": { "type": "LineString", "coordinates": [ [ 760.227014200577287, -640.573319822906114, 0.0 ], [ 761.381665756175835, -639.991601454519127, 0.0 ] ] } },
{ "type": "Feature", "properties": { "Layer": "023_MUROS_2", "PaperSpace": null, "SubClasses": null, "Linetype": null, "EntityHandle": "1D1EE900", "Text": null }, "geometry": { "type": "LineString", "coordinates": [ [ 761.381665756175835, -639.991601454519127, 0.0 ], [ 761.390534766214046, -640.009205533732484, 0.0 ] ] } },
{ "type": "Feature", "properties": { "Layer": "023_MUROS_2", "PaperSpace": null, "SubClasses": null, "Linetype": null, "EntityHandle": "1D1EE901", "Text": null }, "geometry": { "type": "LineString", "coordinates": [ [ 761.390534766214046, -640.009205533732484, 0.0 ], [ 760.235883210615498, -640.590923902119471, 0.0 ] ] } },
{ "type": "Feature", "properties": { "Layer": "023_MUROS_2", "PaperSpace": null, "SubClasses": null, "Linetype": null, "EntityHandle": "1D1EE902", "Text": null }, "geometry": { "type": "LineString", "coordinates": [ [ 760.235883210615498, -640.590923902119471, 0.0 ], [ 762.454909522102525, -644.995464521281178, 0.0 ] ] } },
{ "type": "Feature", "properties": { "Layer": "023_MUROS_2", "PaperSpace": null, "SubClasses": null, "Linetype": null, "EntityHandle": "1D1EE903", "Text": null }, "geometry": { "type": "LineString", "coordinates": [ [ 762.454909522102525, -644.995464521281178, 0.0 ], [ 765.067354877352614, -643.679303431654034, 0.0 ] ] } },
{ "type": "Feature", "properties": { "Layer": "023_MUROS_2", "PaperSpace": null, "SubClasses": null, "Linetype": null, "EntityHandle": "1D1EE904", "Text": null }, "geometry": { "type": "LineString", "coordinates": [ [ 765.067354877352614, -643.679303431654034, 0.0 ], [ 764.85183793343117, -643.251524306771671, 0.0 ] ] } },
{ "type": "Feature", "properties": { "Layer": "023_MUROS_2", "PaperSpace": null, "SubClasses": null, "Linetype": null, "EntityHandle": "1D1EE905", "Text": null }, "geometry": { "type": "LineString", "coordinates": [ [ 764.85183793343117, -643.251524306771671, 0.0 ], [ 764.869442012644527, -643.242655296733687, 0.0 ] ] } },
{ "type": "Feature", "properties": { "Layer": "023_MUROS_2", "PaperSpace": null, "SubClasses": null, "Linetype": null, "EntityHandle": "1D1EE906", "Text": null }, "geometry": { "type": "LineString", "coordinates": [ [ 764.869442012644527, -643.242655296733687, 0.0 ], [ 765.084958956566197, -643.670434421616278, 0.0 ] ] } },
{ "type": "Feature", "properties": { "Layer": "023_MUROS_2", "PaperSpace": null, "SubClasses": null, "Linetype": null, "EntityHandle": "1D1EE907", "Text": null }, "geometry": { "type": "LineString", "coordinates": [ [ 765.084958956566197, -643.670434421616278, 0.0 ], [ 765.694060097345186, -643.363566674304138, 0.0 ] ] } },
{ "type": "Feature", "properties": { "Layer": "023_MUROS_2", "PaperSpace": null, "SubClasses": null, "Linetype": null, "EntityHandle": "1D1EE908", "Text": null }, "geometry": { "type": "LineString", "coordinates": [ [ 765.694060097345186, -643.363566674304138, 0.0 ], [ 765.702929107383397, -643.381170753517495, 0.0 ] ] } },
{ "type": "Feature", "properties": { "Layer": "023_MUROS_2", "PaperSpace": null, "SubClasses": null, "Linetype": null, "EntityHandle": "1D1EE909", "Text": null }, "geometry": { "type": "LineString", "coordinates": [ [ 765.702929107383397, -643.381170753517495, 0.0 ], [ 762.463778532140509, -645.013068600494307, 0.0 ] ] } },
{ "type": "Feature", "properties": { "Layer": "023_MUROS_2", "PaperSpace": null, "SubClasses": null, "Linetype": null, "EntityHandle": "1D1EE90A", "Text": null }, "geometry": { "type": "LineString", "coordinates": [ [ 762.463778532140509, -645.013068600494307, 0.0 ], [ 762.494820067273167, -645.07468287774077, 0.0 ] ] } },
{ "type": "Feature", "properties": { "Layer": "023_MUROS_2", "PaperSpace": null, "SubClasses": null, "Linetype": null, "EntityHandle": "1D1EE90B", "Text": null }, "geometry": { "type": "LineString", "coordinates": [ [ 762.494820067273167, -645.07468287774077, 0.0 ], [ 762.329341722668119, -645.158051572097293, 0.0 ] ] } },
{ "type": "Feature", "properties": { "Layer": "023_MUROS_2", "PaperSpace": null, "SubClasses": null, "Linetype": null, "EntityHandle": "1D1EE90C", "Text": null }, "geometry": { "type": "LineString", "coordinates": [ [ 762.329341722668119, -645.158051572097293, 0.0 ], [ 762.316925108615123, -645.133405861198867, 0.0 ] ] } },
{ "type": "Feature", "properties": { "Layer": "023_MUROS_2", "PaperSpace": null, "SubClasses": null, "Linetype": null, "EntityHandle": "1D1EE90D", "Text": null }, "geometry": { "type": "LineString", "coordinates": [ [ 762.316925108615123, -645.133405861198867, 0.0 ], [ 762.369737346254851, -645.106798831085143, 0.0 ] ] } },
{ "type": "Feature", "properties": { "Layer": "023_MUROS_2", "PaperSpace": null, "SubClasses": null, "Linetype": null, "EntityHandle": "1D1EE90E", "Text": null }, "geometry": { "type": "LineString", "coordinates": [ [ 762.369737346254851, -645.106798831085143, 0.0 ], [ 762.284594849890937, -644.93779967063756, 0.0 ] ] } },
{ "type": "Feature", "properties": { "Layer": "023_MUROS_2", "PaperSpace": null, "SubClasses": null, "Linetype": null, "EntityHandle": "1D1EE90F", "Text": null }, "geometry": { "type": "LineString", "coordinates": [ [ 762.284594849890937, -644.93779967063756, 0.0 ], [ 762.274032402362991, -644.943121076660191, 0.0 ] ] } },
{ "type": "Feature", "properties": { "Layer": "023_MUROS_2", "PaperSpace": null, "SubClasses": null, "Linetype": null, "EntityHandle": "1D1EE910", "Text": null }, "geometry": { "type": "LineString", "coordinates": [ [ 762.274032402362991, -644.943121076660191, 0.0 ], [ 762.261615788309882, -644.918475365761765, 0.0 ] ] } },
{ "type": "Feature", "properties": { "Layer": "023_MUROS_2", "PaperSpace": null, "SubClasses": null, "Linetype": null, "EntityHandle": "1D1EE911", "Text": null }, "geometry": { "type": "LineString", "coordinates": [ [ 762.261615788309882, -644.918475365761765, 0.0 ], [ 762.272178235837941, -644.91315395973902, 0.0 ] ] } },
{ "type": "Feature", "properties": { "Layer": "023_MUROS_2", "PaperSpace": null, "SubClasses": null, "Linetype": null, "EntityHandle": "1D1EE912", "Text": null }, "geometry": { "type": "LineString", "coordinates": [ [ 762.272178235837941, -644.91315395973902, 0.0 ], [ 762.098345639094646, -644.56811400715867, 0.0 ] ] } },
{ "type": "Feature", "properties": { "Layer": "023_MUROS_2", "PaperSpace": null, "SubClasses": null, "Linetype": null, "EntityHandle": "1D1EE913", "Text": null }, "geometry": { "type": "LineString", "coordinates": [ [ 762.098345639094646, -644.56811400715867, 0.0 ], [ 761.837805266737973, -644.699375355719781, 0.0 ] ] } },
{ "type": "Feature", "properties": { "Layer": "023_MUROS_2", "PaperSpace": null, "SubClasses": null, "Linetype": null, "EntityHandle": "1D1EE914", "Text": null }, "geometry": { "type": "LineString", "coordinates": [ [ 761.837805266737973, -644.699375355719781, 0.0 ], [ 762.024054477534378, -645.069061019198557, 0.0 ] ] } },
{ "type": "Feature", "properties": { "Layer": "023_MUROS_2", "PaperSpace": null, "SubClasses": null, "Linetype": null, "EntityHandle": "1D1EE915", "Text": null }, "geometry": { "type": "LineString", "coordinates": [ [ 762.024054477534378, -645.069061019198557, 0.0 ], [ 761.900825923041452, -645.131144089464101, 0.0 ] ] } },
{ "type": "Feature", "properties": { "Layer": "023_MUROS_2", "PaperSpace": null, "SubClasses": null, "Linetype": null, "EntityHandle": "1D1EE916", "Text": null }, "geometry": { "type": "LineString", "coordinates": [ [ 761.900825923041452, -645.131144089464101, 0.0 ], [ 761.888409308988457, -645.106498378565561, 0.0 ] ] } },
{ "type": "Feature", "properties": { "Layer": "023_MUROS_2", "PaperSpace": null, "SubClasses": null, "Linetype": null, "EntityHandle": "1D1EE917", "Text": null }, "geometry": { "type": "LineString", "coordinates": [ [ 761.888409308988457, -645.106498378565561, 0.0 ], [ 761.986992152582843, -645.05683192235324, 0.0 ] ] } },
{ "type": "Feature", "properties": { "Layer": "023_MUROS_2", "PaperSpace": null, "SubClasses": null, "Linetype": null, "EntityHandle": "1D1EE918", "Text": null }, "geometry": { "type": "LineString", "coordinates": [ [ 761.986992152582843, -645.05683192235324, 0.0 ], [ 761.813159555839547, -644.711791969772889, 0.0 ] ] } },
{ "type": "Feature", "properties": { "Layer": "023_MUROS_2", "PaperSpace": null, "SubClasses": null, "Linetype": null, "EntityHandle": "1D1EE919", "Text": null }, "geometry": { "type": "LineString", "coordinates": [ [ 761.813159555839547, -644.711791969772889, 0.0 ], [ 761.714576712245162, -644.761458425985211, 0.0 ] ] } },
{ "type": "Feature", "properties": { "Layer": "023_MUROS_2", "PaperSpace": null, "SubClasses": null, "Linetype": null, "EntityHandle": "1D1EE91A", "Text": null }, "geometry": { "type": "LineString", "coordinates": [ [ 761.714576712245162, -644.761458425985211, 0.0 ], [ 761.695951791165385, -644.724489859637401, 0.0 ] ] } },
{ "type": "Feature", "properties": { "Layer": "023_MUROS_2", "PaperSpace": null, "SubClasses": null, "Linetype": null, "EntityHandle": "1D1EE91B", "Text": null }, "geometry": { "type": "LineString", "coordinates": [ [ 761.695951791165385, -644.724489859637401, 0.0 ], [ 761.720597502063924, -644.712073245584406, 0.0 ] ] } },
{ "type": "Feature", "properties": { "Layer": "023_MUROS_2", "PaperSpace": null, "SubClasses": null, "Linetype": null, "EntityHandle": "1D1EE91C", "Text": null }, "geometry": { "type": "LineString", "coordinates": [ [ 761.720597502063924, -644.712073245584406, 0.0 ], [ 761.726805809090592, -644.724396101033562, 0.0 ] ] } },
{ "type": "Feature", "properties": { "Layer": "023_MUROS_2", "PaperSpace": null, "SubClasses": null, "Linetype": null, "EntityHandle": "1D1EE91D", "Text": null }, "geometry": { "type": "LineString", "coordinates": [ [ 761.726805809090592, -644.724396101033562, 0.0 ], [ 762.085929025041651, -644.543468296260016, 0.0 ] ] } },
{ "type": "Feature", "properties": { "Layer": "023_MUROS_2", "PaperSpace": null, "SubClasses": null, "Linetype": null, "EntityHandle": "1D1EE91E", "Text": null }, "geometry": { "type": "LineString", "coordinates": [ [ 762.085929025041651, -644.543468296260016, 0.0 ], [ 761.938703458411965, -644.251240581319735, 0.0 ] ] } },
{ "type": "Feature", "properties": { "Layer": "023_MUROS_2", "PaperSpace": null, "SubClasses": null, "Linetype": null, "EntityHandle": "1D1EE91F", "Text": null }, "geometry": { "type": "LineString", "coordinates": [ [ 761.938703458411965, -644.251240581319735, 0.0 ], [ 761.579580242461589, -644.432168386093281, 0.0 ] ] } },
{ "type": "Feature", "properties": { "Layer": "023_MUROS_2", "PaperSpace": null, "SubClasses": null, "Linetype": null, "EntityHandle": "1D1EE920", "Text": null }, "geometry": { "type": "LineString", "coordinates": [ [ 761.579580242461589, -644.432168386093281, 0.0 ], [ 761.669157243844552, -644.609969586147258, 0.0 ] ] } },
{ "type": "Feature", "properties": { "Layer": "023_MUROS_2", "PaperSpace": null, "SubClasses": null, "Linetype": null, "EntityHandle": "1D1EE921", "Text": null }, "geometry": { "type": "LineString", "coordinates": [ [ 761.669157243844552, -644.609969586147258, 0.0 ], [ 761.644511532945671, -644.622386200200367, 0.0 ] ] } },
{ "type": "Feature", "properties": { "Layer": "023_MUROS_2", "PaperSpace": null, "SubClasses": null, "Linetype": null, "EntityHandle": "1D1EE922", "Text": null }, "geometry": { "type": "LineString", "coordinates": [ [ 761.644511532945671, -644.622386200200367, 0.0 ], [ 761.536309610483045, -644.407616433798466, 0.0 ] ] } },
{ "type": "Feature", "properties": { "Layer": "023_MUROS_2", "PaperSpace": null, "SubClasses": null, "Linetype": null, "EntityHandle": "1D1EE923", "Text": null }, "geometry": { "type": "LineString", "coordinates": [ [ 761.536309610483045, -644.407616433798466, 0.0 ], [ 761.560955321381698, -644.395199819745244, 0.0 ] ] } },
{ "type": "Feature", "properties": { "Layer": "023_MUROS_2", "PaperSpace": null, "SubClasses": null, "Linetype": null, "EntityHandle": "1D1EE924", "Text": null }, "geometry": { "type": "LineString", "coordinates": [ [ 761.560955321381698, -644.395199819745244, 0.0 ], [ 761.567163628408252, -644.407522675194741, 0.0 ] ] } },
{ "type": "Feature", "properties": { "Layer": "023_MUROS_2", "PaperSpace": null, "SubClasses": null, "Linetype": null, "EntityHandle": "1D1EE925", "Text": null }, "geometry": { "type": "LineString", "coordinates": [ [ 761.567163628408252, -644.407522675194741, 0.0 ], [ 761.92628684435897, -644.226594870421195, 0.0 ] ] } },
{ "type": "Feature", "properties": { "Layer": "023_MUROS_2", "PaperSpace": null, "SubClasses": null, "Linetype": null, "EntityHandle": "1D1EE926", "Text": null }, "geometry": { "type": "LineString", "coordinates": [ [ 761.92628684435897, -644.226594870421195, 0.0 ], [ 761.779061277729625, -643.9343671554808, 0.0 ] ] } },
{ "type": "Feature", "properties": { "Layer": "023_MUROS_2", "PaperSpace": null, "SubClasses": null, "Linetype": null, "EntityHandle": "1D1EE927", "Text": null }, "geometry": { "type": "LineString", "coordinates": [ [ 761.779061277729625, -643.9343671554808, 0.0 ], [ 761.419938061778907, -644.11529496025446, 0.0 ] ] } },
{ "type": "Feature", "properties": { "Layer": "023_MUROS_2", "PaperSpace": null, "SubClasses": null, "Linetype": null, "EntityHandle": "1D1EE928", "Text": null }, "geometry": { "type": "LineString", "coordinates": [ [ 761.419938061778907, -644.11529496025446, 0.0 ], [ 761.509515063161871, -644.293096160308437, 0.0 ] ] } },
{ "type": "Feature", "properties": { "Layer": "023_MUROS_2", "PaperSpace": null, "SubClasses": null, "Linetype": null, "EntityHandle": "1D1EE929", "Text": null }, "geometry": { "type": "LineString", "coordinates": [ [ 761.509515063161871, -644.293096160308437, 0.0 ], [ 761.484869352263331, -644.305512774361546, 0.0 ] ] } },
{ "type": "Feature", "properties": { "Layer": "023_MUROS_2", "PaperSpace": null, "SubClasses": null, "Linetype": null, "EntityHandle": "1D1EE92A", "Text": null }, "geometry": { "type": "LineString", "coordinates": [ [ 761.484869352263331, -644.305512774361546, 0.0 ], [ 761.382875736826804, -644.103065863408688, 0.0 ] ] } },
{ "type": "Feature", "properties": { "Layer": "023_MUROS_2", "PaperSpace": null, "SubClasses": null, "Linetype": null, "EntityHandle": "1D1EE92B", "Text": null }, "geometry": { "type": "LineString", "coordinates": [ [ 761.382875736826804, -644.103065863408688, 0.0 ], [ 761.766644663676402, -643.909721444582033, 0.0 ] ] } },
{ "type": "Feature", "properties": { "Layer": "023_MUROS_2", "PaperSpace": null, "SubClasses": null, "Linetype": null, "EntityHandle": "1D1EE92C", "Text": null }, "geometry": { "type": "LineString", "coordinates": [ [ 761.766644663676402, -643.909721444582033, 0.0 ], [ 761.581282353884262, -643.541796189024694, 0.0 ] ] } },
{ "type": "Feature", "properties": { "Layer": "023_MUROS_2", "PaperSpace": null, "SubClasses": null, "Linetype": null, "EntityHandle": "1D1EE92D", "Text": null }, "geometry": { "type": "LineString", "coordinates": [ [ 761.581282353884262, -643.541796189024694, 0.0 ], [ 761.222159137933204, -643.722723993798127, 0.0 ] ] } },
{ "type": "Feature", "properties": { "Layer": "023_MUROS_2", "PaperSpace": null, "SubClasses": null, "Linetype": null, "EntityHandle": "1D1EE92E", "Text": null }, "geometry": { "type": "LineString", "coordinates": [ [ 761.222159137933204, -643.722723993798127, 0.0 ], [ 761.320605149354037, -643.918129273065574, 0.0 ] ] } },
{ "type": "Feature", "properties": { "Layer": "023_MUROS_2", "PaperSpace": null, "SubClasses": null, "Linetype": null, "EntityHandle": "1D1EE92F", "Text": null }, "geometry": { "type": "LineString", "coordinates": [ [ 761.320605149354037, -643.918129273065574, 0.0 ], [ 761.295959438455498, -643.930545887118683, 0.0 ] ] } },
{ "type": "Feature", "properties": { "Layer": "023_MUROS_2", "PaperSpace": null, "SubClasses": null, "Linetype": null, "EntityHandle": "1D1EE930", "Text": null }, "geometry": { "type": "LineString", "coordinates": [ [ 761.295959438455498, -643.930545887118683, 0.0 ], [ 761.160263584874997, -643.661203475155389, 0.0 ] ] } },
{ "type": "Feature", "properties": { "Layer": "023_MUROS_2", "PaperSpace": null, "SubClasses": null, "Linetype": null, "EntityHandle": "1D1EE931", "Text": null }, "geometry": { "type": "LineString", "coordinates": [ [ 761.160263584874997, -643.661203475155389, 0.0 ], [ 761.184909295773878, -643.64878686110228, 0.0 ] ] } },
{ "type": "Feature", "properties": { "Layer": "023_MUROS_2", "PaperSpace": null, "SubClasses": null, "Linetype": null, "EntityHandle": "1D1EE932", "Text": null }, "geometry": { "type": "LineString", "coordinates": [ [ 761.184909295773878, -643.64878686110228, 0.0 ], [ 761.209742523880209, -643.698078282899587, 0.0 ] ] } },
{ "type": "Feature", "properties": { "Layer": "023_MUROS_2", "PaperSpace": null, "SubClasses": null, "Linetype": null, "EntityHandle": "1D1EE933", "Text": null }, "geometry": { "type": "LineString", "coordinates": [ [ 761.209742523880209, -643.698078282899587, 0.0 ], [ 761.568865739831153, -643.517150478126041, 0.0 ] ] } },
{ "type": "Feature", "properties": { "Layer": "023_MUROS_2", "PaperSpace": null, "SubClasses": null, "Linetype": null, "EntityHandle": "1D1EE934", "Text": null }, "geometry": { "type": "LineString", "coordinates": [ [ 761.568865739831153, -643.517150478126041, 0.0 ], [ 761.399467648106793, -643.180912565152539, 0.0 ] ] } },
{ "type": "Feature", "properties": { "Layer": "023_MUROS_2", "PaperSpace": null, "SubClasses": null, "Linetype": null, "EntityHandle": "1D1EE935", "Text": null }, "geometry": { "type": "LineString", "coordinates": [ [ 761.399467648106793, -643.180912565152539, 0.0 ], [ 761.040344432156076, -643.361840369926085, 0.0 ] ] } },
{ "type": "Feature", "properties": { "Layer": "023_MUROS_2", "PaperSpace": null, "SubClasses": null, "Linetype": null, "EntityHandle": "1D1EE936", "Text": null }, "geometry": { "type": "LineString", "coordinates": [ [ 761.040344432156076, -643.361840369926085, 0.0 ], [ 761.098879898406381, -643.478027292733714, 0.0 ] ] } },
{ "type": "Feature", "properties": { "Layer": "023_MUROS_2", "PaperSpace": null, "SubClasses": null, "Linetype": null, "EntityHandle": "1D1EE937", "Text": null }, "geometry": { "type": "LineString", "coordinates": [ [ 761.098879898406381, -643.478027292733714, 0.0 ], [ 761.0742341875075, -643.490443906786709, 0.0 ] ] } },
{ "type": "Feature", "properties": { "Layer": "023_MUROS_2", "PaperSpace": null, "SubClasses": null, "Linetype": null, "EntityHandle": "1D1EE938", "Text": null }, "geometry": { "type": "LineString", "coordinates": [ [ 761.0742341875075, -643.490443906786709, 0.0 ], [ 761.015698721257195, -643.374256983979194, 0.0 ] ] } },
{ "type": "Feature", "properties": { "Layer": "023_MUROS_2", "PaperSpace": null, "SubClasses": null, "Linetype": null, "EntityHandle": "1D1EE939", "Text": null }, "geometry": { "type": "LineString", "coordinates": [ [ 761.015698721257195, -643.374256983979194, 0.0 ], [ 760.836137113281779, -643.464720886365853, 0.0 ] ] } },
{ "type": "Feature", "properties": { "Layer": "023_MUROS_2", "PaperSpace": null, "SubClasses": null, "Linetype": null, "EntityHandle": "1D1EE93A", "Text": null }, "geometry": { "type": "LineString", "coordinates": [ [ 760.836137113281779, -643.464720886365853, 0.0 ], [ 760.840571618300714, -643.473522925972361, 0.0 ] ] } },
{ "type": "Feature", "properties": { "Layer": "023_MUROS_2", "PaperSpace": null, "SubClasses": null, "Linetype": null, "EntityHandle": "1D1EE93B", "Text": null }, "geometry": { "type": "LineString", "coordinates": [ [ 760.920392708642112, -643.631959638891999, 0.0 ], [ 760.991344788945412, -643.772792272598281, 0.0 ] ] } },
{ "type": "Feature", "properties": { "Layer": "023_MUROS_2", "PaperSpace": null, "SubClasses": null, "Linetype": null, "EntityHandle": "1D1EE93C", "Text": null }, "geometry": { "type": "LineString", "coordinates": [ [ 760.991344788945412, -643.772792272598281, 0.0 ], [ 760.973740709732169, -643.781661282636151, 0.0 ] ] } },
{ "type": "Feature", "properties": { "Layer": "023_MUROS_2", "PaperSpace": null, "SubClasses": null, "Linetype": null, "EntityHandle": "1D1EE93D", "Text": null }, "geometry": { "type": "LineString", "coordinates": [ [ 760.973740709732169, -643.781661282636151, 0.0 ], [ 760.919639748500913, -643.67427639943503, 0.0 ] ] } },
{ "type": "Feature", "properties": { "Layer": "023_MUROS_2", "PaperSpace": null, "SubClasses": null, "Linetype": null, "EntityHandle": "1D1EE93E", "Text": null }, "geometry": { "type": "LineString", "coordinates": [ [ 760.919639748500913, -643.67427639943503, 0.0 ], [ 760.586922651369719, -643.841900689151657, 0.0 ] ] } },
{ "type": "Feature", "properties": { "Layer": "023_MUROS_2", "PaperSpace": null, "SubClasses": null, "Linetype": null, "EntityHandle": "1D1EE93F", "Text": null }, "geometry": { "type": "LineString", "coordinates": [ [ 760.910770738462929, -643.656672320222015, 0.0 ], [ 760.57805364133219, -643.824296609938642, 0.0 ] ] } },
{ "type": "Feature", "properties": { "Layer": "023_MUROS_2", "PaperSpace": null, "SubClasses": null, "Linetype": null, "EntityHandle": "1D1EE940", "Text": null }, "geometry": { "type": "LineString", "coordinates": [ [ 760.586922651369719, -643.841900689151657, 0.0 ], [ 760.641023612601316, -643.949285572352892, 0.0 ] ] } },
{ "type": "Feature", "properties": { "Layer": "023_MUROS_2", "PaperSpace": null, "SubClasses": null, "Linetype": null, "EntityHandle": "1D1EE941", "Text": null }, "geometry": { "type": "LineString", "coordinates": [ [ 760.641023612601316, -643.949285572352892, 0.0 ], [ 760.605815454174831, -643.967023592428745, 0.0 ] ] } },
{ "type": "Feature", "properties": { "Layer": "023_MUROS_2", "PaperSpace": null, "SubClasses": null, "Linetype": null, "EntityHandle": "1D1EE942", "Text": null }, "geometry": { "type": "LineString", "coordinates": [ [ 760.462078132593547, -644.242504449676176, 0.0 ], [ 761.072939681294315, -643.93474980136034, 0.0 ] ] } },
{ "type": "Feature", "properties": { "Layer": "023_MUROS_2", "PaperSpace": null, "SubClasses": null, "Linetype": null, "EntityHandle": "1D1EE943", "Text": null }, "geometry": { "type": "LineString", "coordinates": [ [ 761.072939681294315, -643.93474980136034, 0.0 ], [ 761.146552464609044, -644.080863658830594, 0.0 ] ] } },
{ "type": "Feature", "properties": { "Layer": "023_MUROS_2", "PaperSpace": null, "SubClasses": null, "Linetype": null, "EntityHandle": "1D1EE944", "Text": null }, "geometry": { "type": "LineString", "coordinates": [ [ 761.146552464609044, -644.080863658830594, 0.0 ], [ 761.128948385395802, -644.089732668868578, 0.0 ] ] } },
{ "type": "Feature", "properties": { "Layer": "023_MUROS_2", "PaperSpace": null, "SubClasses": null, "Linetype": null, "EntityHandle": "1D1EE945", "Text": null }, "geometry": { "type": "LineString", "coordinates": [ [ 761.128948385395802, -644.089732668868578, 0.0 ], [ 761.067752216133954, -643.968264522296977, 0.0 ] ] } },
{ "type": "Feature", "properties": { "Layer": "023_MUROS_2", "PaperSpace": null, "SubClasses": null, "Linetype": null, "EntityHandle": "1D1EE946", "Text": null }, "geometry": { "type": "LineString", "coordinates": [ [ 761.067752216133954, -643.968264522296977, 0.0 ], [ 760.546671471421064, -644.230787219419085, 0.0 ] ] } },
{ "type": "Feature", "properties": { "Layer": "023_MUROS_2", "PaperSpace": null, "SubClasses": null, "Linetype": null, "EntityHandle": "1D1EE947", "Text": null }, "geometry": { "type": "LineString", "coordinates": [ [ 760.546671471421064, -644.230787219419085, 0.0 ], [ 760.605206937671596, -644.346974142226827, 0.0 ] ] } },
{ "type": "Feature", "properties": { "Layer": "023_MUROS_2", "PaperSpace": null, "SubClasses": null, "Linetype": null, "EntityHandle": "1D1EE948", "Text": null }, "geometry": { "type": "LineString", "coordinates": [ [ 760.605206937671596, -644.346974142226827, 0.0 ], [ 760.580561226772829, -644.359390756279822, 0.0 ] ] } },
{ "type": "Feature", "properties": { "Layer": "023_MUROS_2", "PaperSpace": null, "SubClasses": null, "Linetype": null, "EntityHandle": "1D1EE949", "Text": null }, "geometry": { "type": "LineString", "coordinates": [ [ 760.580561226772829, -644.359390756279822, 0.0 ], [ 760.522025760522524, -644.243203833472194, 0.0 ] ] } },
{ "type": "Feature", "properties": { "Layer": "023_MUROS_2", "PaperSpace": null, "SubClasses": null, "Linetype": null, "EntityHandle": "1D1EE94A", "Text": null }, "geometry": { "type": "LineString", "coordinates": [ [ 760.522025760522524, -644.243203833472194, 0.0 ], [ 760.45689066743364, -644.276019170612585, 0.0 ] ] } },
{ "type": "Feature", "properties": { "Layer": "023_MUROS_2", "PaperSpace": null, "SubClasses": null, "Linetype": null, "EntityHandle": "1D1EE94B", "Text": null }, "geometry": { "type": "LineString", "coordinates": [ [ 760.473399322884688, -643.616568475221811, 0.0 ], [ 761.482113061805421, -643.108374200049184, 0.0 ] ] } },
{ "type": "Feature", "properties": { "Layer": "023_MUROS_2", "PaperSpace": null, "SubClasses": null, "Linetype": null, "EntityHandle": "1D1EE94C", "Text": null }, "geometry": { "type": "LineString", "coordinates": [ [ 761.482113061805421, -643.108374200049184, 0.0 ], [ 759.820060580699419, -639.809369755481043, 0.0 ] ] } },
{ "type": "Feature", "properties": { "Layer": "023_MUROS_2", "PaperSpace": null, "SubClasses": null, "Linetype": null, "EntityHandle": "1D1EE94D", "Text": null }, "geometry": { "type": "LineString", "coordinates": [ [ 759.820060580699419, -639.809369755481043, 0.0 ], [ 759.054283134922002, -640.19517169213043, 0.0 ] ] } },
{ "type": "Feature", "properties": { "Layer": "023_MUROS_2", "PaperSpace": null, "SubClasses": null, "Linetype": null, "EntityHandle": "1D1EE94E", "Text": null }, "geometry": { "type": "LineString", "coordinates": [ [ 759.054283134922002, -640.19517169213043, 0.0 ], [ 759.030336807819481, -640.147640678254675, 0.0 ] ] } },
{ "type": "Feature", "properties": { "Layer": "023_MUROS_2", "PaperSpace": null, "SubClasses": null, "Linetype": null, "EntityHandle": "1D1EE94F", "Text": null }, "geometry": { "type": "LineString", "coordinates": [ [ 759.030336807819481, -640.147640678254675, 0.0 ], [ 759.025935788016227, -640.149857930764142, 0.0 ] ] } },
{ "type": "Feature", "properties": { "Layer": "023_MUROS_2", "PaperSpace": null, "SubClasses": null, "Linetype": null, "EntityHandle": "1D1EE950", "Text": null }, "geometry": { "type": "LineString", "coordinates": [ [ 759.025935788016227, -640.149857930764142, 0.0 ], [ 759.017066777978243, -640.132253851550786, 0.0 ] ] } },
{ "type": "Feature", "properties": { "Layer": "023_MUROS_2", "PaperSpace": null, "SubClasses": null, "Linetype": null, "EntityHandle": "1D1EE951", "Text": null }, "geometry": { "type": "LineString", "coordinates": [ [ 759.017066777978243, -640.132253851550786, 0.0 ], [ 759.79076605940179, -639.742460860384313, 0.0 ] ] } },
{ "type": "Feature", "properties": { "Layer": "023_MUROS_2", "PaperSpace": null, "SubClasses": null, "Linetype": null, "EntityHandle": "1D1EE952", "Text": null }, "geometry": { "type": "LineString", "coordinates": [ [ 759.79076605940179, -639.742460860384313, 0.0 ], [ 759.786331554382855, -639.733658820777805, 0.0 ] ] } },
{ "type": "Feature", "properties": { "Layer": "023_MUROS_2", "PaperSpace": null, "SubClasses": null, "Linetype": null, "EntityHandle": "1D1EE953", "Text": null }, "geometry": { "type": "LineString", "coordinates": [ [ 759.786331554382855, -639.733658820777805, 0.0 ], [ 759.800414817753335, -639.726563612747441, 0.0 ] ] } },
{ "type": "Feature", "properties": { "Layer": "023_MUROS_2", "PaperSpace": null, "SubClasses": null, "Linetype": null, "EntityHandle": "1D1EE954", "Text": null }, "geometry": { "type": "LineString", "coordinates": [ [ 759.800414817753335, -639.726563612747441, 0.0 ], [ 759.884670413113668, -639.8938023652737, 0.0 ] ] } },
{ "type": "Feature", "properties": { "Layer": "023_MUROS_2", "PaperSpace": null, "SubClasses": null, "Linetype": null, "EntityHandle": "1D1EE955", "Text": null }, "geometry": { "type": "LineString", "coordinates": [ [ 765.996850259813868, -643.211019701652049, 0.0 ], [ 766.005719269851511, -643.228623780865178, 0.0 ] ] } },
{ "type": "Feature", "properties": { "Layer": "023_MUROS_2", "PaperSpace": null, "SubClasses": null, "Linetype": null, "EntityHandle": "1D1EE956", "Text": null }, "geometry": { "type": "LineString", "coordinates": [ [ 766.56944690711066, -642.20519253636644, 0.0 ], [ 766.639512086410377, -642.344264762151283, 0.0 ] ] } },
{ "type": "Feature", "properties": { "Layer": "023_MUROS_2", "PaperSpace": null, "SubClasses": null, "Linetype": null, "EntityHandle": "1D1EE957", "Text": null }, "geometry": { "type": "LineString", "coordinates": [ [ 766.839951713267055, -642.742116952371362, 0.0 ], [ 766.857689733342909, -642.77732511079796, 0.0 ] ] } },
{ "type": "Feature", "properties": { "Layer": "023_MUROS_2", "PaperSpace": null, "SubClasses": null, "Linetype": null, "EntityHandle": "1D1EE958", "Text": null }, "geometry": { "type": "LineString", "coordinates": [ [ 764.98210918207792, -641.735741395923696, 0.0 ], [ 764.520882306690055, -641.96810945891707, 0.0 ] ] } },
{ "type": "Feature", "properties": { "Layer": "023_MUROS_2", "PaperSpace": null, "SubClasses": null, "Linetype": null, "EntityHandle": "1D1EE959", "Text": null }, "geometry": { "type": "LineString", "coordinates": [ [ 764.556358346841648, -642.038525775770268, 0.0 ], [ 764.322224093305294, -642.156483609274574, 0.0 ] ] } },
{ "type": "Feature", "properties": { "Layer": "023_MUROS_2", "PaperSpace": null, "SubClasses": null, "Linetype": null, "EntityHandle": "1D1EE95A", "Text": null }, "geometry": { "type": "LineString", "coordinates": [ [ 764.738936515535329, -642.650649259889747, 0.0 ], [ 764.605145513514685, -642.718053736178035, 0.0 ] ] } },
{ "type": "Feature", "properties": { "Layer": "023_MUROS_2", "PaperSpace": null, "SubClasses": null, "Linetype": null, "EntityHandle": "1D1EE95B", "Text": null }, "geometry": { "type": "LineString", "coordinates": [ [ 764.809888595838629, -642.791481893596028, 0.0 ], [ 764.658493514604743, -642.867755379922187, 0.0 ] ] } },
{ "type": "Feature", "properties": { "Layer": "023_MUROS_2", "PaperSpace": null, "SubClasses": null, "Linetype": null, "EntityHandle": "1D1EE95C", "Text": null }, "geometry": { "type": "LineString", "coordinates": [ [ 763.554252142317864, -638.919115509971903, 0.0 ], [ 762.865932645079056, -639.265893802454457, 0.0 ] ] } },
{ "type": "Feature", "properties": { "Layer": "023_MUROS_2", "PaperSpace": null, "SubClasses": null, "Linetype": null, "EntityHandle": "1D1EE95D", "Text": null }, "geometry": { "type": "LineString", "coordinates": [ [ 764.97324017204005, -641.718137316710454, 0.0 ], [ 764.277879043115377, -642.068463213208133, 0.0 ] ] } },
{ "type": "Feature", "properties": { "Layer": "023_MUROS_2", "PaperSpace": null, "SubClasses": null, "Linetype": null, "EntityHandle": "1D1EE95E", "Text": null }, "geometry": { "type": "LineString", "coordinates": [ [ 766.857689733342909, -642.77732511079796, 0.0 ], [ 765.996850259813868, -643.211019701652049, 0.0 ] ] } },
{ "type": "Feature", "properties": { "Layer": "023_MUROS_2", "PaperSpace": null, "SubClasses": null, "Linetype": null, "EntityHandle": "1D1EE95F", "Text": null }, "geometry": { "type": "LineString", "coordinates": [ [ 762.848328565865472, -639.27476281249244, 0.0 ], [ 761.772543285142206, -639.816748015909639, 0.0 ] ] } },
{ "type": "Feature", "properties": { "Layer": "023_MUROS_2", "PaperSpace": null, "SubClasses": null, "Linetype": null, "EntityHandle": "1D1EE960", "Text": null }, "geometry": { "type": "LineString", "coordinates": [ [ 763.545383132280222, -638.901511430758546, 0.0 ], [ 761.937954659315551, -639.711340737321052, 0.0 ] ] } },
{ "type": "Feature", "properties": { "Layer": "023_MUROS_2", "PaperSpace": null, "SubClasses": null, "Linetype": null, "EntityHandle": "1D1EE961", "Text": null }, "geometry": { "type": "LineString", "coordinates": [ [ 761.916829764259546, -639.721983549366428, 0.0 ], [ 761.763674275104222, -639.799143936696396, 0.0 ] ] } },
{ "type": "Feature", "properties": { "Layer": "023_MUROS_2", "PaperSpace": null, "SubClasses": null, "Linetype": null, "EntityHandle": "1D1EE962", "Text": null }, "geometry": { "type": "LineString", "coordinates": [ [ 761.916829764259546, -639.721983549366428, 0.0 ], [ 761.763674275104222, -639.799143936696396, 0.0 ] ] } },
{ "type": "Feature", "properties": { "Layer": "023_MUROS_2", "PaperSpace": null, "SubClasses": null, "Linetype": null, "EntityHandle": "1D1EE963", "Text": null }, "geometry": { "type": "LineString", "coordinates": [ [ 766.884162822594135, -642.786060179973106, 0.0 ], [ 766.005719269851511, -643.228623780865178, 0.0 ] ] } },
{ "type": "Feature", "properties": { "Layer": "023_MUROS_2", "PaperSpace": null, "SubClasses": null, "Linetype": null, "EntityHandle": "1D1EE964", "Text": null }, "geometry": { "type": "LineString", "coordinates": [ [ 766.786628671506605, -641.440227409696831, 0.0 ], [ 766.323641388197643, -641.673482373694128, 0.0 ] ] } },
{ "type": "Feature", "properties": { "Layer": "023_MUROS_2", "PaperSpace": null, "SubClasses": null, "Linetype": null, "EntityHandle": "1D1EE965", "Text": null }, "geometry": { "type": "LineString", "coordinates": [ [ 766.799865216132503, -641.444594944284631, 0.0 ], [ 766.328075893216578, -641.682284413300749, 0.0 ] ] } },
{ "type": "Feature", "properties": { "Layer": "023_MUROS_2", "PaperSpace": null, "SubClasses": null, "Linetype": null, "EntityHandle": "1D1EE966", "Text": null }, "geometry": { "type": "LineString", "coordinates": [ [ 766.839951713267055, -642.742116952371362, 0.0 ], [ 766.857555792480298, -642.733247942333492, 0.0 ] ] } },
{ "type": "Feature", "properties": { "Layer": "023_MUROS_2", "PaperSpace": null, "SubClasses": null, "Linetype": null, "EntityHandle": "1D1EE967", "Text": null }, "geometry": { "type": "LineString", "coordinates": [ [ 766.639512086410377, -642.344264762151397, 0.0 ], [ 766.657116165623279, -642.3353957521133, 0.0 ] ] } },
{ "type": "Feature", "properties": { "Layer": "023_MUROS_2", "PaperSpace": null, "SubClasses": null, "Linetype": null, "EntityHandle": "1D1EE96B", "Text": null }, "geometry": { "type": "LineString", "coordinates": [ [ 764.277879043115377, -642.068463213208133, 0.0 ], [ 762.865932645079056, -639.265893802454457, 0.0 ] ] } },
{ "type": "Feature", "properties": { "Layer": "023_MUROS_2", "PaperSpace": null, "SubClasses": null, "Linetype": null, "EntityHandle": "1D1EE96C", "Text": null }, "geometry": { "type": "LineString", "coordinates": [ [ 764.98210918207792, -641.735741395923696, 0.0 ], [ 764.97324017204005, -641.718137316710454, 0.0 ] ] } },
{ "type": "Feature", "properties": { "Layer": "023_MUROS_2", "PaperSpace": null, "SubClasses": null, "Linetype": null, "EntityHandle": "1D1EE96D", "Text": null }, "geometry": { "type": "LineString", "coordinates": [ [ 761.763674275104222, -639.799143936696396, 0.0 ], [ 761.772543285142206, -639.816748015909639, 0.0 ] ] } },
{ "type": "Feature", "properties": { "Layer": "023_MUROS_2", "PaperSpace": null, "SubClasses": null, "Linetype": null, "EntityHandle": "1D1EE96E", "Text": null }, "geometry": { "type": "LineString", "coordinates": [ [ 758.775077659227009, -640.27624132380447, 0.0 ], [ 758.851351145553053, -640.427636405038697, 0.0 ] ] } },
{ "type": "Feature", "properties": { "Layer": "023_MUROS_2", "PaperSpace": null, "SubClasses": null, "Linetype": null, "EntityHandle": "1D1EE96F", "Text": null }, "geometry": { "type": "LineString", "coordinates": [ [ 758.851351145553053, -640.427636405038697, 0.0 ], [ 758.759809933643965, -640.47375525723578, 0.0 ] ] } },
{ "type": "Feature", "properties": { "Layer": "023_MUROS_2", "PaperSpace": null, "SubClasses": null, "Linetype": null, "EntityHandle": "1D1EE970", "Text": null }, "geometry": { "type": "LineString", "coordinates": [ [ 758.817836424616644, -640.422448939878564, 0.0 ], [ 758.750940923606095, -640.456151178022537, 0.0 ] ] } },
{ "type": "Feature", "properties": { "Layer": "023_MUROS_2", "PaperSpace": null, "SubClasses": null, "Linetype": null, "EntityHandle": "1D1EE971", "Text": null }, "geometry": { "type": "LineString", "coordinates": [ [ 758.611935668252499, -640.548254941554319, 0.0 ], [ 758.413009573142631, -640.648474754982885, 0.0 ] ] } },
{ "type": "Feature", "properties": { "Layer": "023_MUROS_2", "PaperSpace": null, "SubClasses": null, "Linetype": null, "EntityHandle": "1D1EE972", "Text": null }, "geometry": { "type": "LineString", "coordinates": [ [ 758.60306665821463, -640.530650862341076, 0.0 ], [ 758.421744642318004, -640.622001665731659, 0.0 ] ] } },
{ "type": "Feature", "properties": { "Layer": "023_MUROS_2", "PaperSpace": null, "SubClasses": null, "Linetype": null, "EntityHandle": "1D1EE973", "Text": null }, "geometry": { "type": "LineString", "coordinates": [ [ 758.55087922247526, -639.892566155558939, 0.0 ], [ 758.137183360963377, -640.100987891449904, 0.0 ] ] } },
{ "type": "Feature", "properties": { "Layer": "023_MUROS_2", "PaperSpace": null, "SubClasses": null, "Linetype": null, "EntityHandle": "1D1EE974", "Text": null }, "geometry": { "type": "LineString", "coordinates": [ [ 758.559748232513243, -639.910170234772181, 0.0 ], [ 758.163656450214262, -640.109722960625277, 0.0 ] ] } },
{ "type": "Feature", "properties": { "Layer": "023_MUROS_2", "PaperSpace": null, "SubClasses": null, "Linetype": null, "EntityHandle": "1D1EE975", "Text": null }, "geometry": { "type": "LineString", "coordinates": [ [ 758.413009573142631, -640.648474754982885, 0.0 ], [ 758.137183360963377, -640.100987891449904, 0.0 ] ] } },
{ "type": "Feature", "properties": { "Layer": "023_MUROS_2", "PaperSpace": null, "SubClasses": null, "Linetype": null, "EntityHandle": "1D1EE976", "Text": null }, "geometry": { "type": "LineString", "coordinates": [ [ 758.421744642318004, -640.622001665731659, 0.0 ], [ 758.163656450214262, -640.109722960625277, 0.0 ] ] } },
{ "type": "Feature", "properties": { "Layer": "023_MUROS_2", "PaperSpace": null, "SubClasses": null, "Linetype": null, "EntityHandle": "1D1EE977", "Text": null }, "geometry": { "type": "LineString", "coordinates": [ [ 758.60306665821463, -640.530650862341076, 0.0 ], [ 758.611935668252499, -640.548254941554319, 0.0 ] ] } },
{ "type": "Feature", "properties": { "Layer": "023_MUROS_2", "PaperSpace": null, "SubClasses": null, "Linetype": null, "EntityHandle": "1D1EE978", "Text": null }, "geometry": { "type": "LineString", "coordinates": [ [ 758.750940923606095, -640.456151178022537, 0.0 ], [ 758.759809933643965, -640.47375525723578, 0.0 ] ] } },
{ "type": "Feature", "properties": { "Layer": "023_MUROS_2", "PaperSpace": null, "SubClasses": null, "Linetype": null, "EntityHandle": "1D1EE98C", "Text": null }, "geometry": { "type": "LineString", "coordinates": [ [ 757.10025453520359, -637.416288338218578, 0.0 ], [ 757.082650455990347, -637.425157348256448, 0.0 ] ] } },
{ "type": "Feature", "properties": { "Layer": "023_MUROS_2", "PaperSpace": null, "SubClasses": null, "Linetype": null, "EntityHandle": "1D1EE98D", "Text": null }, "geometry": { "type": "LineString", "coordinates": [ [ 757.140165080374118, -637.495506694678397, 0.0 ], [ 757.122561001161216, -637.504375704716267, 0.0 ] ] } },
{ "type": "Feature", "properties": { "Layer": "023_MUROS_2", "PaperSpace": null, "SubClasses": null, "Linetype": null, "EntityHandle": "1D1EE991", "Text": null }, "geometry": { "type": "LineString", "coordinates": [ [ 756.960124176604495, -637.138143886648891, 0.0 ], [ 756.991165711737153, -637.19975816389524, 0.0 ] ] } },
{ "type": "Feature", "properties": { "Layer": "023_MUROS_2", "PaperSpace": null, "SubClasses": null, "Linetype": null, "EntityHandle": "1D1EE992", "Text": null }, "geometry": { "type": "LineString", "coordinates": [ [ 756.960124176604495, -637.138143886648891, 0.0 ], [ 756.94252009739148, -637.147012896686874, 0.0 ] ] } },
{ "type": "Feature", "properties": { "Layer": "023_MUROS_2", "PaperSpace": null, "SubClasses": null, "Linetype": null, "EntityHandle": "1D1EE993", "Text": null }, "geometry": { "type": "LineString", "coordinates": [ [ 756.920213631433853, -637.058925530189185, 0.0 ], [ 756.902609552220611, -637.067794540227055, 0.0 ] ] } },
{ "type": "Feature", "properties": { "Layer": "023_MUROS_2", "PaperSpace": null, "SubClasses": null, "Linetype": null, "EntityHandle": "1D1EE997", "Text": null }, "geometry": { "type": "LineString", "coordinates": [ [ 757.000034721775364, -637.217362243108596, 0.0 ], [ 757.086951020146671, -637.389882219398714, 0.0 ] ] } },
{ "type": "Feature", "properties": { "Layer": "023_MUROS_2", "PaperSpace": null, "SubClasses": null, "Linetype": null, "EntityHandle": "1D1EEA24", "Text": null }, "geometry": { "type": "LineString", "coordinates": [ [ 762.860266476311836, -630.728966201459116, 0.0 ], [ 762.833659446198226, -630.676153963819274, 0.0 ] ] } },
{ "type": "Feature", "properties": { "Layer": "023_MUROS_2", "PaperSpace": null, "SubClasses": null, "Linetype": null, "EntityHandle": "1D1EEA25", "Text": null }, "geometry": { "type": "LineString", "coordinates": [ [ 762.842662397098593, -630.737835211496986, 0.0 ], [ 762.824924377022853, -630.702627053070501, 0.0 ] ] } },
{ "type": "Feature", "properties": { "Layer": "023_MUROS_2", "PaperSpace": null, "SubClasses": null, "Linetype": null, "EntityHandle": "1D1EEA26", "Text": null }, "geometry": { "type": "LineString", "coordinates": [ [ 762.833659446198226, -630.676153963819274, 0.0 ], [ 762.706910075862424, -630.74001083609221, 0.0 ] ] } },
{ "type": "Feature", "properties": { "Layer": "023_MUROS_2", "PaperSpace": null, "SubClasses": null, "Linetype": null, "EntityHandle": "1D1EEA27", "Text": null }, "geometry": { "type": "LineString", "coordinates": [ [ 762.860266476311836, -630.728966201459116, 0.0 ], [ 762.842662397098593, -630.737835211496986, 0.0 ] ] } },
{ "type": "Feature", "properties": { "Layer": "023_MUROS_2", "PaperSpace": null, "SubClasses": null, "Linetype": null, "EntityHandle": "1D1EEA28", "Text": null }, "geometry": { "type": "LineString", "coordinates": [ [ 762.824924377022853, -630.702627053070501, 0.0 ], [ 762.698175006687165, -630.766483925343437, 0.0 ] ] } },
{ "type": "Feature", "properties": { "Layer": "023_MUROS_2", "PaperSpace": null, "SubClasses": null, "Linetype": null, "EntityHandle": "1D1EEA29", "Text": null }, "geometry": { "type": "LineString", "coordinates": [ [ 762.706910075862424, -630.74001083609221, 0.0 ], [ 762.70247557084349, -630.731208796485589, 0.0 ] ] } },
{ "type": "Feature", "properties": { "Layer": "023_MUROS_2", "PaperSpace": null, "SubClasses": null, "Linetype": null, "EntityHandle": "1D1EEA2A", "Text": null }, "geometry": { "type": "LineString", "coordinates": [ [ 762.698175006687165, -630.766483925343437, 0.0 ], [ 762.684871491630247, -630.740077806523459, 0.0 ] ] } },
{ "type": "Feature", "properties": { "Layer": "023_MUROS_2", "PaperSpace": null, "SubClasses": null, "Linetype": null, "EntityHandle": "1D1EEA2B", "Text": null }, "geometry": { "type": "LineString", "coordinates": [ [ 762.70247557084349, -630.731208796485589, 0.0 ], [ 762.684871491630247, -630.740077806523573, 0.0 ] ] } },
{ "type": "Feature", "properties": { "Layer": "023_MUROS_2", "PaperSpace": null, "SubClasses": null, "Linetype": null, "EntityHandle": "1D1EEA34", "Text": null }, "geometry": { "type": "LineString", "coordinates": [ [ 759.25662378146626, -627.873992924649542, 0.0 ], [ 757.754995824573825, -628.630519480883891, 0.0 ] ] } },
{ "type": "Feature", "properties": { "Layer": "023_MUROS_2", "PaperSpace": null, "SubClasses": null, "Linetype": null, "EntityHandle": "1D1EEA35", "Text": null }, "geometry": { "type": "LineString", "coordinates": [ [ 757.754995824573825, -628.630519480883891, 0.0 ], [ 757.728388794459761, -628.577707243244049, 0.0 ] ] } },
{ "type": "Feature", "properties": { "Layer": "023_MUROS_2", "PaperSpace": null, "SubClasses": null, "Linetype": null, "EntityHandle": "1D1EEA36", "Text": null }, "geometry": { "type": "LineString", "coordinates": [ [ 757.728388794459761, -628.577707243244049, 0.0 ], [ 757.657972477606677, -628.613183283395756, 0.0 ] ] } },
{ "type": "Feature", "properties": { "Layer": "023_MUROS_2", "PaperSpace": null, "SubClasses": null, "Linetype": null, "EntityHandle": "1D1EEA37", "Text": null }, "geometry": { "type": "LineString", "coordinates": [ [ 757.657972477606677, -628.613183283395756, 0.0 ], [ 757.69344851775827, -628.68359960024884, 0.0 ] ] } },
{ "type": "Feature", "properties": { "Layer": "023_MUROS_2", "PaperSpace": null, "SubClasses": null, "Linetype": null, "EntityHandle": "1D1EEA38", "Text": null }, "geometry": { "type": "LineString", "coordinates": [ [ 757.69344851775827, -628.68359960024884, 0.0 ], [ 755.410199443796614, -629.833910202166862, 0.0 ] ] } },
{ "type": "Feature", "properties": { "Layer": "023_MUROS_2", "PaperSpace": null, "SubClasses": null, "Linetype": null, "EntityHandle": "1D1EEA39", "Text": null }, "geometry": { "type": "LineString", "coordinates": [ [ 755.410199443796614, -629.833910202166862, 0.0 ], [ 755.427937463872127, -629.869118360593234, 0.0 ] ] } },
{ "type": "Feature", "properties": { "Layer": "023_MUROS_2", "PaperSpace": null, "SubClasses": null, "Linetype": null, "EntityHandle": "1D1EEA3A", "Text": null }, "geometry": { "type": "LineString", "coordinates": [ [ 755.427937463872127, -629.869118360593234, 0.0 ], [ 755.464906030220163, -629.850493439513571, 0.0 ] ] } },
{ "type": "Feature", "properties": { "Layer": "023_MUROS_2", "PaperSpace": null, "SubClasses": null, "Linetype": null, "EntityHandle": "1D1EEA3B", "Text": null }, "geometry": { "type": "LineString", "coordinates": [ [ 755.464906030220163, -629.850493439513571, 0.0 ], [ 755.628982715921666, -630.176168904959241, 0.0 ] ] } },
{ "type": "Feature", "properties": { "Layer": "023_MUROS_2", "PaperSpace": null, "SubClasses": null, "Linetype": null, "EntityHandle": "1D1EEA3C", "Text": null }, "geometry": { "type": "LineString", "coordinates": [ [ 755.628982715921666, -630.176168904959241, 0.0 ], [ 755.539201911933901, -630.221400856152627, 0.0 ] ] } },
{ "type": "Feature", "properties": { "Layer": "023_MUROS_2", "PaperSpace": null, "SubClasses": null, "Linetype": null, "EntityHandle": "1D1EEA3D", "Text": null }, "geometry": { "type": "LineString", "coordinates": [ [ 755.539201911933901, -630.221400856152627, 0.0 ], [ 755.548070921971885, -630.239004935365756, 0.0 ] ] } },
{ "type": "Feature", "properties": { "Layer": "023_MUROS_2", "PaperSpace": null, "SubClasses": null, "Linetype": null, "EntityHandle": "1D1EEA3E", "Text": null }, "geometry": { "type": "LineString", "coordinates": [ [ 755.548070921971885, -630.239004935365756, 0.0 ], [ 755.655455805172892, -630.1849039741345, 0.0 ] ] } },
{ "type": "Feature", "properties": { "Layer": "023_MUROS_2", "PaperSpace": null, "SubClasses": null, "Linetype": null, "EntityHandle": "1D1EEA3F", "Text": null }, "geometry": { "type": "LineString", "coordinates": [ [ 755.655455805172892, -630.1849039741345, 0.0 ], [ 755.482510109433633, -629.841624429475814, 0.0 ] ] } },
{ "type": "Feature", "properties": { "Layer": "023_MUROS_2", "PaperSpace": null, "SubClasses": null, "Linetype": null, "EntityHandle": "1D1EEA40", "Text": null }, "geometry": { "type": "LineString", "coordinates": [ [ 755.482510109433633, -629.841624429475814, 0.0 ], [ 756.874992775203623, -629.140085735476418, 0.0 ] ] } },
{ "type": "Feature", "properties": { "Layer": "023_MUROS_2", "PaperSpace": null, "SubClasses": null, "Linetype": null, "EntityHandle": "1D1EEA41", "Text": null }, "geometry": { "type": "LineString", "coordinates": [ [ 756.874992775203623, -629.140085735476418, 0.0 ], [ 757.89670273157185, -631.168075660845943, 0.0 ] ] } },
{ "type": "Feature", "properties": { "Layer": "023_MUROS_2", "PaperSpace": null, "SubClasses": null, "Linetype": null, "EntityHandle": "1D1EEA42", "Text": null }, "geometry": { "type": "LineString", "coordinates": [ [ 757.89670273157185, -631.168075660845943, 0.0 ], [ 758.60614712386689, -630.810654556317786, 0.0 ] ] } },
{ "type": "Feature", "properties": { "Layer": "023_MUROS_2", "PaperSpace": null, "SubClasses": null, "Linetype": null, "EntityHandle": "1D1EEA43", "Text": null }, "geometry": { "type": "LineString", "coordinates": [ [ 758.60614712386689, -630.810654556317786, 0.0 ], [ 758.995496664531515, -631.583473633780727, 0.0 ] ] } },
{ "type": "Feature", "properties": { "Layer": "023_MUROS_2", "PaperSpace": null, "SubClasses": null, "Linetype": null, "EntityHandle": "1D1EEA44", "Text": null }, "geometry": { "type": "LineString", "coordinates": [ [ 758.995496664531515, -631.583473633780727, 0.0 ], [ 759.655649635029249, -631.250885757358787, 0.0 ] ] } },
{ "type": "Feature", "properties": { "Layer": "023_MUROS_2", "PaperSpace": null, "SubClasses": null, "Linetype": null, "EntityHandle": "1D1EEA45", "Text": null }, "geometry": { "type": "LineString", "coordinates": [ [ 759.655649635029249, -631.250885757358787, 0.0 ], [ 759.637911614953509, -631.215677598932302, 0.0 ] ] } },
{ "type": "Feature", "properties": { "Layer": "023_MUROS_2", "PaperSpace": null, "SubClasses": null, "Linetype": null, "EntityHandle": "1D1EEA46", "Text": null }, "geometry": { "type": "LineString", "coordinates": [ [ 759.637911614953509, -631.215677598932302, 0.0 ], [ 759.012966802882261, -631.530527455278389, 0.0 ] ] } },
{ "type": "Feature", "properties": { "Layer": "023_MUROS_2", "PaperSpace": null, "SubClasses": null, "Linetype": null, "EntityHandle": "1D1EEA47", "Text": null }, "geometry": { "type": "LineString", "coordinates": [ [ 759.012966802882261, -631.530527455278389, 0.0 ], [ 758.649337391327549, -630.808760207533965, 0.0 ] ] } },
{ "type": "Feature", "properties": { "Layer": "023_MUROS_2", "PaperSpace": null, "SubClasses": null, "Linetype": null, "EntityHandle": "1D1EEA48", "Text": null }, "geometry": { "type": "LineString", "coordinates": [ [ 758.649337391327549, -630.808760207533965, 0.0 ], [ 759.853456409515616, -630.20211992094039, 0.0 ] ] } },
{ "type": "Feature", "properties": { "Layer": "023_MUROS_2", "PaperSpace": null, "SubClasses": null, "Linetype": null, "EntityHandle": "1D1EEA49", "Text": null }, "geometry": { "type": "LineString", "coordinates": [ [ 759.853456409515616, -630.20211992094039, 0.0 ], [ 760.2170858210701, -630.923887168684701, 0.0 ] ] } },
{ "type": "Feature", "properties": { "Layer": "023_MUROS_2", "PaperSpace": null, "SubClasses": null, "Linetype": null, "EntityHandle": "1D1EEA4A", "Text": null }, "geometry": { "type": "LineString", "coordinates": [ [ 760.2170858210701, -630.923887168684701, 0.0 ], [ 759.967107896241828, -631.049827111223181, 0.0 ] ] } },
{ "type": "Feature", "properties": { "Layer": "023_MUROS_2", "PaperSpace": null, "SubClasses": null, "Linetype": null, "EntityHandle": "1D1EEA4B", "Text": null }, "geometry": { "type": "LineString", "coordinates": [ [ 759.967107896241828, -631.049827111223181, 0.0 ], [ 759.984845916317681, -631.085035269649779, 0.0 ] ] } },
{ "type": "Feature", "properties": { "Layer": "023_MUROS_2", "PaperSpace": null, "SubClasses": null, "Linetype": null, "EntityHandle": "1D1EEA4C", "Text": null }, "geometry": { "type": "LineString", "coordinates": [ [ 759.984845916317681, -631.085035269649779, 0.0 ], [ 760.377416882773559, -630.887256345804076, 0.0 ] ] } },
{ "type": "Feature", "properties": { "Layer": "023_MUROS_2", "PaperSpace": null, "SubClasses": null, "Linetype": null, "EntityHandle": "1D1EEA4D", "Text": null }, "geometry": { "type": "LineString", "coordinates": [ [ 760.381784417361132, -630.87401980117852, 0.0 ], [ 760.265597494553845, -630.932555267428825, 0.0 ] ] } },
{ "type": "Feature", "properties": { "Layer": "023_MUROS_2", "PaperSpace": null, "SubClasses": null, "Linetype": null, "EntityHandle": "1D1EEA4E", "Text": null }, "geometry": { "type": "LineString", "coordinates": [ [ 760.265597494553845, -630.932555267428825, 0.0 ], [ 759.870926547866361, -630.149173742438052, 0.0 ] ] } },
{ "type": "Feature", "properties": { "Layer": "023_MUROS_2", "PaperSpace": null, "SubClasses": null, "Linetype": null, "EntityHandle": "1D1EEA4F", "Text": null }, "geometry": { "type": "LineString", "coordinates": [ [ 759.870926547866361, -630.149173742438052, 0.0 ], [ 757.908071715586061, -631.138068361665887, 0.0 ] ] } },
{ "type": "Feature", "properties": { "Layer": "023_MUROS_2", "PaperSpace": null, "SubClasses": null, "Linetype": null, "EntityHandle": "1D1EEA50", "Text": null }, "geometry": { "type": "LineString", "coordinates": [ [ 757.908071715586061, -631.138068361665887, 0.0 ], [ 756.896117670259741, -629.129442923431043, 0.0 ] ] } },
{ "type": "Feature", "properties": { "Layer": "023_MUROS_2", "PaperSpace": null, "SubClasses": null, "Linetype": null, "EntityHandle": "1D1EEA51", "Text": null }, "geometry": { "type": "LineString", "coordinates": [ [ 756.896117670259741, -629.129442923431043, 0.0 ], [ 759.304629087673902, -627.916024619713085, 0.0 ] ] } },
{ "type": "Feature", "properties": { "Layer": "023_MUROS_2", "PaperSpace": null, "SubClasses": null, "Linetype": null, "EntityHandle": "1D1EEA52", "Text": null }, "geometry": { "type": "LineString", "coordinates": [ [ 759.304629087673902, -627.916024619713085, 0.0 ], [ 760.066316614045945, -627.956516939035396, 0.0 ] ] } },
{ "type": "Feature", "properties": { "Layer": "023_MUROS_2", "PaperSpace": null, "SubClasses": null, "Linetype": null, "EntityHandle": "1D1EEA53", "Text": null }, "geometry": { "type": "LineString", "coordinates": [ [ 760.066316614045945, -627.956516939035396, 0.0 ], [ 760.418773075603895, -628.656107022028323, 0.0 ] ] } },
{ "type": "Feature", "properties": { "Layer": "023_MUROS_2", "PaperSpace": null, "SubClasses": null, "Linetype": null, "EntityHandle": "1D1EEA54", "Text": null }, "geometry": { "type": "LineString", "coordinates": [ [ 760.418773075603895, -628.656107022028323, 0.0 ], [ 760.186399229988297, -628.773177954528819, 0.0 ] ] } },
{ "type": "Feature", "properties": { "Layer": "023_MUROS_2", "PaperSpace": null, "SubClasses": null, "Linetype": null, "EntityHandle": "1D1EEA55", "Text": null }, "geometry": { "type": "LineString", "coordinates": [ [ 760.186399229988297, -628.773177954528819, 0.0 ], [ 760.215666963113563, -628.831271415932633, 0.0 ] ] } },
{ "type": "Feature", "properties": { "Layer": "023_MUROS_2", "PaperSpace": null, "SubClasses": null, "Linetype": null, "EntityHandle": "1D1EEA56", "Text": null }, "geometry": { "type": "LineString", "coordinates": [ [ 760.215666963113563, -628.831271415932633, 0.0 ], [ 760.856455446476616, -628.50843945055226, 0.0 ] ] } },
{ "type": "Feature", "properties": { "Layer": "023_MUROS_2", "PaperSpace": null, "SubClasses": null, "Linetype": null, "EntityHandle": "1D1EEA57", "Text": null }, "geometry": { "type": "LineString", "coordinates": [ [ 760.856455446476616, -628.50843945055226, 0.0 ], [ 760.872419664545077, -628.540126793136324, 0.0 ] ] } },
{ "type": "Feature", "properties": { "Layer": "023_MUROS_2", "PaperSpace": null, "SubClasses": null, "Linetype": null, "EntityHandle": "1D1EEA58", "Text": null }, "geometry": { "type": "LineString", "coordinates": [ [ 760.872419664545077, -628.540126793136324, 0.0 ], [ 760.907627822971676, -628.522388773060356, 0.0 ] ] } },
{ "type": "Feature", "properties": { "Layer": "023_MUROS_2", "PaperSpace": null, "SubClasses": null, "Linetype": null, "EntityHandle": "1D1EEA59", "Text": null }, "geometry": { "type": "LineString", "coordinates": [ [ 760.907627822971676, -628.522388773060356, 0.0 ], [ 760.884568396872965, -628.476618167105926, 0.0 ] ] } },
{ "type": "Feature", "properties": { "Layer": "023_MUROS_2", "PaperSpace": null, "SubClasses": null, "Linetype": null, "EntityHandle": "1D1EEA5A", "Text": null }, "geometry": { "type": "LineString", "coordinates": [ [ 760.884568396872965, -628.476618167105926, 0.0 ], [ 760.476153759124941, -628.682379199985576, 0.0 ] ] } },
{ "type": "Feature", "properties": { "Layer": "023_MUROS_2", "PaperSpace": null, "SubClasses": null, "Linetype": null, "EntityHandle": "1D1EEA5B", "Text": null }, "geometry": { "type": "LineString", "coordinates": [ [ 760.476153759124941, -628.682379199985576, 0.0 ], [ 760.09123872347925, -627.91836216212937, 0.0 ] ] } },
{ "type": "Feature", "properties": { "Layer": "023_MUROS_2", "PaperSpace": null, "SubClasses": null, "Linetype": null, "EntityHandle": "1D1EEA5C", "Text": null }, "geometry": { "type": "LineString", "coordinates": [ [ 760.09123872347925, -627.91836216212937, 0.0 ], [ 759.25662378146626, -627.873992924649542, 0.0 ] ] } },
{ "type": "Feature", "properties": { "Layer": "023_MUROS_2", "PaperSpace": null, "SubClasses": null, "Linetype": null, "EntityHandle": "1D1EEA5E", "Text": null }, "geometry": { "type": "LineString", "coordinates": [ [ 761.18434093615474, -629.071636044514662, 0.0 ], [ 761.193209946192383, -629.089240123727905, 0.0 ] ] } },
{ "type": "Feature", "properties": { "Layer": "023_MUROS_2", "PaperSpace": null, "SubClasses": null, "Linetype": null, "EntityHandle": "1D1EEA5F", "Text": null }, "geometry": { "type": "LineString", "coordinates": [ [ 761.193209946192383, -629.089240123727905, 0.0 ], [ 761.158001787766125, -629.106978143803758, 0.0 ] ] } },
{ "type": "Feature", "properties": { "Layer": "023_MUROS_2", "PaperSpace": null, "SubClasses": null, "Linetype": null, "EntityHandle": "1D1EEA60", "Text": null }, "geometry": { "type": "LineString", "coordinates": [ [ 761.158001787766125, -629.106978143803758, 0.0 ], [ 761.149132777727914, -629.089374064590402, 0.0 ] ] } },
{ "type": "Feature", "properties": { "Layer": "023_MUROS_2", "PaperSpace": null, "SubClasses": null, "Linetype": null, "EntityHandle": "1D1EEA61", "Text": null }, "geometry": { "type": "LineString", "coordinates": [ [ 761.149132777727914, -629.089374064590402, 0.0 ], [ 761.18434093615474, -629.071636044514662, 0.0 ] ] } },
{ "type": "Feature", "properties": { "Layer": "023_MUROS_2", "PaperSpace": null, "SubClasses": null, "Linetype": null, "EntityHandle": "1D1EEA62", "Text": null }, "geometry": { "type": "LineString", "coordinates": [ [ 761.47967897041724, -629.657851882316777, 0.0 ], [ 761.48854798045511, -629.67545596153002, 0.0 ] ] } },
{ "type": "Feature", "properties": { "Layer": "023_MUROS_2", "PaperSpace": null, "SubClasses": null, "Linetype": null, "EntityHandle": "1D1EEA63", "Text": null }, "geometry": { "type": "LineString", "coordinates": [ [ 761.48854798045511, -629.67545596153002, 0.0 ], [ 761.470943901241867, -629.684324971567889, 0.0 ] ] } },
{ "type": "Feature", "properties": { "Layer": "023_MUROS_2", "PaperSpace": null, "SubClasses": null, "Linetype": null, "EntityHandle": "1D1EEA64", "Text": null }, "geometry": { "type": "LineString", "coordinates": [ [ 761.470943901241867, -629.684324971567889, 0.0 ], [ 761.462074891203883, -629.666720892354647, 0.0 ] ] } },
{ "type": "Feature", "properties": { "Layer": "023_MUROS_2", "PaperSpace": null, "SubClasses": null, "Linetype": null, "EntityHandle": "1D1EEA65", "Text": null }, "geometry": { "type": "LineString", "coordinates": [ [ 761.462074891203883, -629.666720892354647, 0.0 ], [ 761.47967897041724, -629.657851882316777, 0.0 ] ] } },
{ "type": "Feature", "properties": { "Layer": "023_MUROS_2", "PaperSpace": null, "SubClasses": null, "Linetype": null, "EntityHandle": "1D1EEA71", "Text": null }, "geometry": { "type": "LineString", "coordinates": [ [ 761.781761100531298, -645.403023766351566, 0.0 ], [ 761.463127266771039, -645.56355284803783, 0.0 ] ] } },
{ "type": "Feature", "properties": { "Layer": "023_MUROS_2", "PaperSpace": null, "SubClasses": null, "Linetype": null, "EntityHandle": "1D1EEA72", "Text": null }, "geometry": { "type": "LineString", "coordinates": [ [ 761.994864217615941, -645.32656276281773, 0.0 ], [ 761.450898169925495, -645.600615172989365, 0.0 ] ] } },
{ "type": "Feature", "properties": { "Layer": "023_MUROS_2", "PaperSpace": null, "SubClasses": null, "Linetype": null, "EntityHandle": "1D1EEA73", "Text": null }, "geometry": { "type": "LineString", "coordinates": [ [ 761.463127266771039, -645.56355284803783, 0.0 ], [ 761.314127898134075, -645.267804317254672, 0.0 ] ] } },
{ "type": "Feature", "properties": { "Layer": "023_MUROS_2", "PaperSpace": null, "SubClasses": null, "Linetype": null, "EntityHandle": "1D1EEA74", "Text": null }, "geometry": { "type": "LineString", "coordinates": [ [ 761.781761100531298, -645.403023766351566, 0.0 ], [ 761.725886337292309, -645.292118067307683, 0.0 ] ] } },
{ "type": "Feature", "properties": { "Layer": "023_MUROS_2", "PaperSpace": null, "SubClasses": null, "Linetype": null, "EntityHandle": "1D1EEA75", "Text": null }, "geometry": { "type": "LineString", "coordinates": [ [ 761.725886337292309, -645.292118067307683, 0.0 ], [ 761.750532048190848, -645.279701453254575, 0.0 ] ] } },
{ "type": "Feature", "properties": { "Layer": "023_MUROS_2", "PaperSpace": null, "SubClasses": null, "Linetype": null, "EntityHandle": "1D1EEA76", "Text": null }, "geometry": { "type": "LineString", "coordinates": [ [ 761.750532048190848, -645.279701453254575, 0.0 ], [ 761.806406811430179, -645.390607152298458, 0.0 ] ] } },
{ "type": "Feature", "properties": { "Layer": "023_MUROS_2", "PaperSpace": null, "SubClasses": null, "Linetype": null, "EntityHandle": "1D1EEA77", "Text": null }, "geometry": { "type": "LineString", "coordinates": [ [ 761.806406811430179, -645.390607152298458, 0.0 ], [ 761.982447603562605, -645.30191705191919, 0.0 ] ] } },
{ "type": "Feature", "properties": { "Layer": "023_MUROS_2", "PaperSpace": null, "SubClasses": null, "Linetype": null, "EntityHandle": "1D1EEA78", "Text": null }, "geometry": { "type": "LineString", "coordinates": [ [ 761.982447603562605, -645.30191705191919, 0.0 ], [ 761.994864217615941, -645.32656276281773, 0.0 ] ] } },
{ "type": "Feature", "properties": { "Layer": "023_MUROS_2", "PaperSpace": null, "SubClasses": null, "Linetype": null, "EntityHandle": "1D1EEA79", "Text": null }, "geometry": { "type": "LineString", "coordinates": [ [ 762.146165540246557, -645.219435258566705, 0.0 ], [ 762.158582154299211, -645.244080969465131, 0.0 ] ] } },
{ "type": "Feature", "properties": { "Layer": "023_MUROS_2", "PaperSpace": null, "SubClasses": null, "Linetype": null, "EntityHandle": "1D1EEA7A", "Text": null }, "geometry": { "type": "LineString", "coordinates": [ [ 762.18313410659448, -645.200810337487042, 0.0 ], [ 762.195550720647134, -645.225456048385468, 0.0 ] ] } },
{ "type": "Feature", "properties": { "Layer": "023_MUROS_2", "PaperSpace": null, "SubClasses": null, "Linetype": null, "EntityHandle": "1D1EEA7B", "Text": null }, "geometry": { "type": "LineString", "coordinates": [ [ 761.314127898134075, -645.267804317254672, 0.0 ], [ 761.657407442792874, -645.0948586215153, 0.0 ] ] } },
{ "type": "Feature", "properties": { "Layer": "023_MUROS_2", "PaperSpace": null, "SubClasses": null, "Linetype": null, "EntityHandle": "1D1EEA7C", "Text": null }, "geometry": { "type": "LineString", "coordinates": [ [ 761.301711284080739, -645.243158606355905, 0.0 ], [ 761.644990828739765, -645.07021291061676, 0.0 ] ] } },
{ "type": "Feature", "properties": { "Layer": "023_MUROS_2", "PaperSpace": null, "SubClasses": null, "Linetype": null, "EntityHandle": "1D1EEA7D", "Text": null }, "geometry": { "type": "LineString", "coordinates": [ [ 761.519184827064009, -644.864312154252616, 0.0 ], [ 761.536788906277593, -644.855443144214746, 0.0 ] ] } },
{ "type": "Feature", "properties": { "Layer": "023_MUROS_2", "PaperSpace": null, "SubClasses": null, "Linetype": null, "EntityHandle": "1D1EEA7E", "Text": null }, "geometry": { "type": "LineString", "coordinates": [ [ 761.199900465698761, -644.230565302574632, 0.0 ], [ 761.217504544912344, -644.221696292536649, 0.0 ] ] } },
{ "type": "Feature", "properties": { "Layer": "023_MUROS_2", "PaperSpace": null, "SubClasses": null, "Linetype": null, "EntityHandle": "1D1EEA7F", "Text": null }, "geometry": { "type": "LineString", "coordinates": [ [ 760.915809806205857, -645.024824950541756, 0.0 ], [ 761.111215085473191, -644.926378939120923, 0.0 ] ] } },
{ "type": "Feature", "properties": { "Layer": "023_MUROS_2", "PaperSpace": null, "SubClasses": null, "Linetype": null, "EntityHandle": "1D1EEA80", "Text": null }, "geometry": { "type": "LineString", "coordinates": [ [ 761.135860796372071, -644.913962325067814, 0.0 ], [ 761.461536261817628, -644.749885639366312, 0.0 ] ] } },
{ "type": "Feature", "properties": { "Layer": "023_MUROS_2", "PaperSpace": null, "SubClasses": null, "Linetype": null, "EntityHandle": "1D1EEA81", "Text": null }, "geometry": { "type": "LineString", "coordinates": [ [ 760.928038903051402, -644.987762625589994, 0.0 ], [ 761.449119647764519, -644.725239928467886, 0.0 ] ] } },
{ "type": "Feature", "properties": { "Layer": "023_MUROS_2", "PaperSpace": null, "SubClasses": null, "Linetype": null, "EntityHandle": "1D1EEA82", "Text": null }, "geometry": { "type": "LineString", "coordinates": [ [ 761.657407442792874, -645.0948586215153, 0.0 ], [ 761.644990828739765, -645.070212910616874, 0.0 ] ] } },
{ "type": "Feature", "properties": { "Layer": "023_MUROS_2", "PaperSpace": null, "SubClasses": null, "Linetype": null, "EntityHandle": "1D1EEA83", "Text": null }, "geometry": { "type": "LineString", "coordinates": [ [ 761.301711284080739, -645.243158606355905, 0.0 ], [ 761.135860796372071, -644.913962325067814, 0.0 ] ] } },
{ "type": "Feature", "properties": { "Layer": "023_MUROS_2", "PaperSpace": null, "SubClasses": null, "Linetype": null, "EntityHandle": "1D1EEA84", "Text": null }, "geometry": { "type": "LineString", "coordinates": [ [ 761.519184827064009, -644.864312154252616, 0.0 ], [ 761.461536261817628, -644.749885639366312, 0.0 ] ] } },
{ "type": "Feature", "properties": { "Layer": "023_MUROS_2", "PaperSpace": null, "SubClasses": null, "Linetype": null, "EntityHandle": "1D1EEA85", "Text": null }, "geometry": { "type": "LineString", "coordinates": [ [ 761.217504544912344, -644.221696292536649, 0.0 ], [ 761.536788906277593, -644.855443144214746, 0.0 ] ] } },
{ "type": "Feature", "properties": { "Layer": "023_MUROS_2", "PaperSpace": null, "SubClasses": null, "Linetype": null, "EntityHandle": "1D1EEA86", "Text": null }, "geometry": { "type": "LineString", "coordinates": [ [ 761.55020824795713, -644.049664285973904, 0.0 ], [ 761.624707932275442, -644.197538551365142, 0.0 ] ] } },
{ "type": "Feature", "properties": { "Layer": "023_MUROS_2", "PaperSpace": null, "SubClasses": null, "Linetype": null, "EntityHandle": "1D1EEA87", "Text": null }, "geometry": { "type": "LineString", "coordinates": [ [ 761.677921992502888, -644.303163026644711, 0.0 ], [ 761.697433814586475, -644.341892000914186, 0.0 ] ] } },
{ "type": "Feature", "properties": { "Layer": "023_MUROS_2", "PaperSpace": null, "SubClasses": null, "Linetype": null, "EntityHandle": "1D1EEA88", "Text": null }, "geometry": { "type": "LineString", "coordinates": [ [ 761.559010287563751, -644.045229780954855, 0.0 ], [ 761.633509971882177, -644.193104046346207, 0.0 ] ] } },
{ "type": "Feature", "properties": { "Layer": "023_MUROS_2", "PaperSpace": null, "SubClasses": null, "Linetype": null, "EntityHandle": "1D1EEA89", "Text": null }, "geometry": { "type": "LineString", "coordinates": [ [ 761.686724032109851, -644.29872852162589, 0.0 ], [ 761.706235854193096, -644.337457495895251, 0.0 ] ] } },
{ "type": "Feature", "properties": { "Layer": "023_MUROS_2", "PaperSpace": null, "SubClasses": null, "Linetype": null, "EntityHandle": "1D1EEA8A", "Text": null }, "geometry": { "type": "LineString", "coordinates": [ [ 760.928038903051402, -644.987762625589994, 0.0 ], [ 760.923604398032353, -644.978960585983373, 0.0 ] ] } },
{ "type": "Feature", "properties": { "Layer": "023_MUROS_2", "PaperSpace": null, "SubClasses": null, "Linetype": null, "EntityHandle": "1D1EEA8B", "Text": null }, "geometry": { "type": "LineString", "coordinates": [ [ 760.923604398032353, -644.978960585983373, 0.0 ], [ 760.898958687133813, -644.991377200036482, 0.0 ] ] } },
{ "type": "Feature", "properties": { "Layer": "023_MUROS_2", "PaperSpace": null, "SubClasses": null, "Linetype": null, "EntityHandle": "1D1EEA8C", "Text": null }, "geometry": { "type": "LineString", "coordinates": [ [ 760.803872762520655, -644.74130551660437, 0.0 ], [ 760.779227051622115, -644.753722130657479, 0.0 ] ] } },
{ "type": "Feature", "properties": { "Layer": "023_MUROS_2", "PaperSpace": null, "SubClasses": null, "Linetype": null, "EntityHandle": "1D1EEA8D", "Text": null }, "geometry": { "type": "LineString", "coordinates": [ [ 761.111215085473191, -644.926378939120923, 0.0 ], [ 761.450898169925495, -645.600615172989365, 0.0 ] ] } },
{ "type": "Feature", "properties": { "Layer": "023_MUROS_2", "PaperSpace": null, "SubClasses": null, "Linetype": null, "EntityHandle": "1D1EEA8E", "Text": null }, "geometry": { "type": "LineString", "coordinates": [ [ 760.724938573183408, -644.584629211606057, 0.0 ], [ 760.700292862284869, -644.597045825659166, 0.0 ] ] } },
{ "type": "Feature", "properties": { "Layer": "023_MUROS_2", "PaperSpace": null, "SubClasses": null, "Linetype": null, "EntityHandle": "1D1EEA8F", "Text": null }, "geometry": { "type": "LineString", "coordinates": [ [ 760.724938573183408, -644.584629211606057, 0.0 ], [ 760.803872762520655, -644.741305516604257, 0.0 ] ] } },
{ "type": "Feature", "properties": { "Layer": "023_MUROS_2", "PaperSpace": null, "SubClasses": null, "Linetype": null, "EntityHandle": "1D1EEA90", "Text": null }, "geometry": { "type": "LineString", "coordinates": [ [ 760.779227051622115, -644.753722130657479, 0.0 ], [ 760.700292862284869, -644.597045825659279, 0.0 ] ] } },
{ "type": "Feature", "properties": { "Layer": "023_MUROS_2", "PaperSpace": null, "SubClasses": null, "Linetype": null, "EntityHandle": "1D1EEA97", "Text": null }, "geometry": { "type": "LineString", "coordinates": [ [ 761.449119647764519, -644.725239928467886, 0.0 ], [ 761.199900465698761, -644.230565302574632, 0.0 ] ] } },
{ "type": "Feature", "properties": { "Layer": "023_MUROS_2", "PaperSpace": null, "SubClasses": null, "Linetype": null, "EntityHandle": "1D1EEA98", "Text": null }, "geometry": { "type": "LineString", "coordinates": [ [ 760.898958687133813, -644.991377200036482, 0.0 ], [ 760.915809806205857, -645.024824950541756, 0.0 ] ] } },
{ "type": "Feature", "properties": { "Layer": "023_MUROS_2", "PaperSpace": null, "SubClasses": null, "Linetype": null, "EntityHandle": "1D1EEA99", "Text": null }, "geometry": { "type": "LineString", "coordinates": [ [ 762.18313410659448, -645.200810337487042, 0.0 ], [ 762.146165540246557, -645.219435258566705, 0.0 ] ] } },
{ "type": "Feature", "properties": { "Layer": "023_MUROS_2", "PaperSpace": null, "SubClasses": null, "Linetype": null, "EntityHandle": "1D1EEA9D", "Text": null }, "geometry": { "type": "LineString", "coordinates": [ [ 762.158582154299211, -645.244080969465131, 0.0 ], [ 762.195550720647134, -645.225456048385468, 0.0 ] ] } },
{ "type": "Feature", "properties": { "Layer": "023_MUROS_2", "PaperSpace": null, "SubClasses": null, "Linetype": null, "EntityHandle": "1D1EEAA3", "Text": null }, "geometry": { "type": "LineString", "coordinates": [ [ 761.633509971882177, -644.193104046346207, 0.0 ], [ 761.624707932275442, -644.197538551365142, 0.0 ] ] } },
{ "type": "Feature", "properties": { "Layer": "023_MUROS_2", "PaperSpace": null, "SubClasses": null, "Linetype": null, "EntityHandle": "1D1EEAA4", "Text": null }, "geometry": { "type": "LineString", "coordinates": [ [ 761.686724032109851, -644.29872852162589, 0.0 ], [ 761.677921992502888, -644.303163026644711, 0.0 ] ] } },
{ "type": "Feature", "properties": { "Layer": "023_MUROS_2", "PaperSpace": null, "SubClasses": null, "Linetype": null, "EntityHandle": "1D1EEAAF", "Text": null }, "geometry": { "type": "LineString", "coordinates": [ [ 761.70985042863947, -644.366537711812612, 0.0 ], [ 761.784350112958123, -644.51441197720419, 0.0 ] ] } },
{ "type": "Feature", "properties": { "Layer": "023_MUROS_2", "PaperSpace": null, "SubClasses": null, "Linetype": null, "EntityHandle": "1D1EEAB0", "Text": null }, "geometry": { "type": "LineString", "coordinates": [ [ 761.837564173185569, -644.620036452483873, 0.0 ], [ 761.857075995268701, -644.658765426753007, 0.0 ] ] } },
{ "type": "Feature", "properties": { "Layer": "023_MUROS_2", "PaperSpace": null, "SubClasses": null, "Linetype": null, "EntityHandle": "1D1EEAB1", "Text": null }, "geometry": { "type": "LineString", "coordinates": [ [ 761.718652468246432, -644.36210320679379, 0.0 ], [ 761.793152152564744, -644.509977472185255, 0.0 ] ] } },
{ "type": "Feature", "properties": { "Layer": "023_MUROS_2", "PaperSpace": null, "SubClasses": null, "Linetype": null, "EntityHandle": "1D1EEAB2", "Text": null }, "geometry": { "type": "LineString", "coordinates": [ [ 761.846366212792191, -644.615601947464938, 0.0 ], [ 761.865878034875664, -644.654330921734186, 0.0 ] ] } },
{ "type": "Feature", "properties": { "Layer": "023_MUROS_2", "PaperSpace": null, "SubClasses": null, "Linetype": null, "EntityHandle": "1D1EEAB3", "Text": null }, "geometry": { "type": "LineString", "coordinates": [ [ 761.793152152564744, -644.509977472185255, 0.0 ], [ 761.784350112958123, -644.51441197720419, 0.0 ] ] } },
{ "type": "Feature", "properties": { "Layer": "023_MUROS_2", "PaperSpace": null, "SubClasses": null, "Linetype": null, "EntityHandle": "1D1EEAB4", "Text": null }, "geometry": { "type": "LineString", "coordinates": [ [ 761.846366212792191, -644.615601947464938, 0.0 ], [ 761.837564173185569, -644.620036452483873, 0.0 ] ] } },
{ "type": "Feature", "properties": { "Layer": "023_MUROS_2", "PaperSpace": null, "SubClasses": null, "Linetype": null, "EntityHandle": "1D1EEAB5", "Text": null }, "geometry": { "type": "LineString", "coordinates": [ [ 762.117262338760952, -644.991201248072571, 0.0 ], [ 762.138387233816957, -644.980558436027195, 0.0 ] ] } },
{ "type": "Feature", "properties": { "Layer": "023_MUROS_2", "PaperSpace": null, "SubClasses": null, "Linetype": null, "EntityHandle": "1D1EEAB6", "Text": null }, "geometry": { "type": "LineString", "coordinates": [ [ 762.129678952814288, -645.015846958971224, 0.0 ], [ 762.150803847870066, -645.005204146925735, 0.0 ] ] } },
{ "type": "Feature", "properties": { "Layer": "023_MUROS_2", "PaperSpace": null, "SubClasses": null, "Linetype": null, "EntityHandle": "1D1EEAC1", "Text": null }, "geometry": { "type": "LineString", "coordinates": [ [ 761.714576712245162, -644.761458425985211, 0.0 ], [ 761.888409308988457, -645.106498378565561, 0.0 ] ] } },
{ "type": "Feature", "properties": { "Layer": "023_MUROS_2", "PaperSpace": null, "SubClasses": null, "Linetype": null, "EntityHandle": "1D1EEAC2", "Text": null }, "geometry": { "type": "LineString", "coordinates": [ [ 762.117262338760952, -644.991201248072571, 0.0 ], [ 762.129678952813947, -645.01584695897111, 0.0 ] ] } },
{ "type": "Feature", "properties": { "Layer": "023_MUROS_2", "PaperSpace": null, "SubClasses": null, "Linetype": null, "EntityHandle": "1D1EEAC3", "Text": null }, "geometry": { "type": "LineString", "coordinates": [ [ 762.138387233816957, -644.980558436027195, 0.0 ], [ 762.150803847870066, -645.005204146925735, 0.0 ] ] } },
{ "type": "Feature", "properties": { "Layer": "023_MUROS_2", "PaperSpace": null, "SubClasses": null, "Linetype": null, "EntityHandle": "1D1EEACF", "Text": null }, "geometry": { "type": "LineString", "coordinates": [ [ 758.779478679030376, -640.274024071295003, 0.0 ], [ 758.770609668992506, -640.256419992081646, 0.0 ] ] } },
{ "type": "Feature", "properties": { "Layer": "023_MUROS_2", "PaperSpace": null, "SubClasses": null, "Linetype": null, "EntityHandle": "1D1EEAE2", "Text": null }, "geometry": { "type": "LineString", "coordinates": [ [ 766.559818863100645, -642.142270542701795, 0.0 ], [ 766.587050986323902, -642.19632352632857, 0.0 ] ] } },
{ "type": "Feature", "properties": { "Layer": "023_MUROS_2", "PaperSpace": null, "SubClasses": null, "Linetype": null, "EntityHandle": "1D1EEAF5", "Text": null }, "geometry": { "type": "LineString", "coordinates": [ [ 758.149892049696973, -636.450444471156743, 0.0 ], [ 758.141090010090352, -636.454878976175678, 0.0 ] ] } },
{ "type": "Feature", "properties": { "Layer": "023_MUROS_2", "PaperSpace": null, "SubClasses": null, "Linetype": null, "EntityHandle": "1D1EEAF6", "Text": null }, "geometry": { "type": "LineString", "coordinates": [ [ 758.211975119962403, -636.573673025649668, 0.0 ], [ 758.203173080355782, -636.578107530668603, 0.0 ] ] } },
{ "type": "Feature", "properties": { "Layer": "023_MUROS_2", "PaperSpace": null, "SubClasses": null, "Linetype": null, "EntityHandle": "1D1EEAFD", "Text": null }, "geometry": { "type": "LineString", "coordinates": [ [ 753.88110434395935, -630.544679546532848, 0.0 ], [ 753.896948015250928, -630.536697437498788, 0.0 ] ] } },
{ "type": "Feature", "properties": { "Layer": "023_MUROS_2", "PaperSpace": null, "SubClasses": null, "Linetype": null, "EntityHandle": "1D1EEAFE", "Text": null }, "geometry": { "type": "LineString", "coordinates": [ [ 753.704956399136108, -630.598107912140449, 0.0 ], [ 753.719146815196723, -630.626274438881637, 0.0 ] ] } },
{ "type": "Feature", "properties": { "Layer": "023_MUROS_2", "PaperSpace": null, "SubClasses": null, "Linetype": null, "EntityHandle": "1D1EEAFF", "Text": null }, "geometry": { "type": "LineString", "coordinates": [ [ 753.722667631039826, -630.624500636874131, 0.0 ], [ 753.719146815196723, -630.626274438881637, 0.0 ] ] } },
{ "type": "Feature", "properties": { "Layer": "023_MUROS_2", "PaperSpace": null, "SubClasses": null, "Linetype": null, "EntityHandle": "1D1EEB00", "Text": null }, "geometry": { "type": "LineString", "coordinates": [ [ 753.882757599190199, -630.508530910757486, 0.0 ], [ 753.896948015250928, -630.536697437498788, 0.0 ] ] } },
{ "type": "Feature", "properties": { "Layer": "023_MUROS_2", "PaperSpace": null, "SubClasses": null, "Linetype": null, "EntityHandle": "1D1EEB09", "Text": null }, "geometry": { "type": "LineString", "coordinates": [ [ 753.704956399136108, -630.598107912140449, 0.0 ], [ 753.449697250543636, -630.726708557690245, 0.0 ] ] } },
{ "type": "Feature", "properties": { "Layer": "023_MUROS_2", "PaperSpace": null, "SubClasses": null, "Linetype": null, "EntityHandle": "1D1EEB0A", "Text": null }, "geometry": { "type": "LineString", "coordinates": [ [ 753.882757599190199, -630.508530910757486, 0.0 ], [ 754.373911409240804, -630.261085530699575, 0.0 ] ] } },
{ "type": "Feature", "properties": { "Layer": "023_MUROS_2", "PaperSpace": null, "SubClasses": null, "Linetype": null, "EntityHandle": "1D1EEB0B", "Text": null }, "geometry": { "type": "LineString", "coordinates": [ [ 754.839101105317695, -630.172398321631249, 0.0 ], [ 754.948246396439799, -630.117410459396183, 0.0 ] ] } },
{ "type": "Feature", "properties": { "Layer": "023_MUROS_2", "PaperSpace": null, "SubClasses": null, "Linetype": null, "EntityHandle": "1D1EEB0C", "Text": null }, "geometry": { "type": "LineString", "coordinates": [ [ 754.948246396439799, -630.117410459396183, 0.0 ], [ 755.105227874111847, -630.429002661471145, 0.0 ] ] } },
{ "type": "Feature", "properties": { "Layer": "023_MUROS_2", "PaperSpace": null, "SubClasses": null, "Linetype": null, "EntityHandle": "1D1EEB0D", "Text": null }, "geometry": { "type": "LineString", "coordinates": [ [ 755.105227874111847, -630.429002661471145, 0.0 ], [ 755.114029913718127, -630.424568156452096, 0.0 ] ] } },
{ "type": "Feature", "properties": { "Layer": "023_MUROS_2", "PaperSpace": null, "SubClasses": null, "Linetype": null, "EntityHandle": "1D1EEB0E", "Text": null }, "geometry": { "type": "LineString", "coordinates": [ [ 755.114029913718127, -630.424568156452096, 0.0 ], [ 754.954387733035219, -630.107694730613161, 0.0 ] ] } },
{ "type": "Feature", "properties": { "Layer": "023_MUROS_2", "PaperSpace": null, "SubClasses": null, "Linetype": null, "EntityHandle": "1D1EEB0F", "Text": null }, "geometry": { "type": "LineString", "coordinates": [ [ 754.954387733035219, -630.107694730613161, 0.0 ], [ 755.051210168708167, -630.05891517540465, 0.0 ] ] } },
{ "type": "Feature", "properties": { "Layer": "023_MUROS_2", "PaperSpace": null, "SubClasses": null, "Linetype": null, "EntityHandle": "1D1EEB10", "Text": null }, "geometry": { "type": "LineString", "coordinates": [ [ 754.964816239700667, -630.058296156125948, 0.0 ], [ 754.936649712959365, -630.072486572186676, 0.0 ] ] } },
{ "type": "Feature", "properties": { "Layer": "023_MUROS_2", "PaperSpace": null, "SubClasses": null, "Linetype": null, "EntityHandle": "1D1EEB11", "Text": null }, "geometry": { "type": "LineString", "coordinates": [ [ 754.936649712959365, -630.072486572186676, 0.0 ], [ 754.898512969796229, -629.99678903156962, 0.0 ] ] } },
{ "type": "Feature", "properties": { "Layer": "023_MUROS_2", "PaperSpace": null, "SubClasses": null, "Linetype": null, "EntityHandle": "1D1EEB12", "Text": null }, "geometry": { "type": "LineString", "coordinates": [ [ 754.898512969796229, -629.99678903156962, 0.0 ], [ 754.667899532102524, -630.112973063066306, 0.0 ] ] } },
{ "type": "Feature", "properties": { "Layer": "023_MUROS_2", "PaperSpace": null, "SubClasses": null, "Linetype": null, "EntityHandle": "1D1EEB13", "Text": null }, "geometry": { "type": "LineString", "coordinates": [ [ 754.667899532102524, -630.112973063066306, 0.0 ], [ 754.699827968238765, -630.176347748234093, 0.0 ] ] } },
{ "type": "Feature", "properties": { "Layer": "023_MUROS_2", "PaperSpace": null, "SubClasses": null, "Linetype": null, "EntityHandle": "1D1EEB14", "Text": null }, "geometry": { "type": "LineString", "coordinates": [ [ 754.699827968238765, -630.176347748234093, 0.0 ], [ 754.812494075203972, -630.119586083991521, 0.0 ] ] } },
{ "type": "Feature", "properties": { "Layer": "023_MUROS_2", "PaperSpace": null, "SubClasses": null, "Linetype": null, "EntityHandle": "1D1EEB15", "Text": null }, "geometry": { "type": "LineString", "coordinates": [ [ 754.812494075203972, -630.119586083991521, 0.0 ], [ 754.839101105317695, -630.172398321631249, 0.0 ] ] } },
{ "type": "Feature", "properties": { "Layer": "023_MUROS_2", "PaperSpace": null, "SubClasses": null, "Linetype": null, "EntityHandle": "1D1EEB16", "Text": null }, "geometry": { "type": "LineString", "coordinates": [ [ 760.09123872347925, -627.91836216212937, 0.0 ], [ 759.25662378146626, -627.873992924649542, 0.0 ] ] } },
{ "type": "Feature", "properties": { "Layer": "023_MUROS_2", "PaperSpace": null, "SubClasses": null, "Linetype": null, "EntityHandle": "1D1EEB17", "Text": null }, "geometry": { "type": "LineString", "coordinates": [ [ 756.778859690832064, -635.507824416913763, 0.0 ], [ 757.020983664867117, -635.988415779436195, 0.0 ] ] } },
{ "type": "Feature", "properties": { "Layer": "023_MUROS_2", "PaperSpace": null, "SubClasses": null, "Linetype": null, "EntityHandle": "1D1EEB18", "Text": null }, "geometry": { "type": "LineString", "coordinates": [ [ 757.020983664867117, -635.988415779436195, 0.0 ], [ 757.348419538234111, -635.823452192730883, 0.0 ] ] } },
{ "type": "Feature", "properties": { "Layer": "023_MUROS_2", "PaperSpace": null, "SubClasses": null, "Linetype": null, "EntityHandle": "1D1EEB19", "Text": null }, "geometry": { "type": "LineString", "coordinates": [ [ 757.348419538234111, -635.823452192730883, 0.0 ], [ 757.357288548272322, -635.841056271944126, 0.0 ] ] } },
{ "type": "Feature", "properties": { "Layer": "023_MUROS_2", "PaperSpace": null, "SubClasses": null, "Linetype": null, "EntityHandle": "1D1EEB1A", "Text": null }, "geometry": { "type": "LineString", "coordinates": [ [ 757.357288548272322, -635.841056271944126, 0.0 ], [ 757.029852674905328, -636.006019858649438, 0.0 ] ] } },
{ "type": "Feature", "properties": { "Layer": "023_MUROS_2", "PaperSpace": null, "SubClasses": null, "Linetype": null, "EntityHandle": "1D1EEB1B", "Text": null }, "geometry": { "type": "LineString", "coordinates": [ [ 757.029852674905328, -636.006019858649438, 0.0 ], [ 757.371309561364683, -636.683776908360414, 0.0 ] ] } },
{ "type": "Feature", "properties": { "Layer": "023_MUROS_2", "PaperSpace": null, "SubClasses": null, "Linetype": null, "EntityHandle": "1D1EEB1C", "Text": null }, "geometry": { "type": "LineString", "coordinates": [ [ 757.371309561364683, -636.683776908360414, 0.0 ], [ 757.471652812880507, -636.63322355114417, 0.0 ] ] } },
{ "type": "Feature", "properties": { "Layer": "023_MUROS_2", "PaperSpace": null, "SubClasses": null, "Linetype": null, "EntityHandle": "1D1EEB1D", "Text": null }, "geometry": { "type": "LineString", "coordinates": [ [ 757.471652812880507, -636.63322355114417, 0.0 ], [ 757.483182525929919, -636.656108854121726, 0.0 ] ] } },
{ "type": "Feature", "properties": { "Layer": "023_MUROS_2", "PaperSpace": null, "SubClasses": null, "Linetype": null, "EntityHandle": "1D1EEB1E", "Text": null }, "geometry": { "type": "LineString", "coordinates": [ [ 757.483182525929919, -636.656108854121726, 0.0 ], [ 757.465578446716336, -636.664977864159596, 0.0 ] ] } },
{ "type": "Feature", "properties": { "Layer": "023_MUROS_2", "PaperSpace": null, "SubClasses": null, "Linetype": null, "EntityHandle": "1D1EEB1F", "Text": null }, "geometry": { "type": "LineString", "coordinates": [ [ 757.465578446716336, -636.664977864159596, 0.0 ], [ 757.462917743705475, -636.659696640395623, 0.0 ] ] } },
{ "type": "Feature", "properties": { "Layer": "023_MUROS_2", "PaperSpace": null, "SubClasses": null, "Linetype": null, "EntityHandle": "1D1EEB20", "Text": null }, "geometry": { "type": "LineString", "coordinates": [ [ 757.462917743705475, -636.659696640395623, 0.0 ], [ 757.371376531796273, -636.705815492592706, 0.0 ] ] } },
{ "type": "Feature", "properties": { "Layer": "023_MUROS_2", "PaperSpace": null, "SubClasses": null, "Linetype": null, "EntityHandle": "1D1EEB21", "Text": null }, "geometry": { "type": "LineString", "coordinates": [ [ 757.371376531796273, -636.705815492592706, 0.0 ], [ 756.770057651225443, -635.512258921932585, 0.0 ] ] } },
{ "type": "Feature", "properties": { "Layer": "023_MUROS_2", "PaperSpace": null, "SubClasses": null, "Linetype": null, "EntityHandle": "1D1EEB22", "Text": null }, "geometry": { "type": "LineString", "coordinates": [ [ 756.770057651225443, -635.512258921932585, 0.0 ], [ 756.778859690832064, -635.507824416913763, 0.0 ] ] } },
{ "type": "Feature", "properties": { "Layer": "023_MUROS_2", "PaperSpace": null, "SubClasses": null, "Linetype": null, "EntityHandle": "1D1EEB2F", "Text": null }, "geometry": { "type": "LineString", "coordinates": [ [ 755.033472148632313, -630.023707016978165, 0.0 ], [ 754.964816239700667, -630.058296156125948, 0.0 ] ] } },
{ "type": "Feature", "properties": { "Layer": "023_MUROS_2", "PaperSpace": null, "SubClasses": null, "Linetype": null, "EntityHandle": "1D1EEF2D", "Text": null }, "geometry": { "type": "LineString", "coordinates": [ [ 760.51120788479443, -630.819851869515901, 0.0 ], [ 760.506773379775836, -630.811049829909393, 0.0 ] ] } },
{ "type": "Feature", "properties": { "Layer": "023_MUROS_2", "PaperSpace": null, "SubClasses": null, "Linetype": null, "EntityHandle": "1D1EEF2F", "Text": null }, "geometry": { "type": "LineString", "coordinates": [ [ 760.381784417361132, -630.87401980117852, 0.0 ], [ 760.386218922380181, -630.882821840785141, 0.0 ] ] } },
{ "type": "Feature", "properties": { "Layer": "023_MUROS_2", "PaperSpace": null, "SubClasses": null, "Linetype": null, "EntityHandle": "1D1EEF30", "Text": null }, "geometry": { "type": "LineString", "coordinates": [ [ 760.773508665072427, -630.687703619951094, 0.0 ], [ 760.769074160053492, -630.678901580344359, 0.0 ] ] } },
{ "type": "Feature", "properties": { "Layer": "023_MUROS_2", "PaperSpace": null, "SubClasses": null, "Linetype": null, "EntityHandle": "1D1EEF31", "Text": null }, "geometry": { "type": "LineString", "coordinates": [ [ 760.896737219565466, -630.625620549685436, 0.0 ], [ 760.892302714546418, -630.616818510078929, 0.0 ] ] } },
{ "type": "Feature", "properties": { "Layer": "023_MUROS_2", "PaperSpace": null, "SubClasses": null, "Linetype": null, "EntityHandle": "1D1EF273", "Text": null }, "geometry": { "type": "LineString", "coordinates": [ [ 755.051210168708167, -630.05891517540465, 0.0 ], [ 755.033472148632313, -630.023707016978165, 0.0 ] ] } },
{ "type": "Feature", "properties": { "Layer": "023_MUROS_2", "PaperSpace": null, "SubClasses": null, "Linetype": null, "EntityHandle": "1D1EFA29", "Text": null }, "geometry": { "type": "LineString", "coordinates": [ [ 759.120075600705832, -638.928182243898732, 0.0 ], [ 759.224729919153333, -639.135910378615449, 0.0 ] ] } },
{ "type": "Feature", "properties": { "Layer": "023_MUROS_2", "PaperSpace": null, "SubClasses": null, "Linetype": null, "EntityHandle": "1D1EFA2A", "Text": null }, "geometry": { "type": "LineString", "coordinates": [ [ 759.28681298941865, -639.259138933108375, 0.0 ], [ 759.288586791426269, -639.262659748951137, 0.0 ] ] } },
{ "type": "Feature", "properties": { "Layer": "023_MUROS_2", "PaperSpace": null, "SubClasses": null, "Linetype": null, "EntityHandle": "1D1EFA2B", "Text": null }, "geometry": { "type": "LineString", "coordinates": [ [ 759.293021296445318, -639.271461788557758, 0.0 ], [ 759.37461618879388, -639.433419317319817, 0.0 ] ] } },
{ "type": "Feature", "properties": { "Layer": "023_MUROS_2", "PaperSpace": null, "SubClasses": null, "Linetype": null, "EntityHandle": "1D1EFA2C", "Text": null }, "geometry": { "type": "LineString", "coordinates": [ [ 759.102471521492589, -638.937051253936716, 0.0 ], [ 759.207125839939977, -639.144779388653433, 0.0 ] ] } },
{ "type": "Feature", "properties": { "Layer": "023_MUROS_2", "PaperSpace": null, "SubClasses": null, "Linetype": null, "EntityHandle": "1D1EFA2D", "Text": null }, "geometry": { "type": "LineString", "coordinates": [ [ 759.269208910205293, -639.268007943146358, 0.0 ], [ 759.357012109580864, -639.442288327357801, 0.0 ] ] } },
{ "type": "Feature", "properties": { "Layer": "023_MUROS_2", "PaperSpace": null, "SubClasses": null, "Linetype": null, "EntityHandle": "1D1EFA2E", "Text": null }, "geometry": { "type": "LineString", "coordinates": [ [ 759.363279775574256, -638.893944242304428, 0.0 ], [ 759.377363038944736, -638.886849034274064, 0.0 ] ] } },
{ "type": "Feature", "properties": { "Layer": "023_MUROS_2", "PaperSpace": null, "SubClasses": null, "Linetype": null, "EntityHandle": "1D1EFA2F", "Text": null }, "geometry": { "type": "LineString", "coordinates": [ [ 759.49177326843369, -639.113941656125348, 0.0 ], [ 759.477690005063209, -639.121036864155712, 0.0 ] ] } },
{ "type": "Feature", "properties": { "Layer": "023_MUROS_2", "PaperSpace": null, "SubClasses": null, "Linetype": null, "EntityHandle": "1D1EFA30", "Text": null }, "geometry": { "type": "LineString", "coordinates": [ [ 759.20712583994009, -639.144779388653319, 0.0 ], [ 759.224729919152992, -639.135910378615449, 0.0 ] ] } },
{ "type": "Feature", "properties": { "Layer": "023_MUROS_2", "PaperSpace": null, "SubClasses": null, "Linetype": null, "EntityHandle": "1D1EFA31", "Text": null }, "geometry": { "type": "LineString", "coordinates": [ [ 759.269208910205407, -639.268007943146358, 0.0 ], [ 759.28681298941865, -639.259138933108488, 0.0 ] ] } },
{ "type": "Feature", "properties": { "Layer": "023_MUROS_2", "PaperSpace": null, "SubClasses": null, "Linetype": null, "EntityHandle": "1D1EFA32", "Text": null }, "geometry": { "type": "LineString", "coordinates": [ [ 759.496314926142873, -639.158005430503636, 0.0 ], [ 759.450544320188556, -639.181064856602234, 0.0 ] ] } },
{ "type": "Feature", "properties": { "Layer": "023_MUROS_2", "PaperSpace": null, "SubClasses": null, "Linetype": null, "EntityHandle": "1D1EFA33", "Text": null }, "geometry": { "type": "LineString", "coordinates": [ [ 759.314992910246247, -639.249356233894332, 0.0 ], [ 759.288586791426269, -639.262659748951251, 0.0 ] ] } },
{ "type": "Feature", "properties": { "Layer": "023_MUROS_2", "PaperSpace": null, "SubClasses": null, "Linetype": null, "EntityHandle": "1D1EFA34", "Text": null }, "geometry": { "type": "LineString", "coordinates": [ [ 759.500749431161807, -639.166807470110143, 0.0 ], [ 759.454978825207263, -639.189866896208741, 0.0 ] ] } },
{ "type": "Feature", "properties": { "Layer": "023_MUROS_2", "PaperSpace": null, "SubClasses": null, "Linetype": null, "EntityHandle": "1D1EFA35", "Text": null }, "geometry": { "type": "LineString", "coordinates": [ [ 759.319427415265181, -639.258158273500953, 0.0 ], [ 759.293021296445204, -639.271461788557872, 0.0 ] ] } },
{ "type": "Feature", "properties": { "Layer": "023_MUROS_2", "PaperSpace": null, "SubClasses": null, "Linetype": null, "EntityHandle": "1D1EFA36", "Text": null }, "geometry": { "type": "LineString", "coordinates": [ [ 759.314992910246247, -639.249356233894332, 0.0 ], [ 759.319427415265181, -639.258158273500953, 0.0 ] ] } },
{ "type": "Feature", "properties": { "Layer": "023_MUROS_2", "PaperSpace": null, "SubClasses": null, "Linetype": null, "EntityHandle": "1D1EFA37", "Text": null }, "geometry": { "type": "LineString", "coordinates": [ [ 759.450544320188556, -639.181064856602347, 0.0 ], [ 759.454978825207263, -639.189866896208741, 0.0 ] ] } },
{ "type": "Feature", "properties": { "Layer": "023_MUROS_2", "PaperSpace": null, "SubClasses": null, "Linetype": null, "EntityHandle": "1D1EFBA2", "Text": null }, "geometry": { "type": "LineString", "coordinates": [ [ 760.378856747811028, -629.155186473456752, 0.0 ], [ 761.054853389600908, -628.814616488000752, 0.0 ] ] } },
{ "type": "Feature", "properties": { "Layer": "023_MUROS_2", "PaperSpace": null, "SubClasses": null, "Linetype": null, "EntityHandle": "1D1EFBA3", "Text": null }, "geometry": { "type": "LineString", "coordinates": [ [ 760.387725757848898, -629.172790552669994, 0.0 ], [ 761.063722399638891, -628.832220567213994, 0.0 ] ] } },
{ "type": "Feature", "properties": { "Layer": "023_MUROS_2", "PaperSpace": null, "SubClasses": null, "Linetype": null, "EntityHandle": "1D1EFBA4", "Text": null }, "geometry": { "type": "LineString", "coordinates": [ [ 760.72985523993259, -629.781784540759418, 0.0 ], [ 761.37768535498094, -629.455404971363919, 0.0 ] ] } },
{ "type": "Feature", "properties": { "Layer": "023_MUROS_2", "PaperSpace": null, "SubClasses": null, "Linetype": null, "EntityHandle": "1D1EFBA5", "Text": null }, "geometry": { "type": "LineString", "coordinates": [ [ 760.738724249970574, -629.79938861997266, 0.0 ], [ 761.386554365019151, -629.473009050577275, 0.0 ] ] } },
{ "type": "Feature", "properties": { "Layer": "023_MUROS_2", "PaperSpace": null, "SubClasses": null, "Linetype": null, "EntityHandle": "1D1EFBAD", "Text": null }, "geometry": { "type": "LineString", "coordinates": [ [ 760.573088067641379, -629.540715808227446, 0.0 ], [ 760.601254594382681, -629.526525392166832, 0.0 ] ] } },
{ "type": "Feature", "properties": { "Layer": "023_MUROS_2", "PaperSpace": null, "SubClasses": null, "Linetype": null, "EntityHandle": "1D1EFBB1", "Text": null }, "geometry": { "type": "LineString", "coordinates": [ [ 760.387725757848898, -629.172790552669994, 0.0 ], [ 760.378856747811028, -629.155186473456752, 0.0 ] ] } },
{ "type": "Feature", "properties": { "Layer": "023_MUROS_2", "PaperSpace": null, "SubClasses": null, "Linetype": null, "EntityHandle": "1D1F017E", "Text": null }, "geometry": { "type": "LineString", "coordinates": [ [ 766.157924841351246, -641.388363260870392, 0.0 ], [ 766.175528920564489, -641.379494250832408, 0.0 ] ] } },
{ "type": "Feature", "properties": { "Layer": "023_MUROS_2", "PaperSpace": null, "SubClasses": null, "Linetype": null, "EntityHandle": "1D1F017F", "Text": null }, "geometry": { "type": "LineString", "coordinates": [ [ 766.228876921654773, -641.529195894576787, 0.0 ], [ 766.246481000868016, -641.520326884538804, 0.0 ] ] } },
{ "type": "Feature", "properties": { "Layer": "023_MUROS_2", "PaperSpace": null, "SubClasses": null, "Linetype": null, "EntityHandle": "1D1F0180", "Text": null }, "geometry": { "type": "LineString", "coordinates": [ [ 766.175528920564489, -641.379494250832408, 0.0 ], [ 766.077082909143655, -641.184088971565075, 0.0 ] ] } },
{ "type": "Feature", "properties": { "Layer": "023_MUROS_2", "PaperSpace": null, "SubClasses": null, "Linetype": null, "EntityHandle": "1D1F0192", "Text": null }, "geometry": { "type": "LineString", "coordinates": [ [ 761.054853389600908, -628.814616488000752, 0.0 ], [ 761.063722399638891, -628.832220567213994, 0.0 ] ] } },
{ "type": "Feature", "properties": { "Layer": "023_MUROS_2", "PaperSpace": null, "SubClasses": null, "Linetype": null, "EntityHandle": "1D1F0196", "Text": null }, "geometry": { "type": "LineString", "coordinates": [ [ 757.007384819105937, -637.858453161996636, 0.0 ], [ 756.989780739892694, -637.867322172034619, 0.0 ] ] } },
{ "type": "Feature", "properties": { "Layer": "023_MUROS_2", "PaperSpace": null, "SubClasses": null, "Linetype": null, "EntityHandle": "1D1F0197", "Text": null }, "geometry": { "type": "LineString", "coordinates": [ [ 757.828541811643731, -639.488365934827812, 0.0 ], [ 757.810937732430489, -639.497234944865681, 0.0 ] ] } },
{ "type": "Feature", "properties": { "Layer": "023_MUROS_2", "PaperSpace": null, "SubClasses": null, "Linetype": null, "EntityHandle": "1D1F0784", "Text": null }, "geometry": { "type": "LineString", "coordinates": [ [ 760.168573259305504, -643.099142487214408, 0.0 ], [ 760.605815454174831, -643.967023592428745, 0.0 ] ] } },
{ "type": "Feature", "properties": { "Layer": "023_MUROS_2", "PaperSpace": null, "SubClasses": null, "Linetype": null, "EntityHandle": "1D1F079A", "Text": null }, "geometry": { "type": "LineString", "coordinates": [ [ 760.380483240244757, -644.080546920913775, 0.0 ], [ 760.462078132593547, -644.242504449676176, 0.0 ] ] } },
{ "type": "Feature", "properties": { "Layer": "023_MUROS_2", "PaperSpace": null, "SubClasses": null, "Linetype": null, "EntityHandle": "1D1F079B", "Text": null }, "geometry": { "type": "LineString", "coordinates": [ [ 760.362879161031401, -644.089415930951759, 0.0 ], [ 760.45689066743364, -644.276019170612585, 0.0 ] ] } },
{ "type": "Feature", "properties": { "Layer": "023_MUROS_2", "PaperSpace": null, "SubClasses": null, "Linetype": null, "EntityHandle": "1D1F07A4", "Text": null }, "geometry": { "type": "LineString", "coordinates": [ [ 760.375114917965334, -644.071935410949095, 0.0 ], [ 760.357438093363839, -644.080841070423162, 0.0 ] ] } },
{ "type": "Feature", "properties": { "Layer": "023_MUROS_2", "PaperSpace": null, "SubClasses": null, "Linetype": null, "EntityHandle": "1D1F07A8", "Text": null }, "geometry": { "type": "LineString", "coordinates": [ [ 760.473399322884688, -643.616568475221811, 0.0 ], [ 760.194912407693892, -643.063800387924971, 0.0 ] ] } },
{ "type": "Feature", "properties": { "Layer": "023_MUROS_2", "PaperSpace": null, "SubClasses": null, "Linetype": null, "EntityHandle": "1D1F07C1", "Text": null }, "geometry": { "type": "LineString", "coordinates": [ [ 764.102533205543068, -633.308648202267477, 0.0 ], [ 764.084929126329826, -633.317517212305233, 0.0 ] ] } },
{ "type": "Feature", "properties": { "Layer": "023_MUROS_2", "PaperSpace": null, "SubClasses": null, "Linetype": null, "EntityHandle": "1D1F07C2", "Text": null }, "geometry": { "type": "LineString", "coordinates": [ [ 764.058188155353605, -633.220627806201037, 0.0 ], [ 764.040584076140249, -633.229496816238907, 0.0 ] ] } },
{ "type": "Feature", "properties": { "Layer": "023_MUROS_2", "PaperSpace": null, "SubClasses": null, "Linetype": null, "EntityHandle": "1D1F0842", "Text": null }, "geometry": { "type": "LineString", "coordinates": [ [ 760.375114917965334, -644.071935410949095, 0.0 ], [ 760.380483240244757, -644.080546920913775, 0.0 ] ] } },
{ "type": "Feature", "properties": { "Layer": "023_MUROS_2", "PaperSpace": null, "SubClasses": null, "Linetype": null, "EntityHandle": "1D1F0843", "Text": null }, "geometry": { "type": "LineString", "coordinates": [ [ 760.357438093363839, -644.080841070423162, 0.0 ], [ 760.362825253072742, -644.089443090010718, 0.0 ] ] } },
{ "type": "Feature", "properties": { "Layer": "023_MUROS_2", "PaperSpace": null, "SubClasses": null, "Linetype": null, "EntityHandle": "1D1F0850", "Text": null }, "geometry": { "type": "LineString", "coordinates": [ [ 760.910770738462929, -643.656672320222015, 0.0 ], [ 760.902788629428528, -643.640828648929869, 0.0 ] ] } },
{ "type": "Feature", "properties": { "Layer": "023_MUROS_2", "PaperSpace": null, "SubClasses": null, "Linetype": null, "EntityHandle": "1D1F0851", "Text": null }, "geometry": { "type": "LineString", "coordinates": [ [ 760.822967539087472, -643.482391936010345, 0.0 ], [ 760.818533034068423, -643.473589896403837, 0.0 ] ] } },
{ "type": "Feature", "properties": { "Layer": "023_MUROS_2", "PaperSpace": null, "SubClasses": null, "Linetype": null, "EntityHandle": "1D1F0852", "Text": null }, "geometry": { "type": "LineString", "coordinates": [ [ 760.818533034068423, -643.473589896403837, 0.0 ], [ 760.485815936937342, -643.641214186120351, 0.0 ] ] } },
{ "type": "Feature", "properties": { "Layer": "023_MUROS_2", "PaperSpace": null, "SubClasses": null, "Linetype": null, "EntityHandle": "1D1F0853", "Text": null }, "geometry": { "type": "LineString", "coordinates": [ [ 760.485815936937342, -643.641214186120351, 0.0 ], [ 760.57805364133219, -643.824296609938642, 0.0 ] ] } },
{ "type": "Feature", "properties": { "Layer": "023_MUROS_2", "PaperSpace": null, "SubClasses": null, "Linetype": null, "EntityHandle": "1D1F0854", "Text": null }, "geometry": { "type": "LineString", "coordinates": [ [ 760.840571618300714, -643.473522925972361, 0.0 ], [ 760.822967539087472, -643.482391936010345, 0.0 ] ] } },
{ "type": "Feature", "properties": { "Layer": "023_MUROS_2", "PaperSpace": null, "SubClasses": null, "Linetype": null, "EntityHandle": "1D1F0855", "Text": null }, "geometry": { "type": "LineString", "coordinates": [ [ 760.920392708642112, -643.631959638891999, 0.0 ], [ 760.902788629428528, -643.640828648929869, 0.0 ] ] } },
{ "type": "Feature", "properties": { "Layer": "023_MUROS_2", "PaperSpace": null, "SubClasses": null, "Linetype": null, "EntityHandle": "1D1F0990", "Text": null }, "geometry": { "type": "LineString", "coordinates": [ [ 766.559818863100645, -642.142270542701795, 0.0 ], [ 766.542214783887744, -642.151139552739664, 0.0 ] ] } },
{ "type": "Feature", "properties": { "Layer": "023_MUROS_2", "PaperSpace": null, "SubClasses": null, "Linetype": null, "EntityHandle": "1D1F0991", "Text": null }, "geometry": { "type": "LineString", "coordinates": [ [ 766.359379236243512, -641.744418352481716, 0.0 ], [ 766.341775157030611, -641.7532873625197, 0.0 ] ] } },
{ "type": "Feature", "properties": { "Layer": "023_MUROS_2", "PaperSpace": null, "SubClasses": null, "Linetype": null, "EntityHandle": "1D1F099B", "Text": null }, "geometry": { "type": "LineString", "coordinates": [ [ 761.37768535498094, -629.455404971363919, 0.0 ], [ 761.386554365019151, -629.473009050577275, 0.0 ] ] } },
{ "type": "Feature", "properties": { "Layer": "023_MUROS_2", "PaperSpace": null, "SubClasses": null, "Linetype": null, "EntityHandle": "1D1F09A5", "Text": null }, "geometry": { "type": "LineString", "coordinates": [ [ 771.013814356090165, -633.856575006455614, 0.0 ], [ 770.884947367409609, -633.978504894885305, 0.0 ] ] } },
{ "type": "Feature", "properties": { "Layer": "023_MUROS_2", "PaperSpace": null, "SubClasses": null, "Linetype": null, "EntityHandle": "1D1F09A6", "Text": null }, "geometry": { "type": "LineString", "coordinates": [ [ 771.041680675769271, -633.857345795372453, 0.0 ], [ 770.898495132790686, -633.992823449183106, 0.0 ] ] } },
{ "type": "Feature", "properties": { "Layer": "023_MUROS_2", "PaperSpace": null, "SubClasses": null, "Linetype": null, "EntityHandle": "1D1F09A7", "Text": null }, "geometry": { "type": "LineString", "coordinates": [ [ 770.898495132790686, -633.992823449183106, 0.0 ], [ 770.884947367409609, -633.978504894885305, 0.0 ] ] } },
{ "type": "Feature", "properties": { "Layer": "023_MUROS_2", "PaperSpace": null, "SubClasses": null, "Linetype": null, "EntityHandle": "1D1F09A8", "Text": null }, "geometry": { "type": "LineString", "coordinates": [ [ 770.619283323983609, -634.257004874114045, 0.0 ], [ 770.605735558602532, -634.24268631981613, 0.0 ] ] } },
{ "type": "Feature", "properties": { "Layer": "023_MUROS_2", "PaperSpace": null, "SubClasses": null, "Linetype": null, "EntityHandle": "1D1F09A9", "Text": null }, "geometry": { "type": "LineString", "coordinates": [ [ 770.605735558602532, -634.24268631981613, 0.0 ], [ 770.373774978977508, -634.462160118989345, 0.0 ] ] } },
{ "type": "Feature", "properties": { "Layer": "023_MUROS_2", "PaperSpace": null, "SubClasses": null, "Linetype": null, "EntityHandle": "1D1F09AA", "Text": null }, "geometry": { "type": "LineString", "coordinates": [ [ 770.619283323983609, -634.257004874114045, 0.0 ], [ 770.387322744358585, -634.476478673287261, 0.0 ] ] } },
{ "type": "Feature", "properties": { "Layer": "023_MUROS_2", "PaperSpace": null, "SubClasses": null, "Linetype": null, "EntityHandle": "1D1F09AB", "Text": null }, "geometry": { "type": "LineString", "coordinates": [ [ 770.373774978977508, -634.462160118989345, 0.0 ], [ 770.387322744358585, -634.476478673287261, 0.0 ] ] } },
{ "type": "Feature", "properties": { "Layer": "023_MUROS_2", "PaperSpace": null, "SubClasses": null, "Linetype": null, "EntityHandle": "1D1F09AC", "Text": null }, "geometry": { "type": "LineString", "coordinates": [ [ 770.237748713148335, -634.590863890109631, 0.0 ], [ 770.251296478529412, -634.605182444407319, 0.0 ] ] } },
{ "type": "Feature", "properties": { "Layer": "023_MUROS_2", "PaperSpace": null, "SubClasses": null, "Linetype": null, "EntityHandle": "1D1F09AD", "Text": null }, "geometry": { "type": "LineString", "coordinates": [ [ 770.237748713148335, -634.590863890109631, 0.0 ], [ 770.176178929667799, -634.649119281248204, 0.0 ] ] } },
{ "type": "Feature", "properties": { "Layer": "023_MUROS_2", "PaperSpace": null, "SubClasses": null, "Linetype": null, "EntityHandle": "1D1F09AE", "Text": null }, "geometry": { "type": "LineString", "coordinates": [ [ 770.176178929667799, -634.649119281248204, 0.0 ], [ 769.88490197397482, -634.341270363845069, 0.0 ] ] } },
{ "type": "Feature", "properties": { "Layer": "023_MUROS_2", "PaperSpace": null, "SubClasses": null, "Linetype": null, "EntityHandle": "1D1F09AF", "Text": null }, "geometry": { "type": "LineString", "coordinates": [ [ 770.161860375369997, -634.662667046629281, 0.0 ], [ 769.870583419677018, -634.35481812922626, 0.0 ] ] } },
{ "type": "Feature", "properties": { "Layer": "023_MUROS_2", "PaperSpace": null, "SubClasses": null, "Linetype": null, "EntityHandle": "1D1F09B0", "Text": null }, "geometry": { "type": "LineString", "coordinates": [ [ 769.88490197397482, -634.341270363845069, 0.0 ], [ 769.870583419677018, -634.35481812922626, 0.0 ] ] } },
{ "type": "Feature", "properties": { "Layer": "023_MUROS_2", "PaperSpace": null, "SubClasses": null, "Linetype": null, "EntityHandle": "1D1F09B1", "Text": null }, "geometry": { "type": "LineString", "coordinates": [ [ 769.783293733617029, -634.2338812066115, 0.0 ], [ 769.768975179319227, -634.247428971992576, 0.0 ] ] } },
{ "type": "Feature", "properties": { "Layer": "023_MUROS_2", "PaperSpace": null, "SubClasses": null, "Linetype": null, "EntityHandle": "1D1F09B2", "Text": null }, "geometry": { "type": "LineString", "coordinates": [ [ 769.768975179319227, -634.247428971992576, 0.0 ], [ 769.64704529088965, -634.118561983312361, 0.0 ] ] } },
{ "type": "Feature", "properties": { "Layer": "023_MUROS_2", "PaperSpace": null, "SubClasses": null, "Linetype": null, "EntityHandle": "1D1F09B3", "Text": null }, "geometry": { "type": "LineString", "coordinates": [ [ 769.64704529088965, -634.118561983312361, 0.0 ], [ 769.289081433444039, -634.457256117838938, 0.0 ] ] } },
{ "type": "Feature", "properties": { "Layer": "023_MUROS_2", "PaperSpace": null, "SubClasses": null, "Linetype": null, "EntityHandle": "1D1F09B4", "Text": null }, "geometry": { "type": "LineString", "coordinates": [ [ 769.612019694061814, -634.124565077086004, 0.0 ], [ 769.275533668062963, -634.442937563541136, 0.0 ] ] } },
{ "type": "Feature", "properties": { "Layer": "023_MUROS_2", "PaperSpace": null, "SubClasses": null, "Linetype": null, "EntityHandle": "1D1F09B5", "Text": null }, "geometry": { "type": "LineString", "coordinates": [ [ 769.403185514030156, -633.860828005951475, 0.0 ], [ 769.073858765180375, -634.172426609716013, 0.0 ] ] } },
{ "type": "Feature", "properties": { "Layer": "023_MUROS_2", "PaperSpace": null, "SubClasses": null, "Linetype": null, "EntityHandle": "1D1F09B6", "Text": null }, "geometry": { "type": "LineString", "coordinates": [ [ 769.389637748649079, -633.846509451653674, 0.0 ], [ 769.031673891203809, -634.185203586180478, 0.0 ] ] } },
{ "type": "Feature", "properties": { "Layer": "023_MUROS_2", "PaperSpace": null, "SubClasses": null, "Linetype": null, "EntityHandle": "1D1F09B7", "Text": null }, "geometry": { "type": "LineString", "coordinates": [ [ 769.783293733617029, -634.2338812066115, 0.0 ], [ 769.613946666353513, -634.054899277888808, 0.0 ] ] } },
{ "type": "Feature", "properties": { "Layer": "023_MUROS_2", "PaperSpace": null, "SubClasses": null, "Linetype": null, "EntityHandle": "1D1F09B8", "Text": null }, "geometry": { "type": "LineString", "coordinates": [ [ 770.161860375369997, -634.662667046629281, 0.0 ], [ 770.12606398962555, -634.696536460081916, 0.0 ] ] } },
{ "type": "Feature", "properties": { "Layer": "023_MUROS_2", "PaperSpace": null, "SubClasses": null, "Linetype": null, "EntityHandle": "1D1F09B9", "Text": null }, "geometry": { "type": "LineString", "coordinates": [ [ 770.12606398962555, -634.696536460081916, 0.0 ], [ 770.139611755006513, -634.710855014379717, 0.0 ] ] } },
{ "type": "Feature", "properties": { "Layer": "023_MUROS_2", "PaperSpace": null, "SubClasses": null, "Linetype": null, "EntityHandle": "1D1F09BA", "Text": null }, "geometry": { "type": "LineString", "coordinates": [ [ 770.054471218136428, -634.764275286987186, 0.0 ], [ 770.068018983517504, -634.778593841285101, 0.0 ] ] } },
{ "type": "Feature", "properties": { "Layer": "023_MUROS_2", "PaperSpace": null, "SubClasses": null, "Linetype": null, "EntityHandle": "1D1F09BB", "Text": null }, "geometry": { "type": "LineString", "coordinates": [ [ 770.054471218136428, -634.764275286987186, 0.0 ], [ 769.911285675158524, -634.899752940797953, 0.0 ] ] } },
{ "type": "Feature", "properties": { "Layer": "023_MUROS_2", "PaperSpace": null, "SubClasses": null, "Linetype": null, "EntityHandle": "1D1F09BC", "Text": null }, "geometry": { "type": "LineString", "coordinates": [ [ 769.911285675158524, -634.899752940797953, 0.0 ], [ 769.924833440539487, -634.914071495095868, 0.0 ] ] } },
{ "type": "Feature", "properties": { "Layer": "023_MUROS_2", "PaperSpace": null, "SubClasses": null, "Linetype": null, "EntityHandle": "1D1F09BD", "Text": null }, "geometry": { "type": "LineString", "coordinates": [ [ 769.839692903669061, -634.967491767703223, 0.0 ], [ 769.853240669050365, -634.981810322001138, 0.0 ] ] } },
{ "type": "Feature", "properties": { "Layer": "023_MUROS_2", "PaperSpace": null, "SubClasses": null, "Linetype": null, "EntityHandle": "1D1F09BE", "Text": null }, "geometry": { "type": "LineString", "coordinates": [ [ 769.839692903669061, -634.967491767703223, 0.0 ], [ 769.8038965179245, -635.001361181155858, 0.0 ] ] } },
{ "type": "Feature", "properties": { "Layer": "023_MUROS_2", "PaperSpace": null, "SubClasses": null, "Linetype": null, "EntityHandle": "1D1F09BF", "Text": null }, "geometry": { "type": "LineString", "coordinates": [ [ 769.8038965179245, -635.001361181155858, 0.0 ], [ 769.709062160257076, -634.901131301071132, 0.0 ] ] } },
{ "type": "Feature", "properties": { "Layer": "023_MUROS_2", "PaperSpace": null, "SubClasses": null, "Linetype": null, "EntityHandle": "1D1F09C0", "Text": null }, "geometry": { "type": "LineString", "coordinates": [ [ 769.709062160257076, -634.901131301071132, 0.0 ], [ 769.694743605959275, -634.914679066452209, 0.0 ] ] } },
{ "type": "Feature", "properties": { "Layer": "023_MUROS_2", "PaperSpace": null, "SubClasses": null, "Linetype": null, "EntityHandle": "1D1F09C1", "Text": null }, "geometry": { "type": "LineString", "coordinates": [ [ 769.607453919899172, -634.793742143837562, 0.0 ], [ 769.593135365601483, -634.807289909218639, 0.0 ] ] } },
{ "type": "Feature", "properties": { "Layer": "023_MUROS_2", "PaperSpace": null, "SubClasses": null, "Linetype": null, "EntityHandle": "1D1F09C2", "Text": null }, "geometry": { "type": "LineString", "coordinates": [ [ 769.607453919899172, -634.793742143837562, 0.0 ], [ 769.584422718751284, -634.769400601531174, 0.0 ] ] } },
{ "type": "Feature", "properties": { "Layer": "023_MUROS_2", "PaperSpace": null, "SubClasses": null, "Linetype": null, "EntityHandle": "1D1F09C3", "Text": null }, "geometry": { "type": "LineString", "coordinates": [ [ 769.584422718751284, -634.769400601531174, 0.0 ], [ 769.570104164453483, -634.782948366912251, 0.0 ] ] } },
{ "type": "Feature", "properties": { "Layer": "023_MUROS_2", "PaperSpace": null, "SubClasses": null, "Linetype": null, "EntityHandle": "1D1F09C4", "Text": null }, "geometry": { "type": "LineString", "coordinates": [ [ 769.347336824582499, -634.51882590131936, 0.0 ], [ 769.333018270284697, -634.532373666700437, 0.0 ] ] } },
{ "type": "Feature", "properties": { "Layer": "023_MUROS_2", "PaperSpace": null, "SubClasses": null, "Linetype": null, "EntityHandle": "1D1F09C5", "Text": null }, "geometry": { "type": "LineString", "coordinates": [ [ 770.251296478529412, -634.605182444407319, 0.0 ], [ 770.139611755006513, -634.710855014379717, 0.0 ] ] } },
{ "type": "Feature", "properties": { "Layer": "023_MUROS_2", "PaperSpace": null, "SubClasses": null, "Linetype": null, "EntityHandle": "1D1F09C6", "Text": null }, "geometry": { "type": "LineString", "coordinates": [ [ 770.068018983517504, -634.778593841285101, 0.0 ], [ 769.924833440539487, -634.914071495095868, 0.0 ] ] } },
{ "type": "Feature", "properties": { "Layer": "023_MUROS_2", "PaperSpace": null, "SubClasses": null, "Linetype": null, "EntityHandle": "1D1F09C7", "Text": null }, "geometry": { "type": "LineString", "coordinates": [ [ 769.853240669050365, -634.981810322001138, 0.0 ], [ 769.803125729007775, -635.02922750083485, 0.0 ] ] } },
{ "type": "Feature", "properties": { "Layer": "023_MUROS_2", "PaperSpace": null, "SubClasses": null, "Linetype": null, "EntityHandle": "1D1F09C8", "Text": null }, "geometry": { "type": "LineString", "coordinates": [ [ 769.803125729007775, -635.02922750083485, 0.0 ], [ 769.694743605959275, -634.914679066452209, 0.0 ] ] } },
{ "type": "Feature", "properties": { "Layer": "023_MUROS_2", "PaperSpace": null, "SubClasses": null, "Linetype": null, "EntityHandle": "1D1F09C9", "Text": null }, "geometry": { "type": "LineString", "coordinates": [ [ 769.593135365601483, -634.807289909218639, 0.0 ], [ 769.570104164453483, -634.782948366912251, 0.0 ] ] } },
{ "type": "Feature", "properties": { "Layer": "023_MUROS_2", "PaperSpace": null, "SubClasses": null, "Linetype": null, "EntityHandle": "1D1F09CA", "Text": null }, "geometry": { "type": "LineString", "coordinates": [ [ 769.347336824582499, -634.51882590131936, 0.0 ], [ 769.289081433444039, -634.457256117838938, 0.0 ] ] } },
{ "type": "Feature", "properties": { "Layer": "023_MUROS_2", "PaperSpace": null, "SubClasses": null, "Linetype": null, "EntityHandle": "1D1F09CB", "Text": null }, "geometry": { "type": "LineString", "coordinates": [ [ 769.275533668062963, -634.442937563541136, 0.0 ], [ 769.198311405391109, -634.361321804043655, 0.0 ] ] } },
{ "type": "Feature", "properties": { "Layer": "023_MUROS_2", "PaperSpace": null, "SubClasses": null, "Linetype": null, "EntityHandle": "1D1F09CC", "Text": null }, "geometry": { "type": "LineString", "coordinates": [ [ 769.198311405391109, -634.361321804043655, 0.0 ], [ 769.183992851092967, -634.374869569424618, 0.0 ] ] } },
{ "type": "Feature", "properties": { "Layer": "023_MUROS_2", "PaperSpace": null, "SubClasses": null, "Linetype": null, "EntityHandle": "1D1F09CD", "Text": null }, "geometry": { "type": "LineString", "coordinates": [ [ 769.10076749464713, -634.258228213099187, 0.0 ], [ 769.086448940349328, -634.271775978480264, 0.0 ] ] } },
{ "type": "Feature", "properties": { "Layer": "023_MUROS_2", "PaperSpace": null, "SubClasses": null, "Linetype": null, "EntityHandle": "1D1F09CE", "Text": null }, "geometry": { "type": "LineString", "coordinates": [ [ 769.10076749464713, -634.258228213099187, 0.0 ], [ 769.080445846575685, -634.236750381652541, 0.0 ] ] } },
{ "type": "Feature", "properties": { "Layer": "023_MUROS_2", "PaperSpace": null, "SubClasses": null, "Linetype": null, "EntityHandle": "1D1F09CF", "Text": null }, "geometry": { "type": "LineString", "coordinates": [ [ 769.332737134048898, -633.786371523603066, 0.0 ], [ 769.389637748649079, -633.846509451653674, 0.0 ] ] } },
{ "type": "Feature", "properties": { "Layer": "023_MUROS_2", "PaperSpace": null, "SubClasses": null, "Linetype": null, "EntityHandle": "1D1F09D0", "Text": null }, "geometry": { "type": "LineString", "coordinates": [ [ 769.403185514030156, -633.860828005951475, 0.0 ], [ 769.504793754388288, -633.968217163185159, 0.0 ] ] } },
{ "type": "Feature", "properties": { "Layer": "023_MUROS_2", "PaperSpace": null, "SubClasses": null, "Linetype": null, "EntityHandle": "1D1F09D1", "Text": null }, "geometry": { "type": "LineString", "coordinates": [ [ 769.504793754388288, -633.968217163185159, 0.0 ], [ 769.519112308686317, -633.954669397804196, 0.0 ] ] } },
{ "type": "Feature", "properties": { "Layer": "023_MUROS_2", "PaperSpace": null, "SubClasses": null, "Linetype": null, "EntityHandle": "1D1F09D2", "Text": null }, "geometry": { "type": "LineString", "coordinates": [ [ 769.599628112055711, -634.068447043269884, 0.0 ], [ 769.613946666353513, -634.054899277888808, 0.0 ] ] } },
{ "type": "Feature", "properties": { "Layer": "023_MUROS_2", "PaperSpace": null, "SubClasses": null, "Linetype": null, "EntityHandle": "1D1F09D3", "Text": null }, "geometry": { "type": "LineString", "coordinates": [ [ 769.613175877436788, -634.0827655975678, 0.0 ], [ 769.599628112055711, -634.068447043269884, 0.0 ] ] } },
{ "type": "Feature", "properties": { "Layer": "023_MUROS_2", "PaperSpace": null, "SubClasses": null, "Linetype": null, "EntityHandle": "1D1F09D4", "Text": null }, "geometry": { "type": "LineString", "coordinates": [ [ 769.613175877436788, -634.0827655975678, 0.0 ], [ 769.591698045990029, -634.103087245639358, 0.0 ] ] } },
{ "type": "Feature", "properties": { "Layer": "023_MUROS_2", "PaperSpace": null, "SubClasses": null, "Linetype": null, "EntityHandle": "1D1F09D5", "Text": null }, "geometry": { "type": "LineString", "coordinates": [ [ 769.591698045990029, -634.103087245639358, 0.0 ], [ 769.612019694061814, -634.124565077086004, 0.0 ] ] } },
{ "type": "Feature", "properties": { "Layer": "023_MUROS_2", "PaperSpace": null, "SubClasses": null, "Linetype": null, "EntityHandle": "1D1F09D6", "Text": null }, "geometry": { "type": "LineString", "coordinates": [ [ 769.080445846575685, -634.236750381652541, 0.0 ], [ 769.109082955171175, -634.209654850890388, 0.0 ] ] } },
{ "type": "Feature", "properties": { "Layer": "023_MUROS_2", "PaperSpace": null, "SubClasses": null, "Linetype": null, "EntityHandle": "1D1F09D7", "Text": null }, "geometry": { "type": "LineString", "coordinates": [ [ 769.109082955171175, -634.209654850890388, 0.0 ], [ 769.073858765180375, -634.172426609716013, 0.0 ] ] } },
{ "type": "Feature", "properties": { "Layer": "023_MUROS_2", "PaperSpace": null, "SubClasses": null, "Linetype": null, "EntityHandle": "1D1F09D8", "Text": null }, "geometry": { "type": "LineString", "coordinates": [ [ 769.333018270284697, -634.532373666700437, 0.0 ], [ 769.183992851092967, -634.374869569424618, 0.0 ] ] } },
{ "type": "Feature", "properties": { "Layer": "023_MUROS_2", "PaperSpace": null, "SubClasses": null, "Linetype": null, "EntityHandle": "1D1F09D9", "Text": null }, "geometry": { "type": "LineString", "coordinates": [ [ 771.013814356090165, -633.856575006455614, 0.0 ], [ 770.878336702279512, -633.713389463477483, 0.0 ] ] } },
{ "type": "Feature", "properties": { "Layer": "023_MUROS_2", "PaperSpace": null, "SubClasses": null, "Linetype": null, "EntityHandle": "1D1F09DA", "Text": null }, "geometry": { "type": "LineString", "coordinates": [ [ 771.041680675769271, -633.857345795372453, 0.0 ], [ 770.892655256577314, -633.699841698096407, 0.0 ] ] } },
{ "type": "Feature", "properties": { "Layer": "023_MUROS_2", "PaperSpace": null, "SubClasses": null, "Linetype": null, "EntityHandle": "1D1F09DB", "Text": null }, "geometry": { "type": "LineString", "coordinates": [ [ 770.878336702279512, -633.713389463477483, 0.0 ], [ 770.892655256577314, -633.699841698096407, 0.0 ] ] } },
{ "type": "Feature", "properties": { "Layer": "023_MUROS_2", "PaperSpace": null, "SubClasses": null, "Linetype": null, "EntityHandle": "1D1F09DC", "Text": null }, "geometry": { "type": "LineString", "coordinates": [ [ 770.615510053886851, -633.435609510099994, 0.0 ], [ 770.629828608184653, -633.422061744718803, 0.0 ] ] } },
{ "type": "Feature", "properties": { "Layer": "023_MUROS_2", "PaperSpace": null, "SubClasses": null, "Linetype": null, "EntityHandle": "1D1F09DD", "Text": null }, "geometry": { "type": "LineString", "coordinates": [ [ 770.615510053886851, -633.435609510099994, 0.0 ], [ 770.477322846999982, -633.289560256262234, 0.0 ] ] } },
{ "type": "Feature", "properties": { "Layer": "023_MUROS_2", "PaperSpace": null, "SubClasses": null, "Linetype": null, "EntityHandle": "1D1F09DE", "Text": null }, "geometry": { "type": "LineString", "coordinates": [ [ 770.629828608184653, -633.422061744718803, 0.0 ], [ 770.491641401297784, -633.276012490881158, 0.0 ] ] } },
{ "type": "Feature", "properties": { "Layer": "023_MUROS_2", "PaperSpace": null, "SubClasses": null, "Linetype": null, "EntityHandle": "1D1F09DF", "Text": null }, "geometry": { "type": "LineString", "coordinates": [ [ 770.477322846999982, -633.289560256262234, 0.0 ], [ 770.491641401297784, -633.276012490881158, 0.0 ] ] } },
{ "type": "Feature", "properties": { "Layer": "023_MUROS_2", "PaperSpace": null, "SubClasses": null, "Linetype": null, "EntityHandle": "1D1F09E0", "Text": null }, "geometry": { "type": "LineString", "coordinates": [ [ 770.215850975145372, -633.013212158314332, 0.0 ], [ 770.23016952944306, -632.999664392933255, 0.0 ] ] } },
{ "type": "Feature", "properties": { "Layer": "023_MUROS_2", "PaperSpace": null, "SubClasses": null, "Linetype": null, "EntityHandle": "1D1F09E1", "Text": null }, "geometry": { "type": "LineString", "coordinates": [ [ 770.215850975145372, -633.013212158314332, 0.0 ], [ 770.093921086715795, -632.884345169633889, 0.0 ] ] } },
{ "type": "Feature", "properties": { "Layer": "023_MUROS_2", "PaperSpace": null, "SubClasses": null, "Linetype": null, "EntityHandle": "1D1F09E2", "Text": null }, "geometry": { "type": "LineString", "coordinates": [ [ 770.23016952944306, -632.999664392933255, 0.0 ], [ 769.963278551436019, -632.717588873266209, 0.0 ] ] } },
{ "type": "Feature", "properties": { "Layer": "023_MUROS_2", "PaperSpace": null, "SubClasses": null, "Linetype": null, "EntityHandle": "1D1F09E3", "Text": null }, "geometry": { "type": "LineString", "coordinates": [ [ 770.093921086715795, -632.884345169633889, 0.0 ], [ 769.67295559035972, -633.282649471837317, 0.0 ] ] } },
{ "type": "Feature", "properties": { "Layer": "023_MUROS_2", "PaperSpace": null, "SubClasses": null, "Linetype": null, "EntityHandle": "1D1F09E4", "Text": null }, "geometry": { "type": "LineString", "coordinates": [ [ 770.080373321334719, -632.870026615336201, 0.0 ], [ 769.657546412920055, -633.270092127039106, 0.0 ] ] } },
{ "type": "Feature", "properties": { "Layer": "023_MUROS_2", "PaperSpace": null, "SubClasses": null, "Linetype": null, "EntityHandle": "1D1F09E5", "Text": null }, "geometry": { "type": "LineString", "coordinates": [ [ 769.67295559035972, -633.282649471837317, 0.0 ], [ 769.793530702251587, -633.410084605087945, 0.0 ] ] } },
{ "type": "Feature", "properties": { "Layer": "023_MUROS_2", "PaperSpace": null, "SubClasses": null, "Linetype": null, "EntityHandle": "1D1F09E6", "Text": null }, "geometry": { "type": "LineString", "coordinates": [ [ 769.658637036061918, -633.296197237218394, 0.0 ], [ 769.765664382572481, -633.409313816171107, 0.0 ] ] } },
{ "type": "Feature", "properties": { "Layer": "023_MUROS_2", "PaperSpace": null, "SubClasses": null, "Linetype": null, "EntityHandle": "1D1F09E7", "Text": null }, "geometry": { "type": "LineString", "coordinates": [ [ 769.793530702251587, -633.410084605087945, 0.0 ], [ 769.584479809503364, -633.607881979651552, 0.0 ] ] } },
{ "type": "Feature", "properties": { "Layer": "023_MUROS_2", "PaperSpace": null, "SubClasses": null, "Linetype": null, "EntityHandle": "1D1F09E8", "Text": null }, "geometry": { "type": "LineString", "coordinates": [ [ 769.765664382572481, -633.409313816171107, 0.0 ], [ 769.570932044122287, -633.59356342535375, 0.0 ] ] } },
{ "type": "Feature", "properties": { "Layer": "023_MUROS_2", "PaperSpace": null, "SubClasses": null, "Linetype": null, "EntityHandle": "1D1F09E9", "Text": null }, "geometry": { "type": "LineString", "coordinates": [ [ 769.519112308686317, -633.954669397804196, 0.0 ], [ 769.376860772184727, -633.804324577676994, 0.0 ] ] } },
{ "type": "Feature", "properties": { "Layer": "023_MUROS_2", "PaperSpace": null, "SubClasses": null, "Linetype": null, "EntityHandle": "1D1F09EA", "Text": null }, "geometry": { "type": "LineString", "coordinates": [ [ 769.376860772184727, -633.804324577676994, 0.0 ], [ 769.385451904763386, -633.796195918448348, 0.0 ] ] } },
{ "type": "Feature", "properties": { "Layer": "023_MUROS_2", "PaperSpace": null, "SubClasses": null, "Linetype": null, "EntityHandle": "1D1F09EB", "Text": null }, "geometry": { "type": "LineString", "coordinates": [ [ 769.385451904763386, -633.796195918448348, 0.0 ], [ 769.371904139382309, -633.781877364150432, 0.0 ] ] } },
{ "type": "Feature", "properties": { "Layer": "023_MUROS_2", "PaperSpace": null, "SubClasses": null, "Linetype": null, "EntityHandle": "1D1F09EC", "Text": null }, "geometry": { "type": "LineString", "coordinates": [ [ 769.457044676252508, -633.728457091542964, 0.0 ], [ 769.443496910871431, -633.714138537245162, 0.0 ] ] } },
{ "type": "Feature", "properties": { "Layer": "023_MUROS_2", "PaperSpace": null, "SubClasses": null, "Linetype": null, "EntityHandle": "1D1F09ED", "Text": null }, "geometry": { "type": "LineString", "coordinates": [ [ 769.469931375120609, -633.716264102700052, 0.0 ], [ 769.456383609739646, -633.70194554840225, 0.0 ] ] } },
{ "type": "Feature", "properties": { "Layer": "023_MUROS_2", "PaperSpace": null, "SubClasses": null, "Linetype": null, "EntityHandle": "1D1F09EE", "Text": null }, "geometry": { "type": "LineString", "coordinates": [ [ 769.584479809503136, -633.607881979651438, 0.0 ], [ 769.57093204412206, -633.593563425353523, 0.0 ] ] } },
{ "type": "Feature", "properties": { "Layer": "023_MUROS_2", "PaperSpace": null, "SubClasses": null, "Linetype": null, "EntityHandle": "1D1F09EF", "Text": null }, "geometry": { "type": "LineString", "coordinates": [ [ 769.371904139382309, -633.781877364150432, 0.0 ], [ 769.363313006803992, -633.790006023379306, 0.0 ] ] } },
{ "type": "Feature", "properties": { "Layer": "023_MUROS_2", "PaperSpace": null, "SubClasses": null, "Linetype": null, "EntityHandle": "1D1F09F0", "Text": null }, "geometry": { "type": "LineString", "coordinates": [ [ 769.443496910871431, -633.714138537245162, 0.0 ], [ 769.456383609739646, -633.70194554840225, 0.0 ] ] } },
{ "type": "Feature", "properties": { "Layer": "023_MUROS_2", "PaperSpace": null, "SubClasses": null, "Linetype": null, "EntityHandle": "1D1F09F1", "Text": null }, "geometry": { "type": "LineString", "coordinates": [ [ 769.457044676252508, -633.728457091542964, 0.0 ], [ 769.469931375120609, -633.716264102700052, 0.0 ] ] } },
{ "type": "Feature", "properties": { "Layer": "023_MUROS_2", "PaperSpace": null, "SubClasses": null, "Linetype": null, "EntityHandle": "1D1F09F2", "Text": null }, "geometry": { "type": "LineString", "coordinates": [ [ 769.640364147762739, -633.286349445496398, 0.0 ], [ 769.45035693223042, -633.466128292103122, 0.0 ] ] } },
{ "type": "Feature", "properties": { "Layer": "023_MUROS_2", "PaperSpace": null, "SubClasses": null, "Linetype": null, "EntityHandle": "1D1F09F3", "Text": null }, "geometry": { "type": "LineString", "coordinates": [ [ 769.658637036061918, -633.296197237218394, 0.0 ], [ 769.463904697611497, -633.480446846400923, 0.0 ] ] } },
{ "type": "Feature", "properties": { "Layer": "023_MUROS_2", "PaperSpace": null, "SubClasses": null, "Linetype": null, "EntityHandle": "1D1F09F4", "Text": null }, "geometry": { "type": "LineString", "coordinates": [ [ 769.463904697611497, -633.480446846400923, 0.0 ], [ 769.45035693223042, -633.466128292103122, 0.0 ] ] } },
{ "type": "Feature", "properties": { "Layer": "023_MUROS_2", "PaperSpace": null, "SubClasses": null, "Linetype": null, "EntityHandle": "1D1F09F5", "Text": null }, "geometry": { "type": "LineString", "coordinates": [ [ 770.080373321334719, -632.870026615336201, 0.0 ], [ 769.948959997138218, -632.731136638647286, 0.0 ] ] } },
{ "type": "Feature", "properties": { "Layer": "023_MUROS_2", "PaperSpace": null, "SubClasses": null, "Linetype": null, "EntityHandle": "1D1F09F6", "Text": null }, "geometry": { "type": "LineString", "coordinates": [ [ 769.948959997138218, -632.731136638647286, 0.0 ], [ 769.963278551436019, -632.717588873266209, 0.0 ] ] } },
{ "type": "Feature", "properties": { "Layer": "023_MUROS_2", "PaperSpace": null, "SubClasses": null, "Linetype": null, "EntityHandle": "1D1F09F7", "Text": null }, "geometry": { "type": "LineString", "coordinates": [ [ 769.687488125283494, -632.454788540699383, 0.0 ], [ 769.701806679581296, -632.441240775318306, 0.0 ] ] } },
{ "type": "Feature", "properties": { "Layer": "023_MUROS_2", "PaperSpace": null, "SubClasses": null, "Linetype": null, "EntityHandle": "1D1F09F8", "Text": null }, "geometry": { "type": "LineString", "coordinates": [ [ 769.687488125283494, -632.454788540699383, 0.0 ], [ 769.560139130701486, -632.32019413029991, 0.0 ] ] } },
{ "type": "Feature", "properties": { "Layer": "023_MUROS_2", "PaperSpace": null, "SubClasses": null, "Linetype": null, "EntityHandle": "1D1F09F9", "Text": null }, "geometry": { "type": "LineString", "coordinates": [ [ 769.560139130701486, -632.32019413029991, 0.0 ], [ 768.998851802227136, -632.85126653323789, 0.0 ] ] } },
{ "type": "Feature", "properties": { "Layer": "023_MUROS_2", "PaperSpace": null, "SubClasses": null, "Linetype": null, "EntityHandle": "1D1F09FA", "Text": null }, "geometry": { "type": "LineString", "coordinates": [ [ 768.998851802227136, -632.85126653323789, 0.0 ], [ 768.98530403684606, -632.836947978939975, 0.0 ] ] } },
{ "type": "Feature", "properties": { "Layer": "023_MUROS_2", "PaperSpace": null, "SubClasses": null, "Linetype": null, "EntityHandle": "1D1F09FB", "Text": null }, "geometry": { "type": "LineString", "coordinates": [ [ 768.98530403684606, -632.836947978939975, 0.0 ], [ 769.546591365320523, -632.305875576002109, 0.0 ] ] } },
{ "type": "Feature", "properties": { "Layer": "023_MUROS_2", "PaperSpace": null, "SubClasses": null, "Linetype": null, "EntityHandle": "1D1F09FC", "Text": null }, "geometry": { "type": "LineString", "coordinates": [ [ 769.546591365320523, -632.305875576002109, 0.0 ], [ 769.420597147276794, -632.17271302103245, 0.0 ] ] } },
{ "type": "Feature", "properties": { "Layer": "023_MUROS_2", "PaperSpace": null, "SubClasses": null, "Linetype": null, "EntityHandle": "1D1F09FD", "Text": null }, "geometry": { "type": "LineString", "coordinates": [ [ 769.420597147276794, -632.17271302103245, 0.0 ], [ 769.434915701574255, -632.15916525565126, 0.0 ] ] } },
{ "type": "Feature", "properties": { "Layer": "023_MUROS_2", "PaperSpace": null, "SubClasses": null, "Linetype": null, "EntityHandle": "1D1F09FE", "Text": null }, "geometry": { "type": "LineString", "coordinates": [ [ 769.15912527542207, -631.896364923084548, 0.0 ], [ 769.173443829719758, -631.882817157703471, 0.0 ] ] } },
{ "type": "Feature", "properties": { "Layer": "023_MUROS_2", "PaperSpace": null, "SubClasses": null, "Linetype": null, "EntityHandle": "1D1F09FF", "Text": null }, "geometry": { "type": "LineString", "coordinates": [ [ 769.15912527542207, -631.896364923084548, 0.0 ], [ 769.020938068534861, -631.750315669246788, 0.0 ] ] } },
{ "type": "Feature", "properties": { "Layer": "023_MUROS_2", "PaperSpace": null, "SubClasses": null, "Linetype": null, "EntityHandle": "1D1F0A00", "Text": null }, "geometry": { "type": "LineString", "coordinates": [ [ 769.020938068534861, -631.750315669246788, 0.0 ], [ 769.035256622833003, -631.736767903865712, 0.0 ] ] } },
{ "type": "Feature", "properties": { "Layer": "023_MUROS_2", "PaperSpace": null, "SubClasses": null, "Linetype": null, "EntityHandle": "1D1F0A01", "Text": null }, "geometry": { "type": "LineString", "coordinates": [ [ 768.759466196680819, -631.473967571299113, 0.0 ], [ 768.77378475097828, -631.460419805917923, 0.0 ] ] } },
{ "type": "Feature", "properties": { "Layer": "023_MUROS_2", "PaperSpace": null, "SubClasses": null, "Linetype": null, "EntityHandle": "1D1F0A02", "Text": null }, "geometry": { "type": "LineString", "coordinates": [ [ 768.759466196680819, -631.473967571299113, 0.0 ], [ 768.615859883641292, -631.322190895742096, 0.0 ] ] } },
{ "type": "Feature", "properties": { "Layer": "023_MUROS_2", "PaperSpace": null, "SubClasses": null, "Linetype": null, "EntityHandle": "1D1F0A03", "Text": null }, "geometry": { "type": "LineString", "coordinates": [ [ 768.615859883641292, -631.322190895742096, 0.0 ], [ 768.486992894960736, -631.444120784171673, 0.0 ] ] } },
{ "type": "Feature", "properties": { "Layer": "023_MUROS_2", "PaperSpace": null, "SubClasses": null, "Linetype": null, "EntityHandle": "1D1F0A04", "Text": null }, "geometry": { "type": "LineString", "coordinates": [ [ 768.486992894960736, -631.444120784171673, 0.0 ], [ 768.473445129579659, -631.429802229873985, 0.0 ] ] } },
{ "type": "Feature", "properties": { "Layer": "023_MUROS_2", "PaperSpace": null, "SubClasses": null, "Linetype": null, "EntityHandle": "1D1F0A05", "Text": null }, "geometry": { "type": "LineString", "coordinates": [ [ 768.209212941583246, -631.706947432564448, 0.0 ], [ 768.195665176201828, -631.692628878266646, 0.0 ] ] } },
{ "type": "Feature", "properties": { "Layer": "023_MUROS_2", "PaperSpace": null, "SubClasses": null, "Linetype": null, "EntityHandle": "1D1F0A06", "Text": null }, "geometry": { "type": "LineString", "coordinates": [ [ 768.473445129579659, -631.429802229873985, 0.0 ], [ 768.616630672557903, -631.294324576063218, 0.0 ] ] } },
{ "type": "Feature", "properties": { "Layer": "023_MUROS_2", "PaperSpace": null, "SubClasses": null, "Linetype": null, "EntityHandle": "1D1F0A07", "Text": null }, "geometry": { "type": "LineString", "coordinates": [ [ 768.616630672557903, -631.294324576063218, 0.0 ], [ 768.77378475097828, -631.460419805917923, 0.0 ] ] } },
{ "type": "Feature", "properties": { "Layer": "023_MUROS_2", "PaperSpace": null, "SubClasses": null, "Linetype": null, "EntityHandle": "1D1F0A08", "Text": null }, "geometry": { "type": "LineString", "coordinates": [ [ 769.173443829719758, -631.882817157703471, 0.0 ], [ 769.035256622833003, -631.736767903865712, 0.0 ] ] } },
{ "type": "Feature", "properties": { "Layer": "023_MUROS_2", "PaperSpace": null, "SubClasses": null, "Linetype": null, "EntityHandle": "1D1F0A09", "Text": null }, "geometry": { "type": "LineString", "coordinates": [ [ 769.701806679581296, -632.441240775318306, 0.0 ], [ 769.434915701574255, -632.15916525565126, 0.0 ] ] } },
{ "type": "Feature", "properties": { "Layer": "023_MUROS_2", "PaperSpace": null, "SubClasses": null, "Linetype": null, "EntityHandle": "1D1F0A15", "Text": null }, "geometry": { "type": "LineString", "coordinates": [ [ 769.640364147762739, -633.286349445496398, 0.0 ], [ 769.657546412920055, -633.270092127039106, 0.0 ] ] } },
{ "type": "Feature", "properties": { "Layer": "023_MUROS_2", "PaperSpace": null, "SubClasses": null, "Linetype": null, "EntityHandle": "1D1F0A21", "Text": null }, "geometry": { "type": "LineString", "coordinates": [ [ 768.209212941583246, -631.706947432564448, 0.0 ], [ 768.175850710069426, -631.738513725902408, 0.0 ] ] } },
{ "type": "Feature", "properties": { "Layer": "023_MUROS_2", "PaperSpace": null, "SubClasses": null, "Linetype": null, "EntityHandle": "1D1F0A24", "Text": null }, "geometry": { "type": "LineString", "coordinates": [ [ 768.175850710069426, -631.738513725902408, 0.0 ], [ 767.969663528180718, -631.933601547389685, 0.0 ] ] } },
{ "type": "Feature", "properties": { "Layer": "023_MUROS_2", "PaperSpace": null, "SubClasses": null, "Linetype": null, "EntityHandle": "1D1F0A25", "Text": null }, "geometry": { "type": "LineString", "coordinates": [ [ 767.969663528180718, -631.933601547389685, 0.0 ], [ 767.956115762799641, -631.919282993091997, 0.0 ] ] } },
{ "type": "Feature", "properties": { "Layer": "023_MUROS_2", "PaperSpace": null, "SubClasses": null, "Linetype": null, "EntityHandle": "1D1F0A26", "Text": null }, "geometry": { "type": "LineString", "coordinates": [ [ 767.836500973211059, -632.059595765433755, 0.0 ], [ 767.822953207829983, -632.045277211135954, 0.0 ] ] } },
{ "type": "Feature", "properties": { "Layer": "023_MUROS_2", "PaperSpace": null, "SubClasses": null, "Linetype": null, "EntityHandle": "1D1F0A27", "Text": null }, "geometry": { "type": "LineString", "coordinates": [ [ 767.836500973211059, -632.059595765433755, 0.0 ], [ 767.778224457218926, -632.114735170534686, 0.0 ] ] } },
{ "type": "Feature", "properties": { "Layer": "023_MUROS_2", "PaperSpace": null, "SubClasses": null, "Linetype": null, "EntityHandle": "1D1F0A28", "Text": null }, "geometry": { "type": "LineString", "coordinates": [ [ 767.956115762799641, -631.919282993091997, 0.0 ], [ 768.195665176201828, -631.692628878266646, 0.0 ] ] } },
{ "type": "Feature", "properties": { "Layer": "023_MUROS_2", "PaperSpace": null, "SubClasses": null, "Linetype": null, "EntityHandle": "1D1F0A29", "Text": null }, "geometry": { "type": "LineString", "coordinates": [ [ 767.778224457218926, -632.114735170534686, 0.0 ], [ 768.069501412911904, -632.422584087937821, 0.0 ] ] } },
{ "type": "Feature", "properties": { "Layer": "023_MUROS_2", "PaperSpace": null, "SubClasses": null, "Linetype": null, "EntityHandle": "1D1F0A2A", "Text": null }, "geometry": { "type": "LineString", "coordinates": [ [ 768.069501412911904, -632.422584087937821, 0.0 ], [ 768.055182858613875, -632.436131853318784, 0.0 ] ] } },
{ "type": "Feature", "properties": { "Layer": "023_MUROS_2", "PaperSpace": null, "SubClasses": null, "Linetype": null, "EntityHandle": "1D1F0A2B", "Text": null }, "geometry": { "type": "LineString", "coordinates": [ [ 768.171109653269809, -632.529973245171277, 0.0 ], [ 768.156791098972008, -632.543521010552354, 0.0 ] ] } },
{ "type": "Feature", "properties": { "Layer": "023_MUROS_2", "PaperSpace": null, "SubClasses": null, "Linetype": null, "EntityHandle": "1D1F0A2C", "Text": null }, "geometry": { "type": "LineString", "coordinates": [ [ 768.156791098972008, -632.543521010552354, 0.0 ], [ 768.313945177392384, -632.709616240407058, 0.0 ] ] } },
{ "type": "Feature", "properties": { "Layer": "023_MUROS_2", "PaperSpace": null, "SubClasses": null, "Linetype": null, "EntityHandle": "1D1F0A2D", "Text": null }, "geometry": { "type": "LineString", "coordinates": [ [ 768.313945177392384, -632.709616240407058, 0.0 ], [ 767.993209561121262, -633.013086184942949, 0.0 ] ] } },
{ "type": "Feature", "properties": { "Layer": "023_MUROS_2", "PaperSpace": null, "SubClasses": null, "Linetype": null, "EntityHandle": "1D1F0A2E", "Text": null }, "geometry": { "type": "LineString", "coordinates": [ [ 768.327492942773461, -632.723934794704746, 0.0 ], [ 767.969529085328077, -633.062628929231551, 0.0 ] ] } },
{ "type": "Feature", "properties": { "Layer": "023_MUROS_2", "PaperSpace": null, "SubClasses": null, "Linetype": null, "EntityHandle": "1D1F0A2F", "Text": null }, "geometry": { "type": "LineString", "coordinates": [ [ 768.568643166556399, -632.978805061206003, 0.0 ], [ 768.210679309111129, -633.317499195732694, 0.0 ] ] } },
{ "type": "Feature", "properties": { "Layer": "023_MUROS_2", "PaperSpace": null, "SubClasses": null, "Linetype": null, "EntityHandle": "1D1F0A30", "Text": null }, "geometry": { "type": "LineString", "coordinates": [ [ 768.582190931937362, -632.993123615503805, 0.0 ], [ 768.224227074492092, -633.331817750030496, 0.0 ] ] } },
{ "type": "Feature", "properties": { "Layer": "023_MUROS_2", "PaperSpace": null, "SubClasses": null, "Linetype": null, "EntityHandle": "1D1F0A31", "Text": null }, "geometry": { "type": "LineString", "coordinates": [ [ 767.861146962279349, -632.948080494848909, 0.0 ], [ 767.720250202316606, -632.799167530151749, 0.0 ] ] } },
{ "type": "Feature", "properties": { "Layer": "023_MUROS_2", "PaperSpace": null, "SubClasses": null, "Linetype": null, "EntityHandle": "1D1F0A32", "Text": null }, "geometry": { "type": "LineString", "coordinates": [ [ 767.619996738496638, -632.693210228347994, 0.0 ], [ 767.598320313886688, -632.670300541471306, 0.0 ] ] } },
{ "type": "Feature", "properties": { "Layer": "023_MUROS_2", "PaperSpace": null, "SubClasses": null, "Linetype": null, "EntityHandle": "1D1F0A33", "Text": null }, "geometry": { "type": "LineString", "coordinates": [ [ 767.498066850066834, -632.564343239667551, 0.0 ], [ 767.405942045475626, -632.46697707044234, 0.0 ] ] } },
{ "type": "Feature", "properties": { "Layer": "023_MUROS_2", "PaperSpace": null, "SubClasses": null, "Linetype": null, "EntityHandle": "1D1F0A34", "Text": null }, "geometry": { "type": "LineString", "coordinates": [ [ 768.055182858613875, -632.436131853318784, 0.0 ], [ 767.763905902921124, -632.128282935915763, 0.0 ] ] } },
{ "type": "Feature", "properties": { "Layer": "023_MUROS_2", "PaperSpace": null, "SubClasses": null, "Linetype": null, "EntityHandle": "1D1F0A35", "Text": null }, "geometry": { "type": "LineString", "coordinates": [ [ 767.763905902921124, -632.128282935915763, 0.0 ], [ 767.720950240027605, -632.16892623205888, 0.0 ] ] } },
{ "type": "Feature", "properties": { "Layer": "023_MUROS_2", "PaperSpace": null, "SubClasses": null, "Linetype": null, "EntityHandle": "1D1F0A36", "Text": null }, "geometry": { "type": "LineString", "coordinates": [ [ 767.720950240027605, -632.16892623205888, 0.0 ], [ 767.707402474646528, -632.154607677761078, 0.0 ] ] } },
{ "type": "Feature", "properties": { "Layer": "023_MUROS_2", "PaperSpace": null, "SubClasses": null, "Linetype": null, "EntityHandle": "1D1F0A37", "Text": null }, "geometry": { "type": "LineString", "coordinates": [ [ 767.649357468538483, -632.236665058964149, 0.0 ], [ 767.635809703157747, -632.222346504666461, 0.0 ] ] } },
{ "type": "Feature", "properties": { "Layer": "023_MUROS_2", "PaperSpace": null, "SubClasses": null, "Linetype": null, "EntityHandle": "1D1F0A38", "Text": null }, "geometry": { "type": "LineString", "coordinates": [ [ 767.649357468538483, -632.236665058964149, 0.0 ], [ 767.513331202709196, -632.365368830084435, 0.0 ] ] } },
{ "type": "Feature", "properties": { "Layer": "023_MUROS_2", "PaperSpace": null, "SubClasses": null, "Linetype": null, "EntityHandle": "1D1F0A39", "Text": null }, "geometry": { "type": "LineString", "coordinates": [ [ 767.513331202709196, -632.365368830084435, 0.0 ], [ 767.499783437328119, -632.351050275786633, 0.0 ] ] } },
{ "type": "Feature", "properties": { "Layer": "023_MUROS_2", "PaperSpace": null, "SubClasses": null, "Linetype": null, "EntityHandle": "1D1F0A3A", "Text": null }, "geometry": { "type": "LineString", "coordinates": [ [ 767.441738431220415, -632.433107656989705, 0.0 ], [ 767.428190665839111, -632.418789102691903, 0.0 ] ] } },
{ "type": "Feature", "properties": { "Layer": "023_MUROS_2", "PaperSpace": null, "SubClasses": null, "Linetype": null, "EntityHandle": "1D1F0A3B", "Text": null }, "geometry": { "type": "LineString", "coordinates": [ [ 767.441738431220415, -632.433107656989705, 0.0 ], [ 767.405942045475626, -632.46697707044234, 0.0 ] ] } },
{ "type": "Feature", "properties": { "Layer": "023_MUROS_2", "PaperSpace": null, "SubClasses": null, "Linetype": null, "EntityHandle": "1D1F0A3C", "Text": null }, "geometry": { "type": "LineString", "coordinates": [ [ 767.498066850066834, -632.564343239667551, 0.0 ], [ 767.483748295769033, -632.577891005048627, 0.0 ] ] } },
{ "type": "Feature", "properties": { "Layer": "023_MUROS_2", "PaperSpace": null, "SubClasses": null, "Linetype": null, "EntityHandle": "1D1F0A3D", "Text": null }, "geometry": { "type": "LineString", "coordinates": [ [ 767.598320313886688, -632.670300541471306, 0.0 ], [ 767.584001759588887, -632.683848306852497, 0.0 ] ] } },
{ "type": "Feature", "properties": { "Layer": "023_MUROS_2", "PaperSpace": null, "SubClasses": null, "Linetype": null, "EntityHandle": "1D1F0A3E", "Text": null }, "geometry": { "type": "LineString", "coordinates": [ [ 767.619996738496638, -632.693210228347994, 0.0 ], [ 767.60567818419895, -632.70675799372907, 0.0 ] ] } },
{ "type": "Feature", "properties": { "Layer": "023_MUROS_2", "PaperSpace": null, "SubClasses": null, "Linetype": null, "EntityHandle": "1D1F0A3F", "Text": null }, "geometry": { "type": "LineString", "coordinates": [ [ 767.720250202316493, -632.799167530151863, 0.0 ], [ 767.705931648018804, -632.812715295532939, 0.0 ] ] } },
{ "type": "Feature", "properties": { "Layer": "023_MUROS_2", "PaperSpace": null, "SubClasses": null, "Linetype": null, "EntityHandle": "1D1F0A40", "Text": null }, "geometry": { "type": "LineString", "coordinates": [ [ 767.861146962279349, -632.948080494848909, 0.0 ], [ 767.898375203453838, -632.912856304858224, 0.0 ] ] } },
{ "type": "Feature", "properties": { "Layer": "023_MUROS_2", "PaperSpace": null, "SubClasses": null, "Linetype": null, "EntityHandle": "1D1F0A41", "Text": null }, "geometry": { "type": "LineString", "coordinates": [ [ 767.898375203453838, -632.912856304858224, 0.0 ], [ 767.993209561121262, -633.013086184942949, 0.0 ] ] } },
{ "type": "Feature", "properties": { "Layer": "023_MUROS_2", "PaperSpace": null, "SubClasses": null, "Linetype": null, "EntityHandle": "1D1F0A42", "Text": null }, "geometry": { "type": "LineString", "coordinates": [ [ 767.60567818419895, -632.70675799372907, 0.0 ], [ 767.584001759588887, -632.683848306852497, 0.0 ] ] } },
{ "type": "Feature", "properties": { "Layer": "023_MUROS_2", "PaperSpace": null, "SubClasses": null, "Linetype": null, "EntityHandle": "1D1F0A43", "Text": null }, "geometry": { "type": "LineString", "coordinates": [ [ 767.483748295769033, -632.577891005048627, 0.0 ], [ 767.378075725796748, -632.466206281525729, 0.0 ] ] } },
{ "type": "Feature", "properties": { "Layer": "023_MUROS_2", "PaperSpace": null, "SubClasses": null, "Linetype": null, "EntityHandle": "1D1F0A44", "Text": null }, "geometry": { "type": "LineString", "coordinates": [ [ 767.378075725796748, -632.466206281525729, 0.0 ], [ 767.428190665839111, -632.418789102691903, 0.0 ] ] } },
{ "type": "Feature", "properties": { "Layer": "023_MUROS_2", "PaperSpace": null, "SubClasses": null, "Linetype": null, "EntityHandle": "1D1F0A45", "Text": null }, "geometry": { "type": "LineString", "coordinates": [ [ 767.499783437328119, -632.351050275786633, 0.0 ], [ 767.635809703157747, -632.222346504666461, 0.0 ] ] } },
{ "type": "Feature", "properties": { "Layer": "023_MUROS_2", "PaperSpace": null, "SubClasses": null, "Linetype": null, "EntityHandle": "1D1F0A46", "Text": null }, "geometry": { "type": "LineString", "coordinates": [ [ 767.707402474646528, -632.154607677761078, 0.0 ], [ 767.822953207829983, -632.045277211135954, 0.0 ] ] } },
{ "type": "Feature", "properties": { "Layer": "023_MUROS_2", "PaperSpace": null, "SubClasses": null, "Linetype": null, "EntityHandle": "1D1F0A47", "Text": null }, "geometry": { "type": "LineString", "coordinates": [ [ 768.171109653269809, -632.529973245171277, 0.0 ], [ 768.482708257034233, -632.859299994021058, 0.0 ] ] } },
{ "type": "Feature", "properties": { "Layer": "023_MUROS_2", "PaperSpace": null, "SubClasses": null, "Linetype": null, "EntityHandle": "1D1F0A48", "Text": null }, "geometry": { "type": "LineString", "coordinates": [ [ 768.327492942773461, -632.723934794704746, 0.0 ], [ 768.468389702736772, -632.872847759402248, 0.0 ] ] } },
{ "type": "Feature", "properties": { "Layer": "023_MUROS_2", "PaperSpace": null, "SubClasses": null, "Linetype": null, "EntityHandle": "1D1F0A49", "Text": null }, "geometry": { "type": "LineString", "coordinates": [ [ 768.482708257034233, -632.859299994021058, 0.0 ], [ 768.468389702736772, -632.872847759402248, 0.0 ] ] } },
{ "type": "Feature", "properties": { "Layer": "023_MUROS_2", "PaperSpace": null, "SubClasses": null, "Linetype": null, "EntityHandle": "1D1F0A4A", "Text": null }, "geometry": { "type": "LineString", "coordinates": [ [ 768.577542614702452, -632.959529874105442, 0.0 ], [ 768.56322406040465, -632.973077639486519, 0.0 ] ] } },
{ "type": "Feature", "properties": { "Layer": "023_MUROS_2", "PaperSpace": null, "SubClasses": null, "Linetype": null, "EntityHandle": "1D1F0A4B", "Text": null }, "geometry": { "type": "LineString", "coordinates": [ [ 768.56322406040465, -632.973077639486519, 0.0 ], [ 768.568643166556399, -632.978805061206003, 0.0 ] ] } },
{ "type": "Feature", "properties": { "Layer": "023_MUROS_2", "PaperSpace": null, "SubClasses": null, "Linetype": null, "EntityHandle": "1D1F0A4D", "Text": null }, "geometry": { "type": "LineString", "coordinates": [ [ 768.577542614702452, -632.959529874105442, 0.0 ], [ 768.982620799596361, -633.387654647610134, 0.0 ] ] } },
{ "type": "Feature", "properties": { "Layer": "023_MUROS_2", "PaperSpace": null, "SubClasses": null, "Linetype": null, "EntityHandle": "1D1F0A4E", "Text": null }, "geometry": { "type": "LineString", "coordinates": [ [ 768.982620799595907, -633.387654647610589, 0.0 ], [ 768.968302245297878, -633.401202412991552, 0.0 ] ] } },
{ "type": "Feature", "properties": { "Layer": "023_MUROS_2", "PaperSpace": null, "SubClasses": null, "Linetype": null, "EntityHandle": "1D1F0A4F", "Text": null }, "geometry": { "type": "LineString", "coordinates": [ [ 769.043585743810581, -633.45208814195064, 0.0 ], [ 769.02926718951278, -633.46563590733183, 0.0 ] ] } },
{ "type": "Feature", "properties": { "Layer": "023_MUROS_2", "PaperSpace": null, "SubClasses": null, "Linetype": null, "EntityHandle": "1D1F0A50", "Text": null }, "geometry": { "type": "LineString", "coordinates": [ [ 769.065262168420531, -633.474997828827441, 0.0 ], [ 769.050943614122843, -633.488545594208517, 0.0 ] ] } },
{ "type": "Feature", "properties": { "Layer": "023_MUROS_2", "PaperSpace": null, "SubClasses": null, "Linetype": null, "EntityHandle": "1D1F0A51", "Text": null }, "geometry": { "type": "LineString", "coordinates": [ [ 769.254930883755492, -633.675457588996778, 0.0 ], [ 769.24061232945769, -633.689005354377855, 0.0 ] ] } },
{ "type": "Feature", "properties": { "Layer": "023_MUROS_2", "PaperSpace": null, "SubClasses": null, "Linetype": null, "EntityHandle": "1D1F0A52", "Text": null }, "geometry": { "type": "LineString", "coordinates": [ [ 769.27931686144143, -633.701230986732867, 0.0 ], [ 769.264998307143628, -633.714778752113943, 0.0 ] ] } },
{ "type": "Feature", "properties": { "Layer": "023_MUROS_2", "PaperSpace": null, "SubClasses": null, "Linetype": null, "EntityHandle": "1D1F0A53", "Text": null }, "geometry": { "type": "LineString", "coordinates": [ [ 769.3470556883467, -633.772823758221875, 0.0 ], [ 769.332737134048898, -633.786371523603066, 0.0 ] ] } },
{ "type": "Feature", "properties": { "Layer": "023_MUROS_2", "PaperSpace": null, "SubClasses": null, "Linetype": null, "EntityHandle": "1D1F0A54", "Text": null }, "geometry": { "type": "LineString", "coordinates": [ [ 769.332737134048898, -633.786371523603066, 0.0 ], [ 769.348994452505963, -633.803553788760155, 0.0 ] ] } },
{ "type": "Feature", "properties": { "Layer": "023_MUROS_2", "PaperSpace": null, "SubClasses": null, "Linetype": null, "EntityHandle": "1D1F0A55", "Text": null }, "geometry": { "type": "LineString", "coordinates": [ [ 769.3470556883467, -633.772823758221875, 0.0 ], [ 769.363313006803992, -633.790006023379306, 0.0 ] ] } },
{ "type": "Feature", "properties": { "Layer": "023_MUROS_2", "PaperSpace": null, "SubClasses": null, "Linetype": null, "EntityHandle": "1D1F0A56", "Text": null }, "geometry": { "type": "LineString", "coordinates": [ [ 769.27931686144143, -633.701230986732867, 0.0 ], [ 769.254930883755492, -633.675457588996778, 0.0 ] ] } },
{ "type": "Feature", "properties": { "Layer": "023_MUROS_2", "PaperSpace": null, "SubClasses": null, "Linetype": null, "EntityHandle": "1D1F0A57", "Text": null }, "geometry": { "type": "LineString", "coordinates": [ [ 769.264998307143628, -633.714778752113943, 0.0 ], [ 769.24061232945769, -633.689005354377855, 0.0 ] ] } },
{ "type": "Feature", "properties": { "Layer": "023_MUROS_2", "PaperSpace": null, "SubClasses": null, "Linetype": null, "EntityHandle": "1D1F0A58", "Text": null }, "geometry": { "type": "LineString", "coordinates": [ [ 769.065262168420531, -633.474997828827441, 0.0 ], [ 769.043585743810581, -633.45208814195064, 0.0 ] ] } },
{ "type": "Feature", "properties": { "Layer": "023_MUROS_2", "PaperSpace": null, "SubClasses": null, "Linetype": null, "EntityHandle": "1D1F0A59", "Text": null }, "geometry": { "type": "LineString", "coordinates": [ [ 769.050943614122843, -633.488545594208517, 0.0 ], [ 769.02926718951278, -633.46563590733183, 0.0 ] ] } },
{ "type": "Feature", "properties": { "Layer": "023_MUROS_2", "PaperSpace": null, "SubClasses": null, "Linetype": null, "EntityHandle": "1D1F0A5A", "Text": null }, "geometry": { "type": "LineString", "coordinates": [ [ 768.968302245297878, -633.401202412991552, 0.0 ], [ 768.582190931937362, -632.993123615503805, 0.0 ] ] } },
{ "type": "Feature", "properties": { "Layer": "023_MUROS_2", "PaperSpace": null, "SubClasses": null, "Linetype": null, "EntityHandle": "1D1F0A5B", "Text": null }, "geometry": { "type": "LineString", "coordinates": [ [ 768.342092633307288, -633.456389172421382, 0.0 ], [ 768.224227074492092, -633.331817750030496, 0.0 ] ] } },
{ "type": "Feature", "properties": { "Layer": "023_MUROS_2", "PaperSpace": null, "SubClasses": null, "Linetype": null, "EntityHandle": "1D1F0A5C", "Text": null }, "geometry": { "type": "LineString", "coordinates": [ [ 768.210679309111129, -633.317499195732694, 0.0 ], [ 768.119909281057744, -633.221564881937184, 0.0 ] ] } },
{ "type": "Feature", "properties": { "Layer": "023_MUROS_2", "PaperSpace": null, "SubClasses": null, "Linetype": null, "EntityHandle": "1D1F0A5D", "Text": null }, "geometry": { "type": "LineString", "coordinates": [ [ 768.119909281057744, -633.221564881937184, 0.0 ], [ 768.105590726760056, -633.23511264731826, 0.0 ] ] } },
{ "type": "Feature", "properties": { "Layer": "023_MUROS_2", "PaperSpace": null, "SubClasses": null, "Linetype": null, "EntityHandle": "1D1F0A5E", "Text": null }, "geometry": { "type": "LineString", "coordinates": [ [ 768.021010593776168, -633.117039435563356, 0.0 ], [ 768.006692039478366, -633.130587200944433, 0.0 ] ] } },
{ "type": "Feature", "properties": { "Layer": "023_MUROS_2", "PaperSpace": null, "SubClasses": null, "Linetype": null, "EntityHandle": "1D1F0A5F", "Text": null }, "geometry": { "type": "LineString", "coordinates": [ [ 768.021010593776168, -633.117039435563356, 0.0 ], [ 767.969529085328077, -633.062628929231551, 0.0 ] ] } },
{ "type": "Feature", "properties": { "Layer": "023_MUROS_2", "PaperSpace": null, "SubClasses": null, "Linetype": null, "EntityHandle": "1D1F0A60", "Text": null }, "geometry": { "type": "LineString", "coordinates": [ [ 768.006692039478366, -633.130587200944433, 0.0 ], [ 767.705931648018804, -632.812715295532939, 0.0 ] ] } },
{ "type": "Feature", "properties": { "Layer": "023_MUROS_2", "PaperSpace": null, "SubClasses": null, "Linetype": null, "EntityHandle": "1D1F0A61", "Text": null }, "geometry": { "type": "LineString", "coordinates": [ [ 768.105590726760056, -633.23511264731826, 0.0 ], [ 768.327774079009828, -633.469936937802572, 0.0 ] ] } },
{ "type": "Feature", "properties": { "Layer": "023_MUROS_2", "PaperSpace": null, "SubClasses": null, "Linetype": null, "EntityHandle": "1D1F0A62", "Text": null }, "geometry": { "type": "LineString", "coordinates": [ [ 769.031673891203809, -634.185203586180478, 0.0 ], [ 769.012707019670074, -634.165157610163305, 0.0 ] ] } },
{ "type": "Feature", "properties": { "Layer": "023_MUROS_2", "PaperSpace": null, "SubClasses": null, "Linetype": null, "EntityHandle": "1D1F0A63", "Text": null }, "geometry": { "type": "LineString", "coordinates": [ [ 769.012707019670074, -634.165157610163305, 0.0 ], [ 768.998388465372614, -634.17870537554461, 0.0 ] ] } },
{ "type": "Feature", "properties": { "Layer": "023_MUROS_2", "PaperSpace": null, "SubClasses": null, "Linetype": null, "EntityHandle": "1D1F0A64", "Text": null }, "geometry": { "type": "LineString", "coordinates": [ [ 768.961225511222324, -634.110747103831727, 0.0 ], [ 768.946906956924522, -634.124294869212804, 0.0 ] ] } },
{ "type": "Feature", "properties": { "Layer": "023_MUROS_2", "PaperSpace": null, "SubClasses": null, "Linetype": null, "EntityHandle": "1D1F0A65", "Text": null }, "geometry": { "type": "LineString", "coordinates": [ [ 768.931420427383955, -634.079246284376609, 0.0 ], [ 768.917101873085926, -634.092794049757572, 0.0 ] ] } },
{ "type": "Feature", "properties": { "Layer": "023_MUROS_2", "PaperSpace": null, "SubClasses": null, "Linetype": null, "EntityHandle": "1D1F0A66", "Text": null }, "geometry": { "type": "LineString", "coordinates": [ [ 768.741751712048767, -633.878786524207044, 0.0 ], [ 768.727433157750966, -633.892334289588121, 0.0 ] ] } },
{ "type": "Feature", "properties": { "Layer": "023_MUROS_2", "PaperSpace": null, "SubClasses": null, "Linetype": null, "EntityHandle": "1D1F0A67", "Text": null }, "geometry": { "type": "LineString", "coordinates": [ [ 768.711946628210399, -633.847285704751926, 0.0 ], [ 768.697628073912938, -633.860833470133002, 0.0 ] ] } },
{ "type": "Feature", "properties": { "Layer": "023_MUROS_2", "PaperSpace": null, "SubClasses": null, "Linetype": null, "EntityHandle": "1D1F0A68", "Text": null }, "geometry": { "type": "LineString", "coordinates": [ [ 768.660465119762421, -633.79287519842012, 0.0 ], [ 768.646146565464619, -633.806422963801197, 0.0 ] ] } },
{ "type": "Feature", "properties": { "Layer": "023_MUROS_2", "PaperSpace": null, "SubClasses": null, "Linetype": null, "EntityHandle": "1D1F0A69", "Text": null }, "geometry": { "type": "LineString", "coordinates": [ [ 768.535825678256629, -633.661144498880276, 0.0 ], [ 768.521507123958827, -633.674692264261353, 0.0 ] ] } },
{ "type": "Feature", "properties": { "Layer": "023_MUROS_2", "PaperSpace": null, "SubClasses": null, "Linetype": null, "EntityHandle": "1D1F0A6A", "Text": null }, "geometry": { "type": "LineString", "coordinates": [ [ 768.342092633307288, -633.456389172421382, 0.0 ], [ 768.327774079009828, -633.469936937802572, 0.0 ] ] } },
{ "type": "Feature", "properties": { "Layer": "023_MUROS_2", "PaperSpace": null, "SubClasses": null, "Linetype": null, "EntityHandle": "1D1F0A6B", "Text": null }, "geometry": { "type": "LineString", "coordinates": [ [ 768.998388465372614, -634.17870537554461, 0.0 ], [ 769.086448940349328, -634.271775978480264, 0.0 ] ] } },
{ "type": "Feature", "properties": { "Layer": "023_MUROS_2", "PaperSpace": null, "SubClasses": null, "Linetype": null, "EntityHandle": "1D1F0A6C", "Text": null }, "geometry": { "type": "LineString", "coordinates": [ [ 768.946906956924522, -634.124294869212804, 0.0 ], [ 768.917101873085926, -634.092794049757572, 0.0 ] ] } },
{ "type": "Feature", "properties": { "Layer": "023_MUROS_2", "PaperSpace": null, "SubClasses": null, "Linetype": null, "EntityHandle": "1D1F0A6D", "Text": null }, "geometry": { "type": "LineString", "coordinates": [ [ 768.961225511222324, -634.110747103831727, 0.0 ], [ 768.931420427383955, -634.079246284376609, 0.0 ] ] } },
{ "type": "Feature", "properties": { "Layer": "023_MUROS_2", "PaperSpace": null, "SubClasses": null, "Linetype": null, "EntityHandle": "1D1F0A6E", "Text": null }, "geometry": { "type": "LineString", "coordinates": [ [ 768.727433157750966, -633.892334289588121, 0.0 ], [ 768.697628073912938, -633.860833470133002, 0.0 ] ] } },
{ "type": "Feature", "properties": { "Layer": "023_MUROS_2", "PaperSpace": null, "SubClasses": null, "Linetype": null, "EntityHandle": "1D1F0A6F", "Text": null }, "geometry": { "type": "LineString", "coordinates": [ [ 768.741751712048767, -633.878786524207044, 0.0 ], [ 768.711946628210399, -633.847285704751926, 0.0 ] ] } },
{ "type": "Feature", "properties": { "Layer": "023_MUROS_2", "PaperSpace": null, "SubClasses": null, "Linetype": null, "EntityHandle": "1D1F0A70", "Text": null }, "geometry": { "type": "LineString", "coordinates": [ [ 768.646146565464619, -633.806422963801197, 0.0 ], [ 768.521507123958827, -633.674692264261353, 0.0 ] ] } },
{ "type": "Feature", "properties": { "Layer": "023_MUROS_2", "PaperSpace": null, "SubClasses": null, "Linetype": null, "EntityHandle": "1D1F0A71", "Text": null }, "geometry": { "type": "LineString", "coordinates": [ [ 768.660465119762421, -633.79287519842012, 0.0 ], [ 768.535825678256629, -633.661144498880276, 0.0 ] ] } },
{ "type": "Feature", "properties": { "Layer": "023_MUROS_2", "PaperSpace": null, "SubClasses": null, "Linetype": null, "EntityHandle": "1D1F0B4B", "Text": null }, "geometry": { "type": "LineString", "coordinates": [ [ 747.969911282138355, -628.797258087301998, 0.0 ], [ 747.887206797462227, -628.839011214698871, 0.0 ] ] } },
{ "type": "Feature", "properties": { "Layer": "023_MUROS_2", "PaperSpace": null, "SubClasses": null, "Linetype": null, "EntityHandle": "1D1F0B4C", "Text": null }, "geometry": { "type": "LineString", "coordinates": [ [ 747.887206797462227, -628.839011214698871, 0.0 ], [ 747.896090441589308, -628.856607913566108, 0.0 ] ] } },
{ "type": "Feature", "properties": { "Layer": "023_MUROS_2", "PaperSpace": null, "SubClasses": null, "Linetype": null, "EntityHandle": "1D1F0B4D", "Text": null }, "geometry": { "type": "LineString", "coordinates": [ [ 747.746433206524102, -628.910080367714727, 0.0 ], [ 747.755316850651184, -628.927677066581964, 0.0 ] ] } },
{ "type": "Feature", "properties": { "Layer": "023_MUROS_2", "PaperSpace": null, "SubClasses": null, "Linetype": null, "EntityHandle": "1D1F0B4E", "Text": null }, "geometry": { "type": "LineString", "coordinates": [ [ 747.714759148562848, -628.926070927143314, 0.0 ], [ 747.72364279268993, -628.943667626010551, 0.0 ] ] } },
{ "type": "Feature", "properties": { "Layer": "023_MUROS_2", "PaperSpace": null, "SubClasses": null, "Linetype": null, "EntityHandle": "1D1F0B4F", "Text": null }, "geometry": { "type": "LineString", "coordinates": [ [ 747.478963383741643, -629.045111758444705, 0.0 ], [ 747.487847027868611, -629.062708457311942, 0.0 ] ] } },
{ "type": "Feature", "properties": { "Layer": "023_MUROS_2", "PaperSpace": null, "SubClasses": null, "Linetype": null, "EntityHandle": "1D1F0B50", "Text": null }, "geometry": { "type": "LineString", "coordinates": [ [ 747.288919035975141, -629.141055115016115, 0.0 ], [ 747.222291705022599, -629.00907987351161, 0.0 ] ] } },
{ "type": "Feature", "properties": { "Layer": "023_MUROS_2", "PaperSpace": null, "SubClasses": null, "Linetype": null, "EntityHandle": "1D1F0B51", "Text": null }, "geometry": { "type": "LineString", "coordinates": [ [ 747.213408060895858, -628.991483174644486, 0.0 ], [ 747.1876454929278, -628.940452747929271, 0.0 ] ] } },
{ "type": "Feature", "properties": { "Layer": "023_MUROS_2", "PaperSpace": null, "SubClasses": null, "Linetype": null, "EntityHandle": "1D1F0B52", "Text": null }, "geometry": { "type": "LineString", "coordinates": [ [ 747.487847027868611, -629.062708457311942, 0.0 ], [ 747.315399378969573, -629.149768169756385, 0.0 ] ] } },
{ "type": "Feature", "properties": { "Layer": "023_MUROS_2", "PaperSpace": null, "SubClasses": null, "Linetype": null, "EntityHandle": "1D1F0B53", "Text": null }, "geometry": { "type": "LineString", "coordinates": [ [ 747.478963383741643, -629.045111758444705, 0.0 ], [ 747.306515734842264, -629.132171470889034, 0.0 ] ] } },
{ "type": "Feature", "properties": { "Layer": "023_MUROS_2", "PaperSpace": null, "SubClasses": null, "Linetype": null, "EntityHandle": "1D1F0B54", "Text": null }, "geometry": { "type": "LineString", "coordinates": [ [ 747.315399378969573, -629.149768169756385, 0.0 ], [ 747.438576271040233, -629.087582660867611, 0.0 ] ] } },
{ "type": "Feature", "properties": { "Layer": "023_MUROS_2", "PaperSpace": null, "SubClasses": null, "Linetype": null, "EntityHandle": "1D1F0B55", "Text": null }, "geometry": { "type": "LineString", "coordinates": [ [ 747.315399378969573, -629.149768169756385, 0.0 ], [ 747.377584887858461, -629.272945061827272, 0.0 ] ] } },
{ "type": "Feature", "properties": { "Layer": "023_MUROS_2", "PaperSpace": null, "SubClasses": null, "Linetype": null, "EntityHandle": "1D1F0B56", "Text": null }, "geometry": { "type": "LineString", "coordinates": [ [ 747.1876454929278, -628.940452747929271, 0.0 ], [ 747.213408060896199, -628.991483174644372, 0.0 ] ] } },
{ "type": "Feature", "properties": { "Layer": "023_MUROS_2", "PaperSpace": null, "SubClasses": null, "Linetype": null, "EntityHandle": "1D1F0B57", "Text": null }, "geometry": { "type": "LineString", "coordinates": [ [ 747.22229170502294, -629.00907987351161, 0.0 ], [ 747.359988188990883, -629.28182870595424, 0.0 ] ] } },
{ "type": "Feature", "properties": { "Layer": "023_MUROS_2", "PaperSpace": null, "SubClasses": null, "Linetype": null, "EntityHandle": "1D1F0B58", "Text": null }, "geometry": { "type": "LineString", "coordinates": [ [ 747.377584887858461, -629.272945061827272, 0.0 ], [ 747.359988188990883, -629.28182870595424, 0.0 ] ] } },
{ "type": "Feature", "properties": { "Layer": "023_MUROS_2", "PaperSpace": null, "SubClasses": null, "Linetype": null, "EntityHandle": "1D1F0B59", "Text": null }, "geometry": { "type": "LineString", "coordinates": [ [ 747.969911282138355, -628.797258087301998, 0.0 ], [ 747.555045101408609, -627.975492250200773, 0.0 ] ] } },
{ "type": "Feature", "properties": { "Layer": "023_MUROS_2", "PaperSpace": null, "SubClasses": null, "Linetype": null, "EntityHandle": "1D1F0B5A", "Text": null }, "geometry": { "type": "LineString", "coordinates": [ [ 747.99639162513256, -628.805971142042381, 0.0 ], [ 747.563758156148765, -627.949011907206568, 0.0 ] ] } },
{ "type": "Feature", "properties": { "Layer": "023_MUROS_2", "PaperSpace": null, "SubClasses": null, "Linetype": null, "EntityHandle": "1D1F0B5B", "Text": null }, "geometry": { "type": "LineString", "coordinates": [ [ 747.026680944842383, -628.577875456570268, 0.0 ], [ 747.143056682905922, -628.808392211731302, 0.0 ] ] } },
{ "type": "Feature", "properties": { "Layer": "023_MUROS_2", "PaperSpace": null, "SubClasses": null, "Linetype": null, "EntityHandle": "1D1F0B5C", "Text": null }, "geometry": { "type": "LineString", "coordinates": [ [ 747.000200601848519, -628.569162401829885, 0.0 ], [ 747.116576339911944, -628.799679156991147, 0.0 ] ] } },
{ "type": "Feature", "properties": { "Layer": "023_MUROS_2", "PaperSpace": null, "SubClasses": null, "Linetype": null, "EntityHandle": "1D1F0B5D", "Text": null }, "geometry": { "type": "LineString", "coordinates": [ [ 747.026680944842383, -628.577875456570155, 0.0 ], [ 747.109385429518738, -628.536122329173395, 0.0 ] ] } },
{ "type": "Feature", "properties": { "Layer": "023_MUROS_2", "PaperSpace": null, "SubClasses": null, "Linetype": null, "EntityHandle": "1D1F0B5E", "Text": null }, "geometry": { "type": "LineString", "coordinates": [ [ 747.000200601848519, -628.569162401829885, 0.0 ], [ 747.082905086524875, -628.527409274433126, 0.0 ] ] } },
{ "type": "Feature", "properties": { "Layer": "023_MUROS_2", "PaperSpace": null, "SubClasses": null, "Linetype": null, "EntityHandle": "1D1F0B5F", "Text": null }, "geometry": { "type": "LineString", "coordinates": [ [ 747.109385429518738, -628.536122329173395, 0.0 ], [ 746.974354038788988, -628.268652506391049, 0.0 ] ] } },
{ "type": "Feature", "properties": { "Layer": "023_MUROS_2", "PaperSpace": null, "SubClasses": null, "Linetype": null, "EntityHandle": "1D1F0B60", "Text": null }, "geometry": { "type": "LineString", "coordinates": [ [ 747.082905086524875, -628.527409274433126, 0.0 ], [ 746.956757339921523, -628.277536150517903, 0.0 ] ] } },
{ "type": "Feature", "properties": { "Layer": "023_MUROS_2", "PaperSpace": null, "SubClasses": null, "Linetype": null, "EntityHandle": "1D1F0B61", "Text": null }, "geometry": { "type": "LineString", "coordinates": [ [ 746.411259675036149, -628.552929118454244, 0.0 ], [ 746.956757339921523, -628.277536150517903, 0.0 ] ] } },
{ "type": "Feature", "properties": { "Layer": "023_MUROS_2", "PaperSpace": null, "SubClasses": null, "Linetype": null, "EntityHandle": "1D1F0B62", "Text": null }, "geometry": { "type": "LineString", "coordinates": [ [ 746.974354038788988, -628.268652506391049, 0.0 ], [ 747.308691317266721, -628.099863267978321, 0.0 ] ] } },
{ "type": "Feature", "properties": { "Layer": "023_MUROS_2", "PaperSpace": null, "SubClasses": null, "Linetype": null, "EntityHandle": "1D1F0B63", "Text": null }, "geometry": { "type": "LineString", "coordinates": [ [ 747.537448402541372, -627.984375894327854, 0.0 ], [ 747.555045101408609, -627.975492250200773, 0.0 ] ] } },
{ "type": "Feature", "properties": { "Layer": "023_MUROS_2", "PaperSpace": null, "SubClasses": null, "Linetype": null, "EntityHandle": "1D1F0B64", "Text": null }, "geometry": { "type": "LineString", "coordinates": [ [ 746.384779332041944, -628.544216063714089, 0.0 ], [ 747.299807673139753, -628.082266569111198, 0.0 ] ] } },
{ "type": "Feature", "properties": { "Layer": "023_MUROS_2", "PaperSpace": null, "SubClasses": null, "Linetype": null, "EntityHandle": "1D1F0B65", "Text": null }, "geometry": { "type": "LineString", "coordinates": [ [ 747.528564758414063, -627.966779195460504, 0.0 ], [ 747.563758156148765, -627.949011907206568, 0.0 ] ] } },
{ "type": "Feature", "properties": { "Layer": "023_MUROS_2", "PaperSpace": null, "SubClasses": null, "Linetype": null, "EntityHandle": "1D1F0B66", "Text": null }, "geometry": { "type": "LineString", "coordinates": [ [ 746.375895687915317, -628.526619364846738, 0.0 ], [ 747.343714125614838, -628.038018937863058, 0.0 ] ] } },
{ "type": "Feature", "properties": { "Layer": "023_MUROS_2", "PaperSpace": null, "SubClasses": null, "Linetype": null, "EntityHandle": "1D1F0B67", "Text": null }, "geometry": { "type": "LineString", "coordinates": [ [ 746.384608742655473, -628.500139021852419, 0.0 ], [ 747.317233782620406, -628.029305883122788, 0.0 ] ] } },
{ "type": "Feature", "properties": { "Layer": "023_MUROS_2", "PaperSpace": null, "SubClasses": null, "Linetype": null, "EntityHandle": "1D1F0B68", "Text": null }, "geometry": { "type": "LineString", "coordinates": [ [ 747.72364279268993, -628.943667626010551, 0.0 ], [ 747.755316850651184, -628.927677066581964, 0.0 ] ] } },
{ "type": "Feature", "properties": { "Layer": "023_MUROS_2", "PaperSpace": null, "SubClasses": null, "Linetype": null, "EntityHandle": "1D1F0B69", "Text": null }, "geometry": { "type": "LineString", "coordinates": [ [ 747.714759148562848, -628.926070927143314, 0.0 ], [ 747.746433206524102, -628.910080367714727, 0.0 ] ] } },
{ "type": "Feature", "properties": { "Layer": "023_MUROS_2", "PaperSpace": null, "SubClasses": null, "Linetype": null, "EntityHandle": "1D1F0B6A", "Text": null }, "geometry": { "type": "LineString", "coordinates": [ [ 747.896090441589308, -628.856607913566108, 0.0 ], [ 747.99639162513256, -628.805971142042381, 0.0 ] ] } },
{ "type": "Feature", "properties": { "Layer": "023_MUROS_2", "PaperSpace": null, "SubClasses": null, "Linetype": null, "EntityHandle": "1D1F0B6B", "Text": null }, "geometry": { "type": "LineString", "coordinates": [ [ 747.25440799578746, -629.33513057071616, 0.0 ], [ 747.245524351660492, -629.317533871848809, 0.0 ] ] } },
{ "type": "Feature", "properties": { "Layer": "023_MUROS_2", "PaperSpace": null, "SubClasses": null, "Linetype": null, "EntityHandle": "1D1F0B6C", "Text": null }, "geometry": { "type": "LineString", "coordinates": [ [ 747.228012947486377, -629.348456036906555, 0.0 ], [ 747.219129303359637, -629.330859338039318, 0.0 ] ] } },
{ "type": "Feature", "properties": { "Layer": "023_MUROS_2", "PaperSpace": null, "SubClasses": null, "Linetype": null, "EntityHandle": "1D1F0B6D", "Text": null }, "geometry": { "type": "LineString", "coordinates": [ [ 747.148827802583696, -629.388432435477966, 0.0 ], [ 747.139944158456728, -629.370835736610729, 0.0 ] ] } },
{ "type": "Feature", "properties": { "Layer": "023_MUROS_2", "PaperSpace": null, "SubClasses": null, "Linetype": null, "EntityHandle": "1D1F0B6E", "Text": null }, "geometry": { "type": "LineString", "coordinates": [ [ 747.219129303359637, -629.330859338039318, 0.0 ], [ 747.245524351660492, -629.317533871848809, 0.0 ] ] } },
{ "type": "Feature", "properties": { "Layer": "023_MUROS_2", "PaperSpace": null, "SubClasses": null, "Linetype": null, "EntityHandle": "1D1F0B6F", "Text": null }, "geometry": { "type": "LineString", "coordinates": [ [ 747.228012947486377, -629.348456036906555, 0.0 ], [ 747.25440799578746, -629.33513057071616, 0.0 ] ] } },
{ "type": "Feature", "properties": { "Layer": "023_MUROS_2", "PaperSpace": null, "SubClasses": null, "Linetype": null, "EntityHandle": "1D1F0B70", "Text": null }, "geometry": { "type": "LineString", "coordinates": [ [ 747.139944158456728, -629.370835736610729, 0.0 ], [ 746.88831136465501, -629.49787184762647, 0.0 ] ] } },
{ "type": "Feature", "properties": { "Layer": "023_MUROS_2", "PaperSpace": null, "SubClasses": null, "Linetype": null, "EntityHandle": "1D1F0B71", "Text": null }, "geometry": { "type": "LineString", "coordinates": [ [ 747.148827802583696, -629.388432435477966, 0.0 ], [ 746.879598309914854, -629.524352190620789, 0.0 ] ] } },
{ "type": "Feature", "properties": { "Layer": "023_MUROS_2", "PaperSpace": null, "SubClasses": null, "Linetype": null, "EntityHandle": "1D1F0B72", "Text": null }, "geometry": { "type": "LineString", "coordinates": [ [ 746.88831136465501, -629.49787184762647, 0.0 ], [ 746.759498524813807, -629.242719714051077, 0.0 ] ] } },
{ "type": "Feature", "properties": { "Layer": "023_MUROS_2", "PaperSpace": null, "SubClasses": null, "Linetype": null, "EntityHandle": "1D1F0B73", "Text": null }, "geometry": { "type": "LineString", "coordinates": [ [ 746.879598309914854, -629.524352190620789, 0.0 ], [ 746.722357808866946, -629.212890620670123, 0.0 ] ] } },
{ "type": "Feature", "properties": { "Layer": "023_MUROS_2", "PaperSpace": null, "SubClasses": null, "Linetype": null, "EntityHandle": "1D1F0B74", "Text": null }, "geometry": { "type": "LineString", "coordinates": [ [ 746.759498524813807, -629.242719714051077, 0.0 ], [ 747.222291705022599, -629.00907987351161, 0.0 ] ] } },
{ "type": "Feature", "properties": { "Layer": "023_MUROS_2", "PaperSpace": null, "SubClasses": null, "Linetype": null, "EntityHandle": "1D1F0B75", "Text": null }, "geometry": { "type": "LineString", "coordinates": [ [ 746.750614880687067, -629.22512301518384, 0.0 ], [ 747.213408060896199, -628.991483174644372, 0.0 ] ] } },
{ "type": "Feature", "properties": { "Layer": "023_MUROS_2", "PaperSpace": null, "SubClasses": null, "Linetype": null, "EntityHandle": "1D1F0B76", "Text": null }, "geometry": { "type": "LineString", "coordinates": [ [ 747.306515734842264, -629.132171470889034, 0.0 ], [ 747.205242191794923, -628.931569103802303, 0.0 ] ] } },
{ "type": "Feature", "properties": { "Layer": "023_MUROS_2", "PaperSpace": null, "SubClasses": null, "Linetype": null, "EntityHandle": "1D1F0B77", "Text": null }, "geometry": { "type": "LineString", "coordinates": [ [ 746.750614880687067, -629.22512301518384, 0.0 ], [ 746.739954507734524, -629.204006976543155, 0.0 ] ] } },
{ "type": "Feature", "properties": { "Layer": "023_MUROS_2", "PaperSpace": null, "SubClasses": null, "Linetype": null, "EntityHandle": "1D1F0B78", "Text": null }, "geometry": { "type": "LineString", "coordinates": [ [ 746.739954507734524, -629.204006976543155, 0.0 ], [ 746.722357808866946, -629.212890620670123, 0.0 ] ] } },
{ "type": "Feature", "properties": { "Layer": "023_MUROS_2", "PaperSpace": null, "SubClasses": null, "Linetype": null, "EntityHandle": "1D1F0B79", "Text": null }, "geometry": { "type": "LineString", "coordinates": [ [ 746.684875914147256, -629.094907443566058, 0.0 ], [ 746.667279215280018, -629.103791087693025, 0.0 ] ] } },
{ "type": "Feature", "properties": { "Layer": "023_MUROS_2", "PaperSpace": null, "SubClasses": null, "Linetype": null, "EntityHandle": "1D1F0B7A", "Text": null }, "geometry": { "type": "LineString", "coordinates": [ [ 746.684875914147256, -629.094907443566058, 0.0 ], [ 746.662666803829552, -629.050915696397851, 0.0 ] ] } },
{ "type": "Feature", "properties": { "Layer": "023_MUROS_2", "PaperSpace": null, "SubClasses": null, "Linetype": null, "EntityHandle": "1D1F0B7B", "Text": null }, "geometry": { "type": "LineString", "coordinates": [ [ 746.667279215280018, -629.103791087693025, 0.0 ], [ 746.486052875089513, -628.744818430800819, 0.0 ] ] } },
{ "type": "Feature", "properties": { "Layer": "023_MUROS_2", "PaperSpace": null, "SubClasses": null, "Linetype": null, "EntityHandle": "1D1F0B7C", "Text": null }, "geometry": { "type": "LineString", "coordinates": [ [ 746.684875914147256, -629.094907443566058, 0.0 ], [ 746.662666803829552, -629.050915696397851, 0.0 ] ] } },
{ "type": "Feature", "properties": { "Layer": "023_MUROS_2", "PaperSpace": null, "SubClasses": null, "Linetype": null, "EntityHandle": "1D1F0B7D", "Text": null }, "geometry": { "type": "LineString", "coordinates": [ [ 746.653783159702471, -629.033318997530614, 0.0 ], [ 746.503649573957091, -628.735934786673852, 0.0 ] ] } },
{ "type": "Feature", "properties": { "Layer": "023_MUROS_2", "PaperSpace": null, "SubClasses": null, "Linetype": null, "EntityHandle": "1D1F0B7E", "Text": null }, "geometry": { "type": "LineString", "coordinates": [ [ 746.662666803829552, -629.050915696397851, 0.0 ], [ 747.143056682905922, -628.808392211731302, 0.0 ] ] } },
{ "type": "Feature", "properties": { "Layer": "023_MUROS_2", "PaperSpace": null, "SubClasses": null, "Linetype": null, "EntityHandle": "1D1F0B7F", "Text": null }, "geometry": { "type": "LineString", "coordinates": [ [ 746.653783159702812, -629.033318997530614, 0.0 ], [ 747.116576339911944, -628.799679156991147, 0.0 ] ] } },
{ "type": "Feature", "properties": { "Layer": "023_MUROS_2", "PaperSpace": null, "SubClasses": null, "Linetype": null, "EntityHandle": "1D1F0B80", "Text": null }, "geometry": { "type": "LineString", "coordinates": [ [ 746.486052875089513, -628.744818430800819, 0.0 ], [ 746.273132818795716, -628.852310524737277, 0.0 ] ] } },
{ "type": "Feature", "properties": { "Layer": "023_MUROS_2", "PaperSpace": null, "SubClasses": null, "Linetype": null, "EntityHandle": "1D1F0B81", "Text": null }, "geometry": { "type": "LineString", "coordinates": [ [ 746.392774611756408, -628.560053092694602, 0.0 ], [ 746.179854555462498, -628.66754518663106, 0.0 ] ] } },
{ "type": "Feature", "properties": { "Layer": "023_MUROS_2", "PaperSpace": null, "SubClasses": null, "Linetype": null, "EntityHandle": "1D1F0B82", "Text": null }, "geometry": { "type": "LineString", "coordinates": [ [ 746.401658255883376, -628.577649791561839, 0.0 ], [ 746.188738199589125, -628.685141885498183, 0.0 ] ] } },
{ "type": "Feature", "properties": { "Layer": "023_MUROS_2", "PaperSpace": null, "SubClasses": null, "Linetype": null, "EntityHandle": "1D1F0B83", "Text": null }, "geometry": { "type": "LineString", "coordinates": [ [ 746.477169230962545, -628.727221731933582, 0.0 ], [ 746.264249174668635, -628.83471382587004, 0.0 ] ] } },
{ "type": "Feature", "properties": { "Layer": "023_MUROS_2", "PaperSpace": null, "SubClasses": null, "Linetype": null, "EntityHandle": "1D1F0B84", "Text": null }, "geometry": { "type": "LineString", "coordinates": [ [ 746.392774611756408, -628.560053092694602, 0.0 ], [ 746.384779332041944, -628.544216063714089, 0.0 ] ] } },
{ "type": "Feature", "properties": { "Layer": "023_MUROS_2", "PaperSpace": null, "SubClasses": null, "Linetype": null, "EntityHandle": "1D1F0B85", "Text": null }, "geometry": { "type": "LineString", "coordinates": [ [ 746.503649573957091, -628.735934786673852, 0.0 ], [ 746.490324107766696, -628.709539738372996, 0.0 ] ] } },
{ "type": "Feature", "properties": { "Layer": "023_MUROS_2", "PaperSpace": null, "SubClasses": null, "Linetype": null, "EntityHandle": "1D1F0B86", "Text": null }, "geometry": { "type": "LineString", "coordinates": [ [ 746.423696776814268, -628.57756449686849, 0.0 ], [ 746.411259675036149, -628.552929118454244, 0.0 ] ] } },
{ "type": "Feature", "properties": { "Layer": "023_MUROS_2", "PaperSpace": null, "SubClasses": null, "Linetype": null, "EntityHandle": "1D1F0B87", "Text": null }, "geometry": { "type": "LineString", "coordinates": [ [ 746.179854555462498, -628.66754518663106, 0.0 ], [ 746.188738199589125, -628.685141885498183, 0.0 ] ] } },
{ "type": "Feature", "properties": { "Layer": "023_MUROS_2", "PaperSpace": null, "SubClasses": null, "Linetype": null, "EntityHandle": "1D1F0B88", "Text": null }, "geometry": { "type": "LineString", "coordinates": [ [ 746.264249174668635, -628.83471382587004, 0.0 ], [ 746.273132818795716, -628.852310524737277, 0.0 ] ] } },
{ "type": "Feature", "properties": { "Layer": "023_MUROS_2", "PaperSpace": null, "SubClasses": null, "Linetype": null, "EntityHandle": "1D1F0B89", "Text": null }, "geometry": { "type": "LineString", "coordinates": [ [ 746.375895687915317, -628.526619364846738, 0.0 ], [ 746.356351670835693, -628.487906627338702, 0.0 ] ] } },
{ "type": "Feature", "properties": { "Layer": "023_MUROS_2", "PaperSpace": null, "SubClasses": null, "Linetype": null, "EntityHandle": "1D1F0B8A", "Text": null }, "geometry": { "type": "LineString", "coordinates": [ [ 746.356351670835693, -628.487906627338702, 0.0 ], [ 746.373948369703157, -628.479022983211735, 0.0 ] ] } },
{ "type": "Feature", "properties": { "Layer": "023_MUROS_2", "PaperSpace": null, "SubClasses": null, "Linetype": null, "EntityHandle": "1D1F0B8B", "Text": null }, "geometry": { "type": "LineString", "coordinates": [ [ 746.294166161946919, -628.364729735267929, 0.0 ], [ 746.311762860814042, -628.355846091140847, 0.0 ] ] } },
{ "type": "Feature", "properties": { "Layer": "023_MUROS_2", "PaperSpace": null, "SubClasses": null, "Linetype": null, "EntityHandle": "1D1F0B8C", "Text": null }, "geometry": { "type": "LineString", "coordinates": [ [ 746.373948369703157, -628.479022983211735, 0.0 ], [ 746.384608742655473, -628.500139021852419, 0.0 ] ] } },
{ "type": "Feature", "properties": { "Layer": "023_MUROS_2", "PaperSpace": null, "SubClasses": null, "Linetype": null, "EntityHandle": "1D1F0B8D", "Text": null }, "geometry": { "type": "LineString", "coordinates": [ [ 746.294166161946919, -628.364729735267929, 0.0 ], [ 746.144920940613815, -628.06910519429789, 0.0 ] ] } },
{ "type": "Feature", "properties": { "Layer": "023_MUROS_2", "PaperSpace": null, "SubClasses": null, "Linetype": null, "EntityHandle": "1D1F0B8E", "Text": null }, "geometry": { "type": "LineString", "coordinates": [ [ 746.311762860814042, -628.355846091140847, 0.0 ], [ 746.171401283607679, -628.077818249038046, 0.0 ] ] } },
{ "type": "Feature", "properties": { "Layer": "023_MUROS_2", "PaperSpace": null, "SubClasses": null, "Linetype": null, "EntityHandle": "1D1F0B8F", "Text": null }, "geometry": { "type": "LineString", "coordinates": [ [ 746.144920940613815, -628.06910519429789, 0.0 ], [ 747.112739378313449, -627.58050476731421, 0.0 ] ] } },
{ "type": "Feature", "properties": { "Layer": "023_MUROS_2", "PaperSpace": null, "SubClasses": null, "Linetype": null, "EntityHandle": "1D1F0B90", "Text": null }, "geometry": { "type": "LineString", "coordinates": [ [ 746.171401283607679, -628.077818249038046, 0.0 ], [ 747.104026323572953, -627.606985110308415, 0.0 ] ] } },
{ "type": "Feature", "properties": { "Layer": "023_MUROS_2", "PaperSpace": null, "SubClasses": null, "Linetype": null, "EntityHandle": "1D1F0B91", "Text": null }, "geometry": { "type": "LineString", "coordinates": [ [ 747.112739378313449, -627.58050476731421, 0.0 ], [ 747.343714125614838, -628.038018937863058, 0.0 ] ] } },
{ "type": "Feature", "properties": { "Layer": "023_MUROS_2", "PaperSpace": null, "SubClasses": null, "Linetype": null, "EntityHandle": "1D1F0B92", "Text": null }, "geometry": { "type": "LineString", "coordinates": [ [ 747.104026323572953, -627.606985110308415, 0.0 ], [ 747.317233782620406, -628.029305883122788, 0.0 ] ] } },
{ "type": "Feature", "properties": { "Layer": "023_MUROS_2", "PaperSpace": null, "SubClasses": null, "Linetype": null, "EntityHandle": "1D1F0B93", "Text": null }, "geometry": { "type": "LineString", "coordinates": [ [ 747.537448402541372, -627.984375894327854, 0.0 ], [ 747.528564758414063, -627.966779195460504, 0.0 ] ] } },
{ "type": "Feature", "properties": { "Layer": "023_MUROS_2", "PaperSpace": null, "SubClasses": null, "Linetype": null, "EntityHandle": "1D1F0B94", "Text": null }, "geometry": { "type": "LineString", "coordinates": [ [ 747.308691317266721, -628.099863267978321, 0.0 ], [ 747.299807673139753, -628.082266569111198, 0.0 ] ] } },
{ "type": "Feature", "properties": { "Layer": "023_MUROS_2", "PaperSpace": null, "SubClasses": null, "Linetype": null, "EntityHandle": "1D1F0BC5", "Text": null }, "geometry": { "type": "LineString", "coordinates": [ [ 747.205242191794923, -628.931569103802303, 0.0 ], [ 747.1876454929278, -628.940452747929271, 0.0 ] ] } },
{ "type": "Feature", "properties": { "Layer": "023_MUROS_2", "PaperSpace": null, "SubClasses": null, "Linetype": null, "EntityHandle": "1D1F0BDD", "Text": null }, "geometry": { "type": "LineString", "coordinates": [ [ 746.294166161946919, -628.364729735267929, 0.0 ], [ 746.311762860814042, -628.355846091140847, 0.0 ] ] } },
{ "type": "Feature", "properties": { "Layer": "023_MUROS_2", "PaperSpace": null, "SubClasses": null, "Linetype": null, "EntityHandle": "1D1F0BDE", "Text": null }, "geometry": { "type": "LineString", "coordinates": [ [ 746.494765929829782, -628.718338087806501, 0.0 ], [ 746.490324107766696, -628.709539738372996, 0.0 ] ] } },
{ "type": "Feature", "properties": { "Layer": "023_MUROS_2", "PaperSpace": null, "SubClasses": null, "Linetype": null, "EntityHandle": "1D1F0BDF", "Text": null }, "geometry": { "type": "LineString", "coordinates": [ [ 746.490324107766696, -628.709539738372996, 0.0 ], [ 746.472727408899232, -628.718423382499964, 0.0 ] ] } },
{ "type": "Feature", "properties": { "Layer": "023_MUROS_2", "PaperSpace": null, "SubClasses": null, "Linetype": null, "EntityHandle": "1D1F0BE0", "Text": null }, "geometry": { "type": "LineString", "coordinates": [ [ 746.472727408899232, -628.718423382499964, 0.0 ], [ 746.477169230962545, -628.727221731933582, 0.0 ] ] } },
{ "type": "Feature", "properties": { "Layer": "023_MUROS_2", "PaperSpace": null, "SubClasses": null, "Linetype": null, "EntityHandle": "1D1F0BE1", "Text": null }, "geometry": { "type": "LineString", "coordinates": [ [ 746.423696776814268, -628.57756449686849, 0.0 ], [ 746.406100077947031, -628.586448140995572, 0.0 ] ] } },
{ "type": "Feature", "properties": { "Layer": "023_MUROS_2", "PaperSpace": null, "SubClasses": null, "Linetype": null, "EntityHandle": "1D1F0BE2", "Text": null }, "geometry": { "type": "LineString", "coordinates": [ [ 746.406100077947031, -628.586448140995572, 0.0 ], [ 746.401658255883376, -628.577649791561839, 0.0 ] ] } },
{ "type": "Feature", "properties": { "Layer": "023_MUROS_2", "PaperSpace": null, "SubClasses": null, "Linetype": null, "EntityHandle": "1D1F0C21", "Text": null }, "geometry": { "type": "LineString", "coordinates": [ [ 755.428686791433506, -624.726591379008482, 0.0 ], [ 754.352524497539662, -625.217204582664294, 0.0 ] ] } },
{ "type": "Feature", "properties": { "Layer": "023_MUROS_2", "PaperSpace": null, "SubClasses": null, "Linetype": null, "EntityHandle": "1D1F0C22", "Text": null }, "geometry": { "type": "LineString", "coordinates": [ [ 755.407796451466197, -624.718784057805351, 0.0 ], [ 754.360331818742907, -625.196314242696985, 0.0 ] ] } },
{ "type": "Feature", "properties": { "Layer": "023_MUROS_2", "PaperSpace": null, "SubClasses": null, "Linetype": null, "EntityHandle": "1D1F0C23", "Text": null }, "geometry": { "type": "LineString", "coordinates": [ [ 755.228353066607156, -624.287158442335226, 0.0 ], [ 754.152190772713425, -624.777771645991038, 0.0 ] ] } },
{ "type": "Feature", "properties": { "Layer": "023_MUROS_2", "PaperSpace": null, "SubClasses": null, "Linetype": null, "EntityHandle": "1D1F0C24", "Text": null }, "geometry": { "type": "LineString", "coordinates": [ [ 755.220545745404024, -624.308048782302535, 0.0 ], [ 754.173081112680961, -624.785578967194283, 0.0 ] ] } },
{ "type": "Feature", "properties": { "Layer": "023_MUROS_2", "PaperSpace": null, "SubClasses": null, "Linetype": null, "EntityHandle": "1D1F0C25", "Text": null }, "geometry": { "type": "LineString", "coordinates": [ [ 755.228353066607156, -624.287158442335226, 0.0 ], [ 755.428686791433506, -624.726591379008482, 0.0 ] ] } },
{ "type": "Feature", "properties": { "Layer": "023_MUROS_2", "PaperSpace": null, "SubClasses": null, "Linetype": null, "EntityHandle": "1D1F0C26", "Text": null }, "geometry": { "type": "LineString", "coordinates": [ [ 755.220545745404024, -624.308048782302535, 0.0 ], [ 755.407796451466197, -624.718784057805351, 0.0 ] ] } },
{ "type": "Feature", "properties": { "Layer": "023_MUROS_2", "PaperSpace": null, "SubClasses": null, "Linetype": null, "EntityHandle": "1D1F0C27", "Text": null }, "geometry": { "type": "LineString", "coordinates": [ [ 754.211168146284876, -624.907138783192863, 0.0 ], [ 754.352524497539662, -625.217204582664294, 0.0 ] ] } },
{ "type": "Feature", "properties": { "Layer": "023_MUROS_2", "PaperSpace": null, "SubClasses": null, "Linetype": null, "EntityHandle": "1D1F0C28", "Text": null }, "geometry": { "type": "LineString", "coordinates": [ [ 754.152190772713425, -624.777771645991038, 0.0 ], [ 754.352524497539662, -625.217204582664294, 0.0 ] ] } },
{ "type": "Feature", "properties": { "Layer": "023_MUROS_2", "PaperSpace": null, "SubClasses": null, "Linetype": null, "EntityHandle": "1D1F0C29", "Text": null }, "geometry": { "type": "LineString", "coordinates": [ [ 754.173081112680961, -624.785578967194283, 0.0 ], [ 754.360331818742907, -625.196314242696985, 0.0 ] ] } },
{ "type": "Feature", "properties": { "Layer": "023_MUROS_2", "PaperSpace": null, "SubClasses": null, "Linetype": null, "EntityHandle": "1D1F0C9F", "Text": null }, "geometry": { "type": "LineString", "coordinates": [ [ 775.383768907081844, -617.460418737272107, 0.0 ], [ 775.401068996224808, -617.45097046443334, 0.0 ] ] } },
{ "type": "Feature", "properties": { "Layer": "023_MUROS_2", "PaperSpace": null, "SubClasses": null, "Linetype": null, "EntityHandle": "1D1F0CA0", "Text": null }, "geometry": { "type": "LineString", "coordinates": [ [ 775.582182636694483, -617.823720609280826, 0.0 ], [ 775.599482725838016, -617.814272336442173, 0.0 ] ] } },
{ "type": "Feature", "properties": { "Layer": "023_MUROS_2", "PaperSpace": null, "SubClasses": null, "Linetype": null, "EntityHandle": "1D1F0CA1", "Text": null }, "geometry": { "type": "LineString", "coordinates": [ [ 775.401068996224808, -617.45097046443334, 0.0 ], [ 775.337765568205782, -617.335059867173413, 0.0 ] ] } },
{ "type": "Feature", "properties": { "Layer": "023_MUROS_2", "PaperSpace": null, "SubClasses": null, "Linetype": null, "EntityHandle": "1D1F0CA2", "Text": null }, "geometry": { "type": "LineString", "coordinates": [ [ 775.337765568205782, -617.335059867173413, 0.0 ], [ 776.04533921416612, -616.948625508070336, 0.0 ] ] } },
{ "type": "Feature", "properties": { "Layer": "023_MUROS_2", "PaperSpace": null, "SubClasses": null, "Linetype": null, "EntityHandle": "1D1F0CA3", "Text": null }, "geometry": { "type": "LineString", "coordinates": [ [ 776.035890941327011, -616.931325418926917, 0.0 ], [ 775.932090406467069, -616.988015055959295, 0.0 ] ] } },
{ "type": "Feature", "properties": { "Layer": "023_MUROS_2", "PaperSpace": null, "SubClasses": null, "Linetype": null, "EntityHandle": "1D1F0CA4", "Text": null }, "geometry": { "type": "LineString", "coordinates": [ [ 775.831749889436651, -617.042815038423782, 0.0 ], [ 775.247006876393357, -617.362166660372168, 0.0 ] ] } },
{ "type": "Feature", "properties": { "Layer": "023_MUROS_2", "PaperSpace": null, "SubClasses": null, "Linetype": null, "EntityHandle": "1D1F0CA5", "Text": null }, "geometry": { "type": "LineString", "coordinates": [ [ 775.383768907081844, -617.460418737272107, 0.0 ], [ 775.320465479062591, -617.344508140012181, 0.0 ] ] } },
{ "type": "Feature", "properties": { "Layer": "023_MUROS_2", "PaperSpace": null, "SubClasses": null, "Linetype": null, "EntityHandle": "1D1F0CA6", "Text": null }, "geometry": { "type": "LineString", "coordinates": [ [ 776.209690061027004, -616.858866916102556, 0.0 ], [ 776.661222387666385, -616.612266995012305, 0.0 ] ] } },
{ "type": "Feature", "properties": { "Layer": "023_MUROS_2", "PaperSpace": null, "SubClasses": null, "Linetype": null, "EntityHandle": "1D1F0CA7", "Text": null }, "geometry": { "type": "LineString", "coordinates": [ [ 776.651774114827617, -616.594966905869001, 0.0 ], [ 776.392272777678158, -616.736690998449831, 0.0 ] ] } },
{ "type": "Feature", "properties": { "Layer": "023_MUROS_2", "PaperSpace": null, "SubClasses": null, "Linetype": null, "EntityHandle": "1D1F0CA8", "Text": null }, "geometry": { "type": "LineString", "coordinates": [ [ 776.374972688535308, -616.746139271288257, 0.0 ], [ 776.200241788188237, -616.841566826959138, 0.0 ] ] } },
{ "type": "Feature", "properties": { "Layer": "023_MUROS_2", "PaperSpace": null, "SubClasses": null, "Linetype": null, "EntityHandle": "1D1F0CA9", "Text": null }, "geometry": { "type": "LineString", "coordinates": [ [ 776.82557323452761, -616.522508403044412, 0.0 ], [ 777.370526042541087, -616.224887808625226, 0.0 ] ] } },
{ "type": "Feature", "properties": { "Layer": "023_MUROS_2", "PaperSpace": null, "SubClasses": null, "Linetype": null, "EntityHandle": "1D1F0CAA", "Text": null }, "geometry": { "type": "LineString", "coordinates": [ [ 777.387826131684051, -616.215439535786345, 0.0 ], [ 777.47259656848621, -616.169142998876964, 0.0 ] ] } },
{ "type": "Feature", "properties": { "Layer": "023_MUROS_2", "PaperSpace": null, "SubClasses": null, "Linetype": null, "EntityHandle": "1D1F0CAB", "Text": null }, "geometry": { "type": "LineString", "coordinates": [ [ 776.816124961688843, -616.505208313901221, 0.0 ], [ 776.833425050832147, -616.49576004106234, 0.0 ] ] } },
{ "type": "Feature", "properties": { "Layer": "023_MUROS_2", "PaperSpace": null, "SubClasses": null, "Linetype": null, "EntityHandle": "1D1F0CAC", "Text": null }, "geometry": { "type": "LineString", "coordinates": [ [ 776.850725139975339, -616.486311768223914, 0.0 ], [ 777.146556664324976, -616.324746302682115, 0.0 ] ] } },
{ "type": "Feature", "properties": { "Layer": "023_MUROS_2", "PaperSpace": null, "SubClasses": null, "Linetype": null, "EntityHandle": "1D1F0CAD", "Text": null }, "geometry": { "type": "LineString", "coordinates": [ [ 777.163856753468622, -616.315298029843348, 0.0 ], [ 777.321287564672161, -616.229318747011007, 0.0 ] ] } },
{ "type": "Feature", "properties": { "Layer": "023_MUROS_2", "PaperSpace": null, "SubClasses": null, "Linetype": null, "EntityHandle": "1D1F0CAE", "Text": null }, "geometry": { "type": "LineString", "coordinates": [ [ 777.163856753468622, -616.315298029843348, 0.0 ], [ 777.445848206504138, -616.161291182572427, 0.0 ] ] } },
{ "type": "Feature", "properties": { "Layer": "023_MUROS_2", "PaperSpace": null, "SubClasses": null, "Linetype": null, "EntityHandle": "1D1F0CAF", "Text": null }, "geometry": { "type": "LineString", "coordinates": [ [ 776.71144104413429, -615.783012501010148, 0.0 ], [ 776.818701596822052, -615.724433209410336, 0.0 ] ] } },
{ "type": "Feature", "properties": { "Layer": "023_MUROS_2", "PaperSpace": null, "SubClasses": null, "Linetype": null, "EntityHandle": "1D1F0CB0", "Text": null }, "geometry": { "type": "LineString", "coordinates": [ [ 776.836001685965357, -615.714984936571682, 0.0 ], [ 777.117993139000873, -615.560978089300761, 0.0 ] ] } },
{ "type": "Feature", "properties": { "Layer": "023_MUROS_2", "PaperSpace": null, "SubClasses": null, "Linetype": null, "EntityHandle": "1D1F0CB1", "Text": null }, "geometry": { "type": "LineString", "coordinates": [ [ 776.719292860438372, -615.75626413902819, 0.0 ], [ 777.108544866162106, -615.543678000157456, 0.0 ] ] } },
{ "type": "Feature", "properties": { "Layer": "023_MUROS_2", "PaperSpace": null, "SubClasses": null, "Linetype": null, "EntityHandle": "1D1F0CB2", "Text": null }, "geometry": { "type": "LineString", "coordinates": [ [ 776.726476914842237, -615.954482169091762, 0.0 ], [ 776.89428777953151, -615.862833922556547, 0.0 ] ] } },
{ "type": "Feature", "properties": { "Layer": "023_MUROS_2", "PaperSpace": null, "SubClasses": null, "Linetype": null, "EntityHandle": "1D1F0CB3", "Text": null }, "geometry": { "type": "LineString", "coordinates": [ [ 776.607904528020754, -616.041699477241536, 0.0 ], [ 776.623474608249921, -616.033196031686657, 0.0 ] ] } },
{ "type": "Feature", "properties": { "Layer": "023_MUROS_2", "PaperSpace": null, "SubClasses": null, "Linetype": null, "EntityHandle": "1D1F0CB4", "Text": null }, "geometry": { "type": "LineString", "coordinates": [ [ 776.735925187681005, -615.971782258235066, 0.0 ], [ 776.903736052370618, -615.880134011699852, 0.0 ] ] } },
{ "type": "Feature", "properties": { "Layer": "023_MUROS_2", "PaperSpace": null, "SubClasses": null, "Linetype": null, "EntityHandle": "1D1F0CB5", "Text": null }, "geometry": { "type": "LineString", "coordinates": [ [ 777.370526042541087, -616.224887808625226, 0.0 ], [ 777.894905185089328, -617.18504275607711, 0.0 ] ] } },
{ "type": "Feature", "properties": { "Layer": "023_MUROS_2", "PaperSpace": null, "SubClasses": null, "Linetype": null, "EntityHandle": "1D1F0CB6", "Text": null }, "geometry": { "type": "LineString", "coordinates": [ [ 777.387826131684051, -616.215439535786345, 0.0 ], [ 777.912205274232292, -617.175594483238228, 0.0 ] ] } },
{ "type": "Feature", "properties": { "Layer": "023_MUROS_2", "PaperSpace": null, "SubClasses": null, "Linetype": null, "EntityHandle": "1D1F0CB7", "Text": null }, "geometry": { "type": "LineString", "coordinates": [ [ 777.894905185089328, -617.18504275607711, 0.0 ], [ 777.912205274232292, -617.175594483238228, 0.0 ] ] } },
{ "type": "Feature", "properties": { "Layer": "023_MUROS_2", "PaperSpace": null, "SubClasses": null, "Linetype": null, "EntityHandle": "1D1F0CB8", "Text": null }, "geometry": { "type": "LineString", "coordinates": [ [ 778.019622386559945, -617.413403932768347, 0.0 ], [ 778.03692247570325, -617.403955659929579, 0.0 ] ] } },
{ "type": "Feature", "properties": { "Layer": "023_MUROS_2", "PaperSpace": null, "SubClasses": null, "Linetype": null, "EntityHandle": "1D1F0CB9", "Text": null }, "geometry": { "type": "LineString", "coordinates": [ [ 778.019622386559945, -617.413403932768347, 0.0 ], [ 778.505263610469683, -618.30262851473276, 0.0 ] ] } },
{ "type": "Feature", "properties": { "Layer": "023_MUROS_2", "PaperSpace": null, "SubClasses": null, "Linetype": null, "EntityHandle": "1D1F0CBA", "Text": null }, "geometry": { "type": "LineString", "coordinates": [ [ 778.03692247570325, -617.403955659929579, 0.0 ], [ 778.522563699612874, -618.293180241893992, 0.0 ] ] } },
{ "type": "Feature", "properties": { "Layer": "023_MUROS_2", "PaperSpace": null, "SubClasses": null, "Linetype": null, "EntityHandle": "1D1F0CBB", "Text": null }, "geometry": { "type": "LineString", "coordinates": [ [ 778.505263610469683, -618.30262851473276, 0.0 ], [ 778.522563699612874, -618.293180241893992, 0.0 ] ] } },
{ "type": "Feature", "properties": { "Layer": "023_MUROS_2", "PaperSpace": null, "SubClasses": null, "Linetype": null, "EntityHandle": "1D1F0CBC", "Text": null }, "geometry": { "type": "LineString", "coordinates": [ [ 778.630925639224415, -618.532719700338362, 0.0 ], [ 778.64822572836772, -618.523271427499594, 0.0 ] ] } },
{ "type": "Feature", "properties": { "Layer": "023_MUROS_2", "PaperSpace": null, "SubClasses": null, "Linetype": null, "EntityHandle": "1D1F0CBD", "Text": null }, "geometry": { "type": "LineString", "coordinates": [ [ 778.630925639224415, -618.532719700338362, 0.0 ], [ 779.21631328224521, -619.604583159461413, 0.0 ] ] } },
{ "type": "Feature", "properties": { "Layer": "023_MUROS_2", "PaperSpace": null, "SubClasses": null, "Linetype": null, "EntityHandle": "1D1F0CBE", "Text": null }, "geometry": { "type": "LineString", "coordinates": [ [ 779.04784665118666, -619.296115380774495, 0.0 ], [ 779.958407973063004, -620.963382224968882, 0.0 ] ] } },
{ "type": "Feature", "properties": { "Layer": "023_MUROS_2", "PaperSpace": null, "SubClasses": null, "Linetype": null, "EntityHandle": "1D1F0CBF", "Text": null }, "geometry": { "type": "LineString", "coordinates": [ [ 778.64822572836772, -618.523271427499594, 0.0 ], [ 778.936603935268408, -619.051301128962336, 0.0 ] ] } },
{ "type": "Feature", "properties": { "Layer": "023_MUROS_2", "PaperSpace": null, "SubClasses": null, "Linetype": null, "EntityHandle": "1D1F0CC0", "Text": null }, "geometry": { "type": "LineString", "coordinates": [ [ 778.64822572836772, -618.523271427499594, 0.0 ], [ 780.027673562819245, -621.049084442418007, 0.0 ] ] } },
{ "type": "Feature", "properties": { "Layer": "023_MUROS_2", "PaperSpace": null, "SubClasses": null, "Linetype": null, "EntityHandle": "1D1F0CC1", "Text": null }, "geometry": { "type": "LineString", "coordinates": [ [ 775.599482725838016, -617.814272336442173, 0.0 ], [ 775.903717111244418, -618.371335206855747, 0.0 ] ] } },
{ "type": "Feature", "properties": { "Layer": "023_MUROS_2", "PaperSpace": null, "SubClasses": null, "Linetype": null, "EntityHandle": "1D1F0CC2", "Text": null }, "geometry": { "type": "LineString", "coordinates": [ [ 775.903717111244418, -618.371335206855747, 0.0 ], [ 775.886417022101114, -618.380783479694514, 0.0 ] ] } },
{ "type": "Feature", "properties": { "Layer": "023_MUROS_2", "PaperSpace": null, "SubClasses": null, "Linetype": null, "EntityHandle": "1D1F0CC3", "Text": null }, "geometry": { "type": "LineString", "coordinates": [ [ 776.029379139999264, -618.601426392461349, 0.0 ], [ 776.012079050855959, -618.610874665300116, 0.0 ] ] } },
{ "type": "Feature", "properties": { "Layer": "023_MUROS_2", "PaperSpace": null, "SubClasses": null, "Linetype": null, "EntityHandle": "1D1F0CC4", "Text": null }, "geometry": { "type": "LineString", "coordinates": [ [ 776.029379139999264, -618.601426392461349, 0.0 ], [ 776.511241054773336, -619.483730938768417, 0.0 ] ] } },
{ "type": "Feature", "properties": { "Layer": "023_MUROS_2", "PaperSpace": null, "SubClasses": null, "Linetype": null, "EntityHandle": "1D1F0CC5", "Text": null }, "geometry": { "type": "LineString", "coordinates": [ [ 776.511241054773336, -619.483730938768417, 0.0 ], [ 776.493940965630031, -619.493179211607185, 0.0 ] ] } },
{ "type": "Feature", "properties": { "Layer": "023_MUROS_2", "PaperSpace": null, "SubClasses": null, "Linetype": null, "EntityHandle": "1D1F0CC6", "Text": null }, "geometry": { "type": "LineString", "coordinates": [ [ 776.636903083528182, -619.713822124374019, 0.0 ], [ 776.619602994384877, -619.723270397212673, 0.0 ] ] } },
{ "type": "Feature", "properties": { "Layer": "023_MUROS_2", "PaperSpace": null, "SubClasses": null, "Linetype": null, "EntityHandle": "1D1F0CC7", "Text": null }, "geometry": { "type": "LineString", "coordinates": [ [ 776.636903083528182, -619.713822124374019, 0.0 ], [ 777.075648540694488, -620.517179060584454, 0.0 ] ] } },
{ "type": "Feature", "properties": { "Layer": "023_MUROS_2", "PaperSpace": null, "SubClasses": null, "Linetype": null, "EntityHandle": "1D1F0CC8", "Text": null }, "geometry": { "type": "LineString", "coordinates": [ [ 777.075648540694488, -620.517179060584454, 0.0 ], [ 777.925647498727812, -622.073554283516955, 0.0 ] ] } },
{ "type": "Feature", "properties": { "Layer": "023_MUROS_2", "PaperSpace": null, "SubClasses": null, "Linetype": null, "EntityHandle": "1D1F0CC9", "Text": null }, "geometry": { "type": "LineString", "coordinates": [ [ 777.93509577156658, -622.09085437266026, 0.0 ], [ 777.947261522475515, -622.113130250887821, 0.0 ] ] } },
{ "type": "Feature", "properties": { "Layer": "023_MUROS_2", "PaperSpace": null, "SubClasses": null, "Linetype": null, "EntityHandle": "1D1F0CCA", "Text": null }, "geometry": { "type": "LineString", "coordinates": [ [ 777.925647498727812, -622.073554283516955, 0.0 ], [ 779.958407973063004, -620.963382224968882, 0.0 ] ] } },
{ "type": "Feature", "properties": { "Layer": "023_MUROS_2", "PaperSpace": null, "SubClasses": null, "Linetype": null, "EntityHandle": "1D1F0CCB", "Text": null }, "geometry": { "type": "LineString", "coordinates": [ [ 777.93509577156658, -622.09085437266026, 0.0 ], [ 779.967856245901544, -620.980682314112073, 0.0 ] ] } },
{ "type": "Feature", "properties": { "Layer": "023_MUROS_2", "PaperSpace": null, "SubClasses": null, "Linetype": null, "EntityHandle": "1D1F0CCC", "Text": null }, "geometry": { "type": "LineString", "coordinates": [ [ 775.582182636694483, -617.823720609280826, 0.0 ], [ 775.886417022101114, -618.380783479694514, 0.0 ] ] } },
{ "type": "Feature", "properties": { "Layer": "023_MUROS_2", "PaperSpace": null, "SubClasses": null, "Linetype": null, "EntityHandle": "1D1F0CCD", "Text": null }, "geometry": { "type": "LineString", "coordinates": [ [ 776.012079050855959, -618.610874665300116, 0.0 ], [ 776.493940965630031, -619.493179211607185, 0.0 ] ] } },
{ "type": "Feature", "properties": { "Layer": "023_MUROS_2", "PaperSpace": null, "SubClasses": null, "Linetype": null, "EntityHandle": "1D1F0CCE", "Text": null }, "geometry": { "type": "LineString", "coordinates": [ [ 776.619602994384877, -619.723270397212673, 0.0 ], [ 777.058348451550842, -620.526627333423107, 0.0 ] ] } },
{ "type": "Feature", "properties": { "Layer": "023_MUROS_2", "PaperSpace": null, "SubClasses": null, "Linetype": null, "EntityHandle": "1D1F0CCF", "Text": null }, "geometry": { "type": "LineString", "coordinates": [ [ 777.058348451550842, -620.526627333423107, 0.0 ], [ 777.961257737481333, -622.179883055558093, 0.0 ] ] } },
{ "type": "Feature", "properties": { "Layer": "023_MUROS_2", "PaperSpace": null, "SubClasses": null, "Linetype": null, "EntityHandle": "1D1F0CD0", "Text": null }, "geometry": { "type": "LineString", "coordinates": [ [ 775.320465479062591, -617.344508140012181, 0.0 ], [ 775.239155060089161, -617.388915022354013, 0.0 ] ] } },
{ "type": "Feature", "properties": { "Layer": "023_MUROS_2", "PaperSpace": null, "SubClasses": null, "Linetype": null, "EntityHandle": "1D1F0CD1", "Text": null }, "geometry": { "type": "LineString", "coordinates": [ [ 777.47259656848621, -616.169142998876964, 0.0 ], [ 777.19859665616309, -615.66744041372192, 0.0 ] ] } },
{ "type": "Feature", "properties": { "Layer": "023_MUROS_2", "PaperSpace": null, "SubClasses": null, "Linetype": null, "EntityHandle": "1D1F0CD2", "Text": null }, "geometry": { "type": "LineString", "coordinates": [ [ 777.144741500982946, -615.568829905605185, 0.0 ], [ 777.125844955305411, -615.534229727318461, 0.0 ] ] } },
{ "type": "Feature", "properties": { "Layer": "023_MUROS_2", "PaperSpace": null, "SubClasses": null, "Linetype": null, "EntityHandle": "1D1F0CD3", "Text": null }, "geometry": { "type": "LineString", "coordinates": [ [ 777.12584495530507, -615.534229727318689, 0.0 ], [ 776.911369161866673, -615.141517703766453, 0.0 ] ] } },
{ "type": "Feature", "properties": { "Layer": "023_MUROS_2", "PaperSpace": null, "SubClasses": null, "Linetype": null, "EntityHandle": "1D1F0CD4", "Text": null }, "geometry": { "type": "LineString", "coordinates": [ [ 777.445848206504138, -616.161291182572427, 0.0 ], [ 777.18129656702024, -615.676888686560687, 0.0 ] ] } },
{ "type": "Feature", "properties": { "Layer": "023_MUROS_2", "PaperSpace": null, "SubClasses": null, "Linetype": null, "EntityHandle": "1D1F0CD5", "Text": null }, "geometry": { "type": "LineString", "coordinates": [ [ 777.1274414118393, -615.578278178443952, 0.0 ], [ 777.117993139000873, -615.560978089300761, 0.0 ] ] } },
{ "type": "Feature", "properties": { "Layer": "023_MUROS_2", "PaperSpace": null, "SubClasses": null, "Linetype": null, "EntityHandle": "1D1F0CD6", "Text": null }, "geometry": { "type": "LineString", "coordinates": [ [ 777.108544866162106, -615.543678000157456, 0.0 ], [ 777.021620756045877, -615.384517180039325, 0.0 ] ] } },
{ "type": "Feature", "properties": { "Layer": "023_MUROS_2", "PaperSpace": null, "SubClasses": null, "Linetype": null, "EntityHandle": "1D1F0CD7", "Text": null }, "geometry": { "type": "LineString", "coordinates": [ [ 777.01217248320711, -615.367217090896133, 0.0 ], [ 776.903517345561909, -615.168266065748298, 0.0 ] ] } },
{ "type": "Feature", "properties": { "Layer": "023_MUROS_2", "PaperSpace": null, "SubClasses": null, "Linetype": null, "EntityHandle": "1D1F0CD8", "Text": null }, "geometry": { "type": "LineString", "coordinates": [ [ 776.911587868674815, -615.853385649717893, 0.0 ], [ 777.163856753468622, -616.315298029843348, 0.0 ] ] } },
{ "type": "Feature", "properties": { "Layer": "023_MUROS_2", "PaperSpace": null, "SubClasses": null, "Linetype": null, "EntityHandle": "1D1F0CD9", "Text": null }, "geometry": { "type": "LineString", "coordinates": [ [ 776.903736052370618, -615.880134011699852, 0.0 ], [ 777.146556664325317, -616.324746302682115, 0.0 ] ] } },
{ "type": "Feature", "properties": { "Layer": "023_MUROS_2", "PaperSpace": null, "SubClasses": null, "Linetype": null, "EntityHandle": "1D1F0CDA", "Text": null }, "geometry": { "type": "LineString", "coordinates": [ [ 776.881242850469903, -616.184400662407484, 0.0 ], [ 777.001235915521534, -616.404111794527125, 0.0 ] ] } },
{ "type": "Feature", "properties": { "Layer": "023_MUROS_2", "PaperSpace": null, "SubClasses": null, "Linetype": null, "EntityHandle": "1D1F0CDB", "Text": null }, "geometry": { "type": "LineString", "coordinates": [ [ 776.607904528020754, -616.041699477241536, 0.0 ], [ 776.850725139975339, -616.486311768223914, 0.0 ] ] } },
{ "type": "Feature", "properties": { "Layer": "023_MUROS_2", "PaperSpace": null, "SubClasses": null, "Linetype": null, "EntityHandle": "1D1F0CDC", "Text": null }, "geometry": { "type": "LineString", "coordinates": [ [ 776.876052823727605, -616.187235144258921, 0.0 ], [ 776.996045888778895, -616.406946276378903, 0.0 ] ] } },
{ "type": "Feature", "properties": { "Layer": "023_MUROS_2", "PaperSpace": null, "SubClasses": null, "Linetype": null, "EntityHandle": "1D1F0CDD", "Text": null }, "geometry": { "type": "LineString", "coordinates": [ [ 776.399749327536028, -615.701685949385933, 0.0 ], [ 776.833425050832147, -616.495760041062567, 0.0 ] ] } },
{ "type": "Feature", "properties": { "Layer": "023_MUROS_2", "PaperSpace": null, "SubClasses": null, "Linetype": null, "EntityHandle": "1D1F0CDE", "Text": null }, "geometry": { "type": "LineString", "coordinates": [ [ 777.93509577156658, -622.09085437266026, 0.0 ], [ 777.978557826624638, -622.170434782719326, 0.0 ] ] } },
{ "type": "Feature", "properties": { "Layer": "023_MUROS_2", "PaperSpace": null, "SubClasses": null, "Linetype": null, "EntityHandle": "1D1F0CDF", "Text": null }, "geometry": { "type": "LineString", "coordinates": [ [ 777.978557826624638, -622.170434782719326, 0.0 ], [ 777.961257737481333, -622.179883055558093, 0.0 ] ] } },
{ "type": "Feature", "properties": { "Layer": "023_MUROS_2", "PaperSpace": null, "SubClasses": null, "Linetype": null, "EntityHandle": "1D1F0CE0", "Text": null }, "geometry": { "type": "LineString", "coordinates": [ [ 778.158075010559969, -622.499136476441663, 0.0 ], [ 778.140774921417005, -622.508584749280431, 0.0 ] ] } },
{ "type": "Feature", "properties": { "Layer": "023_MUROS_2", "PaperSpace": null, "SubClasses": null, "Linetype": null, "EntityHandle": "1D1F0CE1", "Text": null }, "geometry": { "type": "LineString", "coordinates": [ [ 778.158075010559969, -622.499136476441663, 0.0 ], [ 778.493488696334339, -623.113289641028018, 0.0 ] ] } },
{ "type": "Feature", "properties": { "Layer": "023_MUROS_2", "PaperSpace": null, "SubClasses": null, "Linetype": null, "EntityHandle": "1D1F0CE2", "Text": null }, "geometry": { "type": "LineString", "coordinates": [ [ 778.140774921417005, -622.508584749280431, 0.0 ], [ 778.485636880029915, -623.140038003009977, 0.0 ] ] } },
{ "type": "Feature", "properties": { "Layer": "023_MUROS_2", "PaperSpace": null, "SubClasses": null, "Linetype": null, "EntityHandle": "1D1F0CE3", "Text": null }, "geometry": { "type": "LineString", "coordinates": [ [ 779.967856245901544, -620.980682314112073, 0.0 ], [ 780.010373473675941, -621.058532715256888, 0.0 ] ] } },
{ "type": "Feature", "properties": { "Layer": "023_MUROS_2", "PaperSpace": null, "SubClasses": null, "Linetype": null, "EntityHandle": "1D1F0CE4", "Text": null }, "geometry": { "type": "LineString", "coordinates": [ [ 780.010373473675941, -621.058532715256888, 0.0 ], [ 780.027673562819245, -621.049084442418007, 0.0 ] ] } },
{ "type": "Feature", "properties": { "Layer": "023_MUROS_2", "PaperSpace": null, "SubClasses": null, "Linetype": null, "EntityHandle": "1D1F0CE5", "Text": null }, "geometry": { "type": "LineString", "coordinates": [ [ 780.189890657611386, -621.387234408979111, 0.0 ], [ 780.207190746754577, -621.377786136140344, 0.0 ] ] } },
{ "type": "Feature", "properties": { "Layer": "023_MUROS_2", "PaperSpace": null, "SubClasses": null, "Linetype": null, "EntityHandle": "1D1F0CE6", "Text": null }, "geometry": { "type": "LineString", "coordinates": [ [ 778.493488696334339, -623.113289641028018, 0.0 ], [ 779.711414972020862, -622.448131233182949, 0.0 ] ] } },
{ "type": "Feature", "properties": { "Layer": "023_MUROS_2", "PaperSpace": null, "SubClasses": null, "Linetype": null, "EntityHandle": "1D1F0CE7", "Text": null }, "geometry": { "type": "LineString", "coordinates": [ [ 779.720065016592685, -622.443407096763508, 0.0 ], [ 779.849815685166959, -622.372545050473377, 0.0 ] ] } },
{ "type": "Feature", "properties": { "Layer": "023_MUROS_2", "PaperSpace": null, "SubClasses": null, "Linetype": null, "EntityHandle": "1D1F0CE8", "Text": null }, "geometry": { "type": "LineString", "coordinates": [ [ 779.720065016592685, -622.443407096763508, 0.0 ], [ 780.526249170669303, -622.003117582479717, 0.0 ] ] } },
{ "type": "Feature", "properties": { "Layer": "023_MUROS_2", "PaperSpace": null, "SubClasses": null, "Linetype": null, "EntityHandle": "1D1F0CE9", "Text": null }, "geometry": { "type": "LineString", "coordinates": [ [ 778.485636880029915, -623.140038003009977, 0.0 ], [ 780.552997532651034, -622.010969398784255, 0.0 ] ] } },
{ "type": "Feature", "properties": { "Layer": "023_MUROS_2", "PaperSpace": null, "SubClasses": null, "Linetype": null, "EntityHandle": "1D1F0CEA", "Text": null }, "geometry": { "type": "LineString", "coordinates": [ [ 780.526249170669303, -622.003117582479717, 0.0 ], [ 780.21067685785647, -621.425294605094336, 0.0 ] ] } },
{ "type": "Feature", "properties": { "Layer": "023_MUROS_2", "PaperSpace": null, "SubClasses": null, "Linetype": null, "EntityHandle": "1D1F0CEB", "Text": null }, "geometry": { "type": "LineString", "coordinates": [ [ 780.205952721437143, -621.416644560522627, 0.0 ], [ 780.189890657611386, -621.387234408979111, 0.0 ] ] } },
{ "type": "Feature", "properties": { "Layer": "023_MUROS_2", "PaperSpace": null, "SubClasses": null, "Linetype": null, "EntityHandle": "1D1F0CEC", "Text": null }, "geometry": { "type": "LineString", "coordinates": [ [ 780.207190746754577, -621.377786136140344, 0.0 ], [ 780.552997532651034, -622.010969398784255, 0.0 ] ] } },
{ "type": "Feature", "properties": { "Layer": "023_MUROS_2", "PaperSpace": null, "SubClasses": null, "Linetype": null, "EntityHandle": "1D1F0CED", "Text": null }, "geometry": { "type": "LineString", "coordinates": [ [ 780.205952721437143, -621.416644560522627, 0.0 ], [ 779.894551116857997, -621.586713471619419, 0.0 ] ] } },
{ "type": "Feature", "properties": { "Layer": "023_MUROS_2", "PaperSpace": null, "SubClasses": null, "Linetype": null, "EntityHandle": "1D1F0CEE", "Text": null }, "geometry": { "type": "LineString", "coordinates": [ [ 779.894551116857997, -621.586713471619419, 0.0 ], [ 779.899275253277324, -621.595363516191014, 0.0 ] ] } },
{ "type": "Feature", "properties": { "Layer": "023_MUROS_2", "PaperSpace": null, "SubClasses": null, "Linetype": null, "EntityHandle": "1D1F0CEF", "Text": null }, "geometry": { "type": "LineString", "coordinates": [ [ 779.899275253277324, -621.595363516191014, 0.0 ], [ 779.907925297849147, -621.590639379771687, 0.0 ] ] } },
{ "type": "Feature", "properties": { "Layer": "023_MUROS_2", "PaperSpace": null, "SubClasses": null, "Linetype": null, "EntityHandle": "1D1F0CF0", "Text": null }, "geometry": { "type": "LineString", "coordinates": [ [ 779.916575342420629, -621.58591524335236, 0.0 ], [ 780.21067685785647, -621.425294605094336, 0.0 ] ] } },
{ "type": "Feature", "properties": { "Layer": "023_MUROS_2", "PaperSpace": null, "SubClasses": null, "Linetype": null, "EntityHandle": "1D1F0CF1", "Text": null }, "geometry": { "type": "LineString", "coordinates": [ [ 779.756150403712127, -621.662299654329104, 0.0 ], [ 779.760874540131226, -621.670949698900699, 0.0 ] ] } },
{ "type": "Feature", "properties": { "Layer": "023_MUROS_2", "PaperSpace": null, "SubClasses": null, "Linetype": null, "EntityHandle": "1D1F0CF2", "Text": null }, "geometry": { "type": "LineString", "coordinates": [ [ 779.756150403712127, -621.662299654329104, 0.0 ], [ 779.391118522788702, -621.861658211225858, 0.0 ] ] } },
{ "type": "Feature", "properties": { "Layer": "023_MUROS_2", "PaperSpace": null, "SubClasses": null, "Linetype": null, "EntityHandle": "1D1F0CF3", "Text": null }, "geometry": { "type": "LineString", "coordinates": [ [ 779.760874540131226, -621.670949698900699, 0.0 ], [ 779.404492703779624, -621.865584119378127, 0.0 ] ] } },
{ "type": "Feature", "properties": { "Layer": "023_MUROS_2", "PaperSpace": null, "SubClasses": null, "Linetype": null, "EntityHandle": "1D1F0CF4", "Text": null }, "geometry": { "type": "LineString", "coordinates": [ [ 779.391118522788702, -621.861658211225858, 0.0 ], [ 779.711414972020862, -622.448131233182949, 0.0 ] ] } },
{ "type": "Feature", "properties": { "Layer": "023_MUROS_2", "PaperSpace": null, "SubClasses": null, "Linetype": null, "EntityHandle": "1D1F0CF5", "Text": null }, "geometry": { "type": "LineString", "coordinates": [ [ 779.404492703779624, -621.865584119378127, 0.0 ], [ 779.554720241915447, -622.140655536756185, 0.0 ] ] } },
{ "type": "Feature", "properties": { "Layer": "023_MUROS_2", "PaperSpace": null, "SubClasses": null, "Linetype": null, "EntityHandle": "1D1F0CF6", "Text": null }, "geometry": { "type": "LineString", "coordinates": [ [ 779.559444378334547, -622.149305581327781, 0.0 ], [ 779.720065016592685, -622.443407096763508, 0.0 ] ] } },
{ "type": "Feature", "properties": { "Layer": "023_MUROS_2", "PaperSpace": null, "SubClasses": null, "Linetype": null, "EntityHandle": "1D1F0CF7", "Text": null }, "geometry": { "type": "LineString", "coordinates": [ [ 779.907925297849147, -621.590639379771687, 0.0 ], [ 780.058152835984743, -621.865710797149859, 0.0 ] ] } },
{ "type": "Feature", "properties": { "Layer": "023_MUROS_2", "PaperSpace": null, "SubClasses": null, "Linetype": null, "EntityHandle": "1D1F0CF8", "Text": null }, "geometry": { "type": "LineString", "coordinates": [ [ 779.91657534242097, -621.58591524335236, 0.0 ], [ 780.071527016975892, -621.8696367053019, 0.0 ] ] } },
{ "type": "Feature", "properties": { "Layer": "023_MUROS_2", "PaperSpace": null, "SubClasses": null, "Linetype": null, "EntityHandle": "1D1F0CF9", "Text": null }, "geometry": { "type": "LineString", "coordinates": [ [ 780.058152835984743, -621.865710797149859, 0.0 ], [ 780.002792550725985, -621.89594527023371, 0.0 ] ] } },
{ "type": "Feature", "properties": { "Layer": "023_MUROS_2", "PaperSpace": null, "SubClasses": null, "Linetype": null, "EntityHandle": "1D1F0CFA", "Text": null }, "geometry": { "type": "LineString", "coordinates": [ [ 779.838441703865101, -621.98570386220149, 0.0 ], [ 779.554720241915447, -622.140655536756185, 0.0 ] ] } },
{ "type": "Feature", "properties": { "Layer": "023_MUROS_2", "PaperSpace": null, "SubClasses": null, "Linetype": null, "EntityHandle": "1D1F0CFB", "Text": null }, "geometry": { "type": "LineString", "coordinates": [ [ 780.071527016975551, -621.869636705302128, 0.0 ], [ 780.007516687145426, -621.904595314805192, 0.0 ] ] } },
{ "type": "Feature", "properties": { "Layer": "023_MUROS_2", "PaperSpace": null, "SubClasses": null, "Linetype": null, "EntityHandle": "1D1F0CFC", "Text": null }, "geometry": { "type": "LineString", "coordinates": [ [ 779.8431658402842, -621.994353906772972, 0.0 ], [ 779.559444378334547, -622.149305581327781, 0.0 ] ] } },
{ "type": "Feature", "properties": { "Layer": "023_MUROS_2", "PaperSpace": null, "SubClasses": null, "Linetype": null, "EntityHandle": "1D1F0CFD", "Text": null }, "geometry": { "type": "LineString", "coordinates": [ [ 780.002792550726326, -621.89594527023371, 0.0 ], [ 780.007516687145426, -621.904595314805192, 0.0 ] ] } },
{ "type": "Feature", "properties": { "Layer": "023_MUROS_2", "PaperSpace": null, "SubClasses": null, "Linetype": null, "EntityHandle": "1D1F0CFE", "Text": null }, "geometry": { "type": "LineString", "coordinates": [ [ 779.838441703865101, -621.98570386220149, 0.0 ], [ 779.8431658402842, -621.994353906772972, 0.0 ] ] } },
{ "type": "Feature", "properties": { "Layer": "023_MUROS_2", "PaperSpace": null, "SubClasses": null, "Linetype": null, "EntityHandle": "1D1F144F", "Text": null }, "geometry": { "type": "LineString", "coordinates": [ [ 775.831749889436651, -617.042815038423782, 0.0 ], [ 775.770347162552298, -616.930384685610193, 0.0 ] ] } },
{ "type": "Feature", "properties": { "Layer": "023_MUROS_2", "PaperSpace": null, "SubClasses": null, "Linetype": null, "EntityHandle": "1D1F1450", "Text": null }, "geometry": { "type": "LineString", "coordinates": [ [ 775.247006876393357, -617.362166660372168, 0.0 ], [ 775.191262066645095, -617.260096134426931, 0.0 ] ] } },
{ "type": "Feature", "properties": { "Layer": "023_MUROS_2", "PaperSpace": null, "SubClasses": null, "Linetype": null, "EntityHandle": "1D1F1451", "Text": null }, "geometry": { "type": "LineString", "coordinates": [ [ 775.831749889436651, -617.042815038423782, 0.0 ], [ 775.770347162552298, -616.930384685610193, 0.0 ] ] } },
{ "type": "Feature", "properties": { "Layer": "023_MUROS_2", "PaperSpace": null, "SubClasses": null, "Linetype": null, "EntityHandle": "1D1F1452", "Text": null }, "geometry": { "type": "LineString", "coordinates": [ [ 775.833932742037859, -617.00568662295575, 0.0 ], [ 775.652525903534524, -616.673524911404911, 0.0 ] ] } },
{ "type": "Feature", "properties": { "Layer": "023_MUROS_2", "PaperSpace": null, "SubClasses": null, "Linetype": null, "EntityHandle": "1D1F1457", "Text": null }, "geometry": { "type": "LineString", "coordinates": [ [ 775.735566331422092, -616.628173201778964, 0.0 ], [ 775.48660434212195, -616.172315852853899, 0.0 ] ] } },
{ "type": "Feature", "properties": { "Layer": "023_MUROS_2", "PaperSpace": null, "SubClasses": null, "Linetype": null, "EntityHandle": "1D1F1458", "Text": null }, "geometry": { "type": "LineString", "coordinates": [ [ 775.943167401141295, -616.514793927714663, 0.0 ], [ 775.912932928057671, -616.459433642456247, 0.0 ] ] } },
{ "type": "Feature", "properties": { "Layer": "023_MUROS_2", "PaperSpace": null, "SubClasses": null, "Linetype": null, "EntityHandle": "1D1F1459", "Text": null }, "geometry": { "type": "LineString", "coordinates": [ [ 775.850574327322192, -616.345253054110572, 0.0 ], [ 775.831677781644657, -616.310652875823962, 0.0 ] ] } },
{ "type": "Feature", "properties": { "Layer": "023_MUROS_2", "PaperSpace": null, "SubClasses": null, "Linetype": null, "EntityHandle": "1D1F145A", "Text": null }, "geometry": { "type": "LineString", "coordinates": [ [ 775.756091598935086, -616.172252162677864, 0.0 ], [ 775.706015752889812, -616.080561690218474, 0.0 ] ] } },
{ "type": "Feature", "properties": { "Layer": "023_MUROS_2", "PaperSpace": null, "SubClasses": null, "Linetype": null, "EntityHandle": "1D1F145B", "Text": null }, "geometry": { "type": "LineString", "coordinates": [ [ 775.951019217445833, -616.488045565732705, 0.0 ], [ 775.930233017200635, -616.449985369617593, 0.0 ] ] } },
{ "type": "Feature", "properties": { "Layer": "023_MUROS_2", "PaperSpace": null, "SubClasses": null, "Linetype": null, "EntityHandle": "1D1F145C", "Text": null }, "geometry": { "type": "LineString", "coordinates": [ [ 775.867874416465384, -616.335804781271918, 0.0 ], [ 775.848977870787849, -616.301204602985308, 0.0 ] ] } },
{ "type": "Feature", "properties": { "Layer": "023_MUROS_2", "PaperSpace": null, "SubClasses": null, "Linetype": null, "EntityHandle": "1D1F145D", "Text": null }, "geometry": { "type": "LineString", "coordinates": [ [ 775.77339168807805, -616.162803889839097, 0.0 ], [ 775.732764114871543, -616.088413506523125, 0.0 ] ] } },
{ "type": "Feature", "properties": { "Layer": "023_MUROS_2", "PaperSpace": null, "SubClasses": null, "Linetype": null, "EntityHandle": "1D1F145E", "Text": null }, "geometry": { "type": "LineString", "coordinates": [ [ 775.93209040646741, -616.988015055959295, 0.0 ], [ 775.916973169925427, -616.96033491333003, 0.0 ] ] } },
{ "type": "Feature", "properties": { "Layer": "023_MUROS_2", "PaperSpace": null, "SubClasses": null, "Linetype": null, "EntityHandle": "1D1F145F", "Text": null }, "geometry": { "type": "LineString", "coordinates": [ [ 776.04533921416612, -616.948625508070336, 0.0 ], [ 776.035890941326898, -616.931325418927031, 0.0 ] ] } },
{ "type": "Feature", "properties": { "Layer": "023_MUROS_2", "PaperSpace": null, "SubClasses": null, "Linetype": null, "EntityHandle": "1D1F1460", "Text": null }, "geometry": { "type": "LineString", "coordinates": [ [ 776.209690061026663, -616.858866916102556, 0.0 ], [ 776.200241788188237, -616.841566826959252, 0.0 ] ] } },
{ "type": "Feature", "properties": { "Layer": "023_MUROS_2", "PaperSpace": null, "SubClasses": null, "Linetype": null, "EntityHandle": "1D1F1551", "Text": null }, "geometry": { "type": "LineString", "coordinates": [ [ 777.1274414118393, -615.578278178443952, 0.0 ], [ 777.144741500982946, -615.568829905605185, 0.0 ] ] } },
{ "type": "Feature", "properties": { "Layer": "023_MUROS_2", "PaperSpace": null, "SubClasses": null, "Linetype": null, "EntityHandle": "1D1F1552", "Text": null }, "geometry": { "type": "LineString", "coordinates": [ [ 777.18129656702024, -615.676888686560687, 0.0 ], [ 777.19859665616309, -615.66744041372192, 0.0 ] ] } },
{ "type": "Feature", "properties": { "Layer": "023_MUROS_2", "PaperSpace": null, "SubClasses": null, "Linetype": null, "EntityHandle": "1D1F1553", "Text": null }, "geometry": { "type": "LineString", "coordinates": [ [ 776.902139595836388, -615.836085560574588, 0.0 ], [ 776.884839506692742, -615.845533833413242, 0.0 ] ] } },
{ "type": "Feature", "properties": { "Layer": "023_MUROS_2", "PaperSpace": null, "SubClasses": null, "Linetype": null, "EntityHandle": "1D1F1554", "Text": null }, "geometry": { "type": "LineString", "coordinates": [ [ 776.711441044133949, -615.783012501010262, 0.0 ], [ 776.691599671172526, -615.746682313809401, 0.0 ] ] } },
{ "type": "Feature", "properties": { "Layer": "023_MUROS_2", "PaperSpace": null, "SubClasses": null, "Linetype": null, "EntityHandle": "1D1F1555", "Text": null }, "geometry": { "type": "LineString", "coordinates": [ [ 776.902139595836388, -615.836085560574588, 0.0 ], [ 776.911587868674815, -615.853385649717893, 0.0 ] ] } },
{ "type": "Feature", "properties": { "Layer": "023_MUROS_2", "PaperSpace": null, "SubClasses": null, "Linetype": null, "EntityHandle": "1D1F1556", "Text": null }, "geometry": { "type": "LineString", "coordinates": [ [ 776.884839506692742, -615.845533833413242, 0.0 ], [ 776.89428777953151, -615.862833922556547, 0.0 ] ] } },
{ "type": "Feature", "properties": { "Layer": "023_MUROS_2", "PaperSpace": null, "SubClasses": null, "Linetype": null, "EntityHandle": "1D1F1557", "Text": null }, "geometry": { "type": "LineString", "coordinates": [ [ 776.691599671172639, -615.746682313809288, 0.0 ], [ 776.70889976031583, -615.737234040970634, 0.0 ] ] } },
{ "type": "Feature", "properties": { "Layer": "023_MUROS_2", "PaperSpace": null, "SubClasses": null, "Linetype": null, "EntityHandle": "1D1F1558", "Text": null }, "geometry": { "type": "LineString", "coordinates": [ [ 776.625461761301835, -615.625581689806381, 0.0 ], [ 776.64276185044514, -615.616133416967727, 0.0 ] ] } },
{ "type": "Feature", "properties": { "Layer": "023_MUROS_2", "PaperSpace": null, "SubClasses": null, "Linetype": null, "EntityHandle": "1D1F1559", "Text": null }, "geometry": { "type": "LineString", "coordinates": [ [ 776.70889976031583, -615.737234040970634, 0.0 ], [ 776.719292860438372, -615.75626413902819, 0.0 ] ] } },
{ "type": "Feature", "properties": { "Layer": "023_MUROS_2", "PaperSpace": null, "SubClasses": null, "Linetype": null, "EntityHandle": "1D1F155A", "Text": null }, "geometry": { "type": "LineString", "coordinates": [ [ 776.625461761301494, -615.625581689806381, 0.0 ], [ 776.605620388340412, -615.589251502605634, 0.0 ] ] } },
{ "type": "Feature", "properties": { "Layer": "023_MUROS_2", "PaperSpace": null, "SubClasses": null, "Linetype": null, "EntityHandle": "1D1F155B", "Text": null }, "geometry": { "type": "LineString", "coordinates": [ [ 776.642761850444458, -615.616133416967841, 0.0 ], [ 776.632368750322144, -615.597103318910285, 0.0 ] ] } },
{ "type": "Feature", "properties": { "Layer": "023_MUROS_2", "PaperSpace": null, "SubClasses": null, "Linetype": null, "EntityHandle": "1D1F155C", "Text": null }, "geometry": { "type": "LineString", "coordinates": [ [ 776.605620388340071, -615.589251502605748, 0.0 ], [ 777.01217248320711, -615.367217090896133, 0.0 ] ] } },
{ "type": "Feature", "properties": { "Layer": "023_MUROS_2", "PaperSpace": null, "SubClasses": null, "Linetype": null, "EntityHandle": "1D1F155D", "Text": null }, "geometry": { "type": "LineString", "coordinates": [ [ 774.687375926308732, -616.37858981638658, 0.0 ], [ 774.801556514654294, -616.316231215651101, 0.0 ] ] } },
{ "type": "Feature", "properties": { "Layer": "023_MUROS_2", "PaperSpace": null, "SubClasses": null, "Linetype": null, "EntityHandle": "1D1F155E", "Text": null }, "geometry": { "type": "LineString", "coordinates": [ [ 774.818856603797599, -616.306782942812333, 0.0 ], [ 774.905357049514237, -616.259541578618951, 0.0 ] ] } },
{ "type": "Feature", "properties": { "Layer": "023_MUROS_2", "PaperSpace": null, "SubClasses": null, "Linetype": null, "EntityHandle": "1D1F155F", "Text": null }, "geometry": { "type": "LineString", "coordinates": [ [ 775.055867825060318, -616.177341604922162, 0.0 ], [ 775.372459456382103, -616.00443821197382, 0.0 ] ] } },
{ "type": "Feature", "properties": { "Layer": "023_MUROS_2", "PaperSpace": null, "SubClasses": null, "Linetype": null, "EntityHandle": "1D1F1560", "Text": null }, "geometry": { "type": "LineString", "coordinates": [ [ 775.389759545525408, -615.99498993913528, 0.0 ], [ 775.4174396881549, -615.979872702593298, 0.0 ] ] } },
{ "type": "Feature", "properties": { "Layer": "023_MUROS_2", "PaperSpace": null, "SubClasses": null, "Linetype": null, "EntityHandle": "1D1F1561", "Text": null }, "geometry": { "type": "LineString", "coordinates": [ [ 775.517780205186, -615.92507272012881, 0.0 ], [ 775.967582522911016, -615.679417626322333, 0.0 ] ] } },
{ "type": "Feature", "properties": { "Layer": "023_MUROS_2", "PaperSpace": null, "SubClasses": null, "Linetype": null, "EntityHandle": "1D1F1562", "Text": null }, "geometry": { "type": "LineString", "coordinates": [ [ 776.268604074003861, -615.515017678928871, 0.0 ], [ 776.623255901441098, -615.321328085735331, 0.0 ] ] } },
{ "type": "Feature", "properties": { "Layer": "023_MUROS_2", "PaperSpace": null, "SubClasses": null, "Linetype": null, "EntityHandle": "1D1F1563", "Text": null }, "geometry": { "type": "LineString", "coordinates": [ [ 776.775496685901658, -615.238183284754768, 0.0 ], [ 776.903517345561909, -615.168266065748298, 0.0 ] ] } },
{ "type": "Feature", "properties": { "Layer": "023_MUROS_2", "PaperSpace": null, "SubClasses": null, "Linetype": null, "EntityHandle": "1D1F1564", "Text": null }, "geometry": { "type": "LineString", "coordinates": [ [ 776.632368750322144, -615.597103318910058, 0.0 ], [ 777.021620756045877, -615.384517180039325, 0.0 ] ] } },
{ "type": "Feature", "properties": { "Layer": "023_MUROS_2", "PaperSpace": null, "SubClasses": null, "Linetype": null, "EntityHandle": "1D1F1566", "Text": null }, "geometry": { "type": "LineString", "coordinates": [ [ 776.62347460824958, -616.033196031686771, 0.0 ], [ 776.614026335411154, -616.015895942543466, 0.0 ] ] } },
{ "type": "Feature", "properties": { "Layer": "023_MUROS_2", "PaperSpace": null, "SubClasses": null, "Linetype": null, "EntityHandle": "1D1F1567", "Text": null }, "geometry": { "type": "LineString", "coordinates": [ [ 776.735925187681232, -615.971782258235635, 0.0 ], [ 776.726476914842692, -615.954482169092444, 0.0 ] ] } },
{ "type": "Feature", "properties": { "Layer": "023_MUROS_2", "PaperSpace": null, "SubClasses": null, "Linetype": null, "EntityHandle": "1D1F1568", "Text": null }, "geometry": { "type": "LineString", "coordinates": [ [ 776.82557323452761, -616.52250840304464, 0.0 ], [ 776.816124961688843, -616.505208313901221, 0.0 ] ] } },
{ "type": "Feature", "properties": { "Layer": "023_MUROS_2", "PaperSpace": null, "SubClasses": null, "Linetype": null, "EntityHandle": "1D1F1569", "Text": null }, "geometry": { "type": "LineString", "coordinates": [ [ 776.66122238766593, -616.61226699501151, 0.0 ], [ 776.651774114827163, -616.594966905868205, 0.0 ] ] } },
{ "type": "Feature", "properties": { "Layer": "023_MUROS_2", "PaperSpace": null, "SubClasses": null, "Linetype": null, "EntityHandle": "1D1F156A", "Text": null }, "geometry": { "type": "LineString", "coordinates": [ [ 775.916973169925427, -616.96033491333003, 0.0 ], [ 775.833932742037859, -617.00568662295575, 0.0 ] ] } },
{ "type": "Feature", "properties": { "Layer": "023_MUROS_2", "PaperSpace": null, "SubClasses": null, "Linetype": null, "EntityHandle": "1D1F156B", "Text": null }, "geometry": { "type": "LineString", "coordinates": [ [ 775.831749889436651, -617.042815038423782, 0.0 ], [ 775.661680978339746, -616.73141343384475, 0.0 ] ] } },
{ "type": "Feature", "properties": { "Layer": "023_MUROS_2", "PaperSpace": null, "SubClasses": null, "Linetype": null, "EntityHandle": "1D1F156C", "Text": null }, "geometry": { "type": "LineString", "coordinates": [ [ 775.191262066645095, -617.260096134426931, 0.0 ], [ 775.173961977501904, -617.269544407265471, 0.0 ] ] } },
{ "type": "Feature", "properties": { "Layer": "023_MUROS_2", "PaperSpace": null, "SubClasses": null, "Linetype": null, "EntityHandle": "1D1F156D", "Text": null }, "geometry": { "type": "LineString", "coordinates": [ [ 775.10622761109687, -617.104395332137415, 0.0 ], [ 775.088927521953565, -617.113843604975955, 0.0 ] ] } },
{ "type": "Feature", "properties": { "Layer": "023_MUROS_2", "PaperSpace": null, "SubClasses": null, "Linetype": null, "EntityHandle": "1D1F156E", "Text": null }, "geometry": { "type": "LineString", "coordinates": [ [ 775.173961977501904, -617.269544407265471, 0.0 ], [ 775.239155060089161, -617.388915022354126, 0.0 ] ] } },
{ "type": "Feature", "properties": { "Layer": "023_MUROS_2", "PaperSpace": null, "SubClasses": null, "Linetype": null, "EntityHandle": "1D1F156F", "Text": null }, "geometry": { "type": "LineString", "coordinates": [ [ 775.10622761109687, -617.104395332137415, 0.0 ], [ 775.076937965296679, -617.050765055793249, 0.0 ] ] } },
{ "type": "Feature", "properties": { "Layer": "023_MUROS_2", "PaperSpace": null, "SubClasses": null, "Linetype": null, "EntityHandle": "1D1F1570", "Text": null }, "geometry": { "type": "LineString", "coordinates": [ [ 775.067489692457912, -617.033464966649944, 0.0 ], [ 774.822779425935664, -616.585392657838838, 0.0 ] ] } },
{ "type": "Feature", "properties": { "Layer": "023_MUROS_2", "PaperSpace": null, "SubClasses": null, "Linetype": null, "EntityHandle": "1D1F1571", "Text": null }, "geometry": { "type": "LineString", "coordinates": [ [ 775.088927521953224, -617.113843604976068, 0.0 ], [ 774.796031063954047, -616.577540841534301, 0.0 ] ] } },
{ "type": "Feature", "properties": { "Layer": "023_MUROS_2", "PaperSpace": null, "SubClasses": null, "Linetype": null, "EntityHandle": "1D1F1572", "Text": null }, "geometry": { "type": "LineString", "coordinates": [ [ 775.661680978339746, -616.73141343384475, 0.0 ], [ 775.627080800052795, -616.750309979522285, 0.0 ] ] } },
{ "type": "Feature", "properties": { "Layer": "023_MUROS_2", "PaperSpace": null, "SubClasses": null, "Linetype": null, "EntityHandle": "1D1F1573", "Text": null }, "geometry": { "type": "LineString", "coordinates": [ [ 775.523280265193193, -616.806999616554435, 0.0 ], [ 775.379689525304116, -616.885420281115898, 0.0 ] ] } },
{ "type": "Feature", "properties": { "Layer": "023_MUROS_2", "PaperSpace": null, "SubClasses": null, "Linetype": null, "EntityHandle": "1D1F1574", "Text": null }, "geometry": { "type": "LineString", "coordinates": [ [ 775.275888990444514, -616.942109918148049, 0.0 ], [ 775.258588901301209, -616.951558190986816, 0.0 ] ] } },
{ "type": "Feature", "properties": { "Layer": "023_MUROS_2", "PaperSpace": null, "SubClasses": null, "Linetype": null, "EntityHandle": "1D1F1575", "Text": null }, "geometry": { "type": "LineString", "coordinates": [ [ 775.137488277298303, -617.017696100857734, 0.0 ], [ 775.076937965296679, -617.050765055793249, 0.0 ] ] } },
{ "type": "Feature", "properties": { "Layer": "023_MUROS_2", "PaperSpace": null, "SubClasses": null, "Linetype": null, "EntityHandle": "1D1F1576", "Text": null }, "geometry": { "type": "LineString", "coordinates": [ [ 775.652232705500865, -616.714113344701445, 0.0 ], [ 775.617632527214369, -616.733009890378867, 0.0 ] ] } },
{ "type": "Feature", "properties": { "Layer": "023_MUROS_2", "PaperSpace": null, "SubClasses": null, "Linetype": null, "EntityHandle": "1D1F1577", "Text": null }, "geometry": { "type": "LineString", "coordinates": [ [ 775.513831992354767, -616.78969952741113, 0.0 ], [ 775.410031457494824, -616.846389164443622, 0.0 ] ] } },
{ "type": "Feature", "properties": { "Layer": "023_MUROS_2", "PaperSpace": null, "SubClasses": null, "Linetype": null, "EntityHandle": "1D1F1578", "Text": null }, "geometry": { "type": "LineString", "coordinates": [ [ 775.392731368351633, -616.855837437282048, 0.0 ], [ 775.370241252465348, -616.86812019197248, 0.0 ] ] } },
{ "type": "Feature", "properties": { "Layer": "023_MUROS_2", "PaperSpace": null, "SubClasses": null, "Linetype": null, "EntityHandle": "1D1F1579", "Text": null }, "geometry": { "type": "LineString", "coordinates": [ [ 775.266440717605406, -616.924809829004744, 0.0 ], [ 775.249140628462101, -616.934258101843511, 0.0 ] ] } },
{ "type": "Feature", "properties": { "Layer": "023_MUROS_2", "PaperSpace": null, "SubClasses": null, "Linetype": null, "EntityHandle": "1D1F157A", "Text": null }, "geometry": { "type": "LineString", "coordinates": [ [ 775.128040004459308, -617.000396011714315, 0.0 ], [ 775.067489692457912, -617.033464966649944, 0.0 ] ] } },
{ "type": "Feature", "properties": { "Layer": "023_MUROS_2", "PaperSpace": null, "SubClasses": null, "Linetype": null, "EntityHandle": "1D1F157B", "Text": null }, "geometry": { "type": "LineString", "coordinates": [ [ 775.137488277298303, -617.017696100857734, 0.0 ], [ 775.128040004459308, -617.000396011714315, 0.0 ] ] } },
{ "type": "Feature", "properties": { "Layer": "023_MUROS_2", "PaperSpace": null, "SubClasses": null, "Linetype": null, "EntityHandle": "1D1F157C", "Text": null }, "geometry": { "type": "LineString", "coordinates": [ [ 775.258588901301209, -616.951558190986816, 0.0 ], [ 775.249140628462101, -616.934258101843511, 0.0 ] ] } },
{ "type": "Feature", "properties": { "Layer": "023_MUROS_2", "PaperSpace": null, "SubClasses": null, "Linetype": null, "EntityHandle": "1D1F157D", "Text": null }, "geometry": { "type": "LineString", "coordinates": [ [ 775.275888990444514, -616.942109918148049, 0.0 ], [ 775.266440717605406, -616.924809829004744, 0.0 ] ] } },
{ "type": "Feature", "properties": { "Layer": "023_MUROS_2", "PaperSpace": null, "SubClasses": null, "Linetype": null, "EntityHandle": "1D1F157E", "Text": null }, "geometry": { "type": "LineString", "coordinates": [ [ 775.379689525304116, -616.885420281115898, 0.0 ], [ 775.370241252465348, -616.86812019197248, 0.0 ] ] } },
{ "type": "Feature", "properties": { "Layer": "023_MUROS_2", "PaperSpace": null, "SubClasses": null, "Linetype": null, "EntityHandle": "1D1F157F", "Text": null }, "geometry": { "type": "LineString", "coordinates": [ [ 774.822779425935323, -616.585392657839066, 0.0 ], [ 774.997510326282509, -616.489965102168071, 0.0 ] ] } },
{ "type": "Feature", "properties": { "Layer": "023_MUROS_2", "PaperSpace": null, "SubClasses": null, "Linetype": null, "EntityHandle": "1D1F1580", "Text": null }, "geometry": { "type": "LineString", "coordinates": [ [ 774.796031063954047, -616.577540841534301, 0.0 ], [ 774.910211652299495, -616.515182240798822, 0.0 ] ] } },
{ "type": "Feature", "properties": { "Layer": "023_MUROS_2", "PaperSpace": null, "SubClasses": null, "Linetype": null, "EntityHandle": "1D1F1581", "Text": null }, "geometry": { "type": "LineString", "coordinates": [ [ 774.927511741442459, -616.505733967960055, 0.0 ], [ 775.005362142587273, -616.463216740186112, 0.0 ] ] } },
{ "type": "Feature", "properties": { "Layer": "023_MUROS_2", "PaperSpace": null, "SubClasses": null, "Linetype": null, "EntityHandle": "1D1F1582", "Text": null }, "geometry": { "type": "LineString", "coordinates": [ [ 774.997510326282509, -616.489965102168071, 0.0 ], [ 775.045696517759779, -616.578195556798732, 0.0 ] ] } },
{ "type": "Feature", "properties": { "Layer": "023_MUROS_2", "PaperSpace": null, "SubClasses": null, "Linetype": null, "EntityHandle": "1D1F1583", "Text": null }, "geometry": { "type": "LineString", "coordinates": [ [ 775.005362142587273, -616.463216740186112, 0.0 ], [ 775.062996606903425, -616.568747283960079, 0.0 ] ] } },
{ "type": "Feature", "properties": { "Layer": "023_MUROS_2", "PaperSpace": null, "SubClasses": null, "Linetype": null, "EntityHandle": "1D1F1584", "Text": null }, "geometry": { "type": "LineString", "coordinates": [ [ 775.138572828990505, -616.390465039327978, 0.0 ], [ 775.392731368351633, -616.855837437282048, 0.0 ] ] } },
{ "type": "Feature", "properties": { "Layer": "023_MUROS_2", "PaperSpace": null, "SubClasses": null, "Linetype": null, "EntityHandle": "1D1F1585", "Text": null }, "geometry": { "type": "LineString", "coordinates": [ [ 775.362496895268009, -616.800477152023632, 0.0 ], [ 775.392731368351633, -616.855837437282048, 0.0 ] ] } },
{ "type": "Feature", "properties": { "Layer": "023_MUROS_2", "PaperSpace": null, "SubClasses": null, "Linetype": null, "EntityHandle": "1D1F1586", "Text": null }, "geometry": { "type": "LineString", "coordinates": [ [ 775.155872918133809, -616.381016766489324, 0.0 ], [ 775.178548772946556, -616.422536980433165, 0.0 ] ] } },
{ "type": "Feature", "properties": { "Layer": "023_MUROS_2", "PaperSpace": null, "SubClasses": null, "Linetype": null, "EntityHandle": "1D1F1587", "Text": null }, "geometry": { "type": "LineString", "coordinates": [ [ 775.178548772946897, -616.422536980433165, 0.0 ], [ 775.410031457494483, -616.846389164443622, 0.0 ] ] } },
{ "type": "Feature", "properties": { "Layer": "023_MUROS_2", "PaperSpace": null, "SubClasses": null, "Linetype": null, "EntityHandle": "1D1F1588", "Text": null }, "geometry": { "type": "LineString", "coordinates": [ [ 775.379796984410859, -616.791028879184978, 0.0 ], [ 775.410031457494824, -616.846389164443622, 0.0 ] ] } },
{ "type": "Feature", "properties": { "Layer": "023_MUROS_2", "PaperSpace": null, "SubClasses": null, "Linetype": null, "EntityHandle": "1D1F1589", "Text": null }, "geometry": { "type": "LineString", "coordinates": [ [ 775.138572828990505, -616.390465039327978, 0.0 ], [ 775.155872918133696, -616.381016766489438, 0.0 ] ] } },
{ "type": "Feature", "properties": { "Layer": "023_MUROS_2", "PaperSpace": null, "SubClasses": null, "Linetype": null, "EntityHandle": "1D1F158A", "Text": null }, "geometry": { "type": "LineString", "coordinates": [ [ 775.045696517759779, -616.578195556798732, 0.0 ], [ 775.062996606903425, -616.568747283960079, 0.0 ] ] } },
{ "type": "Feature", "properties": { "Layer": "023_MUROS_2", "PaperSpace": null, "SubClasses": null, "Linetype": null, "EntityHandle": "1D1F158B", "Text": null }, "geometry": { "type": "LineString", "coordinates": [ [ 775.70881796944002, -616.620321385474654, 0.0 ], [ 775.490562866866071, -616.220689326265074, 0.0 ] ] } },
{ "type": "Feature", "properties": { "Layer": "023_MUROS_2", "PaperSpace": null, "SubClasses": null, "Linetype": null, "EntityHandle": "1D1F158C", "Text": null }, "geometry": { "type": "LineString", "coordinates": [ [ 775.285623586708084, -616.31015472019908, 0.0 ], [ 775.481114594027304, -616.203389237121655, 0.0 ] ] } },
{ "type": "Feature", "properties": { "Layer": "023_MUROS_2", "PaperSpace": null, "SubClasses": null, "Linetype": null, "EntityHandle": "1D1F158D", "Text": null }, "geometry": { "type": "LineString", "coordinates": [ [ 775.312371948690156, -616.318006536503617, 0.0 ], [ 775.49056286686573, -616.220689326265074, 0.0 ] ] } },
{ "type": "Feature", "properties": { "Layer": "023_MUROS_2", "PaperSpace": null, "SubClasses": null, "Linetype": null, "EntityHandle": "1D1F158E", "Text": null }, "geometry": { "type": "LineString", "coordinates": [ [ 775.285623586708084, -616.31015472019908, 0.0 ], [ 775.342313223740348, -616.413955255058795, 0.0 ] ] } },
{ "type": "Feature", "properties": { "Layer": "023_MUROS_2", "PaperSpace": null, "SubClasses": null, "Linetype": null, "EntityHandle": "1D1F158F", "Text": null }, "geometry": { "type": "LineString", "coordinates": [ [ 775.342313223740348, -616.413955255058795, 0.0 ], [ 775.359613312883653, -616.404506982220028, 0.0 ] ] } },
{ "type": "Feature", "properties": { "Layer": "023_MUROS_2", "PaperSpace": null, "SubClasses": null, "Linetype": null, "EntityHandle": "1D1F1590", "Text": null }, "geometry": { "type": "LineString", "coordinates": [ [ 775.359613312883653, -616.404506982220028, 0.0 ], [ 775.312371948690156, -616.318006536503617, 0.0 ] ] } },
{ "type": "Feature", "properties": { "Layer": "023_MUROS_2", "PaperSpace": null, "SubClasses": null, "Linetype": null, "EntityHandle": "1D1F1591", "Text": null }, "geometry": { "type": "LineString", "coordinates": [ [ 775.652525903534183, -616.673524911405025, 0.0 ], [ 775.735566331421978, -616.628173201779305, 0.0 ] ] } },
{ "type": "Feature", "properties": { "Layer": "023_MUROS_2", "PaperSpace": null, "SubClasses": null, "Linetype": null, "EntityHandle": "1D1F1592", "Text": null }, "geometry": { "type": "LineString", "coordinates": [ [ 775.410031457495165, -616.846389164443394, 0.0 ], [ 775.513831992354767, -616.78969952741113, 0.0 ] ] } },
{ "type": "Feature", "properties": { "Layer": "023_MUROS_2", "PaperSpace": null, "SubClasses": null, "Linetype": null, "EntityHandle": "1D1F1593", "Text": null }, "geometry": { "type": "LineString", "coordinates": [ [ 775.625777541552566, -616.66567309510026, 0.0 ], [ 775.708817969440361, -616.62032138547454, 0.0 ] ] } },
{ "type": "Feature", "properties": { "Layer": "023_MUROS_2", "PaperSpace": null, "SubClasses": null, "Linetype": null, "EntityHandle": "1D1F1594", "Text": null }, "geometry": { "type": "LineString", "coordinates": [ [ 775.627080800052795, -616.750309979522285, 0.0 ], [ 775.617632527214369, -616.73300989037898, 0.0 ] ] } },
{ "type": "Feature", "properties": { "Layer": "023_MUROS_2", "PaperSpace": null, "SubClasses": null, "Linetype": null, "EntityHandle": "1D1F1595", "Text": null }, "geometry": { "type": "LineString", "coordinates": [ [ 775.523280265193193, -616.806999616554435, 0.0 ], [ 775.513831992354767, -616.78969952741113, 0.0 ] ] } },
{ "type": "Feature", "properties": { "Layer": "023_MUROS_2", "PaperSpace": null, "SubClasses": null, "Linetype": null, "EntityHandle": "1D1F1596", "Text": null }, "geometry": { "type": "LineString", "coordinates": [ [ 775.943167401141295, -616.514793927714663, 0.0 ], [ 776.178448613489991, -616.386297417108267, 0.0 ] ] } },
{ "type": "Feature", "properties": { "Layer": "023_MUROS_2", "PaperSpace": null, "SubClasses": null, "Linetype": null, "EntityHandle": "1D1F1597", "Text": null }, "geometry": { "type": "LineString", "coordinates": [ [ 775.951019217445833, -616.488045565732705, 0.0 ], [ 776.220900608081024, -616.340652509448887, 0.0 ] ] } },
{ "type": "Feature", "properties": { "Layer": "023_MUROS_2", "PaperSpace": null, "SubClasses": null, "Linetype": null, "EntityHandle": "1D1F1598", "Text": null }, "geometry": { "type": "LineString", "coordinates": [ [ 776.178448613489991, -616.386297417108267, 0.0 ], [ 776.374972688535308, -616.746139271288371, 0.0 ] ] } },
{ "type": "Feature", "properties": { "Layer": "023_MUROS_2", "PaperSpace": null, "SubClasses": null, "Linetype": null, "EntityHandle": "1D1F1599", "Text": null }, "geometry": { "type": "LineString", "coordinates": [ [ 776.195748702633296, -616.376849144269499, 0.0 ], [ 776.392272777678158, -616.736690998449831, 0.0 ] ] } },
{ "type": "Feature", "properties": { "Layer": "023_MUROS_2", "PaperSpace": null, "SubClasses": null, "Linetype": null, "EntityHandle": "1D1F159C", "Text": null }, "geometry": { "type": "LineString", "coordinates": [ [ 775.912932928057671, -616.459433642456247, 0.0 ], [ 775.930233017200635, -616.449985369617593, 0.0 ] ] } },
{ "type": "Feature", "properties": { "Layer": "023_MUROS_2", "PaperSpace": null, "SubClasses": null, "Linetype": null, "EntityHandle": "1D1F159D", "Text": null }, "geometry": { "type": "LineString", "coordinates": [ [ 775.850574327322192, -616.345253054110572, 0.0 ], [ 775.867874416465384, -616.335804781271918, 0.0 ] ] } },
{ "type": "Feature", "properties": { "Layer": "023_MUROS_2", "PaperSpace": null, "SubClasses": null, "Linetype": null, "EntityHandle": "1D1F159E", "Text": null }, "geometry": { "type": "LineString", "coordinates": [ [ 775.831677781644657, -616.310652875823962, 0.0 ], [ 775.848977870787849, -616.301204602985308, 0.0 ] ] } },
{ "type": "Feature", "properties": { "Layer": "023_MUROS_2", "PaperSpace": null, "SubClasses": null, "Linetype": null, "EntityHandle": "1D1F159F", "Text": null }, "geometry": { "type": "LineString", "coordinates": [ [ 775.756091598935086, -616.172252162677864, 0.0 ], [ 775.773391688078391, -616.162803889839097, 0.0 ] ] } },
{ "type": "Feature", "properties": { "Layer": "023_MUROS_2", "PaperSpace": null, "SubClasses": null, "Linetype": null, "EntityHandle": "1D1F15A0", "Text": null }, "geometry": { "type": "LineString", "coordinates": [ [ 775.652232705500865, -616.714113344701445, 0.0 ], [ 775.625777541552566, -616.66567309510026, 0.0 ] ] } },
{ "type": "Feature", "properties": { "Layer": "023_MUROS_2", "PaperSpace": null, "SubClasses": null, "Linetype": null, "EntityHandle": "1D1F15A2", "Text": null }, "geometry": { "type": "LineString", "coordinates": [ [ 775.773391688078391, -616.162803889839097, 0.0 ], [ 775.732764114871543, -616.088413506523125, 0.0 ] ] } },
{ "type": "Feature", "properties": { "Layer": "023_MUROS_2", "PaperSpace": null, "SubClasses": null, "Linetype": null, "EntityHandle": "1D1F15A3", "Text": null }, "geometry": { "type": "LineString", "coordinates": [ [ 775.732764114871543, -616.088413506523125, 0.0 ], [ 776.147966254309949, -615.861654958394183, 0.0 ] ] } },
{ "type": "Feature", "properties": { "Layer": "023_MUROS_2", "PaperSpace": null, "SubClasses": null, "Linetype": null, "EntityHandle": "1D1F15A4", "Text": null }, "geometry": { "type": "LineString", "coordinates": [ [ 775.706015752889812, -616.080561690218474, 0.0 ], [ 776.155818070614714, -615.834906596412111, 0.0 ] ] } },
{ "type": "Feature", "properties": { "Layer": "023_MUROS_2", "PaperSpace": null, "SubClasses": null, "Linetype": null, "EntityHandle": "1D1F15A5", "Text": null }, "geometry": { "type": "LineString", "coordinates": [ [ 776.195748702633296, -616.376849144269499, 0.0 ], [ 776.394699727781017, -616.268194006624299, 0.0 ] ] } },
{ "type": "Feature", "properties": { "Layer": "023_MUROS_2", "PaperSpace": null, "SubClasses": null, "Linetype": null, "EntityHandle": "1D1F15A6", "Text": null }, "geometry": { "type": "LineString", "coordinates": [ [ 776.238200697224329, -616.331204236610233, 0.0 ], [ 776.367951365798604, -616.260342190319989, 0.0 ] ] } },
{ "type": "Feature", "properties": { "Layer": "023_MUROS_2", "PaperSpace": null, "SubClasses": null, "Linetype": null, "EntityHandle": "1D1F15A7", "Text": null }, "geometry": { "type": "LineString", "coordinates": [ [ 776.140883486985786, -616.153013318434432, 0.0 ], [ 776.286204235789342, -616.073647826589308, 0.0 ] ] } },
{ "type": "Feature", "properties": { "Layer": "023_MUROS_2", "PaperSpace": null, "SubClasses": null, "Linetype": null, "EntityHandle": "1D1F15A8", "Text": null }, "geometry": { "type": "LineString", "coordinates": [ [ 776.114135125003713, -616.145161502129895, 0.0 ], [ 776.259455873806928, -616.065796010284885, 0.0 ] ] } },
{ "type": "Feature", "properties": { "Layer": "023_MUROS_2", "PaperSpace": null, "SubClasses": null, "Linetype": null, "EntityHandle": "1D1F15A9", "Text": null }, "geometry": { "type": "LineString", "coordinates": [ [ 776.367951365798604, -616.260342190319989, 0.0 ], [ 776.346220338269632, -616.220551985290513, 0.0 ] ] } },
{ "type": "Feature", "properties": { "Layer": "023_MUROS_2", "PaperSpace": null, "SubClasses": null, "Linetype": null, "EntityHandle": "1D1F15AA", "Text": null }, "geometry": { "type": "LineString", "coordinates": [ [ 776.346220338269632, -616.220551985290513, 0.0 ], [ 776.363520427412936, -616.211103712451745, 0.0 ] ] } },
{ "type": "Feature", "properties": { "Layer": "023_MUROS_2", "PaperSpace": null, "SubClasses": null, "Linetype": null, "EntityHandle": "1D1F15AB", "Text": null }, "geometry": { "type": "LineString", "coordinates": [ [ 776.363520427412936, -616.211103712451745, 0.0 ], [ 776.39469972778079, -616.268194006624299, 0.0 ] ] } },
{ "type": "Feature", "properties": { "Layer": "023_MUROS_2", "PaperSpace": null, "SubClasses": null, "Linetype": null, "EntityHandle": "1D1F15AC", "Text": null }, "geometry": { "type": "LineString", "coordinates": [ [ 776.259455873806928, -616.065796010284885, 0.0 ], [ 776.147966254309949, -615.861654958394183, 0.0 ] ] } },
{ "type": "Feature", "properties": { "Layer": "023_MUROS_2", "PaperSpace": null, "SubClasses": null, "Linetype": null, "EntityHandle": "1D1F15AD", "Text": null }, "geometry": { "type": "LineString", "coordinates": [ [ 776.286204235789342, -616.073647826589308, 0.0 ], [ 776.155818070614714, -615.834906596412111, 0.0 ] ] } },
{ "type": "Feature", "properties": { "Layer": "023_MUROS_2", "PaperSpace": null, "SubClasses": null, "Linetype": null, "EntityHandle": "1D1F15AE", "Text": null }, "geometry": { "type": "LineString", "coordinates": [ [ 776.140883486985786, -616.153013318434432, 0.0 ], [ 776.238200697224329, -616.331204236610233, 0.0 ] ] } },
{ "type": "Feature", "properties": { "Layer": "023_MUROS_2", "PaperSpace": null, "SubClasses": null, "Linetype": null, "EntityHandle": "1D1F15AF", "Text": null }, "geometry": { "type": "LineString", "coordinates": [ [ 776.114135125003713, -616.145161502129895, 0.0 ], [ 776.220900608081024, -616.340652509448887, 0.0 ] ] } },
{ "type": "Feature", "properties": { "Layer": "023_MUROS_2", "PaperSpace": null, "SubClasses": null, "Linetype": null, "EntityHandle": "1D1F15B0", "Text": null }, "geometry": { "type": "LineString", "coordinates": [ [ 776.394699727781017, -616.268194006624299, 0.0 ], [ 776.591223802826335, -616.62803586080463, 0.0 ] ] } },
{ "type": "Feature", "properties": { "Layer": "023_MUROS_2", "PaperSpace": null, "SubClasses": null, "Linetype": null, "EntityHandle": "1D1F15B1", "Text": null }, "geometry": { "type": "LineString", "coordinates": [ [ 776.614026335411154, -616.015895942543466, 0.0 ], [ 776.598456255182214, -616.024399388098345, 0.0 ] ] } },
{ "type": "Feature", "properties": { "Layer": "023_MUROS_2", "PaperSpace": null, "SubClasses": null, "Linetype": null, "EntityHandle": "1D1F15B2", "Text": null }, "geometry": { "type": "LineString", "coordinates": [ [ 776.598456255182214, -616.024399388098345, 0.0 ], [ 776.417049416678992, -615.692237676547393, 0.0 ] ] } },
{ "type": "Feature", "properties": { "Layer": "023_MUROS_2", "PaperSpace": null, "SubClasses": null, "Linetype": null, "EntityHandle": "1D1F15B3", "Text": null }, "geometry": { "type": "LineString", "coordinates": [ [ 776.417049416678992, -615.692237676547393, 0.0 ], [ 776.399749327535346, -615.701685949385933, 0.0 ] ] } },
{ "type": "Feature", "properties": { "Layer": "023_MUROS_2", "PaperSpace": null, "SubClasses": null, "Linetype": null, "EntityHandle": "1D1F15B4", "Text": null }, "geometry": { "type": "LineString", "coordinates": [ [ 776.823425733241038, -615.733083253981931, 0.0 ], [ 776.840725822384684, -615.723634981143164, 0.0 ] ] } },
{ "type": "Feature", "properties": { "Layer": "023_MUROS_2", "PaperSpace": null, "SubClasses": null, "Linetype": null, "EntityHandle": "1D1F15B5", "Text": null }, "geometry": { "type": "LineString", "coordinates": [ [ 776.884839506692742, -615.845533833413242, 0.0 ], [ 776.902139595836388, -615.836085560574588, 0.0 ] ] } },
{ "type": "Feature", "properties": { "Layer": "023_MUROS_2", "PaperSpace": null, "SubClasses": null, "Linetype": null, "EntityHandle": "1D1F15B6", "Text": null }, "geometry": { "type": "LineString", "coordinates": [ [ 776.840725822384684, -615.723634981143164, 0.0 ], [ 776.836001685965357, -615.714984936571682, 0.0 ] ] } },
{ "type": "Feature", "properties": { "Layer": "023_MUROS_2", "PaperSpace": null, "SubClasses": null, "Linetype": null, "EntityHandle": "1D1F15B7", "Text": null }, "geometry": { "type": "LineString", "coordinates": [ [ 776.823425733241038, -615.733083253981931, 0.0 ], [ 776.818701596822052, -615.724433209410336, 0.0 ] ] } },
{ "type": "Feature", "properties": { "Layer": "023_MUROS_2", "PaperSpace": null, "SubClasses": null, "Linetype": null, "EntityHandle": "1D1F15BB", "Text": null }, "geometry": { "type": "LineString", "coordinates": [ [ 774.687375926308732, -616.37858981638658, 0.0 ], [ 774.677927653469965, -616.361289727243275, 0.0 ] ] } },
{ "type": "Feature", "properties": { "Layer": "023_MUROS_2", "PaperSpace": null, "SubClasses": null, "Linetype": null, "EntityHandle": "1D1F15BC", "Text": null }, "geometry": { "type": "LineString", "coordinates": [ [ 774.677927653469965, -616.361289727243275, 0.0 ], [ 774.895908776675128, -616.242241489475646, 0.0 ] ] } },
{ "type": "Feature", "properties": { "Layer": "023_MUROS_2", "PaperSpace": null, "SubClasses": null, "Linetype": null, "EntityHandle": "1D1F15BD", "Text": null }, "geometry": { "type": "LineString", "coordinates": [ [ 775.04641955222155, -616.160041515778858, 0.0 ], [ 775.407991415316133, -615.962572613449993, 0.0 ] ] } },
{ "type": "Feature", "properties": { "Layer": "023_MUROS_2", "PaperSpace": null, "SubClasses": null, "Linetype": null, "EntityHandle": "1D1F15BE", "Text": null }, "geometry": { "type": "LineString", "coordinates": [ [ 775.508331932347232, -615.907772630985505, 0.0 ], [ 775.949484205500426, -615.666841673598469, 0.0 ] ] } },
{ "type": "Feature", "properties": { "Layer": "023_MUROS_2", "PaperSpace": null, "SubClasses": null, "Linetype": null, "EntityHandle": "1D1F15BF", "Text": null }, "geometry": { "type": "LineString", "coordinates": [ [ 776.76604841306289, -615.220883195611464, 0.0 ], [ 776.911369161866673, -615.141517703766453, 0.0 ] ] } },
{ "type": "Feature", "properties": { "Layer": "023_MUROS_2", "PaperSpace": null, "SubClasses": null, "Linetype": null, "EntityHandle": "1D1F15C0", "Text": null }, "geometry": { "type": "LineString", "coordinates": [ [ 776.76604841306289, -615.220883195611464, 0.0 ], [ 776.775496685901658, -615.238183284754768, 0.0 ] ] } },
{ "type": "Feature", "properties": { "Layer": "023_MUROS_2", "PaperSpace": null, "SubClasses": null, "Linetype": null, "EntityHandle": "1D1F15C1", "Text": null }, "geometry": { "type": "LineString", "coordinates": [ [ 776.623255901440757, -615.321328085735331, 0.0 ], [ 776.61380762860199, -615.30402799659214, 0.0 ] ] } },
{ "type": "Feature", "properties": { "Layer": "023_MUROS_2", "PaperSpace": null, "SubClasses": null, "Linetype": null, "EntityHandle": "1D1F15C2", "Text": null }, "geometry": { "type": "LineString", "coordinates": [ [ 775.508331932347232, -615.907772630985505, 0.0 ], [ 775.517780205185659, -615.92507272012881, 0.0 ] ] } },
{ "type": "Feature", "properties": { "Layer": "023_MUROS_2", "PaperSpace": null, "SubClasses": null, "Linetype": null, "EntityHandle": "1D1F15C3", "Text": null }, "geometry": { "type": "LineString", "coordinates": [ [ 775.407991415316133, -615.962572613449993, 0.0 ], [ 775.4174396881549, -615.979872702593298, 0.0 ] ] } },
{ "type": "Feature", "properties": { "Layer": "023_MUROS_2", "PaperSpace": null, "SubClasses": null, "Linetype": null, "EntityHandle": "1D1F15C4", "Text": null }, "geometry": { "type": "LineString", "coordinates": [ [ 774.801556514654294, -616.316231215651101, 0.0 ], [ 774.808642719283171, -616.329206282508608, 0.0 ] ] } },
{ "type": "Feature", "properties": { "Layer": "023_MUROS_2", "PaperSpace": null, "SubClasses": null, "Linetype": null, "EntityHandle": "1D1F15C5", "Text": null }, "geometry": { "type": "LineString", "coordinates": [ [ 774.818856603797485, -616.306782942812561, 0.0 ], [ 774.825942808426475, -616.31975800966984, 0.0 ] ] } },
{ "type": "Feature", "properties": { "Layer": "023_MUROS_2", "PaperSpace": null, "SubClasses": null, "Linetype": null, "EntityHandle": "1D1F15C6", "Text": null }, "geometry": { "type": "LineString", "coordinates": [ [ 774.905357049514237, -616.259541578618723, 0.0 ], [ 774.895908776675128, -616.242241489475532, 0.0 ] ] } },
{ "type": "Feature", "properties": { "Layer": "023_MUROS_2", "PaperSpace": null, "SubClasses": null, "Linetype": null, "EntityHandle": "1D1F15C7", "Text": null }, "geometry": { "type": "LineString", "coordinates": [ [ 775.055867825060432, -616.177341604922049, 0.0 ], [ 775.046419552221892, -616.160041515778858, 0.0 ] ] } },
{ "type": "Feature", "properties": { "Layer": "023_MUROS_2", "PaperSpace": null, "SubClasses": null, "Linetype": null, "EntityHandle": "1D1F15C8", "Text": null }, "geometry": { "type": "LineString", "coordinates": [ [ 774.910211652299495, -616.515182240798822, 0.0 ], [ 774.907849584089945, -616.510857218513024, 0.0 ] ] } },
{ "type": "Feature", "properties": { "Layer": "023_MUROS_2", "PaperSpace": null, "SubClasses": null, "Linetype": null, "EntityHandle": "1D1F15C9", "Text": null }, "geometry": { "type": "LineString", "coordinates": [ [ 774.910211652299495, -616.515182240798822, 0.0 ], [ 774.903125447670618, -616.502207173941429, 0.0 ] ] } },
{ "type": "Feature", "properties": { "Layer": "023_MUROS_2", "PaperSpace": null, "SubClasses": null, "Linetype": null, "EntityHandle": "1D1F15CA", "Text": null }, "geometry": { "type": "LineString", "coordinates": [ [ 774.903125447670618, -616.502207173941429, 0.0 ], [ 774.920425536813809, -616.492758901102661, 0.0 ] ] } },
{ "type": "Feature", "properties": { "Layer": "023_MUROS_2", "PaperSpace": null, "SubClasses": null, "Linetype": null, "EntityHandle": "1D1F15CB", "Text": null }, "geometry": { "type": "LineString", "coordinates": [ [ 774.808642719283171, -616.329206282508608, 0.0 ], [ 774.825942808426475, -616.31975800966984, 0.0 ] ] } },
{ "type": "Feature", "properties": { "Layer": "023_MUROS_2", "PaperSpace": null, "SubClasses": null, "Linetype": null, "EntityHandle": "1D1F15CC", "Text": null }, "geometry": { "type": "LineString", "coordinates": [ [ 774.920425536813809, -616.492758901102661, 0.0 ], [ 774.927511741442459, -616.505733967960055, 0.0 ] ] } },
{ "type": "Feature", "properties": { "Layer": "023_MUROS_2", "PaperSpace": null, "SubClasses": null, "Linetype": null, "EntityHandle": "1D1F15DA", "Text": null }, "geometry": { "type": "LineString", "coordinates": [ [ 775.967582522911016, -615.679417626322333, 0.0 ], [ 775.94396184081404, -615.636167403464128, 0.0 ] ] } },
{ "type": "Feature", "properties": { "Layer": "023_MUROS_2", "PaperSpace": null, "SubClasses": null, "Linetype": null, "EntityHandle": "1D1F15DB", "Text": null }, "geometry": { "type": "LineString", "coordinates": [ [ 776.26860407400352, -615.515017678928984, 0.0 ], [ 776.244983391906999, -615.471767456070666, 0.0 ] ] } },
{ "type": "Feature", "properties": { "Layer": "023_MUROS_2", "PaperSpace": null, "SubClasses": null, "Linetype": null, "EntityHandle": "1D1F15DC", "Text": null }, "geometry": { "type": "LineString", "coordinates": [ [ 776.244983391906999, -615.471767456070666, 0.0 ], [ 776.253633436478708, -615.467043319651339, 0.0 ] ] } },
{ "type": "Feature", "properties": { "Layer": "023_MUROS_2", "PaperSpace": null, "SubClasses": null, "Linetype": null, "EntityHandle": "1D1F15DD", "Text": null }, "geometry": { "type": "LineString", "coordinates": [ [ 776.253633436478708, -615.467043319651339, 0.0 ], [ 776.267805845736916, -615.492993453366239, 0.0 ] ] } },
{ "type": "Feature", "properties": { "Layer": "023_MUROS_2", "PaperSpace": null, "SubClasses": null, "Linetype": null, "EntityHandle": "1D1F15DE", "Text": null }, "geometry": { "type": "LineString", "coordinates": [ [ 776.61380762860199, -615.30402799659214, 0.0 ], [ 776.267805845736916, -615.492993453366239, 0.0 ] ] } },
{ "type": "Feature", "properties": { "Layer": "023_MUROS_2", "PaperSpace": null, "SubClasses": null, "Linetype": null, "EntityHandle": "1D1F15DF", "Text": null }, "geometry": { "type": "LineString", "coordinates": [ [ 775.94396184081404, -615.636167403464128, 0.0 ], [ 775.935311796242559, -615.640891539883569, 0.0 ] ] } },
{ "type": "Feature", "properties": { "Layer": "023_MUROS_2", "PaperSpace": null, "SubClasses": null, "Linetype": null, "EntityHandle": "1D1F15E0", "Text": null }, "geometry": { "type": "LineString", "coordinates": [ [ 775.935311796242559, -615.640891539883569, 0.0 ], [ 775.949484205500426, -615.666841673598469, 0.0 ] ] } },
{ "type": "Feature", "properties": { "Layer": "023_MUROS_2", "PaperSpace": null, "SubClasses": null, "Linetype": null, "EntityHandle": "1D1F1600", "Text": null }, "geometry": { "type": "LineString", "coordinates": [ [ 775.401569886573725, -616.016615050564383, 0.0 ], [ 775.38426979743042, -616.026063323403037, 0.0 ] ] } },
{ "type": "Feature", "properties": { "Layer": "023_MUROS_2", "PaperSpace": null, "SubClasses": null, "Linetype": null, "EntityHandle": "1D1F1601", "Text": null }, "geometry": { "type": "LineString", "coordinates": [ [ 775.486604342122291, -616.172315852853899, 0.0 ], [ 775.469304252978759, -616.181764125692439, 0.0 ] ] } },
{ "type": "Feature", "properties": { "Layer": "023_MUROS_2", "PaperSpace": null, "SubClasses": null, "Linetype": null, "EntityHandle": "1D1F1602", "Text": null }, "geometry": { "type": "LineString", "coordinates": [ [ 775.38426979743042, -616.026063323403037, 0.0 ], [ 775.372459456382103, -616.00443821197382, 0.0 ] ] } },
{ "type": "Feature", "properties": { "Layer": "023_MUROS_2", "PaperSpace": null, "SubClasses": null, "Linetype": null, "EntityHandle": "1D1F1603", "Text": null }, "geometry": { "type": "LineString", "coordinates": [ [ 775.469304252978759, -616.181764125692439, 0.0 ], [ 775.481114594027304, -616.203389237121655, 0.0 ] ] } },
{ "type": "Feature", "properties": { "Layer": "023_MUROS_2", "PaperSpace": null, "SubClasses": null, "Linetype": null, "EntityHandle": "1D1F1604", "Text": null }, "geometry": { "type": "LineString", "coordinates": [ [ 775.401569886573725, -616.016615050564383, 0.0 ], [ 775.389759545525408, -615.99498993913528, 0.0 ] ] } },
{ "type": "Feature", "properties": { "Layer": "023_MUROS_2", "PaperSpace": null, "SubClasses": null, "Linetype": null, "EntityHandle": "1D1F1688", "Text": null }, "geometry": { "type": "LineString", "coordinates": [ [ 777.302257466614719, -616.239711847133663, 0.0 ], [ 777.182264401561611, -616.020000715014703, 0.0 ] ] } },
{ "type": "Feature", "properties": { "Layer": "023_MUROS_2", "PaperSpace": null, "SubClasses": null, "Linetype": null, "EntityHandle": "1D1F1689", "Text": null }, "geometry": { "type": "LineString", "coordinates": [ [ 777.307447493357699, -616.236877365282112, 0.0 ], [ 777.187454428305387, -616.017166233162584, 0.0 ] ] } },
{ "type": "Feature", "properties": { "Layer": "023_MUROS_2", "PaperSpace": null, "SubClasses": null, "Linetype": null, "EntityHandle": "1D1F168A", "Text": null }, "geometry": { "type": "LineString", "coordinates": [ [ 777.182264401561611, -616.020000715014703, 0.0 ], [ 777.187454428305387, -616.017166233162584, 0.0 ] ] } },
{ "type": "Feature", "properties": { "Layer": "023_MUROS_2", "PaperSpace": null, "SubClasses": null, "Linetype": null, "EntityHandle": "1D1F168B", "Text": null }, "geometry": { "type": "LineString", "coordinates": [ [ 777.182264401561611, -616.020000715014703, 0.0 ], [ 777.187454428305387, -616.017166233162584, 0.0 ] ] } },
{ "type": "Feature", "properties": { "Layer": "023_MUROS_2", "PaperSpace": null, "SubClasses": null, "Linetype": null, "EntityHandle": "1D1F168C", "Text": null }, "geometry": { "type": "LineString", "coordinates": [ [ 777.299905007737152, -615.955752459710993, 0.0 ], [ 777.30273948958893, -615.960942486453973, 0.0 ] ] } },
{ "type": "Feature", "properties": { "Layer": "023_MUROS_2", "PaperSpace": null, "SubClasses": null, "Linetype": null, "EntityHandle": "1D1F168D", "Text": null }, "geometry": { "type": "LineString", "coordinates": [ [ 777.30273948958893, -615.960942486453973, 0.0 ], [ 777.328689623304058, -615.946770077195538, 0.0 ] ] } },
{ "type": "Feature", "properties": { "Layer": "023_MUROS_2", "PaperSpace": null, "SubClasses": null, "Linetype": null, "EntityHandle": "1D1F168E", "Text": null }, "geometry": { "type": "LineString", "coordinates": [ [ 777.299905007737152, -615.955752459710993, 0.0 ], [ 777.32585514145228, -615.941580050452671, 0.0 ] ] } },
{ "type": "Feature", "properties": { "Layer": "023_MUROS_2", "PaperSpace": null, "SubClasses": null, "Linetype": null, "EntityHandle": "1D1F168F", "Text": null }, "geometry": { "type": "LineString", "coordinates": [ [ 777.069813822130186, -616.081414488466294, 0.0 ], [ 777.072648303981964, -616.086604515209388, 0.0 ] ] } },
{ "type": "Feature", "properties": { "Layer": "023_MUROS_2", "PaperSpace": null, "SubClasses": null, "Linetype": null, "EntityHandle": "1D1F1690", "Text": null }, "geometry": { "type": "LineString", "coordinates": [ [ 777.072648303981964, -616.086604515209388, 0.0 ], [ 777.046698170268428, -616.100776924466572, 0.0 ] ] } },
{ "type": "Feature", "properties": { "Layer": "023_MUROS_2", "PaperSpace": null, "SubClasses": null, "Linetype": null, "EntityHandle": "1D1F1691", "Text": null }, "geometry": { "type": "LineString", "coordinates": [ [ 777.069813822130186, -616.081414488466294, 0.0 ], [ 777.04386368841665, -616.095586897723706, 0.0 ] ] } },
{ "type": "Feature", "properties": { "Layer": "023_MUROS_2", "PaperSpace": null, "SubClasses": null, "Linetype": null, "EntityHandle": "1D1F1692", "Text": null }, "geometry": { "type": "LineString", "coordinates": [ [ 776.881242850469903, -616.184400662407484, 0.0 ], [ 776.876052823727605, -616.187235144258921, 0.0 ] ] } },
{ "type": "Feature", "properties": { "Layer": "023_MUROS_2", "PaperSpace": null, "SubClasses": null, "Linetype": null, "EntityHandle": "1D1F1693", "Text": null }, "geometry": { "type": "LineString", "coordinates": [ [ 776.993693429900986, -616.122986888955893, 0.0 ], [ 776.996527911752764, -616.128176915698987, 0.0 ] ] } },
{ "type": "Feature", "properties": { "Layer": "023_MUROS_2", "PaperSpace": null, "SubClasses": null, "Linetype": null, "EntityHandle": "1D1F1694", "Text": null }, "geometry": { "type": "LineString", "coordinates": [ [ 776.996527911752764, -616.128176915698987, 0.0 ], [ 777.029398081125123, -616.11022519730534, 0.0 ] ] } },
{ "type": "Feature", "properties": { "Layer": "023_MUROS_2", "PaperSpace": null, "SubClasses": null, "Linetype": null, "EntityHandle": "1D1F1695", "Text": null }, "geometry": { "type": "LineString", "coordinates": [ [ 776.993693429900986, -616.122986888955893, 0.0 ], [ 777.026563599273459, -616.10503517056236, 0.0 ] ] } },
{ "type": "Feature", "properties": { "Layer": "023_MUROS_2", "PaperSpace": null, "SubClasses": null, "Linetype": null, "EntityHandle": "1D1F1696", "Text": null }, "geometry": { "type": "LineString", "coordinates": [ [ 776.76360224429618, -616.248648917710511, 0.0 ], [ 776.766436726147617, -616.253838944453491, 0.0 ] ] } },
{ "type": "Feature", "properties": { "Layer": "023_MUROS_2", "PaperSpace": null, "SubClasses": null, "Linetype": null, "EntityHandle": "1D1F1697", "Text": null }, "geometry": { "type": "LineString", "coordinates": [ [ 776.766436726147617, -616.253838944453491, 0.0 ], [ 776.7335665567756, -616.271790662847025, 0.0 ] ] } },
{ "type": "Feature", "properties": { "Layer": "023_MUROS_2", "PaperSpace": null, "SubClasses": null, "Linetype": null, "EntityHandle": "1D1F1698", "Text": null }, "geometry": { "type": "LineString", "coordinates": [ [ 776.76360224429618, -616.248648917710511, 0.0 ], [ 776.730732074923822, -616.266600636104044, 0.0 ] ] } },
{ "type": "Feature", "properties": { "Layer": "023_MUROS_2", "PaperSpace": null, "SubClasses": null, "Linetype": null, "EntityHandle": "1D1F16F2", "Text": null }, "geometry": { "type": "LineString", "coordinates": [ [ 756.975282399162893, -638.742418104826584, 0.0 ], [ 757.028130718353168, -638.715882814084807, 0.0 ] ] } },
{ "type": "Feature", "properties": { "Layer": "023_MUROS_2", "PaperSpace": null, "SubClasses": null, "Linetype": null, "EntityHandle": "1D1F16F3", "Text": null }, "geometry": { "type": "LineString", "coordinates": [ [ 757.028130718353168, -638.715882814084807, 0.0 ], [ 757.036975815267056, -638.733498920481566, 0.0 ] ] } },
{ "type": "Feature", "properties": { "Layer": "023_MUROS_2", "PaperSpace": null, "SubClasses": null, "Linetype": null, "EntityHandle": "1D1F16F4", "Text": null }, "geometry": { "type": "LineString", "coordinates": [ [ 757.160251516329367, -638.64954458723048, 0.0 ], [ 757.169096613243482, -638.667160693627352, 0.0 ] ] } },
{ "type": "Feature", "properties": { "Layer": "023_MUROS_2", "PaperSpace": null, "SubClasses": null, "Linetype": null, "EntityHandle": "1D1F16F5", "Text": null }, "geometry": { "type": "LineString", "coordinates": [ [ 757.036975815267056, -638.733498920481566, 0.0 ], [ 757.001743602473766, -638.751189114309796, 0.0 ] ] } },
{ "type": "Feature", "properties": { "Layer": "023_MUROS_2", "PaperSpace": null, "SubClasses": null, "Linetype": null, "EntityHandle": "1D1F16F6", "Text": null }, "geometry": { "type": "LineString", "coordinates": [ [ 756.807225557798688, -638.407712083287151, 0.0 ], [ 757.187826419817384, -638.216611312535747, 0.0 ] ] } },
{ "type": "Feature", "properties": { "Layer": "023_MUROS_2", "PaperSpace": null, "SubClasses": null, "Linetype": null, "EntityHandle": "1D1F16F7", "Text": null }, "geometry": { "type": "LineString", "coordinates": [ [ 756.815996567281672, -638.381250879976392, 0.0 ], [ 757.178957401602361, -638.199007217091889, 0.0 ] ] } },
{ "type": "Feature", "properties": { "Layer": "023_MUROS_2", "PaperSpace": null, "SubClasses": null, "Linetype": null, "EntityHandle": "1D1F16F8", "Text": null }, "geometry": { "type": "LineString", "coordinates": [ [ 757.001743602473766, -638.751189114309796, 0.0 ], [ 757.084386379875809, -638.915782444808087, 0.0 ] ] } },
{ "type": "Feature", "properties": { "Layer": "023_MUROS_2", "PaperSpace": null, "SubClasses": null, "Linetype": null, "EntityHandle": "1D1F16F9", "Text": null }, "geometry": { "type": "LineString", "coordinates": [ [ 757.160251516329367, -638.64954458723048, 0.0 ], [ 757.356337765900776, -638.551089125968133, 0.0 ] ] } },
{ "type": "Feature", "properties": { "Layer": "023_MUROS_2", "PaperSpace": null, "SubClasses": null, "Linetype": null, "EntityHandle": "1D1F16FA", "Text": null }, "geometry": { "type": "LineString", "coordinates": [ [ 757.169096613243482, -638.667160693627352, 0.0 ], [ 757.365206784115685, -638.568693221411877, 0.0 ] ] } },
{ "type": "Feature", "properties": { "Layer": "023_MUROS_2", "PaperSpace": null, "SubClasses": null, "Linetype": null, "EntityHandle": "1D1F16FB", "Text": null }, "geometry": { "type": "LineString", "coordinates": [ [ 756.815996567281672, -638.381250879976392, 0.0 ], [ 756.77657806937566, -638.302744057510608, 0.0 ] ] } },
{ "type": "Feature", "properties": { "Layer": "023_MUROS_2", "PaperSpace": null, "SubClasses": null, "Linetype": null, "EntityHandle": "1D1F16FC", "Text": null }, "geometry": { "type": "LineString", "coordinates": [ [ 758.593935134407502, -641.966165575442687, 0.0 ], [ 758.276845219265169, -642.125377319892891, 0.0 ] ] } },
{ "type": "Feature", "properties": { "Layer": "023_MUROS_2", "PaperSpace": null, "SubClasses": null, "Linetype": null, "EntityHandle": "1D1F16FD", "Text": null }, "geometry": { "type": "LineString", "coordinates": [ [ 758.276845219265169, -642.125377319892891, 0.0 ], [ 757.940731536536646, -641.45596527681414, 0.0 ] ] } },
{ "type": "Feature", "properties": { "Layer": "023_MUROS_2", "PaperSpace": null, "SubClasses": null, "Linetype": null, "EntityHandle": "1D1F16FE", "Text": null }, "geometry": { "type": "LineString", "coordinates": [ [ 758.259229112868411, -642.134222416806779, 0.0 ], [ 757.923115430139546, -641.464810373728028, 0.0 ] ] } },
{ "type": "Feature", "properties": { "Layer": "023_MUROS_2", "PaperSpace": null, "SubClasses": null, "Linetype": null, "EntityHandle": "1D1F16FF", "Text": null }, "geometry": { "type": "LineString", "coordinates": [ [ 758.259229112868411, -642.134222416806779, 0.0 ], [ 758.102445765936523, -642.212943779340435, 0.0 ] ] } },
{ "type": "Feature", "properties": { "Layer": "023_MUROS_2", "PaperSpace": null, "SubClasses": null, "Linetype": null, "EntityHandle": "1D1F1700", "Text": null }, "geometry": { "type": "LineString", "coordinates": [ [ 757.92628470196837, -642.301394748479538, 0.0 ], [ 757.771262965676783, -642.379231601321976, 0.0 ] ] } },
{ "type": "Feature", "properties": { "Layer": "023_MUROS_2", "PaperSpace": null, "SubClasses": null, "Linetype": null, "EntityHandle": "1D1F1701", "Text": null }, "geometry": { "type": "LineString", "coordinates": [ [ 757.771262965676783, -642.379231601321976, 0.0 ], [ 757.614704750300575, -642.067426518098387, 0.0 ] ] } },
{ "type": "Feature", "properties": { "Layer": "023_MUROS_2", "PaperSpace": null, "SubClasses": null, "Linetype": null, "EntityHandle": "1D1F1702", "Text": null }, "geometry": { "type": "LineString", "coordinates": [ [ 757.507679077642024, -641.854271630696985, 0.0 ], [ 757.435149282948032, -641.709819558243225, 0.0 ] ] } },
{ "type": "Feature", "properties": { "Layer": "023_MUROS_2", "PaperSpace": null, "SubClasses": null, "Linetype": null, "EntityHandle": "1D1F1703", "Text": null }, "geometry": { "type": "LineString", "coordinates": [ [ 757.753646859280025, -642.388076698235864, 0.0 ], [ 757.597088643903817, -642.076271615012274, 0.0 ] ] } },
{ "type": "Feature", "properties": { "Layer": "023_MUROS_2", "PaperSpace": null, "SubClasses": null, "Linetype": null, "EntityHandle": "1D1F1704", "Text": null }, "geometry": { "type": "LineString", "coordinates": [ [ 757.490062971245607, -641.863116727610986, 0.0 ], [ 757.417533176551274, -641.718664655157113, 0.0 ] ] } },
{ "type": "Feature", "properties": { "Layer": "023_MUROS_2", "PaperSpace": null, "SubClasses": null, "Linetype": null, "EntityHandle": "1D1F1705", "Text": null }, "geometry": { "type": "LineString", "coordinates": [ [ 757.753646859280025, -642.388076698235864, 0.0 ], [ 757.644426999619441, -642.442916299101967, 0.0 ] ] } },
{ "type": "Feature", "properties": { "Layer": "023_MUROS_2", "PaperSpace": null, "SubClasses": null, "Linetype": null, "EntityHandle": "1D1F1706", "Text": null }, "geometry": { "type": "LineString", "coordinates": [ [ 757.485882042048388, -642.522522171327182, 0.0 ], [ 757.417179227100632, -642.557018049291401, 0.0 ] ] } },
{ "type": "Feature", "properties": { "Layer": "023_MUROS_2", "PaperSpace": null, "SubClasses": null, "Linetype": null, "EntityHandle": "1D1F1707", "Text": null }, "geometry": { "type": "LineString", "coordinates": [ [ 758.620396337718148, -641.974936584925445, 0.0 ], [ 758.111290862850637, -642.230559885737307, 0.0 ] ] } },
{ "type": "Feature", "properties": { "Layer": "023_MUROS_2", "PaperSpace": null, "SubClasses": null, "Linetype": null, "EntityHandle": "1D1F1708", "Text": null }, "geometry": { "type": "LineString", "coordinates": [ [ 757.935129798882485, -642.31901085487641, 0.0 ], [ 757.653272096533556, -642.460532405498725, 0.0 ] ] } },
{ "type": "Feature", "properties": { "Layer": "023_MUROS_2", "PaperSpace": null, "SubClasses": null, "Linetype": null, "EntityHandle": "1D1F1709", "Text": null }, "geometry": { "type": "LineString", "coordinates": [ [ 757.494727138962162, -642.540138277723827, 0.0 ], [ 757.426024324014747, -642.574634155688159, 0.0 ] ] } },
{ "type": "Feature", "properties": { "Layer": "023_MUROS_2", "PaperSpace": null, "SubClasses": null, "Linetype": null, "EntityHandle": "1D1F170A", "Text": null }, "geometry": { "type": "LineString", "coordinates": [ [ 757.417179227100632, -642.557018049291401, 0.0 ], [ 757.08106554437245, -641.887606006212764, 0.0 ] ] } },
{ "type": "Feature", "properties": { "Layer": "023_MUROS_2", "PaperSpace": null, "SubClasses": null, "Linetype": null, "EntityHandle": "1D1F170B", "Text": null }, "geometry": { "type": "LineString", "coordinates": [ [ 757.399563120704215, -642.565863146205288, 0.0 ], [ 757.054604341061918, -641.878834996729779, 0.0 ] ] } },
{ "type": "Feature", "properties": { "Layer": "023_MUROS_2", "PaperSpace": null, "SubClasses": null, "Linetype": null, "EntityHandle": "1D1F170C", "Text": null }, "geometry": { "type": "LineString", "coordinates": [ [ 758.102445765936523, -642.212943779340435, 0.0 ], [ 758.111290862850637, -642.230559885737307, 0.0 ] ] } },
{ "type": "Feature", "properties": { "Layer": "023_MUROS_2", "PaperSpace": null, "SubClasses": null, "Linetype": null, "EntityHandle": "1D1F170D", "Text": null }, "geometry": { "type": "LineString", "coordinates": [ [ 757.92628470196837, -642.301394748479538, 0.0 ], [ 757.935129798882485, -642.31901085487641, 0.0 ] ] } },
{ "type": "Feature", "properties": { "Layer": "023_MUROS_2", "PaperSpace": null, "SubClasses": null, "Linetype": null, "EntityHandle": "1D1F170E", "Text": null }, "geometry": { "type": "LineString", "coordinates": [ [ 757.644426999619441, -642.44291629910208, 0.0 ], [ 757.653272096533556, -642.460532405498725, 0.0 ] ] } },
{ "type": "Feature", "properties": { "Layer": "023_MUROS_2", "PaperSpace": null, "SubClasses": null, "Linetype": null, "EntityHandle": "1D1F170F", "Text": null }, "geometry": { "type": "LineString", "coordinates": [ [ 757.485882042048388, -642.522522171327182, 0.0 ], [ 757.494727138962162, -642.540138277723827, 0.0 ] ] } },
{ "type": "Feature", "properties": { "Layer": "023_MUROS_2", "PaperSpace": null, "SubClasses": null, "Linetype": null, "EntityHandle": "1D1F1710", "Text": null }, "geometry": { "type": "LineString", "coordinates": [ [ 757.426024324014747, -642.574634155688159, 0.0 ], [ 757.367891172905161, -642.603822975504045, 0.0 ] ] } },
{ "type": "Feature", "properties": { "Layer": "023_MUROS_2", "PaperSpace": null, "SubClasses": null, "Linetype": null, "EntityHandle": "1D1F1711", "Text": null }, "geometry": { "type": "LineString", "coordinates": [ [ 757.399563120704215, -642.565863146205288, 0.0 ], [ 757.359046075991273, -642.586206869107286, 0.0 ] ] } },
{ "type": "Feature", "properties": { "Layer": "023_MUROS_2", "PaperSpace": null, "SubClasses": null, "Linetype": null, "EntityHandle": "1D1F1712", "Text": null }, "geometry": { "type": "LineString", "coordinates": [ [ 757.367891172905161, -642.603822975504045, 0.0 ], [ 757.359046075991273, -642.586206869107286, 0.0 ] ] } },
{ "type": "Feature", "properties": { "Layer": "023_MUROS_2", "PaperSpace": null, "SubClasses": null, "Linetype": null, "EntityHandle": "1D1F1713", "Text": null }, "geometry": { "type": "LineString", "coordinates": [ [ 756.557550278652116, -643.010697433543669, 0.0 ], [ 756.548705181738228, -642.993081327146911, 0.0 ] ] } },
{ "type": "Feature", "properties": { "Layer": "023_MUROS_2", "PaperSpace": null, "SubClasses": null, "Linetype": null, "EntityHandle": "1D1F1714", "Text": null }, "geometry": { "type": "LineString", "coordinates": [ [ 756.548705181738228, -642.993081327146911, 0.0 ], [ 755.056620969928758, -643.742261035754723, 0.0 ] ] } },
{ "type": "Feature", "properties": { "Layer": "023_MUROS_2", "PaperSpace": null, "SubClasses": null, "Linetype": null, "EntityHandle": "1D1F1715", "Text": null }, "geometry": { "type": "LineString", "coordinates": [ [ 756.557550278652116, -643.010697433543669, 0.0 ], [ 755.047849960445888, -643.768722239065255, 0.0 ] ] } },
{ "type": "Feature", "properties": { "Layer": "023_MUROS_2", "PaperSpace": null, "SubClasses": null, "Linetype": null, "EntityHandle": "1D1F1716", "Text": null }, "geometry": { "type": "LineString", "coordinates": [ [ 755.056620969928758, -643.742261035754723, 0.0 ], [ 752.571148737121462, -638.792135138251751, 0.0 ] ] } },
{ "type": "Feature", "properties": { "Layer": "023_MUROS_2", "PaperSpace": null, "SubClasses": null, "Linetype": null, "EntityHandle": "1D1F1717", "Text": null }, "geometry": { "type": "LineString", "coordinates": [ [ 753.212418263379618, -640.069302852020201, 0.0 ], [ 752.571148737121462, -638.792135138251751, 0.0 ] ] } },
{ "type": "Feature", "properties": { "Layer": "023_MUROS_2", "PaperSpace": null, "SubClasses": null, "Linetype": null, "EntityHandle": "1D1F1718", "Text": null }, "geometry": { "type": "LineString", "coordinates": [ [ 752.98686829207486, -639.620092138901668, 0.0 ], [ 752.571148737121462, -638.792135138251751, 0.0 ] ] } },
{ "type": "Feature", "properties": { "Layer": "023_MUROS_2", "PaperSpace": null, "SubClasses": null, "Linetype": null, "EntityHandle": "1D1F1719", "Text": null }, "geometry": { "type": "LineString", "coordinates": [ [ 755.047849960445888, -643.768722239065255, 0.0 ], [ 752.319137562506512, -638.334153415650349, 0.0 ] ] } },
{ "type": "Feature", "properties": { "Layer": "023_MUROS_2", "PaperSpace": null, "SubClasses": null, "Linetype": null, "EntityHandle": "1D1F171A", "Text": null }, "geometry": { "type": "LineString", "coordinates": [ [ 752.571148737121462, -638.792135138251751, 0.0 ], [ 753.124294477981039, -638.514399095155113, 0.0 ] ] } },
{ "type": "Feature", "properties": { "Layer": "023_MUROS_2", "PaperSpace": null, "SubClasses": null, "Linetype": null, "EntityHandle": "1D1F171B", "Text": null }, "geometry": { "type": "LineString", "coordinates": [ [ 758.593935134407502, -641.966165575442687, 0.0 ], [ 758.257821451679092, -641.296753532363937, 0.0 ] ] } },
{ "type": "Feature", "properties": { "Layer": "023_MUROS_2", "PaperSpace": null, "SubClasses": null, "Linetype": null, "EntityHandle": "1D1F171C", "Text": null }, "geometry": { "type": "LineString", "coordinates": [ [ 758.248976354765318, -641.279137425967065, 0.0 ], [ 756.975282399162893, -638.742418104826584, 0.0 ] ] } },
{ "type": "Feature", "properties": { "Layer": "023_MUROS_2", "PaperSpace": null, "SubClasses": null, "Linetype": null, "EntityHandle": "1D1F171D", "Text": null }, "geometry": { "type": "LineString", "coordinates": [ [ 757.457340180970618, -639.702495903452473, 0.0 ], [ 756.975282399162893, -638.742418104826584, 0.0 ] ] } },
{ "type": "Feature", "properties": { "Layer": "023_MUROS_2", "PaperSpace": null, "SubClasses": null, "Linetype": null, "EntityHandle": "1D1F171E", "Text": null }, "geometry": { "type": "LineString", "coordinates": [ [ 756.807225557798688, -638.407712083287151, 0.0 ], [ 755.45834827842873, -635.721255857774509, 0.0 ] ] } },
{ "type": "Feature", "properties": { "Layer": "023_MUROS_2", "PaperSpace": null, "SubClasses": null, "Linetype": null, "EntityHandle": "1D1F171F", "Text": null }, "geometry": { "type": "LineString", "coordinates": [ [ 755.449503181514615, -635.703639751377636, 0.0 ], [ 755.271716733544963, -635.349556012801827, 0.0 ] ] } },
{ "type": "Feature", "properties": { "Layer": "023_MUROS_2", "PaperSpace": null, "SubClasses": null, "Linetype": null, "EntityHandle": "1D1F1720", "Text": null }, "geometry": { "type": "LineString", "coordinates": [ [ 755.352207115461511, -635.509862581012271, 0.0 ], [ 755.268178694779522, -635.342509570243124, 0.0 ] ] } },
{ "type": "Feature", "properties": { "Layer": "023_MUROS_2", "PaperSpace": null, "SubClasses": null, "Linetype": null, "EntityHandle": "1D1F1721", "Text": null }, "geometry": { "type": "LineString", "coordinates": [ [ 755.200955958233862, -635.208627161627305, 0.0 ], [ 755.184150274097533, -635.175156559473407, 0.0 ] ] } },
{ "type": "Feature", "properties": { "Layer": "023_MUROS_2", "PaperSpace": null, "SubClasses": null, "Linetype": null, "EntityHandle": "1D1F1722", "Text": null }, "geometry": { "type": "LineString", "coordinates": [ [ 755.175305177183418, -635.157540453076535, 0.0 ], [ 755.174420667491859, -635.155778842436462, 0.0 ] ] } },
{ "type": "Feature", "properties": { "Layer": "023_MUROS_2", "PaperSpace": null, "SubClasses": null, "Linetype": null, "EntityHandle": "1D1F1723", "Text": null }, "geometry": { "type": "LineString", "coordinates": [ [ 757.466111190453603, -639.676034700141827, 0.0 ], [ 757.001743602473766, -638.751189114309796, 0.0 ] ] } },
{ "type": "Feature", "properties": { "Layer": "023_MUROS_2", "PaperSpace": null, "SubClasses": null, "Linetype": null, "EntityHandle": "1D1F1724", "Text": null }, "geometry": { "type": "LineString", "coordinates": [ [ 756.815996567281672, -638.381250879976392, 0.0 ], [ 755.289332839941721, -635.340710915887826, 0.0 ] ] } },
{ "type": "Feature", "properties": { "Layer": "023_MUROS_2", "PaperSpace": null, "SubClasses": null, "Linetype": null, "EntityHandle": "1D1F1725", "Text": null }, "geometry": { "type": "LineString", "coordinates": [ [ 755.218572064630621, -635.199782064713418, 0.0 ], [ 755.192036773888617, -635.146933745522574, 0.0 ] ] } },
{ "type": "Feature", "properties": { "Layer": "023_MUROS_2", "PaperSpace": null, "SubClasses": null, "Linetype": null, "EntityHandle": "1D1F1726", "Text": null }, "geometry": { "type": "LineString", "coordinates": [ [ 752.562303640207688, -638.774519031854993, 0.0 ], [ 752.345598765817044, -638.342924425133106, 0.0 ] ] } },
{ "type": "Feature", "properties": { "Layer": "023_MUROS_2", "PaperSpace": null, "SubClasses": null, "Linetype": null, "EntityHandle": "1D1F1727", "Text": null }, "geometry": { "type": "LineString", "coordinates": [ [ 752.336753668902929, -638.325308318736347, 0.0 ], [ 751.448705938746912, -636.556651236497146, 0.0 ] ] } },
{ "type": "Feature", "properties": { "Layer": "023_MUROS_2", "PaperSpace": null, "SubClasses": null, "Linetype": null, "EntityHandle": "1D1F1728", "Text": null }, "geometry": { "type": "LineString", "coordinates": [ [ 752.319137562506512, -638.334153415650349, 0.0 ], [ 751.422244735436379, -636.547880227014275, 0.0 ] ] } },
{ "type": "Feature", "properties": { "Layer": "023_MUROS_2", "PaperSpace": null, "SubClasses": null, "Linetype": null, "EntityHandle": "1D1F1729", "Text": null }, "geometry": { "type": "LineString", "coordinates": [ [ 752.571148737121462, -638.792135138251751, 0.0 ], [ 753.54884264214445, -638.301232259530025, 0.0 ] ] } },
{ "type": "Feature", "properties": { "Layer": "023_MUROS_2", "PaperSpace": null, "SubClasses": null, "Linetype": null, "EntityHandle": "1D1F172A", "Text": null }, "geometry": { "type": "LineString", "coordinates": [ [ 752.562303640207688, -638.774519031854993, 0.0 ], [ 753.522381438833577, -638.292461250047154, 0.0 ] ] } },
{ "type": "Feature", "properties": { "Layer": "023_MUROS_2", "PaperSpace": null, "SubClasses": null, "Linetype": null, "EntityHandle": "1D1F172B", "Text": null }, "geometry": { "type": "LineString", "coordinates": [ [ 753.522381438833577, -638.292461250047154, 0.0 ], [ 753.305676564442933, -637.860866643325494, 0.0 ] ] } },
{ "type": "Feature", "properties": { "Layer": "023_MUROS_2", "PaperSpace": null, "SubClasses": null, "Linetype": null, "EntityHandle": "1D1F172C", "Text": null }, "geometry": { "type": "LineString", "coordinates": [ [ 753.296831467529159, -637.843250536928736, 0.0 ], [ 752.872266815661646, -636.997677429881946, 0.0 ] ] } },
{ "type": "Feature", "properties": { "Layer": "023_MUROS_2", "PaperSpace": null, "SubClasses": null, "Linetype": null, "EntityHandle": "1D1F172D", "Text": null }, "geometry": { "type": "LineString", "coordinates": [ [ 753.539997545230335, -638.28361615313338, 0.0 ], [ 752.766936074955083, -636.743968454052606, 0.0 ] ] } },
{ "type": "Feature", "properties": { "Layer": "023_MUROS_2", "PaperSpace": null, "SubClasses": null, "Linetype": null, "EntityHandle": "1D1F172E", "Text": null }, "geometry": { "type": "LineString", "coordinates": [ [ 752.544687533810588, -638.783364128768767, 0.0 ], [ 752.319137562506512, -638.334153415650349, 0.0 ] ] } },
{ "type": "Feature", "properties": { "Layer": "023_MUROS_2", "PaperSpace": null, "SubClasses": null, "Linetype": null, "EntityHandle": "1D1F172F", "Text": null }, "geometry": { "type": "LineString", "coordinates": [ [ 752.345598765817044, -638.342924425133219, 0.0 ], [ 752.680304787356249, -638.174867583769014, 0.0 ] ] } },
{ "type": "Feature", "properties": { "Layer": "023_MUROS_2", "PaperSpace": null, "SubClasses": null, "Linetype": null, "EntityHandle": "1D1F1730", "Text": null }, "geometry": { "type": "LineString", "coordinates": [ [ 752.812425585332335, -638.108529356914687, 0.0 ], [ 753.305676564442933, -637.860866643325494, 0.0 ] ] } },
{ "type": "Feature", "properties": { "Layer": "023_MUROS_2", "PaperSpace": null, "SubClasses": null, "Linetype": null, "EntityHandle": "1D1F1731", "Text": null }, "geometry": { "type": "LineString", "coordinates": [ [ 752.336753668902929, -638.325308318736347, 0.0 ], [ 752.671459690442475, -638.157251477372142, 0.0 ] ] } },
{ "type": "Feature", "properties": { "Layer": "023_MUROS_2", "PaperSpace": null, "SubClasses": null, "Linetype": null, "EntityHandle": "1D1F1732", "Text": null }, "geometry": { "type": "LineString", "coordinates": [ [ 752.803580488418561, -638.090913250517929, 0.0 ], [ 753.296831467529159, -637.843250536928736, 0.0 ] ] } },
{ "type": "Feature", "properties": { "Layer": "023_MUROS_2", "PaperSpace": null, "SubClasses": null, "Linetype": null, "EntityHandle": "1D1F1733", "Text": null }, "geometry": { "type": "LineString", "coordinates": [ [ 751.448705938746912, -636.556651236497146, 0.0 ], [ 751.790458402845047, -636.385056356367386, 0.0 ] ] } },
{ "type": "Feature", "properties": { "Layer": "023_MUROS_2", "PaperSpace": null, "SubClasses": null, "Linetype": null, "EntityHandle": "1D1F1734", "Text": null }, "geometry": { "type": "LineString", "coordinates": [ [ 752.179774354214715, -636.1895797145703, 0.0 ], [ 753.4657501211816, -635.543887639855257, 0.0 ] ] } },
{ "type": "Feature", "properties": { "Layer": "023_MUROS_2", "PaperSpace": null, "SubClasses": null, "Linetype": null, "EntityHandle": "1D1F1735", "Text": null }, "geometry": { "type": "LineString", "coordinates": [ [ 753.483366227578472, -635.535042542941255, 0.0 ], [ 753.493585476544467, -635.529911429092408, 0.0 ] ] } },
{ "type": "Feature", "properties": { "Layer": "023_MUROS_2", "PaperSpace": null, "SubClasses": null, "Linetype": null, "EntityHandle": "1D1F1736", "Text": null }, "geometry": { "type": "LineString", "coordinates": [ [ 753.722594859703122, -635.414925169211756, 0.0 ], [ 753.775443178893738, -635.388389878470093, 0.0 ] ] } },
{ "type": "Feature", "properties": { "Layer": "023_MUROS_2", "PaperSpace": null, "SubClasses": null, "Linetype": null, "EntityHandle": "1D1F1737", "Text": null }, "geometry": { "type": "LineString", "coordinates": [ [ 753.793059285290383, -635.379544781556206, 0.0 ], [ 754.127765306829588, -635.211487940192001, 0.0 ] ] } },
{ "type": "Feature", "properties": { "Layer": "023_MUROS_2", "PaperSpace": null, "SubClasses": null, "Linetype": null, "EntityHandle": "1D1F1738", "Text": null }, "geometry": { "type": "LineString", "coordinates": [ [ 754.215845838813721, -635.167262455622449, 0.0 ], [ 754.986020103225997, -634.780555776185224, 0.0 ] ] } },
{ "type": "Feature", "properties": { "Layer": "023_MUROS_2", "PaperSpace": null, "SubClasses": null, "Linetype": null, "EntityHandle": "1D1F1739", "Text": null }, "geometry": { "type": "LineString", "coordinates": [ [ 751.422244735436379, -636.547880227014389, 0.0 ], [ 751.781613305931273, -636.367440249970741, 0.0 ] ] } },
{ "type": "Feature", "properties": { "Layer": "023_MUROS_2", "PaperSpace": null, "SubClasses": null, "Linetype": null, "EntityHandle": "1D1F173A", "Text": null }, "geometry": { "type": "LineString", "coordinates": [ [ 752.170929257300941, -636.171963608173542, 0.0 ], [ 753.48474037963058, -635.512295322695763, 0.0 ] ] } },
{ "type": "Feature", "properties": { "Layer": "023_MUROS_2", "PaperSpace": null, "SubClasses": null, "Linetype": null, "EntityHandle": "1D1F173B", "Text": null }, "geometry": { "type": "LineString", "coordinates": [ [ 753.713749762789348, -635.397309062814998, 0.0 ], [ 754.118920209915814, -635.193871833795242, 0.0 ] ] } },
{ "type": "Feature", "properties": { "Layer": "023_MUROS_2", "PaperSpace": null, "SubClasses": null, "Linetype": null, "EntityHandle": "1D1F173C", "Text": null }, "geometry": { "type": "LineString", "coordinates": [ [ 754.207000741899947, -635.149646349225691, 0.0 ], [ 754.994791112708981, -634.754094572874578, 0.0 ] ] } },
{ "type": "Feature", "properties": { "Layer": "023_MUROS_2", "PaperSpace": null, "SubClasses": null, "Linetype": null, "EntityHandle": "1D1F173D", "Text": null }, "geometry": { "type": "LineString", "coordinates": [ [ 751.790458402845047, -636.385056356367386, 0.0 ], [ 751.781613305931273, -636.367440249970741, 0.0 ] ] } },
{ "type": "Feature", "properties": { "Layer": "023_MUROS_2", "PaperSpace": null, "SubClasses": null, "Linetype": null, "EntityHandle": "1D1F173E", "Text": null }, "geometry": { "type": "LineString", "coordinates": [ [ 752.179774354214715, -636.1895797145703, 0.0 ], [ 752.170929257300941, -636.171963608173542, 0.0 ] ] } },
{ "type": "Feature", "properties": { "Layer": "023_MUROS_2", "PaperSpace": null, "SubClasses": null, "Linetype": null, "EntityHandle": "1D1F173F", "Text": null }, "geometry": { "type": "LineString", "coordinates": [ [ 752.749319968558666, -636.752813550966607, 0.0 ], [ 752.996098172456186, -637.244302919437132, 0.0 ] ] } },
{ "type": "Feature", "properties": { "Layer": "023_MUROS_2", "PaperSpace": null, "SubClasses": null, "Linetype": null, "EntityHandle": "1D1F1740", "Text": null }, "geometry": { "type": "LineString", "coordinates": [ [ 753.4657501211816, -635.543887639855257, 0.0 ], [ 754.579347822642148, -637.761755435212876, 0.0 ] ] } },
{ "type": "Feature", "properties": { "Layer": "023_MUROS_2", "PaperSpace": null, "SubClasses": null, "Linetype": null, "EntityHandle": "1D1F1741", "Text": null }, "geometry": { "type": "LineString", "coordinates": [ [ 753.483366227578699, -635.535042542941369, 0.0 ], [ 753.946849305866976, -636.458126518133668, 0.0 ] ] } },
{ "type": "Feature", "properties": { "Layer": "023_MUROS_2", "PaperSpace": null, "SubClasses": null, "Linetype": null, "EntityHandle": "1D1F1742", "Text": null }, "geometry": { "type": "LineString", "coordinates": [ [ 753.942426757409862, -636.449318464935232, 0.0 ], [ 753.946849305866976, -636.458126518133668, 0.0 ] ] } },
{ "type": "Feature", "properties": { "Layer": "023_MUROS_2", "PaperSpace": null, "SubClasses": null, "Linetype": null, "EntityHandle": "1D1F1743", "Text": null }, "geometry": { "type": "LineString", "coordinates": [ [ 753.95569440278075, -636.475742624530426, 0.0 ], [ 754.605809025952681, -637.770526444695747, 0.0 ] ] } },
{ "type": "Feature", "properties": { "Layer": "023_MUROS_2", "PaperSpace": null, "SubClasses": null, "Linetype": null, "EntityHandle": "1D1F1744", "Text": null }, "geometry": { "type": "LineString", "coordinates": [ [ 752.812425585332107, -638.108529356914346, 0.0 ], [ 752.803580488418561, -638.090913250518042, 0.0 ] ] } },
{ "type": "Feature", "properties": { "Layer": "023_MUROS_2", "PaperSpace": null, "SubClasses": null, "Linetype": null, "EntityHandle": "1D1F1745", "Text": null }, "geometry": { "type": "LineString", "coordinates": [ [ 752.680304787356363, -638.174867583768787, 0.0 ], [ 752.671459690442475, -638.157251477372142, 0.0 ] ] } },
{ "type": "Feature", "properties": { "Layer": "023_MUROS_2", "PaperSpace": null, "SubClasses": null, "Linetype": null, "EntityHandle": "1D1F1756", "Text": null }, "geometry": { "type": "LineString", "coordinates": [ [ 753.493585476544467, -635.529911429092408, 0.0 ], [ 753.48474037963058, -635.512295322695763, 0.0 ] ] } },
{ "type": "Feature", "properties": { "Layer": "023_MUROS_2", "PaperSpace": null, "SubClasses": null, "Linetype": null, "EntityHandle": "1D1F1757", "Text": null }, "geometry": { "type": "LineString", "coordinates": [ [ 753.722594859703122, -635.414925169211756, 0.0 ], [ 753.713749762789348, -635.397309062814998, 0.0 ] ] } },
{ "type": "Feature", "properties": { "Layer": "023_MUROS_2", "PaperSpace": null, "SubClasses": null, "Linetype": null, "EntityHandle": "1D1F1758", "Text": null }, "geometry": { "type": "LineString", "coordinates": [ [ 754.127765306829701, -635.211487940192001, 0.0 ], [ 754.118920209915814, -635.193871833795242, 0.0 ] ] } },
{ "type": "Feature", "properties": { "Layer": "023_MUROS_2", "PaperSpace": null, "SubClasses": null, "Linetype": null, "EntityHandle": "1D1F1759", "Text": null }, "geometry": { "type": "LineString", "coordinates": [ [ 754.215845838813721, -635.167262455622449, 0.0 ], [ 754.207000741899947, -635.149646349225691, 0.0 ] ] } },
{ "type": "Feature", "properties": { "Layer": "023_MUROS_2", "PaperSpace": null, "SubClasses": null, "Linetype": null, "EntityHandle": "1D1F175A", "Text": null }, "geometry": { "type": "LineString", "coordinates": [ [ 753.982344359248032, -635.756529458447858, 0.0 ], [ 755.175305177183418, -635.157540453076649, 0.0 ] ] } },
{ "type": "Feature", "properties": { "Layer": "023_MUROS_2", "PaperSpace": null, "SubClasses": null, "Linetype": null, "EntityHandle": "1D1F175B", "Text": null }, "geometry": { "type": "LineString", "coordinates": [ [ 753.973573349765047, -635.782990661758618, 0.0 ], [ 754.659190303472883, -635.438740447507939, 0.0 ] ] } },
{ "type": "Feature", "properties": { "Layer": "023_MUROS_2", "PaperSpace": null, "SubClasses": null, "Linetype": null, "EntityHandle": "1D1F175C", "Text": null }, "geometry": { "type": "LineString", "coordinates": [ [ 754.676806409869641, -635.429895350593938, 0.0 ], [ 755.184150274097192, -635.175156559473407, 0.0 ] ] } },
{ "type": "Feature", "properties": { "Layer": "023_MUROS_2", "PaperSpace": null, "SubClasses": null, "Linetype": null, "EntityHandle": "1D1F175D", "Text": null }, "geometry": { "type": "LineString", "coordinates": [ [ 753.982344359248032, -635.756529458447858, 0.0 ], [ 753.793059285290383, -635.379544781556206, 0.0 ] ] } },
{ "type": "Feature", "properties": { "Layer": "023_MUROS_2", "PaperSpace": null, "SubClasses": null, "Linetype": null, "EntityHandle": "1D1F175E", "Text": null }, "geometry": { "type": "LineString", "coordinates": [ [ 753.973573349765047, -635.782990661758618, 0.0 ], [ 753.775443178893738, -635.388389878470093, 0.0 ] ] } },
{ "type": "Feature", "properties": { "Layer": "023_MUROS_2", "PaperSpace": null, "SubClasses": null, "Linetype": null, "EntityHandle": "1D1F175F", "Text": null }, "geometry": { "type": "LineString", "coordinates": [ [ 754.986020103225997, -634.780555776185224, 0.0 ], [ 755.175305177183418, -635.157540453076649, 0.0 ] ] } },
{ "type": "Feature", "properties": { "Layer": "023_MUROS_2", "PaperSpace": null, "SubClasses": null, "Linetype": null, "EntityHandle": "1D1F1760", "Text": null }, "geometry": { "type": "LineString", "coordinates": [ [ 754.994791112708981, -634.754094572874578, 0.0 ], [ 755.207073438642851, -635.176881126397916, 0.0 ] ] } },
{ "type": "Feature", "properties": { "Layer": "023_MUROS_2", "PaperSpace": null, "SubClasses": null, "Linetype": null, "EntityHandle": "1D1F1761", "Text": null }, "geometry": { "type": "LineString", "coordinates": [ [ 755.189457332245752, -635.185726223311804, 0.0 ], [ 755.184150274097192, -635.175156559473407, 0.0 ] ] } },
{ "type": "Feature", "properties": { "Layer": "023_MUROS_2", "PaperSpace": null, "SubClasses": null, "Linetype": null, "EntityHandle": "1D1F1762", "Text": null }, "geometry": { "type": "LineString", "coordinates": [ [ 757.923115430139546, -641.464810373728028, 0.0 ], [ 757.588409408600342, -641.632867215092233, 0.0 ] ] } },
{ "type": "Feature", "properties": { "Layer": "023_MUROS_2", "PaperSpace": null, "SubClasses": null, "Linetype": null, "EntityHandle": "1D1F1763", "Text": null }, "geometry": { "type": "LineString", "coordinates": [ [ 757.456288610624256, -641.69920544194656, 0.0 ], [ 757.435149282948032, -641.709819558243225, 0.0 ] ] } },
{ "type": "Feature", "properties": { "Layer": "023_MUROS_2", "PaperSpace": null, "SubClasses": null, "Linetype": null, "EntityHandle": "1D1F1764", "Text": null }, "geometry": { "type": "LineString", "coordinates": [ [ 758.248976354765318, -641.279137425967065, 0.0 ], [ 758.153849380222596, -641.326900949302171, 0.0 ] ] } },
{ "type": "Feature", "properties": { "Layer": "023_MUROS_2", "PaperSpace": null, "SubClasses": null, "Linetype": null, "EntityHandle": "1D1F1765", "Text": null }, "geometry": { "type": "LineString", "coordinates": [ [ 758.02172858224651, -641.393239176156612, 0.0 ], [ 757.579564311686568, -641.615251108695475, 0.0 ] ] } },
{ "type": "Feature", "properties": { "Layer": "023_MUROS_2", "PaperSpace": null, "SubClasses": null, "Linetype": null, "EntityHandle": "1D1F1766", "Text": null }, "geometry": { "type": "LineString", "coordinates": [ [ 757.447443513710482, -641.681589335549688, 0.0 ], [ 757.426304186034599, -641.692203451846467, 0.0 ] ] } },
{ "type": "Feature", "properties": { "Layer": "023_MUROS_2", "PaperSpace": null, "SubClasses": null, "Linetype": null, "EntityHandle": "1D1F1767", "Text": null }, "geometry": { "type": "LineString", "coordinates": [ [ 757.940731536536646, -641.45596527681414, 0.0 ], [ 758.030573679160284, -641.410855282553257, 0.0 ] ] } },
{ "type": "Feature", "properties": { "Layer": "023_MUROS_2", "PaperSpace": null, "SubClasses": null, "Linetype": null, "EntityHandle": "1D1F1768", "Text": null }, "geometry": { "type": "LineString", "coordinates": [ [ 758.16269447713637, -641.34451705569893, 0.0 ], [ 758.257821451679092, -641.296753532363937, 0.0 ] ] } },
{ "type": "Feature", "properties": { "Layer": "023_MUROS_2", "PaperSpace": null, "SubClasses": null, "Linetype": null, "EntityHandle": "1D1F1769", "Text": null }, "geometry": { "type": "LineString", "coordinates": [ [ 757.417533176551274, -641.718664655157113, 0.0 ], [ 757.271319493457895, -641.792078959542437, 0.0 ] ] } },
{ "type": "Feature", "properties": { "Layer": "023_MUROS_2", "PaperSpace": null, "SubClasses": null, "Linetype": null, "EntityHandle": "1D1F176A", "Text": null }, "geometry": { "type": "LineString", "coordinates": [ [ 757.112774535886501, -641.871684831767652, 0.0 ], [ 757.08106554437245, -641.887606006212764, 0.0 ] ] } },
{ "type": "Feature", "properties": { "Layer": "023_MUROS_2", "PaperSpace": null, "SubClasses": null, "Linetype": null, "EntityHandle": "1D1F176B", "Text": null }, "geometry": { "type": "LineString", "coordinates": [ [ 757.426304186034599, -641.692203451846467, 0.0 ], [ 757.262474396544121, -641.774462853145792, 0.0 ] ] } },
{ "type": "Feature", "properties": { "Layer": "023_MUROS_2", "PaperSpace": null, "SubClasses": null, "Linetype": null, "EntityHandle": "1D1F176C", "Text": null }, "geometry": { "type": "LineString", "coordinates": [ [ 757.103929438972727, -641.85406872537078, 0.0 ], [ 757.054604341061918, -641.878834996729779, 0.0 ] ] } },
{ "type": "Feature", "properties": { "Layer": "023_MUROS_2", "PaperSpace": null, "SubClasses": null, "Linetype": null, "EntityHandle": "1D1F176D", "Text": null }, "geometry": { "type": "LineString", "coordinates": [ [ 758.16269447713637, -641.34451705569893, 0.0 ], [ 758.153849380222596, -641.326900949302171, 0.0 ] ] } },
{ "type": "Feature", "properties": { "Layer": "023_MUROS_2", "PaperSpace": null, "SubClasses": null, "Linetype": null, "EntityHandle": "1D1F176E", "Text": null }, "geometry": { "type": "LineString", "coordinates": [ [ 758.030573679160284, -641.410855282553257, 0.0 ], [ 758.02172858224651, -641.393239176156499, 0.0 ] ] } },
{ "type": "Feature", "properties": { "Layer": "023_MUROS_2", "PaperSpace": null, "SubClasses": null, "Linetype": null, "EntityHandle": "1D1F176F", "Text": null }, "geometry": { "type": "LineString", "coordinates": [ [ 757.588409408600342, -641.632867215092233, 0.0 ], [ 757.579564311686568, -641.615251108695475, 0.0 ] ] } },
{ "type": "Feature", "properties": { "Layer": "023_MUROS_2", "PaperSpace": null, "SubClasses": null, "Linetype": null, "EntityHandle": "1D1F1770", "Text": null }, "geometry": { "type": "LineString", "coordinates": [ [ 757.456288610624256, -641.69920544194656, 0.0 ], [ 757.447443513710482, -641.681589335549688, 0.0 ] ] } },
{ "type": "Feature", "properties": { "Layer": "023_MUROS_2", "PaperSpace": null, "SubClasses": null, "Linetype": null, "EntityHandle": "1D1F1771", "Text": null }, "geometry": { "type": "LineString", "coordinates": [ [ 757.271319493457895, -641.792078959542437, 0.0 ], [ 757.262474396544121, -641.774462853145792, 0.0 ] ] } },
{ "type": "Feature", "properties": { "Layer": "023_MUROS_2", "PaperSpace": null, "SubClasses": null, "Linetype": null, "EntityHandle": "1D1F1772", "Text": null }, "geometry": { "type": "LineString", "coordinates": [ [ 757.112774535886501, -641.871684831767652, 0.0 ], [ 757.103929438972727, -641.85406872537078, 0.0 ] ] } },
{ "type": "Feature", "properties": { "Layer": "023_MUROS_2", "PaperSpace": null, "SubClasses": null, "Linetype": null, "EntityHandle": "1D1F1773", "Text": null }, "geometry": { "type": "LineString", "coordinates": [ [ 757.490062971245607, -641.863116727610986, 0.0 ], [ 757.507679077642024, -641.854271630696985, 0.0 ] ] } },
{ "type": "Feature", "properties": { "Layer": "023_MUROS_2", "PaperSpace": null, "SubClasses": null, "Linetype": null, "EntityHandle": "1D1F1774", "Text": null }, "geometry": { "type": "LineString", "coordinates": [ [ 757.597088643903817, -642.076271615012274, 0.0 ], [ 757.614704750300575, -642.067426518098387, 0.0 ] ] } },
{ "type": "Feature", "properties": { "Layer": "023_MUROS_2", "PaperSpace": null, "SubClasses": null, "Linetype": null, "EntityHandle": "1D1F1782", "Text": null }, "geometry": { "type": "LineString", "coordinates": [ [ 758.620396337718148, -641.974936584925445, 0.0 ], [ 757.001743602473766, -638.751189114309796, 0.0 ] ] } },
{ "type": "Feature", "properties": { "Layer": "023_MUROS_2", "PaperSpace": null, "SubClasses": null, "Linetype": null, "EntityHandle": "1D1F1783", "Text": null }, "geometry": { "type": "LineString", "coordinates": [ [ 755.184150274097192, -635.175156559473407, 0.0 ], [ 755.200955958233862, -635.208627161627305, 0.0 ] ] } },
{ "type": "Feature", "properties": { "Layer": "023_MUROS_2", "PaperSpace": null, "SubClasses": null, "Linetype": null, "EntityHandle": "1D1F1784", "Text": null }, "geometry": { "type": "LineString", "coordinates": [ [ 755.200955958233862, -635.208627161627305, 0.0 ], [ 755.218572064630621, -635.199782064713418, 0.0 ] ] } },
{ "type": "Feature", "properties": { "Layer": "023_MUROS_2", "PaperSpace": null, "SubClasses": null, "Linetype": null, "EntityHandle": "1D1F1785", "Text": null }, "geometry": { "type": "LineString", "coordinates": [ [ 755.218572064630621, -635.199782064713418, 0.0 ], [ 755.207073438642851, -635.176881126397916, 0.0 ] ] } },
{ "type": "Feature", "properties": { "Layer": "023_MUROS_2", "PaperSpace": null, "SubClasses": null, "Linetype": null, "EntityHandle": "1D1F1786", "Text": null }, "geometry": { "type": "LineString", "coordinates": [ [ 755.207073438642851, -635.176881126397916, 0.0 ], [ 755.213661127657247, -635.19000132527367, 0.0 ] ] } },
{ "type": "Feature", "properties": { "Layer": "023_MUROS_2", "PaperSpace": null, "SubClasses": null, "Linetype": null, "EntityHandle": "1D1F1787", "Text": null }, "geometry": { "type": "LineString", "coordinates": [ [ 755.213661127657247, -635.19000132527367, 0.0 ], [ 755.200072249396612, -635.162937390578577, 0.0 ] ] } },
{ "type": "Feature", "properties": { "Layer": "023_MUROS_2", "PaperSpace": null, "SubClasses": null, "Linetype": null, "EntityHandle": "1D1F1788", "Text": null }, "geometry": { "type": "LineString", "coordinates": [ [ 755.449503181514615, -635.703639751377636, 0.0 ], [ 754.942159317286382, -635.958378542498053, 0.0 ] ] } },
{ "type": "Feature", "properties": { "Layer": "023_MUROS_2", "PaperSpace": null, "SubClasses": null, "Linetype": null, "EntityHandle": "1D1F1789", "Text": null }, "geometry": { "type": "LineString", "coordinates": [ [ 754.924543210889624, -635.967223639411941, 0.0 ], [ 753.946849305866976, -636.458126518133668, 0.0 ] ] } },
{ "type": "Feature", "properties": { "Layer": "023_MUROS_2", "PaperSpace": null, "SubClasses": null, "Linetype": null, "EntityHandle": "1D1F178A", "Text": null }, "geometry": { "type": "LineString", "coordinates": [ [ 755.45834827842873, -635.721255857774509, 0.0 ], [ 753.95569440278075, -636.475742624530426, 0.0 ] ] } },
{ "type": "Feature", "properties": { "Layer": "023_MUROS_2", "PaperSpace": null, "SubClasses": null, "Linetype": null, "EntityHandle": "1D1F178B", "Text": null }, "geometry": { "type": "LineString", "coordinates": [ [ 754.942159317286382, -635.958378542498053, 0.0 ], [ 754.676806409869641, -635.429895350594052, 0.0 ] ] } },
{ "type": "Feature", "properties": { "Layer": "023_MUROS_2", "PaperSpace": null, "SubClasses": null, "Linetype": null, "EntityHandle": "1D1F178C", "Text": null }, "geometry": { "type": "LineString", "coordinates": [ [ 754.924543210889624, -635.967223639411941, 0.0 ], [ 754.659190303472883, -635.438740447507939, 0.0 ] ] } },
{ "type": "Feature", "properties": { "Layer": "023_MUROS_2", "PaperSpace": null, "SubClasses": null, "Linetype": null, "EntityHandle": "1D1F1970", "Text": null }, "geometry": { "type": "LineString", "coordinates": [ [ 753.54884264214445, -638.301232259530025, 0.0 ], [ 754.605809025952681, -637.770526444695747, 0.0 ] ] } },
{ "type": "Feature", "properties": { "Layer": "023_MUROS_2", "PaperSpace": null, "SubClasses": null, "Linetype": null, "EntityHandle": "1D1F1971", "Text": null }, "geometry": { "type": "LineString", "coordinates": [ [ 753.95569440278075, -636.475742624530426, 0.0 ], [ 754.605809025952681, -637.770526444695747, 0.0 ] ] } },
{ "type": "Feature", "properties": { "Layer": "023_MUROS_2", "PaperSpace": null, "SubClasses": null, "Linetype": null, "EntityHandle": "1D1F1972", "Text": null }, "geometry": { "type": "LineString", "coordinates": [ [ 753.4657501211816, -635.543887639855257, 0.0 ], [ 754.579347822642148, -637.761755435212876, 0.0 ] ] } },
{ "type": "Feature", "properties": { "Layer": "023_MUROS_2", "PaperSpace": null, "SubClasses": null, "Linetype": null, "EntityHandle": "1D1F1973", "Text": null }, "geometry": { "type": "LineString", "coordinates": [ [ 753.539997545230335, -638.28361615313338, 0.0 ], [ 754.579347822642148, -637.761755435212876, 0.0 ] ] } },
{ "type": "Feature", "properties": { "Layer": "023_MUROS_2", "PaperSpace": null, "SubClasses": null, "Linetype": null, "EntityHandle": "1D1F1974", "Text": null }, "geometry": { "type": "LineString", "coordinates": [ [ 752.749319968558666, -636.752813550966607, 0.0 ], [ 752.766936074955083, -636.743968454052606, 0.0 ] ] } },
{ "type": "Feature", "properties": { "Layer": "023_MUROS_2", "PaperSpace": null, "SubClasses": null, "Linetype": null, "EntityHandle": "1D1F1A14", "Text": null }, "geometry": { "type": "LineString", "coordinates": [ [ 754.655414571637493, -634.504371692190261, 0.0 ], [ 753.37559801283237, -635.149148721947086, 0.0 ] ] } },
{ "type": "Feature", "properties": { "Layer": "023_MUROS_2", "PaperSpace": null, "SubClasses": null, "Linetype": null, "EntityHandle": "1D1F1A15", "Text": null }, "geometry": { "type": "LineString", "coordinates": [ [ 753.302269710152473, -631.818517326620963, 0.0 ], [ 752.022453151347122, -632.46329435637756, 0.0 ] ] } },
{ "type": "Feature", "properties": { "Layer": "023_MUROS_2", "PaperSpace": null, "SubClasses": null, "Linetype": null, "EntityHandle": "1D1F1A16", "Text": null }, "geometry": { "type": "LineString", "coordinates": [ [ 752.033095963392725, -632.484419251433565, 0.0 ], [ 752.656587369058343, -633.721986020126906, 0.0 ] ] } },
{ "type": "Feature", "properties": { "Layer": "023_MUROS_2", "PaperSpace": null, "SubClasses": null, "Linetype": null, "EntityHandle": "1D1F1A17", "Text": null }, "geometry": { "type": "LineString", "coordinates": [ [ 752.033095963392725, -632.484419251433565, 0.0 ], [ 752.656587369058343, -633.721986020126906, 0.0 ] ] } },
{ "type": "Feature", "properties": { "Layer": "023_MUROS_2", "PaperSpace": null, "SubClasses": null, "Linetype": null, "EntityHandle": "1D1F1A18", "Text": null }, "geometry": { "type": "LineString", "coordinates": [ [ 753.462556635818032, -633.507964493712507, 0.0 ], [ 752.754872651444202, -633.864498697236854, 0.0 ] ] } },
{ "type": "Feature", "properties": { "Layer": "023_MUROS_2", "PaperSpace": null, "SubClasses": null, "Linetype": null, "EntityHandle": "1D1F1A19", "Text": null }, "geometry": { "type": "LineString", "coordinates": [ [ 753.473199447863294, -633.529089388768398, 0.0 ], [ 752.765515463489805, -633.885623592293086, 0.0 ] ] } },
{ "type": "Feature", "properties": { "Layer": "023_MUROS_2", "PaperSpace": null, "SubClasses": null, "Linetype": null, "EntityHandle": "1D1F1A1A", "Text": null }, "geometry": { "type": "LineString", "coordinates": [ [ 753.386080095842772, -635.117381014845705, 0.0 ], [ 753.850827787073513, -634.883239149844599, 0.0 ] ] } },
{ "type": "Feature", "properties": { "Layer": "023_MUROS_2", "PaperSpace": null, "SubClasses": null, "Linetype": null, "EntityHandle": "1D1F1A1B", "Text": null }, "geometry": { "type": "LineString", "coordinates": [ [ 752.754872651444202, -633.864498697236854, 0.0 ], [ 752.054220858448389, -632.473776439387962, 0.0 ] ] } },
{ "type": "Feature", "properties": { "Layer": "023_MUROS_2", "PaperSpace": null, "SubClasses": null, "Linetype": null, "EntityHandle": "1D1F1A1C", "Text": null }, "geometry": { "type": "LineString", "coordinates": [ [ 753.37559801283237, -635.149148721946972, 0.0 ], [ 752.022453151347122, -632.46329435637756, 0.0 ] ] } },
{ "type": "Feature", "properties": { "Layer": "023_MUROS_2", "PaperSpace": null, "SubClasses": null, "Linetype": null, "EntityHandle": "1D1F1A1D", "Text": null }, "geometry": { "type": "LineString", "coordinates": [ [ 753.291787627142298, -631.850285033722571, 0.0 ], [ 752.054220858448389, -632.473776439387848, 0.0 ] ] } },
{ "type": "Feature", "properties": { "Layer": "023_MUROS_2", "PaperSpace": null, "SubClasses": null, "Linetype": null, "EntityHandle": "1D1F1A22", "Text": null }, "geometry": { "type": "LineString", "coordinates": [ [ 752.765515463489805, -633.885623592293086, 0.0 ], [ 753.386080095842885, -635.117381014845591, 0.0 ] ] } },
{ "type": "Feature", "properties": { "Layer": "023_MUROS_2", "PaperSpace": null, "SubClasses": null, "Linetype": null, "EntityHandle": "1D1F1BC6", "Text": null }, "geometry": { "type": "LineString", "coordinates": [ [ 738.458236827896599, -648.134077671693149, 0.0 ], [ 738.596773679377748, -648.213457489893244, 0.0 ] ] } },
{ "type": "Feature", "properties": { "Layer": "023_MUROS_2", "PaperSpace": null, "SubClasses": null, "Linetype": null, "EntityHandle": "1D1F1BC7", "Text": null }, "geometry": { "type": "LineString", "coordinates": [ [ 738.465540165338666, -648.160980964246392, 0.0 ], [ 738.586973701822217, -648.230560804890843, 0.0 ] ] } },
{ "type": "Feature", "properties": { "Layer": "023_MUROS_2", "PaperSpace": null, "SubClasses": null, "Linetype": null, "EntityHandle": "1D1F1BCA", "Text": null }, "geometry": { "type": "LineString", "coordinates": [ [ 738.82082710584757, -648.341837195871221, 0.0 ], [ 738.811027128292039, -648.35894051086882, 0.0 ] ] } },
{ "type": "Feature", "properties": { "Layer": "023_MUROS_2", "PaperSpace": null, "SubClasses": null, "Linetype": null, "EntityHandle": "1D1F1BCB", "Text": null }, "geometry": { "type": "LineString", "coordinates": [ [ 739.034618543318857, -648.464336915315812, 0.0 ], [ 739.024818565763212, -648.48144023031341, 0.0 ] ] } },
{ "type": "Feature", "properties": { "Layer": "023_MUROS_2", "PaperSpace": null, "SubClasses": null, "Linetype": null, "EntityHandle": "1D1F1BCC", "Text": null }, "geometry": { "type": "LineString", "coordinates": [ [ 738.749455194300253, -648.32366059166884, 0.0 ], [ 738.811027128292039, -648.35894051086882, 0.0 ] ] } },
{ "type": "Feature", "properties": { "Layer": "023_MUROS_2", "PaperSpace": null, "SubClasses": null, "Linetype": null, "EntityHandle": "1D1F1BCD", "Text": null }, "geometry": { "type": "LineString", "coordinates": [ [ 738.759255171855898, -648.306557276671128, 0.0 ], [ 738.82082710584757, -648.341837195871221, 0.0 ] ] } },
{ "type": "Feature", "properties": { "Layer": "023_MUROS_2", "PaperSpace": null, "SubClasses": null, "Linetype": null, "EntityHandle": "1D1F1BCE", "Text": null }, "geometry": { "type": "LineString", "coordinates": [ [ 739.034618543318857, -648.464336915315812, 0.0 ], [ 739.145790090803757, -648.52803676942699, 0.0 ] ] } },
{ "type": "Feature", "properties": { "Layer": "023_MUROS_2", "PaperSpace": null, "SubClasses": null, "Linetype": null, "EntityHandle": "1D1F1BCF", "Text": null }, "geometry": { "type": "LineString", "coordinates": [ [ 739.145790090803757, -648.52803676942699, 0.0 ], [ 739.086990225470458, -648.630656659413148, 0.0 ] ] } },
{ "type": "Feature", "properties": { "Layer": "023_MUROS_2", "PaperSpace": null, "SubClasses": null, "Linetype": null, "EntityHandle": "1D1F1BD0", "Text": null }, "geometry": { "type": "LineString", "coordinates": [ [ 739.086990225470458, -648.630656659413148, 0.0 ], [ 739.069886910472746, -648.620856681857617, 0.0 ] ] } },
{ "type": "Feature", "properties": { "Layer": "023_MUROS_2", "PaperSpace": null, "SubClasses": null, "Linetype": null, "EntityHandle": "1D1F1BD1", "Text": null }, "geometry": { "type": "LineString", "coordinates": [ [ 739.001730420736862, -648.779455499893061, 0.0 ], [ 738.984627105739264, -648.769655522337416, 0.0 ] ] } },
{ "type": "Feature", "properties": { "Layer": "023_MUROS_2", "PaperSpace": null, "SubClasses": null, "Linetype": null, "EntityHandle": "1D1F1BD2", "Text": null }, "geometry": { "type": "LineString", "coordinates": [ [ 739.001730420736862, -648.779455499893061, 0.0 ], [ 738.86845072598112, -649.012060583861739, 0.0 ] ] } },
{ "type": "Feature", "properties": { "Layer": "023_MUROS_2", "PaperSpace": null, "SubClasses": null, "Linetype": null, "EntityHandle": "1D1F1BD3", "Text": null }, "geometry": { "type": "LineString", "coordinates": [ [ 738.86845072598112, -649.012060583861739, 0.0 ], [ 738.714520891002053, -648.923860785861621, 0.0 ] ] } },
{ "type": "Feature", "properties": { "Layer": "023_MUROS_2", "PaperSpace": null, "SubClasses": null, "Linetype": null, "EntityHandle": "1D1F1BD4", "Text": null }, "geometry": { "type": "LineString", "coordinates": [ [ 738.714520891002053, -648.923860785861621, 0.0 ], [ 738.724320868557584, -648.906757470863909, 0.0 ] ] } },
{ "type": "Feature", "properties": { "Layer": "023_MUROS_2", "PaperSpace": null, "SubClasses": null, "Linetype": null, "EntityHandle": "1D1F1BD5", "Text": null }, "geometry": { "type": "LineString", "coordinates": [ [ 738.724320868557584, -648.906757470863909, 0.0 ], [ 738.861147388539052, -648.985157291308496, 0.0 ] ] } },
{ "type": "Feature", "properties": { "Layer": "023_MUROS_2", "PaperSpace": null, "SubClasses": null, "Linetype": null, "EntityHandle": "1D1F1BD6", "Text": null }, "geometry": { "type": "LineString", "coordinates": [ [ 738.974827128183847, -648.786758837335015, 0.0 ], [ 738.861147388539052, -648.985157291308496, 0.0 ] ] } },
{ "type": "Feature", "properties": { "Layer": "023_MUROS_2", "PaperSpace": null, "SubClasses": null, "Linetype": null, "EntityHandle": "1D1F1BD7", "Text": null }, "geometry": { "type": "LineString", "coordinates": [ [ 739.069886910472746, -648.620856681857617, 0.0 ], [ 739.118886798250514, -648.535340106869171, 0.0 ] ] } },
{ "type": "Feature", "properties": { "Layer": "023_MUROS_2", "PaperSpace": null, "SubClasses": null, "Linetype": null, "EntityHandle": "1D1F1BD8", "Text": null }, "geometry": { "type": "LineString", "coordinates": [ [ 739.024818565763212, -648.48144023031341, 0.0 ], [ 739.118886798250514, -648.535340106869057, 0.0 ] ] } },
{ "type": "Feature", "properties": { "Layer": "023_MUROS_2", "PaperSpace": null, "SubClasses": null, "Linetype": null, "EntityHandle": "1D1F1BD9", "Text": null }, "geometry": { "type": "LineString", "coordinates": [ [ 738.635845642012555, -648.878780889105997, 0.0 ], [ 738.645645619568086, -648.861677574108285, 0.0 ] ] } },
{ "type": "Feature", "properties": { "Layer": "023_MUROS_2", "PaperSpace": null, "SubClasses": null, "Linetype": null, "EntityHandle": "1D1F1BDA", "Text": null }, "geometry": { "type": "LineString", "coordinates": [ [ 738.635845642012555, -648.878780889105997, 0.0 ], [ 738.396399232044814, -648.741581203327996, 0.0 ] ] } },
{ "type": "Feature", "properties": { "Layer": "023_MUROS_2", "PaperSpace": null, "SubClasses": null, "Linetype": null, "EntityHandle": "1D1F1BDB", "Text": null }, "geometry": { "type": "LineString", "coordinates": [ [ 738.396399232044814, -648.741581203327996, 0.0 ], [ 738.406199209600345, -648.724477888330284, 0.0 ] ] } },
{ "type": "Feature", "properties": { "Layer": "023_MUROS_2", "PaperSpace": null, "SubClasses": null, "Linetype": null, "EntityHandle": "1D1F1BDC", "Text": null }, "geometry": { "type": "LineString", "coordinates": [ [ 738.31772398305543, -648.696501306572372, 0.0 ], [ 738.327523960610961, -648.67939799157466, 0.0 ] ] } },
{ "type": "Feature", "properties": { "Layer": "023_MUROS_2", "PaperSpace": null, "SubClasses": null, "Linetype": null, "EntityHandle": "1D1F1BDD", "Text": null }, "geometry": { "type": "LineString", "coordinates": [ [ 738.406199209600345, -648.724477888330284, 0.0 ], [ 738.443826502595471, -648.746037838952589, 0.0 ] ] } },
{ "type": "Feature", "properties": { "Layer": "023_MUROS_2", "PaperSpace": null, "SubClasses": null, "Linetype": null, "EntityHandle": "1D1F1BDE", "Text": null }, "geometry": { "type": "LineString", "coordinates": [ [ 738.460929817593069, -648.755837816508119, 0.0 ], [ 738.645645619568086, -648.861677574108285, 0.0 ] ] } },
{ "type": "Feature", "properties": { "Layer": "023_MUROS_2", "PaperSpace": null, "SubClasses": null, "Linetype": null, "EntityHandle": "1D1F1BDF", "Text": null }, "geometry": { "type": "LineString", "coordinates": [ [ 738.31772398305543, -648.696501306572372, 0.0 ], [ 738.180897463073961, -648.618101486127898, 0.0 ] ] } },
{ "type": "Feature", "properties": { "Layer": "023_MUROS_2", "PaperSpace": null, "SubClasses": null, "Linetype": null, "EntityHandle": "1D1F1BE0", "Text": null }, "geometry": { "type": "LineString", "coordinates": [ [ 738.327523960610961, -648.67939799157466, 0.0 ], [ 738.207800755627204, -648.610798148685717, 0.0 ] ] } },
{ "type": "Feature", "properties": { "Layer": "023_MUROS_2", "PaperSpace": null, "SubClasses": null, "Linetype": null, "EntityHandle": "1D1F1BE1", "Text": null }, "geometry": { "type": "LineString", "coordinates": [ [ 738.180897463073961, -648.618101486127898, 0.0 ], [ 738.458236827896485, -648.134077671693149, 0.0 ] ] } },
{ "type": "Feature", "properties": { "Layer": "023_MUROS_2", "PaperSpace": null, "SubClasses": null, "Linetype": null, "EntityHandle": "1D1F1BE2", "Text": null }, "geometry": { "type": "LineString", "coordinates": [ [ 738.207800755627204, -648.610798148685717, 0.0 ], [ 738.465540165338666, -648.160980964246392, 0.0 ] ] } },
{ "type": "Feature", "properties": { "Layer": "023_MUROS_2", "PaperSpace": null, "SubClasses": null, "Linetype": null, "EntityHandle": "1D1F1BE3", "Text": null }, "geometry": { "type": "LineString", "coordinates": [ [ 738.567306219795455, -648.530536069981622, 0.0 ], [ 738.984627105739264, -648.769655522337416, 0.0 ] ] } },
{ "type": "Feature", "properties": { "Layer": "023_MUROS_2", "PaperSpace": null, "SubClasses": null, "Linetype": null, "EntityHandle": "1D1F1BE4", "Text": null }, "geometry": { "type": "LineString", "coordinates": [ [ 738.574609557237522, -648.557439362534978, 0.0 ], [ 738.974827128183733, -648.786758837335128, 0.0 ] ] } },
{ "type": "Feature", "properties": { "Layer": "023_MUROS_2", "PaperSpace": null, "SubClasses": null, "Linetype": null, "EntityHandle": "1D1F1BE5", "Text": null }, "geometry": { "type": "LineString", "coordinates": [ [ 738.567306219795455, -648.530536069981622, 0.0 ], [ 738.512426345484414, -648.626314633968718, 0.0 ] ] } },
{ "type": "Feature", "properties": { "Layer": "023_MUROS_2", "PaperSpace": null, "SubClasses": null, "Linetype": null, "EntityHandle": "1D1F1BE6", "Text": null }, "geometry": { "type": "LineString", "coordinates": [ [ 738.453626480151001, -648.728934523954877, 0.0 ], [ 738.443826502595471, -648.746037838952475, 0.0 ] ] } },
{ "type": "Feature", "properties": { "Layer": "023_MUROS_2", "PaperSpace": null, "SubClasses": null, "Linetype": null, "EntityHandle": "1D1F1BE7", "Text": null }, "geometry": { "type": "LineString", "coordinates": [ [ 738.574609557237522, -648.557439362534978, 0.0 ], [ 738.529529660482126, -648.636114611524363, 0.0 ] ] } },
{ "type": "Feature", "properties": { "Layer": "023_MUROS_2", "PaperSpace": null, "SubClasses": null, "Linetype": null, "EntityHandle": "1D1F1BE8", "Text": null }, "geometry": { "type": "LineString", "coordinates": [ [ 738.470729795148713, -648.738734501510407, 0.0 ], [ 738.460929817593069, -648.755837816508119, 0.0 ] ] } },
{ "type": "Feature", "properties": { "Layer": "023_MUROS_2", "PaperSpace": null, "SubClasses": null, "Linetype": null, "EntityHandle": "1D1F1BE9", "Text": null }, "geometry": { "type": "LineString", "coordinates": [ [ 738.512426345484414, -648.626314633968718, 0.0 ], [ 738.529529660481899, -648.636114611524363, 0.0 ] ] } },
{ "type": "Feature", "properties": { "Layer": "023_MUROS_2", "PaperSpace": null, "SubClasses": null, "Linetype": null, "EntityHandle": "1D1F1BEB", "Text": null }, "geometry": { "type": "LineString", "coordinates": [ [ 739.257509834937309, -648.333058978453323, 0.0 ], [ 739.165151933949687, -648.280139099653297, 0.0 ] ] } },
{ "type": "Feature", "properties": { "Layer": "023_MUROS_2", "PaperSpace": null, "SubClasses": null, "Linetype": null, "EntityHandle": "1D1F1BEC", "Text": null }, "geometry": { "type": "LineString", "coordinates": [ [ 738.994118783972681, -648.182139324097761, 0.0 ], [ 738.833347622994324, -648.090019535075385, 0.0 ] ] } },
{ "type": "Feature", "properties": { "Layer": "023_MUROS_2", "PaperSpace": null, "SubClasses": null, "Linetype": null, "EntityHandle": "1D1F1BED", "Text": null }, "geometry": { "type": "LineString", "coordinates": [ [ 738.662314473017318, -647.992019759519735, 0.0 ], [ 738.569956572029923, -647.939099880719709, 0.0 ] ] } },
{ "type": "Feature", "properties": { "Layer": "023_MUROS_2", "PaperSpace": null, "SubClasses": null, "Linetype": null, "EntityHandle": "1D1F1BEE", "Text": null }, "geometry": { "type": "LineString", "coordinates": [ [ 739.26730981249284, -648.315955663455611, 0.0 ], [ 739.174951911505218, -648.263035784655585, 0.0 ] ] } },
{ "type": "Feature", "properties": { "Layer": "023_MUROS_2", "PaperSpace": null, "SubClasses": null, "Linetype": null, "EntityHandle": "1D1F1BEF", "Text": null }, "geometry": { "type": "LineString", "coordinates": [ [ 739.003918761528212, -648.165036009100049, 0.0 ], [ 738.843147600549855, -648.072916220077786, 0.0 ] ] } },
{ "type": "Feature", "properties": { "Layer": "023_MUROS_2", "PaperSpace": null, "SubClasses": null, "Linetype": null, "EntityHandle": "1D1F1BF0", "Text": null }, "geometry": { "type": "LineString", "coordinates": [ [ 738.672114450573076, -647.974916444522023, 0.0 ], [ 738.579756549585454, -647.921996565721997, 0.0 ] ] } },
{ "type": "Feature", "properties": { "Layer": "023_MUROS_2", "PaperSpace": null, "SubClasses": null, "Linetype": null, "EntityHandle": "1D1F1BF1", "Text": null }, "geometry": { "type": "LineString", "coordinates": [ [ 738.569956572029923, -647.939099880719709, 0.0 ], [ 738.579756549585454, -647.921996565721997, 0.0 ] ] } },
{ "type": "Feature", "properties": { "Layer": "023_MUROS_2", "PaperSpace": null, "SubClasses": null, "Linetype": null, "EntityHandle": "1D1F1BF2", "Text": null }, "geometry": { "type": "LineString", "coordinates": [ [ 738.662314473017318, -647.992019759519735, 0.0 ], [ 738.672114450573076, -647.974916444522023, 0.0 ] ] } },
{ "type": "Feature", "properties": { "Layer": "023_MUROS_2", "PaperSpace": null, "SubClasses": null, "Linetype": null, "EntityHandle": "1D1F1BF3", "Text": null }, "geometry": { "type": "LineString", "coordinates": [ [ 738.833347622994324, -648.090019535075385, 0.0 ], [ 738.843147600549855, -648.072916220077673, 0.0 ] ] } },
{ "type": "Feature", "properties": { "Layer": "023_MUROS_2", "PaperSpace": null, "SubClasses": null, "Linetype": null, "EntityHandle": "1D1F1BF4", "Text": null }, "geometry": { "type": "LineString", "coordinates": [ [ 739.257509834937309, -648.333058978453323, 0.0 ], [ 739.26730981249284, -648.315955663455611, 0.0 ] ] } },
{ "type": "Feature", "properties": { "Layer": "023_MUROS_2", "PaperSpace": null, "SubClasses": null, "Linetype": null, "EntityHandle": "1D1F1BF5", "Text": null }, "geometry": { "type": "LineString", "coordinates": [ [ 739.165151933949687, -648.280139099653184, 0.0 ], [ 739.174951911505218, -648.263035784655472, 0.0 ] ] } },
{ "type": "Feature", "properties": { "Layer": "023_MUROS_2", "PaperSpace": null, "SubClasses": null, "Linetype": null, "EntityHandle": "1D1F1BF6", "Text": null }, "geometry": { "type": "LineString", "coordinates": [ [ 738.994118783972681, -648.182139324097648, 0.0 ], [ 739.003918761528439, -648.165036009099936, 0.0 ] ] } }
]
}
