{"type":"FeatureCollection","name":"plano-equipos","metadata":{"source_pdf":"AQUA014-HID-PL-015_C1.pdf","render_size_px":[6272,3600],"coord_system":"render-px (pixels of plano-base.png)","extracted_at":"2026-05-28T10:52:45Z","n_features":5800,"n_segments":10480},"features":[{"type":"Feature","properties":{"id":"p:equipos:0","n":4,"sc":"#808080"},"geometry":{"type":"LineString","coordinates":[[1939.4,1633.8],[1939.3,1633.7],[1939.1,1633.6],[1939.0,1633.5],[1938.8,1633.4]]}},{"type":"Feature","properties":{"id":"p:equipos:1","n":2,"sc":"#808080"},"geometry":{"type":"LineString","coordinates":[[1930.1,1629.0],[1932,1629.4],[1933.9,1630.4]]}},{"type":"Feature","properties":{"id":"p:equipos:2","n":1,"sc":"#808080"},"geometry":{"type":"LineString","coordinates":[[1911.4,1631.8],[1912.3,1630.9]]}},{"type":"Feature","properties":{"id":"p:equipos:3","n":2,"sc":"#808080"},"geometry":{"type":"LineString","coordinates":[[1915.2,1640],[1913.3,1639.5],[1911.8,1638.1]]}},{"type":"Feature","properties":{"id":"p:equipos:4","n":1,"sc":"#808080"},"geometry":{"type":"LineString","coordinates":[[1919.0,1640],[1915.2,1640]]}},{"type":"Feature","properties":{"id":"p:equipos:5","n":1,"sc":"#808080"},"geometry":{"type":"LineString","coordinates":[[1928.2,1633.8],[1928.2,1633.8]]}},{"type":"Feature","properties":{"id":"p:equipos:6","n":1,"sc":"#808080"},"geometry":{"type":"LineString","coordinates":[[1927.2,1629.0],[1930.1,1629.0]]}},{"type":"Feature","properties":{"id":"p:equipos:7","n":1,"sc":"#808080"},"geometry":{"type":"LineString","coordinates":[[1916.2,1629.0],[1919.0,1629.0]]}},{"type":"Feature","properties":{"id":"p:equipos:8","n":1,"sc":"#808080"},"geometry":{"type":"LineString","coordinates":[[1927.2,1640],[1919.0,1640]]}},{"type":"Feature","properties":{"id":"p:equipos:9","n":1,"sc":"#808080"},"geometry":{"type":"LineString","coordinates":[[1931.0,1640],[1927.2,1640]]}},{"type":"Feature","properties":{"id":"p:equipos:10","n":2,"sc":"#808080"},"geometry":{"type":"LineString","coordinates":[[1912.3,1630.9],[1914.2,1629.4],[1916.2,1629.0]]}},{"type":"Feature","properties":{"id":"p:equipos:11","n":1,"sc":"#808080"},"geometry":{"type":"LineString","coordinates":[[1933.9,1630.4],[1934.9,1631.8]]}},{"type":"Feature","properties":{"id":"p:equipos:12","n":2,"sc":"#808080"},"geometry":{"type":"LineString","coordinates":[[1934.4,1638.1],[1933.0,1639.5],[1931.0,1640]]}},{"type":"Feature","properties":{"id":"p:equipos:13","n":1,"sc":"#808080"},"geometry":{"type":"LineString","coordinates":[[1935.4,1629.9],[1935.8,1629.9]]}},{"type":"Feature","properties":{"id":"p:equipos:14","n":2,"sc":"#808080"},"geometry":{"type":"LineString","coordinates":[[1929.6,1627.0],[1931.5,1627.0],[1933.0,1628]]}},{"type":"Feature","properties":{"id":"p:equipos:15","n":1,"sc":"#808080"},"geometry":{"type":"LineString","coordinates":[[1933.0,1628],[1933.4,1628.5]]}},{"type":"Feature","properties":{"id":"p:equipos:16","n":1,"sc":"#808080"},"geometry":{"type":"LineString","coordinates":[[1932.5,1628],[1932.5,1628]]}},{"type":"Feature","properties":{"id":"p:equipos:17","n":1,"sc":"#808080"},"geometry":{"type":"LineString","coordinates":[[1932.5,1627.5],[1932.5,1627.5]]}},{"type":"Feature","properties":{"id":"p:equipos:18","n":1,"sc":"#808080"},"geometry":{"type":"LineString","coordinates":[[1931.0,1628.5],[1931.0,1628.5]]}},{"type":"Feature","properties":{"id":"p:equipos:19","n":1,"sc":"#808080"},"geometry":{"type":"LineString","coordinates":[[1933.9,1628.5],[1934.4,1629.0]]}},{"type":"Feature","properties":{"id":"p:equipos:20","n":1,"sc":"#808080"},"geometry":{"type":"LineString","coordinates":[[1935.4,1629.4],[1935.4,1629.9]]}},{"type":"Feature","properties":{"id":"p:equipos:21","n":1,"sc":"#808080"},"geometry":{"type":"LineString","coordinates":[[1935.4,1629.9],[1935.4,1629.9]]}},{"type":"Feature","properties":{"id":"p:equipos:22","n":1,"sc":"#808080"},"geometry":{"type":"LineString","coordinates":[[1933.0,1629.9],[1933.0,1629.9]]}},{"type":"Feature","properties":{"id":"p:equipos:23","n":1,"sc":"#808080"},"geometry":{"type":"LineString","coordinates":[[1930.6,1627.0],[1933.4,1628.5]]}},{"type":"Feature","properties":{"id":"p:equipos:24","n":1,"sc":"#808080"},"geometry":{"type":"LineString","coordinates":[[1932,1629.4],[1930.1,1628]]}},{"type":"Feature","properties":{"id":"p:equipos:25","n":4,"sc":"#808080"},"geometry":{"type":"LineString","coordinates":[[1927.4,1632.8],[1927.4,1632.8],[1927.4,1632.8],[1927.4,1632.8],[1927.4,1632.8]]}},{"type":"Feature","properties":{"id":"p:equipos:26","n":4,"sc":"#808080"},"geometry":{"type":"LineString","coordinates":[[1937.0,1630.1],[1936.6,1629.9],[1936.1,1629.8],[1935.5,1629.9],[1934.9,1630.1]]}},{"type":"Feature","properties":{"id":"p:equipos:27","n":1,"sc":"#808080"},"geometry":{"type":"LineString","coordinates":[[1935.4,1629.9],[1935.4,1629.9]]}},{"type":"Feature","properties":{"id":"p:equipos:28","n":1,"sc":"#808080"},"geometry":{"type":"LineString","coordinates":[[1911.8,1631.4],[1911.8,1631.4]]}},{"type":"Feature","properties":{"id":"p:equipos:29","n":1,"sc":"#808080"},"geometry":{"type":"LineString","coordinates":[[1911.4,1631.4],[1911.8,1631.4]]}},{"type":"Feature","properties":{"id":"p:equipos:30","n":4,"sc":"#808080"},"geometry":{"type":"LineString","coordinates":[[1932.7,1627.7],[1932.7,1627.6],[1932.6,1627.6],[1932.6,1627.6],[1932.6,1627.6]]}},{"type":"Feature","properties":{"id":"p:equipos:31","n":2,"sc":"#808080"},"geometry":{"type":"LineString","coordinates":[[1915.7,1629.0],[1917.1,1628.5],[1918.6,1629.0]]}},{"type":"Feature","properties":{"id":"p:equipos:32","n":1,"sc":"#808080"},"geometry":{"type":"LineString","coordinates":[[1911.4,1631.4],[1912.3,1630.9]]}},{"type":"Feature","properties":{"id":"p:equipos:33","n":1,"sc":"#808080"},"geometry":{"type":"LineString","coordinates":[[1929.6,1627.5],[1929.6,1627.5]]}},{"type":"Feature","properties":{"id":"p:equipos:34","n":1,"sc":"#808080"},"geometry":{"type":"LineString","coordinates":[[1916.6,1629.0],[1917.1,1629.0]]}},{"type":"Feature","properties":{"id":"p:equipos:35","n":1,"sc":"#808080"},"geometry":{"type":"LineString","coordinates":[[1918.6,1630.9],[1918.6,1630.9]]}},{"type":"Feature","properties":{"id":"p:equipos:36","n":1,"sc":"#808080"},"geometry":{"type":"LineString","coordinates":[[1912.3,1630.9],[1912.3,1630.9]]}},{"type":"Feature","properties":{"id":"p:equipos:37","n":1,"sc":"#808080"},"geometry":{"type":"LineString","coordinates":[[1911.4,1631.8],[1911.4,1632.3]]}},{"type":"Feature","properties":{"id":"p:equipos:38","n":1,"sc":"#808080"},"geometry":{"type":"LineString","coordinates":[[1927.7,1630.9],[1927.7,1630.9]]}},{"type":"Feature","properties":{"id":"p:equipos:39","n":1,"sc":"#808080"},"geometry":{"type":"LineString","coordinates":[[1930.6,1628],[1930.6,1628]]}},{"type":"Feature","properties":{"id":"p:equipos:40","n":1,"sc":"#808080"},"geometry":{"type":"LineString","coordinates":[[1928.6,1629.9],[1928.6,1629.9]]}},{"type":"Feature","properties":{"id":"p:equipos:41","n":1,"sc":"#808080"},"geometry":{"type":"LineString","coordinates":[[1903.7,1632.3],[1903.7,1632.3]]}},{"type":"Feature","properties":{"id":"p:equipos:42","n":1,"sc":"#808080"},"geometry":{"type":"LineString","coordinates":[[1910.9,1631.4],[1903.7,1632.3]]}},{"type":"Feature","properties":{"id":"p:equipos:43","n":4,"sc":"#808080"},"geometry":{"type":"LineString","coordinates":[[1931.5,1628.7],[1931.1,1628.6],[1930.6,1628.5],[1930.2,1628.5],[1929.7,1628.5]]}},{"type":"Feature","properties":{"id":"p:equipos:44","n":4,"sc":"#808080"},"geometry":{"type":"LineString","coordinates":[[1903.7,1636.2],[1902.7,1635.7],[1902.2,1634.2],[1902.7,1632.8],[1903.7,1632.3]]}},{"type":"Feature","properties":{"id":"p:equipos:45","n":1,"sc":"#808080"},"geometry":{"type":"LineString","coordinates":[[1907.5,1637.1],[1911.8,1638.1]]}},{"type":"Feature","properties":{"id":"p:equipos:46","n":1,"sc":"#808080"},"geometry":{"type":"LineString","coordinates":[[1911.4,1632.3],[1911.8,1633.3]]}},{"type":"Feature","properties":{"id":"p:equipos:47","n":1,"sc":"#808080"},"geometry":{"type":"LineString","coordinates":[[1908,1632.3],[1911.4,1631.8]]}},{"type":"Feature","properties":{"id":"p:equipos:48","n":1,"sc":"#808080"},"geometry":{"type":"LineString","coordinates":[[1903.7,1636.2],[1907.5,1637.1]]}},{"type":"Feature","properties":{"id":"p:equipos:49","n":8,"sc":"#808080"},"geometry":{"type":"LineString","coordinates":[[1903.2,1631.9],[1902.4,1632.1],[1901.8,1632.6],[1901.4,1633.3],[1901.3,1634.1],[1901.5,1634.8],[1901.9,1635.5],[1902.5,1636.0],[1903.3,1636.2]]}},{"type":"Feature","properties":{"id":"p:equipos:50","n":1,"sc":"#808080"},"geometry":{"type":"LineString","coordinates":[[1911.8,1633.3],[1912.3,1636.2]]}},{"type":"Feature","properties":{"id":"p:equipos:51","n":1,"sc":"#808080"},"geometry":{"type":"LineString","coordinates":[[1903.7,1632.3],[1908,1632.3]]}},{"type":"Feature","properties":{"id":"p:equipos:52","n":2,"sc":"#808080"},"geometry":{"type":"LineString","coordinates":[[1912.3,1636.2],[1911.8,1637.6],[1911.8,1638.1]]}},{"type":"Feature","properties":{"id":"p:equipos:53","n":1,"sc":"#808080"},"geometry":{"type":"LineString","coordinates":[[1933.9,1630.4],[1933.9,1630.4]]}},{"type":"Feature","properties":{"id":"p:equipos:54","n":4,"sc":"#808080"},"geometry":{"type":"LineString","coordinates":[[1911.3,1638.0],[1911.4,1638.0],[1911.4,1638.0],[1911.5,1638.0],[1911.5,1638.0]]}},{"type":"Feature","properties":{"id":"p:equipos:55","n":8,"sc":"#808080"},"geometry":{"type":"LineString","coordinates":[[1938.3,1637.6],[1938.9,1637.4],[1939.3,1637.1],[1939.7,1636.7],[1940.0,1636.2],[1940.1,1635.7],[1940.1,1635.1],[1940.0,1634.6],[1939.7,1634.1]]}},{"type":"Feature","properties":{"id":"p:equipos:56","n":2,"sc":"#808080"},"geometry":{"type":"LineString","coordinates":[[1933.4,1636.2],[1933.4,1634.7],[1933.9,1633.3]]}},{"type":"Feature","properties":{"id":"p:equipos:57","n":2,"sc":"#808080"},"geometry":{"type":"LineString","coordinates":[[1933.9,1633.3],[1934.4,1632.3],[1934.9,1631.8]]}},{"type":"Feature","properties":{"id":"p:equipos:58","n":2,"sc":"#808080"},"geometry":{"type":"LineString","coordinates":[[1934.4,1638.1],[1933.9,1637.6],[1933.4,1636.2]]}},{"type":"Feature","properties":{"id":"p:equipos:59","n":1,"sc":"#808080"},"geometry":{"type":"LineString","coordinates":[[1936.8,1630.4],[1939.7,1634.2]]}},{"type":"Feature","properties":{"id":"p:equipos:60","n":4,"sc":"#808080"},"geometry":{"type":"LineString","coordinates":[[1934.9,1632.1],[1934.8,1632.1],[1934.8,1632.0],[1934.7,1632.0],[1934.6,1632.0]]}},{"type":"Feature","properties":{"id":"p:equipos:61","n":1,"sc":"#808080"},"geometry":{"type":"LineString","coordinates":[[1934.4,1638.1],[1934.4,1638.1]]}},{"type":"Feature","properties":{"id":"p:equipos:62","n":1,"sc":"#808080"},"geometry":{"type":"LineString","coordinates":[[1936.8,1632.8],[1934.9,1631.8]]}},{"type":"Feature","properties":{"id":"p:equipos:63","n":2,"sc":"#808080"},"geometry":{"type":"LineString","coordinates":[[1930.1,1621.3],[1928.6,1621.3],[1928.2,1622.2]]}},{"type":"Feature","properties":{"id":"p:equipos:64","n":1,"sc":"#808080"},"geometry":{"type":"LineString","coordinates":[[1928.2,1629.9],[1928.2,1629.9]]}},{"type":"Feature","properties":{"id":"p:equipos:65","n":1,"sc":"#808080"},"geometry":{"type":"LineString","coordinates":[[1936.3,1637.6],[1934.4,1638.1]]}},{"type":"Feature","properties":{"id":"p:equipos:66","n":1,"sc":"#808080"},"geometry":{"type":"LineString","coordinates":[[1938.7,1633.8],[1936.8,1632.8]]}},{"type":"Feature","properties":{"id":"p:equipos:67","n":4,"sc":"#808080"},"geometry":{"type":"LineString","coordinates":[[1936.5,1630.2],[1936.2,1629.9],[1935.9,1629.6],[1935.6,1629.5],[1935.2,1629.4]]}},{"type":"Feature","properties":{"id":"p:equipos:68","n":3,"sc":"#808080"},"geometry":{"type":"LineString","coordinates":[[1927.7,1627.0],[1927.2,1628],[1927.7,1629.0],[1928.2,1629.0]]}},{"type":"Feature","properties":{"id":"p:equipos:69","n":1,"sc":"#808080"},"geometry":{"type":"LineString","coordinates":[[1933.9,1629.9],[1933.9,1629.9]]}},{"type":"Feature","properties":{"id":"p:equipos:70","n":4,"sc":"#808080"},"geometry":{"type":"LineString","coordinates":[[1918.6,1628.9],[1918.6,1629.1],[1918.6,1629.3],[1918.6,1629.5],[1918.6,1629.7]]}},{"type":"Feature","properties":{"id":"p:equipos:71","n":8,"sc":"#808080"},"geometry":{"type":"LineString","coordinates":[[1918.5,1632.1],[1917.9,1633.3],[1917.6,1634.7],[1917.7,1636.0],[1918.2,1637.3],[1919.0,1638.4],[1920.1,1639.3],[1921.3,1639.8],[1922.7,1640]]}},{"type":"Feature","properties":{"id":"p:equipos:72","n":2,"sc":"#808080"},"geometry":{"type":"LineString","coordinates":[[1932,1622.7],[1931.5,1621.8],[1930.6,1621.3]]}},{"type":"Feature","properties":{"id":"p:equipos:73","n":1,"sc":"#808080"},"geometry":{"type":"LineString","coordinates":[[1932.5,1627.5],[1932,1625.6]]}},{"type":"Feature","properties":{"id":"p:equipos:74","n":1,"sc":"#808080"},"geometry":{"type":"LineString","coordinates":[[1932.5,1627.5],[1932,1627.0]]}},{"type":"Feature","properties":{"id":"p:equipos:75","n":1,"sc":"#808080"},"geometry":{"type":"LineString","coordinates":[[1932.5,1627.5],[1932.5,1627.5]]}},{"type":"Feature","properties":{"id":"p:equipos:76","n":1,"sc":"#808080"},"geometry":{"type":"LineString","coordinates":[[1930.6,1635.7],[1930.6,1635.7]]}},{"type":"Feature","properties":{"id":"p:equipos:77","n":1,"sc":"#808080"},"geometry":{"type":"LineString","coordinates":[[1929.6,1635.7],[1929.6,1635.7]]}},{"type":"Feature","properties":{"id":"p:equipos:78","n":2,"sc":"#808080"},"geometry":{"type":"LineString","coordinates":[[1913.8,1624.2],[1914.7,1623.7],[1915.7,1623.7]]}},{"type":"Feature","properties":{"id":"p:equipos:79","n":1,"sc":"#808080"},"geometry":{"type":"LineString","coordinates":[[1919.5,1627.0],[1920,1627.5]]}},{"type":"Feature","properties":{"id":"p:equipos:80","n":2,"sc":"#808080"},"geometry":{"type":"LineString","coordinates":[[1912.8,1626.6],[1912.8,1625.1],[1913.3,1624.2]]}},{"type":"Feature","properties":{"id":"p:equipos:81","n":1,"sc":"#808080"},"geometry":{"type":"LineString","coordinates":[[1915.2,1629.4],[1914.7,1629.0]]}},{"type":"Feature","properties":{"id":"p:equipos:82","n":1,"sc":"#808080"},"geometry":{"type":"LineString","coordinates":[[1932.5,1628],[1932.5,1627.5]]}},{"type":"Feature","properties":{"id":"p:equipos:83","n":1,"sc":"#808080"},"geometry":{"type":"LineString","coordinates":[[1932.5,1627.5],[1932,1628]]}},{"type":"Feature","properties":{"id":"p:equipos:84","n":4,"sc":"#808080"},"geometry":{"type":"LineString","coordinates":[[1935.1,1629.2],[1935.1,1629.1],[1935.1,1629.1],[1935.1,1629.1],[1935.1,1629.1]]}},{"type":"Feature","properties":{"id":"p:equipos:85","n":1,"sc":"#808080"},"geometry":{"type":"LineString","coordinates":[[1938.2,1637.6],[1936.3,1637.6]]}},{"type":"Feature","properties":{"id":"p:equipos:86","n":1,"sc":"#808080"},"geometry":{"type":"LineString","coordinates":[[1932.5,1628],[1933.0,1628]]}},{"type":"Feature","properties":{"id":"p:equipos:87","n":3,"sc":"#808080"},"geometry":{"type":"LineString","coordinates":[[1930.1,1627.5],[1929.6,1627.5],[1929.6,1627.0],[1930.1,1627.0]]}},{"type":"Feature","properties":{"id":"p:equipos:88","n":2,"sc":"#808080"},"geometry":{"type":"LineString","coordinates":[[1931.0,1628.5],[1930.6,1628.5],[1930.6,1628]]}},{"type":"Feature","properties":{"id":"p:equipos:89","n":1,"sc":"#808080"},"geometry":{"type":"LineString","coordinates":[[1929.6,1627.0],[1929.6,1627.0]]}},{"type":"Feature","properties":{"id":"p:equipos:90","n":1,"sc":"#808080"},"geometry":{"type":"LineString","coordinates":[[1929.6,1627.5],[1930.1,1627.5]]}},{"type":"Feature","properties":{"id":"p:equipos:91","n":1,"sc":"#808080"},"geometry":{"type":"LineString","coordinates":[[1931.5,1629.4],[1931.5,1629.0]]}},{"type":"Feature","properties":{"id":"p:equipos:92","n":1,"sc":"#808080"},"geometry":{"type":"LineString","coordinates":[[1933.0,1628],[1933.0,1628]]}},{"type":"Feature","properties":{"id":"p:equipos:93","n":1,"sc":"#808080"},"geometry":{"type":"LineString","coordinates":[[1932,1627.5],[1932.5,1628]]}},{"type":"Feature","properties":{"id":"p:equipos:94","n":4,"sc":"#808080"},"geometry":{"type":"LineString","coordinates":[[1933.4,1629.9],[1933.4,1629.9],[1933.4,1629.9],[1933.4,1629.9],[1933.4,1629.9]]}},{"type":"Feature","properties":{"id":"p:equipos:95","n":1,"sc":"#808080"},"geometry":{"type":"LineString","coordinates":[[1930.6,1628],[1931.0,1628.5]]}},{"type":"Feature","properties":{"id":"p:equipos:96","n":1,"sc":"#808080"},"geometry":{"type":"LineString","coordinates":[[1935.4,1629.4],[1935.4,1629.4]]}},{"type":"Feature","properties":{"id":"p:equipos:97","n":1,"sc":"#808080"},"geometry":{"type":"LineString","coordinates":[[1934.4,1629.4],[1934.4,1629.4]]}},{"type":"Feature","properties":{"id":"p:equipos:98","n":8,"sc":"#808080"},"geometry":{"type":"LineString","coordinates":[[1930.7,1626.6],[1930.4,1626.6],[1930.1,1626.6],[1929.9,1626.7],[1929.7,1626.9],[1929.6,1627.2],[1929.6,1627.4],[1929.7,1627.7],[1929.9,1627.9]]}},{"type":"Feature","properties":{"id":"p:equipos:99","n":1,"sc":"#808080"},"geometry":{"type":"LineString","coordinates":[[1933.4,1630.4],[1933.4,1629.4]]}},{"type":"Feature","properties":{"id":"p:equipos:100","n":1,"sc":"#808080"},"geometry":{"type":"LineString","coordinates":[[1933.0,1630.4],[1933.0,1630.4]]}},{"type":"Feature","properties":{"id":"p:equipos:101","n":1,"sc":"#808080"},"geometry":{"type":"LineString","coordinates":[[1933.0,1630.4],[1933.0,1630.4]]}},{"type":"Feature","properties":{"id":"p:equipos:102","n":1,"sc":"#808080"},"geometry":{"type":"LineString","coordinates":[[1933.4,1629.4],[1933.0,1630.4]]}},{"type":"Feature","properties":{"id":"p:equipos:103","n":4,"sc":"#808080"},"geometry":{"type":"LineString","coordinates":[[1911.3,1630.9],[1911.2,1630.9],[1911.1,1630.9],[1911.0,1630.9],[1910.9,1630.9]]}},{"type":"Feature","properties":{"id":"p:equipos:104","n":1,"sc":"#808080"},"geometry":{"type":"LineString","coordinates":[[1918.1,1629.0],[1918.6,1629.0]]}},{"type":"Feature","properties":{"id":"p:equipos:105","n":2,"sc":"#808080"},"geometry":{"type":"LineString","coordinates":[[1930.6,1627.0],[1930.1,1627.0],[1930.1,1627.5]]}},{"type":"Feature","properties":{"id":"p:equipos:106","n":2,"sc":"#808080"},"geometry":{"type":"LineString","coordinates":[[1933.4,1629.4],[1933.4,1629.0],[1933.4,1628.5]]}},{"type":"Feature","properties":{"id":"p:equipos:107","n":2,"sc":"#808080"},"geometry":{"type":"LineString","coordinates":[[1933.9,1630.4],[1934.4,1629.9],[1935.4,1629.9]]}},{"type":"Feature","properties":{"id":"p:equipos:108","n":1,"sc":"#808080"},"geometry":{"type":"LineString","coordinates":[[1933.9,1630.4],[1933.9,1630.4]]}},{"type":"Feature","properties":{"id":"p:equipos:109","n":1,"sc":"#808080"},"geometry":{"type":"LineString","coordinates":[[1918.1,1629.9],[1918.1,1629.9]]}},{"type":"Feature","properties":{"id":"p:equipos:110","n":1,"sc":"#808080"},"geometry":{"type":"LineString","coordinates":[[1934.9,1630.4],[1935.8,1629.9]]}},{"type":"Feature","properties":{"id":"p:equipos:111","n":4,"sc":"#808080"},"geometry":{"type":"LineString","coordinates":[[1917.9,1628.7],[1917.7,1628.6],[1917.5,1628.5],[1917.3,1628.5],[1917.1,1628.5]]}},{"type":"Feature","properties":{"id":"p:equipos:112","n":1,"sc":"#808080"},"geometry":{"type":"LineString","coordinates":[[1933.0,1628],[1935.4,1629.4]]}},{"type":"Feature","properties":{"id":"p:equipos:113","n":8,"sc":"#808080"},"geometry":{"type":"LineString","coordinates":[[1922.7,1640],[1924.0,1639.8],[1925.3,1639.3],[1926.3,1638.4],[1927.1,1637.3],[1927.6,1636.0],[1927.7,1634.6],[1927.4,1633.3],[1926.8,1632.1]]}},{"type":"Feature","properties":{"id":"p:equipos:114","n":1,"sc":"#808080"},"geometry":{"type":"LineString","coordinates":[[1934.9,1630.4],[1934.4,1631.4]]}},{"type":"Feature","properties":{"id":"p:equipos:115","n":4,"sc":"#808080"},"geometry":{"type":"LineString","coordinates":[[1927.5,1621.9],[1927.4,1622.1],[1927.3,1622.3],[1927.2,1622.6],[1927.2,1622.8]]}},{"type":"Feature","properties":{"id":"p:equipos:116","n":1,"sc":"#808080"},"geometry":{"type":"LineString","coordinates":[[1922.9,1626.1],[1922.9,1626.1]]}},{"type":"Feature","properties":{"id":"p:equipos:117","n":1,"sc":"#808080"},"geometry":{"type":"LineString","coordinates":[[1927.7,1623.2],[1927.7,1625.1]]}},{"type":"Feature","properties":{"id":"p:equipos:118","n":1,"sc":"#808080"},"geometry":{"type":"LineString","coordinates":[[1927.7,1625.1],[1927.7,1627.0]]}},{"type":"Feature","properties":{"id":"p:equipos:119","n":1,"sc":"#808080"},"geometry":{"type":"LineString","coordinates":[[1930.6,1621.3],[1930.1,1621.3]]}},{"type":"Feature","properties":{"id":"p:equipos:120","n":4,"sc":"#808080"},"geometry":{"type":"LineString","coordinates":[[1932.0,1622.9],[1932.0,1622.7],[1932.0,1622.6],[1931.9,1622.4],[1931.9,1622.3]]}},{"type":"Feature","properties":{"id":"p:equipos:121","n":1,"sc":"#808080"},"geometry":{"type":"LineString","coordinates":[[1932,1625.6],[1932,1623.2]]}},{"type":"Feature","properties":{"id":"p:equipos:122","n":1,"sc":"#808080"},"geometry":{"type":"LineString","coordinates":[[1930.6,1636.2],[1930.6,1636.2]]}},{"type":"Feature","properties":{"id":"p:equipos:123","n":1,"sc":"#808080"},"geometry":{"type":"LineString","coordinates":[[1911.8,1631.8],[1911.4,1631.4]]}},{"type":"Feature","properties":{"id":"p:equipos:124","n":1,"sc":"#808080"},"geometry":{"type":"LineString","coordinates":[[1911.8,1631.4],[1911.8,1631.4]]}},{"type":"Feature","properties":{"id":"p:equipos:125","n":1,"sc":"#808080"},"geometry":{"type":"LineString","coordinates":[[1928.6,1636.2],[1928.6,1636.2]]}},{"type":"Feature","properties":{"id":"p:equipos:126","n":1,"sc":"#808080"},"geometry":{"type":"LineString","coordinates":[[1932.5,1627.5],[1932.5,1627.5]]}},{"type":"Feature","properties":{"id":"p:equipos:127","n":1,"sc":"#808080"},"geometry":{"type":"LineString","coordinates":[[1916.6,1624.2],[1918.1,1625.6]]}},{"type":"Feature","properties":{"id":"p:equipos:128","n":1,"sc":"#808080"},"geometry":{"type":"LineString","coordinates":[[1918.1,1625.6],[1919.5,1627.0]]}},{"type":"Feature","properties":{"id":"p:equipos:129","n":1,"sc":"#808080"},"geometry":{"type":"LineString","coordinates":[[1913.3,1624.2],[1913.8,1624.2]]}},{"type":"Feature","properties":{"id":"p:equipos:130","n":1,"sc":"#808080"},"geometry":{"type":"LineString","coordinates":[[1914.7,1629.0],[1913.3,1627.0]]}},{"type":"Feature","properties":{"id":"p:equipos:131","n":4,"sc":"#808080"},"geometry":{"type":"LineString","coordinates":[[1916.5,1623.9],[1916.3,1623.7],[1916.2,1623.6],[1916.0,1623.5],[1915.8,1623.4]]}},{"type":"Feature","properties":{"id":"p:equipos:132","n":1,"sc":"#808080"},"geometry":{"type":"LineString","coordinates":[[1918.6,1629.0],[1918.6,1629.0]]}},{"type":"Feature","properties":{"id":"p:equipos:133","n":4,"sc":"#808080"},"geometry":{"type":"LineString","coordinates":[[1912.5,1626.1],[1912.5,1626.3],[1912.6,1626.4],[1912.7,1626.5],[1912.8,1626.7]]}},{"type":"Feature","properties":{"id":"p:equipos:134","n":1,"sc":"#808080"},"geometry":{"type":"LineString","coordinates":[[1918.6,1632.8],[1918.6,1632.8]]}},{"type":"Feature","properties":{"id":"p:equipos:135","n":1,"sc":"#808080"},"geometry":{"type":"LineString","coordinates":[[1935.4,1629.9],[1935.4,1629.9]]}},{"type":"Feature","properties":{"id":"p:equipos:136","n":1,"sc":"#808080"},"geometry":{"type":"LineString","coordinates":[[1935.4,1629.4],[1932.5,1628]]}},{"type":"Feature","properties":{"id":"p:equipos:137","n":1,"sc":"#808080"},"geometry":{"type":"LineString","coordinates":[[1917.6,1629.9],[1917.6,1629.9]]}},{"type":"Feature","properties":{"id":"p:equipos:138","n":1,"sc":"#808080"},"geometry":{"type":"LineString","coordinates":[[1917.1,1629.0],[1917.6,1629.0]]}},{"type":"Feature","properties":{"id":"p:equipos:139","n":2,"sc":"#808080"},"geometry":{"type":"LineString","coordinates":[[1919.0,1629.0],[1920.5,1627.0],[1922.9,1626.1]]}},{"type":"Feature","properties":{"id":"p:equipos:140","n":4,"sc":"#808080"},"geometry":{"type":"LineString","coordinates":[[1927.2,1629.9],[1926.7,1628.5],[1925.8,1627.0],[1924.8,1626.1],[1922.9,1626.1]]}},{"type":"Feature","properties":{"id":"p:equipos:141","n":4,"sc":"#808080"},"geometry":{"type":"LineString","coordinates":[[1922.9,1626.1],[1921.4,1626.1],[1920.5,1627.0],[1919.5,1628.5],[1919.0,1629.9]]}},{"type":"Feature","properties":{"id":"p:equipos:142","n":4,"sc":"#808080"},"geometry":{"type":"LineString","coordinates":[[1927.2,1632.3],[1925.3,1630.9],[1922.9,1630.4],[1921.0,1630.9],[1919.0,1632.3]]}},{"type":"Feature","properties":{"id":"p:equipos:143","n":1,"sc":"#808080"},"geometry":{"type":"LineString","coordinates":[[1927.2,1629.9],[1927.2,1632.3]]}},{"type":"Feature","properties":{"id":"p:equipos:144","n":1,"sc":"#808080"},"geometry":{"type":"LineString","coordinates":[[1919.0,1629.9],[1919.0,1632.3]]}},{"type":"Feature","properties":{"id":"p:equipos:145","n":4,"sc":"#808080"},"geometry":{"type":"LineString","coordinates":[[1897.6,1633.8],[1897.5,1633.7],[1897.4,1633.6],[1897.2,1633.5],[1897.1,1633.4]]}},{"type":"Feature","properties":{"id":"p:equipos:146","n":2,"sc":"#808080"},"geometry":{"type":"LineString","coordinates":[[1888.3,1629.4],[1890.7,1629.9],[1892.2,1630.9]]}},{"type":"Feature","properties":{"id":"p:equipos:147","n":1,"sc":"#808080"},"geometry":{"type":"LineString","coordinates":[[1870.1,1632.3],[1871.0,1630.9]]}},{"type":"Feature","properties":{"id":"p:equipos:148","n":2,"sc":"#808080"},"geometry":{"type":"LineString","coordinates":[[1873.9,1640.5],[1872,1640],[1870.1,1638.6]]}},{"type":"Feature","properties":{"id":"p:equipos:149","n":1,"sc":"#808080"},"geometry":{"type":"LineString","coordinates":[[1877.3,1640.5],[1873.9,1640.5]]}},{"type":"Feature","properties":{"id":"p:equipos:150","n":1,"sc":"#808080"},"geometry":{"type":"LineString","coordinates":[[1886.9,1634.2],[1886.9,1634.2]]}},{"type":"Feature","properties":{"id":"p:equipos:151","n":1,"sc":"#808080"},"geometry":{"type":"LineString","coordinates":[[1885.4,1629.4],[1888.3,1629.4]]}},{"type":"Feature","properties":{"id":"p:equipos:152","n":1,"sc":"#808080"},"geometry":{"type":"LineString","coordinates":[[1874.4,1629.4],[1877.8,1629.4]]}},{"type":"Feature","properties":{"id":"p:equipos:153","n":1,"sc":"#808080"},"geometry":{"type":"LineString","coordinates":[[1885.9,1640],[1877.3,1640.5]]}},{"type":"Feature","properties":{"id":"p:equipos:154","n":1,"sc":"#808080"},"geometry":{"type":"LineString","coordinates":[[1889.3,1640],[1885.9,1640]]}},{"type":"Feature","properties":{"id":"p:equipos:155","n":2,"sc":"#808080"},"geometry":{"type":"LineString","coordinates":[[1871.0,1630.9],[1872.5,1629.9],[1874.4,1629.4]]}},{"type":"Feature","properties":{"id":"p:equipos:156","n":1,"sc":"#808080"},"geometry":{"type":"LineString","coordinates":[[1892.2,1630.9],[1893.1,1632.3]]}},{"type":"Feature","properties":{"id":"p:equipos:157","n":2,"sc":"#808080"},"geometry":{"type":"LineString","coordinates":[[1892.6,1638.6],[1891.2,1639.5],[1889.3,1640]]}},{"type":"Feature","properties":{"id":"p:equipos:158","n":1,"sc":"#808080"},"geometry":{"type":"LineString","coordinates":[[1894.1,1629.9],[1894.1,1630.4]]}},{"type":"Feature","properties":{"id":"p:equipos:159","n":2,"sc":"#808080"},"geometry":{"type":"LineString","coordinates":[[1888.3,1627.0],[1889.8,1627.0],[1891.2,1628]]}},{"type":"Feature","properties":{"id":"p:equipos:160","n":1,"sc":"#808080"},"geometry":{"type":"LineString","coordinates":[[1891.2,1628],[1891.7,1628.5]]}},{"type":"Feature","properties":{"id":"p:equipos:161","n":1,"sc":"#808080"},"geometry":{"type":"LineString","coordinates":[[1891.2,1628],[1891.2,1628]]}},{"type":"Feature","properties":{"id":"p:equipos:162","n":1,"sc":"#808080"},"geometry":{"type":"LineString","coordinates":[[1891.2,1628],[1891.2,1628]]}},{"type":"Feature","properties":{"id":"p:equipos:163","n":1,"sc":"#808080"},"geometry":{"type":"LineString","coordinates":[[1889.3,1629.0],[1889.3,1629.0]]}},{"type":"Feature","properties":{"id":"p:equipos:164","n":1,"sc":"#808080"},"geometry":{"type":"LineString","coordinates":[[1892.2,1629.0],[1892.6,1629.4]]}},{"type":"Feature","properties":{"id":"p:equipos:165","n":1,"sc":"#808080"},"geometry":{"type":"LineString","coordinates":[[1893.6,1629.9],[1894.1,1629.9]]}},{"type":"Feature","properties":{"id":"p:equipos:166","n":1,"sc":"#808080"},"geometry":{"type":"LineString","coordinates":[[1893.6,1629.9],[1893.6,1629.9]]}},{"type":"Feature","properties":{"id":"p:equipos:167","n":1,"sc":"#808080"},"geometry":{"type":"LineString","coordinates":[[1891.7,1630.4],[1891.7,1630.4]]}},{"type":"Feature","properties":{"id":"p:equipos:168","n":1,"sc":"#808080"},"geometry":{"type":"LineString","coordinates":[[1888.8,1627.0],[1891.7,1629.0]]}},{"type":"Feature","properties":{"id":"p:equipos:169","n":1,"sc":"#808080"},"geometry":{"type":"LineString","coordinates":[[1890.7,1629.9],[1888.3,1628]]}},{"type":"Feature","properties":{"id":"p:equipos:170","n":4,"sc":"#808080"},"geometry":{"type":"LineString","coordinates":[[1886.1,1633.3],[1886.1,1633.3],[1886.1,1633.3],[1886.1,1633.3],[1886.1,1633.3]]}},{"type":"Feature","properties":{"id":"p:equipos:171","n":4,"sc":"#808080"},"geometry":{"type":"LineString","coordinates":[[1895.2,1630.6],[1894.8,1630.3],[1894.3,1630.2],[1893.7,1630.3],[1893.1,1630.6]]}},{"type":"Feature","properties":{"id":"p:equipos:172","n":1,"sc":"#808080"},"geometry":{"type":"LineString","coordinates":[[1893.6,1629.9],[1894.1,1629.9]]}},{"type":"Feature","properties":{"id":"p:equipos:173","n":1,"sc":"#808080"},"geometry":{"type":"LineString","coordinates":[[1870.1,1631.4],[1870.6,1631.4]]}},{"type":"Feature","properties":{"id":"p:equipos:174","n":1,"sc":"#808080"},"geometry":{"type":"LineString","coordinates":[[1869.6,1631.8],[1870.1,1631.4]]}},{"type":"Feature","properties":{"id":"p:equipos:175","n":4,"sc":"#808080"},"geometry":{"type":"LineString","coordinates":[[1890.9,1627.7],[1890.9,1627.6],[1890.9,1627.6],[1890.8,1627.6],[1890.8,1627.6]]}},{"type":"Feature","properties":{"id":"p:equipos:176","n":2,"sc":"#808080"},"geometry":{"type":"LineString","coordinates":[[1873.9,1629.4],[1875.4,1629.0],[1876.8,1629.0]]}},{"type":"Feature","properties":{"id":"p:equipos:177","n":1,"sc":"#808080"},"geometry":{"type":"LineString","coordinates":[[1870.1,1631.8],[1870.6,1630.9]]}},{"type":"Feature","properties":{"id":"p:equipos:178","n":1,"sc":"#808080"},"geometry":{"type":"LineString","coordinates":[[1888.3,1627.5],[1888.3,1627.5]]}},{"type":"Feature","properties":{"id":"p:equipos:179","n":1,"sc":"#808080"},"geometry":{"type":"LineString","coordinates":[[1875.4,1629.4],[1875.8,1629.4]]}},{"type":"Feature","properties":{"id":"p:equipos:180","n":1,"sc":"#808080"},"geometry":{"type":"LineString","coordinates":[[1877.3,1630.9],[1877.3,1630.9]]}},{"type":"Feature","properties":{"id":"p:equipos:181","n":1,"sc":"#808080"},"geometry":{"type":"LineString","coordinates":[[1871.0,1630.9],[1871.0,1630.9]]}},{"type":"Feature","properties":{"id":"p:equipos:182","n":1,"sc":"#808080"},"geometry":{"type":"LineString","coordinates":[[1870.1,1632.3],[1870.1,1632.3]]}},{"type":"Feature","properties":{"id":"p:equipos:183","n":1,"sc":"#808080"},"geometry":{"type":"LineString","coordinates":[[1885.9,1630.9],[1885.9,1630.9]]}},{"type":"Feature","properties":{"id":"p:equipos:184","n":1,"sc":"#808080"},"geometry":{"type":"LineString","coordinates":[[1889.3,1628.5],[1889.3,1628.5]]}},{"type":"Feature","properties":{"id":"p:equipos:185","n":1,"sc":"#808080"},"geometry":{"type":"LineString","coordinates":[[1886.9,1629.9],[1886.9,1629.9]]}},{"type":"Feature","properties":{"id":"p:equipos:186","n":1,"sc":"#808080"},"geometry":{"type":"LineString","coordinates":[[1862.4,1632.3],[1862.4,1632.3]]}},{"type":"Feature","properties":{"id":"p:equipos:187","n":1,"sc":"#808080"},"geometry":{"type":"LineString","coordinates":[[1869.6,1631.8],[1861.9,1632.3]]}},{"type":"Feature","properties":{"id":"p:equipos:188","n":4,"sc":"#808080"},"geometry":{"type":"LineString","coordinates":[[1890.2,1629.2],[1889.8,1629.1],[1889.4,1629.0],[1888.9,1629.0],[1888.4,1629.0]]}},{"type":"Feature","properties":{"id":"p:equipos:189","n":4,"sc":"#808080"},"geometry":{"type":"LineString","coordinates":[[1861.9,1636.6],[1861.0,1635.7],[1861.0,1634.2],[1861.4,1633.3],[1862.4,1632.3]]}},{"type":"Feature","properties":{"id":"p:equipos:190","n":1,"sc":"#808080"},"geometry":{"type":"LineString","coordinates":[[1866.2,1637.6],[1870.1,1638.6]]}},{"type":"Feature","properties":{"id":"p:equipos:191","n":1,"sc":"#808080"},"geometry":{"type":"LineString","coordinates":[[1870.1,1632.3],[1870.6,1633.8]]}},{"type":"Feature","properties":{"id":"p:equipos:192","n":1,"sc":"#808080"},"geometry":{"type":"LineString","coordinates":[[1866.7,1632.3],[1870.1,1632.3]]}},{"type":"Feature","properties":{"id":"p:equipos:193","n":1,"sc":"#808080"},"geometry":{"type":"LineString","coordinates":[[1861.9,1636.6],[1866.2,1637.6]]}},{"type":"Feature","properties":{"id":"p:equipos:194","n":8,"sc":"#808080"},"geometry":{"type":"LineString","coordinates":[[1861.9,1631.9],[1861.1,1632.1],[1860.5,1632.6],[1860.1,1633.3],[1860.0,1634.1],[1860.2,1634.8],[1860.6,1635.5],[1861.2,1636.0],[1862.0,1636.2]]}},{"type":"Feature","properties":{"id":"p:equipos:195","n":1,"sc":"#808080"},"geometry":{"type":"LineString","coordinates":[[1870.6,1633.8],[1870.6,1636.2]]}},{"type":"Feature","properties":{"id":"p:equipos:196","n":1,"sc":"#808080"},"geometry":{"type":"LineString","coordinates":[[1862.4,1632.3],[1866.7,1632.3]]}},{"type":"Feature","properties":{"id":"p:equipos:197","n":2,"sc":"#808080"},"geometry":{"type":"LineString","coordinates":[[1870.6,1636.2],[1870.6,1638.1],[1870.1,1638.6]]}},{"type":"Feature","properties":{"id":"p:equipos:198","n":1,"sc":"#808080"},"geometry":{"type":"LineString","coordinates":[[1892.2,1630.9],[1892.2,1630.9]]}},{"type":"Feature","properties":{"id":"p:equipos:199","n":4,"sc":"#808080"},"geometry":{"type":"LineString","coordinates":[[1870.0,1638.0],[1870.1,1638.0],[1870.1,1638.0],[1870.2,1638.0],[1870.3,1638.0]]}},{"type":"Feature","properties":{"id":"p:equipos:200","n":8,"sc":"#808080"},"geometry":{"type":"LineString","coordinates":[[1896.6,1637.6],[1897.1,1637.4],[1897.6,1637.1],[1898.0,1636.7],[1898.2,1636.2],[1898.4,1635.7],[1898.4,1635.1],[1898.2,1634.6],[1897.9,1634.1]]}},{"type":"Feature","properties":{"id":"p:equipos:201","n":2,"sc":"#808080"},"geometry":{"type":"LineString","coordinates":[[1892.2,1636.2],[1892.2,1634.7],[1892.2,1633.3]]}},{"type":"Feature","properties":{"id":"p:equipos:202","n":2,"sc":"#808080"},"geometry":{"type":"LineString","coordinates":[[1892.2,1633.3],[1892.6,1632.3],[1893.1,1632.3]]}},{"type":"Feature","properties":{"id":"p:equipos:203","n":2,"sc":"#808080"},"geometry":{"type":"LineString","coordinates":[[1892.6,1638.6],[1892.6,1637.6],[1892.2,1636.2]]}},{"type":"Feature","properties":{"id":"p:equipos:204","n":1,"sc":"#808080"},"geometry":{"type":"LineString","coordinates":[[1895.0,1630.9],[1897.9,1634.7]]}},{"type":"Feature","properties":{"id":"p:equipos:205","n":4,"sc":"#808080"},"geometry":{"type":"LineString","coordinates":[[1893.1,1632.1],[1893.1,1632.1],[1893.0,1632.0],[1892.9,1632.0],[1892.8,1632.0]]}},{"type":"Feature","properties":{"id":"p:equipos:206","n":1,"sc":"#808080"},"geometry":{"type":"LineString","coordinates":[[1892.6,1638.6],[1892.6,1638.6]]}},{"type":"Feature","properties":{"id":"p:equipos:207","n":1,"sc":"#808080"},"geometry":{"type":"LineString","coordinates":[[1895.5,1633.3],[1893.6,1632.3]]}},{"type":"Feature","properties":{"id":"p:equipos:208","n":2,"sc":"#808080"},"geometry":{"type":"LineString","coordinates":[[1888.3,1621.8],[1887.4,1621.8],[1886.4,1622.7]]}},{"type":"Feature","properties":{"id":"p:equipos:209","n":1,"sc":"#808080"},"geometry":{"type":"LineString","coordinates":[[1886.4,1629.9],[1886.4,1629.9]]}},{"type":"Feature","properties":{"id":"p:equipos:210","n":1,"sc":"#808080"},"geometry":{"type":"LineString","coordinates":[[1894.6,1638.1],[1892.6,1638.6]]}},{"type":"Feature","properties":{"id":"p:equipos:211","n":1,"sc":"#808080"},"geometry":{"type":"LineString","coordinates":[[1897.4,1633.8],[1895.5,1633.3]]}},{"type":"Feature","properties":{"id":"p:equipos:212","n":4,"sc":"#808080"},"geometry":{"type":"LineString","coordinates":[[1895.2,1630.6],[1895.0,1630.3],[1894.6,1630.1],[1894.3,1630.0],[1893.9,1629.9]]}},{"type":"Feature","properties":{"id":"p:equipos:213","n":3,"sc":"#808080"},"geometry":{"type":"LineString","coordinates":[[1885.9,1627.0],[1885.9,1628.5],[1886.4,1629.0],[1886.4,1629.4]]}},{"type":"Feature","properties":{"id":"p:equipos:214","n":1,"sc":"#808080"},"geometry":{"type":"LineString","coordinates":[[1892.2,1630.4],[1892.2,1630.4]]}},{"type":"Feature","properties":{"id":"p:equipos:215","n":4,"sc":"#808080"},"geometry":{"type":"LineString","coordinates":[[1877.3,1628.9],[1877.3,1629.1],[1877.3,1629.3],[1877.3,1629.5],[1877.3,1629.7]]}},{"type":"Feature","properties":{"id":"p:equipos:216","n":8,"sc":"#808080"},"geometry":{"type":"LineString","coordinates":[[1877.2,1632.1],[1876.6,1633.3],[1876.3,1634.7],[1876.4,1636.0],[1876.9,1637.3],[1877.7,1638.4],[1878.8,1639.3],[1880.0,1639.8],[1881.4,1640]]}},{"type":"Feature","properties":{"id":"p:equipos:217","n":2,"sc":"#808080"},"geometry":{"type":"LineString","coordinates":[[1890.2,1622.7],[1889.8,1621.8],[1888.8,1621.8]]}},{"type":"Feature","properties":{"id":"p:equipos:218","n":1,"sc":"#808080"},"geometry":{"type":"LineString","coordinates":[[1890.7,1627.5],[1890.7,1625.6]]}},{"type":"Feature","properties":{"id":"p:equipos:219","n":1,"sc":"#808080"},"geometry":{"type":"LineString","coordinates":[[1890.7,1627.5],[1890.2,1627.5]]}},{"type":"Feature","properties":{"id":"p:equipos:220","n":1,"sc":"#808080"},"geometry":{"type":"LineString","coordinates":[[1890.7,1627.5],[1890.7,1627.5]]}},{"type":"Feature","properties":{"id":"p:equipos:221","n":1,"sc":"#808080"},"geometry":{"type":"LineString","coordinates":[[1888.8,1636.2],[1888.8,1636.2]]}},{"type":"Feature","properties":{"id":"p:equipos:222","n":1,"sc":"#808080"},"geometry":{"type":"LineString","coordinates":[[1887.8,1636.2],[1887.8,1636.2]]}},{"type":"Feature","properties":{"id":"p:equipos:223","n":2,"sc":"#808080"},"geometry":{"type":"LineString","coordinates":[[1872,1624.2],[1873.0,1623.7],[1874.4,1623.7]]}},{"type":"Feature","properties":{"id":"p:equipos:224","n":1,"sc":"#808080"},"geometry":{"type":"LineString","coordinates":[[1877.8,1627.0],[1878.2,1627.5]]}},{"type":"Feature","properties":{"id":"p:equipos:225","n":2,"sc":"#808080"},"geometry":{"type":"LineString","coordinates":[[1871.5,1626.6],[1871.5,1625.6],[1872,1624.6]]}},{"type":"Feature","properties":{"id":"p:equipos:226","n":1,"sc":"#808080"},"geometry":{"type":"LineString","coordinates":[[1873.4,1629.4],[1873.0,1629.0]]}},{"type":"Feature","properties":{"id":"p:equipos:227","n":1,"sc":"#808080"},"geometry":{"type":"LineString","coordinates":[[1891.2,1628],[1891.2,1628]]}},{"type":"Feature","properties":{"id":"p:equipos:228","n":1,"sc":"#808080"},"geometry":{"type":"LineString","coordinates":[[1891.2,1628],[1890.7,1628]]}},{"type":"Feature","properties":{"id":"p:equipos:229","n":4,"sc":"#808080"},"geometry":{"type":"LineString","coordinates":[[1893.4,1629.6],[1893.4,1629.6],[1893.3,1629.6],[1893.3,1629.6],[1893.3,1629.6]]}},{"type":"Feature","properties":{"id":"p:equipos:230","n":1,"sc":"#808080"},"geometry":{"type":"LineString","coordinates":[[1897.0,1637.6],[1894.6,1638.1]]}},{"type":"Feature","properties":{"id":"p:equipos:231","n":1,"sc":"#808080"},"geometry":{"type":"LineString","coordinates":[[1891.2,1628],[1891.2,1628]]}},{"type":"Feature","properties":{"id":"p:equipos:232","n":2,"sc":"#808080"},"geometry":{"type":"LineString","coordinates":[[1888.3,1628],[1887.8,1627.5],[1888.3,1627.0]]}},{"type":"Feature","properties":{"id":"p:equipos:233","n":1,"sc":"#808080"},"geometry":{"type":"LineString","coordinates":[[1889.3,1629.0],[1888.8,1628.5]]}},{"type":"Feature","properties":{"id":"p:equipos:234","n":1,"sc":"#808080"},"geometry":{"type":"LineString","coordinates":[[1888.3,1627.0],[1887.8,1627.5]]}},{"type":"Feature","properties":{"id":"p:equipos:235","n":1,"sc":"#808080"},"geometry":{"type":"LineString","coordinates":[[1887.8,1627.5],[1888.3,1628]]}},{"type":"Feature","properties":{"id":"p:equipos:236","n":1,"sc":"#808080"},"geometry":{"type":"LineString","coordinates":[[1890.2,1629.4],[1890.2,1629.4]]}},{"type":"Feature","properties":{"id":"p:equipos:237","n":1,"sc":"#808080"},"geometry":{"type":"LineString","coordinates":[[1891.2,1628],[1891.2,1628]]}},{"type":"Feature","properties":{"id":"p:equipos:238","n":1,"sc":"#808080"},"geometry":{"type":"LineString","coordinates":[[1890.7,1628],[1891.2,1628]]}},{"type":"Feature","properties":{"id":"p:equipos:239","n":4,"sc":"#808080"},"geometry":{"type":"LineString","coordinates":[[1892.1,1630.3],[1892.1,1630.3],[1892.1,1630.3],[1892.1,1630.3],[1892.1,1630.3]]}},{"type":"Feature","properties":{"id":"p:equipos:240","n":1,"sc":"#808080"},"geometry":{"type":"LineString","coordinates":[[1888.8,1628.5],[1889.3,1629.0]]}},{"type":"Feature","properties":{"id":"p:equipos:241","n":1,"sc":"#808080"},"geometry":{"type":"LineString","coordinates":[[1893.6,1629.9],[1893.6,1629.9]]}},{"type":"Feature","properties":{"id":"p:equipos:242","n":1,"sc":"#808080"},"geometry":{"type":"LineString","coordinates":[[1893.1,1629.9],[1893.1,1629.9]]}},{"type":"Feature","properties":{"id":"p:equipos:243","n":8,"sc":"#808080"},"geometry":{"type":"LineString","coordinates":[[1888.9,1626.6],[1888.6,1626.6],[1888.4,1626.6],[1888.1,1626.7],[1887.9,1626.9],[1887.8,1627.2],[1887.9,1627.4],[1888.0,1627.7],[1888.2,1627.9]]}},{"type":"Feature","properties":{"id":"p:equipos:244","n":1,"sc":"#808080"},"geometry":{"type":"LineString","coordinates":[[1891.7,1630.4],[1891.7,1629.9]]}},{"type":"Feature","properties":{"id":"p:equipos:245","n":1,"sc":"#808080"},"geometry":{"type":"LineString","coordinates":[[1891.7,1630.4],[1891.7,1630.4]]}},{"type":"Feature","properties":{"id":"p:equipos:246","n":1,"sc":"#808080"},"geometry":{"type":"LineString","coordinates":[[1891.7,1630.4],[1891.7,1630.4]]}},{"type":"Feature","properties":{"id":"p:equipos:247","n":1,"sc":"#808080"},"geometry":{"type":"LineString","coordinates":[[1891.7,1629.9],[1891.7,1630.4]]}},{"type":"Feature","properties":{"id":"p:equipos:248","n":4,"sc":"#808080"},"geometry":{"type":"LineString","coordinates":[[1869.5,1631.4],[1869.4,1631.4],[1869.3,1631.4],[1869.3,1631.4],[1869.2,1631.4]]}},{"type":"Feature","properties":{"id":"p:equipos:249","n":1,"sc":"#808080"},"geometry":{"type":"LineString","coordinates":[[1876.8,1629.0],[1877.3,1629.4]]}},{"type":"Feature","properties":{"id":"p:equipos:250","n":2,"sc":"#808080"},"geometry":{"type":"LineString","coordinates":[[1888.8,1627.0],[1888.3,1627.5],[1888.3,1628]]}},{"type":"Feature","properties":{"id":"p:equipos:251","n":2,"sc":"#808080"},"geometry":{"type":"LineString","coordinates":[[1891.7,1629.9],[1892.2,1629.4],[1891.7,1629.0]]}},{"type":"Feature","properties":{"id":"p:equipos:252","n":2,"sc":"#808080"},"geometry":{"type":"LineString","coordinates":[[1892.2,1630.9],[1892.6,1629.9],[1893.6,1629.9]]}},{"type":"Feature","properties":{"id":"p:equipos:253","n":1,"sc":"#808080"},"geometry":{"type":"LineString","coordinates":[[1892.2,1630.9],[1892.2,1630.9]]}},{"type":"Feature","properties":{"id":"p:equipos:254","n":1,"sc":"#808080"},"geometry":{"type":"LineString","coordinates":[[1876.3,1630.4],[1876.3,1630.4]]}},{"type":"Feature","properties":{"id":"p:equipos:255","n":1,"sc":"#808080"},"geometry":{"type":"LineString","coordinates":[[1893.1,1630.4],[1894.1,1630.4]]}},{"type":"Feature","properties":{"id":"p:equipos:256","n":4,"sc":"#808080"},"geometry":{"type":"LineString","coordinates":[[1876.1,1629.2],[1875.9,1629.0],[1875.8,1629.0],[1875.6,1629.0],[1875.3,1629.0]]}},{"type":"Feature","properties":{"id":"p:equipos:257","n":1,"sc":"#808080"},"geometry":{"type":"LineString","coordinates":[[1891.2,1628],[1893.6,1629.9]]}},{"type":"Feature","properties":{"id":"p:equipos:258","n":8,"sc":"#808080"},"geometry":{"type":"LineString","coordinates":[[1881.4,1640],[1882.7,1639.8],[1884.0,1639.3],[1885.0,1638.4],[1885.8,1637.3],[1886.3,1636.0],[1886.4,1634.6],[1886.1,1633.3],[1885.5,1632.1]]}},{"type":"Feature","properties":{"id":"p:equipos:259","n":1,"sc":"#808080"},"geometry":{"type":"LineString","coordinates":[[1893.1,1630.4],[1892.6,1631.4]]}},{"type":"Feature","properties":{"id":"p:equipos:260","n":4,"sc":"#808080"},"geometry":{"type":"LineString","coordinates":[[1886.2,1622.4],[1886.1,1622.6],[1886.0,1622.8],[1886.0,1623.0],[1885.9,1623.3]]}},{"type":"Feature","properties":{"id":"p:equipos:261","n":1,"sc":"#808080"},"geometry":{"type":"LineString","coordinates":[[1881.6,1626.1],[1881.6,1626.1]]}},{"type":"Feature","properties":{"id":"p:equipos:262","n":1,"sc":"#808080"},"geometry":{"type":"LineString","coordinates":[[1886.4,1623.2],[1885.9,1625.6]]}},{"type":"Feature","properties":{"id":"p:equipos:263","n":1,"sc":"#808080"},"geometry":{"type":"LineString","coordinates":[[1885.9,1625.6],[1885.9,1627.0]]}},{"type":"Feature","properties":{"id":"p:equipos:264","n":1,"sc":"#808080"},"geometry":{"type":"LineString","coordinates":[[1888.8,1621.8],[1888.3,1621.8]]}},{"type":"Feature","properties":{"id":"p:equipos:265","n":4,"sc":"#808080"},"geometry":{"type":"LineString","coordinates":[[1890.7,1623.3],[1890.7,1623.2],[1890.7,1623.0],[1890.6,1622.9],[1890.6,1622.7]]}},{"type":"Feature","properties":{"id":"p:equipos:266","n":1,"sc":"#808080"},"geometry":{"type":"LineString","coordinates":[[1890.7,1625.6],[1890.7,1623.2]]}},{"type":"Feature","properties":{"id":"p:equipos:267","n":1,"sc":"#808080"},"geometry":{"type":"LineString","coordinates":[[1889.3,1636.2],[1889.3,1636.2]]}},{"type":"Feature","properties":{"id":"p:equipos:268","n":1,"sc":"#808080"},"geometry":{"type":"LineString","coordinates":[[1870.1,1631.8],[1869.6,1631.8]]}},{"type":"Feature","properties":{"id":"p:equipos:269","n":1,"sc":"#808080"},"geometry":{"type":"LineString","coordinates":[[1870.6,1631.4],[1870.6,1631.4]]}},{"type":"Feature","properties":{"id":"p:equipos:270","n":1,"sc":"#808080"},"geometry":{"type":"LineString","coordinates":[[1887.4,1636.2],[1887.4,1636.2]]}},{"type":"Feature","properties":{"id":"p:equipos:271","n":1,"sc":"#808080"},"geometry":{"type":"LineString","coordinates":[[1890.7,1627.5],[1890.7,1627.5]]}},{"type":"Feature","properties":{"id":"p:equipos:272","n":1,"sc":"#808080"},"geometry":{"type":"LineString","coordinates":[[1874.9,1624.2],[1876.3,1625.6]]}},{"type":"Feature","properties":{"id":"p:equipos:273","n":1,"sc":"#808080"},"geometry":{"type":"LineString","coordinates":[[1876.3,1625.6],[1877.8,1627.0]]}},{"type":"Feature","properties":{"id":"p:equipos:274","n":1,"sc":"#808080"},"geometry":{"type":"LineString","coordinates":[[1872,1624.6],[1872,1624.2]]}},{"type":"Feature","properties":{"id":"p:equipos:275","n":1,"sc":"#808080"},"geometry":{"type":"LineString","coordinates":[[1873.0,1629.0],[1871.5,1627.0]]}},{"type":"Feature","properties":{"id":"p:equipos:276","n":4,"sc":"#808080"},"geometry":{"type":"LineString","coordinates":[[1874.7,1623.9],[1874.6,1623.7],[1874.4,1623.6],[1874.2,1623.5],[1874.0,1623.4]]}},{"type":"Feature","properties":{"id":"p:equipos:277","n":1,"sc":"#808080"},"geometry":{"type":"LineString","coordinates":[[1876.8,1629.0],[1876.8,1629.4]]}},{"type":"Feature","properties":{"id":"p:equipos:278","n":4,"sc":"#808080"},"geometry":{"type":"LineString","coordinates":[[1871.2,1626.6],[1871.2,1626.7],[1871.3,1626.9],[1871.4,1627.0],[1871.5,1627.1]]}},{"type":"Feature","properties":{"id":"p:equipos:279","n":1,"sc":"#808080"},"geometry":{"type":"LineString","coordinates":[[1876.8,1633.3],[1876.8,1633.3]]}},{"type":"Feature","properties":{"id":"p:equipos:280","n":1,"sc":"#808080"},"geometry":{"type":"LineString","coordinates":[[1894.1,1630.4],[1894.1,1630.4]]}},{"type":"Feature","properties":{"id":"p:equipos:281","n":1,"sc":"#808080"},"geometry":{"type":"LineString","coordinates":[[1893.6,1629.9],[1891.2,1628]]}},{"type":"Feature","properties":{"id":"p:equipos:282","n":1,"sc":"#808080"},"geometry":{"type":"LineString","coordinates":[[1876.3,1629.9],[1876.3,1629.9]]}},{"type":"Feature","properties":{"id":"p:equipos:283","n":1,"sc":"#808080"},"geometry":{"type":"LineString","coordinates":[[1875.8,1629.4],[1875.8,1629.4]]}},{"type":"Feature","properties":{"id":"p:equipos:284","n":2,"sc":"#808080"},"geometry":{"type":"LineString","coordinates":[[1877.8,1629.4],[1879.2,1627.0],[1881.6,1626.1]]}},{"type":"Feature","properties":{"id":"p:equipos:285","n":4,"sc":"#808080"},"geometry":{"type":"LineString","coordinates":[[1885.4,1629.9],[1885.0,1628.5],[1884.5,1627.0],[1883.0,1626.6],[1881.6,1626.1]]}},{"type":"Feature","properties":{"id":"p:equipos:286","n":4,"sc":"#808080"},"geometry":{"type":"LineString","coordinates":[[1881.6,1626.1],[1880.2,1626.6],[1878.7,1627.5],[1877.8,1628.5],[1877.8,1629.9]]}},{"type":"Feature","properties":{"id":"p:equipos:287","n":4,"sc":"#808080"},"geometry":{"type":"LineString","coordinates":[[1885.4,1632.3],[1884,1630.9],[1881.6,1630.4],[1879.2,1630.9],[1877.8,1632.8]]}},{"type":"Feature","properties":{"id":"p:equipos:288","n":1,"sc":"#808080"},"geometry":{"type":"LineString","coordinates":[[1885.4,1629.9],[1885.4,1632.3]]}},{"type":"Feature","properties":{"id":"p:equipos:289","n":1,"sc":"#808080"},"geometry":{"type":"LineString","coordinates":[[1877.8,1629.9],[1877.8,1632.8]]}},{"type":"Feature","properties":{"id":"p:equipos:290","n":4,"sc":"#808080"},"geometry":{"type":"LineString","coordinates":[[1863.2,1549.2],[1863.3,1549.3],[1863.4,1549.4],[1863.6,1549.5],[1863.7,1549.6]]}},{"type":"Feature","properties":{"id":"p:equipos:291","n":2,"sc":"#808080"},"geometry":{"type":"LineString","coordinates":[[1873.0,1554.6],[1871.0,1554.1],[1869.1,1552.6]]}},{"type":"Feature","properties":{"id":"p:equipos:292","n":1,"sc":"#808080"},"geometry":{"type":"LineString","coordinates":[[1891.7,1551.7],[1890.7,1552.6]]}},{"type":"Feature","properties":{"id":"p:equipos:293","n":2,"sc":"#808080"},"geometry":{"type":"LineString","coordinates":[[1887.8,1543.5],[1889.8,1544],[1891.2,1545.4]]}},{"type":"Feature","properties":{"id":"p:equipos:294","n":1,"sc":"#808080"},"geometry":{"type":"LineString","coordinates":[[1884,1543.5],[1887.8,1543.5]]}},{"type":"Feature","properties":{"id":"p:equipos:295","n":1,"sc":"#808080"},"geometry":{"type":"LineString","coordinates":[[1874.9,1549.8],[1874.9,1549.8]]}},{"type":"Feature","properties":{"id":"p:equipos:296","n":1,"sc":"#808080"},"geometry":{"type":"LineString","coordinates":[[1876.3,1554.6],[1873.0,1554.6]]}},{"type":"Feature","properties":{"id":"p:equipos:297","n":1,"sc":"#808080"},"geometry":{"type":"LineString","coordinates":[[1886.9,1554.6],[1884,1554.6]]}},{"type":"Feature","properties":{"id":"p:equipos:298","n":1,"sc":"#808080"},"geometry":{"type":"LineString","coordinates":[[1875.8,1543.5],[1884,1543.5]]}},{"type":"Feature","properties":{"id":"p:equipos:299","n":1,"sc":"#808080"},"geometry":{"type":"LineString","coordinates":[[1872,1543.5],[1875.8,1543.5]]}},{"type":"Feature","properties":{"id":"p:equipos:300","n":2,"sc":"#808080"},"geometry":{"type":"LineString","coordinates":[[1890.7,1552.6],[1889.3,1554.1],[1886.9,1554.6]]}},{"type":"Feature","properties":{"id":"p:equipos:301","n":1,"sc":"#808080"},"geometry":{"type":"LineString","coordinates":[[1869.1,1552.6],[1868.2,1551.7]]}},{"type":"Feature","properties":{"id":"p:equipos:302","n":2,"sc":"#808080"},"geometry":{"type":"LineString","coordinates":[[1868.6,1545.4],[1870.1,1544],[1872,1543.5]]}},{"type":"Feature","properties":{"id":"p:equipos:303","n":1,"sc":"#808080"},"geometry":{"type":"LineString","coordinates":[[1867.7,1553.6],[1867.2,1553.6]]}},{"type":"Feature","properties":{"id":"p:equipos:304","n":2,"sc":"#808080"},"geometry":{"type":"LineString","coordinates":[[1873.4,1556.5],[1871.5,1556.5],[1870.6,1555.5]]}},{"type":"Feature","properties":{"id":"p:equipos:305","n":1,"sc":"#808080"},"geometry":{"type":"LineString","coordinates":[[1870.6,1555.5],[1869.6,1555.0]]}},{"type":"Feature","properties":{"id":"p:equipos:306","n":1,"sc":"#808080"},"geometry":{"type":"LineString","coordinates":[[1870.6,1555.5],[1870.6,1555.5]]}},{"type":"Feature","properties":{"id":"p:equipos:307","n":1,"sc":"#808080"},"geometry":{"type":"LineString","coordinates":[[1870.6,1555.5],[1870.6,1555.5]]}},{"type":"Feature","properties":{"id":"p:equipos:308","n":1,"sc":"#808080"},"geometry":{"type":"LineString","coordinates":[[1872,1555.0],[1872,1555.0]]}},{"type":"Feature","properties":{"id":"p:equipos:309","n":1,"sc":"#808080"},"geometry":{"type":"LineString","coordinates":[[1869.1,1555.0],[1868.6,1554.6]]}},{"type":"Feature","properties":{"id":"p:equipos:310","n":1,"sc":"#808080"},"geometry":{"type":"LineString","coordinates":[[1867.7,1554.1],[1867.7,1553.6]]}},{"type":"Feature","properties":{"id":"p:equipos:311","n":1,"sc":"#808080"},"geometry":{"type":"LineString","coordinates":[[1867.7,1553.6],[1867.7,1553.6]]}},{"type":"Feature","properties":{"id":"p:equipos:312","n":1,"sc":"#808080"},"geometry":{"type":"LineString","coordinates":[[1870.1,1553.6],[1870.1,1553.6]]}},{"type":"Feature","properties":{"id":"p:equipos:313","n":1,"sc":"#808080"},"geometry":{"type":"LineString","coordinates":[[1872.5,1556.5],[1869.6,1555.0]]}},{"type":"Feature","properties":{"id":"p:equipos:314","n":1,"sc":"#808080"},"geometry":{"type":"LineString","coordinates":[[1871.0,1554.1],[1873.0,1555.5]]}},{"type":"Feature","properties":{"id":"p:equipos:315","n":4,"sc":"#808080"},"geometry":{"type":"LineString","coordinates":[[1875.1,1550.3],[1875.1,1550.3],[1875.1,1550.3],[1875.1,1550.3],[1875.1,1550.3]]}},{"type":"Feature","properties":{"id":"p:equipos:316","n":4,"sc":"#808080"},"geometry":{"type":"LineString","coordinates":[[1866.1,1552.9],[1866.5,1553.2],[1867.0,1553.3],[1867.6,1553.2],[1868.1,1552.9]]}},{"type":"Feature","properties":{"id":"p:equipos:317","n":1,"sc":"#808080"},"geometry":{"type":"LineString","coordinates":[[1867.7,1553.6],[1867.7,1553.6]]}},{"type":"Feature","properties":{"id":"p:equipos:318","n":1,"sc":"#808080"},"geometry":{"type":"LineString","coordinates":[[1891.2,1552.2],[1891.2,1552.2]]}},{"type":"Feature","properties":{"id":"p:equipos:319","n":1,"sc":"#808080"},"geometry":{"type":"LineString","coordinates":[[1891.7,1552.2],[1891.2,1552.2]]}},{"type":"Feature","properties":{"id":"p:equipos:320","n":4,"sc":"#808080"},"geometry":{"type":"LineString","coordinates":[[1869.9,1555.4],[1869.9,1555.4],[1869.9,1555.4],[1870.0,1555.4],[1870.0,1555.4]]}},{"type":"Feature","properties":{"id":"p:equipos:321","n":2,"sc":"#808080"},"geometry":{"type":"LineString","coordinates":[[1887.4,1554.1],[1886.4,1554.6],[1885.0,1554.6]]}},{"type":"Feature","properties":{"id":"p:equipos:322","n":1,"sc":"#808080"},"geometry":{"type":"LineString","coordinates":[[1891.7,1552.2],[1890.7,1552.6]]}},{"type":"Feature","properties":{"id":"p:equipos:323","n":1,"sc":"#808080"},"geometry":{"type":"LineString","coordinates":[[1873.4,1556],[1873.4,1556]]}},{"type":"Feature","properties":{"id":"p:equipos:324","n":1,"sc":"#808080"},"geometry":{"type":"LineString","coordinates":[[1886.4,1554.6],[1885.9,1554.6]]}},{"type":"Feature","properties":{"id":"p:equipos:325","n":1,"sc":"#808080"},"geometry":{"type":"LineString","coordinates":[[1884.5,1552.6],[1884.5,1552.6]]}},{"type":"Feature","properties":{"id":"p:equipos:326","n":1,"sc":"#808080"},"geometry":{"type":"LineString","coordinates":[[1890.7,1552.6],[1890.7,1552.6]]}},{"type":"Feature","properties":{"id":"p:equipos:327","n":1,"sc":"#808080"},"geometry":{"type":"LineString","coordinates":[[1891.7,1551.7],[1891.7,1551.2]]}},{"type":"Feature","properties":{"id":"p:equipos:328","n":1,"sc":"#808080"},"geometry":{"type":"LineString","coordinates":[[1875.8,1552.6],[1875.8,1552.6]]}},{"type":"Feature","properties":{"id":"p:equipos:329","n":1,"sc":"#808080"},"geometry":{"type":"LineString","coordinates":[[1872.5,1555.0],[1872.5,1555.0]]}},{"type":"Feature","properties":{"id":"p:equipos:330","n":1,"sc":"#808080"},"geometry":{"type":"LineString","coordinates":[[1874.4,1553.6],[1874.4,1553.6]]}},{"type":"Feature","properties":{"id":"p:equipos:331","n":1,"sc":"#808080"},"geometry":{"type":"LineString","coordinates":[[1899.4,1551.2],[1899.4,1551.2]]}},{"type":"Feature","properties":{"id":"p:equipos:332","n":1,"sc":"#808080"},"geometry":{"type":"LineString","coordinates":[[1892.2,1552.2],[1899.4,1551.2]]}},{"type":"Feature","properties":{"id":"p:equipos:333","n":4,"sc":"#808080"},"geometry":{"type":"LineString","coordinates":[[1871.0,1554.3],[1871.5,1554.5],[1871.9,1554.5],[1872.4,1554.6],[1872.8,1554.5]]}},{"type":"Feature","properties":{"id":"p:equipos:334","n":4,"sc":"#808080"},"geometry":{"type":"LineString","coordinates":[[1899.4,1547.4],[1900.3,1547.8],[1900.8,1549.3],[1900.3,1550.7],[1899.4,1551.2]]}},{"type":"Feature","properties":{"id":"p:equipos:335","n":1,"sc":"#808080"},"geometry":{"type":"LineString","coordinates":[[1895.5,1546.4],[1891.7,1545.4]]}},{"type":"Feature","properties":{"id":"p:equipos:336","n":1,"sc":"#808080"},"geometry":{"type":"LineString","coordinates":[[1891.7,1551.2],[1891.2,1550.2]]}},{"type":"Feature","properties":{"id":"p:equipos:337","n":1,"sc":"#808080"},"geometry":{"type":"LineString","coordinates":[[1895.0,1551.2],[1891.7,1551.7]]}},{"type":"Feature","properties":{"id":"p:equipos:338","n":1,"sc":"#808080"},"geometry":{"type":"LineString","coordinates":[[1899.4,1547.4],[1895.5,1546.4]]}},{"type":"Feature","properties":{"id":"p:equipos:339","n":8,"sc":"#808080"},"geometry":{"type":"LineString","coordinates":[[1899.4,1551.2],[1900.1,1550.9],[1900.7,1550.5],[1901.1,1549.8],[1901.3,1549.0],[1901.1,1548.2],[1900.7,1547.5],[1900.0,1547.1],[1899.2,1546.9]]}},{"type":"Feature","properties":{"id":"p:equipos:340","n":1,"sc":"#808080"},"geometry":{"type":"LineString","coordinates":[[1891.2,1550.2],[1890.7,1547.4]]}},{"type":"Feature","properties":{"id":"p:equipos:341","n":1,"sc":"#808080"},"geometry":{"type":"LineString","coordinates":[[1899.4,1551.2],[1895.0,1551.2]]}},{"type":"Feature","properties":{"id":"p:equipos:342","n":2,"sc":"#808080"},"geometry":{"type":"LineString","coordinates":[[1890.7,1547.4],[1891.2,1545.9],[1891.2,1545.4]]}},{"type":"Feature","properties":{"id":"p:equipos:343","n":1,"sc":"#808080"},"geometry":{"type":"LineString","coordinates":[[1869.1,1552.6],[1869.1,1552.6]]}},{"type":"Feature","properties":{"id":"p:equipos:344","n":4,"sc":"#808080"},"geometry":{"type":"LineString","coordinates":[[1891.2,1545.1],[1891.2,1545.0],[1891.1,1545.0],[1891.1,1545.0],[1891.0,1545.0]]}},{"type":"Feature","properties":{"id":"p:equipos:345","n":8,"sc":"#808080"},"geometry":{"type":"LineString","coordinates":[[1864.2,1545.5],[1863.7,1545.6],[1863.2,1545.9],[1862.8,1546.3],[1862.6,1546.8],[1862.4,1547.3],[1862.4,1547.9],[1862.6,1548.4],[1862.9,1548.9]]}},{"type":"Feature","properties":{"id":"p:equipos:346","n":2,"sc":"#808080"},"geometry":{"type":"LineString","coordinates":[[1869.6,1547.4],[1869.6,1548.8],[1869.1,1550.2]]}},{"type":"Feature","properties":{"id":"p:equipos:347","n":2,"sc":"#808080"},"geometry":{"type":"LineString","coordinates":[[1869.1,1550.2],[1868.6,1551.2],[1868.2,1551.7]]}},{"type":"Feature","properties":{"id":"p:equipos:348","n":2,"sc":"#808080"},"geometry":{"type":"LineString","coordinates":[[1868.6,1545.4],[1869.1,1545.9],[1869.6,1547.4]]}},{"type":"Feature","properties":{"id":"p:equipos:349","n":1,"sc":"#808080"},"geometry":{"type":"LineString","coordinates":[[1866.2,1553.1],[1863.4,1549.3]]}},{"type":"Feature","properties":{"id":"p:equipos:350","n":4,"sc":"#808080"},"geometry":{"type":"LineString","coordinates":[[1867.7,1550.9],[1867.7,1551.0],[1867.8,1551.0],[1867.9,1551.0],[1868.0,1551.1]]}},{"type":"Feature","properties":{"id":"p:equipos:351","n":1,"sc":"#808080"},"geometry":{"type":"LineString","coordinates":[[1868.6,1545.4],[1868.6,1545.4]]}},{"type":"Feature","properties":{"id":"p:equipos:352","n":1,"sc":"#808080"},"geometry":{"type":"LineString","coordinates":[[1866.2,1550.7],[1868.2,1551.2]]}},{"type":"Feature","properties":{"id":"p:equipos:353","n":2,"sc":"#808080"},"geometry":{"type":"LineString","coordinates":[[1873.0,1562.2],[1874.4,1562.2],[1874.9,1561.3]]}},{"type":"Feature","properties":{"id":"p:equipos:354","n":1,"sc":"#808080"},"geometry":{"type":"LineString","coordinates":[[1874.9,1553.6],[1874.9,1553.6]]}},{"type":"Feature","properties":{"id":"p:equipos:355","n":1,"sc":"#808080"},"geometry":{"type":"LineString","coordinates":[[1866.7,1545.9],[1868.6,1545.4]]}},{"type":"Feature","properties":{"id":"p:equipos:356","n":1,"sc":"#808080"},"geometry":{"type":"LineString","coordinates":[[1864.3,1549.8],[1866.2,1550.7]]}},{"type":"Feature","properties":{"id":"p:equipos:357","n":4,"sc":"#808080"},"geometry":{"type":"LineString","coordinates":[[1866.1,1552.9],[1866.3,1553.2],[1866.6,1553.4],[1867.0,1553.5],[1867.4,1553.6]]}},{"type":"Feature","properties":{"id":"p:equipos:358","n":2,"sc":"#808080"},"geometry":{"type":"LineString","coordinates":[[1875.8,1556.5],[1875.8,1555.5],[1875.4,1554.6]]}},{"type":"Feature","properties":{"id":"p:equipos:359","n":1,"sc":"#808080"},"geometry":{"type":"LineString","coordinates":[[1869.1,1553.6],[1869.1,1553.6]]}},{"type":"Feature","properties":{"id":"p:equipos:360","n":4,"sc":"#808080"},"geometry":{"type":"LineString","coordinates":[[1883.9,1554.1],[1884.0,1553.9],[1884.0,1553.7],[1884.0,1553.5],[1884,1553.3]]}},{"type":"Feature","properties":{"id":"p:equipos:361","n":8,"sc":"#808080"},"geometry":{"type":"LineString","coordinates":[[1884.1,1550.9],[1884.7,1549.7],[1885.0,1548.4],[1884.8,1547.0],[1884.4,1545.7],[1883.6,1544.6],[1882.5,1543.8],[1881.3,1543.2],[1879.9,1543.0]]}},{"type":"Feature","properties":{"id":"p:equipos:362","n":2,"sc":"#808080"},"geometry":{"type":"LineString","coordinates":[[1871.0,1560.8],[1872,1561.8],[1873.0,1562.2]]}},{"type":"Feature","properties":{"id":"p:equipos:363","n":1,"sc":"#808080"},"geometry":{"type":"LineString","coordinates":[[1870.6,1556],[1871.0,1557.9]]}},{"type":"Feature","properties":{"id":"p:equipos:364","n":1,"sc":"#808080"},"geometry":{"type":"LineString","coordinates":[[1870.6,1556],[1871.0,1556.5]]}},{"type":"Feature","properties":{"id":"p:equipos:365","n":1,"sc":"#808080"},"geometry":{"type":"LineString","coordinates":[[1870.6,1556],[1870.6,1556]]}},{"type":"Feature","properties":{"id":"p:equipos:366","n":1,"sc":"#808080"},"geometry":{"type":"LineString","coordinates":[[1872.5,1547.8],[1872.5,1547.8]]}},{"type":"Feature","properties":{"id":"p:equipos:367","n":1,"sc":"#808080"},"geometry":{"type":"LineString","coordinates":[[1873.4,1547.8],[1873.4,1547.8]]}},{"type":"Feature","properties":{"id":"p:equipos:368","n":2,"sc":"#808080"},"geometry":{"type":"LineString","coordinates":[[1889.3,1559.4],[1888.3,1559.8],[1887.4,1559.8]]}},{"type":"Feature","properties":{"id":"p:equipos:369","n":1,"sc":"#808080"},"geometry":{"type":"LineString","coordinates":[[1884,1556.5],[1883.0,1556]]}},{"type":"Feature","properties":{"id":"p:equipos:370","n":2,"sc":"#808080"},"geometry":{"type":"LineString","coordinates":[[1890.2,1557.0],[1890.2,1558.4],[1889.8,1559.4]]}},{"type":"Feature","properties":{"id":"p:equipos:371","n":1,"sc":"#808080"},"geometry":{"type":"LineString","coordinates":[[1887.8,1554.1],[1888.3,1554.6]]}},{"type":"Feature","properties":{"id":"p:equipos:372","n":1,"sc":"#808080"},"geometry":{"type":"LineString","coordinates":[[1870.6,1555.5],[1870.6,1555.5]]}},{"type":"Feature","properties":{"id":"p:equipos:373","n":1,"sc":"#808080"},"geometry":{"type":"LineString","coordinates":[[1870.6,1555.5],[1871.0,1555.5]]}},{"type":"Feature","properties":{"id":"p:equipos:374","n":4,"sc":"#808080"},"geometry":{"type":"LineString","coordinates":[[1867.4,1553.9],[1867.4,1553.9],[1867.5,1553.9],[1867.5,1553.9],[1867.5,1553.9]]}},{"type":"Feature","properties":{"id":"p:equipos:375","n":1,"sc":"#808080"},"geometry":{"type":"LineString","coordinates":[[1864.8,1545.9],[1866.7,1545.9]]}},{"type":"Feature","properties":{"id":"p:equipos:376","n":1,"sc":"#808080"},"geometry":{"type":"LineString","coordinates":[[1870.6,1555.5],[1870.6,1555.5]]}},{"type":"Feature","properties":{"id":"p:equipos:377","n":2,"sc":"#808080"},"geometry":{"type":"LineString","coordinates":[[1873.0,1556],[1873.4,1556],[1873.4,1556.5]]}},{"type":"Feature","properties":{"id":"p:equipos:378","n":2,"sc":"#808080"},"geometry":{"type":"LineString","coordinates":[[1872,1555.0],[1872.5,1555.0],[1872.5,1555.5]]}},{"type":"Feature","properties":{"id":"p:equipos:379","n":1,"sc":"#808080"},"geometry":{"type":"LineString","coordinates":[[1873.4,1556.5],[1873.4,1556.5]]}},{"type":"Feature","properties":{"id":"p:equipos:380","n":1,"sc":"#808080"},"geometry":{"type":"LineString","coordinates":[[1873.4,1556],[1873.0,1556]]}},{"type":"Feature","properties":{"id":"p:equipos:381","n":1,"sc":"#808080"},"geometry":{"type":"LineString","coordinates":[[1871.5,1554.1],[1871.5,1554.1]]}},{"type":"Feature","properties":{"id":"p:equipos:382","n":1,"sc":"#808080"},"geometry":{"type":"LineString","coordinates":[[1870.6,1555.5],[1870.6,1555.5]]}},{"type":"Feature","properties":{"id":"p:equipos:383","n":1,"sc":"#808080"},"geometry":{"type":"LineString","coordinates":[[1871.0,1555.5],[1870.6,1555.5]]}},{"type":"Feature","properties":{"id":"p:equipos:384","n":4,"sc":"#808080"},"geometry":{"type":"LineString","coordinates":[[1869.2,1553.2],[1869.2,1553.2],[1869.2,1553.2],[1869.2,1553.2],[1869.2,1553.2]]}},{"type":"Feature","properties":{"id":"p:equipos:385","n":1,"sc":"#808080"},"geometry":{"type":"LineString","coordinates":[[1872.5,1555.5],[1872,1555.0]]}},{"type":"Feature","properties":{"id":"p:equipos:386","n":1,"sc":"#808080"},"geometry":{"type":"LineString","coordinates":[[1867.7,1554.1],[1867.7,1554.1]]}},{"type":"Feature","properties":{"id":"p:equipos:387","n":1,"sc":"#808080"},"geometry":{"type":"LineString","coordinates":[[1868.6,1553.6],[1868.6,1553.6]]}},{"type":"Feature","properties":{"id":"p:equipos:388","n":8,"sc":"#808080"},"geometry":{"type":"LineString","coordinates":[[1872.4,1556.4],[1872.6,1556.5],[1872.9,1556.5],[1873.2,1556.3],[1873.3,1556.1],[1873.4,1555.9],[1873.4,1555.6],[1873.3,1555.3],[1873.1,1555.2]]}},{"type":"Feature","properties":{"id":"p:equipos:389","n":1,"sc":"#808080"},"geometry":{"type":"LineString","coordinates":[[1870.1,1553.1],[1869.6,1554.1]]}},{"type":"Feature","properties":{"id":"p:equipos:390","n":1,"sc":"#808080"},"geometry":{"type":"LineString","coordinates":[[1870.1,1553.1],[1870.1,1553.1]]}},{"type":"Feature","properties":{"id":"p:equipos:391","n":1,"sc":"#808080"},"geometry":{"type":"LineString","coordinates":[[1870.1,1553.1],[1870.1,1553.1]]}},{"type":"Feature","properties":{"id":"p:equipos:392","n":1,"sc":"#808080"},"geometry":{"type":"LineString","coordinates":[[1869.6,1554.1],[1870.1,1553.1]]}},{"type":"Feature","properties":{"id":"p:equipos:393","n":4,"sc":"#808080"},"geometry":{"type":"LineString","coordinates":[[1891.3,1552.2],[1891.4,1552.2],[1891.5,1552.2],[1891.5,1552.2],[1891.6,1552.1]]}},{"type":"Feature","properties":{"id":"p:equipos:394","n":1,"sc":"#808080"},"geometry":{"type":"LineString","coordinates":[[1885.0,1554.6],[1884.5,1554.6]]}},{"type":"Feature","properties":{"id":"p:equipos:395","n":2,"sc":"#808080"},"geometry":{"type":"LineString","coordinates":[[1872.5,1556.5],[1873.0,1556.5],[1873.0,1556]]}},{"type":"Feature","properties":{"id":"p:equipos:396","n":2,"sc":"#808080"},"geometry":{"type":"LineString","coordinates":[[1869.6,1554.1],[1869.6,1554.6],[1869.6,1555.0]]}},{"type":"Feature","properties":{"id":"p:equipos:397","n":2,"sc":"#808080"},"geometry":{"type":"LineString","coordinates":[[1869.1,1552.6],[1868.6,1553.6],[1867.7,1553.6]]}},{"type":"Feature","properties":{"id":"p:equipos:398","n":1,"sc":"#808080"},"geometry":{"type":"LineString","coordinates":[[1869.1,1552.6],[1869.1,1552.6]]}},{"type":"Feature","properties":{"id":"p:equipos:399","n":1,"sc":"#808080"},"geometry":{"type":"LineString","coordinates":[[1885.0,1553.6],[1885.0,1553.6]]}},{"type":"Feature","properties":{"id":"p:equipos:400","n":1,"sc":"#808080"},"geometry":{"type":"LineString","coordinates":[[1868.2,1553.1],[1867.7,1553.6]]}},{"type":"Feature","properties":{"id":"p:equipos:401","n":4,"sc":"#808080"},"geometry":{"type":"LineString","coordinates":[[1884.7,1554.3],[1884.9,1554.5],[1885.0,1554.5],[1885.2,1554.6],[1885.5,1554.5]]}},{"type":"Feature","properties":{"id":"p:equipos:402","n":1,"sc":"#808080"},"geometry":{"type":"LineString","coordinates":[[1870.6,1555.5],[1867.7,1554.1]]}},{"type":"Feature","properties":{"id":"p:equipos:403","n":8,"sc":"#808080"},"geometry":{"type":"LineString","coordinates":[[1879.9,1543.0],[1878.5,1543.2],[1877.3,1543.8],[1876.2,1544.6],[1875.4,1545.8],[1875.0,1547.1],[1874.9,1548.4],[1875.2,1549.7],[1875.8,1551.0]]}},{"type":"Feature","properties":{"id":"p:equipos:404","n":1,"sc":"#808080"},"geometry":{"type":"LineString","coordinates":[[1868.2,1553.1],[1868.6,1552.2]]}},{"type":"Feature","properties":{"id":"p:equipos:405","n":4,"sc":"#808080"},"geometry":{"type":"LineString","coordinates":[[1875.1,1561.1],[1875.2,1560.9],[1875.3,1560.7],[1875.3,1560.5],[1875.4,1560.3]]}},{"type":"Feature","properties":{"id":"p:equipos:406","n":1,"sc":"#808080"},"geometry":{"type":"LineString","coordinates":[[1880.2,1557.4],[1880.2,1557.4]]}},{"type":"Feature","properties":{"id":"p:equipos:407","n":1,"sc":"#808080"},"geometry":{"type":"LineString","coordinates":[[1875.4,1560.3],[1875.4,1558.4]]}},{"type":"Feature","properties":{"id":"p:equipos:408","n":1,"sc":"#808080"},"geometry":{"type":"LineString","coordinates":[[1875.4,1558.4],[1875.8,1556.5]]}},{"type":"Feature","properties":{"id":"p:equipos:409","n":1,"sc":"#808080"},"geometry":{"type":"LineString","coordinates":[[1873.0,1562.2],[1873.0,1562.2]]}},{"type":"Feature","properties":{"id":"p:equipos:410","n":4,"sc":"#808080"},"geometry":{"type":"LineString","coordinates":[[1870.6,1560.2],[1870.6,1560.3],[1870.6,1560.5],[1870.6,1560.6],[1870.7,1560.8]]}},{"type":"Feature","properties":{"id":"p:equipos:411","n":1,"sc":"#808080"},"geometry":{"type":"LineString","coordinates":[[1871.0,1557.9],[1871.0,1560.3]]}},{"type":"Feature","properties":{"id":"p:equipos:412","n":1,"sc":"#808080"},"geometry":{"type":"LineString","coordinates":[[1872.5,1547.4],[1872.5,1547.4]]}},{"type":"Feature","properties":{"id":"p:equipos:413","n":1,"sc":"#808080"},"geometry":{"type":"LineString","coordinates":[[1891.2,1551.7],[1891.7,1552.2]]}},{"type":"Feature","properties":{"id":"p:equipos:414","n":1,"sc":"#808080"},"geometry":{"type":"LineString","coordinates":[[1891.2,1552.2],[1891.2,1552.2]]}},{"type":"Feature","properties":{"id":"p:equipos:415","n":1,"sc":"#808080"},"geometry":{"type":"LineString","coordinates":[[1874.4,1547.4],[1874.4,1547.4]]}},{"type":"Feature","properties":{"id":"p:equipos:416","n":1,"sc":"#808080"},"geometry":{"type":"LineString","coordinates":[[1870.6,1556],[1870.6,1556]]}},{"type":"Feature","properties":{"id":"p:equipos:417","n":1,"sc":"#808080"},"geometry":{"type":"LineString","coordinates":[[1886.4,1559.4],[1885.0,1557.9]]}},{"type":"Feature","properties":{"id":"p:equipos:418","n":1,"sc":"#808080"},"geometry":{"type":"LineString","coordinates":[[1885.0,1557.9],[1884,1556.5]]}},{"type":"Feature","properties":{"id":"p:equipos:419","n":1,"sc":"#808080"},"geometry":{"type":"LineString","coordinates":[[1889.8,1559.4],[1889.3,1559.4]]}},{"type":"Feature","properties":{"id":"p:equipos:420","n":1,"sc":"#808080"},"geometry":{"type":"LineString","coordinates":[[1888.3,1554.6],[1889.8,1556.5]]}},{"type":"Feature","properties":{"id":"p:equipos:421","n":4,"sc":"#808080"},"geometry":{"type":"LineString","coordinates":[[1886.1,1559.2],[1886.2,1559.3],[1886.4,1559.5],[1886.6,1559.6],[1886.8,1559.7]]}},{"type":"Feature","properties":{"id":"p:equipos:422","n":1,"sc":"#808080"},"geometry":{"type":"LineString","coordinates":[[1885.0,1554.6],[1884.5,1554.6]]}},{"type":"Feature","properties":{"id":"p:equipos:423","n":4,"sc":"#808080"},"geometry":{"type":"LineString","coordinates":[[1890.1,1556.9],[1890.0,1556.8],[1890.0,1556.6],[1889.9,1556.5],[1889.8,1556.4]]}},{"type":"Feature","properties":{"id":"p:equipos:424","n":1,"sc":"#808080"},"geometry":{"type":"LineString","coordinates":[[1884.5,1550.7],[1884.5,1550.7]]}},{"type":"Feature","properties":{"id":"p:equipos:425","n":1,"sc":"#808080"},"geometry":{"type":"LineString","coordinates":[[1867.7,1553.6],[1867.7,1553.6]]}},{"type":"Feature","properties":{"id":"p:equipos:426","n":1,"sc":"#808080"},"geometry":{"type":"LineString","coordinates":[[1867.7,1554.1],[1870.6,1555.5]]}},{"type":"Feature","properties":{"id":"p:equipos:427","n":1,"sc":"#808080"},"geometry":{"type":"LineString","coordinates":[[1885.4,1553.6],[1885.4,1553.6]]}},{"type":"Feature","properties":{"id":"p:equipos:428","n":1,"sc":"#808080"},"geometry":{"type":"LineString","coordinates":[[1885.9,1554.6],[1885.4,1554.6]]}},{"type":"Feature","properties":{"id":"p:equipos:429","n":2,"sc":"#808080"},"geometry":{"type":"LineString","coordinates":[[1884,1554.6],[1882.6,1556.5],[1880.2,1557.4]]}},{"type":"Feature","properties":{"id":"p:equipos:430","n":4,"sc":"#808080"},"geometry":{"type":"LineString","coordinates":[[1875.8,1553.6],[1876.3,1555.0],[1877.3,1556.5],[1878.2,1557.4],[1880.2,1557.4]]}},{"type":"Feature","properties":{"id":"p:equipos:431","n":4,"sc":"#808080"},"geometry":{"type":"LineString","coordinates":[[1880.2,1557.4],[1881.6,1557.4],[1883.0,1556.5],[1883.5,1555.0],[1884,1553.6]]}},{"type":"Feature","properties":{"id":"p:equipos:432","n":4,"sc":"#808080"},"geometry":{"type":"LineString","coordinates":[[1875.8,1551.2],[1877.8,1552.6],[1880.2,1553.1],[1882.1,1552.6],[1884,1551.2]]}},{"type":"Feature","properties":{"id":"p:equipos:433","n":1,"sc":"#808080"},"geometry":{"type":"LineString","coordinates":[[1875.8,1553.6],[1875.8,1551.2]]}},{"type":"Feature","properties":{"id":"p:equipos:434","n":1,"sc":"#808080"},"geometry":{"type":"LineString","coordinates":[[1884,1553.6],[1884,1551.2]]}},{"type":"Feature","properties":{"id":"p:equipos:435","n":4,"sc":"#808080"},"geometry":{"type":"LineString","coordinates":[[1905.9,1549.7],[1906.0,1549.8],[1906.2,1549.9],[1906.3,1550.0],[1906.5,1550.1]]}},{"type":"Feature","properties":{"id":"p:equipos:436","n":2,"sc":"#808080"},"geometry":{"type":"LineString","coordinates":[[1915.7,1555.0],[1913.3,1554.6],[1911.8,1553.1]]}},{"type":"Feature","properties":{"id":"p:equipos:437","n":1,"sc":"#808080"},"geometry":{"type":"LineString","coordinates":[[1933.9,1551.7],[1933.0,1553.1]]}},{"type":"Feature","properties":{"id":"p:equipos:438","n":2,"sc":"#808080"},"geometry":{"type":"LineString","coordinates":[[1930.1,1544],[1932,1544.5],[1933.9,1545.9]]}},{"type":"Feature","properties":{"id":"p:equipos:439","n":1,"sc":"#808080"},"geometry":{"type":"LineString","coordinates":[[1926.7,1544],[1930.1,1544]]}},{"type":"Feature","properties":{"id":"p:equipos:440","n":1,"sc":"#808080"},"geometry":{"type":"LineString","coordinates":[[1917.6,1550.2],[1917.6,1550.2]]}},{"type":"Feature","properties":{"id":"p:equipos:441","n":1,"sc":"#808080"},"geometry":{"type":"LineString","coordinates":[[1918.6,1555.0],[1915.7,1555.0]]}},{"type":"Feature","properties":{"id":"p:equipos:442","n":1,"sc":"#808080"},"geometry":{"type":"LineString","coordinates":[[1929.6,1555.0],[1926.2,1555.0]]}},{"type":"Feature","properties":{"id":"p:equipos:443","n":1,"sc":"#808080"},"geometry":{"type":"LineString","coordinates":[[1918.1,1544],[1926.7,1544]]}},{"type":"Feature","properties":{"id":"p:equipos:444","n":1,"sc":"#808080"},"geometry":{"type":"LineString","coordinates":[[1914.7,1544],[1918.1,1544]]}},{"type":"Feature","properties":{"id":"p:equipos:445","n":2,"sc":"#808080"},"geometry":{"type":"LineString","coordinates":[[1933.0,1553.1],[1931.5,1554.6],[1929.6,1555.0]]}},{"type":"Feature","properties":{"id":"p:equipos:446","n":1,"sc":"#808080"},"geometry":{"type":"LineString","coordinates":[[1911.8,1553.1],[1910.9,1552.2]]}},{"type":"Feature","properties":{"id":"p:equipos:447","n":2,"sc":"#808080"},"geometry":{"type":"LineString","coordinates":[[1911.4,1545.9],[1912.8,1544.5],[1914.7,1544]]}},{"type":"Feature","properties":{"id":"p:equipos:448","n":1,"sc":"#808080"},"geometry":{"type":"LineString","coordinates":[[1909.9,1554.1],[1909.9,1554.1]]}},{"type":"Feature","properties":{"id":"p:equipos:449","n":2,"sc":"#808080"},"geometry":{"type":"LineString","coordinates":[[1915.7,1557.0],[1914.2,1557.0],[1912.8,1556]]}},{"type":"Feature","properties":{"id":"p:equipos:450","n":1,"sc":"#808080"},"geometry":{"type":"LineString","coordinates":[[1912.8,1556],[1912.3,1555.5]]}},{"type":"Feature","properties":{"id":"p:equipos:451","n":1,"sc":"#808080"},"geometry":{"type":"LineString","coordinates":[[1912.8,1556],[1912.8,1556]]}},{"type":"Feature","properties":{"id":"p:equipos:452","n":1,"sc":"#808080"},"geometry":{"type":"LineString","coordinates":[[1913.3,1556],[1913.3,1556]]}},{"type":"Feature","properties":{"id":"p:equipos:453","n":1,"sc":"#808080"},"geometry":{"type":"LineString","coordinates":[[1914.7,1555.5],[1914.7,1555.0]]}},{"type":"Feature","properties":{"id":"p:equipos:454","n":1,"sc":"#808080"},"geometry":{"type":"LineString","coordinates":[[1911.8,1555.5],[1911.4,1555.0]]}},{"type":"Feature","properties":{"id":"p:equipos:455","n":1,"sc":"#808080"},"geometry":{"type":"LineString","coordinates":[[1910.4,1554.1],[1909.9,1554.1]]}},{"type":"Feature","properties":{"id":"p:equipos:456","n":1,"sc":"#808080"},"geometry":{"type":"LineString","coordinates":[[1910.4,1554.1],[1910.4,1554.1]]}},{"type":"Feature","properties":{"id":"p:equipos:457","n":1,"sc":"#808080"},"geometry":{"type":"LineString","coordinates":[[1912.3,1554.1],[1912.3,1554.1]]}},{"type":"Feature","properties":{"id":"p:equipos:458","n":1,"sc":"#808080"},"geometry":{"type":"LineString","coordinates":[[1915.2,1557.0],[1912.3,1555.5]]}},{"type":"Feature","properties":{"id":"p:equipos:459","n":1,"sc":"#808080"},"geometry":{"type":"LineString","coordinates":[[1913.3,1554.6],[1915.7,1556]]}},{"type":"Feature","properties":{"id":"p:equipos:460","n":4,"sc":"#808080"},"geometry":{"type":"LineString","coordinates":[[1917.9,1550.7],[1917.9,1550.7],[1917.9,1550.7],[1917.9,1550.7],[1917.9,1550.7]]}},{"type":"Feature","properties":{"id":"p:equipos:461","n":4,"sc":"#808080"},"geometry":{"type":"LineString","coordinates":[[1908.3,1553.4],[1908.7,1553.7],[1909.2,1553.8],[1909.8,1553.7],[1910.4,1553.4]]}},{"type":"Feature","properties":{"id":"p:equipos:462","n":1,"sc":"#808080"},"geometry":{"type":"LineString","coordinates":[[1910.4,1554.1],[1909.9,1554.1]]}},{"type":"Feature","properties":{"id":"p:equipos:463","n":1,"sc":"#808080"},"geometry":{"type":"LineString","coordinates":[[1933.9,1552.6],[1933.4,1552.6]]}},{"type":"Feature","properties":{"id":"p:equipos:464","n":1,"sc":"#808080"},"geometry":{"type":"LineString","coordinates":[[1934.4,1552.6],[1933.9,1552.6]]}},{"type":"Feature","properties":{"id":"p:equipos:465","n":4,"sc":"#808080"},"geometry":{"type":"LineString","coordinates":[[1912.6,1555.9],[1912.6,1555.9],[1912.7,1555.9],[1912.7,1555.9],[1912.7,1555.9]]}},{"type":"Feature","properties":{"id":"p:equipos:466","n":2,"sc":"#808080"},"geometry":{"type":"LineString","coordinates":[[1930.1,1554.6],[1928.6,1555.0],[1927.2,1555.0]]}},{"type":"Feature","properties":{"id":"p:equipos:467","n":1,"sc":"#808080"},"geometry":{"type":"LineString","coordinates":[[1933.9,1552.6],[1933.4,1553.1]]}},{"type":"Feature","properties":{"id":"p:equipos:468","n":1,"sc":"#808080"},"geometry":{"type":"LineString","coordinates":[[1915.7,1556.5],[1915.7,1556.5]]}},{"type":"Feature","properties":{"id":"p:equipos:469","n":1,"sc":"#808080"},"geometry":{"type":"LineString","coordinates":[[1928.6,1555.0],[1928.2,1555.0]]}},{"type":"Feature","properties":{"id":"p:equipos:470","n":1,"sc":"#808080"},"geometry":{"type":"LineString","coordinates":[[1926.7,1553.1],[1926.7,1553.1]]}},{"type":"Feature","properties":{"id":"p:equipos:471","n":1,"sc":"#808080"},"geometry":{"type":"LineString","coordinates":[[1933.0,1553.1],[1933.0,1553.1]]}},{"type":"Feature","properties":{"id":"p:equipos:472","n":1,"sc":"#808080"},"geometry":{"type":"LineString","coordinates":[[1933.9,1551.7],[1933.9,1551.7]]}},{"type":"Feature","properties":{"id":"p:equipos:473","n":1,"sc":"#808080"},"geometry":{"type":"LineString","coordinates":[[1918.1,1553.1],[1918.1,1553.1]]}},{"type":"Feature","properties":{"id":"p:equipos:474","n":1,"sc":"#808080"},"geometry":{"type":"LineString","coordinates":[[1914.7,1555.5],[1914.7,1555.5]]}},{"type":"Feature","properties":{"id":"p:equipos:475","n":1,"sc":"#808080"},"geometry":{"type":"LineString","coordinates":[[1917.1,1554.1],[1917.1,1554.1]]}},{"type":"Feature","properties":{"id":"p:equipos:476","n":1,"sc":"#808080"},"geometry":{"type":"LineString","coordinates":[[1941.6,1551.7],[1941.6,1551.7]]}},{"type":"Feature","properties":{"id":"p:equipos:477","n":1,"sc":"#808080"},"geometry":{"type":"LineString","coordinates":[[1934.4,1552.6],[1942.1,1551.7]]}},{"type":"Feature","properties":{"id":"p:equipos:478","n":4,"sc":"#808080"},"geometry":{"type":"LineString","coordinates":[[1913.8,1554.8],[1914.2,1554.9],[1914.6,1555.0],[1915.1,1555.0],[1915.6,1555.0]]}},{"type":"Feature","properties":{"id":"p:equipos:479","n":4,"sc":"#808080"},"geometry":{"type":"LineString","coordinates":[[1942.1,1547.8],[1943.0,1548.3],[1943.0,1549.8],[1942.6,1551.2],[1941.6,1551.7]]}},{"type":"Feature","properties":{"id":"p:equipos:480","n":1,"sc":"#808080"},"geometry":{"type":"LineString","coordinates":[[1937.8,1546.9],[1933.9,1545.9]]}},{"type":"Feature","properties":{"id":"p:equipos:481","n":1,"sc":"#808080"},"geometry":{"type":"LineString","coordinates":[[1933.9,1551.7],[1933.4,1550.7]]}},{"type":"Feature","properties":{"id":"p:equipos:482","n":1,"sc":"#808080"},"geometry":{"type":"LineString","coordinates":[[1937.3,1551.7],[1933.9,1552.2]]}},{"type":"Feature","properties":{"id":"p:equipos:483","n":1,"sc":"#808080"},"geometry":{"type":"LineString","coordinates":[[1942.1,1547.8],[1937.8,1546.9]]}},{"type":"Feature","properties":{"id":"p:equipos:484","n":8,"sc":"#808080"},"geometry":{"type":"LineString","coordinates":[[1942.1,1551.7],[1942.9,1551.4],[1943.5,1550.9],[1943.9,1550.3],[1944.0,1549.5],[1943.8,1548.7],[1943.4,1548.0],[1942.8,1547.6],[1942.0,1547.4]]}},{"type":"Feature","properties":{"id":"p:equipos:485","n":1,"sc":"#808080"},"geometry":{"type":"LineString","coordinates":[[1933.4,1550.7],[1933.4,1547.8]]}},{"type":"Feature","properties":{"id":"p:equipos:486","n":1,"sc":"#808080"},"geometry":{"type":"LineString","coordinates":[[1941.6,1551.7],[1937.3,1551.7]]}},{"type":"Feature","properties":{"id":"p:equipos:487","n":2,"sc":"#808080"},"geometry":{"type":"LineString","coordinates":[[1933.4,1547.8],[1933.4,1546.4],[1933.9,1545.9]]}},{"type":"Feature","properties":{"id":"p:equipos:488","n":1,"sc":"#808080"},"geometry":{"type":"LineString","coordinates":[[1911.8,1553.1],[1911.8,1553.1]]}},{"type":"Feature","properties":{"id":"p:equipos:489","n":4,"sc":"#808080"},"geometry":{"type":"LineString","coordinates":[[1934.0,1545.5],[1933.9,1545.5],[1933.9,1545.5],[1933.8,1545.5],[1933.7,1545.5]]}},{"type":"Feature","properties":{"id":"p:equipos:490","n":8,"sc":"#808080"},"geometry":{"type":"LineString","coordinates":[[1906.9,1545.9],[1906.4,1546.1],[1905.9,1546.4],[1905.5,1546.8],[1905.3,1547.3],[1905.1,1547.8],[1905.1,1548.4],[1905.3,1548.9],[1905.6,1549.4]]}},{"type":"Feature","properties":{"id":"p:equipos:491","n":2,"sc":"#808080"},"geometry":{"type":"LineString","coordinates":[[1911.8,1547.8],[1911.8,1549.3],[1911.8,1550.7]]}},{"type":"Feature","properties":{"id":"p:equipos:492","n":2,"sc":"#808080"},"geometry":{"type":"LineString","coordinates":[[1911.8,1550.7],[1911.4,1551.7],[1910.9,1552.2]]}},{"type":"Feature","properties":{"id":"p:equipos:493","n":2,"sc":"#808080"},"geometry":{"type":"LineString","coordinates":[[1911.4,1545.9],[1911.4,1546.4],[1911.8,1547.8]]}},{"type":"Feature","properties":{"id":"p:equipos:494","n":1,"sc":"#808080"},"geometry":{"type":"LineString","coordinates":[[1909.0,1553.1],[1906.1,1549.8]]}},{"type":"Feature","properties":{"id":"p:equipos:495","n":4,"sc":"#808080"},"geometry":{"type":"LineString","coordinates":[[1910.4,1551.4],[1910.4,1551.5],[1910.5,1551.5],[1910.6,1551.5],[1910.7,1551.5]]}},{"type":"Feature","properties":{"id":"p:equipos:496","n":1,"sc":"#808080"},"geometry":{"type":"LineString","coordinates":[[1911.4,1545.9],[1911.4,1545.9]]}},{"type":"Feature","properties":{"id":"p:equipos:497","n":1,"sc":"#808080"},"geometry":{"type":"LineString","coordinates":[[1908.5,1551.2],[1910.4,1551.7]]}},{"type":"Feature","properties":{"id":"p:equipos:498","n":2,"sc":"#808080"},"geometry":{"type":"LineString","coordinates":[[1915.7,1562.7],[1916.6,1562.2],[1917.6,1561.8]]}},{"type":"Feature","properties":{"id":"p:equipos:499","n":1,"sc":"#808080"},"geometry":{"type":"LineString","coordinates":[[1917.6,1554.1],[1917.6,1554.1]]}},{"type":"Feature","properties":{"id":"p:equipos:500","n":1,"sc":"#808080"},"geometry":{"type":"LineString","coordinates":[[1909.4,1545.9],[1911.4,1545.9]]}},{"type":"Feature","properties":{"id":"p:equipos:501","n":1,"sc":"#808080"},"geometry":{"type":"LineString","coordinates":[[1906.6,1550.2],[1908.5,1551.2]]}},{"type":"Feature","properties":{"id":"p:equipos:502","n":4,"sc":"#808080"},"geometry":{"type":"LineString","coordinates":[[1908.3,1553.4],[1908.6,1553.7],[1908.9,1553.9],[1909.2,1554.0],[1909.6,1554.1]]}},{"type":"Feature","properties":{"id":"p:equipos:503","n":2,"sc":"#808080"},"geometry":{"type":"LineString","coordinates":[[1918.1,1557.0],[1918.1,1556],[1917.6,1555.0]]}},{"type":"Feature","properties":{"id":"p:equipos:504","n":1,"sc":"#808080"},"geometry":{"type":"LineString","coordinates":[[1911.8,1554.1],[1911.8,1554.1]]}},{"type":"Feature","properties":{"id":"p:equipos:505","n":4,"sc":"#808080"},"geometry":{"type":"LineString","coordinates":[[1926.2,1554.6],[1926.2,1554.4],[1926.2,1554.2],[1926.2,1554.0],[1926.2,1553.8]]}},{"type":"Feature","properties":{"id":"p:equipos:506","n":8,"sc":"#808080"},"geometry":{"type":"LineString","coordinates":[[1926.3,1551.4],[1926.9,1550.2],[1927.2,1548.8],[1927.1,1547.5],[1926.6,1546.2],[1925.8,1545.1],[1924.7,1544.2],[1923.5,1543.7],[1922.1,1543.5]]}},{"type":"Feature","properties":{"id":"p:equipos:507","n":2,"sc":"#808080"},"geometry":{"type":"LineString","coordinates":[[1913.8,1561.3],[1914.2,1562.2],[1915.2,1562.7]]}},{"type":"Feature","properties":{"id":"p:equipos:508","n":1,"sc":"#808080"},"geometry":{"type":"LineString","coordinates":[[1913.3,1556.5],[1913.3,1558.4]]}},{"type":"Feature","properties":{"id":"p:equipos:509","n":1,"sc":"#808080"},"geometry":{"type":"LineString","coordinates":[[1913.3,1556.5],[1913.8,1557.0]]}},{"type":"Feature","properties":{"id":"p:equipos:510","n":1,"sc":"#808080"},"geometry":{"type":"LineString","coordinates":[[1913.3,1556.5],[1913.3,1556.5]]}},{"type":"Feature","properties":{"id":"p:equipos:511","n":1,"sc":"#808080"},"geometry":{"type":"LineString","coordinates":[[1915.2,1548.3],[1915.2,1548.3]]}},{"type":"Feature","properties":{"id":"p:equipos:512","n":1,"sc":"#808080"},"geometry":{"type":"LineString","coordinates":[[1916.2,1548.3],[1916.2,1548.3]]}},{"type":"Feature","properties":{"id":"p:equipos:513","n":2,"sc":"#808080"},"geometry":{"type":"LineString","coordinates":[[1932,1559.8],[1931.0,1560.3],[1929.6,1560.3]]}},{"type":"Feature","properties":{"id":"p:equipos:514","n":1,"sc":"#808080"},"geometry":{"type":"LineString","coordinates":[[1926.2,1557.0],[1925.8,1556.5]]}},{"type":"Feature","properties":{"id":"p:equipos:515","n":2,"sc":"#808080"},"geometry":{"type":"LineString","coordinates":[[1932.5,1557.4],[1932.5,1558.9],[1932,1559.8]]}},{"type":"Feature","properties":{"id":"p:equipos:516","n":1,"sc":"#808080"},"geometry":{"type":"LineString","coordinates":[[1930.6,1554.6],[1931.0,1555.0]]}},{"type":"Feature","properties":{"id":"p:equipos:517","n":1,"sc":"#808080"},"geometry":{"type":"LineString","coordinates":[[1912.8,1556],[1912.8,1556]]}},{"type":"Feature","properties":{"id":"p:equipos:518","n":1,"sc":"#808080"},"geometry":{"type":"LineString","coordinates":[[1912.8,1556],[1913.3,1556]]}},{"type":"Feature","properties":{"id":"p:equipos:519","n":4,"sc":"#808080"},"geometry":{"type":"LineString","coordinates":[[1910.1,1554.4],[1910.2,1554.4],[1910.2,1554.4],[1910.2,1554.4],[1910.2,1554.4]]}},{"type":"Feature","properties":{"id":"p:equipos:520","n":1,"sc":"#808080"},"geometry":{"type":"LineString","coordinates":[[1907.0,1546.4],[1909.4,1545.9]]}},{"type":"Feature","properties":{"id":"p:equipos:521","n":1,"sc":"#808080"},"geometry":{"type":"LineString","coordinates":[[1912.8,1556],[1912.8,1556]]}},{"type":"Feature","properties":{"id":"p:equipos:522","n":3,"sc":"#808080"},"geometry":{"type":"LineString","coordinates":[[1915.7,1556.5],[1916.2,1556.5],[1916.2,1557.0],[1915.7,1557.0]]}},{"type":"Feature","properties":{"id":"p:equipos:523","n":2,"sc":"#808080"},"geometry":{"type":"LineString","coordinates":[[1914.7,1555.0],[1915.2,1555.5],[1915.2,1556]]}},{"type":"Feature","properties":{"id":"p:equipos:524","n":1,"sc":"#808080"},"geometry":{"type":"LineString","coordinates":[[1915.7,1557.0],[1916.2,1557.0]]}},{"type":"Feature","properties":{"id":"p:equipos:525","n":1,"sc":"#808080"},"geometry":{"type":"LineString","coordinates":[[1916.2,1556.5],[1915.7,1556.5]]}},{"type":"Feature","properties":{"id":"p:equipos:526","n":1,"sc":"#808080"},"geometry":{"type":"LineString","coordinates":[[1913.8,1554.6],[1913.8,1554.6]]}},{"type":"Feature","properties":{"id":"p:equipos:527","n":1,"sc":"#808080"},"geometry":{"type":"LineString","coordinates":[[1912.8,1556],[1912.8,1556]]}},{"type":"Feature","properties":{"id":"p:equipos:528","n":1,"sc":"#808080"},"geometry":{"type":"LineString","coordinates":[[1913.3,1556],[1912.8,1556]]}},{"type":"Feature","properties":{"id":"p:equipos:529","n":4,"sc":"#808080"},"geometry":{"type":"LineString","coordinates":[[1911.4,1553.7],[1911.4,1553.7],[1911.4,1553.7],[1911.4,1553.7],[1911.4,1553.7]]}},{"type":"Feature","properties":{"id":"p:equipos:530","n":1,"sc":"#808080"},"geometry":{"type":"LineString","coordinates":[[1915.2,1556],[1914.7,1555.0]]}},{"type":"Feature","properties":{"id":"p:equipos:531","n":1,"sc":"#808080"},"geometry":{"type":"LineString","coordinates":[[1910.4,1554.1],[1910.4,1554.6]]}},{"type":"Feature","properties":{"id":"p:equipos:532","n":1,"sc":"#808080"},"geometry":{"type":"LineString","coordinates":[[1910.9,1554.1],[1910.9,1554.1]]}},{"type":"Feature","properties":{"id":"p:equipos:533","n":8,"sc":"#808080"},"geometry":{"type":"LineString","coordinates":[[1914.6,1556.9],[1914.9,1557.0],[1915.2,1556.9],[1915.4,1556.8],[1915.6,1556.6],[1915.7,1556.3],[1915.7,1556.1],[1915.5,1555.8],[1915.3,1555.6]]}},{"type":"Feature","properties":{"id":"p:equipos:534","n":1,"sc":"#808080"},"geometry":{"type":"LineString","coordinates":[[1912.3,1553.6],[1912.3,1554.1]]}},{"type":"Feature","properties":{"id":"p:equipos:535","n":1,"sc":"#808080"},"geometry":{"type":"LineString","coordinates":[[1912.3,1553.6],[1912.3,1553.6]]}},{"type":"Feature","properties":{"id":"p:equipos:536","n":1,"sc":"#808080"},"geometry":{"type":"LineString","coordinates":[[1912.3,1553.6],[1912.3,1553.6]]}},{"type":"Feature","properties":{"id":"p:equipos:537","n":1,"sc":"#808080"},"geometry":{"type":"LineString","coordinates":[[1912.3,1554.1],[1912.3,1553.6]]}},{"type":"Feature","properties":{"id":"p:equipos:538","n":4,"sc":"#808080"},"geometry":{"type":"LineString","coordinates":[[1934.0,1552.6],[1934.1,1552.6],[1934.2,1552.6],[1934.3,1552.6],[1934.3,1552.6]]}},{"type":"Feature","properties":{"id":"p:equipos:539","n":1,"sc":"#808080"},"geometry":{"type":"LineString","coordinates":[[1927.2,1555.0],[1927.2,1555.0]]}},{"type":"Feature","properties":{"id":"p:equipos:540","n":2,"sc":"#808080"},"geometry":{"type":"LineString","coordinates":[[1915.2,1557.0],[1915.7,1557.0],[1915.7,1556]]}},{"type":"Feature","properties":{"id":"p:equipos:541","n":2,"sc":"#808080"},"geometry":{"type":"LineString","coordinates":[[1912.3,1554.1],[1911.8,1555.0],[1912.3,1555.5]]}},{"type":"Feature","properties":{"id":"p:equipos:542","n":2,"sc":"#808080"},"geometry":{"type":"LineString","coordinates":[[1911.8,1553.1],[1911.4,1554.1],[1910.4,1554.1]]}},{"type":"Feature","properties":{"id":"p:equipos:543","n":1,"sc":"#808080"},"geometry":{"type":"LineString","coordinates":[[1911.8,1553.1],[1911.8,1553.1]]}},{"type":"Feature","properties":{"id":"p:equipos:544","n":1,"sc":"#808080"},"geometry":{"type":"LineString","coordinates":[[1927.7,1554.1],[1927.7,1554.1]]}},{"type":"Feature","properties":{"id":"p:equipos:545","n":1,"sc":"#808080"},"geometry":{"type":"LineString","coordinates":[[1910.9,1553.6],[1909.9,1554.1]]}},{"type":"Feature","properties":{"id":"p:equipos:546","n":4,"sc":"#808080"},"geometry":{"type":"LineString","coordinates":[[1927.4,1554.8],[1927.6,1555.0],[1927.8,1555.0],[1928.0,1555.0],[1928.2,1555.0]]}},{"type":"Feature","properties":{"id":"p:equipos:547","n":1,"sc":"#808080"},"geometry":{"type":"LineString","coordinates":[[1912.8,1556],[1910.4,1554.6]]}},{"type":"Feature","properties":{"id":"p:equipos:548","n":8,"sc":"#808080"},"geometry":{"type":"LineString","coordinates":[[1922.1,1543.5],[1920.8,1543.7],[1919.5,1544.3],[1918.5,1545.1],[1917.7,1546.2],[1917.2,1547.5],[1917.1,1548.9],[1917.4,1550.2],[1918.0,1551.4]]}},{"type":"Feature","properties":{"id":"p:equipos:549","n":1,"sc":"#808080"},"geometry":{"type":"LineString","coordinates":[[1910.9,1553.6],[1911.4,1552.6]]}},{"type":"Feature","properties":{"id":"p:equipos:550","n":4,"sc":"#808080"},"geometry":{"type":"LineString","coordinates":[[1917.3,1561.6],[1917.4,1561.4],[1917.5,1561.2],[1917.6,1561.0],[1917.6,1560.7]]}},{"type":"Feature","properties":{"id":"p:equipos:551","n":1,"sc":"#808080"},"geometry":{"type":"LineString","coordinates":[[1922.4,1557.9],[1922.4,1557.9]]}},{"type":"Feature","properties":{"id":"p:equipos:552","n":1,"sc":"#808080"},"geometry":{"type":"LineString","coordinates":[[1917.6,1560.8],[1918.1,1558.9]]}},{"type":"Feature","properties":{"id":"p:equipos:553","n":1,"sc":"#808080"},"geometry":{"type":"LineString","coordinates":[[1918.1,1558.9],[1918.1,1557.0]]}},{"type":"Feature","properties":{"id":"p:equipos:554","n":1,"sc":"#808080"},"geometry":{"type":"LineString","coordinates":[[1915.2,1562.7],[1915.7,1562.7]]}},{"type":"Feature","properties":{"id":"p:equipos:555","n":4,"sc":"#808080"},"geometry":{"type":"LineString","coordinates":[[1912.8,1560.7],[1912.8,1560.8],[1912.8,1561.0],[1912.9,1561.1],[1912.9,1561.3]]}},{"type":"Feature","properties":{"id":"p:equipos:556","n":1,"sc":"#808080"},"geometry":{"type":"LineString","coordinates":[[1913.3,1558.4],[1913.3,1560.8]]}},{"type":"Feature","properties":{"id":"p:equipos:557","n":1,"sc":"#808080"},"geometry":{"type":"LineString","coordinates":[[1914.7,1547.8],[1914.7,1547.8]]}},{"type":"Feature","properties":{"id":"p:equipos:558","n":1,"sc":"#808080"},"geometry":{"type":"LineString","coordinates":[[1933.9,1552.2],[1934.4,1552.6]]}},{"type":"Feature","properties":{"id":"p:equipos:559","n":1,"sc":"#808080"},"geometry":{"type":"LineString","coordinates":[[1933.4,1552.6],[1933.4,1552.6]]}},{"type":"Feature","properties":{"id":"p:equipos:560","n":1,"sc":"#808080"},"geometry":{"type":"LineString","coordinates":[[1916.6,1547.8],[1916.6,1547.8]]}},{"type":"Feature","properties":{"id":"p:equipos:561","n":1,"sc":"#808080"},"geometry":{"type":"LineString","coordinates":[[1913.3,1556.5],[1913.3,1556.5]]}},{"type":"Feature","properties":{"id":"p:equipos:562","n":1,"sc":"#808080"},"geometry":{"type":"LineString","coordinates":[[1929.1,1559.8],[1927.7,1558.4]]}},{"type":"Feature","properties":{"id":"p:equipos:563","n":1,"sc":"#808080"},"geometry":{"type":"LineString","coordinates":[[1927.7,1558.4],[1926.2,1557.0]]}},{"type":"Feature","properties":{"id":"p:equipos:564","n":1,"sc":"#808080"},"geometry":{"type":"LineString","coordinates":[[1932,1559.8],[1932,1559.8]]}},{"type":"Feature","properties":{"id":"p:equipos:565","n":1,"sc":"#808080"},"geometry":{"type":"LineString","coordinates":[[1931.0,1555.0],[1932.5,1557.0]]}},{"type":"Feature","properties":{"id":"p:equipos:566","n":4,"sc":"#808080"},"geometry":{"type":"LineString","coordinates":[[1928.8,1559.7],[1928.9,1559.8],[1929.1,1560.0],[1929.3,1560.1],[1929.5,1560.2]]}},{"type":"Feature","properties":{"id":"p:equipos:567","n":1,"sc":"#808080"},"geometry":{"type":"LineString","coordinates":[[1927.2,1555.0],[1927.2,1555.0]]}},{"type":"Feature","properties":{"id":"p:equipos:568","n":4,"sc":"#808080"},"geometry":{"type":"LineString","coordinates":[[1932.3,1557.4],[1932.3,1557.3],[1932.2,1557.1],[1932.1,1557.0],[1932.0,1556.9]]}},{"type":"Feature","properties":{"id":"p:equipos:569","n":1,"sc":"#808080"},"geometry":{"type":"LineString","coordinates":[[1927.2,1551.2],[1927.2,1551.2]]}},{"type":"Feature","properties":{"id":"p:equipos:570","n":1,"sc":"#808080"},"geometry":{"type":"LineString","coordinates":[[1909.9,1554.1],[1909.9,1554.1]]}},{"type":"Feature","properties":{"id":"p:equipos:571","n":1,"sc":"#808080"},"geometry":{"type":"LineString","coordinates":[[1910.4,1554.6],[1912.8,1556]]}},{"type":"Feature","properties":{"id":"p:equipos:572","n":1,"sc":"#808080"},"geometry":{"type":"LineString","coordinates":[[1927.7,1554.1],[1927.7,1554.1]]}},{"type":"Feature","properties":{"id":"p:equipos:573","n":1,"sc":"#808080"},"geometry":{"type":"LineString","coordinates":[[1928.2,1555.0],[1928.2,1555.0]]}},{"type":"Feature","properties":{"id":"p:equipos:574","n":2,"sc":"#808080"},"geometry":{"type":"LineString","coordinates":[[1926.2,1555.0],[1925.3,1557.0],[1922.4,1557.9]]}},{"type":"Feature","properties":{"id":"p:equipos:575","n":4,"sc":"#808080"},"geometry":{"type":"LineString","coordinates":[[1918.6,1554.1],[1919.0,1555.5],[1919.5,1557.0],[1921.0,1557.9],[1922.4,1557.9]]}},{"type":"Feature","properties":{"id":"p:equipos:576","n":4,"sc":"#808080"},"geometry":{"type":"LineString","coordinates":[[1922.4,1557.9],[1923.8,1557.9],[1925.3,1557.0],[1926.2,1555.5],[1926.2,1554.1]]}},{"type":"Feature","properties":{"id":"p:equipos:577","n":4,"sc":"#808080"},"geometry":{"type":"LineString","coordinates":[[1918.6,1551.7],[1920,1553.1],[1922.4,1553.6],[1924.8,1553.1],[1926.2,1551.7]]}},{"type":"Feature","properties":{"id":"p:equipos:578","n":1,"sc":"#808080"},"geometry":{"type":"LineString","coordinates":[[1918.6,1554.1],[1918.6,1551.7]]}},{"type":"Feature","properties":{"id":"p:equipos:579","n":1,"sc":"#808080"},"geometry":{"type":"LineString","coordinates":[[1926.2,1554.1],[1926.2,1551.7]]}},{"type":"Feature","properties":{"id":"p:equipos:580","n":4,"sc":"#808080"},"geometry":{"type":"LineString","coordinates":[[1853.5,1633.8],[1853.3,1633.7],[1853.2,1633.6],[1853.1,1633.5],[1852.9,1633.4]]}},{"type":"Feature","properties":{"id":"p:equipos:581","n":2,"sc":"#808080"},"geometry":{"type":"LineString","coordinates":[[1844.2,1629.4],[1846.6,1629.9],[1848,1630.9]]}},{"type":"Feature","properties":{"id":"p:equipos:582","n":1,"sc":"#808080"},"geometry":{"type":"LineString","coordinates":[[1825.9,1632.3],[1826.9,1631.4]]}},{"type":"Feature","properties":{"id":"p:equipos:583","n":2,"sc":"#808080"},"geometry":{"type":"LineString","coordinates":[[1829.8,1640.5],[1827.8,1640],[1826.4,1638.6]]}},{"type":"Feature","properties":{"id":"p:equipos:584","n":1,"sc":"#808080"},"geometry":{"type":"LineString","coordinates":[[1833.1,1640.5],[1829.8,1640.5]]}},{"type":"Feature","properties":{"id":"p:equipos:585","n":1,"sc":"#808080"},"geometry":{"type":"LineString","coordinates":[[1842.7,1634.2],[1842.7,1634.2]]}},{"type":"Feature","properties":{"id":"p:equipos:586","n":1,"sc":"#808080"},"geometry":{"type":"LineString","coordinates":[[1841.3,1629.4],[1844.2,1629.4]]}},{"type":"Feature","properties":{"id":"p:equipos:587","n":1,"sc":"#808080"},"geometry":{"type":"LineString","coordinates":[[1830.7,1629.4],[1833.6,1629.4]]}},{"type":"Feature","properties":{"id":"p:equipos:588","n":1,"sc":"#808080"},"geometry":{"type":"LineString","coordinates":[[1841.8,1640.5],[1833.1,1640.5]]}},{"type":"Feature","properties":{"id":"p:equipos:589","n":1,"sc":"#808080"},"geometry":{"type":"LineString","coordinates":[[1845.1,1640.5],[1841.8,1640.5]]}},{"type":"Feature","properties":{"id":"p:equipos:590","n":2,"sc":"#808080"},"geometry":{"type":"LineString","coordinates":[[1826.9,1631.4],[1828.3,1629.9],[1830.7,1629.4]]}},{"type":"Feature","properties":{"id":"p:equipos:591","n":1,"sc":"#808080"},"geometry":{"type":"LineString","coordinates":[[1848,1630.9],[1849.0,1632.3]]}},{"type":"Feature","properties":{"id":"p:equipos:592","n":2,"sc":"#808080"},"geometry":{"type":"LineString","coordinates":[[1849.0,1638.6],[1847.0,1640],[1845.1,1640.5]]}},{"type":"Feature","properties":{"id":"p:equipos:593","n":1,"sc":"#808080"},"geometry":{"type":"LineString","coordinates":[[1849.9,1630.4],[1849.9,1630.4]]}},{"type":"Feature","properties":{"id":"p:equipos:594","n":2,"sc":"#808080"},"geometry":{"type":"LineString","coordinates":[[1844.2,1627.5],[1845.6,1627.5],[1847.0,1628.5]]}},{"type":"Feature","properties":{"id":"p:equipos:595","n":1,"sc":"#808080"},"geometry":{"type":"LineString","coordinates":[[1847.0,1628],[1848,1629.0]]}},{"type":"Feature","properties":{"id":"p:equipos:596","n":1,"sc":"#808080"},"geometry":{"type":"LineString","coordinates":[[1847.0,1628],[1847.0,1628]]}},{"type":"Feature","properties":{"id":"p:equipos:597","n":1,"sc":"#808080"},"geometry":{"type":"LineString","coordinates":[[1847.0,1628],[1847.0,1628]]}},{"type":"Feature","properties":{"id":"p:equipos:598","n":1,"sc":"#808080"},"geometry":{"type":"LineString","coordinates":[[1845.6,1629.0],[1845.1,1629.0]]}},{"type":"Feature","properties":{"id":"p:equipos:599","n":1,"sc":"#808080"},"geometry":{"type":"LineString","coordinates":[[1848,1629.0],[1849.0,1629.4]]}},{"type":"Feature","properties":{"id":"p:equipos:600","n":1,"sc":"#808080"},"geometry":{"type":"LineString","coordinates":[[1849.4,1629.9],[1849.9,1630.4]]}},{"type":"Feature","properties":{"id":"p:equipos:601","n":1,"sc":"#808080"},"geometry":{"type":"LineString","coordinates":[[1849.4,1629.9],[1849.4,1629.9]]}},{"type":"Feature","properties":{"id":"p:equipos:602","n":1,"sc":"#808080"},"geometry":{"type":"LineString","coordinates":[[1847.5,1630.4],[1847.5,1630.4]]}},{"type":"Feature","properties":{"id":"p:equipos:603","n":1,"sc":"#808080"},"geometry":{"type":"LineString","coordinates":[[1845.1,1627.5],[1848,1629.0]]}},{"type":"Feature","properties":{"id":"p:equipos:604","n":1,"sc":"#808080"},"geometry":{"type":"LineString","coordinates":[[1846.6,1629.9],[1844.6,1628]]}},{"type":"Feature","properties":{"id":"p:equipos:605","n":4,"sc":"#808080"},"geometry":{"type":"LineString","coordinates":[[1842.0,1633.3],[1842.0,1633.3],[1842.0,1633.3],[1842.0,1633.3],[1842.0,1633.3]]}},{"type":"Feature","properties":{"id":"p:equipos:606","n":4,"sc":"#808080"},"geometry":{"type":"LineString","coordinates":[[1851.0,1630.6],[1850.6,1630.3],[1850.1,1630.2],[1849.6,1630.3],[1849.0,1630.6]]}},{"type":"Feature","properties":{"id":"p:equipos:607","n":1,"sc":"#808080"},"geometry":{"type":"LineString","coordinates":[[1849.4,1629.9],[1849.9,1630.4]]}},{"type":"Feature","properties":{"id":"p:equipos:608","n":1,"sc":"#808080"},"geometry":{"type":"LineString","coordinates":[[1825.9,1631.8],[1826.4,1631.8]]}},{"type":"Feature","properties":{"id":"p:equipos:609","n":1,"sc":"#808080"},"geometry":{"type":"LineString","coordinates":[[1825.4,1631.8],[1825.9,1631.8]]}},{"type":"Feature","properties":{"id":"p:equipos:610","n":4,"sc":"#808080"},"geometry":{"type":"LineString","coordinates":[[1846.8,1627.7],[1846.7,1627.6],[1846.7,1627.6],[1846.7,1627.6],[1846.7,1627.6]]}},{"type":"Feature","properties":{"id":"p:equipos:611","n":2,"sc":"#808080"},"geometry":{"type":"LineString","coordinates":[[1829.8,1629.4],[1831.2,1629.0],[1832.6,1629.4]]}},{"type":"Feature","properties":{"id":"p:equipos:612","n":1,"sc":"#808080"},"geometry":{"type":"LineString","coordinates":[[1825.9,1631.8],[1826.9,1631.4]]}},{"type":"Feature","properties":{"id":"p:equipos:613","n":1,"sc":"#808080"},"geometry":{"type":"LineString","coordinates":[[1844.2,1627.5],[1844.2,1627.5]]}},{"type":"Feature","properties":{"id":"p:equipos:614","n":1,"sc":"#808080"},"geometry":{"type":"LineString","coordinates":[[1831.2,1629.4],[1831.7,1629.4]]}},{"type":"Feature","properties":{"id":"p:equipos:615","n":1,"sc":"#808080"},"geometry":{"type":"LineString","coordinates":[[1833.1,1630.9],[1833.1,1630.9]]}},{"type":"Feature","properties":{"id":"p:equipos:616","n":1,"sc":"#808080"},"geometry":{"type":"LineString","coordinates":[[1826.9,1631.4],[1826.9,1631.4]]}},{"type":"Feature","properties":{"id":"p:equipos:617","n":1,"sc":"#808080"},"geometry":{"type":"LineString","coordinates":[[1825.9,1632.3],[1825.9,1632.3]]}},{"type":"Feature","properties":{"id":"p:equipos:618","n":1,"sc":"#808080"},"geometry":{"type":"LineString","coordinates":[[1841.8,1630.9],[1841.8,1630.9]]}},{"type":"Feature","properties":{"id":"p:equipos:619","n":1,"sc":"#808080"},"geometry":{"type":"LineString","coordinates":[[1845.1,1628.5],[1845.1,1628.5]]}},{"type":"Feature","properties":{"id":"p:equipos:620","n":1,"sc":"#808080"},"geometry":{"type":"LineString","coordinates":[[1843.2,1629.9],[1843.2,1629.9]]}},{"type":"Feature","properties":{"id":"p:equipos:621","n":1,"sc":"#808080"},"geometry":{"type":"LineString","coordinates":[[1818.2,1632.8],[1818.2,1632.8]]}},{"type":"Feature","properties":{"id":"p:equipos:622","n":1,"sc":"#808080"},"geometry":{"type":"LineString","coordinates":[[1825.4,1631.8],[1817.8,1632.8]]}},{"type":"Feature","properties":{"id":"p:equipos:623","n":4,"sc":"#808080"},"geometry":{"type":"LineString","coordinates":[[1846.1,1629.2],[1845.6,1629.1],[1845.2,1629.0],[1844.7,1629.0],[1844.3,1629.0]]}},{"type":"Feature","properties":{"id":"p:equipos:624","n":4,"sc":"#808080"},"geometry":{"type":"LineString","coordinates":[[1817.8,1636.6],[1817.3,1635.7],[1816.8,1634.7],[1817.3,1633.3],[1818.2,1632.8]]}},{"type":"Feature","properties":{"id":"p:equipos:625","n":1,"sc":"#808080"},"geometry":{"type":"LineString","coordinates":[[1822.1,1637.6],[1825.9,1638.6]]}},{"type":"Feature","properties":{"id":"p:equipos:626","n":1,"sc":"#808080"},"geometry":{"type":"LineString","coordinates":[[1825.9,1632.3],[1826.4,1633.8]]}},{"type":"Feature","properties":{"id":"p:equipos:627","n":1,"sc":"#808080"},"geometry":{"type":"LineString","coordinates":[[1822.6,1632.3],[1825.9,1632.3]]}},{"type":"Feature","properties":{"id":"p:equipos:628","n":1,"sc":"#808080"},"geometry":{"type":"LineString","coordinates":[[1817.8,1636.6],[1822.1,1637.6]]}},{"type":"Feature","properties":{"id":"p:equipos:629","n":8,"sc":"#808080"},"geometry":{"type":"LineString","coordinates":[[1817.8,1632.3],[1817.0,1632.6],[1816.4,1633.1],[1816.0,1633.7],[1815.8,1634.5],[1816.0,1635.3],[1816.4,1636.0],[1817.1,1636.4],[1817.9,1636.6]]}},{"type":"Feature","properties":{"id":"p:equipos:630","n":1,"sc":"#808080"},"geometry":{"type":"LineString","coordinates":[[1826.4,1633.8],[1826.9,1636.6]]}},{"type":"Feature","properties":{"id":"p:equipos:631","n":1,"sc":"#808080"},"geometry":{"type":"LineString","coordinates":[[1818.2,1632.8],[1822.6,1632.3]]}},{"type":"Feature","properties":{"id":"p:equipos:632","n":2,"sc":"#808080"},"geometry":{"type":"LineString","coordinates":[[1826.9,1636.6],[1826.4,1638.1],[1826.4,1638.6]]}},{"type":"Feature","properties":{"id":"p:equipos:633","n":1,"sc":"#808080"},"geometry":{"type":"LineString","coordinates":[[1848,1630.9],[1848,1630.9]]}},{"type":"Feature","properties":{"id":"p:equipos:634","n":4,"sc":"#808080"},"geometry":{"type":"LineString","coordinates":[[1825.9,1638.5],[1825.9,1638.5],[1826.0,1638.5],[1826.0,1638.5],[1826.1,1638.5]]}},{"type":"Feature","properties":{"id":"p:equipos:635","n":8,"sc":"#808080"},"geometry":{"type":"LineString","coordinates":[[1852.4,1638.1],[1853.0,1637.9],[1853.4,1637.6],[1853.8,1637.2],[1854.1,1636.7],[1854.2,1636.2],[1854.2,1635.6],[1854.1,1635.1],[1853.8,1634.6]]}},{"type":"Feature","properties":{"id":"p:equipos:636","n":2,"sc":"#808080"},"geometry":{"type":"LineString","coordinates":[[1848,1636.2],[1848,1634.7],[1848.5,1633.8]]}},{"type":"Feature","properties":{"id":"p:equipos:637","n":2,"sc":"#808080"},"geometry":{"type":"LineString","coordinates":[[1848.5,1633.8],[1849.0,1632.8],[1849.0,1632.3]]}},{"type":"Feature","properties":{"id":"p:equipos:638","n":2,"sc":"#808080"},"geometry":{"type":"LineString","coordinates":[[1849.0,1638.6],[1848.5,1638.1],[1848,1636.2]]}},{"type":"Feature","properties":{"id":"p:equipos:639","n":1,"sc":"#808080"},"geometry":{"type":"LineString","coordinates":[[1851.4,1630.9],[1854.2,1634.7]]}},{"type":"Feature","properties":{"id":"p:equipos:640","n":4,"sc":"#808080"},"geometry":{"type":"LineString","coordinates":[[1849.0,1632.1],[1848.9,1632.1],[1848.8,1632.0],[1848.8,1632.0],[1848.7,1632.0]]}},{"type":"Feature","properties":{"id":"p:equipos:641","n":1,"sc":"#808080"},"geometry":{"type":"LineString","coordinates":[[1849.0,1638.6],[1849.0,1638.6]]}},{"type":"Feature","properties":{"id":"p:equipos:642","n":1,"sc":"#808080"},"geometry":{"type":"LineString","coordinates":[[1851.4,1633.3],[1849.4,1632.3]]}},{"type":"Feature","properties":{"id":"p:equipos:643","n":2,"sc":"#808080"},"geometry":{"type":"LineString","coordinates":[[1844.2,1621.8],[1843.2,1621.8],[1842.2,1622.7]]}},{"type":"Feature","properties":{"id":"p:equipos:644","n":1,"sc":"#808080"},"geometry":{"type":"LineString","coordinates":[[1842.7,1630.4],[1842.7,1630.4]]}},{"type":"Feature","properties":{"id":"p:equipos:645","n":1,"sc":"#808080"},"geometry":{"type":"LineString","coordinates":[[1850.9,1638.1],[1849.0,1638.6]]}},{"type":"Feature","properties":{"id":"p:equipos:646","n":1,"sc":"#808080"},"geometry":{"type":"LineString","coordinates":[[1853.3,1634.2],[1851.4,1633.3]]}},{"type":"Feature","properties":{"id":"p:equipos:647","n":4,"sc":"#808080"},"geometry":{"type":"LineString","coordinates":[[1851.1,1630.6],[1850.8,1630.3],[1850.5,1630.1],[1850.1,1630.0],[1849.7,1629.9]]}},{"type":"Feature","properties":{"id":"p:equipos:648","n":2,"sc":"#808080"},"geometry":{"type":"LineString","coordinates":[[1841.8,1627.5],[1841.8,1628.5],[1842.2,1629.4]]}},{"type":"Feature","properties":{"id":"p:equipos:649","n":1,"sc":"#808080"},"geometry":{"type":"LineString","coordinates":[[1848,1630.4],[1848,1630.4]]}},{"type":"Feature","properties":{"id":"p:equipos:650","n":4,"sc":"#808080"},"geometry":{"type":"LineString","coordinates":[[1833.2,1629.4],[1833.2,1629.6],[1833.1,1629.8],[1833.1,1630.0],[1833.1,1630.2]]}},{"type":"Feature","properties":{"id":"p:equipos:651","n":8,"sc":"#808080"},"geometry":{"type":"LineString","coordinates":[[1833.0,1632.6],[1832.4,1633.8],[1832.2,1635.2],[1832.3,1636.5],[1832.7,1637.8],[1833.6,1638.9],[1834.6,1639.8],[1835.9,1640.3],[1837.2,1640.5]]}},{"type":"Feature","properties":{"id":"p:equipos:652","n":2,"sc":"#808080"},"geometry":{"type":"LineString","coordinates":[[1846.6,1623.2],[1845.6,1622.2],[1844.6,1621.8]]}},{"type":"Feature","properties":{"id":"p:equipos:653","n":1,"sc":"#808080"},"geometry":{"type":"LineString","coordinates":[[1846.6,1627.5],[1846.6,1626.1]]}},{"type":"Feature","properties":{"id":"p:equipos:654","n":1,"sc":"#808080"},"geometry":{"type":"LineString","coordinates":[[1846.6,1627.5],[1846.1,1627.5]]}},{"type":"Feature","properties":{"id":"p:equipos:655","n":1,"sc":"#808080"},"geometry":{"type":"LineString","coordinates":[[1846.6,1627.5],[1846.6,1627.5]]}},{"type":"Feature","properties":{"id":"p:equipos:656","n":1,"sc":"#808080"},"geometry":{"type":"LineString","coordinates":[[1844.6,1636.2],[1844.6,1636.2]]}},{"type":"Feature","properties":{"id":"p:equipos:657","n":1,"sc":"#808080"},"geometry":{"type":"LineString","coordinates":[[1843.7,1636.2],[1843.7,1636.2]]}},{"type":"Feature","properties":{"id":"p:equipos:658","n":2,"sc":"#808080"},"geometry":{"type":"LineString","coordinates":[[1828.3,1624.2],[1829.3,1623.7],[1830.2,1624.2]]}},{"type":"Feature","properties":{"id":"p:equipos:659","n":1,"sc":"#808080"},"geometry":{"type":"LineString","coordinates":[[1833.6,1627.0],[1834.1,1628]]}},{"type":"Feature","properties":{"id":"p:equipos:660","n":2,"sc":"#808080"},"geometry":{"type":"LineString","coordinates":[[1827.4,1626.6],[1827.4,1625.6],[1827.8,1624.6]]}},{"type":"Feature","properties":{"id":"p:equipos:661","n":1,"sc":"#808080"},"geometry":{"type":"LineString","coordinates":[[1829.3,1629.4],[1829.3,1629.0]]}},{"type":"Feature","properties":{"id":"p:equipos:662","n":1,"sc":"#808080"},"geometry":{"type":"LineString","coordinates":[[1847.0,1628],[1847.0,1628]]}},{"type":"Feature","properties":{"id":"p:equipos:663","n":1,"sc":"#808080"},"geometry":{"type":"LineString","coordinates":[[1847.0,1628],[1846.6,1628]]}},{"type":"Feature","properties":{"id":"p:equipos:664","n":4,"sc":"#808080"},"geometry":{"type":"LineString","coordinates":[[1849.7,1629.6],[1849.7,1629.6],[1849.7,1629.6],[1849.6,1629.6],[1849.6,1629.6]]}},{"type":"Feature","properties":{"id":"p:equipos:665","n":1,"sc":"#808080"},"geometry":{"type":"LineString","coordinates":[[1852.8,1638.1],[1850.9,1638.1]]}},{"type":"Feature","properties":{"id":"p:equipos:666","n":1,"sc":"#808080"},"geometry":{"type":"LineString","coordinates":[[1847.0,1628],[1847.0,1628.5]]}},{"type":"Feature","properties":{"id":"p:equipos:667","n":2,"sc":"#808080"},"geometry":{"type":"LineString","coordinates":[[1844.2,1628],[1843.7,1627.5],[1844.2,1627.5]]}},{"type":"Feature","properties":{"id":"p:equipos:668","n":2,"sc":"#808080"},"geometry":{"type":"LineString","coordinates":[[1845.1,1629.0],[1844.6,1629.0],[1844.6,1628.5]]}},{"type":"Feature","properties":{"id":"p:equipos:669","n":1,"sc":"#808080"},"geometry":{"type":"LineString","coordinates":[[1844.2,1627.5],[1844.2,1627.5]]}},{"type":"Feature","properties":{"id":"p:equipos:670","n":1,"sc":"#808080"},"geometry":{"type":"LineString","coordinates":[[1844.2,1627.5],[1844.2,1628]]}},{"type":"Feature","properties":{"id":"p:equipos:671","n":1,"sc":"#808080"},"geometry":{"type":"LineString","coordinates":[[1846.1,1629.4],[1846.1,1629.4]]}},{"type":"Feature","properties":{"id":"p:equipos:672","n":1,"sc":"#808080"},"geometry":{"type":"LineString","coordinates":[[1847.0,1628.5],[1847.0,1628.5]]}},{"type":"Feature","properties":{"id":"p:equipos:673","n":1,"sc":"#808080"},"geometry":{"type":"LineString","coordinates":[[1846.6,1628],[1847.0,1628]]}},{"type":"Feature","properties":{"id":"p:equipos:674","n":4,"sc":"#808080"},"geometry":{"type":"LineString","coordinates":[[1848.0,1630.3],[1848.0,1630.3],[1848.0,1630.3],[1848.0,1630.3],[1848.0,1630.3]]}},{"type":"Feature","properties":{"id":"p:equipos:675","n":1,"sc":"#808080"},"geometry":{"type":"LineString","coordinates":[[1844.6,1628.5],[1845.1,1629.0]]}},{"type":"Feature","properties":{"id":"p:equipos:676","n":1,"sc":"#808080"},"geometry":{"type":"LineString","coordinates":[[1849.4,1629.9],[1849.4,1629.9]]}},{"type":"Feature","properties":{"id":"p:equipos:677","n":1,"sc":"#808080"},"geometry":{"type":"LineString","coordinates":[[1849.0,1629.9],[1849.0,1629.9]]}},{"type":"Feature","properties":{"id":"p:equipos:678","n":8,"sc":"#808080"},"geometry":{"type":"LineString","coordinates":[[1844.7,1627.1],[1844.5,1627.0],[1844.2,1627.1],[1844.0,1627.2],[1843.8,1627.4],[1843.7,1627.7],[1843.7,1627.9],[1843.8,1628.2],[1844.0,1628.4]]}},{"type":"Feature","properties":{"id":"p:equipos:679","n":1,"sc":"#808080"},"geometry":{"type":"LineString","coordinates":[[1847.5,1630.4],[1847.5,1629.9]]}},{"type":"Feature","properties":{"id":"p:equipos:680","n":1,"sc":"#808080"},"geometry":{"type":"LineString","coordinates":[[1847.5,1630.4],[1847.5,1630.4]]}},{"type":"Feature","properties":{"id":"p:equipos:681","n":1,"sc":"#808080"},"geometry":{"type":"LineString","coordinates":[[1847.5,1630.4],[1847.5,1630.4]]}},{"type":"Feature","properties":{"id":"p:equipos:682","n":1,"sc":"#808080"},"geometry":{"type":"LineString","coordinates":[[1847.5,1629.9],[1847.5,1630.4]]}},{"type":"Feature","properties":{"id":"p:equipos:683","n":4,"sc":"#808080"},"geometry":{"type":"LineString","coordinates":[[1825.3,1631.4],[1825.3,1631.4],[1825.2,1631.4],[1825.1,1631.4],[1825.0,1631.4]]}},{"type":"Feature","properties":{"id":"p:equipos:684","n":1,"sc":"#808080"},"geometry":{"type":"LineString","coordinates":[[1832.6,1629.4],[1833.1,1629.4]]}},{"type":"Feature","properties":{"id":"p:equipos:685","n":2,"sc":"#808080"},"geometry":{"type":"LineString","coordinates":[[1845.1,1627.5],[1844.6,1627.5],[1844.2,1628]]}},{"type":"Feature","properties":{"id":"p:equipos:686","n":2,"sc":"#808080"},"geometry":{"type":"LineString","coordinates":[[1847.5,1629.9],[1848,1629.4],[1848,1629.0]]}},{"type":"Feature","properties":{"id":"p:equipos:687","n":2,"sc":"#808080"},"geometry":{"type":"LineString","coordinates":[[1848,1630.9],[1849.0,1629.9],[1849.4,1629.9]]}},{"type":"Feature","properties":{"id":"p:equipos:688","n":1,"sc":"#808080"},"geometry":{"type":"LineString","coordinates":[[1848,1630.9],[1848,1630.9]]}},{"type":"Feature","properties":{"id":"p:equipos:689","n":1,"sc":"#808080"},"geometry":{"type":"LineString","coordinates":[[1832.2,1630.4],[1832.2,1630.4]]}},{"type":"Feature","properties":{"id":"p:equipos:690","n":1,"sc":"#808080"},"geometry":{"type":"LineString","coordinates":[[1849.4,1630.9],[1849.9,1630.4]]}},{"type":"Feature","properties":{"id":"p:equipos:691","n":4,"sc":"#808080"},"geometry":{"type":"LineString","coordinates":[[1832.0,1629.2],[1831.8,1629.0],[1831.6,1629.0],[1831.4,1629.0],[1831.2,1629.0]]}},{"type":"Feature","properties":{"id":"p:equipos:692","n":1,"sc":"#808080"},"geometry":{"type":"LineString","coordinates":[[1847.0,1628.5],[1849.4,1629.9]]}},{"type":"Feature","properties":{"id":"p:equipos:693","n":8,"sc":"#808080"},"geometry":{"type":"LineString","coordinates":[[1837.2,1640.5],[1838.6,1640.3],[1839.8,1639.7],[1840.9,1638.9],[1841.7,1637.8],[1842.1,1636.5],[1842.2,1635.1],[1842.0,1633.8],[1841.3,1632.6]]}},{"type":"Feature","properties":{"id":"p:equipos:694","n":1,"sc":"#808080"},"geometry":{"type":"LineString","coordinates":[[1849.4,1630.9],[1848.5,1631.4]]}},{"type":"Feature","properties":{"id":"p:equipos:695","n":4,"sc":"#808080"},"geometry":{"type":"LineString","coordinates":[[1842.0,1622.4],[1841.9,1622.6],[1841.8,1622.8],[1841.8,1623.0],[1841.8,1623.3]]}},{"type":"Feature","properties":{"id":"p:equipos:696","n":1,"sc":"#808080"},"geometry":{"type":"LineString","coordinates":[[1837.4,1626.1],[1837.4,1626.1]]}},{"type":"Feature","properties":{"id":"p:equipos:697","n":1,"sc":"#808080"},"geometry":{"type":"LineString","coordinates":[[1842.2,1623.7],[1841.8,1625.6]]}},{"type":"Feature","properties":{"id":"p:equipos:698","n":1,"sc":"#808080"},"geometry":{"type":"LineString","coordinates":[[1841.8,1625.6],[1841.8,1627.5]]}},{"type":"Feature","properties":{"id":"p:equipos:699","n":1,"sc":"#808080"},"geometry":{"type":"LineString","coordinates":[[1844.6,1621.8],[1844.2,1621.8]]}},{"type":"Feature","properties":{"id":"p:equipos:700","n":4,"sc":"#808080"},"geometry":{"type":"LineString","coordinates":[[1846.6,1623.3],[1846.5,1623.2],[1846.5,1623.0],[1846.5,1622.9],[1846.4,1622.7]]}},{"type":"Feature","properties":{"id":"p:equipos:701","n":1,"sc":"#808080"},"geometry":{"type":"LineString","coordinates":[[1846.6,1626.1],[1846.6,1623.7]]}},{"type":"Feature","properties":{"id":"p:equipos:702","n":1,"sc":"#808080"},"geometry":{"type":"LineString","coordinates":[[1845.1,1636.2],[1845.1,1636.2]]}},{"type":"Feature","properties":{"id":"p:equipos:703","n":1,"sc":"#808080"},"geometry":{"type":"LineString","coordinates":[[1825.9,1631.8],[1825.9,1631.8]]}},{"type":"Feature","properties":{"id":"p:equipos:704","n":1,"sc":"#808080"},"geometry":{"type":"LineString","coordinates":[[1826.4,1631.8],[1826.4,1631.8]]}},{"type":"Feature","properties":{"id":"p:equipos:705","n":1,"sc":"#808080"},"geometry":{"type":"LineString","coordinates":[[1843.2,1636.2],[1843.2,1636.2]]}},{"type":"Feature","properties":{"id":"p:equipos:706","n":1,"sc":"#808080"},"geometry":{"type":"LineString","coordinates":[[1846.6,1628],[1846.6,1627.5]]}},{"type":"Feature","properties":{"id":"p:equipos:707","n":1,"sc":"#808080"},"geometry":{"type":"LineString","coordinates":[[1830.7,1624.6],[1832.6,1626.1]]}},{"type":"Feature","properties":{"id":"p:equipos:708","n":1,"sc":"#808080"},"geometry":{"type":"LineString","coordinates":[[1832.6,1626.1],[1833.6,1627.0]]}},{"type":"Feature","properties":{"id":"p:equipos:709","n":1,"sc":"#808080"},"geometry":{"type":"LineString","coordinates":[[1827.8,1624.6],[1828.3,1624.2]]}},{"type":"Feature","properties":{"id":"p:equipos:710","n":1,"sc":"#808080"},"geometry":{"type":"LineString","coordinates":[[1829.3,1629.0],[1827.8,1627.0]]}},{"type":"Feature","properties":{"id":"p:equipos:711","n":4,"sc":"#808080"},"geometry":{"type":"LineString","coordinates":[[1831.1,1623.9],[1830.9,1623.7],[1830.7,1623.6],[1830.5,1623.5],[1830.3,1623.4]]}},{"type":"Feature","properties":{"id":"p:equipos:712","n":1,"sc":"#808080"},"geometry":{"type":"LineString","coordinates":[[1832.6,1629.4],[1833.1,1629.4]]}},{"type":"Feature","properties":{"id":"p:equipos:713","n":4,"sc":"#808080"},"geometry":{"type":"LineString","coordinates":[[1827.0,1626.6],[1827.1,1626.7],[1827.1,1626.9],[1827.2,1627.0],[1827.3,1627.1]]}},{"type":"Feature","properties":{"id":"p:equipos:714","n":1,"sc":"#808080"},"geometry":{"type":"LineString","coordinates":[[1832.6,1633.3],[1832.6,1633.3]]}},{"type":"Feature","properties":{"id":"p:equipos:715","n":1,"sc":"#808080"},"geometry":{"type":"LineString","coordinates":[[1849.9,1630.4],[1849.9,1630.4]]}},{"type":"Feature","properties":{"id":"p:equipos:716","n":1,"sc":"#808080"},"geometry":{"type":"LineString","coordinates":[[1849.4,1629.9],[1847.0,1628]]}},{"type":"Feature","properties":{"id":"p:equipos:717","n":1,"sc":"#808080"},"geometry":{"type":"LineString","coordinates":[[1832.2,1630.4],[1832.2,1630.4]]}},{"type":"Feature","properties":{"id":"p:equipos:718","n":1,"sc":"#808080"},"geometry":{"type":"LineString","coordinates":[[1831.7,1629.4],[1832.2,1629.4]]}},{"type":"Feature","properties":{"id":"p:equipos:719","n":2,"sc":"#808080"},"geometry":{"type":"LineString","coordinates":[[1833.6,1629.4],[1835.0,1627.0],[1837.4,1626.1]]}},{"type":"Feature","properties":{"id":"p:equipos:720","n":4,"sc":"#808080"},"geometry":{"type":"LineString","coordinates":[[1841.3,1630.4],[1841.3,1628.5],[1840.3,1627.5],[1838.9,1626.6],[1837.4,1626.1]]}},{"type":"Feature","properties":{"id":"p:equipos:721","n":4,"sc":"#808080"},"geometry":{"type":"LineString","coordinates":[[1837.4,1626.1],[1836,1626.6],[1834.6,1627.5],[1833.6,1629.0],[1833.6,1630.4]]}},{"type":"Feature","properties":{"id":"p:equipos:722","n":4,"sc":"#808080"},"geometry":{"type":"LineString","coordinates":[[1841.3,1632.8],[1839.8,1631.4],[1837.4,1630.9],[1835.0,1631.4],[1833.6,1632.8]]}},{"type":"Feature","properties":{"id":"p:equipos:723","n":1,"sc":"#808080"},"geometry":{"type":"LineString","coordinates":[[1841.3,1630.4],[1841.3,1632.8]]}},{"type":"Feature","properties":{"id":"p:equipos:724","n":1,"sc":"#808080"},"geometry":{"type":"LineString","coordinates":[[1833.6,1630.4],[1833.6,1632.8]]}},{"type":"Feature","properties":{"id":"p:equipos:725","n":4,"sc":"#808080"},"geometry":{"type":"LineString","coordinates":[[1812.2,1634.3],[1812.1,1634.2],[1811.9,1634.1],[1811.8,1634.0],[1811.6,1633.9]]}},{"type":"Feature","properties":{"id":"p:equipos:726","n":2,"sc":"#808080"},"geometry":{"type":"LineString","coordinates":[[1802.9,1629.9],[1804.8,1629.9],[1806.7,1631.4]]}},{"type":"Feature","properties":{"id":"p:equipos:727","n":1,"sc":"#808080"},"geometry":{"type":"LineString","coordinates":[[1784.2,1632.8],[1785.1,1631.4]]}},{"type":"Feature","properties":{"id":"p:equipos:728","n":2,"sc":"#808080"},"geometry":{"type":"LineString","coordinates":[[1788,1640.5],[1786.1,1640],[1784.6,1639.0]]}},{"type":"Feature","properties":{"id":"p:equipos:729","n":1,"sc":"#808080"},"geometry":{"type":"LineString","coordinates":[[1791.8,1640.5],[1788,1640.5]]}},{"type":"Feature","properties":{"id":"p:equipos:730","n":1,"sc":"#808080"},"geometry":{"type":"LineString","coordinates":[[1801.0,1634.7],[1801.0,1634.7]]}},{"type":"Feature","properties":{"id":"p:equipos:731","n":1,"sc":"#808080"},"geometry":{"type":"LineString","coordinates":[[1800,1629.9],[1802.9,1629.9]]}},{"type":"Feature","properties":{"id":"p:equipos:732","n":1,"sc":"#808080"},"geometry":{"type":"LineString","coordinates":[[1789.0,1629.9],[1791.8,1629.9]]}},{"type":"Feature","properties":{"id":"p:equipos:733","n":1,"sc":"#808080"},"geometry":{"type":"LineString","coordinates":[[1800,1640.5],[1791.8,1640.5]]}},{"type":"Feature","properties":{"id":"p:equipos:734","n":1,"sc":"#808080"},"geometry":{"type":"LineString","coordinates":[[1803.8,1640.5],[1800,1640.5]]}},{"type":"Feature","properties":{"id":"p:equipos:735","n":2,"sc":"#808080"},"geometry":{"type":"LineString","coordinates":[[1785.1,1631.4],[1787.0,1630.4],[1789.0,1629.9]]}},{"type":"Feature","properties":{"id":"p:equipos:736","n":1,"sc":"#808080"},"geometry":{"type":"LineString","coordinates":[[1806.7,1631.4],[1807.7,1632.8]]}},{"type":"Feature","properties":{"id":"p:equipos:737","n":2,"sc":"#808080"},"geometry":{"type":"LineString","coordinates":[[1807.2,1638.6],[1805.8,1640],[1803.8,1640.5]]}},{"type":"Feature","properties":{"id":"p:equipos:738","n":1,"sc":"#808080"},"geometry":{"type":"LineString","coordinates":[[1808.2,1630.4],[1808.6,1630.4]]}},{"type":"Feature","properties":{"id":"p:equipos:739","n":2,"sc":"#808080"},"geometry":{"type":"LineString","coordinates":[[1802.9,1627.5],[1804.3,1627.5],[1805.8,1628.5]]}},{"type":"Feature","properties":{"id":"p:equipos:740","n":1,"sc":"#808080"},"geometry":{"type":"LineString","coordinates":[[1805.8,1628.5],[1806.2,1629.0]]}},{"type":"Feature","properties":{"id":"p:equipos:741","n":1,"sc":"#808080"},"geometry":{"type":"LineString","coordinates":[[1805.3,1628.5],[1805.3,1628.5]]}},{"type":"Feature","properties":{"id":"p:equipos:742","n":1,"sc":"#808080"},"geometry":{"type":"LineString","coordinates":[[1805.3,1628.5],[1805.3,1628.5]]}},{"type":"Feature","properties":{"id":"p:equipos:743","n":1,"sc":"#808080"},"geometry":{"type":"LineString","coordinates":[[1803.8,1629.4],[1803.8,1629.4]]}},{"type":"Feature","properties":{"id":"p:equipos:744","n":1,"sc":"#808080"},"geometry":{"type":"LineString","coordinates":[[1806.7,1629.4],[1807.2,1629.4]]}},{"type":"Feature","properties":{"id":"p:equipos:745","n":1,"sc":"#808080"},"geometry":{"type":"LineString","coordinates":[[1808.2,1630.4],[1808.2,1630.4]]}},{"type":"Feature","properties":{"id":"p:equipos:746","n":1,"sc":"#808080"},"geometry":{"type":"LineString","coordinates":[[1808.2,1630.4],[1808.2,1630.4]]}},{"type":"Feature","properties":{"id":"p:equipos:747","n":1,"sc":"#808080"},"geometry":{"type":"LineString","coordinates":[[1806.2,1630.4],[1806.2,1630.4]]}},{"type":"Feature","properties":{"id":"p:equipos:748","n":1,"sc":"#808080"},"geometry":{"type":"LineString","coordinates":[[1803.4,1627.5],[1806.2,1629.4]]}},{"type":"Feature","properties":{"id":"p:equipos:749","n":1,"sc":"#808080"},"geometry":{"type":"LineString","coordinates":[[1804.8,1629.9],[1802.9,1628.5]]}},{"type":"Feature","properties":{"id":"p:equipos:750","n":4,"sc":"#808080"},"geometry":{"type":"LineString","coordinates":[[1800.2,1633.7],[1800.2,1633.7],[1800.2,1633.7],[1800.2,1633.7],[1800.2,1633.7]]}},{"type":"Feature","properties":{"id":"p:equipos:751","n":4,"sc":"#808080"},"geometry":{"type":"LineString","coordinates":[[1809.8,1631.1],[1809.4,1630.8],[1808.9,1630.7],[1808.3,1630.8],[1807.7,1631.1]]}},{"type":"Feature","properties":{"id":"p:equipos:752","n":1,"sc":"#808080"},"geometry":{"type":"LineString","coordinates":[[1808.2,1630.4],[1808.2,1630.4]]}},{"type":"Feature","properties":{"id":"p:equipos:753","n":1,"sc":"#808080"},"geometry":{"type":"LineString","coordinates":[[1784.6,1631.8],[1784.6,1631.8]]}},{"type":"Feature","properties":{"id":"p:equipos:754","n":1,"sc":"#808080"},"geometry":{"type":"LineString","coordinates":[[1784.2,1632.3],[1784.6,1631.8]]}},{"type":"Feature","properties":{"id":"p:equipos:755","n":4,"sc":"#808080"},"geometry":{"type":"LineString","coordinates":[[1805.5,1628.1],[1805.5,1628.1],[1805.4,1628.1],[1805.4,1628.1],[1805.4,1628.1]]}},{"type":"Feature","properties":{"id":"p:equipos:756","n":2,"sc":"#808080"},"geometry":{"type":"LineString","coordinates":[[1788.5,1629.9],[1789.9,1629.4],[1791.4,1629.4]]}},{"type":"Feature","properties":{"id":"p:equipos:757","n":1,"sc":"#808080"},"geometry":{"type":"LineString","coordinates":[[1784.2,1631.8],[1785.1,1631.4]]}},{"type":"Feature","properties":{"id":"p:equipos:758","n":1,"sc":"#808080"},"geometry":{"type":"LineString","coordinates":[[1802.9,1628],[1802.9,1628]]}},{"type":"Feature","properties":{"id":"p:equipos:759","n":1,"sc":"#808080"},"geometry":{"type":"LineString","coordinates":[[1789.4,1629.9],[1789.9,1629.4]]}},{"type":"Feature","properties":{"id":"p:equipos:760","n":1,"sc":"#808080"},"geometry":{"type":"LineString","coordinates":[[1791.4,1631.4],[1791.4,1631.4]]}},{"type":"Feature","properties":{"id":"p:equipos:761","n":1,"sc":"#808080"},"geometry":{"type":"LineString","coordinates":[[1785.1,1631.4],[1785.1,1631.4]]}},{"type":"Feature","properties":{"id":"p:equipos:762","n":1,"sc":"#808080"},"geometry":{"type":"LineString","coordinates":[[1784.2,1632.8],[1784.2,1632.8]]}},{"type":"Feature","properties":{"id":"p:equipos:763","n":1,"sc":"#808080"},"geometry":{"type":"LineString","coordinates":[[1800.5,1631.4],[1800.5,1631.4]]}},{"type":"Feature","properties":{"id":"p:equipos:764","n":1,"sc":"#808080"},"geometry":{"type":"LineString","coordinates":[[1803.4,1629.0],[1803.4,1629.0]]}},{"type":"Feature","properties":{"id":"p:equipos:765","n":1,"sc":"#808080"},"geometry":{"type":"LineString","coordinates":[[1801.4,1630.4],[1801.4,1630.4]]}},{"type":"Feature","properties":{"id":"p:equipos:766","n":1,"sc":"#808080"},"geometry":{"type":"LineString","coordinates":[[1776.5,1632.8],[1776.5,1632.8]]}},{"type":"Feature","properties":{"id":"p:equipos:767","n":1,"sc":"#808080"},"geometry":{"type":"LineString","coordinates":[[1783.7,1632.3],[1776.5,1632.8]]}},{"type":"Feature","properties":{"id":"p:equipos:768","n":4,"sc":"#808080"},"geometry":{"type":"LineString","coordinates":[[1804.3,1629.7],[1803.9,1629.5],[1803.4,1629.5],[1803.0,1629.4],[1802.5,1629.5]]}},{"type":"Feature","properties":{"id":"p:equipos:769","n":4,"sc":"#808080"},"geometry":{"type":"LineString","coordinates":[[1776.5,1636.6],[1775.5,1636.2],[1775.0,1634.7],[1775.5,1633.3],[1776.5,1632.8]]}},{"type":"Feature","properties":{"id":"p:equipos:770","n":1,"sc":"#808080"},"geometry":{"type":"LineString","coordinates":[[1780.3,1637.6],[1784.6,1638.6]]}},{"type":"Feature","properties":{"id":"p:equipos:771","n":1,"sc":"#808080"},"geometry":{"type":"LineString","coordinates":[[1784.2,1632.8],[1784.6,1633.8]]}},{"type":"Feature","properties":{"id":"p:equipos:772","n":1,"sc":"#808080"},"geometry":{"type":"LineString","coordinates":[[1780.8,1632.8],[1784.2,1632.8]]}},{"type":"Feature","properties":{"id":"p:equipos:773","n":1,"sc":"#808080"},"geometry":{"type":"LineString","coordinates":[[1776.5,1636.6],[1780.3,1637.6]]}},{"type":"Feature","properties":{"id":"p:equipos:774","n":8,"sc":"#808080"},"geometry":{"type":"LineString","coordinates":[[1776.0,1632.3],[1775.2,1632.6],[1774.6,1633.1],[1774.2,1633.7],[1774.1,1634.5],[1774.3,1635.3],[1774.7,1636.0],[1775.3,1636.4],[1776.1,1636.6]]}},{"type":"Feature","properties":{"id":"p:equipos:775","n":1,"sc":"#808080"},"geometry":{"type":"LineString","coordinates":[[1784.6,1633.8],[1785.1,1636.6]]}},{"type":"Feature","properties":{"id":"p:equipos:776","n":1,"sc":"#808080"},"geometry":{"type":"LineString","coordinates":[[1776.5,1632.8],[1780.8,1632.8]]}},{"type":"Feature","properties":{"id":"p:equipos:777","n":2,"sc":"#808080"},"geometry":{"type":"LineString","coordinates":[[1785.1,1636.6],[1784.6,1638.1],[1784.6,1639.0]]}},{"type":"Feature","properties":{"id":"p:equipos:778","n":1,"sc":"#808080"},"geometry":{"type":"LineString","coordinates":[[1806.7,1631.4],[1806.7,1631.4]]}},{"type":"Feature","properties":{"id":"p:equipos:779","n":4,"sc":"#808080"},"geometry":{"type":"LineString","coordinates":[[1784.1,1638.5],[1784.2,1638.5],[1784.2,1638.5],[1784.3,1638.5],[1784.3,1638.5]]}},{"type":"Feature","properties":{"id":"p:equipos:780","n":8,"sc":"#808080"},"geometry":{"type":"LineString","coordinates":[[1811.1,1638.1],[1811.7,1637.9],[1812.1,1637.6],[1812.5,1637.2],[1812.8,1636.7],[1812.9,1636.2],[1812.9,1635.6],[1812.8,1635.1],[1812.5,1634.6]]}},{"type":"Feature","properties":{"id":"p:equipos:781","n":2,"sc":"#808080"},"geometry":{"type":"LineString","coordinates":[[1806.7,1636.6],[1806.2,1635.2],[1806.7,1633.8]]}},{"type":"Feature","properties":{"id":"p:equipos:782","n":2,"sc":"#808080"},"geometry":{"type":"LineString","coordinates":[[1806.7,1633.8],[1807.2,1632.8],[1807.7,1632.8]]}},{"type":"Feature","properties":{"id":"p:equipos:783","n":2,"sc":"#808080"},"geometry":{"type":"LineString","coordinates":[[1807.2,1638.6],[1806.7,1638.1],[1806.7,1636.6]]}},{"type":"Feature","properties":{"id":"p:equipos:784","n":1,"sc":"#808080"},"geometry":{"type":"LineString","coordinates":[[1809.6,1631.4],[1812.5,1635.2]]}},{"type":"Feature","properties":{"id":"p:equipos:785","n":4,"sc":"#808080"},"geometry":{"type":"LineString","coordinates":[[1807.7,1632.6],[1807.6,1632.5],[1807.6,1632.5],[1807.5,1632.5],[1807.4,1632.5]]}},{"type":"Feature","properties":{"id":"p:equipos:786","n":1,"sc":"#808080"},"geometry":{"type":"LineString","coordinates":[[1807.2,1638.6],[1807.2,1638.6]]}},{"type":"Feature","properties":{"id":"p:equipos:787","n":1,"sc":"#808080"},"geometry":{"type":"LineString","coordinates":[[1809.6,1633.3],[1807.7,1632.8]]}},{"type":"Feature","properties":{"id":"p:equipos:788","n":2,"sc":"#808080"},"geometry":{"type":"LineString","coordinates":[[1802.9,1621.8],[1801.9,1622.2],[1801.0,1622.7]]}},{"type":"Feature","properties":{"id":"p:equipos:789","n":1,"sc":"#808080"},"geometry":{"type":"LineString","coordinates":[[1801.0,1630.4],[1801.0,1630.4]]}},{"type":"Feature","properties":{"id":"p:equipos:790","n":1,"sc":"#808080"},"geometry":{"type":"LineString","coordinates":[[1809.1,1638.6],[1807.2,1638.6]]}},{"type":"Feature","properties":{"id":"p:equipos:791","n":1,"sc":"#808080"},"geometry":{"type":"LineString","coordinates":[[1811.5,1634.2],[1809.6,1633.3]]}},{"type":"Feature","properties":{"id":"p:equipos:792","n":4,"sc":"#808080"},"geometry":{"type":"LineString","coordinates":[[1809.8,1630.6],[1809.5,1630.3],[1809.2,1630.1],[1808.8,1630.0],[1808.4,1629.9]]}},{"type":"Feature","properties":{"id":"p:equipos:793","n":3,"sc":"#808080"},"geometry":{"type":"LineString","coordinates":[[1800.5,1627.5],[1800.5,1628.5],[1800.5,1629.4],[1801.0,1629.9]]}},{"type":"Feature","properties":{"id":"p:equipos:794","n":1,"sc":"#808080"},"geometry":{"type":"LineString","coordinates":[[1806.7,1630.9],[1806.7,1630.9]]}},{"type":"Feature","properties":{"id":"p:equipos:795","n":4,"sc":"#808080"},"geometry":{"type":"LineString","coordinates":[[1791.4,1629.4],[1791.4,1629.6],[1791.4,1629.8],[1791.4,1630.0],[1791.4,1630.2]]}},{"type":"Feature","properties":{"id":"p:equipos:796","n":8,"sc":"#808080"},"geometry":{"type":"LineString","coordinates":[[1791.8,1632.6],[1791.1,1633.8],[1790.9,1635.2],[1791.0,1636.5],[1791.5,1637.8],[1792.3,1638.9],[1793.3,1639.8],[1794.6,1640.3],[1795.9,1640.5]]}},{"type":"Feature","properties":{"id":"p:equipos:797","n":2,"sc":"#808080"},"geometry":{"type":"LineString","coordinates":[[1804.8,1623.2],[1804.3,1622.2],[1803.4,1621.8]]}},{"type":"Feature","properties":{"id":"p:equipos:798","n":1,"sc":"#808080"},"geometry":{"type":"LineString","coordinates":[[1805.3,1628],[1805.3,1626.1]]}},{"type":"Feature","properties":{"id":"p:equipos:799","n":1,"sc":"#808080"},"geometry":{"type":"LineString","coordinates":[[1805.3,1628],[1804.8,1628]]}},{"type":"Feature","properties":{"id":"p:equipos:800","n":1,"sc":"#808080"},"geometry":{"type":"LineString","coordinates":[[1805.3,1628],[1805.3,1628]]}},{"type":"Feature","properties":{"id":"p:equipos:801","n":1,"sc":"#808080"},"geometry":{"type":"LineString","coordinates":[[1803.4,1636.6],[1803.4,1636.6]]}},{"type":"Feature","properties":{"id":"p:equipos:802","n":1,"sc":"#808080"},"geometry":{"type":"LineString","coordinates":[[1802.4,1636.6],[1802.4,1636.6]]}},{"type":"Feature","properties":{"id":"p:equipos:803","n":2,"sc":"#808080"},"geometry":{"type":"LineString","coordinates":[[1786.6,1624.6],[1787.5,1624.2],[1789.0,1624.2]]}},{"type":"Feature","properties":{"id":"p:equipos:804","n":1,"sc":"#808080"},"geometry":{"type":"LineString","coordinates":[[1792.3,1627.5],[1792.8,1628]]}},{"type":"Feature","properties":{"id":"p:equipos:805","n":2,"sc":"#808080"},"geometry":{"type":"LineString","coordinates":[[1786.1,1627.0],[1785.6,1625.6],[1786.1,1625.1]]}},{"type":"Feature","properties":{"id":"p:equipos:806","n":1,"sc":"#808080"},"geometry":{"type":"LineString","coordinates":[[1788,1629.9],[1787.5,1629.4]]}},{"type":"Feature","properties":{"id":"p:equipos:807","n":1,"sc":"#808080"},"geometry":{"type":"LineString","coordinates":[[1805.8,1628.5],[1805.3,1628.5]]}},{"type":"Feature","properties":{"id":"p:equipos:808","n":1,"sc":"#808080"},"geometry":{"type":"LineString","coordinates":[[1805.3,1628.5],[1804.8,1628.5]]}},{"type":"Feature","properties":{"id":"p:equipos:809","n":4,"sc":"#808080"},"geometry":{"type":"LineString","coordinates":[[1807.9,1630.1],[1807.9,1630.1],[1807.9,1630.1],[1807.9,1630.1],[1807.9,1630.1]]}},{"type":"Feature","properties":{"id":"p:equipos:810","n":1,"sc":"#808080"},"geometry":{"type":"LineString","coordinates":[[1811.0,1638.1],[1809.1,1638.6]]}},{"type":"Feature","properties":{"id":"p:equipos:811","n":1,"sc":"#808080"},"geometry":{"type":"LineString","coordinates":[[1805.3,1628.5],[1805.8,1628.5]]}},{"type":"Feature","properties":{"id":"p:equipos:812","n":3,"sc":"#808080"},"geometry":{"type":"LineString","coordinates":[[1802.9,1628.5],[1802.4,1628],[1802.4,1627.5],[1802.9,1627.5]]}},{"type":"Feature","properties":{"id":"p:equipos:813","n":3,"sc":"#808080"},"geometry":{"type":"LineString","coordinates":[[1803.8,1629.4],[1803.4,1629.4],[1803.4,1629.0],[1803.4,1628.5]]}},{"type":"Feature","properties":{"id":"p:equipos:814","n":1,"sc":"#808080"},"geometry":{"type":"LineString","coordinates":[[1802.9,1627.5],[1802.4,1628]]}},{"type":"Feature","properties":{"id":"p:equipos:815","n":1,"sc":"#808080"},"geometry":{"type":"LineString","coordinates":[[1802.4,1628],[1802.9,1628.5]]}},{"type":"Feature","properties":{"id":"p:equipos:816","n":1,"sc":"#808080"},"geometry":{"type":"LineString","coordinates":[[1804.3,1629.9],[1804.3,1629.9]]}},{"type":"Feature","properties":{"id":"p:equipos:817","n":1,"sc":"#808080"},"geometry":{"type":"LineString","coordinates":[[1805.8,1628.5],[1805.8,1628.5]]}},{"type":"Feature","properties":{"id":"p:equipos:818","n":1,"sc":"#808080"},"geometry":{"type":"LineString","coordinates":[[1804.8,1628.5],[1805.3,1628.5]]}},{"type":"Feature","properties":{"id":"p:equipos:819","n":4,"sc":"#808080"},"geometry":{"type":"LineString","coordinates":[[1806.2,1630.8],[1806.2,1630.8],[1806.2,1630.8],[1806.2,1630.8],[1806.2,1630.8]]}},{"type":"Feature","properties":{"id":"p:equipos:820","n":1,"sc":"#808080"},"geometry":{"type":"LineString","coordinates":[[1803.4,1629.0],[1803.8,1629.4]]}},{"type":"Feature","properties":{"id":"p:equipos:821","n":1,"sc":"#808080"},"geometry":{"type":"LineString","coordinates":[[1808.2,1630.4],[1808.2,1630.4]]}},{"type":"Feature","properties":{"id":"p:equipos:822","n":1,"sc":"#808080"},"geometry":{"type":"LineString","coordinates":[[1807.2,1630.4],[1807.2,1630.4]]}},{"type":"Feature","properties":{"id":"p:equipos:823","n":8,"sc":"#808080"},"geometry":{"type":"LineString","coordinates":[[1803.5,1627.1],[1803.2,1627.0],[1802.9,1627.1],[1802.7,1627.2],[1802.5,1627.4],[1802.4,1627.7],[1802.4,1627.9],[1802.5,1628.2],[1802.7,1628.4]]}},{"type":"Feature","properties":{"id":"p:equipos:824","n":1,"sc":"#808080"},"geometry":{"type":"LineString","coordinates":[[1806.2,1630.9],[1806.2,1630.4]]}},{"type":"Feature","properties":{"id":"p:equipos:825","n":1,"sc":"#808080"},"geometry":{"type":"LineString","coordinates":[[1806.2,1630.9],[1806.2,1630.9]]}},{"type":"Feature","properties":{"id":"p:equipos:826","n":1,"sc":"#808080"},"geometry":{"type":"LineString","coordinates":[[1806.2,1630.9],[1806.2,1630.9]]}},{"type":"Feature","properties":{"id":"p:equipos:827","n":1,"sc":"#808080"},"geometry":{"type":"LineString","coordinates":[[1806.2,1630.4],[1806.2,1630.9]]}},{"type":"Feature","properties":{"id":"p:equipos:828","n":4,"sc":"#808080"},"geometry":{"type":"LineString","coordinates":[[1784.1,1631.8],[1784.0,1631.8],[1783.9,1631.8],[1783.8,1631.8],[1783.7,1631.9]]}},{"type":"Feature","properties":{"id":"p:equipos:829","n":1,"sc":"#808080"},"geometry":{"type":"LineString","coordinates":[[1791.4,1629.4],[1791.4,1629.9]]}},{"type":"Feature","properties":{"id":"p:equipos:830","n":2,"sc":"#808080"},"geometry":{"type":"LineString","coordinates":[[1803.4,1627.5],[1802.9,1628],[1802.9,1628.5]]}},{"type":"Feature","properties":{"id":"p:equipos:831","n":2,"sc":"#808080"},"geometry":{"type":"LineString","coordinates":[[1806.2,1630.4],[1806.7,1629.9],[1806.2,1629.4]]}},{"type":"Feature","properties":{"id":"p:equipos:832","n":2,"sc":"#808080"},"geometry":{"type":"LineString","coordinates":[[1806.7,1631.4],[1807.2,1630.4],[1808.2,1630.4]]}},{"type":"Feature","properties":{"id":"p:equipos:833","n":1,"sc":"#808080"},"geometry":{"type":"LineString","coordinates":[[1806.7,1631.4],[1806.7,1631.4]]}},{"type":"Feature","properties":{"id":"p:equipos:834","n":1,"sc":"#808080"},"geometry":{"type":"LineString","coordinates":[[1790.9,1630.4],[1790.9,1630.4]]}},{"type":"Feature","properties":{"id":"p:equipos:835","n":1,"sc":"#808080"},"geometry":{"type":"LineString","coordinates":[[1807.7,1630.9],[1808.6,1630.4]]}},{"type":"Feature","properties":{"id":"p:equipos:836","n":4,"sc":"#808080"},"geometry":{"type":"LineString","coordinates":[[1790.7,1629.2],[1790.5,1629.0],[1790.3,1629.0],[1790.1,1629.0],[1789.9,1629.0]]}},{"type":"Feature","properties":{"id":"p:equipos:837","n":1,"sc":"#808080"},"geometry":{"type":"LineString","coordinates":[[1805.8,1628.5],[1808.2,1630.4]]}},{"type":"Feature","properties":{"id":"p:equipos:838","n":8,"sc":"#808080"},"geometry":{"type":"LineString","coordinates":[[1795.9,1640.5],[1797.3,1640.3],[1798.5,1639.7],[1799.6,1638.9],[1800.4,1637.8],[1800.9,1636.5],[1800.9,1635.1],[1800.7,1633.8],[1800.1,1632.6]]}},{"type":"Feature","properties":{"id":"p:equipos:839","n":1,"sc":"#808080"},"geometry":{"type":"LineString","coordinates":[[1807.7,1630.9],[1807.2,1631.8]]}},{"type":"Feature","properties":{"id":"p:equipos:840","n":4,"sc":"#808080"},"geometry":{"type":"LineString","coordinates":[[1800.3,1622.4],[1800.2,1622.6],[1800.1,1622.8],[1800.0,1623.0],[1800.0,1623.3]]}},{"type":"Feature","properties":{"id":"p:equipos:841","n":1,"sc":"#808080"},"geometry":{"type":"LineString","coordinates":[[1795.7,1626.6],[1795.7,1626.6]]}},{"type":"Feature","properties":{"id":"p:equipos:842","n":1,"sc":"#808080"},"geometry":{"type":"LineString","coordinates":[[1800.5,1623.7],[1800.5,1626.1]]}},{"type":"Feature","properties":{"id":"p:equipos:843","n":1,"sc":"#808080"},"geometry":{"type":"LineString","coordinates":[[1800.5,1626.1],[1800.5,1627.5]]}},{"type":"Feature","properties":{"id":"p:equipos:844","n":1,"sc":"#808080"},"geometry":{"type":"LineString","coordinates":[[1803.4,1621.8],[1802.9,1621.8]]}},{"type":"Feature","properties":{"id":"p:equipos:845","n":4,"sc":"#808080"},"geometry":{"type":"LineString","coordinates":[[1804.8,1623.3],[1804.8,1623.2],[1804.8,1623.0],[1804.7,1622.9],[1804.7,1622.7]]}},{"type":"Feature","properties":{"id":"p:equipos:846","n":1,"sc":"#808080"},"geometry":{"type":"LineString","coordinates":[[1805.3,1626.1],[1804.8,1623.7]]}},{"type":"Feature","properties":{"id":"p:equipos:847","n":1,"sc":"#808080"},"geometry":{"type":"LineString","coordinates":[[1803.8,1636.6],[1803.8,1636.6]]}},{"type":"Feature","properties":{"id":"p:equipos:848","n":1,"sc":"#808080"},"geometry":{"type":"LineString","coordinates":[[1784.6,1632.3],[1784.2,1632.3]]}},{"type":"Feature","properties":{"id":"p:equipos:849","n":1,"sc":"#808080"},"geometry":{"type":"LineString","coordinates":[[1784.6,1631.8],[1784.6,1631.8]]}},{"type":"Feature","properties":{"id":"p:equipos:850","n":1,"sc":"#808080"},"geometry":{"type":"LineString","coordinates":[[1801.9,1636.6],[1801.9,1636.6]]}},{"type":"Feature","properties":{"id":"p:equipos:851","n":1,"sc":"#808080"},"geometry":{"type":"LineString","coordinates":[[1805.3,1628],[1805.3,1628]]}},{"type":"Feature","properties":{"id":"p:equipos:852","n":1,"sc":"#808080"},"geometry":{"type":"LineString","coordinates":[[1789.4,1624.6],[1790.9,1626.1]]}},{"type":"Feature","properties":{"id":"p:equipos:853","n":1,"sc":"#808080"},"geometry":{"type":"LineString","coordinates":[[1790.9,1626.1],[1792.3,1627.5]]}},{"type":"Feature","properties":{"id":"p:equipos:854","n":1,"sc":"#808080"},"geometry":{"type":"LineString","coordinates":[[1786.1,1625.1],[1786.6,1624.6]]}},{"type":"Feature","properties":{"id":"p:equipos:855","n":1,"sc":"#808080"},"geometry":{"type":"LineString","coordinates":[[1787.5,1629.4],[1786.1,1627.5]]}},{"type":"Feature","properties":{"id":"p:equipos:856","n":4,"sc":"#808080"},"geometry":{"type":"LineString","coordinates":[[1789.3,1624.3],[1789.1,1624.2],[1789.0,1624.0],[1788.8,1623.9],[1788.6,1623.8]]}},{"type":"Feature","properties":{"id":"p:equipos:857","n":1,"sc":"#808080"},"geometry":{"type":"LineString","coordinates":[[1791.4,1629.4],[1791.4,1629.9]]}},{"type":"Feature","properties":{"id":"p:equipos:858","n":4,"sc":"#808080"},"geometry":{"type":"LineString","coordinates":[[1785.3,1627.1],[1785.3,1627.2],[1785.4,1627.4],[1785.5,1627.5],[1785.6,1627.6]]}},{"type":"Feature","properties":{"id":"p:equipos:859","n":1,"sc":"#808080"},"geometry":{"type":"LineString","coordinates":[[1791.4,1633.3],[1791.4,1633.3]]}},{"type":"Feature","properties":{"id":"p:equipos:860","n":1,"sc":"#808080"},"geometry":{"type":"LineString","coordinates":[[1808.2,1630.4],[1808.2,1630.4]]}},{"type":"Feature","properties":{"id":"p:equipos:861","n":1,"sc":"#808080"},"geometry":{"type":"LineString","coordinates":[[1808.2,1630.4],[1805.8,1628.5]]}},{"type":"Feature","properties":{"id":"p:equipos:862","n":1,"sc":"#808080"},"geometry":{"type":"LineString","coordinates":[[1790.4,1630.4],[1790.4,1630.4]]}},{"type":"Feature","properties":{"id":"p:equipos:863","n":1,"sc":"#808080"},"geometry":{"type":"LineString","coordinates":[[1789.9,1629.4],[1790.4,1629.9]]}},{"type":"Feature","properties":{"id":"p:equipos:864","n":2,"sc":"#808080"},"geometry":{"type":"LineString","coordinates":[[1791.8,1629.9],[1793.3,1627.5],[1795.7,1626.6]]}},{"type":"Feature","properties":{"id":"p:equipos:865","n":4,"sc":"#808080"},"geometry":{"type":"LineString","coordinates":[[1800,1630.4],[1799.5,1629.0],[1798.6,1627.5],[1797.6,1627.0],[1795.7,1626.6]]}},{"type":"Feature","properties":{"id":"p:equipos:866","n":4,"sc":"#808080"},"geometry":{"type":"LineString","coordinates":[[1795.7,1626.6],[1794.2,1627.0],[1793.3,1627.5],[1792.3,1629.0],[1791.8,1630.4]]}},{"type":"Feature","properties":{"id":"p:equipos:867","n":4,"sc":"#808080"},"geometry":{"type":"LineString","coordinates":[[1800,1632.8],[1798.1,1631.4],[1795.7,1630.9],[1793.8,1631.4],[1791.8,1632.8]]}},{"type":"Feature","properties":{"id":"p:equipos:868","n":1,"sc":"#808080"},"geometry":{"type":"LineString","coordinates":[[1800,1630.4],[1800,1632.8]]}},{"type":"Feature","properties":{"id":"p:equipos:869","n":1,"sc":"#808080"},"geometry":{"type":"LineString","coordinates":[[1791.8,1630.4],[1791.8,1632.8]]}},{"type":"Feature","properties":{"id":"p:equipos:870","n":4,"sc":"#808080"},"geometry":{"type":"LineString","coordinates":[[1777.7,1549.7],[1777.9,1549.8],[1778.0,1549.9],[1778.1,1550.0],[1778.3,1550.1]]}},{"type":"Feature","properties":{"id":"p:equipos:871","n":2,"sc":"#808080"},"geometry":{"type":"LineString","coordinates":[[1787.5,1555.0],[1785.1,1554.6],[1783.7,1553.1]]}},{"type":"Feature","properties":{"id":"p:equipos:872","n":1,"sc":"#808080"},"geometry":{"type":"LineString","coordinates":[[1805.8,1551.7],[1805.3,1553.1]]}},{"type":"Feature","properties":{"id":"p:equipos:873","n":2,"sc":"#808080"},"geometry":{"type":"LineString","coordinates":[[1801.9,1544],[1803.8,1544.5],[1805.8,1545.4]]}},{"type":"Feature","properties":{"id":"p:equipos:874","n":1,"sc":"#808080"},"geometry":{"type":"LineString","coordinates":[[1798.6,1544],[1801.9,1544]]}},{"type":"Feature","properties":{"id":"p:equipos:875","n":1,"sc":"#808080"},"geometry":{"type":"LineString","coordinates":[[1789.4,1549.8],[1789.4,1549.8]]}},{"type":"Feature","properties":{"id":"p:equipos:876","n":1,"sc":"#808080"},"geometry":{"type":"LineString","coordinates":[[1790.4,1554.6],[1787.5,1555.0]]}},{"type":"Feature","properties":{"id":"p:equipos:877","n":1,"sc":"#808080"},"geometry":{"type":"LineString","coordinates":[[1801.4,1554.6],[1798.1,1554.6]]}},{"type":"Feature","properties":{"id":"p:equipos:878","n":1,"sc":"#808080"},"geometry":{"type":"LineString","coordinates":[[1790.4,1544],[1798.6,1544]]}},{"type":"Feature","properties":{"id":"p:equipos:879","n":1,"sc":"#808080"},"geometry":{"type":"LineString","coordinates":[[1786.6,1544],[1790.4,1544]]}},{"type":"Feature","properties":{"id":"p:equipos:880","n":2,"sc":"#808080"},"geometry":{"type":"LineString","coordinates":[[1805.3,1553.1],[1803.4,1554.1],[1801.4,1554.6]]}},{"type":"Feature","properties":{"id":"p:equipos:881","n":1,"sc":"#808080"},"geometry":{"type":"LineString","coordinates":[[1783.7,1553.1],[1782.7,1551.7]]}},{"type":"Feature","properties":{"id":"p:equipos:882","n":2,"sc":"#808080"},"geometry":{"type":"LineString","coordinates":[[1783.2,1545.9],[1784.6,1544.5],[1786.6,1544]]}},{"type":"Feature","properties":{"id":"p:equipos:883","n":1,"sc":"#808080"},"geometry":{"type":"LineString","coordinates":[[1782.2,1554.1],[1781.8,1554.1]]}},{"type":"Feature","properties":{"id":"p:equipos:884","n":2,"sc":"#808080"},"geometry":{"type":"LineString","coordinates":[[1787.5,1557.0],[1786.1,1557.0],[1784.6,1556]]}},{"type":"Feature","properties":{"id":"p:equipos:885","n":1,"sc":"#808080"},"geometry":{"type":"LineString","coordinates":[[1784.6,1556],[1784.2,1555.5]]}},{"type":"Feature","properties":{"id":"p:equipos:886","n":1,"sc":"#808080"},"geometry":{"type":"LineString","coordinates":[[1784.6,1556],[1784.6,1556]]}},{"type":"Feature","properties":{"id":"p:equipos:887","n":1,"sc":"#808080"},"geometry":{"type":"LineString","coordinates":[[1785.1,1556],[1785.1,1556]]}},{"type":"Feature","properties":{"id":"p:equipos:888","n":1,"sc":"#808080"},"geometry":{"type":"LineString","coordinates":[[1786.6,1555.0],[1786.6,1555.0]]}},{"type":"Feature","properties":{"id":"p:equipos:889","n":1,"sc":"#808080"},"geometry":{"type":"LineString","coordinates":[[1783.7,1555.0],[1783.2,1555.0]]}},{"type":"Feature","properties":{"id":"p:equipos:890","n":1,"sc":"#808080"},"geometry":{"type":"LineString","coordinates":[[1782.2,1554.1],[1781.8,1554.1]]}},{"type":"Feature","properties":{"id":"p:equipos:891","n":1,"sc":"#808080"},"geometry":{"type":"LineString","coordinates":[[1782.2,1554.1],[1782.2,1554.1]]}},{"type":"Feature","properties":{"id":"p:equipos:892","n":1,"sc":"#808080"},"geometry":{"type":"LineString","coordinates":[[1784.2,1554.1],[1784.2,1554.1]]}},{"type":"Feature","properties":{"id":"p:equipos:893","n":1,"sc":"#808080"},"geometry":{"type":"LineString","coordinates":[[1787.0,1557.0],[1784.2,1555.0]]}},{"type":"Feature","properties":{"id":"p:equipos:894","n":1,"sc":"#808080"},"geometry":{"type":"LineString","coordinates":[[1785.6,1554.6],[1787.5,1556]]}},{"type":"Feature","properties":{"id":"p:equipos:895","n":4,"sc":"#808080"},"geometry":{"type":"LineString","coordinates":[[1789.7,1550.3],[1789.7,1550.3],[1789.7,1550.3],[1789.7,1550.3],[1789.7,1550.3]]}},{"type":"Feature","properties":{"id":"p:equipos:896","n":4,"sc":"#808080"},"geometry":{"type":"LineString","coordinates":[[1780.2,1553.4],[1780.6,1553.7],[1781.1,1553.8],[1781.6,1553.7],[1782.2,1553.4]]}},{"type":"Feature","properties":{"id":"p:equipos:897","n":1,"sc":"#808080"},"geometry":{"type":"LineString","coordinates":[[1782.2,1554.1],[1782.2,1554.1]]}},{"type":"Feature","properties":{"id":"p:equipos:898","n":1,"sc":"#808080"},"geometry":{"type":"LineString","coordinates":[[1805.8,1552.6],[1805.3,1552.6]]}},{"type":"Feature","properties":{"id":"p:equipos:899","n":1,"sc":"#808080"},"geometry":{"type":"LineString","coordinates":[[1806.2,1552.6],[1805.8,1552.6]]}},{"type":"Feature","properties":{"id":"p:equipos:900","n":4,"sc":"#808080"},"geometry":{"type":"LineString","coordinates":[[1784.4,1555.9],[1784.5,1555.9],[1784.5,1555.9],[1784.5,1555.9],[1784.5,1555.9]]}},{"type":"Feature","properties":{"id":"p:equipos:901","n":2,"sc":"#808080"},"geometry":{"type":"LineString","coordinates":[[1801.9,1554.6],[1800.5,1555.0],[1799.0,1555.0]]}},{"type":"Feature","properties":{"id":"p:equipos:902","n":1,"sc":"#808080"},"geometry":{"type":"LineString","coordinates":[[1805.8,1552.6],[1805.3,1553.1]]}},{"type":"Feature","properties":{"id":"p:equipos:903","n":1,"sc":"#808080"},"geometry":{"type":"LineString","coordinates":[[1787.5,1556.5],[1787.5,1556.5]]}},{"type":"Feature","properties":{"id":"p:equipos:904","n":1,"sc":"#808080"},"geometry":{"type":"LineString","coordinates":[[1800.5,1554.6],[1800,1555.0]]}},{"type":"Feature","properties":{"id":"p:equipos:905","n":1,"sc":"#808080"},"geometry":{"type":"LineString","coordinates":[[1798.6,1553.1],[1798.6,1553.1]]}},{"type":"Feature","properties":{"id":"p:equipos:906","n":1,"sc":"#808080"},"geometry":{"type":"LineString","coordinates":[[1805.3,1553.1],[1805.3,1553.1]]}},{"type":"Feature","properties":{"id":"p:equipos:907","n":1,"sc":"#808080"},"geometry":{"type":"LineString","coordinates":[[1805.8,1551.7],[1805.8,1551.7]]}},{"type":"Feature","properties":{"id":"p:equipos:908","n":1,"sc":"#808080"},"geometry":{"type":"LineString","coordinates":[[1789.9,1553.1],[1789.9,1553.1]]}},{"type":"Feature","properties":{"id":"p:equipos:909","n":1,"sc":"#808080"},"geometry":{"type":"LineString","coordinates":[[1786.6,1555.5],[1786.6,1555.5]]}},{"type":"Feature","properties":{"id":"p:equipos:910","n":1,"sc":"#808080"},"geometry":{"type":"LineString","coordinates":[[1789.0,1554.1],[1789.0,1554.1]]}},{"type":"Feature","properties":{"id":"p:equipos:911","n":1,"sc":"#808080"},"geometry":{"type":"LineString","coordinates":[[1813.9,1551.7],[1813.4,1551.7]]}},{"type":"Feature","properties":{"id":"p:equipos:912","n":1,"sc":"#808080"},"geometry":{"type":"LineString","coordinates":[[1806.2,1552.6],[1813.9,1551.7]]}},{"type":"Feature","properties":{"id":"p:equipos:913","n":4,"sc":"#808080"},"geometry":{"type":"LineString","coordinates":[[1785.6,1554.3],[1786.0,1554.5],[1786.5,1554.5],[1786.9,1554.6],[1787.4,1554.5]]}},{"type":"Feature","properties":{"id":"p:equipos:914","n":4,"sc":"#808080"},"geometry":{"type":"LineString","coordinates":[[1813.9,1547.8],[1814.9,1548.3],[1814.9,1549.8],[1814.4,1551.2],[1813.9,1551.7]]}},{"type":"Feature","properties":{"id":"p:equipos:915","n":1,"sc":"#808080"},"geometry":{"type":"LineString","coordinates":[[1809.6,1546.9],[1805.8,1545.9]]}},{"type":"Feature","properties":{"id":"p:equipos:916","n":1,"sc":"#808080"},"geometry":{"type":"LineString","coordinates":[[1805.8,1551.7],[1805.3,1550.7]]}},{"type":"Feature","properties":{"id":"p:equipos:917","n":1,"sc":"#808080"},"geometry":{"type":"LineString","coordinates":[[1809.1,1551.7],[1805.8,1551.7]]}},{"type":"Feature","properties":{"id":"p:equipos:918","n":1,"sc":"#808080"},"geometry":{"type":"LineString","coordinates":[[1813.9,1547.8],[1809.6,1546.9]]}},{"type":"Feature","properties":{"id":"p:equipos:919","n":8,"sc":"#808080"},"geometry":{"type":"LineString","coordinates":[[1813.9,1551.7],[1814.7,1551.4],[1815.3,1550.9],[1815.7,1550.3],[1815.8,1549.5],[1815.7,1548.7],[1815.2,1548.0],[1814.6,1547.6],[1813.8,1547.4]]}},{"type":"Feature","properties":{"id":"p:equipos:920","n":1,"sc":"#808080"},"geometry":{"type":"LineString","coordinates":[[1805.3,1550.7],[1805.3,1547.8]]}},{"type":"Feature","properties":{"id":"p:equipos:921","n":1,"sc":"#808080"},"geometry":{"type":"LineString","coordinates":[[1813.4,1551.7],[1809.1,1551.7]]}},{"type":"Feature","properties":{"id":"p:equipos:922","n":2,"sc":"#808080"},"geometry":{"type":"LineString","coordinates":[[1805.3,1547.8],[1805.8,1546.4],[1805.8,1545.4]]}},{"type":"Feature","properties":{"id":"p:equipos:923","n":1,"sc":"#808080"},"geometry":{"type":"LineString","coordinates":[[1783.7,1553.1],[1783.7,1553.1]]}},{"type":"Feature","properties":{"id":"p:equipos:924","n":4,"sc":"#808080"},"geometry":{"type":"LineString","coordinates":[[1805.8,1545.5],[1805.7,1545.5],[1805.7,1545.5],[1805.6,1545.5],[1805.6,1545.5]]}},{"type":"Feature","properties":{"id":"p:equipos:925","n":8,"sc":"#808080"},"geometry":{"type":"LineString","coordinates":[[1778.8,1545.9],[1778.2,1546.1],[1777.8,1546.4],[1777.4,1546.8],[1777.1,1547.3],[1777.0,1547.8],[1777.0,1548.4],[1777.1,1548.9],[1777.4,1549.4]]}},{"type":"Feature","properties":{"id":"p:equipos:926","n":2,"sc":"#808080"},"geometry":{"type":"LineString","coordinates":[[1783.7,1547.8],[1783.7,1549.3],[1783.7,1550.7]]}},{"type":"Feature","properties":{"id":"p:equipos:927","n":2,"sc":"#808080"},"geometry":{"type":"LineString","coordinates":[[1783.7,1550.7],[1783.2,1551.7],[1782.7,1551.7]]}},{"type":"Feature","properties":{"id":"p:equipos:928","n":2,"sc":"#808080"},"geometry":{"type":"LineString","coordinates":[[1783.2,1545.9],[1783.2,1546.4],[1783.7,1547.8]]}},{"type":"Feature","properties":{"id":"p:equipos:929","n":1,"sc":"#808080"},"geometry":{"type":"LineString","coordinates":[[1780.8,1553.1],[1777.9,1549.8]]}},{"type":"Feature","properties":{"id":"p:equipos:930","n":4,"sc":"#808080"},"geometry":{"type":"LineString","coordinates":[[1782.2,1551.4],[1782.3,1551.5],[1782.4,1551.5],[1782.4,1551.5],[1782.5,1551.5]]}},{"type":"Feature","properties":{"id":"p:equipos:931","n":1,"sc":"#808080"},"geometry":{"type":"LineString","coordinates":[[1783.2,1545.9],[1783.2,1545.9]]}},{"type":"Feature","properties":{"id":"p:equipos:932","n":1,"sc":"#808080"},"geometry":{"type":"LineString","coordinates":[[1780.8,1551.2],[1782.2,1551.7]]}},{"type":"Feature","properties":{"id":"p:equipos:933","n":2,"sc":"#808080"},"geometry":{"type":"LineString","coordinates":[[1787.5,1562.7],[1788.5,1562.2],[1789.4,1561.8]]}},{"type":"Feature","properties":{"id":"p:equipos:934","n":1,"sc":"#808080"},"geometry":{"type":"LineString","coordinates":[[1789.4,1554.1],[1789.4,1554.1]]}},{"type":"Feature","properties":{"id":"p:equipos:935","n":1,"sc":"#808080"},"geometry":{"type":"LineString","coordinates":[[1781.3,1545.9],[1783.2,1545.9]]}},{"type":"Feature","properties":{"id":"p:equipos:936","n":1,"sc":"#808080"},"geometry":{"type":"LineString","coordinates":[[1778.4,1550.2],[1780.8,1551.2]]}},{"type":"Feature","properties":{"id":"p:equipos:937","n":4,"sc":"#808080"},"geometry":{"type":"LineString","coordinates":[[1780.1,1553.4],[1780.4,1553.7],[1780.7,1553.9],[1781.1,1554.0],[1781.5,1554.1]]}},{"type":"Feature","properties":{"id":"p:equipos:938","n":3,"sc":"#808080"},"geometry":{"type":"LineString","coordinates":[[1789.9,1557.0],[1789.9,1556],[1789.9,1555.0],[1789.4,1554.6]]}},{"type":"Feature","properties":{"id":"p:equipos:939","n":1,"sc":"#808080"},"geometry":{"type":"LineString","coordinates":[[1783.7,1553.6],[1783.7,1553.6]]}},{"type":"Feature","properties":{"id":"p:equipos:940","n":4,"sc":"#808080"},"geometry":{"type":"LineString","coordinates":[[1798.0,1554.6],[1798.0,1554.4],[1798.1,1554.2],[1798.1,1554.0],[1798.1,1553.8]]}},{"type":"Feature","properties":{"id":"p:equipos:941","n":8,"sc":"#808080"},"geometry":{"type":"LineString","coordinates":[[1798.2,1551.4],[1798.8,1550.2],[1799.0,1548.8],[1798.9,1547.5],[1798.5,1546.2],[1797.6,1545.1],[1796.6,1544.2],[1795.3,1543.7],[1794.0,1543.5]]}},{"type":"Feature","properties":{"id":"p:equipos:942","n":2,"sc":"#808080"},"geometry":{"type":"LineString","coordinates":[[1785.6,1561.3],[1786.1,1562.2],[1787.0,1562.7]]}},{"type":"Feature","properties":{"id":"p:equipos:943","n":1,"sc":"#808080"},"geometry":{"type":"LineString","coordinates":[[1785.1,1556.5],[1785.1,1558.4]]}},{"type":"Feature","properties":{"id":"p:equipos:944","n":1,"sc":"#808080"},"geometry":{"type":"LineString","coordinates":[[1785.1,1556.5],[1785.6,1556.5]]}},{"type":"Feature","properties":{"id":"p:equipos:945","n":1,"sc":"#808080"},"geometry":{"type":"LineString","coordinates":[[1785.1,1556.5],[1785.1,1556.5]]}},{"type":"Feature","properties":{"id":"p:equipos:946","n":1,"sc":"#808080"},"geometry":{"type":"LineString","coordinates":[[1787.0,1548.3],[1787.0,1548.3]]}},{"type":"Feature","properties":{"id":"p:equipos:947","n":1,"sc":"#808080"},"geometry":{"type":"LineString","coordinates":[[1788,1547.8],[1788,1547.8]]}},{"type":"Feature","properties":{"id":"p:equipos:948","n":2,"sc":"#808080"},"geometry":{"type":"LineString","coordinates":[[1803.8,1559.8],[1802.9,1560.3],[1801.4,1560.3]]}},{"type":"Feature","properties":{"id":"p:equipos:949","n":1,"sc":"#808080"},"geometry":{"type":"LineString","coordinates":[[1798.1,1557.0],[1797.6,1556.5]]}},{"type":"Feature","properties":{"id":"p:equipos:950","n":2,"sc":"#808080"},"geometry":{"type":"LineString","coordinates":[[1804.3,1557.4],[1804.3,1558.9],[1803.8,1559.4]]}},{"type":"Feature","properties":{"id":"p:equipos:951","n":1,"sc":"#808080"},"geometry":{"type":"LineString","coordinates":[[1802.4,1554.6],[1802.9,1555.0]]}},{"type":"Feature","properties":{"id":"p:equipos:952","n":1,"sc":"#808080"},"geometry":{"type":"LineString","coordinates":[[1784.6,1556],[1785.1,1556]]}},{"type":"Feature","properties":{"id":"p:equipos:953","n":1,"sc":"#808080"},"geometry":{"type":"LineString","coordinates":[[1785.1,1556],[1785.1,1556]]}},{"type":"Feature","properties":{"id":"p:equipos:954","n":4,"sc":"#808080"},"geometry":{"type":"LineString","coordinates":[[1782.0,1553.9],[1782.0,1553.9],[1782.0,1553.9],[1782.0,1553.9],[1782.1,1553.9]]}},{"type":"Feature","properties":{"id":"p:equipos:955","n":1,"sc":"#808080"},"geometry":{"type":"LineString","coordinates":[[1778.9,1546.4],[1781.3,1545.9]]}},{"type":"Feature","properties":{"id":"p:equipos:956","n":1,"sc":"#808080"},"geometry":{"type":"LineString","coordinates":[[1784.6,1556],[1784.6,1556]]}},{"type":"Feature","properties":{"id":"p:equipos:957","n":3,"sc":"#808080"},"geometry":{"type":"LineString","coordinates":[[1787.5,1556],[1788,1556.5],[1788,1557.0],[1787.5,1557.0]]}},{"type":"Feature","properties":{"id":"p:equipos:958","n":3,"sc":"#808080"},"geometry":{"type":"LineString","coordinates":[[1786.6,1555.0],[1787.0,1555.0],[1787.0,1555.5],[1787.0,1556]]}},{"type":"Feature","properties":{"id":"p:equipos:959","n":1,"sc":"#808080"},"geometry":{"type":"LineString","coordinates":[[1787.5,1557.0],[1788,1556.5]]}},{"type":"Feature","properties":{"id":"p:equipos:960","n":1,"sc":"#808080"},"geometry":{"type":"LineString","coordinates":[[1788,1556.5],[1787.5,1556]]}},{"type":"Feature","properties":{"id":"p:equipos:961","n":1,"sc":"#808080"},"geometry":{"type":"LineString","coordinates":[[1785.6,1554.6],[1785.6,1554.6]]}},{"type":"Feature","properties":{"id":"p:equipos:962","n":1,"sc":"#808080"},"geometry":{"type":"LineString","coordinates":[[1784.6,1556],[1784.6,1556]]}},{"type":"Feature","properties":{"id":"p:equipos:963","n":1,"sc":"#808080"},"geometry":{"type":"LineString","coordinates":[[1785.1,1556],[1784.6,1556]]}},{"type":"Feature","properties":{"id":"p:equipos:964","n":4,"sc":"#808080"},"geometry":{"type":"LineString","coordinates":[[1783.2,1553.2],[1783.2,1553.2],[1783.2,1553.2],[1783.2,1553.2],[1783.2,1553.2]]}},{"type":"Feature","properties":{"id":"p:equipos:965","n":1,"sc":"#808080"},"geometry":{"type":"LineString","coordinates":[[1787.0,1555.5],[1786.6,1555.0]]}},{"type":"Feature","properties":{"id":"p:equipos:966","n":1,"sc":"#808080"},"geometry":{"type":"LineString","coordinates":[[1782.2,1554.1],[1782.2,1554.1]]}},{"type":"Feature","properties":{"id":"p:equipos:967","n":1,"sc":"#808080"},"geometry":{"type":"LineString","coordinates":[[1782.7,1554.1],[1782.7,1554.1]]}},{"type":"Feature","properties":{"id":"p:equipos:968","n":8,"sc":"#808080"},"geometry":{"type":"LineString","coordinates":[[1786.5,1556.9],[1786.7,1557.0],[1787.0,1556.9],[1787.2,1556.8],[1787.4,1556.6],[1787.5,1556.3],[1787.5,1556.1],[1787.4,1555.8],[1787.2,1555.6]]}},{"type":"Feature","properties":{"id":"p:equipos:969","n":1,"sc":"#808080"},"geometry":{"type":"LineString","coordinates":[[1784.2,1553.6],[1784.2,1554.1]]}},{"type":"Feature","properties":{"id":"p:equipos:970","n":1,"sc":"#808080"},"geometry":{"type":"LineString","coordinates":[[1784.2,1553.6],[1784.2,1553.6]]}},{"type":"Feature","properties":{"id":"p:equipos:971","n":1,"sc":"#808080"},"geometry":{"type":"LineString","coordinates":[[1784.2,1553.6],[1784.2,1553.6]]}},{"type":"Feature","properties":{"id":"p:equipos:972","n":1,"sc":"#808080"},"geometry":{"type":"LineString","coordinates":[[1784.2,1554.1],[1784.2,1553.6]]}},{"type":"Feature","properties":{"id":"p:equipos:973","n":4,"sc":"#808080"},"geometry":{"type":"LineString","coordinates":[[1805.9,1552.2],[1805.9,1552.2],[1806.0,1552.2],[1806.1,1552.2],[1806.2,1552.1]]}},{"type":"Feature","properties":{"id":"p:equipos:974","n":1,"sc":"#808080"},"geometry":{"type":"LineString","coordinates":[[1799.0,1555.0],[1799.0,1554.6]]}},{"type":"Feature","properties":{"id":"p:equipos:975","n":2,"sc":"#808080"},"geometry":{"type":"LineString","coordinates":[[1787.0,1557.0],[1787.5,1556.5],[1787.5,1556]]}},{"type":"Feature","properties":{"id":"p:equipos:976","n":2,"sc":"#808080"},"geometry":{"type":"LineString","coordinates":[[1784.2,1554.1],[1783.7,1555.0],[1784.2,1555.0]]}},{"type":"Feature","properties":{"id":"p:equipos:977","n":2,"sc":"#808080"},"geometry":{"type":"LineString","coordinates":[[1783.7,1553.1],[1783.2,1554.1],[1782.2,1554.1]]}},{"type":"Feature","properties":{"id":"p:equipos:978","n":1,"sc":"#808080"},"geometry":{"type":"LineString","coordinates":[[1783.7,1553.1],[1783.7,1553.1]]}},{"type":"Feature","properties":{"id":"p:equipos:979","n":1,"sc":"#808080"},"geometry":{"type":"LineString","coordinates":[[1799.5,1554.1],[1799.5,1554.1]]}},{"type":"Feature","properties":{"id":"p:equipos:980","n":1,"sc":"#808080"},"geometry":{"type":"LineString","coordinates":[[1782.7,1553.6],[1781.8,1554.1]]}},{"type":"Feature","properties":{"id":"p:equipos:981","n":4,"sc":"#808080"},"geometry":{"type":"LineString","coordinates":[[1799.2,1554.8],[1799.4,1555.0],[1799.6,1555.0],[1799.8,1555.0],[1800.0,1555.0]]}},{"type":"Feature","properties":{"id":"p:equipos:982","n":1,"sc":"#808080"},"geometry":{"type":"LineString","coordinates":[[1784.6,1556],[1782.2,1554.1]]}},{"type":"Feature","properties":{"id":"p:equipos:983","n":8,"sc":"#808080"},"geometry":{"type":"LineString","coordinates":[[1794.0,1543.5],[1792.6,1543.7],[1791.4,1544.3],[1790.3,1545.1],[1789.5,1546.2],[1789.1,1547.5],[1789.0,1548.9],[1789.2,1550.2],[1789.9,1551.4]]}},{"type":"Feature","properties":{"id":"p:equipos:984","n":1,"sc":"#808080"},"geometry":{"type":"LineString","coordinates":[[1782.7,1553.6],[1783.2,1552.6]]}},{"type":"Feature","properties":{"id":"p:equipos:985","n":4,"sc":"#808080"},"geometry":{"type":"LineString","coordinates":[[1789.2,1561.6],[1789.3,1561.4],[1789.4,1561.2],[1789.4,1561.0],[1789.4,1560.7]]}},{"type":"Feature","properties":{"id":"p:equipos:986","n":1,"sc":"#808080"},"geometry":{"type":"LineString","coordinates":[[1794.2,1557.9],[1794.2,1557.9]]}},{"type":"Feature","properties":{"id":"p:equipos:987","n":1,"sc":"#808080"},"geometry":{"type":"LineString","coordinates":[[1789.4,1560.8],[1789.9,1558.4]]}},{"type":"Feature","properties":{"id":"p:equipos:988","n":1,"sc":"#808080"},"geometry":{"type":"LineString","coordinates":[[1789.9,1558.4],[1789.9,1557.0]]}},{"type":"Feature","properties":{"id":"p:equipos:989","n":1,"sc":"#808080"},"geometry":{"type":"LineString","coordinates":[[1787.0,1562.7],[1787.5,1562.7]]}},{"type":"Feature","properties":{"id":"p:equipos:990","n":4,"sc":"#808080"},"geometry":{"type":"LineString","coordinates":[[1785.1,1560.7],[1785.1,1560.8],[1785.2,1561.0],[1785.2,1561.1],[1785.2,1561.3]]}},{"type":"Feature","properties":{"id":"p:equipos:991","n":1,"sc":"#808080"},"geometry":{"type":"LineString","coordinates":[[1785.1,1558.4],[1785.1,1560.8]]}},{"type":"Feature","properties":{"id":"p:equipos:992","n":1,"sc":"#808080"},"geometry":{"type":"LineString","coordinates":[[1786.6,1547.8],[1786.6,1547.8]]}},{"type":"Feature","properties":{"id":"p:equipos:993","n":1,"sc":"#808080"},"geometry":{"type":"LineString","coordinates":[[1805.8,1552.2],[1806.2,1552.6]]}},{"type":"Feature","properties":{"id":"p:equipos:994","n":1,"sc":"#808080"},"geometry":{"type":"LineString","coordinates":[[1805.3,1552.6],[1805.3,1552.6]]}},{"type":"Feature","properties":{"id":"p:equipos:995","n":1,"sc":"#808080"},"geometry":{"type":"LineString","coordinates":[[1788.5,1547.8],[1788.5,1547.8]]}},{"type":"Feature","properties":{"id":"p:equipos:996","n":1,"sc":"#808080"},"geometry":{"type":"LineString","coordinates":[[1785.1,1556.5],[1785.1,1556.5]]}},{"type":"Feature","properties":{"id":"p:equipos:997","n":1,"sc":"#808080"},"geometry":{"type":"LineString","coordinates":[[1801.0,1559.8],[1799.5,1558.4]]}},{"type":"Feature","properties":{"id":"p:equipos:998","n":1,"sc":"#808080"},"geometry":{"type":"LineString","coordinates":[[1799.5,1558.4],[1798.1,1557.0]]}},{"type":"Feature","properties":{"id":"p:equipos:999","n":1,"sc":"#808080"},"geometry":{"type":"LineString","coordinates":[[1803.8,1559.4],[1803.8,1559.8]]}},{"type":"Feature","properties":{"id":"p:equipos:1000","n":1,"sc":"#808080"},"geometry":{"type":"LineString","coordinates":[[1802.9,1555.0],[1804.3,1557.0]]}},{"type":"Feature","properties":{"id":"p:equipos:1001","n":4,"sc":"#808080"},"geometry":{"type":"LineString","coordinates":[[1800.6,1559.7],[1800.8,1559.8],[1801.0,1560.0],[1801.1,1560.1],[1801.3,1560.2]]}},{"type":"Feature","properties":{"id":"p:equipos:1002","n":1,"sc":"#808080"},"geometry":{"type":"LineString","coordinates":[[1799.0,1555.0],[1799.0,1554.6]]}},{"type":"Feature","properties":{"id":"p:equipos:1003","n":4,"sc":"#808080"},"geometry":{"type":"LineString","coordinates":[[1804.2,1557.4],[1804.1,1557.3],[1804.1,1557.1],[1804.0,1557.0],[1803.9,1556.9]]}},{"type":"Feature","properties":{"id":"p:equipos:1004","n":1,"sc":"#808080"},"geometry":{"type":"LineString","coordinates":[[1799.0,1551.2],[1799.0,1551.2]]}},{"type":"Feature","properties":{"id":"p:equipos:1005","n":1,"sc":"#808080"},"geometry":{"type":"LineString","coordinates":[[1781.8,1554.1],[1781.8,1554.1]]}},{"type":"Feature","properties":{"id":"p:equipos:1006","n":1,"sc":"#808080"},"geometry":{"type":"LineString","coordinates":[[1782.2,1554.1],[1784.6,1556]]}},{"type":"Feature","properties":{"id":"p:equipos:1007","n":1,"sc":"#808080"},"geometry":{"type":"LineString","coordinates":[[1799.5,1554.1],[1799.5,1554.1]]}},{"type":"Feature","properties":{"id":"p:equipos:1008","n":1,"sc":"#808080"},"geometry":{"type":"LineString","coordinates":[[1800,1555.0],[1800,1554.6]]}},{"type":"Feature","properties":{"id":"p:equipos:1009","n":2,"sc":"#808080"},"geometry":{"type":"LineString","coordinates":[[1798.1,1554.6],[1797.1,1557.0],[1794.2,1557.9]]}},{"type":"Feature","properties":{"id":"p:equipos:1010","n":4,"sc":"#808080"},"geometry":{"type":"LineString","coordinates":[[1790.4,1554.1],[1790.9,1555.5],[1791.4,1557.0],[1792.8,1557.9],[1794.2,1557.9]]}},{"type":"Feature","properties":{"id":"p:equipos:1011","n":4,"sc":"#808080"},"geometry":{"type":"LineString","coordinates":[[1794.2,1557.9],[1796.2,1557.4],[1797.1,1557.0],[1798.1,1555.5],[1798.6,1554.1]]}},{"type":"Feature","properties":{"id":"p:equipos:1012","n":4,"sc":"#808080"},"geometry":{"type":"LineString","coordinates":[[1790.4,1551.7],[1792.3,1553.1],[1794.2,1553.6],[1796.6,1553.1],[1798.6,1551.7]]}},{"type":"Feature","properties":{"id":"p:equipos:1013","n":1,"sc":"#808080"},"geometry":{"type":"LineString","coordinates":[[1790.4,1554.1],[1790.4,1551.7]]}},{"type":"Feature","properties":{"id":"p:equipos:1014","n":1,"sc":"#808080"},"geometry":{"type":"LineString","coordinates":[[1798.6,1554.1],[1798.6,1551.7]]}},{"type":"Feature","properties":{"id":"p:equipos:1015","n":4,"sc":"#808080"},"geometry":{"type":"LineString","coordinates":[[1820.0,1550.2],[1820.1,1550.3],[1820.2,1550.4],[1820.4,1550.5],[1820.5,1550.6]]}},{"type":"Feature","properties":{"id":"p:equipos:1016","n":2,"sc":"#808080"},"geometry":{"type":"LineString","coordinates":[[1829.8,1555.0],[1827.8,1554.6],[1826.4,1553.6]]}},{"type":"Feature","properties":{"id":"p:equipos:1017","n":1,"sc":"#808080"},"geometry":{"type":"LineString","coordinates":[[1848.5,1552.2],[1847.5,1553.6]]}},{"type":"Feature","properties":{"id":"p:equipos:1018","n":2,"sc":"#808080"},"geometry":{"type":"LineString","coordinates":[[1844.6,1544.5],[1846.6,1545.0],[1848,1545.9]]}},{"type":"Feature","properties":{"id":"p:equipos:1019","n":1,"sc":"#808080"},"geometry":{"type":"LineString","coordinates":[[1840.8,1544.5],[1844.6,1544.5]]}},{"type":"Feature","properties":{"id":"p:equipos:1020","n":1,"sc":"#808080"},"geometry":{"type":"LineString","coordinates":[[1831.7,1550.2],[1831.7,1550.2]]}},{"type":"Feature","properties":{"id":"p:equipos:1021","n":1,"sc":"#808080"},"geometry":{"type":"LineString","coordinates":[[1833.1,1555.0],[1829.8,1555.0]]}},{"type":"Feature","properties":{"id":"p:equipos:1022","n":1,"sc":"#808080"},"geometry":{"type":"LineString","coordinates":[[1843.7,1555.0],[1840.8,1555.0]]}},{"type":"Feature","properties":{"id":"p:equipos:1023","n":1,"sc":"#808080"},"geometry":{"type":"LineString","coordinates":[[1832.6,1544.5],[1840.8,1544.5]]}},{"type":"Feature","properties":{"id":"p:equipos:1024","n":1,"sc":"#808080"},"geometry":{"type":"LineString","coordinates":[[1829.3,1544.5],[1832.6,1544.5]]}},{"type":"Feature","properties":{"id":"p:equipos:1025","n":2,"sc":"#808080"},"geometry":{"type":"LineString","coordinates":[[1847.5,1553.6],[1846.1,1554.6],[1843.7,1555.0]]}},{"type":"Feature","properties":{"id":"p:equipos:1026","n":1,"sc":"#808080"},"geometry":{"type":"LineString","coordinates":[[1826.4,1553.6],[1825.4,1552.2]]}},{"type":"Feature","properties":{"id":"p:equipos:1027","n":2,"sc":"#808080"},"geometry":{"type":"LineString","coordinates":[[1825.4,1546.4],[1826.9,1545.0],[1829.3,1544.5]]}},{"type":"Feature","properties":{"id":"p:equipos:1028","n":1,"sc":"#808080"},"geometry":{"type":"LineString","coordinates":[[1824.5,1554.6],[1824,1554.6]]}},{"type":"Feature","properties":{"id":"p:equipos:1029","n":2,"sc":"#808080"},"geometry":{"type":"LineString","coordinates":[[1830.2,1557.4],[1828.3,1557.4],[1827.4,1556.5]]}},{"type":"Feature","properties":{"id":"p:equipos:1030","n":1,"sc":"#808080"},"geometry":{"type":"LineString","coordinates":[[1827.4,1556.5],[1826.4,1556]]}},{"type":"Feature","properties":{"id":"p:equipos:1031","n":1,"sc":"#808080"},"geometry":{"type":"LineString","coordinates":[[1827.4,1556.5],[1827.4,1556.5]]}},{"type":"Feature","properties":{"id":"p:equipos:1032","n":1,"sc":"#808080"},"geometry":{"type":"LineString","coordinates":[[1827.4,1556.5],[1827.4,1556.5]]}},{"type":"Feature","properties":{"id":"p:equipos:1033","n":1,"sc":"#808080"},"geometry":{"type":"LineString","coordinates":[[1828.8,1555.5],[1828.8,1555.5]]}},{"type":"Feature","properties":{"id":"p:equipos:1034","n":1,"sc":"#808080"},"geometry":{"type":"LineString","coordinates":[[1826.4,1555.5],[1825.4,1555.5]]}},{"type":"Feature","properties":{"id":"p:equipos:1035","n":1,"sc":"#808080"},"geometry":{"type":"LineString","coordinates":[[1825.0,1554.6],[1824.5,1554.6]]}},{"type":"Feature","properties":{"id":"p:equipos:1036","n":1,"sc":"#808080"},"geometry":{"type":"LineString","coordinates":[[1825.0,1554.6],[1825.0,1554.6]]}},{"type":"Feature","properties":{"id":"p:equipos:1037","n":1,"sc":"#808080"},"geometry":{"type":"LineString","coordinates":[[1826.9,1554.6],[1826.9,1554.6]]}},{"type":"Feature","properties":{"id":"p:equipos:1038","n":1,"sc":"#808080"},"geometry":{"type":"LineString","coordinates":[[1829.3,1557.4],[1826.4,1555.5]]}},{"type":"Feature","properties":{"id":"p:equipos:1039","n":1,"sc":"#808080"},"geometry":{"type":"LineString","coordinates":[[1827.8,1555.0],[1829.8,1556.5]]}},{"type":"Feature","properties":{"id":"p:equipos:1040","n":4,"sc":"#808080"},"geometry":{"type":"LineString","coordinates":[[1831.9,1550.7],[1831.9,1550.7],[1831.9,1550.7],[1831.9,1550.7],[1831.9,1550.7]]}},{"type":"Feature","properties":{"id":"p:equipos:1041","n":4,"sc":"#808080"},"geometry":{"type":"LineString","coordinates":[[1822.9,1553.4],[1823.3,1553.7],[1823.8,1553.8],[1824.4,1553.7],[1824.9,1553.4]]}},{"type":"Feature","properties":{"id":"p:equipos:1042","n":1,"sc":"#808080"},"geometry":{"type":"LineString","coordinates":[[1825.0,1554.6],[1824.5,1554.6]]}},{"type":"Feature","properties":{"id":"p:equipos:1043","n":1,"sc":"#808080"},"geometry":{"type":"LineString","coordinates":[[1848,1553.1],[1848,1553.1]]}},{"type":"Feature","properties":{"id":"p:equipos:1044","n":1,"sc":"#808080"},"geometry":{"type":"LineString","coordinates":[[1849.0,1552.6],[1848,1553.1]]}},{"type":"Feature","properties":{"id":"p:equipos:1045","n":4,"sc":"#808080"},"geometry":{"type":"LineString","coordinates":[[1827.2,1556.3],[1827.2,1556.4],[1827.2,1556.4],[1827.2,1556.4],[1827.3,1556.4]]}},{"type":"Feature","properties":{"id":"p:equipos:1046","n":2,"sc":"#808080"},"geometry":{"type":"LineString","coordinates":[[1844.6,1555.0],[1843.2,1555.5],[1841.8,1555.5]]}},{"type":"Feature","properties":{"id":"p:equipos:1047","n":1,"sc":"#808080"},"geometry":{"type":"LineString","coordinates":[[1848.5,1553.1],[1847.5,1553.6]]}},{"type":"Feature","properties":{"id":"p:equipos:1048","n":1,"sc":"#808080"},"geometry":{"type":"LineString","coordinates":[[1830.2,1557.0],[1830.2,1557.0]]}},{"type":"Feature","properties":{"id":"p:equipos:1049","n":1,"sc":"#808080"},"geometry":{"type":"LineString","coordinates":[[1843.2,1555.0],[1842.7,1555.5]]}},{"type":"Feature","properties":{"id":"p:equipos:1050","n":1,"sc":"#808080"},"geometry":{"type":"LineString","coordinates":[[1841.3,1553.6],[1841.3,1553.6]]}},{"type":"Feature","properties":{"id":"p:equipos:1051","n":1,"sc":"#808080"},"geometry":{"type":"LineString","coordinates":[[1847.5,1553.6],[1847.5,1553.6]]}},{"type":"Feature","properties":{"id":"p:equipos:1052","n":1,"sc":"#808080"},"geometry":{"type":"LineString","coordinates":[[1848.5,1552.2],[1848.5,1552.2]]}},{"type":"Feature","properties":{"id":"p:equipos:1053","n":1,"sc":"#808080"},"geometry":{"type":"LineString","coordinates":[[1832.6,1553.6],[1832.6,1553.6]]}},{"type":"Feature","properties":{"id":"p:equipos:1054","n":1,"sc":"#808080"},"geometry":{"type":"LineString","coordinates":[[1829.3,1556],[1829.3,1556]]}},{"type":"Feature","properties":{"id":"p:equipos:1055","n":1,"sc":"#808080"},"geometry":{"type":"LineString","coordinates":[[1831.2,1554.6],[1831.2,1554.6]]}},{"type":"Feature","properties":{"id":"p:equipos:1056","n":1,"sc":"#808080"},"geometry":{"type":"LineString","coordinates":[[1856.2,1552.2],[1856.2,1552.2]]}},{"type":"Feature","properties":{"id":"p:equipos:1057","n":1,"sc":"#808080"},"geometry":{"type":"LineString","coordinates":[[1849.0,1552.6],[1856.6,1552.2]]}},{"type":"Feature","properties":{"id":"p:equipos:1058","n":4,"sc":"#808080"},"geometry":{"type":"LineString","coordinates":[[1827.8,1554.8],[1828.3,1554.9],[1828.7,1555.0],[1829.2,1555.0],[1829.6,1555.0]]}},{"type":"Feature","properties":{"id":"p:equipos:1059","n":4,"sc":"#808080"},"geometry":{"type":"LineString","coordinates":[[1856.6,1548.3],[1857.1,1548.8],[1857.6,1550.2],[1857.1,1551.2],[1856.2,1552.2]]}},{"type":"Feature","properties":{"id":"p:equipos:1060","n":1,"sc":"#808080"},"geometry":{"type":"LineString","coordinates":[[1852.3,1547.4],[1848.5,1545.9]]}},{"type":"Feature","properties":{"id":"p:equipos:1061","n":1,"sc":"#808080"},"geometry":{"type":"LineString","coordinates":[[1848.5,1552.2],[1848,1551.2]]}},{"type":"Feature","properties":{"id":"p:equipos:1062","n":1,"sc":"#808080"},"geometry":{"type":"LineString","coordinates":[[1851.8,1552.2],[1848.5,1552.2]]}},{"type":"Feature","properties":{"id":"p:equipos:1063","n":1,"sc":"#808080"},"geometry":{"type":"LineString","coordinates":[[1856.6,1548.3],[1852.3,1547.4]]}},{"type":"Feature","properties":{"id":"p:equipos:1064","n":8,"sc":"#808080"},"geometry":{"type":"LineString","coordinates":[[1856.2,1552.1],[1856.9,1551.9],[1857.5,1551.4],[1857.9,1550.7],[1858.1,1549.9],[1857.9,1549.2],[1857.5,1548.5],[1856.8,1548.0],[1856.0,1547.8]]}},{"type":"Feature","properties":{"id":"p:equipos:1065","n":1,"sc":"#808080"},"geometry":{"type":"LineString","coordinates":[[1848,1551.2],[1847.5,1548.3]]}},{"type":"Feature","properties":{"id":"p:equipos:1066","n":1,"sc":"#808080"},"geometry":{"type":"LineString","coordinates":[[1856.2,1552.2],[1851.8,1552.2]]}},{"type":"Feature","properties":{"id":"p:equipos:1067","n":2,"sc":"#808080"},"geometry":{"type":"LineString","coordinates":[[1847.5,1548.3],[1848,1546.9],[1848,1545.9]]}},{"type":"Feature","properties":{"id":"p:equipos:1068","n":1,"sc":"#808080"},"geometry":{"type":"LineString","coordinates":[[1826.4,1553.6],[1826.4,1553.6]]}},{"type":"Feature","properties":{"id":"p:equipos:1069","n":4,"sc":"#808080"},"geometry":{"type":"LineString","coordinates":[[1848.0,1546.0],[1848.0,1546.0],[1847.9,1546.0],[1847.9,1546.0],[1847.8,1546.0]]}},{"type":"Feature","properties":{"id":"p:equipos:1070","n":8,"sc":"#808080"},"geometry":{"type":"LineString","coordinates":[[1821.0,1546.4],[1820.5,1546.6],[1820.0,1546.9],[1819.6,1547.3],[1819.4,1547.8],[1819.2,1548.3],[1819.2,1548.9],[1819.4,1549.4],[1819.7,1549.9]]}},{"type":"Feature","properties":{"id":"p:equipos:1071","n":2,"sc":"#808080"},"geometry":{"type":"LineString","coordinates":[[1826.4,1548.3],[1826.4,1549.8],[1825.9,1551.2]]}},{"type":"Feature","properties":{"id":"p:equipos:1072","n":1,"sc":"#808080"},"geometry":{"type":"LineString","coordinates":[[1825.9,1551.2],[1825.4,1552.2]]}},{"type":"Feature","properties":{"id":"p:equipos:1073","n":2,"sc":"#808080"},"geometry":{"type":"LineString","coordinates":[[1825.4,1546.4],[1825.9,1546.9],[1826.4,1548.3]]}},{"type":"Feature","properties":{"id":"p:equipos:1074","n":1,"sc":"#808080"},"geometry":{"type":"LineString","coordinates":[[1823.0,1553.6],[1820.2,1549.8]]}},{"type":"Feature","properties":{"id":"p:equipos:1075","n":4,"sc":"#808080"},"geometry":{"type":"LineString","coordinates":[[1824.9,1551.9],[1825.0,1551.9],[1825.1,1552.0],[1825.2,1552.0],[1825.2,1552.0]]}},{"type":"Feature","properties":{"id":"p:equipos:1076","n":1,"sc":"#808080"},"geometry":{"type":"LineString","coordinates":[[1825.4,1546.4],[1825.4,1546.4]]}},{"type":"Feature","properties":{"id":"p:equipos:1077","n":1,"sc":"#808080"},"geometry":{"type":"LineString","coordinates":[[1823.0,1551.2],[1825.0,1552.2]]}},{"type":"Feature","properties":{"id":"p:equipos:1078","n":2,"sc":"#808080"},"geometry":{"type":"LineString","coordinates":[[1830.2,1563.2],[1831.2,1562.7],[1832.2,1562.2]]}},{"type":"Feature","properties":{"id":"p:equipos:1079","n":1,"sc":"#808080"},"geometry":{"type":"LineString","coordinates":[[1831.7,1554.6],[1831.7,1554.6]]}},{"type":"Feature","properties":{"id":"p:equipos:1080","n":1,"sc":"#808080"},"geometry":{"type":"LineString","coordinates":[[1823.5,1546.4],[1825.4,1546.4]]}},{"type":"Feature","properties":{"id":"p:equipos:1081","n":1,"sc":"#808080"},"geometry":{"type":"LineString","coordinates":[[1821.1,1550.7],[1823.0,1551.2]]}},{"type":"Feature","properties":{"id":"p:equipos:1082","n":4,"sc":"#808080"},"geometry":{"type":"LineString","coordinates":[[1822.9,1553.4],[1823.1,1553.7],[1823.4,1553.9],[1823.8,1554.0],[1824.2,1554.1]]}},{"type":"Feature","properties":{"id":"p:equipos:1083","n":3,"sc":"#808080"},"geometry":{"type":"LineString","coordinates":[[1832.6,1557.4],[1832.6,1556.5],[1832.2,1555.5],[1832.2,1555.0]]}},{"type":"Feature","properties":{"id":"p:equipos:1084","n":1,"sc":"#808080"},"geometry":{"type":"LineString","coordinates":[[1826.4,1554.1],[1826.4,1554.1]]}},{"type":"Feature","properties":{"id":"p:equipos:1085","n":4,"sc":"#808080"},"geometry":{"type":"LineString","coordinates":[[1840.7,1555.1],[1840.8,1554.9],[1840.8,1554.7],[1840.8,1554.5],[1840.8,1554.3]]}},{"type":"Feature","properties":{"id":"p:equipos:1086","n":8,"sc":"#808080"},"geometry":{"type":"LineString","coordinates":[[1840.9,1551.9],[1841.5,1550.7],[1841.8,1549.3],[1841.6,1548.0],[1841.2,1546.7],[1840.4,1545.6],[1839.3,1544.7],[1838.1,1544.2],[1836.7,1544]]}},{"type":"Feature","properties":{"id":"p:equipos:1087","n":2,"sc":"#808080"},"geometry":{"type":"LineString","coordinates":[[1827.8,1561.8],[1828.8,1562.7],[1829.8,1563.2]]}},{"type":"Feature","properties":{"id":"p:equipos:1088","n":1,"sc":"#808080"},"geometry":{"type":"LineString","coordinates":[[1827.8,1557.0],[1827.8,1558.9]]}},{"type":"Feature","properties":{"id":"p:equipos:1089","n":1,"sc":"#808080"},"geometry":{"type":"LineString","coordinates":[[1827.8,1557.0],[1827.8,1557.0]]}},{"type":"Feature","properties":{"id":"p:equipos:1090","n":1,"sc":"#808080"},"geometry":{"type":"LineString","coordinates":[[1827.8,1557.0],[1827.8,1557.0]]}},{"type":"Feature","properties":{"id":"p:equipos:1091","n":1,"sc":"#808080"},"geometry":{"type":"LineString","coordinates":[[1829.8,1548.3],[1829.8,1548.3]]}},{"type":"Feature","properties":{"id":"p:equipos:1092","n":1,"sc":"#808080"},"geometry":{"type":"LineString","coordinates":[[1830.7,1548.3],[1830.7,1548.3]]}},{"type":"Feature","properties":{"id":"p:equipos:1093","n":2,"sc":"#808080"},"geometry":{"type":"LineString","coordinates":[[1846.1,1560.3],[1845.1,1560.8],[1844.2,1560.8]]}},{"type":"Feature","properties":{"id":"p:equipos:1094","n":1,"sc":"#808080"},"geometry":{"type":"LineString","coordinates":[[1840.8,1557.4],[1840.3,1557.0]]}},{"type":"Feature","properties":{"id":"p:equipos:1095","n":2,"sc":"#808080"},"geometry":{"type":"LineString","coordinates":[[1847.0,1557.9],[1847.0,1558.9],[1846.6,1559.8]]}},{"type":"Feature","properties":{"id":"p:equipos:1096","n":1,"sc":"#808080"},"geometry":{"type":"LineString","coordinates":[[1845.1,1555.0],[1845.1,1555.5]]}},{"type":"Feature","properties":{"id":"p:equipos:1097","n":1,"sc":"#808080"},"geometry":{"type":"LineString","coordinates":[[1827.4,1556.5],[1827.4,1556.5]]}},{"type":"Feature","properties":{"id":"p:equipos:1098","n":1,"sc":"#808080"},"geometry":{"type":"LineString","coordinates":[[1827.4,1556.5],[1827.8,1556.5]]}},{"type":"Feature","properties":{"id":"p:equipos:1099","n":4,"sc":"#808080"},"geometry":{"type":"LineString","coordinates":[[1824.2,1554.4],[1824.2,1554.4],[1824.3,1554.4],[1824.3,1554.4],[1824.3,1554.4]]}},{"type":"Feature","properties":{"id":"p:equipos:1100","n":1,"sc":"#808080"},"geometry":{"type":"LineString","coordinates":[[1821.6,1546.9],[1823.5,1546.4]]}},{"type":"Feature","properties":{"id":"p:equipos:1101","n":1,"sc":"#808080"},"geometry":{"type":"LineString","coordinates":[[1827.4,1556.5],[1827.4,1556.5]]}},{"type":"Feature","properties":{"id":"p:equipos:1102","n":2,"sc":"#808080"},"geometry":{"type":"LineString","coordinates":[[1830.2,1556.5],[1830.2,1557.0],[1830.2,1557.4]]}},{"type":"Feature","properties":{"id":"p:equipos:1103","n":3,"sc":"#808080"},"geometry":{"type":"LineString","coordinates":[[1828.8,1555.5],[1829.3,1555.5],[1829.8,1556],[1829.8,1556.5]]}},{"type":"Feature","properties":{"id":"p:equipos:1104","n":1,"sc":"#808080"},"geometry":{"type":"LineString","coordinates":[[1830.2,1557.4],[1830.2,1557.0]]}},{"type":"Feature","properties":{"id":"p:equipos:1105","n":1,"sc":"#808080"},"geometry":{"type":"LineString","coordinates":[[1830.2,1557.0],[1830.2,1556.5]]}},{"type":"Feature","properties":{"id":"p:equipos:1106","n":1,"sc":"#808080"},"geometry":{"type":"LineString","coordinates":[[1828.3,1555.0],[1828.3,1555.0]]}},{"type":"Feature","properties":{"id":"p:equipos:1107","n":1,"sc":"#808080"},"geometry":{"type":"LineString","coordinates":[[1827.4,1556.5],[1827.4,1556.5]]}},{"type":"Feature","properties":{"id":"p:equipos:1108","n":1,"sc":"#808080"},"geometry":{"type":"LineString","coordinates":[[1827.8,1556.5],[1827.4,1556.5]]}},{"type":"Feature","properties":{"id":"p:equipos:1109","n":4,"sc":"#808080"},"geometry":{"type":"LineString","coordinates":[[1826.0,1553.7],[1826.0,1553.7],[1826.0,1553.7],[1826.0,1553.7],[1826.0,1553.7]]}},{"type":"Feature","properties":{"id":"p:equipos:1110","n":1,"sc":"#808080"},"geometry":{"type":"LineString","coordinates":[[1829.3,1556],[1828.8,1555.5]]}},{"type":"Feature","properties":{"id":"p:equipos:1111","n":1,"sc":"#808080"},"geometry":{"type":"LineString","coordinates":[[1825.0,1554.6],[1825.0,1554.6]]}},{"type":"Feature","properties":{"id":"p:equipos:1112","n":1,"sc":"#808080"},"geometry":{"type":"LineString","coordinates":[[1825.4,1554.6],[1825.4,1554.6]]}},{"type":"Feature","properties":{"id":"p:equipos:1113","n":8,"sc":"#808080"},"geometry":{"type":"LineString","coordinates":[[1829.2,1557.4],[1829.4,1557.4],[1829.7,1557.4],[1830.0,1557.3],[1830.1,1557.1],[1830.2,1556.8],[1830.2,1556.6],[1830.1,1556.3],[1829.9,1556.1]]}},{"type":"Feature","properties":{"id":"p:equipos:1114","n":1,"sc":"#808080"},"geometry":{"type":"LineString","coordinates":[[1826.9,1554.1],[1826.4,1554.6]]}},{"type":"Feature","properties":{"id":"p:equipos:1115","n":1,"sc":"#808080"},"geometry":{"type":"LineString","coordinates":[[1826.9,1554.1],[1826.9,1554.1]]}},{"type":"Feature","properties":{"id":"p:equipos:1116","n":1,"sc":"#808080"},"geometry":{"type":"LineString","coordinates":[[1826.9,1554.1],[1826.9,1554.1]]}},{"type":"Feature","properties":{"id":"p:equipos:1117","n":1,"sc":"#808080"},"geometry":{"type":"LineString","coordinates":[[1826.4,1554.6],[1826.9,1554.1]]}},{"type":"Feature","properties":{"id":"p:equipos:1118","n":4,"sc":"#808080"},"geometry":{"type":"LineString","coordinates":[[1848.6,1552.6],[1848.7,1552.6],[1848.7,1552.6],[1848.8,1552.6],[1848.9,1552.6]]}},{"type":"Feature","properties":{"id":"p:equipos:1119","n":1,"sc":"#808080"},"geometry":{"type":"LineString","coordinates":[[1841.8,1555.5],[1841.3,1555.0]]}},{"type":"Feature","properties":{"id":"p:equipos:1120","n":2,"sc":"#808080"},"geometry":{"type":"LineString","coordinates":[[1829.3,1557.4],[1829.8,1557.0],[1829.8,1556.5]]}},{"type":"Feature","properties":{"id":"p:equipos:1121","n":2,"sc":"#808080"},"geometry":{"type":"LineString","coordinates":[[1826.4,1554.6],[1826.4,1555.0],[1826.4,1555.5]]}},{"type":"Feature","properties":{"id":"p:equipos:1122","n":2,"sc":"#808080"},"geometry":{"type":"LineString","coordinates":[[1826.4,1553.6],[1825.4,1554.6],[1825.0,1554.6]]}},{"type":"Feature","properties":{"id":"p:equipos:1123","n":1,"sc":"#808080"},"geometry":{"type":"LineString","coordinates":[[1826.4,1553.6],[1826.4,1553.6]]}},{"type":"Feature","properties":{"id":"p:equipos:1124","n":1,"sc":"#808080"},"geometry":{"type":"LineString","coordinates":[[1842.2,1554.6],[1842.2,1554.6]]}},{"type":"Feature","properties":{"id":"p:equipos:1125","n":1,"sc":"#808080"},"geometry":{"type":"LineString","coordinates":[[1825.0,1554.1],[1824.5,1554.6]]}},{"type":"Feature","properties":{"id":"p:equipos:1126","n":4,"sc":"#808080"},"geometry":{"type":"LineString","coordinates":[[1842.0,1555.3],[1842.1,1555.4],[1842.3,1555.5],[1842.5,1555.5],[1842.7,1555.5]]}},{"type":"Feature","properties":{"id":"p:equipos:1127","n":1,"sc":"#808080"},"geometry":{"type":"LineString","coordinates":[[1827.4,1556.5],[1825.0,1554.6]]}},{"type":"Feature","properties":{"id":"p:equipos:1128","n":8,"sc":"#808080"},"geometry":{"type":"LineString","coordinates":[[1836.7,1544],[1835.3,1544.2],[1834.1,1544.7],[1833.0,1545.6],[1832.2,1546.7],[1831.8,1548.0],[1831.7,1549.4],[1832.0,1550.7],[1832.6,1551.9]]}},{"type":"Feature","properties":{"id":"p:equipos:1129","n":1,"sc":"#808080"},"geometry":{"type":"LineString","coordinates":[[1825.0,1554.1],[1825.9,1553.1]]}},{"type":"Feature","properties":{"id":"p:equipos:1130","n":4,"sc":"#808080"},"geometry":{"type":"LineString","coordinates":[[1831.9,1562.1],[1832.0,1561.9],[1832.1,1561.7],[1832.1,1561.4],[1832.2,1561.2]]}},{"type":"Feature","properties":{"id":"p:equipos:1131","n":1,"sc":"#808080"},"geometry":{"type":"LineString","coordinates":[[1837.0,1558.4],[1837.0,1558.4]]}},{"type":"Feature","properties":{"id":"p:equipos:1132","n":1,"sc":"#808080"},"geometry":{"type":"LineString","coordinates":[[1832.2,1561.3],[1832.2,1558.9]]}},{"type":"Feature","properties":{"id":"p:equipos:1133","n":1,"sc":"#808080"},"geometry":{"type":"LineString","coordinates":[[1832.2,1558.9],[1832.6,1557.4]]}},{"type":"Feature","properties":{"id":"p:equipos:1134","n":1,"sc":"#808080"},"geometry":{"type":"LineString","coordinates":[[1829.8,1563.2],[1830.2,1563.2]]}},{"type":"Feature","properties":{"id":"p:equipos:1135","n":4,"sc":"#808080"},"geometry":{"type":"LineString","coordinates":[[1827.4,1561.1],[1827.4,1561.3],[1827.4,1561.4],[1827.4,1561.6],[1827.5,1561.7]]}},{"type":"Feature","properties":{"id":"p:equipos:1136","n":1,"sc":"#808080"},"geometry":{"type":"LineString","coordinates":[[1827.8,1558.9],[1827.8,1561.3]]}},{"type":"Feature","properties":{"id":"p:equipos:1137","n":1,"sc":"#808080"},"geometry":{"type":"LineString","coordinates":[[1829.3,1548.3],[1829.3,1548.3]]}},{"type":"Feature","properties":{"id":"p:equipos:1138","n":1,"sc":"#808080"},"geometry":{"type":"LineString","coordinates":[[1848.5,1552.6],[1848.5,1552.6]]}},{"type":"Feature","properties":{"id":"p:equipos:1139","n":1,"sc":"#808080"},"geometry":{"type":"LineString","coordinates":[[1848,1553.1],[1848,1553.1]]}},{"type":"Feature","properties":{"id":"p:equipos:1140","n":1,"sc":"#808080"},"geometry":{"type":"LineString","coordinates":[[1831.2,1548.3],[1831.2,1548.3]]}},{"type":"Feature","properties":{"id":"p:equipos:1141","n":1,"sc":"#808080"},"geometry":{"type":"LineString","coordinates":[[1827.8,1557.0],[1827.8,1557.0]]}},{"type":"Feature","properties":{"id":"p:equipos:1142","n":1,"sc":"#808080"},"geometry":{"type":"LineString","coordinates":[[1843.2,1560.3],[1841.8,1558.9]]}},{"type":"Feature","properties":{"id":"p:equipos:1143","n":1,"sc":"#808080"},"geometry":{"type":"LineString","coordinates":[[1841.8,1558.9],[1840.8,1557.4]]}},{"type":"Feature","properties":{"id":"p:equipos:1144","n":1,"sc":"#808080"},"geometry":{"type":"LineString","coordinates":[[1846.6,1559.8],[1846.1,1560.3]]}},{"type":"Feature","properties":{"id":"p:equipos:1145","n":1,"sc":"#808080"},"geometry":{"type":"LineString","coordinates":[[1845.1,1555.5],[1846.6,1557.4]]}},{"type":"Feature","properties":{"id":"p:equipos:1146","n":4,"sc":"#808080"},"geometry":{"type":"LineString","coordinates":[[1842.9,1560.1],[1843.0,1560.3],[1843.2,1560.4],[1843.4,1560.5],[1843.6,1560.6]]}},{"type":"Feature","properties":{"id":"p:equipos:1147","n":1,"sc":"#808080"},"geometry":{"type":"LineString","coordinates":[[1841.8,1555.5],[1841.3,1555.0]]}},{"type":"Feature","properties":{"id":"p:equipos:1148","n":4,"sc":"#808080"},"geometry":{"type":"LineString","coordinates":[[1846.9,1557.4],[1846.8,1557.3],[1846.8,1557.1],[1846.7,1557.0],[1846.6,1556.9]]}},{"type":"Feature","properties":{"id":"p:equipos:1149","n":1,"sc":"#808080"},"geometry":{"type":"LineString","coordinates":[[1841.8,1551.7],[1841.8,1551.7]]}},{"type":"Feature","properties":{"id":"p:equipos:1150","n":1,"sc":"#808080"},"geometry":{"type":"LineString","coordinates":[[1824.5,1554.6],[1824.5,1554.6]]}},{"type":"Feature","properties":{"id":"p:equipos:1151","n":1,"sc":"#808080"},"geometry":{"type":"LineString","coordinates":[[1825.0,1554.6],[1827.4,1556.5]]}},{"type":"Feature","properties":{"id":"p:equipos:1152","n":1,"sc":"#808080"},"geometry":{"type":"LineString","coordinates":[[1842.2,1554.6],[1842.2,1554.6]]}},{"type":"Feature","properties":{"id":"p:equipos:1153","n":1,"sc":"#808080"},"geometry":{"type":"LineString","coordinates":[[1842.7,1555.5],[1842.2,1555.0]]}},{"type":"Feature","properties":{"id":"p:equipos:1154","n":2,"sc":"#808080"},"geometry":{"type":"LineString","coordinates":[[1840.8,1555.0],[1839.4,1557.4],[1837.0,1558.4]]}},{"type":"Feature","properties":{"id":"p:equipos:1155","n":4,"sc":"#808080"},"geometry":{"type":"LineString","coordinates":[[1833.1,1554.6],[1833.1,1556],[1834.1,1557.4],[1835.5,1557.9],[1837.0,1558.4]]}},{"type":"Feature","properties":{"id":"p:equipos:1156","n":4,"sc":"#808080"},"geometry":{"type":"LineString","coordinates":[[1837.0,1558.4],[1838.4,1557.9],[1839.8,1557.4],[1840.8,1556],[1840.8,1554.6]]}},{"type":"Feature","properties":{"id":"p:equipos:1157","n":4,"sc":"#808080"},"geometry":{"type":"LineString","coordinates":[[1833.1,1552.2],[1834.6,1553.6],[1837.0,1554.1],[1839.4,1553.6],[1840.8,1552.2]]}},{"type":"Feature","properties":{"id":"p:equipos:1158","n":1,"sc":"#808080"},"geometry":{"type":"LineString","coordinates":[[1833.1,1554.6],[1833.1,1552.2]]}},{"type":"Feature","properties":{"id":"p:equipos:1159","n":1,"sc":"#808080"},"geometry":{"type":"LineString","coordinates":[[1840.8,1554.6],[1840.8,1552.2]]}},{"type":"Feature","properties":{"id":"p:equipos:1160","n":4,"sc":"#808080"},"geometry":{"type":"LineString","coordinates":[[1768.0,1634.3],[1767.9,1634.2],[1767.8,1634.1],[1767.6,1634.0],[1767.5,1633.9]]}},{"type":"Feature","properties":{"id":"p:equipos:1161","n":2,"sc":"#808080"},"geometry":{"type":"LineString","coordinates":[[1758.7,1629.9],[1761.1,1630.4],[1762.6,1631.4]]}},{"type":"Feature","properties":{"id":"p:equipos:1162","n":1,"sc":"#808080"},"geometry":{"type":"LineString","coordinates":[[1740.5,1632.8],[1741.0,1631.4]]}},{"type":"Feature","properties":{"id":"p:equipos:1163","n":2,"sc":"#808080"},"geometry":{"type":"LineString","coordinates":[[1744.3,1641.0],[1742.4,1640.5],[1740.5,1639.0]]}},{"type":"Feature","properties":{"id":"p:equipos:1164","n":1,"sc":"#808080"},"geometry":{"type":"LineString","coordinates":[[1747.7,1641.0],[1744.3,1641.0]]}},{"type":"Feature","properties":{"id":"p:equipos:1165","n":1,"sc":"#808080"},"geometry":{"type":"LineString","coordinates":[[1756.8,1634.7],[1756.8,1634.7]]}},{"type":"Feature","properties":{"id":"p:equipos:1166","n":1,"sc":"#808080"},"geometry":{"type":"LineString","coordinates":[[1755.8,1629.9],[1758.7,1629.9]]}},{"type":"Feature","properties":{"id":"p:equipos:1167","n":1,"sc":"#808080"},"geometry":{"type":"LineString","coordinates":[[1744.8,1629.9],[1748.2,1629.9]]}},{"type":"Feature","properties":{"id":"p:equipos:1168","n":1,"sc":"#808080"},"geometry":{"type":"LineString","coordinates":[[1756.3,1641.0],[1747.7,1641.0]]}},{"type":"Feature","properties":{"id":"p:equipos:1169","n":1,"sc":"#808080"},"geometry":{"type":"LineString","coordinates":[[1759.7,1641.0],[1756.3,1641.0]]}},{"type":"Feature","properties":{"id":"p:equipos:1170","n":2,"sc":"#808080"},"geometry":{"type":"LineString","coordinates":[[1741.0,1631.4],[1742.9,1630.4],[1744.8,1629.9]]}},{"type":"Feature","properties":{"id":"p:equipos:1171","n":1,"sc":"#808080"},"geometry":{"type":"LineString","coordinates":[[1762.6,1631.4],[1763.5,1632.8]]}},{"type":"Feature","properties":{"id":"p:equipos:1172","n":2,"sc":"#808080"},"geometry":{"type":"LineString","coordinates":[[1763.0,1639.0],[1761.6,1640.5],[1759.7,1641.0]]}},{"type":"Feature","properties":{"id":"p:equipos:1173","n":1,"sc":"#808080"},"geometry":{"type":"LineString","coordinates":[[1764.5,1630.9],[1764.5,1630.9]]}},{"type":"Feature","properties":{"id":"p:equipos:1174","n":2,"sc":"#808080"},"geometry":{"type":"LineString","coordinates":[[1758.7,1627.5],[1760.2,1627.5],[1761.6,1628.5]]}},{"type":"Feature","properties":{"id":"p:equipos:1175","n":1,"sc":"#808080"},"geometry":{"type":"LineString","coordinates":[[1761.6,1628.5],[1762.1,1629.0]]}},{"type":"Feature","properties":{"id":"p:equipos:1176","n":1,"sc":"#808080"},"geometry":{"type":"LineString","coordinates":[[1761.6,1628.5],[1761.6,1628.5]]}},{"type":"Feature","properties":{"id":"p:equipos:1177","n":1,"sc":"#808080"},"geometry":{"type":"LineString","coordinates":[[1761.1,1628.5],[1761.1,1628.5]]}},{"type":"Feature","properties":{"id":"p:equipos:1178","n":1,"sc":"#808080"},"geometry":{"type":"LineString","coordinates":[[1759.7,1629.4],[1759.7,1629.4]]}},{"type":"Feature","properties":{"id":"p:equipos:1179","n":1,"sc":"#808080"},"geometry":{"type":"LineString","coordinates":[[1762.6,1629.4],[1763.0,1629.9]]}},{"type":"Feature","properties":{"id":"p:equipos:1180","n":1,"sc":"#808080"},"geometry":{"type":"LineString","coordinates":[[1764,1630.4],[1764.5,1630.9]]}},{"type":"Feature","properties":{"id":"p:equipos:1181","n":1,"sc":"#808080"},"geometry":{"type":"LineString","coordinates":[[1764,1630.4],[1764,1630.4]]}},{"type":"Feature","properties":{"id":"p:equipos:1182","n":1,"sc":"#808080"},"geometry":{"type":"LineString","coordinates":[[1762.1,1630.9],[1762.1,1630.9]]}},{"type":"Feature","properties":{"id":"p:equipos:1183","n":1,"sc":"#808080"},"geometry":{"type":"LineString","coordinates":[[1759.2,1627.5],[1762.1,1629.4]]}},{"type":"Feature","properties":{"id":"p:equipos:1184","n":1,"sc":"#808080"},"geometry":{"type":"LineString","coordinates":[[1760.6,1630.4],[1758.7,1628.5]]}},{"type":"Feature","properties":{"id":"p:equipos:1185","n":4,"sc":"#808080"},"geometry":{"type":"LineString","coordinates":[[1756.1,1633.7],[1756.1,1633.7],[1756.1,1633.7],[1756.1,1633.7],[1756.1,1633.7]]}},{"type":"Feature","properties":{"id":"p:equipos:1186","n":4,"sc":"#808080"},"geometry":{"type":"LineString","coordinates":[[1765.6,1631.1],[1765.2,1630.8],[1764.7,1630.7],[1764.1,1630.8],[1763.5,1631.1]]}},{"type":"Feature","properties":{"id":"p:equipos:1187","n":1,"sc":"#808080"},"geometry":{"type":"LineString","coordinates":[[1764,1630.4],[1764.5,1630.9]]}},{"type":"Feature","properties":{"id":"p:equipos:1188","n":1,"sc":"#808080"},"geometry":{"type":"LineString","coordinates":[[1740.5,1632.3],[1741.0,1631.8]]}},{"type":"Feature","properties":{"id":"p:equipos:1189","n":1,"sc":"#808080"},"geometry":{"type":"LineString","coordinates":[[1740,1632.3],[1740.5,1632.3]]}},{"type":"Feature","properties":{"id":"p:equipos:1190","n":4,"sc":"#808080"},"geometry":{"type":"LineString","coordinates":[[1761.3,1628.1],[1761.3,1628.1],[1761.3,1628.1],[1761.2,1628.1],[1761.2,1628.1]]}},{"type":"Feature","properties":{"id":"p:equipos:1191","n":2,"sc":"#808080"},"geometry":{"type":"LineString","coordinates":[[1744.3,1629.9],[1745.8,1629.4],[1747.2,1629.4]]}},{"type":"Feature","properties":{"id":"p:equipos:1192","n":1,"sc":"#808080"},"geometry":{"type":"LineString","coordinates":[[1740.5,1632.3],[1741.0,1631.8]]}},{"type":"Feature","properties":{"id":"p:equipos:1193","n":1,"sc":"#808080"},"geometry":{"type":"LineString","coordinates":[[1758.7,1628],[1758.7,1628]]}},{"type":"Feature","properties":{"id":"p:equipos:1194","n":1,"sc":"#808080"},"geometry":{"type":"LineString","coordinates":[[1745.8,1629.9],[1746.2,1629.9]]}},{"type":"Feature","properties":{"id":"p:equipos:1195","n":1,"sc":"#808080"},"geometry":{"type":"LineString","coordinates":[[1747.7,1631.4],[1747.7,1631.4]]}},{"type":"Feature","properties":{"id":"p:equipos:1196","n":1,"sc":"#808080"},"geometry":{"type":"LineString","coordinates":[[1741.0,1631.4],[1741.0,1631.4]]}},{"type":"Feature","properties":{"id":"p:equipos:1197","n":1,"sc":"#808080"},"geometry":{"type":"LineString","coordinates":[[1740.5,1632.8],[1740.5,1632.8]]}},{"type":"Feature","properties":{"id":"p:equipos:1198","n":1,"sc":"#808080"},"geometry":{"type":"LineString","coordinates":[[1756.3,1631.4],[1756.3,1631.4]]}},{"type":"Feature","properties":{"id":"p:equipos:1199","n":1,"sc":"#808080"},"geometry":{"type":"LineString","coordinates":[[1759.7,1629.0],[1759.7,1629.0]]}},{"type":"Feature","properties":{"id":"p:equipos:1200","n":1,"sc":"#808080"},"geometry":{"type":"LineString","coordinates":[[1757.3,1630.4],[1757.3,1630.4]]}},{"type":"Feature","properties":{"id":"p:equipos:1201","n":1,"sc":"#808080"},"geometry":{"type":"LineString","coordinates":[[1732.3,1633.3],[1732.8,1633.3]]}},{"type":"Feature","properties":{"id":"p:equipos:1202","n":1,"sc":"#808080"},"geometry":{"type":"LineString","coordinates":[[1740,1632.3],[1732.3,1633.3]]}},{"type":"Feature","properties":{"id":"p:equipos:1203","n":4,"sc":"#808080"},"geometry":{"type":"LineString","coordinates":[[1760.2,1629.7],[1759.7,1629.5],[1759.3,1629.5],[1758.8,1629.4],[1758.4,1629.5]]}},{"type":"Feature","properties":{"id":"p:equipos:1204","n":4,"sc":"#808080"},"geometry":{"type":"LineString","coordinates":[[1732.3,1637.1],[1731.4,1636.2],[1731.4,1634.7],[1731.8,1633.8],[1732.3,1633.3]]}},{"type":"Feature","properties":{"id":"p:equipos:1205","n":1,"sc":"#808080"},"geometry":{"type":"LineString","coordinates":[[1736.6,1638.1],[1740.5,1639.0]]}},{"type":"Feature","properties":{"id":"p:equipos:1206","n":1,"sc":"#808080"},"geometry":{"type":"LineString","coordinates":[[1740.5,1632.8],[1741.0,1634.2]]}},{"type":"Feature","properties":{"id":"p:equipos:1207","n":1,"sc":"#808080"},"geometry":{"type":"LineString","coordinates":[[1737.1,1632.8],[1740.5,1632.8]]}},{"type":"Feature","properties":{"id":"p:equipos:1208","n":1,"sc":"#808080"},"geometry":{"type":"LineString","coordinates":[[1732.3,1637.1],[1736.6,1638.1]]}},{"type":"Feature","properties":{"id":"p:equipos:1209","n":8,"sc":"#808080"},"geometry":{"type":"LineString","coordinates":[[1731.8,1632.8],[1731.1,1633.1],[1730.5,1633.5],[1730.1,1634.2],[1729.9,1635.0],[1730.1,1635.8],[1730.5,1636.5],[1731.2,1636.9],[1732.0,1637.1]]}},{"type":"Feature","properties":{"id":"p:equipos:1210","n":1,"sc":"#808080"},"geometry":{"type":"LineString","coordinates":[[1741.0,1634.2],[1741.0,1636.6]]}},{"type":"Feature","properties":{"id":"p:equipos:1211","n":1,"sc":"#808080"},"geometry":{"type":"LineString","coordinates":[[1732.8,1633.3],[1737.1,1632.8]]}},{"type":"Feature","properties":{"id":"p:equipos:1212","n":2,"sc":"#808080"},"geometry":{"type":"LineString","coordinates":[[1741.0,1636.6],[1741.0,1638.6],[1740.5,1639.0]]}},{"type":"Feature","properties":{"id":"p:equipos:1213","n":1,"sc":"#808080"},"geometry":{"type":"LineString","coordinates":[[1762.6,1631.4],[1762.6,1631.4]]}},{"type":"Feature","properties":{"id":"p:equipos:1214","n":4,"sc":"#808080"},"geometry":{"type":"LineString","coordinates":[[1740.0,1638.5],[1740.0,1638.5],[1740.1,1638.5],[1740.1,1638.5],[1740.2,1638.5]]}},{"type":"Feature","properties":{"id":"p:equipos:1215","n":8,"sc":"#808080"},"geometry":{"type":"LineString","coordinates":[[1767.0,1638.1],[1767.5,1637.9],[1768.0,1637.6],[1768.4,1637.2],[1768.6,1636.7],[1768.8,1636.2],[1768.8,1635.6],[1768.6,1635.1],[1768.3,1634.6]]}},{"type":"Feature","properties":{"id":"p:equipos:1216","n":2,"sc":"#808080"},"geometry":{"type":"LineString","coordinates":[[1762.6,1636.6],[1762.6,1635.2],[1762.6,1634.2]]}},{"type":"Feature","properties":{"id":"p:equipos:1217","n":2,"sc":"#808080"},"geometry":{"type":"LineString","coordinates":[[1762.6,1634.2],[1763.0,1633.3],[1763.5,1632.8]]}},{"type":"Feature","properties":{"id":"p:equipos:1218","n":2,"sc":"#808080"},"geometry":{"type":"LineString","coordinates":[[1763.0,1639.0],[1763.0,1638.1],[1762.6,1636.6]]}},{"type":"Feature","properties":{"id":"p:equipos:1219","n":1,"sc":"#808080"},"geometry":{"type":"LineString","coordinates":[[1765.4,1631.4],[1768.3,1635.2]]}},{"type":"Feature","properties":{"id":"p:equipos:1220","n":4,"sc":"#808080"},"geometry":{"type":"LineString","coordinates":[[1763.5,1632.6],[1763.5,1632.5],[1763.4,1632.5],[1763.3,1632.5],[1763.2,1632.5]]}},{"type":"Feature","properties":{"id":"p:equipos:1221","n":1,"sc":"#808080"},"geometry":{"type":"LineString","coordinates":[[1763.0,1639.0],[1763.0,1639.0]]}},{"type":"Feature","properties":{"id":"p:equipos:1222","n":1,"sc":"#808080"},"geometry":{"type":"LineString","coordinates":[[1765.9,1633.8],[1764,1632.8]]}},{"type":"Feature","properties":{"id":"p:equipos:1223","n":2,"sc":"#808080"},"geometry":{"type":"LineString","coordinates":[[1758.7,1622.2],[1757.8,1622.2],[1756.8,1623.2]]}},{"type":"Feature","properties":{"id":"p:equipos:1224","n":1,"sc":"#808080"},"geometry":{"type":"LineString","coordinates":[[1756.8,1630.4],[1756.8,1630.4]]}},{"type":"Feature","properties":{"id":"p:equipos:1225","n":1,"sc":"#808080"},"geometry":{"type":"LineString","coordinates":[[1765.0,1638.6],[1763.0,1639.0]]}},{"type":"Feature","properties":{"id":"p:equipos:1226","n":1,"sc":"#808080"},"geometry":{"type":"LineString","coordinates":[[1767.8,1634.7],[1765.9,1633.8]]}},{"type":"Feature","properties":{"id":"p:equipos:1227","n":4,"sc":"#808080"},"geometry":{"type":"LineString","coordinates":[[1765.6,1631.1],[1765.4,1630.8],[1765.0,1630.6],[1764.7,1630.5],[1764.3,1630.4]]}},{"type":"Feature","properties":{"id":"p:equipos:1228","n":3,"sc":"#808080"},"geometry":{"type":"LineString","coordinates":[[1756.3,1627.5],[1756.3,1629.0],[1756.8,1629.4],[1756.8,1629.9]]}},{"type":"Feature","properties":{"id":"p:equipos:1229","n":1,"sc":"#808080"},"geometry":{"type":"LineString","coordinates":[[1762.6,1630.9],[1762.6,1630.9]]}},{"type":"Feature","properties":{"id":"p:equipos:1230","n":4,"sc":"#808080"},"geometry":{"type":"LineString","coordinates":[[1747.7,1629.4],[1747.7,1629.6],[1747.7,1629.8],[1747.7,1630.0],[1747.7,1630.2]]}},{"type":"Feature","properties":{"id":"p:equipos:1231","n":8,"sc":"#808080"},"geometry":{"type":"LineString","coordinates":[[1747.6,1632.6],[1747.0,1633.8],[1746.7,1635.2],[1746.8,1636.5],[1747.3,1637.8],[1748.1,1638.9],[1749.2,1639.8],[1750.4,1640.3],[1751.8,1640.5]]}},{"type":"Feature","properties":{"id":"p:equipos:1232","n":2,"sc":"#808080"},"geometry":{"type":"LineString","coordinates":[[1760.6,1623.2],[1760.2,1622.2],[1759.2,1622.2]]}},{"type":"Feature","properties":{"id":"p:equipos:1233","n":1,"sc":"#808080"},"geometry":{"type":"LineString","coordinates":[[1761.1,1628],[1761.1,1626.1]]}},{"type":"Feature","properties":{"id":"p:equipos:1234","n":1,"sc":"#808080"},"geometry":{"type":"LineString","coordinates":[[1761.1,1628],[1760.6,1628]]}},{"type":"Feature","properties":{"id":"p:equipos:1235","n":1,"sc":"#808080"},"geometry":{"type":"LineString","coordinates":[[1761.1,1628],[1761.1,1628]]}},{"type":"Feature","properties":{"id":"p:equipos:1236","n":1,"sc":"#808080"},"geometry":{"type":"LineString","coordinates":[[1759.2,1636.6],[1759.2,1636.6]]}},{"type":"Feature","properties":{"id":"p:equipos:1237","n":1,"sc":"#808080"},"geometry":{"type":"LineString","coordinates":[[1758.2,1636.6],[1758.2,1636.6]]}},{"type":"Feature","properties":{"id":"p:equipos:1238","n":2,"sc":"#808080"},"geometry":{"type":"LineString","coordinates":[[1742.4,1624.6],[1743.4,1624.2],[1744.8,1624.2]]}},{"type":"Feature","properties":{"id":"p:equipos:1239","n":1,"sc":"#808080"},"geometry":{"type":"LineString","coordinates":[[1748.2,1627.5],[1748.6,1628.5]]}},{"type":"Feature","properties":{"id":"p:equipos:1240","n":2,"sc":"#808080"},"geometry":{"type":"LineString","coordinates":[[1741.9,1627.0],[1741.9,1626.1],[1742.4,1625.1]]}},{"type":"Feature","properties":{"id":"p:equipos:1241","n":1,"sc":"#808080"},"geometry":{"type":"LineString","coordinates":[[1743.8,1629.9],[1743.4,1629.4]]}},{"type":"Feature","properties":{"id":"p:equipos:1242","n":1,"sc":"#808080"},"geometry":{"type":"LineString","coordinates":[[1761.6,1628.5],[1761.1,1628.5]]}},{"type":"Feature","properties":{"id":"p:equipos:1243","n":1,"sc":"#808080"},"geometry":{"type":"LineString","coordinates":[[1761.1,1628.5],[1761.1,1628.5]]}},{"type":"Feature","properties":{"id":"p:equipos:1244","n":4,"sc":"#808080"},"geometry":{"type":"LineString","coordinates":[[1763.8,1630.1],[1763.8,1630.1],[1763.7,1630.1],[1763.7,1630.1],[1763.7,1630.1]]}},{"type":"Feature","properties":{"id":"p:equipos:1245","n":1,"sc":"#808080"},"geometry":{"type":"LineString","coordinates":[[1767.4,1638.1],[1765.0,1638.6]]}},{"type":"Feature","properties":{"id":"p:equipos:1246","n":1,"sc":"#808080"},"geometry":{"type":"LineString","coordinates":[[1761.6,1628.5],[1761.6,1628.5]]}},{"type":"Feature","properties":{"id":"p:equipos:1247","n":3,"sc":"#808080"},"geometry":{"type":"LineString","coordinates":[[1758.7,1628.5],[1758.2,1628.5],[1758.2,1628],[1758.7,1627.5]]}},{"type":"Feature","properties":{"id":"p:equipos:1248","n":2,"sc":"#808080"},"geometry":{"type":"LineString","coordinates":[[1759.7,1629.4],[1759.2,1629.4],[1759.2,1629.0]]}},{"type":"Feature","properties":{"id":"p:equipos:1249","n":1,"sc":"#808080"},"geometry":{"type":"LineString","coordinates":[[1758.7,1627.5],[1758.2,1628]]}},{"type":"Feature","properties":{"id":"p:equipos:1250","n":1,"sc":"#808080"},"geometry":{"type":"LineString","coordinates":[[1758.2,1628],[1758.7,1628.5]]}},{"type":"Feature","properties":{"id":"p:equipos:1251","n":1,"sc":"#808080"},"geometry":{"type":"LineString","coordinates":[[1760.6,1629.9],[1760.6,1629.9]]}},{"type":"Feature","properties":{"id":"p:equipos:1252","n":1,"sc":"#808080"},"geometry":{"type":"LineString","coordinates":[[1761.6,1628.5],[1761.6,1628.5]]}},{"type":"Feature","properties":{"id":"p:equipos:1253","n":1,"sc":"#808080"},"geometry":{"type":"LineString","coordinates":[[1761.1,1628.5],[1761.6,1628.5]]}},{"type":"Feature","properties":{"id":"p:equipos:1254","n":4,"sc":"#808080"},"geometry":{"type":"LineString","coordinates":[[1762.5,1630.8],[1762.5,1630.8],[1762.5,1630.8],[1762.5,1630.8],[1762.5,1630.8]]}},{"type":"Feature","properties":{"id":"p:equipos:1255","n":1,"sc":"#808080"},"geometry":{"type":"LineString","coordinates":[[1759.2,1629.0],[1759.7,1629.4]]}},{"type":"Feature","properties":{"id":"p:equipos:1256","n":1,"sc":"#808080"},"geometry":{"type":"LineString","coordinates":[[1764,1630.4],[1764,1630.4]]}},{"type":"Feature","properties":{"id":"p:equipos:1257","n":1,"sc":"#808080"},"geometry":{"type":"LineString","coordinates":[[1763.5,1630.4],[1763.5,1630.4]]}},{"type":"Feature","properties":{"id":"p:equipos:1258","n":8,"sc":"#808080"},"geometry":{"type":"LineString","coordinates":[[1759.3,1627.1],[1759.0,1627.0],[1758.8,1627.1],[1758.5,1627.2],[1758.3,1627.4],[1758.2,1627.7],[1758.3,1627.9],[1758.4,1628.2],[1758.6,1628.4]]}},{"type":"Feature","properties":{"id":"p:equipos:1259","n":1,"sc":"#808080"},"geometry":{"type":"LineString","coordinates":[[1762.1,1630.9],[1762.1,1630.4]]}},{"type":"Feature","properties":{"id":"p:equipos:1260","n":1,"sc":"#808080"},"geometry":{"type":"LineString","coordinates":[[1762.1,1630.9],[1762.1,1630.9]]}},{"type":"Feature","properties":{"id":"p:equipos:1261","n":1,"sc":"#808080"},"geometry":{"type":"LineString","coordinates":[[1762.1,1630.9],[1762.1,1630.9]]}},{"type":"Feature","properties":{"id":"p:equipos:1262","n":1,"sc":"#808080"},"geometry":{"type":"LineString","coordinates":[[1762.1,1630.4],[1762.1,1630.9]]}},{"type":"Feature","properties":{"id":"p:equipos:1263","n":4,"sc":"#808080"},"geometry":{"type":"LineString","coordinates":[[1739.9,1631.8],[1739.8,1631.8],[1739.7,1631.8],[1739.7,1631.8],[1739.6,1631.9]]}},{"type":"Feature","properties":{"id":"p:equipos:1264","n":1,"sc":"#808080"},"geometry":{"type":"LineString","coordinates":[[1747.2,1629.4],[1747.2,1629.9]]}},{"type":"Feature","properties":{"id":"p:equipos:1265","n":2,"sc":"#808080"},"geometry":{"type":"LineString","coordinates":[[1759.2,1627.5],[1758.7,1628],[1758.7,1628.5]]}},{"type":"Feature","properties":{"id":"p:equipos:1266","n":2,"sc":"#808080"},"geometry":{"type":"LineString","coordinates":[[1762.1,1630.4],[1762.6,1629.9],[1762.1,1629.4]]}},{"type":"Feature","properties":{"id":"p:equipos:1267","n":2,"sc":"#808080"},"geometry":{"type":"LineString","coordinates":[[1762.6,1631.4],[1763.0,1630.4],[1764,1630.4]]}},{"type":"Feature","properties":{"id":"p:equipos:1268","n":1,"sc":"#808080"},"geometry":{"type":"LineString","coordinates":[[1762.6,1631.4],[1762.6,1631.4]]}},{"type":"Feature","properties":{"id":"p:equipos:1269","n":1,"sc":"#808080"},"geometry":{"type":"LineString","coordinates":[[1746.7,1630.9],[1746.7,1630.9]]}},{"type":"Feature","properties":{"id":"p:equipos:1270","n":1,"sc":"#808080"},"geometry":{"type":"LineString","coordinates":[[1763.5,1631.4],[1764.5,1630.9]]}},{"type":"Feature","properties":{"id":"p:equipos:1271","n":4,"sc":"#808080"},"geometry":{"type":"LineString","coordinates":[[1746.5,1629.7],[1746.3,1629.5],[1746.2,1629.5],[1746.0,1629.4],[1745.7,1629.5]]}},{"type":"Feature","properties":{"id":"p:equipos:1272","n":1,"sc":"#808080"},"geometry":{"type":"LineString","coordinates":[[1761.6,1628.5],[1764,1630.4]]}},{"type":"Feature","properties":{"id":"p:equipos:1273","n":8,"sc":"#808080"},"geometry":{"type":"LineString","coordinates":[[1751.8,1640.5],[1753.1,1640.3],[1754.4,1639.7],[1755.4,1638.9],[1756.2,1637.8],[1756.7,1636.5],[1756.8,1635.1],[1756.5,1633.8],[1755.9,1632.6]]}},{"type":"Feature","properties":{"id":"p:equipos:1274","n":1,"sc":"#808080"},"geometry":{"type":"LineString","coordinates":[[1763.5,1631.4],[1763.0,1631.8]]}},{"type":"Feature","properties":{"id":"p:equipos:1275","n":4,"sc":"#808080"},"geometry":{"type":"LineString","coordinates":[[1756.6,1622.9],[1756.5,1623.1],[1756.4,1623.3],[1756.4,1623.5],[1756.3,1623.7]]}},{"type":"Feature","properties":{"id":"p:equipos:1276","n":1,"sc":"#808080"},"geometry":{"type":"LineString","coordinates":[[1752,1626.6],[1752,1626.6]]}},{"type":"Feature","properties":{"id":"p:equipos:1277","n":1,"sc":"#808080"},"geometry":{"type":"LineString","coordinates":[[1756.8,1623.7],[1756.3,1626.1]]}},{"type":"Feature","properties":{"id":"p:equipos:1278","n":1,"sc":"#808080"},"geometry":{"type":"LineString","coordinates":[[1756.3,1626.1],[1756.3,1627.5]]}},{"type":"Feature","properties":{"id":"p:equipos:1279","n":1,"sc":"#808080"},"geometry":{"type":"LineString","coordinates":[[1759.2,1622.2],[1758.7,1622.2]]}},{"type":"Feature","properties":{"id":"p:equipos:1280","n":4,"sc":"#808080"},"geometry":{"type":"LineString","coordinates":[[1760.6,1623.8],[1760.6,1623.7],[1760.6,1623.5],[1760.6,1623.4],[1760.5,1623.2]]}},{"type":"Feature","properties":{"id":"p:equipos:1281","n":1,"sc":"#808080"},"geometry":{"type":"LineString","coordinates":[[1761.1,1626.1],[1761.1,1624.2]]}},{"type":"Feature","properties":{"id":"p:equipos:1282","n":1,"sc":"#808080"},"geometry":{"type":"LineString","coordinates":[[1759.7,1636.6],[1759.7,1636.6]]}},{"type":"Feature","properties":{"id":"p:equipos:1283","n":1,"sc":"#808080"},"geometry":{"type":"LineString","coordinates":[[1740.5,1632.3],[1740,1632.3]]}},{"type":"Feature","properties":{"id":"p:equipos:1284","n":1,"sc":"#808080"},"geometry":{"type":"LineString","coordinates":[[1741.0,1631.8],[1741.0,1631.8]]}},{"type":"Feature","properties":{"id":"p:equipos:1285","n":1,"sc":"#808080"},"geometry":{"type":"LineString","coordinates":[[1757.8,1636.6],[1757.8,1636.6]]}},{"type":"Feature","properties":{"id":"p:equipos:1286","n":1,"sc":"#808080"},"geometry":{"type":"LineString","coordinates":[[1761.1,1628],[1761.1,1628]]}},{"type":"Feature","properties":{"id":"p:equipos:1287","n":1,"sc":"#808080"},"geometry":{"type":"LineString","coordinates":[[1745.3,1624.6],[1746.7,1626.6]]}},{"type":"Feature","properties":{"id":"p:equipos:1288","n":1,"sc":"#808080"},"geometry":{"type":"LineString","coordinates":[[1746.7,1626.6],[1748.2,1627.5]]}},{"type":"Feature","properties":{"id":"p:equipos:1289","n":1,"sc":"#808080"},"geometry":{"type":"LineString","coordinates":[[1742.4,1625.1],[1742.4,1624.6]]}},{"type":"Feature","properties":{"id":"p:equipos:1290","n":1,"sc":"#808080"},"geometry":{"type":"LineString","coordinates":[[1743.4,1629.4],[1741.9,1627.5]]}},{"type":"Feature","properties":{"id":"p:equipos:1291","n":4,"sc":"#808080"},"geometry":{"type":"LineString","coordinates":[[1745.1,1624.3],[1745.0,1624.2],[1744.8,1624.0],[1744.6,1623.9],[1744.4,1623.8]]}},{"type":"Feature","properties":{"id":"p:equipos:1292","n":1,"sc":"#808080"},"geometry":{"type":"LineString","coordinates":[[1747.2,1629.4],[1747.2,1629.9]]}},{"type":"Feature","properties":{"id":"p:equipos:1293","n":4,"sc":"#808080"},"geometry":{"type":"LineString","coordinates":[[1741.6,1627.1],[1741.6,1627.2],[1741.7,1627.4],[1741.8,1627.5],[1741.9,1627.6]]}},{"type":"Feature","properties":{"id":"p:equipos:1294","n":1,"sc":"#808080"},"geometry":{"type":"LineString","coordinates":[[1747.2,1633.8],[1747.2,1633.8]]}},{"type":"Feature","properties":{"id":"p:equipos:1295","n":1,"sc":"#808080"},"geometry":{"type":"LineString","coordinates":[[1764.5,1630.9],[1764.5,1630.9]]}},{"type":"Feature","properties":{"id":"p:equipos:1296","n":1,"sc":"#808080"},"geometry":{"type":"LineString","coordinates":[[1764,1630.4],[1761.6,1628.5]]}},{"type":"Feature","properties":{"id":"p:equipos:1297","n":1,"sc":"#808080"},"geometry":{"type":"LineString","coordinates":[[1746.7,1630.4],[1746.7,1630.4]]}},{"type":"Feature","properties":{"id":"p:equipos:1298","n":1,"sc":"#808080"},"geometry":{"type":"LineString","coordinates":[[1746.2,1629.9],[1746.2,1629.9]]}},{"type":"Feature","properties":{"id":"p:equipos:1299","n":2,"sc":"#808080"},"geometry":{"type":"LineString","coordinates":[[1748.2,1629.9],[1749.1,1627.5],[1752,1626.6]]}},{"type":"Feature","properties":{"id":"p:equipos:1300","n":4,"sc":"#808080"},"geometry":{"type":"LineString","coordinates":[[1755.8,1630.4],[1755.4,1629.0],[1754.9,1628],[1753.4,1627.0],[1752,1626.6]]}},{"type":"Feature","properties":{"id":"p:equipos:1301","n":4,"sc":"#808080"},"geometry":{"type":"LineString","coordinates":[[1752,1626.6],[1750.1,1627.0],[1749.1,1628],[1748.2,1629.0],[1747.7,1630.9]]}},{"type":"Feature","properties":{"id":"p:equipos:1302","n":4,"sc":"#808080"},"geometry":{"type":"LineString","coordinates":[[1755.8,1633.3],[1753.9,1631.8],[1752,1631.4],[1749.6,1631.8],[1747.7,1633.3]]}},{"type":"Feature","properties":{"id":"p:equipos:1303","n":1,"sc":"#808080"},"geometry":{"type":"LineString","coordinates":[[1755.8,1630.4],[1755.8,1633.3]]}},{"type":"Feature","properties":{"id":"p:equipos:1304","n":1,"sc":"#808080"},"geometry":{"type":"LineString","coordinates":[[1747.7,1630.9],[1747.7,1633.3]]}},{"type":"Feature","properties":{"id":"p:equipos:1305","n":4,"sc":"#808080"},"geometry":{"type":"LineString","coordinates":[[1726.8,1634.8],[1726.6,1634.7],[1726.5,1634.6],[1726.3,1634.5],[1726.2,1634.4]]}},{"type":"Feature","properties":{"id":"p:equipos:1306","n":2,"sc":"#808080"},"geometry":{"type":"LineString","coordinates":[[1717.4,1629.9],[1719.4,1630.4],[1720.8,1631.8]]}},{"type":"Feature","properties":{"id":"p:equipos:1307","n":1,"sc":"#808080"},"geometry":{"type":"LineString","coordinates":[[1698.7,1632.8],[1699.7,1631.8]]}},{"type":"Feature","properties":{"id":"p:equipos:1308","n":2,"sc":"#808080"},"geometry":{"type":"LineString","coordinates":[[1702.6,1641.0],[1700.6,1640.5],[1699.2,1639.0]]}},{"type":"Feature","properties":{"id":"p:equipos:1309","n":1,"sc":"#808080"},"geometry":{"type":"LineString","coordinates":[[1706.4,1641.0],[1702.6,1641.0]]}},{"type":"Feature","properties":{"id":"p:equipos:1310","n":1,"sc":"#808080"},"geometry":{"type":"LineString","coordinates":[[1715.5,1634.7],[1715.5,1634.7]]}},{"type":"Feature","properties":{"id":"p:equipos:1311","n":1,"sc":"#808080"},"geometry":{"type":"LineString","coordinates":[[1714.1,1629.9],[1717.4,1629.9]]}},{"type":"Feature","properties":{"id":"p:equipos:1312","n":1,"sc":"#808080"},"geometry":{"type":"LineString","coordinates":[[1703.5,1629.9],[1706.4,1629.9]]}},{"type":"Feature","properties":{"id":"p:equipos:1313","n":1,"sc":"#808080"},"geometry":{"type":"LineString","coordinates":[[1714.6,1641.0],[1706.4,1641.0]]}},{"type":"Feature","properties":{"id":"p:equipos:1314","n":1,"sc":"#808080"},"geometry":{"type":"LineString","coordinates":[[1717.9,1641.0],[1714.6,1641.0]]}},{"type":"Feature","properties":{"id":"p:equipos:1315","n":2,"sc":"#808080"},"geometry":{"type":"LineString","coordinates":[[1699.7,1631.8],[1701.1,1630.4],[1703.5,1629.9]]}},{"type":"Feature","properties":{"id":"p:equipos:1316","n":1,"sc":"#808080"},"geometry":{"type":"LineString","coordinates":[[1720.8,1631.8],[1721.8,1632.8]]}},{"type":"Feature","properties":{"id":"p:equipos:1317","n":2,"sc":"#808080"},"geometry":{"type":"LineString","coordinates":[[1721.8,1639.0],[1720.3,1640.5],[1717.9,1641.0]]}},{"type":"Feature","properties":{"id":"p:equipos:1318","n":1,"sc":"#808080"},"geometry":{"type":"LineString","coordinates":[[1722.7,1630.9],[1723.2,1630.9]]}},{"type":"Feature","properties":{"id":"p:equipos:1319","n":2,"sc":"#808080"},"geometry":{"type":"LineString","coordinates":[[1717.0,1628],[1718.9,1628],[1719.8,1629.0]]}},{"type":"Feature","properties":{"id":"p:equipos:1320","n":1,"sc":"#808080"},"geometry":{"type":"LineString","coordinates":[[1719.8,1629.0],[1720.8,1629.4]]}},{"type":"Feature","properties":{"id":"p:equipos:1321","n":1,"sc":"#808080"},"geometry":{"type":"LineString","coordinates":[[1719.8,1629.0],[1719.8,1629.0]]}},{"type":"Feature","properties":{"id":"p:equipos:1322","n":1,"sc":"#808080"},"geometry":{"type":"LineString","coordinates":[[1719.8,1629.0],[1719.8,1629.0]]}},{"type":"Feature","properties":{"id":"p:equipos:1323","n":1,"sc":"#808080"},"geometry":{"type":"LineString","coordinates":[[1718.4,1629.4],[1718.4,1629.9]]}},{"type":"Feature","properties":{"id":"p:equipos:1324","n":1,"sc":"#808080"},"geometry":{"type":"LineString","coordinates":[[1720.8,1629.4],[1721.8,1629.9]]}},{"type":"Feature","properties":{"id":"p:equipos:1325","n":1,"sc":"#808080"},"geometry":{"type":"LineString","coordinates":[[1722.2,1630.9],[1722.7,1630.9]]}},{"type":"Feature","properties":{"id":"p:equipos:1326","n":1,"sc":"#808080"},"geometry":{"type":"LineString","coordinates":[[1722.2,1630.9],[1722.2,1630.9]]}},{"type":"Feature","properties":{"id":"p:equipos:1327","n":1,"sc":"#808080"},"geometry":{"type":"LineString","coordinates":[[1720.3,1630.9],[1720.3,1630.9]]}},{"type":"Feature","properties":{"id":"p:equipos:1328","n":1,"sc":"#808080"},"geometry":{"type":"LineString","coordinates":[[1717.9,1628],[1720.8,1629.4]]}},{"type":"Feature","properties":{"id":"p:equipos:1329","n":1,"sc":"#808080"},"geometry":{"type":"LineString","coordinates":[[1719.4,1630.4],[1717.4,1629.0]]}},{"type":"Feature","properties":{"id":"p:equipos:1330","n":4,"sc":"#808080"},"geometry":{"type":"LineString","coordinates":[[1714.8,1633.7],[1714.8,1633.7],[1714.8,1633.7],[1714.8,1633.7],[1714.8,1633.7]]}},{"type":"Feature","properties":{"id":"p:equipos:1331","n":4,"sc":"#808080"},"geometry":{"type":"LineString","coordinates":[[1723.8,1631.1],[1723.4,1630.8],[1722.9,1630.7],[1722.4,1630.8],[1721.8,1631.1]]}},{"type":"Feature","properties":{"id":"p:equipos:1332","n":1,"sc":"#808080"},"geometry":{"type":"LineString","coordinates":[[1722.2,1630.9],[1722.7,1630.9]]}},{"type":"Feature","properties":{"id":"p:equipos:1333","n":1,"sc":"#808080"},"geometry":{"type":"LineString","coordinates":[[1699.2,1632.3],[1699.2,1632.3]]}},{"type":"Feature","properties":{"id":"p:equipos:1334","n":1,"sc":"#808080"},"geometry":{"type":"LineString","coordinates":[[1698.2,1632.3],[1699.2,1632.3]]}},{"type":"Feature","properties":{"id":"p:equipos:1335","n":4,"sc":"#808080"},"geometry":{"type":"LineString","coordinates":[[1719.6,1628.6],[1719.5,1628.6],[1719.5,1628.6],[1719.5,1628.6],[1719.5,1628.6]]}},{"type":"Feature","properties":{"id":"p:equipos:1336","n":2,"sc":"#808080"},"geometry":{"type":"LineString","coordinates":[[1702.6,1630.4],[1704,1629.9],[1705.4,1629.9]]}},{"type":"Feature","properties":{"id":"p:equipos:1337","n":1,"sc":"#808080"},"geometry":{"type":"LineString","coordinates":[[1698.7,1632.3],[1699.7,1631.8]]}},{"type":"Feature","properties":{"id":"p:equipos:1338","n":1,"sc":"#808080"},"geometry":{"type":"LineString","coordinates":[[1717.0,1628.5],[1717.0,1628.5]]}},{"type":"Feature","properties":{"id":"p:equipos:1339","n":1,"sc":"#808080"},"geometry":{"type":"LineString","coordinates":[[1704,1629.9],[1704.5,1629.9]]}},{"type":"Feature","properties":{"id":"p:equipos:1340","n":1,"sc":"#808080"},"geometry":{"type":"LineString","coordinates":[[1705.9,1631.8],[1705.9,1631.8]]}},{"type":"Feature","properties":{"id":"p:equipos:1341","n":1,"sc":"#808080"},"geometry":{"type":"LineString","coordinates":[[1699.7,1631.8],[1699.7,1631.8]]}},{"type":"Feature","properties":{"id":"p:equipos:1342","n":1,"sc":"#808080"},"geometry":{"type":"LineString","coordinates":[[1698.7,1632.8],[1698.7,1633.3]]}},{"type":"Feature","properties":{"id":"p:equipos:1343","n":1,"sc":"#808080"},"geometry":{"type":"LineString","coordinates":[[1714.6,1631.8],[1714.6,1631.8]]}},{"type":"Feature","properties":{"id":"p:equipos:1344","n":1,"sc":"#808080"},"geometry":{"type":"LineString","coordinates":[[1717.9,1629.4],[1717.9,1629.4]]}},{"type":"Feature","properties":{"id":"p:equipos:1345","n":1,"sc":"#808080"},"geometry":{"type":"LineString","coordinates":[[1716,1630.9],[1716,1630.9]]}},{"type":"Feature","properties":{"id":"p:equipos:1346","n":1,"sc":"#808080"},"geometry":{"type":"LineString","coordinates":[[1691.0,1633.3],[1691.0,1633.3]]}},{"type":"Feature","properties":{"id":"p:equipos:1347","n":1,"sc":"#808080"},"geometry":{"type":"LineString","coordinates":[[1698.2,1632.3],[1690.6,1633.3]]}},{"type":"Feature","properties":{"id":"p:equipos:1348","n":4,"sc":"#808080"},"geometry":{"type":"LineString","coordinates":[[1718.9,1629.7],[1718.4,1629.5],[1718.0,1629.5],[1717.5,1629.4],[1717.1,1629.5]]}},{"type":"Feature","properties":{"id":"p:equipos:1349","n":4,"sc":"#808080"},"geometry":{"type":"LineString","coordinates":[[1690.6,1637.1],[1690.1,1636.6],[1689.6,1635.2],[1690.1,1633.8],[1691.0,1633.3]]}},{"type":"Feature","properties":{"id":"p:equipos:1350","n":1,"sc":"#808080"},"geometry":{"type":"LineString","coordinates":[[1694.9,1638.1],[1698.7,1639.0]]}},{"type":"Feature","properties":{"id":"p:equipos:1351","n":1,"sc":"#808080"},"geometry":{"type":"LineString","coordinates":[[1698.7,1633.3],[1699.2,1634.2]]}},{"type":"Feature","properties":{"id":"p:equipos:1352","n":1,"sc":"#808080"},"geometry":{"type":"LineString","coordinates":[[1695.4,1633.3],[1698.7,1632.8]]}},{"type":"Feature","properties":{"id":"p:equipos:1353","n":1,"sc":"#808080"},"geometry":{"type":"LineString","coordinates":[[1690.6,1637.1],[1694.9,1638.1]]}},{"type":"Feature","properties":{"id":"p:equipos:1354","n":8,"sc":"#808080"},"geometry":{"type":"LineString","coordinates":[[1690.6,1632.8],[1689.8,1633.1],[1689.2,1633.5],[1688.8,1634.2],[1688.6,1635.0],[1688.8,1635.8],[1689.2,1636.5],[1689.9,1636.9],[1690.7,1637.1]]}},{"type":"Feature","properties":{"id":"p:equipos:1355","n":1,"sc":"#808080"},"geometry":{"type":"LineString","coordinates":[[1699.2,1634.2],[1699.7,1637.1]]}},{"type":"Feature","properties":{"id":"p:equipos:1356","n":1,"sc":"#808080"},"geometry":{"type":"LineString","coordinates":[[1691.0,1633.3],[1695.4,1633.3]]}},{"type":"Feature","properties":{"id":"p:equipos:1357","n":2,"sc":"#808080"},"geometry":{"type":"LineString","coordinates":[[1699.7,1637.1],[1699.2,1638.6],[1699.2,1639.0]]}},{"type":"Feature","properties":{"id":"p:equipos:1358","n":1,"sc":"#808080"},"geometry":{"type":"LineString","coordinates":[[1720.8,1631.8],[1720.8,1631.8]]}},{"type":"Feature","properties":{"id":"p:equipos:1359","n":4,"sc":"#808080"},"geometry":{"type":"LineString","coordinates":[[1698.7,1638.9],[1698.7,1639.0],[1698.8,1639.0],[1698.8,1639.0],[1698.9,1639.0]]}},{"type":"Feature","properties":{"id":"p:equipos:1360","n":8,"sc":"#808080"},"geometry":{"type":"LineString","coordinates":[[1725.7,1638.5],[1726.2,1638.4],[1726.7,1638.1],[1727.1,1637.7],[1727.4,1637.2],[1727.5,1636.7],[1727.5,1636.1],[1727.4,1635.6],[1727.1,1635.1]]}},{"type":"Feature","properties":{"id":"p:equipos:1361","n":2,"sc":"#808080"},"geometry":{"type":"LineString","coordinates":[[1720.8,1637.1],[1720.8,1635.7],[1721.3,1634.2]]}},{"type":"Feature","properties":{"id":"p:equipos:1362","n":2,"sc":"#808080"},"geometry":{"type":"LineString","coordinates":[[1721.3,1634.2],[1721.8,1633.3],[1721.8,1632.8]]}},{"type":"Feature","properties":{"id":"p:equipos:1363","n":2,"sc":"#808080"},"geometry":{"type":"LineString","coordinates":[[1721.8,1639.0],[1721.3,1638.6],[1720.8,1637.1]]}},{"type":"Feature","properties":{"id":"p:equipos:1364","n":1,"sc":"#808080"},"geometry":{"type":"LineString","coordinates":[[1724.2,1631.4],[1727.0,1635.2]]}},{"type":"Feature","properties":{"id":"p:equipos:1365","n":4,"sc":"#808080"},"geometry":{"type":"LineString","coordinates":[[1721.8,1633.1],[1721.7,1633.0],[1721.6,1633.0],[1721.6,1633.0],[1721.5,1632.9]]}},{"type":"Feature","properties":{"id":"p:equipos:1366","n":1,"sc":"#808080"},"geometry":{"type":"LineString","coordinates":[[1721.8,1639.0],[1721.8,1639.0]]}},{"type":"Feature","properties":{"id":"p:equipos:1367","n":1,"sc":"#808080"},"geometry":{"type":"LineString","coordinates":[[1724.2,1633.8],[1722.2,1633.3]]}},{"type":"Feature","properties":{"id":"p:equipos:1368","n":2,"sc":"#808080"},"geometry":{"type":"LineString","coordinates":[[1717.0,1622.2],[1716,1622.7],[1715.0,1623.2]]}},{"type":"Feature","properties":{"id":"p:equipos:1369","n":1,"sc":"#808080"},"geometry":{"type":"LineString","coordinates":[[1715.5,1630.9],[1715.5,1630.9]]}},{"type":"Feature","properties":{"id":"p:equipos:1370","n":1,"sc":"#808080"},"geometry":{"type":"LineString","coordinates":[[1723.7,1639.0],[1721.8,1639.0]]}},{"type":"Feature","properties":{"id":"p:equipos:1371","n":1,"sc":"#808080"},"geometry":{"type":"LineString","coordinates":[[1726.1,1634.7],[1724.2,1633.8]]}},{"type":"Feature","properties":{"id":"p:equipos:1372","n":4,"sc":"#808080"},"geometry":{"type":"LineString","coordinates":[[1723.9,1631.1],[1723.6,1630.8],[1723.3,1630.6],[1722.9,1630.5],[1722.5,1630.4]]}},{"type":"Feature","properties":{"id":"p:equipos:1373","n":2,"sc":"#808080"},"geometry":{"type":"LineString","coordinates":[[1714.6,1628],[1714.6,1629.0],[1715.0,1629.9]]}},{"type":"Feature","properties":{"id":"p:equipos:1374","n":1,"sc":"#808080"},"geometry":{"type":"LineString","coordinates":[[1720.8,1630.9],[1720.8,1630.9]]}},{"type":"Feature","properties":{"id":"p:equipos:1375","n":4,"sc":"#808080"},"geometry":{"type":"LineString","coordinates":[[1706.0,1629.9],[1706.0,1630.1],[1705.9,1630.3],[1705.9,1630.5],[1705.9,1630.7]]}},{"type":"Feature","properties":{"id":"p:equipos:1376","n":8,"sc":"#808080"},"geometry":{"type":"LineString","coordinates":[[1705.8,1633.1],[1705.2,1634.3],[1705.0,1635.6],[1705.1,1637.0],[1705.5,1638.3],[1706.4,1639.4],[1707.4,1640.2],[1708.7,1640.8],[1710.0,1641.0]]}},{"type":"Feature","properties":{"id":"p:equipos:1377","n":2,"sc":"#808080"},"geometry":{"type":"LineString","coordinates":[[1719.4,1623.7],[1718.4,1622.7],[1717.4,1622.2]]}},{"type":"Feature","properties":{"id":"p:equipos:1378","n":1,"sc":"#808080"},"geometry":{"type":"LineString","coordinates":[[1719.4,1628.5],[1719.4,1626.6]]}},{"type":"Feature","properties":{"id":"p:equipos:1379","n":1,"sc":"#808080"},"geometry":{"type":"LineString","coordinates":[[1719.4,1628.5],[1718.9,1628]]}},{"type":"Feature","properties":{"id":"p:equipos:1380","n":1,"sc":"#808080"},"geometry":{"type":"LineString","coordinates":[[1719.4,1628.5],[1719.4,1628.5]]}},{"type":"Feature","properties":{"id":"p:equipos:1381","n":1,"sc":"#808080"},"geometry":{"type":"LineString","coordinates":[[1717.4,1636.6],[1717.4,1636.6]]}},{"type":"Feature","properties":{"id":"p:equipos:1382","n":1,"sc":"#808080"},"geometry":{"type":"LineString","coordinates":[[1716.5,1636.6],[1716.5,1636.6]]}},{"type":"Feature","properties":{"id":"p:equipos:1383","n":2,"sc":"#808080"},"geometry":{"type":"LineString","coordinates":[[1701.1,1625.1],[1702.1,1624.6],[1703.0,1624.6]]}},{"type":"Feature","properties":{"id":"p:equipos:1384","n":1,"sc":"#808080"},"geometry":{"type":"LineString","coordinates":[[1706.4,1628],[1706.9,1628.5]]}},{"type":"Feature","properties":{"id":"p:equipos:1385","n":2,"sc":"#808080"},"geometry":{"type":"LineString","coordinates":[[1700.2,1627.5],[1700.2,1626.1],[1700.6,1625.1]]}},{"type":"Feature","properties":{"id":"p:equipos:1386","n":1,"sc":"#808080"},"geometry":{"type":"LineString","coordinates":[[1702.1,1630.4],[1702.1,1629.9]]}},{"type":"Feature","properties":{"id":"p:equipos:1387","n":1,"sc":"#808080"},"geometry":{"type":"LineString","coordinates":[[1719.8,1629.0],[1719.8,1629.0]]}},{"type":"Feature","properties":{"id":"p:equipos:1388","n":1,"sc":"#808080"},"geometry":{"type":"LineString","coordinates":[[1719.8,1629.0],[1719.4,1629.0]]}},{"type":"Feature","properties":{"id":"p:equipos:1389","n":4,"sc":"#808080"},"geometry":{"type":"LineString","coordinates":[[1722.5,1630.1],[1722.5,1630.1],[1722.5,1630.1],[1722.4,1630.1],[1722.4,1630.1]]}},{"type":"Feature","properties":{"id":"p:equipos:1390","n":1,"sc":"#808080"},"geometry":{"type":"LineString","coordinates":[[1725.6,1638.6],[1723.7,1639.0]]}},{"type":"Feature","properties":{"id":"p:equipos:1391","n":1,"sc":"#808080"},"geometry":{"type":"LineString","coordinates":[[1719.8,1629.0],[1719.8,1629.0]]}},{"type":"Feature","properties":{"id":"p:equipos:1392","n":1,"sc":"#808080"},"geometry":{"type":"LineString","coordinates":[[1717.0,1628.5],[1717.0,1628]]}},{"type":"Feature","properties":{"id":"p:equipos:1393","n":3,"sc":"#808080"},"geometry":{"type":"LineString","coordinates":[[1717.9,1629.9],[1717.9,1629.4],[1717.4,1629.4],[1717.4,1629.0]]}},{"type":"Feature","properties":{"id":"p:equipos:1394","n":1,"sc":"#808080"},"geometry":{"type":"LineString","coordinates":[[1717.0,1628],[1717.0,1628]]}},{"type":"Feature","properties":{"id":"p:equipos:1395","n":1,"sc":"#808080"},"geometry":{"type":"LineString","coordinates":[[1717.0,1628.5],[1717.0,1628.5]]}},{"type":"Feature","properties":{"id":"p:equipos:1396","n":1,"sc":"#808080"},"geometry":{"type":"LineString","coordinates":[[1718.9,1630.4],[1718.9,1630.4]]}},{"type":"Feature","properties":{"id":"p:equipos:1397","n":1,"sc":"#808080"},"geometry":{"type":"LineString","coordinates":[[1719.8,1629.0],[1719.8,1629.0]]}},{"type":"Feature","properties":{"id":"p:equipos:1398","n":1,"sc":"#808080"},"geometry":{"type":"LineString","coordinates":[[1719.4,1629.0],[1719.8,1629.0]]}},{"type":"Feature","properties":{"id":"p:equipos:1399","n":4,"sc":"#808080"},"geometry":{"type":"LineString","coordinates":[[1720.8,1630.8],[1720.8,1630.8],[1720.8,1630.8],[1720.8,1630.8],[1720.8,1630.8]]}},{"type":"Feature","properties":{"id":"p:equipos:1400","n":1,"sc":"#808080"},"geometry":{"type":"LineString","coordinates":[[1717.4,1629.0],[1718.4,1629.9]]}},{"type":"Feature","properties":{"id":"p:equipos:1401","n":1,"sc":"#808080"},"geometry":{"type":"LineString","coordinates":[[1722.2,1630.9],[1722.2,1630.4]]}},{"type":"Feature","properties":{"id":"p:equipos:1402","n":1,"sc":"#808080"},"geometry":{"type":"LineString","coordinates":[[1721.8,1630.9],[1721.8,1630.9]]}},{"type":"Feature","properties":{"id":"p:equipos:1403","n":8,"sc":"#808080"},"geometry":{"type":"LineString","coordinates":[[1717.5,1627.6],[1717.3,1627.5],[1717.0,1627.5],[1716.8,1627.7],[1716.6,1627.9],[1716.5,1628.1],[1716.5,1628.4],[1716.6,1628.7],[1716.8,1628.8]]}},{"type":"Feature","properties":{"id":"p:equipos:1404","n":1,"sc":"#808080"},"geometry":{"type":"LineString","coordinates":[[1720.3,1631.4],[1720.8,1630.4]]}},{"type":"Feature","properties":{"id":"p:equipos:1405","n":1,"sc":"#808080"},"geometry":{"type":"LineString","coordinates":[[1720.3,1631.4],[1720.3,1631.4]]}},{"type":"Feature","properties":{"id":"p:equipos:1406","n":1,"sc":"#808080"},"geometry":{"type":"LineString","coordinates":[[1720.3,1631.4],[1720.3,1631.4]]}},{"type":"Feature","properties":{"id":"p:equipos:1407","n":1,"sc":"#808080"},"geometry":{"type":"LineString","coordinates":[[1720.8,1630.4],[1720.3,1631.4]]}},{"type":"Feature","properties":{"id":"p:equipos:1408","n":4,"sc":"#808080"},"geometry":{"type":"LineString","coordinates":[[1698.1,1631.8],[1698.1,1631.8],[1698.0,1631.8],[1697.9,1631.8],[1697.8,1631.9]]}},{"type":"Feature","properties":{"id":"p:equipos:1409","n":1,"sc":"#808080"},"geometry":{"type":"LineString","coordinates":[[1705.4,1629.9],[1705.9,1629.9]]}},{"type":"Feature","properties":{"id":"p:equipos:1410","n":2,"sc":"#808080"},"geometry":{"type":"LineString","coordinates":[[1717.9,1628],[1717.4,1628],[1717.4,1629.0]]}},{"type":"Feature","properties":{"id":"p:equipos:1411","n":2,"sc":"#808080"},"geometry":{"type":"LineString","coordinates":[[1720.8,1630.4],[1720.8,1629.9],[1720.8,1629.4]]}},{"type":"Feature","properties":{"id":"p:equipos:1412","n":2,"sc":"#808080"},"geometry":{"type":"LineString","coordinates":[[1720.8,1631.8],[1721.8,1630.9],[1722.2,1630.9]]}},{"type":"Feature","properties":{"id":"p:equipos:1413","n":1,"sc":"#808080"},"geometry":{"type":"LineString","coordinates":[[1720.8,1631.8],[1720.8,1631.8]]}},{"type":"Feature","properties":{"id":"p:equipos:1414","n":1,"sc":"#808080"},"geometry":{"type":"LineString","coordinates":[[1705.0,1630.9],[1705.0,1630.9]]}},{"type":"Feature","properties":{"id":"p:equipos:1415","n":1,"sc":"#808080"},"geometry":{"type":"LineString","coordinates":[[1722.2,1631.4],[1722.7,1630.9]]}},{"type":"Feature","properties":{"id":"p:equipos:1416","n":4,"sc":"#808080"},"geometry":{"type":"LineString","coordinates":[[1704.8,1629.7],[1704.6,1629.5],[1704.4,1629.5],[1704.2,1629.4],[1704.0,1629.5]]}},{"type":"Feature","properties":{"id":"p:equipos:1417","n":1,"sc":"#808080"},"geometry":{"type":"LineString","coordinates":[[1719.8,1629.0],[1722.2,1630.4]]}},{"type":"Feature","properties":{"id":"p:equipos:1418","n":8,"sc":"#808080"},"geometry":{"type":"LineString","coordinates":[[1710.0,1641.0],[1711.4,1640.8],[1712.6,1640.2],[1713.7,1639.4],[1714.5,1638.2],[1714.9,1636.9],[1715.0,1635.6],[1714.8,1634.3],[1714.1,1633.0]]}},{"type":"Feature","properties":{"id":"p:equipos:1419","n":1,"sc":"#808080"},"geometry":{"type":"LineString","coordinates":[[1722.2,1631.4],[1721.3,1632.3]]}},{"type":"Feature","properties":{"id":"p:equipos:1420","n":4,"sc":"#808080"},"geometry":{"type":"LineString","coordinates":[[1714.8,1622.9],[1714.7,1623.1],[1714.6,1623.3],[1714.6,1623.5],[1714.6,1623.7]]}},{"type":"Feature","properties":{"id":"p:equipos:1421","n":1,"sc":"#808080"},"geometry":{"type":"LineString","coordinates":[[1710.2,1627.0],[1710.2,1627.0]]}},{"type":"Feature","properties":{"id":"p:equipos:1422","n":1,"sc":"#808080"},"geometry":{"type":"LineString","coordinates":[[1715.0,1624.2],[1715.0,1626.1]]}},{"type":"Feature","properties":{"id":"p:equipos:1423","n":1,"sc":"#808080"},"geometry":{"type":"LineString","coordinates":[[1715.0,1626.1],[1714.6,1628]]}},{"type":"Feature","properties":{"id":"p:equipos:1424","n":1,"sc":"#808080"},"geometry":{"type":"LineString","coordinates":[[1717.4,1622.2],[1717.0,1622.2]]}},{"type":"Feature","properties":{"id":"p:equipos:1425","n":4,"sc":"#808080"},"geometry":{"type":"LineString","coordinates":[[1719.4,1623.8],[1719.3,1623.7],[1719.3,1623.5],[1719.3,1623.4],[1719.2,1623.2]]}},{"type":"Feature","properties":{"id":"p:equipos:1426","n":1,"sc":"#808080"},"geometry":{"type":"LineString","coordinates":[[1719.4,1626.6],[1719.4,1624.2]]}},{"type":"Feature","properties":{"id":"p:equipos:1427","n":1,"sc":"#808080"},"geometry":{"type":"LineString","coordinates":[[1717.9,1637.1],[1717.9,1637.1]]}},{"type":"Feature","properties":{"id":"p:equipos:1428","n":1,"sc":"#808080"},"geometry":{"type":"LineString","coordinates":[[1698.7,1632.8],[1698.7,1632.3]]}},{"type":"Feature","properties":{"id":"p:equipos:1429","n":1,"sc":"#808080"},"geometry":{"type":"LineString","coordinates":[[1699.2,1632.3],[1699.2,1632.3]]}},{"type":"Feature","properties":{"id":"p:equipos:1430","n":1,"sc":"#808080"},"geometry":{"type":"LineString","coordinates":[[1716,1637.1],[1716,1637.1]]}},{"type":"Feature","properties":{"id":"p:equipos:1431","n":1,"sc":"#808080"},"geometry":{"type":"LineString","coordinates":[[1719.4,1628.5],[1719.4,1628.5]]}},{"type":"Feature","properties":{"id":"p:equipos:1432","n":1,"sc":"#808080"},"geometry":{"type":"LineString","coordinates":[[1704,1625.1],[1705.4,1626.6]]}},{"type":"Feature","properties":{"id":"p:equipos:1433","n":1,"sc":"#808080"},"geometry":{"type":"LineString","coordinates":[[1705.4,1626.6],[1706.4,1628]]}},{"type":"Feature","properties":{"id":"p:equipos:1434","n":1,"sc":"#808080"},"geometry":{"type":"LineString","coordinates":[[1700.6,1625.1],[1701.1,1625.1]]}},{"type":"Feature","properties":{"id":"p:equipos:1435","n":1,"sc":"#808080"},"geometry":{"type":"LineString","coordinates":[[1702.1,1629.9],[1700.6,1628]]}},{"type":"Feature","properties":{"id":"p:equipos:1436","n":4,"sc":"#808080"},"geometry":{"type":"LineString","coordinates":[[1703.9,1624.8],[1703.7,1624.7],[1703.5,1624.5],[1703.3,1624.4],[1703.1,1624.3]]}},{"type":"Feature","properties":{"id":"p:equipos:1437","n":1,"sc":"#808080"},"geometry":{"type":"LineString","coordinates":[[1705.4,1629.9],[1705.9,1629.9]]}},{"type":"Feature","properties":{"id":"p:equipos:1438","n":4,"sc":"#808080"},"geometry":{"type":"LineString","coordinates":[[1699.8,1627.1],[1699.9,1627.2],[1699.9,1627.4],[1700.0,1627.5],[1700.1,1627.6]]}},{"type":"Feature","properties":{"id":"p:equipos:1439","n":1,"sc":"#808080"},"geometry":{"type":"LineString","coordinates":[[1705.4,1633.8],[1705.4,1633.8]]}},{"type":"Feature","properties":{"id":"p:equipos:1440","n":1,"sc":"#808080"},"geometry":{"type":"LineString","coordinates":[[1722.7,1630.9],[1722.7,1630.9]]}},{"type":"Feature","properties":{"id":"p:equipos:1441","n":1,"sc":"#808080"},"geometry":{"type":"LineString","coordinates":[[1722.2,1630.4],[1719.8,1629.0]]}},{"type":"Feature","properties":{"id":"p:equipos:1442","n":1,"sc":"#808080"},"geometry":{"type":"LineString","coordinates":[[1705.0,1630.9],[1705.0,1630.9]]}},{"type":"Feature","properties":{"id":"p:equipos:1443","n":1,"sc":"#808080"},"geometry":{"type":"LineString","coordinates":[[1704.5,1629.9],[1705.0,1629.9]]}},{"type":"Feature","properties":{"id":"p:equipos:1444","n":2,"sc":"#808080"},"geometry":{"type":"LineString","coordinates":[[1706.4,1629.9],[1707.8,1628],[1710.2,1627.0]]}},{"type":"Feature","properties":{"id":"p:equipos:1445","n":4,"sc":"#808080"},"geometry":{"type":"LineString","coordinates":[[1714.1,1630.9],[1714.1,1629.4],[1713.1,1628],[1711.7,1627.0],[1710.2,1627.0]]}},{"type":"Feature","properties":{"id":"p:equipos:1446","n":4,"sc":"#808080"},"geometry":{"type":"LineString","coordinates":[[1710.2,1627.0],[1708.8,1627.0],[1707.4,1628],[1706.4,1629.4],[1706.4,1630.9]]}},{"type":"Feature","properties":{"id":"p:equipos:1447","n":4,"sc":"#808080"},"geometry":{"type":"LineString","coordinates":[[1714.1,1633.3],[1712.6,1631.8],[1710.2,1631.4],[1707.8,1631.8],[1706.4,1633.3]]}},{"type":"Feature","properties":{"id":"p:equipos:1448","n":1,"sc":"#808080"},"geometry":{"type":"LineString","coordinates":[[1714.1,1630.9],[1714.1,1633.3]]}},{"type":"Feature","properties":{"id":"p:equipos:1449","n":1,"sc":"#808080"},"geometry":{"type":"LineString","coordinates":[[1706.4,1630.9],[1706.4,1633.3]]}},{"type":"Feature","properties":{"id":"p:equipos:1450","n":4,"sc":"#808080"},"geometry":{"type":"LineString","coordinates":[[1692.3,1550.2],[1692.4,1550.3],[1692.6,1550.4],[1692.7,1550.5],[1692.9,1550.6]]}},{"type":"Feature","properties":{"id":"p:equipos:1451","n":2,"sc":"#808080"},"geometry":{"type":"LineString","coordinates":[[1702.1,1555.0],[1699.7,1554.6],[1698.2,1553.6]]}},{"type":"Feature","properties":{"id":"p:equipos:1452","n":1,"sc":"#808080"},"geometry":{"type":"LineString","coordinates":[[1720.3,1552.2],[1719.4,1553.6]]}},{"type":"Feature","properties":{"id":"p:equipos:1453","n":2,"sc":"#808080"},"geometry":{"type":"LineString","coordinates":[[1716.5,1544],[1718.4,1544.5],[1719.8,1545.9]]}},{"type":"Feature","properties":{"id":"p:equipos:1454","n":1,"sc":"#808080"},"geometry":{"type":"LineString","coordinates":[[1713.1,1544],[1716.5,1544]]}},{"type":"Feature","properties":{"id":"p:equipos:1455","n":1,"sc":"#808080"},"geometry":{"type":"LineString","coordinates":[[1703.5,1550.2],[1703.5,1550.2]]}},{"type":"Feature","properties":{"id":"p:equipos:1456","n":1,"sc":"#808080"},"geometry":{"type":"LineString","coordinates":[[1705.0,1555.0],[1702.1,1555.0]]}},{"type":"Feature","properties":{"id":"p:equipos:1457","n":1,"sc":"#808080"},"geometry":{"type":"LineString","coordinates":[[1715.5,1555.0],[1712.6,1555.0]]}},{"type":"Feature","properties":{"id":"p:equipos:1458","n":1,"sc":"#808080"},"geometry":{"type":"LineString","coordinates":[[1704.5,1544.5],[1713.1,1544]]}},{"type":"Feature","properties":{"id":"p:equipos:1459","n":1,"sc":"#808080"},"geometry":{"type":"LineString","coordinates":[[1701.1,1544.5],[1704.5,1544.5]]}},{"type":"Feature","properties":{"id":"p:equipos:1460","n":2,"sc":"#808080"},"geometry":{"type":"LineString","coordinates":[[1719.4,1553.6],[1717.9,1554.6],[1715.5,1555.0]]}},{"type":"Feature","properties":{"id":"p:equipos:1461","n":1,"sc":"#808080"},"geometry":{"type":"LineString","coordinates":[[1698.2,1553.6],[1697.3,1552.2]]}},{"type":"Feature","properties":{"id":"p:equipos:1462","n":2,"sc":"#808080"},"geometry":{"type":"LineString","coordinates":[[1697.3,1546.4],[1699.2,1545.0],[1701.1,1544.5]]}},{"type":"Feature","properties":{"id":"p:equipos:1463","n":1,"sc":"#808080"},"geometry":{"type":"LineString","coordinates":[[1696.3,1554.6],[1696.3,1554.1]]}},{"type":"Feature","properties":{"id":"p:equipos:1464","n":2,"sc":"#808080"},"geometry":{"type":"LineString","coordinates":[[1702.1,1557.4],[1700.6,1557.4],[1699.2,1556.5]]}},{"type":"Feature","properties":{"id":"p:equipos:1465","n":1,"sc":"#808080"},"geometry":{"type":"LineString","coordinates":[[1699.2,1556.5],[1698.2,1556]]}},{"type":"Feature","properties":{"id":"p:equipos:1466","n":1,"sc":"#808080"},"geometry":{"type":"LineString","coordinates":[[1699.2,1556.5],[1699.2,1556.5]]}},{"type":"Feature","properties":{"id":"p:equipos:1467","n":1,"sc":"#808080"},"geometry":{"type":"LineString","coordinates":[[1699.2,1556.5],[1699.2,1556.5]]}},{"type":"Feature","properties":{"id":"p:equipos:1468","n":1,"sc":"#808080"},"geometry":{"type":"LineString","coordinates":[[1700.6,1555.5],[1701.1,1555.5]]}},{"type":"Feature","properties":{"id":"p:equipos:1469","n":1,"sc":"#808080"},"geometry":{"type":"LineString","coordinates":[[1698.2,1555.5],[1697.3,1555.0]]}},{"type":"Feature","properties":{"id":"p:equipos:1470","n":1,"sc":"#808080"},"geometry":{"type":"LineString","coordinates":[[1696.8,1554.6],[1696.3,1554.6]]}},{"type":"Feature","properties":{"id":"p:equipos:1471","n":1,"sc":"#808080"},"geometry":{"type":"LineString","coordinates":[[1696.8,1554.6],[1696.8,1554.6]]}},{"type":"Feature","properties":{"id":"p:equipos:1472","n":1,"sc":"#808080"},"geometry":{"type":"LineString","coordinates":[[1698.7,1554.1],[1698.7,1554.1]]}},{"type":"Feature","properties":{"id":"p:equipos:1473","n":1,"sc":"#808080"},"geometry":{"type":"LineString","coordinates":[[1701.1,1557.4],[1698.2,1555.5]]}},{"type":"Feature","properties":{"id":"p:equipos:1474","n":1,"sc":"#808080"},"geometry":{"type":"LineString","coordinates":[[1699.7,1554.6],[1701.6,1556.5]]}},{"type":"Feature","properties":{"id":"p:equipos:1475","n":4,"sc":"#808080"},"geometry":{"type":"LineString","coordinates":[[1703.8,1550.7],[1703.8,1550.7],[1703.8,1550.7],[1703.8,1550.7],[1703.8,1550.7]]}},{"type":"Feature","properties":{"id":"p:equipos:1476","n":4,"sc":"#808080"},"geometry":{"type":"LineString","coordinates":[[1694.7,1553.4],[1695.1,1553.7],[1695.6,1553.8],[1696.2,1553.7],[1696.8,1553.4]]}},{"type":"Feature","properties":{"id":"p:equipos:1477","n":1,"sc":"#808080"},"geometry":{"type":"LineString","coordinates":[[1696.8,1554.6],[1696.3,1554.6]]}},{"type":"Feature","properties":{"id":"p:equipos:1478","n":1,"sc":"#808080"},"geometry":{"type":"LineString","coordinates":[[1720.3,1553.1],[1719.8,1553.1]]}},{"type":"Feature","properties":{"id":"p:equipos:1479","n":1,"sc":"#808080"},"geometry":{"type":"LineString","coordinates":[[1720.8,1552.6],[1720.3,1553.1]]}},{"type":"Feature","properties":{"id":"p:equipos:1480","n":4,"sc":"#808080"},"geometry":{"type":"LineString","coordinates":[[1699.0,1556.3],[1699.0,1556.4],[1699.1,1556.4],[1699.1,1556.4],[1699.1,1556.4]]}},{"type":"Feature","properties":{"id":"p:equipos:1481","n":2,"sc":"#808080"},"geometry":{"type":"LineString","coordinates":[[1716.5,1555.0],[1715.0,1555.5],[1713.6,1555.5]]}},{"type":"Feature","properties":{"id":"p:equipos:1482","n":1,"sc":"#808080"},"geometry":{"type":"LineString","coordinates":[[1720.3,1552.6],[1719.4,1553.6]]}},{"type":"Feature","properties":{"id":"p:equipos:1483","n":1,"sc":"#808080"},"geometry":{"type":"LineString","coordinates":[[1702.1,1557.0],[1702.1,1557.0]]}},{"type":"Feature","properties":{"id":"p:equipos:1484","n":1,"sc":"#808080"},"geometry":{"type":"LineString","coordinates":[[1715.0,1555.0],[1714.6,1555.0]]}},{"type":"Feature","properties":{"id":"p:equipos:1485","n":1,"sc":"#808080"},"geometry":{"type":"LineString","coordinates":[[1713.1,1553.6],[1713.1,1553.6]]}},{"type":"Feature","properties":{"id":"p:equipos:1486","n":1,"sc":"#808080"},"geometry":{"type":"LineString","coordinates":[[1719.4,1553.6],[1719.4,1553.6]]}},{"type":"Feature","properties":{"id":"p:equipos:1487","n":1,"sc":"#808080"},"geometry":{"type":"LineString","coordinates":[[1720.3,1552.2],[1720.3,1552.2]]}},{"type":"Feature","properties":{"id":"p:equipos:1488","n":1,"sc":"#808080"},"geometry":{"type":"LineString","coordinates":[[1704.5,1553.6],[1704.5,1553.6]]}},{"type":"Feature","properties":{"id":"p:equipos:1489","n":1,"sc":"#808080"},"geometry":{"type":"LineString","coordinates":[[1701.1,1556],[1701.1,1556]]}},{"type":"Feature","properties":{"id":"p:equipos:1490","n":1,"sc":"#808080"},"geometry":{"type":"LineString","coordinates":[[1703.0,1554.6],[1703.0,1554.6]]}},{"type":"Feature","properties":{"id":"p:equipos:1491","n":1,"sc":"#808080"},"geometry":{"type":"LineString","coordinates":[[1728,1552.2],[1728,1552.2]]}},{"type":"Feature","properties":{"id":"p:equipos:1492","n":1,"sc":"#808080"},"geometry":{"type":"LineString","coordinates":[[1720.8,1552.6],[1728.5,1552.2]]}},{"type":"Feature","properties":{"id":"p:equipos:1493","n":4,"sc":"#808080"},"geometry":{"type":"LineString","coordinates":[[1699.7,1554.8],[1700.1,1554.9],[1700.6,1555.0],[1701.0,1555.0],[1701.5,1555.0]]}},{"type":"Feature","properties":{"id":"p:equipos:1494","n":4,"sc":"#808080"},"geometry":{"type":"LineString","coordinates":[[1728.5,1548.3],[1729.0,1548.8],[1729.4,1550.2],[1729.0,1551.2],[1728,1552.2]]}},{"type":"Feature","properties":{"id":"p:equipos:1495","n":1,"sc":"#808080"},"geometry":{"type":"LineString","coordinates":[[1724.2,1546.9],[1720.3,1545.9]]}},{"type":"Feature","properties":{"id":"p:equipos:1496","n":1,"sc":"#808080"},"geometry":{"type":"LineString","coordinates":[[1720.3,1552.2],[1719.8,1551.2]]}},{"type":"Feature","properties":{"id":"p:equipos:1497","n":1,"sc":"#808080"},"geometry":{"type":"LineString","coordinates":[[1723.7,1552.2],[1720.3,1552.2]]}},{"type":"Feature","properties":{"id":"p:equipos:1498","n":1,"sc":"#808080"},"geometry":{"type":"LineString","coordinates":[[1728.5,1548.3],[1724.2,1546.9]]}},{"type":"Feature","properties":{"id":"p:equipos:1499","n":8,"sc":"#808080"},"geometry":{"type":"LineString","coordinates":[[1728.0,1552.1],[1728.8,1551.9],[1729.4,1551.4],[1729.8,1550.7],[1729.9,1549.9],[1729.7,1549.2],[1729.3,1548.5],[1728.7,1548.0],[1727.9,1547.8]]}},{"type":"Feature","properties":{"id":"p:equipos:1500","n":1,"sc":"#808080"},"geometry":{"type":"LineString","coordinates":[[1719.8,1551.2],[1719.4,1548.3]]}},{"type":"Feature","properties":{"id":"p:equipos:1501","n":1,"sc":"#808080"},"geometry":{"type":"LineString","coordinates":[[1728,1552.2],[1723.7,1552.2]]}},{"type":"Feature","properties":{"id":"p:equipos:1502","n":2,"sc":"#808080"},"geometry":{"type":"LineString","coordinates":[[1719.4,1548.3],[1719.8,1546.9],[1719.8,1545.9]]}},{"type":"Feature","properties":{"id":"p:equipos:1503","n":1,"sc":"#808080"},"geometry":{"type":"LineString","coordinates":[[1698.2,1553.6],[1698.2,1553.6]]}},{"type":"Feature","properties":{"id":"p:equipos:1504","n":4,"sc":"#808080"},"geometry":{"type":"LineString","coordinates":[[1719.9,1546.0],[1719.8,1546.0],[1719.8,1546.0],[1719.7,1546.0],[1719.7,1546.0]]}},{"type":"Feature","properties":{"id":"p:equipos:1505","n":8,"sc":"#808080"},"geometry":{"type":"LineString","coordinates":[[1693.3,1546.4],[1692.8,1546.6],[1692.3,1546.9],[1691.9,1547.3],[1691.7,1547.8],[1691.5,1548.3],[1691.5,1548.9],[1691.7,1549.4],[1692.0,1549.9]]}},{"type":"Feature","properties":{"id":"p:equipos:1506","n":2,"sc":"#808080"},"geometry":{"type":"LineString","coordinates":[[1698.2,1548.3],[1698.2,1549.8],[1697.8,1551.2]]}},{"type":"Feature","properties":{"id":"p:equipos:1507","n":1,"sc":"#808080"},"geometry":{"type":"LineString","coordinates":[[1697.8,1551.2],[1697.3,1552.2]]}},{"type":"Feature","properties":{"id":"p:equipos:1508","n":2,"sc":"#808080"},"geometry":{"type":"LineString","coordinates":[[1697.3,1546.4],[1697.8,1546.9],[1698.2,1548.3]]}},{"type":"Feature","properties":{"id":"p:equipos:1509","n":1,"sc":"#808080"},"geometry":{"type":"LineString","coordinates":[[1694.9,1553.6],[1692,1549.8]]}},{"type":"Feature","properties":{"id":"p:equipos:1510","n":4,"sc":"#808080"},"geometry":{"type":"LineString","coordinates":[[1696.8,1551.9],[1696.8,1551.9],[1696.9,1552.0],[1697.0,1552.0],[1697.1,1552.0]]}},{"type":"Feature","properties":{"id":"p:equipos:1511","n":1,"sc":"#808080"},"geometry":{"type":"LineString","coordinates":[[1697.3,1546.4],[1697.3,1546.4]]}},{"type":"Feature","properties":{"id":"p:equipos:1512","n":1,"sc":"#808080"},"geometry":{"type":"LineString","coordinates":[[1694.9,1551.2],[1696.8,1552.2]]}},{"type":"Feature","properties":{"id":"p:equipos:1513","n":2,"sc":"#808080"},"geometry":{"type":"LineString","coordinates":[[1702.1,1563.2],[1703.0,1562.7],[1704,1561.8]]}},{"type":"Feature","properties":{"id":"p:equipos:1514","n":1,"sc":"#808080"},"geometry":{"type":"LineString","coordinates":[[1703.5,1554.6],[1703.5,1554.6]]}},{"type":"Feature","properties":{"id":"p:equipos:1515","n":1,"sc":"#808080"},"geometry":{"type":"LineString","coordinates":[[1695.4,1546.4],[1697.3,1546.4]]}},{"type":"Feature","properties":{"id":"p:equipos:1516","n":1,"sc":"#808080"},"geometry":{"type":"LineString","coordinates":[[1693.0,1550.7],[1694.9,1551.2]]}},{"type":"Feature","properties":{"id":"p:equipos:1517","n":4,"sc":"#808080"},"geometry":{"type":"LineString","coordinates":[[1694.7,1553.4],[1695.0,1553.7],[1695.3,1553.9],[1695.6,1554.0],[1696.0,1554.1]]}},{"type":"Feature","properties":{"id":"p:equipos:1518","n":3,"sc":"#808080"},"geometry":{"type":"LineString","coordinates":[[1704.5,1557.4],[1704.5,1556],[1704,1555.5],[1704,1555.0]]}},{"type":"Feature","properties":{"id":"p:equipos:1519","n":1,"sc":"#808080"},"geometry":{"type":"LineString","coordinates":[[1698.2,1554.1],[1698.2,1554.1]]}},{"type":"Feature","properties":{"id":"p:equipos:1520","n":4,"sc":"#808080"},"geometry":{"type":"LineString","coordinates":[[1712.6,1555.1],[1712.6,1554.9],[1712.6,1554.7],[1712.6,1554.5],[1712.6,1554.3]]}},{"type":"Feature","properties":{"id":"p:equipos:1521","n":8,"sc":"#808080"},"geometry":{"type":"LineString","coordinates":[[1712.7,1551.9],[1713.3,1550.7],[1713.6,1549.3],[1713.5,1548.0],[1713.0,1546.7],[1712.2,1545.6],[1711.1,1544.7],[1709.9,1544.2],[1708.5,1544]]}},{"type":"Feature","properties":{"id":"p:equipos:1522","n":2,"sc":"#808080"},"geometry":{"type":"LineString","coordinates":[[1699.7,1561.8],[1700.6,1562.7],[1701.6,1562.7]]}},{"type":"Feature","properties":{"id":"p:equipos:1523","n":1,"sc":"#808080"},"geometry":{"type":"LineString","coordinates":[[1699.7,1557.0],[1699.7,1558.9]]}},{"type":"Feature","properties":{"id":"p:equipos:1524","n":1,"sc":"#808080"},"geometry":{"type":"LineString","coordinates":[[1699.7,1557.0],[1700.2,1557.0]]}},{"type":"Feature","properties":{"id":"p:equipos:1525","n":1,"sc":"#808080"},"geometry":{"type":"LineString","coordinates":[[1699.7,1557.0],[1699.7,1557.0]]}},{"type":"Feature","properties":{"id":"p:equipos:1526","n":1,"sc":"#808080"},"geometry":{"type":"LineString","coordinates":[[1701.6,1548.3],[1701.6,1548.3]]}},{"type":"Feature","properties":{"id":"p:equipos:1527","n":1,"sc":"#808080"},"geometry":{"type":"LineString","coordinates":[[1702.6,1548.3],[1702.6,1548.3]]}},{"type":"Feature","properties":{"id":"p:equipos:1528","n":2,"sc":"#808080"},"geometry":{"type":"LineString","coordinates":[[1717.9,1560.3],[1717.0,1560.8],[1716,1560.8]]}},{"type":"Feature","properties":{"id":"p:equipos:1529","n":1,"sc":"#808080"},"geometry":{"type":"LineString","coordinates":[[1712.6,1557.4],[1712.2,1557.0]]}},{"type":"Feature","properties":{"id":"p:equipos:1530","n":2,"sc":"#808080"},"geometry":{"type":"LineString","coordinates":[[1718.9,1557.9],[1718.9,1558.9],[1718.4,1559.8]]}},{"type":"Feature","properties":{"id":"p:equipos:1531","n":1,"sc":"#808080"},"geometry":{"type":"LineString","coordinates":[[1717.0,1555.0],[1717.0,1555.5]]}},{"type":"Feature","properties":{"id":"p:equipos:1532","n":1,"sc":"#808080"},"geometry":{"type":"LineString","coordinates":[[1699.2,1556.5],[1699.2,1556.5]]}},{"type":"Feature","properties":{"id":"p:equipos:1533","n":1,"sc":"#808080"},"geometry":{"type":"LineString","coordinates":[[1699.2,1556.5],[1699.7,1556.5]]}},{"type":"Feature","properties":{"id":"p:equipos:1534","n":4,"sc":"#808080"},"geometry":{"type":"LineString","coordinates":[[1696.1,1554.4],[1696.1,1554.4],[1696.1,1554.4],[1696.1,1554.4],[1696.1,1554.4]]}},{"type":"Feature","properties":{"id":"p:equipos:1535","n":1,"sc":"#808080"},"geometry":{"type":"LineString","coordinates":[[1693.4,1546.9],[1695.4,1546.4]]}},{"type":"Feature","properties":{"id":"p:equipos:1536","n":1,"sc":"#808080"},"geometry":{"type":"LineString","coordinates":[[1699.2,1556.5],[1699.2,1556.5]]}},{"type":"Feature","properties":{"id":"p:equipos:1537","n":2,"sc":"#808080"},"geometry":{"type":"LineString","coordinates":[[1702.1,1556.5],[1702.6,1557.0],[1702.1,1557.4]]}},{"type":"Feature","properties":{"id":"p:equipos:1538","n":1,"sc":"#808080"},"geometry":{"type":"LineString","coordinates":[[1701.1,1555.5],[1701.6,1556]]}},{"type":"Feature","properties":{"id":"p:equipos:1539","n":1,"sc":"#808080"},"geometry":{"type":"LineString","coordinates":[[1702.1,1557.4],[1702.1,1557.0]]}},{"type":"Feature","properties":{"id":"p:equipos:1540","n":1,"sc":"#808080"},"geometry":{"type":"LineString","coordinates":[[1702.1,1557.0],[1702.1,1556.5]]}},{"type":"Feature","properties":{"id":"p:equipos:1541","n":1,"sc":"#808080"},"geometry":{"type":"LineString","coordinates":[[1700.2,1555.0],[1700.2,1555.0]]}},{"type":"Feature","properties":{"id":"p:equipos:1542","n":1,"sc":"#808080"},"geometry":{"type":"LineString","coordinates":[[1699.2,1556.5],[1699.2,1556.5]]}},{"type":"Feature","properties":{"id":"p:equipos:1543","n":1,"sc":"#808080"},"geometry":{"type":"LineString","coordinates":[[1699.7,1556.5],[1699.2,1556.5]]}},{"type":"Feature","properties":{"id":"p:equipos:1544","n":4,"sc":"#808080"},"geometry":{"type":"LineString","coordinates":[[1697.8,1553.7],[1697.8,1553.7],[1697.8,1553.7],[1697.8,1553.7],[1697.8,1553.7]]}},{"type":"Feature","properties":{"id":"p:equipos:1545","n":1,"sc":"#808080"},"geometry":{"type":"LineString","coordinates":[[1701.6,1556],[1701.1,1555.5]]}},{"type":"Feature","properties":{"id":"p:equipos:1546","n":1,"sc":"#808080"},"geometry":{"type":"LineString","coordinates":[[1696.8,1554.6],[1696.8,1554.6]]}},{"type":"Feature","properties":{"id":"p:equipos:1547","n":1,"sc":"#808080"},"geometry":{"type":"LineString","coordinates":[[1697.3,1554.6],[1697.3,1554.6]]}},{"type":"Feature","properties":{"id":"p:equipos:1548","n":8,"sc":"#808080"},"geometry":{"type":"LineString","coordinates":[[1701.0,1557.4],[1701.3,1557.4],[1701.6,1557.4],[1701.8,1557.3],[1702.0,1557.1],[1702.1,1556.8],[1702.1,1556.6],[1702.0,1556.3],[1701.7,1556.1]]}},{"type":"Feature","properties":{"id":"p:equipos:1549","n":1,"sc":"#808080"},"geometry":{"type":"LineString","coordinates":[[1698.7,1554.1],[1698.7,1554.6]]}},{"type":"Feature","properties":{"id":"p:equipos:1550","n":1,"sc":"#808080"},"geometry":{"type":"LineString","coordinates":[[1698.7,1554.1],[1698.7,1554.1]]}},{"type":"Feature","properties":{"id":"p:equipos:1551","n":1,"sc":"#808080"},"geometry":{"type":"LineString","coordinates":[[1698.7,1554.1],[1698.7,1554.1]]}},{"type":"Feature","properties":{"id":"p:equipos:1552","n":1,"sc":"#808080"},"geometry":{"type":"LineString","coordinates":[[1698.7,1554.6],[1698.7,1554.1]]}},{"type":"Feature","properties":{"id":"p:equipos:1553","n":4,"sc":"#808080"},"geometry":{"type":"LineString","coordinates":[[1720.4,1552.6],[1720.5,1552.6],[1720.6,1552.6],[1720.7,1552.6],[1720.7,1552.6]]}},{"type":"Feature","properties":{"id":"p:equipos:1554","n":1,"sc":"#808080"},"geometry":{"type":"LineString","coordinates":[[1713.6,1555.5],[1713.1,1555.0]]}},{"type":"Feature","properties":{"id":"p:equipos:1555","n":2,"sc":"#808080"},"geometry":{"type":"LineString","coordinates":[[1701.1,1557.4],[1701.6,1557.0],[1702.1,1556.5]]}},{"type":"Feature","properties":{"id":"p:equipos:1556","n":2,"sc":"#808080"},"geometry":{"type":"LineString","coordinates":[[1698.7,1554.6],[1698.2,1555.0],[1698.2,1555.5]]}},{"type":"Feature","properties":{"id":"p:equipos:1557","n":2,"sc":"#808080"},"geometry":{"type":"LineString","coordinates":[[1698.2,1553.6],[1697.3,1554.6],[1696.8,1554.6]]}},{"type":"Feature","properties":{"id":"p:equipos:1558","n":1,"sc":"#808080"},"geometry":{"type":"LineString","coordinates":[[1698.2,1553.6],[1698.2,1553.6]]}},{"type":"Feature","properties":{"id":"p:equipos:1559","n":1,"sc":"#808080"},"geometry":{"type":"LineString","coordinates":[[1714.1,1554.1],[1714.1,1554.1]]}},{"type":"Feature","properties":{"id":"p:equipos:1560","n":1,"sc":"#808080"},"geometry":{"type":"LineString","coordinates":[[1696.8,1554.1],[1696.3,1554.1]]}},{"type":"Feature","properties":{"id":"p:equipos:1561","n":4,"sc":"#808080"},"geometry":{"type":"LineString","coordinates":[[1713.8,1554.8],[1714.0,1555.0],[1714.2,1555.0],[1714.4,1555.0],[1714.6,1555.0]]}},{"type":"Feature","properties":{"id":"p:equipos:1562","n":1,"sc":"#808080"},"geometry":{"type":"LineString","coordinates":[[1699.2,1556.5],[1696.8,1554.6]]}},{"type":"Feature","properties":{"id":"p:equipos:1563","n":8,"sc":"#808080"},"geometry":{"type":"LineString","coordinates":[[1708.5,1544],[1707.2,1544.2],[1705.9,1544.7],[1704.9,1545.6],[1704.1,1546.7],[1703.6,1548.0],[1703.5,1549.4],[1703.8,1550.7],[1704.4,1551.9]]}},{"type":"Feature","properties":{"id":"p:equipos:1564","n":1,"sc":"#808080"},"geometry":{"type":"LineString","coordinates":[[1696.8,1554.1],[1697.8,1553.1]]}},{"type":"Feature","properties":{"id":"p:equipos:1565","n":4,"sc":"#808080"},"geometry":{"type":"LineString","coordinates":[[1703.7,1561.6],[1703.8,1561.4],[1703.9,1561.2],[1704.0,1561.0],[1704.0,1560.7]]}},{"type":"Feature","properties":{"id":"p:equipos:1566","n":1,"sc":"#808080"},"geometry":{"type":"LineString","coordinates":[[1708.8,1558.4],[1708.8,1558.4]]}},{"type":"Feature","properties":{"id":"p:equipos:1567","n":1,"sc":"#808080"},"geometry":{"type":"LineString","coordinates":[[1704,1561.3],[1704.5,1558.9]]}},{"type":"Feature","properties":{"id":"p:equipos:1568","n":1,"sc":"#808080"},"geometry":{"type":"LineString","coordinates":[[1704.5,1558.9],[1704.5,1557.4]]}},{"type":"Feature","properties":{"id":"p:equipos:1569","n":1,"sc":"#808080"},"geometry":{"type":"LineString","coordinates":[[1701.6,1562.7],[1702.1,1563.2]]}},{"type":"Feature","properties":{"id":"p:equipos:1570","n":4,"sc":"#808080"},"geometry":{"type":"LineString","coordinates":[[1699.2,1560.7],[1699.2,1560.8],[1699.2,1561.0],[1699.3,1561.1],[1699.3,1561.3]]}},{"type":"Feature","properties":{"id":"p:equipos:1571","n":1,"sc":"#808080"},"geometry":{"type":"LineString","coordinates":[[1699.7,1558.9],[1699.7,1561.3]]}},{"type":"Feature","properties":{"id":"p:equipos:1572","n":1,"sc":"#808080"},"geometry":{"type":"LineString","coordinates":[[1701.1,1548.3],[1701.1,1548.3]]}},{"type":"Feature","properties":{"id":"p:equipos:1573","n":1,"sc":"#808080"},"geometry":{"type":"LineString","coordinates":[[1720.3,1552.6],[1720.3,1552.6]]}},{"type":"Feature","properties":{"id":"p:equipos:1574","n":1,"sc":"#808080"},"geometry":{"type":"LineString","coordinates":[[1719.8,1553.1],[1719.8,1553.1]]}},{"type":"Feature","properties":{"id":"p:equipos:1575","n":1,"sc":"#808080"},"geometry":{"type":"LineString","coordinates":[[1703.0,1548.3],[1703.0,1548.3]]}},{"type":"Feature","properties":{"id":"p:equipos:1576","n":1,"sc":"#808080"},"geometry":{"type":"LineString","coordinates":[[1699.7,1557.0],[1699.7,1557.0]]}},{"type":"Feature","properties":{"id":"p:equipos:1577","n":1,"sc":"#808080"},"geometry":{"type":"LineString","coordinates":[[1715.5,1560.3],[1713.6,1558.9]]}},{"type":"Feature","properties":{"id":"p:equipos:1578","n":1,"sc":"#808080"},"geometry":{"type":"LineString","coordinates":[[1713.6,1558.9],[1712.6,1557.4]]}},{"type":"Feature","properties":{"id":"p:equipos:1579","n":1,"sc":"#808080"},"geometry":{"type":"LineString","coordinates":[[1718.4,1559.8],[1717.9,1560.3]]}},{"type":"Feature","properties":{"id":"p:equipos:1580","n":1,"sc":"#808080"},"geometry":{"type":"LineString","coordinates":[[1717.0,1555.5],[1718.4,1557.4]]}},{"type":"Feature","properties":{"id":"p:equipos:1581","n":4,"sc":"#808080"},"geometry":{"type":"LineString","coordinates":[[1714.7,1560.1],[1714.9,1560.3],[1715.0,1560.4],[1715.2,1560.5],[1715.4,1560.6]]}},{"type":"Feature","properties":{"id":"p:equipos:1582","n":1,"sc":"#808080"},"geometry":{"type":"LineString","coordinates":[[1713.6,1555.5],[1713.1,1555.0]]}},{"type":"Feature","properties":{"id":"p:equipos:1583","n":4,"sc":"#808080"},"geometry":{"type":"LineString","coordinates":[[1718.7,1557.4],[1718.7,1557.3],[1718.6,1557.1],[1718.5,1557.0],[1718.4,1556.9]]}},{"type":"Feature","properties":{"id":"p:equipos:1584","n":1,"sc":"#808080"},"geometry":{"type":"LineString","coordinates":[[1713.6,1551.2],[1713.6,1551.2]]}},{"type":"Feature","properties":{"id":"p:equipos:1585","n":1,"sc":"#808080"},"geometry":{"type":"LineString","coordinates":[[1696.3,1554.1],[1696.3,1554.1]]}},{"type":"Feature","properties":{"id":"p:equipos:1586","n":1,"sc":"#808080"},"geometry":{"type":"LineString","coordinates":[[1696.8,1554.6],[1699.2,1556.5]]}},{"type":"Feature","properties":{"id":"p:equipos:1587","n":1,"sc":"#808080"},"geometry":{"type":"LineString","coordinates":[[1714.1,1554.6],[1714.1,1554.6]]}},{"type":"Feature","properties":{"id":"p:equipos:1588","n":1,"sc":"#808080"},"geometry":{"type":"LineString","coordinates":[[1714.6,1555.0],[1714.1,1555.0]]}},{"type":"Feature","properties":{"id":"p:equipos:1589","n":2,"sc":"#808080"},"geometry":{"type":"LineString","coordinates":[[1712.6,1555.0],[1711.2,1557.4],[1708.8,1558.4]]}},{"type":"Feature","properties":{"id":"p:equipos:1590","n":4,"sc":"#808080"},"geometry":{"type":"LineString","coordinates":[[1705.0,1554.6],[1705.0,1556],[1705.9,1557.4],[1707.4,1557.9],[1708.8,1558.4]]}},{"type":"Feature","properties":{"id":"p:equipos:1591","n":4,"sc":"#808080"},"geometry":{"type":"LineString","coordinates":[[1708.8,1558.4],[1710.2,1557.9],[1711.7,1557.4],[1712.6,1556],[1712.6,1554.6]]}},{"type":"Feature","properties":{"id":"p:equipos:1592","n":4,"sc":"#808080"},"geometry":{"type":"LineString","coordinates":[[1705.0,1552.2],[1706.4,1553.6],[1708.8,1554.1],[1711.2,1553.6],[1712.6,1552.2]]}},{"type":"Feature","properties":{"id":"p:equipos:1593","n":1,"sc":"#808080"},"geometry":{"type":"LineString","coordinates":[[1705.0,1554.6],[1705.0,1552.2]]}},{"type":"Feature","properties":{"id":"p:equipos:1594","n":1,"sc":"#808080"},"geometry":{"type":"LineString","coordinates":[[1712.6,1554.6],[1712.6,1552.2]]}},{"type":"Feature","properties":{"id":"p:equipos:1595","n":4,"sc":"#808080"},"geometry":{"type":"LineString","coordinates":[[1734.5,1550.7],[1734.7,1550.8],[1734.8,1550.9],[1734.9,1551.0],[1735.1,1551.0]]}},{"type":"Feature","properties":{"id":"p:equipos:1596","n":2,"sc":"#808080"},"geometry":{"type":"LineString","coordinates":[[1744.3,1555.5],[1742.4,1555.0],[1740.5,1554.1]]}},{"type":"Feature","properties":{"id":"p:equipos:1597","n":1,"sc":"#808080"},"geometry":{"type":"LineString","coordinates":[[1763.0,1552.6],[1762.1,1554.1]]}},{"type":"Feature","properties":{"id":"p:equipos:1598","n":2,"sc":"#808080"},"geometry":{"type":"LineString","coordinates":[[1758.7,1544.5],[1761.1,1545.0],[1762.6,1546.4]]}},{"type":"Feature","properties":{"id":"p:equipos:1599","n":1,"sc":"#808080"},"geometry":{"type":"LineString","coordinates":[[1755.4,1544.5],[1758.7,1544.5]]}},{"type":"Feature","properties":{"id":"p:equipos:1600","n":1,"sc":"#808080"},"geometry":{"type":"LineString","coordinates":[[1746.2,1550.7],[1746.2,1550.7]]}},{"type":"Feature","properties":{"id":"p:equipos:1601","n":1,"sc":"#808080"},"geometry":{"type":"LineString","coordinates":[[1747.2,1555.5],[1744.3,1555.5]]}},{"type":"Feature","properties":{"id":"p:equipos:1602","n":1,"sc":"#808080"},"geometry":{"type":"LineString","coordinates":[[1758.2,1555.5],[1755.4,1555.5]]}},{"type":"Feature","properties":{"id":"p:equipos:1603","n":1,"sc":"#808080"},"geometry":{"type":"LineString","coordinates":[[1747.2,1544.5],[1755.4,1544.5]]}},{"type":"Feature","properties":{"id":"p:equipos:1604","n":1,"sc":"#808080"},"geometry":{"type":"LineString","coordinates":[[1743.4,1545.0],[1747.2,1544.5]]}},{"type":"Feature","properties":{"id":"p:equipos:1605","n":2,"sc":"#808080"},"geometry":{"type":"LineString","coordinates":[[1762.1,1554.1],[1760.2,1555.0],[1758.2,1555.5]]}},{"type":"Feature","properties":{"id":"p:equipos:1606","n":1,"sc":"#808080"},"geometry":{"type":"LineString","coordinates":[[1740.5,1554.1],[1739.5,1552.6]]}},{"type":"Feature","properties":{"id":"p:equipos:1607","n":2,"sc":"#808080"},"geometry":{"type":"LineString","coordinates":[[1740,1546.4],[1741.4,1545.4],[1743.4,1545.0]]}},{"type":"Feature","properties":{"id":"p:equipos:1608","n":1,"sc":"#808080"},"geometry":{"type":"LineString","coordinates":[[1739.0,1555.0],[1738.6,1554.6]]}},{"type":"Feature","properties":{"id":"p:equipos:1609","n":2,"sc":"#808080"},"geometry":{"type":"LineString","coordinates":[[1744.3,1557.9],[1742.9,1557.9],[1741.4,1557.0]]}},{"type":"Feature","properties":{"id":"p:equipos:1610","n":1,"sc":"#808080"},"geometry":{"type":"LineString","coordinates":[[1741.4,1557.0],[1741.0,1556.5]]}},{"type":"Feature","properties":{"id":"p:equipos:1611","n":1,"sc":"#808080"},"geometry":{"type":"LineString","coordinates":[[1741.4,1557.0],[1741.4,1557.0]]}},{"type":"Feature","properties":{"id":"p:equipos:1612","n":1,"sc":"#808080"},"geometry":{"type":"LineString","coordinates":[[1741.9,1557.0],[1741.9,1557.0]]}},{"type":"Feature","properties":{"id":"p:equipos:1613","n":1,"sc":"#808080"},"geometry":{"type":"LineString","coordinates":[[1743.4,1556],[1743.4,1556]]}},{"type":"Feature","properties":{"id":"p:equipos:1614","n":1,"sc":"#808080"},"geometry":{"type":"LineString","coordinates":[[1740.5,1556],[1740,1555.5]]}},{"type":"Feature","properties":{"id":"p:equipos:1615","n":1,"sc":"#808080"},"geometry":{"type":"LineString","coordinates":[[1739.0,1555.0],[1739.0,1554.6]]}},{"type":"Feature","properties":{"id":"p:equipos:1616","n":1,"sc":"#808080"},"geometry":{"type":"LineString","coordinates":[[1739.0,1555.0],[1739.0,1555.0]]}},{"type":"Feature","properties":{"id":"p:equipos:1617","n":1,"sc":"#808080"},"geometry":{"type":"LineString","coordinates":[[1741.0,1554.6],[1741.0,1554.6]]}},{"type":"Feature","properties":{"id":"p:equipos:1618","n":1,"sc":"#808080"},"geometry":{"type":"LineString","coordinates":[[1743.8,1557.9],[1741.0,1556]]}},{"type":"Feature","properties":{"id":"p:equipos:1619","n":1,"sc":"#808080"},"geometry":{"type":"LineString","coordinates":[[1742.4,1555.0],[1744.3,1557.0]]}},{"type":"Feature","properties":{"id":"p:equipos:1620","n":4,"sc":"#808080"},"geometry":{"type":"LineString","coordinates":[[1746.5,1551.2],[1746.5,1551.2],[1746.5,1551.2],[1746.5,1551.2],[1746.5,1551.2]]}},{"type":"Feature","properties":{"id":"p:equipos:1621","n":4,"sc":"#808080"},"geometry":{"type":"LineString","coordinates":[[1737.0,1553.9],[1737.4,1554.1],[1737.9,1554.2],[1738.4,1554.1],[1739.0,1553.9]]}},{"type":"Feature","properties":{"id":"p:equipos:1622","n":1,"sc":"#808080"},"geometry":{"type":"LineString","coordinates":[[1739.0,1555.0],[1739.0,1555.0]]}},{"type":"Feature","properties":{"id":"p:equipos:1623","n":1,"sc":"#808080"},"geometry":{"type":"LineString","coordinates":[[1762.6,1553.6],[1762.6,1553.6]]}},{"type":"Feature","properties":{"id":"p:equipos:1624","n":1,"sc":"#808080"},"geometry":{"type":"LineString","coordinates":[[1763.0,1553.1],[1762.6,1553.6]]}},{"type":"Feature","properties":{"id":"p:equipos:1625","n":4,"sc":"#808080"},"geometry":{"type":"LineString","coordinates":[[1741.2,1556.8],[1741.3,1556.8],[1741.3,1556.8],[1741.3,1556.9],[1741.3,1556.9]]}},{"type":"Feature","properties":{"id":"p:equipos:1626","n":2,"sc":"#808080"},"geometry":{"type":"LineString","coordinates":[[1758.7,1555.5],[1757.3,1556],[1755.8,1556]]}},{"type":"Feature","properties":{"id":"p:equipos:1627","n":1,"sc":"#808080"},"geometry":{"type":"LineString","coordinates":[[1763.0,1553.1],[1762.1,1553.6]]}},{"type":"Feature","properties":{"id":"p:equipos:1628","n":1,"sc":"#808080"},"geometry":{"type":"LineString","coordinates":[[1744.3,1557.4],[1744.3,1557.4]]}},{"type":"Feature","properties":{"id":"p:equipos:1629","n":1,"sc":"#808080"},"geometry":{"type":"LineString","coordinates":[[1757.8,1555.5],[1757.3,1555.5]]}},{"type":"Feature","properties":{"id":"p:equipos:1630","n":1,"sc":"#808080"},"geometry":{"type":"LineString","coordinates":[[1755.8,1554.1],[1755.8,1554.1]]}},{"type":"Feature","properties":{"id":"p:equipos:1631","n":1,"sc":"#808080"},"geometry":{"type":"LineString","coordinates":[[1762.1,1554.1],[1762.1,1554.1]]}},{"type":"Feature","properties":{"id":"p:equipos:1632","n":1,"sc":"#808080"},"geometry":{"type":"LineString","coordinates":[[1763.0,1552.6],[1763.0,1552.6]]}},{"type":"Feature","properties":{"id":"p:equipos:1633","n":1,"sc":"#808080"},"geometry":{"type":"LineString","coordinates":[[1746.7,1554.1],[1746.7,1554.1]]}},{"type":"Feature","properties":{"id":"p:equipos:1634","n":1,"sc":"#808080"},"geometry":{"type":"LineString","coordinates":[[1743.8,1556.5],[1743.8,1556.5]]}},{"type":"Feature","properties":{"id":"p:equipos:1635","n":1,"sc":"#808080"},"geometry":{"type":"LineString","coordinates":[[1745.8,1555.0],[1745.8,1555.0]]}},{"type":"Feature","properties":{"id":"p:equipos:1636","n":1,"sc":"#808080"},"geometry":{"type":"LineString","coordinates":[[1770.7,1552.6],[1770.7,1552.6]]}},{"type":"Feature","properties":{"id":"p:equipos:1637","n":1,"sc":"#808080"},"geometry":{"type":"LineString","coordinates":[[1763.5,1553.1],[1770.7,1552.6]]}},{"type":"Feature","properties":{"id":"p:equipos:1638","n":4,"sc":"#808080"},"geometry":{"type":"LineString","coordinates":[[1742.4,1555.3],[1742.8,1555.4],[1743.3,1555.5],[1743.7,1555.5],[1744.2,1555.5]]}},{"type":"Feature","properties":{"id":"p:equipos:1639","n":4,"sc":"#808080"},"geometry":{"type":"LineString","coordinates":[[1770.7,1548.3],[1771.7,1549.3],[1772.2,1550.7],[1771.7,1551.7],[1770.7,1552.6]]}},{"type":"Feature","properties":{"id":"p:equipos:1640","n":1,"sc":"#808080"},"geometry":{"type":"LineString","coordinates":[[1766.9,1547.4],[1762.6,1546.4]]}},{"type":"Feature","properties":{"id":"p:equipos:1641","n":1,"sc":"#808080"},"geometry":{"type":"LineString","coordinates":[[1763.0,1552.6],[1762.6,1551.2]]}},{"type":"Feature","properties":{"id":"p:equipos:1642","n":1,"sc":"#808080"},"geometry":{"type":"LineString","coordinates":[[1766.4,1552.6],[1763.0,1552.6]]}},{"type":"Feature","properties":{"id":"p:equipos:1643","n":1,"sc":"#808080"},"geometry":{"type":"LineString","coordinates":[[1770.7,1548.3],[1766.9,1547.4]]}},{"type":"Feature","properties":{"id":"p:equipos:1644","n":8,"sc":"#808080"},"geometry":{"type":"LineString","coordinates":[[1770.7,1552.1],[1771.5,1551.9],[1772.1,1551.4],[1772.5,1550.7],[1772.6,1549.9],[1772.5,1549.2],[1772.0,1548.5],[1771.4,1548.0],[1770.6,1547.8]]}},{"type":"Feature","properties":{"id":"p:equipos:1645","n":1,"sc":"#808080"},"geometry":{"type":"LineString","coordinates":[[1762.6,1551.2],[1762.1,1548.8]]}},{"type":"Feature","properties":{"id":"p:equipos:1646","n":1,"sc":"#808080"},"geometry":{"type":"LineString","coordinates":[[1770.7,1552.6],[1766.4,1552.6]]}},{"type":"Feature","properties":{"id":"p:equipos:1647","n":2,"sc":"#808080"},"geometry":{"type":"LineString","coordinates":[[1762.1,1548.8],[1762.6,1546.9],[1762.6,1546.4]]}},{"type":"Feature","properties":{"id":"p:equipos:1648","n":1,"sc":"#808080"},"geometry":{"type":"LineString","coordinates":[[1740.5,1554.1],[1740.5,1554.1]]}},{"type":"Feature","properties":{"id":"p:equipos:1649","n":4,"sc":"#808080"},"geometry":{"type":"LineString","coordinates":[[1762.6,1546.5],[1762.5,1546.5],[1762.5,1546.5],[1762.4,1546.5],[1762.4,1546.4]]}},{"type":"Feature","properties":{"id":"p:equipos:1650","n":8,"sc":"#808080"},"geometry":{"type":"LineString","coordinates":[[1735.6,1546.9],[1735.0,1547.1],[1734.6,1547.4],[1734.2,1547.7],[1733.9,1548.2],[1733.8,1548.8],[1733.8,1549.3],[1733.9,1549.9],[1734.2,1550.4]]}},{"type":"Feature","properties":{"id":"p:equipos:1651","n":2,"sc":"#808080"},"geometry":{"type":"LineString","coordinates":[[1740.5,1548.8],[1741.0,1550.2],[1740.5,1551.7]]}},{"type":"Feature","properties":{"id":"p:equipos:1652","n":2,"sc":"#808080"},"geometry":{"type":"LineString","coordinates":[[1740.5,1551.7],[1740,1552.6],[1739.5,1552.6]]}},{"type":"Feature","properties":{"id":"p:equipos:1653","n":2,"sc":"#808080"},"geometry":{"type":"LineString","coordinates":[[1740,1546.4],[1740,1547.4],[1740.5,1548.8]]}},{"type":"Feature","properties":{"id":"p:equipos:1654","n":1,"sc":"#808080"},"geometry":{"type":"LineString","coordinates":[[1737.6,1554.1],[1734.7,1550.2]]}},{"type":"Feature","properties":{"id":"p:equipos:1655","n":4,"sc":"#808080"},"geometry":{"type":"LineString","coordinates":[[1739.0,1552.4],[1739.1,1552.4],[1739.2,1552.4],[1739.2,1552.5],[1739.3,1552.5]]}},{"type":"Feature","properties":{"id":"p:equipos:1656","n":1,"sc":"#808080"},"geometry":{"type":"LineString","coordinates":[[1740,1546.4],[1740,1546.4]]}},{"type":"Feature","properties":{"id":"p:equipos:1657","n":1,"sc":"#808080"},"geometry":{"type":"LineString","coordinates":[[1737.6,1551.7],[1739.5,1552.6]]}},{"type":"Feature","properties":{"id":"p:equipos:1658","n":2,"sc":"#808080"},"geometry":{"type":"LineString","coordinates":[[1744.3,1563.2],[1745.3,1563.2],[1746.2,1562.2]]}},{"type":"Feature","properties":{"id":"p:equipos:1659","n":1,"sc":"#808080"},"geometry":{"type":"LineString","coordinates":[[1746.2,1555.0],[1746.2,1555.0]]}},{"type":"Feature","properties":{"id":"p:equipos:1660","n":1,"sc":"#808080"},"geometry":{"type":"LineString","coordinates":[[1738.1,1546.9],[1740,1546.4]]}},{"type":"Feature","properties":{"id":"p:equipos:1661","n":1,"sc":"#808080"},"geometry":{"type":"LineString","coordinates":[[1735.7,1551.2],[1737.6,1551.7]]}},{"type":"Feature","properties":{"id":"p:equipos:1662","n":4,"sc":"#808080"},"geometry":{"type":"LineString","coordinates":[[1736.9,1553.8],[1737.2,1554.1],[1737.5,1554.4],[1737.9,1554.5],[1738.3,1554.6]]}},{"type":"Feature","properties":{"id":"p:equipos:1663","n":3,"sc":"#808080"},"geometry":{"type":"LineString","coordinates":[[1746.7,1557.9],[1746.7,1556.5],[1746.7,1556],[1746.2,1555.5]]}},{"type":"Feature","properties":{"id":"p:equipos:1664","n":1,"sc":"#808080"},"geometry":{"type":"LineString","coordinates":[[1740.5,1554.6],[1740.5,1554.6]]}},{"type":"Feature","properties":{"id":"p:equipos:1665","n":4,"sc":"#808080"},"geometry":{"type":"LineString","coordinates":[[1755.3,1555.6],[1755.3,1555.4],[1755.3,1555.2],[1755.4,1555.0],[1755.4,1554.8]]}},{"type":"Feature","properties":{"id":"p:equipos:1666","n":8,"sc":"#808080"},"geometry":{"type":"LineString","coordinates":[[1755.0,1552.4],[1755.6,1551.1],[1755.8,1549.8],[1755.7,1548.5],[1755.3,1547.2],[1754.4,1546.0],[1753.4,1545.2],[1752.1,1544.7],[1750.8,1544.5]]}},{"type":"Feature","properties":{"id":"p:equipos:1667","n":2,"sc":"#808080"},"geometry":{"type":"LineString","coordinates":[[1742.4,1562.2],[1742.9,1563.2],[1743.8,1563.2]]}},{"type":"Feature","properties":{"id":"p:equipos:1668","n":1,"sc":"#808080"},"geometry":{"type":"LineString","coordinates":[[1741.9,1557.4],[1741.9,1559.4]]}},{"type":"Feature","properties":{"id":"p:equipos:1669","n":1,"sc":"#808080"},"geometry":{"type":"LineString","coordinates":[[1741.9,1557.4],[1742.4,1557.4]]}},{"type":"Feature","properties":{"id":"p:equipos:1670","n":1,"sc":"#808080"},"geometry":{"type":"LineString","coordinates":[[1741.9,1557.4],[1741.9,1557.4]]}},{"type":"Feature","properties":{"id":"p:equipos:1671","n":1,"sc":"#808080"},"geometry":{"type":"LineString","coordinates":[[1743.8,1548.8],[1743.8,1548.8]]}},{"type":"Feature","properties":{"id":"p:equipos:1672","n":1,"sc":"#808080"},"geometry":{"type":"LineString","coordinates":[[1744.8,1548.8],[1744.8,1548.8]]}},{"type":"Feature","properties":{"id":"p:equipos:1673","n":2,"sc":"#808080"},"geometry":{"type":"LineString","coordinates":[[1760.6,1560.8],[1759.7,1561.3],[1758.2,1561.3]]}},{"type":"Feature","properties":{"id":"p:equipos:1674","n":1,"sc":"#808080"},"geometry":{"type":"LineString","coordinates":[[1754.9,1557.9],[1754.4,1557.4]]}},{"type":"Feature","properties":{"id":"p:equipos:1675","n":2,"sc":"#808080"},"geometry":{"type":"LineString","coordinates":[[1761.1,1558.4],[1761.6,1559.4],[1760.6,1560.3]]}},{"type":"Feature","properties":{"id":"p:equipos:1676","n":1,"sc":"#808080"},"geometry":{"type":"LineString","coordinates":[[1759.2,1555.5],[1759.7,1556]]}},{"type":"Feature","properties":{"id":"p:equipos:1677","n":1,"sc":"#808080"},"geometry":{"type":"LineString","coordinates":[[1741.4,1557.0],[1741.9,1557.0]]}},{"type":"Feature","properties":{"id":"p:equipos:1678","n":1,"sc":"#808080"},"geometry":{"type":"LineString","coordinates":[[1741.9,1557.0],[1742.4,1557.0]]}},{"type":"Feature","properties":{"id":"p:equipos:1679","n":4,"sc":"#808080"},"geometry":{"type":"LineString","coordinates":[[1738.8,1554.8],[1738.8,1554.9],[1738.8,1554.9],[1738.8,1554.9],[1738.9,1554.9]]}},{"type":"Feature","properties":{"id":"p:equipos:1680","n":1,"sc":"#808080"},"geometry":{"type":"LineString","coordinates":[[1735.7,1547.4],[1738.1,1546.9]]}},{"type":"Feature","properties":{"id":"p:equipos:1681","n":1,"sc":"#808080"},"geometry":{"type":"LineString","coordinates":[[1741.4,1557.0],[1741.4,1557.0]]}},{"type":"Feature","properties":{"id":"p:equipos:1682","n":3,"sc":"#808080"},"geometry":{"type":"LineString","coordinates":[[1744.3,1557.0],[1744.8,1557.0],[1744.8,1557.4],[1744.3,1557.9]]}},{"type":"Feature","properties":{"id":"p:equipos:1683","n":2,"sc":"#808080"},"geometry":{"type":"LineString","coordinates":[[1743.4,1556],[1743.8,1556],[1743.8,1556.5]]}},{"type":"Feature","properties":{"id":"p:equipos:1684","n":1,"sc":"#808080"},"geometry":{"type":"LineString","coordinates":[[1744.3,1557.9],[1744.8,1557.4]]}},{"type":"Feature","properties":{"id":"p:equipos:1685","n":1,"sc":"#808080"},"geometry":{"type":"LineString","coordinates":[[1744.8,1557.4],[1744.3,1557.0]]}},{"type":"Feature","properties":{"id":"p:equipos:1686","n":1,"sc":"#808080"},"geometry":{"type":"LineString","coordinates":[[1742.9,1555.5],[1742.9,1555.5]]}},{"type":"Feature","properties":{"id":"p:equipos:1687","n":1,"sc":"#808080"},"geometry":{"type":"LineString","coordinates":[[1741.4,1557.0],[1741.4,1557.0]]}},{"type":"Feature","properties":{"id":"p:equipos:1688","n":1,"sc":"#808080"},"geometry":{"type":"LineString","coordinates":[[1742.4,1557.0],[1741.9,1557.0]]}},{"type":"Feature","properties":{"id":"p:equipos:1689","n":4,"sc":"#808080"},"geometry":{"type":"LineString","coordinates":[[1740.5,1554.1],[1740.5,1554.1],[1740.5,1554.1],[1740.5,1554.1],[1740.5,1554.1]]}},{"type":"Feature","properties":{"id":"p:equipos:1690","n":1,"sc":"#808080"},"geometry":{"type":"LineString","coordinates":[[1743.8,1556.5],[1743.4,1556]]}},{"type":"Feature","properties":{"id":"p:equipos:1691","n":1,"sc":"#808080"},"geometry":{"type":"LineString","coordinates":[[1739.0,1555.0],[1739.0,1555.0]]}},{"type":"Feature","properties":{"id":"p:equipos:1692","n":1,"sc":"#808080"},"geometry":{"type":"LineString","coordinates":[[1740,1555.0],[1740,1555.0]]}},{"type":"Feature","properties":{"id":"p:equipos:1693","n":8,"sc":"#808080"},"geometry":{"type":"LineString","coordinates":[[1743.3,1557.8],[1743.5,1557.9],[1743.8,1557.9],[1744.0,1557.8],[1744.2,1557.6],[1744.3,1557.3],[1744.3,1557.0],[1744.2,1556.8],[1744.0,1556.6]]}},{"type":"Feature","properties":{"id":"p:equipos:1694","n":1,"sc":"#808080"},"geometry":{"type":"LineString","coordinates":[[1741.0,1554.6],[1741.0,1555.0]]}},{"type":"Feature","properties":{"id":"p:equipos:1695","n":1,"sc":"#808080"},"geometry":{"type":"LineString","coordinates":[[1741.0,1554.6],[1741.0,1554.6]]}},{"type":"Feature","properties":{"id":"p:equipos:1696","n":1,"sc":"#808080"},"geometry":{"type":"LineString","coordinates":[[1741.0,1554.6],[1741.0,1554.6]]}},{"type":"Feature","properties":{"id":"p:equipos:1697","n":1,"sc":"#808080"},"geometry":{"type":"LineString","coordinates":[[1741.0,1555.0],[1741.0,1554.6]]}},{"type":"Feature","properties":{"id":"p:equipos:1698","n":4,"sc":"#808080"},"geometry":{"type":"LineString","coordinates":[[1762.7,1553.1],[1762.7,1553.1],[1762.8,1553.1],[1762.9,1553.1],[1763.0,1553.1]]}},{"type":"Feature","properties":{"id":"p:equipos:1699","n":1,"sc":"#808080"},"geometry":{"type":"LineString","coordinates":[[1755.8,1556],[1755.8,1555.5]]}},{"type":"Feature","properties":{"id":"p:equipos:1700","n":2,"sc":"#808080"},"geometry":{"type":"LineString","coordinates":[[1743.8,1557.9],[1744.3,1557.4],[1744.3,1557.0]]}},{"type":"Feature","properties":{"id":"p:equipos:1701","n":2,"sc":"#808080"},"geometry":{"type":"LineString","coordinates":[[1741.0,1555.0],[1740.5,1555.5],[1741.0,1556]]}},{"type":"Feature","properties":{"id":"p:equipos:1702","n":2,"sc":"#808080"},"geometry":{"type":"LineString","coordinates":[[1740.5,1554.1],[1740,1555.0],[1739.0,1555.0]]}},{"type":"Feature","properties":{"id":"p:equipos:1703","n":1,"sc":"#808080"},"geometry":{"type":"LineString","coordinates":[[1740.5,1554.1],[1740.5,1554.1]]}},{"type":"Feature","properties":{"id":"p:equipos:1704","n":1,"sc":"#808080"},"geometry":{"type":"LineString","coordinates":[[1756.3,1554.6],[1756.3,1554.6]]}},{"type":"Feature","properties":{"id":"p:equipos:1705","n":1,"sc":"#808080"},"geometry":{"type":"LineString","coordinates":[[1739.5,1554.6],[1738.6,1554.6]]}},{"type":"Feature","properties":{"id":"p:equipos:1706","n":4,"sc":"#808080"},"geometry":{"type":"LineString","coordinates":[[1756.0,1555.3],[1756.2,1555.4],[1756.4,1555.5],[1756.6,1555.5],[1756.8,1555.5]]}},{"type":"Feature","properties":{"id":"p:equipos:1707","n":1,"sc":"#808080"},"geometry":{"type":"LineString","coordinates":[[1741.4,1557.0],[1739.0,1555.0]]}},{"type":"Feature","properties":{"id":"p:equipos:1708","n":8,"sc":"#808080"},"geometry":{"type":"LineString","coordinates":[[1750.8,1544.5],[1749.4,1544.7],[1748.2,1545.2],[1747.1,1546.1],[1746.3,1547.2],[1745.9,1548.5],[1745.8,1549.8],[1746.0,1551.2],[1746.7,1552.4]]}},{"type":"Feature","properties":{"id":"p:equipos:1709","n":1,"sc":"#808080"},"geometry":{"type":"LineString","coordinates":[[1739.5,1554.6],[1740,1553.6]]}},{"type":"Feature","properties":{"id":"p:equipos:1710","n":4,"sc":"#808080"},"geometry":{"type":"LineString","coordinates":[[1746.5,1562.1],[1746.6,1561.9],[1746.6,1561.7],[1746.7,1561.4],[1746.7,1561.2]]}},{"type":"Feature","properties":{"id":"p:equipos:1711","n":1,"sc":"#808080"},"geometry":{"type":"LineString","coordinates":[[1751.5,1558.9],[1751.5,1558.9]]}},{"type":"Feature","properties":{"id":"p:equipos:1712","n":1,"sc":"#808080"},"geometry":{"type":"LineString","coordinates":[[1746.7,1561.8],[1746.7,1559.4]]}},{"type":"Feature","properties":{"id":"p:equipos:1713","n":1,"sc":"#808080"},"geometry":{"type":"LineString","coordinates":[[1746.7,1559.4],[1746.7,1557.9]]}},{"type":"Feature","properties":{"id":"p:equipos:1714","n":1,"sc":"#808080"},"geometry":{"type":"LineString","coordinates":[[1743.8,1563.2],[1744.3,1563.2]]}},{"type":"Feature","properties":{"id":"p:equipos:1715","n":4,"sc":"#808080"},"geometry":{"type":"LineString","coordinates":[[1741.9,1561.1],[1741.9,1561.3],[1742.0,1561.4],[1742.0,1561.6],[1742.0,1561.7]]}},{"type":"Feature","properties":{"id":"p:equipos:1716","n":1,"sc":"#808080"},"geometry":{"type":"LineString","coordinates":[[1741.9,1559.4],[1742.4,1561.8]]}},{"type":"Feature","properties":{"id":"p:equipos:1717","n":1,"sc":"#808080"},"geometry":{"type":"LineString","coordinates":[[1743.4,1548.8],[1743.4,1548.8]]}},{"type":"Feature","properties":{"id":"p:equipos:1718","n":1,"sc":"#808080"},"geometry":{"type":"LineString","coordinates":[[1762.6,1553.1],[1763.0,1553.1]]}},{"type":"Feature","properties":{"id":"p:equipos:1719","n":1,"sc":"#808080"},"geometry":{"type":"LineString","coordinates":[[1762.6,1553.6],[1762.6,1553.6]]}},{"type":"Feature","properties":{"id":"p:equipos:1720","n":1,"sc":"#808080"},"geometry":{"type":"LineString","coordinates":[[1745.3,1548.8],[1745.3,1548.8]]}},{"type":"Feature","properties":{"id":"p:equipos:1721","n":1,"sc":"#808080"},"geometry":{"type":"LineString","coordinates":[[1741.9,1557.4],[1741.9,1557.4]]}},{"type":"Feature","properties":{"id":"p:equipos:1722","n":1,"sc":"#808080"},"geometry":{"type":"LineString","coordinates":[[1757.8,1560.8],[1756.3,1559.4]]}},{"type":"Feature","properties":{"id":"p:equipos:1723","n":1,"sc":"#808080"},"geometry":{"type":"LineString","coordinates":[[1756.3,1559.4],[1754.9,1557.9]]}},{"type":"Feature","properties":{"id":"p:equipos:1724","n":1,"sc":"#808080"},"geometry":{"type":"LineString","coordinates":[[1760.6,1560.3],[1760.6,1560.8]]}},{"type":"Feature","properties":{"id":"p:equipos:1725","n":1,"sc":"#808080"},"geometry":{"type":"LineString","coordinates":[[1759.7,1556],[1761.1,1557.9]]}},{"type":"Feature","properties":{"id":"p:equipos:1726","n":4,"sc":"#808080"},"geometry":{"type":"LineString","coordinates":[[1757.4,1560.6],[1757.6,1560.8],[1757.8,1560.9],[1757.9,1561.0],[1758.1,1561.1]]}},{"type":"Feature","properties":{"id":"p:equipos:1727","n":1,"sc":"#808080"},"geometry":{"type":"LineString","coordinates":[[1755.8,1556],[1755.8,1555.5]]}},{"type":"Feature","properties":{"id":"p:equipos:1728","n":4,"sc":"#808080"},"geometry":{"type":"LineString","coordinates":[[1761.5,1557.9],[1761.4,1557.7],[1761.3,1557.6],[1761.3,1557.5],[1761.2,1557.3]]}},{"type":"Feature","properties":{"id":"p:equipos:1729","n":1,"sc":"#808080"},"geometry":{"type":"LineString","coordinates":[[1755.8,1551.7],[1755.8,1551.7]]}},{"type":"Feature","properties":{"id":"p:equipos:1730","n":1,"sc":"#808080"},"geometry":{"type":"LineString","coordinates":[[1739.0,1554.6],[1739.0,1554.6]]}},{"type":"Feature","properties":{"id":"p:equipos:1731","n":1,"sc":"#808080"},"geometry":{"type":"LineString","coordinates":[[1739.0,1555.0],[1741.4,1557.0]]}},{"type":"Feature","properties":{"id":"p:equipos:1732","n":1,"sc":"#808080"},"geometry":{"type":"LineString","coordinates":[[1756.8,1555.0],[1756.8,1555.0]]}},{"type":"Feature","properties":{"id":"p:equipos:1733","n":1,"sc":"#808080"},"geometry":{"type":"LineString","coordinates":[[1757.3,1555.5],[1756.8,1555.5]]}},{"type":"Feature","properties":{"id":"p:equipos:1734","n":2,"sc":"#808080"},"geometry":{"type":"LineString","coordinates":[[1755.4,1555.5],[1753.9,1557.9],[1751.5,1558.9]]}},{"type":"Feature","properties":{"id":"p:equipos:1735","n":4,"sc":"#808080"},"geometry":{"type":"LineString","coordinates":[[1747.2,1555.0],[1747.7,1556.5],[1748.6,1557.4],[1749.6,1558.4],[1751.5,1558.9]]}},{"type":"Feature","properties":{"id":"p:equipos:1736","n":4,"sc":"#808080"},"geometry":{"type":"LineString","coordinates":[[1751.5,1558.9],[1753.0,1558.4],[1753.9,1557.4],[1754.9,1556.5],[1755.4,1555.0]]}},{"type":"Feature","properties":{"id":"p:equipos:1737","n":4,"sc":"#808080"},"geometry":{"type":"LineString","coordinates":[[1747.2,1552.6],[1749.1,1554.1],[1751.0,1554.6],[1753.4,1553.6],[1755.4,1552.2]]}},{"type":"Feature","properties":{"id":"p:equipos:1738","n":1,"sc":"#808080"},"geometry":{"type":"LineString","coordinates":[[1747.2,1555.0],[1747.2,1552.6]]}},{"type":"Feature","properties":{"id":"p:equipos:1739","n":1,"sc":"#808080"},"geometry":{"type":"LineString","coordinates":[[1755.4,1555.0],[1755.4,1552.2]]}},{"type":"Feature","properties":{"id":"p:equipos:1740","n":4,"sc":"#808080"},"geometry":{"type":"LineString","coordinates":[[1682.6,1634.8],[1682.5,1634.7],[1682.3,1634.6],[1682.2,1634.5],[1682.0,1634.4]]}},{"type":"Feature","properties":{"id":"p:equipos:1741","n":2,"sc":"#808080"},"geometry":{"type":"LineString","coordinates":[[1673.3,1630.4],[1675.2,1630.9],[1677.1,1631.8]]}},{"type":"Feature","properties":{"id":"p:equipos:1742","n":1,"sc":"#808080"},"geometry":{"type":"LineString","coordinates":[[1654.6,1633.3],[1655.5,1631.8]]}},{"type":"Feature","properties":{"id":"p:equipos:1743","n":2,"sc":"#808080"},"geometry":{"type":"LineString","coordinates":[[1658.4,1641.4],[1656.5,1641.0],[1655.0,1639.5]]}},{"type":"Feature","properties":{"id":"p:equipos:1744","n":1,"sc":"#808080"},"geometry":{"type":"LineString","coordinates":[[1662.2,1641.0],[1658.4,1641.4]]}},{"type":"Feature","properties":{"id":"p:equipos:1745","n":1,"sc":"#808080"},"geometry":{"type":"LineString","coordinates":[[1671.4,1635.2],[1671.4,1635.2]]}},{"type":"Feature","properties":{"id":"p:equipos:1746","n":1,"sc":"#808080"},"geometry":{"type":"LineString","coordinates":[[1669.9,1630.4],[1673.3,1630.4]]}},{"type":"Feature","properties":{"id":"p:equipos:1747","n":1,"sc":"#808080"},"geometry":{"type":"LineString","coordinates":[[1659.4,1630.4],[1662.2,1630.4]]}},{"type":"Feature","properties":{"id":"p:equipos:1748","n":1,"sc":"#808080"},"geometry":{"type":"LineString","coordinates":[[1670.4,1641.0],[1662.2,1641.0]]}},{"type":"Feature","properties":{"id":"p:equipos:1749","n":1,"sc":"#808080"},"geometry":{"type":"LineString","coordinates":[[1674.2,1641.0],[1670.4,1641.0]]}},{"type":"Feature","properties":{"id":"p:equipos:1750","n":2,"sc":"#808080"},"geometry":{"type":"LineString","coordinates":[[1655.5,1631.8],[1657.0,1630.9],[1659.4,1630.4]]}},{"type":"Feature","properties":{"id":"p:equipos:1751","n":1,"sc":"#808080"},"geometry":{"type":"LineString","coordinates":[[1677.1,1631.8],[1678.1,1633.3]]}},{"type":"Feature","properties":{"id":"p:equipos:1752","n":2,"sc":"#808080"},"geometry":{"type":"LineString","coordinates":[[1677.6,1639.0],[1676.2,1640.5],[1674.2,1641.0]]}},{"type":"Feature","properties":{"id":"p:equipos:1753","n":1,"sc":"#808080"},"geometry":{"type":"LineString","coordinates":[[1678.6,1630.9],[1679.0,1631.4]]}},{"type":"Feature","properties":{"id":"p:equipos:1754","n":2,"sc":"#808080"},"geometry":{"type":"LineString","coordinates":[[1672.8,1628],[1674.7,1628],[1676.2,1629.0]]}},{"type":"Feature","properties":{"id":"p:equipos:1755","n":1,"sc":"#808080"},"geometry":{"type":"LineString","coordinates":[[1675.7,1629.0],[1676.6,1629.4]]}},{"type":"Feature","properties":{"id":"p:equipos:1756","n":1,"sc":"#808080"},"geometry":{"type":"LineString","coordinates":[[1675.7,1629.0],[1675.7,1629.0]]}},{"type":"Feature","properties":{"id":"p:equipos:1757","n":1,"sc":"#808080"},"geometry":{"type":"LineString","coordinates":[[1675.7,1629.0],[1675.7,1629.0]]}},{"type":"Feature","properties":{"id":"p:equipos:1758","n":1,"sc":"#808080"},"geometry":{"type":"LineString","coordinates":[[1674.2,1629.9],[1674.2,1629.9]]}},{"type":"Feature","properties":{"id":"p:equipos:1759","n":1,"sc":"#808080"},"geometry":{"type":"LineString","coordinates":[[1677.1,1629.9],[1677.6,1630.4]]}},{"type":"Feature","properties":{"id":"p:equipos:1760","n":1,"sc":"#808080"},"geometry":{"type":"LineString","coordinates":[[1678.6,1630.9],[1678.6,1630.9]]}},{"type":"Feature","properties":{"id":"p:equipos:1761","n":1,"sc":"#808080"},"geometry":{"type":"LineString","coordinates":[[1678.6,1630.9],[1678.6,1630.9]]}},{"type":"Feature","properties":{"id":"p:equipos:1762","n":1,"sc":"#808080"},"geometry":{"type":"LineString","coordinates":[[1676.2,1631.4],[1676.2,1631.4]]}},{"type":"Feature","properties":{"id":"p:equipos:1763","n":1,"sc":"#808080"},"geometry":{"type":"LineString","coordinates":[[1673.8,1628],[1676.6,1629.9]]}},{"type":"Feature","properties":{"id":"p:equipos:1764","n":1,"sc":"#808080"},"geometry":{"type":"LineString","coordinates":[[1675.2,1630.9],[1673.3,1629.0]]}},{"type":"Feature","properties":{"id":"p:equipos:1765","n":4,"sc":"#808080"},"geometry":{"type":"LineString","coordinates":[[1670.6,1634.2],[1670.6,1634.2],[1670.6,1634.2],[1670.6,1634.2],[1670.6,1634.2]]}},{"type":"Feature","properties":{"id":"p:equipos:1766","n":4,"sc":"#808080"},"geometry":{"type":"LineString","coordinates":[[1679.7,1631.6],[1679.3,1631.3],[1678.8,1631.2],[1678.2,1631.3],[1677.6,1631.6]]}},{"type":"Feature","properties":{"id":"p:equipos:1767","n":1,"sc":"#808080"},"geometry":{"type":"LineString","coordinates":[[1678.6,1630.9],[1678.6,1630.9]]}},{"type":"Feature","properties":{"id":"p:equipos:1768","n":1,"sc":"#808080"},"geometry":{"type":"LineString","coordinates":[[1655.0,1632.3],[1655.0,1632.3]]}},{"type":"Feature","properties":{"id":"p:equipos:1769","n":1,"sc":"#808080"},"geometry":{"type":"LineString","coordinates":[[1654.6,1632.8],[1655.0,1632.3]]}},{"type":"Feature","properties":{"id":"p:equipos:1770","n":4,"sc":"#808080"},"geometry":{"type":"LineString","coordinates":[[1675.9,1628.6],[1675.9,1628.6],[1675.8,1628.6],[1675.8,1628.6],[1675.8,1628.6]]}},{"type":"Feature","properties":{"id":"p:equipos:1771","n":2,"sc":"#808080"},"geometry":{"type":"LineString","coordinates":[[1658.9,1630.4],[1659.8,1629.9],[1661.3,1629.9]]}},{"type":"Feature","properties":{"id":"p:equipos:1772","n":1,"sc":"#808080"},"geometry":{"type":"LineString","coordinates":[[1654.6,1632.3],[1655.5,1631.8]]}},{"type":"Feature","properties":{"id":"p:equipos:1773","n":1,"sc":"#808080"},"geometry":{"type":"LineString","coordinates":[[1672.8,1628.5],[1672.8,1628.5]]}},{"type":"Feature","properties":{"id":"p:equipos:1774","n":1,"sc":"#808080"},"geometry":{"type":"LineString","coordinates":[[1659.8,1630.4],[1660.3,1630.4]]}},{"type":"Feature","properties":{"id":"p:equipos:1775","n":1,"sc":"#808080"},"geometry":{"type":"LineString","coordinates":[[1661.8,1631.8],[1661.8,1631.8]]}},{"type":"Feature","properties":{"id":"p:equipos:1776","n":1,"sc":"#808080"},"geometry":{"type":"LineString","coordinates":[[1655.5,1631.8],[1655.5,1631.8]]}},{"type":"Feature","properties":{"id":"p:equipos:1777","n":1,"sc":"#808080"},"geometry":{"type":"LineString","coordinates":[[1654.6,1633.3],[1654.6,1633.3]]}},{"type":"Feature","properties":{"id":"p:equipos:1778","n":1,"sc":"#808080"},"geometry":{"type":"LineString","coordinates":[[1670.4,1631.8],[1670.4,1631.8]]}},{"type":"Feature","properties":{"id":"p:equipos:1779","n":1,"sc":"#808080"},"geometry":{"type":"LineString","coordinates":[[1673.8,1629.4],[1673.8,1629.4]]}},{"type":"Feature","properties":{"id":"p:equipos:1780","n":1,"sc":"#808080"},"geometry":{"type":"LineString","coordinates":[[1671.8,1630.9],[1671.8,1630.9]]}},{"type":"Feature","properties":{"id":"p:equipos:1781","n":1,"sc":"#808080"},"geometry":{"type":"LineString","coordinates":[[1646.9,1633.3],[1646.9,1633.3]]}},{"type":"Feature","properties":{"id":"p:equipos:1782","n":1,"sc":"#808080"},"geometry":{"type":"LineString","coordinates":[[1654.1,1632.8],[1646.9,1633.3]]}},{"type":"Feature","properties":{"id":"p:equipos:1783","n":4,"sc":"#808080"},"geometry":{"type":"LineString","coordinates":[[1674.7,1630.2],[1674.3,1630.0],[1673.8,1629.9],[1673.4,1629.9],[1672.9,1630.0]]}},{"type":"Feature","properties":{"id":"p:equipos:1784","n":4,"sc":"#808080"},"geometry":{"type":"LineString","coordinates":[[1646.9,1637.1],[1645.9,1636.6],[1645.4,1635.2],[1645.9,1634.2],[1646.9,1633.3]]}},{"type":"Feature","properties":{"id":"p:equipos:1785","n":1,"sc":"#808080"},"geometry":{"type":"LineString","coordinates":[[1650.7,1638.6],[1654.6,1639.5]]}},{"type":"Feature","properties":{"id":"p:equipos:1786","n":1,"sc":"#808080"},"geometry":{"type":"LineString","coordinates":[[1654.6,1633.3],[1655.0,1634.2]]}},{"type":"Feature","properties":{"id":"p:equipos:1787","n":1,"sc":"#808080"},"geometry":{"type":"LineString","coordinates":[[1651.2,1633.3],[1654.6,1633.3]]}},{"type":"Feature","properties":{"id":"p:equipos:1788","n":1,"sc":"#808080"},"geometry":{"type":"LineString","coordinates":[[1646.9,1637.1],[1650.7,1638.6]]}},{"type":"Feature","properties":{"id":"p:equipos:1789","n":8,"sc":"#808080"},"geometry":{"type":"LineString","coordinates":[[1646.4,1632.8],[1645.6,1633.1],[1645.0,1633.5],[1644.6,1634.2],[1644.5,1635.0],[1644.7,1635.8],[1645.1,1636.5],[1645.7,1636.9],[1646.5,1637.1]]}},{"type":"Feature","properties":{"id":"p:equipos:1790","n":1,"sc":"#808080"},"geometry":{"type":"LineString","coordinates":[[1655.0,1634.2],[1655.5,1637.1]]}},{"type":"Feature","properties":{"id":"p:equipos:1791","n":1,"sc":"#808080"},"geometry":{"type":"LineString","coordinates":[[1646.9,1633.3],[1651.2,1633.3]]}},{"type":"Feature","properties":{"id":"p:equipos:1792","n":2,"sc":"#808080"},"geometry":{"type":"LineString","coordinates":[[1655.5,1637.1],[1655.0,1638.6],[1655.0,1639.5]]}},{"type":"Feature","properties":{"id":"p:equipos:1793","n":1,"sc":"#808080"},"geometry":{"type":"LineString","coordinates":[[1677.1,1631.8],[1677.1,1631.8]]}},{"type":"Feature","properties":{"id":"p:equipos:1794","n":4,"sc":"#808080"},"geometry":{"type":"LineString","coordinates":[[1654.5,1638.9],[1654.6,1639.0],[1654.6,1639.0],[1654.7,1639.0],[1654.7,1639.0]]}},{"type":"Feature","properties":{"id":"p:equipos:1795","n":8,"sc":"#808080"},"geometry":{"type":"LineString","coordinates":[[1681.5,1638.5],[1682.1,1638.4],[1682.5,1638.1],[1682.9,1637.7],[1683.2,1637.2],[1683.3,1636.7],[1683.3,1636.1],[1683.2,1635.6],[1682.9,1635.1]]}},{"type":"Feature","properties":{"id":"p:equipos:1796","n":2,"sc":"#808080"},"geometry":{"type":"LineString","coordinates":[[1676.6,1637.1],[1676.6,1635.7],[1677.1,1634.2]]}},{"type":"Feature","properties":{"id":"p:equipos:1797","n":2,"sc":"#808080"},"geometry":{"type":"LineString","coordinates":[[1677.1,1634.2],[1677.6,1633.3],[1678.1,1633.3]]}},{"type":"Feature","properties":{"id":"p:equipos:1798","n":2,"sc":"#808080"},"geometry":{"type":"LineString","coordinates":[[1677.6,1639.0],[1677.1,1638.6],[1676.6,1637.1]]}},{"type":"Feature","properties":{"id":"p:equipos:1799","n":1,"sc":"#808080"},"geometry":{"type":"LineString","coordinates":[[1680,1631.8],[1682.9,1635.7]]}},{"type":"Feature","properties":{"id":"p:equipos:1800","n":4,"sc":"#808080"},"geometry":{"type":"LineString","coordinates":[[1678.1,1633.1],[1678.0,1633.0],[1678.0,1633.0],[1677.9,1633.0],[1677.8,1632.9]]}},{"type":"Feature","properties":{"id":"p:equipos:1801","n":1,"sc":"#808080"},"geometry":{"type":"LineString","coordinates":[[1677.6,1639.0],[1677.6,1639.0]]}},{"type":"Feature","properties":{"id":"p:equipos:1802","n":1,"sc":"#808080"},"geometry":{"type":"LineString","coordinates":[[1680,1634.2],[1678.1,1633.3]]}},{"type":"Feature","properties":{"id":"p:equipos:1803","n":2,"sc":"#808080"},"geometry":{"type":"LineString","coordinates":[[1673.3,1622.2],[1671.8,1622.7],[1671.4,1623.7]]}},{"type":"Feature","properties":{"id":"p:equipos:1804","n":1,"sc":"#808080"},"geometry":{"type":"LineString","coordinates":[[1671.4,1630.9],[1671.4,1630.9]]}},{"type":"Feature","properties":{"id":"p:equipos:1805","n":1,"sc":"#808080"},"geometry":{"type":"LineString","coordinates":[[1679.5,1639.0],[1677.6,1639.0]]}},{"type":"Feature","properties":{"id":"p:equipos:1806","n":1,"sc":"#808080"},"geometry":{"type":"LineString","coordinates":[[1681.9,1634.7],[1680,1634.2]]}},{"type":"Feature","properties":{"id":"p:equipos:1807","n":4,"sc":"#808080"},"geometry":{"type":"LineString","coordinates":[[1679.7,1631.6],[1679.4,1631.3],[1679.1,1631.1],[1678.8,1630.9],[1678.4,1630.9]]}},{"type":"Feature","properties":{"id":"p:equipos:1808","n":3,"sc":"#808080"},"geometry":{"type":"LineString","coordinates":[[1670.4,1628],[1670.4,1629.4],[1670.9,1629.9],[1671.4,1630.4]]}},{"type":"Feature","properties":{"id":"p:equipos:1809","n":1,"sc":"#808080"},"geometry":{"type":"LineString","coordinates":[[1677.1,1631.4],[1677.1,1631.4]]}},{"type":"Feature","properties":{"id":"p:equipos:1810","n":4,"sc":"#808080"},"geometry":{"type":"LineString","coordinates":[[1661.8,1629.9],[1661.8,1630.1],[1661.8,1630.3],[1661.8,1630.5],[1661.8,1630.7]]}},{"type":"Feature","properties":{"id":"p:equipos:1811","n":8,"sc":"#808080"},"geometry":{"type":"LineString","coordinates":[[1661.7,1633.1],[1661.1,1634.3],[1660.8,1635.6],[1660.9,1637.0],[1661.4,1638.3],[1662.2,1639.4],[1663.3,1640.2],[1664.5,1640.8],[1665.9,1641.0]]}},{"type":"Feature","properties":{"id":"p:equipos:1812","n":2,"sc":"#808080"},"geometry":{"type":"LineString","coordinates":[[1675.2,1623.7],[1674.2,1622.7],[1673.3,1622.7]]}},{"type":"Feature","properties":{"id":"p:equipos:1813","n":1,"sc":"#808080"},"geometry":{"type":"LineString","coordinates":[[1675.7,1628.5],[1675.2,1626.6]]}},{"type":"Feature","properties":{"id":"p:equipos:1814","n":1,"sc":"#808080"},"geometry":{"type":"LineString","coordinates":[[1675.7,1628.5],[1675.2,1628.5]]}},{"type":"Feature","properties":{"id":"p:equipos:1815","n":1,"sc":"#808080"},"geometry":{"type":"LineString","coordinates":[[1675.7,1628.5],[1675.7,1628.5]]}},{"type":"Feature","properties":{"id":"p:equipos:1816","n":1,"sc":"#808080"},"geometry":{"type":"LineString","coordinates":[[1673.8,1637.1],[1673.8,1637.1]]}},{"type":"Feature","properties":{"id":"p:equipos:1817","n":1,"sc":"#808080"},"geometry":{"type":"LineString","coordinates":[[1672.8,1637.1],[1672.8,1637.1]]}},{"type":"Feature","properties":{"id":"p:equipos:1818","n":2,"sc":"#808080"},"geometry":{"type":"LineString","coordinates":[[1657.0,1625.1],[1657.9,1624.6],[1658.9,1624.6]]}},{"type":"Feature","properties":{"id":"p:equipos:1819","n":1,"sc":"#808080"},"geometry":{"type":"LineString","coordinates":[[1662.2,1628],[1663.2,1628.5]]}},{"type":"Feature","properties":{"id":"p:equipos:1820","n":2,"sc":"#808080"},"geometry":{"type":"LineString","coordinates":[[1656,1627.5],[1656,1626.6],[1656.5,1625.6]]}},{"type":"Feature","properties":{"id":"p:equipos:1821","n":1,"sc":"#808080"},"geometry":{"type":"LineString","coordinates":[[1658.4,1630.4],[1657.9,1629.9]]}},{"type":"Feature","properties":{"id":"p:equipos:1822","n":1,"sc":"#808080"},"geometry":{"type":"LineString","coordinates":[[1675.7,1629.0],[1675.7,1629.0]]}},{"type":"Feature","properties":{"id":"p:equipos:1823","n":1,"sc":"#808080"},"geometry":{"type":"LineString","coordinates":[[1675.7,1629.0],[1675.2,1629.0]]}},{"type":"Feature","properties":{"id":"p:equipos:1824","n":4,"sc":"#808080"},"geometry":{"type":"LineString","coordinates":[[1678.3,1630.6],[1678.3,1630.6],[1678.3,1630.6],[1678.3,1630.6],[1678.3,1630.5]]}},{"type":"Feature","properties":{"id":"p:equipos:1825","n":1,"sc":"#808080"},"geometry":{"type":"LineString","coordinates":[[1681.4,1638.6],[1679.5,1639.0]]}},{"type":"Feature","properties":{"id":"p:equipos:1826","n":1,"sc":"#808080"},"geometry":{"type":"LineString","coordinates":[[1675.7,1629.0],[1675.7,1629.0]]}},{"type":"Feature","properties":{"id":"p:equipos:1827","n":3,"sc":"#808080"},"geometry":{"type":"LineString","coordinates":[[1673.3,1629.0],[1672.8,1629.0],[1672.8,1628.5],[1672.8,1628]]}},{"type":"Feature","properties":{"id":"p:equipos:1828","n":2,"sc":"#808080"},"geometry":{"type":"LineString","coordinates":[[1674.2,1629.9],[1673.8,1629.9],[1673.8,1629.4]]}},{"type":"Feature","properties":{"id":"p:equipos:1829","n":1,"sc":"#808080"},"geometry":{"type":"LineString","coordinates":[[1672.8,1628],[1672.8,1628.5]]}},{"type":"Feature","properties":{"id":"p:equipos:1830","n":1,"sc":"#808080"},"geometry":{"type":"LineString","coordinates":[[1672.8,1628.5],[1673.3,1629.0]]}},{"type":"Feature","properties":{"id":"p:equipos:1831","n":1,"sc":"#808080"},"geometry":{"type":"LineString","coordinates":[[1674.7,1630.4],[1674.7,1630.4]]}},{"type":"Feature","properties":{"id":"p:equipos:1832","n":1,"sc":"#808080"},"geometry":{"type":"LineString","coordinates":[[1675.7,1629.0],[1675.7,1629.0]]}},{"type":"Feature","properties":{"id":"p:equipos:1833","n":1,"sc":"#808080"},"geometry":{"type":"LineString","coordinates":[[1675.2,1629.0],[1675.7,1629.0]]}},{"type":"Feature","properties":{"id":"p:equipos:1834","n":4,"sc":"#808080"},"geometry":{"type":"LineString","coordinates":[[1676.6,1631.3],[1676.6,1631.3],[1676.6,1631.3],[1676.6,1631.3],[1676.6,1631.3]]}},{"type":"Feature","properties":{"id":"p:equipos:1835","n":1,"sc":"#808080"},"geometry":{"type":"LineString","coordinates":[[1673.8,1629.4],[1674.2,1629.9]]}},{"type":"Feature","properties":{"id":"p:equipos:1836","n":1,"sc":"#808080"},"geometry":{"type":"LineString","coordinates":[[1678.6,1630.9],[1678.6,1630.9]]}},{"type":"Feature","properties":{"id":"p:equipos:1837","n":1,"sc":"#808080"},"geometry":{"type":"LineString","coordinates":[[1677.6,1630.9],[1677.6,1630.9]]}},{"type":"Feature","properties":{"id":"p:equipos:1838","n":8,"sc":"#808080"},"geometry":{"type":"LineString","coordinates":[[1673.4,1627.6],[1673.1,1627.5],[1672.8,1627.5],[1672.6,1627.7],[1672.4,1627.9],[1672.3,1628.1],[1672.3,1628.4],[1672.5,1628.7],[1672.7,1628.8]]}},{"type":"Feature","properties":{"id":"p:equipos:1839","n":1,"sc":"#808080"},"geometry":{"type":"LineString","coordinates":[[1676.2,1631.4],[1676.6,1630.9]]}},{"type":"Feature","properties":{"id":"p:equipos:1840","n":1,"sc":"#808080"},"geometry":{"type":"LineString","coordinates":[[1676.2,1631.4],[1676.2,1631.4]]}},{"type":"Feature","properties":{"id":"p:equipos:1841","n":1,"sc":"#808080"},"geometry":{"type":"LineString","coordinates":[[1676.2,1631.4],[1676.2,1631.4]]}},{"type":"Feature","properties":{"id":"p:equipos:1842","n":1,"sc":"#808080"},"geometry":{"type":"LineString","coordinates":[[1676.6,1630.9],[1676.2,1631.4]]}},{"type":"Feature","properties":{"id":"p:equipos:1843","n":4,"sc":"#808080"},"geometry":{"type":"LineString","coordinates":[[1654.5,1632.3],[1654.4,1632.3],[1654.3,1632.3],[1654.2,1632.3],[1654.1,1632.3]]}},{"type":"Feature","properties":{"id":"p:equipos:1844","n":1,"sc":"#808080"},"geometry":{"type":"LineString","coordinates":[[1661.3,1629.9],[1661.8,1630.4]]}},{"type":"Feature","properties":{"id":"p:equipos:1845","n":2,"sc":"#808080"},"geometry":{"type":"LineString","coordinates":[[1673.8,1628],[1673.3,1628.5],[1673.3,1629.0]]}},{"type":"Feature","properties":{"id":"p:equipos:1846","n":2,"sc":"#808080"},"geometry":{"type":"LineString","coordinates":[[1676.6,1630.9],[1676.6,1630.4],[1676.6,1629.9]]}},{"type":"Feature","properties":{"id":"p:equipos:1847","n":2,"sc":"#808080"},"geometry":{"type":"LineString","coordinates":[[1677.1,1631.8],[1677.6,1630.9],[1678.6,1630.9]]}},{"type":"Feature","properties":{"id":"p:equipos:1848","n":1,"sc":"#808080"},"geometry":{"type":"LineString","coordinates":[[1677.1,1631.8],[1677.1,1631.8]]}},{"type":"Feature","properties":{"id":"p:equipos:1849","n":1,"sc":"#808080"},"geometry":{"type":"LineString","coordinates":[[1661.3,1630.9],[1661.3,1630.9]]}},{"type":"Feature","properties":{"id":"p:equipos:1850","n":1,"sc":"#808080"},"geometry":{"type":"LineString","coordinates":[[1678.1,1631.4],[1679.0,1631.4]]}},{"type":"Feature","properties":{"id":"p:equipos:1851","n":4,"sc":"#808080"},"geometry":{"type":"LineString","coordinates":[[1661.1,1629.7],[1660.9,1629.5],[1660.7,1629.5],[1660.5,1629.4],[1660.3,1629.5]]}},{"type":"Feature","properties":{"id":"p:equipos:1852","n":1,"sc":"#808080"},"geometry":{"type":"LineString","coordinates":[[1675.7,1629.0],[1678.6,1630.9]]}},{"type":"Feature","properties":{"id":"p:equipos:1853","n":8,"sc":"#808080"},"geometry":{"type":"LineString","coordinates":[[1665.9,1641.0],[1667.2,1640.8],[1668.5,1640.2],[1669.5,1639.4],[1670.3,1638.2],[1670.8,1636.9],[1670.9,1635.6],[1670.6,1634.3],[1670.0,1633.0]]}},{"type":"Feature","properties":{"id":"p:equipos:1854","n":1,"sc":"#808080"},"geometry":{"type":"LineString","coordinates":[[1678.1,1631.4],[1677.6,1632.3]]}},{"type":"Feature","properties":{"id":"p:equipos:1855","n":4,"sc":"#808080"},"geometry":{"type":"LineString","coordinates":[[1670.7,1623.4],[1670.6,1623.6],[1670.5,1623.8],[1670.4,1624.0],[1670.4,1624.2]]}},{"type":"Feature","properties":{"id":"p:equipos:1856","n":1,"sc":"#808080"},"geometry":{"type":"LineString","coordinates":[[1666.1,1627.0],[1666.1,1627.0]]}},{"type":"Feature","properties":{"id":"p:equipos:1857","n":1,"sc":"#808080"},"geometry":{"type":"LineString","coordinates":[[1670.9,1624.2],[1670.9,1626.6]]}},{"type":"Feature","properties":{"id":"p:equipos:1858","n":1,"sc":"#808080"},"geometry":{"type":"LineString","coordinates":[[1670.9,1626.6],[1670.4,1628]]}},{"type":"Feature","properties":{"id":"p:equipos:1859","n":1,"sc":"#808080"},"geometry":{"type":"LineString","coordinates":[[1673.3,1622.7],[1673.3,1622.2]]}},{"type":"Feature","properties":{"id":"p:equipos:1860","n":4,"sc":"#808080"},"geometry":{"type":"LineString","coordinates":[[1675.2,1624.3],[1675.2,1624.1],[1675.2,1624.0],[1675.1,1623.8],[1675.1,1623.7]]}},{"type":"Feature","properties":{"id":"p:equipos:1861","n":1,"sc":"#808080"},"geometry":{"type":"LineString","coordinates":[[1675.2,1626.6],[1675.2,1624.2]]}},{"type":"Feature","properties":{"id":"p:equipos:1862","n":1,"sc":"#808080"},"geometry":{"type":"LineString","coordinates":[[1673.8,1637.1],[1673.8,1637.1]]}},{"type":"Feature","properties":{"id":"p:equipos:1863","n":1,"sc":"#808080"},"geometry":{"type":"LineString","coordinates":[[1655.0,1632.8],[1654.6,1632.8]]}},{"type":"Feature","properties":{"id":"p:equipos:1864","n":1,"sc":"#808080"},"geometry":{"type":"LineString","coordinates":[[1655.0,1632.3],[1655.0,1632.3]]}},{"type":"Feature","properties":{"id":"p:equipos:1865","n":1,"sc":"#808080"},"geometry":{"type":"LineString","coordinates":[[1671.8,1637.1],[1671.8,1637.1]]}},{"type":"Feature","properties":{"id":"p:equipos:1866","n":1,"sc":"#808080"},"geometry":{"type":"LineString","coordinates":[[1675.7,1628.5],[1675.7,1628.5]]}},{"type":"Feature","properties":{"id":"p:equipos:1867","n":1,"sc":"#808080"},"geometry":{"type":"LineString","coordinates":[[1659.8,1625.1],[1661.3,1626.6]]}},{"type":"Feature","properties":{"id":"p:equipos:1868","n":1,"sc":"#808080"},"geometry":{"type":"LineString","coordinates":[[1661.3,1626.6],[1662.2,1628]]}},{"type":"Feature","properties":{"id":"p:equipos:1869","n":1,"sc":"#808080"},"geometry":{"type":"LineString","coordinates":[[1656.5,1625.6],[1657.0,1625.1]]}},{"type":"Feature","properties":{"id":"p:equipos:1870","n":1,"sc":"#808080"},"geometry":{"type":"LineString","coordinates":[[1657.9,1629.9],[1656.5,1628]]}},{"type":"Feature","properties":{"id":"p:equipos:1871","n":4,"sc":"#808080"},"geometry":{"type":"LineString","coordinates":[[1659.7,1624.8],[1659.5,1624.7],[1659.4,1624.5],[1659.2,1624.4],[1659.0,1624.3]]}},{"type":"Feature","properties":{"id":"p:equipos:1872","n":1,"sc":"#808080"},"geometry":{"type":"LineString","coordinates":[[1661.3,1629.9],[1661.8,1630.4]]}},{"type":"Feature","properties":{"id":"p:equipos:1873","n":4,"sc":"#808080"},"geometry":{"type":"LineString","coordinates":[[1655.7,1627.6],[1655.7,1627.7],[1655.8,1627.8],[1655.9,1628.0],[1656.0,1628.1]]}},{"type":"Feature","properties":{"id":"p:equipos:1874","n":1,"sc":"#808080"},"geometry":{"type":"LineString","coordinates":[[1661.8,1634.2],[1661.8,1634.2]]}},{"type":"Feature","properties":{"id":"p:equipos:1875","n":1,"sc":"#808080"},"geometry":{"type":"LineString","coordinates":[[1678.6,1631.4],[1678.6,1631.4]]}},{"type":"Feature","properties":{"id":"p:equipos:1876","n":1,"sc":"#808080"},"geometry":{"type":"LineString","coordinates":[[1678.6,1630.9],[1675.7,1629.0]]}},{"type":"Feature","properties":{"id":"p:equipos:1877","n":1,"sc":"#808080"},"geometry":{"type":"LineString","coordinates":[[1660.8,1630.9],[1660.8,1630.9]]}},{"type":"Feature","properties":{"id":"p:equipos:1878","n":1,"sc":"#808080"},"geometry":{"type":"LineString","coordinates":[[1660.3,1630.4],[1660.8,1630.4]]}},{"type":"Feature","properties":{"id":"p:equipos:1879","n":2,"sc":"#808080"},"geometry":{"type":"LineString","coordinates":[[1662.2,1630.4],[1663.7,1628],[1666.1,1627.0]]}},{"type":"Feature","properties":{"id":"p:equipos:1880","n":4,"sc":"#808080"},"geometry":{"type":"LineString","coordinates":[[1670.4,1630.9],[1669.9,1629.4],[1669.0,1628],[1668,1627.5],[1666.1,1627.0]]}},{"type":"Feature","properties":{"id":"p:equipos:1881","n":4,"sc":"#808080"},"geometry":{"type":"LineString","coordinates":[[1666.1,1627.0],[1664.6,1627.5],[1663.2,1628],[1662.7,1629.4],[1662.2,1630.9]]}},{"type":"Feature","properties":{"id":"p:equipos:1882","n":4,"sc":"#808080"},"geometry":{"type":"LineString","coordinates":[[1670.4,1633.3],[1668.5,1631.8],[1666.1,1631.4],[1664.2,1631.8],[1662.2,1633.3]]}},{"type":"Feature","properties":{"id":"p:equipos:1883","n":1,"sc":"#808080"},"geometry":{"type":"LineString","coordinates":[[1670.4,1630.9],[1670.4,1633.3]]}},{"type":"Feature","properties":{"id":"p:equipos:1884","n":1,"sc":"#808080"},"geometry":{"type":"LineString","coordinates":[[1662.2,1630.9],[1662.2,1633.3]]}},{"type":"Feature","properties":{"id":"p:equipos:1885","n":4,"sc":"#808080"},"geometry":{"type":"LineString","coordinates":[[1640.8,1635.2],[1640.7,1635.1],[1640.6,1635.0],[1640.4,1635.0],[1640.3,1634.9]]}},{"type":"Feature","properties":{"id":"p:equipos:1886","n":2,"sc":"#808080"},"geometry":{"type":"LineString","coordinates":[[1631.5,1630.4],[1633.9,1630.9],[1635.4,1631.8]]}},{"type":"Feature","properties":{"id":"p:equipos:1887","n":1,"sc":"#808080"},"geometry":{"type":"LineString","coordinates":[[1613.3,1633.3],[1614.2,1632.3]]}},{"type":"Feature","properties":{"id":"p:equipos:1888","n":2,"sc":"#808080"},"geometry":{"type":"LineString","coordinates":[[1617.1,1641.4],[1615.2,1641.0],[1613.3,1639.5]]}},{"type":"Feature","properties":{"id":"p:equipos:1889","n":1,"sc":"#808080"},"geometry":{"type":"LineString","coordinates":[[1620.5,1641.4],[1617.1,1641.4]]}},{"type":"Feature","properties":{"id":"p:equipos:1890","n":1,"sc":"#808080"},"geometry":{"type":"LineString","coordinates":[[1629.6,1635.2],[1629.6,1635.2]]}},{"type":"Feature","properties":{"id":"p:equipos:1891","n":1,"sc":"#808080"},"geometry":{"type":"LineString","coordinates":[[1628.6,1630.4],[1631.5,1630.4]]}},{"type":"Feature","properties":{"id":"p:equipos:1892","n":1,"sc":"#808080"},"geometry":{"type":"LineString","coordinates":[[1617.6,1630.4],[1621.0,1630.4]]}},{"type":"Feature","properties":{"id":"p:equipos:1893","n":1,"sc":"#808080"},"geometry":{"type":"LineString","coordinates":[[1629.1,1641.4],[1620.5,1641.4]]}},{"type":"Feature","properties":{"id":"p:equipos:1894","n":1,"sc":"#808080"},"geometry":{"type":"LineString","coordinates":[[1632.5,1641.4],[1629.1,1641.4]]}},{"type":"Feature","properties":{"id":"p:equipos:1895","n":2,"sc":"#808080"},"geometry":{"type":"LineString","coordinates":[[1614.2,1632.3],[1615.7,1630.9],[1617.6,1630.4]]}},{"type":"Feature","properties":{"id":"p:equipos:1896","n":1,"sc":"#808080"},"geometry":{"type":"LineString","coordinates":[[1635.4,1631.8],[1636.3,1633.3]]}},{"type":"Feature","properties":{"id":"p:equipos:1897","n":2,"sc":"#808080"},"geometry":{"type":"LineString","coordinates":[[1635.8,1639.5],[1634.4,1641.0],[1632.5,1641.4]]}},{"type":"Feature","properties":{"id":"p:equipos:1898","n":1,"sc":"#808080"},"geometry":{"type":"LineString","coordinates":[[1637.3,1631.4],[1637.3,1631.4]]}},{"type":"Feature","properties":{"id":"p:equipos:1899","n":2,"sc":"#808080"},"geometry":{"type":"LineString","coordinates":[[1631.5,1628.5],[1633.0,1628.5],[1634.4,1629.4]]}},{"type":"Feature","properties":{"id":"p:equipos:1900","n":1,"sc":"#808080"},"geometry":{"type":"LineString","coordinates":[[1634.4,1629.4],[1634.9,1629.9]]}},{"type":"Feature","properties":{"id":"p:equipos:1901","n":1,"sc":"#808080"},"geometry":{"type":"LineString","coordinates":[[1634.4,1629.4],[1634.4,1629.4]]}},{"type":"Feature","properties":{"id":"p:equipos:1902","n":1,"sc":"#808080"},"geometry":{"type":"LineString","coordinates":[[1633.9,1629.0],[1633.9,1629.0]]}},{"type":"Feature","properties":{"id":"p:equipos:1903","n":1,"sc":"#808080"},"geometry":{"type":"LineString","coordinates":[[1632.5,1629.9],[1632.5,1629.9]]}},{"type":"Feature","properties":{"id":"p:equipos:1904","n":1,"sc":"#808080"},"geometry":{"type":"LineString","coordinates":[[1635.4,1629.9],[1635.8,1630.4]]}},{"type":"Feature","properties":{"id":"p:equipos:1905","n":1,"sc":"#808080"},"geometry":{"type":"LineString","coordinates":[[1636.8,1630.9],[1637.3,1631.4]]}},{"type":"Feature","properties":{"id":"p:equipos:1906","n":1,"sc":"#808080"},"geometry":{"type":"LineString","coordinates":[[1636.8,1631.4],[1636.8,1631.4]]}},{"type":"Feature","properties":{"id":"p:equipos:1907","n":1,"sc":"#808080"},"geometry":{"type":"LineString","coordinates":[[1634.9,1631.4],[1634.9,1631.4]]}},{"type":"Feature","properties":{"id":"p:equipos:1908","n":1,"sc":"#808080"},"geometry":{"type":"LineString","coordinates":[[1632,1628.5],[1634.9,1629.9]]}},{"type":"Feature","properties":{"id":"p:equipos:1909","n":1,"sc":"#808080"},"geometry":{"type":"LineString","coordinates":[[1633.9,1630.9],[1631.5,1629.0]]}},{"type":"Feature","properties":{"id":"p:equipos:1910","n":4,"sc":"#808080"},"geometry":{"type":"LineString","coordinates":[[1628.9,1634.2],[1628.9,1634.2],[1628.9,1634.2],[1628.9,1634.2],[1628.9,1634.2]]}},{"type":"Feature","properties":{"id":"p:equipos:1911","n":4,"sc":"#808080"},"geometry":{"type":"LineString","coordinates":[[1638.4,1631.6],[1638.0,1631.3],[1637.5,1631.2],[1636.9,1631.3],[1636.3,1631.6]]}},{"type":"Feature","properties":{"id":"p:equipos:1912","n":1,"sc":"#808080"},"geometry":{"type":"LineString","coordinates":[[1636.8,1631.4],[1637.3,1631.4]]}},{"type":"Feature","properties":{"id":"p:equipos:1913","n":1,"sc":"#808080"},"geometry":{"type":"LineString","coordinates":[[1613.3,1632.8],[1613.8,1632.8]]}},{"type":"Feature","properties":{"id":"p:equipos:1914","n":1,"sc":"#808080"},"geometry":{"type":"LineString","coordinates":[[1612.8,1632.8],[1613.3,1632.8]]}},{"type":"Feature","properties":{"id":"p:equipos:1915","n":4,"sc":"#808080"},"geometry":{"type":"LineString","coordinates":[[1634.1,1629.1],[1634.1,1629.1],[1634.1,1629.1],[1634.0,1629.1],[1634.0,1629.0]]}},{"type":"Feature","properties":{"id":"p:equipos:1916","n":2,"sc":"#808080"},"geometry":{"type":"LineString","coordinates":[[1617.1,1630.4],[1618.6,1629.9],[1620,1630.4]]}},{"type":"Feature","properties":{"id":"p:equipos:1917","n":1,"sc":"#808080"},"geometry":{"type":"LineString","coordinates":[[1613.3,1632.8],[1613.8,1632.3]]}},{"type":"Feature","properties":{"id":"p:equipos:1918","n":1,"sc":"#808080"},"geometry":{"type":"LineString","coordinates":[[1631.5,1628.5],[1631.5,1628.5]]}},{"type":"Feature","properties":{"id":"p:equipos:1919","n":1,"sc":"#808080"},"geometry":{"type":"LineString","coordinates":[[1618.6,1630.4],[1619.0,1630.4]]}},{"type":"Feature","properties":{"id":"p:equipos:1920","n":1,"sc":"#808080"},"geometry":{"type":"LineString","coordinates":[[1620.5,1631.8],[1620.5,1631.8]]}},{"type":"Feature","properties":{"id":"p:equipos:1921","n":1,"sc":"#808080"},"geometry":{"type":"LineString","coordinates":[[1614.2,1632.3],[1614.2,1632.3]]}},{"type":"Feature","properties":{"id":"p:equipos:1922","n":1,"sc":"#808080"},"geometry":{"type":"LineString","coordinates":[[1613.3,1633.3],[1613.3,1633.3]]}},{"type":"Feature","properties":{"id":"p:equipos:1923","n":1,"sc":"#808080"},"geometry":{"type":"LineString","coordinates":[[1629.1,1631.8],[1629.1,1631.8]]}},{"type":"Feature","properties":{"id":"p:equipos:1924","n":1,"sc":"#808080"},"geometry":{"type":"LineString","coordinates":[[1632.5,1629.4],[1632.5,1629.4]]}},{"type":"Feature","properties":{"id":"p:equipos:1925","n":1,"sc":"#808080"},"geometry":{"type":"LineString","coordinates":[[1630.1,1631.4],[1630.1,1631.4]]}},{"type":"Feature","properties":{"id":"p:equipos:1926","n":1,"sc":"#808080"},"geometry":{"type":"LineString","coordinates":[[1605.1,1633.8],[1605.6,1633.8]]}},{"type":"Feature","properties":{"id":"p:equipos:1927","n":1,"sc":"#808080"},"geometry":{"type":"LineString","coordinates":[[1612.8,1632.8],[1605.1,1633.8]]}},{"type":"Feature","properties":{"id":"p:equipos:1928","n":4,"sc":"#808080"},"geometry":{"type":"LineString","coordinates":[[1633.0,1630.2],[1632.5,1630.0],[1632.1,1629.9],[1631.6,1629.9],[1631.2,1630.0]]}},{"type":"Feature","properties":{"id":"p:equipos:1929","n":4,"sc":"#808080"},"geometry":{"type":"LineString","coordinates":[[1605.1,1637.6],[1604.2,1636.6],[1604.2,1635.7],[1604.6,1634.2],[1605.1,1633.8]]}},{"type":"Feature","properties":{"id":"p:equipos:1930","n":1,"sc":"#808080"},"geometry":{"type":"LineString","coordinates":[[1609.4,1638.6],[1613.3,1639.5]]}},{"type":"Feature","properties":{"id":"p:equipos:1931","n":1,"sc":"#808080"},"geometry":{"type":"LineString","coordinates":[[1613.3,1633.3],[1613.8,1634.7]]}},{"type":"Feature","properties":{"id":"p:equipos:1932","n":1,"sc":"#808080"},"geometry":{"type":"LineString","coordinates":[[1609.9,1633.3],[1613.3,1633.3]]}},{"type":"Feature","properties":{"id":"p:equipos:1933","n":1,"sc":"#808080"},"geometry":{"type":"LineString","coordinates":[[1605.1,1637.6],[1609.4,1638.6]]}},{"type":"Feature","properties":{"id":"p:equipos:1934","n":8,"sc":"#808080"},"geometry":{"type":"LineString","coordinates":[[1604.6,1633.3],[1603.9,1633.5],[1603.3,1634.0],[1602.9,1634.7],[1602.7,1635.5],[1602.9,1636.3],[1603.3,1636.9],[1604.0,1637.4],[1604.8,1637.6]]}},{"type":"Feature","properties":{"id":"p:equipos:1935","n":1,"sc":"#808080"},"geometry":{"type":"LineString","coordinates":[[1613.8,1634.7],[1613.8,1637.6]]}},{"type":"Feature","properties":{"id":"p:equipos:1936","n":1,"sc":"#808080"},"geometry":{"type":"LineString","coordinates":[[1605.6,1633.8],[1609.9,1633.3]]}},{"type":"Feature","properties":{"id":"p:equipos:1937","n":2,"sc":"#808080"},"geometry":{"type":"LineString","coordinates":[[1613.8,1637.6],[1613.8,1639.0],[1613.3,1639.5]]}},{"type":"Feature","properties":{"id":"p:equipos:1938","n":1,"sc":"#808080"},"geometry":{"type":"LineString","coordinates":[[1635.4,1631.8],[1635.4,1631.8]]}},{"type":"Feature","properties":{"id":"p:equipos:1939","n":4,"sc":"#808080"},"geometry":{"type":"LineString","coordinates":[[1612.8,1639.4],[1612.8,1639.4],[1612.9,1639.5],[1612.9,1639.5],[1613.0,1639.5]]}},{"type":"Feature","properties":{"id":"p:equipos:1940","n":8,"sc":"#808080"},"geometry":{"type":"LineString","coordinates":[[1639.8,1639.0],[1640.3,1638.9],[1640.8,1638.6],[1641.2,1638.2],[1641.4,1637.7],[1641.6,1637.1],[1641.6,1636.6],[1641.4,1636.0],[1641.1,1635.6]]}},{"type":"Feature","properties":{"id":"p:equipos:1941","n":2,"sc":"#808080"},"geometry":{"type":"LineString","coordinates":[[1635.4,1637.1],[1635.4,1635.7],[1635.4,1634.7]]}},{"type":"Feature","properties":{"id":"p:equipos:1942","n":2,"sc":"#808080"},"geometry":{"type":"LineString","coordinates":[[1635.4,1634.7],[1635.8,1633.8],[1636.3,1633.3]]}},{"type":"Feature","properties":{"id":"p:equipos:1943","n":2,"sc":"#808080"},"geometry":{"type":"LineString","coordinates":[[1635.8,1639.5],[1635.8,1639.0],[1635.4,1637.1]]}},{"type":"Feature","properties":{"id":"p:equipos:1944","n":1,"sc":"#808080"},"geometry":{"type":"LineString","coordinates":[[1638.2,1631.8],[1641.1,1635.7]]}},{"type":"Feature","properties":{"id":"p:equipos:1945","n":4,"sc":"#808080"},"geometry":{"type":"LineString","coordinates":[[1636.3,1633.1],[1636.3,1633.0],[1636.2,1633.0],[1636.1,1633.0],[1636.0,1632.9]]}},{"type":"Feature","properties":{"id":"p:equipos:1946","n":1,"sc":"#808080"},"geometry":{"type":"LineString","coordinates":[[1635.8,1639.5],[1635.8,1639.5]]}},{"type":"Feature","properties":{"id":"p:equipos:1947","n":1,"sc":"#808080"},"geometry":{"type":"LineString","coordinates":[[1638.7,1634.2],[1636.8,1633.3]]}},{"type":"Feature","properties":{"id":"p:equipos:1948","n":2,"sc":"#808080"},"geometry":{"type":"LineString","coordinates":[[1631.5,1622.7],[1630.6,1622.7],[1629.6,1623.7]]}},{"type":"Feature","properties":{"id":"p:equipos:1949","n":1,"sc":"#808080"},"geometry":{"type":"LineString","coordinates":[[1629.6,1631.4],[1629.6,1631.4]]}},{"type":"Feature","properties":{"id":"p:equipos:1950","n":1,"sc":"#808080"},"geometry":{"type":"LineString","coordinates":[[1637.8,1639.0],[1635.8,1639.5]]}},{"type":"Feature","properties":{"id":"p:equipos:1951","n":1,"sc":"#808080"},"geometry":{"type":"LineString","coordinates":[[1640.6,1635.2],[1638.7,1634.2]]}},{"type":"Feature","properties":{"id":"p:equipos:1952","n":4,"sc":"#808080"},"geometry":{"type":"LineString","coordinates":[[1638.4,1631.6],[1638.2,1631.3],[1637.8,1631.1],[1637.5,1630.9],[1637.1,1630.9]]}},{"type":"Feature","properties":{"id":"p:equipos:1953","n":2,"sc":"#808080"},"geometry":{"type":"LineString","coordinates":[[1629.1,1628.5],[1629.1,1629.4],[1629.6,1630.4]]}},{"type":"Feature","properties":{"id":"p:equipos:1954","n":1,"sc":"#808080"},"geometry":{"type":"LineString","coordinates":[[1635.4,1631.4],[1635.4,1631.4]]}},{"type":"Feature","properties":{"id":"p:equipos:1955","n":4,"sc":"#808080"},"geometry":{"type":"LineString","coordinates":[[1620.5,1630.4],[1620.5,1630.6],[1620.5,1630.8],[1620.5,1630.9],[1620.5,1631.1]]}},{"type":"Feature","properties":{"id":"p:equipos:1956","n":8,"sc":"#808080"},"geometry":{"type":"LineString","coordinates":[[1620.4,1633.6],[1619.8,1634.8],[1619.5,1636.1],[1619.6,1637.5],[1620.1,1638.8],[1620.9,1639.9],[1622.0,1640.7],[1623.2,1641.3],[1624.6,1641.4]]}},{"type":"Feature","properties":{"id":"p:equipos:1957","n":2,"sc":"#808080"},"geometry":{"type":"LineString","coordinates":[[1633.4,1624.2],[1633.0,1623.2],[1632,1622.7]]}},{"type":"Feature","properties":{"id":"p:equipos:1958","n":1,"sc":"#808080"},"geometry":{"type":"LineString","coordinates":[[1633.9,1629.0],[1633.9,1627.0]]}},{"type":"Feature","properties":{"id":"p:equipos:1959","n":1,"sc":"#808080"},"geometry":{"type":"LineString","coordinates":[[1633.9,1629.0],[1633.4,1628.5]]}},{"type":"Feature","properties":{"id":"p:equipos:1960","n":1,"sc":"#808080"},"geometry":{"type":"LineString","coordinates":[[1633.9,1629.0],[1633.9,1629.0]]}},{"type":"Feature","properties":{"id":"p:equipos:1961","n":1,"sc":"#808080"},"geometry":{"type":"LineString","coordinates":[[1632,1637.1],[1632,1637.1]]}},{"type":"Feature","properties":{"id":"p:equipos:1962","n":1,"sc":"#808080"},"geometry":{"type":"LineString","coordinates":[[1631.0,1637.1],[1631.0,1637.1]]}},{"type":"Feature","properties":{"id":"p:equipos:1963","n":2,"sc":"#808080"},"geometry":{"type":"LineString","coordinates":[[1615.2,1625.6],[1616.2,1625.1],[1617.6,1625.1]]}},{"type":"Feature","properties":{"id":"p:equipos:1964","n":1,"sc":"#808080"},"geometry":{"type":"LineString","coordinates":[[1621.0,1628],[1621.4,1629.0]]}},{"type":"Feature","properties":{"id":"p:equipos:1965","n":2,"sc":"#808080"},"geometry":{"type":"LineString","coordinates":[[1614.7,1628],[1614.7,1626.6],[1615.2,1625.6]]}},{"type":"Feature","properties":{"id":"p:equipos:1966","n":1,"sc":"#808080"},"geometry":{"type":"LineString","coordinates":[[1616.6,1630.9],[1616.2,1629.9]]}},{"type":"Feature","properties":{"id":"p:equipos:1967","n":1,"sc":"#808080"},"geometry":{"type":"LineString","coordinates":[[1634.4,1629.4],[1633.9,1629.0]]}},{"type":"Feature","properties":{"id":"p:equipos:1968","n":1,"sc":"#808080"},"geometry":{"type":"LineString","coordinates":[[1633.9,1629.0],[1633.9,1629.0]]}},{"type":"Feature","properties":{"id":"p:equipos:1969","n":4,"sc":"#808080"},"geometry":{"type":"LineString","coordinates":[[1636.6,1630.6],[1636.6,1630.6],[1636.5,1630.6],[1636.5,1630.6],[1636.5,1630.5]]}},{"type":"Feature","properties":{"id":"p:equipos:1970","n":1,"sc":"#808080"},"geometry":{"type":"LineString","coordinates":[[1640.2,1639.0],[1637.8,1639.0]]}},{"type":"Feature","properties":{"id":"p:equipos:1971","n":1,"sc":"#808080"},"geometry":{"type":"LineString","coordinates":[[1634.4,1629.4],[1634.4,1629.4]]}},{"type":"Feature","properties":{"id":"p:equipos:1972","n":3,"sc":"#808080"},"geometry":{"type":"LineString","coordinates":[[1631.5,1629.0],[1631.0,1629.0],[1631.0,1628.5],[1631.5,1628.5]]}},{"type":"Feature","properties":{"id":"p:equipos:1973","n":2,"sc":"#808080"},"geometry":{"type":"LineString","coordinates":[[1632.5,1629.9],[1632,1629.9],[1632,1629.4]]}},{"type":"Feature","properties":{"id":"p:equipos:1974","n":1,"sc":"#808080"},"geometry":{"type":"LineString","coordinates":[[1631.5,1628.5],[1631.0,1628.5]]}},{"type":"Feature","properties":{"id":"p:equipos:1975","n":1,"sc":"#808080"},"geometry":{"type":"LineString","coordinates":[[1631.0,1628.5],[1631.5,1629.0]]}},{"type":"Feature","properties":{"id":"p:equipos:1976","n":1,"sc":"#808080"},"geometry":{"type":"LineString","coordinates":[[1633.4,1630.4],[1633.4,1630.4]]}},{"type":"Feature","properties":{"id":"p:equipos:1977","n":1,"sc":"#808080"},"geometry":{"type":"LineString","coordinates":[[1634.4,1629.4],[1634.4,1629.4]]}},{"type":"Feature","properties":{"id":"p:equipos:1978","n":1,"sc":"#808080"},"geometry":{"type":"LineString","coordinates":[[1633.9,1629.0],[1634.4,1629.0]]}},{"type":"Feature","properties":{"id":"p:equipos:1979","n":4,"sc":"#808080"},"geometry":{"type":"LineString","coordinates":[[1635.3,1631.3],[1635.3,1631.3],[1635.3,1631.3],[1635.3,1631.3],[1635.3,1631.3]]}},{"type":"Feature","properties":{"id":"p:equipos:1980","n":1,"sc":"#808080"},"geometry":{"type":"LineString","coordinates":[[1632,1629.4],[1632.5,1629.9]]}},{"type":"Feature","properties":{"id":"p:equipos:1981","n":1,"sc":"#808080"},"geometry":{"type":"LineString","coordinates":[[1636.8,1630.9],[1636.8,1630.9]]}},{"type":"Feature","properties":{"id":"p:equipos:1982","n":1,"sc":"#808080"},"geometry":{"type":"LineString","coordinates":[[1636.3,1630.9],[1636.3,1630.9]]}},{"type":"Feature","properties":{"id":"p:equipos:1983","n":8,"sc":"#808080"},"geometry":{"type":"LineString","coordinates":[[1632.1,1628.1],[1631.8,1628.0],[1631.6,1628.0],[1631.3,1628.1],[1631.1,1628.4],[1631.0,1628.6],[1631.1,1628.9],[1631.2,1629.1],[1631.4,1629.3]]}},{"type":"Feature","properties":{"id":"p:equipos:1984","n":1,"sc":"#808080"},"geometry":{"type":"LineString","coordinates":[[1634.9,1631.4],[1634.9,1630.9]]}},{"type":"Feature","properties":{"id":"p:equipos:1985","n":1,"sc":"#808080"},"geometry":{"type":"LineString","coordinates":[[1634.9,1631.4],[1634.9,1631.4]]}},{"type":"Feature","properties":{"id":"p:equipos:1986","n":1,"sc":"#808080"},"geometry":{"type":"LineString","coordinates":[[1634.9,1631.4],[1634.9,1631.4]]}},{"type":"Feature","properties":{"id":"p:equipos:1987","n":1,"sc":"#808080"},"geometry":{"type":"LineString","coordinates":[[1634.9,1630.9],[1634.9,1631.4]]}},{"type":"Feature","properties":{"id":"p:equipos:1988","n":4,"sc":"#808080"},"geometry":{"type":"LineString","coordinates":[[1612.7,1632.3],[1612.6,1632.3],[1612.5,1632.3],[1612.5,1632.3],[1612.4,1632.3]]}},{"type":"Feature","properties":{"id":"p:equipos:1989","n":1,"sc":"#808080"},"geometry":{"type":"LineString","coordinates":[[1620,1630.4],[1620,1630.4]]}},{"type":"Feature","properties":{"id":"p:equipos:1990","n":2,"sc":"#808080"},"geometry":{"type":"LineString","coordinates":[[1632,1628.5],[1631.5,1628.5],[1631.5,1629.0]]}},{"type":"Feature","properties":{"id":"p:equipos:1991","n":2,"sc":"#808080"},"geometry":{"type":"LineString","coordinates":[[1634.9,1630.9],[1635.4,1630.4],[1634.9,1629.9]]}},{"type":"Feature","properties":{"id":"p:equipos:1992","n":2,"sc":"#808080"},"geometry":{"type":"LineString","coordinates":[[1635.4,1631.8],[1635.8,1630.9],[1636.8,1631.4]]}},{"type":"Feature","properties":{"id":"p:equipos:1993","n":1,"sc":"#808080"},"geometry":{"type":"LineString","coordinates":[[1635.4,1631.8],[1635.4,1631.8]]}},{"type":"Feature","properties":{"id":"p:equipos:1994","n":1,"sc":"#808080"},"geometry":{"type":"LineString","coordinates":[[1619.5,1631.4],[1619.5,1631.4]]}},{"type":"Feature","properties":{"id":"p:equipos:1995","n":1,"sc":"#808080"},"geometry":{"type":"LineString","coordinates":[[1636.3,1631.8],[1637.3,1631.4]]}},{"type":"Feature","properties":{"id":"p:equipos:1996","n":4,"sc":"#808080"},"geometry":{"type":"LineString","coordinates":[[1619.3,1630.1],[1619.1,1630.0],[1619.0,1629.9],[1618.8,1629.9],[1618.5,1630.0]]}},{"type":"Feature","properties":{"id":"p:equipos:1997","n":1,"sc":"#808080"},"geometry":{"type":"LineString","coordinates":[[1634.4,1629.4],[1636.8,1630.9]]}},{"type":"Feature","properties":{"id":"p:equipos:1998","n":8,"sc":"#808080"},"geometry":{"type":"LineString","coordinates":[[1624.6,1641.4],[1625.9,1641.2],[1627.2,1640.7],[1628.2,1639.8],[1629.0,1638.7],[1629.5,1637.4],[1629.6,1636.1],[1629.3,1634.7],[1628.7,1633.5]]}},{"type":"Feature","properties":{"id":"p:equipos:1999","n":1,"sc":"#808080"},"geometry":{"type":"LineString","coordinates":[[1636.3,1631.8],[1635.8,1632.8]]}},{"type":"Feature","properties":{"id":"p:equipos:2000","n":4,"sc":"#808080"},"geometry":{"type":"LineString","coordinates":[[1629.4,1623.4],[1629.3,1623.6],[1629.2,1623.8],[1629.2,1624.0],[1629.1,1624.2]]}},{"type":"Feature","properties":{"id":"p:equipos:2001","n":1,"sc":"#808080"},"geometry":{"type":"LineString","coordinates":[[1624.8,1627.5],[1624.8,1627.5]]}},{"type":"Feature","properties":{"id":"p:equipos:2002","n":1,"sc":"#808080"},"geometry":{"type":"LineString","coordinates":[[1629.6,1624.6],[1629.1,1626.6]]}},{"type":"Feature","properties":{"id":"p:equipos:2003","n":1,"sc":"#808080"},"geometry":{"type":"LineString","coordinates":[[1629.1,1626.6],[1629.1,1628.5]]}},{"type":"Feature","properties":{"id":"p:equipos:2004","n":1,"sc":"#808080"},"geometry":{"type":"LineString","coordinates":[[1632,1622.7],[1631.5,1622.7]]}},{"type":"Feature","properties":{"id":"p:equipos:2005","n":4,"sc":"#808080"},"geometry":{"type":"LineString","coordinates":[[1633.9,1624.3],[1633.9,1624.1],[1633.9,1624.0],[1633.8,1623.8],[1633.8,1623.7]]}},{"type":"Feature","properties":{"id":"p:equipos:2006","n":1,"sc":"#808080"},"geometry":{"type":"LineString","coordinates":[[1633.9,1627.0],[1633.9,1624.6]]}},{"type":"Feature","properties":{"id":"p:equipos:2007","n":1,"sc":"#808080"},"geometry":{"type":"LineString","coordinates":[[1632.5,1637.1],[1632.5,1637.1]]}},{"type":"Feature","properties":{"id":"p:equipos:2008","n":1,"sc":"#808080"},"geometry":{"type":"LineString","coordinates":[[1613.3,1632.8],[1612.8,1632.8]]}},{"type":"Feature","properties":{"id":"p:equipos:2009","n":1,"sc":"#808080"},"geometry":{"type":"LineString","coordinates":[[1613.8,1632.8],[1613.8,1632.8]]}},{"type":"Feature","properties":{"id":"p:equipos:2010","n":1,"sc":"#808080"},"geometry":{"type":"LineString","coordinates":[[1630.6,1637.1],[1630.6,1637.1]]}},{"type":"Feature","properties":{"id":"p:equipos:2011","n":1,"sc":"#808080"},"geometry":{"type":"LineString","coordinates":[[1633.9,1629.0],[1633.9,1629.0]]}},{"type":"Feature","properties":{"id":"p:equipos:2012","n":1,"sc":"#808080"},"geometry":{"type":"LineString","coordinates":[[1618.1,1625.6],[1619.5,1627.0]]}},{"type":"Feature","properties":{"id":"p:equipos:2013","n":1,"sc":"#808080"},"geometry":{"type":"LineString","coordinates":[[1619.5,1627.0],[1621.0,1628]]}},{"type":"Feature","properties":{"id":"p:equipos:2014","n":1,"sc":"#808080"},"geometry":{"type":"LineString","coordinates":[[1615.2,1625.6],[1615.2,1625.6]]}},{"type":"Feature","properties":{"id":"p:equipos:2015","n":1,"sc":"#808080"},"geometry":{"type":"LineString","coordinates":[[1616.2,1629.9],[1614.7,1628.5]]}},{"type":"Feature","properties":{"id":"p:equipos:2016","n":4,"sc":"#808080"},"geometry":{"type":"LineString","coordinates":[[1617.9,1624.8],[1617.8,1624.7],[1617.6,1624.5],[1617.4,1624.4],[1617.2,1624.3]]}},{"type":"Feature","properties":{"id":"p:equipos:2017","n":1,"sc":"#808080"},"geometry":{"type":"LineString","coordinates":[[1620,1630.4],[1620,1630.4]]}},{"type":"Feature","properties":{"id":"p:equipos:2018","n":4,"sc":"#808080"},"geometry":{"type":"LineString","coordinates":[[1614.4,1627.6],[1614.4,1627.7],[1614.5,1627.8],[1614.6,1628.0],[1614.7,1628.1]]}},{"type":"Feature","properties":{"id":"p:equipos:2019","n":1,"sc":"#808080"},"geometry":{"type":"LineString","coordinates":[[1620,1634.2],[1620,1634.2]]}},{"type":"Feature","properties":{"id":"p:equipos:2020","n":1,"sc":"#808080"},"geometry":{"type":"LineString","coordinates":[[1637.3,1631.4],[1637.3,1631.4]]}},{"type":"Feature","properties":{"id":"p:equipos:2021","n":1,"sc":"#808080"},"geometry":{"type":"LineString","coordinates":[[1636.8,1630.9],[1634.4,1629.4]]}},{"type":"Feature","properties":{"id":"p:equipos:2022","n":1,"sc":"#808080"},"geometry":{"type":"LineString","coordinates":[[1619.5,1631.4],[1619.5,1631.4]]}},{"type":"Feature","properties":{"id":"p:equipos:2023","n":1,"sc":"#808080"},"geometry":{"type":"LineString","coordinates":[[1619.0,1630.4],[1619.0,1630.4]]}},{"type":"Feature","properties":{"id":"p:equipos:2024","n":2,"sc":"#808080"},"geometry":{"type":"LineString","coordinates":[[1621.0,1630.4],[1621.9,1628],[1624.8,1627.5]]}},{"type":"Feature","properties":{"id":"p:equipos:2025","n":4,"sc":"#808080"},"geometry":{"type":"LineString","coordinates":[[1628.6,1631.4],[1628.2,1629.9],[1627.7,1628.5],[1626.2,1627.5],[1624.8,1627.5]]}},{"type":"Feature","properties":{"id":"p:equipos:2026","n":4,"sc":"#808080"},"geometry":{"type":"LineString","coordinates":[[1624.8,1627.5],[1623.4,1627.5],[1621.9,1628.5],[1621.0,1629.9],[1620.5,1631.4]]}},{"type":"Feature","properties":{"id":"p:equipos:2027","n":4,"sc":"#808080"},"geometry":{"type":"LineString","coordinates":[[1628.6,1633.8],[1627.2,1632.3],[1624.8,1631.8],[1622.4,1632.3],[1621.0,1633.8]]}},{"type":"Feature","properties":{"id":"p:equipos:2028","n":1,"sc":"#808080"},"geometry":{"type":"LineString","coordinates":[[1628.6,1631.4],[1628.6,1633.8]]}},{"type":"Feature","properties":{"id":"p:equipos:2029","n":1,"sc":"#808080"},"geometry":{"type":"LineString","coordinates":[[1620.5,1631.4],[1621.0,1633.8]]}},{"type":"Feature","properties":{"id":"p:equipos:2030","n":4,"sc":"#808080"},"geometry":{"type":"LineString","coordinates":[[1606.4,1550.7],[1606.5,1550.8],[1606.6,1550.9],[1606.8,1551.0],[1606.9,1551.0]]}},{"type":"Feature","properties":{"id":"p:equipos:2031","n":2,"sc":"#808080"},"geometry":{"type":"LineString","coordinates":[[1616.2,1555.5],[1614.2,1555.0],[1612.3,1554.1]]}},{"type":"Feature","properties":{"id":"p:equipos:2032","n":1,"sc":"#808080"},"geometry":{"type":"LineString","coordinates":[[1634.9,1552.6],[1633.9,1554.1]]}},{"type":"Feature","properties":{"id":"p:equipos:2033","n":2,"sc":"#808080"},"geometry":{"type":"LineString","coordinates":[[1631.0,1544.5],[1633.0,1545.0],[1634.4,1546.4]]}},{"type":"Feature","properties":{"id":"p:equipos:2034","n":1,"sc":"#808080"},"geometry":{"type":"LineString","coordinates":[[1627.2,1544.5],[1631.0,1544.5]]}},{"type":"Feature","properties":{"id":"p:equipos:2035","n":1,"sc":"#808080"},"geometry":{"type":"LineString","coordinates":[[1618.1,1550.7],[1618.1,1550.7]]}},{"type":"Feature","properties":{"id":"p:equipos:2036","n":1,"sc":"#808080"},"geometry":{"type":"LineString","coordinates":[[1619.0,1555.5],[1616.2,1555.5]]}},{"type":"Feature","properties":{"id":"p:equipos:2037","n":1,"sc":"#808080"},"geometry":{"type":"LineString","coordinates":[[1630.1,1555.5],[1627.2,1555.5]]}},{"type":"Feature","properties":{"id":"p:equipos:2038","n":1,"sc":"#808080"},"geometry":{"type":"LineString","coordinates":[[1619.0,1544.5],[1627.2,1544.5]]}},{"type":"Feature","properties":{"id":"p:equipos:2039","n":1,"sc":"#808080"},"geometry":{"type":"LineString","coordinates":[[1615.2,1544.5],[1619.0,1544.5]]}},{"type":"Feature","properties":{"id":"p:equipos:2040","n":2,"sc":"#808080"},"geometry":{"type":"LineString","coordinates":[[1633.9,1554.1],[1632,1555.0],[1630.1,1555.5]]}},{"type":"Feature","properties":{"id":"p:equipos:2041","n":1,"sc":"#808080"},"geometry":{"type":"LineString","coordinates":[[1612.3,1554.1],[1611.4,1552.6]]}},{"type":"Feature","properties":{"id":"p:equipos:2042","n":2,"sc":"#808080"},"geometry":{"type":"LineString","coordinates":[[1611.8,1546.4],[1613.3,1545.0],[1615.2,1544.5]]}},{"type":"Feature","properties":{"id":"p:equipos:2043","n":1,"sc":"#808080"},"geometry":{"type":"LineString","coordinates":[[1610.9,1554.6],[1610.4,1554.6]]}},{"type":"Feature","properties":{"id":"p:equipos:2044","n":2,"sc":"#808080"},"geometry":{"type":"LineString","coordinates":[[1616.6,1557.9],[1614.7,1557.4],[1613.3,1557.0]]}},{"type":"Feature","properties":{"id":"p:equipos:2045","n":1,"sc":"#808080"},"geometry":{"type":"LineString","coordinates":[[1613.3,1557.0],[1612.8,1556.5]]}},{"type":"Feature","properties":{"id":"p:equipos:2046","n":1,"sc":"#808080"},"geometry":{"type":"LineString","coordinates":[[1613.8,1557.0],[1613.8,1557.0]]}},{"type":"Feature","properties":{"id":"p:equipos:2047","n":1,"sc":"#808080"},"geometry":{"type":"LineString","coordinates":[[1613.8,1557.0],[1613.8,1557.0]]}},{"type":"Feature","properties":{"id":"p:equipos:2048","n":1,"sc":"#808080"},"geometry":{"type":"LineString","coordinates":[[1615.2,1556],[1615.2,1556]]}},{"type":"Feature","properties":{"id":"p:equipos:2049","n":1,"sc":"#808080"},"geometry":{"type":"LineString","coordinates":[[1612.3,1556],[1611.8,1555.5]]}},{"type":"Feature","properties":{"id":"p:equipos:2050","n":1,"sc":"#808080"},"geometry":{"type":"LineString","coordinates":[[1610.9,1555.0],[1610.9,1554.6]]}},{"type":"Feature","properties":{"id":"p:equipos:2051","n":1,"sc":"#808080"},"geometry":{"type":"LineString","coordinates":[[1610.9,1555.0],[1610.9,1555.0]]}},{"type":"Feature","properties":{"id":"p:equipos:2052","n":1,"sc":"#808080"},"geometry":{"type":"LineString","coordinates":[[1613.3,1554.6],[1613.3,1554.6]]}},{"type":"Feature","properties":{"id":"p:equipos:2053","n":1,"sc":"#808080"},"geometry":{"type":"LineString","coordinates":[[1615.7,1557.9],[1612.8,1556]]}},{"type":"Feature","properties":{"id":"p:equipos:2054","n":1,"sc":"#808080"},"geometry":{"type":"LineString","coordinates":[[1614.2,1555.0],[1616.2,1557.0]]}},{"type":"Feature","properties":{"id":"p:equipos:2055","n":4,"sc":"#808080"},"geometry":{"type":"LineString","coordinates":[[1618.3,1551.2],[1618.3,1551.2],[1618.3,1551.2],[1618.3,1551.2],[1618.3,1551.2]]}},{"type":"Feature","properties":{"id":"p:equipos:2056","n":4,"sc":"#808080"},"geometry":{"type":"LineString","coordinates":[[1609.3,1553.9],[1609.7,1554.1],[1610.2,1554.2],[1610.8,1554.1],[1611.3,1553.9]]}},{"type":"Feature","properties":{"id":"p:equipos:2057","n":1,"sc":"#808080"},"geometry":{"type":"LineString","coordinates":[[1610.9,1555.0],[1610.9,1554.6]]}},{"type":"Feature","properties":{"id":"p:equipos:2058","n":1,"sc":"#808080"},"geometry":{"type":"LineString","coordinates":[[1634.4,1553.1],[1634.4,1553.6]]}},{"type":"Feature","properties":{"id":"p:equipos:2059","n":1,"sc":"#808080"},"geometry":{"type":"LineString","coordinates":[[1634.9,1553.1],[1634.4,1553.1]]}},{"type":"Feature","properties":{"id":"p:equipos:2060","n":4,"sc":"#808080"},"geometry":{"type":"LineString","coordinates":[[1613.1,1556.8],[1613.1,1556.8],[1613.1,1556.8],[1613.2,1556.9],[1613.2,1556.9]]}},{"type":"Feature","properties":{"id":"p:equipos:2061","n":2,"sc":"#808080"},"geometry":{"type":"LineString","coordinates":[[1630.6,1555.5],[1629.1,1556],[1627.7,1556]]}},{"type":"Feature","properties":{"id":"p:equipos:2062","n":1,"sc":"#808080"},"geometry":{"type":"LineString","coordinates":[[1634.9,1553.1],[1633.9,1553.6]]}},{"type":"Feature","properties":{"id":"p:equipos:2063","n":1,"sc":"#808080"},"geometry":{"type":"LineString","coordinates":[[1616.6,1557.4],[1616.6,1557.4]]}},{"type":"Feature","properties":{"id":"p:equipos:2064","n":1,"sc":"#808080"},"geometry":{"type":"LineString","coordinates":[[1629.6,1555.5],[1629.1,1555.5]]}},{"type":"Feature","properties":{"id":"p:equipos:2065","n":1,"sc":"#808080"},"geometry":{"type":"LineString","coordinates":[[1627.7,1554.1],[1627.7,1554.1]]}},{"type":"Feature","properties":{"id":"p:equipos:2066","n":1,"sc":"#808080"},"geometry":{"type":"LineString","coordinates":[[1633.9,1554.1],[1633.9,1554.1]]}},{"type":"Feature","properties":{"id":"p:equipos:2067","n":1,"sc":"#808080"},"geometry":{"type":"LineString","coordinates":[[1634.9,1552.6],[1634.9,1552.6]]}},{"type":"Feature","properties":{"id":"p:equipos:2068","n":1,"sc":"#808080"},"geometry":{"type":"LineString","coordinates":[[1618.6,1554.1],[1618.6,1554.1]]}},{"type":"Feature","properties":{"id":"p:equipos:2069","n":1,"sc":"#808080"},"geometry":{"type":"LineString","coordinates":[[1615.7,1556.5],[1615.7,1556.5]]}},{"type":"Feature","properties":{"id":"p:equipos:2070","n":1,"sc":"#808080"},"geometry":{"type":"LineString","coordinates":[[1617.6,1555.0],[1617.6,1555.0]]}},{"type":"Feature","properties":{"id":"p:equipos:2071","n":1,"sc":"#808080"},"geometry":{"type":"LineString","coordinates":[[1642.6,1552.2],[1642.6,1552.2]]}},{"type":"Feature","properties":{"id":"p:equipos:2072","n":1,"sc":"#808080"},"geometry":{"type":"LineString","coordinates":[[1635.4,1553.1],[1642.6,1552.2]]}},{"type":"Feature","properties":{"id":"p:equipos:2073","n":4,"sc":"#808080"},"geometry":{"type":"LineString","coordinates":[[1614.2,1555.3],[1614.7,1555.4],[1615.1,1555.5],[1615.6,1555.5],[1616.0,1555.5]]}},{"type":"Feature","properties":{"id":"p:equipos:2074","n":4,"sc":"#808080"},"geometry":{"type":"LineString","coordinates":[[1642.6,1548.3],[1643.5,1549.3],[1644,1550.7],[1643.5,1551.7],[1642.6,1552.2]]}},{"type":"Feature","properties":{"id":"p:equipos:2075","n":1,"sc":"#808080"},"geometry":{"type":"LineString","coordinates":[[1638.7,1547.4],[1634.4,1546.4]]}},{"type":"Feature","properties":{"id":"p:equipos:2076","n":1,"sc":"#808080"},"geometry":{"type":"LineString","coordinates":[[1634.9,1552.6],[1634.4,1551.2]]}},{"type":"Feature","properties":{"id":"p:equipos:2077","n":1,"sc":"#808080"},"geometry":{"type":"LineString","coordinates":[[1638.2,1552.6],[1634.9,1552.6]]}},{"type":"Feature","properties":{"id":"p:equipos:2078","n":1,"sc":"#808080"},"geometry":{"type":"LineString","coordinates":[[1642.6,1548.3],[1638.7,1547.4]]}},{"type":"Feature","properties":{"id":"p:equipos:2079","n":8,"sc":"#808080"},"geometry":{"type":"LineString","coordinates":[[1642.6,1552.1],[1643.3,1551.9],[1643.9,1551.4],[1644.3,1550.7],[1644.5,1549.9],[1644.3,1549.2],[1643.9,1548.5],[1643.2,1548.0],[1642.4,1547.8]]}},{"type":"Feature","properties":{"id":"p:equipos:2080","n":1,"sc":"#808080"},"geometry":{"type":"LineString","coordinates":[[1634.4,1551.2],[1633.9,1548.8]]}},{"type":"Feature","properties":{"id":"p:equipos:2081","n":1,"sc":"#808080"},"geometry":{"type":"LineString","coordinates":[[1642.6,1552.2],[1638.2,1552.6]]}},{"type":"Feature","properties":{"id":"p:equipos:2082","n":2,"sc":"#808080"},"geometry":{"type":"LineString","coordinates":[[1633.9,1548.8],[1634.4,1546.9],[1634.4,1546.4]]}},{"type":"Feature","properties":{"id":"p:equipos:2083","n":1,"sc":"#808080"},"geometry":{"type":"LineString","coordinates":[[1612.3,1554.1],[1612.3,1554.1]]}},{"type":"Feature","properties":{"id":"p:equipos:2084","n":4,"sc":"#808080"},"geometry":{"type":"LineString","coordinates":[[1634.4,1546.5],[1634.4,1546.5],[1634.3,1546.5],[1634.3,1546.5],[1634.2,1546.4]]}},{"type":"Feature","properties":{"id":"p:equipos:2085","n":8,"sc":"#808080"},"geometry":{"type":"LineString","coordinates":[[1607.4,1546.9],[1606.9,1547.1],[1606.4,1547.4],[1606.0,1547.7],[1605.8,1548.2],[1605.6,1548.8],[1605.6,1549.3],[1605.8,1549.9],[1606.1,1550.4]]}},{"type":"Feature","properties":{"id":"p:equipos:2086","n":2,"sc":"#808080"},"geometry":{"type":"LineString","coordinates":[[1612.8,1548.8],[1612.8,1550.2],[1612.3,1551.2]]}},{"type":"Feature","properties":{"id":"p:equipos:2087","n":2,"sc":"#808080"},"geometry":{"type":"LineString","coordinates":[[1612.3,1551.2],[1611.8,1552.2],[1611.4,1552.6]]}},{"type":"Feature","properties":{"id":"p:equipos:2088","n":2,"sc":"#808080"},"geometry":{"type":"LineString","coordinates":[[1611.8,1546.4],[1612.3,1547.4],[1612.8,1548.8]]}},{"type":"Feature","properties":{"id":"p:equipos:2089","n":1,"sc":"#808080"},"geometry":{"type":"LineString","coordinates":[[1609.4,1554.1],[1606.6,1550.2]]}},{"type":"Feature","properties":{"id":"p:equipos:2090","n":4,"sc":"#808080"},"geometry":{"type":"LineString","coordinates":[[1610.9,1552.4],[1610.9,1552.4],[1611.0,1552.4],[1611.1,1552.5],[1611.2,1552.5]]}},{"type":"Feature","properties":{"id":"p:equipos:2091","n":1,"sc":"#808080"},"geometry":{"type":"LineString","coordinates":[[1611.8,1546.4],[1611.8,1546.4]]}},{"type":"Feature","properties":{"id":"p:equipos:2092","n":1,"sc":"#808080"},"geometry":{"type":"LineString","coordinates":[[1609.4,1551.7],[1611.4,1552.6]]}},{"type":"Feature","properties":{"id":"p:equipos:2093","n":2,"sc":"#808080"},"geometry":{"type":"LineString","coordinates":[[1616.2,1563.2],[1617.6,1563.2],[1618.1,1562.2]]}},{"type":"Feature","properties":{"id":"p:equipos:2094","n":1,"sc":"#808080"},"geometry":{"type":"LineString","coordinates":[[1618.1,1555.0],[1618.1,1555.0]]}},{"type":"Feature","properties":{"id":"p:equipos:2095","n":1,"sc":"#808080"},"geometry":{"type":"LineString","coordinates":[[1609.9,1546.9],[1611.8,1546.4]]}},{"type":"Feature","properties":{"id":"p:equipos:2096","n":1,"sc":"#808080"},"geometry":{"type":"LineString","coordinates":[[1607.5,1550.7],[1609.4,1551.7]]}},{"type":"Feature","properties":{"id":"p:equipos:2097","n":4,"sc":"#808080"},"geometry":{"type":"LineString","coordinates":[[1609.3,1553.8],[1609.5,1554.1],[1609.8,1554.4],[1610.2,1554.5],[1610.6,1554.6]]}},{"type":"Feature","properties":{"id":"p:equipos:2098","n":3,"sc":"#808080"},"geometry":{"type":"LineString","coordinates":[[1618.6,1557.9],[1619.0,1556.5],[1618.6,1556],[1618.1,1555.5]]}},{"type":"Feature","properties":{"id":"p:equipos:2099","n":1,"sc":"#808080"},"geometry":{"type":"LineString","coordinates":[[1612.3,1554.6],[1612.3,1554.6]]}},{"type":"Feature","properties":{"id":"p:equipos:2100","n":4,"sc":"#808080"},"geometry":{"type":"LineString","coordinates":[[1627.1,1555.1],[1627.2,1554.9],[1627.2,1554.7],[1627.2,1554.5],[1627.2,1554.3]]}},{"type":"Feature","properties":{"id":"p:equipos:2101","n":8,"sc":"#808080"},"geometry":{"type":"LineString","coordinates":[[1627.3,1552.4],[1627.9,1551.1],[1628.2,1549.8],[1628.0,1548.5],[1627.6,1547.2],[1626.8,1546.0],[1625.7,1545.2],[1624.5,1544.7],[1623.1,1544.5]]}},{"type":"Feature","properties":{"id":"p:equipos:2102","n":2,"sc":"#808080"},"geometry":{"type":"LineString","coordinates":[[1614.2,1562.2],[1614.7,1563.2],[1615.7,1563.2]]}},{"type":"Feature","properties":{"id":"p:equipos:2103","n":1,"sc":"#808080"},"geometry":{"type":"LineString","coordinates":[[1613.8,1557.4],[1614.2,1559.4]]}},{"type":"Feature","properties":{"id":"p:equipos:2104","n":1,"sc":"#808080"},"geometry":{"type":"LineString","coordinates":[[1613.8,1557.4],[1614.2,1557.4]]}},{"type":"Feature","properties":{"id":"p:equipos:2105","n":1,"sc":"#808080"},"geometry":{"type":"LineString","coordinates":[[1613.8,1557.4],[1613.8,1557.4]]}},{"type":"Feature","properties":{"id":"p:equipos:2106","n":1,"sc":"#808080"},"geometry":{"type":"LineString","coordinates":[[1615.7,1548.8],[1615.7,1548.8]]}},{"type":"Feature","properties":{"id":"p:equipos:2107","n":1,"sc":"#808080"},"geometry":{"type":"LineString","coordinates":[[1616.6,1548.8],[1616.6,1548.8]]}},{"type":"Feature","properties":{"id":"p:equipos:2108","n":2,"sc":"#808080"},"geometry":{"type":"LineString","coordinates":[[1632.5,1560.8],[1631.5,1561.3],[1630.6,1561.3]]}},{"type":"Feature","properties":{"id":"p:equipos:2109","n":1,"sc":"#808080"},"geometry":{"type":"LineString","coordinates":[[1627.2,1557.9],[1626.2,1557.0]]}},{"type":"Feature","properties":{"id":"p:equipos:2110","n":2,"sc":"#808080"},"geometry":{"type":"LineString","coordinates":[[1633.4,1558.4],[1633.4,1559.4],[1633.0,1560.3]]}},{"type":"Feature","properties":{"id":"p:equipos:2111","n":1,"sc":"#808080"},"geometry":{"type":"LineString","coordinates":[[1631.0,1555.5],[1631.5,1556]]}},{"type":"Feature","properties":{"id":"p:equipos:2112","n":1,"sc":"#808080"},"geometry":{"type":"LineString","coordinates":[[1613.8,1557.0],[1613.8,1557.0]]}},{"type":"Feature","properties":{"id":"p:equipos:2113","n":1,"sc":"#808080"},"geometry":{"type":"LineString","coordinates":[[1613.8,1557.0],[1614.2,1557.0]]}},{"type":"Feature","properties":{"id":"p:equipos:2114","n":4,"sc":"#808080"},"geometry":{"type":"LineString","coordinates":[[1610.6,1554.8],[1610.6,1554.9],[1610.7,1554.9],[1610.7,1554.9],[1610.7,1554.9]]}},{"type":"Feature","properties":{"id":"p:equipos:2115","n":1,"sc":"#808080"},"geometry":{"type":"LineString","coordinates":[[1608,1547.4],[1609.9,1546.9]]}},{"type":"Feature","properties":{"id":"p:equipos:2116","n":1,"sc":"#808080"},"geometry":{"type":"LineString","coordinates":[[1613.8,1557.0],[1613.3,1557.0]]}},{"type":"Feature","properties":{"id":"p:equipos:2117","n":3,"sc":"#808080"},"geometry":{"type":"LineString","coordinates":[[1616.2,1557.0],[1616.6,1557.0],[1616.6,1557.4],[1616.2,1557.9]]}},{"type":"Feature","properties":{"id":"p:equipos:2118","n":2,"sc":"#808080"},"geometry":{"type":"LineString","coordinates":[[1615.2,1556],[1615.7,1556],[1615.7,1556.5]]}},{"type":"Feature","properties":{"id":"p:equipos:2119","n":1,"sc":"#808080"},"geometry":{"type":"LineString","coordinates":[[1616.6,1557.9],[1616.6,1557.4]]}},{"type":"Feature","properties":{"id":"p:equipos:2120","n":1,"sc":"#808080"},"geometry":{"type":"LineString","coordinates":[[1616.6,1557.4],[1616.2,1557.0]]}},{"type":"Feature","properties":{"id":"p:equipos:2121","n":1,"sc":"#808080"},"geometry":{"type":"LineString","coordinates":[[1614.7,1555.5],[1614.7,1555.5]]}},{"type":"Feature","properties":{"id":"p:equipos:2122","n":1,"sc":"#808080"},"geometry":{"type":"LineString","coordinates":[[1613.3,1557.0],[1613.3,1557.0]]}},{"type":"Feature","properties":{"id":"p:equipos:2123","n":1,"sc":"#808080"},"geometry":{"type":"LineString","coordinates":[[1614.2,1557.0],[1613.8,1557.0]]}},{"type":"Feature","properties":{"id":"p:equipos:2124","n":4,"sc":"#808080"},"geometry":{"type":"LineString","coordinates":[[1612.4,1554.1],[1612.4,1554.1],[1612.4,1554.1],[1612.4,1554.1],[1612.4,1554.1]]}},{"type":"Feature","properties":{"id":"p:equipos:2125","n":1,"sc":"#808080"},"geometry":{"type":"LineString","coordinates":[[1615.7,1556.5],[1615.2,1556]]}},{"type":"Feature","properties":{"id":"p:equipos:2126","n":1,"sc":"#808080"},"geometry":{"type":"LineString","coordinates":[[1610.9,1555.0],[1610.9,1555.0]]}},{"type":"Feature","properties":{"id":"p:equipos:2127","n":1,"sc":"#808080"},"geometry":{"type":"LineString","coordinates":[[1611.8,1555.0],[1611.8,1555.0]]}},{"type":"Feature","properties":{"id":"p:equipos:2128","n":8,"sc":"#808080"},"geometry":{"type":"LineString","coordinates":[[1615.1,1557.8],[1615.4,1557.9],[1615.6,1557.9],[1615.9,1557.8],[1616.1,1557.6],[1616.2,1557.3],[1616.1,1557.0],[1616.0,1556.8],[1615.8,1556.6]]}},{"type":"Feature","properties":{"id":"p:equipos:2129","n":1,"sc":"#808080"},"geometry":{"type":"LineString","coordinates":[[1613.3,1554.6],[1612.8,1555.0]]}},{"type":"Feature","properties":{"id":"p:equipos:2130","n":1,"sc":"#808080"},"geometry":{"type":"LineString","coordinates":[[1613.3,1554.6],[1613.3,1554.6]]}},{"type":"Feature","properties":{"id":"p:equipos:2131","n":1,"sc":"#808080"},"geometry":{"type":"LineString","coordinates":[[1613.3,1554.6],[1613.3,1554.6]]}},{"type":"Feature","properties":{"id":"p:equipos:2132","n":1,"sc":"#808080"},"geometry":{"type":"LineString","coordinates":[[1612.8,1555.0],[1613.3,1554.6]]}},{"type":"Feature","properties":{"id":"p:equipos:2133","n":4,"sc":"#808080"},"geometry":{"type":"LineString","coordinates":[[1634.5,1553.1],[1634.6,1553.1],[1634.7,1553.1],[1634.7,1553.1],[1634.8,1553.1]]}},{"type":"Feature","properties":{"id":"p:equipos:2134","n":1,"sc":"#808080"},"geometry":{"type":"LineString","coordinates":[[1628.2,1556],[1627.7,1555.5]]}},{"type":"Feature","properties":{"id":"p:equipos:2135","n":2,"sc":"#808080"},"geometry":{"type":"LineString","coordinates":[[1615.7,1557.9],[1616.2,1557.4],[1616.2,1557.0]]}},{"type":"Feature","properties":{"id":"p:equipos:2136","n":2,"sc":"#808080"},"geometry":{"type":"LineString","coordinates":[[1612.8,1555.0],[1612.8,1555.5],[1612.8,1556]]}},{"type":"Feature","properties":{"id":"p:equipos:2137","n":2,"sc":"#808080"},"geometry":{"type":"LineString","coordinates":[[1612.3,1554.1],[1611.8,1555.0],[1610.9,1555.0]]}},{"type":"Feature","properties":{"id":"p:equipos:2138","n":1,"sc":"#808080"},"geometry":{"type":"LineString","coordinates":[[1612.3,1554.1],[1612.3,1554.1]]}},{"type":"Feature","properties":{"id":"p:equipos:2139","n":1,"sc":"#808080"},"geometry":{"type":"LineString","coordinates":[[1628.2,1554.6],[1628.2,1554.6]]}},{"type":"Feature","properties":{"id":"p:equipos:2140","n":1,"sc":"#808080"},"geometry":{"type":"LineString","coordinates":[[1611.4,1554.1],[1610.4,1554.6]]}},{"type":"Feature","properties":{"id":"p:equipos:2141","n":4,"sc":"#808080"},"geometry":{"type":"LineString","coordinates":[[1627.9,1555.3],[1628.1,1555.4],[1628.2,1555.5],[1628.4,1555.5],[1628.7,1555.5]]}},{"type":"Feature","properties":{"id":"p:equipos:2142","n":1,"sc":"#808080"},"geometry":{"type":"LineString","coordinates":[[1613.3,1557.0],[1610.9,1555.0]]}},{"type":"Feature","properties":{"id":"p:equipos:2143","n":8,"sc":"#808080"},"geometry":{"type":"LineString","coordinates":[[1623.1,1544.5],[1621.7,1544.7],[1620.5,1545.2],[1619.4,1546.1],[1618.6,1547.2],[1618.2,1548.5],[1618.1,1549.8],[1618.4,1551.2],[1619.0,1552.4]]}},{"type":"Feature","properties":{"id":"p:equipos:2144","n":1,"sc":"#808080"},"geometry":{"type":"LineString","coordinates":[[1611.4,1554.1],[1611.8,1553.6]]}},{"type":"Feature","properties":{"id":"p:equipos:2145","n":4,"sc":"#808080"},"geometry":{"type":"LineString","coordinates":[[1618.3,1562.1],[1618.4,1561.9],[1618.5,1561.7],[1618.5,1561.4],[1618.6,1561.2]]}},{"type":"Feature","properties":{"id":"p:equipos:2146","n":1,"sc":"#808080"},"geometry":{"type":"LineString","coordinates":[[1623.4,1558.9],[1623.4,1558.9]]}},{"type":"Feature","properties":{"id":"p:equipos:2147","n":1,"sc":"#808080"},"geometry":{"type":"LineString","coordinates":[[1618.6,1561.8],[1618.6,1559.4]]}},{"type":"Feature","properties":{"id":"p:equipos:2148","n":1,"sc":"#808080"},"geometry":{"type":"LineString","coordinates":[[1618.6,1559.4],[1618.6,1557.9]]}},{"type":"Feature","properties":{"id":"p:equipos:2149","n":1,"sc":"#808080"},"geometry":{"type":"LineString","coordinates":[[1615.7,1563.2],[1616.2,1563.2]]}},{"type":"Feature","properties":{"id":"p:equipos:2150","n":4,"sc":"#808080"},"geometry":{"type":"LineString","coordinates":[[1613.8,1561.1],[1613.8,1561.3],[1613.8,1561.4],[1613.8,1561.6],[1613.9,1561.7]]}},{"type":"Feature","properties":{"id":"p:equipos:2151","n":1,"sc":"#808080"},"geometry":{"type":"LineString","coordinates":[[1614.2,1559.4],[1614.2,1561.3]]}},{"type":"Feature","properties":{"id":"p:equipos:2152","n":1,"sc":"#808080"},"geometry":{"type":"LineString","coordinates":[[1615.7,1548.8],[1615.7,1548.8]]}},{"type":"Feature","properties":{"id":"p:equipos:2153","n":1,"sc":"#808080"},"geometry":{"type":"LineString","coordinates":[[1634.4,1553.1],[1634.9,1553.1]]}},{"type":"Feature","properties":{"id":"p:equipos:2154","n":1,"sc":"#808080"},"geometry":{"type":"LineString","coordinates":[[1634.4,1553.6],[1634.4,1553.6]]}},{"type":"Feature","properties":{"id":"p:equipos:2155","n":1,"sc":"#808080"},"geometry":{"type":"LineString","coordinates":[[1617.6,1548.8],[1617.6,1548.8]]}},{"type":"Feature","properties":{"id":"p:equipos:2156","n":1,"sc":"#808080"},"geometry":{"type":"LineString","coordinates":[[1613.8,1557.0],[1613.8,1557.4]]}},{"type":"Feature","properties":{"id":"p:equipos:2157","n":1,"sc":"#808080"},"geometry":{"type":"LineString","coordinates":[[1629.6,1560.8],[1628.2,1558.9]]}},{"type":"Feature","properties":{"id":"p:equipos:2158","n":1,"sc":"#808080"},"geometry":{"type":"LineString","coordinates":[[1628.2,1558.9],[1627.2,1557.9]]}},{"type":"Feature","properties":{"id":"p:equipos:2159","n":1,"sc":"#808080"},"geometry":{"type":"LineString","coordinates":[[1633.0,1560.3],[1632.5,1560.8]]}},{"type":"Feature","properties":{"id":"p:equipos:2160","n":1,"sc":"#808080"},"geometry":{"type":"LineString","coordinates":[[1631.5,1556],[1633.0,1557.9]]}},{"type":"Feature","properties":{"id":"p:equipos:2161","n":4,"sc":"#808080"},"geometry":{"type":"LineString","coordinates":[[1629.3,1560.6],[1629.4,1560.8],[1629.6,1560.9],[1629.8,1561.0],[1630.0,1561.1]]}},{"type":"Feature","properties":{"id":"p:equipos:2162","n":1,"sc":"#808080"},"geometry":{"type":"LineString","coordinates":[[1627.7,1556],[1627.7,1555.5]]}},{"type":"Feature","properties":{"id":"p:equipos:2163","n":4,"sc":"#808080"},"geometry":{"type":"LineString","coordinates":[[1633.3,1557.9],[1633.2,1557.7],[1633.2,1557.6],[1633.1,1557.5],[1633.0,1557.3]]}},{"type":"Feature","properties":{"id":"p:equipos:2164","n":1,"sc":"#808080"},"geometry":{"type":"LineString","coordinates":[[1627.7,1551.7],[1627.7,1551.7]]}},{"type":"Feature","properties":{"id":"p:equipos:2165","n":1,"sc":"#808080"},"geometry":{"type":"LineString","coordinates":[[1610.9,1554.6],[1610.9,1554.6]]}},{"type":"Feature","properties":{"id":"p:equipos:2166","n":1,"sc":"#808080"},"geometry":{"type":"LineString","coordinates":[[1610.9,1555.0],[1613.8,1557.0]]}},{"type":"Feature","properties":{"id":"p:equipos:2167","n":1,"sc":"#808080"},"geometry":{"type":"LineString","coordinates":[[1628.6,1555.0],[1628.6,1555.0]]}},{"type":"Feature","properties":{"id":"p:equipos:2168","n":1,"sc":"#808080"},"geometry":{"type":"LineString","coordinates":[[1629.1,1555.5],[1628.6,1555.5]]}},{"type":"Feature","properties":{"id":"p:equipos:2169","n":2,"sc":"#808080"},"geometry":{"type":"LineString","coordinates":[[1627.2,1555.5],[1625.8,1557.9],[1623.4,1558.9]]}},{"type":"Feature","properties":{"id":"p:equipos:2170","n":4,"sc":"#808080"},"geometry":{"type":"LineString","coordinates":[[1619.0,1555.0],[1619.5,1556.5],[1620.5,1557.4],[1621.4,1558.4],[1623.4,1558.9]]}},{"type":"Feature","properties":{"id":"p:equipos:2171","n":4,"sc":"#808080"},"geometry":{"type":"LineString","coordinates":[[1623.4,1558.9],[1624.8,1558.4],[1625.8,1557.4],[1626.7,1556.5],[1627.2,1554.6]]}},{"type":"Feature","properties":{"id":"p:equipos:2172","n":4,"sc":"#808080"},"geometry":{"type":"LineString","coordinates":[[1619.0,1552.2],[1621.0,1553.6],[1623.4,1554.1],[1625.3,1553.6],[1627.2,1552.2]]}},{"type":"Feature","properties":{"id":"p:equipos:2173","n":1,"sc":"#808080"},"geometry":{"type":"LineString","coordinates":[[1619.0,1555.0],[1619.0,1552.2]]}},{"type":"Feature","properties":{"id":"p:equipos:2174","n":1,"sc":"#808080"},"geometry":{"type":"LineString","coordinates":[[1627.2,1554.6],[1627.2,1552.2]]}},{"type":"Feature","properties":{"id":"p:equipos:2175","n":4,"sc":"#808080"},"geometry":{"type":"LineString","coordinates":[[1649.1,1551.2],[1649.2,1551.3],[1649.4,1551.4],[1649.5,1551.4],[1649.7,1551.5]]}},{"type":"Feature","properties":{"id":"p:equipos:2176","n":2,"sc":"#808080"},"geometry":{"type":"LineString","coordinates":[[1658.9,1556],[1656.5,1555.5],[1655.0,1554.6]]}},{"type":"Feature","properties":{"id":"p:equipos:2177","n":1,"sc":"#808080"},"geometry":{"type":"LineString","coordinates":[[1677.1,1553.1],[1676.2,1554.6]]}},{"type":"Feature","properties":{"id":"p:equipos:2178","n":2,"sc":"#808080"},"geometry":{"type":"LineString","coordinates":[[1673.3,1545.0],[1675.2,1545.4],[1677.1,1546.9]]}},{"type":"Feature","properties":{"id":"p:equipos:2179","n":1,"sc":"#808080"},"geometry":{"type":"LineString","coordinates":[[1669.9,1545.0],[1673.3,1545.0]]}},{"type":"Feature","properties":{"id":"p:equipos:2180","n":1,"sc":"#808080"},"geometry":{"type":"LineString","coordinates":[[1660.3,1551.2],[1660.3,1551.2]]}},{"type":"Feature","properties":{"id":"p:equipos:2181","n":1,"sc":"#808080"},"geometry":{"type":"LineString","coordinates":[[1661.8,1556],[1658.9,1556]]}},{"type":"Feature","properties":{"id":"p:equipos:2182","n":1,"sc":"#808080"},"geometry":{"type":"LineString","coordinates":[[1672.8,1556],[1669.4,1556]]}},{"type":"Feature","properties":{"id":"p:equipos:2183","n":1,"sc":"#808080"},"geometry":{"type":"LineString","coordinates":[[1661.3,1545.0],[1669.9,1545.0]]}},{"type":"Feature","properties":{"id":"p:equipos:2184","n":1,"sc":"#808080"},"geometry":{"type":"LineString","coordinates":[[1657.9,1545.0],[1661.3,1545.0]]}},{"type":"Feature","properties":{"id":"p:equipos:2185","n":2,"sc":"#808080"},"geometry":{"type":"LineString","coordinates":[[1676.2,1554.6],[1674.7,1555.5],[1672.8,1556]]}},{"type":"Feature","properties":{"id":"p:equipos:2186","n":1,"sc":"#808080"},"geometry":{"type":"LineString","coordinates":[[1655.0,1554.6],[1654.1,1553.1]]}},{"type":"Feature","properties":{"id":"p:equipos:2187","n":2,"sc":"#808080"},"geometry":{"type":"LineString","coordinates":[[1654.1,1546.9],[1656,1545.4],[1657.9,1545.0]]}},{"type":"Feature","properties":{"id":"p:equipos:2188","n":1,"sc":"#808080"},"geometry":{"type":"LineString","coordinates":[[1653.1,1555.0],[1653.1,1555.0]]}},{"type":"Feature","properties":{"id":"p:equipos:2189","n":2,"sc":"#808080"},"geometry":{"type":"LineString","coordinates":[[1658.9,1558.4],[1657.4,1557.9],[1656,1557.4]]}},{"type":"Feature","properties":{"id":"p:equipos:2190","n":1,"sc":"#808080"},"geometry":{"type":"LineString","coordinates":[[1656,1557.4],[1655.5,1557.0]]}},{"type":"Feature","properties":{"id":"p:equipos:2191","n":1,"sc":"#808080"},"geometry":{"type":"LineString","coordinates":[[1656,1557.4],[1656,1557.4]]}},{"type":"Feature","properties":{"id":"p:equipos:2192","n":1,"sc":"#808080"},"geometry":{"type":"LineString","coordinates":[[1656,1557.4],[1656,1557.4]]}},{"type":"Feature","properties":{"id":"p:equipos:2193","n":1,"sc":"#808080"},"geometry":{"type":"LineString","coordinates":[[1657.9,1556.5],[1657.9,1556.5]]}},{"type":"Feature","properties":{"id":"p:equipos:2194","n":1,"sc":"#808080"},"geometry":{"type":"LineString","coordinates":[[1655.0,1556.5],[1654.6,1556]]}},{"type":"Feature","properties":{"id":"p:equipos:2195","n":1,"sc":"#808080"},"geometry":{"type":"LineString","coordinates":[[1653.6,1555.5],[1653.1,1555.0]]}},{"type":"Feature","properties":{"id":"p:equipos:2196","n":1,"sc":"#808080"},"geometry":{"type":"LineString","coordinates":[[1653.6,1555.5],[1653.6,1555.5]]}},{"type":"Feature","properties":{"id":"p:equipos:2197","n":1,"sc":"#808080"},"geometry":{"type":"LineString","coordinates":[[1655.5,1555.0],[1655.5,1555.0]]}},{"type":"Feature","properties":{"id":"p:equipos:2198","n":1,"sc":"#808080"},"geometry":{"type":"LineString","coordinates":[[1658.4,1557.9],[1655.5,1556.5]]}},{"type":"Feature","properties":{"id":"p:equipos:2199","n":1,"sc":"#808080"},"geometry":{"type":"LineString","coordinates":[[1656.5,1555.5],[1658.9,1557.4]]}},{"type":"Feature","properties":{"id":"p:equipos:2200","n":4,"sc":"#808080"},"geometry":{"type":"LineString","coordinates":[[1660.6,1551.7],[1660.6,1551.7],[1660.6,1551.7],[1660.6,1551.7],[1660.6,1551.7]]}},{"type":"Feature","properties":{"id":"p:equipos:2201","n":4,"sc":"#808080"},"geometry":{"type":"LineString","coordinates":[[1651.5,1554.3],[1651.9,1554.6],[1652.4,1554.7],[1653.0,1554.6],[1653.6,1554.3]]}},{"type":"Feature","properties":{"id":"p:equipos:2202","n":1,"sc":"#808080"},"geometry":{"type":"LineString","coordinates":[[1653.6,1555.5],[1653.1,1555.0]]}},{"type":"Feature","properties":{"id":"p:equipos:2203","n":1,"sc":"#808080"},"geometry":{"type":"LineString","coordinates":[[1677.1,1553.6],[1676.6,1554.1]]}},{"type":"Feature","properties":{"id":"p:equipos:2204","n":1,"sc":"#808080"},"geometry":{"type":"LineString","coordinates":[[1677.6,1553.6],[1677.1,1553.6]]}},{"type":"Feature","properties":{"id":"p:equipos:2205","n":4,"sc":"#808080"},"geometry":{"type":"LineString","coordinates":[[1655.8,1557.3],[1655.8,1557.3],[1655.9,1557.3],[1655.9,1557.3],[1655.9,1557.4]]}},{"type":"Feature","properties":{"id":"p:equipos:2206","n":2,"sc":"#808080"},"geometry":{"type":"LineString","coordinates":[[1673.3,1556],[1671.8,1556.5],[1670.4,1556.5]]}},{"type":"Feature","properties":{"id":"p:equipos:2207","n":1,"sc":"#808080"},"geometry":{"type":"LineString","coordinates":[[1677.1,1553.6],[1676.6,1554.1]]}},{"type":"Feature","properties":{"id":"p:equipos:2208","n":1,"sc":"#808080"},"geometry":{"type":"LineString","coordinates":[[1658.9,1557.9],[1658.9,1557.9]]}},{"type":"Feature","properties":{"id":"p:equipos:2209","n":1,"sc":"#808080"},"geometry":{"type":"LineString","coordinates":[[1671.8,1556],[1671.4,1556]]}},{"type":"Feature","properties":{"id":"p:equipos:2210","n":1,"sc":"#808080"},"geometry":{"type":"LineString","coordinates":[[1669.9,1554.6],[1669.9,1554.6]]}},{"type":"Feature","properties":{"id":"p:equipos:2211","n":1,"sc":"#808080"},"geometry":{"type":"LineString","coordinates":[[1676.2,1554.6],[1676.2,1554.6]]}},{"type":"Feature","properties":{"id":"p:equipos:2212","n":1,"sc":"#808080"},"geometry":{"type":"LineString","coordinates":[[1677.1,1553.1],[1677.1,1553.1]]}},{"type":"Feature","properties":{"id":"p:equipos:2213","n":1,"sc":"#808080"},"geometry":{"type":"LineString","coordinates":[[1661.3,1554.6],[1661.3,1554.6]]}},{"type":"Feature","properties":{"id":"p:equipos:2214","n":1,"sc":"#808080"},"geometry":{"type":"LineString","coordinates":[[1657.9,1557.0],[1657.9,1557.0]]}},{"type":"Feature","properties":{"id":"p:equipos:2215","n":1,"sc":"#808080"},"geometry":{"type":"LineString","coordinates":[[1660.3,1555.5],[1660.3,1555.5]]}},{"type":"Feature","properties":{"id":"p:equipos:2216","n":1,"sc":"#808080"},"geometry":{"type":"LineString","coordinates":[[1684.8,1552.6],[1684.8,1552.6]]}},{"type":"Feature","properties":{"id":"p:equipos:2217","n":1,"sc":"#808080"},"geometry":{"type":"LineString","coordinates":[[1677.6,1553.6],[1685.3,1552.6]]}},{"type":"Feature","properties":{"id":"p:equipos:2218","n":4,"sc":"#808080"},"geometry":{"type":"LineString","coordinates":[[1656.5,1555.8],[1656.9,1555.9],[1657.4,1556.0],[1657.8,1556.0],[1658.3,1555.9]]}},{"type":"Feature","properties":{"id":"p:equipos:2219","n":4,"sc":"#808080"},"geometry":{"type":"LineString","coordinates":[[1685.3,1548.8],[1686.2,1549.8],[1686.2,1550.7],[1685.8,1552.2],[1684.8,1552.6]]}},{"type":"Feature","properties":{"id":"p:equipos:2220","n":1,"sc":"#808080"},"geometry":{"type":"LineString","coordinates":[[1681.0,1547.8],[1677.1,1546.9]]}},{"type":"Feature","properties":{"id":"p:equipos:2221","n":1,"sc":"#808080"},"geometry":{"type":"LineString","coordinates":[[1677.1,1553.1],[1676.6,1551.7]]}},{"type":"Feature","properties":{"id":"p:equipos:2222","n":1,"sc":"#808080"},"geometry":{"type":"LineString","coordinates":[[1680.5,1553.1],[1677.1,1553.1]]}},{"type":"Feature","properties":{"id":"p:equipos:2223","n":1,"sc":"#808080"},"geometry":{"type":"LineString","coordinates":[[1685.3,1548.8],[1681.0,1547.8]]}},{"type":"Feature","properties":{"id":"p:equipos:2224","n":8,"sc":"#808080"},"geometry":{"type":"LineString","coordinates":[[1684.8,1552.6],[1685.6,1552.4],[1686.2,1551.9],[1686.6,1551.2],[1686.7,1550.4],[1686.5,1549.6],[1686.1,1549.0],[1685.5,1548.5],[1684.7,1548.3]]}},{"type":"Feature","properties":{"id":"p:equipos:2225","n":1,"sc":"#808080"},"geometry":{"type":"LineString","coordinates":[[1676.6,1551.7],[1676.6,1549.3]]}},{"type":"Feature","properties":{"id":"p:equipos:2226","n":1,"sc":"#808080"},"geometry":{"type":"LineString","coordinates":[[1684.8,1552.6],[1680.5,1553.1]]}},{"type":"Feature","properties":{"id":"p:equipos:2227","n":2,"sc":"#808080"},"geometry":{"type":"LineString","coordinates":[[1676.6,1549.3],[1676.6,1547.4],[1677.1,1546.9]]}},{"type":"Feature","properties":{"id":"p:equipos:2228","n":1,"sc":"#808080"},"geometry":{"type":"LineString","coordinates":[[1655.0,1554.6],[1655.0,1554.6]]}},{"type":"Feature","properties":{"id":"p:equipos:2229","n":4,"sc":"#808080"},"geometry":{"type":"LineString","coordinates":[[1676.7,1547.0],[1676.6,1547.0],[1676.6,1546.9],[1676.5,1546.9],[1676.5,1546.9]]}},{"type":"Feature","properties":{"id":"p:equipos:2230","n":8,"sc":"#808080"},"geometry":{"type":"LineString","coordinates":[[1650.1,1547.4],[1649.6,1547.5],[1649.1,1547.8],[1648.7,1548.2],[1648.5,1548.7],[1648.3,1549.3],[1648.3,1549.8],[1648.5,1550.4],[1648.8,1550.8]]}},{"type":"Feature","properties":{"id":"p:equipos:2231","n":2,"sc":"#808080"},"geometry":{"type":"LineString","coordinates":[[1655.0,1549.3],[1655.0,1550.7],[1654.6,1551.7]]}},{"type":"Feature","properties":{"id":"p:equipos:2232","n":2,"sc":"#808080"},"geometry":{"type":"LineString","coordinates":[[1654.6,1551.7],[1654.1,1552.6],[1654.1,1553.1]]}},{"type":"Feature","properties":{"id":"p:equipos:2233","n":2,"sc":"#808080"},"geometry":{"type":"LineString","coordinates":[[1654.6,1546.9],[1654.6,1547.8],[1655.0,1549.3]]}},{"type":"Feature","properties":{"id":"p:equipos:2234","n":1,"sc":"#808080"},"geometry":{"type":"LineString","coordinates":[[1652.2,1554.6],[1649.3,1550.7]]}},{"type":"Feature","properties":{"id":"p:equipos:2235","n":4,"sc":"#808080"},"geometry":{"type":"LineString","coordinates":[[1653.6,1552.9],[1653.6,1552.9],[1653.7,1552.9],[1653.8,1553.0],[1653.9,1553.0]]}},{"type":"Feature","properties":{"id":"p:equipos:2236","n":1,"sc":"#808080"},"geometry":{"type":"LineString","coordinates":[[1654.1,1546.9],[1654.6,1546.9]]}},{"type":"Feature","properties":{"id":"p:equipos:2237","n":1,"sc":"#808080"},"geometry":{"type":"LineString","coordinates":[[1651.7,1552.2],[1653.6,1553.1]]}},{"type":"Feature","properties":{"id":"p:equipos:2238","n":2,"sc":"#808080"},"geometry":{"type":"LineString","coordinates":[[1658.9,1563.7],[1659.8,1563.7],[1660.8,1562.7]]}},{"type":"Feature","properties":{"id":"p:equipos:2239","n":1,"sc":"#808080"},"geometry":{"type":"LineString","coordinates":[[1660.8,1555.5],[1660.8,1555.5]]}},{"type":"Feature","properties":{"id":"p:equipos:2240","n":1,"sc":"#808080"},"geometry":{"type":"LineString","coordinates":[[1652.6,1547.4],[1654.1,1546.9]]}},{"type":"Feature","properties":{"id":"p:equipos:2241","n":1,"sc":"#808080"},"geometry":{"type":"LineString","coordinates":[[1649.8,1551.2],[1651.7,1552.2]]}},{"type":"Feature","properties":{"id":"p:equipos:2242","n":4,"sc":"#808080"},"geometry":{"type":"LineString","coordinates":[[1651.5,1554.3],[1651.8,1554.6],[1652.1,1554.8],[1652.4,1555.0],[1652.8,1555.0]]}},{"type":"Feature","properties":{"id":"p:equipos:2243","n":3,"sc":"#808080"},"geometry":{"type":"LineString","coordinates":[[1661.3,1557.9],[1661.3,1557.0],[1660.8,1556.5],[1660.8,1556]]}},{"type":"Feature","properties":{"id":"p:equipos:2244","n":1,"sc":"#808080"},"geometry":{"type":"LineString","coordinates":[[1655.0,1555.0],[1655.0,1555.0]]}},{"type":"Feature","properties":{"id":"p:equipos:2245","n":4,"sc":"#808080"},"geometry":{"type":"LineString","coordinates":[[1669.4,1555.6],[1669.4,1555.4],[1669.4,1555.2],[1669.4,1555.0],[1669.4,1554.8]]}},{"type":"Feature","properties":{"id":"p:equipos:2246","n":8,"sc":"#808080"},"geometry":{"type":"LineString","coordinates":[[1669.5,1552.8],[1670.1,1551.6],[1670.4,1550.3],[1670.3,1548.9],[1669.8,1547.6],[1669.0,1546.5],[1667.9,1545.7],[1666.7,1545.1],[1665.3,1545.0]]}},{"type":"Feature","properties":{"id":"p:equipos:2247","n":2,"sc":"#808080"},"geometry":{"type":"LineString","coordinates":[[1657.0,1562.2],[1657.4,1563.2],[1658.4,1563.7]]}},{"type":"Feature","properties":{"id":"p:equipos:2248","n":1,"sc":"#808080"},"geometry":{"type":"LineString","coordinates":[[1656.5,1557.9],[1656.5,1559.4]]}},{"type":"Feature","properties":{"id":"p:equipos:2249","n":1,"sc":"#808080"},"geometry":{"type":"LineString","coordinates":[[1656.5,1557.9],[1657.0,1557.9]]}},{"type":"Feature","properties":{"id":"p:equipos:2250","n":1,"sc":"#808080"},"geometry":{"type":"LineString","coordinates":[[1656.5,1557.9],[1656.5,1557.9]]}},{"type":"Feature","properties":{"id":"p:equipos:2251","n":1,"sc":"#808080"},"geometry":{"type":"LineString","coordinates":[[1658.4,1549.3],[1658.4,1549.3]]}},{"type":"Feature","properties":{"id":"p:equipos:2252","n":1,"sc":"#808080"},"geometry":{"type":"LineString","coordinates":[[1659.4,1549.3],[1659.4,1549.3]]}},{"type":"Feature","properties":{"id":"p:equipos:2253","n":2,"sc":"#808080"},"geometry":{"type":"LineString","coordinates":[[1674.7,1561.3],[1674.2,1561.8],[1672.8,1561.3]]}},{"type":"Feature","properties":{"id":"p:equipos:2254","n":1,"sc":"#808080"},"geometry":{"type":"LineString","coordinates":[[1669.4,1558.4],[1669.0,1557.4]]}},{"type":"Feature","properties":{"id":"p:equipos:2255","n":2,"sc":"#808080"},"geometry":{"type":"LineString","coordinates":[[1675.7,1558.9],[1675.7,1559.8],[1675.2,1560.8]]}},{"type":"Feature","properties":{"id":"p:equipos:2256","n":1,"sc":"#808080"},"geometry":{"type":"LineString","coordinates":[[1673.8,1556],[1674.2,1556.5]]}},{"type":"Feature","properties":{"id":"p:equipos:2257","n":1,"sc":"#808080"},"geometry":{"type":"LineString","coordinates":[[1656,1557.4],[1656,1557.4]]}},{"type":"Feature","properties":{"id":"p:equipos:2258","n":1,"sc":"#808080"},"geometry":{"type":"LineString","coordinates":[[1656,1557.4],[1656.5,1557.4]]}},{"type":"Feature","properties":{"id":"p:equipos:2259","n":4,"sc":"#808080"},"geometry":{"type":"LineString","coordinates":[[1653.3,1555.3],[1653.4,1555.3],[1653.4,1555.4],[1653.4,1555.4],[1653.4,1555.4]]}},{"type":"Feature","properties":{"id":"p:equipos:2260","n":1,"sc":"#808080"},"geometry":{"type":"LineString","coordinates":[[1650.2,1547.8],[1652.6,1547.4]]}},{"type":"Feature","properties":{"id":"p:equipos:2261","n":1,"sc":"#808080"},"geometry":{"type":"LineString","coordinates":[[1656,1557.4],[1656,1557.4]]}},{"type":"Feature","properties":{"id":"p:equipos:2262","n":2,"sc":"#808080"},"geometry":{"type":"LineString","coordinates":[[1658.9,1557.4],[1659.4,1557.9],[1658.9,1558.4]]}},{"type":"Feature","properties":{"id":"p:equipos:2263","n":2,"sc":"#808080"},"geometry":{"type":"LineString","coordinates":[[1657.9,1556.5],[1658.4,1556.5],[1658.4,1557.0]]}},{"type":"Feature","properties":{"id":"p:equipos:2264","n":1,"sc":"#808080"},"geometry":{"type":"LineString","coordinates":[[1658.9,1558.4],[1659.4,1557.9]]}},{"type":"Feature","properties":{"id":"p:equipos:2265","n":1,"sc":"#808080"},"geometry":{"type":"LineString","coordinates":[[1659.4,1557.9],[1658.9,1557.4]]}},{"type":"Feature","properties":{"id":"p:equipos:2266","n":1,"sc":"#808080"},"geometry":{"type":"LineString","coordinates":[[1657.0,1556],[1657.0,1556]]}},{"type":"Feature","properties":{"id":"p:equipos:2267","n":1,"sc":"#808080"},"geometry":{"type":"LineString","coordinates":[[1656,1557.4],[1656,1557.4]]}},{"type":"Feature","properties":{"id":"p:equipos:2268","n":1,"sc":"#808080"},"geometry":{"type":"LineString","coordinates":[[1656.5,1557.4],[1656,1557.4]]}},{"type":"Feature","properties":{"id":"p:equipos:2269","n":4,"sc":"#808080"},"geometry":{"type":"LineString","coordinates":[[1654.6,1554.6],[1654.6,1554.6],[1654.6,1554.6],[1654.6,1554.6],[1654.6,1554.6]]}},{"type":"Feature","properties":{"id":"p:equipos:2270","n":1,"sc":"#808080"},"geometry":{"type":"LineString","coordinates":[[1658.4,1557.0],[1657.9,1556.5]]}},{"type":"Feature","properties":{"id":"p:equipos:2271","n":1,"sc":"#808080"},"geometry":{"type":"LineString","coordinates":[[1653.6,1555.5],[1653.6,1555.5]]}},{"type":"Feature","properties":{"id":"p:equipos:2272","n":1,"sc":"#808080"},"geometry":{"type":"LineString","coordinates":[[1654.1,1555.5],[1654.1,1555.5]]}},{"type":"Feature","properties":{"id":"p:equipos:2273","n":8,"sc":"#808080"},"geometry":{"type":"LineString","coordinates":[[1657.8,1558.3],[1658.1,1558.4],[1658.4,1558.4],[1658.6,1558.3],[1658.8,1558.0],[1658.9,1557.8],[1658.9,1557.5],[1658.7,1557.3],[1658.5,1557.1]]}},{"type":"Feature","properties":{"id":"p:equipos:2274","n":1,"sc":"#808080"},"geometry":{"type":"LineString","coordinates":[[1655.5,1555.0],[1655.5,1555.5]]}},{"type":"Feature","properties":{"id":"p:equipos:2275","n":1,"sc":"#808080"},"geometry":{"type":"LineString","coordinates":[[1655.5,1555.0],[1655.5,1555.0]]}},{"type":"Feature","properties":{"id":"p:equipos:2276","n":1,"sc":"#808080"},"geometry":{"type":"LineString","coordinates":[[1655.5,1555.0],[1655.5,1555.0]]}},{"type":"Feature","properties":{"id":"p:equipos:2277","n":1,"sc":"#808080"},"geometry":{"type":"LineString","coordinates":[[1655.5,1555.5],[1655.5,1555.0]]}},{"type":"Feature","properties":{"id":"p:equipos:2278","n":4,"sc":"#808080"},"geometry":{"type":"LineString","coordinates":[[1677.2,1553.6],[1677.3,1553.6],[1677.4,1553.6],[1677.5,1553.6],[1677.5,1553.6]]}},{"type":"Feature","properties":{"id":"p:equipos:2279","n":1,"sc":"#808080"},"geometry":{"type":"LineString","coordinates":[[1670.4,1556.5],[1669.9,1556]]}},{"type":"Feature","properties":{"id":"p:equipos:2280","n":2,"sc":"#808080"},"geometry":{"type":"LineString","coordinates":[[1658.4,1557.9],[1658.9,1557.9],[1658.9,1557.4]]}},{"type":"Feature","properties":{"id":"p:equipos:2281","n":2,"sc":"#808080"},"geometry":{"type":"LineString","coordinates":[[1655.5,1555.5],[1655.0,1556],[1655.5,1556.5]]}},{"type":"Feature","properties":{"id":"p:equipos:2282","n":2,"sc":"#808080"},"geometry":{"type":"LineString","coordinates":[[1655.0,1554.6],[1654.6,1555.5],[1653.6,1555.5]]}},{"type":"Feature","properties":{"id":"p:equipos:2283","n":1,"sc":"#808080"},"geometry":{"type":"LineString","coordinates":[[1655.0,1554.6],[1655.0,1554.6]]}},{"type":"Feature","properties":{"id":"p:equipos:2284","n":1,"sc":"#808080"},"geometry":{"type":"LineString","coordinates":[[1670.9,1555.0],[1670.9,1555.0]]}},{"type":"Feature","properties":{"id":"p:equipos:2285","n":1,"sc":"#808080"},"geometry":{"type":"LineString","coordinates":[[1654.1,1554.6],[1653.1,1555.0]]}},{"type":"Feature","properties":{"id":"p:equipos:2286","n":4,"sc":"#808080"},"geometry":{"type":"LineString","coordinates":[[1670.6,1555.8],[1670.8,1555.9],[1671.0,1556.0],[1671.2,1556.0],[1671.4,1556.0]]}},{"type":"Feature","properties":{"id":"p:equipos:2287","n":1,"sc":"#808080"},"geometry":{"type":"LineString","coordinates":[[1656,1557.4],[1653.6,1555.5]]}},{"type":"Feature","properties":{"id":"p:equipos:2288","n":8,"sc":"#808080"},"geometry":{"type":"LineString","coordinates":[[1665.3,1545.0],[1664.0,1545.2],[1662.7,1545.7],[1661.7,1546.6],[1660.9,1547.7],[1660.4,1549.0],[1660.3,1550.3],[1660.6,1551.7],[1661.2,1552.9]]}},{"type":"Feature","properties":{"id":"p:equipos:2289","n":1,"sc":"#808080"},"geometry":{"type":"LineString","coordinates":[[1654.1,1554.6],[1654.6,1554.1]]}},{"type":"Feature","properties":{"id":"p:equipos:2290","n":4,"sc":"#808080"},"geometry":{"type":"LineString","coordinates":[[1660.5,1562.5],[1660.6,1562.3],[1660.7,1562.1],[1660.8,1561.9],[1660.8,1561.7]]}},{"type":"Feature","properties":{"id":"p:equipos:2291","n":1,"sc":"#808080"},"geometry":{"type":"LineString","coordinates":[[1665.6,1559.4],[1665.6,1559.4]]}},{"type":"Feature","properties":{"id":"p:equipos:2292","n":1,"sc":"#808080"},"geometry":{"type":"LineString","coordinates":[[1660.8,1562.2],[1661.3,1559.8]]}},{"type":"Feature","properties":{"id":"p:equipos:2293","n":1,"sc":"#808080"},"geometry":{"type":"LineString","coordinates":[[1661.3,1559.8],[1661.3,1557.9]]}},{"type":"Feature","properties":{"id":"p:equipos:2294","n":1,"sc":"#808080"},"geometry":{"type":"LineString","coordinates":[[1658.4,1563.7],[1658.9,1563.7]]}},{"type":"Feature","properties":{"id":"p:equipos:2295","n":4,"sc":"#808080"},"geometry":{"type":"LineString","coordinates":[[1656.0,1561.6],[1656.0,1561.8],[1656.0,1561.9],[1656.1,1562.1],[1656.1,1562.2]]}},{"type":"Feature","properties":{"id":"p:equipos:2296","n":1,"sc":"#808080"},"geometry":{"type":"LineString","coordinates":[[1656.5,1559.4],[1656.5,1561.8]]}},{"type":"Feature","properties":{"id":"p:equipos:2297","n":1,"sc":"#808080"},"geometry":{"type":"LineString","coordinates":[[1657.9,1549.3],[1657.9,1549.3]]}},{"type":"Feature","properties":{"id":"p:equipos:2298","n":1,"sc":"#808080"},"geometry":{"type":"LineString","coordinates":[[1677.1,1553.6],[1677.6,1553.6]]}},{"type":"Feature","properties":{"id":"p:equipos:2299","n":1,"sc":"#808080"},"geometry":{"type":"LineString","coordinates":[[1676.6,1554.1],[1676.6,1554.1]]}},{"type":"Feature","properties":{"id":"p:equipos:2300","n":1,"sc":"#808080"},"geometry":{"type":"LineString","coordinates":[[1659.8,1549.3],[1659.8,1549.3]]}},{"type":"Feature","properties":{"id":"p:equipos:2301","n":1,"sc":"#808080"},"geometry":{"type":"LineString","coordinates":[[1656.5,1557.4],[1656.5,1557.9]]}},{"type":"Feature","properties":{"id":"p:equipos:2302","n":1,"sc":"#808080"},"geometry":{"type":"LineString","coordinates":[[1672.3,1561.3],[1670.9,1559.4]]}},{"type":"Feature","properties":{"id":"p:equipos:2303","n":1,"sc":"#808080"},"geometry":{"type":"LineString","coordinates":[[1670.9,1559.4],[1669.4,1558.4]]}},{"type":"Feature","properties":{"id":"p:equipos:2304","n":1,"sc":"#808080"},"geometry":{"type":"LineString","coordinates":[[1675.2,1560.8],[1674.7,1561.3]]}},{"type":"Feature","properties":{"id":"p:equipos:2305","n":1,"sc":"#808080"},"geometry":{"type":"LineString","coordinates":[[1674.2,1556.5],[1675.7,1558.4]]}},{"type":"Feature","properties":{"id":"p:equipos:2306","n":4,"sc":"#808080"},"geometry":{"type":"LineString","coordinates":[[1672.0,1561.1],[1672.1,1561.3],[1672.3,1561.4],[1672.5,1561.5],[1672.7,1561.6]]}},{"type":"Feature","properties":{"id":"p:equipos:2307","n":1,"sc":"#808080"},"geometry":{"type":"LineString","coordinates":[[1670.4,1556.5],[1670.4,1556]]}},{"type":"Feature","properties":{"id":"p:equipos:2308","n":4,"sc":"#808080"},"geometry":{"type":"LineString","coordinates":[[1675.5,1558.4],[1675.5,1558.2],[1675.4,1558.1],[1675.3,1558.0],[1675.2,1557.8]]}},{"type":"Feature","properties":{"id":"p:equipos:2309","n":1,"sc":"#808080"},"geometry":{"type":"LineString","coordinates":[[1670.4,1552.2],[1670.4,1552.2]]}},{"type":"Feature","properties":{"id":"p:equipos:2310","n":1,"sc":"#808080"},"geometry":{"type":"LineString","coordinates":[[1653.1,1555.0],[1653.1,1555.0]]}},{"type":"Feature","properties":{"id":"p:equipos:2311","n":1,"sc":"#808080"},"geometry":{"type":"LineString","coordinates":[[1653.6,1555.5],[1656,1557.4]]}},{"type":"Feature","properties":{"id":"p:equipos:2312","n":1,"sc":"#808080"},"geometry":{"type":"LineString","coordinates":[[1670.9,1555.5],[1670.9,1555.5]]}},{"type":"Feature","properties":{"id":"p:equipos:2313","n":1,"sc":"#808080"},"geometry":{"type":"LineString","coordinates":[[1671.4,1556],[1671.4,1556]]}},{"type":"Feature","properties":{"id":"p:equipos:2314","n":2,"sc":"#808080"},"geometry":{"type":"LineString","coordinates":[[1669.4,1556],[1668,1558.4],[1665.6,1559.4]]}},{"type":"Feature","properties":{"id":"p:equipos:2315","n":4,"sc":"#808080"},"geometry":{"type":"LineString","coordinates":[[1661.8,1555.0],[1662.2,1557.0],[1662.7,1557.9],[1664.2,1558.9],[1665.6,1559.4]]}},{"type":"Feature","properties":{"id":"p:equipos:2316","n":4,"sc":"#808080"},"geometry":{"type":"LineString","coordinates":[[1665.6,1559.4],[1667.0,1558.9],[1668.5,1557.9],[1669.4,1557.0],[1669.4,1555.0]]}},{"type":"Feature","properties":{"id":"p:equipos:2317","n":4,"sc":"#808080"},"geometry":{"type":"LineString","coordinates":[[1661.8,1552.6],[1663.2,1554.1],[1665.6,1554.6],[1668,1554.1],[1669.4,1552.6]]}},{"type":"Feature","properties":{"id":"p:equipos:2318","n":1,"sc":"#808080"},"geometry":{"type":"LineString","coordinates":[[1661.8,1555.0],[1661.8,1552.6]]}},{"type":"Feature","properties":{"id":"p:equipos:2319","n":1,"sc":"#808080"},"geometry":{"type":"LineString","coordinates":[[1669.4,1555.0],[1669.4,1552.6]]}},{"type":"Feature","properties":{"id":"p:equipos:2320","n":4,"sc":"#808080"},"geometry":{"type":"LineString","coordinates":[[1596.7,1635.2],[1596.5,1635.1],[1596.4,1635.0],[1596.3,1635.0],[1596.1,1634.9]]}},{"type":"Feature","properties":{"id":"p:equipos:2321","n":2,"sc":"#808080"},"geometry":{"type":"LineString","coordinates":[[1587.4,1630.4],[1589.8,1630.9],[1591.2,1632.3]]}},{"type":"Feature","properties":{"id":"p:equipos:2322","n":1,"sc":"#808080"},"geometry":{"type":"LineString","coordinates":[[1569.1,1633.8],[1570.1,1632.3]]}},{"type":"Feature","properties":{"id":"p:equipos:2323","n":2,"sc":"#808080"},"geometry":{"type":"LineString","coordinates":[[1573.0,1641.4],[1571.0,1641.0],[1569.6,1640]]}},{"type":"Feature","properties":{"id":"p:equipos:2324","n":1,"sc":"#808080"},"geometry":{"type":"LineString","coordinates":[[1576.3,1641.4],[1573.0,1641.4]]}},{"type":"Feature","properties":{"id":"p:equipos:2325","n":1,"sc":"#808080"},"geometry":{"type":"LineString","coordinates":[[1585.9,1635.7],[1585.9,1635.7]]}},{"type":"Feature","properties":{"id":"p:equipos:2326","n":1,"sc":"#808080"},"geometry":{"type":"LineString","coordinates":[[1584.5,1630.9],[1587.4,1630.4]]}},{"type":"Feature","properties":{"id":"p:equipos:2327","n":1,"sc":"#808080"},"geometry":{"type":"LineString","coordinates":[[1573.9,1630.9],[1576.8,1630.9]]}},{"type":"Feature","properties":{"id":"p:equipos:2328","n":1,"sc":"#808080"},"geometry":{"type":"LineString","coordinates":[[1585.0,1641.4],[1576.3,1641.4]]}},{"type":"Feature","properties":{"id":"p:equipos:2329","n":1,"sc":"#808080"},"geometry":{"type":"LineString","coordinates":[[1588.3,1641.4],[1585.0,1641.4]]}},{"type":"Feature","properties":{"id":"p:equipos:2330","n":2,"sc":"#808080"},"geometry":{"type":"LineString","coordinates":[[1570.1,1632.3],[1571.5,1631.4],[1573.9,1630.9]]}},{"type":"Feature","properties":{"id":"p:equipos:2331","n":1,"sc":"#808080"},"geometry":{"type":"LineString","coordinates":[[1591.2,1632.3],[1592.2,1633.3]]}},{"type":"Feature","properties":{"id":"p:equipos:2332","n":2,"sc":"#808080"},"geometry":{"type":"LineString","coordinates":[[1592.2,1639.5],[1590.2,1641.0],[1588.3,1641.4]]}},{"type":"Feature","properties":{"id":"p:equipos:2333","n":1,"sc":"#808080"},"geometry":{"type":"LineString","coordinates":[[1593.1,1631.4],[1593.1,1631.4]]}},{"type":"Feature","properties":{"id":"p:equipos:2334","n":2,"sc":"#808080"},"geometry":{"type":"LineString","coordinates":[[1587.4,1628.5],[1588.8,1628.5],[1590.2,1629.4]]}},{"type":"Feature","properties":{"id":"p:equipos:2335","n":1,"sc":"#808080"},"geometry":{"type":"LineString","coordinates":[[1590.2,1629.4],[1591.2,1629.9]]}},{"type":"Feature","properties":{"id":"p:equipos:2336","n":1,"sc":"#808080"},"geometry":{"type":"LineString","coordinates":[[1590.2,1629.4],[1590.2,1629.4]]}},{"type":"Feature","properties":{"id":"p:equipos:2337","n":1,"sc":"#808080"},"geometry":{"type":"LineString","coordinates":[[1590.2,1629.4],[1590.2,1629.4]]}},{"type":"Feature","properties":{"id":"p:equipos:2338","n":1,"sc":"#808080"},"geometry":{"type":"LineString","coordinates":[[1588.8,1630.4],[1588.3,1630.4]]}},{"type":"Feature","properties":{"id":"p:equipos:2339","n":1,"sc":"#808080"},"geometry":{"type":"LineString","coordinates":[[1591.2,1630.4],[1592.2,1630.4]]}},{"type":"Feature","properties":{"id":"p:equipos:2340","n":1,"sc":"#808080"},"geometry":{"type":"LineString","coordinates":[[1592.6,1631.4],[1593.1,1631.4]]}},{"type":"Feature","properties":{"id":"p:equipos:2341","n":1,"sc":"#808080"},"geometry":{"type":"LineString","coordinates":[[1592.6,1631.4],[1592.6,1631.4]]}},{"type":"Feature","properties":{"id":"p:equipos:2342","n":1,"sc":"#808080"},"geometry":{"type":"LineString","coordinates":[[1590.7,1631.4],[1590.7,1631.4]]}},{"type":"Feature","properties":{"id":"p:equipos:2343","n":1,"sc":"#808080"},"geometry":{"type":"LineString","coordinates":[[1588.3,1628.5],[1590.7,1629.9]]}},{"type":"Feature","properties":{"id":"p:equipos:2344","n":1,"sc":"#808080"},"geometry":{"type":"LineString","coordinates":[[1589.8,1630.9],[1587.8,1629.4]]}},{"type":"Feature","properties":{"id":"p:equipos:2345","n":4,"sc":"#808080"},"geometry":{"type":"LineString","coordinates":[[1585.2,1634.7],[1585.2,1634.7],[1585.2,1634.7],[1585.2,1634.7],[1585.2,1634.7]]}},{"type":"Feature","properties":{"id":"p:equipos:2346","n":4,"sc":"#808080"},"geometry":{"type":"LineString","coordinates":[[1594.2,1631.6],[1593.8,1631.3],[1593.3,1631.2],[1592.8,1631.3],[1592.2,1631.6]]}},{"type":"Feature","properties":{"id":"p:equipos:2347","n":1,"sc":"#808080"},"geometry":{"type":"LineString","coordinates":[[1592.6,1631.4],[1593.1,1631.4]]}},{"type":"Feature","properties":{"id":"p:equipos:2348","n":1,"sc":"#808080"},"geometry":{"type":"LineString","coordinates":[[1569.1,1632.8],[1569.6,1632.8]]}},{"type":"Feature","properties":{"id":"p:equipos:2349","n":1,"sc":"#808080"},"geometry":{"type":"LineString","coordinates":[[1568.6,1632.8],[1569.1,1632.8]]}},{"type":"Feature","properties":{"id":"p:equipos:2350","n":4,"sc":"#808080"},"geometry":{"type":"LineString","coordinates":[[1590.0,1629.1],[1589.9,1629.1],[1589.9,1629.1],[1589.9,1629.1],[1589.9,1629.0]]}},{"type":"Feature","properties":{"id":"p:equipos:2351","n":2,"sc":"#808080"},"geometry":{"type":"LineString","coordinates":[[1573.0,1630.9],[1574.4,1630.4],[1575.8,1630.4]]}},{"type":"Feature","properties":{"id":"p:equipos:2352","n":1,"sc":"#808080"},"geometry":{"type":"LineString","coordinates":[[1569.1,1632.8],[1569.6,1632.3]]}},{"type":"Feature","properties":{"id":"p:equipos:2353","n":1,"sc":"#808080"},"geometry":{"type":"LineString","coordinates":[[1587.4,1629.0],[1587.4,1629.0]]}},{"type":"Feature","properties":{"id":"p:equipos:2354","n":1,"sc":"#808080"},"geometry":{"type":"LineString","coordinates":[[1574.4,1630.9],[1574.9,1630.4]]}},{"type":"Feature","properties":{"id":"p:equipos:2355","n":1,"sc":"#808080"},"geometry":{"type":"LineString","coordinates":[[1576.3,1632.3],[1576.3,1632.3]]}},{"type":"Feature","properties":{"id":"p:equipos:2356","n":1,"sc":"#808080"},"geometry":{"type":"LineString","coordinates":[[1570.1,1632.3],[1570.1,1632.3]]}},{"type":"Feature","properties":{"id":"p:equipos:2357","n":1,"sc":"#808080"},"geometry":{"type":"LineString","coordinates":[[1569.1,1633.8],[1569.1,1633.8]]}},{"type":"Feature","properties":{"id":"p:equipos:2358","n":1,"sc":"#808080"},"geometry":{"type":"LineString","coordinates":[[1585.0,1632.3],[1585.0,1632.3]]}},{"type":"Feature","properties":{"id":"p:equipos:2359","n":1,"sc":"#808080"},"geometry":{"type":"LineString","coordinates":[[1588.3,1629.9],[1588.3,1629.9]]}},{"type":"Feature","properties":{"id":"p:equipos:2360","n":1,"sc":"#808080"},"geometry":{"type":"LineString","coordinates":[[1586.4,1631.4],[1586.4,1631.4]]}},{"type":"Feature","properties":{"id":"p:equipos:2361","n":1,"sc":"#808080"},"geometry":{"type":"LineString","coordinates":[[1561.4,1633.8],[1561.4,1633.8]]}},{"type":"Feature","properties":{"id":"p:equipos:2362","n":1,"sc":"#808080"},"geometry":{"type":"LineString","coordinates":[[1568.6,1632.8],[1561.0,1633.8]]}},{"type":"Feature","properties":{"id":"p:equipos:2363","n":4,"sc":"#808080"},"geometry":{"type":"LineString","coordinates":[[1589.3,1630.6],[1588.8,1630.5],[1588.4,1630.4],[1587.9,1630.4],[1587.5,1630.5]]}},{"type":"Feature","properties":{"id":"p:equipos:2364","n":4,"sc":"#808080"},"geometry":{"type":"LineString","coordinates":[[1561.0,1637.6],[1560.5,1637.1],[1560,1635.7],[1560.5,1634.2],[1561.4,1633.8]]}},{"type":"Feature","properties":{"id":"p:equipos:2365","n":1,"sc":"#808080"},"geometry":{"type":"LineString","coordinates":[[1565.3,1638.6],[1569.1,1639.5]]}},{"type":"Feature","properties":{"id":"p:equipos:2366","n":1,"sc":"#808080"},"geometry":{"type":"LineString","coordinates":[[1569.1,1633.8],[1569.6,1634.7]]}},{"type":"Feature","properties":{"id":"p:equipos:2367","n":1,"sc":"#808080"},"geometry":{"type":"LineString","coordinates":[[1565.8,1633.8],[1569.1,1633.3]]}},{"type":"Feature","properties":{"id":"p:equipos:2368","n":1,"sc":"#808080"},"geometry":{"type":"LineString","coordinates":[[1561.0,1637.6],[1565.3,1638.6]]}},{"type":"Feature","properties":{"id":"p:equipos:2369","n":8,"sc":"#808080"},"geometry":{"type":"LineString","coordinates":[[1561.0,1633.3],[1560.2,1633.5],[1559.6,1634.0],[1559.2,1634.7],[1559.0,1635.5],[1559.2,1636.3],[1559.6,1636.9],[1560.3,1637.4],[1561.1,1637.6]]}},{"type":"Feature","properties":{"id":"p:equipos:2370","n":1,"sc":"#808080"},"geometry":{"type":"LineString","coordinates":[[1569.6,1634.7],[1569.6,1637.6]]}},{"type":"Feature","properties":{"id":"p:equipos:2371","n":1,"sc":"#808080"},"geometry":{"type":"LineString","coordinates":[[1561.4,1633.8],[1565.8,1633.8]]}},{"type":"Feature","properties":{"id":"p:equipos:2372","n":2,"sc":"#808080"},"geometry":{"type":"LineString","coordinates":[[1569.6,1637.6],[1569.6,1639.0],[1569.6,1640]]}},{"type":"Feature","properties":{"id":"p:equipos:2373","n":1,"sc":"#808080"},"geometry":{"type":"LineString","coordinates":[[1591.2,1632.3],[1591.2,1632.3]]}},{"type":"Feature","properties":{"id":"p:equipos:2374","n":4,"sc":"#808080"},"geometry":{"type":"LineString","coordinates":[[1569.1,1639.4],[1569.1,1639.4],[1569.2,1639.5],[1569.2,1639.5],[1569.3,1639.5]]}},{"type":"Feature","properties":{"id":"p:equipos:2375","n":8,"sc":"#808080"},"geometry":{"type":"LineString","coordinates":[[1595.6,1639.0],[1596.2,1638.9],[1596.6,1638.6],[1597.0,1638.2],[1597.3,1637.7],[1597.4,1637.1],[1597.4,1636.6],[1597.3,1636.0],[1597.0,1635.6]]}},{"type":"Feature","properties":{"id":"p:equipos:2376","n":2,"sc":"#808080"},"geometry":{"type":"LineString","coordinates":[[1591.2,1637.6],[1591.2,1636.2],[1591.7,1634.7]]}},{"type":"Feature","properties":{"id":"p:equipos:2377","n":2,"sc":"#808080"},"geometry":{"type":"LineString","coordinates":[[1591.7,1634.7],[1592.2,1633.8],[1592.2,1633.3]]}},{"type":"Feature","properties":{"id":"p:equipos:2378","n":2,"sc":"#808080"},"geometry":{"type":"LineString","coordinates":[[1592.2,1639.5],[1591.7,1639.0],[1591.2,1637.6]]}},{"type":"Feature","properties":{"id":"p:equipos:2379","n":1,"sc":"#808080"},"geometry":{"type":"LineString","coordinates":[[1594.6,1632.3],[1597.4,1635.7]]}},{"type":"Feature","properties":{"id":"p:equipos:2380","n":4,"sc":"#808080"},"geometry":{"type":"LineString","coordinates":[[1592.2,1633.5],[1592.1,1633.5],[1592.0,1633.5],[1592.0,1633.4],[1591.9,1633.4]]}},{"type":"Feature","properties":{"id":"p:equipos:2381","n":1,"sc":"#808080"},"geometry":{"type":"LineString","coordinates":[[1592.2,1639.5],[1592.2,1639.5]]}},{"type":"Feature","properties":{"id":"p:equipos:2382","n":1,"sc":"#808080"},"geometry":{"type":"LineString","coordinates":[[1594.6,1634.2],[1592.6,1633.8]]}},{"type":"Feature","properties":{"id":"p:equipos:2383","n":2,"sc":"#808080"},"geometry":{"type":"LineString","coordinates":[[1587.4,1622.7],[1586.4,1623.2],[1585.4,1623.7]]}},{"type":"Feature","properties":{"id":"p:equipos:2384","n":1,"sc":"#808080"},"geometry":{"type":"LineString","coordinates":[[1585.9,1631.4],[1585.9,1631.4]]}},{"type":"Feature","properties":{"id":"p:equipos:2385","n":1,"sc":"#808080"},"geometry":{"type":"LineString","coordinates":[[1594.1,1639.5],[1592.2,1639.5]]}},{"type":"Feature","properties":{"id":"p:equipos:2386","n":1,"sc":"#808080"},"geometry":{"type":"LineString","coordinates":[[1596.5,1635.2],[1594.6,1634.2]]}},{"type":"Feature","properties":{"id":"p:equipos:2387","n":4,"sc":"#808080"},"geometry":{"type":"LineString","coordinates":[[1594.3,1631.6],[1594.0,1631.3],[1593.7,1631.1],[1593.3,1630.9],[1592.9,1630.9]]}},{"type":"Feature","properties":{"id":"p:equipos:2388","n":2,"sc":"#808080"},"geometry":{"type":"LineString","coordinates":[[1585.0,1628.5],[1585.0,1629.4],[1585.4,1630.4]]}},{"type":"Feature","properties":{"id":"p:equipos:2389","n":1,"sc":"#808080"},"geometry":{"type":"LineString","coordinates":[[1591.2,1631.8],[1591.2,1631.8]]}},{"type":"Feature","properties":{"id":"p:equipos:2390","n":4,"sc":"#808080"},"geometry":{"type":"LineString","coordinates":[[1576.4,1630.4],[1576.4,1630.6],[1576.3,1630.8],[1576.3,1630.9],[1576.3,1631.1]]}},{"type":"Feature","properties":{"id":"p:equipos:2391","n":8,"sc":"#808080"},"geometry":{"type":"LineString","coordinates":[[1576.2,1633.6],[1575.6,1634.8],[1575.4,1636.1],[1575.5,1637.5],[1575.9,1638.8],[1576.8,1639.9],[1577.8,1640.7],[1579.1,1641.3],[1580.4,1641.4]]}},{"type":"Feature","properties":{"id":"p:equipos:2392","n":2,"sc":"#808080"},"geometry":{"type":"LineString","coordinates":[[1589.8,1624.2],[1588.8,1623.2],[1587.8,1622.7]]}},{"type":"Feature","properties":{"id":"p:equipos:2393","n":1,"sc":"#808080"},"geometry":{"type":"LineString","coordinates":[[1589.8,1629.0],[1589.8,1627.0]]}},{"type":"Feature","properties":{"id":"p:equipos:2394","n":1,"sc":"#808080"},"geometry":{"type":"LineString","coordinates":[[1589.8,1629.0],[1589.3,1629.0]]}},{"type":"Feature","properties":{"id":"p:equipos:2395","n":1,"sc":"#808080"},"geometry":{"type":"LineString","coordinates":[[1589.8,1629.0],[1589.8,1629.0]]}},{"type":"Feature","properties":{"id":"p:equipos:2396","n":1,"sc":"#808080"},"geometry":{"type":"LineString","coordinates":[[1587.8,1637.1],[1587.8,1637.1]]}},{"type":"Feature","properties":{"id":"p:equipos:2397","n":1,"sc":"#808080"},"geometry":{"type":"LineString","coordinates":[[1586.9,1637.1],[1586.9,1637.1]]}},{"type":"Feature","properties":{"id":"p:equipos:2398","n":2,"sc":"#808080"},"geometry":{"type":"LineString","coordinates":[[1571.5,1625.6],[1572.5,1625.1],[1573.4,1625.1]]}},{"type":"Feature","properties":{"id":"p:equipos:2399","n":1,"sc":"#808080"},"geometry":{"type":"LineString","coordinates":[[1576.8,1628.5],[1577.3,1629.0]]}},{"type":"Feature","properties":{"id":"p:equipos:2400","n":2,"sc":"#808080"},"geometry":{"type":"LineString","coordinates":[[1570.6,1628],[1570.6,1626.6],[1571.0,1626.1]]}},{"type":"Feature","properties":{"id":"p:equipos:2401","n":1,"sc":"#808080"},"geometry":{"type":"LineString","coordinates":[[1572.5,1630.9],[1572.5,1630.4]]}},{"type":"Feature","properties":{"id":"p:equipos:2402","n":1,"sc":"#808080"},"geometry":{"type":"LineString","coordinates":[[1590.2,1629.4],[1590.2,1629.4]]}},{"type":"Feature","properties":{"id":"p:equipos:2403","n":1,"sc":"#808080"},"geometry":{"type":"LineString","coordinates":[[1590.2,1629.4],[1589.8,1629.4]]}},{"type":"Feature","properties":{"id":"p:equipos:2404","n":4,"sc":"#808080"},"geometry":{"type":"LineString","coordinates":[[1592.4,1631.1],[1592.4,1631.1],[1592.4,1631.0],[1592.4,1631.0],[1592.3,1631.0]]}},{"type":"Feature","properties":{"id":"p:equipos:2405","n":1,"sc":"#808080"},"geometry":{"type":"LineString","coordinates":[[1596,1639.0],[1594.1,1639.5]]}},{"type":"Feature","properties":{"id":"p:equipos:2406","n":1,"sc":"#808080"},"geometry":{"type":"LineString","coordinates":[[1590.2,1629.4],[1590.2,1629.4]]}},{"type":"Feature","properties":{"id":"p:equipos:2407","n":3,"sc":"#808080"},"geometry":{"type":"LineString","coordinates":[[1587.4,1629.4],[1587.4,1629.0],[1586.9,1629.0],[1587.4,1628.5]]}},{"type":"Feature","properties":{"id":"p:equipos:2408","n":2,"sc":"#808080"},"geometry":{"type":"LineString","coordinates":[[1588.3,1630.4],[1587.8,1629.9],[1587.8,1629.4]]}},{"type":"Feature","properties":{"id":"p:equipos:2409","n":1,"sc":"#808080"},"geometry":{"type":"LineString","coordinates":[[1587.4,1628.5],[1587.4,1628.5]]}},{"type":"Feature","properties":{"id":"p:equipos:2410","n":1,"sc":"#808080"},"geometry":{"type":"LineString","coordinates":[[1587.4,1629.0],[1587.4,1629.4]]}},{"type":"Feature","properties":{"id":"p:equipos:2411","n":1,"sc":"#808080"},"geometry":{"type":"LineString","coordinates":[[1589.3,1630.9],[1589.3,1630.9]]}},{"type":"Feature","properties":{"id":"p:equipos:2412","n":1,"sc":"#808080"},"geometry":{"type":"LineString","coordinates":[[1590.2,1629.4],[1590.2,1629.4]]}},{"type":"Feature","properties":{"id":"p:equipos:2413","n":1,"sc":"#808080"},"geometry":{"type":"LineString","coordinates":[[1589.8,1629.4],[1590.2,1629.4]]}},{"type":"Feature","properties":{"id":"p:equipos:2414","n":4,"sc":"#808080"},"geometry":{"type":"LineString","coordinates":[[1591.2,1631.8],[1591.2,1631.8],[1591.2,1631.8],[1591.2,1631.8],[1591.2,1631.8]]}},{"type":"Feature","properties":{"id":"p:equipos:2415","n":1,"sc":"#808080"},"geometry":{"type":"LineString","coordinates":[[1587.8,1629.9],[1588.3,1630.4]]}},{"type":"Feature","properties":{"id":"p:equipos:2416","n":1,"sc":"#808080"},"geometry":{"type":"LineString","coordinates":[[1592.6,1631.4],[1592.6,1631.4]]}},{"type":"Feature","properties":{"id":"p:equipos:2417","n":1,"sc":"#808080"},"geometry":{"type":"LineString","coordinates":[[1592.2,1631.4],[1592.2,1631.4]]}},{"type":"Feature","properties":{"id":"p:equipos:2418","n":8,"sc":"#808080"},"geometry":{"type":"LineString","coordinates":[[1587.9,1628.1],[1587.7,1628.0],[1587.4,1628.0],[1587.2,1628.1],[1587.0,1628.4],[1586.9,1628.6],[1586.9,1628.9],[1587.0,1629.1],[1587.2,1629.3]]}},{"type":"Feature","properties":{"id":"p:equipos:2419","n":1,"sc":"#808080"},"geometry":{"type":"LineString","coordinates":[[1590.7,1631.8],[1590.7,1631.4]]}},{"type":"Feature","properties":{"id":"p:equipos:2420","n":1,"sc":"#808080"},"geometry":{"type":"LineString","coordinates":[[1590.7,1631.8],[1590.7,1631.8]]}},{"type":"Feature","properties":{"id":"p:equipos:2421","n":1,"sc":"#808080"},"geometry":{"type":"LineString","coordinates":[[1590.7,1631.8],[1590.7,1631.8]]}},{"type":"Feature","properties":{"id":"p:equipos:2422","n":1,"sc":"#808080"},"geometry":{"type":"LineString","coordinates":[[1590.7,1631.4],[1590.7,1631.8]]}},{"type":"Feature","properties":{"id":"p:equipos:2423","n":4,"sc":"#808080"},"geometry":{"type":"LineString","coordinates":[[1568.5,1632.3],[1568.5,1632.3],[1568.4,1632.3],[1568.3,1632.3],[1568.2,1632.3]]}},{"type":"Feature","properties":{"id":"p:equipos:2424","n":1,"sc":"#808080"},"geometry":{"type":"LineString","coordinates":[[1575.8,1630.4],[1576.3,1630.9]]}},{"type":"Feature","properties":{"id":"p:equipos:2425","n":2,"sc":"#808080"},"geometry":{"type":"LineString","coordinates":[[1588.3,1628.5],[1587.8,1628.5],[1587.4,1629.4]]}},{"type":"Feature","properties":{"id":"p:equipos:2426","n":2,"sc":"#808080"},"geometry":{"type":"LineString","coordinates":[[1590.7,1631.4],[1591.2,1630.4],[1590.7,1629.9]]}},{"type":"Feature","properties":{"id":"p:equipos:2427","n":2,"sc":"#808080"},"geometry":{"type":"LineString","coordinates":[[1591.2,1632.3],[1591.7,1631.4],[1592.6,1631.4]]}},{"type":"Feature","properties":{"id":"p:equipos:2428","n":1,"sc":"#808080"},"geometry":{"type":"LineString","coordinates":[[1591.2,1632.3],[1591.2,1632.3]]}},{"type":"Feature","properties":{"id":"p:equipos:2429","n":1,"sc":"#808080"},"geometry":{"type":"LineString","coordinates":[[1575.4,1631.4],[1575.4,1631.4]]}},{"type":"Feature","properties":{"id":"p:equipos:2430","n":1,"sc":"#808080"},"geometry":{"type":"LineString","coordinates":[[1592.2,1631.8],[1593.1,1631.4]]}},{"type":"Feature","properties":{"id":"p:equipos:2431","n":4,"sc":"#808080"},"geometry":{"type":"LineString","coordinates":[[1575.2,1630.1],[1575.0,1630.0],[1574.8,1629.9],[1574.6,1629.9],[1574.4,1630.0]]}},{"type":"Feature","properties":{"id":"p:equipos:2432","n":1,"sc":"#808080"},"geometry":{"type":"LineString","coordinates":[[1590.2,1629.4],[1592.6,1631.4]]}},{"type":"Feature","properties":{"id":"p:equipos:2433","n":8,"sc":"#808080"},"geometry":{"type":"LineString","coordinates":[[1580.4,1641.4],[1581.8,1641.2],[1583.0,1640.7],[1584.1,1639.8],[1584.9,1638.7],[1585.3,1637.4],[1585.4,1636.1],[1585.2,1634.7],[1584.5,1633.5]]}},{"type":"Feature","properties":{"id":"p:equipos:2434","n":1,"sc":"#808080"},"geometry":{"type":"LineString","coordinates":[[1592.2,1631.8],[1591.7,1632.8]]}},{"type":"Feature","properties":{"id":"p:equipos:2435","n":4,"sc":"#808080"},"geometry":{"type":"LineString","coordinates":[[1585.2,1623.4],[1585.1,1623.6],[1585.0,1623.8],[1585.0,1624.0],[1585.0,1624.2]]}},{"type":"Feature","properties":{"id":"p:equipos:2436","n":1,"sc":"#808080"},"geometry":{"type":"LineString","coordinates":[[1580.6,1627.5],[1580.6,1627.5]]}},{"type":"Feature","properties":{"id":"p:equipos:2437","n":1,"sc":"#808080"},"geometry":{"type":"LineString","coordinates":[[1585.4,1624.6],[1585.0,1626.6]]}},{"type":"Feature","properties":{"id":"p:equipos:2438","n":1,"sc":"#808080"},"geometry":{"type":"LineString","coordinates":[[1585.0,1626.6],[1585.0,1628.5]]}},{"type":"Feature","properties":{"id":"p:equipos:2439","n":1,"sc":"#808080"},"geometry":{"type":"LineString","coordinates":[[1587.8,1622.7],[1587.4,1622.7]]}},{"type":"Feature","properties":{"id":"p:equipos:2440","n":4,"sc":"#808080"},"geometry":{"type":"LineString","coordinates":[[1589.8,1624.3],[1589.7,1624.1],[1589.7,1624.0],[1589.7,1623.8],[1589.6,1623.7]]}},{"type":"Feature","properties":{"id":"p:equipos:2441","n":1,"sc":"#808080"},"geometry":{"type":"LineString","coordinates":[[1589.8,1627.0],[1589.8,1624.6]]}},{"type":"Feature","properties":{"id":"p:equipos:2442","n":1,"sc":"#808080"},"geometry":{"type":"LineString","coordinates":[[1588.3,1637.6],[1588.3,1637.6]]}},{"type":"Feature","properties":{"id":"p:equipos:2443","n":1,"sc":"#808080"},"geometry":{"type":"LineString","coordinates":[[1569.1,1633.3],[1569.1,1632.8]]}},{"type":"Feature","properties":{"id":"p:equipos:2444","n":1,"sc":"#808080"},"geometry":{"type":"LineString","coordinates":[[1569.6,1632.8],[1569.6,1632.8]]}},{"type":"Feature","properties":{"id":"p:equipos:2445","n":1,"sc":"#808080"},"geometry":{"type":"LineString","coordinates":[[1586.4,1637.6],[1586.4,1637.6]]}},{"type":"Feature","properties":{"id":"p:equipos:2446","n":1,"sc":"#808080"},"geometry":{"type":"LineString","coordinates":[[1589.8,1629.0],[1589.8,1629.0]]}},{"type":"Feature","properties":{"id":"p:equipos:2447","n":1,"sc":"#808080"},"geometry":{"type":"LineString","coordinates":[[1573.9,1625.6],[1575.8,1627.0]]}},{"type":"Feature","properties":{"id":"p:equipos:2448","n":1,"sc":"#808080"},"geometry":{"type":"LineString","coordinates":[[1575.8,1627.0],[1576.8,1628.5]]}},{"type":"Feature","properties":{"id":"p:equipos:2449","n":1,"sc":"#808080"},"geometry":{"type":"LineString","coordinates":[[1571.0,1626.1],[1571.5,1625.6]]}},{"type":"Feature","properties":{"id":"p:equipos:2450","n":1,"sc":"#808080"},"geometry":{"type":"LineString","coordinates":[[1572.5,1630.4],[1571.0,1628.5]]}},{"type":"Feature","properties":{"id":"p:equipos:2451","n":4,"sc":"#808080"},"geometry":{"type":"LineString","coordinates":[[1573.8,1625.3],[1573.6,1625.1],[1573.4,1625.0],[1573.3,1624.9],[1573.1,1624.8]]}},{"type":"Feature","properties":{"id":"p:equipos:2452","n":1,"sc":"#808080"},"geometry":{"type":"LineString","coordinates":[[1575.8,1630.4],[1576.3,1630.9]]}},{"type":"Feature","properties":{"id":"p:equipos:2453","n":4,"sc":"#808080"},"geometry":{"type":"LineString","coordinates":[[1570.2,1627.6],[1570.3,1627.7],[1570.3,1627.8],[1570.4,1628.0],[1570.5,1628.1]]}},{"type":"Feature","properties":{"id":"p:equipos:2454","n":1,"sc":"#808080"},"geometry":{"type":"LineString","coordinates":[[1575.8,1634.2],[1575.8,1634.2]]}},{"type":"Feature","properties":{"id":"p:equipos:2455","n":1,"sc":"#808080"},"geometry":{"type":"LineString","coordinates":[[1593.1,1631.4],[1593.1,1631.4]]}},{"type":"Feature","properties":{"id":"p:equipos:2456","n":1,"sc":"#808080"},"geometry":{"type":"LineString","coordinates":[[1592.6,1631.4],[1590.2,1629.4]]}},{"type":"Feature","properties":{"id":"p:equipos:2457","n":1,"sc":"#808080"},"geometry":{"type":"LineString","coordinates":[[1575.4,1631.4],[1575.4,1631.4]]}},{"type":"Feature","properties":{"id":"p:equipos:2458","n":1,"sc":"#808080"},"geometry":{"type":"LineString","coordinates":[[1574.9,1630.4],[1575.4,1630.9]]}},{"type":"Feature","properties":{"id":"p:equipos:2459","n":2,"sc":"#808080"},"geometry":{"type":"LineString","coordinates":[[1576.8,1630.9],[1578.2,1628.5],[1580.6,1627.5]]}},{"type":"Feature","properties":{"id":"p:equipos:2460","n":4,"sc":"#808080"},"geometry":{"type":"LineString","coordinates":[[1584.5,1631.4],[1584.5,1629.9],[1583.5,1628.5],[1582.1,1627.5],[1580.6,1627.5]]}},{"type":"Feature","properties":{"id":"p:equipos:2461","n":4,"sc":"#808080"},"geometry":{"type":"LineString","coordinates":[[1580.6,1627.5],[1579.2,1627.5],[1577.8,1628.5],[1576.8,1629.9],[1576.8,1631.4]]}},{"type":"Feature","properties":{"id":"p:equipos:2462","n":4,"sc":"#808080"},"geometry":{"type":"LineString","coordinates":[[1584.5,1633.8],[1583.0,1632.3],[1580.6,1631.8],[1578.2,1632.3],[1576.8,1633.8]]}},{"type":"Feature","properties":{"id":"p:equipos:2463","n":1,"sc":"#808080"},"geometry":{"type":"LineString","coordinates":[[1584.5,1631.4],[1584.5,1633.8]]}},{"type":"Feature","properties":{"id":"p:equipos:2464","n":1,"sc":"#808080"},"geometry":{"type":"LineString","coordinates":[[1576.8,1631.4],[1576.8,1633.8]]}},{"type":"Feature","properties":{"id":"p:equipos:2465","n":4,"sc":"#808080"},"geometry":{"type":"LineString","coordinates":[[1555.4,1635.2],[1555.3,1635.1],[1555.1,1635.0],[1555.0,1635.0],[1554.8,1634.9]]}},{"type":"Feature","properties":{"id":"p:equipos:2466","n":2,"sc":"#808080"},"geometry":{"type":"LineString","coordinates":[[1546.1,1630.9],[1548,1631.4],[1549.9,1632.3]]}},{"type":"Feature","properties":{"id":"p:equipos:2467","n":1,"sc":"#808080"},"geometry":{"type":"LineString","coordinates":[[1527.4,1633.8],[1528.3,1632.3]]}},{"type":"Feature","properties":{"id":"p:equipos:2468","n":2,"sc":"#808080"},"geometry":{"type":"LineString","coordinates":[[1531.2,1641.9],[1529.3,1641.4],[1527.8,1640]]}},{"type":"Feature","properties":{"id":"p:equipos:2469","n":1,"sc":"#808080"},"geometry":{"type":"LineString","coordinates":[[1535.0,1641.9],[1531.2,1641.9]]}},{"type":"Feature","properties":{"id":"p:equipos:2470","n":1,"sc":"#808080"},"geometry":{"type":"LineString","coordinates":[[1544.2,1635.7],[1544.2,1635.7]]}},{"type":"Feature","properties":{"id":"p:equipos:2471","n":1,"sc":"#808080"},"geometry":{"type":"LineString","coordinates":[[1543.2,1630.9],[1546.1,1630.9]]}},{"type":"Feature","properties":{"id":"p:equipos:2472","n":1,"sc":"#808080"},"geometry":{"type":"LineString","coordinates":[[1532.2,1630.9],[1535.0,1630.9]]}},{"type":"Feature","properties":{"id":"p:equipos:2473","n":1,"sc":"#808080"},"geometry":{"type":"LineString","coordinates":[[1543.2,1641.9],[1535.0,1641.9]]}},{"type":"Feature","properties":{"id":"p:equipos:2474","n":1,"sc":"#808080"},"geometry":{"type":"LineString","coordinates":[[1547.0,1641.9],[1543.2,1641.9]]}},{"type":"Feature","properties":{"id":"p:equipos:2475","n":2,"sc":"#808080"},"geometry":{"type":"LineString","coordinates":[[1528.3,1632.3],[1530.2,1631.4],[1532.2,1630.9]]}},{"type":"Feature","properties":{"id":"p:equipos:2476","n":1,"sc":"#808080"},"geometry":{"type":"LineString","coordinates":[[1549.9,1632.3],[1550.9,1633.8]]}},{"type":"Feature","properties":{"id":"p:equipos:2477","n":2,"sc":"#808080"},"geometry":{"type":"LineString","coordinates":[[1550.4,1640],[1549.0,1641.4],[1547.0,1641.9]]}},{"type":"Feature","properties":{"id":"p:equipos:2478","n":1,"sc":"#808080"},"geometry":{"type":"LineString","coordinates":[[1551.4,1631.8],[1551.8,1631.8]]}},{"type":"Feature","properties":{"id":"p:equipos:2479","n":2,"sc":"#808080"},"geometry":{"type":"LineString","coordinates":[[1545.6,1628.5],[1547.5,1629.0],[1549.0,1629.4]]}},{"type":"Feature","properties":{"id":"p:equipos:2480","n":1,"sc":"#808080"},"geometry":{"type":"LineString","coordinates":[[1549.0,1629.4],[1549.4,1629.9]]}},{"type":"Feature","properties":{"id":"p:equipos:2481","n":1,"sc":"#808080"},"geometry":{"type":"LineString","coordinates":[[1548.5,1629.4],[1548.5,1629.4]]}},{"type":"Feature","properties":{"id":"p:equipos:2482","n":1,"sc":"#808080"},"geometry":{"type":"LineString","coordinates":[[1548.5,1629.4],[1548.5,1629.4]]}},{"type":"Feature","properties":{"id":"p:equipos:2483","n":1,"sc":"#808080"},"geometry":{"type":"LineString","coordinates":[[1547.0,1630.4],[1547.0,1630.4]]}},{"type":"Feature","properties":{"id":"p:equipos:2484","n":1,"sc":"#808080"},"geometry":{"type":"LineString","coordinates":[[1549.9,1630.4],[1550.4,1630.9]]}},{"type":"Feature","properties":{"id":"p:equipos:2485","n":1,"sc":"#808080"},"geometry":{"type":"LineString","coordinates":[[1551.4,1631.4],[1551.4,1631.8]]}},{"type":"Feature","properties":{"id":"p:equipos:2486","n":1,"sc":"#808080"},"geometry":{"type":"LineString","coordinates":[[1551.4,1631.4],[1551.4,1631.4]]}},{"type":"Feature","properties":{"id":"p:equipos:2487","n":1,"sc":"#808080"},"geometry":{"type":"LineString","coordinates":[[1549.0,1631.8],[1549.0,1631.8]]}},{"type":"Feature","properties":{"id":"p:equipos:2488","n":1,"sc":"#808080"},"geometry":{"type":"LineString","coordinates":[[1546.6,1629.0],[1549.4,1630.4]]}},{"type":"Feature","properties":{"id":"p:equipos:2489","n":1,"sc":"#808080"},"geometry":{"type":"LineString","coordinates":[[1548,1631.4],[1546.1,1629.4]]}},{"type":"Feature","properties":{"id":"p:equipos:2490","n":4,"sc":"#808080"},"geometry":{"type":"LineString","coordinates":[[1543.4,1634.7],[1543.4,1634.7],[1543.4,1634.7],[1543.4,1634.7],[1543.4,1634.7]]}},{"type":"Feature","properties":{"id":"p:equipos:2491","n":4,"sc":"#808080"},"geometry":{"type":"LineString","coordinates":[[1552.5,1632.1],[1552.1,1631.8],[1551.6,1631.7],[1551.0,1631.8],[1550.4,1632.1]]}},{"type":"Feature","properties":{"id":"p:equipos:2492","n":1,"sc":"#808080"},"geometry":{"type":"LineString","coordinates":[[1551.4,1631.4],[1551.4,1631.8]]}},{"type":"Feature","properties":{"id":"p:equipos:2493","n":1,"sc":"#808080"},"geometry":{"type":"LineString","coordinates":[[1527.8,1633.3],[1527.8,1632.8]]}},{"type":"Feature","properties":{"id":"p:equipos:2494","n":1,"sc":"#808080"},"geometry":{"type":"LineString","coordinates":[[1527.4,1633.3],[1527.8,1633.3]]}},{"type":"Feature","properties":{"id":"p:equipos:2495","n":4,"sc":"#808080"},"geometry":{"type":"LineString","coordinates":[[1548.7,1629.1],[1548.7,1629.1],[1548.6,1629.1],[1548.6,1629.1],[1548.6,1629.0]]}},{"type":"Feature","properties":{"id":"p:equipos:2496","n":2,"sc":"#808080"},"geometry":{"type":"LineString","coordinates":[[1531.7,1630.9],[1533.1,1630.4],[1534.6,1630.4]]}},{"type":"Feature","properties":{"id":"p:equipos:2497","n":1,"sc":"#808080"},"geometry":{"type":"LineString","coordinates":[[1527.4,1633.3],[1528.3,1632.8]]}},{"type":"Feature","properties":{"id":"p:equipos:2498","n":1,"sc":"#808080"},"geometry":{"type":"LineString","coordinates":[[1545.6,1629.0],[1545.6,1629.0]]}},{"type":"Feature","properties":{"id":"p:equipos:2499","n":1,"sc":"#808080"},"geometry":{"type":"LineString","coordinates":[[1532.6,1630.9],[1533.1,1630.9]]}},{"type":"Feature","properties":{"id":"p:equipos:2500","n":1,"sc":"#808080"},"geometry":{"type":"LineString","coordinates":[[1534.6,1632.3],[1534.6,1632.3]]}},{"type":"Feature","properties":{"id":"p:equipos:2501","n":1,"sc":"#808080"},"geometry":{"type":"LineString","coordinates":[[1528.3,1632.3],[1528.3,1632.3]]}},{"type":"Feature","properties":{"id":"p:equipos:2502","n":1,"sc":"#808080"},"geometry":{"type":"LineString","coordinates":[[1527.4,1633.8],[1527.4,1633.8]]}},{"type":"Feature","properties":{"id":"p:equipos:2503","n":1,"sc":"#808080"},"geometry":{"type":"LineString","coordinates":[[1543.7,1632.3],[1543.7,1632.3]]}},{"type":"Feature","properties":{"id":"p:equipos:2504","n":1,"sc":"#808080"},"geometry":{"type":"LineString","coordinates":[[1546.6,1629.9],[1546.6,1629.9]]}},{"type":"Feature","properties":{"id":"p:equipos:2505","n":1,"sc":"#808080"},"geometry":{"type":"LineString","coordinates":[[1544.6,1631.4],[1544.6,1631.4]]}},{"type":"Feature","properties":{"id":"p:equipos:2506","n":1,"sc":"#808080"},"geometry":{"type":"LineString","coordinates":[[1519.7,1634.2],[1519.7,1634.2]]}},{"type":"Feature","properties":{"id":"p:equipos:2507","n":1,"sc":"#808080"},"geometry":{"type":"LineString","coordinates":[[1526.9,1633.3],[1519.7,1634.2]]}},{"type":"Feature","properties":{"id":"p:equipos:2508","n":4,"sc":"#808080"},"geometry":{"type":"LineString","coordinates":[[1547.5,1630.6],[1547.1,1630.5],[1546.6,1630.4],[1546.2,1630.4],[1545.7,1630.5]]}},{"type":"Feature","properties":{"id":"p:equipos:2509","n":4,"sc":"#808080"},"geometry":{"type":"LineString","coordinates":[[1519.7,1638.1],[1518.7,1637.1],[1518.2,1636.2],[1518.7,1634.7],[1519.7,1634.2]]}},{"type":"Feature","properties":{"id":"p:equipos:2510","n":1,"sc":"#808080"},"geometry":{"type":"LineString","coordinates":[[1523.5,1639.0],[1527.8,1640]]}},{"type":"Feature","properties":{"id":"p:equipos:2511","n":1,"sc":"#808080"},"geometry":{"type":"LineString","coordinates":[[1527.4,1633.8],[1527.8,1635.2]]}},{"type":"Feature","properties":{"id":"p:equipos:2512","n":1,"sc":"#808080"},"geometry":{"type":"LineString","coordinates":[[1524,1633.8],[1527.4,1633.8]]}},{"type":"Feature","properties":{"id":"p:equipos:2513","n":1,"sc":"#808080"},"geometry":{"type":"LineString","coordinates":[[1519.7,1638.1],[1523.5,1639.0]]}},{"type":"Feature","properties":{"id":"p:equipos:2514","n":8,"sc":"#808080"},"geometry":{"type":"LineString","coordinates":[[1519.2,1633.8],[1518.4,1634.0],[1517.8,1634.5],[1517.4,1635.2],[1517.3,1636.0],[1517.5,1636.8],[1517.9,1637.4],[1518.5,1637.9],[1519.3,1638.1]]}},{"type":"Feature","properties":{"id":"p:equipos:2515","n":1,"sc":"#808080"},"geometry":{"type":"LineString","coordinates":[[1527.8,1635.2],[1528.3,1637.6]]}},{"type":"Feature","properties":{"id":"p:equipos:2516","n":1,"sc":"#808080"},"geometry":{"type":"LineString","coordinates":[[1519.7,1634.2],[1524,1633.8]]}},{"type":"Feature","properties":{"id":"p:equipos:2517","n":2,"sc":"#808080"},"geometry":{"type":"LineString","coordinates":[[1528.3,1637.6],[1527.8,1639.5],[1527.8,1640]]}},{"type":"Feature","properties":{"id":"p:equipos:2518","n":1,"sc":"#808080"},"geometry":{"type":"LineString","coordinates":[[1549.9,1632.3],[1549.9,1632.3]]}},{"type":"Feature","properties":{"id":"p:equipos:2519","n":4,"sc":"#808080"},"geometry":{"type":"LineString","coordinates":[[1527.3,1639.9],[1527.4,1639.9],[1527.4,1639.9],[1527.5,1639.9],[1527.5,1640.0]]}},{"type":"Feature","properties":{"id":"p:equipos:2520","n":8,"sc":"#808080"},"geometry":{"type":"LineString","coordinates":[[1554.3,1639.0],[1554.9,1638.9],[1555.3,1638.6],[1555.7,1638.2],[1556.0,1637.7],[1556.1,1637.1],[1556.1,1636.6],[1556.0,1636.0],[1555.7,1635.6]]}},{"type":"Feature","properties":{"id":"p:equipos:2521","n":2,"sc":"#808080"},"geometry":{"type":"LineString","coordinates":[[1549.4,1637.6],[1549.4,1636.2],[1549.9,1635.2]]}},{"type":"Feature","properties":{"id":"p:equipos:2522","n":2,"sc":"#808080"},"geometry":{"type":"LineString","coordinates":[[1549.9,1635.2],[1550.4,1634.2],[1550.9,1633.8]]}},{"type":"Feature","properties":{"id":"p:equipos:2523","n":2,"sc":"#808080"},"geometry":{"type":"LineString","coordinates":[[1550.4,1640],[1549.9,1639.0],[1549.4,1637.6]]}},{"type":"Feature","properties":{"id":"p:equipos:2524","n":1,"sc":"#808080"},"geometry":{"type":"LineString","coordinates":[[1552.8,1632.3],[1555.7,1636.2]]}},{"type":"Feature","properties":{"id":"p:equipos:2525","n":4,"sc":"#808080"},"geometry":{"type":"LineString","coordinates":[[1550.9,1633.5],[1550.8,1633.5],[1550.8,1633.5],[1550.7,1633.4],[1550.6,1633.4]]}},{"type":"Feature","properties":{"id":"p:equipos:2526","n":1,"sc":"#808080"},"geometry":{"type":"LineString","coordinates":[[1550.4,1640],[1550.4,1640]]}},{"type":"Feature","properties":{"id":"p:equipos:2527","n":1,"sc":"#808080"},"geometry":{"type":"LineString","coordinates":[[1552.8,1634.7],[1550.9,1633.8]]}},{"type":"Feature","properties":{"id":"p:equipos:2528","n":2,"sc":"#808080"},"geometry":{"type":"LineString","coordinates":[[1546.1,1623.2],[1544.6,1623.2],[1544.2,1624.2]]}},{"type":"Feature","properties":{"id":"p:equipos:2529","n":1,"sc":"#808080"},"geometry":{"type":"LineString","coordinates":[[1544.2,1631.4],[1544.2,1631.4]]}},{"type":"Feature","properties":{"id":"p:equipos:2530","n":1,"sc":"#808080"},"geometry":{"type":"LineString","coordinates":[[1552.3,1639.5],[1550.4,1640]]}},{"type":"Feature","properties":{"id":"p:equipos:2531","n":1,"sc":"#808080"},"geometry":{"type":"LineString","coordinates":[[1554.7,1635.7],[1552.8,1634.7]]}},{"type":"Feature","properties":{"id":"p:equipos:2532","n":4,"sc":"#808080"},"geometry":{"type":"LineString","coordinates":[[1552.5,1632.1],[1552.2,1631.8],[1551.9,1631.6],[1551.6,1631.4],[1551.2,1631.4]]}},{"type":"Feature","properties":{"id":"p:equipos:2533","n":3,"sc":"#808080"},"geometry":{"type":"LineString","coordinates":[[1543.7,1629.0],[1543.2,1629.9],[1543.7,1630.4],[1544.2,1630.9]]}},{"type":"Feature","properties":{"id":"p:equipos:2534","n":1,"sc":"#808080"},"geometry":{"type":"LineString","coordinates":[[1549.9,1631.8],[1549.9,1631.8]]}},{"type":"Feature","properties":{"id":"p:equipos:2535","n":4,"sc":"#808080"},"geometry":{"type":"LineString","coordinates":[[1534.6,1630.8],[1534.6,1631.0],[1534.6,1631.2],[1534.6,1631.4],[1534.6,1631.6]]}},{"type":"Feature","properties":{"id":"p:equipos:2536","n":8,"sc":"#808080"},"geometry":{"type":"LineString","coordinates":[[1534.5,1633.6],[1533.9,1634.8],[1533.6,1636.1],[1533.7,1637.5],[1534.2,1638.8],[1535.0,1639.9],[1536.1,1640.7],[1537.3,1641.3],[1538.7,1641.4]]}},{"type":"Feature","properties":{"id":"p:equipos:2537","n":2,"sc":"#808080"},"geometry":{"type":"LineString","coordinates":[[1548,1624.6],[1547.5,1623.7],[1546.6,1623.2]]}},{"type":"Feature","properties":{"id":"p:equipos:2538","n":1,"sc":"#808080"},"geometry":{"type":"LineString","coordinates":[[1548.5,1629.0],[1548,1627.5]]}},{"type":"Feature","properties":{"id":"p:equipos:2539","n":1,"sc":"#808080"},"geometry":{"type":"LineString","coordinates":[[1548.5,1629.0],[1548,1629.0]]}},{"type":"Feature","properties":{"id":"p:equipos:2540","n":1,"sc":"#808080"},"geometry":{"type":"LineString","coordinates":[[1548.5,1629.0],[1548.5,1629.0]]}},{"type":"Feature","properties":{"id":"p:equipos:2541","n":1,"sc":"#808080"},"geometry":{"type":"LineString","coordinates":[[1546.6,1637.6],[1546.6,1637.6]]}},{"type":"Feature","properties":{"id":"p:equipos:2542","n":1,"sc":"#808080"},"geometry":{"type":"LineString","coordinates":[[1545.6,1637.6],[1545.6,1637.6]]}},{"type":"Feature","properties":{"id":"p:equipos:2543","n":2,"sc":"#808080"},"geometry":{"type":"LineString","coordinates":[[1529.8,1625.6],[1530.7,1625.1],[1531.7,1625.6]]}},{"type":"Feature","properties":{"id":"p:equipos:2544","n":1,"sc":"#808080"},"geometry":{"type":"LineString","coordinates":[[1535.0,1628.5],[1536,1629.4]]}},{"type":"Feature","properties":{"id":"p:equipos:2545","n":2,"sc":"#808080"},"geometry":{"type":"LineString","coordinates":[[1528.8,1628],[1528.8,1627.0],[1529.3,1626.1]]}},{"type":"Feature","properties":{"id":"p:equipos:2546","n":1,"sc":"#808080"},"geometry":{"type":"LineString","coordinates":[[1531.2,1630.9],[1530.7,1630.4]]}},{"type":"Feature","properties":{"id":"p:equipos:2547","n":1,"sc":"#808080"},"geometry":{"type":"LineString","coordinates":[[1548.5,1629.4],[1548.5,1629.4]]}},{"type":"Feature","properties":{"id":"p:equipos:2548","n":1,"sc":"#808080"},"geometry":{"type":"LineString","coordinates":[[1548.5,1629.4],[1548,1629.4]]}},{"type":"Feature","properties":{"id":"p:equipos:2549","n":4,"sc":"#808080"},"geometry":{"type":"LineString","coordinates":[[1551.1,1631.1],[1551.1,1631.1],[1551.1,1631.0],[1551.1,1631.0],[1551.1,1631.0]]}},{"type":"Feature","properties":{"id":"p:equipos:2550","n":1,"sc":"#808080"},"geometry":{"type":"LineString","coordinates":[[1554.2,1639.0],[1552.3,1639.5]]}},{"type":"Feature","properties":{"id":"p:equipos:2551","n":1,"sc":"#808080"},"geometry":{"type":"LineString","coordinates":[[1548.5,1629.4],[1549.0,1629.4]]}},{"type":"Feature","properties":{"id":"p:equipos:2552","n":3,"sc":"#808080"},"geometry":{"type":"LineString","coordinates":[[1546.1,1629.4],[1545.6,1629.4],[1545.6,1629.0],[1546.1,1628.5]]}},{"type":"Feature","properties":{"id":"p:equipos:2553","n":2,"sc":"#808080"},"geometry":{"type":"LineString","coordinates":[[1547.0,1630.4],[1546.6,1630.4],[1546.6,1629.9]]}},{"type":"Feature","properties":{"id":"p:equipos:2554","n":1,"sc":"#808080"},"geometry":{"type":"LineString","coordinates":[[1545.6,1628.5],[1545.6,1629.0]]}},{"type":"Feature","properties":{"id":"p:equipos:2555","n":1,"sc":"#808080"},"geometry":{"type":"LineString","coordinates":[[1545.6,1629.0],[1546.1,1629.4]]}},{"type":"Feature","properties":{"id":"p:equipos:2556","n":1,"sc":"#808080"},"geometry":{"type":"LineString","coordinates":[[1547.5,1630.9],[1547.5,1630.9]]}},{"type":"Feature","properties":{"id":"p:equipos:2557","n":1,"sc":"#808080"},"geometry":{"type":"LineString","coordinates":[[1549.0,1629.4],[1549.0,1629.4]]}},{"type":"Feature","properties":{"id":"p:equipos:2558","n":1,"sc":"#808080"},"geometry":{"type":"LineString","coordinates":[[1548,1629.4],[1548.5,1629.4]]}},{"type":"Feature","properties":{"id":"p:equipos:2559","n":4,"sc":"#808080"},"geometry":{"type":"LineString","coordinates":[[1549.4,1631.8],[1549.4,1631.8],[1549.4,1631.8],[1549.4,1631.8],[1549.4,1631.8]]}},{"type":"Feature","properties":{"id":"p:equipos:2560","n":1,"sc":"#808080"},"geometry":{"type":"LineString","coordinates":[[1546.6,1629.9],[1547.0,1630.4]]}},{"type":"Feature","properties":{"id":"p:equipos:2561","n":1,"sc":"#808080"},"geometry":{"type":"LineString","coordinates":[[1551.4,1631.4],[1551.4,1631.4]]}},{"type":"Feature","properties":{"id":"p:equipos:2562","n":1,"sc":"#808080"},"geometry":{"type":"LineString","coordinates":[[1550.4,1631.4],[1550.4,1631.4]]}},{"type":"Feature","properties":{"id":"p:equipos:2563","n":8,"sc":"#808080"},"geometry":{"type":"LineString","coordinates":[[1546.7,1628.1],[1546.4,1628.0],[1546.1,1628.0],[1545.9,1628.1],[1545.7,1628.4],[1545.6,1628.6],[1545.6,1628.9],[1545.7,1629.1],[1545.9,1629.3]]}},{"type":"Feature","properties":{"id":"p:equipos:2564","n":1,"sc":"#808080"},"geometry":{"type":"LineString","coordinates":[[1549.0,1631.8],[1549.4,1631.4]]}},{"type":"Feature","properties":{"id":"p:equipos:2565","n":1,"sc":"#808080"},"geometry":{"type":"LineString","coordinates":[[1549.0,1631.8],[1549.0,1631.8]]}},{"type":"Feature","properties":{"id":"p:equipos:2566","n":1,"sc":"#808080"},"geometry":{"type":"LineString","coordinates":[[1549.0,1631.8],[1549.0,1631.8]]}},{"type":"Feature","properties":{"id":"p:equipos:2567","n":1,"sc":"#808080"},"geometry":{"type":"LineString","coordinates":[[1549.4,1631.4],[1549.0,1631.8]]}},{"type":"Feature","properties":{"id":"p:equipos:2568","n":4,"sc":"#808080"},"geometry":{"type":"LineString","coordinates":[[1527.3,1632.8],[1527.2,1632.8],[1527.1,1632.8],[1527.0,1632.8],[1526.9,1632.8]]}},{"type":"Feature","properties":{"id":"p:equipos:2569","n":1,"sc":"#808080"},"geometry":{"type":"LineString","coordinates":[[1534.1,1630.4],[1534.6,1630.9]]}},{"type":"Feature","properties":{"id":"p:equipos:2570","n":2,"sc":"#808080"},"geometry":{"type":"LineString","coordinates":[[1546.6,1629.0],[1546.1,1629.0],[1546.1,1629.4]]}},{"type":"Feature","properties":{"id":"p:equipos:2571","n":2,"sc":"#808080"},"geometry":{"type":"LineString","coordinates":[[1549.4,1631.4],[1549.4,1630.9],[1549.4,1630.4]]}},{"type":"Feature","properties":{"id":"p:equipos:2572","n":2,"sc":"#808080"},"geometry":{"type":"LineString","coordinates":[[1549.9,1632.3],[1550.4,1631.4],[1551.4,1631.4]]}},{"type":"Feature","properties":{"id":"p:equipos:2573","n":1,"sc":"#808080"},"geometry":{"type":"LineString","coordinates":[[1549.9,1632.3],[1549.9,1632.3]]}},{"type":"Feature","properties":{"id":"p:equipos:2574","n":1,"sc":"#808080"},"geometry":{"type":"LineString","coordinates":[[1534.1,1631.8],[1534.1,1631.8]]}},{"type":"Feature","properties":{"id":"p:equipos:2575","n":1,"sc":"#808080"},"geometry":{"type":"LineString","coordinates":[[1550.9,1632.3],[1551.8,1631.8]]}},{"type":"Feature","properties":{"id":"p:equipos:2576","n":4,"sc":"#808080"},"geometry":{"type":"LineString","coordinates":[[1533.9,1630.6],[1533.7,1630.5],[1533.5,1630.4],[1533.3,1630.4],[1533.1,1630.4]]}},{"type":"Feature","properties":{"id":"p:equipos:2577","n":1,"sc":"#808080"},"geometry":{"type":"LineString","coordinates":[[1549.0,1629.4],[1551.4,1631.4]]}},{"type":"Feature","properties":{"id":"p:equipos:2578","n":8,"sc":"#808080"},"geometry":{"type":"LineString","coordinates":[[1538.7,1641.4],[1540.0,1641.2],[1541.3,1640.7],[1542.3,1639.8],[1543.1,1638.7],[1543.6,1637.4],[1543.7,1636.1],[1543.4,1634.7],[1542.8,1633.5]]}},{"type":"Feature","properties":{"id":"p:equipos:2579","n":1,"sc":"#808080"},"geometry":{"type":"LineString","coordinates":[[1550.9,1632.3],[1550.4,1632.8]]}},{"type":"Feature","properties":{"id":"p:equipos:2580","n":4,"sc":"#808080"},"geometry":{"type":"LineString","coordinates":[[1543.5,1623.9],[1543.4,1624.1],[1543.3,1624.3],[1543.2,1624.5],[1543.2,1624.7]]}},{"type":"Feature","properties":{"id":"p:equipos:2581","n":1,"sc":"#808080"},"geometry":{"type":"LineString","coordinates":[[1538.9,1627.5],[1538.9,1627.5]]}},{"type":"Feature","properties":{"id":"p:equipos:2582","n":1,"sc":"#808080"},"geometry":{"type":"LineString","coordinates":[[1543.7,1624.6],[1543.7,1627.0]]}},{"type":"Feature","properties":{"id":"p:equipos:2583","n":1,"sc":"#808080"},"geometry":{"type":"LineString","coordinates":[[1543.7,1627.0],[1543.7,1629.0]]}},{"type":"Feature","properties":{"id":"p:equipos:2584","n":1,"sc":"#808080"},"geometry":{"type":"LineString","coordinates":[[1546.6,1623.2],[1546.1,1623.2]]}},{"type":"Feature","properties":{"id":"p:equipos:2585","n":4,"sc":"#808080"},"geometry":{"type":"LineString","coordinates":[[1548.0,1624.8],[1548.0,1624.6],[1548.0,1624.5],[1547.9,1624.3],[1547.9,1624.2]]}},{"type":"Feature","properties":{"id":"p:equipos:2586","n":1,"sc":"#808080"},"geometry":{"type":"LineString","coordinates":[[1548,1627.5],[1548,1625.1]]}},{"type":"Feature","properties":{"id":"p:equipos:2587","n":1,"sc":"#808080"},"geometry":{"type":"LineString","coordinates":[[1546.6,1637.6],[1546.6,1637.6]]}},{"type":"Feature","properties":{"id":"p:equipos:2588","n":1,"sc":"#808080"},"geometry":{"type":"LineString","coordinates":[[1527.8,1633.3],[1527.4,1633.3]]}},{"type":"Feature","properties":{"id":"p:equipos:2589","n":1,"sc":"#808080"},"geometry":{"type":"LineString","coordinates":[[1527.8,1632.8],[1527.8,1632.8]]}},{"type":"Feature","properties":{"id":"p:equipos:2590","n":1,"sc":"#808080"},"geometry":{"type":"LineString","coordinates":[[1544.6,1637.6],[1544.6,1637.6]]}},{"type":"Feature","properties":{"id":"p:equipos:2591","n":1,"sc":"#808080"},"geometry":{"type":"LineString","coordinates":[[1548.5,1629.4],[1548.5,1629.0]]}},{"type":"Feature","properties":{"id":"p:equipos:2592","n":1,"sc":"#808080"},"geometry":{"type":"LineString","coordinates":[[1532.6,1625.6],[1534.1,1627.5]]}},{"type":"Feature","properties":{"id":"p:equipos:2593","n":1,"sc":"#808080"},"geometry":{"type":"LineString","coordinates":[[1534.1,1627.5],[1535.0,1628.5]]}},{"type":"Feature","properties":{"id":"p:equipos:2594","n":1,"sc":"#808080"},"geometry":{"type":"LineString","coordinates":[[1529.3,1626.1],[1529.8,1625.6]]}},{"type":"Feature","properties":{"id":"p:equipos:2595","n":1,"sc":"#808080"},"geometry":{"type":"LineString","coordinates":[[1530.7,1630.4],[1529.3,1628.5]]}},{"type":"Feature","properties":{"id":"p:equipos:2596","n":4,"sc":"#808080"},"geometry":{"type":"LineString","coordinates":[[1532.5,1625.3],[1532.3,1625.1],[1532.2,1625.0],[1532.0,1624.9],[1531.8,1624.8]]}},{"type":"Feature","properties":{"id":"p:equipos:2597","n":1,"sc":"#808080"},"geometry":{"type":"LineString","coordinates":[[1534.6,1630.4],[1534.6,1630.9]]}},{"type":"Feature","properties":{"id":"p:equipos:2598","n":4,"sc":"#808080"},"geometry":{"type":"LineString","coordinates":[[1528.5,1628.0],[1528.5,1628.2],[1528.6,1628.3],[1528.7,1628.4],[1528.8,1628.6]]}},{"type":"Feature","properties":{"id":"p:equipos:2599","n":1,"sc":"#808080"},"geometry":{"type":"LineString","coordinates":[[1534.6,1634.7],[1534.6,1634.7]]}},{"type":"Feature","properties":{"id":"p:equipos:2600","n":1,"sc":"#808080"},"geometry":{"type":"LineString","coordinates":[[1551.4,1631.8],[1551.4,1631.8]]}},{"type":"Feature","properties":{"id":"p:equipos:2601","n":1,"sc":"#808080"},"geometry":{"type":"LineString","coordinates":[[1551.4,1631.4],[1548.5,1629.4]]}},{"type":"Feature","properties":{"id":"p:equipos:2602","n":1,"sc":"#808080"},"geometry":{"type":"LineString","coordinates":[[1533.6,1631.8],[1533.6,1631.8]]}},{"type":"Feature","properties":{"id":"p:equipos:2603","n":1,"sc":"#808080"},"geometry":{"type":"LineString","coordinates":[[1533.1,1630.9],[1533.6,1630.9]]}},{"type":"Feature","properties":{"id":"p:equipos:2604","n":2,"sc":"#808080"},"geometry":{"type":"LineString","coordinates":[[1535.0,1630.9],[1536.5,1628.5],[1538.9,1627.5]]}},{"type":"Feature","properties":{"id":"p:equipos:2605","n":4,"sc":"#808080"},"geometry":{"type":"LineString","coordinates":[[1543.2,1631.8],[1542.7,1629.9],[1541.8,1629.0],[1540.8,1628],[1538.9,1627.5]]}},{"type":"Feature","properties":{"id":"p:equipos:2606","n":4,"sc":"#808080"},"geometry":{"type":"LineString","coordinates":[[1538.9,1627.5],[1537.4,1628],[1536.5,1629.0],[1535.5,1629.9],[1535.0,1631.8]]}},{"type":"Feature","properties":{"id":"p:equipos:2607","n":4,"sc":"#808080"},"geometry":{"type":"LineString","coordinates":[[1543.2,1634.2],[1541.3,1632.8],[1538.9,1632.3],[1537.0,1632.8],[1535.0,1634.2]]}},{"type":"Feature","properties":{"id":"p:equipos:2608","n":1,"sc":"#808080"},"geometry":{"type":"LineString","coordinates":[[1543.2,1631.8],[1543.2,1634.2]]}},{"type":"Feature","properties":{"id":"p:equipos:2609","n":1,"sc":"#808080"},"geometry":{"type":"LineString","coordinates":[[1535.0,1631.8],[1535.0,1634.2]]}},{"type":"Feature","properties":{"id":"p:equipos:2610","n":4,"sc":"#808080"},"geometry":{"type":"LineString","coordinates":[[1520.9,1551.2],[1521.1,1551.3],[1521.2,1551.4],[1521.3,1551.4],[1521.5,1551.5]]}},{"type":"Feature","properties":{"id":"p:equipos:2611","n":2,"sc":"#808080"},"geometry":{"type":"LineString","coordinates":[[1530.7,1556],[1528.3,1555.5],[1526.9,1554.6]]}},{"type":"Feature","properties":{"id":"p:equipos:2612","n":1,"sc":"#808080"},"geometry":{"type":"LineString","coordinates":[[1549.0,1553.1],[1548,1554.1]]}},{"type":"Feature","properties":{"id":"p:equipos:2613","n":2,"sc":"#808080"},"geometry":{"type":"LineString","coordinates":[[1545.1,1545.0],[1547.0,1545.4],[1549.0,1546.9]]}},{"type":"Feature","properties":{"id":"p:equipos:2614","n":1,"sc":"#808080"},"geometry":{"type":"LineString","coordinates":[[1541.8,1545.0],[1545.1,1545.0]]}},{"type":"Feature","properties":{"id":"p:equipos:2615","n":1,"sc":"#808080"},"geometry":{"type":"LineString","coordinates":[[1532.6,1551.2],[1532.6,1551.2]]}},{"type":"Feature","properties":{"id":"p:equipos:2616","n":1,"sc":"#808080"},"geometry":{"type":"LineString","coordinates":[[1533.6,1556],[1530.7,1556]]}},{"type":"Feature","properties":{"id":"p:equipos:2617","n":1,"sc":"#808080"},"geometry":{"type":"LineString","coordinates":[[1544.6,1556],[1541.3,1556]]}},{"type":"Feature","properties":{"id":"p:equipos:2618","n":1,"sc":"#808080"},"geometry":{"type":"LineString","coordinates":[[1533.1,1545.0],[1541.8,1545.0]]}},{"type":"Feature","properties":{"id":"p:equipos:2619","n":1,"sc":"#808080"},"geometry":{"type":"LineString","coordinates":[[1529.8,1545.0],[1533.1,1545.0]]}},{"type":"Feature","properties":{"id":"p:equipos:2620","n":2,"sc":"#808080"},"geometry":{"type":"LineString","coordinates":[[1548,1554.1],[1546.6,1555.5],[1544.6,1556]]}},{"type":"Feature","properties":{"id":"p:equipos:2621","n":1,"sc":"#808080"},"geometry":{"type":"LineString","coordinates":[[1526.9,1554.6],[1525.9,1553.1]]}},{"type":"Feature","properties":{"id":"p:equipos:2622","n":2,"sc":"#808080"},"geometry":{"type":"LineString","coordinates":[[1526.4,1546.9],[1527.8,1545.4],[1529.8,1545.0]]}},{"type":"Feature","properties":{"id":"p:equipos:2623","n":1,"sc":"#808080"},"geometry":{"type":"LineString","coordinates":[[1525.0,1555.0],[1525.0,1555.0]]}},{"type":"Feature","properties":{"id":"p:equipos:2624","n":2,"sc":"#808080"},"geometry":{"type":"LineString","coordinates":[[1530.7,1557.9],[1529.3,1557.9],[1527.8,1557.0]]}},{"type":"Feature","properties":{"id":"p:equipos:2625","n":1,"sc":"#808080"},"geometry":{"type":"LineString","coordinates":[[1527.8,1557.0],[1527.4,1556.5]]}},{"type":"Feature","properties":{"id":"p:equipos:2626","n":1,"sc":"#808080"},"geometry":{"type":"LineString","coordinates":[[1527.8,1557.4],[1527.8,1557.4]]}},{"type":"Feature","properties":{"id":"p:equipos:2627","n":1,"sc":"#808080"},"geometry":{"type":"LineString","coordinates":[[1528.3,1557.4],[1528.3,1557.4]]}},{"type":"Feature","properties":{"id":"p:equipos:2628","n":1,"sc":"#808080"},"geometry":{"type":"LineString","coordinates":[[1529.8,1556.5],[1529.8,1556.5]]}},{"type":"Feature","properties":{"id":"p:equipos:2629","n":1,"sc":"#808080"},"geometry":{"type":"LineString","coordinates":[[1526.9,1556.5],[1526.4,1556]]}},{"type":"Feature","properties":{"id":"p:equipos:2630","n":1,"sc":"#808080"},"geometry":{"type":"LineString","coordinates":[[1525.4,1555.5],[1525.0,1555.0]]}},{"type":"Feature","properties":{"id":"p:equipos:2631","n":1,"sc":"#808080"},"geometry":{"type":"LineString","coordinates":[[1525.4,1555.5],[1525.4,1555.5]]}},{"type":"Feature","properties":{"id":"p:equipos:2632","n":1,"sc":"#808080"},"geometry":{"type":"LineString","coordinates":[[1527.4,1555.0],[1527.4,1555.0]]}},{"type":"Feature","properties":{"id":"p:equipos:2633","n":1,"sc":"#808080"},"geometry":{"type":"LineString","coordinates":[[1530.2,1557.9],[1527.4,1556.5]]}},{"type":"Feature","properties":{"id":"p:equipos:2634","n":1,"sc":"#808080"},"geometry":{"type":"LineString","coordinates":[[1528.3,1555.5],[1530.7,1557.4]]}},{"type":"Feature","properties":{"id":"p:equipos:2635","n":4,"sc":"#808080"},"geometry":{"type":"LineString","coordinates":[[1532.9,1551.7],[1532.9,1551.7],[1532.9,1551.7],[1532.9,1551.7],[1532.9,1551.7]]}},{"type":"Feature","properties":{"id":"p:equipos:2636","n":4,"sc":"#808080"},"geometry":{"type":"LineString","coordinates":[[1523.4,1554.3],[1523.8,1554.6],[1524.3,1554.7],[1524.8,1554.6],[1525.4,1554.3]]}},{"type":"Feature","properties":{"id":"p:equipos:2637","n":1,"sc":"#808080"},"geometry":{"type":"LineString","coordinates":[[1525.4,1555.5],[1525.0,1555.0]]}},{"type":"Feature","properties":{"id":"p:equipos:2638","n":1,"sc":"#808080"},"geometry":{"type":"LineString","coordinates":[[1549.0,1553.6],[1548.5,1553.6]]}},{"type":"Feature","properties":{"id":"p:equipos:2639","n":1,"sc":"#808080"},"geometry":{"type":"LineString","coordinates":[[1549.4,1553.6],[1549.0,1553.6]]}},{"type":"Feature","properties":{"id":"p:equipos:2640","n":4,"sc":"#808080"},"geometry":{"type":"LineString","coordinates":[[1527.6,1557.3],[1527.7,1557.3],[1527.7,1557.3],[1527.7,1557.3],[1527.7,1557.4]]}},{"type":"Feature","properties":{"id":"p:equipos:2641","n":2,"sc":"#808080"},"geometry":{"type":"LineString","coordinates":[[1545.1,1556],[1543.7,1556.5],[1542.2,1556]]}},{"type":"Feature","properties":{"id":"p:equipos:2642","n":1,"sc":"#808080"},"geometry":{"type":"LineString","coordinates":[[1549.0,1553.6],[1548.5,1554.1]]}},{"type":"Feature","properties":{"id":"p:equipos:2643","n":1,"sc":"#808080"},"geometry":{"type":"LineString","coordinates":[[1530.7,1557.9],[1530.7,1557.9]]}},{"type":"Feature","properties":{"id":"p:equipos:2644","n":1,"sc":"#808080"},"geometry":{"type":"LineString","coordinates":[[1543.7,1556],[1543.2,1556]]}},{"type":"Feature","properties":{"id":"p:equipos:2645","n":1,"sc":"#808080"},"geometry":{"type":"LineString","coordinates":[[1541.8,1554.6],[1541.8,1554.6]]}},{"type":"Feature","properties":{"id":"p:equipos:2646","n":1,"sc":"#808080"},"geometry":{"type":"LineString","coordinates":[[1548,1554.1],[1548,1554.1]]}},{"type":"Feature","properties":{"id":"p:equipos:2647","n":1,"sc":"#808080"},"geometry":{"type":"LineString","coordinates":[[1549.0,1553.1],[1549.0,1553.1]]}},{"type":"Feature","properties":{"id":"p:equipos:2648","n":1,"sc":"#808080"},"geometry":{"type":"LineString","coordinates":[[1533.1,1554.6],[1533.1,1554.6]]}},{"type":"Feature","properties":{"id":"p:equipos:2649","n":1,"sc":"#808080"},"geometry":{"type":"LineString","coordinates":[[1529.8,1557.0],[1529.8,1557.0]]}},{"type":"Feature","properties":{"id":"p:equipos:2650","n":1,"sc":"#808080"},"geometry":{"type":"LineString","coordinates":[[1532.2,1555.5],[1532.2,1555.5]]}},{"type":"Feature","properties":{"id":"p:equipos:2651","n":1,"sc":"#808080"},"geometry":{"type":"LineString","coordinates":[[1557.1,1552.6],[1556.6,1552.6]]}},{"type":"Feature","properties":{"id":"p:equipos:2652","n":1,"sc":"#808080"},"geometry":{"type":"LineString","coordinates":[[1549.4,1553.6],[1557.1,1552.6]]}},{"type":"Feature","properties":{"id":"p:equipos:2653","n":4,"sc":"#808080"},"geometry":{"type":"LineString","coordinates":[[1528.8,1555.8],[1529.2,1555.9],[1529.7,1556.0],[1530.1,1556.0],[1530.6,1555.9]]}},{"type":"Feature","properties":{"id":"p:equipos:2654","n":4,"sc":"#808080"},"geometry":{"type":"LineString","coordinates":[[1557.1,1548.8],[1558.1,1549.8],[1558.1,1550.7],[1557.6,1552.2],[1557.1,1552.6]]}},{"type":"Feature","properties":{"id":"p:equipos:2655","n":1,"sc":"#808080"},"geometry":{"type":"LineString","coordinates":[[1552.8,1547.8],[1549.0,1546.9]]}},{"type":"Feature","properties":{"id":"p:equipos:2656","n":1,"sc":"#808080"},"geometry":{"type":"LineString","coordinates":[[1549.0,1553.1],[1548.5,1551.7]]}},{"type":"Feature","properties":{"id":"p:equipos:2657","n":1,"sc":"#808080"},"geometry":{"type":"LineString","coordinates":[[1552.3,1553.1],[1549.0,1553.1]]}},{"type":"Feature","properties":{"id":"p:equipos:2658","n":1,"sc":"#808080"},"geometry":{"type":"LineString","coordinates":[[1557.1,1548.8],[1552.8,1547.8]]}},{"type":"Feature","properties":{"id":"p:equipos:2659","n":8,"sc":"#808080"},"geometry":{"type":"LineString","coordinates":[[1557.1,1552.6],[1557.9,1552.4],[1558.5,1551.9],[1558.9,1551.2],[1559.0,1550.4],[1558.9,1549.6],[1558.4,1549.0],[1557.8,1548.5],[1557.0,1548.3]]}},{"type":"Feature","properties":{"id":"p:equipos:2660","n":1,"sc":"#808080"},"geometry":{"type":"LineString","coordinates":[[1548.5,1551.7],[1548.5,1548.8]]}},{"type":"Feature","properties":{"id":"p:equipos:2661","n":1,"sc":"#808080"},"geometry":{"type":"LineString","coordinates":[[1556.6,1552.6],[1552.3,1553.1]]}},{"type":"Feature","properties":{"id":"p:equipos:2662","n":2,"sc":"#808080"},"geometry":{"type":"LineString","coordinates":[[1548.5,1548.8],[1548.5,1547.4],[1549.0,1546.9]]}},{"type":"Feature","properties":{"id":"p:equipos:2663","n":1,"sc":"#808080"},"geometry":{"type":"LineString","coordinates":[[1526.9,1554.6],[1526.9,1554.6]]}},{"type":"Feature","properties":{"id":"p:equipos:2664","n":4,"sc":"#808080"},"geometry":{"type":"LineString","coordinates":[[1549.0,1546.5],[1548.9,1546.5],[1548.9,1546.5],[1548.8,1546.5],[1548.8,1546.4]]}},{"type":"Feature","properties":{"id":"p:equipos:2665","n":8,"sc":"#808080"},"geometry":{"type":"LineString","coordinates":[[1522.0,1546.9],[1521.4,1547.1],[1521.0,1547.4],[1520.6,1547.7],[1520.3,1548.2],[1520.2,1548.8],[1520.2,1549.3],[1520.3,1549.9],[1520.6,1550.4]]}},{"type":"Feature","properties":{"id":"p:equipos:2666","n":2,"sc":"#808080"},"geometry":{"type":"LineString","coordinates":[[1526.9,1549.3],[1526.9,1550.7],[1526.9,1551.7]]}},{"type":"Feature","properties":{"id":"p:equipos:2667","n":2,"sc":"#808080"},"geometry":{"type":"LineString","coordinates":[[1526.9,1551.7],[1526.4,1552.6],[1525.9,1553.1]]}},{"type":"Feature","properties":{"id":"p:equipos:2668","n":2,"sc":"#808080"},"geometry":{"type":"LineString","coordinates":[[1526.4,1546.9],[1526.4,1547.4],[1526.9,1549.3]]}},{"type":"Feature","properties":{"id":"p:equipos:2669","n":1,"sc":"#808080"},"geometry":{"type":"LineString","coordinates":[[1524,1554.6],[1521.1,1550.7]]}},{"type":"Feature","properties":{"id":"p:equipos:2670","n":4,"sc":"#808080"},"geometry":{"type":"LineString","coordinates":[[1525.4,1552.9],[1525.5,1552.9],[1525.6,1552.9],[1525.6,1553.0],[1525.7,1553.0]]}},{"type":"Feature","properties":{"id":"p:equipos:2671","n":1,"sc":"#808080"},"geometry":{"type":"LineString","coordinates":[[1526.4,1546.9],[1526.4,1546.9]]}},{"type":"Feature","properties":{"id":"p:equipos:2672","n":1,"sc":"#808080"},"geometry":{"type":"LineString","coordinates":[[1523.5,1552.2],[1525.4,1553.1]]}},{"type":"Feature","properties":{"id":"p:equipos:2673","n":2,"sc":"#808080"},"geometry":{"type":"LineString","coordinates":[[1530.7,1563.7],[1531.7,1563.7],[1532.6,1562.7]]}},{"type":"Feature","properties":{"id":"p:equipos:2674","n":1,"sc":"#808080"},"geometry":{"type":"LineString","coordinates":[[1532.6,1555.0],[1532.6,1555.0]]}},{"type":"Feature","properties":{"id":"p:equipos:2675","n":1,"sc":"#808080"},"geometry":{"type":"LineString","coordinates":[[1524.5,1547.4],[1526.4,1546.9]]}},{"type":"Feature","properties":{"id":"p:equipos:2676","n":1,"sc":"#808080"},"geometry":{"type":"LineString","coordinates":[[1521.6,1551.2],[1523.5,1552.2]]}},{"type":"Feature","properties":{"id":"p:equipos:2677","n":4,"sc":"#808080"},"geometry":{"type":"LineString","coordinates":[[1523.3,1554.3],[1523.6,1554.6],[1523.9,1554.8],[1524.3,1555.0],[1524.7,1555.0]]}},{"type":"Feature","properties":{"id":"p:equipos:2678","n":2,"sc":"#808080"},"geometry":{"type":"LineString","coordinates":[[1533.1,1557.9],[1533.1,1557.0],[1532.6,1556]]}},{"type":"Feature","properties":{"id":"p:equipos:2679","n":1,"sc":"#808080"},"geometry":{"type":"LineString","coordinates":[[1526.9,1555.0],[1526.9,1555.0]]}},{"type":"Feature","properties":{"id":"p:equipos:2680","n":4,"sc":"#808080"},"geometry":{"type":"LineString","coordinates":[[1541.2,1555.6],[1541.2,1555.4],[1541.3,1555.2],[1541.3,1555.0],[1541.3,1554.8]]}},{"type":"Feature","properties":{"id":"p:equipos:2681","n":8,"sc":"#808080"},"geometry":{"type":"LineString","coordinates":[[1541.4,1552.4],[1542.0,1551.1],[1542.2,1549.8],[1542.1,1548.5],[1541.7,1547.2],[1540.8,1546.0],[1539.8,1545.2],[1538.5,1544.7],[1537.2,1544.5]]}},{"type":"Feature","properties":{"id":"p:equipos:2682","n":2,"sc":"#808080"},"geometry":{"type":"LineString","coordinates":[[1528.8,1562.2],[1529.3,1563.2],[1530.2,1563.7]]}},{"type":"Feature","properties":{"id":"p:equipos:2683","n":1,"sc":"#808080"},"geometry":{"type":"LineString","coordinates":[[1528.3,1557.4],[1528.3,1559.4]]}},{"type":"Feature","properties":{"id":"p:equipos:2684","n":1,"sc":"#808080"},"geometry":{"type":"LineString","coordinates":[[1528.3,1557.4],[1528.8,1557.9]]}},{"type":"Feature","properties":{"id":"p:equipos:2685","n":1,"sc":"#808080"},"geometry":{"type":"LineString","coordinates":[[1528.3,1557.4],[1528.3,1557.4]]}},{"type":"Feature","properties":{"id":"p:equipos:2686","n":1,"sc":"#808080"},"geometry":{"type":"LineString","coordinates":[[1530.2,1549.3],[1530.2,1549.3]]}},{"type":"Feature","properties":{"id":"p:equipos:2687","n":1,"sc":"#808080"},"geometry":{"type":"LineString","coordinates":[[1531.2,1549.3],[1531.2,1549.3]]}},{"type":"Feature","properties":{"id":"p:equipos:2688","n":2,"sc":"#808080"},"geometry":{"type":"LineString","coordinates":[[1547.0,1560.8],[1546.1,1561.8],[1544.6,1561.3]]}},{"type":"Feature","properties":{"id":"p:equipos:2689","n":1,"sc":"#808080"},"geometry":{"type":"LineString","coordinates":[[1541.3,1558.4],[1540.8,1557.4]]}},{"type":"Feature","properties":{"id":"p:equipos:2690","n":2,"sc":"#808080"},"geometry":{"type":"LineString","coordinates":[[1547.5,1558.4],[1547.5,1559.8],[1547.0,1560.8]]}},{"type":"Feature","properties":{"id":"p:equipos:2691","n":1,"sc":"#808080"},"geometry":{"type":"LineString","coordinates":[[1545.6,1556],[1546.1,1556.5]]}},{"type":"Feature","properties":{"id":"p:equipos:2692","n":1,"sc":"#808080"},"geometry":{"type":"LineString","coordinates":[[1527.8,1557.4],[1528.3,1557.4]]}},{"type":"Feature","properties":{"id":"p:equipos:2693","n":1,"sc":"#808080"},"geometry":{"type":"LineString","coordinates":[[1528.3,1557.4],[1528.3,1557.4]]}},{"type":"Feature","properties":{"id":"p:equipos:2694","n":4,"sc":"#808080"},"geometry":{"type":"LineString","coordinates":[[1525.2,1555.3],[1525.2,1555.3],[1525.2,1555.4],[1525.2,1555.4],[1525.3,1555.4]]}},{"type":"Feature","properties":{"id":"p:equipos:2695","n":1,"sc":"#808080"},"geometry":{"type":"LineString","coordinates":[[1522.1,1547.4],[1524.5,1547.4]]}},{"type":"Feature","properties":{"id":"p:equipos:2696","n":1,"sc":"#808080"},"geometry":{"type":"LineString","coordinates":[[1527.8,1557.4],[1527.8,1557.0]]}},{"type":"Feature","properties":{"id":"p:equipos:2697","n":3,"sc":"#808080"},"geometry":{"type":"LineString","coordinates":[[1530.7,1557.4],[1531.2,1557.4],[1531.2,1557.9],[1530.7,1557.9]]}},{"type":"Feature","properties":{"id":"p:equipos:2698","n":2,"sc":"#808080"},"geometry":{"type":"LineString","coordinates":[[1529.8,1556.5],[1530.2,1556.5],[1530.2,1557.0]]}},{"type":"Feature","properties":{"id":"p:equipos:2699","n":1,"sc":"#808080"},"geometry":{"type":"LineString","coordinates":[[1530.7,1557.9],[1531.2,1557.9]]}},{"type":"Feature","properties":{"id":"p:equipos:2700","n":1,"sc":"#808080"},"geometry":{"type":"LineString","coordinates":[[1531.2,1557.9],[1530.7,1557.4]]}},{"type":"Feature","properties":{"id":"p:equipos:2701","n":1,"sc":"#808080"},"geometry":{"type":"LineString","coordinates":[[1528.8,1556],[1528.8,1556]]}},{"type":"Feature","properties":{"id":"p:equipos:2702","n":1,"sc":"#808080"},"geometry":{"type":"LineString","coordinates":[[1527.8,1557.0],[1527.8,1557.0]]}},{"type":"Feature","properties":{"id":"p:equipos:2703","n":1,"sc":"#808080"},"geometry":{"type":"LineString","coordinates":[[1528.3,1557.4],[1527.8,1557.4]]}},{"type":"Feature","properties":{"id":"p:equipos:2704","n":4,"sc":"#808080"},"geometry":{"type":"LineString","coordinates":[[1526.4,1554.6],[1526.4,1554.6],[1526.4,1554.6],[1526.4,1554.6],[1526.4,1554.6]]}},{"type":"Feature","properties":{"id":"p:equipos:2705","n":1,"sc":"#808080"},"geometry":{"type":"LineString","coordinates":[[1530.2,1557.0],[1529.8,1556.5]]}},{"type":"Feature","properties":{"id":"p:equipos:2706","n":1,"sc":"#808080"},"geometry":{"type":"LineString","coordinates":[[1525.4,1555.5],[1525.4,1555.5]]}},{"type":"Feature","properties":{"id":"p:equipos:2707","n":1,"sc":"#808080"},"geometry":{"type":"LineString","coordinates":[[1525.9,1555.5],[1525.9,1555.5]]}},{"type":"Feature","properties":{"id":"p:equipos:2708","n":8,"sc":"#808080"},"geometry":{"type":"LineString","coordinates":[[1529.7,1557.8],[1529.9,1557.9],[1530.2,1557.9],[1530.4,1557.8],[1530.6,1557.6],[1530.7,1557.3],[1530.7,1557.0],[1530.6,1556.8],[1530.4,1556.6]]}},{"type":"Feature","properties":{"id":"p:equipos:2709","n":1,"sc":"#808080"},"geometry":{"type":"LineString","coordinates":[[1527.4,1555.0],[1527.4,1555.5]]}},{"type":"Feature","properties":{"id":"p:equipos:2710","n":1,"sc":"#808080"},"geometry":{"type":"LineString","coordinates":[[1527.4,1555.0],[1527.4,1555.0]]}},{"type":"Feature","properties":{"id":"p:equipos:2711","n":1,"sc":"#808080"},"geometry":{"type":"LineString","coordinates":[[1527.4,1555.0],[1527.4,1555.0]]}},{"type":"Feature","properties":{"id":"p:equipos:2712","n":1,"sc":"#808080"},"geometry":{"type":"LineString","coordinates":[[1527.4,1555.5],[1527.4,1555.0]]}},{"type":"Feature","properties":{"id":"p:equipos:2713","n":4,"sc":"#808080"},"geometry":{"type":"LineString","coordinates":[[1549.1,1553.6],[1549.1,1553.6],[1549.2,1553.6],[1549.3,1553.6],[1549.4,1553.6]]}},{"type":"Feature","properties":{"id":"p:equipos:2714","n":1,"sc":"#808080"},"geometry":{"type":"LineString","coordinates":[[1542.2,1556],[1542.2,1556]]}},{"type":"Feature","properties":{"id":"p:equipos:2715","n":2,"sc":"#808080"},"geometry":{"type":"LineString","coordinates":[[1530.2,1557.9],[1530.7,1557.9],[1530.7,1557.4]]}},{"type":"Feature","properties":{"id":"p:equipos:2716","n":2,"sc":"#808080"},"geometry":{"type":"LineString","coordinates":[[1527.4,1555.5],[1526.9,1556],[1527.4,1556.5]]}},{"type":"Feature","properties":{"id":"p:equipos:2717","n":2,"sc":"#808080"},"geometry":{"type":"LineString","coordinates":[[1526.9,1554.6],[1526.4,1555.5],[1525.4,1555.5]]}},{"type":"Feature","properties":{"id":"p:equipos:2718","n":1,"sc":"#808080"},"geometry":{"type":"LineString","coordinates":[[1526.9,1554.6],[1526.9,1554.6]]}},{"type":"Feature","properties":{"id":"p:equipos:2719","n":1,"sc":"#808080"},"geometry":{"type":"LineString","coordinates":[[1542.7,1555.0],[1542.7,1555.0]]}},{"type":"Feature","properties":{"id":"p:equipos:2720","n":1,"sc":"#808080"},"geometry":{"type":"LineString","coordinates":[[1525.9,1554.6],[1525.0,1555.0]]}},{"type":"Feature","properties":{"id":"p:equipos:2721","n":4,"sc":"#808080"},"geometry":{"type":"LineString","coordinates":[[1542.4,1555.8],[1542.6,1555.9],[1542.8,1556.0],[1543.0,1556.0],[1543.2,1556.0]]}},{"type":"Feature","properties":{"id":"p:equipos:2722","n":1,"sc":"#808080"},"geometry":{"type":"LineString","coordinates":[[1527.8,1557.0],[1525.4,1555.5]]}},{"type":"Feature","properties":{"id":"p:equipos:2723","n":8,"sc":"#808080"},"geometry":{"type":"LineString","coordinates":[[1537.2,1544.5],[1535.8,1544.7],[1534.6,1545.2],[1533.5,1546.1],[1532.7,1547.2],[1532.3,1548.5],[1532.2,1549.8],[1532.4,1551.2],[1533.1,1552.4]]}},{"type":"Feature","properties":{"id":"p:equipos:2724","n":1,"sc":"#808080"},"geometry":{"type":"LineString","coordinates":[[1525.9,1554.6],[1526.4,1554.1]]}},{"type":"Feature","properties":{"id":"p:equipos:2725","n":4,"sc":"#808080"},"geometry":{"type":"LineString","coordinates":[[1532.4,1562.5],[1532.5,1562.3],[1532.6,1562.1],[1532.6,1561.9],[1532.6,1561.7]]}},{"type":"Feature","properties":{"id":"p:equipos:2726","n":1,"sc":"#808080"},"geometry":{"type":"LineString","coordinates":[[1537.4,1559.4],[1537.4,1559.4]]}},{"type":"Feature","properties":{"id":"p:equipos:2727","n":1,"sc":"#808080"},"geometry":{"type":"LineString","coordinates":[[1532.6,1561.8],[1533.1,1559.8]]}},{"type":"Feature","properties":{"id":"p:equipos:2728","n":1,"sc":"#808080"},"geometry":{"type":"LineString","coordinates":[[1533.1,1559.8],[1533.1,1557.9]]}},{"type":"Feature","properties":{"id":"p:equipos:2729","n":1,"sc":"#808080"},"geometry":{"type":"LineString","coordinates":[[1530.2,1563.7],[1530.7,1563.7]]}},{"type":"Feature","properties":{"id":"p:equipos:2730","n":4,"sc":"#808080"},"geometry":{"type":"LineString","coordinates":[[1527.8,1561.6],[1527.9,1561.8],[1527.9,1561.9],[1527.9,1562.1],[1528.0,1562.2]]}},{"type":"Feature","properties":{"id":"p:equipos:2731","n":1,"sc":"#808080"},"geometry":{"type":"LineString","coordinates":[[1528.3,1559.4],[1528.3,1561.8]]}},{"type":"Feature","properties":{"id":"p:equipos:2732","n":1,"sc":"#808080"},"geometry":{"type":"LineString","coordinates":[[1529.8,1549.3],[1529.8,1549.3]]}},{"type":"Feature","properties":{"id":"p:equipos:2733","n":1,"sc":"#808080"},"geometry":{"type":"LineString","coordinates":[[1549.0,1553.6],[1549.4,1553.6]]}},{"type":"Feature","properties":{"id":"p:equipos:2734","n":1,"sc":"#808080"},"geometry":{"type":"LineString","coordinates":[[1548.5,1553.6],[1548.5,1553.6]]}},{"type":"Feature","properties":{"id":"p:equipos:2735","n":1,"sc":"#808080"},"geometry":{"type":"LineString","coordinates":[[1531.7,1549.3],[1531.7,1549.3]]}},{"type":"Feature","properties":{"id":"p:equipos:2736","n":1,"sc":"#808080"},"geometry":{"type":"LineString","coordinates":[[1528.3,1557.4],[1528.3,1557.4]]}},{"type":"Feature","properties":{"id":"p:equipos:2737","n":1,"sc":"#808080"},"geometry":{"type":"LineString","coordinates":[[1544.2,1560.8],[1542.7,1559.4]]}},{"type":"Feature","properties":{"id":"p:equipos:2738","n":1,"sc":"#808080"},"geometry":{"type":"LineString","coordinates":[[1542.7,1559.4],[1541.3,1558.4]]}},{"type":"Feature","properties":{"id":"p:equipos:2739","n":1,"sc":"#808080"},"geometry":{"type":"LineString","coordinates":[[1547.0,1560.8],[1547.0,1560.8]]}},{"type":"Feature","properties":{"id":"p:equipos:2740","n":1,"sc":"#808080"},"geometry":{"type":"LineString","coordinates":[[1546.1,1556.5],[1547.5,1558.4]]}},{"type":"Feature","properties":{"id":"p:equipos:2741","n":4,"sc":"#808080"},"geometry":{"type":"LineString","coordinates":[[1543.8,1561.1],[1544.0,1561.3],[1544.2,1561.4],[1544.3,1561.5],[1544.5,1561.6]]}},{"type":"Feature","properties":{"id":"p:equipos:2742","n":1,"sc":"#808080"},"geometry":{"type":"LineString","coordinates":[[1542.2,1556],[1542.2,1556]]}},{"type":"Feature","properties":{"id":"p:equipos:2743","n":4,"sc":"#808080"},"geometry":{"type":"LineString","coordinates":[[1547.4,1558.4],[1547.3,1558.2],[1547.3,1558.1],[1547.2,1558.0],[1547.1,1557.8]]}},{"type":"Feature","properties":{"id":"p:equipos:2744","n":1,"sc":"#808080"},"geometry":{"type":"LineString","coordinates":[[1542.2,1552.2],[1542.2,1552.2]]}},{"type":"Feature","properties":{"id":"p:equipos:2745","n":1,"sc":"#808080"},"geometry":{"type":"LineString","coordinates":[[1525.0,1555.0],[1525.0,1555.0]]}},{"type":"Feature","properties":{"id":"p:equipos:2746","n":1,"sc":"#808080"},"geometry":{"type":"LineString","coordinates":[[1525.4,1555.5],[1527.8,1557.4]]}},{"type":"Feature","properties":{"id":"p:equipos:2747","n":1,"sc":"#808080"},"geometry":{"type":"LineString","coordinates":[[1542.7,1555.0],[1542.7,1555.0]]}},{"type":"Feature","properties":{"id":"p:equipos:2748","n":1,"sc":"#808080"},"geometry":{"type":"LineString","coordinates":[[1543.2,1556],[1543.2,1556]]}},{"type":"Feature","properties":{"id":"p:equipos:2749","n":2,"sc":"#808080"},"geometry":{"type":"LineString","coordinates":[[1541.3,1556],[1540.3,1558.4],[1537.4,1559.4]]}},{"type":"Feature","properties":{"id":"p:equipos:2750","n":4,"sc":"#808080"},"geometry":{"type":"LineString","coordinates":[[1533.6,1555.0],[1534.1,1557.0],[1534.6,1557.9],[1536,1558.9],[1537.4,1559.4]]}},{"type":"Feature","properties":{"id":"p:equipos:2751","n":4,"sc":"#808080"},"geometry":{"type":"LineString","coordinates":[[1537.4,1559.4],[1538.9,1558.9],[1540.3,1557.9],[1541.3,1556.5],[1541.8,1555.0]]}},{"type":"Feature","properties":{"id":"p:equipos:2752","n":4,"sc":"#808080"},"geometry":{"type":"LineString","coordinates":[[1533.6,1552.6],[1535.0,1554.1],[1537.4,1554.6],[1539.8,1554.1],[1541.3,1552.6]]}},{"type":"Feature","properties":{"id":"p:equipos:2753","n":1,"sc":"#808080"},"geometry":{"type":"LineString","coordinates":[[1533.6,1555.0],[1533.6,1552.6]]}},{"type":"Feature","properties":{"id":"p:equipos:2754","n":1,"sc":"#808080"},"geometry":{"type":"LineString","coordinates":[[1541.8,1555.0],[1541.3,1552.6]]}},{"type":"Feature","properties":{"id":"p:equipos:2755","n":4,"sc":"#808080"},"geometry":{"type":"LineString","coordinates":[[1563.2,1551.2],[1563.3,1551.3],[1563.4,1551.4],[1563.6,1551.4],[1563.7,1551.5]]}},{"type":"Feature","properties":{"id":"p:equipos:2756","n":2,"sc":"#808080"},"geometry":{"type":"LineString","coordinates":[[1573.0,1556.5],[1571.0,1556],[1569.6,1555.0]]}},{"type":"Feature","properties":{"id":"p:equipos:2757","n":1,"sc":"#808080"},"geometry":{"type":"LineString","coordinates":[[1591.7,1553.6],[1590.7,1554.6]]}},{"type":"Feature","properties":{"id":"p:equipos:2758","n":2,"sc":"#808080"},"geometry":{"type":"LineString","coordinates":[[1587.8,1545.4],[1589.8,1545.9],[1591.2,1547.4]]}},{"type":"Feature","properties":{"id":"p:equipos:2759","n":1,"sc":"#808080"},"geometry":{"type":"LineString","coordinates":[[1584,1545.4],[1587.8,1545.4]]}},{"type":"Feature","properties":{"id":"p:equipos:2760","n":1,"sc":"#808080"},"geometry":{"type":"LineString","coordinates":[[1574.9,1551.7],[1574.9,1551.7]]}},{"type":"Feature","properties":{"id":"p:equipos:2761","n":1,"sc":"#808080"},"geometry":{"type":"LineString","coordinates":[[1576.3,1556.5],[1573.0,1556.5]]}},{"type":"Feature","properties":{"id":"p:equipos:2762","n":1,"sc":"#808080"},"geometry":{"type":"LineString","coordinates":[[1586.9,1556.5],[1584,1556.5]]}},{"type":"Feature","properties":{"id":"p:equipos:2763","n":1,"sc":"#808080"},"geometry":{"type":"LineString","coordinates":[[1575.8,1545.4],[1584,1545.4]]}},{"type":"Feature","properties":{"id":"p:equipos:2764","n":1,"sc":"#808080"},"geometry":{"type":"LineString","coordinates":[[1572.5,1545.4],[1575.8,1545.4]]}},{"type":"Feature","properties":{"id":"p:equipos:2765","n":2,"sc":"#808080"},"geometry":{"type":"LineString","coordinates":[[1590.7,1554.6],[1589.3,1556],[1586.9,1556.5]]}},{"type":"Feature","properties":{"id":"p:equipos:2766","n":1,"sc":"#808080"},"geometry":{"type":"LineString","coordinates":[[1569.6,1555.0],[1568.6,1553.6]]}},{"type":"Feature","properties":{"id":"p:equipos:2767","n":2,"sc":"#808080"},"geometry":{"type":"LineString","coordinates":[[1568.6,1547.4],[1570.1,1545.9],[1572.5,1545.4]]}},{"type":"Feature","properties":{"id":"p:equipos:2768","n":1,"sc":"#808080"},"geometry":{"type":"LineString","coordinates":[[1567.7,1555.5],[1567.2,1555.5]]}},{"type":"Feature","properties":{"id":"p:equipos:2769","n":2,"sc":"#808080"},"geometry":{"type":"LineString","coordinates":[[1573.4,1558.4],[1571.5,1558.4],[1570.6,1557.4]]}},{"type":"Feature","properties":{"id":"p:equipos:2770","n":1,"sc":"#808080"},"geometry":{"type":"LineString","coordinates":[[1570.6,1557.4],[1569.6,1557.0]]}},{"type":"Feature","properties":{"id":"p:equipos:2771","n":1,"sc":"#808080"},"geometry":{"type":"LineString","coordinates":[[1570.6,1557.4],[1570.6,1557.4]]}},{"type":"Feature","properties":{"id":"p:equipos:2772","n":1,"sc":"#808080"},"geometry":{"type":"LineString","coordinates":[[1570.6,1557.9],[1570.6,1557.9]]}},{"type":"Feature","properties":{"id":"p:equipos:2773","n":1,"sc":"#808080"},"geometry":{"type":"LineString","coordinates":[[1572,1557.0],[1572,1557.0]]}},{"type":"Feature","properties":{"id":"p:equipos:2774","n":1,"sc":"#808080"},"geometry":{"type":"LineString","coordinates":[[1569.1,1557.0],[1568.6,1556.5]]}},{"type":"Feature","properties":{"id":"p:equipos:2775","n":1,"sc":"#808080"},"geometry":{"type":"LineString","coordinates":[[1567.7,1556],[1567.7,1555.5]]}},{"type":"Feature","properties":{"id":"p:equipos:2776","n":1,"sc":"#808080"},"geometry":{"type":"LineString","coordinates":[[1568.2,1555.5],[1568.2,1555.5]]}},{"type":"Feature","properties":{"id":"p:equipos:2777","n":1,"sc":"#808080"},"geometry":{"type":"LineString","coordinates":[[1570.1,1555.5],[1570.1,1555.5]]}},{"type":"Feature","properties":{"id":"p:equipos:2778","n":1,"sc":"#808080"},"geometry":{"type":"LineString","coordinates":[[1572.5,1558.4],[1569.6,1557.0]]}},{"type":"Feature","properties":{"id":"p:equipos:2779","n":1,"sc":"#808080"},"geometry":{"type":"LineString","coordinates":[[1571.0,1556],[1573.0,1557.9]]}},{"type":"Feature","properties":{"id":"p:equipos:2780","n":4,"sc":"#808080"},"geometry":{"type":"LineString","coordinates":[[1575.1,1552.2],[1575.1,1552.2],[1575.1,1552.2],[1575.1,1552.2],[1575.1,1552.2]]}},{"type":"Feature","properties":{"id":"p:equipos:2781","n":4,"sc":"#808080"},"geometry":{"type":"LineString","coordinates":[[1566.1,1554.8],[1566.5,1555.1],[1567.0,1555.2],[1567.6,1555.1],[1568.1,1554.8]]}},{"type":"Feature","properties":{"id":"p:equipos:2782","n":1,"sc":"#808080"},"geometry":{"type":"LineString","coordinates":[[1568.2,1555.5],[1567.7,1555.5]]}},{"type":"Feature","properties":{"id":"p:equipos:2783","n":1,"sc":"#808080"},"geometry":{"type":"LineString","coordinates":[[1591.2,1554.1],[1591.2,1554.1]]}},{"type":"Feature","properties":{"id":"p:equipos:2784","n":1,"sc":"#808080"},"geometry":{"type":"LineString","coordinates":[[1592.2,1554.1],[1591.2,1554.1]]}},{"type":"Feature","properties":{"id":"p:equipos:2785","n":4,"sc":"#808080"},"geometry":{"type":"LineString","coordinates":[[1570.4,1557.3],[1570.4,1557.3],[1570.4,1557.3],[1570.4,1557.3],[1570.5,1557.4]]}},{"type":"Feature","properties":{"id":"p:equipos:2786","n":2,"sc":"#808080"},"geometry":{"type":"LineString","coordinates":[[1587.4,1556.5],[1586.4,1557.0],[1585.0,1556.5]]}},{"type":"Feature","properties":{"id":"p:equipos:2787","n":1,"sc":"#808080"},"geometry":{"type":"LineString","coordinates":[[1591.7,1554.1],[1590.7,1554.6]]}},{"type":"Feature","properties":{"id":"p:equipos:2788","n":1,"sc":"#808080"},"geometry":{"type":"LineString","coordinates":[[1573.4,1558.4],[1573.4,1558.4]]}},{"type":"Feature","properties":{"id":"p:equipos:2789","n":1,"sc":"#808080"},"geometry":{"type":"LineString","coordinates":[[1586.4,1556.5],[1585.9,1556.5]]}},{"type":"Feature","properties":{"id":"p:equipos:2790","n":1,"sc":"#808080"},"geometry":{"type":"LineString","coordinates":[[1584.5,1555.0],[1584.5,1555.0]]}},{"type":"Feature","properties":{"id":"p:equipos:2791","n":1,"sc":"#808080"},"geometry":{"type":"LineString","coordinates":[[1590.7,1554.6],[1590.7,1554.6]]}},{"type":"Feature","properties":{"id":"p:equipos:2792","n":1,"sc":"#808080"},"geometry":{"type":"LineString","coordinates":[[1591.7,1553.6],[1591.7,1553.6]]}},{"type":"Feature","properties":{"id":"p:equipos:2793","n":1,"sc":"#808080"},"geometry":{"type":"LineString","coordinates":[[1575.8,1555.0],[1575.8,1555.0]]}},{"type":"Feature","properties":{"id":"p:equipos:2794","n":1,"sc":"#808080"},"geometry":{"type":"LineString","coordinates":[[1572.5,1557.4],[1572.5,1557.4]]}},{"type":"Feature","properties":{"id":"p:equipos:2795","n":1,"sc":"#808080"},"geometry":{"type":"LineString","coordinates":[[1574.4,1555.5],[1574.4,1555.5]]}},{"type":"Feature","properties":{"id":"p:equipos:2796","n":1,"sc":"#808080"},"geometry":{"type":"LineString","coordinates":[[1599.4,1553.1],[1599.4,1553.1]]}},{"type":"Feature","properties":{"id":"p:equipos:2797","n":1,"sc":"#808080"},"geometry":{"type":"LineString","coordinates":[[1592.2,1554.1],[1599.8,1553.1]]}},{"type":"Feature","properties":{"id":"p:equipos:2798","n":4,"sc":"#808080"},"geometry":{"type":"LineString","coordinates":[[1571.0,1556.2],[1571.5,1556.4],[1571.9,1556.5],[1572.4,1556.5],[1572.8,1556.4]]}},{"type":"Feature","properties":{"id":"p:equipos:2799","n":4,"sc":"#808080"},"geometry":{"type":"LineString","coordinates":[[1599.8,1549.3],[1600.3,1550.2],[1600.8,1551.2],[1600.3,1552.6],[1599.4,1553.1]]}},{"type":"Feature","properties":{"id":"p:equipos:2800","n":1,"sc":"#808080"},"geometry":{"type":"LineString","coordinates":[[1595.5,1548.3],[1591.7,1547.4]]}},{"type":"Feature","properties":{"id":"p:equipos:2801","n":1,"sc":"#808080"},"geometry":{"type":"LineString","coordinates":[[1591.7,1553.6],[1591.2,1552.2]]}},{"type":"Feature","properties":{"id":"p:equipos:2802","n":1,"sc":"#808080"},"geometry":{"type":"LineString","coordinates":[[1595.0,1553.6],[1591.7,1553.6]]}},{"type":"Feature","properties":{"id":"p:equipos:2803","n":1,"sc":"#808080"},"geometry":{"type":"LineString","coordinates":[[1599.8,1549.3],[1595.5,1548.3]]}},{"type":"Feature","properties":{"id":"p:equipos:2804","n":8,"sc":"#808080"},"geometry":{"type":"LineString","coordinates":[[1599.4,1553.1],[1600.1,1552.9],[1600.7,1552.4],[1601.1,1551.7],[1601.3,1550.9],[1601.1,1550.1],[1600.7,1549.5],[1600.0,1549.0],[1599.2,1548.8]]}},{"type":"Feature","properties":{"id":"p:equipos:2805","n":1,"sc":"#808080"},"geometry":{"type":"LineString","coordinates":[[1591.2,1552.2],[1590.7,1549.3]]}},{"type":"Feature","properties":{"id":"p:equipos:2806","n":1,"sc":"#808080"},"geometry":{"type":"LineString","coordinates":[[1599.4,1553.1],[1595.0,1553.6]]}},{"type":"Feature","properties":{"id":"p:equipos:2807","n":2,"sc":"#808080"},"geometry":{"type":"LineString","coordinates":[[1590.7,1549.3],[1591.2,1547.8],[1591.2,1547.4]]}},{"type":"Feature","properties":{"id":"p:equipos:2808","n":1,"sc":"#808080"},"geometry":{"type":"LineString","coordinates":[[1569.6,1555.0],[1569.6,1555.0]]}},{"type":"Feature","properties":{"id":"p:equipos:2809","n":4,"sc":"#808080"},"geometry":{"type":"LineString","coordinates":[[1591.2,1547.0],[1591.2,1547.0],[1591.1,1546.9],[1591.1,1546.9],[1591.0,1546.9]]}},{"type":"Feature","properties":{"id":"p:equipos:2810","n":8,"sc":"#808080"},"geometry":{"type":"LineString","coordinates":[[1564.2,1547.4],[1563.7,1547.5],[1563.2,1547.8],[1562.8,1548.2],[1562.6,1548.7],[1562.4,1549.3],[1562.4,1549.8],[1562.6,1550.4],[1562.9,1550.8]]}},{"type":"Feature","properties":{"id":"p:equipos:2811","n":2,"sc":"#808080"},"geometry":{"type":"LineString","coordinates":[[1569.6,1549.8],[1569.6,1551.2],[1569.1,1552.2]]}},{"type":"Feature","properties":{"id":"p:equipos:2812","n":2,"sc":"#808080"},"geometry":{"type":"LineString","coordinates":[[1569.1,1552.2],[1568.6,1553.1],[1568.6,1553.6]]}},{"type":"Feature","properties":{"id":"p:equipos:2813","n":2,"sc":"#808080"},"geometry":{"type":"LineString","coordinates":[[1568.6,1547.4],[1569.1,1547.8],[1569.6,1549.8]]}},{"type":"Feature","properties":{"id":"p:equipos:2814","n":1,"sc":"#808080"},"geometry":{"type":"LineString","coordinates":[[1566.2,1555.0],[1563.4,1551.2]]}},{"type":"Feature","properties":{"id":"p:equipos:2815","n":4,"sc":"#808080"},"geometry":{"type":"LineString","coordinates":[[1568.1,1553.3],[1568.2,1553.4],[1568.3,1553.4],[1568.4,1553.4],[1568.4,1553.5]]}},{"type":"Feature","properties":{"id":"p:equipos:2816","n":1,"sc":"#808080"},"geometry":{"type":"LineString","coordinates":[[1568.6,1547.4],[1568.6,1547.4]]}},{"type":"Feature","properties":{"id":"p:equipos:2817","n":1,"sc":"#808080"},"geometry":{"type":"LineString","coordinates":[[1566.2,1552.6],[1568.2,1553.6]]}},{"type":"Feature","properties":{"id":"p:equipos:2818","n":2,"sc":"#808080"},"geometry":{"type":"LineString","coordinates":[[1573.4,1564.2],[1574.4,1564.2],[1575.4,1563.2]]}},{"type":"Feature","properties":{"id":"p:equipos:2819","n":1,"sc":"#808080"},"geometry":{"type":"LineString","coordinates":[[1574.9,1555.5],[1574.9,1555.5]]}},{"type":"Feature","properties":{"id":"p:equipos:2820","n":1,"sc":"#808080"},"geometry":{"type":"LineString","coordinates":[[1566.7,1547.8],[1568.6,1547.4]]}},{"type":"Feature","properties":{"id":"p:equipos:2821","n":1,"sc":"#808080"},"geometry":{"type":"LineString","coordinates":[[1564.3,1551.7],[1566.2,1552.6]]}},{"type":"Feature","properties":{"id":"p:equipos:2822","n":4,"sc":"#808080"},"geometry":{"type":"LineString","coordinates":[[1566.1,1554.8],[1566.3,1555.1],[1566.6,1555.3],[1567.0,1555.5],[1567.4,1555.5]]}},{"type":"Feature","properties":{"id":"p:equipos:2823","n":2,"sc":"#808080"},"geometry":{"type":"LineString","coordinates":[[1575.8,1558.4],[1575.8,1557.4],[1575.4,1556.5]]}},{"type":"Feature","properties":{"id":"p:equipos:2824","n":1,"sc":"#808080"},"geometry":{"type":"LineString","coordinates":[[1569.6,1555.5],[1569.6,1555.5]]}},{"type":"Feature","properties":{"id":"p:equipos:2825","n":4,"sc":"#808080"},"geometry":{"type":"LineString","coordinates":[[1583.9,1556.0],[1584.0,1555.8],[1584.0,1555.6],[1584.0,1555.5],[1584,1555.3]]}},{"type":"Feature","properties":{"id":"p:equipos:2826","n":8,"sc":"#808080"},"geometry":{"type":"LineString","coordinates":[[1584.1,1552.8],[1584.7,1551.6],[1585.0,1550.3],[1584.8,1548.9],[1584.4,1547.6],[1583.6,1546.5],[1582.5,1545.7],[1581.3,1545.1],[1579.9,1545.0]]}},{"type":"Feature","properties":{"id":"p:equipos:2827","n":2,"sc":"#808080"},"geometry":{"type":"LineString","coordinates":[[1571.0,1562.7],[1572,1563.7],[1573.0,1564.2]]}},{"type":"Feature","properties":{"id":"p:equipos:2828","n":1,"sc":"#808080"},"geometry":{"type":"LineString","coordinates":[[1571.0,1557.9],[1571.0,1559.8]]}},{"type":"Feature","properties":{"id":"p:equipos:2829","n":1,"sc":"#808080"},"geometry":{"type":"LineString","coordinates":[[1571.0,1557.9],[1571.0,1558.4]]}},{"type":"Feature","properties":{"id":"p:equipos:2830","n":1,"sc":"#808080"},"geometry":{"type":"LineString","coordinates":[[1571.0,1557.9],[1571.0,1557.9]]}},{"type":"Feature","properties":{"id":"p:equipos:2831","n":1,"sc":"#808080"},"geometry":{"type":"LineString","coordinates":[[1573.0,1549.8],[1573.0,1549.8]]}},{"type":"Feature","properties":{"id":"p:equipos:2832","n":1,"sc":"#808080"},"geometry":{"type":"LineString","coordinates":[[1573.9,1549.8],[1573.9,1549.8]]}},{"type":"Feature","properties":{"id":"p:equipos:2833","n":2,"sc":"#808080"},"geometry":{"type":"LineString","coordinates":[[1589.3,1561.3],[1588.3,1561.8],[1587.4,1561.8]]}},{"type":"Feature","properties":{"id":"p:equipos:2834","n":1,"sc":"#808080"},"geometry":{"type":"LineString","coordinates":[[1584,1558.9],[1583.0,1557.9]]}},{"type":"Feature","properties":{"id":"p:equipos:2835","n":2,"sc":"#808080"},"geometry":{"type":"LineString","coordinates":[[1590.2,1558.9],[1590.2,1560.3],[1589.8,1561.3]]}},{"type":"Feature","properties":{"id":"p:equipos:2836","n":1,"sc":"#808080"},"geometry":{"type":"LineString","coordinates":[[1587.8,1556],[1588.3,1557.0]]}},{"type":"Feature","properties":{"id":"p:equipos:2837","n":1,"sc":"#808080"},"geometry":{"type":"LineString","coordinates":[[1570.6,1557.4],[1570.6,1557.9]]}},{"type":"Feature","properties":{"id":"p:equipos:2838","n":1,"sc":"#808080"},"geometry":{"type":"LineString","coordinates":[[1570.6,1557.9],[1571.0,1557.9]]}},{"type":"Feature","properties":{"id":"p:equipos:2839","n":4,"sc":"#808080"},"geometry":{"type":"LineString","coordinates":[[1567.4,1555.8],[1567.4,1555.8],[1567.5,1555.8],[1567.5,1555.8],[1567.5,1555.9]]}},{"type":"Feature","properties":{"id":"p:equipos:2840","n":1,"sc":"#808080"},"geometry":{"type":"LineString","coordinates":[[1564.8,1547.8],[1566.7,1547.8]]}},{"type":"Feature","properties":{"id":"p:equipos:2841","n":1,"sc":"#808080"},"geometry":{"type":"LineString","coordinates":[[1570.6,1557.4],[1570.6,1557.4]]}},{"type":"Feature","properties":{"id":"p:equipos:2842","n":1,"sc":"#808080"},"geometry":{"type":"LineString","coordinates":[[1573.4,1557.9],[1573.4,1558.4]]}},{"type":"Feature","properties":{"id":"p:equipos:2843","n":3,"sc":"#808080"},"geometry":{"type":"LineString","coordinates":[[1572,1557.0],[1572.5,1557.0],[1573.0,1557.0],[1573.0,1557.4]]}},{"type":"Feature","properties":{"id":"p:equipos:2844","n":1,"sc":"#808080"},"geometry":{"type":"LineString","coordinates":[[1573.4,1558.4],[1573.4,1558.4]]}},{"type":"Feature","properties":{"id":"p:equipos:2845","n":1,"sc":"#808080"},"geometry":{"type":"LineString","coordinates":[[1573.4,1558.4],[1573.0,1557.9]]}},{"type":"Feature","properties":{"id":"p:equipos:2846","n":1,"sc":"#808080"},"geometry":{"type":"LineString","coordinates":[[1571.5,1556.5],[1571.5,1556.5]]}},{"type":"Feature","properties":{"id":"p:equipos:2847","n":1,"sc":"#808080"},"geometry":{"type":"LineString","coordinates":[[1570.6,1557.4],[1570.6,1557.4]]}},{"type":"Feature","properties":{"id":"p:equipos:2848","n":1,"sc":"#808080"},"geometry":{"type":"LineString","coordinates":[[1571.0,1557.9],[1570.6,1557.9]]}},{"type":"Feature","properties":{"id":"p:equipos:2849","n":4,"sc":"#808080"},"geometry":{"type":"LineString","coordinates":[[1569.2,1555.1],[1569.2,1555.1],[1569.2,1555.1],[1569.2,1555.1],[1569.2,1555.1]]}},{"type":"Feature","properties":{"id":"p:equipos:2850","n":1,"sc":"#808080"},"geometry":{"type":"LineString","coordinates":[[1572.5,1557.4],[1572,1557.0]]}},{"type":"Feature","properties":{"id":"p:equipos:2851","n":1,"sc":"#808080"},"geometry":{"type":"LineString","coordinates":[[1567.7,1556],[1568.2,1556]]}},{"type":"Feature","properties":{"id":"p:equipos:2852","n":1,"sc":"#808080"},"geometry":{"type":"LineString","coordinates":[[1568.6,1556],[1568.6,1556]]}},{"type":"Feature","properties":{"id":"p:equipos:2853","n":8,"sc":"#808080"},"geometry":{"type":"LineString","coordinates":[[1572.4,1558.3],[1572.6,1558.4],[1572.9,1558.4],[1573.2,1558.3],[1573.3,1558.0],[1573.4,1557.8],[1573.4,1557.5],[1573.3,1557.3],[1573.1,1557.1]]}},{"type":"Feature","properties":{"id":"p:equipos:2854","n":1,"sc":"#808080"},"geometry":{"type":"LineString","coordinates":[[1570.1,1555.5],[1569.6,1556]]}},{"type":"Feature","properties":{"id":"p:equipos:2855","n":1,"sc":"#808080"},"geometry":{"type":"LineString","coordinates":[[1570.1,1555.5],[1570.1,1555.5]]}},{"type":"Feature","properties":{"id":"p:equipos:2856","n":1,"sc":"#808080"},"geometry":{"type":"LineString","coordinates":[[1570.1,1555.5],[1570.1,1555.5]]}},{"type":"Feature","properties":{"id":"p:equipos:2857","n":1,"sc":"#808080"},"geometry":{"type":"LineString","coordinates":[[1569.6,1556],[1570.1,1555.5]]}},{"type":"Feature","properties":{"id":"p:equipos:2858","n":4,"sc":"#808080"},"geometry":{"type":"LineString","coordinates":[[1591.8,1554.1],[1591.9,1554.1],[1591.9,1554.1],[1592.0,1554.1],[1592.1,1554.1]]}},{"type":"Feature","properties":{"id":"p:equipos:2859","n":1,"sc":"#808080"},"geometry":{"type":"LineString","coordinates":[[1585.0,1556.5],[1584.5,1556.5]]}},{"type":"Feature","properties":{"id":"p:equipos:2860","n":2,"sc":"#808080"},"geometry":{"type":"LineString","coordinates":[[1572.5,1558.4],[1573.0,1558.4],[1573.0,1557.9]]}},{"type":"Feature","properties":{"id":"p:equipos:2861","n":2,"sc":"#808080"},"geometry":{"type":"LineString","coordinates":[[1569.6,1556],[1569.6,1556.5],[1569.6,1557.0]]}},{"type":"Feature","properties":{"id":"p:equipos:2862","n":2,"sc":"#808080"},"geometry":{"type":"LineString","coordinates":[[1569.6,1555.0],[1568.6,1556],[1568.2,1555.5]]}},{"type":"Feature","properties":{"id":"p:equipos:2863","n":1,"sc":"#808080"},"geometry":{"type":"LineString","coordinates":[[1569.6,1555.0],[1569.6,1555.0]]}},{"type":"Feature","properties":{"id":"p:equipos:2864","n":1,"sc":"#808080"},"geometry":{"type":"LineString","coordinates":[[1585.0,1555.5],[1585.0,1555.5]]}},{"type":"Feature","properties":{"id":"p:equipos:2865","n":1,"sc":"#808080"},"geometry":{"type":"LineString","coordinates":[[1568.2,1555.0],[1567.7,1555.5]]}},{"type":"Feature","properties":{"id":"p:equipos:2866","n":4,"sc":"#808080"},"geometry":{"type":"LineString","coordinates":[[1584.7,1556.3],[1584.9,1556.4],[1585.0,1556.5],[1585.2,1556.5],[1585.5,1556.4]]}},{"type":"Feature","properties":{"id":"p:equipos:2867","n":1,"sc":"#808080"},"geometry":{"type":"LineString","coordinates":[[1570.6,1557.4],[1568.2,1556]]}},{"type":"Feature","properties":{"id":"p:equipos:2868","n":8,"sc":"#808080"},"geometry":{"type":"LineString","coordinates":[[1579.9,1545.0],[1578.5,1545.2],[1577.3,1545.7],[1576.2,1546.6],[1575.4,1547.7],[1575.0,1549.0],[1574.9,1550.3],[1575.2,1551.7],[1575.8,1552.9]]}},{"type":"Feature","properties":{"id":"p:equipos:2869","n":1,"sc":"#808080"},"geometry":{"type":"LineString","coordinates":[[1568.2,1555.0],[1569.1,1554.1]]}},{"type":"Feature","properties":{"id":"p:equipos:2870","n":4,"sc":"#808080"},"geometry":{"type":"LineString","coordinates":[[1575.1,1563.0],[1575.2,1562.8],[1575.3,1562.6],[1575.3,1562.4],[1575.4,1562.2]]}},{"type":"Feature","properties":{"id":"p:equipos:2871","n":1,"sc":"#808080"},"geometry":{"type":"LineString","coordinates":[[1580.2,1559.8],[1580.2,1559.8]]}},{"type":"Feature","properties":{"id":"p:equipos:2872","n":1,"sc":"#808080"},"geometry":{"type":"LineString","coordinates":[[1575.4,1562.2],[1575.4,1560.3]]}},{"type":"Feature","properties":{"id":"p:equipos:2873","n":1,"sc":"#808080"},"geometry":{"type":"LineString","coordinates":[[1575.4,1560.3],[1575.8,1558.4]]}},{"type":"Feature","properties":{"id":"p:equipos:2874","n":1,"sc":"#808080"},"geometry":{"type":"LineString","coordinates":[[1573.0,1564.2],[1573.4,1564.2]]}},{"type":"Feature","properties":{"id":"p:equipos:2875","n":4,"sc":"#808080"},"geometry":{"type":"LineString","coordinates":[[1570.6,1562.1],[1570.6,1562.3],[1570.6,1562.4],[1570.6,1562.6],[1570.7,1562.7]]}},{"type":"Feature","properties":{"id":"p:equipos:2876","n":1,"sc":"#808080"},"geometry":{"type":"LineString","coordinates":[[1571.0,1559.8],[1571.0,1562.2]]}},{"type":"Feature","properties":{"id":"p:equipos:2877","n":1,"sc":"#808080"},"geometry":{"type":"LineString","coordinates":[[1572.5,1549.8],[1572.5,1549.8]]}},{"type":"Feature","properties":{"id":"p:equipos:2878","n":1,"sc":"#808080"},"geometry":{"type":"LineString","coordinates":[[1591.2,1554.1],[1591.7,1554.1]]}},{"type":"Feature","properties":{"id":"p:equipos:2879","n":1,"sc":"#808080"},"geometry":{"type":"LineString","coordinates":[[1591.2,1554.1],[1591.2,1554.1]]}},{"type":"Feature","properties":{"id":"p:equipos:2880","n":1,"sc":"#808080"},"geometry":{"type":"LineString","coordinates":[[1574.4,1549.8],[1574.4,1549.8]]}},{"type":"Feature","properties":{"id":"p:equipos:2881","n":1,"sc":"#808080"},"geometry":{"type":"LineString","coordinates":[[1571.0,1557.9],[1571.0,1557.9]]}},{"type":"Feature","properties":{"id":"p:equipos:2882","n":1,"sc":"#808080"},"geometry":{"type":"LineString","coordinates":[[1586.4,1561.3],[1585.0,1559.8]]}},{"type":"Feature","properties":{"id":"p:equipos:2883","n":1,"sc":"#808080"},"geometry":{"type":"LineString","coordinates":[[1585.0,1559.8],[1584,1558.9]]}},{"type":"Feature","properties":{"id":"p:equipos:2884","n":1,"sc":"#808080"},"geometry":{"type":"LineString","coordinates":[[1589.8,1561.3],[1589.3,1561.3]]}},{"type":"Feature","properties":{"id":"p:equipos:2885","n":1,"sc":"#808080"},"geometry":{"type":"LineString","coordinates":[[1588.3,1557.0],[1589.8,1558.4]]}},{"type":"Feature","properties":{"id":"p:equipos:2886","n":4,"sc":"#808080"},"geometry":{"type":"LineString","coordinates":[[1586.1,1561.6],[1586.2,1561.7],[1586.4,1561.9],[1586.6,1562.0],[1586.8,1562.1]]}},{"type":"Feature","properties":{"id":"p:equipos:2887","n":1,"sc":"#808080"},"geometry":{"type":"LineString","coordinates":[[1585.0,1556.5],[1584.5,1556.5]]}},{"type":"Feature","properties":{"id":"p:equipos:2888","n":4,"sc":"#808080"},"geometry":{"type":"LineString","coordinates":[[1590.1,1558.8],[1590.0,1558.7],[1590.0,1558.6],[1589.9,1558.4],[1589.8,1558.3]]}},{"type":"Feature","properties":{"id":"p:equipos:2889","n":1,"sc":"#808080"},"geometry":{"type":"LineString","coordinates":[[1585.0,1552.6],[1585.0,1552.6]]}},{"type":"Feature","properties":{"id":"p:equipos:2890","n":1,"sc":"#808080"},"geometry":{"type":"LineString","coordinates":[[1567.7,1555.5],[1567.7,1555.5]]}},{"type":"Feature","properties":{"id":"p:equipos:2891","n":1,"sc":"#808080"},"geometry":{"type":"LineString","coordinates":[[1568.2,1556],[1570.6,1557.4]]}},{"type":"Feature","properties":{"id":"p:equipos:2892","n":1,"sc":"#808080"},"geometry":{"type":"LineString","coordinates":[[1585.4,1555.5],[1585.4,1555.5]]}},{"type":"Feature","properties":{"id":"p:equipos:2893","n":1,"sc":"#808080"},"geometry":{"type":"LineString","coordinates":[[1585.9,1556.5],[1585.4,1556.5]]}},{"type":"Feature","properties":{"id":"p:equipos:2894","n":2,"sc":"#808080"},"geometry":{"type":"LineString","coordinates":[[1584,1556.5],[1582.6,1558.9],[1580.2,1559.8]]}},{"type":"Feature","properties":{"id":"p:equipos:2895","n":4,"sc":"#808080"},"geometry":{"type":"LineString","coordinates":[[1576.3,1555.5],[1576.3,1557.0],[1577.3,1558.4],[1578.7,1559.4],[1580.2,1559.8]]}},{"type":"Feature","properties":{"id":"p:equipos:2896","n":4,"sc":"#808080"},"geometry":{"type":"LineString","coordinates":[[1580.2,1559.8],[1581.6,1559.4],[1583.0,1558.4],[1583.5,1557.0],[1584,1555.5]]}},{"type":"Feature","properties":{"id":"p:equipos:2897","n":4,"sc":"#808080"},"geometry":{"type":"LineString","coordinates":[[1575.8,1553.1],[1577.8,1554.6],[1580.2,1555.0],[1582.6,1554.6],[1584,1553.1]]}},{"type":"Feature","properties":{"id":"p:equipos:2898","n":1,"sc":"#808080"},"geometry":{"type":"LineString","coordinates":[[1576.3,1555.5],[1575.8,1553.1]]}},{"type":"Feature","properties":{"id":"p:equipos:2899","n":1,"sc":"#808080"},"geometry":{"type":"LineString","coordinates":[[1584,1555.5],[1584,1553.1]]}},{"type":"Feature","properties":{"id":"p:equipos:2900","n":4,"sc":"#808080"},"geometry":{"type":"LineString","coordinates":[[1511.2,1635.7],[1511.1,1635.6],[1511.0,1635.5],[1510.8,1635.4],[1510.7,1635.4]]}},{"type":"Feature","properties":{"id":"p:equipos:2901","n":2,"sc":"#808080"},"geometry":{"type":"LineString","coordinates":[[1501.9,1630.9],[1503.8,1631.4],[1505.8,1632.8]]}},{"type":"Feature","properties":{"id":"p:equipos:2902","n":1,"sc":"#808080"},"geometry":{"type":"LineString","coordinates":[[1483.7,1633.8],[1484.2,1632.8]]}},{"type":"Feature","properties":{"id":"p:equipos:2903","n":2,"sc":"#808080"},"geometry":{"type":"LineString","coordinates":[[1487.5,1641.9],[1485.1,1641.4],[1483.7,1640]]}},{"type":"Feature","properties":{"id":"p:equipos:2904","n":1,"sc":"#808080"},"geometry":{"type":"LineString","coordinates":[[1490.9,1641.9],[1487.5,1641.9]]}},{"type":"Feature","properties":{"id":"p:equipos:2905","n":1,"sc":"#808080"},"geometry":{"type":"LineString","coordinates":[[1500,1635.7],[1500,1635.7]]}},{"type":"Feature","properties":{"id":"p:equipos:2906","n":1,"sc":"#808080"},"geometry":{"type":"LineString","coordinates":[[1499.0,1630.9],[1501.9,1630.9]]}},{"type":"Feature","properties":{"id":"p:equipos:2907","n":1,"sc":"#808080"},"geometry":{"type":"LineString","coordinates":[[1488,1630.9],[1491.4,1630.9]]}},{"type":"Feature","properties":{"id":"p:equipos:2908","n":1,"sc":"#808080"},"geometry":{"type":"LineString","coordinates":[[1499.0,1641.9],[1490.9,1641.9]]}},{"type":"Feature","properties":{"id":"p:equipos:2909","n":1,"sc":"#808080"},"geometry":{"type":"LineString","coordinates":[[1502.9,1641.9],[1499.0,1641.9]]}},{"type":"Feature","properties":{"id":"p:equipos:2910","n":2,"sc":"#808080"},"geometry":{"type":"LineString","coordinates":[[1484.2,1632.8],[1486.1,1631.4],[1488,1630.9]]}},{"type":"Feature","properties":{"id":"p:equipos:2911","n":1,"sc":"#808080"},"geometry":{"type":"LineString","coordinates":[[1505.8,1632.8],[1506.7,1633.8]]}},{"type":"Feature","properties":{"id":"p:equipos:2912","n":2,"sc":"#808080"},"geometry":{"type":"LineString","coordinates":[[1506.2,1640],[1504.8,1641.4],[1502.9,1641.9]]}},{"type":"Feature","properties":{"id":"p:equipos:2913","n":1,"sc":"#808080"},"geometry":{"type":"LineString","coordinates":[[1507.2,1631.8],[1507.7,1631.8]]}},{"type":"Feature","properties":{"id":"p:equipos:2914","n":2,"sc":"#808080"},"geometry":{"type":"LineString","coordinates":[[1501.9,1629.0],[1503.4,1629.0],[1504.8,1629.9]]}},{"type":"Feature","properties":{"id":"p:equipos:2915","n":1,"sc":"#808080"},"geometry":{"type":"LineString","coordinates":[[1504.8,1629.9],[1505.3,1630.4]]}},{"type":"Feature","properties":{"id":"p:equipos:2916","n":1,"sc":"#808080"},"geometry":{"type":"LineString","coordinates":[[1504.8,1629.9],[1504.8,1629.9]]}},{"type":"Feature","properties":{"id":"p:equipos:2917","n":1,"sc":"#808080"},"geometry":{"type":"LineString","coordinates":[[1504.3,1629.9],[1504.3,1629.9]]}},{"type":"Feature","properties":{"id":"p:equipos:2918","n":1,"sc":"#808080"},"geometry":{"type":"LineString","coordinates":[[1502.9,1630.4],[1502.9,1630.4]]}},{"type":"Feature","properties":{"id":"p:equipos:2919","n":1,"sc":"#808080"},"geometry":{"type":"LineString","coordinates":[[1505.8,1630.4],[1506.2,1630.9]]}},{"type":"Feature","properties":{"id":"p:equipos:2920","n":1,"sc":"#808080"},"geometry":{"type":"LineString","coordinates":[[1507.2,1631.4],[1507.7,1631.8]]}},{"type":"Feature","properties":{"id":"p:equipos:2921","n":1,"sc":"#808080"},"geometry":{"type":"LineString","coordinates":[[1507.2,1631.8],[1507.2,1631.8]]}},{"type":"Feature","properties":{"id":"p:equipos:2922","n":1,"sc":"#808080"},"geometry":{"type":"LineString","coordinates":[[1505.3,1631.8],[1505.3,1631.8]]}},{"type":"Feature","properties":{"id":"p:equipos:2923","n":1,"sc":"#808080"},"geometry":{"type":"LineString","coordinates":[[1502.4,1629.0],[1505.3,1630.4]]}},{"type":"Feature","properties":{"id":"p:equipos:2924","n":1,"sc":"#808080"},"geometry":{"type":"LineString","coordinates":[[1503.8,1631.4],[1501.9,1629.9]]}},{"type":"Feature","properties":{"id":"p:equipos:2925","n":4,"sc":"#808080"},"geometry":{"type":"LineString","coordinates":[[1499.3,1634.7],[1499.3,1634.7],[1499.3,1634.7],[1499.3,1634.7],[1499.3,1634.7]]}},{"type":"Feature","properties":{"id":"p:equipos:2926","n":4,"sc":"#808080"},"geometry":{"type":"LineString","coordinates":[[1508.8,1632.1],[1508.4,1631.8],[1507.9,1631.7],[1507.3,1631.8],[1506.7,1632.1]]}},{"type":"Feature","properties":{"id":"p:equipos:2927","n":1,"sc":"#808080"},"geometry":{"type":"LineString","coordinates":[[1507.2,1631.8],[1507.2,1631.8]]}},{"type":"Feature","properties":{"id":"p:equipos:2928","n":1,"sc":"#808080"},"geometry":{"type":"LineString","coordinates":[[1483.7,1633.3],[1483.7,1633.3]]}},{"type":"Feature","properties":{"id":"p:equipos:2929","n":1,"sc":"#808080"},"geometry":{"type":"LineString","coordinates":[[1483.2,1633.3],[1483.7,1633.3]]}},{"type":"Feature","properties":{"id":"p:equipos:2930","n":4,"sc":"#808080"},"geometry":{"type":"LineString","coordinates":[[1504.5,1629.6],[1504.5,1629.6],[1504.5,1629.6],[1504.4,1629.5],[1504.4,1629.5]]}},{"type":"Feature","properties":{"id":"p:equipos:2931","n":2,"sc":"#808080"},"geometry":{"type":"LineString","coordinates":[[1487.5,1630.9],[1489.0,1630.9],[1490.4,1630.9]]}},{"type":"Feature","properties":{"id":"p:equipos:2932","n":1,"sc":"#808080"},"geometry":{"type":"LineString","coordinates":[[1483.7,1633.3],[1484.2,1632.8]]}},{"type":"Feature","properties":{"id":"p:equipos:2933","n":1,"sc":"#808080"},"geometry":{"type":"LineString","coordinates":[[1501.9,1629.4],[1501.9,1629.4]]}},{"type":"Feature","properties":{"id":"p:equipos:2934","n":1,"sc":"#808080"},"geometry":{"type":"LineString","coordinates":[[1489.0,1630.9],[1489.4,1630.9]]}},{"type":"Feature","properties":{"id":"p:equipos:2935","n":1,"sc":"#808080"},"geometry":{"type":"LineString","coordinates":[[1490.9,1632.8],[1490.9,1632.8]]}},{"type":"Feature","properties":{"id":"p:equipos:2936","n":1,"sc":"#808080"},"geometry":{"type":"LineString","coordinates":[[1484.2,1632.8],[1484.2,1632.8]]}},{"type":"Feature","properties":{"id":"p:equipos:2937","n":1,"sc":"#808080"},"geometry":{"type":"LineString","coordinates":[[1483.7,1633.8],[1483.7,1634.2]]}},{"type":"Feature","properties":{"id":"p:equipos:2938","n":1,"sc":"#808080"},"geometry":{"type":"LineString","coordinates":[[1499.5,1632.8],[1499.5,1632.8]]}},{"type":"Feature","properties":{"id":"p:equipos:2939","n":1,"sc":"#808080"},"geometry":{"type":"LineString","coordinates":[[1502.9,1630.4],[1502.9,1630.4]]}},{"type":"Feature","properties":{"id":"p:equipos:2940","n":1,"sc":"#808080"},"geometry":{"type":"LineString","coordinates":[[1500.5,1631.8],[1500.5,1631.8]]}},{"type":"Feature","properties":{"id":"p:equipos:2941","n":1,"sc":"#808080"},"geometry":{"type":"LineString","coordinates":[[1475.5,1634.2],[1476,1634.2]]}},{"type":"Feature","properties":{"id":"p:equipos:2942","n":1,"sc":"#808080"},"geometry":{"type":"LineString","coordinates":[[1483.2,1633.3],[1475.5,1634.2]]}},{"type":"Feature","properties":{"id":"p:equipos:2943","n":4,"sc":"#808080"},"geometry":{"type":"LineString","coordinates":[[1503.4,1630.6],[1502.9,1630.5],[1502.5,1630.4],[1502.0,1630.4],[1501.6,1630.5]]}},{"type":"Feature","properties":{"id":"p:equipos:2944","n":4,"sc":"#808080"},"geometry":{"type":"LineString","coordinates":[[1475.5,1638.1],[1474.6,1637.6],[1474.6,1636.2],[1475.0,1634.7],[1475.5,1634.2]]}},{"type":"Feature","properties":{"id":"p:equipos:2945","n":1,"sc":"#808080"},"geometry":{"type":"LineString","coordinates":[[1479.4,1639.0],[1483.7,1640]]}},{"type":"Feature","properties":{"id":"p:equipos:2946","n":1,"sc":"#808080"},"geometry":{"type":"LineString","coordinates":[[1483.7,1634.2],[1484.2,1635.2]]}},{"type":"Feature","properties":{"id":"p:equipos:2947","n":1,"sc":"#808080"},"geometry":{"type":"LineString","coordinates":[[1480.3,1634.2],[1483.7,1633.8]]}},{"type":"Feature","properties":{"id":"p:equipos:2948","n":1,"sc":"#808080"},"geometry":{"type":"LineString","coordinates":[[1475.5,1638.1],[1479.4,1639.0]]}},{"type":"Feature","properties":{"id":"p:equipos:2949","n":8,"sc":"#808080"},"geometry":{"type":"LineString","coordinates":[[1475.0,1633.8],[1474.3,1634.0],[1473.7,1634.5],[1473.3,1635.2],[1473.1,1636.0],[1473.3,1636.8],[1473.7,1637.4],[1474.4,1637.9],[1475.2,1638.1]]}},{"type":"Feature","properties":{"id":"p:equipos:2950","n":1,"sc":"#808080"},"geometry":{"type":"LineString","coordinates":[[1484.2,1635.2],[1484.2,1638.1]]}},{"type":"Feature","properties":{"id":"p:equipos:2951","n":1,"sc":"#808080"},"geometry":{"type":"LineString","coordinates":[[1476,1634.2],[1480.3,1634.2]]}},{"type":"Feature","properties":{"id":"p:equipos:2952","n":2,"sc":"#808080"},"geometry":{"type":"LineString","coordinates":[[1484.2,1638.1],[1483.7,1639.5],[1483.7,1640]]}},{"type":"Feature","properties":{"id":"p:equipos:2953","n":1,"sc":"#808080"},"geometry":{"type":"LineString","coordinates":[[1505.8,1632.8],[1505.8,1632.8]]}},{"type":"Feature","properties":{"id":"p:equipos:2954","n":4,"sc":"#808080"},"geometry":{"type":"LineString","coordinates":[[1483.2,1639.9],[1483.2,1639.9],[1483.3,1639.9],[1483.3,1639.9],[1483.4,1640.0]]}},{"type":"Feature","properties":{"id":"p:equipos:2955","n":8,"sc":"#808080"},"geometry":{"type":"LineString","coordinates":[[1510.2,1639.5],[1510.7,1639.3],[1511.2,1639.0],[1511.6,1638.7],[1511.8,1638.2],[1512.0,1637.6],[1512.0,1637.1],[1511.8,1636.5],[1511.5,1636.0]]}},{"type":"Feature","properties":{"id":"p:equipos:2956","n":2,"sc":"#808080"},"geometry":{"type":"LineString","coordinates":[[1505.8,1638.1],[1505.8,1636.6],[1505.8,1635.2]]}},{"type":"Feature","properties":{"id":"p:equipos:2957","n":2,"sc":"#808080"},"geometry":{"type":"LineString","coordinates":[[1505.8,1635.2],[1506.2,1634.2],[1506.7,1633.8]]}},{"type":"Feature","properties":{"id":"p:equipos:2958","n":2,"sc":"#808080"},"geometry":{"type":"LineString","coordinates":[[1506.2,1640],[1506.2,1639.5],[1505.8,1638.1]]}},{"type":"Feature","properties":{"id":"p:equipos:2959","n":1,"sc":"#808080"},"geometry":{"type":"LineString","coordinates":[[1508.6,1632.3],[1511.5,1636.2]]}},{"type":"Feature","properties":{"id":"p:equipos:2960","n":4,"sc":"#808080"},"geometry":{"type":"LineString","coordinates":[[1506.7,1634.0],[1506.7,1634.0],[1506.6,1634.0],[1506.5,1633.9],[1506.4,1633.9]]}},{"type":"Feature","properties":{"id":"p:equipos:2961","n":1,"sc":"#808080"},"geometry":{"type":"LineString","coordinates":[[1506.2,1640],[1506.2,1640]]}},{"type":"Feature","properties":{"id":"p:equipos:2962","n":1,"sc":"#808080"},"geometry":{"type":"LineString","coordinates":[[1508.6,1634.7],[1506.7,1634.2]]}},{"type":"Feature","properties":{"id":"p:equipos:2963","n":2,"sc":"#808080"},"geometry":{"type":"LineString","coordinates":[[1501.9,1623.2],[1501.0,1623.2],[1500,1624.2]]}},{"type":"Feature","properties":{"id":"p:equipos:2964","n":1,"sc":"#808080"},"geometry":{"type":"LineString","coordinates":[[1500,1631.8],[1500,1631.8]]}},{"type":"Feature","properties":{"id":"p:equipos:2965","n":1,"sc":"#808080"},"geometry":{"type":"LineString","coordinates":[[1508.2,1639.5],[1506.2,1640]]}},{"type":"Feature","properties":{"id":"p:equipos:2966","n":1,"sc":"#808080"},"geometry":{"type":"LineString","coordinates":[[1511.0,1635.7],[1508.6,1634.7]]}},{"type":"Feature","properties":{"id":"p:equipos:2967","n":4,"sc":"#808080"},"geometry":{"type":"LineString","coordinates":[[1508.8,1632.1],[1508.6,1631.8],[1508.2,1631.6],[1507.9,1631.4],[1507.5,1631.4]]}},{"type":"Feature","properties":{"id":"p:equipos:2968","n":3,"sc":"#808080"},"geometry":{"type":"LineString","coordinates":[[1499.5,1629.0],[1499.5,1629.9],[1499.5,1630.9],[1500,1630.9]]}},{"type":"Feature","properties":{"id":"p:equipos:2969","n":1,"sc":"#808080"},"geometry":{"type":"LineString","coordinates":[[1505.8,1631.8],[1505.8,1631.8]]}},{"type":"Feature","properties":{"id":"p:equipos:2970","n":4,"sc":"#808080"},"geometry":{"type":"LineString","coordinates":[[1490.9,1630.8],[1490.9,1631.0],[1490.9,1631.2],[1490.9,1631.4],[1490.9,1631.6]]}},{"type":"Feature","properties":{"id":"p:equipos:2971","n":8,"sc":"#808080"},"geometry":{"type":"LineString","coordinates":[[1490.8,1634.0],[1490.2,1635.3],[1489.9,1636.6],[1490.0,1637.9],[1490.5,1639.2],[1491.3,1640.4],[1492.4,1641.2],[1493.6,1641.7],[1495.0,1641.9]]}},{"type":"Feature","properties":{"id":"p:equipos:2972","n":2,"sc":"#808080"},"geometry":{"type":"LineString","coordinates":[[1503.8,1624.6],[1503.4,1623.7],[1502.4,1623.2]]}},{"type":"Feature","properties":{"id":"p:equipos:2973","n":1,"sc":"#808080"},"geometry":{"type":"LineString","coordinates":[[1504.3,1629.4],[1504.3,1627.5]]}},{"type":"Feature","properties":{"id":"p:equipos:2974","n":1,"sc":"#808080"},"geometry":{"type":"LineString","coordinates":[[1504.3,1629.4],[1503.8,1629.0]]}},{"type":"Feature","properties":{"id":"p:equipos:2975","n":1,"sc":"#808080"},"geometry":{"type":"LineString","coordinates":[[1504.3,1629.4],[1504.3,1629.4]]}},{"type":"Feature","properties":{"id":"p:equipos:2976","n":1,"sc":"#808080"},"geometry":{"type":"LineString","coordinates":[[1502.4,1637.6],[1502.4,1637.6]]}},{"type":"Feature","properties":{"id":"p:equipos:2977","n":1,"sc":"#808080"},"geometry":{"type":"LineString","coordinates":[[1501.4,1637.6],[1501.4,1637.6]]}},{"type":"Feature","properties":{"id":"p:equipos:2978","n":2,"sc":"#808080"},"geometry":{"type":"LineString","coordinates":[[1485.6,1626.1],[1486.6,1625.6],[1488,1625.6]]}},{"type":"Feature","properties":{"id":"p:equipos:2979","n":1,"sc":"#808080"},"geometry":{"type":"LineString","coordinates":[[1491.4,1629.0],[1491.8,1629.4]]}},{"type":"Feature","properties":{"id":"p:equipos:2980","n":2,"sc":"#808080"},"geometry":{"type":"LineString","coordinates":[[1485.1,1628.5],[1485.1,1627.0],[1485.6,1626.1]]}},{"type":"Feature","properties":{"id":"p:equipos:2981","n":1,"sc":"#808080"},"geometry":{"type":"LineString","coordinates":[[1487.0,1631.4],[1486.6,1630.9]]}},{"type":"Feature","properties":{"id":"p:equipos:2982","n":1,"sc":"#808080"},"geometry":{"type":"LineString","coordinates":[[1504.8,1629.9],[1504.3,1629.9]]}},{"type":"Feature","properties":{"id":"p:equipos:2983","n":1,"sc":"#808080"},"geometry":{"type":"LineString","coordinates":[[1504.3,1629.9],[1504.3,1629.9]]}},{"type":"Feature","properties":{"id":"p:equipos:2984","n":4,"sc":"#808080"},"geometry":{"type":"LineString","coordinates":[[1507.0,1631.1],[1507.0,1631.1],[1506.9,1631.0],[1506.9,1631.0],[1506.9,1631.0]]}},{"type":"Feature","properties":{"id":"p:equipos:2985","n":1,"sc":"#808080"},"geometry":{"type":"LineString","coordinates":[[1510.6,1639.5],[1508.2,1639.5]]}},{"type":"Feature","properties":{"id":"p:equipos:2986","n":1,"sc":"#808080"},"geometry":{"type":"LineString","coordinates":[[1504.8,1629.9],[1504.8,1629.9]]}},{"type":"Feature","properties":{"id":"p:equipos:2987","n":3,"sc":"#808080"},"geometry":{"type":"LineString","coordinates":[[1501.9,1629.4],[1501.4,1629.4],[1501.4,1629.0],[1501.9,1629.0]]}},{"type":"Feature","properties":{"id":"p:equipos:2988","n":2,"sc":"#808080"},"geometry":{"type":"LineString","coordinates":[[1502.9,1630.4],[1502.4,1630.4],[1502.4,1629.9]]}},{"type":"Feature","properties":{"id":"p:equipos:2989","n":1,"sc":"#808080"},"geometry":{"type":"LineString","coordinates":[[1501.9,1629.0],[1501.4,1629.0]]}},{"type":"Feature","properties":{"id":"p:equipos:2990","n":1,"sc":"#808080"},"geometry":{"type":"LineString","coordinates":[[1501.4,1629.4],[1501.9,1629.4]]}},{"type":"Feature","properties":{"id":"p:equipos:2991","n":1,"sc":"#808080"},"geometry":{"type":"LineString","coordinates":[[1503.8,1631.4],[1503.8,1631.4]]}},{"type":"Feature","properties":{"id":"p:equipos:2992","n":1,"sc":"#808080"},"geometry":{"type":"LineString","coordinates":[[1504.8,1629.9],[1504.8,1629.9]]}},{"type":"Feature","properties":{"id":"p:equipos:2993","n":1,"sc":"#808080"},"geometry":{"type":"LineString","coordinates":[[1504.3,1629.9],[1504.3,1629.9]]}},{"type":"Feature","properties":{"id":"p:equipos:2994","n":4,"sc":"#808080"},"geometry":{"type":"LineString","coordinates":[[1505.7,1631.8],[1505.7,1631.8],[1505.7,1631.8],[1505.7,1631.8],[1505.7,1631.8]]}},{"type":"Feature","properties":{"id":"p:equipos:2995","n":1,"sc":"#808080"},"geometry":{"type":"LineString","coordinates":[[1502.4,1629.9],[1502.9,1630.4]]}},{"type":"Feature","properties":{"id":"p:equipos:2996","n":1,"sc":"#808080"},"geometry":{"type":"LineString","coordinates":[[1507.2,1631.4],[1507.2,1631.4]]}},{"type":"Feature","properties":{"id":"p:equipos:2997","n":1,"sc":"#808080"},"geometry":{"type":"LineString","coordinates":[[1506.2,1631.8],[1506.2,1631.8]]}},{"type":"Feature","properties":{"id":"p:equipos:2998","n":8,"sc":"#808080"},"geometry":{"type":"LineString","coordinates":[[1502.5,1628.6],[1502.2,1628.5],[1502.0,1628.5],[1501.7,1628.6],[1501.5,1628.8],[1501.4,1629.1],[1501.5,1629.4],[1501.6,1629.6],[1501.8,1629.8]]}},{"type":"Feature","properties":{"id":"p:equipos:2999","n":1,"sc":"#808080"},"geometry":{"type":"LineString","coordinates":[[1505.3,1632.3],[1505.3,1631.4]]}},{"type":"Feature","properties":{"id":"p:equipos:3000","n":1,"sc":"#808080"},"geometry":{"type":"LineString","coordinates":[[1505.3,1632.3],[1505.3,1632.3]]}},{"type":"Feature","properties":{"id":"p:equipos:3001","n":1,"sc":"#808080"},"geometry":{"type":"LineString","coordinates":[[1505.3,1632.3],[1505.3,1632.3]]}},{"type":"Feature","properties":{"id":"p:equipos:3002","n":1,"sc":"#808080"},"geometry":{"type":"LineString","coordinates":[[1505.3,1631.4],[1505.3,1632.3]]}},{"type":"Feature","properties":{"id":"p:equipos:3003","n":4,"sc":"#808080"},"geometry":{"type":"LineString","coordinates":[[1483.1,1632.8],[1483.0,1632.8],[1482.9,1632.8],[1482.9,1632.8],[1482.8,1632.8]]}},{"type":"Feature","properties":{"id":"p:equipos:3004","n":1,"sc":"#808080"},"geometry":{"type":"LineString","coordinates":[[1490.4,1630.9],[1490.4,1630.9]]}},{"type":"Feature","properties":{"id":"p:equipos:3005","n":2,"sc":"#808080"},"geometry":{"type":"LineString","coordinates":[[1502.4,1629.0],[1501.9,1629.0],[1501.9,1629.4]]}},{"type":"Feature","properties":{"id":"p:equipos:3006","n":2,"sc":"#808080"},"geometry":{"type":"LineString","coordinates":[[1505.3,1631.4],[1505.8,1630.9],[1505.3,1630.4]]}},{"type":"Feature","properties":{"id":"p:equipos:3007","n":2,"sc":"#808080"},"geometry":{"type":"LineString","coordinates":[[1505.8,1632.3],[1506.2,1631.8],[1507.2,1631.8]]}},{"type":"Feature","properties":{"id":"p:equipos:3008","n":1,"sc":"#808080"},"geometry":{"type":"LineString","coordinates":[[1505.8,1632.3],[1505.8,1632.3]]}},{"type":"Feature","properties":{"id":"p:equipos:3009","n":1,"sc":"#808080"},"geometry":{"type":"LineString","coordinates":[[1489.9,1631.8],[1489.9,1631.8]]}},{"type":"Feature","properties":{"id":"p:equipos:3010","n":1,"sc":"#808080"},"geometry":{"type":"LineString","coordinates":[[1506.7,1632.3],[1507.7,1631.8]]}},{"type":"Feature","properties":{"id":"p:equipos:3011","n":4,"sc":"#808080"},"geometry":{"type":"LineString","coordinates":[[1489.7,1630.6],[1489.5,1630.5],[1489.4,1630.4],[1489.2,1630.4],[1488.9,1630.4]]}},{"type":"Feature","properties":{"id":"p:equipos:3012","n":1,"sc":"#808080"},"geometry":{"type":"LineString","coordinates":[[1504.8,1629.9],[1507.2,1631.4]]}},{"type":"Feature","properties":{"id":"p:equipos:3013","n":8,"sc":"#808080"},"geometry":{"type":"LineString","coordinates":[[1495.0,1641.9],[1496.3,1641.7],[1497.6,1641.2],[1498.6,1640.3],[1499.4,1639.2],[1499.9,1637.9],[1500.0,1636.6],[1499.7,1635.2],[1499.1,1634.0]]}},{"type":"Feature","properties":{"id":"p:equipos:3014","n":1,"sc":"#808080"},"geometry":{"type":"LineString","coordinates":[[1506.7,1632.3],[1506.2,1633.3]]}},{"type":"Feature","properties":{"id":"p:equipos:3015","n":4,"sc":"#808080"},"geometry":{"type":"LineString","coordinates":[[1499.3,1623.9],[1499.2,1624.1],[1499.1,1624.3],[1499.1,1624.5],[1499.0,1624.7]]}},{"type":"Feature","properties":{"id":"p:equipos:3016","n":1,"sc":"#808080"},"geometry":{"type":"LineString","coordinates":[[1495.2,1628],[1495.2,1628]]}},{"type":"Feature","properties":{"id":"p:equipos:3017","n":1,"sc":"#808080"},"geometry":{"type":"LineString","coordinates":[[1499.5,1625.1],[1499.5,1627.0]]}},{"type":"Feature","properties":{"id":"p:equipos:3018","n":1,"sc":"#808080"},"geometry":{"type":"LineString","coordinates":[[1499.5,1627.0],[1499.5,1629.0]]}},{"type":"Feature","properties":{"id":"p:equipos:3019","n":1,"sc":"#808080"},"geometry":{"type":"LineString","coordinates":[[1502.4,1623.2],[1501.9,1623.2]]}},{"type":"Feature","properties":{"id":"p:equipos:3020","n":4,"sc":"#808080"},"geometry":{"type":"LineString","coordinates":[[1503.8,1624.8],[1503.8,1624.6],[1503.8,1624.5],[1503.8,1624.3],[1503.7,1624.2]]}},{"type":"Feature","properties":{"id":"p:equipos:3021","n":1,"sc":"#808080"},"geometry":{"type":"LineString","coordinates":[[1504.3,1627.5],[1503.8,1625.1]]}},{"type":"Feature","properties":{"id":"p:equipos:3022","n":1,"sc":"#808080"},"geometry":{"type":"LineString","coordinates":[[1502.9,1638.1],[1502.9,1638.1]]}},{"type":"Feature","properties":{"id":"p:equipos:3023","n":1,"sc":"#808080"},"geometry":{"type":"LineString","coordinates":[[1483.7,1633.8],[1483.2,1633.3]]}},{"type":"Feature","properties":{"id":"p:equipos:3024","n":1,"sc":"#808080"},"geometry":{"type":"LineString","coordinates":[[1484.2,1633.3],[1483.7,1633.3]]}},{"type":"Feature","properties":{"id":"p:equipos:3025","n":1,"sc":"#808080"},"geometry":{"type":"LineString","coordinates":[[1501.0,1638.1],[1501.0,1638.1]]}},{"type":"Feature","properties":{"id":"p:equipos:3026","n":1,"sc":"#808080"},"geometry":{"type":"LineString","coordinates":[[1504.3,1629.4],[1504.3,1629.4]]}},{"type":"Feature","properties":{"id":"p:equipos:3027","n":1,"sc":"#808080"},"geometry":{"type":"LineString","coordinates":[[1488.5,1626.1],[1489.9,1627.5]]}},{"type":"Feature","properties":{"id":"p:equipos:3028","n":1,"sc":"#808080"},"geometry":{"type":"LineString","coordinates":[[1489.9,1627.5],[1491.4,1629.0]]}},{"type":"Feature","properties":{"id":"p:equipos:3029","n":1,"sc":"#808080"},"geometry":{"type":"LineString","coordinates":[[1485.6,1626.1],[1485.6,1626.1]]}},{"type":"Feature","properties":{"id":"p:equipos:3030","n":1,"sc":"#808080"},"geometry":{"type":"LineString","coordinates":[[1486.6,1630.9],[1485.1,1629.0]]}},{"type":"Feature","properties":{"id":"p:equipos:3031","n":4,"sc":"#808080"},"geometry":{"type":"LineString","coordinates":[[1488.3,1625.8],[1488.2,1625.6],[1488.0,1625.5],[1487.8,1625.4],[1487.6,1625.3]]}},{"type":"Feature","properties":{"id":"p:equipos:3032","n":1,"sc":"#808080"},"geometry":{"type":"LineString","coordinates":[[1490.4,1630.9],[1490.4,1630.9]]}},{"type":"Feature","properties":{"id":"p:equipos:3033","n":4,"sc":"#808080"},"geometry":{"type":"LineString","coordinates":[[1484.3,1628.0],[1484.4,1628.2],[1484.4,1628.3],[1484.5,1628.4],[1484.6,1628.6]]}},{"type":"Feature","properties":{"id":"p:equipos:3034","n":1,"sc":"#808080"},"geometry":{"type":"LineString","coordinates":[[1490.4,1634.7],[1490.4,1634.7]]}},{"type":"Feature","properties":{"id":"p:equipos:3035","n":1,"sc":"#808080"},"geometry":{"type":"LineString","coordinates":[[1507.7,1631.8],[1507.7,1631.8]]}},{"type":"Feature","properties":{"id":"p:equipos:3036","n":1,"sc":"#808080"},"geometry":{"type":"LineString","coordinates":[[1507.2,1631.4],[1504.8,1629.9]]}},{"type":"Feature","properties":{"id":"p:equipos:3037","n":1,"sc":"#808080"},"geometry":{"type":"LineString","coordinates":[[1489.9,1631.8],[1489.9,1631.8]]}},{"type":"Feature","properties":{"id":"p:equipos:3038","n":1,"sc":"#808080"},"geometry":{"type":"LineString","coordinates":[[1489.4,1630.9],[1489.4,1630.9]]}},{"type":"Feature","properties":{"id":"p:equipos:3039","n":2,"sc":"#808080"},"geometry":{"type":"LineString","coordinates":[[1491.4,1630.9],[1492.3,1629.0],[1495.2,1628]]}},{"type":"Feature","properties":{"id":"p:equipos:3040","n":4,"sc":"#808080"},"geometry":{"type":"LineString","coordinates":[[1499.0,1631.8],[1498.6,1630.4],[1497.6,1629.0],[1496.6,1628],[1495.2,1628]]}},{"type":"Feature","properties":{"id":"p:equipos:3041","n":4,"sc":"#808080"},"geometry":{"type":"LineString","coordinates":[[1495.2,1628],[1493.3,1628],[1492.3,1629.0],[1491.4,1630.4],[1490.9,1631.8]]}},{"type":"Feature","properties":{"id":"p:equipos:3042","n":4,"sc":"#808080"},"geometry":{"type":"LineString","coordinates":[[1499.0,1634.2],[1497.1,1632.8],[1495.2,1632.3],[1492.8,1632.8],[1490.9,1634.2]]}},{"type":"Feature","properties":{"id":"p:equipos:3043","n":1,"sc":"#808080"},"geometry":{"type":"LineString","coordinates":[[1499.0,1631.8],[1499.0,1634.2]]}},{"type":"Feature","properties":{"id":"p:equipos:3044","n":1,"sc":"#808080"},"geometry":{"type":"LineString","coordinates":[[1490.9,1631.8],[1490.9,1634.2]]}},{"type":"Feature","properties":{"id":"p:equipos:3045","n":4,"sc":"#808080"},"geometry":{"type":"LineString","coordinates":[[1469.5,1635.7],[1469.3,1635.6],[1469.2,1635.5],[1469.1,1635.4],[1468.9,1635.4]]}},{"type":"Feature","properties":{"id":"p:equipos:3046","n":2,"sc":"#808080"},"geometry":{"type":"LineString","coordinates":[[1460.2,1631.4],[1462.6,1631.8],[1464,1632.8]]}},{"type":"Feature","properties":{"id":"p:equipos:3047","n":1,"sc":"#808080"},"geometry":{"type":"LineString","coordinates":[[1441.9,1634.2],[1442.9,1632.8]]}},{"type":"Feature","properties":{"id":"p:equipos:3048","n":2,"sc":"#808080"},"geometry":{"type":"LineString","coordinates":[[1445.8,1642.4],[1443.8,1641.9],[1442.4,1640.5]]}},{"type":"Feature","properties":{"id":"p:equipos:3049","n":1,"sc":"#808080"},"geometry":{"type":"LineString","coordinates":[[1449.1,1642.4],[1445.8,1642.4]]}},{"type":"Feature","properties":{"id":"p:equipos:3050","n":1,"sc":"#808080"},"geometry":{"type":"LineString","coordinates":[[1458.7,1636.2],[1458.7,1636.2]]}},{"type":"Feature","properties":{"id":"p:equipos:3051","n":1,"sc":"#808080"},"geometry":{"type":"LineString","coordinates":[[1457.3,1631.4],[1460.2,1631.4]]}},{"type":"Feature","properties":{"id":"p:equipos:3052","n":1,"sc":"#808080"},"geometry":{"type":"LineString","coordinates":[[1446.7,1631.4],[1449.6,1631.4]]}},{"type":"Feature","properties":{"id":"p:equipos:3053","n":1,"sc":"#808080"},"geometry":{"type":"LineString","coordinates":[[1457.8,1642.4],[1449.1,1642.4]]}},{"type":"Feature","properties":{"id":"p:equipos:3054","n":1,"sc":"#808080"},"geometry":{"type":"LineString","coordinates":[[1461.1,1641.9],[1457.8,1642.4]]}},{"type":"Feature","properties":{"id":"p:equipos:3055","n":2,"sc":"#808080"},"geometry":{"type":"LineString","coordinates":[[1442.9,1632.8],[1444.3,1631.8],[1446.7,1631.4]]}},{"type":"Feature","properties":{"id":"p:equipos:3056","n":1,"sc":"#808080"},"geometry":{"type":"LineString","coordinates":[[1464,1632.8],[1465.0,1634.2]]}},{"type":"Feature","properties":{"id":"p:equipos:3057","n":2,"sc":"#808080"},"geometry":{"type":"LineString","coordinates":[[1465.0,1640.5],[1463.0,1641.4],[1461.1,1641.9]]}},{"type":"Feature","properties":{"id":"p:equipos:3058","n":1,"sc":"#808080"},"geometry":{"type":"LineString","coordinates":[[1465.9,1631.8],[1465.9,1632.3]]}},{"type":"Feature","properties":{"id":"p:equipos:3059","n":2,"sc":"#808080"},"geometry":{"type":"LineString","coordinates":[[1460.2,1629.0],[1461.6,1629.0],[1463.0,1629.9]]}},{"type":"Feature","properties":{"id":"p:equipos:3060","n":1,"sc":"#808080"},"geometry":{"type":"LineString","coordinates":[[1463.0,1629.9],[1464,1630.4]]}},{"type":"Feature","properties":{"id":"p:equipos:3061","n":1,"sc":"#808080"},"geometry":{"type":"LineString","coordinates":[[1463.0,1629.9],[1463.0,1629.9]]}},{"type":"Feature","properties":{"id":"p:equipos:3062","n":1,"sc":"#808080"},"geometry":{"type":"LineString","coordinates":[[1463.0,1629.9],[1463.0,1629.9]]}},{"type":"Feature","properties":{"id":"p:equipos:3063","n":1,"sc":"#808080"},"geometry":{"type":"LineString","coordinates":[[1461.6,1630.9],[1461.1,1630.9]]}},{"type":"Feature","properties":{"id":"p:equipos:3064","n":1,"sc":"#808080"},"geometry":{"type":"LineString","coordinates":[[1464,1630.9],[1465.0,1631.4]]}},{"type":"Feature","properties":{"id":"p:equipos:3065","n":1,"sc":"#808080"},"geometry":{"type":"LineString","coordinates":[[1465.4,1631.8],[1465.9,1632.3]]}},{"type":"Feature","properties":{"id":"p:equipos:3066","n":1,"sc":"#808080"},"geometry":{"type":"LineString","coordinates":[[1465.4,1631.8],[1465.4,1631.8]]}},{"type":"Feature","properties":{"id":"p:equipos:3067","n":1,"sc":"#808080"},"geometry":{"type":"LineString","coordinates":[[1463.5,1632.3],[1463.5,1632.3]]}},{"type":"Feature","properties":{"id":"p:equipos:3068","n":1,"sc":"#808080"},"geometry":{"type":"LineString","coordinates":[[1461.1,1629.0],[1464,1630.9]]}},{"type":"Feature","properties":{"id":"p:equipos:3069","n":1,"sc":"#808080"},"geometry":{"type":"LineString","coordinates":[[1462.6,1631.8],[1460.6,1629.9]]}},{"type":"Feature","properties":{"id":"p:equipos:3070","n":4,"sc":"#808080"},"geometry":{"type":"LineString","coordinates":[[1458.0,1635.2],[1458.0,1635.2],[1458.0,1635.2],[1458.0,1635.2],[1458.0,1635.2]]}},{"type":"Feature","properties":{"id":"p:equipos:3071","n":4,"sc":"#808080"},"geometry":{"type":"LineString","coordinates":[[1467.0,1632.5],[1466.6,1632.3],[1466.1,1632.2],[1465.6,1632.3],[1465.0,1632.5]]}},{"type":"Feature","properties":{"id":"p:equipos:3072","n":1,"sc":"#808080"},"geometry":{"type":"LineString","coordinates":[[1465.4,1631.8],[1465.9,1631.8]]}},{"type":"Feature","properties":{"id":"p:equipos:3073","n":1,"sc":"#808080"},"geometry":{"type":"LineString","coordinates":[[1441.9,1633.3],[1442.4,1633.3]]}},{"type":"Feature","properties":{"id":"p:equipos:3074","n":1,"sc":"#808080"},"geometry":{"type":"LineString","coordinates":[[1441.4,1633.8],[1441.9,1633.3]]}},{"type":"Feature","properties":{"id":"p:equipos:3075","n":4,"sc":"#808080"},"geometry":{"type":"LineString","coordinates":[[1462.8,1629.6],[1462.7,1629.6],[1462.7,1629.6],[1462.7,1629.5],[1462.7,1629.5]]}},{"type":"Feature","properties":{"id":"p:equipos:3076","n":2,"sc":"#808080"},"geometry":{"type":"LineString","coordinates":[[1445.8,1631.4],[1447.2,1630.9],[1448.6,1630.9]]}},{"type":"Feature","properties":{"id":"p:equipos:3077","n":1,"sc":"#808080"},"geometry":{"type":"LineString","coordinates":[[1441.9,1633.8],[1442.9,1633.3]]}},{"type":"Feature","properties":{"id":"p:equipos:3078","n":1,"sc":"#808080"},"geometry":{"type":"LineString","coordinates":[[1460.2,1629.4],[1460.2,1629.4]]}},{"type":"Feature","properties":{"id":"p:equipos:3079","n":1,"sc":"#808080"},"geometry":{"type":"LineString","coordinates":[[1447.2,1631.4],[1447.7,1631.4]]}},{"type":"Feature","properties":{"id":"p:equipos:3080","n":1,"sc":"#808080"},"geometry":{"type":"LineString","coordinates":[[1449.1,1632.8],[1449.1,1632.8]]}},{"type":"Feature","properties":{"id":"p:equipos:3081","n":1,"sc":"#808080"},"geometry":{"type":"LineString","coordinates":[[1442.9,1632.8],[1442.9,1632.8]]}},{"type":"Feature","properties":{"id":"p:equipos:3082","n":1,"sc":"#808080"},"geometry":{"type":"LineString","coordinates":[[1441.9,1634.2],[1441.9,1634.2]]}},{"type":"Feature","properties":{"id":"p:equipos:3083","n":1,"sc":"#808080"},"geometry":{"type":"LineString","coordinates":[[1457.8,1632.8],[1457.8,1632.8]]}},{"type":"Feature","properties":{"id":"p:equipos:3084","n":1,"sc":"#808080"},"geometry":{"type":"LineString","coordinates":[[1461.1,1630.4],[1461.1,1630.4]]}},{"type":"Feature","properties":{"id":"p:equipos:3085","n":1,"sc":"#808080"},"geometry":{"type":"LineString","coordinates":[[1459.2,1631.8],[1459.2,1631.8]]}},{"type":"Feature","properties":{"id":"p:equipos:3086","n":1,"sc":"#808080"},"geometry":{"type":"LineString","coordinates":[[1434.2,1634.2],[1434.2,1634.2]]}},{"type":"Feature","properties":{"id":"p:equipos:3087","n":1,"sc":"#808080"},"geometry":{"type":"LineString","coordinates":[[1441.4,1633.8],[1433.8,1634.2]]}},{"type":"Feature","properties":{"id":"p:equipos:3088","n":4,"sc":"#808080"},"geometry":{"type":"LineString","coordinates":[[1462.1,1631.1],[1461.6,1631.0],[1461.2,1630.9],[1460.7,1630.9],[1460.3,1630.9]]}},{"type":"Feature","properties":{"id":"p:equipos:3089","n":4,"sc":"#808080"},"geometry":{"type":"LineString","coordinates":[[1433.8,1638.6],[1433.3,1637.6],[1432.8,1636.2],[1433.3,1635.2],[1434.2,1634.2]]}},{"type":"Feature","properties":{"id":"p:equipos:3090","n":1,"sc":"#808080"},"geometry":{"type":"LineString","coordinates":[[1438.1,1639.5],[1441.9,1640.5]]}},{"type":"Feature","properties":{"id":"p:equipos:3091","n":1,"sc":"#808080"},"geometry":{"type":"LineString","coordinates":[[1441.9,1634.2],[1442.4,1635.7]]}},{"type":"Feature","properties":{"id":"p:equipos:3092","n":1,"sc":"#808080"},"geometry":{"type":"LineString","coordinates":[[1438.6,1634.2],[1441.9,1634.2]]}},{"type":"Feature","properties":{"id":"p:equipos:3093","n":1,"sc":"#808080"},"geometry":{"type":"LineString","coordinates":[[1433.8,1638.6],[1438.1,1639.5]]}},{"type":"Feature","properties":{"id":"p:equipos:3094","n":8,"sc":"#808080"},"geometry":{"type":"LineString","coordinates":[[1433.8,1634.3],[1433.0,1634.5],[1432.4,1635.0],[1432.0,1635.7],[1431.8,1636.5],[1432.0,1637.2],[1432.4,1637.9],[1433.1,1638.4],[1433.9,1638.6]]}},{"type":"Feature","properties":{"id":"p:equipos:3095","n":1,"sc":"#808080"},"geometry":{"type":"LineString","coordinates":[[1442.4,1635.7],[1442.9,1638.1]]}},{"type":"Feature","properties":{"id":"p:equipos:3096","n":1,"sc":"#808080"},"geometry":{"type":"LineString","coordinates":[[1434.2,1634.2],[1438.6,1634.2]]}},{"type":"Feature","properties":{"id":"p:equipos:3097","n":2,"sc":"#808080"},"geometry":{"type":"LineString","coordinates":[[1442.9,1638.1],[1442.4,1640],[1442.4,1640.5]]}},{"type":"Feature","properties":{"id":"p:equipos:3098","n":1,"sc":"#808080"},"geometry":{"type":"LineString","coordinates":[[1464,1632.8],[1464,1632.8]]}},{"type":"Feature","properties":{"id":"p:equipos:3099","n":4,"sc":"#808080"},"geometry":{"type":"LineString","coordinates":[[1441.9,1639.9],[1441.9,1639.9],[1442.0,1639.9],[1442.0,1639.9],[1442.1,1640.0]]}},{"type":"Feature","properties":{"id":"p:equipos:3100","n":8,"sc":"#808080"},"geometry":{"type":"LineString","coordinates":[[1468.4,1639.5],[1469.0,1639.3],[1469.4,1639.0],[1469.8,1638.7],[1470.1,1638.2],[1470.2,1637.6],[1470.2,1637.1],[1470.1,1636.5],[1469.8,1636.0]]}},{"type":"Feature","properties":{"id":"p:equipos:3101","n":2,"sc":"#808080"},"geometry":{"type":"LineString","coordinates":[[1464,1638.1],[1464,1636.6],[1464.5,1635.2]]}},{"type":"Feature","properties":{"id":"p:equipos:3102","n":1,"sc":"#808080"},"geometry":{"type":"LineString","coordinates":[[1464.5,1635.2],[1465.0,1634.2]]}},{"type":"Feature","properties":{"id":"p:equipos:3103","n":2,"sc":"#808080"},"geometry":{"type":"LineString","coordinates":[[1465.0,1640.5],[1464.5,1639.5],[1464,1638.1]]}},{"type":"Feature","properties":{"id":"p:equipos:3104","n":1,"sc":"#808080"},"geometry":{"type":"LineString","coordinates":[[1467.4,1632.8],[1470.2,1636.6]]}},{"type":"Feature","properties":{"id":"p:equipos:3105","n":4,"sc":"#808080"},"geometry":{"type":"LineString","coordinates":[[1465.0,1634.0],[1464.9,1634.0],[1464.8,1634.0],[1464.8,1633.9],[1464.7,1633.9]]}},{"type":"Feature","properties":{"id":"p:equipos:3106","n":1,"sc":"#808080"},"geometry":{"type":"LineString","coordinates":[[1465.0,1640.5],[1465.0,1640.5]]}},{"type":"Feature","properties":{"id":"p:equipos:3107","n":1,"sc":"#808080"},"geometry":{"type":"LineString","coordinates":[[1467.4,1635.2],[1465.4,1634.2]]}},{"type":"Feature","properties":{"id":"p:equipos:3108","n":2,"sc":"#808080"},"geometry":{"type":"LineString","coordinates":[[1460.2,1623.7],[1459.2,1623.7],[1458.2,1624.6]]}},{"type":"Feature","properties":{"id":"p:equipos:3109","n":1,"sc":"#808080"},"geometry":{"type":"LineString","coordinates":[[1458.7,1631.8],[1458.7,1631.8]]}},{"type":"Feature","properties":{"id":"p:equipos:3110","n":1,"sc":"#808080"},"geometry":{"type":"LineString","coordinates":[[1466.9,1640],[1465.0,1640.5]]}},{"type":"Feature","properties":{"id":"p:equipos:3111","n":1,"sc":"#808080"},"geometry":{"type":"LineString","coordinates":[[1469.3,1635.7],[1467.4,1635.2]]}},{"type":"Feature","properties":{"id":"p:equipos:3112","n":4,"sc":"#808080"},"geometry":{"type":"LineString","coordinates":[[1467.1,1632.6],[1466.8,1632.3],[1466.5,1632.0],[1466.1,1631.9],[1465.7,1631.8]]}},{"type":"Feature","properties":{"id":"p:equipos:3113","n":3,"sc":"#808080"},"geometry":{"type":"LineString","coordinates":[[1457.8,1629.0],[1457.8,1630.4],[1458.2,1630.9],[1458.2,1631.4]]}},{"type":"Feature","properties":{"id":"p:equipos:3114","n":1,"sc":"#808080"},"geometry":{"type":"LineString","coordinates":[[1464,1632.3],[1464,1632.3]]}},{"type":"Feature","properties":{"id":"p:equipos:3115","n":4,"sc":"#808080"},"geometry":{"type":"LineString","coordinates":[[1449.2,1630.8],[1449.2,1631.0],[1449.1,1631.2],[1449.1,1631.4],[1449.1,1631.6]]}},{"type":"Feature","properties":{"id":"p:equipos:3116","n":8,"sc":"#808080"},"geometry":{"type":"LineString","coordinates":[[1449.0,1634.0],[1448.4,1635.3],[1448.2,1636.6],[1448.3,1637.9],[1448.7,1639.2],[1449.6,1640.4],[1450.6,1641.2],[1451.9,1641.7],[1453.2,1641.9]]}},{"type":"Feature","properties":{"id":"p:equipos:3117","n":2,"sc":"#808080"},"geometry":{"type":"LineString","coordinates":[[1462.6,1624.6],[1461.6,1623.7],[1460.6,1623.7]]}},{"type":"Feature","properties":{"id":"p:equipos:3118","n":1,"sc":"#808080"},"geometry":{"type":"LineString","coordinates":[[1462.6,1629.4],[1462.6,1627.5]]}},{"type":"Feature","properties":{"id":"p:equipos:3119","n":1,"sc":"#808080"},"geometry":{"type":"LineString","coordinates":[[1462.6,1629.4],[1462.1,1629.4]]}},{"type":"Feature","properties":{"id":"p:equipos:3120","n":1,"sc":"#808080"},"geometry":{"type":"LineString","coordinates":[[1462.6,1629.4],[1462.6,1629.4]]}},{"type":"Feature","properties":{"id":"p:equipos:3121","n":1,"sc":"#808080"},"geometry":{"type":"LineString","coordinates":[[1460.6,1638.1],[1460.6,1638.1]]}},{"type":"Feature","properties":{"id":"p:equipos:3122","n":1,"sc":"#808080"},"geometry":{"type":"LineString","coordinates":[[1459.7,1638.1],[1459.7,1638.1]]}},{"type":"Feature","properties":{"id":"p:equipos:3123","n":2,"sc":"#808080"},"geometry":{"type":"LineString","coordinates":[[1444.3,1626.1],[1445.3,1625.6],[1446.2,1625.6]]}},{"type":"Feature","properties":{"id":"p:equipos:3124","n":1,"sc":"#808080"},"geometry":{"type":"LineString","coordinates":[[1449.6,1629.0],[1450.1,1629.4]]}},{"type":"Feature","properties":{"id":"p:equipos:3125","n":2,"sc":"#808080"},"geometry":{"type":"LineString","coordinates":[[1443.4,1628.5],[1443.4,1627.5],[1443.8,1626.6]]}},{"type":"Feature","properties":{"id":"p:equipos:3126","n":1,"sc":"#808080"},"geometry":{"type":"LineString","coordinates":[[1445.3,1631.4],[1445.3,1630.9]]}},{"type":"Feature","properties":{"id":"p:equipos:3127","n":1,"sc":"#808080"},"geometry":{"type":"LineString","coordinates":[[1463.0,1629.9],[1463.0,1629.9]]}},{"type":"Feature","properties":{"id":"p:equipos:3128","n":1,"sc":"#808080"},"geometry":{"type":"LineString","coordinates":[[1463.0,1629.9],[1462.6,1629.9]]}},{"type":"Feature","properties":{"id":"p:equipos:3129","n":4,"sc":"#808080"},"geometry":{"type":"LineString","coordinates":[[1465.7,1631.6],[1465.7,1631.5],[1465.7,1631.5],[1465.6,1631.5],[1465.6,1631.5]]}},{"type":"Feature","properties":{"id":"p:equipos:3130","n":1,"sc":"#808080"},"geometry":{"type":"LineString","coordinates":[[1468.8,1639.5],[1466.9,1640]]}},{"type":"Feature","properties":{"id":"p:equipos:3131","n":1,"sc":"#808080"},"geometry":{"type":"LineString","coordinates":[[1463.0,1629.9],[1463.0,1629.9]]}},{"type":"Feature","properties":{"id":"p:equipos:3132","n":3,"sc":"#808080"},"geometry":{"type":"LineString","coordinates":[[1460.2,1629.9],[1459.7,1629.4],[1460.2,1629.4],[1460.2,1629.0]]}},{"type":"Feature","properties":{"id":"p:equipos:3133","n":1,"sc":"#808080"},"geometry":{"type":"LineString","coordinates":[[1461.1,1630.9],[1460.6,1630.4]]}},{"type":"Feature","properties":{"id":"p:equipos:3134","n":1,"sc":"#808080"},"geometry":{"type":"LineString","coordinates":[[1460.2,1629.0],[1460.2,1629.4]]}},{"type":"Feature","properties":{"id":"p:equipos:3135","n":1,"sc":"#808080"},"geometry":{"type":"LineString","coordinates":[[1460.2,1629.4],[1460.2,1629.9]]}},{"type":"Feature","properties":{"id":"p:equipos:3136","n":1,"sc":"#808080"},"geometry":{"type":"LineString","coordinates":[[1462.1,1631.4],[1462.1,1631.4]]}},{"type":"Feature","properties":{"id":"p:equipos:3137","n":1,"sc":"#808080"},"geometry":{"type":"LineString","coordinates":[[1463.0,1629.9],[1463.0,1629.9]]}},{"type":"Feature","properties":{"id":"p:equipos:3138","n":1,"sc":"#808080"},"geometry":{"type":"LineString","coordinates":[[1462.6,1629.9],[1463.0,1629.9]]}},{"type":"Feature","properties":{"id":"p:equipos:3139","n":4,"sc":"#808080"},"geometry":{"type":"LineString","coordinates":[[1464.0,1632.3],[1464.0,1632.3],[1464.0,1632.3],[1464.0,1632.3],[1464.0,1632.3]]}},{"type":"Feature","properties":{"id":"p:equipos:3140","n":1,"sc":"#808080"},"geometry":{"type":"LineString","coordinates":[[1460.6,1630.4],[1461.1,1630.9]]}},{"type":"Feature","properties":{"id":"p:equipos:3141","n":1,"sc":"#808080"},"geometry":{"type":"LineString","coordinates":[[1465.4,1631.8],[1465.4,1631.8]]}},{"type":"Feature","properties":{"id":"p:equipos:3142","n":1,"sc":"#808080"},"geometry":{"type":"LineString","coordinates":[[1465.0,1631.8],[1465.0,1631.8]]}},{"type":"Feature","properties":{"id":"p:equipos:3143","n":8,"sc":"#808080"},"geometry":{"type":"LineString","coordinates":[[1460.7,1628.6],[1460.5,1628.5],[1460.2,1628.5],[1460.0,1628.6],[1459.8,1628.8],[1459.7,1629.1],[1459.7,1629.4],[1459.8,1629.6],[1460.0,1629.8]]}},{"type":"Feature","properties":{"id":"p:equipos:3144","n":1,"sc":"#808080"},"geometry":{"type":"LineString","coordinates":[[1463.5,1632.3],[1463.5,1631.8]]}},{"type":"Feature","properties":{"id":"p:equipos:3145","n":1,"sc":"#808080"},"geometry":{"type":"LineString","coordinates":[[1463.5,1632.3],[1463.5,1632.3]]}},{"type":"Feature","properties":{"id":"p:equipos:3146","n":1,"sc":"#808080"},"geometry":{"type":"LineString","coordinates":[[1463.5,1632.3],[1463.5,1632.3]]}},{"type":"Feature","properties":{"id":"p:equipos:3147","n":1,"sc":"#808080"},"geometry":{"type":"LineString","coordinates":[[1463.5,1631.8],[1463.5,1632.3]]}},{"type":"Feature","properties":{"id":"p:equipos:3148","n":4,"sc":"#808080"},"geometry":{"type":"LineString","coordinates":[[1441.3,1633.3],[1441.3,1633.3],[1441.2,1633.3],[1441.1,1633.3],[1441.0,1633.3]]}},{"type":"Feature","properties":{"id":"p:equipos:3149","n":1,"sc":"#808080"},"geometry":{"type":"LineString","coordinates":[[1448.6,1630.9],[1449.1,1631.4]]}},{"type":"Feature","properties":{"id":"p:equipos:3150","n":2,"sc":"#808080"},"geometry":{"type":"LineString","coordinates":[[1461.1,1629.0],[1460.6,1629.4],[1460.2,1629.9]]}},{"type":"Feature","properties":{"id":"p:equipos:3151","n":2,"sc":"#808080"},"geometry":{"type":"LineString","coordinates":[[1463.5,1631.8],[1464,1631.4],[1464,1630.9]]}},{"type":"Feature","properties":{"id":"p:equipos:3152","n":2,"sc":"#808080"},"geometry":{"type":"LineString","coordinates":[[1464,1632.8],[1465.0,1631.8],[1465.4,1631.8]]}},{"type":"Feature","properties":{"id":"p:equipos:3153","n":1,"sc":"#808080"},"geometry":{"type":"LineString","coordinates":[[1464,1632.8],[1464,1632.8]]}},{"type":"Feature","properties":{"id":"p:equipos:3154","n":1,"sc":"#808080"},"geometry":{"type":"LineString","coordinates":[[1448.2,1632.3],[1448.2,1632.3]]}},{"type":"Feature","properties":{"id":"p:equipos:3155","n":1,"sc":"#808080"},"geometry":{"type":"LineString","coordinates":[[1465.4,1632.3],[1465.9,1632.3]]}},{"type":"Feature","properties":{"id":"p:equipos:3156","n":4,"sc":"#808080"},"geometry":{"type":"LineString","coordinates":[[1448.0,1631.1],[1447.8,1631.0],[1447.6,1630.9],[1447.4,1630.9],[1447.2,1630.9]]}},{"type":"Feature","properties":{"id":"p:equipos:3157","n":1,"sc":"#808080"},"geometry":{"type":"LineString","coordinates":[[1463.0,1629.9],[1465.4,1631.8]]}},{"type":"Feature","properties":{"id":"p:equipos:3158","n":8,"sc":"#808080"},"geometry":{"type":"LineString","coordinates":[[1453.2,1641.9],[1454.6,1641.7],[1455.8,1641.2],[1456.9,1640.3],[1457.7,1639.2],[1458.1,1637.9],[1458.2,1636.6],[1458.0,1635.2],[1457.3,1634.0]]}},{"type":"Feature","properties":{"id":"p:equipos:3159","n":1,"sc":"#808080"},"geometry":{"type":"LineString","coordinates":[[1465.4,1632.3],[1464.5,1633.3]]}},{"type":"Feature","properties":{"id":"p:equipos:3160","n":4,"sc":"#808080"},"geometry":{"type":"LineString","coordinates":[[1458.0,1624.3],[1457.9,1624.5],[1457.8,1624.7],[1457.8,1625.0],[1457.8,1625.2]]}},{"type":"Feature","properties":{"id":"p:equipos:3161","n":1,"sc":"#808080"},"geometry":{"type":"LineString","coordinates":[[1453.4,1628],[1453.4,1628]]}},{"type":"Feature","properties":{"id":"p:equipos:3162","n":1,"sc":"#808080"},"geometry":{"type":"LineString","coordinates":[[1458.2,1625.1],[1457.8,1627.5]]}},{"type":"Feature","properties":{"id":"p:equipos:3163","n":1,"sc":"#808080"},"geometry":{"type":"LineString","coordinates":[[1457.8,1627.5],[1457.8,1629.0]]}},{"type":"Feature","properties":{"id":"p:equipos:3164","n":1,"sc":"#808080"},"geometry":{"type":"LineString","coordinates":[[1460.6,1623.7],[1460.2,1623.7]]}},{"type":"Feature","properties":{"id":"p:equipos:3165","n":4,"sc":"#808080"},"geometry":{"type":"LineString","coordinates":[[1462.6,1625.3],[1462.5,1625.1],[1462.5,1625.0],[1462.5,1624.8],[1462.4,1624.7]]}},{"type":"Feature","properties":{"id":"p:equipos:3166","n":1,"sc":"#808080"},"geometry":{"type":"LineString","coordinates":[[1462.6,1627.5],[1462.6,1625.1]]}},{"type":"Feature","properties":{"id":"p:equipos:3167","n":1,"sc":"#808080"},"geometry":{"type":"LineString","coordinates":[[1461.1,1638.1],[1461.1,1638.1]]}},{"type":"Feature","properties":{"id":"p:equipos:3168","n":1,"sc":"#808080"},"geometry":{"type":"LineString","coordinates":[[1441.9,1633.8],[1441.9,1633.8]]}},{"type":"Feature","properties":{"id":"p:equipos:3169","n":1,"sc":"#808080"},"geometry":{"type":"LineString","coordinates":[[1442.4,1633.3],[1442.4,1633.3]]}},{"type":"Feature","properties":{"id":"p:equipos:3170","n":1,"sc":"#808080"},"geometry":{"type":"LineString","coordinates":[[1459.2,1638.1],[1459.2,1638.1]]}},{"type":"Feature","properties":{"id":"p:equipos:3171","n":1,"sc":"#808080"},"geometry":{"type":"LineString","coordinates":[[1462.6,1629.4],[1462.6,1629.4]]}},{"type":"Feature","properties":{"id":"p:equipos:3172","n":1,"sc":"#808080"},"geometry":{"type":"LineString","coordinates":[[1446.7,1626.1],[1448.6,1628]]}},{"type":"Feature","properties":{"id":"p:equipos:3173","n":1,"sc":"#808080"},"geometry":{"type":"LineString","coordinates":[[1448.6,1628],[1449.6,1629.0]]}},{"type":"Feature","properties":{"id":"p:equipos:3174","n":1,"sc":"#808080"},"geometry":{"type":"LineString","coordinates":[[1443.8,1626.6],[1444.3,1626.1]]}},{"type":"Feature","properties":{"id":"p:equipos:3175","n":1,"sc":"#808080"},"geometry":{"type":"LineString","coordinates":[[1445.3,1630.9],[1443.8,1629.0]]}},{"type":"Feature","properties":{"id":"p:equipos:3176","n":4,"sc":"#808080"},"geometry":{"type":"LineString","coordinates":[[1447.1,1625.8],[1446.9,1625.6],[1446.7,1625.5],[1446.5,1625.4],[1446.3,1625.3]]}},{"type":"Feature","properties":{"id":"p:equipos:3177","n":1,"sc":"#808080"},"geometry":{"type":"LineString","coordinates":[[1448.6,1630.9],[1449.1,1631.4]]}},{"type":"Feature","properties":{"id":"p:equipos:3178","n":4,"sc":"#808080"},"geometry":{"type":"LineString","coordinates":[[1443.0,1628.5],[1443.1,1628.7],[1443.1,1628.8],[1443.2,1628.9],[1443.3,1629.1]]}},{"type":"Feature","properties":{"id":"p:equipos:3179","n":1,"sc":"#808080"},"geometry":{"type":"LineString","coordinates":[[1448.6,1635.2],[1448.6,1635.2]]}},{"type":"Feature","properties":{"id":"p:equipos:3180","n":1,"sc":"#808080"},"geometry":{"type":"LineString","coordinates":[[1465.9,1632.3],[1465.9,1632.3]]}},{"type":"Feature","properties":{"id":"p:equipos:3181","n":1,"sc":"#808080"},"geometry":{"type":"LineString","coordinates":[[1465.4,1631.8],[1463.0,1629.9]]}},{"type":"Feature","properties":{"id":"p:equipos:3182","n":1,"sc":"#808080"},"geometry":{"type":"LineString","coordinates":[[1448.2,1631.8],[1448.2,1631.8]]}},{"type":"Feature","properties":{"id":"p:equipos:3183","n":1,"sc":"#808080"},"geometry":{"type":"LineString","coordinates":[[1447.7,1631.4],[1448.2,1631.4]]}},{"type":"Feature","properties":{"id":"p:equipos:3184","n":2,"sc":"#808080"},"geometry":{"type":"LineString","coordinates":[[1449.6,1631.4],[1451.0,1629.0],[1453.4,1628]]}},{"type":"Feature","properties":{"id":"p:equipos:3185","n":4,"sc":"#808080"},"geometry":{"type":"LineString","coordinates":[[1457.3,1631.8],[1457.3,1630.4],[1456.3,1629.4],[1454.9,1628.5],[1453.4,1628]]}},{"type":"Feature","properties":{"id":"p:equipos:3186","n":4,"sc":"#808080"},"geometry":{"type":"LineString","coordinates":[[1453.4,1628],[1452,1628.5],[1450.6,1629.4],[1449.6,1630.4],[1449.6,1631.8]]}},{"type":"Feature","properties":{"id":"p:equipos:3187","n":4,"sc":"#808080"},"geometry":{"type":"LineString","coordinates":[[1457.3,1634.2],[1455.8,1632.8],[1453.4,1632.3],[1451.0,1633.3],[1449.6,1634.7]]}},{"type":"Feature","properties":{"id":"p:equipos:3188","n":1,"sc":"#808080"},"geometry":{"type":"LineString","coordinates":[[1457.3,1631.8],[1457.3,1634.2]]}},{"type":"Feature","properties":{"id":"p:equipos:3189","n":1,"sc":"#808080"},"geometry":{"type":"LineString","coordinates":[[1449.6,1631.8],[1449.6,1634.7]]}},{"type":"Feature","properties":{"id":"p:equipos:3190","n":4,"sc":"#808080"},"geometry":{"type":"LineString","coordinates":[[1435.0,1551.2],[1435.1,1551.3],[1435.3,1551.4],[1435.4,1551.4],[1435.6,1551.5]]}},{"type":"Feature","properties":{"id":"p:equipos:3191","n":2,"sc":"#808080"},"geometry":{"type":"LineString","coordinates":[[1444.8,1556.5],[1442.9,1556],[1441.4,1554.6]]}},{"type":"Feature","properties":{"id":"p:equipos:3192","n":1,"sc":"#808080"},"geometry":{"type":"LineString","coordinates":[[1463.5,1553.6],[1462.6,1554.6]]}},{"type":"Feature","properties":{"id":"p:equipos:3193","n":2,"sc":"#808080"},"geometry":{"type":"LineString","coordinates":[[1459.7,1545.4],[1461.6,1545.9],[1463.0,1547.4]]}},{"type":"Feature","properties":{"id":"p:equipos:3194","n":1,"sc":"#808080"},"geometry":{"type":"LineString","coordinates":[[1455.8,1545.4],[1459.7,1545.4]]}},{"type":"Feature","properties":{"id":"p:equipos:3195","n":1,"sc":"#808080"},"geometry":{"type":"LineString","coordinates":[[1446.7,1551.7],[1446.7,1551.7]]}},{"type":"Feature","properties":{"id":"p:equipos:3196","n":1,"sc":"#808080"},"geometry":{"type":"LineString","coordinates":[[1448.2,1556.5],[1444.8,1556.5]]}},{"type":"Feature","properties":{"id":"p:equipos:3197","n":1,"sc":"#808080"},"geometry":{"type":"LineString","coordinates":[[1458.7,1556.5],[1455.8,1556.5]]}},{"type":"Feature","properties":{"id":"p:equipos:3198","n":1,"sc":"#808080"},"geometry":{"type":"LineString","coordinates":[[1447.7,1545.4],[1455.8,1545.4]]}},{"type":"Feature","properties":{"id":"p:equipos:3199","n":1,"sc":"#808080"},"geometry":{"type":"LineString","coordinates":[[1444.3,1545.4],[1447.7,1545.4]]}},{"type":"Feature","properties":{"id":"p:equipos:3200","n":2,"sc":"#808080"},"geometry":{"type":"LineString","coordinates":[[1462.6,1554.6],[1461.1,1556],[1458.7,1556.5]]}},{"type":"Feature","properties":{"id":"p:equipos:3201","n":1,"sc":"#808080"},"geometry":{"type":"LineString","coordinates":[[1441.4,1554.6],[1440.5,1553.6]]}},{"type":"Feature","properties":{"id":"p:equipos:3202","n":2,"sc":"#808080"},"geometry":{"type":"LineString","coordinates":[[1440.5,1547.4],[1441.9,1545.9],[1444.3,1545.4]]}},{"type":"Feature","properties":{"id":"p:equipos:3203","n":1,"sc":"#808080"},"geometry":{"type":"LineString","coordinates":[[1439.5,1555.5],[1439.0,1555.5]]}},{"type":"Feature","properties":{"id":"p:equipos:3204","n":2,"sc":"#808080"},"geometry":{"type":"LineString","coordinates":[[1445.3,1558.4],[1443.4,1558.4],[1442.4,1557.4]]}},{"type":"Feature","properties":{"id":"p:equipos:3205","n":1,"sc":"#808080"},"geometry":{"type":"LineString","coordinates":[[1442.4,1557.4],[1441.4,1557.0]]}},{"type":"Feature","properties":{"id":"p:equipos:3206","n":1,"sc":"#808080"},"geometry":{"type":"LineString","coordinates":[[1442.4,1557.4],[1442.4,1557.4]]}},{"type":"Feature","properties":{"id":"p:equipos:3207","n":1,"sc":"#808080"},"geometry":{"type":"LineString","coordinates":[[1442.4,1557.4],[1442.4,1557.4]]}},{"type":"Feature","properties":{"id":"p:equipos:3208","n":1,"sc":"#808080"},"geometry":{"type":"LineString","coordinates":[[1443.8,1557.0],[1443.8,1557.0]]}},{"type":"Feature","properties":{"id":"p:equipos:3209","n":1,"sc":"#808080"},"geometry":{"type":"LineString","coordinates":[[1441.4,1557.0],[1440.5,1556.5]]}},{"type":"Feature","properties":{"id":"p:equipos:3210","n":1,"sc":"#808080"},"geometry":{"type":"LineString","coordinates":[[1440,1556],[1439.5,1555.5]]}},{"type":"Feature","properties":{"id":"p:equipos:3211","n":1,"sc":"#808080"},"geometry":{"type":"LineString","coordinates":[[1440,1555.5],[1440,1555.5]]}},{"type":"Feature","properties":{"id":"p:equipos:3212","n":1,"sc":"#808080"},"geometry":{"type":"LineString","coordinates":[[1441.9,1555.5],[1441.9,1555.5]]}},{"type":"Feature","properties":{"id":"p:equipos:3213","n":1,"sc":"#808080"},"geometry":{"type":"LineString","coordinates":[[1444.3,1558.4],[1441.4,1557.0]]}},{"type":"Feature","properties":{"id":"p:equipos:3214","n":1,"sc":"#808080"},"geometry":{"type":"LineString","coordinates":[[1442.9,1556],[1444.8,1557.4]]}},{"type":"Feature","properties":{"id":"p:equipos:3215","n":4,"sc":"#808080"},"geometry":{"type":"LineString","coordinates":[[1447.0,1552.2],[1447.0,1552.2],[1447.0,1552.2],[1447.0,1552.2],[1447.0,1552.2]]}},{"type":"Feature","properties":{"id":"p:equipos:3216","n":4,"sc":"#808080"},"geometry":{"type":"LineString","coordinates":[[1437.9,1554.8],[1438.3,1555.1],[1438.8,1555.2],[1439.4,1555.1],[1440.0,1554.8]]}},{"type":"Feature","properties":{"id":"p:equipos:3217","n":1,"sc":"#808080"},"geometry":{"type":"LineString","coordinates":[[1440,1555.5],[1439.5,1555.5]]}},{"type":"Feature","properties":{"id":"p:equipos:3218","n":1,"sc":"#808080"},"geometry":{"type":"LineString","coordinates":[[1463.0,1554.1],[1463.0,1554.1]]}},{"type":"Feature","properties":{"id":"p:equipos:3219","n":1,"sc":"#808080"},"geometry":{"type":"LineString","coordinates":[[1464,1554.1],[1463.0,1554.1]]}},{"type":"Feature","properties":{"id":"p:equipos:3220","n":4,"sc":"#808080"},"geometry":{"type":"LineString","coordinates":[[1442.2,1557.3],[1442.2,1557.3],[1442.3,1557.3],[1442.3,1557.3],[1442.3,1557.4]]}},{"type":"Feature","properties":{"id":"p:equipos:3221","n":2,"sc":"#808080"},"geometry":{"type":"LineString","coordinates":[[1459.7,1556.5],[1458.2,1556.5],[1456.8,1556.5]]}},{"type":"Feature","properties":{"id":"p:equipos:3222","n":1,"sc":"#808080"},"geometry":{"type":"LineString","coordinates":[[1463.5,1554.1],[1462.6,1554.6]]}},{"type":"Feature","properties":{"id":"p:equipos:3223","n":1,"sc":"#808080"},"geometry":{"type":"LineString","coordinates":[[1445.3,1557.9],[1445.3,1557.9]]}},{"type":"Feature","properties":{"id":"p:equipos:3224","n":1,"sc":"#808080"},"geometry":{"type":"LineString","coordinates":[[1458.2,1556.5],[1457.8,1556.5]]}},{"type":"Feature","properties":{"id":"p:equipos:3225","n":1,"sc":"#808080"},"geometry":{"type":"LineString","coordinates":[[1456.3,1554.6],[1456.3,1554.6]]}},{"type":"Feature","properties":{"id":"p:equipos:3226","n":1,"sc":"#808080"},"geometry":{"type":"LineString","coordinates":[[1462.6,1554.6],[1462.6,1554.6]]}},{"type":"Feature","properties":{"id":"p:equipos:3227","n":1,"sc":"#808080"},"geometry":{"type":"LineString","coordinates":[[1463.5,1553.6],[1463.5,1553.1]]}},{"type":"Feature","properties":{"id":"p:equipos:3228","n":1,"sc":"#808080"},"geometry":{"type":"LineString","coordinates":[[1447.7,1554.6],[1447.7,1554.6]]}},{"type":"Feature","properties":{"id":"p:equipos:3229","n":1,"sc":"#808080"},"geometry":{"type":"LineString","coordinates":[[1444.3,1557.4],[1444.3,1557.4]]}},{"type":"Feature","properties":{"id":"p:equipos:3230","n":1,"sc":"#808080"},"geometry":{"type":"LineString","coordinates":[[1446.2,1555.5],[1446.2,1555.5]]}},{"type":"Feature","properties":{"id":"p:equipos:3231","n":1,"sc":"#808080"},"geometry":{"type":"LineString","coordinates":[[1471.2,1553.1],[1471.2,1553.1]]}},{"type":"Feature","properties":{"id":"p:equipos:3232","n":1,"sc":"#808080"},"geometry":{"type":"LineString","coordinates":[[1464,1554.1],[1471.7,1553.1]]}},{"type":"Feature","properties":{"id":"p:equipos:3233","n":4,"sc":"#808080"},"geometry":{"type":"LineString","coordinates":[[1442.9,1556.2],[1443.3,1556.4],[1443.8,1556.5],[1444.2,1556.5],[1444.7,1556.4]]}},{"type":"Feature","properties":{"id":"p:equipos:3234","n":4,"sc":"#808080"},"geometry":{"type":"LineString","coordinates":[[1471.7,1549.3],[1472.2,1549.8],[1472.6,1551.2],[1472.2,1552.6],[1471.2,1553.1]]}},{"type":"Feature","properties":{"id":"p:equipos:3235","n":1,"sc":"#808080"},"geometry":{"type":"LineString","coordinates":[[1467.4,1548.3],[1463.5,1547.4]]}},{"type":"Feature","properties":{"id":"p:equipos:3236","n":1,"sc":"#808080"},"geometry":{"type":"LineString","coordinates":[[1463.5,1553.1],[1463.0,1552.2]]}},{"type":"Feature","properties":{"id":"p:equipos:3237","n":1,"sc":"#808080"},"geometry":{"type":"LineString","coordinates":[[1466.9,1553.1],[1463.5,1553.6]]}},{"type":"Feature","properties":{"id":"p:equipos:3238","n":1,"sc":"#808080"},"geometry":{"type":"LineString","coordinates":[[1471.7,1549.3],[1467.4,1548.3]]}},{"type":"Feature","properties":{"id":"p:equipos:3239","n":8,"sc":"#808080"},"geometry":{"type":"LineString","coordinates":[[1471.2,1553.1],[1472.0,1552.9],[1472.6,1552.4],[1473.0,1551.7],[1473.1,1550.9],[1472.9,1550.1],[1472.5,1549.5],[1471.9,1549.0],[1471.1,1548.8]]}},{"type":"Feature","properties":{"id":"p:equipos:3240","n":1,"sc":"#808080"},"geometry":{"type":"LineString","coordinates":[[1463.0,1552.2],[1462.6,1549.3]]}},{"type":"Feature","properties":{"id":"p:equipos:3241","n":1,"sc":"#808080"},"geometry":{"type":"LineString","coordinates":[[1471.2,1553.1],[1466.9,1553.1]]}},{"type":"Feature","properties":{"id":"p:equipos:3242","n":2,"sc":"#808080"},"geometry":{"type":"LineString","coordinates":[[1462.6,1549.3],[1463.0,1547.8],[1463.0,1547.4]]}},{"type":"Feature","properties":{"id":"p:equipos:3243","n":1,"sc":"#808080"},"geometry":{"type":"LineString","coordinates":[[1441.4,1554.6],[1441.4,1554.6]]}},{"type":"Feature","properties":{"id":"p:equipos:3244","n":4,"sc":"#808080"},"geometry":{"type":"LineString","coordinates":[[1463.1,1547.0],[1463.0,1547.0],[1463.0,1546.9],[1462.9,1546.9],[1462.9,1546.9]]}},{"type":"Feature","properties":{"id":"p:equipos:3245","n":8,"sc":"#808080"},"geometry":{"type":"LineString","coordinates":[[1436.1,1547.4],[1435.5,1547.5],[1435.1,1547.8],[1434.7,1548.2],[1434.4,1548.7],[1434.3,1549.3],[1434.3,1549.8],[1434.4,1550.4],[1434.7,1550.8]]}},{"type":"Feature","properties":{"id":"p:equipos:3246","n":2,"sc":"#808080"},"geometry":{"type":"LineString","coordinates":[[1441.4,1549.3],[1441.4,1550.7],[1441.0,1552.2]]}},{"type":"Feature","properties":{"id":"p:equipos:3247","n":2,"sc":"#808080"},"geometry":{"type":"LineString","coordinates":[[1441.0,1552.2],[1440.5,1553.1],[1440.5,1553.6]]}},{"type":"Feature","properties":{"id":"p:equipos:3248","n":2,"sc":"#808080"},"geometry":{"type":"LineString","coordinates":[[1440.5,1547.4],[1441.0,1547.8],[1441.4,1549.3]]}},{"type":"Feature","properties":{"id":"p:equipos:3249","n":1,"sc":"#808080"},"geometry":{"type":"LineString","coordinates":[[1438.1,1555.0],[1435.2,1551.2]]}},{"type":"Feature","properties":{"id":"p:equipos:3250","n":4,"sc":"#808080"},"geometry":{"type":"LineString","coordinates":[[1440.0,1552.9],[1440.0,1552.9],[1440.1,1552.9],[1440.2,1553.0],[1440.3,1553.0]]}},{"type":"Feature","properties":{"id":"p:equipos:3251","n":1,"sc":"#808080"},"geometry":{"type":"LineString","coordinates":[[1440.5,1547.4],[1440.5,1547.4]]}},{"type":"Feature","properties":{"id":"p:equipos:3252","n":1,"sc":"#808080"},"geometry":{"type":"LineString","coordinates":[[1438.1,1552.6],[1440,1553.1]]}},{"type":"Feature","properties":{"id":"p:equipos:3253","n":2,"sc":"#808080"},"geometry":{"type":"LineString","coordinates":[[1445.3,1564.2],[1446.2,1564.2],[1447.2,1563.2]]}},{"type":"Feature","properties":{"id":"p:equipos:3254","n":1,"sc":"#808080"},"geometry":{"type":"LineString","coordinates":[[1446.7,1555.5],[1446.7,1555.5]]}},{"type":"Feature","properties":{"id":"p:equipos:3255","n":1,"sc":"#808080"},"geometry":{"type":"LineString","coordinates":[[1438.6,1547.8],[1440.5,1547.4]]}},{"type":"Feature","properties":{"id":"p:equipos:3256","n":1,"sc":"#808080"},"geometry":{"type":"LineString","coordinates":[[1436.2,1551.7],[1438.1,1552.6]]}},{"type":"Feature","properties":{"id":"p:equipos:3257","n":4,"sc":"#808080"},"geometry":{"type":"LineString","coordinates":[[1437.9,1554.8],[1438.2,1555.1],[1438.5,1555.3],[1438.8,1555.5],[1439.2,1555.5]]}},{"type":"Feature","properties":{"id":"p:equipos:3258","n":2,"sc":"#808080"},"geometry":{"type":"LineString","coordinates":[[1447.7,1558.4],[1447.7,1557.4],[1447.2,1556.5]]}},{"type":"Feature","properties":{"id":"p:equipos:3259","n":1,"sc":"#808080"},"geometry":{"type":"LineString","coordinates":[[1441.4,1555.5],[1441.4,1555.5]]}},{"type":"Feature","properties":{"id":"p:equipos:3260","n":4,"sc":"#808080"},"geometry":{"type":"LineString","coordinates":[[1455.8,1556.0],[1455.8,1555.8],[1455.8,1555.6],[1455.8,1555.5],[1455.8,1555.3]]}},{"type":"Feature","properties":{"id":"p:equipos:3261","n":8,"sc":"#808080"},"geometry":{"type":"LineString","coordinates":[[1455.9,1552.8],[1456.5,1551.6],[1456.8,1550.3],[1456.7,1548.9],[1456.2,1547.6],[1455.4,1546.5],[1454.3,1545.7],[1453.1,1545.1],[1451.7,1545.0]]}},{"type":"Feature","properties":{"id":"p:equipos:3262","n":2,"sc":"#808080"},"geometry":{"type":"LineString","coordinates":[[1442.9,1562.7],[1443.8,1563.7],[1444.8,1564.2]]}},{"type":"Feature","properties":{"id":"p:equipos:3263","n":1,"sc":"#808080"},"geometry":{"type":"LineString","coordinates":[[1442.9,1557.9],[1442.9,1559.8]]}},{"type":"Feature","properties":{"id":"p:equipos:3264","n":1,"sc":"#808080"},"geometry":{"type":"LineString","coordinates":[[1442.9,1557.9],[1442.9,1558.4]]}},{"type":"Feature","properties":{"id":"p:equipos:3265","n":1,"sc":"#808080"},"geometry":{"type":"LineString","coordinates":[[1442.9,1557.9],[1442.9,1557.9]]}},{"type":"Feature","properties":{"id":"p:equipos:3266","n":1,"sc":"#808080"},"geometry":{"type":"LineString","coordinates":[[1444.8,1549.8],[1444.8,1549.8]]}},{"type":"Feature","properties":{"id":"p:equipos:3267","n":1,"sc":"#808080"},"geometry":{"type":"LineString","coordinates":[[1445.8,1549.8],[1445.8,1549.8]]}},{"type":"Feature","properties":{"id":"p:equipos:3268","n":2,"sc":"#808080"},"geometry":{"type":"LineString","coordinates":[[1461.1,1561.3],[1460.2,1561.8],[1459.2,1561.8]]}},{"type":"Feature","properties":{"id":"p:equipos:3269","n":1,"sc":"#808080"},"geometry":{"type":"LineString","coordinates":[[1455.8,1558.4],[1455.4,1557.9]]}},{"type":"Feature","properties":{"id":"p:equipos:3270","n":2,"sc":"#808080"},"geometry":{"type":"LineString","coordinates":[[1462.1,1558.9],[1462.1,1560.3],[1461.6,1561.3]]}},{"type":"Feature","properties":{"id":"p:equipos:3271","n":1,"sc":"#808080"},"geometry":{"type":"LineString","coordinates":[[1460.2,1556],[1460.2,1556.5]]}},{"type":"Feature","properties":{"id":"p:equipos:3272","n":1,"sc":"#808080"},"geometry":{"type":"LineString","coordinates":[[1442.4,1557.4],[1442.4,1557.4]]}},{"type":"Feature","properties":{"id":"p:equipos:3273","n":1,"sc":"#808080"},"geometry":{"type":"LineString","coordinates":[[1442.4,1557.4],[1442.9,1557.4]]}},{"type":"Feature","properties":{"id":"p:equipos:3274","n":4,"sc":"#808080"},"geometry":{"type":"LineString","coordinates":[[1439.3,1555.8],[1439.3,1555.8],[1439.3,1555.8],[1439.3,1555.8],[1439.3,1555.9]]}},{"type":"Feature","properties":{"id":"p:equipos:3275","n":1,"sc":"#808080"},"geometry":{"type":"LineString","coordinates":[[1436.6,1547.8],[1438.6,1547.8]]}},{"type":"Feature","properties":{"id":"p:equipos:3276","n":1,"sc":"#808080"},"geometry":{"type":"LineString","coordinates":[[1442.4,1557.4],[1442.4,1557.4]]}},{"type":"Feature","properties":{"id":"p:equipos:3277","n":1,"sc":"#808080"},"geometry":{"type":"LineString","coordinates":[[1445.3,1557.9],[1445.3,1558.4]]}},{"type":"Feature","properties":{"id":"p:equipos:3278","n":3,"sc":"#808080"},"geometry":{"type":"LineString","coordinates":[[1443.8,1557.0],[1444.3,1557.0],[1444.8,1557.0],[1444.8,1557.4]]}},{"type":"Feature","properties":{"id":"p:equipos:3279","n":1,"sc":"#808080"},"geometry":{"type":"LineString","coordinates":[[1445.3,1558.4],[1445.3,1558.4]]}},{"type":"Feature","properties":{"id":"p:equipos:3280","n":1,"sc":"#808080"},"geometry":{"type":"LineString","coordinates":[[1445.3,1557.9],[1445.3,1557.9]]}},{"type":"Feature","properties":{"id":"p:equipos:3281","n":1,"sc":"#808080"},"geometry":{"type":"LineString","coordinates":[[1443.4,1556],[1443.4,1556.5]]}},{"type":"Feature","properties":{"id":"p:equipos:3282","n":1,"sc":"#808080"},"geometry":{"type":"LineString","coordinates":[[1442.4,1557.4],[1442.4,1557.4]]}},{"type":"Feature","properties":{"id":"p:equipos:3283","n":1,"sc":"#808080"},"geometry":{"type":"LineString","coordinates":[[1442.9,1557.4],[1442.4,1557.4]]}},{"type":"Feature","properties":{"id":"p:equipos:3284","n":4,"sc":"#808080"},"geometry":{"type":"LineString","coordinates":[[1441.0,1555.1],[1441.0,1555.1],[1441.0,1555.1],[1441.0,1555.1],[1441.0,1555.1]]}},{"type":"Feature","properties":{"id":"p:equipos:3285","n":1,"sc":"#808080"},"geometry":{"type":"LineString","coordinates":[[1444.8,1557.4],[1443.8,1557.0]]}},{"type":"Feature","properties":{"id":"p:equipos:3286","n":1,"sc":"#808080"},"geometry":{"type":"LineString","coordinates":[[1440,1556],[1440,1556]]}},{"type":"Feature","properties":{"id":"p:equipos:3287","n":1,"sc":"#808080"},"geometry":{"type":"LineString","coordinates":[[1440.5,1556],[1440.5,1556]]}},{"type":"Feature","properties":{"id":"p:equipos:3288","n":8,"sc":"#808080"},"geometry":{"type":"LineString","coordinates":[[1444.2,1558.3],[1444.5,1558.4],[1444.8,1558.4],[1445.0,1558.3],[1445.2,1558.0],[1445.3,1557.8],[1445.3,1557.5],[1445.1,1557.3],[1444.9,1557.1]]}},{"type":"Feature","properties":{"id":"p:equipos:3289","n":1,"sc":"#808080"},"geometry":{"type":"LineString","coordinates":[[1441.9,1555.0],[1441.4,1556]]}},{"type":"Feature","properties":{"id":"p:equipos:3290","n":1,"sc":"#808080"},"geometry":{"type":"LineString","coordinates":[[1441.9,1555.0],[1441.9,1555.0]]}},{"type":"Feature","properties":{"id":"p:equipos:3291","n":1,"sc":"#808080"},"geometry":{"type":"LineString","coordinates":[[1441.9,1555.0],[1441.9,1555.0]]}},{"type":"Feature","properties":{"id":"p:equipos:3292","n":1,"sc":"#808080"},"geometry":{"type":"LineString","coordinates":[[1441.4,1556],[1441.9,1555.0]]}},{"type":"Feature","properties":{"id":"p:equipos:3293","n":4,"sc":"#808080"},"geometry":{"type":"LineString","coordinates":[[1463.6,1554.1],[1463.7,1554.1],[1463.8,1554.1],[1463.9,1554.1],[1463.9,1554.1]]}},{"type":"Feature","properties":{"id":"p:equipos:3294","n":1,"sc":"#808080"},"geometry":{"type":"LineString","coordinates":[[1456.8,1556.5],[1456.3,1556.5]]}},{"type":"Feature","properties":{"id":"p:equipos:3295","n":2,"sc":"#808080"},"geometry":{"type":"LineString","coordinates":[[1444.3,1558.4],[1444.8,1558.4],[1444.8,1557.9]]}},{"type":"Feature","properties":{"id":"p:equipos:3296","n":2,"sc":"#808080"},"geometry":{"type":"LineString","coordinates":[[1441.4,1556],[1441.4,1556.5],[1441.4,1557.0]]}},{"type":"Feature","properties":{"id":"p:equipos:3297","n":2,"sc":"#808080"},"geometry":{"type":"LineString","coordinates":[[1441.4,1555.0],[1440.5,1555.5],[1440,1555.5]]}},{"type":"Feature","properties":{"id":"p:equipos:3298","n":1,"sc":"#808080"},"geometry":{"type":"LineString","coordinates":[[1441.4,1555.0],[1441.4,1555.0]]}},{"type":"Feature","properties":{"id":"p:equipos:3299","n":1,"sc":"#808080"},"geometry":{"type":"LineString","coordinates":[[1457.3,1555.5],[1457.3,1555.5]]}},{"type":"Feature","properties":{"id":"p:equipos:3300","n":1,"sc":"#808080"},"geometry":{"type":"LineString","coordinates":[[1440,1555.0],[1439.5,1555.5]]}},{"type":"Feature","properties":{"id":"p:equipos:3301","n":4,"sc":"#808080"},"geometry":{"type":"LineString","coordinates":[[1457.0,1556.3],[1457.2,1556.4],[1457.4,1556.5],[1457.6,1556.5],[1457.8,1556.4]]}},{"type":"Feature","properties":{"id":"p:equipos:3302","n":1,"sc":"#808080"},"geometry":{"type":"LineString","coordinates":[[1442.4,1557.4],[1440,1556]]}},{"type":"Feature","properties":{"id":"p:equipos:3303","n":8,"sc":"#808080"},"geometry":{"type":"LineString","coordinates":[[1451.7,1545.0],[1450.4,1545.2],[1449.1,1545.7],[1448.1,1546.6],[1447.3,1547.7],[1446.8,1549.0],[1446.7,1550.3],[1447.0,1551.7],[1447.6,1552.9]]}},{"type":"Feature","properties":{"id":"p:equipos:3304","n":1,"sc":"#808080"},"geometry":{"type":"LineString","coordinates":[[1440,1555.0],[1441.0,1554.1]]}},{"type":"Feature","properties":{"id":"p:equipos:3305","n":4,"sc":"#808080"},"geometry":{"type":"LineString","coordinates":[[1446.9,1563.0],[1447.0,1562.8],[1447.1,1562.6],[1447.2,1562.4],[1447.2,1562.2]]}},{"type":"Feature","properties":{"id":"p:equipos:3306","n":1,"sc":"#808080"},"geometry":{"type":"LineString","coordinates":[[1452,1559.4],[1452,1559.4]]}},{"type":"Feature","properties":{"id":"p:equipos:3307","n":1,"sc":"#808080"},"geometry":{"type":"LineString","coordinates":[[1447.2,1562.2],[1447.2,1560.3]]}},{"type":"Feature","properties":{"id":"p:equipos:3308","n":1,"sc":"#808080"},"geometry":{"type":"LineString","coordinates":[[1447.2,1560.3],[1447.7,1558.4]]}},{"type":"Feature","properties":{"id":"p:equipos:3309","n":1,"sc":"#808080"},"geometry":{"type":"LineString","coordinates":[[1444.8,1564.2],[1445.3,1564.2]]}},{"type":"Feature","properties":{"id":"p:equipos:3310","n":4,"sc":"#808080"},"geometry":{"type":"LineString","coordinates":[[1442.4,1562.1],[1442.4,1562.3],[1442.4,1562.4],[1442.5,1562.6],[1442.5,1562.7]]}},{"type":"Feature","properties":{"id":"p:equipos:3311","n":1,"sc":"#808080"},"geometry":{"type":"LineString","coordinates":[[1442.9,1559.8],[1442.9,1562.2]]}},{"type":"Feature","properties":{"id":"p:equipos:3312","n":1,"sc":"#808080"},"geometry":{"type":"LineString","coordinates":[[1444.3,1549.3],[1444.3,1549.3]]}},{"type":"Feature","properties":{"id":"p:equipos:3313","n":1,"sc":"#808080"},"geometry":{"type":"LineString","coordinates":[[1463.5,1553.6],[1463.5,1554.1]]}},{"type":"Feature","properties":{"id":"p:equipos:3314","n":1,"sc":"#808080"},"geometry":{"type":"LineString","coordinates":[[1463.0,1554.1],[1463.0,1554.1]]}},{"type":"Feature","properties":{"id":"p:equipos:3315","n":1,"sc":"#808080"},"geometry":{"type":"LineString","coordinates":[[1446.2,1549.3],[1446.2,1549.3]]}},{"type":"Feature","properties":{"id":"p:equipos:3316","n":1,"sc":"#808080"},"geometry":{"type":"LineString","coordinates":[[1442.9,1557.9],[1442.9,1557.9]]}},{"type":"Feature","properties":{"id":"p:equipos:3317","n":1,"sc":"#808080"},"geometry":{"type":"LineString","coordinates":[[1458.2,1561.3],[1456.8,1559.8]]}},{"type":"Feature","properties":{"id":"p:equipos:3318","n":1,"sc":"#808080"},"geometry":{"type":"LineString","coordinates":[[1456.8,1559.8],[1455.8,1558.4]]}},{"type":"Feature","properties":{"id":"p:equipos:3319","n":1,"sc":"#808080"},"geometry":{"type":"LineString","coordinates":[[1461.6,1561.3],[1461.1,1561.3]]}},{"type":"Feature","properties":{"id":"p:equipos:3320","n":1,"sc":"#808080"},"geometry":{"type":"LineString","coordinates":[[1460.2,1556.5],[1461.6,1558.4]]}},{"type":"Feature","properties":{"id":"p:equipos:3321","n":4,"sc":"#808080"},"geometry":{"type":"LineString","coordinates":[[1457.9,1561.1],[1458.1,1561.3],[1458.2,1561.4],[1458.4,1561.5],[1458.6,1561.6]]}},{"type":"Feature","properties":{"id":"p:equipos:3322","n":1,"sc":"#808080"},"geometry":{"type":"LineString","coordinates":[[1456.8,1556.5],[1456.3,1556.5]]}},{"type":"Feature","properties":{"id":"p:equipos:3323","n":4,"sc":"#808080"},"geometry":{"type":"LineString","coordinates":[[1461.9,1558.8],[1461.9,1558.7],[1461.8,1558.6],[1461.7,1558.4],[1461.6,1558.3]]}},{"type":"Feature","properties":{"id":"p:equipos:3324","n":1,"sc":"#808080"},"geometry":{"type":"LineString","coordinates":[[1456.8,1552.6],[1456.8,1552.6]]}},{"type":"Feature","properties":{"id":"p:equipos:3325","n":1,"sc":"#808080"},"geometry":{"type":"LineString","coordinates":[[1439.5,1555.5],[1439.5,1555.5]]}},{"type":"Feature","properties":{"id":"p:equipos:3326","n":1,"sc":"#808080"},"geometry":{"type":"LineString","coordinates":[[1440,1556],[1442.4,1557.4]]}},{"type":"Feature","properties":{"id":"p:equipos:3327","n":1,"sc":"#808080"},"geometry":{"type":"LineString","coordinates":[[1457.3,1555.5],[1457.3,1555.5]]}},{"type":"Feature","properties":{"id":"p:equipos:3328","n":1,"sc":"#808080"},"geometry":{"type":"LineString","coordinates":[[1457.8,1556.5],[1457.3,1556.5]]}},{"type":"Feature","properties":{"id":"p:equipos:3329","n":2,"sc":"#808080"},"geometry":{"type":"LineString","coordinates":[[1455.8,1556.5],[1454.4,1558.4],[1452,1559.4]]}},{"type":"Feature","properties":{"id":"p:equipos:3330","n":4,"sc":"#808080"},"geometry":{"type":"LineString","coordinates":[[1448.2,1555.5],[1448.2,1557.0],[1449.1,1558.4],[1450.6,1559.4],[1452,1559.4]]}},{"type":"Feature","properties":{"id":"p:equipos:3331","n":4,"sc":"#808080"},"geometry":{"type":"LineString","coordinates":[[1452,1559.4],[1453.4,1559.4],[1454.9,1558.4],[1455.8,1557.0],[1455.8,1555.5]]}},{"type":"Feature","properties":{"id":"p:equipos:3332","n":4,"sc":"#808080"},"geometry":{"type":"LineString","coordinates":[[1448.2,1553.1],[1449.6,1554.6],[1452,1555.0],[1454.4,1554.6],[1455.8,1553.1]]}},{"type":"Feature","properties":{"id":"p:equipos:3333","n":1,"sc":"#808080"},"geometry":{"type":"LineString","coordinates":[[1448.2,1555.5],[1448.2,1553.1]]}},{"type":"Feature","properties":{"id":"p:equipos:3334","n":1,"sc":"#808080"},"geometry":{"type":"LineString","coordinates":[[1455.8,1555.5],[1455.8,1553.1]]}},{"type":"Feature","properties":{"id":"p:equipos:3335","n":4,"sc":"#808080"},"geometry":{"type":"LineString","coordinates":[[1477.7,1551.6],[1477.9,1551.7],[1478.0,1551.8],[1478.1,1551.9],[1478.3,1552.0]]}},{"type":"Feature","properties":{"id":"p:equipos:3336","n":2,"sc":"#808080"},"geometry":{"type":"LineString","coordinates":[[1487.5,1557.0],[1485.6,1556.5],[1483.7,1555.0]]}},{"type":"Feature","properties":{"id":"p:equipos:3337","n":1,"sc":"#808080"},"geometry":{"type":"LineString","coordinates":[[1506.2,1554.1],[1505.3,1555.0]]}},{"type":"Feature","properties":{"id":"p:equipos:3338","n":2,"sc":"#808080"},"geometry":{"type":"LineString","coordinates":[[1501.9,1545.9],[1504.3,1546.4],[1505.8,1547.8]]}},{"type":"Feature","properties":{"id":"p:equipos:3339","n":1,"sc":"#808080"},"geometry":{"type":"LineString","coordinates":[[1498.6,1545.9],[1501.9,1545.9]]}},{"type":"Feature","properties":{"id":"p:equipos:3340","n":1,"sc":"#808080"},"geometry":{"type":"LineString","coordinates":[[1489.4,1552.2],[1489.4,1552.2]]}},{"type":"Feature","properties":{"id":"p:equipos:3341","n":1,"sc":"#808080"},"geometry":{"type":"LineString","coordinates":[[1490.4,1557.0],[1487.5,1557.0]]}},{"type":"Feature","properties":{"id":"p:equipos:3342","n":1,"sc":"#808080"},"geometry":{"type":"LineString","coordinates":[[1501.4,1557.0],[1498.6,1557.0]]}},{"type":"Feature","properties":{"id":"p:equipos:3343","n":1,"sc":"#808080"},"geometry":{"type":"LineString","coordinates":[[1490.4,1545.9],[1498.6,1545.9]]}},{"type":"Feature","properties":{"id":"p:equipos:3344","n":1,"sc":"#808080"},"geometry":{"type":"LineString","coordinates":[[1486.6,1545.9],[1490.4,1545.9]]}},{"type":"Feature","properties":{"id":"p:equipos:3345","n":2,"sc":"#808080"},"geometry":{"type":"LineString","coordinates":[[1505.3,1555.0],[1503.4,1556.5],[1501.4,1557.0]]}},{"type":"Feature","properties":{"id":"p:equipos:3346","n":1,"sc":"#808080"},"geometry":{"type":"LineString","coordinates":[[1483.7,1555.0],[1482.7,1554.1]]}},{"type":"Feature","properties":{"id":"p:equipos:3347","n":2,"sc":"#808080"},"geometry":{"type":"LineString","coordinates":[[1483.2,1547.8],[1484.6,1546.4],[1486.6,1545.9]]}},{"type":"Feature","properties":{"id":"p:equipos:3348","n":1,"sc":"#808080"},"geometry":{"type":"LineString","coordinates":[[1482.2,1556],[1481.8,1556]]}},{"type":"Feature","properties":{"id":"p:equipos:3349","n":2,"sc":"#808080"},"geometry":{"type":"LineString","coordinates":[[1487.5,1558.9],[1486.1,1558.9],[1484.6,1557.9]]}},{"type":"Feature","properties":{"id":"p:equipos:3350","n":1,"sc":"#808080"},"geometry":{"type":"LineString","coordinates":[[1484.6,1557.9],[1484.2,1557.4]]}},{"type":"Feature","properties":{"id":"p:equipos:3351","n":1,"sc":"#808080"},"geometry":{"type":"LineString","coordinates":[[1484.6,1557.9],[1484.6,1557.9]]}},{"type":"Feature","properties":{"id":"p:equipos:3352","n":1,"sc":"#808080"},"geometry":{"type":"LineString","coordinates":[[1485.1,1557.9],[1485.1,1557.9]]}},{"type":"Feature","properties":{"id":"p:equipos:3353","n":1,"sc":"#808080"},"geometry":{"type":"LineString","coordinates":[[1486.6,1557.4],[1486.6,1557.4]]}},{"type":"Feature","properties":{"id":"p:equipos:3354","n":1,"sc":"#808080"},"geometry":{"type":"LineString","coordinates":[[1483.7,1557.4],[1483.2,1557.0]]}},{"type":"Feature","properties":{"id":"p:equipos:3355","n":1,"sc":"#808080"},"geometry":{"type":"LineString","coordinates":[[1482.2,1556],[1481.8,1556]]}},{"type":"Feature","properties":{"id":"p:equipos:3356","n":1,"sc":"#808080"},"geometry":{"type":"LineString","coordinates":[[1482.2,1556],[1482.2,1556]]}},{"type":"Feature","properties":{"id":"p:equipos:3357","n":1,"sc":"#808080"},"geometry":{"type":"LineString","coordinates":[[1484.2,1556],[1484.2,1556]]}},{"type":"Feature","properties":{"id":"p:equipos:3358","n":1,"sc":"#808080"},"geometry":{"type":"LineString","coordinates":[[1487.0,1558.9],[1484.2,1557.4]]}},{"type":"Feature","properties":{"id":"p:equipos:3359","n":1,"sc":"#808080"},"geometry":{"type":"LineString","coordinates":[[1485.6,1556.5],[1487.5,1557.9]]}},{"type":"Feature","properties":{"id":"p:equipos:3360","n":4,"sc":"#808080"},"geometry":{"type":"LineString","coordinates":[[1489.7,1552.7],[1489.7,1552.7],[1489.7,1552.7],[1489.7,1552.7],[1489.7,1552.7]]}},{"type":"Feature","properties":{"id":"p:equipos:3361","n":4,"sc":"#808080"},"geometry":{"type":"LineString","coordinates":[[1480.2,1555.3],[1480.6,1555.6],[1481.1,1555.7],[1481.6,1555.6],[1482.2,1555.3]]}},{"type":"Feature","properties":{"id":"p:equipos:3362","n":1,"sc":"#808080"},"geometry":{"type":"LineString","coordinates":[[1482.2,1556],[1482.2,1556]]}},{"type":"Feature","properties":{"id":"p:equipos:3363","n":1,"sc":"#808080"},"geometry":{"type":"LineString","coordinates":[[1505.8,1554.6],[1505.8,1554.6]]}},{"type":"Feature","properties":{"id":"p:equipos:3364","n":1,"sc":"#808080"},"geometry":{"type":"LineString","coordinates":[[1506.2,1554.6],[1505.8,1554.6]]}},{"type":"Feature","properties":{"id":"p:equipos:3365","n":4,"sc":"#808080"},"geometry":{"type":"LineString","coordinates":[[1484.4,1557.8],[1484.5,1557.8],[1484.5,1557.8],[1484.5,1557.8],[1484.5,1557.8]]}},{"type":"Feature","properties":{"id":"p:equipos:3366","n":2,"sc":"#808080"},"geometry":{"type":"LineString","coordinates":[[1501.9,1556.5],[1500.5,1557.0],[1499.0,1557.0]]}},{"type":"Feature","properties":{"id":"p:equipos:3367","n":1,"sc":"#808080"},"geometry":{"type":"LineString","coordinates":[[1506.2,1554.6],[1505.3,1555.0]]}},{"type":"Feature","properties":{"id":"p:equipos:3368","n":1,"sc":"#808080"},"geometry":{"type":"LineString","coordinates":[[1487.5,1558.4],[1487.5,1558.4]]}},{"type":"Feature","properties":{"id":"p:equipos:3369","n":1,"sc":"#808080"},"geometry":{"type":"LineString","coordinates":[[1500.5,1557.0],[1500,1557.0]]}},{"type":"Feature","properties":{"id":"p:equipos:3370","n":1,"sc":"#808080"},"geometry":{"type":"LineString","coordinates":[[1499.0,1555.0],[1499.0,1555.0]]}},{"type":"Feature","properties":{"id":"p:equipos:3371","n":1,"sc":"#808080"},"geometry":{"type":"LineString","coordinates":[[1505.3,1555.0],[1505.3,1555.0]]}},{"type":"Feature","properties":{"id":"p:equipos:3372","n":1,"sc":"#808080"},"geometry":{"type":"LineString","coordinates":[[1506.2,1554.1],[1506.2,1553.6]]}},{"type":"Feature","properties":{"id":"p:equipos:3373","n":1,"sc":"#808080"},"geometry":{"type":"LineString","coordinates":[[1489.9,1555.0],[1489.9,1555.0]]}},{"type":"Feature","properties":{"id":"p:equipos:3374","n":1,"sc":"#808080"},"geometry":{"type":"LineString","coordinates":[[1487.0,1557.4],[1487.0,1557.4]]}},{"type":"Feature","properties":{"id":"p:equipos:3375","n":1,"sc":"#808080"},"geometry":{"type":"LineString","coordinates":[[1489.0,1556],[1489.0,1556]]}},{"type":"Feature","properties":{"id":"p:equipos:3376","n":1,"sc":"#808080"},"geometry":{"type":"LineString","coordinates":[[1513.9,1553.6],[1513.9,1553.6]]}},{"type":"Feature","properties":{"id":"p:equipos:3377","n":1,"sc":"#808080"},"geometry":{"type":"LineString","coordinates":[[1506.7,1554.6],[1513.9,1553.6]]}},{"type":"Feature","properties":{"id":"p:equipos:3378","n":4,"sc":"#808080"},"geometry":{"type":"LineString","coordinates":[[1485.6,1556.7],[1486.0,1556.9],[1486.5,1556.9],[1486.9,1557.0],[1487.4,1556.9]]}},{"type":"Feature","properties":{"id":"p:equipos:3379","n":4,"sc":"#808080"},"geometry":{"type":"LineString","coordinates":[[1513.9,1549.8],[1514.9,1550.2],[1514.9,1551.7],[1514.9,1553.1],[1513.9,1553.6]]}},{"type":"Feature","properties":{"id":"p:equipos:3380","n":1,"sc":"#808080"},"geometry":{"type":"LineString","coordinates":[[1510.1,1548.8],[1505.8,1547.8]]}},{"type":"Feature","properties":{"id":"p:equipos:3381","n":1,"sc":"#808080"},"geometry":{"type":"LineString","coordinates":[[1506.2,1553.6],[1505.8,1552.6]]}},{"type":"Feature","properties":{"id":"p:equipos:3382","n":1,"sc":"#808080"},"geometry":{"type":"LineString","coordinates":[[1509.6,1553.6],[1505.8,1554.1]]}},{"type":"Feature","properties":{"id":"p:equipos:3383","n":1,"sc":"#808080"},"geometry":{"type":"LineString","coordinates":[[1513.9,1549.8],[1510.1,1548.8]]}},{"type":"Feature","properties":{"id":"p:equipos:3384","n":8,"sc":"#808080"},"geometry":{"type":"LineString","coordinates":[[1513.9,1553.6],[1514.7,1553.3],[1515.3,1552.9],[1515.7,1552.2],[1515.8,1551.4],[1515.7,1550.6],[1515.2,1549.9],[1514.6,1549.5],[1513.8,1549.3]]}},{"type":"Feature","properties":{"id":"p:equipos:3385","n":1,"sc":"#808080"},"geometry":{"type":"LineString","coordinates":[[1505.8,1552.6],[1505.3,1549.8]]}},{"type":"Feature","properties":{"id":"p:equipos:3386","n":1,"sc":"#808080"},"geometry":{"type":"LineString","coordinates":[[1513.9,1553.6],[1509.6,1553.6]]}},{"type":"Feature","properties":{"id":"p:equipos:3387","n":2,"sc":"#808080"},"geometry":{"type":"LineString","coordinates":[[1505.3,1549.8],[1505.8,1548.3],[1505.8,1547.8]]}},{"type":"Feature","properties":{"id":"p:equipos:3388","n":1,"sc":"#808080"},"geometry":{"type":"LineString","coordinates":[[1483.7,1555.0],[1483.7,1555.0]]}},{"type":"Feature","properties":{"id":"p:equipos:3389","n":4,"sc":"#808080"},"geometry":{"type":"LineString","coordinates":[[1505.8,1547.5],[1505.7,1547.4],[1505.7,1547.4],[1505.6,1547.4],[1505.6,1547.4]]}},{"type":"Feature","properties":{"id":"p:equipos:3390","n":8,"sc":"#808080"},"geometry":{"type":"LineString","coordinates":[[1478.8,1547.9],[1478.2,1548.0],[1477.8,1548.3],[1477.4,1548.7],[1477.1,1549.2],[1477.0,1549.7],[1477.0,1550.3],[1477.1,1550.8],[1477.4,1551.3]]}},{"type":"Feature","properties":{"id":"p:equipos:3391","n":2,"sc":"#808080"},"geometry":{"type":"LineString","coordinates":[[1483.7,1549.8],[1484.2,1551.2],[1483.7,1552.6]]}},{"type":"Feature","properties":{"id":"p:equipos:3392","n":2,"sc":"#808080"},"geometry":{"type":"LineString","coordinates":[[1483.7,1552.6],[1483.2,1553.6],[1482.7,1554.1]]}},{"type":"Feature","properties":{"id":"p:equipos:3393","n":2,"sc":"#808080"},"geometry":{"type":"LineString","coordinates":[[1483.2,1547.8],[1483.2,1548.3],[1483.7,1549.8]]}},{"type":"Feature","properties":{"id":"p:equipos:3394","n":1,"sc":"#808080"},"geometry":{"type":"LineString","coordinates":[[1480.8,1555.5],[1477.9,1551.7]]}},{"type":"Feature","properties":{"id":"p:equipos:3395","n":4,"sc":"#808080"},"geometry":{"type":"LineString","coordinates":[[1482.2,1553.3],[1482.3,1553.4],[1482.4,1553.4],[1482.4,1553.4],[1482.5,1553.5]]}},{"type":"Feature","properties":{"id":"p:equipos:3396","n":1,"sc":"#808080"},"geometry":{"type":"LineString","coordinates":[[1483.2,1547.8],[1483.2,1547.8]]}},{"type":"Feature","properties":{"id":"p:equipos:3397","n":1,"sc":"#808080"},"geometry":{"type":"LineString","coordinates":[[1480.8,1553.1],[1482.7,1553.6]]}},{"type":"Feature","properties":{"id":"p:equipos:3398","n":2,"sc":"#808080"},"geometry":{"type":"LineString","coordinates":[[1487.5,1564.6],[1488.5,1564.2],[1489.4,1563.7]]}},{"type":"Feature","properties":{"id":"p:equipos:3399","n":1,"sc":"#808080"},"geometry":{"type":"LineString","coordinates":[[1489.4,1556],[1489.4,1556]]}},{"type":"Feature","properties":{"id":"p:equipos:3400","n":1,"sc":"#808080"},"geometry":{"type":"LineString","coordinates":[[1481.3,1547.8],[1483.2,1547.8]]}},{"type":"Feature","properties":{"id":"p:equipos:3401","n":1,"sc":"#808080"},"geometry":{"type":"LineString","coordinates":[[1478.9,1552.2],[1480.8,1553.1]]}},{"type":"Feature","properties":{"id":"p:equipos:3402","n":4,"sc":"#808080"},"geometry":{"type":"LineString","coordinates":[[1480.1,1555.3],[1480.4,1555.6],[1480.7,1555.8],[1481.1,1555.9],[1481.5,1556.0]]}},{"type":"Feature","properties":{"id":"p:equipos:3403","n":3,"sc":"#808080"},"geometry":{"type":"LineString","coordinates":[[1489.9,1558.9],[1489.9,1557.9],[1489.9,1557.0],[1489.4,1557.0]]}},{"type":"Feature","properties":{"id":"p:equipos:3404","n":1,"sc":"#808080"},"geometry":{"type":"LineString","coordinates":[[1483.7,1556],[1483.7,1556]]}},{"type":"Feature","properties":{"id":"p:equipos:3405","n":4,"sc":"#808080"},"geometry":{"type":"LineString","coordinates":[[1498.0,1556.5],[1498.0,1556.3],[1498.1,1556.1],[1498.1,1555.9],[1498.1,1555.7]]}},{"type":"Feature","properties":{"id":"p:equipos:3406","n":8,"sc":"#808080"},"geometry":{"type":"LineString","coordinates":[[1498.2,1553.3],[1498.8,1552.1],[1499.0,1550.8],[1498.9,1549.4],[1498.5,1548.1],[1497.6,1547.0],[1496.6,1546.2],[1495.3,1545.6],[1494.0,1545.4]]}},{"type":"Feature","properties":{"id":"p:equipos:3407","n":2,"sc":"#808080"},"geometry":{"type":"LineString","coordinates":[[1485.6,1563.2],[1486.1,1564.2],[1487.0,1564.6]]}},{"type":"Feature","properties":{"id":"p:equipos:3408","n":1,"sc":"#808080"},"geometry":{"type":"LineString","coordinates":[[1485.1,1558.4],[1485.1,1560.3]]}},{"type":"Feature","properties":{"id":"p:equipos:3409","n":1,"sc":"#808080"},"geometry":{"type":"LineString","coordinates":[[1485.1,1558.4],[1485.6,1558.9]]}},{"type":"Feature","properties":{"id":"p:equipos:3410","n":1,"sc":"#808080"},"geometry":{"type":"LineString","coordinates":[[1485.1,1558.4],[1485.1,1558.4]]}},{"type":"Feature","properties":{"id":"p:equipos:3411","n":1,"sc":"#808080"},"geometry":{"type":"LineString","coordinates":[[1487.0,1550.2],[1487.0,1550.2]]}},{"type":"Feature","properties":{"id":"p:equipos:3412","n":1,"sc":"#808080"},"geometry":{"type":"LineString","coordinates":[[1488,1550.2],[1488,1550.2]]}},{"type":"Feature","properties":{"id":"p:equipos:3413","n":2,"sc":"#808080"},"geometry":{"type":"LineString","coordinates":[[1503.8,1561.8],[1502.9,1562.2],[1501.4,1562.2]]}},{"type":"Feature","properties":{"id":"p:equipos:3414","n":1,"sc":"#808080"},"geometry":{"type":"LineString","coordinates":[[1498.1,1558.9],[1497.6,1558.4]]}},{"type":"Feature","properties":{"id":"p:equipos:3415","n":2,"sc":"#808080"},"geometry":{"type":"LineString","coordinates":[[1504.3,1559.4],[1504.8,1560.8],[1503.8,1561.8]]}},{"type":"Feature","properties":{"id":"p:equipos:3416","n":1,"sc":"#808080"},"geometry":{"type":"LineString","coordinates":[[1502.4,1556.5],[1502.9,1557.0]]}},{"type":"Feature","properties":{"id":"p:equipos:3417","n":1,"sc":"#808080"},"geometry":{"type":"LineString","coordinates":[[1484.6,1557.9],[1485.1,1557.9]]}},{"type":"Feature","properties":{"id":"p:equipos:3418","n":1,"sc":"#808080"},"geometry":{"type":"LineString","coordinates":[[1485.1,1557.9],[1485.1,1557.9]]}},{"type":"Feature","properties":{"id":"p:equipos:3419","n":4,"sc":"#808080"},"geometry":{"type":"LineString","coordinates":[[1482.0,1556.3],[1482.0,1556.3],[1482.0,1556.3],[1482.0,1556.3],[1482.1,1556.3]]}},{"type":"Feature","properties":{"id":"p:equipos:3420","n":1,"sc":"#808080"},"geometry":{"type":"LineString","coordinates":[[1478.9,1548.3],[1481.3,1547.8]]}},{"type":"Feature","properties":{"id":"p:equipos:3421","n":1,"sc":"#808080"},"geometry":{"type":"LineString","coordinates":[[1484.6,1557.9],[1484.6,1557.9]]}},{"type":"Feature","properties":{"id":"p:equipos:3422","n":3,"sc":"#808080"},"geometry":{"type":"LineString","coordinates":[[1487.5,1558.4],[1488,1558.4],[1488,1558.9],[1487.5,1558.9]]}},{"type":"Feature","properties":{"id":"p:equipos:3423","n":2,"sc":"#808080"},"geometry":{"type":"LineString","coordinates":[[1486.6,1557.0],[1487.0,1557.4],[1487.0,1557.9]]}},{"type":"Feature","properties":{"id":"p:equipos:3424","n":1,"sc":"#808080"},"geometry":{"type":"LineString","coordinates":[[1487.5,1558.9],[1488,1558.9]]}},{"type":"Feature","properties":{"id":"p:equipos:3425","n":1,"sc":"#808080"},"geometry":{"type":"LineString","coordinates":[[1488,1558.4],[1487.5,1558.4]]}},{"type":"Feature","properties":{"id":"p:equipos:3426","n":1,"sc":"#808080"},"geometry":{"type":"LineString","coordinates":[[1485.6,1556.5],[1486.1,1556.5]]}},{"type":"Feature","properties":{"id":"p:equipos:3427","n":1,"sc":"#808080"},"geometry":{"type":"LineString","coordinates":[[1484.6,1557.9],[1484.6,1557.9]]}},{"type":"Feature","properties":{"id":"p:equipos:3428","n":1,"sc":"#808080"},"geometry":{"type":"LineString","coordinates":[[1485.6,1557.9],[1485.1,1557.9]]}},{"type":"Feature","properties":{"id":"p:equipos:3429","n":4,"sc":"#808080"},"geometry":{"type":"LineString","coordinates":[[1483.2,1555.6],[1483.2,1555.6],[1483.2,1555.6],[1483.2,1555.6],[1483.2,1555.6]]}},{"type":"Feature","properties":{"id":"p:equipos:3430","n":1,"sc":"#808080"},"geometry":{"type":"LineString","coordinates":[[1487.0,1557.9],[1486.6,1557.4]]}},{"type":"Feature","properties":{"id":"p:equipos:3431","n":1,"sc":"#808080"},"geometry":{"type":"LineString","coordinates":[[1482.2,1556],[1482.2,1556.5]]}},{"type":"Feature","properties":{"id":"p:equipos:3432","n":1,"sc":"#808080"},"geometry":{"type":"LineString","coordinates":[[1483.2,1556],[1483.2,1556]]}},{"type":"Feature","properties":{"id":"p:equipos:3433","n":8,"sc":"#808080"},"geometry":{"type":"LineString","coordinates":[[1486.5,1558.8],[1486.7,1558.9],[1487.0,1558.9],[1487.2,1558.7],[1487.4,1558.5],[1487.5,1558.3],[1487.5,1558.0],[1487.4,1557.7],[1487.2,1557.6]]}},{"type":"Feature","properties":{"id":"p:equipos:3434","n":1,"sc":"#808080"},"geometry":{"type":"LineString","coordinates":[[1484.2,1555.5],[1484.2,1556.5]]}},{"type":"Feature","properties":{"id":"p:equipos:3435","n":1,"sc":"#808080"},"geometry":{"type":"LineString","coordinates":[[1484.2,1555.5],[1484.2,1555.5]]}},{"type":"Feature","properties":{"id":"p:equipos:3436","n":1,"sc":"#808080"},"geometry":{"type":"LineString","coordinates":[[1484.2,1555.5],[1484.2,1555.5]]}},{"type":"Feature","properties":{"id":"p:equipos:3437","n":1,"sc":"#808080"},"geometry":{"type":"LineString","coordinates":[[1484.2,1556.5],[1484.2,1555.5]]}},{"type":"Feature","properties":{"id":"p:equipos:3438","n":4,"sc":"#808080"},"geometry":{"type":"LineString","coordinates":[[1505.9,1554.6],[1505.9,1554.6],[1506.0,1554.6],[1506.1,1554.6],[1506.2,1554.5]]}},{"type":"Feature","properties":{"id":"p:equipos:3439","n":1,"sc":"#808080"},"geometry":{"type":"LineString","coordinates":[[1499.0,1557.0],[1499.0,1557.0]]}},{"type":"Feature","properties":{"id":"p:equipos:3440","n":2,"sc":"#808080"},"geometry":{"type":"LineString","coordinates":[[1487.0,1558.9],[1487.5,1558.9],[1487.5,1558.4]]}},{"type":"Feature","properties":{"id":"p:equipos:3441","n":2,"sc":"#808080"},"geometry":{"type":"LineString","coordinates":[[1484.2,1556.5],[1483.7,1557.0],[1484.2,1557.4]]}},{"type":"Feature","properties":{"id":"p:equipos:3442","n":2,"sc":"#808080"},"geometry":{"type":"LineString","coordinates":[[1483.7,1555.0],[1483.2,1556],[1482.2,1556]]}},{"type":"Feature","properties":{"id":"p:equipos:3443","n":1,"sc":"#808080"},"geometry":{"type":"LineString","coordinates":[[1483.7,1555.0],[1483.7,1555.0]]}},{"type":"Feature","properties":{"id":"p:equipos:3444","n":1,"sc":"#808080"},"geometry":{"type":"LineString","coordinates":[[1499.5,1556],[1499.5,1556]]}},{"type":"Feature","properties":{"id":"p:equipos:3445","n":1,"sc":"#808080"},"geometry":{"type":"LineString","coordinates":[[1482.7,1555.5],[1481.8,1556]]}},{"type":"Feature","properties":{"id":"p:equipos:3446","n":4,"sc":"#808080"},"geometry":{"type":"LineString","coordinates":[[1499.2,1556.7],[1499.4,1556.9],[1499.6,1556.9],[1499.8,1557.0],[1500.0,1556.9]]}},{"type":"Feature","properties":{"id":"p:equipos:3447","n":1,"sc":"#808080"},"geometry":{"type":"LineString","coordinates":[[1484.6,1557.9],[1482.2,1556.5]]}},{"type":"Feature","properties":{"id":"p:equipos:3448","n":8,"sc":"#808080"},"geometry":{"type":"LineString","coordinates":[[1494.0,1545.4],[1492.6,1545.6],[1491.4,1546.2],[1490.3,1547.0],[1489.5,1548.2],[1489.1,1549.5],[1489.0,1550.8],[1489.2,1552.1],[1489.9,1553.4]]}},{"type":"Feature","properties":{"id":"p:equipos:3449","n":1,"sc":"#808080"},"geometry":{"type":"LineString","coordinates":[[1482.7,1555.5],[1483.2,1554.6]]}},{"type":"Feature","properties":{"id":"p:equipos:3450","n":4,"sc":"#808080"},"geometry":{"type":"LineString","coordinates":[[1489.7,1563.5],[1489.8,1563.3],[1489.8,1563.1],[1489.9,1562.9],[1489.9,1562.7]]}},{"type":"Feature","properties":{"id":"p:equipos:3451","n":1,"sc":"#808080"},"geometry":{"type":"LineString","coordinates":[[1494.2,1559.8],[1494.2,1559.8]]}},{"type":"Feature","properties":{"id":"p:equipos:3452","n":1,"sc":"#808080"},"geometry":{"type":"LineString","coordinates":[[1489.9,1562.7],[1489.9,1560.8]]}},{"type":"Feature","properties":{"id":"p:equipos:3453","n":1,"sc":"#808080"},"geometry":{"type":"LineString","coordinates":[[1489.9,1560.8],[1489.9,1558.9]]}},{"type":"Feature","properties":{"id":"p:equipos:3454","n":1,"sc":"#808080"},"geometry":{"type":"LineString","coordinates":[[1487.0,1564.6],[1487.5,1564.6]]}},{"type":"Feature","properties":{"id":"p:equipos:3455","n":4,"sc":"#808080"},"geometry":{"type":"LineString","coordinates":[[1485.1,1562.6],[1485.1,1562.7],[1485.2,1562.9],[1485.2,1563.0],[1485.2,1563.2]]}},{"type":"Feature","properties":{"id":"p:equipos:3456","n":1,"sc":"#808080"},"geometry":{"type":"LineString","coordinates":[[1485.1,1560.3],[1485.6,1562.7]]}},{"type":"Feature","properties":{"id":"p:equipos:3457","n":1,"sc":"#808080"},"geometry":{"type":"LineString","coordinates":[[1486.6,1549.8],[1486.6,1549.8]]}},{"type":"Feature","properties":{"id":"p:equipos:3458","n":1,"sc":"#808080"},"geometry":{"type":"LineString","coordinates":[[1505.8,1554.1],[1506.2,1554.6]]}},{"type":"Feature","properties":{"id":"p:equipos:3459","n":1,"sc":"#808080"},"geometry":{"type":"LineString","coordinates":[[1505.8,1554.6],[1505.8,1554.6]]}},{"type":"Feature","properties":{"id":"p:equipos:3460","n":1,"sc":"#808080"},"geometry":{"type":"LineString","coordinates":[[1488.5,1549.8],[1488.5,1549.8]]}},{"type":"Feature","properties":{"id":"p:equipos:3461","n":1,"sc":"#808080"},"geometry":{"type":"LineString","coordinates":[[1485.1,1558.4],[1485.1,1558.4]]}},{"type":"Feature","properties":{"id":"p:equipos:3462","n":1,"sc":"#808080"},"geometry":{"type":"LineString","coordinates":[[1501.0,1561.8],[1499.5,1560.3]]}},{"type":"Feature","properties":{"id":"p:equipos:3463","n":1,"sc":"#808080"},"geometry":{"type":"LineString","coordinates":[[1499.5,1560.3],[1498.1,1558.9]]}},{"type":"Feature","properties":{"id":"p:equipos:3464","n":1,"sc":"#808080"},"geometry":{"type":"LineString","coordinates":[[1503.8,1561.8],[1503.8,1561.8]]}},{"type":"Feature","properties":{"id":"p:equipos:3465","n":1,"sc":"#808080"},"geometry":{"type":"LineString","coordinates":[[1502.9,1557.0],[1504.3,1558.9]]}},{"type":"Feature","properties":{"id":"p:equipos:3466","n":4,"sc":"#808080"},"geometry":{"type":"LineString","coordinates":[[1500.6,1561.6],[1500.8,1561.7],[1501.0,1561.9],[1501.1,1562.0],[1501.3,1562.1]]}},{"type":"Feature","properties":{"id":"p:equipos:3467","n":1,"sc":"#808080"},"geometry":{"type":"LineString","coordinates":[[1499.0,1557.0],[1499.0,1557.0]]}},{"type":"Feature","properties":{"id":"p:equipos:3468","n":4,"sc":"#808080"},"geometry":{"type":"LineString","coordinates":[[1504.7,1559.3],[1504.6,1559.2],[1504.5,1559.0],[1504.5,1558.9],[1504.4,1558.8]]}},{"type":"Feature","properties":{"id":"p:equipos:3469","n":1,"sc":"#808080"},"geometry":{"type":"LineString","coordinates":[[1499.0,1553.1],[1499.0,1553.1]]}},{"type":"Feature","properties":{"id":"p:equipos:3470","n":1,"sc":"#808080"},"geometry":{"type":"LineString","coordinates":[[1481.8,1556],[1481.8,1556]]}},{"type":"Feature","properties":{"id":"p:equipos:3471","n":1,"sc":"#808080"},"geometry":{"type":"LineString","coordinates":[[1482.2,1556.5],[1484.6,1557.9]]}},{"type":"Feature","properties":{"id":"p:equipos:3472","n":1,"sc":"#808080"},"geometry":{"type":"LineString","coordinates":[[1500,1556],[1500,1556]]}},{"type":"Feature","properties":{"id":"p:equipos:3473","n":1,"sc":"#808080"},"geometry":{"type":"LineString","coordinates":[[1500,1557.0],[1500,1557.0]]}},{"type":"Feature","properties":{"id":"p:equipos:3474","n":2,"sc":"#808080"},"geometry":{"type":"LineString","coordinates":[[1498.6,1557.0],[1497.1,1558.9],[1494.2,1559.8]]}},{"type":"Feature","properties":{"id":"p:equipos:3475","n":4,"sc":"#808080"},"geometry":{"type":"LineString","coordinates":[[1490.4,1556],[1490.9,1557.4],[1491.8,1558.9],[1492.8,1559.8],[1494.2,1559.8]]}},{"type":"Feature","properties":{"id":"p:equipos:3476","n":4,"sc":"#808080"},"geometry":{"type":"LineString","coordinates":[[1494.2,1559.8],[1496.2,1559.8],[1497.1,1558.9],[1498.1,1557.4],[1498.6,1556]]}},{"type":"Feature","properties":{"id":"p:equipos:3477","n":4,"sc":"#808080"},"geometry":{"type":"LineString","coordinates":[[1490.4,1553.6],[1492.3,1555.0],[1494.2,1555.5],[1496.6,1555.0],[1498.6,1553.6]]}},{"type":"Feature","properties":{"id":"p:equipos:3478","n":1,"sc":"#808080"},"geometry":{"type":"LineString","coordinates":[[1490.4,1556],[1490.4,1553.6]]}},{"type":"Feature","properties":{"id":"p:equipos:3479","n":1,"sc":"#808080"},"geometry":{"type":"LineString","coordinates":[[1498.6,1556],[1498.6,1553.6]]}},{"type":"Feature","properties":{"id":"p:equipos:3480","n":4,"sc":"#808080"},"geometry":{"type":"LineString","coordinates":[[1425.8,1636.2],[1425.7,1636.1],[1425.5,1636.0],[1425.4,1635.9],[1425.2,1635.8]]}},{"type":"Feature","properties":{"id":"p:equipos:3481","n":2,"sc":"#808080"},"geometry":{"type":"LineString","coordinates":[[1416.5,1631.4],[1418.4,1631.8],[1420.3,1632.8]]}},{"type":"Feature","properties":{"id":"p:equipos:3482","n":1,"sc":"#808080"},"geometry":{"type":"LineString","coordinates":[[1397.8,1634.2],[1398.7,1633.3]]}},{"type":"Feature","properties":{"id":"p:equipos:3483","n":2,"sc":"#808080"},"geometry":{"type":"LineString","coordinates":[[1401.6,1642.4],[1399.7,1641.9],[1398.2,1640.5]]}},{"type":"Feature","properties":{"id":"p:equipos:3484","n":1,"sc":"#808080"},"geometry":{"type":"LineString","coordinates":[[1405.4,1642.4],[1401.6,1642.4]]}},{"type":"Feature","properties":{"id":"p:equipos:3485","n":1,"sc":"#808080"},"geometry":{"type":"LineString","coordinates":[[1414.6,1636.2],[1414.6,1636.2]]}},{"type":"Feature","properties":{"id":"p:equipos:3486","n":1,"sc":"#808080"},"geometry":{"type":"LineString","coordinates":[[1413.1,1631.4],[1416.5,1631.4]]}},{"type":"Feature","properties":{"id":"p:equipos:3487","n":1,"sc":"#808080"},"geometry":{"type":"LineString","coordinates":[[1402.6,1631.4],[1405.4,1631.4]]}},{"type":"Feature","properties":{"id":"p:equipos:3488","n":1,"sc":"#808080"},"geometry":{"type":"LineString","coordinates":[[1413.6,1642.4],[1405.4,1642.4]]}},{"type":"Feature","properties":{"id":"p:equipos:3489","n":1,"sc":"#808080"},"geometry":{"type":"LineString","coordinates":[[1417.0,1642.4],[1413.6,1642.4]]}},{"type":"Feature","properties":{"id":"p:equipos:3490","n":2,"sc":"#808080"},"geometry":{"type":"LineString","coordinates":[[1398.7,1633.3],[1400.2,1631.8],[1402.6,1631.4]]}},{"type":"Feature","properties":{"id":"p:equipos:3491","n":1,"sc":"#808080"},"geometry":{"type":"LineString","coordinates":[[1420.3,1632.8],[1420.8,1634.2]]}},{"type":"Feature","properties":{"id":"p:equipos:3492","n":2,"sc":"#808080"},"geometry":{"type":"LineString","coordinates":[[1420.8,1640.5],[1419.4,1641.9],[1417.0,1642.4]]}},{"type":"Feature","properties":{"id":"p:equipos:3493","n":1,"sc":"#808080"},"geometry":{"type":"LineString","coordinates":[[1421.8,1632.3],[1422.2,1632.3]]}},{"type":"Feature","properties":{"id":"p:equipos:3494","n":2,"sc":"#808080"},"geometry":{"type":"LineString","coordinates":[[1416,1629.4],[1417.9,1629.4],[1418.9,1630.4]]}},{"type":"Feature","properties":{"id":"p:equipos:3495","n":1,"sc":"#808080"},"geometry":{"type":"LineString","coordinates":[[1418.9,1630.4],[1419.8,1630.9]]}},{"type":"Feature","properties":{"id":"p:equipos:3496","n":1,"sc":"#808080"},"geometry":{"type":"LineString","coordinates":[[1418.9,1629.9],[1418.9,1629.9]]}},{"type":"Feature","properties":{"id":"p:equipos:3497","n":1,"sc":"#808080"},"geometry":{"type":"LineString","coordinates":[[1418.9,1629.9],[1418.9,1629.9]]}},{"type":"Feature","properties":{"id":"p:equipos:3498","n":1,"sc":"#808080"},"geometry":{"type":"LineString","coordinates":[[1417.4,1630.9],[1417.4,1630.9]]}},{"type":"Feature","properties":{"id":"p:equipos:3499","n":1,"sc":"#808080"},"geometry":{"type":"LineString","coordinates":[[1420.3,1630.9],[1420.8,1631.4]]}},{"type":"Feature","properties":{"id":"p:equipos:3500","n":1,"sc":"#808080"},"geometry":{"type":"LineString","coordinates":[[1421.8,1631.8],[1421.8,1632.3]]}},{"type":"Feature","properties":{"id":"p:equipos:3501","n":1,"sc":"#808080"},"geometry":{"type":"LineString","coordinates":[[1421.3,1631.8],[1421.3,1631.8]]}},{"type":"Feature","properties":{"id":"p:equipos:3502","n":1,"sc":"#808080"},"geometry":{"type":"LineString","coordinates":[[1419.4,1632.3],[1419.4,1632.3]]}},{"type":"Feature","properties":{"id":"p:equipos:3503","n":1,"sc":"#808080"},"geometry":{"type":"LineString","coordinates":[[1417.0,1629.4],[1419.8,1630.9]]}},{"type":"Feature","properties":{"id":"p:equipos:3504","n":1,"sc":"#808080"},"geometry":{"type":"LineString","coordinates":[[1418.4,1631.8],[1416.5,1629.9]]}},{"type":"Feature","properties":{"id":"p:equipos:3505","n":4,"sc":"#808080"},"geometry":{"type":"LineString","coordinates":[[1413.8,1635.2],[1413.8,1635.2],[1413.8,1635.2],[1413.8,1635.2],[1413.8,1635.2]]}},{"type":"Feature","properties":{"id":"p:equipos:3506","n":4,"sc":"#808080"},"geometry":{"type":"LineString","coordinates":[[1422.9,1632.5],[1422.5,1632.3],[1422.0,1632.2],[1421.4,1632.3],[1420.8,1632.5]]}},{"type":"Feature","properties":{"id":"p:equipos:3507","n":1,"sc":"#808080"},"geometry":{"type":"LineString","coordinates":[[1421.3,1631.8],[1421.8,1632.3]]}},{"type":"Feature","properties":{"id":"p:equipos:3508","n":1,"sc":"#808080"},"geometry":{"type":"LineString","coordinates":[[1398.2,1633.8],[1398.2,1633.8]]}},{"type":"Feature","properties":{"id":"p:equipos:3509","n":1,"sc":"#808080"},"geometry":{"type":"LineString","coordinates":[[1397.8,1633.8],[1398.2,1633.8]]}},{"type":"Feature","properties":{"id":"p:equipos:3510","n":4,"sc":"#808080"},"geometry":{"type":"LineString","coordinates":[[1419.1,1629.6],[1419.1,1629.6],[1419.0,1629.6],[1419.0,1629.5],[1419.0,1629.5]]}},{"type":"Feature","properties":{"id":"p:equipos:3511","n":2,"sc":"#808080"},"geometry":{"type":"LineString","coordinates":[[1402.1,1631.4],[1403.0,1630.9],[1404.5,1631.4]]}},{"type":"Feature","properties":{"id":"p:equipos:3512","n":1,"sc":"#808080"},"geometry":{"type":"LineString","coordinates":[[1397.8,1633.8],[1398.7,1633.3]]}},{"type":"Feature","properties":{"id":"p:equipos:3513","n":1,"sc":"#808080"},"geometry":{"type":"LineString","coordinates":[[1416,1629.4],[1416,1629.4]]}},{"type":"Feature","properties":{"id":"p:equipos:3514","n":1,"sc":"#808080"},"geometry":{"type":"LineString","coordinates":[[1403.0,1631.4],[1403.5,1631.4]]}},{"type":"Feature","properties":{"id":"p:equipos:3515","n":1,"sc":"#808080"},"geometry":{"type":"LineString","coordinates":[[1405.0,1632.8],[1405.0,1632.8]]}},{"type":"Feature","properties":{"id":"p:equipos:3516","n":1,"sc":"#808080"},"geometry":{"type":"LineString","coordinates":[[1398.7,1633.3],[1398.7,1633.3]]}},{"type":"Feature","properties":{"id":"p:equipos:3517","n":1,"sc":"#808080"},"geometry":{"type":"LineString","coordinates":[[1397.8,1634.2],[1397.8,1634.2]]}},{"type":"Feature","properties":{"id":"p:equipos:3518","n":1,"sc":"#808080"},"geometry":{"type":"LineString","coordinates":[[1413.6,1632.8],[1413.6,1632.8]]}},{"type":"Feature","properties":{"id":"p:equipos:3519","n":1,"sc":"#808080"},"geometry":{"type":"LineString","coordinates":[[1417.0,1630.4],[1417.0,1630.4]]}},{"type":"Feature","properties":{"id":"p:equipos:3520","n":1,"sc":"#808080"},"geometry":{"type":"LineString","coordinates":[[1415.0,1631.8],[1415.0,1631.8]]}},{"type":"Feature","properties":{"id":"p:equipos:3521","n":1,"sc":"#808080"},"geometry":{"type":"LineString","coordinates":[[1390.1,1634.7],[1390.1,1634.7]]}},{"type":"Feature","properties":{"id":"p:equipos:3522","n":1,"sc":"#808080"},"geometry":{"type":"LineString","coordinates":[[1397.3,1633.8],[1390.1,1634.7]]}},{"type":"Feature","properties":{"id":"p:equipos:3523","n":4,"sc":"#808080"},"geometry":{"type":"LineString","coordinates":[[1417.9,1631.1],[1417.5,1631.0],[1417.0,1630.9],[1416.6,1630.9],[1416.1,1630.9]]}},{"type":"Feature","properties":{"id":"p:equipos:3524","n":4,"sc":"#808080"},"geometry":{"type":"LineString","coordinates":[[1390.1,1638.6],[1389.1,1637.6],[1388.6,1636.6],[1389.1,1635.2],[1390.1,1634.7]]}},{"type":"Feature","properties":{"id":"p:equipos:3525","n":1,"sc":"#808080"},"geometry":{"type":"LineString","coordinates":[[1393.9,1639.5],[1397.8,1640.5]]}},{"type":"Feature","properties":{"id":"p:equipos:3526","n":1,"sc":"#808080"},"geometry":{"type":"LineString","coordinates":[[1397.8,1634.2],[1398.2,1635.7]]}},{"type":"Feature","properties":{"id":"p:equipos:3527","n":1,"sc":"#808080"},"geometry":{"type":"LineString","coordinates":[[1394.4,1634.2],[1397.8,1634.2]]}},{"type":"Feature","properties":{"id":"p:equipos:3528","n":1,"sc":"#808080"},"geometry":{"type":"LineString","coordinates":[[1390.1,1638.6],[1393.9,1639.5]]}},{"type":"Feature","properties":{"id":"p:equipos:3529","n":8,"sc":"#808080"},"geometry":{"type":"LineString","coordinates":[[1389.6,1634.3],[1388.8,1634.5],[1388.2,1635.0],[1387.8,1635.7],[1387.7,1636.5],[1387.9,1637.2],[1388.3,1637.9],[1388.9,1638.4],[1389.7,1638.6]]}},{"type":"Feature","properties":{"id":"p:equipos:3530","n":1,"sc":"#808080"},"geometry":{"type":"LineString","coordinates":[[1398.2,1635.7],[1398.7,1638.6]]}},{"type":"Feature","properties":{"id":"p:equipos:3531","n":1,"sc":"#808080"},"geometry":{"type":"LineString","coordinates":[[1390.1,1634.7],[1394.4,1634.2]]}},{"type":"Feature","properties":{"id":"p:equipos:3532","n":2,"sc":"#808080"},"geometry":{"type":"LineString","coordinates":[[1398.7,1638.6],[1398.2,1640],[1398.2,1640.5]]}},{"type":"Feature","properties":{"id":"p:equipos:3533","n":1,"sc":"#808080"},"geometry":{"type":"LineString","coordinates":[[1420.3,1632.8],[1420.3,1632.8]]}},{"type":"Feature","properties":{"id":"p:equipos:3534","n":4,"sc":"#808080"},"geometry":{"type":"LineString","coordinates":[[1397.7,1640.4],[1397.8,1640.4],[1397.8,1640.4],[1397.9,1640.4],[1397.9,1640.4]]}},{"type":"Feature","properties":{"id":"p:equipos:3535","n":8,"sc":"#808080"},"geometry":{"type":"LineString","coordinates":[[1424.7,1640.0],[1425.3,1639.8],[1425.7,1639.5],[1426.1,1639.1],[1426.4,1638.6],[1426.5,1638.1],[1426.5,1637.5],[1426.4,1637.0],[1426.1,1636.5]]}},{"type":"Feature","properties":{"id":"p:equipos:3536","n":2,"sc":"#808080"},"geometry":{"type":"LineString","coordinates":[[1419.8,1638.1],[1419.8,1636.6],[1420.3,1635.7]]}},{"type":"Feature","properties":{"id":"p:equipos:3537","n":2,"sc":"#808080"},"geometry":{"type":"LineString","coordinates":[[1420.3,1635.7],[1420.8,1634.7],[1420.8,1634.2]]}},{"type":"Feature","properties":{"id":"p:equipos:3538","n":2,"sc":"#808080"},"geometry":{"type":"LineString","coordinates":[[1420.8,1640.5],[1420.3,1640],[1419.8,1638.1]]}},{"type":"Feature","properties":{"id":"p:equipos:3539","n":1,"sc":"#808080"},"geometry":{"type":"LineString","coordinates":[[1423.2,1632.8],[1426.1,1636.6]]}},{"type":"Feature","properties":{"id":"p:equipos:3540","n":4,"sc":"#808080"},"geometry":{"type":"LineString","coordinates":[[1421.3,1634.0],[1421.2,1634.0],[1421.2,1634.0],[1421.1,1633.9],[1421.0,1633.9]]}},{"type":"Feature","properties":{"id":"p:equipos:3541","n":1,"sc":"#808080"},"geometry":{"type":"LineString","coordinates":[[1420.8,1640.5],[1420.8,1640.5]]}},{"type":"Feature","properties":{"id":"p:equipos:3542","n":1,"sc":"#808080"},"geometry":{"type":"LineString","coordinates":[[1423.2,1635.2],[1421.3,1634.2]]}},{"type":"Feature","properties":{"id":"p:equipos:3543","n":2,"sc":"#808080"},"geometry":{"type":"LineString","coordinates":[[1416,1623.7],[1415.0,1623.7],[1414.6,1624.6]]}},{"type":"Feature","properties":{"id":"p:equipos:3544","n":1,"sc":"#808080"},"geometry":{"type":"LineString","coordinates":[[1414.6,1632.3],[1414.6,1632.3]]}},{"type":"Feature","properties":{"id":"p:equipos:3545","n":1,"sc":"#808080"},"geometry":{"type":"LineString","coordinates":[[1422.7,1640],[1420.8,1640.5]]}},{"type":"Feature","properties":{"id":"p:equipos:3546","n":1,"sc":"#808080"},"geometry":{"type":"LineString","coordinates":[[1425.1,1636.2],[1423.2,1635.2]]}},{"type":"Feature","properties":{"id":"p:equipos:3547","n":4,"sc":"#808080"},"geometry":{"type":"LineString","coordinates":[[1422.9,1632.6],[1422.6,1632.3],[1422.3,1632.0],[1422.0,1631.9],[1421.6,1631.8]]}},{"type":"Feature","properties":{"id":"p:equipos:3548","n":2,"sc":"#808080"},"geometry":{"type":"LineString","coordinates":[[1413.6,1629.4],[1413.6,1630.4],[1414.1,1631.4]]}},{"type":"Feature","properties":{"id":"p:equipos:3549","n":1,"sc":"#808080"},"geometry":{"type":"LineString","coordinates":[[1419.8,1632.3],[1419.8,1632.3]]}},{"type":"Feature","properties":{"id":"p:equipos:3550","n":4,"sc":"#808080"},"geometry":{"type":"LineString","coordinates":[[1405.0,1631.3],[1405.0,1631.5],[1405.0,1631.7],[1405.0,1631.9],[1405.0,1632.1]]}},{"type":"Feature","properties":{"id":"p:equipos:3551","n":8,"sc":"#808080"},"geometry":{"type":"LineString","coordinates":[[1404.9,1634.5],[1404.3,1635.7],[1404.0,1637.1],[1404.1,1638.4],[1404.6,1639.7],[1405.4,1640.8],[1406.5,1641.7],[1407.7,1642.2],[1409.1,1642.4]]}},{"type":"Feature","properties":{"id":"p:equipos:3552","n":2,"sc":"#808080"},"geometry":{"type":"LineString","coordinates":[[1418.4,1625.1],[1417.4,1624.2],[1416.5,1623.7]]}},{"type":"Feature","properties":{"id":"p:equipos:3553","n":1,"sc":"#808080"},"geometry":{"type":"LineString","coordinates":[[1418.9,1629.9],[1418.4,1628]]}},{"type":"Feature","properties":{"id":"p:equipos:3554","n":1,"sc":"#808080"},"geometry":{"type":"LineString","coordinates":[[1418.9,1629.9],[1418.4,1629.4]]}},{"type":"Feature","properties":{"id":"p:equipos:3555","n":1,"sc":"#808080"},"geometry":{"type":"LineString","coordinates":[[1418.9,1629.9],[1418.9,1629.9]]}},{"type":"Feature","properties":{"id":"p:equipos:3556","n":1,"sc":"#808080"},"geometry":{"type":"LineString","coordinates":[[1417.0,1638.1],[1417.0,1638.1]]}},{"type":"Feature","properties":{"id":"p:equipos:3557","n":1,"sc":"#808080"},"geometry":{"type":"LineString","coordinates":[[1415.5,1638.1],[1415.5,1638.1]]}},{"type":"Feature","properties":{"id":"p:equipos:3558","n":2,"sc":"#808080"},"geometry":{"type":"LineString","coordinates":[[1400.2,1626.6],[1401.1,1625.6],[1402.1,1626.1]]}},{"type":"Feature","properties":{"id":"p:equipos:3559","n":1,"sc":"#808080"},"geometry":{"type":"LineString","coordinates":[[1405.4,1629.0],[1406.4,1629.9]]}},{"type":"Feature","properties":{"id":"p:equipos:3560","n":2,"sc":"#808080"},"geometry":{"type":"LineString","coordinates":[[1399.2,1629.0],[1399.2,1627.5],[1399.7,1626.6]]}},{"type":"Feature","properties":{"id":"p:equipos:3561","n":1,"sc":"#808080"},"geometry":{"type":"LineString","coordinates":[[1401.6,1631.4],[1401.1,1630.9]]}},{"type":"Feature","properties":{"id":"p:equipos:3562","n":1,"sc":"#808080"},"geometry":{"type":"LineString","coordinates":[[1418.9,1629.9],[1418.9,1629.9]]}},{"type":"Feature","properties":{"id":"p:equipos:3563","n":1,"sc":"#808080"},"geometry":{"type":"LineString","coordinates":[[1418.9,1629.9],[1418.4,1629.9]]}},{"type":"Feature","properties":{"id":"p:equipos:3564","n":4,"sc":"#808080"},"geometry":{"type":"LineString","coordinates":[[1421.5,1631.6],[1421.5,1631.5],[1421.5,1631.5],[1421.5,1631.5],[1421.5,1631.5]]}},{"type":"Feature","properties":{"id":"p:equipos:3565","n":1,"sc":"#808080"},"geometry":{"type":"LineString","coordinates":[[1424.6,1640],[1422.7,1640]]}},{"type":"Feature","properties":{"id":"p:equipos:3566","n":1,"sc":"#808080"},"geometry":{"type":"LineString","coordinates":[[1418.9,1629.9],[1418.9,1630.4]]}},{"type":"Feature","properties":{"id":"p:equipos:3567","n":2,"sc":"#808080"},"geometry":{"type":"LineString","coordinates":[[1416.5,1629.9],[1416,1629.9],[1416,1629.4]]}},{"type":"Feature","properties":{"id":"p:equipos:3568","n":2,"sc":"#808080"},"geometry":{"type":"LineString","coordinates":[[1417.4,1630.9],[1417.0,1630.9],[1417.0,1630.4]]}},{"type":"Feature","properties":{"id":"p:equipos:3569","n":1,"sc":"#808080"},"geometry":{"type":"LineString","coordinates":[[1416,1629.4],[1416,1629.4]]}},{"type":"Feature","properties":{"id":"p:equipos:3570","n":1,"sc":"#808080"},"geometry":{"type":"LineString","coordinates":[[1416,1629.4],[1416.5,1629.9]]}},{"type":"Feature","properties":{"id":"p:equipos:3571","n":1,"sc":"#808080"},"geometry":{"type":"LineString","coordinates":[[1417.9,1631.4],[1417.9,1631.4]]}},{"type":"Feature","properties":{"id":"p:equipos:3572","n":1,"sc":"#808080"},"geometry":{"type":"LineString","coordinates":[[1418.9,1630.4],[1418.9,1630.4]]}},{"type":"Feature","properties":{"id":"p:equipos:3573","n":1,"sc":"#808080"},"geometry":{"type":"LineString","coordinates":[[1418.4,1629.9],[1418.9,1629.9]]}},{"type":"Feature","properties":{"id":"p:equipos:3574","n":4,"sc":"#808080"},"geometry":{"type":"LineString","coordinates":[[1419.8,1632.3],[1419.8,1632.3],[1419.8,1632.3],[1419.8,1632.3],[1419.8,1632.3]]}},{"type":"Feature","properties":{"id":"p:equipos:3575","n":1,"sc":"#808080"},"geometry":{"type":"LineString","coordinates":[[1417.0,1630.4],[1417.4,1630.9]]}},{"type":"Feature","properties":{"id":"p:equipos:3576","n":1,"sc":"#808080"},"geometry":{"type":"LineString","coordinates":[[1421.8,1631.8],[1421.8,1631.8]]}},{"type":"Feature","properties":{"id":"p:equipos:3577","n":1,"sc":"#808080"},"geometry":{"type":"LineString","coordinates":[[1420.8,1631.8],[1420.8,1631.8]]}},{"type":"Feature","properties":{"id":"p:equipos:3578","n":8,"sc":"#808080"},"geometry":{"type":"LineString","coordinates":[[1416.6,1629.0],[1416.3,1629.0],[1416.0,1629.0],[1415.8,1629.1],[1415.6,1629.3],[1415.5,1629.6],[1415.5,1629.8],[1415.7,1630.1],[1415.9,1630.3]]}},{"type":"Feature","properties":{"id":"p:equipos:3579","n":1,"sc":"#808080"},"geometry":{"type":"LineString","coordinates":[[1419.4,1632.3],[1419.8,1631.8]]}},{"type":"Feature","properties":{"id":"p:equipos:3580","n":1,"sc":"#808080"},"geometry":{"type":"LineString","coordinates":[[1419.4,1632.3],[1419.4,1632.3]]}},{"type":"Feature","properties":{"id":"p:equipos:3581","n":1,"sc":"#808080"},"geometry":{"type":"LineString","coordinates":[[1419.4,1632.3],[1419.4,1632.3]]}},{"type":"Feature","properties":{"id":"p:equipos:3582","n":1,"sc":"#808080"},"geometry":{"type":"LineString","coordinates":[[1419.8,1631.8],[1419.4,1632.3]]}},{"type":"Feature","properties":{"id":"p:equipos:3583","n":4,"sc":"#808080"},"geometry":{"type":"LineString","coordinates":[[1397.7,1633.3],[1397.6,1633.3],[1397.5,1633.3],[1397.4,1633.3],[1397.3,1633.3]]}},{"type":"Feature","properties":{"id":"p:equipos:3584","n":1,"sc":"#808080"},"geometry":{"type":"LineString","coordinates":[[1404.5,1631.4],[1405.0,1631.4]]}},{"type":"Feature","properties":{"id":"p:equipos:3585","n":2,"sc":"#808080"},"geometry":{"type":"LineString","coordinates":[[1417.0,1629.4],[1416.5,1629.4],[1416.5,1629.9]]}},{"type":"Feature","properties":{"id":"p:equipos:3586","n":2,"sc":"#808080"},"geometry":{"type":"LineString","coordinates":[[1419.8,1631.8],[1419.8,1631.4],[1419.8,1630.9]]}},{"type":"Feature","properties":{"id":"p:equipos:3587","n":2,"sc":"#808080"},"geometry":{"type":"LineString","coordinates":[[1419.8,1632.8],[1420.8,1631.8],[1421.3,1631.8]]}},{"type":"Feature","properties":{"id":"p:equipos:3588","n":1,"sc":"#808080"},"geometry":{"type":"LineString","coordinates":[[1419.8,1632.8],[1419.8,1632.8]]}},{"type":"Feature","properties":{"id":"p:equipos:3589","n":1,"sc":"#808080"},"geometry":{"type":"LineString","coordinates":[[1404.5,1632.3],[1404.5,1632.3]]}},{"type":"Feature","properties":{"id":"p:equipos:3590","n":1,"sc":"#808080"},"geometry":{"type":"LineString","coordinates":[[1421.3,1632.8],[1421.8,1632.3]]}},{"type":"Feature","properties":{"id":"p:equipos:3591","n":4,"sc":"#808080"},"geometry":{"type":"LineString","coordinates":[[1404.3,1631.1],[1404.1,1631.0],[1403.9,1630.9],[1403.7,1630.9],[1403.5,1630.9]]}},{"type":"Feature","properties":{"id":"p:equipos:3592","n":1,"sc":"#808080"},"geometry":{"type":"LineString","coordinates":[[1418.9,1630.4],[1421.3,1631.8]]}},{"type":"Feature","properties":{"id":"p:equipos:3593","n":8,"sc":"#808080"},"geometry":{"type":"LineString","coordinates":[[1409.1,1642.4],[1410.4,1642.2],[1411.7,1641.7],[1412.7,1640.8],[1413.5,1639.7],[1414.0,1638.4],[1414.1,1637.0],[1413.8,1635.7],[1413.2,1634.5]]}},{"type":"Feature","properties":{"id":"p:equipos:3594","n":1,"sc":"#808080"},"geometry":{"type":"LineString","coordinates":[[1421.3,1632.8],[1420.8,1633.3]]}},{"type":"Feature","properties":{"id":"p:equipos:3595","n":4,"sc":"#808080"},"geometry":{"type":"LineString","coordinates":[[1413.9,1624.3],[1413.8,1624.5],[1413.7,1624.7],[1413.6,1625.0],[1413.6,1625.2]]}},{"type":"Feature","properties":{"id":"p:equipos:3596","n":1,"sc":"#808080"},"geometry":{"type":"LineString","coordinates":[[1409.3,1628],[1409.3,1628]]}},{"type":"Feature","properties":{"id":"p:equipos:3597","n":1,"sc":"#808080"},"geometry":{"type":"LineString","coordinates":[[1414.1,1625.6],[1414.1,1627.5]]}},{"type":"Feature","properties":{"id":"p:equipos:3598","n":1,"sc":"#808080"},"geometry":{"type":"LineString","coordinates":[[1414.1,1627.5],[1413.6,1629.4]]}},{"type":"Feature","properties":{"id":"p:equipos:3599","n":1,"sc":"#808080"},"geometry":{"type":"LineString","coordinates":[[1416.5,1623.7],[1416,1623.7]]}},{"type":"Feature","properties":{"id":"p:equipos:3600","n":4,"sc":"#808080"},"geometry":{"type":"LineString","coordinates":[[1418.4,1625.3],[1418.4,1625.1],[1418.4,1625.0],[1418.3,1624.8],[1418.3,1624.7]]}},{"type":"Feature","properties":{"id":"p:equipos:3601","n":1,"sc":"#808080"},"geometry":{"type":"LineString","coordinates":[[1418.4,1628],[1418.4,1625.6]]}},{"type":"Feature","properties":{"id":"p:equipos:3602","n":1,"sc":"#808080"},"geometry":{"type":"LineString","coordinates":[[1417.0,1638.1],[1417.0,1638.1]]}},{"type":"Feature","properties":{"id":"p:equipos:3603","n":1,"sc":"#808080"},"geometry":{"type":"LineString","coordinates":[[1398.2,1633.8],[1397.8,1633.8]]}},{"type":"Feature","properties":{"id":"p:equipos:3604","n":1,"sc":"#808080"},"geometry":{"type":"LineString","coordinates":[[1398.2,1633.8],[1398.2,1633.8]]}},{"type":"Feature","properties":{"id":"p:equipos:3605","n":1,"sc":"#808080"},"geometry":{"type":"LineString","coordinates":[[1415.0,1638.1],[1415.0,1638.1]]}},{"type":"Feature","properties":{"id":"p:equipos:3606","n":1,"sc":"#808080"},"geometry":{"type":"LineString","coordinates":[[1418.9,1629.9],[1418.9,1629.9]]}},{"type":"Feature","properties":{"id":"p:equipos:3607","n":1,"sc":"#808080"},"geometry":{"type":"LineString","coordinates":[[1403.0,1626.6],[1404.5,1628]]}},{"type":"Feature","properties":{"id":"p:equipos:3608","n":1,"sc":"#808080"},"geometry":{"type":"LineString","coordinates":[[1404.5,1628],[1405.4,1629.0]]}},{"type":"Feature","properties":{"id":"p:equipos:3609","n":1,"sc":"#808080"},"geometry":{"type":"LineString","coordinates":[[1399.7,1626.6],[1400.2,1626.6]]}},{"type":"Feature","properties":{"id":"p:equipos:3610","n":1,"sc":"#808080"},"geometry":{"type":"LineString","coordinates":[[1401.1,1630.9],[1399.7,1629.4]]}},{"type":"Feature","properties":{"id":"p:equipos:3611","n":4,"sc":"#808080"},"geometry":{"type":"LineString","coordinates":[[1402.9,1625.8],[1402.7,1625.6],[1402.6,1625.5],[1402.4,1625.4],[1402.2,1625.3]]}},{"type":"Feature","properties":{"id":"p:equipos:3612","n":1,"sc":"#808080"},"geometry":{"type":"LineString","coordinates":[[1404.5,1631.4],[1405.0,1631.4]]}},{"type":"Feature","properties":{"id":"p:equipos:3613","n":4,"sc":"#808080"},"geometry":{"type":"LineString","coordinates":[[1398.9,1628.5],[1398.9,1628.7],[1399.0,1628.8],[1399.1,1628.9],[1399.2,1629.1]]}},{"type":"Feature","properties":{"id":"p:equipos:3614","n":1,"sc":"#808080"},"geometry":{"type":"LineString","coordinates":[[1404.5,1635.2],[1404.5,1635.2]]}},{"type":"Feature","properties":{"id":"p:equipos:3615","n":1,"sc":"#808080"},"geometry":{"type":"LineString","coordinates":[[1421.8,1632.3],[1421.8,1632.3]]}},{"type":"Feature","properties":{"id":"p:equipos:3616","n":1,"sc":"#808080"},"geometry":{"type":"LineString","coordinates":[[1421.8,1631.8],[1418.9,1629.9]]}},{"type":"Feature","properties":{"id":"p:equipos:3617","n":1,"sc":"#808080"},"geometry":{"type":"LineString","coordinates":[[1404,1632.3],[1404,1632.3]]}},{"type":"Feature","properties":{"id":"p:equipos:3618","n":1,"sc":"#808080"},"geometry":{"type":"LineString","coordinates":[[1403.5,1631.4],[1404,1631.4]]}},{"type":"Feature","properties":{"id":"p:equipos:3619","n":2,"sc":"#808080"},"geometry":{"type":"LineString","coordinates":[[1405.4,1631.4],[1406.9,1629.0],[1409.3,1628]]}},{"type":"Feature","properties":{"id":"p:equipos:3620","n":4,"sc":"#808080"},"geometry":{"type":"LineString","coordinates":[[1413.6,1632.3],[1413.1,1630.4],[1412.2,1629.4],[1410.7,1628.5],[1409.3,1628]]}},{"type":"Feature","properties":{"id":"p:equipos:3621","n":4,"sc":"#808080"},"geometry":{"type":"LineString","coordinates":[[1409.3,1628],[1407.8,1628.5],[1406.4,1629.4],[1405.9,1630.9],[1405.4,1632.3]]}},{"type":"Feature","properties":{"id":"p:equipos:3622","n":4,"sc":"#808080"},"geometry":{"type":"LineString","coordinates":[[1413.6,1634.7],[1411.7,1633.3],[1409.3,1632.8],[1407.4,1633.3],[1405.4,1634.7]]}},{"type":"Feature","properties":{"id":"p:equipos:3623","n":1,"sc":"#808080"},"geometry":{"type":"LineString","coordinates":[[1413.6,1632.3],[1413.6,1634.7]]}},{"type":"Feature","properties":{"id":"p:equipos:3624","n":1,"sc":"#808080"},"geometry":{"type":"LineString","coordinates":[[1405.4,1632.3],[1405.4,1634.7]]}},{"type":"Feature","properties":{"id":"p:equipos:3625","n":4,"sc":"#808080"},"geometry":{"type":"LineString","coordinates":[[1384.0,1636.2],[1383.9,1636.1],[1383.8,1636.0],[1383.6,1635.9],[1383.5,1635.8]]}},{"type":"Feature","properties":{"id":"p:equipos:3626","n":2,"sc":"#808080"},"geometry":{"type":"LineString","coordinates":[[1374.7,1631.8],[1377.1,1632.3],[1378.6,1633.3]]}},{"type":"Feature","properties":{"id":"p:equipos:3627","n":1,"sc":"#808080"},"geometry":{"type":"LineString","coordinates":[[1356.5,1634.7],[1357.0,1633.3]]}},{"type":"Feature","properties":{"id":"p:equipos:3628","n":2,"sc":"#808080"},"geometry":{"type":"LineString","coordinates":[[1360.3,1642.4],[1358.4,1641.9],[1356.5,1641.0]]}},{"type":"Feature","properties":{"id":"p:equipos:3629","n":1,"sc":"#808080"},"geometry":{"type":"LineString","coordinates":[[1363.7,1642.4],[1360.3,1642.4]]}},{"type":"Feature","properties":{"id":"p:equipos:3630","n":1,"sc":"#808080"},"geometry":{"type":"LineString","coordinates":[[1372.8,1636.6],[1372.8,1636.6]]}},{"type":"Feature","properties":{"id":"p:equipos:3631","n":1,"sc":"#808080"},"geometry":{"type":"LineString","coordinates":[[1371.8,1631.8],[1374.7,1631.8]]}},{"type":"Feature","properties":{"id":"p:equipos:3632","n":1,"sc":"#808080"},"geometry":{"type":"LineString","coordinates":[[1360.8,1631.8],[1364.2,1631.8]]}},{"type":"Feature","properties":{"id":"p:equipos:3633","n":1,"sc":"#808080"},"geometry":{"type":"LineString","coordinates":[[1371.8,1642.4],[1363.7,1642.4]]}},{"type":"Feature","properties":{"id":"p:equipos:3634","n":1,"sc":"#808080"},"geometry":{"type":"LineString","coordinates":[[1375.7,1642.4],[1371.8,1642.4]]}},{"type":"Feature","properties":{"id":"p:equipos:3635","n":2,"sc":"#808080"},"geometry":{"type":"LineString","coordinates":[[1357.0,1633.3],[1358.9,1632.3],[1360.8,1631.8]]}},{"type":"Feature","properties":{"id":"p:equipos:3636","n":1,"sc":"#808080"},"geometry":{"type":"LineString","coordinates":[[1378.6,1633.3],[1379.5,1634.7]]}},{"type":"Feature","properties":{"id":"p:equipos:3637","n":2,"sc":"#808080"},"geometry":{"type":"LineString","coordinates":[[1379.0,1640.5],[1377.6,1641.9],[1375.7,1642.4]]}},{"type":"Feature","properties":{"id":"p:equipos:3638","n":1,"sc":"#808080"},"geometry":{"type":"LineString","coordinates":[[1380,1632.3],[1380.5,1632.3]]}},{"type":"Feature","properties":{"id":"p:equipos:3639","n":2,"sc":"#808080"},"geometry":{"type":"LineString","coordinates":[[1374.7,1629.4],[1376.2,1629.4],[1377.6,1630.4]]}},{"type":"Feature","properties":{"id":"p:equipos:3640","n":1,"sc":"#808080"},"geometry":{"type":"LineString","coordinates":[[1377.6,1630.4],[1378.1,1630.9]]}},{"type":"Feature","properties":{"id":"p:equipos:3641","n":1,"sc":"#808080"},"geometry":{"type":"LineString","coordinates":[[1377.6,1630.4],[1377.6,1630.4]]}},{"type":"Feature","properties":{"id":"p:equipos:3642","n":1,"sc":"#808080"},"geometry":{"type":"LineString","coordinates":[[1377.1,1630.4],[1377.1,1630.4]]}},{"type":"Feature","properties":{"id":"p:equipos:3643","n":1,"sc":"#808080"},"geometry":{"type":"LineString","coordinates":[[1375.7,1631.4],[1375.7,1631.4]]}},{"type":"Feature","properties":{"id":"p:equipos:3644","n":1,"sc":"#808080"},"geometry":{"type":"LineString","coordinates":[[1378.6,1631.4],[1379.0,1631.8]]}},{"type":"Feature","properties":{"id":"p:equipos:3645","n":1,"sc":"#808080"},"geometry":{"type":"LineString","coordinates":[[1380,1632.3],[1380.5,1632.3]]}},{"type":"Feature","properties":{"id":"p:equipos:3646","n":1,"sc":"#808080"},"geometry":{"type":"LineString","coordinates":[[1380,1632.3],[1380,1632.3]]}},{"type":"Feature","properties":{"id":"p:equipos:3647","n":1,"sc":"#808080"},"geometry":{"type":"LineString","coordinates":[[1378.1,1632.8],[1378.1,1632.8]]}},{"type":"Feature","properties":{"id":"p:equipos:3648","n":1,"sc":"#808080"},"geometry":{"type":"LineString","coordinates":[[1375.2,1629.4],[1378.1,1631.4]]}},{"type":"Feature","properties":{"id":"p:equipos:3649","n":1,"sc":"#808080"},"geometry":{"type":"LineString","coordinates":[[1376.6,1631.8],[1374.7,1630.4]]}},{"type":"Feature","properties":{"id":"p:equipos:3650","n":4,"sc":"#808080"},"geometry":{"type":"LineString","coordinates":[[1372.1,1635.7],[1372.1,1635.7],[1372.1,1635.7],[1372.1,1635.7],[1372.1,1635.7]]}},{"type":"Feature","properties":{"id":"p:equipos:3651","n":4,"sc":"#808080"},"geometry":{"type":"LineString","coordinates":[[1381.6,1633.0],[1381.2,1632.7],[1380.7,1632.6],[1380.1,1632.7],[1379.5,1633.0]]}},{"type":"Feature","properties":{"id":"p:equipos:3652","n":1,"sc":"#808080"},"geometry":{"type":"LineString","coordinates":[[1380,1632.3],[1380,1632.3]]}},{"type":"Feature","properties":{"id":"p:equipos:3653","n":1,"sc":"#808080"},"geometry":{"type":"LineString","coordinates":[[1356.5,1633.8],[1357.0,1633.8]]}},{"type":"Feature","properties":{"id":"p:equipos:3654","n":1,"sc":"#808080"},"geometry":{"type":"LineString","coordinates":[[1356,1634.2],[1356.5,1633.8]]}},{"type":"Feature","properties":{"id":"p:equipos:3655","n":4,"sc":"#808080"},"geometry":{"type":"LineString","coordinates":[[1377.3,1630.1],[1377.3,1630.0],[1377.3,1630.0],[1377.2,1630.0],[1377.2,1630.0]]}},{"type":"Feature","properties":{"id":"p:equipos:3656","n":2,"sc":"#808080"},"geometry":{"type":"LineString","coordinates":[[1360.3,1631.8],[1361.8,1631.4],[1363.2,1631.4]]}},{"type":"Feature","properties":{"id":"p:equipos:3657","n":1,"sc":"#808080"},"geometry":{"type":"LineString","coordinates":[[1356.5,1633.8],[1357.0,1633.3]]}},{"type":"Feature","properties":{"id":"p:equipos:3658","n":1,"sc":"#808080"},"geometry":{"type":"LineString","coordinates":[[1374.7,1629.9],[1374.7,1629.9]]}},{"type":"Feature","properties":{"id":"p:equipos:3659","n":1,"sc":"#808080"},"geometry":{"type":"LineString","coordinates":[[1361.8,1631.8],[1362.2,1631.4]]}},{"type":"Feature","properties":{"id":"p:equipos:3660","n":1,"sc":"#808080"},"geometry":{"type":"LineString","coordinates":[[1363.7,1633.3],[1363.7,1633.3]]}},{"type":"Feature","properties":{"id":"p:equipos:3661","n":1,"sc":"#808080"},"geometry":{"type":"LineString","coordinates":[[1357.0,1633.3],[1357.0,1633.3]]}},{"type":"Feature","properties":{"id":"p:equipos:3662","n":1,"sc":"#808080"},"geometry":{"type":"LineString","coordinates":[[1356.5,1634.7],[1356.5,1634.7]]}},{"type":"Feature","properties":{"id":"p:equipos:3663","n":1,"sc":"#808080"},"geometry":{"type":"LineString","coordinates":[[1372.3,1633.3],[1372.3,1633.3]]}},{"type":"Feature","properties":{"id":"p:equipos:3664","n":1,"sc":"#808080"},"geometry":{"type":"LineString","coordinates":[[1375.7,1630.9],[1375.7,1630.9]]}},{"type":"Feature","properties":{"id":"p:equipos:3665","n":1,"sc":"#808080"},"geometry":{"type":"LineString","coordinates":[[1373.3,1632.3],[1373.3,1632.3]]}},{"type":"Feature","properties":{"id":"p:equipos:3666","n":1,"sc":"#808080"},"geometry":{"type":"LineString","coordinates":[[1348.3,1634.7],[1348.8,1634.7]]}},{"type":"Feature","properties":{"id":"p:equipos:3667","n":1,"sc":"#808080"},"geometry":{"type":"LineString","coordinates":[[1356,1634.2],[1348.3,1634.7]]}},{"type":"Feature","properties":{"id":"p:equipos:3668","n":4,"sc":"#808080"},"geometry":{"type":"LineString","coordinates":[[1376.2,1631.6],[1375.7,1631.5],[1375.3,1631.4],[1374.8,1631.4],[1374.4,1631.4]]}},{"type":"Feature","properties":{"id":"p:equipos:3669","n":4,"sc":"#808080"},"geometry":{"type":"LineString","coordinates":[[1348.3,1638.6],[1347.4,1638.1],[1347.4,1636.6],[1347.8,1635.7],[1348.3,1634.7]]}},{"type":"Feature","properties":{"id":"p:equipos:3670","n":1,"sc":"#808080"},"geometry":{"type":"LineString","coordinates":[[1352.6,1639.5],[1356.5,1641.0]]}},{"type":"Feature","properties":{"id":"p:equipos:3671","n":1,"sc":"#808080"},"geometry":{"type":"LineString","coordinates":[[1356.5,1634.7],[1357.0,1635.7]]}},{"type":"Feature","properties":{"id":"p:equipos:3672","n":1,"sc":"#808080"},"geometry":{"type":"LineString","coordinates":[[1353.1,1634.7],[1356.5,1634.7]]}},{"type":"Feature","properties":{"id":"p:equipos:3673","n":1,"sc":"#808080"},"geometry":{"type":"LineString","coordinates":[[1348.3,1638.6],[1352.6,1639.5]]}},{"type":"Feature","properties":{"id":"p:equipos:3674","n":8,"sc":"#808080"},"geometry":{"type":"LineString","coordinates":[[1347.8,1634.3],[1347.1,1634.5],[1346.5,1635.0],[1346.1,1635.7],[1345.9,1636.5],[1346.1,1637.2],[1346.5,1637.9],[1347.2,1638.4],[1348.0,1638.6]]}},{"type":"Feature","properties":{"id":"p:equipos:3675","n":1,"sc":"#808080"},"geometry":{"type":"LineString","coordinates":[[1357.0,1635.7],[1357.0,1638.6]]}},{"type":"Feature","properties":{"id":"p:equipos:3676","n":1,"sc":"#808080"},"geometry":{"type":"LineString","coordinates":[[1348.8,1634.7],[1353.1,1634.7]]}},{"type":"Feature","properties":{"id":"p:equipos:3677","n":2,"sc":"#808080"},"geometry":{"type":"LineString","coordinates":[[1357.0,1638.6],[1356.5,1640],[1356.5,1641.0]]}},{"type":"Feature","properties":{"id":"p:equipos:3678","n":1,"sc":"#808080"},"geometry":{"type":"LineString","coordinates":[[1378.6,1633.3],[1378.6,1633.3]]}},{"type":"Feature","properties":{"id":"p:equipos:3679","n":4,"sc":"#808080"},"geometry":{"type":"LineString","coordinates":[[1356.0,1640.4],[1356.0,1640.4],[1356.1,1640.4],[1356.1,1640.4],[1356.2,1640.4]]}},{"type":"Feature","properties":{"id":"p:equipos:3680","n":8,"sc":"#808080"},"geometry":{"type":"LineString","coordinates":[[1383.0,1640.0],[1383.5,1639.8],[1384.0,1639.5],[1384.4,1639.1],[1384.6,1638.6],[1384.8,1638.1],[1384.8,1637.5],[1384.6,1637.0],[1384.3,1636.5]]}},{"type":"Feature","properties":{"id":"p:equipos:3681","n":2,"sc":"#808080"},"geometry":{"type":"LineString","coordinates":[[1378.6,1638.6],[1378.6,1637.1],[1378.6,1635.7]]}},{"type":"Feature","properties":{"id":"p:equipos:3682","n":2,"sc":"#808080"},"geometry":{"type":"LineString","coordinates":[[1378.6,1635.7],[1379.0,1634.7],[1379.5,1634.7]]}},{"type":"Feature","properties":{"id":"p:equipos:3683","n":2,"sc":"#808080"},"geometry":{"type":"LineString","coordinates":[[1379.0,1640.5],[1379.0,1640],[1378.6,1638.6]]}},{"type":"Feature","properties":{"id":"p:equipos:3684","n":1,"sc":"#808080"},"geometry":{"type":"LineString","coordinates":[[1381.4,1633.3],[1384.3,1637.1]]}},{"type":"Feature","properties":{"id":"p:equipos:3685","n":4,"sc":"#808080"},"geometry":{"type":"LineString","coordinates":[[1379.5,1634.5],[1379.5,1634.5],[1379.4,1634.4],[1379.3,1634.4],[1379.2,1634.4]]}},{"type":"Feature","properties":{"id":"p:equipos:3686","n":1,"sc":"#808080"},"geometry":{"type":"LineString","coordinates":[[1379.0,1640.5],[1379.0,1640.5]]}},{"type":"Feature","properties":{"id":"p:equipos:3687","n":1,"sc":"#808080"},"geometry":{"type":"LineString","coordinates":[[1381.4,1635.7],[1380,1634.7]]}},{"type":"Feature","properties":{"id":"p:equipos:3688","n":2,"sc":"#808080"},"geometry":{"type":"LineString","coordinates":[[1374.7,1623.7],[1373.8,1624.2],[1372.8,1624.6]]}},{"type":"Feature","properties":{"id":"p:equipos:3689","n":1,"sc":"#808080"},"geometry":{"type":"LineString","coordinates":[[1372.8,1632.3],[1372.8,1632.3]]}},{"type":"Feature","properties":{"id":"p:equipos:3690","n":1,"sc":"#808080"},"geometry":{"type":"LineString","coordinates":[[1381.0,1640.5],[1379.0,1640.5]]}},{"type":"Feature","properties":{"id":"p:equipos:3691","n":1,"sc":"#808080"},"geometry":{"type":"LineString","coordinates":[[1383.8,1636.2],[1381.4,1635.7]]}},{"type":"Feature","properties":{"id":"p:equipos:3692","n":4,"sc":"#808080"},"geometry":{"type":"LineString","coordinates":[[1381.6,1633.0],[1381.4,1632.7],[1381.0,1632.5],[1380.7,1632.4],[1380.3,1632.3]]}},{"type":"Feature","properties":{"id":"p:equipos:3693","n":3,"sc":"#808080"},"geometry":{"type":"LineString","coordinates":[[1372.3,1629.4],[1372.3,1630.4],[1372.3,1631.4],[1372.8,1631.8]]}},{"type":"Feature","properties":{"id":"p:equipos:3694","n":1,"sc":"#808080"},"geometry":{"type":"LineString","coordinates":[[1378.6,1632.8],[1378.6,1632.8]]}},{"type":"Feature","properties":{"id":"p:equipos:3695","n":4,"sc":"#808080"},"geometry":{"type":"LineString","coordinates":[[1363.7,1631.3],[1363.7,1631.5],[1363.7,1631.7],[1363.7,1631.9],[1363.7,1632.1]]}},{"type":"Feature","properties":{"id":"p:equipos:3696","n":8,"sc":"#808080"},"geometry":{"type":"LineString","coordinates":[[1363.6,1634.5],[1363.0,1635.7],[1362.7,1637.1],[1362.8,1638.4],[1363.3,1639.7],[1364.1,1640.8],[1365.2,1641.7],[1366.4,1642.2],[1367.8,1642.4]]}},{"type":"Feature","properties":{"id":"p:equipos:3697","n":2,"sc":"#808080"},"geometry":{"type":"LineString","coordinates":[[1376.6,1625.1],[1376.2,1624.2],[1375.2,1623.7]]}},{"type":"Feature","properties":{"id":"p:equipos:3698","n":1,"sc":"#808080"},"geometry":{"type":"LineString","coordinates":[[1377.1,1629.9],[1377.1,1628]]}},{"type":"Feature","properties":{"id":"p:equipos:3699","n":1,"sc":"#808080"},"geometry":{"type":"LineString","coordinates":[[1377.1,1629.9],[1376.6,1629.9]]}},{"type":"Feature","properties":{"id":"p:equipos:3700","n":1,"sc":"#808080"},"geometry":{"type":"LineString","coordinates":[[1377.1,1629.9],[1377.1,1629.9]]}},{"type":"Feature","properties":{"id":"p:equipos:3701","n":1,"sc":"#808080"},"geometry":{"type":"LineString","coordinates":[[1375.2,1638.6],[1375.2,1638.6]]}},{"type":"Feature","properties":{"id":"p:equipos:3702","n":1,"sc":"#808080"},"geometry":{"type":"LineString","coordinates":[[1374.2,1638.6],[1374.2,1638.6]]}},{"type":"Feature","properties":{"id":"p:equipos:3703","n":2,"sc":"#808080"},"geometry":{"type":"LineString","coordinates":[[1358.4,1626.6],[1359.4,1626.1],[1360.8,1626.1]]}},{"type":"Feature","properties":{"id":"p:equipos:3704","n":1,"sc":"#808080"},"geometry":{"type":"LineString","coordinates":[[1364.2,1629.4],[1364.6,1629.9]]}},{"type":"Feature","properties":{"id":"p:equipos:3705","n":2,"sc":"#808080"},"geometry":{"type":"LineString","coordinates":[[1357.9,1629.0],[1357.9,1628],[1358.4,1627.0]]}},{"type":"Feature","properties":{"id":"p:equipos:3706","n":1,"sc":"#808080"},"geometry":{"type":"LineString","coordinates":[[1359.8,1631.8],[1359.4,1631.4]]}},{"type":"Feature","properties":{"id":"p:equipos:3707","n":1,"sc":"#808080"},"geometry":{"type":"LineString","coordinates":[[1377.6,1630.4],[1377.1,1630.4]]}},{"type":"Feature","properties":{"id":"p:equipos:3708","n":1,"sc":"#808080"},"geometry":{"type":"LineString","coordinates":[[1377.1,1630.4],[1377.1,1630.4]]}},{"type":"Feature","properties":{"id":"p:equipos:3709","n":4,"sc":"#808080"},"geometry":{"type":"LineString","coordinates":[[1379.8,1632.0],[1379.8,1632.0],[1379.7,1632.0],[1379.7,1632.0],[1379.7,1632.0]]}},{"type":"Feature","properties":{"id":"p:equipos:3710","n":1,"sc":"#808080"},"geometry":{"type":"LineString","coordinates":[[1383.4,1640],[1381.0,1640.5]]}},{"type":"Feature","properties":{"id":"p:equipos:3711","n":1,"sc":"#808080"},"geometry":{"type":"LineString","coordinates":[[1377.6,1630.4],[1377.6,1630.4]]}},{"type":"Feature","properties":{"id":"p:equipos:3712","n":4,"sc":"#808080"},"geometry":{"type":"LineString","coordinates":[[1374.7,1630.4],[1374.2,1630.4],[1374.2,1629.9],[1374.2,1629.4],[1374.7,1629.4]]}},{"type":"Feature","properties":{"id":"p:equipos:3713","n":3,"sc":"#808080"},"geometry":{"type":"LineString","coordinates":[[1375.7,1631.4],[1375.2,1631.4],[1375.2,1630.9],[1375.2,1630.4]]}},{"type":"Feature","properties":{"id":"p:equipos:3714","n":1,"sc":"#808080"},"geometry":{"type":"LineString","coordinates":[[1374.7,1629.4],[1374.2,1629.9]]}},{"type":"Feature","properties":{"id":"p:equipos:3715","n":1,"sc":"#808080"},"geometry":{"type":"LineString","coordinates":[[1374.2,1629.9],[1374.7,1630.4]]}},{"type":"Feature","properties":{"id":"p:equipos:3716","n":1,"sc":"#808080"},"geometry":{"type":"LineString","coordinates":[[1376.6,1631.8],[1376.6,1631.8]]}},{"type":"Feature","properties":{"id":"p:equipos:3717","n":1,"sc":"#808080"},"geometry":{"type":"LineString","coordinates":[[1377.6,1630.4],[1377.6,1630.4]]}},{"type":"Feature","properties":{"id":"p:equipos:3718","n":1,"sc":"#808080"},"geometry":{"type":"LineString","coordinates":[[1377.1,1630.4],[1377.6,1630.4]]}},{"type":"Feature","properties":{"id":"p:equipos:3719","n":4,"sc":"#808080"},"geometry":{"type":"LineString","coordinates":[[1378.5,1632.7],[1378.5,1632.7],[1378.5,1632.7],[1378.5,1632.7],[1378.5,1632.7]]}},{"type":"Feature","properties":{"id":"p:equipos:3720","n":1,"sc":"#808080"},"geometry":{"type":"LineString","coordinates":[[1375.2,1630.9],[1375.7,1631.4]]}},{"type":"Feature","properties":{"id":"p:equipos:3721","n":1,"sc":"#808080"},"geometry":{"type":"LineString","coordinates":[[1380,1632.3],[1380,1632.3]]}},{"type":"Feature","properties":{"id":"p:equipos:3722","n":1,"sc":"#808080"},"geometry":{"type":"LineString","coordinates":[[1379.5,1632.3],[1379.5,1632.3]]}},{"type":"Feature","properties":{"id":"p:equipos:3723","n":8,"sc":"#808080"},"geometry":{"type":"LineString","coordinates":[[1375.3,1629.0],[1375.0,1629.0],[1374.8,1629.0],[1374.5,1629.1],[1374.3,1629.3],[1374.2,1629.6],[1374.3,1629.8],[1374.4,1630.1],[1374.6,1630.3]]}},{"type":"Feature","properties":{"id":"p:equipos:3724","n":1,"sc":"#808080"},"geometry":{"type":"LineString","coordinates":[[1378.1,1632.8],[1378.1,1632.3]]}},{"type":"Feature","properties":{"id":"p:equipos:3725","n":1,"sc":"#808080"},"geometry":{"type":"LineString","coordinates":[[1378.1,1632.8],[1378.1,1632.8]]}},{"type":"Feature","properties":{"id":"p:equipos:3726","n":1,"sc":"#808080"},"geometry":{"type":"LineString","coordinates":[[1378.1,1632.8],[1378.1,1632.8]]}},{"type":"Feature","properties":{"id":"p:equipos:3727","n":1,"sc":"#808080"},"geometry":{"type":"LineString","coordinates":[[1378.1,1632.3],[1378.1,1632.8]]}},{"type":"Feature","properties":{"id":"p:equipos:3728","n":4,"sc":"#808080"},"geometry":{"type":"LineString","coordinates":[[1355.9,1633.8],[1355.8,1633.8],[1355.7,1633.8],[1355.7,1633.8],[1355.6,1633.8]]}},{"type":"Feature","properties":{"id":"p:equipos:3729","n":1,"sc":"#808080"},"geometry":{"type":"LineString","coordinates":[[1363.2,1631.4],[1363.2,1631.8]]}},{"type":"Feature","properties":{"id":"p:equipos:3730","n":2,"sc":"#808080"},"geometry":{"type":"LineString","coordinates":[[1375.2,1629.4],[1374.7,1629.9],[1374.7,1630.4]]}},{"type":"Feature","properties":{"id":"p:equipos:3731","n":2,"sc":"#808080"},"geometry":{"type":"LineString","coordinates":[[1378.1,1632.3],[1378.6,1631.8],[1378.1,1631.4]]}},{"type":"Feature","properties":{"id":"p:equipos:3732","n":2,"sc":"#808080"},"geometry":{"type":"LineString","coordinates":[[1378.6,1633.3],[1379.0,1632.3],[1380,1632.3]]}},{"type":"Feature","properties":{"id":"p:equipos:3733","n":1,"sc":"#808080"},"geometry":{"type":"LineString","coordinates":[[1378.6,1633.3],[1378.6,1633.3]]}},{"type":"Feature","properties":{"id":"p:equipos:3734","n":1,"sc":"#808080"},"geometry":{"type":"LineString","coordinates":[[1362.7,1632.3],[1362.7,1632.3]]}},{"type":"Feature","properties":{"id":"p:equipos:3735","n":1,"sc":"#808080"},"geometry":{"type":"LineString","coordinates":[[1379.5,1632.8],[1380.5,1632.3]]}},{"type":"Feature","properties":{"id":"p:equipos:3736","n":4,"sc":"#808080"},"geometry":{"type":"LineString","coordinates":[[1362.5,1631.1],[1362.3,1631.0],[1362.2,1630.9],[1362.0,1630.9],[1361.7,1630.9]]}},{"type":"Feature","properties":{"id":"p:equipos:3737","n":1,"sc":"#808080"},"geometry":{"type":"LineString","coordinates":[[1377.6,1630.4],[1380,1632.3]]}},{"type":"Feature","properties":{"id":"p:equipos:3738","n":8,"sc":"#808080"},"geometry":{"type":"LineString","coordinates":[[1367.8,1642.4],[1369.1,1642.2],[1370.4,1641.7],[1371.4,1640.8],[1372.2,1639.7],[1372.7,1638.4],[1372.8,1637.0],[1372.5,1635.7],[1371.9,1634.5]]}},{"type":"Feature","properties":{"id":"p:equipos:3739","n":1,"sc":"#808080"},"geometry":{"type":"LineString","coordinates":[[1379.5,1632.8],[1379.0,1633.8]]}},{"type":"Feature","properties":{"id":"p:equipos:3740","n":4,"sc":"#808080"},"geometry":{"type":"LineString","coordinates":[[1372.6,1624.3],[1372.5,1624.5],[1372.4,1624.7],[1372.4,1625.0],[1372.3,1625.2]]}},{"type":"Feature","properties":{"id":"p:equipos:3741","n":1,"sc":"#808080"},"geometry":{"type":"LineString","coordinates":[[1368,1628.5],[1368,1628.5]]}},{"type":"Feature","properties":{"id":"p:equipos:3742","n":1,"sc":"#808080"},"geometry":{"type":"LineString","coordinates":[[1372.3,1625.6],[1372.3,1628]]}},{"type":"Feature","properties":{"id":"p:equipos:3743","n":1,"sc":"#808080"},"geometry":{"type":"LineString","coordinates":[[1372.3,1628],[1372.3,1629.4]]}},{"type":"Feature","properties":{"id":"p:equipos:3744","n":1,"sc":"#808080"},"geometry":{"type":"LineString","coordinates":[[1375.2,1623.7],[1374.7,1623.7]]}},{"type":"Feature","properties":{"id":"p:equipos:3745","n":4,"sc":"#808080"},"geometry":{"type":"LineString","coordinates":[[1376.6,1625.3],[1376.6,1625.1],[1376.6,1625.0],[1376.6,1624.8],[1376.5,1624.7]]}},{"type":"Feature","properties":{"id":"p:equipos:3746","n":1,"sc":"#808080"},"geometry":{"type":"LineString","coordinates":[[1377.1,1628],[1377.1,1625.6]]}},{"type":"Feature","properties":{"id":"p:equipos:3747","n":1,"sc":"#808080"},"geometry":{"type":"LineString","coordinates":[[1375.7,1638.6],[1375.7,1638.6]]}},{"type":"Feature","properties":{"id":"p:equipos:3748","n":1,"sc":"#808080"},"geometry":{"type":"LineString","coordinates":[[1356.5,1634.2],[1356,1634.2]]}},{"type":"Feature","properties":{"id":"p:equipos:3749","n":1,"sc":"#808080"},"geometry":{"type":"LineString","coordinates":[[1357.0,1633.8],[1357.0,1633.8]]}},{"type":"Feature","properties":{"id":"p:equipos:3750","n":1,"sc":"#808080"},"geometry":{"type":"LineString","coordinates":[[1373.8,1638.6],[1373.8,1638.6]]}},{"type":"Feature","properties":{"id":"p:equipos:3751","n":1,"sc":"#808080"},"geometry":{"type":"LineString","coordinates":[[1377.1,1629.9],[1377.1,1629.9]]}},{"type":"Feature","properties":{"id":"p:equipos:3752","n":1,"sc":"#808080"},"geometry":{"type":"LineString","coordinates":[[1361.3,1626.6],[1362.7,1628]]}},{"type":"Feature","properties":{"id":"p:equipos:3753","n":1,"sc":"#808080"},"geometry":{"type":"LineString","coordinates":[[1362.7,1628],[1364.2,1629.4]]}},{"type":"Feature","properties":{"id":"p:equipos:3754","n":1,"sc":"#808080"},"geometry":{"type":"LineString","coordinates":[[1358.4,1627.0],[1358.4,1626.6]]}},{"type":"Feature","properties":{"id":"p:equipos:3755","n":1,"sc":"#808080"},"geometry":{"type":"LineString","coordinates":[[1359.4,1631.4],[1357.9,1629.4]]}},{"type":"Feature","properties":{"id":"p:equipos:3756","n":4,"sc":"#808080"},"geometry":{"type":"LineString","coordinates":[[1361.1,1626.3],[1361.0,1626.1],[1360.8,1626.0],[1360.6,1625.9],[1360.4,1625.8]]}},{"type":"Feature","properties":{"id":"p:equipos:3757","n":1,"sc":"#808080"},"geometry":{"type":"LineString","coordinates":[[1363.2,1631.4],[1363.2,1631.8]]}},{"type":"Feature","properties":{"id":"p:equipos:3758","n":4,"sc":"#808080"},"geometry":{"type":"LineString","coordinates":[[1357.6,1629.0],[1357.6,1629.1],[1357.7,1629.3],[1357.8,1629.4],[1357.9,1629.5]]}},{"type":"Feature","properties":{"id":"p:equipos:3759","n":1,"sc":"#808080"},"geometry":{"type":"LineString","coordinates":[[1363.2,1635.2],[1363.2,1635.2]]}},{"type":"Feature","properties":{"id":"p:equipos:3760","n":1,"sc":"#808080"},"geometry":{"type":"LineString","coordinates":[[1380.5,1632.3],[1380.5,1632.3]]}},{"type":"Feature","properties":{"id":"p:equipos:3761","n":1,"sc":"#808080"},"geometry":{"type":"LineString","coordinates":[[1380,1632.3],[1377.6,1630.4]]}},{"type":"Feature","properties":{"id":"p:equipos:3762","n":1,"sc":"#808080"},"geometry":{"type":"LineString","coordinates":[[1362.7,1632.3],[1362.7,1632.3]]}},{"type":"Feature","properties":{"id":"p:equipos:3763","n":1,"sc":"#808080"},"geometry":{"type":"LineString","coordinates":[[1362.2,1631.4],[1362.2,1631.8]]}},{"type":"Feature","properties":{"id":"p:equipos:3764","n":2,"sc":"#808080"},"geometry":{"type":"LineString","coordinates":[[1364.2,1631.8],[1365.1,1629.4],[1368,1628.5]]}},{"type":"Feature","properties":{"id":"p:equipos:3765","n":4,"sc":"#808080"},"geometry":{"type":"LineString","coordinates":[[1371.8,1632.3],[1371.4,1630.9],[1370.9,1629.4],[1369.4,1629.0],[1368,1628.5]]}},{"type":"Feature","properties":{"id":"p:equipos:3766","n":4,"sc":"#808080"},"geometry":{"type":"LineString","coordinates":[[1368,1628.5],[1366.1,1629.0],[1365.1,1629.4],[1364.2,1630.9],[1363.7,1632.3]]}},{"type":"Feature","properties":{"id":"p:equipos:3767","n":4,"sc":"#808080"},"geometry":{"type":"LineString","coordinates":[[1371.8,1634.7],[1369.9,1633.3],[1368,1632.8],[1365.6,1633.3],[1363.7,1634.7]]}},{"type":"Feature","properties":{"id":"p:equipos:3768","n":1,"sc":"#808080"},"geometry":{"type":"LineString","coordinates":[[1371.8,1632.3],[1371.8,1634.7]]}},{"type":"Feature","properties":{"id":"p:equipos:3769","n":1,"sc":"#808080"},"geometry":{"type":"LineString","coordinates":[[1363.7,1632.3],[1363.7,1634.7]]}},{"type":"Feature","properties":{"id":"p:equipos:3770","n":4,"sc":"#808080"},"geometry":{"type":"LineString","coordinates":[[1349.6,1551.6],[1349.7,1551.7],[1349.8,1551.8],[1350.0,1551.9],[1350.1,1552.0]]}},{"type":"Feature","properties":{"id":"p:equipos:3771","n":2,"sc":"#808080"},"geometry":{"type":"LineString","coordinates":[[1359.4,1557.0],[1357.4,1556.5],[1355.5,1555.0]]}},{"type":"Feature","properties":{"id":"p:equipos:3772","n":1,"sc":"#808080"},"geometry":{"type":"LineString","coordinates":[[1378.1,1553.6],[1377.1,1555.0]]}},{"type":"Feature","properties":{"id":"p:equipos:3773","n":2,"sc":"#808080"},"geometry":{"type":"LineString","coordinates":[[1373.8,1545.9],[1376.2,1546.4],[1377.6,1547.4]]}},{"type":"Feature","properties":{"id":"p:equipos:3774","n":1,"sc":"#808080"},"geometry":{"type":"LineString","coordinates":[[1370.4,1545.9],[1373.8,1545.9]]}},{"type":"Feature","properties":{"id":"p:equipos:3775","n":1,"sc":"#808080"},"geometry":{"type":"LineString","coordinates":[[1361.3,1551.7],[1361.3,1551.7]]}},{"type":"Feature","properties":{"id":"p:equipos:3776","n":1,"sc":"#808080"},"geometry":{"type":"LineString","coordinates":[[1362.2,1557.0],[1359.4,1557.0]]}},{"type":"Feature","properties":{"id":"p:equipos:3777","n":1,"sc":"#808080"},"geometry":{"type":"LineString","coordinates":[[1373.3,1556.5],[1370.4,1556.5]]}},{"type":"Feature","properties":{"id":"p:equipos:3778","n":1,"sc":"#808080"},"geometry":{"type":"LineString","coordinates":[[1362.2,1545.9],[1370.4,1545.9]]}},{"type":"Feature","properties":{"id":"p:equipos:3779","n":1,"sc":"#808080"},"geometry":{"type":"LineString","coordinates":[[1358.4,1545.9],[1362.2,1545.9]]}},{"type":"Feature","properties":{"id":"p:equipos:3780","n":2,"sc":"#808080"},"geometry":{"type":"LineString","coordinates":[[1377.1,1555.0],[1375.2,1556],[1373.3,1556.5]]}},{"type":"Feature","properties":{"id":"p:equipos:3781","n":1,"sc":"#808080"},"geometry":{"type":"LineString","coordinates":[[1355.5,1555.0],[1354.6,1554.1]]}},{"type":"Feature","properties":{"id":"p:equipos:3782","n":2,"sc":"#808080"},"geometry":{"type":"LineString","coordinates":[[1355.0,1547.8],[1356.5,1546.4],[1358.4,1545.9]]}},{"type":"Feature","properties":{"id":"p:equipos:3783","n":1,"sc":"#808080"},"geometry":{"type":"LineString","coordinates":[[1354.1,1556],[1353.6,1556]]}},{"type":"Feature","properties":{"id":"p:equipos:3784","n":2,"sc":"#808080"},"geometry":{"type":"LineString","coordinates":[[1359.4,1558.9],[1357.9,1558.9],[1356.5,1557.9]]}},{"type":"Feature","properties":{"id":"p:equipos:3785","n":1,"sc":"#808080"},"geometry":{"type":"LineString","coordinates":[[1356.5,1557.9],[1356,1557.4]]}},{"type":"Feature","properties":{"id":"p:equipos:3786","n":1,"sc":"#808080"},"geometry":{"type":"LineString","coordinates":[[1357.0,1557.9],[1357.0,1557.9]]}},{"type":"Feature","properties":{"id":"p:equipos:3787","n":1,"sc":"#808080"},"geometry":{"type":"LineString","coordinates":[[1357.0,1557.9],[1357.0,1557.9]]}},{"type":"Feature","properties":{"id":"p:equipos:3788","n":1,"sc":"#808080"},"geometry":{"type":"LineString","coordinates":[[1358.4,1557.0],[1358.4,1557.0]]}},{"type":"Feature","properties":{"id":"p:equipos:3789","n":1,"sc":"#808080"},"geometry":{"type":"LineString","coordinates":[[1355.5,1557.0],[1355.0,1557.0]]}},{"type":"Feature","properties":{"id":"p:equipos:3790","n":1,"sc":"#808080"},"geometry":{"type":"LineString","coordinates":[[1354.1,1556],[1354.1,1556]]}},{"type":"Feature","properties":{"id":"p:equipos:3791","n":1,"sc":"#808080"},"geometry":{"type":"LineString","coordinates":[[1354.1,1556],[1354.1,1556]]}},{"type":"Feature","properties":{"id":"p:equipos:3792","n":1,"sc":"#808080"},"geometry":{"type":"LineString","coordinates":[[1356,1556],[1356,1556]]}},{"type":"Feature","properties":{"id":"p:equipos:3793","n":1,"sc":"#808080"},"geometry":{"type":"LineString","coordinates":[[1358.9,1558.9],[1356,1557.4]]}},{"type":"Feature","properties":{"id":"p:equipos:3794","n":1,"sc":"#808080"},"geometry":{"type":"LineString","coordinates":[[1357.4,1556.5],[1359.4,1557.9]]}},{"type":"Feature","properties":{"id":"p:equipos:3795","n":4,"sc":"#808080"},"geometry":{"type":"LineString","coordinates":[[1361.5,1552.2],[1361.5,1552.2],[1361.5,1552.2],[1361.5,1552.2],[1361.5,1552.2]]}},{"type":"Feature","properties":{"id":"p:equipos:3796","n":4,"sc":"#808080"},"geometry":{"type":"LineString","coordinates":[[1352.0,1555.3],[1352.4,1555.6],[1352.9,1555.7],[1353.5,1555.6],[1354.1,1555.3]]}},{"type":"Feature","properties":{"id":"p:equipos:3797","n":1,"sc":"#808080"},"geometry":{"type":"LineString","coordinates":[[1354.1,1556],[1354.1,1556]]}},{"type":"Feature","properties":{"id":"p:equipos:3798","n":1,"sc":"#808080"},"geometry":{"type":"LineString","coordinates":[[1377.6,1554.6],[1377.6,1554.6]]}},{"type":"Feature","properties":{"id":"p:equipos:3799","n":1,"sc":"#808080"},"geometry":{"type":"LineString","coordinates":[[1378.1,1554.6],[1377.6,1554.6]]}},{"type":"Feature","properties":{"id":"p:equipos:3800","n":4,"sc":"#808080"},"geometry":{"type":"LineString","coordinates":[[1356.3,1557.8],[1356.3,1557.8],[1356.3,1557.8],[1356.4,1557.8],[1356.4,1557.8]]}},{"type":"Feature","properties":{"id":"p:equipos:3801","n":2,"sc":"#808080"},"geometry":{"type":"LineString","coordinates":[[1373.8,1556.5],[1372.3,1557.0],[1370.9,1557.0]]}},{"type":"Feature","properties":{"id":"p:equipos:3802","n":1,"sc":"#808080"},"geometry":{"type":"LineString","coordinates":[[1378.1,1554.6],[1377.1,1555.0]]}},{"type":"Feature","properties":{"id":"p:equipos:3803","n":1,"sc":"#808080"},"geometry":{"type":"LineString","coordinates":[[1359.4,1558.4],[1359.4,1558.4]]}},{"type":"Feature","properties":{"id":"p:equipos:3804","n":1,"sc":"#808080"},"geometry":{"type":"LineString","coordinates":[[1372.8,1556.5],[1372.3,1557.0]]}},{"type":"Feature","properties":{"id":"p:equipos:3805","n":1,"sc":"#808080"},"geometry":{"type":"LineString","coordinates":[[1370.9,1555.0],[1370.9,1555.0]]}},{"type":"Feature","properties":{"id":"p:equipos:3806","n":1,"sc":"#808080"},"geometry":{"type":"LineString","coordinates":[[1377.1,1555.0],[1377.1,1555.0]]}},{"type":"Feature","properties":{"id":"p:equipos:3807","n":1,"sc":"#808080"},"geometry":{"type":"LineString","coordinates":[[1378.1,1553.6],[1378.1,1553.6]]}},{"type":"Feature","properties":{"id":"p:equipos:3808","n":1,"sc":"#808080"},"geometry":{"type":"LineString","coordinates":[[1361.8,1555.0],[1361.8,1555.0]]}},{"type":"Feature","properties":{"id":"p:equipos:3809","n":1,"sc":"#808080"},"geometry":{"type":"LineString","coordinates":[[1358.9,1557.4],[1358.9,1557.4]]}},{"type":"Feature","properties":{"id":"p:equipos:3810","n":1,"sc":"#808080"},"geometry":{"type":"LineString","coordinates":[[1360.8,1556],[1360.8,1556]]}},{"type":"Feature","properties":{"id":"p:equipos:3811","n":1,"sc":"#808080"},"geometry":{"type":"LineString","coordinates":[[1385.8,1553.6],[1385.8,1553.6]]}},{"type":"Feature","properties":{"id":"p:equipos:3812","n":1,"sc":"#808080"},"geometry":{"type":"LineString","coordinates":[[1378.6,1554.6],[1385.8,1553.6]]}},{"type":"Feature","properties":{"id":"p:equipos:3813","n":4,"sc":"#808080"},"geometry":{"type":"LineString","coordinates":[[1357.4,1556.2],[1357.9,1556.4],[1358.3,1556.5],[1358.8,1556.5],[1359.2,1556.4]]}},{"type":"Feature","properties":{"id":"p:equipos:3814","n":4,"sc":"#808080"},"geometry":{"type":"LineString","coordinates":[[1385.8,1549.8],[1386.7,1550.2],[1387.2,1551.7],[1386.7,1553.1],[1385.8,1553.6]]}},{"type":"Feature","properties":{"id":"p:equipos:3815","n":1,"sc":"#808080"},"geometry":{"type":"LineString","coordinates":[[1381.9,1548.8],[1377.6,1547.8]]}},{"type":"Feature","properties":{"id":"p:equipos:3816","n":1,"sc":"#808080"},"geometry":{"type":"LineString","coordinates":[[1378.1,1553.6],[1377.6,1552.6]]}},{"type":"Feature","properties":{"id":"p:equipos:3817","n":1,"sc":"#808080"},"geometry":{"type":"LineString","coordinates":[[1381.4,1553.6],[1378.1,1554.1]]}},{"type":"Feature","properties":{"id":"p:equipos:3818","n":1,"sc":"#808080"},"geometry":{"type":"LineString","coordinates":[[1385.8,1549.8],[1381.9,1548.8]]}},{"type":"Feature","properties":{"id":"p:equipos:3819","n":8,"sc":"#808080"},"geometry":{"type":"LineString","coordinates":[[1385.8,1553.6],[1386.5,1553.3],[1387.1,1552.9],[1387.5,1552.2],[1387.7,1551.4],[1387.5,1550.6],[1387.1,1549.9],[1386.4,1549.5],[1385.6,1549.3]]}},{"type":"Feature","properties":{"id":"p:equipos:3820","n":1,"sc":"#808080"},"geometry":{"type":"LineString","coordinates":[[1377.6,1552.6],[1377.1,1549.8]]}},{"type":"Feature","properties":{"id":"p:equipos:3821","n":1,"sc":"#808080"},"geometry":{"type":"LineString","coordinates":[[1385.8,1553.6],[1381.4,1553.6]]}},{"type":"Feature","properties":{"id":"p:equipos:3822","n":2,"sc":"#808080"},"geometry":{"type":"LineString","coordinates":[[1377.1,1549.8],[1377.6,1548.3],[1377.6,1547.4]]}},{"type":"Feature","properties":{"id":"p:equipos:3823","n":1,"sc":"#808080"},"geometry":{"type":"LineString","coordinates":[[1355.5,1555.0],[1355.5,1555.0]]}},{"type":"Feature","properties":{"id":"p:equipos:3824","n":4,"sc":"#808080"},"geometry":{"type":"LineString","coordinates":[[1377.6,1547.5],[1377.6,1547.4],[1377.5,1547.4],[1377.5,1547.4],[1377.4,1547.4]]}},{"type":"Feature","properties":{"id":"p:equipos:3825","n":8,"sc":"#808080"},"geometry":{"type":"LineString","coordinates":[[1350.6,1547.9],[1350.1,1548.0],[1349.6,1548.3],[1349.2,1548.7],[1349.0,1549.2],[1348.8,1549.7],[1348.8,1550.3],[1349.0,1550.8],[1349.3,1551.3]]}},{"type":"Feature","properties":{"id":"p:equipos:3826","n":2,"sc":"#808080"},"geometry":{"type":"LineString","coordinates":[[1355.5,1549.8],[1356,1551.2],[1355.5,1552.6]]}},{"type":"Feature","properties":{"id":"p:equipos:3827","n":2,"sc":"#808080"},"geometry":{"type":"LineString","coordinates":[[1355.5,1552.6],[1355.0,1553.6],[1354.6,1554.1]]}},{"type":"Feature","properties":{"id":"p:equipos:3828","n":2,"sc":"#808080"},"geometry":{"type":"LineString","coordinates":[[1355.0,1547.8],[1355.0,1548.3],[1355.5,1549.8]]}},{"type":"Feature","properties":{"id":"p:equipos:3829","n":1,"sc":"#808080"},"geometry":{"type":"LineString","coordinates":[[1352.6,1555.0],[1349.8,1551.7]]}},{"type":"Feature","properties":{"id":"p:equipos:3830","n":4,"sc":"#808080"},"geometry":{"type":"LineString","coordinates":[[1354.1,1553.3],[1354.1,1553.4],[1354.2,1553.4],[1354.3,1553.4],[1354.4,1553.5]]}},{"type":"Feature","properties":{"id":"p:equipos:3831","n":1,"sc":"#808080"},"geometry":{"type":"LineString","coordinates":[[1355.0,1547.8],[1355.0,1547.8]]}},{"type":"Feature","properties":{"id":"p:equipos:3832","n":1,"sc":"#808080"},"geometry":{"type":"LineString","coordinates":[[1352.6,1553.1],[1354.6,1553.6]]}},{"type":"Feature","properties":{"id":"p:equipos:3833","n":2,"sc":"#808080"},"geometry":{"type":"LineString","coordinates":[[1359.4,1564.6],[1360.3,1564.2],[1361.3,1563.7]]}},{"type":"Feature","properties":{"id":"p:equipos:3834","n":1,"sc":"#808080"},"geometry":{"type":"LineString","coordinates":[[1361.3,1556],[1361.3,1556]]}},{"type":"Feature","properties":{"id":"p:equipos:3835","n":1,"sc":"#808080"},"geometry":{"type":"LineString","coordinates":[[1353.1,1547.8],[1355.0,1547.8]]}},{"type":"Feature","properties":{"id":"p:equipos:3836","n":1,"sc":"#808080"},"geometry":{"type":"LineString","coordinates":[[1350.7,1552.2],[1352.6,1553.1]]}},{"type":"Feature","properties":{"id":"p:equipos:3837","n":4,"sc":"#808080"},"geometry":{"type":"LineString","coordinates":[[1352.0,1555.3],[1352.2,1555.6],[1352.6,1555.8],[1352.9,1555.9],[1353.3,1556.0]]}},{"type":"Feature","properties":{"id":"p:equipos:3838","n":3,"sc":"#808080"},"geometry":{"type":"LineString","coordinates":[[1361.8,1558.9],[1361.8,1557.9],[1361.8,1557.0],[1361.3,1557.0]]}},{"type":"Feature","properties":{"id":"p:equipos:3839","n":1,"sc":"#808080"},"geometry":{"type":"LineString","coordinates":[[1355.5,1556],[1355.5,1556]]}},{"type":"Feature","properties":{"id":"p:equipos:3840","n":4,"sc":"#808080"},"geometry":{"type":"LineString","coordinates":[[1370.3,1556.5],[1370.4,1556.3],[1370.4,1556.1],[1370.4,1555.9],[1370.4,1555.7]]}},{"type":"Feature","properties":{"id":"p:equipos:3841","n":8,"sc":"#808080"},"geometry":{"type":"LineString","coordinates":[[1370.0,1553.3],[1370.6,1552.1],[1370.9,1550.8],[1370.8,1549.4],[1370.3,1548.1],[1369.5,1547.0],[1368.4,1546.2],[1367.2,1545.6],[1365.8,1545.4]]}},{"type":"Feature","properties":{"id":"p:equipos:3842","n":2,"sc":"#808080"},"geometry":{"type":"LineString","coordinates":[[1357.4,1563.2],[1357.9,1564.2],[1358.9,1564.6]]}},{"type":"Feature","properties":{"id":"p:equipos:3843","n":1,"sc":"#808080"},"geometry":{"type":"LineString","coordinates":[[1357.0,1558.4],[1357.0,1560.3]]}},{"type":"Feature","properties":{"id":"p:equipos:3844","n":1,"sc":"#808080"},"geometry":{"type":"LineString","coordinates":[[1357.0,1558.4],[1357.4,1558.4]]}},{"type":"Feature","properties":{"id":"p:equipos:3845","n":1,"sc":"#808080"},"geometry":{"type":"LineString","coordinates":[[1357.0,1558.4],[1357.0,1558.4]]}},{"type":"Feature","properties":{"id":"p:equipos:3846","n":1,"sc":"#808080"},"geometry":{"type":"LineString","coordinates":[[1358.9,1550.2],[1358.9,1550.2]]}},{"type":"Feature","properties":{"id":"p:equipos:3847","n":1,"sc":"#808080"},"geometry":{"type":"LineString","coordinates":[[1359.8,1550.2],[1359.8,1550.2]]}},{"type":"Feature","properties":{"id":"p:equipos:3848","n":2,"sc":"#808080"},"geometry":{"type":"LineString","coordinates":[[1375.7,1561.8],[1374.7,1562.2],[1373.3,1562.2]]}},{"type":"Feature","properties":{"id":"p:equipos:3849","n":1,"sc":"#808080"},"geometry":{"type":"LineString","coordinates":[[1369.9,1558.9],[1369.4,1558.4]]}},{"type":"Feature","properties":{"id":"p:equipos:3850","n":2,"sc":"#808080"},"geometry":{"type":"LineString","coordinates":[[1376.2,1559.4],[1376.6,1560.8],[1376.2,1561.3]]}},{"type":"Feature","properties":{"id":"p:equipos:3851","n":1,"sc":"#808080"},"geometry":{"type":"LineString","coordinates":[[1374.2,1556.5],[1374.7,1557.0]]}},{"type":"Feature","properties":{"id":"p:equipos:3852","n":1,"sc":"#808080"},"geometry":{"type":"LineString","coordinates":[[1356.5,1557.9],[1357.0,1557.9]]}},{"type":"Feature","properties":{"id":"p:equipos:3853","n":1,"sc":"#808080"},"geometry":{"type":"LineString","coordinates":[[1357.0,1557.9],[1357.4,1557.9]]}},{"type":"Feature","properties":{"id":"p:equipos:3854","n":4,"sc":"#808080"},"geometry":{"type":"LineString","coordinates":[[1353.8,1555.8],[1353.8,1555.8],[1353.9,1555.8],[1353.9,1555.8],[1353.9,1555.9]]}},{"type":"Feature","properties":{"id":"p:equipos:3855","n":1,"sc":"#808080"},"geometry":{"type":"LineString","coordinates":[[1350.7,1548.3],[1353.1,1547.8]]}},{"type":"Feature","properties":{"id":"p:equipos:3856","n":1,"sc":"#808080"},"geometry":{"type":"LineString","coordinates":[[1356.5,1557.9],[1356.5,1557.9]]}},{"type":"Feature","properties":{"id":"p:equipos:3857","n":3,"sc":"#808080"},"geometry":{"type":"LineString","coordinates":[[1359.4,1557.9],[1359.8,1558.4],[1359.8,1558.9],[1359.4,1558.9]]}},{"type":"Feature","properties":{"id":"p:equipos:3858","n":3,"sc":"#808080"},"geometry":{"type":"LineString","coordinates":[[1358.4,1557.0],[1358.9,1557.0],[1358.9,1557.4],[1358.9,1557.9]]}},{"type":"Feature","properties":{"id":"p:equipos:3859","n":1,"sc":"#808080"},"geometry":{"type":"LineString","coordinates":[[1359.4,1558.9],[1359.8,1558.9]]}},{"type":"Feature","properties":{"id":"p:equipos:3860","n":1,"sc":"#808080"},"geometry":{"type":"LineString","coordinates":[[1359.8,1558.4],[1359.4,1557.9]]}},{"type":"Feature","properties":{"id":"p:equipos:3861","n":1,"sc":"#808080"},"geometry":{"type":"LineString","coordinates":[[1357.9,1556.5],[1357.9,1556.5]]}},{"type":"Feature","properties":{"id":"p:equipos:3862","n":1,"sc":"#808080"},"geometry":{"type":"LineString","coordinates":[[1356.5,1557.9],[1356.5,1557.9]]}},{"type":"Feature","properties":{"id":"p:equipos:3863","n":1,"sc":"#808080"},"geometry":{"type":"LineString","coordinates":[[1357.4,1557.9],[1357.0,1557.9]]}},{"type":"Feature","properties":{"id":"p:equipos:3864","n":4,"sc":"#808080"},"geometry":{"type":"LineString","coordinates":[[1355.6,1555.1],[1355.6,1555.1],[1355.6,1555.1],[1355.6,1555.1],[1355.6,1555.1]]}},{"type":"Feature","properties":{"id":"p:equipos:3865","n":1,"sc":"#808080"},"geometry":{"type":"LineString","coordinates":[[1358.9,1557.4],[1358.4,1557.0]]}},{"type":"Feature","properties":{"id":"p:equipos:3866","n":1,"sc":"#808080"},"geometry":{"type":"LineString","coordinates":[[1354.1,1556],[1354.1,1556]]}},{"type":"Feature","properties":{"id":"p:equipos:3867","n":1,"sc":"#808080"},"geometry":{"type":"LineString","coordinates":[[1355.0,1556],[1355.0,1556]]}},{"type":"Feature","properties":{"id":"p:equipos:3868","n":8,"sc":"#808080"},"geometry":{"type":"LineString","coordinates":[[1358.3,1558.8],[1358.6,1558.9],[1358.8,1558.9],[1359.1,1558.7],[1359.3,1558.5],[1359.4,1558.3],[1359.3,1558.0],[1359.2,1557.7],[1359.0,1557.6]]}},{"type":"Feature","properties":{"id":"p:equipos:3869","n":1,"sc":"#808080"},"geometry":{"type":"LineString","coordinates":[[1356,1555.5],[1356,1556]]}},{"type":"Feature","properties":{"id":"p:equipos:3870","n":1,"sc":"#808080"},"geometry":{"type":"LineString","coordinates":[[1356,1555.5],[1356,1555.5]]}},{"type":"Feature","properties":{"id":"p:equipos:3871","n":1,"sc":"#808080"},"geometry":{"type":"LineString","coordinates":[[1356,1555.5],[1356,1555.5]]}},{"type":"Feature","properties":{"id":"p:equipos:3872","n":1,"sc":"#808080"},"geometry":{"type":"LineString","coordinates":[[1356,1556],[1356,1555.5]]}},{"type":"Feature","properties":{"id":"p:equipos:3873","n":4,"sc":"#808080"},"geometry":{"type":"LineString","coordinates":[[1377.7,1554.6],[1377.8,1554.6],[1377.9,1554.6],[1377.9,1554.6],[1378.0,1554.5]]}},{"type":"Feature","properties":{"id":"p:equipos:3874","n":1,"sc":"#808080"},"geometry":{"type":"LineString","coordinates":[[1370.9,1557.0],[1370.9,1556.5]]}},{"type":"Feature","properties":{"id":"p:equipos:3875","n":2,"sc":"#808080"},"geometry":{"type":"LineString","coordinates":[[1358.9,1558.9],[1359.4,1558.9],[1359.4,1557.9]]}},{"type":"Feature","properties":{"id":"p:equipos:3876","n":2,"sc":"#808080"},"geometry":{"type":"LineString","coordinates":[[1356,1556],[1355.5,1557.0],[1356,1557.4]]}},{"type":"Feature","properties":{"id":"p:equipos:3877","n":2,"sc":"#808080"},"geometry":{"type":"LineString","coordinates":[[1355.5,1555.0],[1355.0,1556],[1354.1,1556]]}},{"type":"Feature","properties":{"id":"p:equipos:3878","n":1,"sc":"#808080"},"geometry":{"type":"LineString","coordinates":[[1355.5,1555.0],[1355.5,1555.0]]}},{"type":"Feature","properties":{"id":"p:equipos:3879","n":1,"sc":"#808080"},"geometry":{"type":"LineString","coordinates":[[1371.4,1556],[1371.4,1556]]}},{"type":"Feature","properties":{"id":"p:equipos:3880","n":1,"sc":"#808080"},"geometry":{"type":"LineString","coordinates":[[1354.6,1555.5],[1353.6,1556]]}},{"type":"Feature","properties":{"id":"p:equipos:3881","n":4,"sc":"#808080"},"geometry":{"type":"LineString","coordinates":[[1371.1,1556.7],[1371.3,1556.9],[1371.4,1556.9],[1371.6,1557.0],[1371.9,1556.9]]}},{"type":"Feature","properties":{"id":"p:equipos:3882","n":1,"sc":"#808080"},"geometry":{"type":"LineString","coordinates":[[1356.5,1557.9],[1354.1,1556]]}},{"type":"Feature","properties":{"id":"p:equipos:3883","n":8,"sc":"#808080"},"geometry":{"type":"LineString","coordinates":[[1365.8,1545.4],[1364.5,1545.6],[1363.2,1546.2],[1362.2,1547.0],[1361.4,1548.2],[1360.9,1549.5],[1360.8,1550.8],[1361.1,1552.1],[1361.7,1553.4]]}},{"type":"Feature","properties":{"id":"p:equipos:3884","n":1,"sc":"#808080"},"geometry":{"type":"LineString","coordinates":[[1354.6,1555.5],[1355.0,1554.6]]}},{"type":"Feature","properties":{"id":"p:equipos:3885","n":4,"sc":"#808080"},"geometry":{"type":"LineString","coordinates":[[1361.5,1563.5],[1361.6,1563.3],[1361.7,1563.1],[1361.7,1562.9],[1361.8,1562.7]]}},{"type":"Feature","properties":{"id":"p:equipos:3886","n":1,"sc":"#808080"},"geometry":{"type":"LineString","coordinates":[[1366.6,1559.8],[1366.6,1559.8]]}},{"type":"Feature","properties":{"id":"p:equipos:3887","n":1,"sc":"#808080"},"geometry":{"type":"LineString","coordinates":[[1361.8,1562.7],[1361.8,1560.8]]}},{"type":"Feature","properties":{"id":"p:equipos:3888","n":1,"sc":"#808080"},"geometry":{"type":"LineString","coordinates":[[1361.8,1560.8],[1361.8,1558.9]]}},{"type":"Feature","properties":{"id":"p:equipos:3889","n":1,"sc":"#808080"},"geometry":{"type":"LineString","coordinates":[[1358.9,1564.6],[1359.4,1564.6]]}},{"type":"Feature","properties":{"id":"p:equipos:3890","n":4,"sc":"#808080"},"geometry":{"type":"LineString","coordinates":[[1357.0,1562.6],[1357.0,1562.7],[1357.0,1562.9],[1357.0,1563.0],[1357.1,1563.2]]}},{"type":"Feature","properties":{"id":"p:equipos:3891","n":1,"sc":"#808080"},"geometry":{"type":"LineString","coordinates":[[1357.0,1560.3],[1357.4,1562.7]]}},{"type":"Feature","properties":{"id":"p:equipos:3892","n":1,"sc":"#808080"},"geometry":{"type":"LineString","coordinates":[[1358.4,1549.8],[1358.4,1549.8]]}},{"type":"Feature","properties":{"id":"p:equipos:3893","n":1,"sc":"#808080"},"geometry":{"type":"LineString","coordinates":[[1377.6,1554.1],[1378.1,1554.6]]}},{"type":"Feature","properties":{"id":"p:equipos:3894","n":1,"sc":"#808080"},"geometry":{"type":"LineString","coordinates":[[1377.6,1554.6],[1377.6,1554.6]]}},{"type":"Feature","properties":{"id":"p:equipos:3895","n":1,"sc":"#808080"},"geometry":{"type":"LineString","coordinates":[[1360.3,1549.8],[1360.3,1549.8]]}},{"type":"Feature","properties":{"id":"p:equipos:3896","n":1,"sc":"#808080"},"geometry":{"type":"LineString","coordinates":[[1357.0,1558.4],[1357.0,1558.4]]}},{"type":"Feature","properties":{"id":"p:equipos:3897","n":1,"sc":"#808080"},"geometry":{"type":"LineString","coordinates":[[1372.8,1561.8],[1371.4,1560.3]]}},{"type":"Feature","properties":{"id":"p:equipos:3898","n":1,"sc":"#808080"},"geometry":{"type":"LineString","coordinates":[[1371.4,1560.3],[1369.9,1558.9]]}},{"type":"Feature","properties":{"id":"p:equipos:3899","n":1,"sc":"#808080"},"geometry":{"type":"LineString","coordinates":[[1376.2,1561.3],[1375.7,1561.8]]}},{"type":"Feature","properties":{"id":"p:equipos:3900","n":1,"sc":"#808080"},"geometry":{"type":"LineString","coordinates":[[1374.7,1557.0],[1376.2,1558.9]]}},{"type":"Feature","properties":{"id":"p:equipos:3901","n":4,"sc":"#808080"},"geometry":{"type":"LineString","coordinates":[[1372.5,1561.6],[1372.6,1561.7],[1372.8,1561.9],[1373.0,1562.0],[1373.2,1562.1]]}},{"type":"Feature","properties":{"id":"p:equipos:3902","n":1,"sc":"#808080"},"geometry":{"type":"LineString","coordinates":[[1370.9,1557.0],[1370.9,1556.5]]}},{"type":"Feature","properties":{"id":"p:equipos:3903","n":4,"sc":"#808080"},"geometry":{"type":"LineString","coordinates":[[1376.5,1559.3],[1376.4,1559.2],[1376.4,1559.0],[1376.3,1558.9],[1376.2,1558.8]]}},{"type":"Feature","properties":{"id":"p:equipos:3904","n":1,"sc":"#808080"},"geometry":{"type":"LineString","coordinates":[[1370.9,1553.1],[1370.9,1553.1]]}},{"type":"Feature","properties":{"id":"p:equipos:3905","n":1,"sc":"#808080"},"geometry":{"type":"LineString","coordinates":[[1354.1,1556],[1354.1,1556]]}},{"type":"Feature","properties":{"id":"p:equipos:3906","n":1,"sc":"#808080"},"geometry":{"type":"LineString","coordinates":[[1354.1,1556],[1356.5,1557.9]]}},{"type":"Feature","properties":{"id":"p:equipos:3907","n":1,"sc":"#808080"},"geometry":{"type":"LineString","coordinates":[[1371.8,1556],[1371.8,1556]]}},{"type":"Feature","properties":{"id":"p:equipos:3908","n":1,"sc":"#808080"},"geometry":{"type":"LineString","coordinates":[[1372.3,1557.0],[1371.8,1556.5]]}},{"type":"Feature","properties":{"id":"p:equipos:3909","n":2,"sc":"#808080"},"geometry":{"type":"LineString","coordinates":[[1370.4,1556.5],[1369.0,1558.9],[1366.6,1559.8]]}},{"type":"Feature","properties":{"id":"p:equipos:3910","n":4,"sc":"#808080"},"geometry":{"type":"LineString","coordinates":[[1362.2,1556],[1362.7,1557.4],[1363.7,1558.9],[1364.6,1559.8],[1366.6,1559.8]]}},{"type":"Feature","properties":{"id":"p:equipos:3911","n":4,"sc":"#808080"},"geometry":{"type":"LineString","coordinates":[[1366.6,1559.8],[1368,1559.8],[1369.0,1558.9],[1369.9,1557.4],[1370.4,1556]]}},{"type":"Feature","properties":{"id":"p:equipos:3912","n":4,"sc":"#808080"},"geometry":{"type":"LineString","coordinates":[[1362.2,1553.6],[1364.2,1555.0],[1366.6,1555.5],[1368.5,1555.0],[1370.4,1553.6]]}},{"type":"Feature","properties":{"id":"p:equipos:3913","n":1,"sc":"#808080"},"geometry":{"type":"LineString","coordinates":[[1362.2,1556],[1362.2,1553.6]]}},{"type":"Feature","properties":{"id":"p:equipos:3914","n":1,"sc":"#808080"},"geometry":{"type":"LineString","coordinates":[[1370.4,1556],[1370.4,1553.6]]}},{"type":"Feature","properties":{"id":"p:equipos:3915","n":4,"sc":"#808080"},"geometry":{"type":"LineString","coordinates":[[1392.3,1552.1],[1392.4,1552.2],[1392.6,1552.3],[1392.7,1552.4],[1392.9,1552.5]]}},{"type":"Feature","properties":{"id":"p:equipos:3916","n":2,"sc":"#808080"},"geometry":{"type":"LineString","coordinates":[[1402.1,1557.0],[1399.7,1557.0],[1398.2,1555.5]]}},{"type":"Feature","properties":{"id":"p:equipos:3917","n":1,"sc":"#808080"},"geometry":{"type":"LineString","coordinates":[[1420.3,1554.1],[1419.4,1555.5]]}},{"type":"Feature","properties":{"id":"p:equipos:3918","n":2,"sc":"#808080"},"geometry":{"type":"LineString","coordinates":[[1416.5,1546.4],[1418.4,1546.9],[1420.3,1547.8]]}},{"type":"Feature","properties":{"id":"p:equipos:3919","n":1,"sc":"#808080"},"geometry":{"type":"LineString","coordinates":[[1413.1,1546.4],[1416.5,1546.4]]}},{"type":"Feature","properties":{"id":"p:equipos:3920","n":1,"sc":"#808080"},"geometry":{"type":"LineString","coordinates":[[1403.5,1552.2],[1403.5,1552.2]]}},{"type":"Feature","properties":{"id":"p:equipos:3921","n":1,"sc":"#808080"},"geometry":{"type":"LineString","coordinates":[[1405.0,1557.0],[1402.1,1557.0]]}},{"type":"Feature","properties":{"id":"p:equipos:3922","n":1,"sc":"#808080"},"geometry":{"type":"LineString","coordinates":[[1416,1557.0],[1412.6,1557.0]]}},{"type":"Feature","properties":{"id":"p:equipos:3923","n":1,"sc":"#808080"},"geometry":{"type":"LineString","coordinates":[[1404.5,1546.4],[1413.1,1546.4]]}},{"type":"Feature","properties":{"id":"p:equipos:3924","n":1,"sc":"#808080"},"geometry":{"type":"LineString","coordinates":[[1401.1,1546.4],[1404.5,1546.4]]}},{"type":"Feature","properties":{"id":"p:equipos:3925","n":2,"sc":"#808080"},"geometry":{"type":"LineString","coordinates":[[1419.4,1555.5],[1417.9,1556.5],[1416,1557.0]]}},{"type":"Feature","properties":{"id":"p:equipos:3926","n":1,"sc":"#808080"},"geometry":{"type":"LineString","coordinates":[[1398.2,1555.5],[1397.3,1554.1]]}},{"type":"Feature","properties":{"id":"p:equipos:3927","n":2,"sc":"#808080"},"geometry":{"type":"LineString","coordinates":[[1397.3,1548.3],[1399.2,1546.9],[1401.1,1546.4]]}},{"type":"Feature","properties":{"id":"p:equipos:3928","n":1,"sc":"#808080"},"geometry":{"type":"LineString","coordinates":[[1396.3,1556.5],[1396.3,1556.5]]}},{"type":"Feature","properties":{"id":"p:equipos:3929","n":2,"sc":"#808080"},"geometry":{"type":"LineString","coordinates":[[1402.1,1559.4],[1400.6,1559.4],[1399.2,1558.4]]}},{"type":"Feature","properties":{"id":"p:equipos:3930","n":1,"sc":"#808080"},"geometry":{"type":"LineString","coordinates":[[1399.2,1558.4],[1398.7,1557.9]]}},{"type":"Feature","properties":{"id":"p:equipos:3931","n":1,"sc":"#808080"},"geometry":{"type":"LineString","coordinates":[[1399.2,1558.4],[1399.2,1558.4]]}},{"type":"Feature","properties":{"id":"p:equipos:3932","n":1,"sc":"#808080"},"geometry":{"type":"LineString","coordinates":[[1399.2,1558.4],[1399.2,1558.4]]}},{"type":"Feature","properties":{"id":"p:equipos:3933","n":1,"sc":"#808080"},"geometry":{"type":"LineString","coordinates":[[1400.6,1557.4],[1401.1,1557.4]]}},{"type":"Feature","properties":{"id":"p:equipos:3934","n":1,"sc":"#808080"},"geometry":{"type":"LineString","coordinates":[[1398.2,1557.4],[1397.3,1557.4]]}},{"type":"Feature","properties":{"id":"p:equipos:3935","n":1,"sc":"#808080"},"geometry":{"type":"LineString","coordinates":[[1396.8,1556.5],[1396.3,1556.5]]}},{"type":"Feature","properties":{"id":"p:equipos:3936","n":1,"sc":"#808080"},"geometry":{"type":"LineString","coordinates":[[1396.8,1556.5],[1396.8,1556.5]]}},{"type":"Feature","properties":{"id":"p:equipos:3937","n":1,"sc":"#808080"},"geometry":{"type":"LineString","coordinates":[[1398.7,1556.5],[1398.7,1556.5]]}},{"type":"Feature","properties":{"id":"p:equipos:3938","n":1,"sc":"#808080"},"geometry":{"type":"LineString","coordinates":[[1401.6,1559.4],[1398.7,1557.4]]}},{"type":"Feature","properties":{"id":"p:equipos:3939","n":1,"sc":"#808080"},"geometry":{"type":"LineString","coordinates":[[1399.7,1557.0],[1402.1,1558.4]]}},{"type":"Feature","properties":{"id":"p:equipos:3940","n":4,"sc":"#808080"},"geometry":{"type":"LineString","coordinates":[[1403.8,1552.7],[1403.8,1552.7],[1403.8,1552.7],[1403.8,1552.7],[1403.8,1552.7]]}},{"type":"Feature","properties":{"id":"p:equipos:3941","n":4,"sc":"#808080"},"geometry":{"type":"LineString","coordinates":[[1394.7,1555.8],[1395.1,1556.1],[1395.6,1556.2],[1396.2,1556.1],[1396.8,1555.8]]}},{"type":"Feature","properties":{"id":"p:equipos:3942","n":1,"sc":"#808080"},"geometry":{"type":"LineString","coordinates":[[1396.8,1556.5],[1396.3,1556.5]]}},{"type":"Feature","properties":{"id":"p:equipos:3943","n":1,"sc":"#808080"},"geometry":{"type":"LineString","coordinates":[[1420.3,1555.0],[1419.8,1555.0]]}},{"type":"Feature","properties":{"id":"p:equipos:3944","n":1,"sc":"#808080"},"geometry":{"type":"LineString","coordinates":[[1420.8,1555.0],[1420.3,1555.0]]}},{"type":"Feature","properties":{"id":"p:equipos:3945","n":4,"sc":"#808080"},"geometry":{"type":"LineString","coordinates":[[1399.0,1558.3],[1399.0,1558.3],[1399.1,1558.3],[1399.1,1558.3],[1399.1,1558.3]]}},{"type":"Feature","properties":{"id":"p:equipos:3946","n":2,"sc":"#808080"},"geometry":{"type":"LineString","coordinates":[[1416.5,1557.0],[1415.0,1557.4],[1413.6,1557.4]]}},{"type":"Feature","properties":{"id":"p:equipos:3947","n":1,"sc":"#808080"},"geometry":{"type":"LineString","coordinates":[[1420.3,1555.0],[1419.8,1555.5]]}},{"type":"Feature","properties":{"id":"p:equipos:3948","n":1,"sc":"#808080"},"geometry":{"type":"LineString","coordinates":[[1402.1,1558.9],[1402.1,1558.9]]}},{"type":"Feature","properties":{"id":"p:equipos:3949","n":1,"sc":"#808080"},"geometry":{"type":"LineString","coordinates":[[1415.0,1557.0],[1414.6,1557.4]]}},{"type":"Feature","properties":{"id":"p:equipos:3950","n":1,"sc":"#808080"},"geometry":{"type":"LineString","coordinates":[[1413.1,1555.5],[1413.1,1555.5]]}},{"type":"Feature","properties":{"id":"p:equipos:3951","n":1,"sc":"#808080"},"geometry":{"type":"LineString","coordinates":[[1419.4,1555.5],[1419.4,1555.5]]}},{"type":"Feature","properties":{"id":"p:equipos:3952","n":1,"sc":"#808080"},"geometry":{"type":"LineString","coordinates":[[1420.3,1554.1],[1420.3,1554.1]]}},{"type":"Feature","properties":{"id":"p:equipos:3953","n":1,"sc":"#808080"},"geometry":{"type":"LineString","coordinates":[[1404.5,1555.5],[1404.5,1555.5]]}},{"type":"Feature","properties":{"id":"p:equipos:3954","n":1,"sc":"#808080"},"geometry":{"type":"LineString","coordinates":[[1401.1,1557.9],[1401.1,1557.9]]}},{"type":"Feature","properties":{"id":"p:equipos:3955","n":1,"sc":"#808080"},"geometry":{"type":"LineString","coordinates":[[1403.0,1556.5],[1403.0,1556.5]]}},{"type":"Feature","properties":{"id":"p:equipos:3956","n":1,"sc":"#808080"},"geometry":{"type":"LineString","coordinates":[[1428,1554.1],[1428,1554.1]]}},{"type":"Feature","properties":{"id":"p:equipos:3957","n":1,"sc":"#808080"},"geometry":{"type":"LineString","coordinates":[[1420.8,1554.6],[1428.5,1554.1]]}},{"type":"Feature","properties":{"id":"p:equipos:3958","n":4,"sc":"#808080"},"geometry":{"type":"LineString","coordinates":[[1399.7,1556.7],[1400.1,1556.9],[1400.6,1556.9],[1401.0,1557.0],[1401.5,1556.9]]}},{"type":"Feature","properties":{"id":"p:equipos:3959","n":4,"sc":"#808080"},"geometry":{"type":"LineString","coordinates":[[1428.5,1550.2],[1429.4,1550.7],[1429.4,1552.2],[1429.0,1553.6],[1428,1554.1]]}},{"type":"Feature","properties":{"id":"p:equipos:3960","n":1,"sc":"#808080"},"geometry":{"type":"LineString","coordinates":[[1424.2,1549.3],[1420.3,1548.3]]}},{"type":"Feature","properties":{"id":"p:equipos:3961","n":1,"sc":"#808080"},"geometry":{"type":"LineString","coordinates":[[1420.3,1554.1],[1419.8,1553.1]]}},{"type":"Feature","properties":{"id":"p:equipos:3962","n":1,"sc":"#808080"},"geometry":{"type":"LineString","coordinates":[[1423.7,1554.1],[1420.3,1554.1]]}},{"type":"Feature","properties":{"id":"p:equipos:3963","n":1,"sc":"#808080"},"geometry":{"type":"LineString","coordinates":[[1428.5,1550.2],[1424.2,1549.3]]}},{"type":"Feature","properties":{"id":"p:equipos:3964","n":8,"sc":"#808080"},"geometry":{"type":"LineString","coordinates":[[1428.0,1554.1],[1428.8,1553.8],[1429.4,1553.3],[1429.8,1552.7],[1429.9,1551.9],[1429.7,1551.1],[1429.3,1550.4],[1428.7,1550.0],[1427.9,1549.8]]}},{"type":"Feature","properties":{"id":"p:equipos:3965","n":1,"sc":"#808080"},"geometry":{"type":"LineString","coordinates":[[1419.8,1553.1],[1419.8,1550.2]]}},{"type":"Feature","properties":{"id":"p:equipos:3966","n":1,"sc":"#808080"},"geometry":{"type":"LineString","coordinates":[[1428,1554.1],[1423.7,1554.1]]}},{"type":"Feature","properties":{"id":"p:equipos:3967","n":2,"sc":"#808080"},"geometry":{"type":"LineString","coordinates":[[1419.8,1550.2],[1419.8,1548.8],[1420.3,1547.8]]}},{"type":"Feature","properties":{"id":"p:equipos:3968","n":1,"sc":"#808080"},"geometry":{"type":"LineString","coordinates":[[1398.2,1555.5],[1398.2,1555.5]]}},{"type":"Feature","properties":{"id":"p:equipos:3969","n":4,"sc":"#808080"},"geometry":{"type":"LineString","coordinates":[[1419.9,1547.9],[1419.8,1547.9],[1419.8,1547.9],[1419.7,1547.9],[1419.7,1547.9]]}},{"type":"Feature","properties":{"id":"p:equipos:3970","n":8,"sc":"#808080"},"geometry":{"type":"LineString","coordinates":[[1393.3,1548.3],[1392.8,1548.5],[1392.3,1548.8],[1391.9,1549.2],[1391.7,1549.7],[1391.5,1550.2],[1391.5,1550.8],[1391.7,1551.3],[1392.0,1551.8]]}},{"type":"Feature","properties":{"id":"p:equipos:3971","n":2,"sc":"#808080"},"geometry":{"type":"LineString","coordinates":[[1398.2,1550.2],[1398.2,1551.7],[1397.8,1553.1]]}},{"type":"Feature","properties":{"id":"p:equipos:3972","n":1,"sc":"#808080"},"geometry":{"type":"LineString","coordinates":[[1397.8,1553.1],[1397.3,1554.1]]}},{"type":"Feature","properties":{"id":"p:equipos:3973","n":2,"sc":"#808080"},"geometry":{"type":"LineString","coordinates":[[1397.3,1548.3],[1397.8,1548.8],[1398.2,1550.2]]}},{"type":"Feature","properties":{"id":"p:equipos:3974","n":1,"sc":"#808080"},"geometry":{"type":"LineString","coordinates":[[1395.4,1555.5],[1392,1551.7]]}},{"type":"Feature","properties":{"id":"p:equipos:3975","n":4,"sc":"#808080"},"geometry":{"type":"LineString","coordinates":[[1396.8,1553.8],[1396.8,1553.9],[1396.9,1553.9],[1397.0,1553.9],[1397.1,1553.9]]}},{"type":"Feature","properties":{"id":"p:equipos:3976","n":1,"sc":"#808080"},"geometry":{"type":"LineString","coordinates":[[1397.3,1548.3],[1397.3,1548.3]]}},{"type":"Feature","properties":{"id":"p:equipos:3977","n":1,"sc":"#808080"},"geometry":{"type":"LineString","coordinates":[[1394.9,1553.6],[1396.8,1554.1]]}},{"type":"Feature","properties":{"id":"p:equipos:3978","n":2,"sc":"#808080"},"geometry":{"type":"LineString","coordinates":[[1402.1,1565.1],[1403.0,1564.6],[1404,1564.2]]}},{"type":"Feature","properties":{"id":"p:equipos:3979","n":1,"sc":"#808080"},"geometry":{"type":"LineString","coordinates":[[1404,1556.5],[1404,1556.5]]}},{"type":"Feature","properties":{"id":"p:equipos:3980","n":1,"sc":"#808080"},"geometry":{"type":"LineString","coordinates":[[1395.8,1548.3],[1397.3,1548.3]]}},{"type":"Feature","properties":{"id":"p:equipos:3981","n":1,"sc":"#808080"},"geometry":{"type":"LineString","coordinates":[[1393.0,1552.6],[1394.9,1553.6]]}},{"type":"Feature","properties":{"id":"p:equipos:3982","n":4,"sc":"#808080"},"geometry":{"type":"LineString","coordinates":[[1394.7,1555.8],[1395.0,1556.1],[1395.3,1556.3],[1395.6,1556.4],[1396.0,1556.5]]}},{"type":"Feature","properties":{"id":"p:equipos:3983","n":3,"sc":"#808080"},"geometry":{"type":"LineString","coordinates":[[1404.5,1559.4],[1404.5,1558.4],[1404,1557.4],[1404,1557.0]]}},{"type":"Feature","properties":{"id":"p:equipos:3984","n":1,"sc":"#808080"},"geometry":{"type":"LineString","coordinates":[[1398.2,1556],[1398.2,1556]]}},{"type":"Feature","properties":{"id":"p:equipos:3985","n":4,"sc":"#808080"},"geometry":{"type":"LineString","coordinates":[[1412.6,1557.0],[1412.6,1556.8],[1412.6,1556.6],[1412.6,1556.4],[1412.6,1556.2]]}},{"type":"Feature","properties":{"id":"p:equipos:3986","n":8,"sc":"#808080"},"geometry":{"type":"LineString","coordinates":[[1412.7,1553.8],[1413.3,1552.6],[1413.6,1551.2],[1413.5,1549.9],[1413.0,1548.6],[1412.2,1547.5],[1411.1,1546.6],[1409.9,1546.1],[1408.5,1545.9]]}},{"type":"Feature","properties":{"id":"p:equipos:3987","n":2,"sc":"#808080"},"geometry":{"type":"LineString","coordinates":[[1399.7,1563.7],[1400.6,1564.6],[1401.6,1565.1]]}},{"type":"Feature","properties":{"id":"p:equipos:3988","n":1,"sc":"#808080"},"geometry":{"type":"LineString","coordinates":[[1399.7,1558.9],[1399.7,1560.8]]}},{"type":"Feature","properties":{"id":"p:equipos:3989","n":1,"sc":"#808080"},"geometry":{"type":"LineString","coordinates":[[1399.7,1558.9],[1400.2,1558.9]]}},{"type":"Feature","properties":{"id":"p:equipos:3990","n":1,"sc":"#808080"},"geometry":{"type":"LineString","coordinates":[[1399.7,1558.9],[1399.7,1558.9]]}},{"type":"Feature","properties":{"id":"p:equipos:3991","n":1,"sc":"#808080"},"geometry":{"type":"LineString","coordinates":[[1401.6,1550.2],[1401.6,1550.2]]}},{"type":"Feature","properties":{"id":"p:equipos:3992","n":1,"sc":"#808080"},"geometry":{"type":"LineString","coordinates":[[1402.6,1550.2],[1402.6,1550.2]]}},{"type":"Feature","properties":{"id":"p:equipos:3993","n":2,"sc":"#808080"},"geometry":{"type":"LineString","coordinates":[[1417.9,1562.2],[1417.4,1562.7],[1416,1562.7]]}},{"type":"Feature","properties":{"id":"p:equipos:3994","n":1,"sc":"#808080"},"geometry":{"type":"LineString","coordinates":[[1412.6,1559.4],[1412.2,1558.9]]}},{"type":"Feature","properties":{"id":"p:equipos:3995","n":2,"sc":"#808080"},"geometry":{"type":"LineString","coordinates":[[1418.9,1559.8],[1418.9,1561.3],[1418.4,1561.8]]}},{"type":"Feature","properties":{"id":"p:equipos:3996","n":1,"sc":"#808080"},"geometry":{"type":"LineString","coordinates":[[1417.0,1557.0],[1417.4,1557.4]]}},{"type":"Feature","properties":{"id":"p:equipos:3997","n":1,"sc":"#808080"},"geometry":{"type":"LineString","coordinates":[[1399.2,1558.4],[1399.2,1558.4]]}},{"type":"Feature","properties":{"id":"p:equipos:3998","n":1,"sc":"#808080"},"geometry":{"type":"LineString","coordinates":[[1399.2,1558.4],[1399.7,1558.4]]}},{"type":"Feature","properties":{"id":"p:equipos:3999","n":4,"sc":"#808080"},"geometry":{"type":"LineString","coordinates":[[1396.5,1556.3],[1396.6,1556.3],[1396.6,1556.3],[1396.6,1556.3],[1396.6,1556.3]]}},{"type":"Feature","properties":{"id":"p:equipos:4000","n":1,"sc":"#808080"},"geometry":{"type":"LineString","coordinates":[[1393.4,1548.8],[1395.8,1548.3]]}},{"type":"Feature","properties":{"id":"p:equipos:4001","n":1,"sc":"#808080"},"geometry":{"type":"LineString","coordinates":[[1399.2,1558.4],[1399.2,1558.4]]}},{"type":"Feature","properties":{"id":"p:equipos:4002","n":3,"sc":"#808080"},"geometry":{"type":"LineString","coordinates":[[1402.1,1558.4],[1402.1,1558.9],[1402.6,1558.9],[1402.1,1559.4]]}},{"type":"Feature","properties":{"id":"p:equipos:4003","n":2,"sc":"#808080"},"geometry":{"type":"LineString","coordinates":[[1401.1,1557.4],[1401.6,1557.9],[1401.6,1558.4]]}},{"type":"Feature","properties":{"id":"p:equipos:4004","n":1,"sc":"#808080"},"geometry":{"type":"LineString","coordinates":[[1402.1,1559.4],[1402.1,1558.9]]}},{"type":"Feature","properties":{"id":"p:equipos:4005","n":1,"sc":"#808080"},"geometry":{"type":"LineString","coordinates":[[1402.6,1558.9],[1402.1,1558.4]]}},{"type":"Feature","properties":{"id":"p:equipos:4006","n":1,"sc":"#808080"},"geometry":{"type":"LineString","coordinates":[[1400.2,1557.0],[1400.2,1557.0]]}},{"type":"Feature","properties":{"id":"p:equipos:4007","n":1,"sc":"#808080"},"geometry":{"type":"LineString","coordinates":[[1399.2,1558.4],[1399.2,1558.4]]}},{"type":"Feature","properties":{"id":"p:equipos:4008","n":1,"sc":"#808080"},"geometry":{"type":"LineString","coordinates":[[1399.7,1558.4],[1399.2,1558.4]]}},{"type":"Feature","properties":{"id":"p:equipos:4009","n":4,"sc":"#808080"},"geometry":{"type":"LineString","coordinates":[[1397.8,1555.6],[1397.8,1555.6],[1397.8,1555.6],[1397.8,1555.6],[1397.8,1555.6]]}},{"type":"Feature","properties":{"id":"p:equipos:4010","n":1,"sc":"#808080"},"geometry":{"type":"LineString","coordinates":[[1401.6,1557.9],[1401.1,1557.4]]}},{"type":"Feature","properties":{"id":"p:equipos:4011","n":1,"sc":"#808080"},"geometry":{"type":"LineString","coordinates":[[1396.8,1556.5],[1396.8,1556.5]]}},{"type":"Feature","properties":{"id":"p:equipos:4012","n":1,"sc":"#808080"},"geometry":{"type":"LineString","coordinates":[[1397.3,1556.5],[1397.3,1556.5]]}},{"type":"Feature","properties":{"id":"p:equipos:4013","n":8,"sc":"#808080"},"geometry":{"type":"LineString","coordinates":[[1401.0,1559.3],[1401.3,1559.4],[1401.6,1559.3],[1401.8,1559.2],[1402.0,1559.0],[1402.1,1558.7],[1402.1,1558.5],[1402.0,1558.2],[1401.7,1558.0]]}},{"type":"Feature","properties":{"id":"p:equipos:4014","n":1,"sc":"#808080"},"geometry":{"type":"LineString","coordinates":[[1398.7,1556],[1398.7,1556.5]]}},{"type":"Feature","properties":{"id":"p:equipos:4015","n":1,"sc":"#808080"},"geometry":{"type":"LineString","coordinates":[[1398.7,1556],[1398.7,1556]]}},{"type":"Feature","properties":{"id":"p:equipos:4016","n":1,"sc":"#808080"},"geometry":{"type":"LineString","coordinates":[[1398.7,1556],[1398.7,1556]]}},{"type":"Feature","properties":{"id":"p:equipos:4017","n":1,"sc":"#808080"},"geometry":{"type":"LineString","coordinates":[[1398.7,1556.5],[1398.7,1556]]}},{"type":"Feature","properties":{"id":"p:equipos:4018","n":4,"sc":"#808080"},"geometry":{"type":"LineString","coordinates":[[1420.4,1554.6],[1420.5,1554.6],[1420.6,1554.6],[1420.7,1554.6],[1420.7,1554.5]]}},{"type":"Feature","properties":{"id":"p:equipos:4019","n":1,"sc":"#808080"},"geometry":{"type":"LineString","coordinates":[[1413.6,1557.4],[1413.1,1557.0]]}},{"type":"Feature","properties":{"id":"p:equipos:4020","n":2,"sc":"#808080"},"geometry":{"type":"LineString","coordinates":[[1401.6,1559.4],[1401.6,1558.9],[1402.1,1558.4]]}},{"type":"Feature","properties":{"id":"p:equipos:4021","n":2,"sc":"#808080"},"geometry":{"type":"LineString","coordinates":[[1398.7,1556.5],[1398.2,1557.4],[1398.7,1557.4]]}},{"type":"Feature","properties":{"id":"p:equipos:4022","n":2,"sc":"#808080"},"geometry":{"type":"LineString","coordinates":[[1398.2,1555.5],[1397.8,1556.5],[1396.8,1556.5]]}},{"type":"Feature","properties":{"id":"p:equipos:4023","n":1,"sc":"#808080"},"geometry":{"type":"LineString","coordinates":[[1398.2,1555.5],[1398.2,1555.5]]}},{"type":"Feature","properties":{"id":"p:equipos:4024","n":1,"sc":"#808080"},"geometry":{"type":"LineString","coordinates":[[1414.1,1556.5],[1414.1,1556.5]]}},{"type":"Feature","properties":{"id":"p:equipos:4025","n":1,"sc":"#808080"},"geometry":{"type":"LineString","coordinates":[[1397.3,1556],[1396.3,1556.5]]}},{"type":"Feature","properties":{"id":"p:equipos:4026","n":4,"sc":"#808080"},"geometry":{"type":"LineString","coordinates":[[1413.8,1557.2],[1414.0,1557.4],[1414.2,1557.4],[1414.4,1557.4],[1414.6,1557.4]]}},{"type":"Feature","properties":{"id":"p:equipos:4027","n":1,"sc":"#808080"},"geometry":{"type":"LineString","coordinates":[[1399.2,1558.4],[1396.8,1556.5]]}},{"type":"Feature","properties":{"id":"p:equipos:4028","n":8,"sc":"#808080"},"geometry":{"type":"LineString","coordinates":[[1408.5,1545.9],[1407.2,1546.1],[1405.9,1546.7],[1404.9,1547.5],[1404.1,1548.6],[1403.6,1549.9],[1403.5,1551.3],[1403.8,1552.6],[1404.4,1553.8]]}},{"type":"Feature","properties":{"id":"p:equipos:4029","n":1,"sc":"#808080"},"geometry":{"type":"LineString","coordinates":[[1397.3,1556],[1397.8,1555.0]]}},{"type":"Feature","properties":{"id":"p:equipos:4030","n":4,"sc":"#808080"},"geometry":{"type":"LineString","coordinates":[[1403.7,1564.0],[1403.8,1563.8],[1403.9,1563.6],[1404.0,1563.4],[1404.0,1563.1]]}},{"type":"Feature","properties":{"id":"p:equipos:4031","n":1,"sc":"#808080"},"geometry":{"type":"LineString","coordinates":[[1408.8,1560.3],[1408.8,1560.3]]}},{"type":"Feature","properties":{"id":"p:equipos:4032","n":1,"sc":"#808080"},"geometry":{"type":"LineString","coordinates":[[1404,1563.2],[1404.5,1560.8]]}},{"type":"Feature","properties":{"id":"p:equipos:4033","n":1,"sc":"#808080"},"geometry":{"type":"LineString","coordinates":[[1404.5,1560.8],[1404.5,1559.4]]}},{"type":"Feature","properties":{"id":"p:equipos:4034","n":1,"sc":"#808080"},"geometry":{"type":"LineString","coordinates":[[1401.6,1565.1],[1402.1,1565.1]]}},{"type":"Feature","properties":{"id":"p:equipos:4035","n":4,"sc":"#808080"},"geometry":{"type":"LineString","coordinates":[[1399.2,1563.1],[1399.2,1563.2],[1399.2,1563.4],[1399.3,1563.5],[1399.3,1563.7]]}},{"type":"Feature","properties":{"id":"p:equipos:4036","n":1,"sc":"#808080"},"geometry":{"type":"LineString","coordinates":[[1399.7,1560.8],[1399.7,1563.2]]}},{"type":"Feature","properties":{"id":"p:equipos:4037","n":1,"sc":"#808080"},"geometry":{"type":"LineString","coordinates":[[1401.1,1550.2],[1401.1,1550.2]]}},{"type":"Feature","properties":{"id":"p:equipos:4038","n":1,"sc":"#808080"},"geometry":{"type":"LineString","coordinates":[[1420.3,1554.6],[1420.8,1555.0]]}},{"type":"Feature","properties":{"id":"p:equipos:4039","n":1,"sc":"#808080"},"geometry":{"type":"LineString","coordinates":[[1419.8,1555.0],[1419.8,1555.0]]}},{"type":"Feature","properties":{"id":"p:equipos:4040","n":1,"sc":"#808080"},"geometry":{"type":"LineString","coordinates":[[1403.0,1550.2],[1403.0,1550.2]]}},{"type":"Feature","properties":{"id":"p:equipos:4041","n":1,"sc":"#808080"},"geometry":{"type":"LineString","coordinates":[[1399.7,1558.9],[1399.7,1558.9]]}},{"type":"Feature","properties":{"id":"p:equipos:4042","n":1,"sc":"#808080"},"geometry":{"type":"LineString","coordinates":[[1415.5,1562.2],[1414.1,1560.8]]}},{"type":"Feature","properties":{"id":"p:equipos:4043","n":1,"sc":"#808080"},"geometry":{"type":"LineString","coordinates":[[1414.1,1560.8],[1412.6,1559.4]]}},{"type":"Feature","properties":{"id":"p:equipos:4044","n":1,"sc":"#808080"},"geometry":{"type":"LineString","coordinates":[[1418.4,1561.8],[1417.9,1562.2]]}},{"type":"Feature","properties":{"id":"p:equipos:4045","n":1,"sc":"#808080"},"geometry":{"type":"LineString","coordinates":[[1417.4,1557.4],[1418.4,1559.4]]}},{"type":"Feature","properties":{"id":"p:equipos:4046","n":4,"sc":"#808080"},"geometry":{"type":"LineString","coordinates":[[1415.2,1562.1],[1415.3,1562.2],[1415.5,1562.4],[1415.7,1562.5],[1415.9,1562.6]]}},{"type":"Feature","properties":{"id":"p:equipos:4047","n":1,"sc":"#808080"},"geometry":{"type":"LineString","coordinates":[[1413.6,1557.4],[1413.6,1557.0]]}},{"type":"Feature","properties":{"id":"p:equipos:4048","n":4,"sc":"#808080"},"geometry":{"type":"LineString","coordinates":[[1418.7,1559.3],[1418.7,1559.2],[1418.6,1559.0],[1418.5,1558.9],[1418.4,1558.8]]}},{"type":"Feature","properties":{"id":"p:equipos:4049","n":1,"sc":"#808080"},"geometry":{"type":"LineString","coordinates":[[1413.6,1553.6],[1413.6,1553.6]]}},{"type":"Feature","properties":{"id":"p:equipos:4050","n":1,"sc":"#808080"},"geometry":{"type":"LineString","coordinates":[[1396.3,1556.5],[1396.3,1556.5]]}},{"type":"Feature","properties":{"id":"p:equipos:4051","n":1,"sc":"#808080"},"geometry":{"type":"LineString","coordinates":[[1396.8,1556.5],[1399.2,1558.4]]}},{"type":"Feature","properties":{"id":"p:equipos:4052","n":1,"sc":"#808080"},"geometry":{"type":"LineString","coordinates":[[1414.1,1556.5],[1414.1,1556.5]]}},{"type":"Feature","properties":{"id":"p:equipos:4053","n":1,"sc":"#808080"},"geometry":{"type":"LineString","coordinates":[[1414.6,1557.4],[1414.1,1557.0]]}},{"type":"Feature","properties":{"id":"p:equipos:4054","n":2,"sc":"#808080"},"geometry":{"type":"LineString","coordinates":[[1412.6,1557.0],[1411.2,1559.4],[1408.8,1560.3]]}},{"type":"Feature","properties":{"id":"p:equipos:4055","n":4,"sc":"#808080"},"geometry":{"type":"LineString","coordinates":[[1405.0,1556.5],[1405.0,1557.9],[1405.9,1559.4],[1407.4,1559.8],[1408.8,1560.3]]}},{"type":"Feature","properties":{"id":"p:equipos:4056","n":4,"sc":"#808080"},"geometry":{"type":"LineString","coordinates":[[1408.8,1560.3],[1410.2,1559.8],[1411.7,1559.4],[1412.6,1557.9],[1412.6,1556.5]]}},{"type":"Feature","properties":{"id":"p:equipos:4057","n":4,"sc":"#808080"},"geometry":{"type":"LineString","coordinates":[[1405.0,1554.1],[1406.4,1555.5],[1408.8,1556],[1411.2,1555.5],[1412.6,1554.1]]}},{"type":"Feature","properties":{"id":"p:equipos:4058","n":1,"sc":"#808080"},"geometry":{"type":"LineString","coordinates":[[1405.0,1556.5],[1405.0,1554.1]]}},{"type":"Feature","properties":{"id":"p:equipos:4059","n":1,"sc":"#808080"},"geometry":{"type":"LineString","coordinates":[[1412.6,1556.5],[1412.6,1554.1]]}},{"type":"Feature","properties":{"id":"p:equipos:4060","n":4,"sc":"#636466"},"geometry":{"type":"LineString","coordinates":[[2016.4,1162.5],[2016.3,1162.6],[2016.2,1162.7],[2016.2,1162.8],[2016.1,1163.0]]}},{"type":"Feature","properties":{"id":"p:equipos:4061","n":2,"sc":"#636466"},"geometry":{"type":"LineString","coordinates":[[2011.7,1171.5],[2012.2,1169.6],[2013.1,1168.2]]}},{"type":"Feature","properties":{"id":"p:equipos:4062","n":1,"sc":"#636466"},"geometry":{"type":"LineString","coordinates":[[2014.6,1188.8],[2013.1,1187.8]]}},{"type":"Feature","properties":{"id":"p:equipos:4063","n":2,"sc":"#636466"},"geometry":{"type":"LineString","coordinates":[[2022.2,1185.0],[2021.8,1186.9],[2020.3,1188.3]]}},{"type":"Feature","properties":{"id":"p:equipos:4064","n":1,"sc":"#636466"},"geometry":{"type":"LineString","coordinates":[[2022.2,1181.6],[2022.2,1185.0]]}},{"type":"Feature","properties":{"id":"p:equipos:4065","n":1,"sc":"#636466"},"geometry":{"type":"LineString","coordinates":[[2016,1173.0],[2016,1173.0]]}},{"type":"Feature","properties":{"id":"p:equipos:4066","n":1,"sc":"#636466"},"geometry":{"type":"LineString","coordinates":[[2011.7,1174.4],[2011.7,1171.5]]}},{"type":"Feature","properties":{"id":"p:equipos:4067","n":1,"sc":"#636466"},"geometry":{"type":"LineString","coordinates":[[2011.7,1184.5],[2011.7,1181.6]]}},{"type":"Feature","properties":{"id":"p:equipos:4068","n":1,"sc":"#636466"},"geometry":{"type":"LineString","coordinates":[[2021.8,1173.9],[2022.2,1181.6]]}},{"type":"Feature","properties":{"id":"p:equipos:4069","n":1,"sc":"#636466"},"geometry":{"type":"LineString","coordinates":[[2021.8,1170.6],[2021.8,1173.9]]}},{"type":"Feature","properties":{"id":"p:equipos:4070","n":2,"sc":"#636466"},"geometry":{"type":"LineString","coordinates":[[2013.1,1187.8],[2012.2,1186.4],[2011.7,1184.5]]}},{"type":"Feature","properties":{"id":"p:equipos:4071","n":1,"sc":"#636466"},"geometry":{"type":"LineString","coordinates":[[2013.1,1168.2],[2014.6,1167.2]]}},{"type":"Feature","properties":{"id":"p:equipos:4072","n":2,"sc":"#636466"},"geometry":{"type":"LineString","coordinates":[[2020.3,1167.2],[2021.3,1168.6],[2021.8,1170.6]]}},{"type":"Feature","properties":{"id":"p:equipos:4073","n":1,"sc":"#636466"},"geometry":{"type":"LineString","coordinates":[[2012.6,1166.2],[2012.6,1166.2]]}},{"type":"Feature","properties":{"id":"p:equipos:4074","n":2,"sc":"#636466"},"geometry":{"type":"LineString","coordinates":[[2009.8,1171.5],[2009.8,1170.1],[2010.7,1169.1]]}},{"type":"Feature","properties":{"id":"p:equipos:4075","n":1,"sc":"#636466"},"geometry":{"type":"LineString","coordinates":[[2010.7,1169.1],[2011.2,1168.2]]}},{"type":"Feature","properties":{"id":"p:equipos:4076","n":1,"sc":"#636466"},"geometry":{"type":"LineString","coordinates":[[2010.7,1169.1],[2010.7,1169.1]]}},{"type":"Feature","properties":{"id":"p:equipos:4077","n":1,"sc":"#636466"},"geometry":{"type":"LineString","coordinates":[[2010.7,1169.1],[2010.7,1169.1]]}},{"type":"Feature","properties":{"id":"p:equipos:4078","n":1,"sc":"#636466"},"geometry":{"type":"LineString","coordinates":[[2011.2,1170.6],[2011.2,1170.6]]}},{"type":"Feature","properties":{"id":"p:equipos:4079","n":1,"sc":"#636466"},"geometry":{"type":"LineString","coordinates":[[2011.2,1168.2],[2011.7,1167.2]]}},{"type":"Feature","properties":{"id":"p:equipos:4080","n":1,"sc":"#636466"},"geometry":{"type":"LineString","coordinates":[[2012.2,1166.7],[2012.6,1166.2]]}},{"type":"Feature","properties":{"id":"p:equipos:4081","n":1,"sc":"#636466"},"geometry":{"type":"LineString","coordinates":[[2012.6,1166.7],[2012.6,1166.7]]}},{"type":"Feature","properties":{"id":"p:equipos:4082","n":1,"sc":"#636466"},"geometry":{"type":"LineString","coordinates":[[2012.6,1168.6],[2012.6,1168.6]]}},{"type":"Feature","properties":{"id":"p:equipos:4083","n":1,"sc":"#636466"},"geometry":{"type":"LineString","coordinates":[[2009.8,1171.0],[2011.2,1168.2]]}},{"type":"Feature","properties":{"id":"p:equipos:4084","n":1,"sc":"#636466"},"geometry":{"type":"LineString","coordinates":[[2012.2,1169.6],[2010.7,1171.5]]}},{"type":"Feature","properties":{"id":"p:equipos:4085","n":4,"sc":"#636466"},"geometry":{"type":"LineString","coordinates":[[2015.3,1173.2],[2015.3,1173.2],[2015.3,1173.2],[2015.3,1173.2],[2015.3,1173.2]]}},{"type":"Feature","properties":{"id":"p:equipos:4086","n":4,"sc":"#636466"},"geometry":{"type":"LineString","coordinates":[[2013.1,1165.0],[2012.8,1165.4],[2012.7,1165.8],[2012.7,1166.3],[2012.9,1166.7]]}},{"type":"Feature","properties":{"id":"p:equipos:4087","n":1,"sc":"#636466"},"geometry":{"type":"LineString","coordinates":[[2012.6,1166.7],[2012.6,1166.2]]}},{"type":"Feature","properties":{"id":"p:equipos:4088","n":1,"sc":"#636466"},"geometry":{"type":"LineString","coordinates":[[2014.1,1188.3],[2013.6,1188.3]]}},{"type":"Feature","properties":{"id":"p:equipos:4089","n":1,"sc":"#636466"},"geometry":{"type":"LineString","coordinates":[[2014.1,1188.8],[2014.1,1188.3]]}},{"type":"Feature","properties":{"id":"p:equipos:4090","n":4,"sc":"#636466"},"geometry":{"type":"LineString","coordinates":[[2010.4,1168.9],[2010.4,1168.9],[2010.4,1169.0],[2010.3,1169.0],[2010.3,1169.0]]}},{"type":"Feature","properties":{"id":"p:equipos:4091","n":2,"sc":"#636466"},"geometry":{"type":"LineString","coordinates":[[2011.7,1185.0],[2011.7,1183.5],[2011.7,1182.6]]}},{"type":"Feature","properties":{"id":"p:equipos:4092","n":1,"sc":"#636466"},"geometry":{"type":"LineString","coordinates":[[2014.1,1188.8],[2013.6,1187.8]]}},{"type":"Feature","properties":{"id":"p:equipos:4093","n":1,"sc":"#636466"},"geometry":{"type":"LineString","coordinates":[[2010.2,1171.5],[2010.2,1171.5]]}},{"type":"Feature","properties":{"id":"p:equipos:4094","n":1,"sc":"#636466"},"geometry":{"type":"LineString","coordinates":[[2011.7,1184],[2011.7,1183.5]]}},{"type":"Feature","properties":{"id":"p:equipos:4095","n":1,"sc":"#636466"},"geometry":{"type":"LineString","coordinates":[[2013.1,1182.1],[2013.1,1182.1]]}},{"type":"Feature","properties":{"id":"p:equipos:4096","n":1,"sc":"#636466"},"geometry":{"type":"LineString","coordinates":[[2013.1,1187.8],[2013.1,1187.8]]}},{"type":"Feature","properties":{"id":"p:equipos:4097","n":1,"sc":"#636466"},"geometry":{"type":"LineString","coordinates":[[2014.6,1188.8],[2014.6,1188.8]]}},{"type":"Feature","properties":{"id":"p:equipos:4098","n":1,"sc":"#636466"},"geometry":{"type":"LineString","coordinates":[[2013.1,1173.9],[2013.1,1173.9]]}},{"type":"Feature","properties":{"id":"p:equipos:4099","n":1,"sc":"#636466"},"geometry":{"type":"LineString","coordinates":[[2011.2,1171.0],[2011.2,1171.0]]}},{"type":"Feature","properties":{"id":"p:equipos:4100","n":1,"sc":"#636466"},"geometry":{"type":"LineString","coordinates":[[2012.6,1173.0],[2012.6,1173.0]]}},{"type":"Feature","properties":{"id":"p:equipos:4101","n":1,"sc":"#636466"},"geometry":{"type":"LineString","coordinates":[[2015.0,1196],[2015.0,1196]]}},{"type":"Feature","properties":{"id":"p:equipos:4102","n":1,"sc":"#636466"},"geometry":{"type":"LineString","coordinates":[[2014.1,1189.3],[2015.0,1196]]}},{"type":"Feature","properties":{"id":"p:equipos:4103","n":4,"sc":"#636466"},"geometry":{"type":"LineString","coordinates":[[2011.9,1169.8],[2011.8,1170.2],[2011.7,1170.5],[2011.7,1170.9],[2011.7,1171.3]]}},{"type":"Feature","properties":{"id":"p:equipos:4104","n":4,"sc":"#636466"},"geometry":{"type":"LineString","coordinates":[[2018.4,1196],[2017.9,1197.0],[2016.5,1197.0],[2015.5,1197.0],[2015.0,1196]]}},{"type":"Feature","properties":{"id":"p:equipos:4105","n":1,"sc":"#636466"},"geometry":{"type":"LineString","coordinates":[[2019.4,1192.2],[2020.3,1188.8]]}},{"type":"Feature","properties":{"id":"p:equipos:4106","n":1,"sc":"#636466"},"geometry":{"type":"LineString","coordinates":[[2014.6,1188.8],[2015.5,1188.3]]}},{"type":"Feature","properties":{"id":"p:equipos:4107","n":1,"sc":"#636466"},"geometry":{"type":"LineString","coordinates":[[2014.6,1191.7],[2014.6,1188.8]]}},{"type":"Feature","properties":{"id":"p:equipos:4108","n":1,"sc":"#636466"},"geometry":{"type":"LineString","coordinates":[[2018.4,1196],[2019.4,1192.2]]}},{"type":"Feature","properties":{"id":"p:equipos:4109","n":8,"sc":"#636466"},"geometry":{"type":"LineString","coordinates":[[2014.6,1195.9],[2014.8,1196.5],[2015.1,1197.0],[2015.7,1197.3],[2016.3,1197.4],[2016.9,1197.3],[2017.4,1197.0],[2017.8,1196.5],[2017.9,1195.9]]}},{"type":"Feature","properties":{"id":"p:equipos:4110","n":1,"sc":"#636466"},"geometry":{"type":"LineString","coordinates":[[2015.5,1188.3],[2018.4,1187.8]]}},{"type":"Feature","properties":{"id":"p:equipos:4111","n":1,"sc":"#636466"},"geometry":{"type":"LineString","coordinates":[[2015.0,1196],[2014.6,1191.7]]}},{"type":"Feature","properties":{"id":"p:equipos:4112","n":2,"sc":"#636466"},"geometry":{"type":"LineString","coordinates":[[2018.4,1187.8],[2019.8,1188.3],[2020.3,1188.3]]}},{"type":"Feature","properties":{"id":"p:equipos:4113","n":1,"sc":"#636466"},"geometry":{"type":"LineString","coordinates":[[2013.1,1168.2],[2013.1,1168.2]]}},{"type":"Feature","properties":{"id":"p:equipos:4114","n":4,"sc":"#636466"},"geometry":{"type":"LineString","coordinates":[[2020.2,1188.4],[2020.2,1188.3],[2020.3,1188.3],[2020.3,1188.2],[2020.3,1188.1]]}},{"type":"Feature","properties":{"id":"p:equipos:4115","n":8,"sc":"#636466"},"geometry":{"type":"LineString","coordinates":[[2019.3,1163.3],[2019.2,1162.9],[2019.0,1162.6],[2018.7,1162.3],[2018.3,1162.0],[2017.9,1161.9],[2017.4,1161.9],[2017.0,1162.1],[2016.6,1162.3]]}},{"type":"Feature","properties":{"id":"p:equipos:4116","n":1,"sc":"#636466"},"geometry":{"type":"LineString","coordinates":[[2018.4,1168.2],[2015.5,1167.7]]}},{"type":"Feature","properties":{"id":"p:equipos:4117","n":1,"sc":"#636466"},"geometry":{"type":"LineString","coordinates":[[2015.5,1167.7],[2014.6,1167.2]]}},{"type":"Feature","properties":{"id":"p:equipos:4118","n":2,"sc":"#636466"},"geometry":{"type":"LineString","coordinates":[[2020.3,1167.2],[2019.8,1167.7],[2018.4,1168.2]]}},{"type":"Feature","properties":{"id":"p:equipos:4119","n":1,"sc":"#636466"},"geometry":{"type":"LineString","coordinates":[[2013.1,1165.3],[2016.5,1162.4]]}},{"type":"Feature","properties":{"id":"p:equipos:4120","n":4,"sc":"#636466"},"geometry":{"type":"LineString","coordinates":[[2014.3,1166.7],[2014.3,1166.8],[2014.3,1166.8],[2014.2,1166.9],[2014.2,1167.0]]}},{"type":"Feature","properties":{"id":"p:equipos:4121","n":1,"sc":"#636466"},"geometry":{"type":"LineString","coordinates":[[2020.3,1167.2],[2020.3,1167.2]]}},{"type":"Feature","properties":{"id":"p:equipos:4122","n":1,"sc":"#636466"},"geometry":{"type":"LineString","coordinates":[[2015.5,1165.3],[2014.6,1166.7]]}},{"type":"Feature","properties":{"id":"p:equipos:4123","n":2,"sc":"#636466"},"geometry":{"type":"LineString","coordinates":[[2004.5,1171.5],[2005.0,1172.5],[2005.4,1173.4]]}},{"type":"Feature","properties":{"id":"p:equipos:4124","n":1,"sc":"#636466"},"geometry":{"type":"LineString","coordinates":[[2012.6,1173.4],[2012.6,1173.4]]}},{"type":"Feature","properties":{"id":"p:equipos:4125","n":1,"sc":"#636466"},"geometry":{"type":"LineString","coordinates":[[2019.8,1165.8],[2020.3,1167.2]]}},{"type":"Feature","properties":{"id":"p:equipos:4126","n":1,"sc":"#636466"},"geometry":{"type":"LineString","coordinates":[[2016,1163.4],[2015.5,1165.3]]}},{"type":"Feature","properties":{"id":"p:equipos:4127","n":4,"sc":"#636466"},"geometry":{"type":"LineString","coordinates":[[2013.2,1165.0],[2012.9,1165.2],[2012.8,1165.4],[2012.7,1165.7],[2012.6,1166.0]]}},{"type":"Feature","properties":{"id":"p:equipos:4128","n":2,"sc":"#636466"},"geometry":{"type":"LineString","coordinates":[[2009.8,1173.9],[2010.7,1173.9],[2011.7,1173.4]]}},{"type":"Feature","properties":{"id":"p:equipos:4129","n":1,"sc":"#636466"},"geometry":{"type":"LineString","coordinates":[[2012.6,1168.2],[2012.6,1168.2]]}},{"type":"Feature","properties":{"id":"p:equipos:4130","n":4,"sc":"#636466"},"geometry":{"type":"LineString","coordinates":[[2011.7,1181.1],[2011.9,1181.1],[2012.1,1181.1],[2012.2,1181.1],[2012.4,1181.1]]}},{"type":"Feature","properties":{"id":"p:equipos:4131","n":8,"sc":"#636466"},"geometry":{"type":"LineString","coordinates":[[2014.6,1181.3],[2015.7,1181.8],[2016.9,1182.1],[2018.2,1182.0],[2019.3,1181.5],[2020.3,1180.8],[2021.1,1179.9],[2021.6,1178.7],[2021.8,1177.5]]}},{"type":"Feature","properties":{"id":"p:equipos:4132","n":2,"sc":"#636466"},"geometry":{"type":"LineString","coordinates":[[2005.9,1169.6],[2005.0,1170.1],[2004.5,1171.0]]}},{"type":"Feature","properties":{"id":"p:equipos:4133","n":1,"sc":"#636466"},"geometry":{"type":"LineString","coordinates":[[2010.2,1169.1],[2008.3,1169.6]]}},{"type":"Feature","properties":{"id":"p:equipos:4134","n":1,"sc":"#636466"},"geometry":{"type":"LineString","coordinates":[[2010.2,1169.1],[2010.2,1169.6]]}},{"type":"Feature","properties":{"id":"p:equipos:4135","n":1,"sc":"#636466"},"geometry":{"type":"LineString","coordinates":[[2010.2,1169.1],[2010.2,1169.1]]}},{"type":"Feature","properties":{"id":"p:equipos:4136","n":1,"sc":"#636466"},"geometry":{"type":"LineString","coordinates":[[2017.9,1171.0],[2017.9,1171.0]]}},{"type":"Feature","properties":{"id":"p:equipos:4137","n":1,"sc":"#636466"},"geometry":{"type":"LineString","coordinates":[[2017.9,1172],[2017.9,1172]]}},{"type":"Feature","properties":{"id":"p:equipos:4138","n":2,"sc":"#636466"},"geometry":{"type":"LineString","coordinates":[[2006.9,1186.4],[2006.4,1185.9],[2006.9,1184.5]]}},{"type":"Feature","properties":{"id":"p:equipos:4139","n":1,"sc":"#636466"},"geometry":{"type":"LineString","coordinates":[[2009.8,1181.6],[2010.2,1181.1]]}},{"type":"Feature","properties":{"id":"p:equipos:4140","n":2,"sc":"#636466"},"geometry":{"type":"LineString","coordinates":[[2009.3,1187.4],[2008.3,1187.4],[2007.4,1186.9]]}},{"type":"Feature","properties":{"id":"p:equipos:4141","n":1,"sc":"#636466"},"geometry":{"type":"LineString","coordinates":[[2012.2,1185.4],[2011.7,1185.9]]}},{"type":"Feature","properties":{"id":"p:equipos:4142","n":1,"sc":"#636466"},"geometry":{"type":"LineString","coordinates":[[2010.7,1169.1],[2010.7,1169.1]]}},{"type":"Feature","properties":{"id":"p:equipos:4143","n":1,"sc":"#636466"},"geometry":{"type":"LineString","coordinates":[[2010.7,1169.1],[2010.7,1169.6]]}},{"type":"Feature","properties":{"id":"p:equipos:4144","n":4,"sc":"#636466"},"geometry":{"type":"LineString","coordinates":[[2011.9,1166.5],[2011.9,1166.5],[2011.8,1166.5],[2011.8,1166.5],[2011.8,1166.5]]}},{"type":"Feature","properties":{"id":"p:equipos:4145","n":1,"sc":"#636466"},"geometry":{"type":"LineString","coordinates":[[2019.8,1163.8],[2019.8,1165.8]]}},{"type":"Feature","properties":{"id":"p:equipos:4146","n":1,"sc":"#636466"},"geometry":{"type":"LineString","coordinates":[[2010.7,1169.1],[2010.7,1169.1]]}},{"type":"Feature","properties":{"id":"p:equipos:4147","n":3,"sc":"#636466"},"geometry":{"type":"LineString","coordinates":[[2010.7,1171.5],[2010.2,1172],[2009.8,1172],[2009.8,1171.5]]}},{"type":"Feature","properties":{"id":"p:equipos:4148","n":2,"sc":"#636466"},"geometry":{"type":"LineString","coordinates":[[2011.7,1170.6],[2011.2,1171.0],[2010.7,1171.0]]}},{"type":"Feature","properties":{"id":"p:equipos:4149","n":1,"sc":"#636466"},"geometry":{"type":"LineString","coordinates":[[2009.8,1171.5],[2010.2,1172]]}},{"type":"Feature","properties":{"id":"p:equipos:4150","n":1,"sc":"#636466"},"geometry":{"type":"LineString","coordinates":[[2010.2,1172],[2010.7,1171.5]]}},{"type":"Feature","properties":{"id":"p:equipos:4151","n":1,"sc":"#636466"},"geometry":{"type":"LineString","coordinates":[[2012.2,1170.1],[2011.7,1170.1]]}},{"type":"Feature","properties":{"id":"p:equipos:4152","n":1,"sc":"#636466"},"geometry":{"type":"LineString","coordinates":[[2010.7,1169.1],[2010.7,1169.1]]}},{"type":"Feature","properties":{"id":"p:equipos:4153","n":1,"sc":"#636466"},"geometry":{"type":"LineString","coordinates":[[2010.7,1169.6],[2010.7,1169.1]]}},{"type":"Feature","properties":{"id":"p:equipos:4154","n":4,"sc":"#636466"},"geometry":{"type":"LineString","coordinates":[[2012.6,1167.7],[2012.6,1167.7],[2012.6,1167.7],[2012.6,1167.7],[2012.6,1167.7]]}},{"type":"Feature","properties":{"id":"p:equipos:4155","n":1,"sc":"#636466"},"geometry":{"type":"LineString","coordinates":[[2011.2,1171.0],[2011.2,1170.6]]}},{"type":"Feature","properties":{"id":"p:equipos:4156","n":1,"sc":"#636466"},"geometry":{"type":"LineString","coordinates":[[2012.2,1166.7],[2012.2,1166.7]]}},{"type":"Feature","properties":{"id":"p:equipos:4157","n":1,"sc":"#636466"},"geometry":{"type":"LineString","coordinates":[[2012.2,1167.2],[2012.2,1167.2]]}},{"type":"Feature","properties":{"id":"p:equipos:4158","n":3,"sc":"#636466"},"geometry":{"type":"LineString","coordinates":[[2010.7,1171.5],[2010.2,1171.5],[2009.8,1171.5],[2009.8,1171.0]]}},{"type":"Feature","properties":{"id":"p:equipos:4159","n":1,"sc":"#636466"},"geometry":{"type":"LineString","coordinates":[[2012.6,1168.6],[2012.2,1168.2]]}},{"type":"Feature","properties":{"id":"p:equipos:4160","n":1,"sc":"#636466"},"geometry":{"type":"LineString","coordinates":[[2012.6,1168.6],[2012.6,1168.6]]}},{"type":"Feature","properties":{"id":"p:equipos:4161","n":1,"sc":"#636466"},"geometry":{"type":"LineString","coordinates":[[2012.6,1168.6],[2012.6,1168.6]]}},{"type":"Feature","properties":{"id":"p:equipos:4162","n":1,"sc":"#636466"},"geometry":{"type":"LineString","coordinates":[[2012.2,1168.2],[2012.6,1168.6]]}},{"type":"Feature","properties":{"id":"p:equipos:4163","n":4,"sc":"#636466"},"geometry":{"type":"LineString","coordinates":[[2014.1,1188.5],[2014.1,1188.5],[2014.1,1188.6],[2014.1,1188.6],[2014.1,1188.7]]}},{"type":"Feature","properties":{"id":"p:equipos:4164","n":1,"sc":"#636466"},"geometry":{"type":"LineString","coordinates":[[2011.7,1182.6],[2011.7,1182.1]]}},{"type":"Feature","properties":{"id":"p:equipos:4165","n":1,"sc":"#636466"},"geometry":{"type":"LineString","coordinates":[[2009.8,1171.0],[2010.7,1171.5]]}},{"type":"Feature","properties":{"id":"p:equipos:4166","n":2,"sc":"#636466"},"geometry":{"type":"LineString","coordinates":[[2012.2,1168.2],[2011.7,1168.2],[2011.2,1168.2]]}},{"type":"Feature","properties":{"id":"p:equipos:4167","n":2,"sc":"#636466"},"geometry":{"type":"LineString","coordinates":[[2013.1,1168.2],[2012.6,1167.7],[2012.6,1166.7]]}},{"type":"Feature","properties":{"id":"p:equipos:4168","n":1,"sc":"#636466"},"geometry":{"type":"LineString","coordinates":[[2013.1,1168.2],[2013.1,1168.2]]}},{"type":"Feature","properties":{"id":"p:equipos:4169","n":1,"sc":"#636466"},"geometry":{"type":"LineString","coordinates":[[2012.6,1183.0],[2012.6,1183.0]]}},{"type":"Feature","properties":{"id":"p:equipos:4170","n":1,"sc":"#636466"},"geometry":{"type":"LineString","coordinates":[[2013.1,1167.2],[2012.6,1166.2]]}},{"type":"Feature","properties":{"id":"p:equipos:4171","n":1,"sc":"#636466"},"geometry":{"type":"LineString","coordinates":[[2011.7,1183.5],[2011.7,1183.0]]}},{"type":"Feature","properties":{"id":"p:equipos:4172","n":1,"sc":"#636466"},"geometry":{"type":"LineString","coordinates":[[2010.7,1169.1],[2012.2,1166.7]]}},{"type":"Feature","properties":{"id":"p:equipos:4173","n":8,"sc":"#636466"},"geometry":{"type":"LineString","coordinates":[[2021.8,1177.5],[2021.6,1176.3],[2021.1,1175.1],[2020.3,1174.2],[2019.3,1173.5],[2018.1,1173.1],[2016.9,1173.0],[2015.7,1173.2],[2014.6,1173.8]]}},{"type":"Feature","properties":{"id":"p:equipos:4174","n":1,"sc":"#636466"},"geometry":{"type":"LineString","coordinates":[[2013.1,1167.2],[2013.6,1167.7]]}},{"type":"Feature","properties":{"id":"p:equipos:4175","n":4,"sc":"#636466"},"geometry":{"type":"LineString","coordinates":[[2005.4,1173.2],[2005.5,1173.3],[2005.7,1173.4],[2005.8,1173.4],[2006.0,1173.4]]}},{"type":"Feature","properties":{"id":"p:equipos:4176","n":1,"sc":"#636466"},"geometry":{"type":"LineString","coordinates":[[2008.8,1177.8],[2008.8,1177.8]]}},{"type":"Feature","properties":{"id":"p:equipos:4177","n":1,"sc":"#636466"},"geometry":{"type":"LineString","coordinates":[[2006.4,1173.4],[2008.3,1173.9]]}},{"type":"Feature","properties":{"id":"p:equipos:4178","n":1,"sc":"#636466"},"geometry":{"type":"LineString","coordinates":[[2008.3,1173.9],[2009.8,1173.9]]}},{"type":"Feature","properties":{"id":"p:equipos:4179","n":1,"sc":"#636466"},"geometry":{"type":"LineString","coordinates":[[2004.5,1171.0],[2004.5,1171.5]]}},{"type":"Feature","properties":{"id":"p:equipos:4180","n":4,"sc":"#636466"},"geometry":{"type":"LineString","coordinates":[[2006.1,1169.6],[2006.0,1169.6],[2005.8,1169.6],[2005.7,1169.7],[2005.6,1169.7]]}},{"type":"Feature","properties":{"id":"p:equipos:4181","n":1,"sc":"#636466"},"geometry":{"type":"LineString","coordinates":[[2008.3,1169.6],[2006.4,1169.6]]}},{"type":"Feature","properties":{"id":"p:equipos:4182","n":1,"sc":"#636466"},"geometry":{"type":"LineString","coordinates":[[2017.9,1171.0],[2017.9,1171.0]]}},{"type":"Feature","properties":{"id":"p:equipos:4183","n":1,"sc":"#636466"},"geometry":{"type":"LineString","coordinates":[[2014.1,1188.3],[2014.1,1188.8]]}},{"type":"Feature","properties":{"id":"p:equipos:4184","n":1,"sc":"#636466"},"geometry":{"type":"LineString","coordinates":[[2013.6,1188.3],[2013.6,1188.3]]}},{"type":"Feature","properties":{"id":"p:equipos:4185","n":1,"sc":"#636466"},"geometry":{"type":"LineString","coordinates":[[2017.9,1172],[2017.9,1172]]}},{"type":"Feature","properties":{"id":"p:equipos:4186","n":1,"sc":"#636466"},"geometry":{"type":"LineString","coordinates":[[2010.2,1169.6],[2010.2,1169.1]]}},{"type":"Feature","properties":{"id":"p:equipos:4187","n":1,"sc":"#636466"},"geometry":{"type":"LineString","coordinates":[[2007.4,1184],[2008.8,1182.6]]}},{"type":"Feature","properties":{"id":"p:equipos:4188","n":1,"sc":"#636466"},"geometry":{"type":"LineString","coordinates":[[2008.8,1182.6],[2009.8,1181.6]]}},{"type":"Feature","properties":{"id":"p:equipos:4189","n":1,"sc":"#636466"},"geometry":{"type":"LineString","coordinates":[[2007.4,1186.9],[2006.9,1186.4]]}},{"type":"Feature","properties":{"id":"p:equipos:4190","n":1,"sc":"#636466"},"geometry":{"type":"LineString","coordinates":[[2011.7,1185.9],[2009.8,1186.9]]}},{"type":"Feature","properties":{"id":"p:equipos:4191","n":4,"sc":"#636466"},"geometry":{"type":"LineString","coordinates":[[2006.9,1184.0],[2006.8,1184.1],[2006.7,1184.3],[2006.6,1184.4],[2006.5,1184.6]]}},{"type":"Feature","properties":{"id":"p:equipos:4192","n":1,"sc":"#636466"},"geometry":{"type":"LineString","coordinates":[[2011.7,1182.6],[2011.7,1182.1]]}},{"type":"Feature","properties":{"id":"p:equipos:4193","n":4,"sc":"#636466"},"geometry":{"type":"LineString","coordinates":[[2009.2,1186.8],[2009.3,1186.7],[2009.4,1186.7],[2009.5,1186.6],[2009.6,1186.5]]}},{"type":"Feature","properties":{"id":"p:equipos:4194","n":1,"sc":"#636466"},"geometry":{"type":"LineString","coordinates":[[2015.5,1182.6],[2015.5,1182.6]]}},{"type":"Feature","properties":{"id":"p:equipos:4195","n":1,"sc":"#636466"},"geometry":{"type":"LineString","coordinates":[[2012.6,1166.2],[2012.6,1166.2]]}},{"type":"Feature","properties":{"id":"p:equipos:4196","n":1,"sc":"#636466"},"geometry":{"type":"LineString","coordinates":[[2012.2,1166.7],[2010.7,1169.1]]}},{"type":"Feature","properties":{"id":"p:equipos:4197","n":1,"sc":"#636466"},"geometry":{"type":"LineString","coordinates":[[2012.6,1183.0],[2012.6,1183.0]]}},{"type":"Feature","properties":{"id":"p:equipos:4198","n":1,"sc":"#636466"},"geometry":{"type":"LineString","coordinates":[[2011.7,1183.5],[2011.7,1183.0]]}},{"type":"Feature","properties":{"id":"p:equipos:4199","n":2,"sc":"#636466"},"geometry":{"type":"LineString","coordinates":[[2011.7,1181.6],[2009.8,1180.2],[2008.8,1177.8]]}},{"type":"Feature","properties":{"id":"p:equipos:4200","n":4,"sc":"#636466"},"geometry":{"type":"LineString","coordinates":[[2012.6,1174.4],[2011.2,1174.4],[2009.8,1175.4],[2009.3,1176.3],[2008.8,1177.8]]}},{"type":"Feature","properties":{"id":"p:equipos:4201","n":4,"sc":"#636466"},"geometry":{"type":"LineString","coordinates":[[2008.8,1177.8],[2009.3,1179.2],[2009.8,1180.6],[2011.2,1181.6],[2012.6,1181.6]]}},{"type":"Feature","properties":{"id":"p:equipos:4202","n":4,"sc":"#636466"},"geometry":{"type":"LineString","coordinates":[[2015.0,1174.4],[2013.6,1175.8],[2013.1,1177.8],[2013.6,1180.2],[2015.0,1181.6]]}},{"type":"Feature","properties":{"id":"p:equipos:4203","n":1,"sc":"#636466"},"geometry":{"type":"LineString","coordinates":[[2012.6,1174.4],[2015.0,1174.4]]}},{"type":"Feature","properties":{"id":"p:equipos:4204","n":1,"sc":"#636466"},"geometry":{"type":"LineString","coordinates":[[2012.6,1181.6],[2015.0,1181.6]]}},{"type":"Feature","properties":{"id":"p:equipos:4205","n":4,"sc":"#636466"},"geometry":{"type":"LineString","coordinates":[[2015.9,1207.1],[2015.8,1207.3],[2015.8,1207.4],[2015.7,1207.5],[2015.6,1207.6]]}},{"type":"Feature","properties":{"id":"p:equipos:4206","n":2,"sc":"#636466"},"geometry":{"type":"LineString","coordinates":[[2011.7,1216.2],[2011.7,1214.2],[2013.1,1212.8]]}},{"type":"Feature","properties":{"id":"p:equipos:4207","n":1,"sc":"#636466"},"geometry":{"type":"LineString","coordinates":[[2014.1,1233.4],[2013.1,1232.5]]}},{"type":"Feature","properties":{"id":"p:equipos:4208","n":2,"sc":"#636466"},"geometry":{"type":"LineString","coordinates":[[2021.8,1229.6],[2021.3,1231.5],[2019.8,1233.0]]}},{"type":"Feature","properties":{"id":"p:equipos:4209","n":1,"sc":"#636466"},"geometry":{"type":"LineString","coordinates":[[2021.8,1226.2],[2021.8,1229.6]]}},{"type":"Feature","properties":{"id":"p:equipos:4210","n":1,"sc":"#636466"},"geometry":{"type":"LineString","coordinates":[[2015.5,1217.6],[2015.5,1217.6]]}},{"type":"Feature","properties":{"id":"p:equipos:4211","n":1,"sc":"#636466"},"geometry":{"type":"LineString","coordinates":[[2011.7,1219.0],[2011.7,1216.2]]}},{"type":"Feature","properties":{"id":"p:equipos:4212","n":1,"sc":"#636466"},"geometry":{"type":"LineString","coordinates":[[2011.7,1229.1],[2011.7,1226.2]]}},{"type":"Feature","properties":{"id":"p:equipos:4213","n":1,"sc":"#636466"},"geometry":{"type":"LineString","coordinates":[[2021.8,1218.6],[2021.8,1226.2]]}},{"type":"Feature","properties":{"id":"p:equipos:4214","n":1,"sc":"#636466"},"geometry":{"type":"LineString","coordinates":[[2021.8,1215.2],[2021.8,1218.6]]}},{"type":"Feature","properties":{"id":"p:equipos:4215","n":2,"sc":"#636466"},"geometry":{"type":"LineString","coordinates":[[2013.1,1232.5],[2012.2,1231.0],[2011.7,1229.1]]}},{"type":"Feature","properties":{"id":"p:equipos:4216","n":1,"sc":"#636466"},"geometry":{"type":"LineString","coordinates":[[2013.1,1212.8],[2014.1,1211.8]]}},{"type":"Feature","properties":{"id":"p:equipos:4217","n":2,"sc":"#636466"},"geometry":{"type":"LineString","coordinates":[[2019.8,1211.8],[2021.3,1213.3],[2021.8,1215.2]]}},{"type":"Feature","properties":{"id":"p:equipos:4218","n":1,"sc":"#636466"},"geometry":{"type":"LineString","coordinates":[[2012.2,1210.9],[2012.2,1210.9]]}},{"type":"Feature","properties":{"id":"p:equipos:4219","n":2,"sc":"#636466"},"geometry":{"type":"LineString","coordinates":[[2009.3,1216.2],[2009.3,1214.7],[2010.2,1213.8]]}},{"type":"Feature","properties":{"id":"p:equipos:4220","n":1,"sc":"#636466"},"geometry":{"type":"LineString","coordinates":[[2010.2,1213.8],[2010.7,1212.8]]}},{"type":"Feature","properties":{"id":"p:equipos:4221","n":1,"sc":"#636466"},"geometry":{"type":"LineString","coordinates":[[2010.2,1213.8],[2010.2,1213.8]]}},{"type":"Feature","properties":{"id":"p:equipos:4222","n":1,"sc":"#636466"},"geometry":{"type":"LineString","coordinates":[[2010.2,1213.8],[2010.2,1213.8]]}},{"type":"Feature","properties":{"id":"p:equipos:4223","n":1,"sc":"#636466"},"geometry":{"type":"LineString","coordinates":[[2011.2,1215.2],[2011.2,1215.2]]}},{"type":"Feature","properties":{"id":"p:equipos:4224","n":1,"sc":"#636466"},"geometry":{"type":"LineString","coordinates":[[2011.2,1212.8],[2011.2,1211.8]]}},{"type":"Feature","properties":{"id":"p:equipos:4225","n":1,"sc":"#636466"},"geometry":{"type":"LineString","coordinates":[[2012.2,1211.4],[2012.2,1210.9]]}},{"type":"Feature","properties":{"id":"p:equipos:4226","n":1,"sc":"#636466"},"geometry":{"type":"LineString","coordinates":[[2012.2,1211.4],[2012.2,1211.4]]}},{"type":"Feature","properties":{"id":"p:equipos:4227","n":1,"sc":"#636466"},"geometry":{"type":"LineString","coordinates":[[2012.2,1213.3],[2012.2,1213.3]]}},{"type":"Feature","properties":{"id":"p:equipos:4228","n":1,"sc":"#636466"},"geometry":{"type":"LineString","coordinates":[[2009.3,1215.7],[2011.2,1212.8]]}},{"type":"Feature","properties":{"id":"p:equipos:4229","n":1,"sc":"#636466"},"geometry":{"type":"LineString","coordinates":[[2011.7,1214.2],[2010.2,1216.2]]}},{"type":"Feature","properties":{"id":"p:equipos:4230","n":4,"sc":"#636466"},"geometry":{"type":"LineString","coordinates":[[2014.8,1217.9],[2014.8,1217.9],[2014.8,1217.9],[2014.8,1217.9],[2014.8,1217.9]]}},{"type":"Feature","properties":{"id":"p:equipos:4231","n":4,"sc":"#636466"},"geometry":{"type":"LineString","coordinates":[[2012.6,1209.7],[2012.3,1210.0],[2012.2,1210.5],[2012.2,1210.9],[2012.4,1211.3]]}},{"type":"Feature","properties":{"id":"p:equipos:4232","n":1,"sc":"#636466"},"geometry":{"type":"LineString","coordinates":[[2012.2,1211.4],[2012.2,1210.9]]}},{"type":"Feature","properties":{"id":"p:equipos:4233","n":1,"sc":"#636466"},"geometry":{"type":"LineString","coordinates":[[2013.6,1233.0],[2013.6,1233.0]]}},{"type":"Feature","properties":{"id":"p:equipos:4234","n":1,"sc":"#636466"},"geometry":{"type":"LineString","coordinates":[[2013.6,1233.4],[2013.6,1233.0]]}},{"type":"Feature","properties":{"id":"p:equipos:4235","n":4,"sc":"#636466"},"geometry":{"type":"LineString","coordinates":[[2009.9,1213.1],[2009.9,1213.1],[2009.9,1213.1],[2009.9,1213.2],[2009.8,1213.2]]}},{"type":"Feature","properties":{"id":"p:equipos:4236","n":2,"sc":"#636466"},"geometry":{"type":"LineString","coordinates":[[2011.7,1229.6],[2011.2,1228.2],[2011.2,1227.2]]}},{"type":"Feature","properties":{"id":"p:equipos:4237","n":1,"sc":"#636466"},"geometry":{"type":"LineString","coordinates":[[2013.6,1233.4],[2013.1,1232.5]]}},{"type":"Feature","properties":{"id":"p:equipos:4238","n":1,"sc":"#636466"},"geometry":{"type":"LineString","coordinates":[[2009.8,1216.2],[2009.8,1216.2]]}},{"type":"Feature","properties":{"id":"p:equipos:4239","n":1,"sc":"#636466"},"geometry":{"type":"LineString","coordinates":[[2011.7,1228.2],[2011.2,1227.7]]}},{"type":"Feature","properties":{"id":"p:equipos:4240","n":1,"sc":"#636466"},"geometry":{"type":"LineString","coordinates":[[2013.1,1226.7],[2013.1,1226.7]]}},{"type":"Feature","properties":{"id":"p:equipos:4241","n":1,"sc":"#636466"},"geometry":{"type":"LineString","coordinates":[[2013.1,1232.5],[2013.1,1232.5]]}},{"type":"Feature","properties":{"id":"p:equipos:4242","n":1,"sc":"#636466"},"geometry":{"type":"LineString","coordinates":[[2014.1,1233.4],[2014.1,1233.4]]}},{"type":"Feature","properties":{"id":"p:equipos:4243","n":1,"sc":"#636466"},"geometry":{"type":"LineString","coordinates":[[2013.1,1218.6],[2013.1,1218.6]]}},{"type":"Feature","properties":{"id":"p:equipos:4244","n":1,"sc":"#636466"},"geometry":{"type":"LineString","coordinates":[[2010.7,1215.2],[2010.7,1215.2]]}},{"type":"Feature","properties":{"id":"p:equipos:4245","n":1,"sc":"#636466"},"geometry":{"type":"LineString","coordinates":[[2012.2,1217.6],[2012.2,1217.6]]}},{"type":"Feature","properties":{"id":"p:equipos:4246","n":1,"sc":"#636466"},"geometry":{"type":"LineString","coordinates":[[2014.6,1240.6],[2014.6,1240.6]]}},{"type":"Feature","properties":{"id":"p:equipos:4247","n":1,"sc":"#636466"},"geometry":{"type":"LineString","coordinates":[[2013.6,1233.9],[2014.6,1240.6]]}},{"type":"Feature","properties":{"id":"p:equipos:4248","n":4,"sc":"#636466"},"geometry":{"type":"LineString","coordinates":[[2011.4,1214.4],[2011.3,1214.8],[2011.2,1215.2],[2011.2,1215.6],[2011.3,1216.0]]}},{"type":"Feature","properties":{"id":"p:equipos:4249","n":4,"sc":"#636466"},"geometry":{"type":"LineString","coordinates":[[2017.9,1240.6],[2017.4,1241.6],[2016,1241.6],[2015.0,1241.1],[2014.6,1240.6]]}},{"type":"Feature","properties":{"id":"p:equipos:4250","n":1,"sc":"#636466"},"geometry":{"type":"LineString","coordinates":[[2018.9,1236.8],[2019.8,1233.4]]}},{"type":"Feature","properties":{"id":"p:equipos:4251","n":1,"sc":"#636466"},"geometry":{"type":"LineString","coordinates":[[2014.1,1233.4],[2015.5,1233.0]]}},{"type":"Feature","properties":{"id":"p:equipos:4252","n":1,"sc":"#636466"},"geometry":{"type":"LineString","coordinates":[[2014.1,1236.3],[2014.1,1233.4]]}},{"type":"Feature","properties":{"id":"p:equipos:4253","n":1,"sc":"#636466"},"geometry":{"type":"LineString","coordinates":[[2017.9,1240.6],[2018.9,1236.8]]}},{"type":"Feature","properties":{"id":"p:equipos:4254","n":8,"sc":"#636466"},"geometry":{"type":"LineString","coordinates":[[2014.6,1240.6],[2014.8,1241.2],[2015.1,1241.7],[2015.7,1242.0],[2016.3,1242.1],[2016.9,1241.9],[2017.4,1241.6],[2017.8,1241.1],[2017.9,1240.5]]}},{"type":"Feature","properties":{"id":"p:equipos:4255","n":1,"sc":"#636466"},"geometry":{"type":"LineString","coordinates":[[2015.5,1233.0],[2017.9,1232.5]]}},{"type":"Feature","properties":{"id":"p:equipos:4256","n":1,"sc":"#636466"},"geometry":{"type":"LineString","coordinates":[[2014.6,1240.6],[2014.1,1236.3]]}},{"type":"Feature","properties":{"id":"p:equipos:4257","n":2,"sc":"#636466"},"geometry":{"type":"LineString","coordinates":[[2017.9,1232.5],[2019.4,1233.0],[2019.8,1233.0]]}},{"type":"Feature","properties":{"id":"p:equipos:4258","n":1,"sc":"#636466"},"geometry":{"type":"LineString","coordinates":[[2013.1,1212.8],[2013.1,1212.8]]}},{"type":"Feature","properties":{"id":"p:equipos:4259","n":4,"sc":"#636466"},"geometry":{"type":"LineString","coordinates":[[2019.7,1233.0],[2019.8,1232.9],[2019.8,1232.9],[2019.8,1232.8],[2019.8,1232.8]]}},{"type":"Feature","properties":{"id":"p:equipos:4260","n":8,"sc":"#636466"},"geometry":{"type":"LineString","coordinates":[[2018.9,1208.0],[2018.7,1207.6],[2018.5,1207.2],[2018.2,1206.9],[2017.8,1206.7],[2017.4,1206.6],[2017.0,1206.6],[2016.5,1206.7],[2016.2,1206.9]]}},{"type":"Feature","properties":{"id":"p:equipos:4261","n":1,"sc":"#636466"},"geometry":{"type":"LineString","coordinates":[[2017.9,1212.8],[2015.5,1212.3]]}},{"type":"Feature","properties":{"id":"p:equipos:4262","n":2,"sc":"#636466"},"geometry":{"type":"LineString","coordinates":[[2015.5,1212.3],[2014.6,1211.8],[2014.1,1211.8]]}},{"type":"Feature","properties":{"id":"p:equipos:4263","n":2,"sc":"#636466"},"geometry":{"type":"LineString","coordinates":[[2019.8,1211.8],[2019.4,1212.3],[2017.9,1212.8]]}},{"type":"Feature","properties":{"id":"p:equipos:4264","n":1,"sc":"#636466"},"geometry":{"type":"LineString","coordinates":[[2012.6,1209.9],[2016.5,1207.0]]}},{"type":"Feature","properties":{"id":"p:equipos:4265","n":4,"sc":"#636466"},"geometry":{"type":"LineString","coordinates":[[2013.9,1211.3],[2013.8,1211.4],[2013.8,1211.5],[2013.8,1211.6],[2013.7,1211.6]]}},{"type":"Feature","properties":{"id":"p:equipos:4266","n":1,"sc":"#636466"},"geometry":{"type":"LineString","coordinates":[[2019.8,1211.8],[2019.8,1211.8]]}},{"type":"Feature","properties":{"id":"p:equipos:4267","n":1,"sc":"#636466"},"geometry":{"type":"LineString","coordinates":[[2015.0,1209.9],[2014.1,1211.4]]}},{"type":"Feature","properties":{"id":"p:equipos:4268","n":2,"sc":"#636466"},"geometry":{"type":"LineString","coordinates":[[2004,1216.2],[2004.5,1217.1],[2005.0,1218.1]]}},{"type":"Feature","properties":{"id":"p:equipos:4269","n":1,"sc":"#636466"},"geometry":{"type":"LineString","coordinates":[[2012.2,1217.6],[2012.2,1217.6]]}},{"type":"Feature","properties":{"id":"p:equipos:4270","n":1,"sc":"#636466"},"geometry":{"type":"LineString","coordinates":[[2019.4,1210.4],[2019.8,1211.8]]}},{"type":"Feature","properties":{"id":"p:equipos:4271","n":1,"sc":"#636466"},"geometry":{"type":"LineString","coordinates":[[2016,1208],[2015.0,1209.9]]}},{"type":"Feature","properties":{"id":"p:equipos:4272","n":4,"sc":"#636466"},"geometry":{"type":"LineString","coordinates":[[2012.7,1209.7],[2012.5,1209.8],[2012.3,1210.1],[2012.2,1210.3],[2012.2,1210.6]]}},{"type":"Feature","properties":{"id":"p:equipos:4273","n":3,"sc":"#636466"},"geometry":{"type":"LineString","coordinates":[[2009.3,1218.6],[2010.7,1218.6],[2011.2,1218.1],[2011.7,1218.1]]}},{"type":"Feature","properties":{"id":"p:equipos:4274","n":1,"sc":"#636466"},"geometry":{"type":"LineString","coordinates":[[2012.2,1212.8],[2012.2,1212.8]]}},{"type":"Feature","properties":{"id":"p:equipos:4275","n":4,"sc":"#636466"},"geometry":{"type":"LineString","coordinates":[[2011.3,1225.7],[2011.4,1225.7],[2011.6,1225.7],[2011.8,1225.8],[2011.9,1225.8]]}},{"type":"Feature","properties":{"id":"p:equipos:4276","n":8,"sc":"#636466"},"geometry":{"type":"LineString","coordinates":[[2014.1,1225.9],[2015.3,1226.5],[2016.5,1226.7],[2017.7,1226.6],[2018.9,1226.2],[2019.9,1225.5],[2020.6,1224.5],[2021.1,1223.4],[2021.3,1222.1]]}},{"type":"Feature","properties":{"id":"p:equipos:4277","n":2,"sc":"#636466"},"geometry":{"type":"LineString","coordinates":[[2005.4,1214.2],[2004.5,1214.7],[2004.5,1215.7]]}},{"type":"Feature","properties":{"id":"p:equipos:4278","n":1,"sc":"#636466"},"geometry":{"type":"LineString","coordinates":[[2009.8,1213.8],[2008.3,1214.2]]}},{"type":"Feature","properties":{"id":"p:equipos:4279","n":1,"sc":"#636466"},"geometry":{"type":"LineString","coordinates":[[2009.8,1213.8],[2009.8,1214.2]]}},{"type":"Feature","properties":{"id":"p:equipos:4280","n":1,"sc":"#636466"},"geometry":{"type":"LineString","coordinates":[[2009.8,1213.8],[2009.8,1213.8]]}},{"type":"Feature","properties":{"id":"p:equipos:4281","n":1,"sc":"#636466"},"geometry":{"type":"LineString","coordinates":[[2017.9,1215.7],[2017.9,1215.7]]}},{"type":"Feature","properties":{"id":"p:equipos:4282","n":1,"sc":"#636466"},"geometry":{"type":"LineString","coordinates":[[2017.9,1216.6],[2017.9,1216.6]]}},{"type":"Feature","properties":{"id":"p:equipos:4283","n":2,"sc":"#636466"},"geometry":{"type":"LineString","coordinates":[[2006.9,1231.0],[2006.4,1230.6],[2006.4,1229.1]]}},{"type":"Feature","properties":{"id":"p:equipos:4284","n":1,"sc":"#636466"},"geometry":{"type":"LineString","coordinates":[[2009.3,1226.2],[2009.8,1225.3]]}},{"type":"Feature","properties":{"id":"p:equipos:4285","n":2,"sc":"#636466"},"geometry":{"type":"LineString","coordinates":[[2008.8,1232],[2007.8,1232],[2006.9,1231.5]]}},{"type":"Feature","properties":{"id":"p:equipos:4286","n":1,"sc":"#636466"},"geometry":{"type":"LineString","coordinates":[[2011.7,1230.1],[2011.2,1230.6]]}},{"type":"Feature","properties":{"id":"p:equipos:4287","n":1,"sc":"#636466"},"geometry":{"type":"LineString","coordinates":[[2010.2,1213.8],[2010.2,1213.8]]}},{"type":"Feature","properties":{"id":"p:equipos:4288","n":1,"sc":"#636466"},"geometry":{"type":"LineString","coordinates":[[2010.2,1213.8],[2010.2,1214.2]]}},{"type":"Feature","properties":{"id":"p:equipos:4289","n":4,"sc":"#636466"},"geometry":{"type":"LineString","coordinates":[[2011.9,1211.1],[2011.9,1211.1],[2011.8,1211.1],[2011.8,1211.2],[2011.8,1211.2]]}},{"type":"Feature","properties":{"id":"p:equipos:4290","n":1,"sc":"#636466"},"geometry":{"type":"LineString","coordinates":[[2019.4,1208.5],[2019.4,1210.4]]}},{"type":"Feature","properties":{"id":"p:equipos:4291","n":1,"sc":"#636466"},"geometry":{"type":"LineString","coordinates":[[2010.2,1213.8],[2010.2,1213.8]]}},{"type":"Feature","properties":{"id":"p:equipos:4292","n":3,"sc":"#636466"},"geometry":{"type":"LineString","coordinates":[[2010.2,1216.2],[2010.2,1216.6],[2009.8,1216.6],[2009.3,1216.2]]}},{"type":"Feature","properties":{"id":"p:equipos:4293","n":2,"sc":"#636466"},"geometry":{"type":"LineString","coordinates":[[2011.2,1215.2],[2011.2,1215.7],[2010.7,1215.7]]}},{"type":"Feature","properties":{"id":"p:equipos:4294","n":1,"sc":"#636466"},"geometry":{"type":"LineString","coordinates":[[2009.3,1216.2],[2009.8,1216.6]]}},{"type":"Feature","properties":{"id":"p:equipos:4295","n":1,"sc":"#636466"},"geometry":{"type":"LineString","coordinates":[[2009.8,1216.6],[2010.2,1216.2]]}},{"type":"Feature","properties":{"id":"p:equipos:4296","n":1,"sc":"#636466"},"geometry":{"type":"LineString","coordinates":[[2011.7,1214.7],[2011.7,1214.7]]}},{"type":"Feature","properties":{"id":"p:equipos:4297","n":1,"sc":"#636466"},"geometry":{"type":"LineString","coordinates":[[2010.2,1213.8],[2010.2,1213.8]]}},{"type":"Feature","properties":{"id":"p:equipos:4298","n":1,"sc":"#636466"},"geometry":{"type":"LineString","coordinates":[[2010.2,1214.2],[2010.2,1213.8]]}},{"type":"Feature","properties":{"id":"p:equipos:4299","n":4,"sc":"#636466"},"geometry":{"type":"LineString","coordinates":[[2012.6,1212.4],[2012.6,1212.4],[2012.6,1212.4],[2012.6,1212.4],[2012.6,1212.4]]}},{"type":"Feature","properties":{"id":"p:equipos:4300","n":1,"sc":"#636466"},"geometry":{"type":"LineString","coordinates":[[2010.7,1215.7],[2011.2,1215.2]]}},{"type":"Feature","properties":{"id":"p:equipos:4301","n":1,"sc":"#636466"},"geometry":{"type":"LineString","coordinates":[[2012.2,1211.4],[2012.2,1211.4]]}},{"type":"Feature","properties":{"id":"p:equipos:4302","n":1,"sc":"#636466"},"geometry":{"type":"LineString","coordinates":[[2012.2,1211.8],[2012.2,1211.8]]}},{"type":"Feature","properties":{"id":"p:equipos:4303","n":2,"sc":"#636466"},"geometry":{"type":"LineString","coordinates":[[2010.2,1216.2],[2009.8,1216.2],[2009.3,1215.7]]}},{"type":"Feature","properties":{"id":"p:equipos:4304","n":1,"sc":"#636466"},"geometry":{"type":"LineString","coordinates":[[2012.6,1213.3],[2012.2,1212.8]]}},{"type":"Feature","properties":{"id":"p:equipos:4305","n":1,"sc":"#636466"},"geometry":{"type":"LineString","coordinates":[[2012.6,1213.3],[2012.6,1213.3]]}},{"type":"Feature","properties":{"id":"p:equipos:4306","n":1,"sc":"#636466"},"geometry":{"type":"LineString","coordinates":[[2012.6,1213.3],[2012.6,1213.3]]}},{"type":"Feature","properties":{"id":"p:equipos:4307","n":1,"sc":"#636466"},"geometry":{"type":"LineString","coordinates":[[2012.2,1212.8],[2012.6,1213.3]]}},{"type":"Feature","properties":{"id":"p:equipos:4308","n":4,"sc":"#636466"},"geometry":{"type":"LineString","coordinates":[[2013.6,1233.1],[2013.6,1233.2],[2013.6,1233.2],[2013.6,1233.3],[2013.6,1233.3]]}},{"type":"Feature","properties":{"id":"p:equipos:4309","n":1,"sc":"#636466"},"geometry":{"type":"LineString","coordinates":[[2011.2,1227.2],[2011.7,1226.7]]}},{"type":"Feature","properties":{"id":"p:equipos:4310","n":1,"sc":"#636466"},"geometry":{"type":"LineString","coordinates":[[2009.3,1215.7],[2010.2,1216.2]]}},{"type":"Feature","properties":{"id":"p:equipos:4311","n":2,"sc":"#636466"},"geometry":{"type":"LineString","coordinates":[[2012.2,1212.8],[2011.7,1212.8],[2011.2,1212.8]]}},{"type":"Feature","properties":{"id":"p:equipos:4312","n":2,"sc":"#636466"},"geometry":{"type":"LineString","coordinates":[[2013.1,1212.8],[2012.2,1211.8],[2012.2,1211.4]]}},{"type":"Feature","properties":{"id":"p:equipos:4313","n":1,"sc":"#636466"},"geometry":{"type":"LineString","coordinates":[[2013.1,1212.8],[2013.1,1212.8]]}},{"type":"Feature","properties":{"id":"p:equipos:4314","n":1,"sc":"#636466"},"geometry":{"type":"LineString","coordinates":[[2012.2,1227.7],[2012.2,1227.7]]}},{"type":"Feature","properties":{"id":"p:equipos:4315","n":1,"sc":"#636466"},"geometry":{"type":"LineString","coordinates":[[2012.6,1211.8],[2012.2,1210.9]]}},{"type":"Feature","properties":{"id":"p:equipos:4316","n":1,"sc":"#636466"},"geometry":{"type":"LineString","coordinates":[[2011.2,1227.7],[2011.7,1227.2]]}},{"type":"Feature","properties":{"id":"p:equipos:4317","n":1,"sc":"#636466"},"geometry":{"type":"LineString","coordinates":[[2010.2,1213.8],[2012.2,1211.4]]}},{"type":"Feature","properties":{"id":"p:equipos:4318","n":8,"sc":"#636466"},"geometry":{"type":"LineString","coordinates":[[2021.3,1222.1],[2021.1,1220.9],[2020.6,1219.8],[2019.8,1218.8],[2018.8,1218.1],[2017.6,1217.7],[2016.4,1217.6],[2015.2,1217.9],[2014.1,1218.4]]}},{"type":"Feature","properties":{"id":"p:equipos:4319","n":1,"sc":"#636466"},"geometry":{"type":"LineString","coordinates":[[2012.6,1211.8],[2013.6,1212.3]]}},{"type":"Feature","properties":{"id":"p:equipos:4320","n":4,"sc":"#636466"},"geometry":{"type":"LineString","coordinates":[[2004.9,1217.4],[2005.0,1217.5],[2005.2,1217.5],[2005.4,1217.6],[2005.5,1217.6]]}},{"type":"Feature","properties":{"id":"p:equipos:4321","n":1,"sc":"#636466"},"geometry":{"type":"LineString","coordinates":[[2008.3,1222.4],[2008.3,1222.4]]}},{"type":"Feature","properties":{"id":"p:equipos:4322","n":1,"sc":"#636466"},"geometry":{"type":"LineString","coordinates":[[2005.9,1218.1],[2007.8,1218.6]]}},{"type":"Feature","properties":{"id":"p:equipos:4323","n":1,"sc":"#636466"},"geometry":{"type":"LineString","coordinates":[[2007.8,1218.6],[2009.3,1218.6]]}},{"type":"Feature","properties":{"id":"p:equipos:4324","n":1,"sc":"#636466"},"geometry":{"type":"LineString","coordinates":[[2004.5,1215.7],[2004,1216.2]]}},{"type":"Feature","properties":{"id":"p:equipos:4325","n":4,"sc":"#636466"},"geometry":{"type":"LineString","coordinates":[[2005.6,1214.2],[2005.5,1214.3],[2005.4,1214.3],[2005.3,1214.3],[2005.1,1214.3]]}},{"type":"Feature","properties":{"id":"p:equipos:4326","n":1,"sc":"#636466"},"geometry":{"type":"LineString","coordinates":[[2008.3,1214.2],[2005.9,1214.2]]}},{"type":"Feature","properties":{"id":"p:equipos:4327","n":1,"sc":"#636466"},"geometry":{"type":"LineString","coordinates":[[2017.4,1215.7],[2017.4,1215.7]]}},{"type":"Feature","properties":{"id":"p:equipos:4328","n":1,"sc":"#636466"},"geometry":{"type":"LineString","coordinates":[[2013.6,1233.0],[2013.6,1233.4]]}},{"type":"Feature","properties":{"id":"p:equipos:4329","n":1,"sc":"#636466"},"geometry":{"type":"LineString","coordinates":[[2013.6,1233.0],[2013.6,1233.0]]}},{"type":"Feature","properties":{"id":"p:equipos:4330","n":1,"sc":"#636466"},"geometry":{"type":"LineString","coordinates":[[2017.4,1216.6],[2017.4,1216.6]]}},{"type":"Feature","properties":{"id":"p:equipos:4331","n":1,"sc":"#636466"},"geometry":{"type":"LineString","coordinates":[[2009.8,1213.8],[2009.8,1213.8]]}},{"type":"Feature","properties":{"id":"p:equipos:4332","n":1,"sc":"#636466"},"geometry":{"type":"LineString","coordinates":[[2006.9,1228.6],[2008.3,1227.2]]}},{"type":"Feature","properties":{"id":"p:equipos:4333","n":1,"sc":"#636466"},"geometry":{"type":"LineString","coordinates":[[2008.3,1227.2],[2009.3,1226.2]]}},{"type":"Feature","properties":{"id":"p:equipos:4334","n":1,"sc":"#636466"},"geometry":{"type":"LineString","coordinates":[[2006.9,1231.5],[2006.9,1231.0]]}},{"type":"Feature","properties":{"id":"p:equipos:4335","n":1,"sc":"#636466"},"geometry":{"type":"LineString","coordinates":[[2011.2,1230.6],[2009.3,1231.5]]}},{"type":"Feature","properties":{"id":"p:equipos:4336","n":4,"sc":"#636466"},"geometry":{"type":"LineString","coordinates":[[2006.4,1228.6],[2006.3,1228.8],[2006.2,1228.9],[2006.1,1229.1],[2006.0,1229.2]]}},{"type":"Feature","properties":{"id":"p:equipos:4337","n":1,"sc":"#636466"},"geometry":{"type":"LineString","coordinates":[[2011.2,1227.2],[2011.7,1226.7]]}},{"type":"Feature","properties":{"id":"p:equipos:4338","n":4,"sc":"#636466"},"geometry":{"type":"LineString","coordinates":[[2008.7,1231.4],[2008.8,1231.4],[2008.9,1231.3],[2009.0,1231.3],[2009.1,1231.2]]}},{"type":"Feature","properties":{"id":"p:equipos:4339","n":1,"sc":"#636466"},"geometry":{"type":"LineString","coordinates":[[2015.0,1226.7],[2015.0,1226.7]]}},{"type":"Feature","properties":{"id":"p:equipos:4340","n":1,"sc":"#636466"},"geometry":{"type":"LineString","coordinates":[[2012.2,1210.9],[2012.2,1210.9]]}},{"type":"Feature","properties":{"id":"p:equipos:4341","n":1,"sc":"#636466"},"geometry":{"type":"LineString","coordinates":[[2012.2,1211.4],[2010.2,1213.8]]}},{"type":"Feature","properties":{"id":"p:equipos:4342","n":1,"sc":"#636466"},"geometry":{"type":"LineString","coordinates":[[2012.2,1227.7],[2012.2,1227.7]]}},{"type":"Feature","properties":{"id":"p:equipos:4343","n":1,"sc":"#636466"},"geometry":{"type":"LineString","coordinates":[[2011.2,1227.7],[2011.7,1227.7]]}},{"type":"Feature","properties":{"id":"p:equipos:4344","n":2,"sc":"#636466"},"geometry":{"type":"LineString","coordinates":[[2011.7,1226.2],[2009.3,1224.8],[2008.3,1222.4]]}},{"type":"Feature","properties":{"id":"p:equipos:4345","n":4,"sc":"#636466"},"geometry":{"type":"LineString","coordinates":[[2012.2,1219.0],[2010.7,1219.0],[2009.8,1220],[2008.8,1221.0],[2008.3,1222.4]]}},{"type":"Feature","properties":{"id":"p:equipos:4346","n":4,"sc":"#636466"},"geometry":{"type":"LineString","coordinates":[[2008.3,1222.4],[2008.8,1223.8],[2009.8,1225.3],[2010.7,1225.8],[2012.2,1226.2]]}},{"type":"Feature","properties":{"id":"p:equipos:4347","n":4,"sc":"#636466"},"geometry":{"type":"LineString","coordinates":[[2014.6,1219.0],[2013.1,1220.5],[2012.6,1222.4],[2013.1,1224.8],[2014.6,1226.2]]}},{"type":"Feature","properties":{"id":"p:equipos:4348","n":1,"sc":"#636466"},"geometry":{"type":"LineString","coordinates":[[2012.2,1219.0],[2014.6,1219.0]]}},{"type":"Feature","properties":{"id":"p:equipos:4349","n":1,"sc":"#636466"},"geometry":{"type":"LineString","coordinates":[[2012.2,1226.2],[2014.6,1226.2]]}},{"type":"Feature","properties":{"id":"p:equipos:4350","n":4,"sc":"#636466"},"geometry":{"type":"LineString","coordinates":[[1728.4,1760.4],[1728.3,1760.3],[1728.1,1760.2],[1728.0,1760.2],[1727.9,1760.1]]}},{"type":"Feature","properties":{"id":"p:equipos:4351","n":2,"sc":"#636466"},"geometry":{"type":"LineString","coordinates":[[1720.3,1755.7],[1722.2,1756.2],[1723.7,1757.1]]}},{"type":"Feature","properties":{"id":"p:equipos:4352","n":1,"sc":"#636466"},"geometry":{"type":"LineString","coordinates":[[1703.0,1758.6],[1703.5,1757.6]]}},{"type":"Feature","properties":{"id":"p:equipos:4353","n":2,"sc":"#636466"},"geometry":{"type":"LineString","coordinates":[[1706.4,1766.2],[1705.0,1765.8],[1703.0,1764.3]]}},{"type":"Feature","properties":{"id":"p:equipos:4354","n":1,"sc":"#636466"},"geometry":{"type":"LineString","coordinates":[[1709.8,1766.2],[1706.4,1766.2]]}},{"type":"Feature","properties":{"id":"p:equipos:4355","n":1,"sc":"#636466"},"geometry":{"type":"LineString","coordinates":[[1718.9,1760],[1718.9,1760]]}},{"type":"Feature","properties":{"id":"p:equipos:4356","n":1,"sc":"#636466"},"geometry":{"type":"LineString","coordinates":[[1717.4,1755.7],[1720.3,1755.7]]}},{"type":"Feature","properties":{"id":"p:equipos:4357","n":1,"sc":"#636466"},"geometry":{"type":"LineString","coordinates":[[1707.4,1756.2],[1710.2,1756.2]]}},{"type":"Feature","properties":{"id":"p:equipos:4358","n":1,"sc":"#636466"},"geometry":{"type":"LineString","coordinates":[[1717.4,1765.8],[1709.8,1766.2]]}},{"type":"Feature","properties":{"id":"p:equipos:4359","n":1,"sc":"#636466"},"geometry":{"type":"LineString","coordinates":[[1720.8,1765.8],[1717.4,1765.8]]}},{"type":"Feature","properties":{"id":"p:equipos:4360","n":2,"sc":"#636466"},"geometry":{"type":"LineString","coordinates":[[1703.5,1757.6],[1705.4,1756.6],[1707.4,1756.2]]}},{"type":"Feature","properties":{"id":"p:equipos:4361","n":1,"sc":"#636466"},"geometry":{"type":"LineString","coordinates":[[1723.7,1757.1],[1724.6,1758.6]]}},{"type":"Feature","properties":{"id":"p:equipos:4362","n":2,"sc":"#636466"},"geometry":{"type":"LineString","coordinates":[[1724.2,1764.3],[1722.7,1765.3],[1720.8,1765.8]]}},{"type":"Feature","properties":{"id":"p:equipos:4363","n":1,"sc":"#636466"},"geometry":{"type":"LineString","coordinates":[[1725.1,1756.6],[1725.6,1756.6]]}},{"type":"Feature","properties":{"id":"p:equipos:4364","n":2,"sc":"#636466"},"geometry":{"type":"LineString","coordinates":[[1719.8,1753.8],[1721.3,1753.8],[1722.7,1754.7]]}},{"type":"Feature","properties":{"id":"p:equipos:4365","n":1,"sc":"#636466"},"geometry":{"type":"LineString","coordinates":[[1722.7,1754.7],[1723.2,1755.2]]}},{"type":"Feature","properties":{"id":"p:equipos:4366","n":1,"sc":"#636466"},"geometry":{"type":"LineString","coordinates":[[1722.7,1754.7],[1722.7,1754.7]]}},{"type":"Feature","properties":{"id":"p:equipos:4367","n":1,"sc":"#636466"},"geometry":{"type":"LineString","coordinates":[[1722.2,1754.7],[1722.2,1754.7]]}},{"type":"Feature","properties":{"id":"p:equipos:4368","n":1,"sc":"#636466"},"geometry":{"type":"LineString","coordinates":[[1721.3,1755.2],[1720.8,1755.2]]}},{"type":"Feature","properties":{"id":"p:equipos:4369","n":1,"sc":"#636466"},"geometry":{"type":"LineString","coordinates":[[1723.7,1755.2],[1724.2,1755.7]]}},{"type":"Feature","properties":{"id":"p:equipos:4370","n":1,"sc":"#636466"},"geometry":{"type":"LineString","coordinates":[[1725.1,1756.2],[1725.1,1756.6]]}},{"type":"Feature","properties":{"id":"p:equipos:4371","n":1,"sc":"#636466"},"geometry":{"type":"LineString","coordinates":[[1725.1,1756.2],[1725.1,1756.2]]}},{"type":"Feature","properties":{"id":"p:equipos:4372","n":1,"sc":"#636466"},"geometry":{"type":"LineString","coordinates":[[1723.2,1756.6],[1723.2,1756.6]]}},{"type":"Feature","properties":{"id":"p:equipos:4373","n":1,"sc":"#636466"},"geometry":{"type":"LineString","coordinates":[[1720.8,1753.8],[1723.2,1755.2]]}},{"type":"Feature","properties":{"id":"p:equipos:4374","n":1,"sc":"#636466"},"geometry":{"type":"LineString","coordinates":[[1722.2,1756.2],[1720.3,1754.7]]}},{"type":"Feature","properties":{"id":"p:equipos:4375","n":4,"sc":"#636466"},"geometry":{"type":"LineString","coordinates":[[1718.1,1759.3],[1718.1,1759.3],[1718.1,1759.3],[1718.1,1759.3],[1718.1,1759.3]]}},{"type":"Feature","properties":{"id":"p:equipos:4376","n":4,"sc":"#636466"},"geometry":{"type":"LineString","coordinates":[[1725.8,1757.1],[1725.5,1756.8],[1725.1,1756.7],[1724.6,1756.7],[1724.2,1756.9]]}},{"type":"Feature","properties":{"id":"p:equipos:4377","n":1,"sc":"#636466"},"geometry":{"type":"LineString","coordinates":[[1725.1,1756.2],[1725.1,1756.6]]}},{"type":"Feature","properties":{"id":"p:equipos:4378","n":1,"sc":"#636466"},"geometry":{"type":"LineString","coordinates":[[1703.0,1758.1],[1703.5,1758.1]]}},{"type":"Feature","properties":{"id":"p:equipos:4379","n":1,"sc":"#636466"},"geometry":{"type":"LineString","coordinates":[[1702.6,1758.1],[1703.0,1758.1]]}},{"type":"Feature","properties":{"id":"p:equipos:4380","n":4,"sc":"#636466"},"geometry":{"type":"LineString","coordinates":[[1722.4,1754.4],[1722.4,1754.4],[1722.4,1754.3],[1722.4,1754.3],[1722.3,1754.3]]}},{"type":"Feature","properties":{"id":"p:equipos:4381","n":2,"sc":"#636466"},"geometry":{"type":"LineString","coordinates":[[1706.4,1756.2],[1707.8,1755.7],[1709.3,1755.7]]}},{"type":"Feature","properties":{"id":"p:equipos:4382","n":1,"sc":"#636466"},"geometry":{"type":"LineString","coordinates":[[1703.0,1758.1],[1703.5,1757.6]]}},{"type":"Feature","properties":{"id":"p:equipos:4383","n":1,"sc":"#636466"},"geometry":{"type":"LineString","coordinates":[[1719.8,1754.2],[1719.8,1754.2]]}},{"type":"Feature","properties":{"id":"p:equipos:4384","n":1,"sc":"#636466"},"geometry":{"type":"LineString","coordinates":[[1707.8,1756.2],[1708.3,1755.7]]}},{"type":"Feature","properties":{"id":"p:equipos:4385","n":1,"sc":"#636466"},"geometry":{"type":"LineString","coordinates":[[1709.8,1757.6],[1709.8,1757.6]]}},{"type":"Feature","properties":{"id":"p:equipos:4386","n":1,"sc":"#636466"},"geometry":{"type":"LineString","coordinates":[[1703.5,1757.6],[1703.5,1757.6]]}},{"type":"Feature","properties":{"id":"p:equipos:4387","n":1,"sc":"#636466"},"geometry":{"type":"LineString","coordinates":[[1703.0,1758.6],[1703.0,1758.6]]}},{"type":"Feature","properties":{"id":"p:equipos:4388","n":1,"sc":"#636466"},"geometry":{"type":"LineString","coordinates":[[1717.9,1757.1],[1717.9,1757.1]]}},{"type":"Feature","properties":{"id":"p:equipos:4389","n":1,"sc":"#636466"},"geometry":{"type":"LineString","coordinates":[[1720.8,1755.2],[1720.8,1755.2]]}},{"type":"Feature","properties":{"id":"p:equipos:4390","n":1,"sc":"#636466"},"geometry":{"type":"LineString","coordinates":[[1718.9,1756.6],[1718.9,1756.6]]}},{"type":"Feature","properties":{"id":"p:equipos:4391","n":1,"sc":"#636466"},"geometry":{"type":"LineString","coordinates":[[1695.8,1759.0],[1695.8,1759.0]]}},{"type":"Feature","properties":{"id":"p:equipos:4392","n":1,"sc":"#636466"},"geometry":{"type":"LineString","coordinates":[[1702.6,1758.1],[1695.4,1759.0]]}},{"type":"Feature","properties":{"id":"p:equipos:4393","n":4,"sc":"#636466"},"geometry":{"type":"LineString","coordinates":[[1721.6,1755.9],[1721.2,1755.8],[1720.8,1755.7],[1720.4,1755.7],[1720.0,1755.7]]}},{"type":"Feature","properties":{"id":"p:equipos:4394","n":4,"sc":"#636466"},"geometry":{"type":"LineString","coordinates":[[1695.4,1762.4],[1694.9,1761.9],[1694.4,1761.0],[1694.9,1759.5],[1695.8,1759.0]]}},{"type":"Feature","properties":{"id":"p:equipos:4395","n":1,"sc":"#636466"},"geometry":{"type":"LineString","coordinates":[[1699.2,1763.4],[1703.0,1764.3]]}},{"type":"Feature","properties":{"id":"p:equipos:4396","n":1,"sc":"#636466"},"geometry":{"type":"LineString","coordinates":[[1703.0,1758.6],[1703.5,1760]]}},{"type":"Feature","properties":{"id":"p:equipos:4397","n":1,"sc":"#636466"},"geometry":{"type":"LineString","coordinates":[[1699.7,1758.6],[1703.0,1758.6]]}},{"type":"Feature","properties":{"id":"p:equipos:4398","n":1,"sc":"#636466"},"geometry":{"type":"LineString","coordinates":[[1695.4,1762.4],[1699.2,1763.4]]}},{"type":"Feature","properties":{"id":"p:equipos:4399","n":8,"sc":"#636466"},"geometry":{"type":"LineString","coordinates":[[1695.4,1759.1],[1694.8,1759.2],[1694.3,1759.6],[1694.0,1760.2],[1693.9,1760.8],[1694.1,1761.4],[1694.4,1761.9],[1694.9,1762.2],[1695.5,1762.4]]}},{"type":"Feature","properties":{"id":"p:equipos:4400","n":1,"sc":"#636466"},"geometry":{"type":"LineString","coordinates":[[1703.5,1760],[1703.5,1762.4]]}},{"type":"Feature","properties":{"id":"p:equipos:4401","n":1,"sc":"#636466"},"geometry":{"type":"LineString","coordinates":[[1695.8,1759.0],[1699.7,1758.6]]}},{"type":"Feature","properties":{"id":"p:equipos:4402","n":2,"sc":"#636466"},"geometry":{"type":"LineString","coordinates":[[1703.5,1762.4],[1703.5,1763.8],[1703.0,1764.3]]}},{"type":"Feature","properties":{"id":"p:equipos:4403","n":1,"sc":"#636466"},"geometry":{"type":"LineString","coordinates":[[1723.7,1757.1],[1723.7,1757.1]]}},{"type":"Feature","properties":{"id":"p:equipos:4404","n":4,"sc":"#636466"},"geometry":{"type":"LineString","coordinates":[[1702.6,1764.2],[1702.6,1764.2],[1702.7,1764.3],[1702.7,1764.3],[1702.8,1764.3]]}},{"type":"Feature","properties":{"id":"p:equipos:4405","n":8,"sc":"#636466"},"geometry":{"type":"LineString","coordinates":[[1727.6,1763.3],[1728.0,1763.2],[1728.3,1763.0],[1728.6,1762.7],[1728.8,1762.3],[1729.0,1761.9],[1728.9,1761.4],[1728.8,1761.0],[1728.6,1760.6]]}},{"type":"Feature","properties":{"id":"p:equipos:4406","n":1,"sc":"#636466"},"geometry":{"type":"LineString","coordinates":[[1723.7,1761.9],[1723.7,1759.5]]}},{"type":"Feature","properties":{"id":"p:equipos:4407","n":2,"sc":"#636466"},"geometry":{"type":"LineString","coordinates":[[1723.7,1759.5],[1724.2,1758.6],[1724.6,1758.6]]}},{"type":"Feature","properties":{"id":"p:equipos:4408","n":2,"sc":"#636466"},"geometry":{"type":"LineString","coordinates":[[1724.2,1764.3],[1724.2,1763.4],[1723.7,1761.9]]}},{"type":"Feature","properties":{"id":"p:equipos:4409","n":1,"sc":"#636466"},"geometry":{"type":"LineString","coordinates":[[1726.6,1757.1],[1729.0,1760.5]]}},{"type":"Feature","properties":{"id":"p:equipos:4410","n":4,"sc":"#636466"},"geometry":{"type":"LineString","coordinates":[[1724.6,1758.3],[1724.6,1758.3],[1724.5,1758.3],[1724.4,1758.2],[1724.3,1758.2]]}},{"type":"Feature","properties":{"id":"p:equipos:4411","n":1,"sc":"#636466"},"geometry":{"type":"LineString","coordinates":[[1724.2,1764.3],[1724.2,1764.3]]}},{"type":"Feature","properties":{"id":"p:equipos:4412","n":1,"sc":"#636466"},"geometry":{"type":"LineString","coordinates":[[1726.6,1759.5],[1724.6,1758.6]]}},{"type":"Feature","properties":{"id":"p:equipos:4413","n":2,"sc":"#636466"},"geometry":{"type":"LineString","coordinates":[[1719.8,1748.5],[1718.9,1749.0],[1718.4,1749.4]]}},{"type":"Feature","properties":{"id":"p:equipos:4414","n":1,"sc":"#636466"},"geometry":{"type":"LineString","coordinates":[[1718.4,1756.6],[1718.4,1756.6]]}},{"type":"Feature","properties":{"id":"p:equipos:4415","n":1,"sc":"#636466"},"geometry":{"type":"LineString","coordinates":[[1726.1,1763.8],[1724.2,1764.3]]}},{"type":"Feature","properties":{"id":"p:equipos:4416","n":1,"sc":"#636466"},"geometry":{"type":"LineString","coordinates":[[1728.5,1760],[1726.6,1759.5]]}},{"type":"Feature","properties":{"id":"p:equipos:4417","n":4,"sc":"#636466"},"geometry":{"type":"LineString","coordinates":[[1725.9,1757.1],[1725.7,1756.9],[1725.4,1756.8],[1725.2,1756.7],[1724.9,1756.6]]}},{"type":"Feature","properties":{"id":"p:equipos:4418","n":3,"sc":"#636466"},"geometry":{"type":"LineString","coordinates":[[1717.9,1753.8],[1717.9,1754.7],[1717.9,1755.7],[1718.4,1755.7]]}},{"type":"Feature","properties":{"id":"p:equipos:4419","n":1,"sc":"#636466"},"geometry":{"type":"LineString","coordinates":[[1723.7,1756.6],[1723.7,1756.6]]}},{"type":"Feature","properties":{"id":"p:equipos:4420","n":4,"sc":"#636466"},"geometry":{"type":"LineString","coordinates":[[1709.8,1755.8],[1709.8,1755.9],[1709.8,1756.1],[1709.8,1756.3],[1709.8,1756.4]]}},{"type":"Feature","properties":{"id":"p:equipos:4421","n":8,"sc":"#636466"},"geometry":{"type":"LineString","coordinates":[[1709.6,1758.7],[1709.0,1759.8],[1708.8,1761.0],[1708.9,1762.2],[1709.4,1763.4],[1710.1,1764.4],[1711.1,1765.1],[1712.2,1765.6],[1713.4,1765.8]]}},{"type":"Feature","properties":{"id":"p:equipos:4422","n":2,"sc":"#636466"},"geometry":{"type":"LineString","coordinates":[[1721.8,1749.9],[1721.3,1749.0],[1720.3,1748.5]]}},{"type":"Feature","properties":{"id":"p:equipos:4423","n":1,"sc":"#636466"},"geometry":{"type":"LineString","coordinates":[[1722.2,1754.2],[1722.2,1752.3]]}},{"type":"Feature","properties":{"id":"p:equipos:4424","n":1,"sc":"#636466"},"geometry":{"type":"LineString","coordinates":[[1722.2,1754.2],[1721.8,1754.2]]}},{"type":"Feature","properties":{"id":"p:equipos:4425","n":1,"sc":"#636466"},"geometry":{"type":"LineString","coordinates":[[1722.2,1754.2],[1722.2,1754.2]]}},{"type":"Feature","properties":{"id":"p:equipos:4426","n":1,"sc":"#636466"},"geometry":{"type":"LineString","coordinates":[[1720.3,1761.9],[1720.3,1761.9]]}},{"type":"Feature","properties":{"id":"p:equipos:4427","n":1,"sc":"#636466"},"geometry":{"type":"LineString","coordinates":[[1719.8,1761.9],[1719.8,1761.9]]}},{"type":"Feature","properties":{"id":"p:equipos:4428","n":2,"sc":"#636466"},"geometry":{"type":"LineString","coordinates":[[1705.0,1751.4],[1705.9,1750.9],[1706.9,1750.9]]}},{"type":"Feature","properties":{"id":"p:equipos:4429","n":1,"sc":"#636466"},"geometry":{"type":"LineString","coordinates":[[1710.2,1753.8],[1710.7,1754.2]]}},{"type":"Feature","properties":{"id":"p:equipos:4430","n":2,"sc":"#636466"},"geometry":{"type":"LineString","coordinates":[[1704.5,1753.3],[1704,1752.3],[1704.5,1751.4]]}},{"type":"Feature","properties":{"id":"p:equipos:4431","n":1,"sc":"#636466"},"geometry":{"type":"LineString","coordinates":[[1706.4,1756.2],[1705.9,1755.7]]}},{"type":"Feature","properties":{"id":"p:equipos:4432","n":1,"sc":"#636466"},"geometry":{"type":"LineString","coordinates":[[1722.7,1754.7],[1722.2,1754.7]]}},{"type":"Feature","properties":{"id":"p:equipos:4433","n":1,"sc":"#636466"},"geometry":{"type":"LineString","coordinates":[[1722.2,1754.7],[1722.2,1754.7]]}},{"type":"Feature","properties":{"id":"p:equipos:4434","n":4,"sc":"#636466"},"geometry":{"type":"LineString","coordinates":[[1724.9,1755.9],[1724.9,1755.9],[1724.9,1755.8],[1724.8,1755.8],[1724.8,1755.8]]}},{"type":"Feature","properties":{"id":"p:equipos:4435","n":1,"sc":"#636466"},"geometry":{"type":"LineString","coordinates":[[1728,1763.4],[1726.1,1763.8]]}},{"type":"Feature","properties":{"id":"p:equipos:4436","n":1,"sc":"#636466"},"geometry":{"type":"LineString","coordinates":[[1722.7,1754.7],[1722.7,1754.7]]}},{"type":"Feature","properties":{"id":"p:equipos:4437","n":2,"sc":"#636466"},"geometry":{"type":"LineString","coordinates":[[1719.8,1754.7],[1719.8,1754.2],[1719.8,1753.8]]}},{"type":"Feature","properties":{"id":"p:equipos:4438","n":2,"sc":"#636466"},"geometry":{"type":"LineString","coordinates":[[1720.8,1755.2],[1720.3,1755.2],[1720.3,1754.7]]}},{"type":"Feature","properties":{"id":"p:equipos:4439","n":1,"sc":"#636466"},"geometry":{"type":"LineString","coordinates":[[1719.8,1753.8],[1719.8,1754.2]]}},{"type":"Feature","properties":{"id":"p:equipos:4440","n":1,"sc":"#636466"},"geometry":{"type":"LineString","coordinates":[[1719.8,1754.2],[1719.8,1754.7]]}},{"type":"Feature","properties":{"id":"p:equipos:4441","n":1,"sc":"#636466"},"geometry":{"type":"LineString","coordinates":[[1721.8,1755.7],[1721.8,1755.7]]}},{"type":"Feature","properties":{"id":"p:equipos:4442","n":1,"sc":"#636466"},"geometry":{"type":"LineString","coordinates":[[1722.7,1754.7],[1722.7,1754.7]]}},{"type":"Feature","properties":{"id":"p:equipos:4443","n":1,"sc":"#636466"},"geometry":{"type":"LineString","coordinates":[[1722.2,1754.7],[1722.7,1754.7]]}},{"type":"Feature","properties":{"id":"p:equipos:4444","n":4,"sc":"#636466"},"geometry":{"type":"LineString","coordinates":[[1723.2,1756.6],[1723.2,1756.6],[1723.2,1756.6],[1723.2,1756.6],[1723.2,1756.6]]}},{"type":"Feature","properties":{"id":"p:equipos:4445","n":1,"sc":"#636466"},"geometry":{"type":"LineString","coordinates":[[1720.3,1754.7],[1720.8,1755.2]]}},{"type":"Feature","properties":{"id":"p:equipos:4446","n":1,"sc":"#636466"},"geometry":{"type":"LineString","coordinates":[[1725.1,1756.2],[1725.1,1756.2]]}},{"type":"Feature","properties":{"id":"p:equipos:4447","n":1,"sc":"#636466"},"geometry":{"type":"LineString","coordinates":[[1724.2,1756.2],[1724.2,1756.2]]}},{"type":"Feature","properties":{"id":"p:equipos:4448","n":3,"sc":"#636466"},"geometry":{"type":"LineString","coordinates":[[1720.3,1754.7],[1719.8,1754.2],[1720.3,1753.8],[1720.8,1753.8]]}},{"type":"Feature","properties":{"id":"p:equipos:4449","n":1,"sc":"#636466"},"geometry":{"type":"LineString","coordinates":[[1723.2,1756.6],[1723.2,1756.2]]}},{"type":"Feature","properties":{"id":"p:equipos:4450","n":1,"sc":"#636466"},"geometry":{"type":"LineString","coordinates":[[1723.2,1756.6],[1723.2,1756.6]]}},{"type":"Feature","properties":{"id":"p:equipos:4451","n":1,"sc":"#636466"},"geometry":{"type":"LineString","coordinates":[[1723.2,1756.6],[1723.2,1756.6]]}},{"type":"Feature","properties":{"id":"p:equipos:4452","n":1,"sc":"#636466"},"geometry":{"type":"LineString","coordinates":[[1723.2,1756.2],[1723.2,1756.6]]}},{"type":"Feature","properties":{"id":"p:equipos:4453","n":4,"sc":"#636466"},"geometry":{"type":"LineString","coordinates":[[1702.4,1758.1],[1702.4,1758.1],[1702.3,1758.1],[1702.2,1758.1],[1702.2,1758.1]]}},{"type":"Feature","properties":{"id":"p:equipos:4454","n":1,"sc":"#636466"},"geometry":{"type":"LineString","coordinates":[[1709.3,1755.7],[1709.3,1756.2]]}},{"type":"Feature","properties":{"id":"p:equipos:4455","n":1,"sc":"#636466"},"geometry":{"type":"LineString","coordinates":[[1720.8,1753.8],[1719.8,1754.7]]}},{"type":"Feature","properties":{"id":"p:equipos:4456","n":2,"sc":"#636466"},"geometry":{"type":"LineString","coordinates":[[1723.2,1756.2],[1723.7,1755.7],[1723.2,1755.2]]}},{"type":"Feature","properties":{"id":"p:equipos:4457","n":2,"sc":"#636466"},"geometry":{"type":"LineString","coordinates":[[1723.7,1757.1],[1724.2,1756.2],[1725.1,1756.2]]}},{"type":"Feature","properties":{"id":"p:equipos:4458","n":1,"sc":"#636466"},"geometry":{"type":"LineString","coordinates":[[1723.7,1757.1],[1723.7,1757.1]]}},{"type":"Feature","properties":{"id":"p:equipos:4459","n":1,"sc":"#636466"},"geometry":{"type":"LineString","coordinates":[[1708.8,1756.6],[1708.8,1756.6]]}},{"type":"Feature","properties":{"id":"p:equipos:4460","n":1,"sc":"#636466"},"geometry":{"type":"LineString","coordinates":[[1724.6,1757.1],[1725.1,1756.6]]}},{"type":"Feature","properties":{"id":"p:equipos:4461","n":1,"sc":"#636466"},"geometry":{"type":"LineString","coordinates":[[1708.3,1755.7],[1708.8,1756.2]]}},{"type":"Feature","properties":{"id":"p:equipos:4462","n":1,"sc":"#636466"},"geometry":{"type":"LineString","coordinates":[[1722.7,1754.7],[1725.1,1756.2]]}},{"type":"Feature","properties":{"id":"p:equipos:4463","n":8,"sc":"#636466"},"geometry":{"type":"LineString","coordinates":[[1713.4,1765.8],[1714.7,1765.6],[1715.8,1765.1],[1716.7,1764.3],[1717.4,1763.3],[1717.8,1762.1],[1717.9,1760.9],[1717.7,1759.7],[1717.1,1758.6]]}},{"type":"Feature","properties":{"id":"p:equipos:4464","n":1,"sc":"#636466"},"geometry":{"type":"LineString","coordinates":[[1724.6,1757.1],[1724.2,1757.6]]}},{"type":"Feature","properties":{"id":"p:equipos:4465","n":4,"sc":"#636466"},"geometry":{"type":"LineString","coordinates":[[1718.1,1749.4],[1718.0,1749.5],[1718.0,1749.7],[1717.9,1749.9],[1717.9,1750.0]]}},{"type":"Feature","properties":{"id":"p:equipos:4466","n":1,"sc":"#636466"},"geometry":{"type":"LineString","coordinates":[[1713.6,1752.8],[1713.6,1752.8]]}},{"type":"Feature","properties":{"id":"p:equipos:4467","n":1,"sc":"#636466"},"geometry":{"type":"LineString","coordinates":[[1717.9,1750.4],[1717.9,1752.3]]}},{"type":"Feature","properties":{"id":"p:equipos:4468","n":1,"sc":"#636466"},"geometry":{"type":"LineString","coordinates":[[1717.9,1752.3],[1717.9,1753.8]]}},{"type":"Feature","properties":{"id":"p:equipos:4469","n":1,"sc":"#636466"},"geometry":{"type":"LineString","coordinates":[[1720.3,1748.5],[1719.8,1748.5]]}},{"type":"Feature","properties":{"id":"p:equipos:4470","n":4,"sc":"#636466"},"geometry":{"type":"LineString","coordinates":[[1721.8,1750.1],[1721.7,1749.9],[1721.7,1749.8],[1721.7,1749.7],[1721.7,1749.6]]}},{"type":"Feature","properties":{"id":"p:equipos:4471","n":1,"sc":"#636466"},"geometry":{"type":"LineString","coordinates":[[1722.2,1752.3],[1722.2,1750.4]]}},{"type":"Feature","properties":{"id":"p:equipos:4472","n":1,"sc":"#636466"},"geometry":{"type":"LineString","coordinates":[[1720.3,1761.9],[1720.3,1761.9]]}},{"type":"Feature","properties":{"id":"p:equipos:4473","n":1,"sc":"#636466"},"geometry":{"type":"LineString","coordinates":[[1703.0,1758.1],[1702.6,1758.1]]}},{"type":"Feature","properties":{"id":"p:equipos:4474","n":1,"sc":"#636466"},"geometry":{"type":"LineString","coordinates":[[1703.5,1758.1],[1703.5,1758.1]]}},{"type":"Feature","properties":{"id":"p:equipos:4475","n":1,"sc":"#636466"},"geometry":{"type":"LineString","coordinates":[[1719.4,1761.9],[1719.4,1761.9]]}},{"type":"Feature","properties":{"id":"p:equipos:4476","n":1,"sc":"#636466"},"geometry":{"type":"LineString","coordinates":[[1722.2,1754.2],[1722.2,1754.2]]}},{"type":"Feature","properties":{"id":"p:equipos:4477","n":1,"sc":"#636466"},"geometry":{"type":"LineString","coordinates":[[1707.4,1751.4],[1708.8,1752.8]]}},{"type":"Feature","properties":{"id":"p:equipos:4478","n":1,"sc":"#636466"},"geometry":{"type":"LineString","coordinates":[[1708.8,1752.8],[1710.2,1753.8]]}},{"type":"Feature","properties":{"id":"p:equipos:4479","n":1,"sc":"#636466"},"geometry":{"type":"LineString","coordinates":[[1704.5,1751.4],[1705.0,1751.4]]}},{"type":"Feature","properties":{"id":"p:equipos:4480","n":1,"sc":"#636466"},"geometry":{"type":"LineString","coordinates":[[1705.9,1755.7],[1704.5,1753.8]]}},{"type":"Feature","properties":{"id":"p:equipos:4481","n":4,"sc":"#636466"},"geometry":{"type":"LineString","coordinates":[[1707.4,1750.9],[1707.2,1750.8],[1707.1,1750.7],[1706.9,1750.6],[1706.8,1750.5]]}},{"type":"Feature","properties":{"id":"p:equipos:4482","n":1,"sc":"#636466"},"geometry":{"type":"LineString","coordinates":[[1709.3,1755.7],[1709.3,1756.2]]}},{"type":"Feature","properties":{"id":"p:equipos:4483","n":4,"sc":"#636466"},"geometry":{"type":"LineString","coordinates":[[1704.1,1753.2],[1704.2,1753.3],[1704.2,1753.4],[1704.3,1753.5],[1704.3,1753.6]]}},{"type":"Feature","properties":{"id":"p:equipos:4484","n":1,"sc":"#636466"},"geometry":{"type":"LineString","coordinates":[[1709.3,1759.5],[1709.3,1759.5]]}},{"type":"Feature","properties":{"id":"p:equipos:4485","n":1,"sc":"#636466"},"geometry":{"type":"LineString","coordinates":[[1725.1,1756.6],[1725.1,1756.6]]}},{"type":"Feature","properties":{"id":"p:equipos:4486","n":1,"sc":"#636466"},"geometry":{"type":"LineString","coordinates":[[1725.1,1756.2],[1722.7,1754.7]]}},{"type":"Feature","properties":{"id":"p:equipos:4487","n":1,"sc":"#636466"},"geometry":{"type":"LineString","coordinates":[[1708.8,1756.6],[1708.8,1756.6]]}},{"type":"Feature","properties":{"id":"p:equipos:4488","n":1,"sc":"#636466"},"geometry":{"type":"LineString","coordinates":[[1708.3,1755.7],[1708.3,1756.2]]}},{"type":"Feature","properties":{"id":"p:equipos:4489","n":2,"sc":"#636466"},"geometry":{"type":"LineString","coordinates":[[1710.2,1756.2],[1711.2,1753.8],[1713.6,1752.8]]}},{"type":"Feature","properties":{"id":"p:equipos:4490","n":4,"sc":"#636466"},"geometry":{"type":"LineString","coordinates":[[1717.4,1756.6],[1717.0,1755.2],[1716,1753.8],[1715.0,1753.3],[1713.6,1752.8]]}},{"type":"Feature","properties":{"id":"p:equipos:4491","n":4,"sc":"#636466"},"geometry":{"type":"LineString","coordinates":[[1713.6,1752.8],[1712.2,1753.3],[1711.2,1754.2],[1710.2,1755.2],[1709.8,1756.6]]}},{"type":"Feature","properties":{"id":"p:equipos:4492","n":4,"sc":"#636466"},"geometry":{"type":"LineString","coordinates":[[1717.4,1759.0],[1716,1757.6],[1713.6,1757.1],[1711.7,1757.6],[1709.8,1759.0]]}},{"type":"Feature","properties":{"id":"p:equipos:4493","n":1,"sc":"#636466"},"geometry":{"type":"LineString","coordinates":[[1717.4,1756.6],[1717.4,1759.0]]}},{"type":"Feature","properties":{"id":"p:equipos:4494","n":1,"sc":"#636466"},"geometry":{"type":"LineString","coordinates":[[1709.8,1756.6],[1709.8,1759.0]]}},{"type":"Feature","properties":{"id":"p:equipos:4495","n":4,"sc":"#636466"},"geometry":{"type":"LineString","coordinates":[[1727.9,1698.0],[1728.0,1697.9],[1728.2,1697.8],[1728.3,1697.8],[1728.4,1697.7]]}},{"type":"Feature","properties":{"id":"p:equipos:4496","n":2,"sc":"#636466"},"geometry":{"type":"LineString","coordinates":[[1719.8,1702.9],[1721.8,1702.4],[1723.2,1701.4]]}},{"type":"Feature","properties":{"id":"p:equipos:4497","n":1,"sc":"#636466"},"geometry":{"type":"LineString","coordinates":[[1702.6,1700],[1703.5,1701.4]]}},{"type":"Feature","properties":{"id":"p:equipos:4498","n":2,"sc":"#636466"},"geometry":{"type":"LineString","coordinates":[[1706.4,1692.8],[1704.5,1693.3],[1703.0,1694.2]]}},{"type":"Feature","properties":{"id":"p:equipos:4499","n":1,"sc":"#636466"},"geometry":{"type":"LineString","coordinates":[[1709.8,1692.8],[1706.4,1692.8]]}},{"type":"Feature","properties":{"id":"p:equipos:4500","n":1,"sc":"#636466"},"geometry":{"type":"LineString","coordinates":[[1718.4,1698.6],[1718.4,1698.6]]}},{"type":"Feature","properties":{"id":"p:equipos:4501","n":1,"sc":"#636466"},"geometry":{"type":"LineString","coordinates":[[1717.0,1702.9],[1719.8,1702.9]]}},{"type":"Feature","properties":{"id":"p:equipos:4502","n":1,"sc":"#636466"},"geometry":{"type":"LineString","coordinates":[[1706.9,1702.9],[1709.8,1702.9]]}},{"type":"Feature","properties":{"id":"p:equipos:4503","n":1,"sc":"#636466"},"geometry":{"type":"LineString","coordinates":[[1717.4,1692.8],[1709.8,1692.8]]}},{"type":"Feature","properties":{"id":"p:equipos:4504","n":1,"sc":"#636466"},"geometry":{"type":"LineString","coordinates":[[1720.8,1692.8],[1717.4,1692.8]]}},{"type":"Feature","properties":{"id":"p:equipos:4505","n":2,"sc":"#636466"},"geometry":{"type":"LineString","coordinates":[[1703.5,1701.4],[1705.0,1702.4],[1706.9,1702.9]]}},{"type":"Feature","properties":{"id":"p:equipos:4506","n":1,"sc":"#636466"},"geometry":{"type":"LineString","coordinates":[[1723.2,1701.4],[1724.2,1700]]}},{"type":"Feature","properties":{"id":"p:equipos:4507","n":2,"sc":"#636466"},"geometry":{"type":"LineString","coordinates":[[1724.2,1694.2],[1722.7,1693.3],[1720.8,1692.8]]}},{"type":"Feature","properties":{"id":"p:equipos:4508","n":1,"sc":"#636466"},"geometry":{"type":"LineString","coordinates":[[1725.1,1701.9],[1725.1,1701.9]]}},{"type":"Feature","properties":{"id":"p:equipos:4509","n":2,"sc":"#636466"},"geometry":{"type":"LineString","coordinates":[[1719.8,1704.8],[1721.3,1704.8],[1722.2,1703.8]]}},{"type":"Feature","properties":{"id":"p:equipos:4510","n":1,"sc":"#636466"},"geometry":{"type":"LineString","coordinates":[[1722.2,1703.8],[1723.2,1703.4]]}},{"type":"Feature","properties":{"id":"p:equipos:4511","n":1,"sc":"#636466"},"geometry":{"type":"LineString","coordinates":[[1722.2,1703.8],[1722.2,1703.8]]}},{"type":"Feature","properties":{"id":"p:equipos:4512","n":1,"sc":"#636466"},"geometry":{"type":"LineString","coordinates":[[1722.2,1703.8],[1722.2,1703.8]]}},{"type":"Feature","properties":{"id":"p:equipos:4513","n":1,"sc":"#636466"},"geometry":{"type":"LineString","coordinates":[[1720.8,1703.4],[1720.8,1703.4]]}},{"type":"Feature","properties":{"id":"p:equipos:4514","n":1,"sc":"#636466"},"geometry":{"type":"LineString","coordinates":[[1723.2,1703.4],[1724.2,1702.9]]}},{"type":"Feature","properties":{"id":"p:equipos:4515","n":1,"sc":"#636466"},"geometry":{"type":"LineString","coordinates":[[1724.6,1702.4],[1725.1,1701.9]]}},{"type":"Feature","properties":{"id":"p:equipos:4516","n":1,"sc":"#636466"},"geometry":{"type":"LineString","coordinates":[[1724.6,1702.4],[1724.6,1702.4]]}},{"type":"Feature","properties":{"id":"p:equipos:4517","n":1,"sc":"#636466"},"geometry":{"type":"LineString","coordinates":[[1722.7,1701.9],[1722.7,1701.9]]}},{"type":"Feature","properties":{"id":"p:equipos:4518","n":1,"sc":"#636466"},"geometry":{"type":"LineString","coordinates":[[1720.3,1704.8],[1723.2,1703.4]]}},{"type":"Feature","properties":{"id":"p:equipos:4519","n":1,"sc":"#636466"},"geometry":{"type":"LineString","coordinates":[[1721.8,1702.4],[1719.8,1703.8]]}},{"type":"Feature","properties":{"id":"p:equipos:4520","n":4,"sc":"#636466"},"geometry":{"type":"LineString","coordinates":[[1717.6,1698.8],[1717.6,1698.8],[1717.6,1698.8],[1717.6,1698.8],[1717.6,1698.8]]}},{"type":"Feature","properties":{"id":"p:equipos:4521","n":4,"sc":"#636466"},"geometry":{"type":"LineString","coordinates":[[1724.2,1701.2],[1724.6,1701.4],[1725.1,1701.4],[1725.5,1701.3],[1725.8,1701.0]]}},{"type":"Feature","properties":{"id":"p:equipos:4522","n":1,"sc":"#636466"},"geometry":{"type":"LineString","coordinates":[[1724.6,1702.4],[1725.1,1701.9]]}},{"type":"Feature","properties":{"id":"p:equipos:4523","n":1,"sc":"#636466"},"geometry":{"type":"LineString","coordinates":[[1703.0,1701.0],[1703.0,1701.0]]}},{"type":"Feature","properties":{"id":"p:equipos:4524","n":1,"sc":"#636466"},"geometry":{"type":"LineString","coordinates":[[1702.6,1700.5],[1703.0,1701.0]]}},{"type":"Feature","properties":{"id":"p:equipos:4525","n":4,"sc":"#636466"},"geometry":{"type":"LineString","coordinates":[[1722.3,1703.8],[1722.4,1703.7],[1722.4,1703.7],[1722.4,1703.7],[1722.4,1703.7]]}},{"type":"Feature","properties":{"id":"p:equipos:4526","n":2,"sc":"#636466"},"geometry":{"type":"LineString","coordinates":[[1706.4,1702.9],[1707.8,1703.4],[1708.8,1702.9]]}},{"type":"Feature","properties":{"id":"p:equipos:4527","n":1,"sc":"#636466"},"geometry":{"type":"LineString","coordinates":[[1702.6,1700.5],[1703.5,1701.0]]}},{"type":"Feature","properties":{"id":"p:equipos:4528","n":1,"sc":"#636466"},"geometry":{"type":"LineString","coordinates":[[1719.8,1704.3],[1719.8,1704.3]]}},{"type":"Feature","properties":{"id":"p:equipos:4529","n":1,"sc":"#636466"},"geometry":{"type":"LineString","coordinates":[[1707.4,1702.9],[1707.8,1702.9]]}},{"type":"Feature","properties":{"id":"p:equipos:4530","n":1,"sc":"#636466"},"geometry":{"type":"LineString","coordinates":[[1709.3,1701.4],[1709.3,1701.4]]}},{"type":"Feature","properties":{"id":"p:equipos:4531","n":1,"sc":"#636466"},"geometry":{"type":"LineString","coordinates":[[1703.5,1701.4],[1703.5,1701.4]]}},{"type":"Feature","properties":{"id":"p:equipos:4532","n":1,"sc":"#636466"},"geometry":{"type":"LineString","coordinates":[[1702.6,1700],[1702.6,1700]]}},{"type":"Feature","properties":{"id":"p:equipos:4533","n":1,"sc":"#636466"},"geometry":{"type":"LineString","coordinates":[[1717.4,1701.4],[1717.4,1701.4]]}},{"type":"Feature","properties":{"id":"p:equipos:4534","n":1,"sc":"#636466"},"geometry":{"type":"LineString","coordinates":[[1720.3,1703.8],[1720.3,1703.8]]}},{"type":"Feature","properties":{"id":"p:equipos:4535","n":1,"sc":"#636466"},"geometry":{"type":"LineString","coordinates":[[1718.4,1702.4],[1718.4,1702.4]]}},{"type":"Feature","properties":{"id":"p:equipos:4536","n":1,"sc":"#636466"},"geometry":{"type":"LineString","coordinates":[[1695.4,1700],[1695.4,1700]]}},{"type":"Feature","properties":{"id":"p:equipos:4537","n":1,"sc":"#636466"},"geometry":{"type":"LineString","coordinates":[[1702.1,1700.5],[1695.4,1700]]}},{"type":"Feature","properties":{"id":"p:equipos:4538","n":4,"sc":"#636466"},"geometry":{"type":"LineString","coordinates":[[1719.6,1702.4],[1720.0,1702.4],[1720.3,1702.4],[1720.7,1702.3],[1721.1,1702.2]]}},{"type":"Feature","properties":{"id":"p:equipos:4539","n":4,"sc":"#636466"},"geometry":{"type":"LineString","coordinates":[[1695.4,1696.2],[1694.4,1697.1],[1694.4,1698.1],[1694.4,1699.5],[1695.4,1700]]}},{"type":"Feature","properties":{"id":"p:equipos:4540","n":1,"sc":"#636466"},"geometry":{"type":"LineString","coordinates":[[1699.2,1695.2],[1702.6,1694.2]]}},{"type":"Feature","properties":{"id":"p:equipos:4541","n":1,"sc":"#636466"},"geometry":{"type":"LineString","coordinates":[[1702.6,1700],[1703.0,1699.0]]}},{"type":"Feature","properties":{"id":"p:equipos:4542","n":1,"sc":"#636466"},"geometry":{"type":"LineString","coordinates":[[1699.7,1700],[1702.6,1700]]}},{"type":"Feature","properties":{"id":"p:equipos:4543","n":1,"sc":"#636466"},"geometry":{"type":"LineString","coordinates":[[1695.4,1696.2],[1699.2,1695.2]]}},{"type":"Feature","properties":{"id":"p:equipos:4544","n":8,"sc":"#636466"},"geometry":{"type":"LineString","coordinates":[[1695.0,1696.2],[1694.4,1696.3],[1693.9,1696.7],[1693.6,1697.2],[1693.4,1697.8],[1693.5,1698.4],[1693.9,1698.9],[1694.3,1699.3],[1694.9,1699.5]]}},{"type":"Feature","properties":{"id":"p:equipos:4545","n":1,"sc":"#636466"},"geometry":{"type":"LineString","coordinates":[[1703.0,1699.0],[1703.5,1696.2]]}},{"type":"Feature","properties":{"id":"p:equipos:4546","n":1,"sc":"#636466"},"geometry":{"type":"LineString","coordinates":[[1695.4,1700],[1699.7,1700]]}},{"type":"Feature","properties":{"id":"p:equipos:4547","n":2,"sc":"#636466"},"geometry":{"type":"LineString","coordinates":[[1703.5,1696.2],[1703.0,1694.7],[1703.0,1694.2]]}},{"type":"Feature","properties":{"id":"p:equipos:4548","n":1,"sc":"#636466"},"geometry":{"type":"LineString","coordinates":[[1723.2,1701.4],[1723.2,1701.4]]}},{"type":"Feature","properties":{"id":"p:equipos:4549","n":4,"sc":"#636466"},"geometry":{"type":"LineString","coordinates":[[1702.7,1693.8],[1702.7,1693.8],[1702.6,1693.8],[1702.6,1693.8],[1702.5,1693.9]]}},{"type":"Feature","properties":{"id":"p:equipos:4550","n":8,"sc":"#636466"},"geometry":{"type":"LineString","coordinates":[[1728.6,1697.4],[1728.8,1697.1],[1728.9,1696.6],[1728.9,1696.2],[1728.8,1695.8],[1728.6,1695.4],[1728.3,1695.1],[1728.0,1694.9],[1727.5,1694.7]]}},{"type":"Feature","properties":{"id":"p:equipos:4551","n":1,"sc":"#636466"},"geometry":{"type":"LineString","coordinates":[[1723.2,1696.6],[1723.7,1699.0]]}},{"type":"Feature","properties":{"id":"p:equipos:4552","n":1,"sc":"#636466"},"geometry":{"type":"LineString","coordinates":[[1723.7,1699.0],[1724.2,1700]]}},{"type":"Feature","properties":{"id":"p:equipos:4553","n":2,"sc":"#636466"},"geometry":{"type":"LineString","coordinates":[[1724.2,1694.2],[1723.7,1695.2],[1723.2,1696.6]]}},{"type":"Feature","properties":{"id":"p:equipos:4554","n":1,"sc":"#636466"},"geometry":{"type":"LineString","coordinates":[[1726.1,1701.4],[1729.0,1698.1]]}},{"type":"Feature","properties":{"id":"p:equipos:4555","n":4,"sc":"#636466"},"geometry":{"type":"LineString","coordinates":[[1723.9,1699.9],[1724.0,1699.8],[1724.0,1699.8],[1724.1,1699.8],[1724.2,1699.7]]}},{"type":"Feature","properties":{"id":"p:equipos:4556","n":1,"sc":"#636466"},"geometry":{"type":"LineString","coordinates":[[1724.2,1694.2],[1724.2,1694.2]]}},{"type":"Feature","properties":{"id":"p:equipos:4557","n":1,"sc":"#636466"},"geometry":{"type":"LineString","coordinates":[[1726.1,1699.5],[1724.6,1700]]}},{"type":"Feature","properties":{"id":"p:equipos:4558","n":2,"sc":"#636466"},"geometry":{"type":"LineString","coordinates":[[1719.8,1710.1],[1718.9,1710.1],[1717.9,1709.1]]}},{"type":"Feature","properties":{"id":"p:equipos:4559","n":1,"sc":"#636466"},"geometry":{"type":"LineString","coordinates":[[1717.9,1702.4],[1717.9,1702.4]]}},{"type":"Feature","properties":{"id":"p:equipos:4560","n":1,"sc":"#636466"},"geometry":{"type":"LineString","coordinates":[[1725.6,1694.7],[1724.2,1694.2]]}},{"type":"Feature","properties":{"id":"p:equipos:4561","n":1,"sc":"#636466"},"geometry":{"type":"LineString","coordinates":[[1728,1698.6],[1726.1,1699.5]]}},{"type":"Feature","properties":{"id":"p:equipos:4562","n":4,"sc":"#636466"},"geometry":{"type":"LineString","coordinates":[[1724.9,1701.4],[1725.2,1701.4],[1725.5,1701.3],[1725.7,1701.1],[1725.9,1700.9]]}},{"type":"Feature","properties":{"id":"p:equipos:4563","n":2,"sc":"#636466"},"geometry":{"type":"LineString","coordinates":[[1717.4,1704.8],[1717.4,1703.8],[1717.9,1702.9]]}},{"type":"Feature","properties":{"id":"p:equipos:4564","n":1,"sc":"#636466"},"geometry":{"type":"LineString","coordinates":[[1723.2,1701.9],[1723.2,1701.9]]}},{"type":"Feature","properties":{"id":"p:equipos:4565","n":4,"sc":"#636466"},"geometry":{"type":"LineString","coordinates":[[1709.8,1701.7],[1709.8,1701.8],[1709.8,1702.0],[1709.8,1702.2],[1709.8,1702.3]]}},{"type":"Feature","properties":{"id":"p:equipos:4566","n":8,"sc":"#636466"},"geometry":{"type":"LineString","coordinates":[[1713.4,1692.3],[1712.1,1692.5],[1711.0,1693.0],[1710.1,1693.7],[1709.3,1694.7],[1708.9,1695.9],[1708.8,1697.1],[1709.0,1698.3],[1709.6,1699.5]]}},{"type":"Feature","properties":{"id":"p:equipos:4567","n":2,"sc":"#636466"},"geometry":{"type":"LineString","coordinates":[[1721.8,1708.6],[1721.3,1709.6],[1720.3,1710.1]]}},{"type":"Feature","properties":{"id":"p:equipos:4568","n":1,"sc":"#636466"},"geometry":{"type":"LineString","coordinates":[[1722.2,1704.3],[1721.8,1706.2]]}},{"type":"Feature","properties":{"id":"p:equipos:4569","n":1,"sc":"#636466"},"geometry":{"type":"LineString","coordinates":[[1722.2,1704.3],[1721.8,1704.8]]}},{"type":"Feature","properties":{"id":"p:equipos:4570","n":1,"sc":"#636466"},"geometry":{"type":"LineString","coordinates":[[1722.2,1704.3],[1722.2,1704.3]]}},{"type":"Feature","properties":{"id":"p:equipos:4571","n":1,"sc":"#636466"},"geometry":{"type":"LineString","coordinates":[[1720.3,1696.6],[1720.3,1696.6]]}},{"type":"Feature","properties":{"id":"p:equipos:4572","n":1,"sc":"#636466"},"geometry":{"type":"LineString","coordinates":[[1719.4,1696.6],[1719.4,1696.6]]}},{"type":"Feature","properties":{"id":"p:equipos:4573","n":2,"sc":"#636466"},"geometry":{"type":"LineString","coordinates":[[1705.0,1707.7],[1705.4,1708.2],[1706.9,1708.2]]}},{"type":"Feature","properties":{"id":"p:equipos:4574","n":1,"sc":"#636466"},"geometry":{"type":"LineString","coordinates":[[1709.8,1704.8],[1710.2,1704.3]]}},{"type":"Feature","properties":{"id":"p:equipos:4575","n":2,"sc":"#636466"},"geometry":{"type":"LineString","coordinates":[[1704,1705.3],[1704,1706.2],[1704.5,1707.2]]}},{"type":"Feature","properties":{"id":"p:equipos:4576","n":1,"sc":"#636466"},"geometry":{"type":"LineString","coordinates":[[1705.9,1702.9],[1705.4,1703.4]]}},{"type":"Feature","properties":{"id":"p:equipos:4577","n":1,"sc":"#636466"},"geometry":{"type":"LineString","coordinates":[[1722.2,1703.8],[1722.2,1703.8]]}},{"type":"Feature","properties":{"id":"p:equipos:4578","n":1,"sc":"#636466"},"geometry":{"type":"LineString","coordinates":[[1722.2,1703.8],[1721.8,1703.8]]}},{"type":"Feature","properties":{"id":"p:equipos:4579","n":4,"sc":"#636466"},"geometry":{"type":"LineString","coordinates":[[1724.3,1702.3],[1724.4,1702.2],[1724.4,1702.2],[1724.4,1702.2],[1724.4,1702.2]]}},{"type":"Feature","properties":{"id":"p:equipos:4580","n":1,"sc":"#636466"},"geometry":{"type":"LineString","coordinates":[[1727.5,1695.2],[1725.6,1694.7]]}},{"type":"Feature","properties":{"id":"p:equipos:4581","n":1,"sc":"#636466"},"geometry":{"type":"LineString","coordinates":[[1722.2,1703.8],[1722.2,1703.8]]}},{"type":"Feature","properties":{"id":"p:equipos:4582","n":3,"sc":"#636466"},"geometry":{"type":"LineString","coordinates":[[1719.8,1704.3],[1719.4,1704.3],[1719.4,1704.8],[1719.8,1704.8]]}},{"type":"Feature","properties":{"id":"p:equipos:4583","n":2,"sc":"#636466"},"geometry":{"type":"LineString","coordinates":[[1720.8,1703.4],[1720.3,1703.4],[1720.3,1703.8]]}},{"type":"Feature","properties":{"id":"p:equipos:4584","n":1,"sc":"#636466"},"geometry":{"type":"LineString","coordinates":[[1719.8,1704.8],[1719.4,1704.8]]}},{"type":"Feature","properties":{"id":"p:equipos:4585","n":1,"sc":"#636466"},"geometry":{"type":"LineString","coordinates":[[1719.4,1704.3],[1719.8,1704.3]]}},{"type":"Feature","properties":{"id":"p:equipos:4586","n":1,"sc":"#636466"},"geometry":{"type":"LineString","coordinates":[[1721.3,1702.9],[1721.3,1702.9]]}},{"type":"Feature","properties":{"id":"p:equipos:4587","n":1,"sc":"#636466"},"geometry":{"type":"LineString","coordinates":[[1722.2,1703.8],[1722.2,1703.8]]}},{"type":"Feature","properties":{"id":"p:equipos:4588","n":1,"sc":"#636466"},"geometry":{"type":"LineString","coordinates":[[1721.8,1703.8],[1722.2,1703.8]]}},{"type":"Feature","properties":{"id":"p:equipos:4589","n":4,"sc":"#636466"},"geometry":{"type":"LineString","coordinates":[[1723.2,1701.5],[1723.2,1701.5],[1723.2,1701.5],[1723.2,1701.5],[1723.2,1701.5]]}},{"type":"Feature","properties":{"id":"p:equipos:4590","n":1,"sc":"#636466"},"geometry":{"type":"LineString","coordinates":[[1720.3,1703.8],[1720.8,1703.4]]}},{"type":"Feature","properties":{"id":"p:equipos:4591","n":1,"sc":"#636466"},"geometry":{"type":"LineString","coordinates":[[1724.6,1702.4],[1724.6,1702.4]]}},{"type":"Feature","properties":{"id":"p:equipos:4592","n":1,"sc":"#636466"},"geometry":{"type":"LineString","coordinates":[[1724.2,1702.4],[1724.2,1702.4]]}},{"type":"Feature","properties":{"id":"p:equipos:4593","n":3,"sc":"#636466"},"geometry":{"type":"LineString","coordinates":[[1719.8,1703.8],[1719.8,1704.3],[1719.8,1704.8],[1720.3,1704.8]]}},{"type":"Feature","properties":{"id":"p:equipos:4594","n":1,"sc":"#636466"},"geometry":{"type":"LineString","coordinates":[[1722.7,1701.9],[1723.2,1702.4]]}},{"type":"Feature","properties":{"id":"p:equipos:4595","n":1,"sc":"#636466"},"geometry":{"type":"LineString","coordinates":[[1722.7,1701.9],[1722.7,1701.9]]}},{"type":"Feature","properties":{"id":"p:equipos:4596","n":1,"sc":"#636466"},"geometry":{"type":"LineString","coordinates":[[1722.7,1701.9],[1722.7,1701.9]]}},{"type":"Feature","properties":{"id":"p:equipos:4597","n":1,"sc":"#636466"},"geometry":{"type":"LineString","coordinates":[[1723.2,1702.4],[1722.7,1701.9]]}},{"type":"Feature","properties":{"id":"p:equipos:4598","n":4,"sc":"#636466"},"geometry":{"type":"LineString","coordinates":[[1702.2,1700.0],[1702.2,1700.0],[1702.3,1700.0],[1702.4,1700.0],[1702.4,1700.0]]}},{"type":"Feature","properties":{"id":"p:equipos:4599","n":1,"sc":"#636466"},"geometry":{"type":"LineString","coordinates":[[1708.8,1702.9],[1709.3,1702.9]]}},{"type":"Feature","properties":{"id":"p:equipos:4600","n":1,"sc":"#636466"},"geometry":{"type":"LineString","coordinates":[[1720.3,1704.8],[1719.8,1704.3]]}},{"type":"Feature","properties":{"id":"p:equipos:4601","n":2,"sc":"#636466"},"geometry":{"type":"LineString","coordinates":[[1723.2,1702.4],[1723.2,1702.9],[1723.2,1703.4]]}},{"type":"Feature","properties":{"id":"p:equipos:4602","n":2,"sc":"#636466"},"geometry":{"type":"LineString","coordinates":[[1723.2,1701.4],[1723.7,1702.4],[1724.6,1702.4]]}},{"type":"Feature","properties":{"id":"p:equipos:4603","n":1,"sc":"#636466"},"geometry":{"type":"LineString","coordinates":[[1723.2,1701.4],[1723.2,1701.4]]}},{"type":"Feature","properties":{"id":"p:equipos:4604","n":1,"sc":"#636466"},"geometry":{"type":"LineString","coordinates":[[1708.3,1701.9],[1708.3,1701.9]]}},{"type":"Feature","properties":{"id":"p:equipos:4605","n":1,"sc":"#636466"},"geometry":{"type":"LineString","coordinates":[[1724.2,1701.4],[1725.1,1701.9]]}},{"type":"Feature","properties":{"id":"p:equipos:4606","n":1,"sc":"#636466"},"geometry":{"type":"LineString","coordinates":[[1707.8,1702.9],[1708.3,1702.9]]}},{"type":"Feature","properties":{"id":"p:equipos:4607","n":1,"sc":"#636466"},"geometry":{"type":"LineString","coordinates":[[1722.2,1703.8],[1724.6,1702.4]]}},{"type":"Feature","properties":{"id":"p:equipos:4608","n":8,"sc":"#636466"},"geometry":{"type":"LineString","coordinates":[[1717.1,1699.5],[1717.7,1698.4],[1717.9,1697.2],[1717.8,1696.0],[1717.4,1694.8],[1716.7,1693.8],[1715.7,1693.0],[1714.6,1692.5],[1713.4,1692.3]]}},{"type":"Feature","properties":{"id":"p:equipos:4609","n":1,"sc":"#636466"},"geometry":{"type":"LineString","coordinates":[[1724.2,1701.4],[1723.7,1701.0]]}},{"type":"Feature","properties":{"id":"p:equipos:4610","n":4,"sc":"#636466"},"geometry":{"type":"LineString","coordinates":[[1717.4,1708.1],[1717.5,1708.2],[1717.5,1708.4],[1717.6,1708.6],[1717.6,1708.7]]}},{"type":"Feature","properties":{"id":"p:equipos:4611","n":1,"sc":"#636466"},"geometry":{"type":"LineString","coordinates":[[1713.6,1705.8],[1713.6,1705.8]]}},{"type":"Feature","properties":{"id":"p:equipos:4612","n":1,"sc":"#636466"},"geometry":{"type":"LineString","coordinates":[[1717.9,1708.6],[1717.4,1706.2]]}},{"type":"Feature","properties":{"id":"p:equipos:4613","n":1,"sc":"#636466"},"geometry":{"type":"LineString","coordinates":[[1717.4,1706.2],[1717.4,1704.8]]}},{"type":"Feature","properties":{"id":"p:equipos:4614","n":1,"sc":"#636466"},"geometry":{"type":"LineString","coordinates":[[1720.3,1710.1],[1719.8,1710.1]]}},{"type":"Feature","properties":{"id":"p:equipos:4615","n":4,"sc":"#636466"},"geometry":{"type":"LineString","coordinates":[[1721.2,1708.5],[1721.2,1708.4],[1721.3,1708.2],[1721.3,1708.1],[1721.3,1708.0]]}},{"type":"Feature","properties":{"id":"p:equipos:4616","n":1,"sc":"#636466"},"geometry":{"type":"LineString","coordinates":[[1721.8,1706.2],[1721.8,1708.2]]}},{"type":"Feature","properties":{"id":"p:equipos:4617","n":1,"sc":"#636466"},"geometry":{"type":"LineString","coordinates":[[1720.3,1696.6],[1720.3,1696.6]]}},{"type":"Feature","properties":{"id":"p:equipos:4618","n":1,"sc":"#636466"},"geometry":{"type":"LineString","coordinates":[[1703.0,1700.5],[1702.6,1700.5]]}},{"type":"Feature","properties":{"id":"p:equipos:4619","n":1,"sc":"#636466"},"geometry":{"type":"LineString","coordinates":[[1703.0,1701.0],[1703.0,1701.0]]}},{"type":"Feature","properties":{"id":"p:equipos:4620","n":1,"sc":"#636466"},"geometry":{"type":"LineString","coordinates":[[1719.4,1696.6],[1719.4,1696.6]]}},{"type":"Feature","properties":{"id":"p:equipos:4621","n":1,"sc":"#636466"},"geometry":{"type":"LineString","coordinates":[[1722.2,1704.3],[1722.2,1704.3]]}},{"type":"Feature","properties":{"id":"p:equipos:4622","n":1,"sc":"#636466"},"geometry":{"type":"LineString","coordinates":[[1707.4,1707.7],[1708.8,1706.2]]}},{"type":"Feature","properties":{"id":"p:equipos:4623","n":1,"sc":"#636466"},"geometry":{"type":"LineString","coordinates":[[1708.8,1706.2],[1709.8,1704.8]]}},{"type":"Feature","properties":{"id":"p:equipos:4624","n":1,"sc":"#636466"},"geometry":{"type":"LineString","coordinates":[[1704.5,1707.2],[1705.0,1707.7]]}},{"type":"Feature","properties":{"id":"p:equipos:4625","n":1,"sc":"#636466"},"geometry":{"type":"LineString","coordinates":[[1705.4,1703.4],[1704.5,1704.8]]}},{"type":"Feature","properties":{"id":"p:equipos:4626","n":4,"sc":"#636466"},"geometry":{"type":"LineString","coordinates":[[1706.3,1707.6],[1706.5,1707.5],[1706.6,1707.4],[1706.8,1707.3],[1706.9,1707.2]]}},{"type":"Feature","properties":{"id":"p:equipos:4627","n":1,"sc":"#636466"},"geometry":{"type":"LineString","coordinates":[[1708.8,1702.9],[1709.3,1702.9]]}},{"type":"Feature","properties":{"id":"p:equipos:4628","n":4,"sc":"#636466"},"geometry":{"type":"LineString","coordinates":[[1704.3,1704.5],[1704.3,1704.6],[1704.2,1704.7],[1704.2,1704.8],[1704.1,1704.9]]}},{"type":"Feature","properties":{"id":"p:equipos:4629","n":1,"sc":"#636466"},"geometry":{"type":"LineString","coordinates":[[1708.8,1699.5],[1708.8,1699.5]]}},{"type":"Feature","properties":{"id":"p:equipos:4630","n":1,"sc":"#636466"},"geometry":{"type":"LineString","coordinates":[[1725.1,1701.9],[1725.1,1701.9]]}},{"type":"Feature","properties":{"id":"p:equipos:4631","n":1,"sc":"#636466"},"geometry":{"type":"LineString","coordinates":[[1724.6,1702.4],[1722.2,1703.8]]}},{"type":"Feature","properties":{"id":"p:equipos:4632","n":1,"sc":"#636466"},"geometry":{"type":"LineString","coordinates":[[1708.3,1701.9],[1708.3,1701.9]]}},{"type":"Feature","properties":{"id":"p:equipos:4633","n":1,"sc":"#636466"},"geometry":{"type":"LineString","coordinates":[[1707.8,1702.9],[1708.3,1702.9]]}},{"type":"Feature","properties":{"id":"p:equipos:4634","n":2,"sc":"#636466"},"geometry":{"type":"LineString","coordinates":[[1709.8,1702.9],[1711.2,1704.8],[1713.6,1705.8]]}},{"type":"Feature","properties":{"id":"p:equipos:4635","n":4,"sc":"#636466"},"geometry":{"type":"LineString","coordinates":[[1717.0,1701.9],[1717.0,1703.4],[1716,1704.8],[1715.0,1705.8],[1713.6,1705.8]]}},{"type":"Feature","properties":{"id":"p:equipos:4636","n":4,"sc":"#636466"},"geometry":{"type":"LineString","coordinates":[[1713.6,1705.8],[1712.2,1705.3],[1710.7,1704.8],[1709.8,1703.4],[1709.8,1701.9]]}},{"type":"Feature","properties":{"id":"p:equipos:4637","n":4,"sc":"#636466"},"geometry":{"type":"LineString","coordinates":[[1717.0,1700],[1715.5,1701.0],[1713.6,1701.4],[1711.2,1701.0],[1709.8,1700]]}},{"type":"Feature","properties":{"id":"p:equipos:4638","n":1,"sc":"#636466"},"geometry":{"type":"LineString","coordinates":[[1717.0,1701.9],[1717.0,1700]]}},{"type":"Feature","properties":{"id":"p:equipos:4639","n":1,"sc":"#636466"},"geometry":{"type":"LineString","coordinates":[[1709.8,1701.9],[1709.8,1700]]}},{"type":"Feature","properties":{"id":"p:equipos:4640","n":4,"sc":"#636466"},"geometry":{"type":"LineString","coordinates":[[1840.4,1765.4],[1840.3,1765.5],[1840.2,1765.5],[1840.1,1765.6],[1839.9,1765.7]]}},{"type":"Feature","properties":{"id":"p:equipos:4641","n":2,"sc":"#636466"},"geometry":{"type":"LineString","coordinates":[[1849.0,1761.4],[1847.0,1761.9],[1845.6,1762.9]]}},{"type":"Feature","properties":{"id":"p:equipos:4642","n":1,"sc":"#636466"},"geometry":{"type":"LineString","coordinates":[[1866.2,1764.3],[1865.3,1762.9]]}},{"type":"Feature","properties":{"id":"p:equipos:4643","n":2,"sc":"#636466"},"geometry":{"type":"LineString","coordinates":[[1862.4,1771.5],[1864.3,1771.0],[1865.8,1770.1]]}},{"type":"Feature","properties":{"id":"p:equipos:4644","n":1,"sc":"#636466"},"geometry":{"type":"LineString","coordinates":[[1859.0,1771.5],[1862.4,1771.5]]}},{"type":"Feature","properties":{"id":"p:equipos:4645","n":1,"sc":"#636466"},"geometry":{"type":"LineString","coordinates":[[1850.4,1765.8],[1850.4,1765.8]]}},{"type":"Feature","properties":{"id":"p:equipos:4646","n":1,"sc":"#636466"},"geometry":{"type":"LineString","coordinates":[[1851.8,1761.4],[1849.0,1761.4]]}},{"type":"Feature","properties":{"id":"p:equipos:4647","n":1,"sc":"#636466"},"geometry":{"type":"LineString","coordinates":[[1861.9,1761.4],[1859.0,1761.4]]}},{"type":"Feature","properties":{"id":"p:equipos:4648","n":1,"sc":"#636466"},"geometry":{"type":"LineString","coordinates":[[1851.4,1771.5],[1859.0,1771.5]]}},{"type":"Feature","properties":{"id":"p:equipos:4649","n":1,"sc":"#636466"},"geometry":{"type":"LineString","coordinates":[[1848,1771.5],[1851.4,1771.5]]}},{"type":"Feature","properties":{"id":"p:equipos:4650","n":2,"sc":"#636466"},"geometry":{"type":"LineString","coordinates":[[1865.3,1762.9],[1863.8,1761.9],[1861.9,1761.4]]}},{"type":"Feature","properties":{"id":"p:equipos:4651","n":1,"sc":"#636466"},"geometry":{"type":"LineString","coordinates":[[1845.6,1762.9],[1844.6,1764.3]]}},{"type":"Feature","properties":{"id":"p:equipos:4652","n":2,"sc":"#636466"},"geometry":{"type":"LineString","coordinates":[[1844.6,1769.6],[1846.1,1771.0],[1848,1771.5]]}},{"type":"Feature","properties":{"id":"p:equipos:4653","n":1,"sc":"#636466"},"geometry":{"type":"LineString","coordinates":[[1843.7,1761.9],[1843.7,1762.4]]}},{"type":"Feature","properties":{"id":"p:equipos:4654","n":2,"sc":"#636466"},"geometry":{"type":"LineString","coordinates":[[1849.0,1759.5],[1847.5,1759.5],[1846.6,1760.5]]}},{"type":"Feature","properties":{"id":"p:equipos:4655","n":1,"sc":"#636466"},"geometry":{"type":"LineString","coordinates":[[1846.6,1760.5],[1845.6,1761.0]]}},{"type":"Feature","properties":{"id":"p:equipos:4656","n":1,"sc":"#636466"},"geometry":{"type":"LineString","coordinates":[[1846.6,1760.5],[1846.6,1760.5]]}},{"type":"Feature","properties":{"id":"p:equipos:4657","n":1,"sc":"#636466"},"geometry":{"type":"LineString","coordinates":[[1846.6,1760],[1846.6,1760]]}},{"type":"Feature","properties":{"id":"p:equipos:4658","n":1,"sc":"#636466"},"geometry":{"type":"LineString","coordinates":[[1848,1761.0],[1848,1761.0]]}},{"type":"Feature","properties":{"id":"p:equipos:4659","n":1,"sc":"#636466"},"geometry":{"type":"LineString","coordinates":[[1845.6,1761.0],[1844.6,1761.4]]}},{"type":"Feature","properties":{"id":"p:equipos:4660","n":1,"sc":"#636466"},"geometry":{"type":"LineString","coordinates":[[1844.2,1761.9],[1843.7,1762.4]]}},{"type":"Feature","properties":{"id":"p:equipos:4661","n":1,"sc":"#636466"},"geometry":{"type":"LineString","coordinates":[[1844.2,1761.9],[1844.2,1761.9]]}},{"type":"Feature","properties":{"id":"p:equipos:4662","n":1,"sc":"#636466"},"geometry":{"type":"LineString","coordinates":[[1846.1,1762.4],[1846.1,1762.4]]}},{"type":"Feature","properties":{"id":"p:equipos:4663","n":1,"sc":"#636466"},"geometry":{"type":"LineString","coordinates":[[1848.5,1759.5],[1845.6,1761.0]]}},{"type":"Feature","properties":{"id":"p:equipos:4664","n":1,"sc":"#636466"},"geometry":{"type":"LineString","coordinates":[[1847.0,1761.9],[1849.0,1760]]}},{"type":"Feature","properties":{"id":"p:equipos:4665","n":4,"sc":"#636466"},"geometry":{"type":"LineString","coordinates":[[1850.7,1765.1],[1850.7,1765.1],[1850.7,1765.1],[1850.7,1765.1],[1850.7,1765.1]]}},{"type":"Feature","properties":{"id":"p:equipos:4666","n":4,"sc":"#636466"},"geometry":{"type":"LineString","coordinates":[[1844.1,1762.6],[1843.7,1762.4],[1843.3,1762.4],[1842.8,1762.6],[1842.5,1762.9]]}},{"type":"Feature","properties":{"id":"p:equipos:4667","n":1,"sc":"#636466"},"geometry":{"type":"LineString","coordinates":[[1844.2,1761.9],[1843.7,1761.9]]}},{"type":"Feature","properties":{"id":"p:equipos:4668","n":1,"sc":"#636466"},"geometry":{"type":"LineString","coordinates":[[1865.8,1763.4],[1865.8,1763.4]]}},{"type":"Feature","properties":{"id":"p:equipos:4669","n":1,"sc":"#636466"},"geometry":{"type":"LineString","coordinates":[[1866.2,1763.8],[1865.8,1763.4]]}},{"type":"Feature","properties":{"id":"p:equipos:4670","n":4,"sc":"#636466"},"geometry":{"type":"LineString","coordinates":[[1846.0,1759.6],[1846.0,1759.6],[1845.9,1759.6],[1845.9,1759.6],[1845.9,1759.7]]}},{"type":"Feature","properties":{"id":"p:equipos:4671","n":2,"sc":"#636466"},"geometry":{"type":"LineString","coordinates":[[1862.4,1761.4],[1861.0,1761.0],[1860,1761.0]]}},{"type":"Feature","properties":{"id":"p:equipos:4672","n":1,"sc":"#636466"},"geometry":{"type":"LineString","coordinates":[[1866.2,1763.4],[1865.3,1762.9]]}},{"type":"Feature","properties":{"id":"p:equipos:4673","n":1,"sc":"#636466"},"geometry":{"type":"LineString","coordinates":[[1849.0,1759.5],[1849.0,1759.5]]}},{"type":"Feature","properties":{"id":"p:equipos:4674","n":1,"sc":"#636466"},"geometry":{"type":"LineString","coordinates":[[1861.4,1761.4],[1861.0,1761.4]]}},{"type":"Feature","properties":{"id":"p:equipos:4675","n":1,"sc":"#636466"},"geometry":{"type":"LineString","coordinates":[[1859.5,1762.9],[1859.5,1762.9]]}},{"type":"Feature","properties":{"id":"p:equipos:4676","n":1,"sc":"#636466"},"geometry":{"type":"LineString","coordinates":[[1865.3,1762.9],[1865.3,1762.9]]}},{"type":"Feature","properties":{"id":"p:equipos:4677","n":1,"sc":"#636466"},"geometry":{"type":"LineString","coordinates":[[1866.2,1764.3],[1866.2,1764.3]]}},{"type":"Feature","properties":{"id":"p:equipos:4678","n":1,"sc":"#636466"},"geometry":{"type":"LineString","coordinates":[[1851.4,1762.9],[1851.4,1762.9]]}},{"type":"Feature","properties":{"id":"p:equipos:4679","n":1,"sc":"#636466"},"geometry":{"type":"LineString","coordinates":[[1848.5,1760.5],[1848.5,1760.5]]}},{"type":"Feature","properties":{"id":"p:equipos:4680","n":1,"sc":"#636466"},"geometry":{"type":"LineString","coordinates":[[1850.4,1761.9],[1850.4,1761.9]]}},{"type":"Feature","properties":{"id":"p:equipos:4681","n":1,"sc":"#636466"},"geometry":{"type":"LineString","coordinates":[[1873.4,1764.3],[1873.4,1764.3]]}},{"type":"Feature","properties":{"id":"p:equipos:4682","n":1,"sc":"#636466"},"geometry":{"type":"LineString","coordinates":[[1866.7,1763.8],[1873.4,1764.3]]}},{"type":"Feature","properties":{"id":"p:equipos:4683","n":4,"sc":"#636466"},"geometry":{"type":"LineString","coordinates":[[1848.8,1761.5],[1848.4,1761.4],[1848.0,1761.5],[1847.6,1761.5],[1847.2,1761.6]]}},{"type":"Feature","properties":{"id":"p:equipos:4684","n":4,"sc":"#636466"},"geometry":{"type":"LineString","coordinates":[[1873.4,1768.2],[1874.4,1767.2],[1874.4,1766.2],[1874.4,1764.8],[1873.4,1764.3]]}},{"type":"Feature","properties":{"id":"p:equipos:4685","n":1,"sc":"#636466"},"geometry":{"type":"LineString","coordinates":[[1869.6,1769.1],[1866.2,1770.1]]}},{"type":"Feature","properties":{"id":"p:equipos:4686","n":1,"sc":"#636466"},"geometry":{"type":"LineString","coordinates":[[1866.2,1764.3],[1865.8,1765.3]]}},{"type":"Feature","properties":{"id":"p:equipos:4687","n":1,"sc":"#636466"},"geometry":{"type":"LineString","coordinates":[[1869.1,1764.3],[1866.2,1764.3]]}},{"type":"Feature","properties":{"id":"p:equipos:4688","n":1,"sc":"#636466"},"geometry":{"type":"LineString","coordinates":[[1873.4,1768.2],[1869.6,1769.1]]}},{"type":"Feature","properties":{"id":"p:equipos:4689","n":8,"sc":"#636466"},"geometry":{"type":"LineString","coordinates":[[1873.3,1767.7],[1873.9,1767.5],[1874.4,1767.2],[1874.7,1766.7],[1874.9,1766.0],[1874.8,1765.4],[1874.5,1764.9],[1874.0,1764.5],[1873.4,1764.3]]}},{"type":"Feature","properties":{"id":"p:equipos:4690","n":1,"sc":"#636466"},"geometry":{"type":"LineString","coordinates":[[1865.8,1765.3],[1865.3,1767.7]]}},{"type":"Feature","properties":{"id":"p:equipos:4691","n":1,"sc":"#636466"},"geometry":{"type":"LineString","coordinates":[[1873.4,1764.3],[1869.1,1764.3]]}},{"type":"Feature","properties":{"id":"p:equipos:4692","n":2,"sc":"#636466"},"geometry":{"type":"LineString","coordinates":[[1865.3,1767.7],[1865.8,1769.1],[1865.8,1770.1]]}},{"type":"Feature","properties":{"id":"p:equipos:4693","n":1,"sc":"#636466"},"geometry":{"type":"LineString","coordinates":[[1845.6,1762.9],[1845.6,1762.9]]}},{"type":"Feature","properties":{"id":"p:equipos:4694","n":4,"sc":"#636466"},"geometry":{"type":"LineString","coordinates":[[1865.6,1770.0],[1865.6,1770.0],[1865.7,1770.0],[1865.7,1770.0],[1865.8,1770.0]]}},{"type":"Feature","properties":{"id":"p:equipos:4695","n":8,"sc":"#636466"},"geometry":{"type":"LineString","coordinates":[[1839.7,1765.9],[1839.5,1766.3],[1839.4,1766.7],[1839.4,1767.2],[1839.5,1767.6],[1839.7,1768.0],[1840.0,1768.3],[1840.4,1768.5],[1840.8,1768.6]]}},{"type":"Feature","properties":{"id":"p:equipos:4696","n":1,"sc":"#636466"},"geometry":{"type":"LineString","coordinates":[[1845.6,1767.7],[1845.1,1765.3]]}},{"type":"Feature","properties":{"id":"p:equipos:4697","n":1,"sc":"#636466"},"geometry":{"type":"LineString","coordinates":[[1845.1,1765.3],[1844.6,1764.3]]}},{"type":"Feature","properties":{"id":"p:equipos:4698","n":2,"sc":"#636466"},"geometry":{"type":"LineString","coordinates":[[1844.6,1769.6],[1845.1,1769.1],[1845.6,1767.7]]}},{"type":"Feature","properties":{"id":"p:equipos:4699","n":1,"sc":"#636466"},"geometry":{"type":"LineString","coordinates":[[1842.7,1762.9],[1839.8,1766.2]]}},{"type":"Feature","properties":{"id":"p:equipos:4700","n":4,"sc":"#636466"},"geometry":{"type":"LineString","coordinates":[[1844.4,1763.5],[1844.4,1763.5],[1844.3,1763.6],[1844.2,1763.6],[1844.1,1763.6]]}},{"type":"Feature","properties":{"id":"p:equipos:4701","n":1,"sc":"#636466"},"geometry":{"type":"LineString","coordinates":[[1844.6,1769.6],[1844.6,1769.6]]}},{"type":"Feature","properties":{"id":"p:equipos:4702","n":1,"sc":"#636466"},"geometry":{"type":"LineString","coordinates":[[1842.7,1764.8],[1844.2,1764.3]]}},{"type":"Feature","properties":{"id":"p:equipos:4703","n":2,"sc":"#636466"},"geometry":{"type":"LineString","coordinates":[[1849.0,1754.2],[1849.9,1754.2],[1850.9,1755.2]]}},{"type":"Feature","properties":{"id":"p:equipos:4704","n":1,"sc":"#636466"},"geometry":{"type":"LineString","coordinates":[[1850.9,1761.9],[1850.9,1761.9]]}},{"type":"Feature","properties":{"id":"p:equipos:4705","n":1,"sc":"#636466"},"geometry":{"type":"LineString","coordinates":[[1843.2,1769.6],[1844.6,1769.6]]}},{"type":"Feature","properties":{"id":"p:equipos:4706","n":1,"sc":"#636466"},"geometry":{"type":"LineString","coordinates":[[1840.8,1765.8],[1842.7,1764.8]]}},{"type":"Feature","properties":{"id":"p:equipos:4707","n":4,"sc":"#636466"},"geometry":{"type":"LineString","coordinates":[[1843.4,1762.4],[1843.1,1762.4],[1842.9,1762.5],[1842.6,1762.7],[1842.5,1762.9]]}},{"type":"Feature","properties":{"id":"p:equipos:4708","n":3,"sc":"#636466"},"geometry":{"type":"LineString","coordinates":[[1851.4,1759.5],[1851.4,1760.5],[1850.9,1761.0],[1850.9,1761.4]]}},{"type":"Feature","properties":{"id":"p:equipos:4709","n":1,"sc":"#636466"},"geometry":{"type":"LineString","coordinates":[[1845.6,1762.4],[1845.6,1762.4]]}},{"type":"Feature","properties":{"id":"p:equipos:4710","n":4,"sc":"#636466"},"geometry":{"type":"LineString","coordinates":[[1858.6,1761.7],[1858.6,1761.5],[1858.5,1761.4],[1858.5,1761.2],[1858.5,1761.0]]}},{"type":"Feature","properties":{"id":"p:equipos:4711","n":8,"sc":"#636466"},"geometry":{"type":"LineString","coordinates":[[1854.9,1771.5],[1856.2,1771.4],[1857.3,1770.9],[1858.3,1770.1],[1859.0,1769.1],[1859.4,1767.9],[1859.5,1766.7],[1859.3,1765.5],[1858.7,1764.4]]}},{"type":"Feature","properties":{"id":"p:equipos:4712","n":2,"sc":"#636466"},"geometry":{"type":"LineString","coordinates":[[1847.0,1755.2],[1847.5,1754.7],[1848.5,1754.2]]}},{"type":"Feature","properties":{"id":"p:equipos:4713","n":1,"sc":"#636466"},"geometry":{"type":"LineString","coordinates":[[1846.6,1760],[1847.0,1758.1]]}},{"type":"Feature","properties":{"id":"p:equipos:4714","n":1,"sc":"#636466"},"geometry":{"type":"LineString","coordinates":[[1846.6,1760],[1847.0,1759.5]]}},{"type":"Feature","properties":{"id":"p:equipos:4715","n":1,"sc":"#636466"},"geometry":{"type":"LineString","coordinates":[[1846.6,1760],[1846.6,1760]]}},{"type":"Feature","properties":{"id":"p:equipos:4716","n":1,"sc":"#636466"},"geometry":{"type":"LineString","coordinates":[[1848.5,1767.7],[1848.5,1767.7]]}},{"type":"Feature","properties":{"id":"p:equipos:4717","n":1,"sc":"#636466"},"geometry":{"type":"LineString","coordinates":[[1849.4,1767.7],[1849.4,1767.7]]}},{"type":"Feature","properties":{"id":"p:equipos:4718","n":2,"sc":"#636466"},"geometry":{"type":"LineString","coordinates":[[1863.8,1756.6],[1863.4,1756.2],[1861.9,1756.2]]}},{"type":"Feature","properties":{"id":"p:equipos:4719","n":1,"sc":"#636466"},"geometry":{"type":"LineString","coordinates":[[1859.0,1759.5],[1858.6,1760]]}},{"type":"Feature","properties":{"id":"p:equipos:4720","n":2,"sc":"#636466"},"geometry":{"type":"LineString","coordinates":[[1864.8,1759.0],[1864.8,1757.6],[1864.3,1757.1]]}},{"type":"Feature","properties":{"id":"p:equipos:4721","n":1,"sc":"#636466"},"geometry":{"type":"LineString","coordinates":[[1862.9,1761.4],[1863.4,1761.0]]}},{"type":"Feature","properties":{"id":"p:equipos:4722","n":1,"sc":"#636466"},"geometry":{"type":"LineString","coordinates":[[1846.6,1760.5],[1846.6,1760]]}},{"type":"Feature","properties":{"id":"p:equipos:4723","n":1,"sc":"#636466"},"geometry":{"type":"LineString","coordinates":[[1846.6,1760],[1847.0,1760]]}},{"type":"Feature","properties":{"id":"p:equipos:4724","n":4,"sc":"#636466"},"geometry":{"type":"LineString","coordinates":[[1844.0,1761.6],[1844.0,1761.6],[1843.9,1761.6],[1843.9,1761.6],[1843.9,1761.6]]}},{"type":"Feature","properties":{"id":"p:equipos:4725","n":1,"sc":"#636466"},"geometry":{"type":"LineString","coordinates":[[1841.3,1769.1],[1843.2,1769.6]]}},{"type":"Feature","properties":{"id":"p:equipos:4726","n":1,"sc":"#636466"},"geometry":{"type":"LineString","coordinates":[[1846.6,1760.5],[1846.6,1760.5]]}},{"type":"Feature","properties":{"id":"p:equipos:4727","n":3,"sc":"#636466"},"geometry":{"type":"LineString","coordinates":[[1849.0,1760],[1849.4,1760],[1849.4,1759.5],[1849.0,1759.5]]}},{"type":"Feature","properties":{"id":"p:equipos:4728","n":2,"sc":"#636466"},"geometry":{"type":"LineString","coordinates":[[1848,1761.0],[1848.5,1761.0],[1848.5,1760.5]]}},{"type":"Feature","properties":{"id":"p:equipos:4729","n":1,"sc":"#636466"},"geometry":{"type":"LineString","coordinates":[[1849.0,1759.5],[1849.4,1759.5]]}},{"type":"Feature","properties":{"id":"p:equipos:4730","n":1,"sc":"#636466"},"geometry":{"type":"LineString","coordinates":[[1849.4,1759.5],[1849.0,1760]]}},{"type":"Feature","properties":{"id":"p:equipos:4731","n":1,"sc":"#636466"},"geometry":{"type":"LineString","coordinates":[[1847.5,1761.4],[1847.5,1761.4]]}},{"type":"Feature","properties":{"id":"p:equipos:4732","n":1,"sc":"#636466"},"geometry":{"type":"LineString","coordinates":[[1846.6,1760.5],[1846.6,1760.5]]}},{"type":"Feature","properties":{"id":"p:equipos:4733","n":1,"sc":"#636466"},"geometry":{"type":"LineString","coordinates":[[1847.0,1760],[1846.6,1760]]}},{"type":"Feature","properties":{"id":"p:equipos:4734","n":4,"sc":"#636466"},"geometry":{"type":"LineString","coordinates":[[1845.2,1762.3],[1845.2,1762.3],[1845.2,1762.3],[1845.2,1762.3],[1845.2,1762.3]]}},{"type":"Feature","properties":{"id":"p:equipos:4735","n":1,"sc":"#636466"},"geometry":{"type":"LineString","coordinates":[[1848.5,1760.5],[1848,1761.0]]}},{"type":"Feature","properties":{"id":"p:equipos:4736","n":1,"sc":"#636466"},"geometry":{"type":"LineString","coordinates":[[1844.2,1761.9],[1844.2,1761.9]]}},{"type":"Feature","properties":{"id":"p:equipos:4737","n":1,"sc":"#636466"},"geometry":{"type":"LineString","coordinates":[[1844.6,1761.9],[1844.6,1761.9]]}},{"type":"Feature","properties":{"id":"p:equipos:4738","n":2,"sc":"#636466"},"geometry":{"type":"LineString","coordinates":[[1849.0,1760],[1849.0,1759.5],[1848.5,1759.5]]}},{"type":"Feature","properties":{"id":"p:equipos:4739","n":1,"sc":"#636466"},"geometry":{"type":"LineString","coordinates":[[1846.1,1762.4],[1845.6,1761.9]]}},{"type":"Feature","properties":{"id":"p:equipos:4740","n":1,"sc":"#636466"},"geometry":{"type":"LineString","coordinates":[[1846.1,1762.4],[1846.1,1762.4]]}},{"type":"Feature","properties":{"id":"p:equipos:4741","n":1,"sc":"#636466"},"geometry":{"type":"LineString","coordinates":[[1846.1,1762.4],[1846.1,1762.4]]}},{"type":"Feature","properties":{"id":"p:equipos:4742","n":1,"sc":"#636466"},"geometry":{"type":"LineString","coordinates":[[1845.6,1761.9],[1846.1,1762.4]]}},{"type":"Feature","properties":{"id":"p:equipos:4743","n":4,"sc":"#636466"},"geometry":{"type":"LineString","coordinates":[[1866.1,1763.4],[1866.1,1763.4],[1866.0,1763.4],[1866.0,1763.4],[1865.9,1763.4]]}},{"type":"Feature","properties":{"id":"p:equipos:4744","n":1,"sc":"#636466"},"geometry":{"type":"LineString","coordinates":[[1860,1761.0],[1859.5,1761.4]]}},{"type":"Feature","properties":{"id":"p:equipos:4745","n":1,"sc":"#636466"},"geometry":{"type":"LineString","coordinates":[[1848.5,1759.5],[1849.0,1760]]}},{"type":"Feature","properties":{"id":"p:equipos:4746","n":2,"sc":"#636466"},"geometry":{"type":"LineString","coordinates":[[1845.6,1761.9],[1845.6,1761.4],[1845.6,1761.0]]}},{"type":"Feature","properties":{"id":"p:equipos:4747","n":2,"sc":"#636466"},"geometry":{"type":"LineString","coordinates":[[1845.6,1762.9],[1845.1,1761.9],[1844.2,1761.9]]}},{"type":"Feature","properties":{"id":"p:equipos:4748","n":1,"sc":"#636466"},"geometry":{"type":"LineString","coordinates":[[1845.6,1762.9],[1845.6,1762.9]]}},{"type":"Feature","properties":{"id":"p:equipos:4749","n":1,"sc":"#636466"},"geometry":{"type":"LineString","coordinates":[[1860.5,1761.9],[1860.5,1761.9]]}},{"type":"Feature","properties":{"id":"p:equipos:4750","n":1,"sc":"#636466"},"geometry":{"type":"LineString","coordinates":[[1844.6,1762.4],[1843.7,1762.4]]}},{"type":"Feature","properties":{"id":"p:equipos:4751","n":1,"sc":"#636466"},"geometry":{"type":"LineString","coordinates":[[1861.0,1761.4],[1860.5,1761.4]]}},{"type":"Feature","properties":{"id":"p:equipos:4752","n":1,"sc":"#636466"},"geometry":{"type":"LineString","coordinates":[[1846.6,1760.5],[1844.2,1761.9]]}},{"type":"Feature","properties":{"id":"p:equipos:4753","n":8,"sc":"#636466"},"geometry":{"type":"LineString","coordinates":[[1851.2,1764.4],[1850.7,1765.5],[1850.4,1766.7],[1850.5,1767.9],[1850.9,1769.1],[1851.6,1770.1],[1852.6,1770.9],[1853.7,1771.3],[1854.9,1771.5]]}},{"type":"Feature","properties":{"id":"p:equipos:4754","n":1,"sc":"#636466"},"geometry":{"type":"LineString","coordinates":[[1844.6,1762.4],[1845.1,1763.4]]}},{"type":"Feature","properties":{"id":"p:equipos:4755","n":4,"sc":"#636466"},"geometry":{"type":"LineString","coordinates":[[1850.9,1755.8],[1850.9,1755.6],[1850.8,1755.4],[1850.8,1755.3],[1850.7,1755.1]]}},{"type":"Feature","properties":{"id":"p:equipos:4756","n":1,"sc":"#636466"},"geometry":{"type":"LineString","coordinates":[[1855.2,1758.6],[1855.2,1758.6]]}},{"type":"Feature","properties":{"id":"p:equipos:4757","n":1,"sc":"#636466"},"geometry":{"type":"LineString","coordinates":[[1850.9,1755.7],[1851.4,1757.6]]}},{"type":"Feature","properties":{"id":"p:equipos:4758","n":1,"sc":"#636466"},"geometry":{"type":"LineString","coordinates":[[1851.4,1757.6],[1851.4,1759.5]]}},{"type":"Feature","properties":{"id":"p:equipos:4759","n":1,"sc":"#636466"},"geometry":{"type":"LineString","coordinates":[[1848.5,1754.2],[1849.0,1754.2]]}},{"type":"Feature","properties":{"id":"p:equipos:4760","n":4,"sc":"#636466"},"geometry":{"type":"LineString","coordinates":[[1847.1,1755.4],[1847.1,1755.5],[1847.1,1755.6],[1847.1,1755.7],[1847.0,1755.8]]}},{"type":"Feature","properties":{"id":"p:equipos:4761","n":1,"sc":"#636466"},"geometry":{"type":"LineString","coordinates":[[1847.0,1758.1],[1847.0,1756.2]]}},{"type":"Feature","properties":{"id":"p:equipos:4762","n":1,"sc":"#636466"},"geometry":{"type":"LineString","coordinates":[[1848.5,1767.2],[1848.5,1767.2]]}},{"type":"Feature","properties":{"id":"p:equipos:4763","n":1,"sc":"#636466"},"geometry":{"type":"LineString","coordinates":[[1865.8,1763.8],[1866.2,1763.8]]}},{"type":"Feature","properties":{"id":"p:equipos:4764","n":1,"sc":"#636466"},"geometry":{"type":"LineString","coordinates":[[1865.8,1763.4],[1865.8,1763.4]]}},{"type":"Feature","properties":{"id":"p:equipos:4765","n":1,"sc":"#636466"},"geometry":{"type":"LineString","coordinates":[[1849.4,1767.2],[1849.4,1767.2]]}},{"type":"Feature","properties":{"id":"p:equipos:4766","n":1,"sc":"#636466"},"geometry":{"type":"LineString","coordinates":[[1846.6,1760],[1846.6,1760]]}},{"type":"Feature","properties":{"id":"p:equipos:4767","n":1,"sc":"#636466"},"geometry":{"type":"LineString","coordinates":[[1861.4,1756.6],[1860,1758.1]]}},{"type":"Feature","properties":{"id":"p:equipos:4768","n":1,"sc":"#636466"},"geometry":{"type":"LineString","coordinates":[[1860,1758.1],[1859.0,1759.5]]}},{"type":"Feature","properties":{"id":"p:equipos:4769","n":1,"sc":"#636466"},"geometry":{"type":"LineString","coordinates":[[1864.3,1757.1],[1863.8,1756.6]]}},{"type":"Feature","properties":{"id":"p:equipos:4770","n":1,"sc":"#636466"},"geometry":{"type":"LineString","coordinates":[[1863.4,1761.0],[1864.3,1759.5]]}},{"type":"Feature","properties":{"id":"p:equipos:4771","n":4,"sc":"#636466"},"geometry":{"type":"LineString","coordinates":[[1862.0,1756.3],[1861.9,1756.4],[1861.7,1756.4],[1861.6,1756.5],[1861.4,1756.7]]}},{"type":"Feature","properties":{"id":"p:equipos:4772","n":1,"sc":"#636466"},"geometry":{"type":"LineString","coordinates":[[1860,1761.0],[1859.5,1761.4]]}},{"type":"Feature","properties":{"id":"p:equipos:4773","n":4,"sc":"#636466"},"geometry":{"type":"LineString","coordinates":[[1864.0,1758.8],[1864.1,1758.7],[1864.1,1758.6],[1864.2,1758.5],[1864.2,1758.4]]}},{"type":"Feature","properties":{"id":"p:equipos:4774","n":1,"sc":"#636466"},"geometry":{"type":"LineString","coordinates":[[1860,1764.8],[1860,1764.8]]}},{"type":"Feature","properties":{"id":"p:equipos:4775","n":1,"sc":"#636466"},"geometry":{"type":"LineString","coordinates":[[1843.7,1762.4],[1843.7,1762.4]]}},{"type":"Feature","properties":{"id":"p:equipos:4776","n":1,"sc":"#636466"},"geometry":{"type":"LineString","coordinates":[[1844.2,1761.9],[1846.6,1760.5]]}},{"type":"Feature","properties":{"id":"p:equipos:4777","n":1,"sc":"#636466"},"geometry":{"type":"LineString","coordinates":[[1860.5,1761.9],[1860.5,1761.9]]}},{"type":"Feature","properties":{"id":"p:equipos:4778","n":1,"sc":"#636466"},"geometry":{"type":"LineString","coordinates":[[1861.0,1761.4],[1860.5,1761.4]]}},{"type":"Feature","properties":{"id":"p:equipos:4779","n":2,"sc":"#636466"},"geometry":{"type":"LineString","coordinates":[[1859.0,1761.4],[1857.6,1759.5],[1855.2,1758.6]]}},{"type":"Feature","properties":{"id":"p:equipos:4780","n":4,"sc":"#636466"},"geometry":{"type":"LineString","coordinates":[[1851.8,1761.9],[1851.8,1760.5],[1852.8,1759.5],[1853.8,1758.6],[1855.2,1758.6]]}},{"type":"Feature","properties":{"id":"p:equipos:4781","n":4,"sc":"#636466"},"geometry":{"type":"LineString","coordinates":[[1855.2,1758.6],[1856.6,1758.6],[1858.1,1759.5],[1859.0,1761.0],[1859.0,1761.9]]}},{"type":"Feature","properties":{"id":"p:equipos:4782","n":4,"sc":"#636466"},"geometry":{"type":"LineString","coordinates":[[1851.8,1764.3],[1853.3,1762.9],[1855.2,1762.4],[1857.6,1762.9],[1859.0,1764.3]]}},{"type":"Feature","properties":{"id":"p:equipos:4783","n":1,"sc":"#636466"},"geometry":{"type":"LineString","coordinates":[[1851.8,1761.9],[1851.8,1764.3]]}},{"type":"Feature","properties":{"id":"p:equipos:4784","n":1,"sc":"#636466"},"geometry":{"type":"LineString","coordinates":[[1859.0,1761.9],[1859.0,1764.3]]}},{"type":"Feature","properties":{"id":"p:equipos:4785","n":4,"sc":"#636466"},"geometry":{"type":"LineString","coordinates":[[1646.3,1869.8],[1646.2,1869.8],[1646.1,1869.7],[1645.9,1869.6],[1645.8,1869.6]]}},{"type":"Feature","properties":{"id":"p:equipos:4786","n":2,"sc":"#636466"},"geometry":{"type":"LineString","coordinates":[[1637.8,1865.6],[1639.7,1866.1],[1641.1,1867.0]]}},{"type":"Feature","properties":{"id":"p:equipos:4787","n":1,"sc":"#636466"},"geometry":{"type":"LineString","coordinates":[[1620.5,1868.5],[1621.4,1867.0]]}},{"type":"Feature","properties":{"id":"p:equipos:4788","n":2,"sc":"#636466"},"geometry":{"type":"LineString","coordinates":[[1624.3,1875.7],[1622.4,1875.2],[1621.0,1874.2]]}},{"type":"Feature","properties":{"id":"p:equipos:4789","n":1,"sc":"#636466"},"geometry":{"type":"LineString","coordinates":[[1627.7,1875.7],[1624.3,1875.7]]}},{"type":"Feature","properties":{"id":"p:equipos:4790","n":1,"sc":"#636466"},"geometry":{"type":"LineString","coordinates":[[1636.3,1869.4],[1636.3,1869.4]]}},{"type":"Feature","properties":{"id":"p:equipos:4791","n":1,"sc":"#636466"},"geometry":{"type":"LineString","coordinates":[[1634.9,1865.6],[1637.8,1865.6]]}},{"type":"Feature","properties":{"id":"p:equipos:4792","n":1,"sc":"#636466"},"geometry":{"type":"LineString","coordinates":[[1624.8,1865.6],[1627.7,1865.6]]}},{"type":"Feature","properties":{"id":"p:equipos:4793","n":1,"sc":"#636466"},"geometry":{"type":"LineString","coordinates":[[1635.4,1875.7],[1627.7,1875.7]]}},{"type":"Feature","properties":{"id":"p:equipos:4794","n":1,"sc":"#636466"},"geometry":{"type":"LineString","coordinates":[[1638.7,1875.7],[1635.4,1875.7]]}},{"type":"Feature","properties":{"id":"p:equipos:4795","n":2,"sc":"#636466"},"geometry":{"type":"LineString","coordinates":[[1621.4,1867.0],[1622.9,1866.1],[1624.8,1865.6]]}},{"type":"Feature","properties":{"id":"p:equipos:4796","n":1,"sc":"#636466"},"geometry":{"type":"LineString","coordinates":[[1641.1,1867.0],[1642.1,1868]]}},{"type":"Feature","properties":{"id":"p:equipos:4797","n":2,"sc":"#636466"},"geometry":{"type":"LineString","coordinates":[[1642.1,1873.8],[1640.6,1875.2],[1638.7,1875.7]]}},{"type":"Feature","properties":{"id":"p:equipos:4798","n":1,"sc":"#636466"},"geometry":{"type":"LineString","coordinates":[[1643.0,1866.1],[1643.0,1866.1]]}},{"type":"Feature","properties":{"id":"p:equipos:4799","n":2,"sc":"#636466"},"geometry":{"type":"LineString","coordinates":[[1637.8,1863.7],[1639.2,1863.7],[1640.2,1864.2]]}},{"type":"Feature","properties":{"id":"p:equipos:4800","n":1,"sc":"#636466"},"geometry":{"type":"LineString","coordinates":[[1640.2,1864.2],[1641.1,1864.6]]}},{"type":"Feature","properties":{"id":"p:equipos:4801","n":1,"sc":"#636466"},"geometry":{"type":"LineString","coordinates":[[1640.2,1864.2],[1640.2,1864.2]]}},{"type":"Feature","properties":{"id":"p:equipos:4802","n":1,"sc":"#636466"},"geometry":{"type":"LineString","coordinates":[[1640.2,1864.2],[1640.2,1864.2]]}},{"type":"Feature","properties":{"id":"p:equipos:4803","n":1,"sc":"#636466"},"geometry":{"type":"LineString","coordinates":[[1638.7,1865.1],[1638.7,1865.1]]}},{"type":"Feature","properties":{"id":"p:equipos:4804","n":1,"sc":"#636466"},"geometry":{"type":"LineString","coordinates":[[1641.1,1865.1],[1642.1,1865.6]]}},{"type":"Feature","properties":{"id":"p:equipos:4805","n":1,"sc":"#636466"},"geometry":{"type":"LineString","coordinates":[[1642.6,1866.1],[1643.0,1866.1]]}},{"type":"Feature","properties":{"id":"p:equipos:4806","n":1,"sc":"#636466"},"geometry":{"type":"LineString","coordinates":[[1642.6,1866.1],[1642.6,1866.1]]}},{"type":"Feature","properties":{"id":"p:equipos:4807","n":1,"sc":"#636466"},"geometry":{"type":"LineString","coordinates":[[1640.6,1866.1],[1640.6,1866.1]]}},{"type":"Feature","properties":{"id":"p:equipos:4808","n":1,"sc":"#636466"},"geometry":{"type":"LineString","coordinates":[[1638.2,1863.7],[1641.1,1865.1]]}},{"type":"Feature","properties":{"id":"p:equipos:4809","n":1,"sc":"#636466"},"geometry":{"type":"LineString","coordinates":[[1639.7,1866.1],[1637.8,1864.2]]}},{"type":"Feature","properties":{"id":"p:equipos:4810","n":4,"sc":"#636466"},"geometry":{"type":"LineString","coordinates":[[1635.6,1868.8],[1635.6,1868.8],[1635.6,1868.8],[1635.6,1868.8],[1635.6,1868.8]]}},{"type":"Feature","properties":{"id":"p:equipos:4811","n":4,"sc":"#636466"},"geometry":{"type":"LineString","coordinates":[[1643.7,1866.5],[1643.4,1866.2],[1643.0,1866.1],[1642.5,1866.1],[1642.1,1866.3]]}},{"type":"Feature","properties":{"id":"p:equipos:4812","n":1,"sc":"#636466"},"geometry":{"type":"LineString","coordinates":[[1642.6,1866.1],[1643.0,1866.1]]}},{"type":"Feature","properties":{"id":"p:equipos:4813","n":1,"sc":"#636466"},"geometry":{"type":"LineString","coordinates":[[1621.0,1867.5],[1621.0,1867.5]]}},{"type":"Feature","properties":{"id":"p:equipos:4814","n":1,"sc":"#636466"},"geometry":{"type":"LineString","coordinates":[[1620.5,1868],[1621.0,1867.5]]}},{"type":"Feature","properties":{"id":"p:equipos:4815","n":4,"sc":"#636466"},"geometry":{"type":"LineString","coordinates":[[1639.9,1863.8],[1639.8,1863.8],[1639.8,1863.8],[1639.8,1863.8],[1639.8,1863.8]]}},{"type":"Feature","properties":{"id":"p:equipos:4816","n":2,"sc":"#636466"},"geometry":{"type":"LineString","coordinates":[[1624.3,1865.6],[1625.8,1865.1],[1626.7,1865.1]]}},{"type":"Feature","properties":{"id":"p:equipos:4817","n":1,"sc":"#636466"},"geometry":{"type":"LineString","coordinates":[[1620.5,1868],[1621.4,1867.5]]}},{"type":"Feature","properties":{"id":"p:equipos:4818","n":1,"sc":"#636466"},"geometry":{"type":"LineString","coordinates":[[1637.8,1863.7],[1637.8,1863.7]]}},{"type":"Feature","properties":{"id":"p:equipos:4819","n":1,"sc":"#636466"},"geometry":{"type":"LineString","coordinates":[[1625.3,1865.6],[1625.8,1865.6]]}},{"type":"Feature","properties":{"id":"p:equipos:4820","n":1,"sc":"#636466"},"geometry":{"type":"LineString","coordinates":[[1627.2,1867.0],[1627.2,1867.0]]}},{"type":"Feature","properties":{"id":"p:equipos:4821","n":1,"sc":"#636466"},"geometry":{"type":"LineString","coordinates":[[1621.4,1867.0],[1621.4,1867.0]]}},{"type":"Feature","properties":{"id":"p:equipos:4822","n":1,"sc":"#636466"},"geometry":{"type":"LineString","coordinates":[[1620.5,1868.5],[1620.5,1868.5]]}},{"type":"Feature","properties":{"id":"p:equipos:4823","n":1,"sc":"#636466"},"geometry":{"type":"LineString","coordinates":[[1635.4,1867.0],[1635.4,1867.0]]}},{"type":"Feature","properties":{"id":"p:equipos:4824","n":1,"sc":"#636466"},"geometry":{"type":"LineString","coordinates":[[1638.2,1864.6],[1638.2,1864.6]]}},{"type":"Feature","properties":{"id":"p:equipos:4825","n":1,"sc":"#636466"},"geometry":{"type":"LineString","coordinates":[[1636.3,1866.1],[1636.3,1866.1]]}},{"type":"Feature","properties":{"id":"p:equipos:4826","n":1,"sc":"#636466"},"geometry":{"type":"LineString","coordinates":[[1613.3,1868.5],[1613.3,1868.5]]}},{"type":"Feature","properties":{"id":"p:equipos:4827","n":1,"sc":"#636466"},"geometry":{"type":"LineString","coordinates":[[1620,1868],[1613.3,1868.5]]}},{"type":"Feature","properties":{"id":"p:equipos:4828","n":4,"sc":"#636466"},"geometry":{"type":"LineString","coordinates":[[1639.0,1865.3],[1638.6,1865.2],[1638.2,1865.1],[1637.9,1865.1],[1637.5,1865.2]]}},{"type":"Feature","properties":{"id":"p:equipos:4829","n":4,"sc":"#636466"},"geometry":{"type":"LineString","coordinates":[[1613.3,1872.3],[1612.3,1871.8],[1612.3,1870.4],[1612.3,1869.4],[1613.3,1868.5]]}},{"type":"Feature","properties":{"id":"p:equipos:4830","n":1,"sc":"#636466"},"geometry":{"type":"LineString","coordinates":[[1617.1,1873.3],[1621.0,1874.2]]}},{"type":"Feature","properties":{"id":"p:equipos:4831","n":1,"sc":"#636466"},"geometry":{"type":"LineString","coordinates":[[1620.5,1868.5],[1621.0,1869.4]]}},{"type":"Feature","properties":{"id":"p:equipos:4832","n":1,"sc":"#636466"},"geometry":{"type":"LineString","coordinates":[[1617.6,1868.5],[1620.5,1868.5]]}},{"type":"Feature","properties":{"id":"p:equipos:4833","n":1,"sc":"#636466"},"geometry":{"type":"LineString","coordinates":[[1613.3,1872.3],[1617.1,1873.3]]}},{"type":"Feature","properties":{"id":"p:equipos:4834","n":8,"sc":"#636466"},"geometry":{"type":"LineString","coordinates":[[1612.8,1868.5],[1612.2,1868.7],[1611.8,1869.1],[1611.5,1869.6],[1611.4,1870.2],[1611.5,1870.8],[1611.8,1871.3],[1612.3,1871.7],[1613.0,1871.8]]}},{"type":"Feature","properties":{"id":"p:equipos:4835","n":1,"sc":"#636466"},"geometry":{"type":"LineString","coordinates":[[1621.0,1869.4],[1621.4,1872.3]]}},{"type":"Feature","properties":{"id":"p:equipos:4836","n":1,"sc":"#636466"},"geometry":{"type":"LineString","coordinates":[[1613.3,1868.5],[1617.6,1868.5]]}},{"type":"Feature","properties":{"id":"p:equipos:4837","n":2,"sc":"#636466"},"geometry":{"type":"LineString","coordinates":[[1621.4,1872.3],[1621.0,1873.8],[1621.0,1874.2]]}},{"type":"Feature","properties":{"id":"p:equipos:4838","n":1,"sc":"#636466"},"geometry":{"type":"LineString","coordinates":[[1641.1,1867.0],[1641.1,1867.0]]}},{"type":"Feature","properties":{"id":"p:equipos:4839","n":4,"sc":"#636466"},"geometry":{"type":"LineString","coordinates":[[1620.5,1874.2],[1620.5,1874.2],[1620.6,1874.2],[1620.6,1874.2],[1620.7,1874.2]]}},{"type":"Feature","properties":{"id":"p:equipos:4840","n":8,"sc":"#636466"},"geometry":{"type":"LineString","coordinates":[[1645.5,1872.8],[1645.9,1872.7],[1646.3,1872.4],[1646.6,1872.1],[1646.8,1871.7],[1646.9,1871.3],[1646.9,1870.9],[1646.7,1870.5],[1646.5,1870.1]]}},{"type":"Feature","properties":{"id":"p:equipos:4841","n":1,"sc":"#636466"},"geometry":{"type":"LineString","coordinates":[[1641.1,1871.8],[1641.6,1869.4]]}},{"type":"Feature","properties":{"id":"p:equipos:4842","n":2,"sc":"#636466"},"geometry":{"type":"LineString","coordinates":[[1641.6,1869.4],[1642.1,1868.5],[1642.1,1868]]}},{"type":"Feature","properties":{"id":"p:equipos:4843","n":2,"sc":"#636466"},"geometry":{"type":"LineString","coordinates":[[1642.1,1873.8],[1641.6,1873.3],[1641.1,1871.8]]}},{"type":"Feature","properties":{"id":"p:equipos:4844","n":1,"sc":"#636466"},"geometry":{"type":"LineString","coordinates":[[1644,1867.0],[1646.9,1870.4]]}},{"type":"Feature","properties":{"id":"p:equipos:4845","n":4,"sc":"#636466"},"geometry":{"type":"LineString","coordinates":[[1642.1,1867.8],[1642.0,1867.7],[1641.9,1867.7],[1641.9,1867.7],[1641.8,1867.7]]}},{"type":"Feature","properties":{"id":"p:equipos:4846","n":1,"sc":"#636466"},"geometry":{"type":"LineString","coordinates":[[1642.1,1873.8],[1642.1,1873.8]]}},{"type":"Feature","properties":{"id":"p:equipos:4847","n":1,"sc":"#636466"},"geometry":{"type":"LineString","coordinates":[[1644,1869.0],[1642.6,1868]]}},{"type":"Feature","properties":{"id":"p:equipos:4848","n":2,"sc":"#636466"},"geometry":{"type":"LineString","coordinates":[[1637.8,1858.4],[1636.8,1858.4],[1635.8,1859.4]]}},{"type":"Feature","properties":{"id":"p:equipos:4849","n":1,"sc":"#636466"},"geometry":{"type":"LineString","coordinates":[[1635.8,1866.1],[1635.8,1866.1]]}},{"type":"Feature","properties":{"id":"p:equipos:4850","n":1,"sc":"#636466"},"geometry":{"type":"LineString","coordinates":[[1643.5,1873.8],[1642.1,1873.8]]}},{"type":"Feature","properties":{"id":"p:equipos:4851","n":1,"sc":"#636466"},"geometry":{"type":"LineString","coordinates":[[1645.9,1869.9],[1644,1869.0]]}},{"type":"Feature","properties":{"id":"p:equipos:4852","n":4,"sc":"#636466"},"geometry":{"type":"LineString","coordinates":[[1643.8,1866.6],[1643.6,1866.4],[1643.4,1866.2],[1643.1,1866.1],[1642.8,1866.1]]}},{"type":"Feature","properties":{"id":"p:equipos:4853","n":3,"sc":"#636466"},"geometry":{"type":"LineString","coordinates":[[1635.4,1863.7],[1635.4,1864.6],[1635.8,1865.1],[1635.8,1865.6]]}},{"type":"Feature","properties":{"id":"p:equipos:4854","n":1,"sc":"#636466"},"geometry":{"type":"LineString","coordinates":[[1641.1,1866.6],[1641.1,1866.6]]}},{"type":"Feature","properties":{"id":"p:equipos:4855","n":4,"sc":"#636466"},"geometry":{"type":"LineString","coordinates":[[1627.7,1865.2],[1627.7,1865.4],[1627.7,1865.5],[1627.7,1865.7],[1627.7,1865.9]]}},{"type":"Feature","properties":{"id":"p:equipos:4856","n":8,"sc":"#636466"},"geometry":{"type":"LineString","coordinates":[[1627.5,1868.1],[1626.9,1869.2],[1626.7,1870.4],[1626.8,1871.6],[1627.3,1872.8],[1628.0,1873.8],[1629.0,1874.6],[1630.1,1875.0],[1631.3,1875.2]]}},{"type":"Feature","properties":{"id":"p:equipos:4857","n":2,"sc":"#636466"},"geometry":{"type":"LineString","coordinates":[[1639.7,1859.4],[1638.7,1858.4],[1638.2,1858.4]]}},{"type":"Feature","properties":{"id":"p:equipos:4858","n":1,"sc":"#636466"},"geometry":{"type":"LineString","coordinates":[[1639.7,1863.7],[1639.7,1862.2]]}},{"type":"Feature","properties":{"id":"p:equipos:4859","n":1,"sc":"#636466"},"geometry":{"type":"LineString","coordinates":[[1639.7,1863.7],[1639.7,1863.7]]}},{"type":"Feature","properties":{"id":"p:equipos:4860","n":1,"sc":"#636466"},"geometry":{"type":"LineString","coordinates":[[1639.7,1863.7],[1639.7,1863.7]]}},{"type":"Feature","properties":{"id":"p:equipos:4861","n":1,"sc":"#636466"},"geometry":{"type":"LineString","coordinates":[[1638.2,1871.8],[1638.2,1871.8]]}},{"type":"Feature","properties":{"id":"p:equipos:4862","n":1,"sc":"#636466"},"geometry":{"type":"LineString","coordinates":[[1637.3,1871.8],[1637.3,1871.8]]}},{"type":"Feature","properties":{"id":"p:equipos:4863","n":2,"sc":"#636466"},"geometry":{"type":"LineString","coordinates":[[1622.9,1860.8],[1623.4,1860.3],[1624.8,1860.3]]}},{"type":"Feature","properties":{"id":"p:equipos:4864","n":1,"sc":"#636466"},"geometry":{"type":"LineString","coordinates":[[1627.7,1863.7],[1628.2,1864.2]]}},{"type":"Feature","properties":{"id":"p:equipos:4865","n":2,"sc":"#636466"},"geometry":{"type":"LineString","coordinates":[[1621.9,1863.2],[1621.9,1862.2],[1622.4,1861.3]]}},{"type":"Feature","properties":{"id":"p:equipos:4866","n":1,"sc":"#636466"},"geometry":{"type":"LineString","coordinates":[[1623.8,1865.6],[1623.4,1865.1]]}},{"type":"Feature","properties":{"id":"p:equipos:4867","n":1,"sc":"#636466"},"geometry":{"type":"LineString","coordinates":[[1640.2,1864.2],[1640.2,1864.2]]}},{"type":"Feature","properties":{"id":"p:equipos:4868","n":1,"sc":"#636466"},"geometry":{"type":"LineString","coordinates":[[1640.2,1864.2],[1639.7,1864.2]]}},{"type":"Feature","properties":{"id":"p:equipos:4869","n":4,"sc":"#636466"},"geometry":{"type":"LineString","coordinates":[[1642.3,1865.8],[1642.3,1865.8],[1642.3,1865.8],[1642.3,1865.7],[1642.3,1865.7]]}},{"type":"Feature","properties":{"id":"p:equipos:4870","n":1,"sc":"#636466"},"geometry":{"type":"LineString","coordinates":[[1645.9,1873.3],[1643.5,1873.8]]}},{"type":"Feature","properties":{"id":"p:equipos:4871","n":1,"sc":"#636466"},"geometry":{"type":"LineString","coordinates":[[1640.2,1864.2],[1640.2,1864.2]]}},{"type":"Feature","properties":{"id":"p:equipos:4872","n":3,"sc":"#636466"},"geometry":{"type":"LineString","coordinates":[[1637.8,1864.2],[1637.3,1864.2],[1637.3,1863.7],[1637.8,1863.7]]}},{"type":"Feature","properties":{"id":"p:equipos:4873","n":2,"sc":"#636466"},"geometry":{"type":"LineString","coordinates":[[1638.7,1865.1],[1638.2,1865.1],[1638.2,1864.6]]}},{"type":"Feature","properties":{"id":"p:equipos:4874","n":1,"sc":"#636466"},"geometry":{"type":"LineString","coordinates":[[1637.8,1863.7],[1637.3,1863.7]]}},{"type":"Feature","properties":{"id":"p:equipos:4875","n":1,"sc":"#636466"},"geometry":{"type":"LineString","coordinates":[[1637.3,1863.7],[1637.8,1864.2]]}},{"type":"Feature","properties":{"id":"p:equipos:4876","n":1,"sc":"#636466"},"geometry":{"type":"LineString","coordinates":[[1639.2,1865.6],[1639.2,1865.6]]}},{"type":"Feature","properties":{"id":"p:equipos:4877","n":1,"sc":"#636466"},"geometry":{"type":"LineString","coordinates":[[1640.2,1864.2],[1640.2,1864.2]]}},{"type":"Feature","properties":{"id":"p:equipos:4878","n":1,"sc":"#636466"},"geometry":{"type":"LineString","coordinates":[[1639.7,1864.2],[1640.2,1864.2]]}},{"type":"Feature","properties":{"id":"p:equipos:4879","n":4,"sc":"#636466"},"geometry":{"type":"LineString","coordinates":[[1641.1,1866.5],[1641.1,1866.5],[1641.1,1866.5],[1641.1,1866.5],[1641.1,1866.5]]}},{"type":"Feature","properties":{"id":"p:equipos:4880","n":1,"sc":"#636466"},"geometry":{"type":"LineString","coordinates":[[1638.2,1864.6],[1638.7,1865.1]]}},{"type":"Feature","properties":{"id":"p:equipos:4881","n":1,"sc":"#636466"},"geometry":{"type":"LineString","coordinates":[[1642.6,1866.1],[1642.6,1866.1]]}},{"type":"Feature","properties":{"id":"p:equipos:4882","n":1,"sc":"#636466"},"geometry":{"type":"LineString","coordinates":[[1642.1,1866.1],[1642.1,1866.1]]}},{"type":"Feature","properties":{"id":"p:equipos:4883","n":2,"sc":"#636466"},"geometry":{"type":"LineString","coordinates":[[1637.8,1864.2],[1637.8,1863.7],[1638.2,1863.7]]}},{"type":"Feature","properties":{"id":"p:equipos:4884","n":1,"sc":"#636466"},"geometry":{"type":"LineString","coordinates":[[1640.6,1866.6],[1641.1,1866.1]]}},{"type":"Feature","properties":{"id":"p:equipos:4885","n":1,"sc":"#636466"},"geometry":{"type":"LineString","coordinates":[[1640.6,1866.6],[1640.6,1866.6]]}},{"type":"Feature","properties":{"id":"p:equipos:4886","n":1,"sc":"#636466"},"geometry":{"type":"LineString","coordinates":[[1640.6,1866.6],[1640.6,1866.6]]}},{"type":"Feature","properties":{"id":"p:equipos:4887","n":1,"sc":"#636466"},"geometry":{"type":"LineString","coordinates":[[1641.1,1866.1],[1640.6,1866.6]]}},{"type":"Feature","properties":{"id":"p:equipos:4888","n":4,"sc":"#636466"},"geometry":{"type":"LineString","coordinates":[[1620.3,1867.5],[1620.3,1867.5],[1620.2,1867.5],[1620.2,1867.5],[1620.1,1867.5]]}},{"type":"Feature","properties":{"id":"p:equipos:4889","n":1,"sc":"#636466"},"geometry":{"type":"LineString","coordinates":[[1626.7,1865.1],[1627.2,1865.6]]}},{"type":"Feature","properties":{"id":"p:equipos:4890","n":1,"sc":"#636466"},"geometry":{"type":"LineString","coordinates":[[1638.2,1863.7],[1637.8,1864.2]]}},{"type":"Feature","properties":{"id":"p:equipos:4891","n":2,"sc":"#636466"},"geometry":{"type":"LineString","coordinates":[[1641.1,1866.1],[1641.1,1865.6],[1641.1,1865.1]]}},{"type":"Feature","properties":{"id":"p:equipos:4892","n":2,"sc":"#636466"},"geometry":{"type":"LineString","coordinates":[[1641.1,1867.0],[1641.6,1866.1],[1642.6,1866.1]]}},{"type":"Feature","properties":{"id":"p:equipos:4893","n":1,"sc":"#636466"},"geometry":{"type":"LineString","coordinates":[[1641.1,1867.0],[1641.1,1867.0]]}},{"type":"Feature","properties":{"id":"p:equipos:4894","n":1,"sc":"#636466"},"geometry":{"type":"LineString","coordinates":[[1626.2,1866.1],[1626.2,1866.1]]}},{"type":"Feature","properties":{"id":"p:equipos:4895","n":1,"sc":"#636466"},"geometry":{"type":"LineString","coordinates":[[1642.1,1866.6],[1643.0,1866.1]]}},{"type":"Feature","properties":{"id":"p:equipos:4896","n":1,"sc":"#636466"},"geometry":{"type":"LineString","coordinates":[[1625.8,1865.6],[1626.2,1865.6]]}},{"type":"Feature","properties":{"id":"p:equipos:4897","n":1,"sc":"#636466"},"geometry":{"type":"LineString","coordinates":[[1640.2,1864.2],[1642.6,1866.1]]}},{"type":"Feature","properties":{"id":"p:equipos:4898","n":8,"sc":"#636466"},"geometry":{"type":"LineString","coordinates":[[1631.3,1875.2],[1632.6,1875.0],[1633.7,1874.5],[1634.6,1873.7],[1635.3,1872.7],[1635.8,1871.5],[1635.8,1870.3],[1635.6,1869.1],[1635.0,1868.0]]}},{"type":"Feature","properties":{"id":"p:equipos:4899","n":1,"sc":"#636466"},"geometry":{"type":"LineString","coordinates":[[1642.1,1866.6],[1641.6,1867.5]]}},{"type":"Feature","properties":{"id":"p:equipos:4900","n":4,"sc":"#636466"},"geometry":{"type":"LineString","coordinates":[[1635.6,1858.8],[1635.5,1859.0],[1635.4,1859.1],[1635.4,1859.3],[1635.4,1859.5]]}},{"type":"Feature","properties":{"id":"p:equipos:4901","n":1,"sc":"#636466"},"geometry":{"type":"LineString","coordinates":[[1631.0,1862.7],[1631.0,1862.7]]}},{"type":"Feature","properties":{"id":"p:equipos:4902","n":1,"sc":"#636466"},"geometry":{"type":"LineString","coordinates":[[1635.8,1859.8],[1635.4,1861.8]]}},{"type":"Feature","properties":{"id":"p:equipos:4903","n":1,"sc":"#636466"},"geometry":{"type":"LineString","coordinates":[[1635.4,1861.8],[1635.4,1863.7]]}},{"type":"Feature","properties":{"id":"p:equipos:4904","n":1,"sc":"#636466"},"geometry":{"type":"LineString","coordinates":[[1638.2,1858.4],[1637.8,1858.4]]}},{"type":"Feature","properties":{"id":"p:equipos:4905","n":4,"sc":"#636466"},"geometry":{"type":"LineString","coordinates":[[1639.2,1859.5],[1639.2,1859.4],[1639.2,1859.3],[1639.1,1859.2],[1639.1,1859.0]]}},{"type":"Feature","properties":{"id":"p:equipos:4906","n":1,"sc":"#636466"},"geometry":{"type":"LineString","coordinates":[[1639.7,1862.2],[1639.7,1859.8]]}},{"type":"Feature","properties":{"id":"p:equipos:4907","n":1,"sc":"#636466"},"geometry":{"type":"LineString","coordinates":[[1638.2,1871.4],[1638.2,1871.4]]}},{"type":"Feature","properties":{"id":"p:equipos:4908","n":1,"sc":"#636466"},"geometry":{"type":"LineString","coordinates":[[1621.0,1868],[1620.5,1868]]}},{"type":"Feature","properties":{"id":"p:equipos:4909","n":1,"sc":"#636466"},"geometry":{"type":"LineString","coordinates":[[1621.0,1867.5],[1621.0,1867.5]]}},{"type":"Feature","properties":{"id":"p:equipos:4910","n":1,"sc":"#636466"},"geometry":{"type":"LineString","coordinates":[[1637.3,1871.4],[1637.3,1871.4]]}},{"type":"Feature","properties":{"id":"p:equipos:4911","n":1,"sc":"#636466"},"geometry":{"type":"LineString","coordinates":[[1639.7,1864.2],[1639.7,1863.7]]}},{"type":"Feature","properties":{"id":"p:equipos:4912","n":1,"sc":"#636466"},"geometry":{"type":"LineString","coordinates":[[1625.3,1860.8],[1626.7,1862.2]]}},{"type":"Feature","properties":{"id":"p:equipos:4913","n":1,"sc":"#636466"},"geometry":{"type":"LineString","coordinates":[[1626.7,1862.2],[1627.7,1863.7]]}},{"type":"Feature","properties":{"id":"p:equipos:4914","n":1,"sc":"#636466"},"geometry":{"type":"LineString","coordinates":[[1622.4,1861.3],[1622.9,1860.8]]}},{"type":"Feature","properties":{"id":"p:equipos:4915","n":1,"sc":"#636466"},"geometry":{"type":"LineString","coordinates":[[1623.4,1865.1],[1622.4,1863.7]]}},{"type":"Feature","properties":{"id":"p:equipos:4916","n":4,"sc":"#636466"},"geometry":{"type":"LineString","coordinates":[[1624.8,1860.8],[1624.7,1860.7],[1624.5,1860.6],[1624.4,1860.5],[1624.2,1860.4]]}},{"type":"Feature","properties":{"id":"p:equipos:4917","n":1,"sc":"#636466"},"geometry":{"type":"LineString","coordinates":[[1626.7,1865.1],[1627.2,1865.6]]}},{"type":"Feature","properties":{"id":"p:equipos:4918","n":4,"sc":"#636466"},"geometry":{"type":"LineString","coordinates":[[1622.0,1862.6],[1622.1,1862.7],[1622.1,1862.8],[1622.2,1862.9],[1622.3,1863.0]]}},{"type":"Feature","properties":{"id":"p:equipos:4919","n":1,"sc":"#636466"},"geometry":{"type":"LineString","coordinates":[[1627.2,1869.0],[1627.2,1869.0]]}},{"type":"Feature","properties":{"id":"p:equipos:4920","n":1,"sc":"#636466"},"geometry":{"type":"LineString","coordinates":[[1643.0,1866.1],[1643.0,1866.1]]}},{"type":"Feature","properties":{"id":"p:equipos:4921","n":1,"sc":"#636466"},"geometry":{"type":"LineString","coordinates":[[1642.6,1866.1],[1640.2,1864.2]]}},{"type":"Feature","properties":{"id":"p:equipos:4922","n":1,"sc":"#636466"},"geometry":{"type":"LineString","coordinates":[[1626.2,1866.1],[1626.2,1866.1]]}},{"type":"Feature","properties":{"id":"p:equipos:4923","n":1,"sc":"#636466"},"geometry":{"type":"LineString","coordinates":[[1625.8,1865.6],[1626.2,1865.6]]}},{"type":"Feature","properties":{"id":"p:equipos:4924","n":2,"sc":"#636466"},"geometry":{"type":"LineString","coordinates":[[1627.7,1865.6],[1629.1,1863.7],[1631.0,1862.7]]}},{"type":"Feature","properties":{"id":"p:equipos:4925","n":4,"sc":"#636466"},"geometry":{"type":"LineString","coordinates":[[1634.9,1866.1],[1634.9,1864.6],[1633.9,1863.7],[1632.5,1862.7],[1631.0,1862.7]]}},{"type":"Feature","properties":{"id":"p:equipos:4926","n":4,"sc":"#636466"},"geometry":{"type":"LineString","coordinates":[[1631.0,1862.7],[1630.1,1862.7],[1628.6,1863.7],[1627.7,1864.6],[1627.7,1866.1]]}},{"type":"Feature","properties":{"id":"p:equipos:4927","n":4,"sc":"#636466"},"geometry":{"type":"LineString","coordinates":[[1634.9,1868.5],[1633.4,1867.0],[1631.5,1866.6],[1629.1,1867.0],[1627.7,1868.5]]}},{"type":"Feature","properties":{"id":"p:equipos:4928","n":1,"sc":"#636466"},"geometry":{"type":"LineString","coordinates":[[1634.9,1866.1],[1634.9,1868.5]]}},{"type":"Feature","properties":{"id":"p:equipos:4929","n":1,"sc":"#636466"},"geometry":{"type":"LineString","coordinates":[[1627.7,1866.1],[1627.7,1868.5]]}},{"type":"Feature","properties":{"id":"p:equipos:4930","n":4,"sc":"#636466"},"geometry":{"type":"LineString","coordinates":[[1646.8,1801.2],[1646.9,1801.1],[1647.0,1801.0],[1647.1,1801.0],[1647.3,1800.9]]}},{"type":"Feature","properties":{"id":"p:equipos:4931","n":2,"sc":"#636466"},"geometry":{"type":"LineString","coordinates":[[1638.7,1806.1],[1640.6,1805.6],[1642.6,1804.6]]}},{"type":"Feature","properties":{"id":"p:equipos:4932","n":1,"sc":"#636466"},"geometry":{"type":"LineString","coordinates":[[1621.4,1803.2],[1622.4,1804.6]]}},{"type":"Feature","properties":{"id":"p:equipos:4933","n":2,"sc":"#636466"},"geometry":{"type":"LineString","coordinates":[[1625.3,1796],[1623.4,1796],[1621.9,1797.4]]}},{"type":"Feature","properties":{"id":"p:equipos:4934","n":1,"sc":"#636466"},"geometry":{"type":"LineString","coordinates":[[1628.6,1796],[1625.3,1796]]}},{"type":"Feature","properties":{"id":"p:equipos:4935","n":1,"sc":"#636466"},"geometry":{"type":"LineString","coordinates":[[1637.3,1801.8],[1637.3,1801.8]]}},{"type":"Feature","properties":{"id":"p:equipos:4936","n":1,"sc":"#636466"},"geometry":{"type":"LineString","coordinates":[[1635.8,1806.1],[1638.7,1806.1]]}},{"type":"Feature","properties":{"id":"p:equipos:4937","n":1,"sc":"#636466"},"geometry":{"type":"LineString","coordinates":[[1625.8,1806.1],[1628.6,1806.1]]}},{"type":"Feature","properties":{"id":"p:equipos:4938","n":1,"sc":"#636466"},"geometry":{"type":"LineString","coordinates":[[1636.3,1796],[1628.6,1796]]}},{"type":"Feature","properties":{"id":"p:equipos:4939","n":1,"sc":"#636466"},"geometry":{"type":"LineString","coordinates":[[1639.7,1796],[1636.3,1796]]}},{"type":"Feature","properties":{"id":"p:equipos:4940","n":2,"sc":"#636466"},"geometry":{"type":"LineString","coordinates":[[1622.4,1804.6],[1623.8,1805.6],[1625.8,1806.1]]}},{"type":"Feature","properties":{"id":"p:equipos:4941","n":1,"sc":"#636466"},"geometry":{"type":"LineString","coordinates":[[1642.6,1804.6],[1643.0,1803.2]]}},{"type":"Feature","properties":{"id":"p:equipos:4942","n":2,"sc":"#636466"},"geometry":{"type":"LineString","coordinates":[[1643.0,1797.4],[1641.6,1796.5],[1639.7,1796]]}},{"type":"Feature","properties":{"id":"p:equipos:4943","n":1,"sc":"#636466"},"geometry":{"type":"LineString","coordinates":[[1644,1805.1],[1644,1805.1]]}},{"type":"Feature","properties":{"id":"p:equipos:4944","n":2,"sc":"#636466"},"geometry":{"type":"LineString","coordinates":[[1638.7,1808],[1640.2,1808],[1641.6,1807.0]]}},{"type":"Feature","properties":{"id":"p:equipos:4945","n":1,"sc":"#636466"},"geometry":{"type":"LineString","coordinates":[[1641.6,1807.0],[1642.1,1806.6]]}},{"type":"Feature","properties":{"id":"p:equipos:4946","n":1,"sc":"#636466"},"geometry":{"type":"LineString","coordinates":[[1641.1,1807.0],[1641.1,1807.0]]}},{"type":"Feature","properties":{"id":"p:equipos:4947","n":1,"sc":"#636466"},"geometry":{"type":"LineString","coordinates":[[1641.1,1807.0],[1641.1,1807.0]]}},{"type":"Feature","properties":{"id":"p:equipos:4948","n":1,"sc":"#636466"},"geometry":{"type":"LineString","coordinates":[[1639.7,1806.6],[1639.7,1806.6]]}},{"type":"Feature","properties":{"id":"p:equipos:4949","n":1,"sc":"#636466"},"geometry":{"type":"LineString","coordinates":[[1642.6,1806.6],[1643.0,1806.1]]}},{"type":"Feature","properties":{"id":"p:equipos:4950","n":1,"sc":"#636466"},"geometry":{"type":"LineString","coordinates":[[1643.5,1805.6],[1644,1805.1]]}},{"type":"Feature","properties":{"id":"p:equipos:4951","n":1,"sc":"#636466"},"geometry":{"type":"LineString","coordinates":[[1643.5,1805.6],[1643.5,1805.6]]}},{"type":"Feature","properties":{"id":"p:equipos:4952","n":1,"sc":"#636466"},"geometry":{"type":"LineString","coordinates":[[1641.6,1805.1],[1641.6,1805.1]]}},{"type":"Feature","properties":{"id":"p:equipos:4953","n":1,"sc":"#636466"},"geometry":{"type":"LineString","coordinates":[[1639.2,1808],[1642.1,1806.6]]}},{"type":"Feature","properties":{"id":"p:equipos:4954","n":1,"sc":"#636466"},"geometry":{"type":"LineString","coordinates":[[1640.6,1805.6],[1638.7,1807.0]]}},{"type":"Feature","properties":{"id":"p:equipos:4955","n":4,"sc":"#636466"},"geometry":{"type":"LineString","coordinates":[[1636.5,1802.0],[1636.5,1802.0],[1636.5,1802.0],[1636.5,1802.0],[1636.5,1802.0]]}},{"type":"Feature","properties":{"id":"p:equipos:4956","n":4,"sc":"#636466"},"geometry":{"type":"LineString","coordinates":[[1643.1,1804.4],[1643.5,1804.6],[1643.9,1804.6],[1644.4,1804.5],[1644.7,1804.2]]}},{"type":"Feature","properties":{"id":"p:equipos:4957","n":1,"sc":"#636466"},"geometry":{"type":"LineString","coordinates":[[1643.5,1805.6],[1644,1805.1]]}},{"type":"Feature","properties":{"id":"p:equipos:4958","n":1,"sc":"#636466"},"geometry":{"type":"LineString","coordinates":[[1621.9,1804.2],[1621.9,1804.2]]}},{"type":"Feature","properties":{"id":"p:equipos:4959","n":1,"sc":"#636466"},"geometry":{"type":"LineString","coordinates":[[1621.4,1803.7],[1621.9,1804.2]]}},{"type":"Feature","properties":{"id":"p:equipos:4960","n":4,"sc":"#636466"},"geometry":{"type":"LineString","coordinates":[[1641.2,1807.0],[1641.2,1806.9],[1641.3,1806.9],[1641.3,1806.9],[1641.3,1806.9]]}},{"type":"Feature","properties":{"id":"p:equipos:4961","n":2,"sc":"#636466"},"geometry":{"type":"LineString","coordinates":[[1625.3,1806.1],[1626.7,1806.6],[1628.2,1806.1]]}},{"type":"Feature","properties":{"id":"p:equipos:4962","n":1,"sc":"#636466"},"geometry":{"type":"LineString","coordinates":[[1621.4,1803.7],[1622.4,1804.2]]}},{"type":"Feature","properties":{"id":"p:equipos:4963","n":1,"sc":"#636466"},"geometry":{"type":"LineString","coordinates":[[1638.7,1807.5],[1638.7,1807.5]]}},{"type":"Feature","properties":{"id":"p:equipos:4964","n":1,"sc":"#636466"},"geometry":{"type":"LineString","coordinates":[[1626.7,1806.1],[1627.2,1806.1]]}},{"type":"Feature","properties":{"id":"p:equipos:4965","n":1,"sc":"#636466"},"geometry":{"type":"LineString","coordinates":[[1628.2,1804.6],[1628.2,1804.6]]}},{"type":"Feature","properties":{"id":"p:equipos:4966","n":1,"sc":"#636466"},"geometry":{"type":"LineString","coordinates":[[1622.4,1804.6],[1622.4,1804.6]]}},{"type":"Feature","properties":{"id":"p:equipos:4967","n":1,"sc":"#636466"},"geometry":{"type":"LineString","coordinates":[[1621.4,1803.2],[1621.4,1803.2]]}},{"type":"Feature","properties":{"id":"p:equipos:4968","n":1,"sc":"#636466"},"geometry":{"type":"LineString","coordinates":[[1636.3,1804.6],[1636.3,1804.6]]}},{"type":"Feature","properties":{"id":"p:equipos:4969","n":1,"sc":"#636466"},"geometry":{"type":"LineString","coordinates":[[1639.7,1806.6],[1639.7,1806.6]]}},{"type":"Feature","properties":{"id":"p:equipos:4970","n":1,"sc":"#636466"},"geometry":{"type":"LineString","coordinates":[[1637.8,1805.6],[1637.8,1805.6]]}},{"type":"Feature","properties":{"id":"p:equipos:4971","n":1,"sc":"#636466"},"geometry":{"type":"LineString","coordinates":[[1614.2,1803.2],[1614.7,1803.2]]}},{"type":"Feature","properties":{"id":"p:equipos:4972","n":1,"sc":"#636466"},"geometry":{"type":"LineString","coordinates":[[1621.4,1803.7],[1614.2,1803.2]]}},{"type":"Feature","properties":{"id":"p:equipos:4973","n":4,"sc":"#636466"},"geometry":{"type":"LineString","coordinates":[[1638.4,1805.6],[1638.8,1805.6],[1639.2,1805.6],[1639.6,1805.5],[1640.0,1805.4]]}},{"type":"Feature","properties":{"id":"p:equipos:4974","n":4,"sc":"#636466"},"geometry":{"type":"LineString","coordinates":[[1614.2,1799.4],[1613.3,1799.8],[1613.3,1801.3],[1613.8,1802.2],[1614.2,1803.2]]}},{"type":"Feature","properties":{"id":"p:equipos:4975","n":1,"sc":"#636466"},"geometry":{"type":"LineString","coordinates":[[1618.1,1798.4],[1621.9,1797.4]]}},{"type":"Feature","properties":{"id":"p:equipos:4976","n":1,"sc":"#636466"},"geometry":{"type":"LineString","coordinates":[[1621.4,1803.2],[1621.9,1802.2]]}},{"type":"Feature","properties":{"id":"p:equipos:4977","n":1,"sc":"#636466"},"geometry":{"type":"LineString","coordinates":[[1618.6,1803.2],[1621.4,1803.2]]}},{"type":"Feature","properties":{"id":"p:equipos:4978","n":1,"sc":"#636466"},"geometry":{"type":"LineString","coordinates":[[1614.2,1799.4],[1618.1,1798.4]]}},{"type":"Feature","properties":{"id":"p:equipos:4979","n":8,"sc":"#636466"},"geometry":{"type":"LineString","coordinates":[[1613.9,1799.4],[1613.3,1799.5],[1612.8,1799.9],[1612.5,1800.4],[1612.3,1801.0],[1612.4,1801.6],[1612.7,1802.1],[1613.2,1802.5],[1613.8,1802.7]]}},{"type":"Feature","properties":{"id":"p:equipos:4980","n":1,"sc":"#636466"},"geometry":{"type":"LineString","coordinates":[[1621.9,1802.2],[1622.4,1799.4]]}},{"type":"Feature","properties":{"id":"p:equipos:4981","n":1,"sc":"#636466"},"geometry":{"type":"LineString","coordinates":[[1614.7,1803.2],[1618.6,1803.2]]}},{"type":"Feature","properties":{"id":"p:equipos:4982","n":2,"sc":"#636466"},"geometry":{"type":"LineString","coordinates":[[1622.4,1799.4],[1621.9,1797.9],[1621.9,1797.4]]}},{"type":"Feature","properties":{"id":"p:equipos:4983","n":1,"sc":"#636466"},"geometry":{"type":"LineString","coordinates":[[1642.6,1804.6],[1642.6,1804.6]]}},{"type":"Feature","properties":{"id":"p:equipos:4984","n":4,"sc":"#636466"},"geometry":{"type":"LineString","coordinates":[[1621.6,1797.0],[1621.6,1797.0],[1621.5,1797.0],[1621.5,1797.0],[1621.4,1797.1]]}},{"type":"Feature","properties":{"id":"p:equipos:4985","n":8,"sc":"#636466"},"geometry":{"type":"LineString","coordinates":[[1647.5,1800.6],[1647.7,1800.3],[1647.8,1799.8],[1647.8,1799.4],[1647.7,1799.0],[1647.5,1798.6],[1647.2,1798.3],[1646.8,1798.1],[1646.4,1797.9]]}},{"type":"Feature","properties":{"id":"p:equipos:4986","n":1,"sc":"#636466"},"geometry":{"type":"LineString","coordinates":[[1642.1,1799.8],[1642.6,1802.2]]}},{"type":"Feature","properties":{"id":"p:equipos:4987","n":1,"sc":"#636466"},"geometry":{"type":"LineString","coordinates":[[1642.6,1802.2],[1643.0,1803.2]]}},{"type":"Feature","properties":{"id":"p:equipos:4988","n":2,"sc":"#636466"},"geometry":{"type":"LineString","coordinates":[[1643.0,1797.4],[1642.6,1798.4],[1642.1,1799.8]]}},{"type":"Feature","properties":{"id":"p:equipos:4989","n":1,"sc":"#636466"},"geometry":{"type":"LineString","coordinates":[[1645.0,1804.6],[1647.8,1801.3]]}},{"type":"Feature","properties":{"id":"p:equipos:4990","n":4,"sc":"#636466"},"geometry":{"type":"LineString","coordinates":[[1643.2,1803.1],[1643.3,1803.0],[1643.4,1803.0],[1643.5,1803.0],[1643.5,1802.9]]}},{"type":"Feature","properties":{"id":"p:equipos:4991","n":1,"sc":"#636466"},"geometry":{"type":"LineString","coordinates":[[1643.0,1797.4],[1643.0,1797.4]]}},{"type":"Feature","properties":{"id":"p:equipos:4992","n":1,"sc":"#636466"},"geometry":{"type":"LineString","coordinates":[[1645.4,1802.2],[1643.5,1803.2]]}},{"type":"Feature","properties":{"id":"p:equipos:4993","n":2,"sc":"#636466"},"geometry":{"type":"LineString","coordinates":[[1638.7,1813.3],[1637.8,1813.3],[1636.8,1812.3]]}},{"type":"Feature","properties":{"id":"p:equipos:4994","n":1,"sc":"#636466"},"geometry":{"type":"LineString","coordinates":[[1637.3,1805.1],[1637.3,1805.1]]}},{"type":"Feature","properties":{"id":"p:equipos:4995","n":1,"sc":"#636466"},"geometry":{"type":"LineString","coordinates":[[1644.5,1797.9],[1643.0,1797.4]]}},{"type":"Feature","properties":{"id":"p:equipos:4996","n":1,"sc":"#636466"},"geometry":{"type":"LineString","coordinates":[[1646.9,1801.8],[1645.4,1802.2]]}},{"type":"Feature","properties":{"id":"p:equipos:4997","n":4,"sc":"#636466"},"geometry":{"type":"LineString","coordinates":[[1643.8,1804.6],[1644.1,1804.6],[1644.3,1804.5],[1644.6,1804.3],[1644.7,1804.1]]}},{"type":"Feature","properties":{"id":"p:equipos:4998","n":2,"sc":"#636466"},"geometry":{"type":"LineString","coordinates":[[1636.3,1808],[1636.3,1807.0],[1636.8,1806.1]]}},{"type":"Feature","properties":{"id":"p:equipos:4999","n":1,"sc":"#636466"},"geometry":{"type":"LineString","coordinates":[[1642.6,1805.1],[1642.6,1805.1]]}},{"type":"Feature","properties":{"id":"p:equipos:5000","n":4,"sc":"#636466"},"geometry":{"type":"LineString","coordinates":[[1628.6,1804.9],[1628.6,1805.0],[1628.7,1805.2],[1628.7,1805.4],[1628.7,1805.5]]}},{"type":"Feature","properties":{"id":"p:equipos:5001","n":8,"sc":"#636466"},"geometry":{"type":"LineString","coordinates":[[1632.3,1795.5],[1631.0,1795.7],[1629.9,1796.2],[1628.9,1796.9],[1628.2,1797.9],[1627.8,1799.1],[1627.7,1800.3],[1627.9,1801.5],[1628.5,1802.7]]}},{"type":"Feature","properties":{"id":"p:equipos:5002","n":2,"sc":"#636466"},"geometry":{"type":"LineString","coordinates":[[1640.6,1811.8],[1640.2,1812.8],[1639.2,1813.3]]}},{"type":"Feature","properties":{"id":"p:equipos:5003","n":1,"sc":"#636466"},"geometry":{"type":"LineString","coordinates":[[1641.1,1807.5],[1641.1,1809.4]]}},{"type":"Feature","properties":{"id":"p:equipos:5004","n":1,"sc":"#636466"},"geometry":{"type":"LineString","coordinates":[[1641.1,1807.5],[1640.6,1808]]}},{"type":"Feature","properties":{"id":"p:equipos:5005","n":1,"sc":"#636466"},"geometry":{"type":"LineString","coordinates":[[1641.1,1807.5],[1641.1,1807.5]]}},{"type":"Feature","properties":{"id":"p:equipos:5006","n":1,"sc":"#636466"},"geometry":{"type":"LineString","coordinates":[[1639.2,1799.8],[1639.2,1799.8]]}},{"type":"Feature","properties":{"id":"p:equipos:5007","n":1,"sc":"#636466"},"geometry":{"type":"LineString","coordinates":[[1638.2,1799.8],[1638.2,1799.8]]}},{"type":"Feature","properties":{"id":"p:equipos:5008","n":2,"sc":"#636466"},"geometry":{"type":"LineString","coordinates":[[1623.8,1810.9],[1624.8,1811.4],[1625.8,1810.9]]}},{"type":"Feature","properties":{"id":"p:equipos:5009","n":1,"sc":"#636466"},"geometry":{"type":"LineString","coordinates":[[1629.1,1808],[1629.6,1807.5]]}},{"type":"Feature","properties":{"id":"p:equipos:5010","n":2,"sc":"#636466"},"geometry":{"type":"LineString","coordinates":[[1622.9,1808.5],[1622.9,1809.4],[1623.4,1810.4]]}},{"type":"Feature","properties":{"id":"p:equipos:5011","n":1,"sc":"#636466"},"geometry":{"type":"LineString","coordinates":[[1624.8,1805.6],[1624.8,1806.1]]}},{"type":"Feature","properties":{"id":"p:equipos:5012","n":1,"sc":"#636466"},"geometry":{"type":"LineString","coordinates":[[1641.6,1807.0],[1641.1,1807.0]]}},{"type":"Feature","properties":{"id":"p:equipos:5013","n":1,"sc":"#636466"},"geometry":{"type":"LineString","coordinates":[[1641.1,1807.0],[1640.6,1807.0]]}},{"type":"Feature","properties":{"id":"p:equipos:5014","n":4,"sc":"#636466"},"geometry":{"type":"LineString","coordinates":[[1643.7,1805.5],[1643.7,1805.4],[1643.7,1805.4],[1643.8,1805.4],[1643.8,1805.4]]}},{"type":"Feature","properties":{"id":"p:equipos:5015","n":1,"sc":"#636466"},"geometry":{"type":"LineString","coordinates":[[1646.9,1798.4],[1644.5,1797.9]]}},{"type":"Feature","properties":{"id":"p:equipos:5016","n":1,"sc":"#636466"},"geometry":{"type":"LineString","coordinates":[[1641.1,1807.0],[1641.6,1807.0]]}},{"type":"Feature","properties":{"id":"p:equipos:5017","n":2,"sc":"#636466"},"geometry":{"type":"LineString","coordinates":[[1638.7,1807.5],[1638.2,1807.5],[1638.7,1808]]}},{"type":"Feature","properties":{"id":"p:equipos:5018","n":2,"sc":"#636466"},"geometry":{"type":"LineString","coordinates":[[1639.7,1806.6],[1639.2,1806.6],[1639.2,1807.0]]}},{"type":"Feature","properties":{"id":"p:equipos:5019","n":1,"sc":"#636466"},"geometry":{"type":"LineString","coordinates":[[1638.7,1808],[1638.7,1808]]}},{"type":"Feature","properties":{"id":"p:equipos:5020","n":1,"sc":"#636466"},"geometry":{"type":"LineString","coordinates":[[1638.2,1807.5],[1638.7,1807.5]]}},{"type":"Feature","properties":{"id":"p:equipos:5021","n":1,"sc":"#636466"},"geometry":{"type":"LineString","coordinates":[[1640.6,1806.1],[1640.6,1806.1]]}},{"type":"Feature","properties":{"id":"p:equipos:5022","n":1,"sc":"#636466"},"geometry":{"type":"LineString","coordinates":[[1641.6,1807.0],[1641.6,1807.0]]}},{"type":"Feature","properties":{"id":"p:equipos:5023","n":1,"sc":"#636466"},"geometry":{"type":"LineString","coordinates":[[1640.6,1807.0],[1641.1,1807.0]]}},{"type":"Feature","properties":{"id":"p:equipos:5024","n":4,"sc":"#636466"},"geometry":{"type":"LineString","coordinates":[[1642.0,1804.7],[1642.0,1804.7],[1642.0,1804.7],[1642.0,1804.7],[1642.0,1804.7]]}},{"type":"Feature","properties":{"id":"p:equipos:5025","n":1,"sc":"#636466"},"geometry":{"type":"LineString","coordinates":[[1639.2,1807.0],[1639.7,1806.6]]}},{"type":"Feature","properties":{"id":"p:equipos:5026","n":1,"sc":"#636466"},"geometry":{"type":"LineString","coordinates":[[1643.5,1805.6],[1643.5,1805.6]]}},{"type":"Feature","properties":{"id":"p:equipos:5027","n":1,"sc":"#636466"},"geometry":{"type":"LineString","coordinates":[[1643.0,1805.6],[1643.0,1805.6]]}},{"type":"Feature","properties":{"id":"p:equipos:5028","n":3,"sc":"#636466"},"geometry":{"type":"LineString","coordinates":[[1638.7,1807.0],[1638.7,1807.5],[1638.7,1808],[1639.2,1808]]}},{"type":"Feature","properties":{"id":"p:equipos:5029","n":1,"sc":"#636466"},"geometry":{"type":"LineString","coordinates":[[1641.6,1805.1],[1642.1,1805.6]]}},{"type":"Feature","properties":{"id":"p:equipos:5030","n":1,"sc":"#636466"},"geometry":{"type":"LineString","coordinates":[[1641.6,1805.1],[1641.6,1805.1]]}},{"type":"Feature","properties":{"id":"p:equipos:5031","n":1,"sc":"#636466"},"geometry":{"type":"LineString","coordinates":[[1641.6,1805.1],[1641.6,1805.1]]}},{"type":"Feature","properties":{"id":"p:equipos:5032","n":1,"sc":"#636466"},"geometry":{"type":"LineString","coordinates":[[1642.1,1805.6],[1641.6,1805.1]]}},{"type":"Feature","properties":{"id":"p:equipos:5033","n":4,"sc":"#636466"},"geometry":{"type":"LineString","coordinates":[[1621.1,1803.2],[1621.1,1803.2],[1621.2,1803.2],[1621.2,1803.2],[1621.3,1803.2]]}},{"type":"Feature","properties":{"id":"p:equipos:5034","n":1,"sc":"#636466"},"geometry":{"type":"LineString","coordinates":[[1628.2,1806.1],[1628.2,1806.1]]}},{"type":"Feature","properties":{"id":"p:equipos:5035","n":1,"sc":"#636466"},"geometry":{"type":"LineString","coordinates":[[1639.2,1808],[1638.7,1807.0]]}},{"type":"Feature","properties":{"id":"p:equipos:5036","n":2,"sc":"#636466"},"geometry":{"type":"LineString","coordinates":[[1642.1,1805.6],[1642.1,1806.1],[1642.1,1806.6]]}},{"type":"Feature","properties":{"id":"p:equipos:5037","n":2,"sc":"#636466"},"geometry":{"type":"LineString","coordinates":[[1642.6,1804.6],[1643.0,1805.6],[1643.5,1805.6]]}},{"type":"Feature","properties":{"id":"p:equipos:5038","n":1,"sc":"#636466"},"geometry":{"type":"LineString","coordinates":[[1642.6,1804.6],[1642.6,1804.6]]}},{"type":"Feature","properties":{"id":"p:equipos:5039","n":1,"sc":"#636466"},"geometry":{"type":"LineString","coordinates":[[1627.7,1805.1],[1627.7,1805.1]]}},{"type":"Feature","properties":{"id":"p:equipos:5040","n":1,"sc":"#636466"},"geometry":{"type":"LineString","coordinates":[[1643.5,1804.6],[1644,1805.1]]}},{"type":"Feature","properties":{"id":"p:equipos:5041","n":1,"sc":"#636466"},"geometry":{"type":"LineString","coordinates":[[1627.2,1806.1],[1627.7,1806.1]]}},{"type":"Feature","properties":{"id":"p:equipos:5042","n":1,"sc":"#636466"},"geometry":{"type":"LineString","coordinates":[[1641.6,1807.0],[1643.5,1805.6]]}},{"type":"Feature","properties":{"id":"p:equipos:5043","n":8,"sc":"#636466"},"geometry":{"type":"LineString","coordinates":[[1636.0,1802.7],[1636.5,1801.6],[1636.8,1800.4],[1636.7,1799.2],[1636.3,1798.0],[1635.6,1797.0],[1634.6,1796.2],[1633.5,1795.7],[1632.3,1795.5]]}},{"type":"Feature","properties":{"id":"p:equipos:5044","n":1,"sc":"#636466"},"geometry":{"type":"LineString","coordinates":[[1643.5,1804.6],[1642.6,1804.2]]}},{"type":"Feature","properties":{"id":"p:equipos:5045","n":4,"sc":"#636466"},"geometry":{"type":"LineString","coordinates":[[1636.8,1811.3],[1636.8,1811.4],[1636.9,1811.6],[1636.9,1811.8],[1637.0,1811.9]]}},{"type":"Feature","properties":{"id":"p:equipos:5046","n":1,"sc":"#636466"},"geometry":{"type":"LineString","coordinates":[[1632.5,1809.0],[1632.5,1809.0]]}},{"type":"Feature","properties":{"id":"p:equipos:5047","n":1,"sc":"#636466"},"geometry":{"type":"LineString","coordinates":[[1636.8,1811.4],[1636.8,1809.4]]}},{"type":"Feature","properties":{"id":"p:equipos:5048","n":1,"sc":"#636466"},"geometry":{"type":"LineString","coordinates":[[1636.8,1809.4],[1636.3,1808]]}},{"type":"Feature","properties":{"id":"p:equipos:5049","n":1,"sc":"#636466"},"geometry":{"type":"LineString","coordinates":[[1639.2,1813.3],[1638.7,1813.3]]}},{"type":"Feature","properties":{"id":"p:equipos:5050","n":4,"sc":"#636466"},"geometry":{"type":"LineString","coordinates":[[1640.5,1811.7],[1640.6,1811.5],[1640.6,1811.4],[1640.6,1811.3],[1640.6,1811.2]]}},{"type":"Feature","properties":{"id":"p:equipos:5051","n":1,"sc":"#636466"},"geometry":{"type":"LineString","coordinates":[[1641.1,1809.4],[1640.6,1811.4]]}},{"type":"Feature","properties":{"id":"p:equipos:5052","n":1,"sc":"#636466"},"geometry":{"type":"LineString","coordinates":[[1639.2,1799.8],[1639.2,1799.8]]}},{"type":"Feature","properties":{"id":"p:equipos:5053","n":1,"sc":"#636466"},"geometry":{"type":"LineString","coordinates":[[1621.9,1803.7],[1621.4,1803.7]]}},{"type":"Feature","properties":{"id":"p:equipos:5054","n":1,"sc":"#636466"},"geometry":{"type":"LineString","coordinates":[[1621.9,1804.2],[1621.9,1804.2]]}},{"type":"Feature","properties":{"id":"p:equipos:5055","n":1,"sc":"#636466"},"geometry":{"type":"LineString","coordinates":[[1638.2,1799.8],[1638.2,1799.8]]}},{"type":"Feature","properties":{"id":"p:equipos:5056","n":1,"sc":"#636466"},"geometry":{"type":"LineString","coordinates":[[1641.1,1807.5],[1641.1,1807.5]]}},{"type":"Feature","properties":{"id":"p:equipos:5057","n":1,"sc":"#636466"},"geometry":{"type":"LineString","coordinates":[[1626.2,1810.9],[1627.7,1809.4]]}},{"type":"Feature","properties":{"id":"p:equipos:5058","n":1,"sc":"#636466"},"geometry":{"type":"LineString","coordinates":[[1627.7,1809.4],[1629.1,1808]]}},{"type":"Feature","properties":{"id":"p:equipos:5059","n":1,"sc":"#636466"},"geometry":{"type":"LineString","coordinates":[[1623.4,1810.4],[1623.8,1810.9]]}},{"type":"Feature","properties":{"id":"p:equipos:5060","n":1,"sc":"#636466"},"geometry":{"type":"LineString","coordinates":[[1624.8,1806.1],[1623.4,1808]]}},{"type":"Feature","properties":{"id":"p:equipos:5061","n":4,"sc":"#636466"},"geometry":{"type":"LineString","coordinates":[[1625.7,1810.8],[1625.8,1810.7],[1626.0,1810.6],[1626.1,1810.5],[1626.2,1810.4]]}},{"type":"Feature","properties":{"id":"p:equipos:5062","n":1,"sc":"#636466"},"geometry":{"type":"LineString","coordinates":[[1628.2,1806.1],[1628.2,1806.1]]}},{"type":"Feature","properties":{"id":"p:equipos:5063","n":4,"sc":"#636466"},"geometry":{"type":"LineString","coordinates":[[1623.2,1807.7],[1623.1,1807.8],[1623.1,1807.9],[1623.0,1808.0],[1623.0,1808.1]]}},{"type":"Feature","properties":{"id":"p:equipos:5064","n":1,"sc":"#636466"},"geometry":{"type":"LineString","coordinates":[[1628.2,1802.2],[1628.2,1802.2]]}},{"type":"Feature","properties":{"id":"p:equipos:5065","n":1,"sc":"#636466"},"geometry":{"type":"LineString","coordinates":[[1644,1805.1],[1644,1805.1]]}},{"type":"Feature","properties":{"id":"p:equipos:5066","n":1,"sc":"#636466"},"geometry":{"type":"LineString","coordinates":[[1643.5,1805.6],[1641.6,1807.0]]}},{"type":"Feature","properties":{"id":"p:equipos:5067","n":1,"sc":"#636466"},"geometry":{"type":"LineString","coordinates":[[1627.7,1805.1],[1627.7,1805.1]]}},{"type":"Feature","properties":{"id":"p:equipos:5068","n":1,"sc":"#636466"},"geometry":{"type":"LineString","coordinates":[[1627.2,1806.1],[1627.2,1806.1]]}},{"type":"Feature","properties":{"id":"p:equipos:5069","n":2,"sc":"#636466"},"geometry":{"type":"LineString","coordinates":[[1628.6,1806.1],[1630.1,1808],[1632.5,1809.0]]}},{"type":"Feature","properties":{"id":"p:equipos:5070","n":4,"sc":"#636466"},"geometry":{"type":"LineString","coordinates":[[1636.3,1805.1],[1635.8,1806.6],[1634.9,1808],[1633.9,1808.5],[1632.5,1809.0]]}},{"type":"Feature","properties":{"id":"p:equipos:5071","n":4,"sc":"#636466"},"geometry":{"type":"LineString","coordinates":[[1632.5,1809.0],[1631.0,1808.5],[1629.6,1808],[1629.1,1806.6],[1628.6,1805.1]]}},{"type":"Feature","properties":{"id":"p:equipos:5072","n":4,"sc":"#636466"},"geometry":{"type":"LineString","coordinates":[[1636.3,1803.2],[1634.4,1804.2],[1632.5,1804.6],[1630.1,1804.2],[1628.6,1803.2]]}},{"type":"Feature","properties":{"id":"p:equipos:5073","n":1,"sc":"#636466"},"geometry":{"type":"LineString","coordinates":[[1636.3,1805.1],[1636.3,1803.2]]}},{"type":"Feature","properties":{"id":"p:equipos:5074","n":1,"sc":"#636466"},"geometry":{"type":"LineString","coordinates":[[1628.6,1805.1],[1628.6,1803.2]]}},{"type":"Feature","properties":{"id":"p:equipos:5075","n":4,"sc":"#636466"},"geometry":{"type":"LineString","coordinates":[[1957.0,1447.9],[1957.1,1447.8],[1957.2,1447.7],[1957.3,1447.6],[1957.3,1447.4]]}},{"type":"Feature","properties":{"id":"p:equipos:5076","n":2,"sc":"#636466"},"geometry":{"type":"LineString","coordinates":[[1961.8,1439.4],[1961.3,1441.3],[1960.3,1442.7]]}},{"type":"Feature","properties":{"id":"p:equipos:5077","n":1,"sc":"#636466"},"geometry":{"type":"LineString","coordinates":[[1958.9,1422.1],[1960.3,1423.0]]}},{"type":"Feature","properties":{"id":"p:equipos:5078","n":2,"sc":"#636466"},"geometry":{"type":"LineString","coordinates":[[1951.7,1425.9],[1952.2,1424],[1953.1,1422.6]]}},{"type":"Feature","properties":{"id":"p:equipos:5079","n":1,"sc":"#636466"},"geometry":{"type":"LineString","coordinates":[[1951.7,1428.8],[1951.7,1425.9]]}},{"type":"Feature","properties":{"id":"p:equipos:5080","n":1,"sc":"#636466"},"geometry":{"type":"LineString","coordinates":[[1957.4,1437.9],[1957.4,1437.9]]}},{"type":"Feature","properties":{"id":"p:equipos:5081","n":1,"sc":"#636466"},"geometry":{"type":"LineString","coordinates":[[1961.8,1436.5],[1961.8,1439.4]]}},{"type":"Feature","properties":{"id":"p:equipos:5082","n":1,"sc":"#636466"},"geometry":{"type":"LineString","coordinates":[[1961.8,1426.4],[1961.8,1429.3]]}},{"type":"Feature","properties":{"id":"p:equipos:5083","n":1,"sc":"#636466"},"geometry":{"type":"LineString","coordinates":[[1951.7,1437.0],[1951.7,1428.8]]}},{"type":"Feature","properties":{"id":"p:equipos:5084","n":1,"sc":"#636466"},"geometry":{"type":"LineString","coordinates":[[1951.7,1439.8],[1951.7,1437.0]]}},{"type":"Feature","properties":{"id":"p:equipos:5085","n":2,"sc":"#636466"},"geometry":{"type":"LineString","coordinates":[[1960.3,1423.0],[1961.3,1424.5],[1961.8,1426.4]]}},{"type":"Feature","properties":{"id":"p:equipos:5086","n":1,"sc":"#636466"},"geometry":{"type":"LineString","coordinates":[[1960.3,1442.7],[1958.9,1443.7]]}},{"type":"Feature","properties":{"id":"p:equipos:5087","n":2,"sc":"#636466"},"geometry":{"type":"LineString","coordinates":[[1953.6,1443.2],[1952.2,1441.8],[1951.7,1439.8]]}},{"type":"Feature","properties":{"id":"p:equipos:5088","n":1,"sc":"#636466"},"geometry":{"type":"LineString","coordinates":[[1961.3,1444.2],[1960.8,1444.6]]}},{"type":"Feature","properties":{"id":"p:equipos:5089","n":2,"sc":"#636466"},"geometry":{"type":"LineString","coordinates":[[1963.7,1439.4],[1963.7,1440.8],[1962.7,1441.8]]}},{"type":"Feature","properties":{"id":"p:equipos:5090","n":1,"sc":"#636466"},"geometry":{"type":"LineString","coordinates":[[1962.7,1441.8],[1962.2,1442.7]]}},{"type":"Feature","properties":{"id":"p:equipos:5091","n":1,"sc":"#636466"},"geometry":{"type":"LineString","coordinates":[[1963.2,1441.8],[1963.2,1441.8]]}},{"type":"Feature","properties":{"id":"p:equipos:5092","n":1,"sc":"#636466"},"geometry":{"type":"LineString","coordinates":[[1963.2,1441.8],[1963.2,1441.8]]}},{"type":"Feature","properties":{"id":"p:equipos:5093","n":1,"sc":"#636466"},"geometry":{"type":"LineString","coordinates":[[1962.2,1440.3],[1962.2,1440.3]]}},{"type":"Feature","properties":{"id":"p:equipos:5094","n":1,"sc":"#636466"},"geometry":{"type":"LineString","coordinates":[[1962.2,1442.7],[1961.8,1443.2]]}},{"type":"Feature","properties":{"id":"p:equipos:5095","n":1,"sc":"#636466"},"geometry":{"type":"LineString","coordinates":[[1961.3,1444.2],[1960.8,1444.6]]}},{"type":"Feature","properties":{"id":"p:equipos:5096","n":1,"sc":"#636466"},"geometry":{"type":"LineString","coordinates":[[1961.3,1444.2],[1961.3,1444.2]]}},{"type":"Feature","properties":{"id":"p:equipos:5097","n":1,"sc":"#636466"},"geometry":{"type":"LineString","coordinates":[[1960.8,1442.2],[1960.8,1442.2]]}},{"type":"Feature","properties":{"id":"p:equipos:5098","n":1,"sc":"#636466"},"geometry":{"type":"LineString","coordinates":[[1963.7,1439.8],[1962.2,1442.2]]}},{"type":"Feature","properties":{"id":"p:equipos:5099","n":1,"sc":"#636466"},"geometry":{"type":"LineString","coordinates":[[1961.3,1441.3],[1963.2,1439.4]]}},{"type":"Feature","properties":{"id":"p:equipos:5100","n":4,"sc":"#636466"},"geometry":{"type":"LineString","coordinates":[[1957.6,1437.2],[1957.6,1437.2],[1957.6,1437.2],[1957.6,1437.2],[1957.6,1437.2]]}},{"type":"Feature","properties":{"id":"p:equipos:5101","n":4,"sc":"#636466"},"geometry":{"type":"LineString","coordinates":[[1959.8,1445.4],[1960.2,1445.0],[1960.3,1444.6],[1960.3,1444.1],[1960.1,1443.7]]}},{"type":"Feature","properties":{"id":"p:equipos:5102","n":1,"sc":"#636466"},"geometry":{"type":"LineString","coordinates":[[1961.3,1444.2],[1961.3,1444.2]]}},{"type":"Feature","properties":{"id":"p:equipos:5103","n":1,"sc":"#636466"},"geometry":{"type":"LineString","coordinates":[[1959.8,1422.6],[1959.8,1422.6]]}},{"type":"Feature","properties":{"id":"p:equipos:5104","n":1,"sc":"#636466"},"geometry":{"type":"LineString","coordinates":[[1959.4,1421.6],[1959.8,1422.6]]}},{"type":"Feature","properties":{"id":"p:equipos:5105","n":4,"sc":"#636466"},"geometry":{"type":"LineString","coordinates":[[1963.1,1441.5],[1963.1,1441.5],[1963.1,1441.4],[1963.1,1441.4],[1963.1,1441.4]]}},{"type":"Feature","properties":{"id":"p:equipos:5106","n":2,"sc":"#636466"},"geometry":{"type":"LineString","coordinates":[[1961.8,1425.9],[1962.2,1426.9],[1962.2,1428.3]]}},{"type":"Feature","properties":{"id":"p:equipos:5107","n":1,"sc":"#636466"},"geometry":{"type":"LineString","coordinates":[[1959.8,1422.1],[1960.3,1423.0]]}},{"type":"Feature","properties":{"id":"p:equipos:5108","n":1,"sc":"#636466"},"geometry":{"type":"LineString","coordinates":[[1963.7,1439.4],[1963.7,1439.4]]}},{"type":"Feature","properties":{"id":"p:equipos:5109","n":1,"sc":"#636466"},"geometry":{"type":"LineString","coordinates":[[1961.8,1426.9],[1961.8,1427.4]]}},{"type":"Feature","properties":{"id":"p:equipos:5110","n":1,"sc":"#636466"},"geometry":{"type":"LineString","coordinates":[[1960.3,1428.8],[1960.3,1428.8]]}},{"type":"Feature","properties":{"id":"p:equipos:5111","n":1,"sc":"#636466"},"geometry":{"type":"LineString","coordinates":[[1960.3,1423.0],[1960.3,1423.0]]}},{"type":"Feature","properties":{"id":"p:equipos:5112","n":1,"sc":"#636466"},"geometry":{"type":"LineString","coordinates":[[1958.9,1422.1],[1958.9,1422.1]]}},{"type":"Feature","properties":{"id":"p:equipos:5113","n":1,"sc":"#636466"},"geometry":{"type":"LineString","coordinates":[[1960.3,1437.0],[1960.3,1437.0]]}},{"type":"Feature","properties":{"id":"p:equipos:5114","n":1,"sc":"#636466"},"geometry":{"type":"LineString","coordinates":[[1962.7,1439.8],[1962.7,1439.8]]}},{"type":"Feature","properties":{"id":"p:equipos:5115","n":1,"sc":"#636466"},"geometry":{"type":"LineString","coordinates":[[1961.3,1437.9],[1961.3,1437.9]]}},{"type":"Feature","properties":{"id":"p:equipos:5116","n":1,"sc":"#636466"},"geometry":{"type":"LineString","coordinates":[[1958.9,1414.9],[1958.9,1414.9]]}},{"type":"Feature","properties":{"id":"p:equipos:5117","n":1,"sc":"#636466"},"geometry":{"type":"LineString","coordinates":[[1959.4,1421.6],[1958.9,1414.9]]}},{"type":"Feature","properties":{"id":"p:equipos:5118","n":4,"sc":"#636466"},"geometry":{"type":"LineString","coordinates":[[1961.1,1440.6],[1961.2,1440.2],[1961.3,1439.9],[1961.3,1439.5],[1961.2,1439.1]]}},{"type":"Feature","properties":{"id":"p:equipos:5119","n":4,"sc":"#636466"},"geometry":{"type":"LineString","coordinates":[[1955.0,1414.9],[1956,1413.9],[1957.0,1413.4],[1958.4,1413.9],[1958.9,1414.9]]}},{"type":"Feature","properties":{"id":"p:equipos:5120","n":1,"sc":"#636466"},"geometry":{"type":"LineString","coordinates":[[1954.1,1418.7],[1953.1,1422.1]]}},{"type":"Feature","properties":{"id":"p:equipos:5121","n":1,"sc":"#636466"},"geometry":{"type":"LineString","coordinates":[[1958.9,1422.1],[1957.9,1422.6]]}},{"type":"Feature","properties":{"id":"p:equipos:5122","n":1,"sc":"#636466"},"geometry":{"type":"LineString","coordinates":[[1958.9,1419.2],[1958.9,1422.1]]}},{"type":"Feature","properties":{"id":"p:equipos:5123","n":1,"sc":"#636466"},"geometry":{"type":"LineString","coordinates":[[1955.0,1414.9],[1954.1,1418.7]]}},{"type":"Feature","properties":{"id":"p:equipos:5124","n":8,"sc":"#636466"},"geometry":{"type":"LineString","coordinates":[[1958.4,1414.5],[1958.2,1413.9],[1957.8,1413.4],[1957.3,1413.1],[1956.7,1413.0],[1956.1,1413.1],[1955.6,1413.4],[1955.2,1413.9],[1955.0,1414.5]]}},{"type":"Feature","properties":{"id":"p:equipos:5125","n":1,"sc":"#636466"},"geometry":{"type":"LineString","coordinates":[[1957.9,1422.6],[1955.5,1423.0]]}},{"type":"Feature","properties":{"id":"p:equipos:5126","n":1,"sc":"#636466"},"geometry":{"type":"LineString","coordinates":[[1958.9,1414.9],[1958.9,1419.2]]}},{"type":"Feature","properties":{"id":"p:equipos:5127","n":2,"sc":"#636466"},"geometry":{"type":"LineString","coordinates":[[1955.5,1423.0],[1954.1,1422.6],[1953.1,1422.6]]}},{"type":"Feature","properties":{"id":"p:equipos:5128","n":1,"sc":"#636466"},"geometry":{"type":"LineString","coordinates":[[1960.3,1442.7],[1960.3,1442.7]]}},{"type":"Feature","properties":{"id":"p:equipos:5129","n":4,"sc":"#636466"},"geometry":{"type":"LineString","coordinates":[[1952.7,1422.0],[1952.7,1422.1],[1952.7,1422.1],[1952.7,1422.2],[1952.7,1422.3]]}},{"type":"Feature","properties":{"id":"p:equipos:5130","n":8,"sc":"#636466"},"geometry":{"type":"LineString","coordinates":[[1954.1,1447.1],[1954.2,1447.5],[1954.4,1447.8],[1954.8,1448.1],[1955.1,1448.4],[1955.6,1448.5],[1956.0,1448.5],[1956.4,1448.3],[1956.8,1448.1]]}},{"type":"Feature","properties":{"id":"p:equipos:5131","n":1,"sc":"#636466"},"geometry":{"type":"LineString","coordinates":[[1955.5,1442.7],[1957.9,1443.2]]}},{"type":"Feature","properties":{"id":"p:equipos:5132","n":2,"sc":"#636466"},"geometry":{"type":"LineString","coordinates":[[1957.9,1443.2],[1958.9,1443.2],[1958.9,1443.7]]}},{"type":"Feature","properties":{"id":"p:equipos:5133","n":2,"sc":"#636466"},"geometry":{"type":"LineString","coordinates":[[1953.6,1443.2],[1954.1,1443.2],[1955.5,1442.7]]}},{"type":"Feature","properties":{"id":"p:equipos:5134","n":1,"sc":"#636466"},"geometry":{"type":"LineString","coordinates":[[1960.3,1445.6],[1957.0,1448.5]]}},{"type":"Feature","properties":{"id":"p:equipos:5135","n":4,"sc":"#636466"},"geometry":{"type":"LineString","coordinates":[[1959.1,1443.7],[1959.1,1443.6],[1959.2,1443.6],[1959.2,1443.5],[1959.2,1443.4]]}},{"type":"Feature","properties":{"id":"p:equipos:5136","n":1,"sc":"#636466"},"geometry":{"type":"LineString","coordinates":[[1953.6,1443.2],[1953.6,1443.2]]}},{"type":"Feature","properties":{"id":"p:equipos:5137","n":1,"sc":"#636466"},"geometry":{"type":"LineString","coordinates":[[1958.4,1445.6],[1958.9,1444.2]]}},{"type":"Feature","properties":{"id":"p:equipos:5138","n":2,"sc":"#636466"},"geometry":{"type":"LineString","coordinates":[[1969.0,1439.4],[1969.0,1438.4],[1968,1437.4]]}},{"type":"Feature","properties":{"id":"p:equipos:5139","n":1,"sc":"#636466"},"geometry":{"type":"LineString","coordinates":[[1961.3,1437.4],[1961.3,1437.4]]}},{"type":"Feature","properties":{"id":"p:equipos:5140","n":1,"sc":"#636466"},"geometry":{"type":"LineString","coordinates":[[1953.6,1445.1],[1953.6,1443.2]]}},{"type":"Feature","properties":{"id":"p:equipos:5141","n":1,"sc":"#636466"},"geometry":{"type":"LineString","coordinates":[[1957.4,1447.5],[1958.4,1445.6]]}},{"type":"Feature","properties":{"id":"p:equipos:5142","n":4,"sc":"#636466"},"geometry":{"type":"LineString","coordinates":[[1959.8,1445.4],[1960.0,1445.2],[1960.2,1445.0],[1960.3,1444.7],[1960.3,1444.4]]}},{"type":"Feature","properties":{"id":"p:equipos:5143","n":3,"sc":"#636466"},"geometry":{"type":"LineString","coordinates":[[1963.7,1437.0],[1962.7,1437.0],[1962.2,1437.4],[1961.8,1437.4]]}},{"type":"Feature","properties":{"id":"p:equipos:5144","n":1,"sc":"#636466"},"geometry":{"type":"LineString","coordinates":[[1960.8,1442.7],[1960.8,1442.7]]}},{"type":"Feature","properties":{"id":"p:equipos:5145","n":4,"sc":"#636466"},"geometry":{"type":"LineString","coordinates":[[1961.7,1428.9],[1961.5,1428.8],[1961.4,1428.8],[1961.2,1428.8],[1961.0,1428.8]]}},{"type":"Feature","properties":{"id":"p:equipos:5146","n":8,"sc":"#636466"},"geometry":{"type":"LineString","coordinates":[[1958.8,1429.1],[1957.7,1428.6],[1956.5,1428.3],[1955.3,1428.4],[1954.1,1428.9],[1953.1,1429.6],[1952.3,1430.5],[1951.8,1431.7],[1951.7,1432.9]]}},{"type":"Feature","properties":{"id":"p:equipos:5147","n":2,"sc":"#636466"},"geometry":{"type":"LineString","coordinates":[[1968,1441.3],[1968.5,1440.3],[1969.0,1439.8]]}},{"type":"Feature","properties":{"id":"p:equipos:5148","n":1,"sc":"#636466"},"geometry":{"type":"LineString","coordinates":[[1963.2,1441.3],[1965.1,1441.3]]}},{"type":"Feature","properties":{"id":"p:equipos:5149","n":1,"sc":"#636466"},"geometry":{"type":"LineString","coordinates":[[1963.2,1441.3],[1963.7,1441.3]]}},{"type":"Feature","properties":{"id":"p:equipos:5150","n":1,"sc":"#636466"},"geometry":{"type":"LineString","coordinates":[[1963.2,1441.3],[1963.2,1441.3]]}},{"type":"Feature","properties":{"id":"p:equipos:5151","n":1,"sc":"#636466"},"geometry":{"type":"LineString","coordinates":[[1955.5,1439.8],[1955.5,1439.8]]}},{"type":"Feature","properties":{"id":"p:equipos:5152","n":1,"sc":"#636466"},"geometry":{"type":"LineString","coordinates":[[1955.5,1438.9],[1955.5,1438.9]]}},{"type":"Feature","properties":{"id":"p:equipos:5153","n":2,"sc":"#636466"},"geometry":{"type":"LineString","coordinates":[[1966.6,1424],[1967.0,1425.0],[1967.0,1426.4]]}},{"type":"Feature","properties":{"id":"p:equipos:5154","n":1,"sc":"#636466"},"geometry":{"type":"LineString","coordinates":[[1963.7,1429.3],[1963.2,1429.8]]}},{"type":"Feature","properties":{"id":"p:equipos:5155","n":2,"sc":"#636466"},"geometry":{"type":"LineString","coordinates":[[1964.2,1423.5],[1965.6,1423.5],[1966.1,1424]]}},{"type":"Feature","properties":{"id":"p:equipos:5156","n":1,"sc":"#636466"},"geometry":{"type":"LineString","coordinates":[[1961.8,1425.4],[1962.2,1425.0]]}},{"type":"Feature","properties":{"id":"p:equipos:5157","n":1,"sc":"#636466"},"geometry":{"type":"LineString","coordinates":[[1963.2,1441.8],[1963.2,1441.8]]}},{"type":"Feature","properties":{"id":"p:equipos:5158","n":1,"sc":"#636466"},"geometry":{"type":"LineString","coordinates":[[1963.2,1441.8],[1963.2,1441.3]]}},{"type":"Feature","properties":{"id":"p:equipos:5159","n":4,"sc":"#636466"},"geometry":{"type":"LineString","coordinates":[[1961.1,1443.9],[1961.1,1443.9],[1961.1,1443.9],[1961.1,1443.9],[1961.1,1443.9]]}},{"type":"Feature","properties":{"id":"p:equipos:5160","n":1,"sc":"#636466"},"geometry":{"type":"LineString","coordinates":[[1954.1,1447.0],[1953.6,1445.1]]}},{"type":"Feature","properties":{"id":"p:equipos:5161","n":1,"sc":"#636466"},"geometry":{"type":"LineString","coordinates":[[1963.2,1441.8],[1962.7,1441.8]]}},{"type":"Feature","properties":{"id":"p:equipos:5162","n":3,"sc":"#636466"},"geometry":{"type":"LineString","coordinates":[[1963.2,1439.4],[1963.2,1438.9],[1963.7,1438.9],[1963.7,1439.4]]}},{"type":"Feature","properties":{"id":"p:equipos:5163","n":2,"sc":"#636466"},"geometry":{"type":"LineString","coordinates":[[1962.2,1440.3],[1962.2,1439.8],[1962.7,1439.8]]}},{"type":"Feature","properties":{"id":"p:equipos:5164","n":1,"sc":"#636466"},"geometry":{"type":"LineString","coordinates":[[1963.7,1439.4],[1963.7,1438.9]]}},{"type":"Feature","properties":{"id":"p:equipos:5165","n":1,"sc":"#636466"},"geometry":{"type":"LineString","coordinates":[[1963.7,1438.9],[1963.2,1439.4]]}},{"type":"Feature","properties":{"id":"p:equipos:5166","n":1,"sc":"#636466"},"geometry":{"type":"LineString","coordinates":[[1961.8,1440.8],[1961.8,1440.8]]}},{"type":"Feature","properties":{"id":"p:equipos:5167","n":1,"sc":"#636466"},"geometry":{"type":"LineString","coordinates":[[1962.7,1441.8],[1962.7,1441.8]]}},{"type":"Feature","properties":{"id":"p:equipos:5168","n":1,"sc":"#636466"},"geometry":{"type":"LineString","coordinates":[[1963.2,1441.3],[1963.2,1441.8]]}},{"type":"Feature","properties":{"id":"p:equipos:5169","n":4,"sc":"#636466"},"geometry":{"type":"LineString","coordinates":[[1960.4,1442.7],[1960.4,1442.7],[1960.4,1442.7],[1960.4,1442.7],[1960.4,1442.7]]}},{"type":"Feature","properties":{"id":"p:equipos:5170","n":1,"sc":"#636466"},"geometry":{"type":"LineString","coordinates":[[1962.7,1439.8],[1962.2,1440.3]]}},{"type":"Feature","properties":{"id":"p:equipos:5171","n":1,"sc":"#636466"},"geometry":{"type":"LineString","coordinates":[[1961.3,1444.2],[1961.3,1444.2]]}},{"type":"Feature","properties":{"id":"p:equipos:5172","n":1,"sc":"#636466"},"geometry":{"type":"LineString","coordinates":[[1961.3,1443.7],[1961.3,1443.7]]}},{"type":"Feature","properties":{"id":"p:equipos:5173","n":2,"sc":"#636466"},"geometry":{"type":"LineString","coordinates":[[1963.2,1439.4],[1963.7,1439.4],[1963.7,1439.8]]}},{"type":"Feature","properties":{"id":"p:equipos:5174","n":1,"sc":"#636466"},"geometry":{"type":"LineString","coordinates":[[1960.8,1442.2],[1961.3,1442.2]]}},{"type":"Feature","properties":{"id":"p:equipos:5175","n":1,"sc":"#636466"},"geometry":{"type":"LineString","coordinates":[[1960.8,1442.2],[1960.8,1442.2]]}},{"type":"Feature","properties":{"id":"p:equipos:5176","n":1,"sc":"#636466"},"geometry":{"type":"LineString","coordinates":[[1960.8,1442.2],[1960.8,1442.2]]}},{"type":"Feature","properties":{"id":"p:equipos:5177","n":1,"sc":"#636466"},"geometry":{"type":"LineString","coordinates":[[1961.3,1442.2],[1960.8,1442.2]]}},{"type":"Feature","properties":{"id":"p:equipos:5178","n":4,"sc":"#636466"},"geometry":{"type":"LineString","coordinates":[[1959.4,1421.5],[1959.4,1421.4],[1959.4,1421.3],[1959.4,1421.3],[1959.4,1421.2]]}},{"type":"Feature","properties":{"id":"p:equipos:5179","n":1,"sc":"#636466"},"geometry":{"type":"LineString","coordinates":[[1962.2,1428.3],[1961.8,1428.8]]}},{"type":"Feature","properties":{"id":"p:equipos:5180","n":1,"sc":"#636466"},"geometry":{"type":"LineString","coordinates":[[1963.7,1439.8],[1963.2,1439.4]]}},{"type":"Feature","properties":{"id":"p:equipos:5181","n":2,"sc":"#636466"},"geometry":{"type":"LineString","coordinates":[[1961.3,1442.2],[1961.8,1442.7],[1962.2,1442.2]]}},{"type":"Feature","properties":{"id":"p:equipos:5182","n":2,"sc":"#636466"},"geometry":{"type":"LineString","coordinates":[[1960.3,1442.7],[1961.3,1443.2],[1961.3,1444.2]]}},{"type":"Feature","properties":{"id":"p:equipos:5183","n":1,"sc":"#636466"},"geometry":{"type":"LineString","coordinates":[[1960.3,1442.7],[1960.3,1442.7]]}},{"type":"Feature","properties":{"id":"p:equipos:5184","n":1,"sc":"#636466"},"geometry":{"type":"LineString","coordinates":[[1961.3,1427.8],[1961.3,1427.8]]}},{"type":"Feature","properties":{"id":"p:equipos:5185","n":1,"sc":"#636466"},"geometry":{"type":"LineString","coordinates":[[1960.8,1443.7],[1960.8,1444.6]]}},{"type":"Feature","properties":{"id":"p:equipos:5186","n":1,"sc":"#636466"},"geometry":{"type":"LineString","coordinates":[[1961.8,1427.4],[1961.8,1427.8]]}},{"type":"Feature","properties":{"id":"p:equipos:5187","n":1,"sc":"#636466"},"geometry":{"type":"LineString","coordinates":[[1962.7,1441.8],[1961.3,1444.2]]}},{"type":"Feature","properties":{"id":"p:equipos:5188","n":8,"sc":"#636466"},"geometry":{"type":"LineString","coordinates":[[1951.7,1432.9],[1951.9,1434.1],[1952.3,1435.3],[1953.1,1436.2],[1954.1,1436.9],[1955.3,1437.3],[1956.5,1437.4],[1957.7,1437.2],[1958.8,1436.6]]}},{"type":"Feature","properties":{"id":"p:equipos:5189","n":1,"sc":"#636466"},"geometry":{"type":"LineString","coordinates":[[1960.8,1443.7],[1959.8,1443.2]]}},{"type":"Feature","properties":{"id":"p:equipos:5190","n":4,"sc":"#636466"},"geometry":{"type":"LineString","coordinates":[[1967.6,1437.2],[1967.4,1437.1],[1967.3,1437.0],[1967.1,1437.0],[1966.9,1437.0]]}},{"type":"Feature","properties":{"id":"p:equipos:5191","n":1,"sc":"#636466"},"geometry":{"type":"LineString","coordinates":[[1964.6,1432.6],[1964.6,1432.6]]}},{"type":"Feature","properties":{"id":"p:equipos:5192","n":1,"sc":"#636466"},"geometry":{"type":"LineString","coordinates":[[1967.5,1437.4],[1965.6,1437.0]]}},{"type":"Feature","properties":{"id":"p:equipos:5193","n":1,"sc":"#636466"},"geometry":{"type":"LineString","coordinates":[[1965.6,1437.0],[1963.7,1437.0]]}},{"type":"Feature","properties":{"id":"p:equipos:5194","n":1,"sc":"#636466"},"geometry":{"type":"LineString","coordinates":[[1969.0,1439.8],[1969.0,1439.4]]}},{"type":"Feature","properties":{"id":"p:equipos:5195","n":4,"sc":"#636466"},"geometry":{"type":"LineString","coordinates":[[1966.9,1440.8],[1967.0,1440.8],[1967.1,1440.8],[1967.2,1440.7],[1967.3,1440.7]]}},{"type":"Feature","properties":{"id":"p:equipos:5196","n":1,"sc":"#636466"},"geometry":{"type":"LineString","coordinates":[[1965.1,1441.3],[1967.5,1441.3]]}},{"type":"Feature","properties":{"id":"p:equipos:5197","n":1,"sc":"#636466"},"geometry":{"type":"LineString","coordinates":[[1956,1439.8],[1956,1439.8]]}},{"type":"Feature","properties":{"id":"p:equipos:5198","n":1,"sc":"#636466"},"geometry":{"type":"LineString","coordinates":[[1959.4,1422.1],[1959.4,1422.1]]}},{"type":"Feature","properties":{"id":"p:equipos:5199","n":1,"sc":"#636466"},"geometry":{"type":"LineString","coordinates":[[1959.8,1422.6],[1959.8,1422.6]]}},{"type":"Feature","properties":{"id":"p:equipos:5200","n":1,"sc":"#636466"},"geometry":{"type":"LineString","coordinates":[[1956,1438.9],[1956,1438.9]]}},{"type":"Feature","properties":{"id":"p:equipos:5201","n":1,"sc":"#636466"},"geometry":{"type":"LineString","coordinates":[[1963.2,1441.3],[1963.2,1441.3]]}},{"type":"Feature","properties":{"id":"p:equipos:5202","n":1,"sc":"#636466"},"geometry":{"type":"LineString","coordinates":[[1966.6,1426.9],[1965.1,1428.3]]}},{"type":"Feature","properties":{"id":"p:equipos:5203","n":1,"sc":"#636466"},"geometry":{"type":"LineString","coordinates":[[1965.1,1428.3],[1963.7,1429.3]]}},{"type":"Feature","properties":{"id":"p:equipos:5204","n":1,"sc":"#636466"},"geometry":{"type":"LineString","coordinates":[[1966.1,1424],[1966.6,1424]]}},{"type":"Feature","properties":{"id":"p:equipos:5205","n":1,"sc":"#636466"},"geometry":{"type":"LineString","coordinates":[[1962.2,1425.0],[1963.7,1423.5]]}},{"type":"Feature","properties":{"id":"p:equipos:5206","n":4,"sc":"#636466"},"geometry":{"type":"LineString","coordinates":[[1966.1,1426.4],[1966.2,1426.3],[1966.3,1426.1],[1966.4,1426.0],[1966.4,1425.8]]}},{"type":"Feature","properties":{"id":"p:equipos:5207","n":1,"sc":"#636466"},"geometry":{"type":"LineString","coordinates":[[1962.2,1428.3],[1961.8,1428.8]]}},{"type":"Feature","properties":{"id":"p:equipos:5208","n":4,"sc":"#636466"},"geometry":{"type":"LineString","coordinates":[[1964.3,1423.1],[1964.2,1423.2],[1964.1,1423.2],[1964.0,1423.3],[1963.9,1423.4]]}},{"type":"Feature","properties":{"id":"p:equipos:5209","n":1,"sc":"#636466"},"geometry":{"type":"LineString","coordinates":[[1958.4,1428.3],[1958.4,1428.3]]}},{"type":"Feature","properties":{"id":"p:equipos:5210","n":1,"sc":"#636466"},"geometry":{"type":"LineString","coordinates":[[1960.8,1444.6],[1960.8,1444.6]]}},{"type":"Feature","properties":{"id":"p:equipos:5211","n":1,"sc":"#636466"},"geometry":{"type":"LineString","coordinates":[[1961.3,1444.2],[1963.2,1441.8]]}},{"type":"Feature","properties":{"id":"p:equipos:5212","n":1,"sc":"#636466"},"geometry":{"type":"LineString","coordinates":[[1961.3,1427.8],[1961.3,1427.8]]}},{"type":"Feature","properties":{"id":"p:equipos:5213","n":1,"sc":"#636466"},"geometry":{"type":"LineString","coordinates":[[1961.8,1427.4],[1961.8,1427.8]]}},{"type":"Feature","properties":{"id":"p:equipos:5214","n":2,"sc":"#636466"},"geometry":{"type":"LineString","coordinates":[[1961.8,1429.3],[1963.7,1430.7],[1964.6,1432.6]]}},{"type":"Feature","properties":{"id":"p:equipos:5215","n":4,"sc":"#636466"},"geometry":{"type":"LineString","coordinates":[[1961.3,1436.5],[1962.7,1436.5],[1963.7,1435.5],[1964.6,1434.1],[1964.6,1432.6]]}},{"type":"Feature","properties":{"id":"p:equipos:5216","n":4,"sc":"#636466"},"geometry":{"type":"LineString","coordinates":[[1964.6,1432.6],[1964.6,1431.2],[1963.7,1430.2],[1962.7,1429.3],[1961.3,1429.3]]}},{"type":"Feature","properties":{"id":"p:equipos:5217","n":4,"sc":"#636466"},"geometry":{"type":"LineString","coordinates":[[1958.9,1436.5],[1960.3,1435.0],[1960.8,1432.6],[1960.3,1430.7],[1958.9,1429.3]]}},{"type":"Feature","properties":{"id":"p:equipos:5218","n":1,"sc":"#636466"},"geometry":{"type":"LineString","coordinates":[[1961.3,1436.5],[1958.9,1436.5]]}},{"type":"Feature","properties":{"id":"p:equipos:5219","n":1,"sc":"#636466"},"geometry":{"type":"LineString","coordinates":[[1961.3,1429.3],[1958.9,1429.3]]}},{"type":"Feature","properties":{"id":"p:equipos:5220","n":4,"sc":"#636466"},"geometry":{"type":"LineString","coordinates":[[1397.4,1704.9],[1397.5,1705.0],[1397.6,1705.0],[1397.7,1705.1],[1397.9,1705.2]]}},{"type":"Feature","properties":{"id":"p:equipos:5221","n":2,"sc":"#636466"},"geometry":{"type":"LineString","coordinates":[[1406.4,1709.6],[1404.5,1709.1],[1403.0,1708.2]]}},{"type":"Feature","properties":{"id":"p:equipos:5222","n":1,"sc":"#636466"},"geometry":{"type":"LineString","coordinates":[[1423.7,1706.7],[1422.7,1708.2]]}},{"type":"Feature","properties":{"id":"p:equipos:5223","n":2,"sc":"#636466"},"geometry":{"type":"LineString","coordinates":[[1419.8,1699.5],[1421.8,1699.5],[1423.2,1701.0]]}},{"type":"Feature","properties":{"id":"p:equipos:5224","n":1,"sc":"#636466"},"geometry":{"type":"LineString","coordinates":[[1416.5,1699.5],[1419.8,1699.5]]}},{"type":"Feature","properties":{"id":"p:equipos:5225","n":1,"sc":"#636466"},"geometry":{"type":"LineString","coordinates":[[1407.8,1705.3],[1407.8,1705.3]]}},{"type":"Feature","properties":{"id":"p:equipos:5226","n":1,"sc":"#636466"},"geometry":{"type":"LineString","coordinates":[[1409.3,1709.6],[1406.4,1709.6]]}},{"type":"Feature","properties":{"id":"p:equipos:5227","n":1,"sc":"#636466"},"geometry":{"type":"LineString","coordinates":[[1419.4,1709.6],[1416.5,1709.6]]}},{"type":"Feature","properties":{"id":"p:equipos:5228","n":1,"sc":"#636466"},"geometry":{"type":"LineString","coordinates":[[1408.8,1699.5],[1416.5,1699.5]]}},{"type":"Feature","properties":{"id":"p:equipos:5229","n":1,"sc":"#636466"},"geometry":{"type":"LineString","coordinates":[[1405.4,1699.5],[1408.8,1699.5]]}},{"type":"Feature","properties":{"id":"p:equipos:5230","n":2,"sc":"#636466"},"geometry":{"type":"LineString","coordinates":[[1422.7,1708.2],[1421.3,1709.1],[1419.4,1709.6]]}},{"type":"Feature","properties":{"id":"p:equipos:5231","n":1,"sc":"#636466"},"geometry":{"type":"LineString","coordinates":[[1403.0,1708.2],[1402.1,1707.2]]}},{"type":"Feature","properties":{"id":"p:equipos:5232","n":2,"sc":"#636466"},"geometry":{"type":"LineString","coordinates":[[1402.1,1701.4],[1403.5,1700],[1405.4,1699.5]]}},{"type":"Feature","properties":{"id":"p:equipos:5233","n":1,"sc":"#636466"},"geometry":{"type":"LineString","coordinates":[[1401.1,1709.1],[1401.1,1708.6]]}},{"type":"Feature","properties":{"id":"p:equipos:5234","n":2,"sc":"#636466"},"geometry":{"type":"LineString","coordinates":[[1406.4,1711.5],[1405.0,1711.5],[1404,1710.6]]}},{"type":"Feature","properties":{"id":"p:equipos:5235","n":1,"sc":"#636466"},"geometry":{"type":"LineString","coordinates":[[1404,1711.0],[1403.0,1710.6]]}},{"type":"Feature","properties":{"id":"p:equipos:5236","n":1,"sc":"#636466"},"geometry":{"type":"LineString","coordinates":[[1404,1711.0],[1404,1711.0]]}},{"type":"Feature","properties":{"id":"p:equipos:5237","n":1,"sc":"#636466"},"geometry":{"type":"LineString","coordinates":[[1404,1711.0],[1404,1711.0]]}},{"type":"Feature","properties":{"id":"p:equipos:5238","n":1,"sc":"#636466"},"geometry":{"type":"LineString","coordinates":[[1405.4,1710.1],[1405.4,1710.1]]}},{"type":"Feature","properties":{"id":"p:equipos:5239","n":1,"sc":"#636466"},"geometry":{"type":"LineString","coordinates":[[1403.0,1710.1],[1402.1,1709.6]]}},{"type":"Feature","properties":{"id":"p:equipos:5240","n":1,"sc":"#636466"},"geometry":{"type":"LineString","coordinates":[[1401.6,1709.1],[1401.1,1709.1]]}},{"type":"Feature","properties":{"id":"p:equipos:5241","n":1,"sc":"#636466"},"geometry":{"type":"LineString","coordinates":[[1401.6,1709.1],[1401.6,1709.1]]}},{"type":"Feature","properties":{"id":"p:equipos:5242","n":1,"sc":"#636466"},"geometry":{"type":"LineString","coordinates":[[1403.5,1708.6],[1403.5,1708.6]]}},{"type":"Feature","properties":{"id":"p:equipos:5243","n":1,"sc":"#636466"},"geometry":{"type":"LineString","coordinates":[[1405.9,1711.5],[1403.0,1710.1]]}},{"type":"Feature","properties":{"id":"p:equipos:5244","n":1,"sc":"#636466"},"geometry":{"type":"LineString","coordinates":[[1404.5,1709.1],[1406.4,1711.0]]}},{"type":"Feature","properties":{"id":"p:equipos:5245","n":4,"sc":"#636466"},"geometry":{"type":"LineString","coordinates":[[1408.1,1705.5],[1408.1,1705.5],[1408.1,1705.5],[1408.1,1705.5],[1408.1,1705.5]]}},{"type":"Feature","properties":{"id":"p:equipos:5246","n":4,"sc":"#636466"},"geometry":{"type":"LineString","coordinates":[[1399.9,1708.2],[1400.3,1708.5],[1400.7,1708.6],[1401.1,1708.6],[1401.6,1708.4]]}},{"type":"Feature","properties":{"id":"p:equipos:5247","n":1,"sc":"#636466"},"geometry":{"type":"LineString","coordinates":[[1401.6,1709.1],[1401.1,1709.1]]}},{"type":"Feature","properties":{"id":"p:equipos:5248","n":1,"sc":"#636466"},"geometry":{"type":"LineString","coordinates":[[1423.2,1707.2],[1423.2,1707.7]]}},{"type":"Feature","properties":{"id":"p:equipos:5249","n":1,"sc":"#636466"},"geometry":{"type":"LineString","coordinates":[[1423.7,1707.2],[1423.2,1707.2]]}},{"type":"Feature","properties":{"id":"p:equipos:5250","n":4,"sc":"#636466"},"geometry":{"type":"LineString","coordinates":[[1403.3,1710.9],[1403.4,1710.9],[1403.4,1710.9],[1403.4,1710.9],[1403.4,1711.0]]}},{"type":"Feature","properties":{"id":"p:equipos:5251","n":2,"sc":"#636466"},"geometry":{"type":"LineString","coordinates":[[1419.8,1709.6],[1418.4,1710.1],[1417.4,1709.6]]}},{"type":"Feature","properties":{"id":"p:equipos:5252","n":1,"sc":"#636466"},"geometry":{"type":"LineString","coordinates":[[1423.7,1707.2],[1422.7,1707.7]]}},{"type":"Feature","properties":{"id":"p:equipos:5253","n":1,"sc":"#636466"},"geometry":{"type":"LineString","coordinates":[[1406.4,1711.5],[1406.4,1711.5]]}},{"type":"Feature","properties":{"id":"p:equipos:5254","n":1,"sc":"#636466"},"geometry":{"type":"LineString","coordinates":[[1418.4,1709.6],[1418.4,1709.6]]}},{"type":"Feature","properties":{"id":"p:equipos:5255","n":1,"sc":"#636466"},"geometry":{"type":"LineString","coordinates":[[1417.0,1708.2],[1417.0,1708.2]]}},{"type":"Feature","properties":{"id":"p:equipos:5256","n":1,"sc":"#636466"},"geometry":{"type":"LineString","coordinates":[[1422.7,1708.2],[1422.7,1708.2]]}},{"type":"Feature","properties":{"id":"p:equipos:5257","n":1,"sc":"#636466"},"geometry":{"type":"LineString","coordinates":[[1423.7,1706.7],[1423.7,1706.7]]}},{"type":"Feature","properties":{"id":"p:equipos:5258","n":1,"sc":"#636466"},"geometry":{"type":"LineString","coordinates":[[1408.8,1708.2],[1408.8,1708.2]]}},{"type":"Feature","properties":{"id":"p:equipos:5259","n":1,"sc":"#636466"},"geometry":{"type":"LineString","coordinates":[[1405.9,1710.6],[1405.9,1710.6]]}},{"type":"Feature","properties":{"id":"p:equipos:5260","n":1,"sc":"#636466"},"geometry":{"type":"LineString","coordinates":[[1407.8,1709.1],[1407.8,1709.1]]}},{"type":"Feature","properties":{"id":"p:equipos:5261","n":1,"sc":"#636466"},"geometry":{"type":"LineString","coordinates":[[1430.9,1706.2],[1430.9,1706.2]]}},{"type":"Feature","properties":{"id":"p:equipos:5262","n":1,"sc":"#636466"},"geometry":{"type":"LineString","coordinates":[[1424.2,1707.2],[1430.9,1706.2]]}},{"type":"Feature","properties":{"id":"p:equipos:5263","n":4,"sc":"#636466"},"geometry":{"type":"LineString","coordinates":[[1404.7,1708.9],[1405.1,1709.0],[1405.4,1709.1],[1405.8,1709.1],[1406.2,1709.1]]}},{"type":"Feature","properties":{"id":"p:equipos:5264","n":4,"sc":"#636466"},"geometry":{"type":"LineString","coordinates":[[1430.9,1702.9],[1431.8,1703.4],[1431.8,1704.8],[1431.4,1705.8],[1430.9,1706.2]]}},{"type":"Feature","properties":{"id":"p:equipos:5265","n":1,"sc":"#636466"},"geometry":{"type":"LineString","coordinates":[[1427.0,1701.9],[1423.2,1701.0]]}},{"type":"Feature","properties":{"id":"p:equipos:5266","n":1,"sc":"#636466"},"geometry":{"type":"LineString","coordinates":[[1423.7,1706.7],[1423.2,1705.8]]}},{"type":"Feature","properties":{"id":"p:equipos:5267","n":1,"sc":"#636466"},"geometry":{"type":"LineString","coordinates":[[1426.6,1706.7],[1423.7,1706.7]]}},{"type":"Feature","properties":{"id":"p:equipos:5268","n":1,"sc":"#636466"},"geometry":{"type":"LineString","coordinates":[[1430.9,1702.9],[1427.0,1701.9]]}},{"type":"Feature","properties":{"id":"p:equipos:5269","n":8,"sc":"#636466"},"geometry":{"type":"LineString","coordinates":[[1430.8,1706.2],[1431.4,1706.0],[1431.9,1705.7],[1432.2,1705.1],[1432.3,1704.5],[1432.2,1703.9],[1431.8,1703.4],[1431.3,1703.0],[1430.7,1702.9]]}},{"type":"Feature","properties":{"id":"p:equipos:5270","n":1,"sc":"#636466"},"geometry":{"type":"LineString","coordinates":[[1423.2,1705.8],[1422.7,1702.9]]}},{"type":"Feature","properties":{"id":"p:equipos:5271","n":1,"sc":"#636466"},"geometry":{"type":"LineString","coordinates":[[1430.9,1706.2],[1426.6,1706.7]]}},{"type":"Feature","properties":{"id":"p:equipos:5272","n":2,"sc":"#636466"},"geometry":{"type":"LineString","coordinates":[[1422.7,1702.9],[1423.2,1701.4],[1423.2,1701.0]]}},{"type":"Feature","properties":{"id":"p:equipos:5273","n":1,"sc":"#636466"},"geometry":{"type":"LineString","coordinates":[[1403.0,1708.2],[1403.0,1708.2]]}},{"type":"Feature","properties":{"id":"p:equipos:5274","n":4,"sc":"#636466"},"geometry":{"type":"LineString","coordinates":[[1423.2,1700.6],[1423.2,1700.6],[1423.1,1700.5],[1423.1,1700.5],[1423.0,1700.5]]}},{"type":"Feature","properties":{"id":"p:equipos:5275","n":8,"sc":"#636466"},"geometry":{"type":"LineString","coordinates":[[1398.2,1701.9],[1397.8,1702.1],[1397.4,1702.3],[1397.1,1702.6],[1396.9,1703.0],[1396.8,1703.4],[1396.8,1703.9],[1396.9,1704.3],[1397.2,1704.6]]}},{"type":"Feature","properties":{"id":"p:equipos:5276","n":1,"sc":"#636466"},"geometry":{"type":"LineString","coordinates":[[1403.0,1703.4],[1402.6,1705.8]]}},{"type":"Feature","properties":{"id":"p:equipos:5277","n":2,"sc":"#636466"},"geometry":{"type":"LineString","coordinates":[[1402.6,1705.8],[1402.1,1706.7],[1402.1,1707.2]]}},{"type":"Feature","properties":{"id":"p:equipos:5278","n":2,"sc":"#636466"},"geometry":{"type":"LineString","coordinates":[[1402.1,1701.4],[1402.6,1701.9],[1403.0,1703.4]]}},{"type":"Feature","properties":{"id":"p:equipos:5279","n":1,"sc":"#636466"},"geometry":{"type":"LineString","coordinates":[[1400.2,1708.2],[1397.3,1704.8]]}},{"type":"Feature","properties":{"id":"p:equipos:5280","n":4,"sc":"#636466"},"geometry":{"type":"LineString","coordinates":[[1401.6,1707.0],[1401.7,1707.0],[1401.8,1707.0],[1401.8,1707.0],[1401.9,1707.1]]}},{"type":"Feature","properties":{"id":"p:equipos:5281","n":1,"sc":"#636466"},"geometry":{"type":"LineString","coordinates":[[1402.1,1701.4],[1402.1,1701.4]]}},{"type":"Feature","properties":{"id":"p:equipos:5282","n":1,"sc":"#636466"},"geometry":{"type":"LineString","coordinates":[[1399.7,1706.2],[1401.6,1706.7]]}},{"type":"Feature","properties":{"id":"p:equipos:5283","n":2,"sc":"#636466"},"geometry":{"type":"LineString","coordinates":[[1406.4,1716.8],[1407.4,1716.8],[1408.3,1715.8]]}},{"type":"Feature","properties":{"id":"p:equipos:5284","n":1,"sc":"#636466"},"geometry":{"type":"LineString","coordinates":[[1408.3,1709.1],[1408.3,1709.1]]}},{"type":"Feature","properties":{"id":"p:equipos:5285","n":1,"sc":"#636466"},"geometry":{"type":"LineString","coordinates":[[1400.6,1701.4],[1402.1,1701.4]]}},{"type":"Feature","properties":{"id":"p:equipos:5286","n":1,"sc":"#636466"},"geometry":{"type":"LineString","coordinates":[[1398.2,1705.3],[1399.7,1706.2]]}},{"type":"Feature","properties":{"id":"p:equipos:5287","n":4,"sc":"#636466"},"geometry":{"type":"LineString","coordinates":[[1399.9,1708.1],[1400.1,1708.3],[1400.3,1708.5],[1400.6,1708.6],[1400.9,1708.6]]}},{"type":"Feature","properties":{"id":"p:equipos:5288","n":3,"sc":"#636466"},"geometry":{"type":"LineString","coordinates":[[1408.8,1711.5],[1408.8,1710.6],[1408.3,1710.1],[1408.3,1709.6]]}},{"type":"Feature","properties":{"id":"p:equipos:5289","n":1,"sc":"#636466"},"geometry":{"type":"LineString","coordinates":[[1403.0,1708.6],[1403.0,1708.6]]}},{"type":"Feature","properties":{"id":"p:equipos:5290","n":4,"sc":"#636466"},"geometry":{"type":"LineString","coordinates":[[1415.9,1709.0],[1416.0,1708.9],[1416.0,1708.7],[1416.0,1708.5],[1416,1708.4]]}},{"type":"Feature","properties":{"id":"p:equipos:5291","n":8,"sc":"#636466"},"geometry":{"type":"LineString","coordinates":[[1416.2,1706.1],[1416.7,1705.0],[1417.0,1703.8],[1416.8,1702.6],[1416.4,1701.4],[1415.7,1700.4],[1414.7,1699.7],[1413.6,1699.2],[1412.3,1699.0]]}},{"type":"Feature","properties":{"id":"p:equipos:5292","n":2,"sc":"#636466"},"geometry":{"type":"LineString","coordinates":[[1404.5,1715.8],[1405.4,1716.3],[1405.9,1716.8]]}},{"type":"Feature","properties":{"id":"p:equipos:5293","n":1,"sc":"#636466"},"geometry":{"type":"LineString","coordinates":[[1404,1711.0],[1404.5,1713.0]]}},{"type":"Feature","properties":{"id":"p:equipos:5294","n":1,"sc":"#636466"},"geometry":{"type":"LineString","coordinates":[[1404,1711.0],[1404.5,1711.5]]}},{"type":"Feature","properties":{"id":"p:equipos:5295","n":1,"sc":"#636466"},"geometry":{"type":"LineString","coordinates":[[1404,1711.0],[1404,1711.0]]}},{"type":"Feature","properties":{"id":"p:equipos:5296","n":1,"sc":"#636466"},"geometry":{"type":"LineString","coordinates":[[1405.9,1703.4],[1405.9,1703.4]]}},{"type":"Feature","properties":{"id":"p:equipos:5297","n":1,"sc":"#636466"},"geometry":{"type":"LineString","coordinates":[[1406.9,1703.4],[1406.9,1703.4]]}},{"type":"Feature","properties":{"id":"p:equipos:5298","n":2,"sc":"#636466"},"geometry":{"type":"LineString","coordinates":[[1421.3,1714.4],[1420.8,1714.9],[1419.4,1714.4]]}},{"type":"Feature","properties":{"id":"p:equipos:5299","n":1,"sc":"#636466"},"geometry":{"type":"LineString","coordinates":[[1416.5,1711.5],[1416,1711.0]]}},{"type":"Feature","properties":{"id":"p:equipos:5300","n":2,"sc":"#636466"},"geometry":{"type":"LineString","coordinates":[[1422.2,1712],[1422.2,1713.0],[1421.8,1713.9]]}},{"type":"Feature","properties":{"id":"p:equipos:5301","n":1,"sc":"#636466"},"geometry":{"type":"LineString","coordinates":[[1420.3,1709.1],[1420.8,1709.6]]}},{"type":"Feature","properties":{"id":"p:equipos:5302","n":1,"sc":"#636466"},"geometry":{"type":"LineString","coordinates":[[1404,1711.0],[1404,1711.0]]}},{"type":"Feature","properties":{"id":"p:equipos:5303","n":1,"sc":"#636466"},"geometry":{"type":"LineString","coordinates":[[1404,1711.0],[1404.5,1711.0]]}},{"type":"Feature","properties":{"id":"p:equipos:5304","n":4,"sc":"#636466"},"geometry":{"type":"LineString","coordinates":[[1401.3,1708.9],[1401.4,1708.9],[1401.4,1709.0],[1401.4,1709.0],[1401.4,1709.0]]}},{"type":"Feature","properties":{"id":"p:equipos:5305","n":1,"sc":"#636466"},"geometry":{"type":"LineString","coordinates":[[1398.2,1701.9],[1400.6,1701.4]]}},{"type":"Feature","properties":{"id":"p:equipos:5306","n":1,"sc":"#636466"},"geometry":{"type":"LineString","coordinates":[[1404,1711.0],[1404,1710.6]]}},{"type":"Feature","properties":{"id":"p:equipos:5307","n":3,"sc":"#636466"},"geometry":{"type":"LineString","coordinates":[[1406.4,1711.0],[1406.9,1711.0],[1406.9,1711.5],[1406.4,1711.5]]}},{"type":"Feature","properties":{"id":"p:equipos:5308","n":2,"sc":"#636466"},"geometry":{"type":"LineString","coordinates":[[1405.4,1710.1],[1405.9,1710.1],[1405.9,1710.6]]}},{"type":"Feature","properties":{"id":"p:equipos:5309","n":1,"sc":"#636466"},"geometry":{"type":"LineString","coordinates":[[1406.4,1711.5],[1406.9,1711.5]]}},{"type":"Feature","properties":{"id":"p:equipos:5310","n":1,"sc":"#636466"},"geometry":{"type":"LineString","coordinates":[[1406.9,1711.5],[1406.4,1711.0]]}},{"type":"Feature","properties":{"id":"p:equipos:5311","n":1,"sc":"#636466"},"geometry":{"type":"LineString","coordinates":[[1405.0,1709.6],[1405.0,1709.6]]}},{"type":"Feature","properties":{"id":"p:equipos:5312","n":1,"sc":"#636466"},"geometry":{"type":"LineString","coordinates":[[1404,1710.6],[1404,1710.6]]}},{"type":"Feature","properties":{"id":"p:equipos:5313","n":1,"sc":"#636466"},"geometry":{"type":"LineString","coordinates":[[1404.5,1711.0],[1404,1711.0]]}},{"type":"Feature","properties":{"id":"p:equipos:5314","n":4,"sc":"#636466"},"geometry":{"type":"LineString","coordinates":[[1402.6,1708.2],[1402.6,1708.2],[1402.6,1708.2],[1402.6,1708.2],[1402.6,1708.2]]}},{"type":"Feature","properties":{"id":"p:equipos:5315","n":1,"sc":"#636466"},"geometry":{"type":"LineString","coordinates":[[1405.9,1710.6],[1405.4,1710.1]]}},{"type":"Feature","properties":{"id":"p:equipos:5316","n":1,"sc":"#636466"},"geometry":{"type":"LineString","coordinates":[[1401.6,1709.1],[1401.6,1709.1]]}},{"type":"Feature","properties":{"id":"p:equipos:5317","n":1,"sc":"#636466"},"geometry":{"type":"LineString","coordinates":[[1402.1,1709.1],[1402.1,1709.1]]}},{"type":"Feature","properties":{"id":"p:equipos:5318","n":2,"sc":"#636466"},"geometry":{"type":"LineString","coordinates":[[1406.4,1711.0],[1406.4,1711.5],[1405.9,1711.5]]}},{"type":"Feature","properties":{"id":"p:equipos:5319","n":1,"sc":"#636466"},"geometry":{"type":"LineString","coordinates":[[1403.5,1708.6],[1403.0,1709.1]]}},{"type":"Feature","properties":{"id":"p:equipos:5320","n":1,"sc":"#636466"},"geometry":{"type":"LineString","coordinates":[[1403.5,1708.6],[1403.5,1708.6]]}},{"type":"Feature","properties":{"id":"p:equipos:5321","n":1,"sc":"#636466"},"geometry":{"type":"LineString","coordinates":[[1403.5,1708.6],[1403.5,1708.6]]}},{"type":"Feature","properties":{"id":"p:equipos:5322","n":1,"sc":"#636466"},"geometry":{"type":"LineString","coordinates":[[1403.0,1709.1],[1403.5,1708.6]]}},{"type":"Feature","properties":{"id":"p:equipos:5323","n":4,"sc":"#636466"},"geometry":{"type":"LineString","coordinates":[[1423.3,1706.7],[1423.4,1706.7],[1423.5,1706.7],[1423.5,1706.7],[1423.6,1706.7]]}},{"type":"Feature","properties":{"id":"p:equipos:5324","n":1,"sc":"#636466"},"geometry":{"type":"LineString","coordinates":[[1417.4,1709.6],[1417.0,1709.6]]}},{"type":"Feature","properties":{"id":"p:equipos:5325","n":1,"sc":"#636466"},"geometry":{"type":"LineString","coordinates":[[1405.9,1711.5],[1406.4,1711.0]]}},{"type":"Feature","properties":{"id":"p:equipos:5326","n":2,"sc":"#636466"},"geometry":{"type":"LineString","coordinates":[[1403.0,1709.1],[1403.0,1709.6],[1403.0,1710.1]]}},{"type":"Feature","properties":{"id":"p:equipos:5327","n":2,"sc":"#636466"},"geometry":{"type":"LineString","coordinates":[[1403.0,1708.2],[1402.1,1709.1],[1401.6,1709.1]]}},{"type":"Feature","properties":{"id":"p:equipos:5328","n":1,"sc":"#636466"},"geometry":{"type":"LineString","coordinates":[[1403.0,1708.2],[1403.0,1708.2]]}},{"type":"Feature","properties":{"id":"p:equipos:5329","n":1,"sc":"#636466"},"geometry":{"type":"LineString","coordinates":[[1417.9,1708.6],[1417.9,1708.6]]}},{"type":"Feature","properties":{"id":"p:equipos:5330","n":1,"sc":"#636466"},"geometry":{"type":"LineString","coordinates":[[1402.1,1708.6],[1401.1,1708.6]]}},{"type":"Feature","properties":{"id":"p:equipos:5331","n":1,"sc":"#636466"},"geometry":{"type":"LineString","coordinates":[[1418.4,1709.6],[1417.9,1709.6]]}},{"type":"Feature","properties":{"id":"p:equipos:5332","n":1,"sc":"#636466"},"geometry":{"type":"LineString","coordinates":[[1404,1710.6],[1401.6,1709.1]]}},{"type":"Feature","properties":{"id":"p:equipos:5333","n":8,"sc":"#636466"},"geometry":{"type":"LineString","coordinates":[[1412.3,1699.0],[1411.1,1699.2],[1410.0,1699.7],[1409.0,1700.5],[1408.3,1701.5],[1407.9,1702.7],[1407.9,1703.9],[1408.1,1705.1],[1408.7,1706.2]]}},{"type":"Feature","properties":{"id":"p:equipos:5334","n":1,"sc":"#636466"},"geometry":{"type":"LineString","coordinates":[[1402.1,1708.6],[1402.6,1707.7]]}},{"type":"Feature","properties":{"id":"p:equipos:5335","n":4,"sc":"#636466"},"geometry":{"type":"LineString","coordinates":[[1408.1,1715.4],[1408.2,1715.3],[1408.3,1715.1],[1408.3,1714.9],[1408.3,1714.8]]}},{"type":"Feature","properties":{"id":"p:equipos:5336","n":1,"sc":"#636466"},"geometry":{"type":"LineString","coordinates":[[1412.6,1712.5],[1412.6,1712.5]]}},{"type":"Feature","properties":{"id":"p:equipos:5337","n":1,"sc":"#636466"},"geometry":{"type":"LineString","coordinates":[[1408.3,1715.4],[1408.8,1713.0]]}},{"type":"Feature","properties":{"id":"p:equipos:5338","n":1,"sc":"#636466"},"geometry":{"type":"LineString","coordinates":[[1408.8,1713.0],[1408.8,1711.5]]}},{"type":"Feature","properties":{"id":"p:equipos:5339","n":1,"sc":"#636466"},"geometry":{"type":"LineString","coordinates":[[1405.9,1716.8],[1406.4,1716.8]]}},{"type":"Feature","properties":{"id":"p:equipos:5340","n":4,"sc":"#636466"},"geometry":{"type":"LineString","coordinates":[[1404.5,1714.7],[1404.5,1714.9],[1404.5,1715.0],[1404.5,1715.1],[1404.6,1715.2]]}},{"type":"Feature","properties":{"id":"p:equipos:5341","n":1,"sc":"#636466"},"geometry":{"type":"LineString","coordinates":[[1404.5,1713.0],[1404.5,1715.4]]}},{"type":"Feature","properties":{"id":"p:equipos:5342","n":1,"sc":"#636466"},"geometry":{"type":"LineString","coordinates":[[1405.9,1703.8],[1405.9,1703.8]]}},{"type":"Feature","properties":{"id":"p:equipos:5343","n":1,"sc":"#636466"},"geometry":{"type":"LineString","coordinates":[[1423.2,1707.2],[1423.7,1707.2]]}},{"type":"Feature","properties":{"id":"p:equipos:5344","n":1,"sc":"#636466"},"geometry":{"type":"LineString","coordinates":[[1423.2,1707.7],[1423.2,1707.7]]}},{"type":"Feature","properties":{"id":"p:equipos:5345","n":1,"sc":"#636466"},"geometry":{"type":"LineString","coordinates":[[1406.9,1703.8],[1406.9,1703.8]]}},{"type":"Feature","properties":{"id":"p:equipos:5346","n":1,"sc":"#636466"},"geometry":{"type":"LineString","coordinates":[[1404,1711.0],[1404,1711.0]]}},{"type":"Feature","properties":{"id":"p:equipos:5347","n":1,"sc":"#636466"},"geometry":{"type":"LineString","coordinates":[[1418.9,1714.4],[1417.4,1713.0]]}},{"type":"Feature","properties":{"id":"p:equipos:5348","n":1,"sc":"#636466"},"geometry":{"type":"LineString","coordinates":[[1417.4,1713.0],[1416.5,1711.5]]}},{"type":"Feature","properties":{"id":"p:equipos:5349","n":1,"sc":"#636466"},"geometry":{"type":"LineString","coordinates":[[1421.8,1713.9],[1421.3,1714.4]]}},{"type":"Feature","properties":{"id":"p:equipos:5350","n":1,"sc":"#636466"},"geometry":{"type":"LineString","coordinates":[[1420.8,1709.6],[1421.8,1711.5]]}},{"type":"Feature","properties":{"id":"p:equipos:5351","n":4,"sc":"#636466"},"geometry":{"type":"LineString","coordinates":[[1418.9,1713.9],[1419.0,1714.0],[1419.2,1714.1],[1419.3,1714.2],[1419.5,1714.3]]}},{"type":"Feature","properties":{"id":"p:equipos:5352","n":1,"sc":"#636466"},"geometry":{"type":"LineString","coordinates":[[1417.4,1709.6],[1417.0,1709.6]]}},{"type":"Feature","properties":{"id":"p:equipos:5353","n":4,"sc":"#636466"},"geometry":{"type":"LineString","coordinates":[[1421.6,1711.6],[1421.6,1711.5],[1421.5,1711.4],[1421.5,1711.3],[1421.4,1711.2]]}},{"type":"Feature","properties":{"id":"p:equipos:5354","n":1,"sc":"#636466"},"geometry":{"type":"LineString","coordinates":[[1417.0,1706.2],[1417.0,1706.2]]}},{"type":"Feature","properties":{"id":"p:equipos:5355","n":1,"sc":"#636466"},"geometry":{"type":"LineString","coordinates":[[1401.1,1708.6],[1401.1,1708.6]]}},{"type":"Feature","properties":{"id":"p:equipos:5356","n":1,"sc":"#636466"},"geometry":{"type":"LineString","coordinates":[[1401.6,1709.1],[1404,1711.0]]}},{"type":"Feature","properties":{"id":"p:equipos:5357","n":1,"sc":"#636466"},"geometry":{"type":"LineString","coordinates":[[1417.9,1708.6],[1417.9,1708.6]]}},{"type":"Feature","properties":{"id":"p:equipos:5358","n":1,"sc":"#636466"},"geometry":{"type":"LineString","coordinates":[[1418.4,1709.6],[1417.9,1709.6]]}},{"type":"Feature","properties":{"id":"p:equipos:5359","n":2,"sc":"#636466"},"geometry":{"type":"LineString","coordinates":[[1416.5,1709.6],[1415.0,1711.5],[1412.6,1712.5]]}},{"type":"Feature","properties":{"id":"p:equipos:5360","n":4,"sc":"#636466"},"geometry":{"type":"LineString","coordinates":[[1409.3,1709.1],[1409.3,1710.6],[1410.2,1711.5],[1411.2,1712.5],[1412.6,1712.5]]}},{"type":"Feature","properties":{"id":"p:equipos:5361","n":4,"sc":"#636466"},"geometry":{"type":"LineString","coordinates":[[1412.6,1712.5],[1414.1,1712.5],[1415.5,1711.5],[1416,1710.1],[1416.5,1708.6]]}},{"type":"Feature","properties":{"id":"p:equipos:5362","n":4,"sc":"#636466"},"geometry":{"type":"LineString","coordinates":[[1409.3,1706.7],[1410.7,1708.2],[1412.6,1708.6],[1415.0,1707.7],[1416.5,1706.7]]}},{"type":"Feature","properties":{"id":"p:equipos:5363","n":1,"sc":"#636466"},"geometry":{"type":"LineString","coordinates":[[1409.3,1709.1],[1409.3,1706.7]]}},{"type":"Feature","properties":{"id":"p:equipos:5364","n":1,"sc":"#636466"},"geometry":{"type":"LineString","coordinates":[[1416.5,1708.6],[1416.5,1706.7]]}},{"type":"Feature","properties":{"id":"p:equipos:5365","n":4,"sc":"#636466"},"geometry":{"type":"LineString","coordinates":[[1296.1,1613],[1296.2,1612.9],[1296.2,1612.8],[1296.3,1612.7],[1296.4,1612.5]]}},{"type":"Feature","properties":{"id":"p:equipos:5366","n":2,"sc":"#636466"},"geometry":{"type":"LineString","coordinates":[[1301.3,1604.5],[1300.8,1606.9],[1299.8,1608.3]]}},{"type":"Feature","properties":{"id":"p:equipos:5367","n":1,"sc":"#636466"},"geometry":{"type":"LineString","coordinates":[[1298.4,1587.7],[1299.4,1588.2]]}},{"type":"Feature","properties":{"id":"p:equipos:5368","n":2,"sc":"#636466"},"geometry":{"type":"LineString","coordinates":[[1290.7,1591.0],[1291.2,1589.1],[1292.6,1587.7]]}},{"type":"Feature","properties":{"id":"p:equipos:5369","n":1,"sc":"#636466"},"geometry":{"type":"LineString","coordinates":[[1290.7,1594.4],[1290.7,1591.0]]}},{"type":"Feature","properties":{"id":"p:equipos:5370","n":1,"sc":"#636466"},"geometry":{"type":"LineString","coordinates":[[1297.0,1603.5],[1297.0,1603.5]]}},{"type":"Feature","properties":{"id":"p:equipos:5371","n":1,"sc":"#636466"},"geometry":{"type":"LineString","coordinates":[[1301.3,1602.1],[1301.3,1604.5]]}},{"type":"Feature","properties":{"id":"p:equipos:5372","n":1,"sc":"#636466"},"geometry":{"type":"LineString","coordinates":[[1300.8,1592],[1301.3,1594.4]]}},{"type":"Feature","properties":{"id":"p:equipos:5373","n":1,"sc":"#636466"},"geometry":{"type":"LineString","coordinates":[[1291.2,1602.1],[1290.7,1594.4]]}},{"type":"Feature","properties":{"id":"p:equipos:5374","n":1,"sc":"#636466"},"geometry":{"type":"LineString","coordinates":[[1291.2,1605.4],[1291.2,1602.1]]}},{"type":"Feature","properties":{"id":"p:equipos:5375","n":2,"sc":"#636466"},"geometry":{"type":"LineString","coordinates":[[1299.4,1588.2],[1300.8,1590.1],[1300.8,1592]]}},{"type":"Feature","properties":{"id":"p:equipos:5376","n":1,"sc":"#636466"},"geometry":{"type":"LineString","coordinates":[[1299.8,1608.3],[1298.4,1609.3]]}},{"type":"Feature","properties":{"id":"p:equipos:5377","n":2,"sc":"#636466"},"geometry":{"type":"LineString","coordinates":[[1292.6,1608.8],[1291.7,1607.4],[1291.2,1605.4]]}},{"type":"Feature","properties":{"id":"p:equipos:5378","n":1,"sc":"#636466"},"geometry":{"type":"LineString","coordinates":[[1300.3,1609.8],[1300.3,1610.2]]}},{"type":"Feature","properties":{"id":"p:equipos:5379","n":2,"sc":"#636466"},"geometry":{"type":"LineString","coordinates":[[1303.2,1604.5],[1303.2,1605.9],[1302.2,1607.4]]}},{"type":"Feature","properties":{"id":"p:equipos:5380","n":1,"sc":"#636466"},"geometry":{"type":"LineString","coordinates":[[1302.2,1607.4],[1301.8,1607.8]]}},{"type":"Feature","properties":{"id":"p:equipos:5381","n":1,"sc":"#636466"},"geometry":{"type":"LineString","coordinates":[[1302.2,1607.4],[1302.2,1607.4]]}},{"type":"Feature","properties":{"id":"p:equipos:5382","n":1,"sc":"#636466"},"geometry":{"type":"LineString","coordinates":[[1302.2,1606.9],[1302.2,1606.9]]}},{"type":"Feature","properties":{"id":"p:equipos:5383","n":1,"sc":"#636466"},"geometry":{"type":"LineString","coordinates":[[1301.8,1605.4],[1301.8,1605.4]]}},{"type":"Feature","properties":{"id":"p:equipos:5384","n":1,"sc":"#636466"},"geometry":{"type":"LineString","coordinates":[[1301.8,1608.3],[1301.3,1608.8]]}},{"type":"Feature","properties":{"id":"p:equipos:5385","n":1,"sc":"#636466"},"geometry":{"type":"LineString","coordinates":[[1300.8,1609.8],[1300.3,1609.8]]}},{"type":"Feature","properties":{"id":"p:equipos:5386","n":1,"sc":"#636466"},"geometry":{"type":"LineString","coordinates":[[1300.8,1609.3],[1300.8,1609.3]]}},{"type":"Feature","properties":{"id":"p:equipos:5387","n":1,"sc":"#636466"},"geometry":{"type":"LineString","coordinates":[[1300.3,1607.8],[1300.3,1607.8]]}},{"type":"Feature","properties":{"id":"p:equipos:5388","n":1,"sc":"#636466"},"geometry":{"type":"LineString","coordinates":[[1303.2,1605.0],[1301.8,1607.8]]}},{"type":"Feature","properties":{"id":"p:equipos:5389","n":1,"sc":"#636466"},"geometry":{"type":"LineString","coordinates":[[1300.8,1606.4],[1302.2,1605.0]]}},{"type":"Feature","properties":{"id":"p:equipos:5390","n":4,"sc":"#636466"},"geometry":{"type":"LineString","coordinates":[[1297.1,1602.8],[1297.1,1602.8],[1297.1,1602.8],[1297.1,1602.8],[1297.1,1602.8]]}},{"type":"Feature","properties":{"id":"p:equipos:5391","n":4,"sc":"#636466"},"geometry":{"type":"LineString","coordinates":[[1299.4,1610.5],[1299.7,1610.1],[1299.8,1609.7],[1299.8,1609.3],[1299.6,1608.8]]}},{"type":"Feature","properties":{"id":"p:equipos:5392","n":1,"sc":"#636466"},"geometry":{"type":"LineString","coordinates":[[1300.8,1609.3],[1300.3,1609.8]]}},{"type":"Feature","properties":{"id":"p:equipos:5393","n":1,"sc":"#636466"},"geometry":{"type":"LineString","coordinates":[[1298.9,1587.7],[1298.9,1588.2]]}},{"type":"Feature","properties":{"id":"p:equipos:5394","n":1,"sc":"#636466"},"geometry":{"type":"LineString","coordinates":[[1298.9,1587.2],[1298.9,1587.7]]}},{"type":"Feature","properties":{"id":"p:equipos:5395","n":4,"sc":"#636466"},"geometry":{"type":"LineString","coordinates":[[1302.1,1607.1],[1302.1,1607.0],[1302.1,1607.0],[1302.1,1607.0],[1302.2,1607.0]]}},{"type":"Feature","properties":{"id":"p:equipos:5396","n":2,"sc":"#636466"},"geometry":{"type":"LineString","coordinates":[[1300.8,1591.0],[1301.3,1592.5],[1301.3,1593.9]]}},{"type":"Feature","properties":{"id":"p:equipos:5397","n":1,"sc":"#636466"},"geometry":{"type":"LineString","coordinates":[[1298.9,1587.7],[1299.4,1588.2]]}},{"type":"Feature","properties":{"id":"p:equipos:5398","n":1,"sc":"#636466"},"geometry":{"type":"LineString","coordinates":[[1302.7,1604.5],[1302.7,1604.5]]}},{"type":"Feature","properties":{"id":"p:equipos:5399","n":1,"sc":"#636466"},"geometry":{"type":"LineString","coordinates":[[1300.8,1592.5],[1301.3,1593.0]]}},{"type":"Feature","properties":{"id":"p:equipos:5400","n":1,"sc":"#636466"},"geometry":{"type":"LineString","coordinates":[[1299.8,1594.4],[1299.8,1594.4]]}},{"type":"Feature","properties":{"id":"p:equipos:5401","n":1,"sc":"#636466"},"geometry":{"type":"LineString","coordinates":[[1299.4,1588.2],[1299.4,1588.2]]}},{"type":"Feature","properties":{"id":"p:equipos:5402","n":1,"sc":"#636466"},"geometry":{"type":"LineString","coordinates":[[1298.4,1587.7],[1298.4,1587.7]]}},{"type":"Feature","properties":{"id":"p:equipos:5403","n":1,"sc":"#636466"},"geometry":{"type":"LineString","coordinates":[[1299.8,1602.6],[1299.8,1602.6]]}},{"type":"Feature","properties":{"id":"p:equipos:5404","n":1,"sc":"#636466"},"geometry":{"type":"LineString","coordinates":[[1301.8,1605.4],[1301.8,1605.4]]}},{"type":"Feature","properties":{"id":"p:equipos:5405","n":1,"sc":"#636466"},"geometry":{"type":"LineString","coordinates":[[1300.3,1603.5],[1300.3,1603.5]]}},{"type":"Feature","properties":{"id":"p:equipos:5406","n":1,"sc":"#636466"},"geometry":{"type":"LineString","coordinates":[[1297.9,1580.5],[1297.9,1580.5]]}},{"type":"Feature","properties":{"id":"p:equipos:5407","n":1,"sc":"#636466"},"geometry":{"type":"LineString","coordinates":[[1298.9,1587.2],[1297.9,1580]]}},{"type":"Feature","properties":{"id":"p:equipos:5408","n":4,"sc":"#636466"},"geometry":{"type":"LineString","coordinates":[[1300.6,1606.2],[1300.7,1605.8],[1300.8,1605.4],[1300.8,1605.1],[1300.7,1604.7]]}},{"type":"Feature","properties":{"id":"p:equipos:5409","n":4,"sc":"#636466"},"geometry":{"type":"LineString","coordinates":[[1294.6,1580],[1295.0,1579.5],[1296.5,1579.0],[1297.4,1579.5],[1297.9,1580.5]]}},{"type":"Feature","properties":{"id":"p:equipos:5410","n":1,"sc":"#636466"},"geometry":{"type":"LineString","coordinates":[[1293.6,1583.8],[1292.6,1587.7]]}},{"type":"Feature","properties":{"id":"p:equipos:5411","n":1,"sc":"#636466"},"geometry":{"type":"LineString","coordinates":[[1298.4,1587.7],[1297.0,1588.2]]}},{"type":"Feature","properties":{"id":"p:equipos:5412","n":1,"sc":"#636466"},"geometry":{"type":"LineString","coordinates":[[1298.4,1584.3],[1298.4,1587.7]]}},{"type":"Feature","properties":{"id":"p:equipos:5413","n":1,"sc":"#636466"},"geometry":{"type":"LineString","coordinates":[[1294.6,1580],[1293.6,1583.8]]}},{"type":"Feature","properties":{"id":"p:equipos:5414","n":8,"sc":"#636466"},"geometry":{"type":"LineString","coordinates":[[1297.4,1580.0],[1297.2,1579.4],[1296.9,1579.0],[1296.3,1578.7],[1295.7,1578.6],[1295.1,1578.7],[1294.6,1579.0],[1294.2,1579.5],[1294.1,1580.2]]}},{"type":"Feature","properties":{"id":"p:equipos:5415","n":1,"sc":"#636466"},"geometry":{"type":"LineString","coordinates":[[1297.0,1588.2],[1294.6,1588.2]]}},{"type":"Feature","properties":{"id":"p:equipos:5416","n":1,"sc":"#636466"},"geometry":{"type":"LineString","coordinates":[[1297.9,1580.5],[1298.4,1584.3]]}},{"type":"Feature","properties":{"id":"p:equipos:5417","n":2,"sc":"#636466"},"geometry":{"type":"LineString","coordinates":[[1294.6,1588.2],[1293.1,1588.2],[1292.6,1587.7]]}},{"type":"Feature","properties":{"id":"p:equipos:5418","n":1,"sc":"#636466"},"geometry":{"type":"LineString","coordinates":[[1299.8,1608.3],[1299.8,1608.3]]}},{"type":"Feature","properties":{"id":"p:equipos:5419","n":4,"sc":"#636466"},"geometry":{"type":"LineString","coordinates":[[1292.2,1587.2],[1292.2,1587.2],[1292.2,1587.3],[1292.2,1587.3],[1292.2,1587.4]]}},{"type":"Feature","properties":{"id":"p:equipos:5420","n":8,"sc":"#636466"},"geometry":{"type":"LineString","coordinates":[[1293.1,1612.2],[1293.3,1612.6],[1293.5,1613.0],[1293.8,1613.3],[1294.2,1613.5],[1294.6,1613.6],[1295.1,1613.6],[1295.5,1613.5],[1295.8,1613.2]]}},{"type":"Feature","properties":{"id":"p:equipos:5421","n":1,"sc":"#636466"},"geometry":{"type":"LineString","coordinates":[[1295.0,1608.3],[1297.4,1608.3]]}},{"type":"Feature","properties":{"id":"p:equipos:5422","n":2,"sc":"#636466"},"geometry":{"type":"LineString","coordinates":[[1297.4,1608.3],[1298.4,1608.8],[1298.4,1609.3]]}},{"type":"Feature","properties":{"id":"p:equipos:5423","n":2,"sc":"#636466"},"geometry":{"type":"LineString","coordinates":[[1292.6,1608.8],[1293.6,1608.8],[1295.0,1608.3]]}},{"type":"Feature","properties":{"id":"p:equipos:5424","n":1,"sc":"#636466"},"geometry":{"type":"LineString","coordinates":[[1299.8,1611.2],[1296.5,1613.6]]}},{"type":"Feature","properties":{"id":"p:equipos:5425","n":4,"sc":"#636466"},"geometry":{"type":"LineString","coordinates":[[1298.2,1609.3],[1298.2,1609.2],[1298.2,1609.1],[1298.2,1609.1],[1298.3,1609.0]]}},{"type":"Feature","properties":{"id":"p:equipos:5426","n":1,"sc":"#636466"},"geometry":{"type":"LineString","coordinates":[[1292.6,1608.8],[1292.6,1608.8]]}},{"type":"Feature","properties":{"id":"p:equipos:5427","n":1,"sc":"#636466"},"geometry":{"type":"LineString","coordinates":[[1297.9,1611.2],[1298.4,1609.3]]}},{"type":"Feature","properties":{"id":"p:equipos:5428","n":2,"sc":"#636466"},"geometry":{"type":"LineString","coordinates":[[1308.5,1604.5],[1308.5,1603.5],[1307.5,1602.6]]}},{"type":"Feature","properties":{"id":"p:equipos:5429","n":1,"sc":"#636466"},"geometry":{"type":"LineString","coordinates":[[1300.3,1603.0],[1300.3,1603.0]]}},{"type":"Feature","properties":{"id":"p:equipos:5430","n":1,"sc":"#636466"},"geometry":{"type":"LineString","coordinates":[[1293.1,1610.7],[1292.6,1608.8]]}},{"type":"Feature","properties":{"id":"p:equipos:5431","n":1,"sc":"#636466"},"geometry":{"type":"LineString","coordinates":[[1297.0,1613.1],[1297.9,1611.2]]}},{"type":"Feature","properties":{"id":"p:equipos:5432","n":4,"sc":"#636466"},"geometry":{"type":"LineString","coordinates":[[1299.3,1610.5],[1299.5,1610.3],[1299.7,1610.1],[1299.8,1609.8],[1299.8,1609.5]]}},{"type":"Feature","properties":{"id":"p:equipos:5433","n":2,"sc":"#636466"},"geometry":{"type":"LineString","coordinates":[[1303.2,1602.6],[1302.2,1602.1],[1301.3,1602.6]]}},{"type":"Feature","properties":{"id":"p:equipos:5434","n":1,"sc":"#636466"},"geometry":{"type":"LineString","coordinates":[[1300.3,1608.3],[1300.3,1608.3]]}},{"type":"Feature","properties":{"id":"p:equipos:5435","n":4,"sc":"#636466"},"geometry":{"type":"LineString","coordinates":[[1300.7,1594.5],[1300.5,1594.4],[1300.4,1594.4],[1300.2,1594.4],[1300.0,1594.4]]}},{"type":"Feature","properties":{"id":"p:equipos:5436","n":8,"sc":"#636466"},"geometry":{"type":"LineString","coordinates":[[1297.8,1594.2],[1296.7,1593.7],[1295.5,1593.4],[1294.3,1593.6],[1293.1,1594.0],[1292.1,1594.7],[1291.3,1595.7],[1290.9,1596.8],[1290.7,1598.1]]}},{"type":"Feature","properties":{"id":"p:equipos:5437","n":2,"sc":"#636466"},"geometry":{"type":"LineString","coordinates":[[1307.0,1606.4],[1308,1605.9],[1308.5,1605.0]]}},{"type":"Feature","properties":{"id":"p:equipos:5438","n":1,"sc":"#636466"},"geometry":{"type":"LineString","coordinates":[[1302.7,1606.9],[1304.6,1606.9]]}},{"type":"Feature","properties":{"id":"p:equipos:5439","n":1,"sc":"#636466"},"geometry":{"type":"LineString","coordinates":[[1302.7,1606.9],[1303.2,1606.4]]}},{"type":"Feature","properties":{"id":"p:equipos:5440","n":1,"sc":"#636466"},"geometry":{"type":"LineString","coordinates":[[1302.7,1606.9],[1302.7,1606.9]]}},{"type":"Feature","properties":{"id":"p:equipos:5441","n":1,"sc":"#636466"},"geometry":{"type":"LineString","coordinates":[[1295.0,1605.0],[1295.0,1605.0]]}},{"type":"Feature","properties":{"id":"p:equipos:5442","n":1,"sc":"#636466"},"geometry":{"type":"LineString","coordinates":[[1295.0,1604],[1295.0,1604]]}},{"type":"Feature","properties":{"id":"p:equipos:5443","n":2,"sc":"#636466"},"geometry":{"type":"LineString","coordinates":[[1305.6,1589.6],[1306.1,1590.6],[1306.1,1591.5]]}},{"type":"Feature","properties":{"id":"p:equipos:5444","n":1,"sc":"#636466"},"geometry":{"type":"LineString","coordinates":[[1303.2,1594.9],[1302.7,1595.4]]}},{"type":"Feature","properties":{"id":"p:equipos:5445","n":2,"sc":"#636466"},"geometry":{"type":"LineString","coordinates":[[1303.7,1589.1],[1304.6,1588.6],[1305.6,1589.1]]}},{"type":"Feature","properties":{"id":"p:equipos:5446","n":1,"sc":"#636466"},"geometry":{"type":"LineString","coordinates":[[1300.8,1591.0],[1301.3,1590.6]]}},{"type":"Feature","properties":{"id":"p:equipos:5447","n":1,"sc":"#636466"},"geometry":{"type":"LineString","coordinates":[[1302.2,1607.4],[1302.2,1606.9]]}},{"type":"Feature","properties":{"id":"p:equipos:5448","n":1,"sc":"#636466"},"geometry":{"type":"LineString","coordinates":[[1302.2,1606.9],[1302.2,1606.9]]}},{"type":"Feature","properties":{"id":"p:equipos:5449","n":4,"sc":"#636466"},"geometry":{"type":"LineString","coordinates":[[1300.6,1609.5],[1300.6,1609.5],[1300.6,1609.5],[1300.7,1609.5],[1300.7,1609.5]]}},{"type":"Feature","properties":{"id":"p:equipos:5450","n":1,"sc":"#636466"},"geometry":{"type":"LineString","coordinates":[[1293.6,1612.6],[1293.1,1610.7]]}},{"type":"Feature","properties":{"id":"p:equipos:5451","n":1,"sc":"#636466"},"geometry":{"type":"LineString","coordinates":[[1302.2,1607.4],[1302.2,1607.4]]}},{"type":"Feature","properties":{"id":"p:equipos:5452","n":2,"sc":"#636466"},"geometry":{"type":"LineString","coordinates":[[1302.7,1604.5],[1302.7,1604],[1303.2,1604.5]]}},{"type":"Feature","properties":{"id":"p:equipos:5453","n":2,"sc":"#636466"},"geometry":{"type":"LineString","coordinates":[[1301.8,1605.4],[1301.8,1605.0],[1302.2,1605.0]]}},{"type":"Feature","properties":{"id":"p:equipos:5454","n":1,"sc":"#636466"},"geometry":{"type":"LineString","coordinates":[[1303.2,1604.5],[1303.2,1604.5]]}},{"type":"Feature","properties":{"id":"p:equipos:5455","n":1,"sc":"#636466"},"geometry":{"type":"LineString","coordinates":[[1302.7,1604.5],[1302.7,1604.5]]}},{"type":"Feature","properties":{"id":"p:equipos:5456","n":1,"sc":"#636466"},"geometry":{"type":"LineString","coordinates":[[1301.3,1606.4],[1301.3,1606.4]]}},{"type":"Feature","properties":{"id":"p:equipos:5457","n":1,"sc":"#636466"},"geometry":{"type":"LineString","coordinates":[[1302.2,1607.4],[1302.2,1607.4]]}},{"type":"Feature","properties":{"id":"p:equipos:5458","n":1,"sc":"#636466"},"geometry":{"type":"LineString","coordinates":[[1302.2,1606.9],[1302.2,1606.9]]}},{"type":"Feature","properties":{"id":"p:equipos:5459","n":4,"sc":"#636466"},"geometry":{"type":"LineString","coordinates":[[1299.9,1607.8],[1299.9,1607.8],[1299.9,1607.8],[1299.9,1607.8],[1299.9,1607.8]]}},{"type":"Feature","properties":{"id":"p:equipos:5460","n":1,"sc":"#636466"},"geometry":{"type":"LineString","coordinates":[[1302.2,1605.0],[1301.8,1605.4]]}},{"type":"Feature","properties":{"id":"p:equipos:5461","n":1,"sc":"#636466"},"geometry":{"type":"LineString","coordinates":[[1300.8,1609.8],[1300.8,1609.8]]}},{"type":"Feature","properties":{"id":"p:equipos:5462","n":1,"sc":"#636466"},"geometry":{"type":"LineString","coordinates":[[1300.8,1608.8],[1300.8,1608.8]]}},{"type":"Feature","properties":{"id":"p:equipos:5463","n":4,"sc":"#636466"},"geometry":{"type":"LineString","coordinates":[[1302.2,1605.0],[1302.7,1604.5],[1303.2,1604.5],[1303.2,1605.0],[1303.2,1605.4]]}},{"type":"Feature","properties":{"id":"p:equipos:5464","n":1,"sc":"#636466"},"geometry":{"type":"LineString","coordinates":[[1300.3,1607.8],[1300.8,1607.8]]}},{"type":"Feature","properties":{"id":"p:equipos:5465","n":1,"sc":"#636466"},"geometry":{"type":"LineString","coordinates":[[1300.3,1607.8],[1300.3,1607.8]]}},{"type":"Feature","properties":{"id":"p:equipos:5466","n":1,"sc":"#636466"},"geometry":{"type":"LineString","coordinates":[[1300.3,1607.8],[1300.3,1607.8]]}},{"type":"Feature","properties":{"id":"p:equipos:5467","n":1,"sc":"#636466"},"geometry":{"type":"LineString","coordinates":[[1300.8,1607.8],[1300.3,1607.8]]}},{"type":"Feature","properties":{"id":"p:equipos:5468","n":4,"sc":"#636466"},"geometry":{"type":"LineString","coordinates":[[1298.4,1587.1],[1298.4,1587.0],[1298.4,1586.9],[1298.4,1586.9],[1298.4,1586.8]]}},{"type":"Feature","properties":{"id":"p:equipos:5469","n":1,"sc":"#636466"},"geometry":{"type":"LineString","coordinates":[[1301.3,1593.9],[1301.3,1593.9]]}},{"type":"Feature","properties":{"id":"p:equipos:5470","n":1,"sc":"#636466"},"geometry":{"type":"LineString","coordinates":[[1303.2,1605.0],[1302.2,1604.5]]}},{"type":"Feature","properties":{"id":"p:equipos:5471","n":2,"sc":"#636466"},"geometry":{"type":"LineString","coordinates":[[1300.8,1607.8],[1301.3,1608.3],[1301.8,1607.8]]}},{"type":"Feature","properties":{"id":"p:equipos:5472","n":2,"sc":"#636466"},"geometry":{"type":"LineString","coordinates":[[1299.8,1608.3],[1300.8,1608.8],[1300.8,1609.3]]}},{"type":"Feature","properties":{"id":"p:equipos:5473","n":1,"sc":"#636466"},"geometry":{"type":"LineString","coordinates":[[1299.8,1608.3],[1299.8,1608.3]]}},{"type":"Feature","properties":{"id":"p:equipos:5474","n":1,"sc":"#636466"},"geometry":{"type":"LineString","coordinates":[[1300.3,1593.4],[1300.3,1593.4]]}},{"type":"Feature","properties":{"id":"p:equipos:5475","n":1,"sc":"#636466"},"geometry":{"type":"LineString","coordinates":[[1299.8,1609.3],[1300.3,1609.8]]}},{"type":"Feature","properties":{"id":"p:equipos:5476","n":1,"sc":"#636466"},"geometry":{"type":"LineString","coordinates":[[1301.3,1593.0],[1301.3,1593.4]]}},{"type":"Feature","properties":{"id":"p:equipos:5477","n":1,"sc":"#636466"},"geometry":{"type":"LineString","coordinates":[[1302.2,1607.4],[1300.8,1609.3]]}},{"type":"Feature","properties":{"id":"p:equipos:5478","n":8,"sc":"#636466"},"geometry":{"type":"LineString","coordinates":[[1290.7,1598.1],[1290.9,1599.3],[1291.4,1600.4],[1292.2,1601.4],[1293.2,1602.1],[1294.4,1602.5],[1295.6,1602.5],[1296.8,1602.3],[1297.9,1601.7]]}},{"type":"Feature","properties":{"id":"p:equipos:5479","n":1,"sc":"#636466"},"geometry":{"type":"LineString","coordinates":[[1299.8,1609.3],[1299.4,1608.8]]}},{"type":"Feature","properties":{"id":"p:equipos:5480","n":4,"sc":"#636466"},"geometry":{"type":"LineString","coordinates":[[1307.1,1602.8],[1306.9,1602.7],[1306.8,1602.6],[1306.6,1602.6],[1306.4,1602.6]]}},{"type":"Feature","properties":{"id":"p:equipos:5481","n":1,"sc":"#636466"},"geometry":{"type":"LineString","coordinates":[[1304.2,1598.2],[1304.2,1598.2]]}},{"type":"Feature","properties":{"id":"p:equipos:5482","n":1,"sc":"#636466"},"geometry":{"type":"LineString","coordinates":[[1306.6,1602.6],[1304.6,1602.6]]}},{"type":"Feature","properties":{"id":"p:equipos:5483","n":1,"sc":"#636466"},"geometry":{"type":"LineString","coordinates":[[1304.6,1602.6],[1303.2,1602.6]]}},{"type":"Feature","properties":{"id":"p:equipos:5484","n":1,"sc":"#636466"},"geometry":{"type":"LineString","coordinates":[[1308.5,1605.0],[1308.5,1604.5]]}},{"type":"Feature","properties":{"id":"p:equipos:5485","n":4,"sc":"#636466"},"geometry":{"type":"LineString","coordinates":[[1306.4,1606.4],[1306.5,1606.4],[1306.6,1606.4],[1306.8,1606.3],[1306.9,1606.3]]}},{"type":"Feature","properties":{"id":"p:equipos:5486","n":1,"sc":"#636466"},"geometry":{"type":"LineString","coordinates":[[1304.6,1606.9],[1306.6,1606.4]]}},{"type":"Feature","properties":{"id":"p:equipos:5487","n":1,"sc":"#636466"},"geometry":{"type":"LineString","coordinates":[[1295.0,1605.0],[1295.0,1605.0]]}},{"type":"Feature","properties":{"id":"p:equipos:5488","n":1,"sc":"#636466"},"geometry":{"type":"LineString","coordinates":[[1298.9,1587.7],[1298.9,1587.2]]}},{"type":"Feature","properties":{"id":"p:equipos:5489","n":1,"sc":"#636466"},"geometry":{"type":"LineString","coordinates":[[1298.9,1588.2],[1298.9,1588.2]]}},{"type":"Feature","properties":{"id":"p:equipos:5490","n":1,"sc":"#636466"},"geometry":{"type":"LineString","coordinates":[[1295.0,1604],[1295.0,1604]]}},{"type":"Feature","properties":{"id":"p:equipos:5491","n":1,"sc":"#636466"},"geometry":{"type":"LineString","coordinates":[[1302.7,1606.9],[1302.7,1606.9]]}},{"type":"Feature","properties":{"id":"p:equipos:5492","n":1,"sc":"#636466"},"geometry":{"type":"LineString","coordinates":[[1305.6,1592],[1304.2,1593.4]]}},{"type":"Feature","properties":{"id":"p:equipos:5493","n":1,"sc":"#636466"},"geometry":{"type":"LineString","coordinates":[[1304.2,1593.4],[1303.2,1594.9]]}},{"type":"Feature","properties":{"id":"p:equipos:5494","n":1,"sc":"#636466"},"geometry":{"type":"LineString","coordinates":[[1305.6,1589.1],[1305.6,1589.6]]}},{"type":"Feature","properties":{"id":"p:equipos:5495","n":1,"sc":"#636466"},"geometry":{"type":"LineString","coordinates":[[1301.3,1590.6],[1303.2,1589.1]]}},{"type":"Feature","properties":{"id":"p:equipos:5496","n":4,"sc":"#636466"},"geometry":{"type":"LineString","coordinates":[[1305.6,1592.0],[1305.7,1591.9],[1305.8,1591.7],[1305.9,1591.6],[1306.0,1591.4]]}},{"type":"Feature","properties":{"id":"p:equipos:5497","n":1,"sc":"#636466"},"geometry":{"type":"LineString","coordinates":[[1301.3,1593.9],[1301.3,1593.9]]}},{"type":"Feature","properties":{"id":"p:equipos:5498","n":4,"sc":"#636466"},"geometry":{"type":"LineString","coordinates":[[1303.3,1588.8],[1303.2,1588.8],[1303.1,1588.9],[1303.0,1588.9],[1302.9,1589.0]]}},{"type":"Feature","properties":{"id":"p:equipos:5499","n":1,"sc":"#636466"},"geometry":{"type":"LineString","coordinates":[[1297.4,1593.9],[1297.4,1593.9]]}},{"type":"Feature","properties":{"id":"p:equipos:5500","n":1,"sc":"#636466"},"geometry":{"type":"LineString","coordinates":[[1300.3,1609.8],[1300.3,1609.8]]}},{"type":"Feature","properties":{"id":"p:equipos:5501","n":1,"sc":"#636466"},"geometry":{"type":"LineString","coordinates":[[1300.8,1609.8],[1302.2,1607.4]]}},{"type":"Feature","properties":{"id":"p:equipos:5502","n":1,"sc":"#636466"},"geometry":{"type":"LineString","coordinates":[[1300.3,1593.4],[1300.3,1593.4]]}},{"type":"Feature","properties":{"id":"p:equipos:5503","n":1,"sc":"#636466"},"geometry":{"type":"LineString","coordinates":[[1301.3,1593.0],[1301.3,1593.0]]}},{"type":"Feature","properties":{"id":"p:equipos:5504","n":2,"sc":"#636466"},"geometry":{"type":"LineString","coordinates":[[1301.3,1594.4],[1303.2,1595.8],[1304.2,1598.2]]}},{"type":"Feature","properties":{"id":"p:equipos:5505","n":4,"sc":"#636466"},"geometry":{"type":"LineString","coordinates":[[1300.3,1602.1],[1301.8,1601.6],[1303.2,1600.6],[1303.7,1599.7],[1304.2,1598.2]]}},{"type":"Feature","properties":{"id":"p:equipos:5506","n":4,"sc":"#636466"},"geometry":{"type":"LineString","coordinates":[[1304.2,1598.2],[1303.7,1596.8],[1303.2,1595.8],[1301.8,1594.9],[1300.3,1594.4]]}},{"type":"Feature","properties":{"id":"p:equipos:5507","n":4,"sc":"#636466"},"geometry":{"type":"LineString","coordinates":[[1298.4,1602.1],[1299.4,1600.2],[1299.8,1598.2],[1299.4,1596.3],[1297.9,1594.4]]}},{"type":"Feature","properties":{"id":"p:equipos:5508","n":1,"sc":"#636466"},"geometry":{"type":"LineString","coordinates":[[1300.3,1602.1],[1298.4,1602.1]]}},{"type":"Feature","properties":{"id":"p:equipos:5509","n":1,"sc":"#636466"},"geometry":{"type":"LineString","coordinates":[[1300.3,1594.4],[1297.9,1594.4]]}},{"type":"Feature","properties":{"id":"p:equipos:5510","n":4,"sc":"#636466"},"geometry":{"type":"LineString","coordinates":[[1296.6,1655.2],[1296.6,1655.1],[1296.7,1655.0],[1296.8,1654.9],[1296.8,1654.8]]}},{"type":"Feature","properties":{"id":"p:equipos:5511","n":2,"sc":"#636466"},"geometry":{"type":"LineString","coordinates":[[1301.3,1646.7],[1300.8,1648.6],[1299.8,1650.6]]}},{"type":"Feature","properties":{"id":"p:equipos:5512","n":1,"sc":"#636466"},"geometry":{"type":"LineString","coordinates":[[1298.4,1629.4],[1299.8,1630.4]]}},{"type":"Feature","properties":{"id":"p:equipos:5513","n":2,"sc":"#636466"},"geometry":{"type":"LineString","coordinates":[[1291.2,1633.3],[1291.7,1631.4],[1292.6,1629.9]]}},{"type":"Feature","properties":{"id":"p:equipos:5514","n":1,"sc":"#636466"},"geometry":{"type":"LineString","coordinates":[[1291.2,1636.6],[1291.2,1633.3]]}},{"type":"Feature","properties":{"id":"p:equipos:5515","n":1,"sc":"#636466"},"geometry":{"type":"LineString","coordinates":[[1297.4,1645.3],[1297.4,1645.3]]}},{"type":"Feature","properties":{"id":"p:equipos:5516","n":1,"sc":"#636466"},"geometry":{"type":"LineString","coordinates":[[1301.3,1643.8],[1301.3,1646.7]]}},{"type":"Feature","properties":{"id":"p:equipos:5517","n":1,"sc":"#636466"},"geometry":{"type":"LineString","coordinates":[[1301.3,1633.8],[1301.3,1636.6]]}},{"type":"Feature","properties":{"id":"p:equipos:5518","n":1,"sc":"#636466"},"geometry":{"type":"LineString","coordinates":[[1291.2,1644.3],[1291.2,1636.6]]}},{"type":"Feature","properties":{"id":"p:equipos:5519","n":1,"sc":"#636466"},"geometry":{"type":"LineString","coordinates":[[1291.2,1647.7],[1291.2,1644.3]]}},{"type":"Feature","properties":{"id":"p:equipos:5520","n":2,"sc":"#636466"},"geometry":{"type":"LineString","coordinates":[[1299.8,1630.4],[1300.8,1631.8],[1301.3,1633.8]]}},{"type":"Feature","properties":{"id":"p:equipos:5521","n":1,"sc":"#636466"},"geometry":{"type":"LineString","coordinates":[[1299.8,1650.6],[1298.9,1651.0]]}},{"type":"Feature","properties":{"id":"p:equipos:5522","n":2,"sc":"#636466"},"geometry":{"type":"LineString","coordinates":[[1293.1,1651.0],[1291.7,1649.6],[1291.2,1647.7]]}},{"type":"Feature","properties":{"id":"p:equipos:5523","n":1,"sc":"#636466"},"geometry":{"type":"LineString","coordinates":[[1300.8,1652],[1300.8,1652]]}},{"type":"Feature","properties":{"id":"p:equipos:5524","n":2,"sc":"#636466"},"geometry":{"type":"LineString","coordinates":[[1303.2,1646.7],[1303.2,1648.2],[1302.7,1649.6]]}},{"type":"Feature","properties":{"id":"p:equipos:5525","n":1,"sc":"#636466"},"geometry":{"type":"LineString","coordinates":[[1302.7,1649.6],[1302.2,1650.1]]}},{"type":"Feature","properties":{"id":"p:equipos:5526","n":1,"sc":"#636466"},"geometry":{"type":"LineString","coordinates":[[1302.7,1649.1],[1302.7,1649.1]]}},{"type":"Feature","properties":{"id":"p:equipos:5527","n":1,"sc":"#636466"},"geometry":{"type":"LineString","coordinates":[[1302.7,1649.1],[1302.7,1649.1]]}},{"type":"Feature","properties":{"id":"p:equipos:5528","n":1,"sc":"#636466"},"geometry":{"type":"LineString","coordinates":[[1301.8,1647.7],[1301.8,1647.7]]}},{"type":"Feature","properties":{"id":"p:equipos:5529","n":1,"sc":"#636466"},"geometry":{"type":"LineString","coordinates":[[1301.8,1650.6],[1301.3,1651.0]]}},{"type":"Feature","properties":{"id":"p:equipos:5530","n":1,"sc":"#636466"},"geometry":{"type":"LineString","coordinates":[[1300.8,1651.5],[1300.8,1652]]}},{"type":"Feature","properties":{"id":"p:equipos:5531","n":1,"sc":"#636466"},"geometry":{"type":"LineString","coordinates":[[1300.8,1651.5],[1300.8,1651.5]]}},{"type":"Feature","properties":{"id":"p:equipos:5532","n":1,"sc":"#636466"},"geometry":{"type":"LineString","coordinates":[[1300.3,1649.6],[1300.3,1649.6]]}},{"type":"Feature","properties":{"id":"p:equipos:5533","n":1,"sc":"#636466"},"geometry":{"type":"LineString","coordinates":[[1303.2,1647.2],[1301.8,1650.1]]}},{"type":"Feature","properties":{"id":"p:equipos:5534","n":1,"sc":"#636466"},"geometry":{"type":"LineString","coordinates":[[1300.8,1648.6],[1302.7,1646.7]]}},{"type":"Feature","properties":{"id":"p:equipos:5535","n":4,"sc":"#636466"},"geometry":{"type":"LineString","coordinates":[[1297.6,1644.5],[1297.6,1644.5],[1297.6,1644.5],[1297.6,1644.5],[1297.6,1644.5]]}},{"type":"Feature","properties":{"id":"p:equipos:5536","n":4,"sc":"#636466"},"geometry":{"type":"LineString","coordinates":[[1299.9,1652.7],[1300.2,1652.4],[1300.3,1651.9],[1300.3,1651.5],[1300.1,1651.1]]}},{"type":"Feature","properties":{"id":"p:equipos:5537","n":1,"sc":"#636466"},"geometry":{"type":"LineString","coordinates":[[1300.8,1651.5],[1300.8,1652]]}},{"type":"Feature","properties":{"id":"p:equipos:5538","n":1,"sc":"#636466"},"geometry":{"type":"LineString","coordinates":[[1299.4,1629.9],[1299.4,1629.9]]}},{"type":"Feature","properties":{"id":"p:equipos:5539","n":1,"sc":"#636466"},"geometry":{"type":"LineString","coordinates":[[1298.9,1629.4],[1299.4,1629.9]]}},{"type":"Feature","properties":{"id":"p:equipos:5540","n":4,"sc":"#636466"},"geometry":{"type":"LineString","coordinates":[[1302.6,1649.3],[1302.6,1649.3],[1302.6,1649.3],[1302.6,1649.2],[1302.6,1649.2]]}},{"type":"Feature","properties":{"id":"p:equipos:5541","n":2,"sc":"#636466"},"geometry":{"type":"LineString","coordinates":[[1301.3,1633.3],[1301.8,1634.7],[1301.3,1636.2]]}},{"type":"Feature","properties":{"id":"p:equipos:5542","n":1,"sc":"#636466"},"geometry":{"type":"LineString","coordinates":[[1298.9,1629.4],[1299.4,1630.4]]}},{"type":"Feature","properties":{"id":"p:equipos:5543","n":1,"sc":"#636466"},"geometry":{"type":"LineString","coordinates":[[1303.2,1646.7],[1303.2,1646.7]]}},{"type":"Feature","properties":{"id":"p:equipos:5544","n":1,"sc":"#636466"},"geometry":{"type":"LineString","coordinates":[[1301.3,1634.7],[1301.3,1635.2]]}},{"type":"Feature","properties":{"id":"p:equipos:5545","n":1,"sc":"#636466"},"geometry":{"type":"LineString","coordinates":[[1299.8,1636.2],[1299.8,1636.2]]}},{"type":"Feature","properties":{"id":"p:equipos:5546","n":1,"sc":"#636466"},"geometry":{"type":"LineString","coordinates":[[1299.8,1630.4],[1299.8,1630.4]]}},{"type":"Feature","properties":{"id":"p:equipos:5547","n":1,"sc":"#636466"},"geometry":{"type":"LineString","coordinates":[[1298.4,1629.4],[1298.4,1629.4]]}},{"type":"Feature","properties":{"id":"p:equipos:5548","n":1,"sc":"#636466"},"geometry":{"type":"LineString","coordinates":[[1299.8,1644.3],[1299.8,1644.3]]}},{"type":"Feature","properties":{"id":"p:equipos:5549","n":1,"sc":"#636466"},"geometry":{"type":"LineString","coordinates":[[1302.2,1647.7],[1302.2,1647.7]]}},{"type":"Feature","properties":{"id":"p:equipos:5550","n":1,"sc":"#636466"},"geometry":{"type":"LineString","coordinates":[[1300.8,1645.8],[1300.8,1645.8]]}},{"type":"Feature","properties":{"id":"p:equipos:5551","n":1,"sc":"#636466"},"geometry":{"type":"LineString","coordinates":[[1298.4,1622.2],[1298.4,1622.7]]}},{"type":"Feature","properties":{"id":"p:equipos:5552","n":1,"sc":"#636466"},"geometry":{"type":"LineString","coordinates":[[1298.9,1629.4],[1298.4,1622.2]]}},{"type":"Feature","properties":{"id":"p:equipos:5553","n":4,"sc":"#636466"},"geometry":{"type":"LineString","coordinates":[[1301.1,1648.0],[1301.2,1647.6],[1301.3,1647.2],[1301.3,1646.8],[1301.2,1646.4]]}},{"type":"Feature","properties":{"id":"p:equipos:5554","n":4,"sc":"#636466"},"geometry":{"type":"LineString","coordinates":[[1294.6,1622.2],[1295.0,1621.3],[1296.5,1621.3],[1297.4,1621.8],[1298.4,1622.2]]}},{"type":"Feature","properties":{"id":"p:equipos:5555","n":1,"sc":"#636466"},"geometry":{"type":"LineString","coordinates":[[1293.6,1626.1],[1292.6,1629.9]]}},{"type":"Feature","properties":{"id":"p:equipos:5556","n":1,"sc":"#636466"},"geometry":{"type":"LineString","coordinates":[[1298.4,1629.4],[1297.4,1629.9]]}},{"type":"Feature","properties":{"id":"p:equipos:5557","n":1,"sc":"#636466"},"geometry":{"type":"LineString","coordinates":[[1298.4,1626.6],[1298.4,1629.9]]}},{"type":"Feature","properties":{"id":"p:equipos:5558","n":1,"sc":"#636466"},"geometry":{"type":"LineString","coordinates":[[1294.6,1622.2],[1293.6,1626.1]]}},{"type":"Feature","properties":{"id":"p:equipos:5559","n":8,"sc":"#636466"},"geometry":{"type":"LineString","coordinates":[[1297.9,1621.8],[1297.7,1621.2],[1297.3,1620.7],[1296.8,1620.4],[1296.2,1620.3],[1295.6,1620.5],[1295.1,1620.8],[1294.7,1621.3],[1294.6,1621.9]]}},{"type":"Feature","properties":{"id":"p:equipos:5560","n":1,"sc":"#636466"},"geometry":{"type":"LineString","coordinates":[[1297.4,1629.9],[1294.6,1630.4]]}},{"type":"Feature","properties":{"id":"p:equipos:5561","n":1,"sc":"#636466"},"geometry":{"type":"LineString","coordinates":[[1298.4,1622.7],[1298.4,1626.6]]}},{"type":"Feature","properties":{"id":"p:equipos:5562","n":2,"sc":"#636466"},"geometry":{"type":"LineString","coordinates":[[1294.6,1630.4],[1293.1,1629.9],[1292.6,1629.9]]}},{"type":"Feature","properties":{"id":"p:equipos:5563","n":1,"sc":"#636466"},"geometry":{"type":"LineString","coordinates":[[1299.8,1650.6],[1299.8,1650.6]]}},{"type":"Feature","properties":{"id":"p:equipos:5564","n":4,"sc":"#636466"},"geometry":{"type":"LineString","coordinates":[[1292.2,1629.4],[1292.2,1629.5],[1292.2,1629.5],[1292.2,1629.6],[1292.2,1629.6]]}},{"type":"Feature","properties":{"id":"p:equipos:5565","n":8,"sc":"#636466"},"geometry":{"type":"LineString","coordinates":[[1293.6,1654.4],[1293.7,1654.9],[1294.0,1655.2],[1294.3,1655.5],[1294.7,1655.7],[1295.1,1655.8],[1295.5,1655.8],[1295.9,1655.7],[1296.3,1655.5]]}},{"type":"Feature","properties":{"id":"p:equipos:5566","n":1,"sc":"#636466"},"geometry":{"type":"LineString","coordinates":[[1295.0,1650.1],[1297.4,1650.6]]}},{"type":"Feature","properties":{"id":"p:equipos:5567","n":2,"sc":"#636466"},"geometry":{"type":"LineString","coordinates":[[1297.4,1650.6],[1298.4,1651.0],[1298.9,1651.0]]}},{"type":"Feature","properties":{"id":"p:equipos:5568","n":2,"sc":"#636466"},"geometry":{"type":"LineString","coordinates":[[1293.1,1651.0],[1293.6,1650.6],[1295.0,1650.1]]}},{"type":"Feature","properties":{"id":"p:equipos:5569","n":1,"sc":"#636466"},"geometry":{"type":"LineString","coordinates":[[1299.8,1653.0],[1296.5,1655.8]]}},{"type":"Feature","properties":{"id":"p:equipos:5570","n":4,"sc":"#636466"},"geometry":{"type":"LineString","coordinates":[[1298.6,1651.5],[1298.7,1651.4],[1298.7,1651.4],[1298.7,1651.3],[1298.7,1651.2]]}},{"type":"Feature","properties":{"id":"p:equipos:5571","n":1,"sc":"#636466"},"geometry":{"type":"LineString","coordinates":[[1293.1,1651.0],[1293.1,1651.0]]}},{"type":"Feature","properties":{"id":"p:equipos:5572","n":1,"sc":"#636466"},"geometry":{"type":"LineString","coordinates":[[1297.9,1653.4],[1298.4,1651.5]]}},{"type":"Feature","properties":{"id":"p:equipos:5573","n":2,"sc":"#636466"},"geometry":{"type":"LineString","coordinates":[[1308.5,1646.7],[1308.5,1645.8],[1307.5,1644.8]]}},{"type":"Feature","properties":{"id":"p:equipos:5574","n":1,"sc":"#636466"},"geometry":{"type":"LineString","coordinates":[[1300.8,1645.3],[1300.8,1645.3]]}},{"type":"Feature","properties":{"id":"p:equipos:5575","n":1,"sc":"#636466"},"geometry":{"type":"LineString","coordinates":[[1293.1,1653.0],[1293.1,1651.0]]}},{"type":"Feature","properties":{"id":"p:equipos:5576","n":1,"sc":"#636466"},"geometry":{"type":"LineString","coordinates":[[1297.0,1655.4],[1297.9,1653.4]]}},{"type":"Feature","properties":{"id":"p:equipos:5577","n":4,"sc":"#636466"},"geometry":{"type":"LineString","coordinates":[[1299.8,1652.7],[1300.0,1652.6],[1300.2,1652.3],[1300.3,1652.1],[1300.3,1651.8]]}},{"type":"Feature","properties":{"id":"p:equipos:5578","n":3,"sc":"#636466"},"geometry":{"type":"LineString","coordinates":[[1303.2,1644.3],[1302.2,1644.3],[1301.8,1644.8],[1301.3,1644.8]]}},{"type":"Feature","properties":{"id":"p:equipos:5579","n":1,"sc":"#636466"},"geometry":{"type":"LineString","coordinates":[[1300.3,1650.6],[1300.3,1650.6]]}},{"type":"Feature","properties":{"id":"p:equipos:5580","n":4,"sc":"#636466"},"geometry":{"type":"LineString","coordinates":[[1301.2,1636.7],[1301.0,1636.7],[1300.9,1636.7],[1300.7,1636.6],[1300.5,1636.6]]}},{"type":"Feature","properties":{"id":"p:equipos:5581","n":8,"sc":"#636466"},"geometry":{"type":"LineString","coordinates":[[1298.3,1636.5],[1297.2,1635.9],[1296.0,1635.7],[1294.8,1635.8],[1293.6,1636.2],[1292.6,1637.0],[1291.8,1637.9],[1291.4,1639.1],[1291.2,1640.3]]}},{"type":"Feature","properties":{"id":"p:equipos:5582","n":2,"sc":"#636466"},"geometry":{"type":"LineString","coordinates":[[1307.5,1648.6],[1308.5,1648.2],[1308.5,1647.2]]}},{"type":"Feature","properties":{"id":"p:equipos:5583","n":1,"sc":"#636466"},"geometry":{"type":"LineString","coordinates":[[1303.2,1649.1],[1304.6,1649.1]]}},{"type":"Feature","properties":{"id":"p:equipos:5584","n":1,"sc":"#636466"},"geometry":{"type":"LineString","coordinates":[[1303.2,1649.1],[1303.2,1648.6]]}},{"type":"Feature","properties":{"id":"p:equipos:5585","n":1,"sc":"#636466"},"geometry":{"type":"LineString","coordinates":[[1303.2,1649.1],[1303.2,1649.1]]}},{"type":"Feature","properties":{"id":"p:equipos:5586","n":1,"sc":"#636466"},"geometry":{"type":"LineString","coordinates":[[1295.0,1647.2],[1295.0,1647.2]]}},{"type":"Feature","properties":{"id":"p:equipos:5587","n":1,"sc":"#636466"},"geometry":{"type":"LineString","coordinates":[[1295.0,1646.2],[1295.0,1646.2]]}},{"type":"Feature","properties":{"id":"p:equipos:5588","n":2,"sc":"#636466"},"geometry":{"type":"LineString","coordinates":[[1306.1,1631.8],[1306.6,1632.8],[1306.6,1633.8]]}},{"type":"Feature","properties":{"id":"p:equipos:5589","n":1,"sc":"#636466"},"geometry":{"type":"LineString","coordinates":[[1303.2,1636.6],[1302.7,1637.6]]}},{"type":"Feature","properties":{"id":"p:equipos:5590","n":2,"sc":"#636466"},"geometry":{"type":"LineString","coordinates":[[1303.7,1630.9],[1304.6,1630.9],[1305.6,1631.4]]}},{"type":"Feature","properties":{"id":"p:equipos:5591","n":1,"sc":"#636466"},"geometry":{"type":"LineString","coordinates":[[1301.3,1632.8],[1301.8,1632.8]]}},{"type":"Feature","properties":{"id":"p:equipos:5592","n":1,"sc":"#636466"},"geometry":{"type":"LineString","coordinates":[[1302.7,1649.1],[1302.7,1649.1]]}},{"type":"Feature","properties":{"id":"p:equipos:5593","n":1,"sc":"#636466"},"geometry":{"type":"LineString","coordinates":[[1302.7,1649.1],[1302.7,1648.6]]}},{"type":"Feature","properties":{"id":"p:equipos:5594","n":4,"sc":"#636466"},"geometry":{"type":"LineString","coordinates":[[1300.6,1651.8],[1300.6,1651.8],[1300.6,1651.7],[1300.7,1651.7],[1300.7,1651.7]]}},{"type":"Feature","properties":{"id":"p:equipos:5595","n":1,"sc":"#636466"},"geometry":{"type":"LineString","coordinates":[[1293.6,1654.9],[1293.1,1653.0]]}},{"type":"Feature","properties":{"id":"p:equipos:5596","n":1,"sc":"#636466"},"geometry":{"type":"LineString","coordinates":[[1302.7,1649.1],[1302.7,1649.6]]}},{"type":"Feature","properties":{"id":"p:equipos:5597","n":2,"sc":"#636466"},"geometry":{"type":"LineString","coordinates":[[1302.7,1646.7],[1303.2,1646.2],[1303.2,1646.7]]}},{"type":"Feature","properties":{"id":"p:equipos:5598","n":2,"sc":"#636466"},"geometry":{"type":"LineString","coordinates":[[1301.8,1647.7],[1301.8,1647.2],[1302.2,1647.2]]}},{"type":"Feature","properties":{"id":"p:equipos:5599","n":1,"sc":"#636466"},"geometry":{"type":"LineString","coordinates":[[1303.2,1646.7],[1303.2,1646.2]]}},{"type":"Feature","properties":{"id":"p:equipos:5600","n":1,"sc":"#636466"},"geometry":{"type":"LineString","coordinates":[[1303.2,1646.2],[1302.7,1646.7]]}},{"type":"Feature","properties":{"id":"p:equipos:5601","n":1,"sc":"#636466"},"geometry":{"type":"LineString","coordinates":[[1301.3,1648.6],[1301.3,1648.6]]}},{"type":"Feature","properties":{"id":"p:equipos:5602","n":1,"sc":"#636466"},"geometry":{"type":"LineString","coordinates":[[1302.7,1649.6],[1302.7,1649.6]]}},{"type":"Feature","properties":{"id":"p:equipos:5603","n":1,"sc":"#636466"},"geometry":{"type":"LineString","coordinates":[[1302.7,1648.6],[1302.7,1649.1]]}},{"type":"Feature","properties":{"id":"p:equipos:5604","n":4,"sc":"#636466"},"geometry":{"type":"LineString","coordinates":[[1299.9,1650.0],[1299.9,1650.0],[1299.9,1650.0],[1299.9,1650.0],[1299.9,1650.0]]}},{"type":"Feature","properties":{"id":"p:equipos:5605","n":1,"sc":"#636466"},"geometry":{"type":"LineString","coordinates":[[1302.2,1647.2],[1301.8,1647.7]]}},{"type":"Feature","properties":{"id":"p:equipos:5606","n":1,"sc":"#636466"},"geometry":{"type":"LineString","coordinates":[[1300.8,1651.5],[1300.8,1651.5]]}},{"type":"Feature","properties":{"id":"p:equipos:5607","n":1,"sc":"#636466"},"geometry":{"type":"LineString","coordinates":[[1300.8,1651.0],[1300.8,1651.0]]}},{"type":"Feature","properties":{"id":"p:equipos:5608","n":2,"sc":"#636466"},"geometry":{"type":"LineString","coordinates":[[1302.7,1646.7],[1303.2,1646.7],[1303.2,1647.2]]}},{"type":"Feature","properties":{"id":"p:equipos:5609","n":1,"sc":"#636466"},"geometry":{"type":"LineString","coordinates":[[1300.3,1649.6],[1300.8,1650.1]]}},{"type":"Feature","properties":{"id":"p:equipos:5610","n":1,"sc":"#636466"},"geometry":{"type":"LineString","coordinates":[[1300.3,1649.6],[1300.3,1649.6]]}},{"type":"Feature","properties":{"id":"p:equipos:5611","n":1,"sc":"#636466"},"geometry":{"type":"LineString","coordinates":[[1300.3,1649.6],[1300.3,1649.6]]}},{"type":"Feature","properties":{"id":"p:equipos:5612","n":1,"sc":"#636466"},"geometry":{"type":"LineString","coordinates":[[1300.8,1650.1],[1300.3,1649.6]]}},{"type":"Feature","properties":{"id":"p:equipos:5613","n":4,"sc":"#636466"},"geometry":{"type":"LineString","coordinates":[[1298.4,1629.3],[1298.4,1629.2],[1298.4,1629.2],[1298.4,1629.1],[1298.4,1629.1]]}},{"type":"Feature","properties":{"id":"p:equipos:5614","n":1,"sc":"#636466"},"geometry":{"type":"LineString","coordinates":[[1301.3,1636.2],[1301.3,1636.2]]}},{"type":"Feature","properties":{"id":"p:equipos:5615","n":1,"sc":"#636466"},"geometry":{"type":"LineString","coordinates":[[1303.2,1647.2],[1302.7,1646.7]]}},{"type":"Feature","properties":{"id":"p:equipos:5616","n":2,"sc":"#636466"},"geometry":{"type":"LineString","coordinates":[[1300.8,1650.1],[1301.3,1650.1],[1301.8,1650.1]]}},{"type":"Feature","properties":{"id":"p:equipos:5617","n":2,"sc":"#636466"},"geometry":{"type":"LineString","coordinates":[[1299.8,1650.6],[1300.8,1651.0],[1300.8,1651.5]]}},{"type":"Feature","properties":{"id":"p:equipos:5618","n":1,"sc":"#636466"},"geometry":{"type":"LineString","coordinates":[[1299.8,1650.6],[1299.8,1650.6]]}},{"type":"Feature","properties":{"id":"p:equipos:5619","n":1,"sc":"#636466"},"geometry":{"type":"LineString","coordinates":[[1300.8,1635.7],[1300.8,1635.7]]}},{"type":"Feature","properties":{"id":"p:equipos:5620","n":1,"sc":"#636466"},"geometry":{"type":"LineString","coordinates":[[1300.3,1651.5],[1300.8,1652]]}},{"type":"Feature","properties":{"id":"p:equipos:5621","n":1,"sc":"#636466"},"geometry":{"type":"LineString","coordinates":[[1301.3,1635.2],[1301.3,1635.7]]}},{"type":"Feature","properties":{"id":"p:equipos:5622","n":1,"sc":"#636466"},"geometry":{"type":"LineString","coordinates":[[1302.7,1649.6],[1300.8,1651.5]]}},{"type":"Feature","properties":{"id":"p:equipos:5623","n":8,"sc":"#636466"},"geometry":{"type":"LineString","coordinates":[[1291.2,1640.3],[1291.4,1641.5],[1291.9,1642.7],[1292.7,1643.6],[1293.7,1644.3],[1294.9,1644.7],[1296.1,1644.8],[1297.3,1644.5],[1298.4,1644.0]]}},{"type":"Feature","properties":{"id":"p:equipos:5624","n":1,"sc":"#636466"},"geometry":{"type":"LineString","coordinates":[[1300.3,1651.5],[1299.4,1650.6]]}},{"type":"Feature","properties":{"id":"p:equipos:5625","n":4,"sc":"#636466"},"geometry":{"type":"LineString","coordinates":[[1307.6,1645.0],[1307.4,1644.9],[1307.3,1644.9],[1307.1,1644.8],[1306.9,1644.8]]}},{"type":"Feature","properties":{"id":"p:equipos:5626","n":1,"sc":"#636466"},"geometry":{"type":"LineString","coordinates":[[1304.2,1640.5],[1304.2,1640.5]]}},{"type":"Feature","properties":{"id":"p:equipos:5627","n":1,"sc":"#636466"},"geometry":{"type":"LineString","coordinates":[[1307.0,1644.8],[1305.1,1644.8]]}},{"type":"Feature","properties":{"id":"p:equipos:5628","n":1,"sc":"#636466"},"geometry":{"type":"LineString","coordinates":[[1305.1,1644.8],[1303.2,1644.3]]}},{"type":"Feature","properties":{"id":"p:equipos:5629","n":1,"sc":"#636466"},"geometry":{"type":"LineString","coordinates":[[1308.5,1647.2],[1308.5,1646.7]]}},{"type":"Feature","properties":{"id":"p:equipos:5630","n":4,"sc":"#636466"},"geometry":{"type":"LineString","coordinates":[[1306.4,1648.2],[1306.5,1648.1],[1306.6,1648.1],[1306.8,1648.1],[1306.9,1648.1]]}},{"type":"Feature","properties":{"id":"p:equipos:5631","n":1,"sc":"#636466"},"geometry":{"type":"LineString","coordinates":[[1304.6,1649.1],[1307.0,1648.6]]}},{"type":"Feature","properties":{"id":"p:equipos:5632","n":1,"sc":"#636466"},"geometry":{"type":"LineString","coordinates":[[1295.5,1647.2],[1295.5,1647.2]]}},{"type":"Feature","properties":{"id":"p:equipos:5633","n":1,"sc":"#636466"},"geometry":{"type":"LineString","coordinates":[[1298.9,1629.9],[1298.9,1629.4]]}},{"type":"Feature","properties":{"id":"p:equipos:5634","n":1,"sc":"#636466"},"geometry":{"type":"LineString","coordinates":[[1299.4,1629.9],[1299.4,1629.9]]}},{"type":"Feature","properties":{"id":"p:equipos:5635","n":1,"sc":"#636466"},"geometry":{"type":"LineString","coordinates":[[1295.5,1646.2],[1295.5,1646.2]]}},{"type":"Feature","properties":{"id":"p:equipos:5636","n":1,"sc":"#636466"},"geometry":{"type":"LineString","coordinates":[[1302.7,1649.1],[1303.2,1649.1]]}},{"type":"Feature","properties":{"id":"p:equipos:5637","n":1,"sc":"#636466"},"geometry":{"type":"LineString","coordinates":[[1306.1,1634.2],[1304.6,1635.7]]}},{"type":"Feature","properties":{"id":"p:equipos:5638","n":1,"sc":"#636466"},"geometry":{"type":"LineString","coordinates":[[1304.6,1635.7],[1303.2,1636.6]]}},{"type":"Feature","properties":{"id":"p:equipos:5639","n":1,"sc":"#636466"},"geometry":{"type":"LineString","coordinates":[[1305.6,1631.4],[1306.1,1631.8]]}},{"type":"Feature","properties":{"id":"p:equipos:5640","n":1,"sc":"#636466"},"geometry":{"type":"LineString","coordinates":[[1301.8,1632.8],[1303.2,1631.4]]}},{"type":"Feature","properties":{"id":"p:equipos:5641","n":4,"sc":"#636466"},"geometry":{"type":"LineString","coordinates":[[1305.6,1633.8],[1305.7,1633.6],[1305.8,1633.5],[1305.9,1633.3],[1306.0,1633.2]]}},{"type":"Feature","properties":{"id":"p:equipos:5642","n":1,"sc":"#636466"},"geometry":{"type":"LineString","coordinates":[[1301.3,1636.2],[1301.3,1636.2]]}},{"type":"Feature","properties":{"id":"p:equipos:5643","n":4,"sc":"#636466"},"geometry":{"type":"LineString","coordinates":[[1303.3,1631.0],[1303.2,1631.0],[1303.1,1631.1],[1303.0,1631.2],[1302.9,1631.2]]}},{"type":"Feature","properties":{"id":"p:equipos:5644","n":1,"sc":"#636466"},"geometry":{"type":"LineString","coordinates":[[1297.9,1636.2],[1297.9,1636.2]]}},{"type":"Feature","properties":{"id":"p:equipos:5645","n":1,"sc":"#636466"},"geometry":{"type":"LineString","coordinates":[[1300.8,1652],[1300.8,1652]]}},{"type":"Feature","properties":{"id":"p:equipos:5646","n":1,"sc":"#636466"},"geometry":{"type":"LineString","coordinates":[[1300.8,1651.5],[1302.7,1649.1]]}},{"type":"Feature","properties":{"id":"p:equipos:5647","n":1,"sc":"#636466"},"geometry":{"type":"LineString","coordinates":[[1300.8,1635.7],[1300.8,1635.7]]}},{"type":"Feature","properties":{"id":"p:equipos:5648","n":1,"sc":"#636466"},"geometry":{"type":"LineString","coordinates":[[1301.3,1635.2],[1301.3,1635.2]]}},{"type":"Feature","properties":{"id":"p:equipos:5649","n":2,"sc":"#636466"},"geometry":{"type":"LineString","coordinates":[[1301.3,1636.6],[1303.2,1638.1],[1304.2,1640.5]]}},{"type":"Feature","properties":{"id":"p:equipos:5650","n":4,"sc":"#636466"},"geometry":{"type":"LineString","coordinates":[[1300.8,1644.3],[1302.2,1643.8],[1303.2,1642.9],[1304.2,1641.9],[1304.2,1640.5]]}},{"type":"Feature","properties":{"id":"p:equipos:5651","n":4,"sc":"#636466"},"geometry":{"type":"LineString","coordinates":[[1304.2,1640.5],[1304.2,1639.0],[1303.2,1637.6],[1301.8,1637.1],[1300.3,1636.6]]}},{"type":"Feature","properties":{"id":"p:equipos:5652","n":4,"sc":"#636466"},"geometry":{"type":"LineString","coordinates":[[1298.4,1644.3],[1299.8,1642.4],[1300.3,1640.5],[1299.8,1638.1],[1298.4,1636.6]]}},{"type":"Feature","properties":{"id":"p:equipos:5653","n":1,"sc":"#636466"},"geometry":{"type":"LineString","coordinates":[[1300.8,1644.3],[1298.4,1644.3]]}},{"type":"Feature","properties":{"id":"p:equipos:5654","n":1,"sc":"#636466"},"geometry":{"type":"LineString","coordinates":[[1300.3,1636.6],[1298.4,1636.6]]}},{"type":"Feature","properties":{"id":"p:equipos:5655","n":4,"sc":"#636466"},"geometry":{"type":"LineString","coordinates":[[1485.5,1750.3],[1485.4,1750.2],[1485.3,1750.2],[1485.2,1750.1],[1485.0,1750.0]]}},{"type":"Feature","properties":{"id":"p:equipos:5656","n":2,"sc":"#636466"},"geometry":{"type":"LineString","coordinates":[[1477.0,1746.1],[1478.9,1746.6],[1480.8,1747.5]]}},{"type":"Feature","properties":{"id":"p:equipos:5657","n":1,"sc":"#636466"},"geometry":{"type":"LineString","coordinates":[[1459.7,1749.0],[1460.6,1747.5]]}},{"type":"Feature","properties":{"id":"p:equipos:5658","n":2,"sc":"#636466"},"geometry":{"type":"LineString","coordinates":[[1463.5,1756.2],[1461.6,1755.7],[1460.2,1754.7]]}},{"type":"Feature","properties":{"id":"p:equipos:5659","n":1,"sc":"#636466"},"geometry":{"type":"LineString","coordinates":[[1466.9,1756.2],[1463.5,1756.2]]}},{"type":"Feature","properties":{"id":"p:equipos:5660","n":1,"sc":"#636466"},"geometry":{"type":"LineString","coordinates":[[1475.5,1749.9],[1475.5,1749.9]]}},{"type":"Feature","properties":{"id":"p:equipos:5661","n":1,"sc":"#636466"},"geometry":{"type":"LineString","coordinates":[[1474.1,1746.1],[1477.0,1746.1]]}},{"type":"Feature","properties":{"id":"p:equipos:5662","n":1,"sc":"#636466"},"geometry":{"type":"LineString","coordinates":[[1464,1746.1],[1466.9,1746.1]]}},{"type":"Feature","properties":{"id":"p:equipos:5663","n":1,"sc":"#636466"},"geometry":{"type":"LineString","coordinates":[[1474.6,1756.2],[1466.9,1756.2]]}},{"type":"Feature","properties":{"id":"p:equipos:5664","n":1,"sc":"#636466"},"geometry":{"type":"LineString","coordinates":[[1477.9,1756.2],[1474.6,1756.2]]}},{"type":"Feature","properties":{"id":"p:equipos:5665","n":2,"sc":"#636466"},"geometry":{"type":"LineString","coordinates":[[1460.6,1747.5],[1462.1,1746.6],[1464,1746.1]]}},{"type":"Feature","properties":{"id":"p:equipos:5666","n":1,"sc":"#636466"},"geometry":{"type":"LineString","coordinates":[[1480.8,1747.5],[1481.3,1748.5]]}},{"type":"Feature","properties":{"id":"p:equipos:5667","n":2,"sc":"#636466"},"geometry":{"type":"LineString","coordinates":[[1481.3,1754.2],[1479.8,1755.7],[1477.9,1756.2]]}},{"type":"Feature","properties":{"id":"p:equipos:5668","n":1,"sc":"#636466"},"geometry":{"type":"LineString","coordinates":[[1482.2,1746.6],[1482.2,1746.6]]}},{"type":"Feature","properties":{"id":"p:equipos:5669","n":2,"sc":"#636466"},"geometry":{"type":"LineString","coordinates":[[1477.0,1744.2],[1478.4,1744.2],[1479.8,1744.6]]}},{"type":"Feature","properties":{"id":"p:equipos:5670","n":1,"sc":"#636466"},"geometry":{"type":"LineString","coordinates":[[1479.8,1744.6],[1480.3,1745.1]]}},{"type":"Feature","properties":{"id":"p:equipos:5671","n":1,"sc":"#636466"},"geometry":{"type":"LineString","coordinates":[[1479.4,1744.6],[1479.4,1744.6]]}},{"type":"Feature","properties":{"id":"p:equipos:5672","n":1,"sc":"#636466"},"geometry":{"type":"LineString","coordinates":[[1479.4,1744.6],[1479.4,1744.6]]}},{"type":"Feature","properties":{"id":"p:equipos:5673","n":1,"sc":"#636466"},"geometry":{"type":"LineString","coordinates":[[1477.9,1745.6],[1477.9,1745.6]]}},{"type":"Feature","properties":{"id":"p:equipos:5674","n":1,"sc":"#636466"},"geometry":{"type":"LineString","coordinates":[[1480.8,1745.6],[1481.3,1746.1]]}},{"type":"Feature","properties":{"id":"p:equipos:5675","n":1,"sc":"#636466"},"geometry":{"type":"LineString","coordinates":[[1481.8,1746.6],[1482.2,1746.6]]}},{"type":"Feature","properties":{"id":"p:equipos:5676","n":1,"sc":"#636466"},"geometry":{"type":"LineString","coordinates":[[1481.8,1746.6],[1481.8,1746.6]]}},{"type":"Feature","properties":{"id":"p:equipos:5677","n":1,"sc":"#636466"},"geometry":{"type":"LineString","coordinates":[[1479.8,1746.6],[1479.8,1746.6]]}},{"type":"Feature","properties":{"id":"p:equipos:5678","n":1,"sc":"#636466"},"geometry":{"type":"LineString","coordinates":[[1477.4,1744.2],[1480.3,1745.6]]}},{"type":"Feature","properties":{"id":"p:equipos:5679","n":1,"sc":"#636466"},"geometry":{"type":"LineString","coordinates":[[1478.9,1746.6],[1477.0,1744.6]]}},{"type":"Feature","properties":{"id":"p:equipos:5680","n":4,"sc":"#636466"},"geometry":{"type":"LineString","coordinates":[[1474.8,1749.3],[1474.8,1749.3],[1474.8,1749.3],[1474.8,1749.3],[1474.8,1749.3]]}},{"type":"Feature","properties":{"id":"p:equipos:5681","n":4,"sc":"#636466"},"geometry":{"type":"LineString","coordinates":[[1482.9,1747.0],[1482.6,1746.7],[1482.2,1746.6],[1481.7,1746.6],[1481.3,1746.8]]}},{"type":"Feature","properties":{"id":"p:equipos:5682","n":1,"sc":"#636466"},"geometry":{"type":"LineString","coordinates":[[1481.8,1746.6],[1482.2,1746.6]]}},{"type":"Feature","properties":{"id":"p:equipos:5683","n":1,"sc":"#636466"},"geometry":{"type":"LineString","coordinates":[[1460.2,1748],[1460.2,1748]]}},{"type":"Feature","properties":{"id":"p:equipos:5684","n":1,"sc":"#636466"},"geometry":{"type":"LineString","coordinates":[[1459.7,1748.5],[1460.2,1748]]}},{"type":"Feature","properties":{"id":"p:equipos:5685","n":4,"sc":"#636466"},"geometry":{"type":"LineString","coordinates":[[1479.6,1744.3],[1479.5,1744.3],[1479.5,1744.3],[1479.5,1744.3],[1479.4,1744.2]]}},{"type":"Feature","properties":{"id":"p:equipos:5686","n":2,"sc":"#636466"},"geometry":{"type":"LineString","coordinates":[[1463.5,1746.1],[1465.0,1745.6],[1466.4,1745.6]]}},{"type":"Feature","properties":{"id":"p:equipos:5687","n":1,"sc":"#636466"},"geometry":{"type":"LineString","coordinates":[[1459.7,1748],[1460.6,1747.5]]}},{"type":"Feature","properties":{"id":"p:equipos:5688","n":1,"sc":"#636466"},"geometry":{"type":"LineString","coordinates":[[1477.0,1744.2],[1477.0,1744.2]]}},{"type":"Feature","properties":{"id":"p:equipos:5689","n":1,"sc":"#636466"},"geometry":{"type":"LineString","coordinates":[[1465.0,1746.1],[1465.4,1746.1]]}},{"type":"Feature","properties":{"id":"p:equipos:5690","n":1,"sc":"#636466"},"geometry":{"type":"LineString","coordinates":[[1466.4,1747.5],[1466.4,1747.5]]}},{"type":"Feature","properties":{"id":"p:equipos:5691","n":1,"sc":"#636466"},"geometry":{"type":"LineString","coordinates":[[1460.6,1747.5],[1460.6,1747.5]]}},{"type":"Feature","properties":{"id":"p:equipos:5692","n":1,"sc":"#636466"},"geometry":{"type":"LineString","coordinates":[[1459.7,1749.0],[1459.7,1749.0]]}},{"type":"Feature","properties":{"id":"p:equipos:5693","n":1,"sc":"#636466"},"geometry":{"type":"LineString","coordinates":[[1474.6,1747.5],[1474.6,1747.5]]}},{"type":"Feature","properties":{"id":"p:equipos:5694","n":1,"sc":"#636466"},"geometry":{"type":"LineString","coordinates":[[1477.9,1745.1],[1477.9,1745.1]]}},{"type":"Feature","properties":{"id":"p:equipos:5695","n":1,"sc":"#636466"},"geometry":{"type":"LineString","coordinates":[[1476,1746.6],[1476,1746.6]]}},{"type":"Feature","properties":{"id":"p:equipos:5696","n":1,"sc":"#636466"},"geometry":{"type":"LineString","coordinates":[[1452.5,1749.0],[1453.0,1749.0]]}},{"type":"Feature","properties":{"id":"p:equipos:5697","n":1,"sc":"#636466"},"geometry":{"type":"LineString","coordinates":[[1459.7,1748.5],[1452.5,1749.0]]}},{"type":"Feature","properties":{"id":"p:equipos:5698","n":4,"sc":"#636466"},"geometry":{"type":"LineString","coordinates":[[1478.2,1745.8],[1477.8,1745.7],[1477.4,1745.6],[1477.1,1745.6],[1476.7,1745.7]]}},{"type":"Feature","properties":{"id":"p:equipos:5699","n":4,"sc":"#636466"},"geometry":{"type":"LineString","coordinates":[[1452.5,1752.8],[1451.5,1752.3],[1451.5,1750.9],[1452,1749.9],[1452.5,1749.0]]}},{"type":"Feature","properties":{"id":"p:equipos:5700","n":1,"sc":"#636466"},"geometry":{"type":"LineString","coordinates":[[1456.3,1753.8],[1460.2,1754.7]]}},{"type":"Feature","properties":{"id":"p:equipos:5701","n":1,"sc":"#636466"},"geometry":{"type":"LineString","coordinates":[[1459.7,1749.0],[1460.2,1749.9]]}},{"type":"Feature","properties":{"id":"p:equipos:5702","n":1,"sc":"#636466"},"geometry":{"type":"LineString","coordinates":[[1456.8,1749.0],[1459.7,1749.0]]}},{"type":"Feature","properties":{"id":"p:equipos:5703","n":1,"sc":"#636466"},"geometry":{"type":"LineString","coordinates":[[1452.5,1752.8],[1456.3,1753.8]]}},{"type":"Feature","properties":{"id":"p:equipos:5704","n":8,"sc":"#636466"},"geometry":{"type":"LineString","coordinates":[[1452.0,1749.0],[1451.4,1749.2],[1451.0,1749.5],[1450.7,1750.1],[1450.6,1750.7],[1450.7,1751.3],[1451.0,1751.8],[1451.5,1752.2],[1452.2,1752.3]]}},{"type":"Feature","properties":{"id":"p:equipos:5705","n":1,"sc":"#636466"},"geometry":{"type":"LineString","coordinates":[[1460.2,1749.9],[1460.6,1752.8]]}},{"type":"Feature","properties":{"id":"p:equipos:5706","n":1,"sc":"#636466"},"geometry":{"type":"LineString","coordinates":[[1453.0,1749.0],[1456.8,1749.0]]}},{"type":"Feature","properties":{"id":"p:equipos:5707","n":2,"sc":"#636466"},"geometry":{"type":"LineString","coordinates":[[1460.6,1752.8],[1460.2,1754.2],[1460.2,1754.7]]}},{"type":"Feature","properties":{"id":"p:equipos:5708","n":1,"sc":"#636466"},"geometry":{"type":"LineString","coordinates":[[1480.8,1747.5],[1480.8,1747.5]]}},{"type":"Feature","properties":{"id":"p:equipos:5709","n":4,"sc":"#636466"},"geometry":{"type":"LineString","coordinates":[[1459.7,1754.6],[1459.7,1754.6],[1459.8,1754.7],[1459.8,1754.7],[1459.9,1754.7]]}},{"type":"Feature","properties":{"id":"p:equipos:5710","n":8,"sc":"#636466"},"geometry":{"type":"LineString","coordinates":[[1484.7,1753.3],[1485.1,1753.1],[1485.5,1752.9],[1485.8,1752.6],[1486.0,1752.2],[1486.1,1751.8],[1486.1,1751.3],[1485.9,1750.9],[1485.7,1750.6]]}},{"type":"Feature","properties":{"id":"p:equipos:5711","n":1,"sc":"#636466"},"geometry":{"type":"LineString","coordinates":[[1480.3,1752.3],[1480.8,1749.9]]}},{"type":"Feature","properties":{"id":"p:equipos:5712","n":2,"sc":"#636466"},"geometry":{"type":"LineString","coordinates":[[1480.8,1749.9],[1481.3,1749.0],[1481.3,1748.5]]}},{"type":"Feature","properties":{"id":"p:equipos:5713","n":2,"sc":"#636466"},"geometry":{"type":"LineString","coordinates":[[1481.3,1754.2],[1480.8,1753.8],[1480.3,1752.3]]}},{"type":"Feature","properties":{"id":"p:equipos:5714","n":1,"sc":"#636466"},"geometry":{"type":"LineString","coordinates":[[1483.2,1747.5],[1486.1,1750.9]]}},{"type":"Feature","properties":{"id":"p:equipos:5715","n":4,"sc":"#636466"},"geometry":{"type":"LineString","coordinates":[[1481.8,1748.2],[1481.7,1748.2],[1481.6,1748.2],[1481.5,1748.2],[1481.5,1748.1]]}},{"type":"Feature","properties":{"id":"p:equipos:5716","n":1,"sc":"#636466"},"geometry":{"type":"LineString","coordinates":[[1481.3,1754.2],[1481.3,1754.2]]}},{"type":"Feature","properties":{"id":"p:equipos:5717","n":1,"sc":"#636466"},"geometry":{"type":"LineString","coordinates":[[1483.7,1749.4],[1481.8,1748.5]]}},{"type":"Feature","properties":{"id":"p:equipos:5718","n":2,"sc":"#636466"},"geometry":{"type":"LineString","coordinates":[[1477.0,1738.9],[1476,1738.9],[1475.0,1739.8]]}},{"type":"Feature","properties":{"id":"p:equipos:5719","n":1,"sc":"#636466"},"geometry":{"type":"LineString","coordinates":[[1475.5,1746.6],[1475.5,1746.6]]}},{"type":"Feature","properties":{"id":"p:equipos:5720","n":1,"sc":"#636466"},"geometry":{"type":"LineString","coordinates":[[1483.2,1754.2],[1481.3,1754.2]]}},{"type":"Feature","properties":{"id":"p:equipos:5721","n":1,"sc":"#636466"},"geometry":{"type":"LineString","coordinates":[[1485.1,1750.4],[1483.7,1749.4]]}},{"type":"Feature","properties":{"id":"p:equipos:5722","n":4,"sc":"#636466"},"geometry":{"type":"LineString","coordinates":[[1483.0,1747.1],[1482.8,1746.9],[1482.6,1746.7],[1482.3,1746.6],[1482.0,1746.6]]}},{"type":"Feature","properties":{"id":"p:equipos:5723","n":3,"sc":"#636466"},"geometry":{"type":"LineString","coordinates":[[1474.6,1744.2],[1474.6,1745.1],[1475.0,1745.6],[1475.0,1746.1]]}},{"type":"Feature","properties":{"id":"p:equipos:5724","n":1,"sc":"#636466"},"geometry":{"type":"LineString","coordinates":[[1480.3,1747.0],[1480.3,1747.0]]}},{"type":"Feature","properties":{"id":"p:equipos:5725","n":4,"sc":"#636466"},"geometry":{"type":"LineString","coordinates":[[1466.9,1745.7],[1466.9,1745.9],[1466.9,1746.0],[1466.9,1746.2],[1466.9,1746.4]]}},{"type":"Feature","properties":{"id":"p:equipos:5726","n":8,"sc":"#636466"},"geometry":{"type":"LineString","coordinates":[[1466.7,1748.6],[1466.1,1749.7],[1465.9,1750.9],[1466.0,1752.1],[1466.5,1753.3],[1467.2,1754.3],[1468.2,1755.1],[1469.3,1755.5],[1470.5,1755.7]]}},{"type":"Feature","properties":{"id":"p:equipos:5727","n":2,"sc":"#636466"},"geometry":{"type":"LineString","coordinates":[[1478.9,1739.8],[1478.4,1738.9],[1477.4,1738.9]]}},{"type":"Feature","properties":{"id":"p:equipos:5728","n":1,"sc":"#636466"},"geometry":{"type":"LineString","coordinates":[[1479.4,1744.2],[1479.4,1742.7]]}},{"type":"Feature","properties":{"id":"p:equipos:5729","n":1,"sc":"#636466"},"geometry":{"type":"LineString","coordinates":[[1479.4,1744.2],[1478.9,1744.2]]}},{"type":"Feature","properties":{"id":"p:equipos:5730","n":1,"sc":"#636466"},"geometry":{"type":"LineString","coordinates":[[1479.4,1744.2],[1479.4,1744.2]]}},{"type":"Feature","properties":{"id":"p:equipos:5731","n":1,"sc":"#636466"},"geometry":{"type":"LineString","coordinates":[[1477.4,1752.3],[1477.4,1752.3]]}},{"type":"Feature","properties":{"id":"p:equipos:5732","n":1,"sc":"#636466"},"geometry":{"type":"LineString","coordinates":[[1476.5,1752.3],[1476.5,1752.3]]}},{"type":"Feature","properties":{"id":"p:equipos:5733","n":2,"sc":"#636466"},"geometry":{"type":"LineString","coordinates":[[1462.1,1741.3],[1463.0,1740.8],[1464,1740.8]]}},{"type":"Feature","properties":{"id":"p:equipos:5734","n":1,"sc":"#636466"},"geometry":{"type":"LineString","coordinates":[[1466.9,1744.2],[1467.8,1744.6]]}},{"type":"Feature","properties":{"id":"p:equipos:5735","n":2,"sc":"#636466"},"geometry":{"type":"LineString","coordinates":[[1461.1,1743.7],[1461.1,1742.2],[1461.6,1741.8]]}},{"type":"Feature","properties":{"id":"p:equipos:5736","n":1,"sc":"#636466"},"geometry":{"type":"LineString","coordinates":[[1463.0,1746.1],[1463.0,1745.6]]}},{"type":"Feature","properties":{"id":"p:equipos:5737","n":1,"sc":"#636466"},"geometry":{"type":"LineString","coordinates":[[1479.4,1744.6],[1479.4,1744.6]]}},{"type":"Feature","properties":{"id":"p:equipos:5738","n":1,"sc":"#636466"},"geometry":{"type":"LineString","coordinates":[[1479.4,1744.6],[1478.9,1744.6]]}},{"type":"Feature","properties":{"id":"p:equipos:5739","n":4,"sc":"#636466"},"geometry":{"type":"LineString","coordinates":[[1482.0,1746.3],[1482.0,1746.3],[1482.0,1746.2],[1482.0,1746.2],[1481.9,1746.2]]}},{"type":"Feature","properties":{"id":"p:equipos:5740","n":1,"sc":"#636466"},"geometry":{"type":"LineString","coordinates":[[1485.1,1753.8],[1483.2,1754.2]]}},{"type":"Feature","properties":{"id":"p:equipos:5741","n":1,"sc":"#636466"},"geometry":{"type":"LineString","coordinates":[[1479.4,1744.6],[1479.8,1744.6]]}},{"type":"Feature","properties":{"id":"p:equipos:5742","n":2,"sc":"#636466"},"geometry":{"type":"LineString","coordinates":[[1477.0,1744.6],[1476.5,1744.2],[1477.0,1744.2]]}},{"type":"Feature","properties":{"id":"p:equipos:5743","n":2,"sc":"#636466"},"geometry":{"type":"LineString","coordinates":[[1477.9,1745.6],[1477.4,1745.6],[1477.4,1745.1]]}},{"type":"Feature","properties":{"id":"p:equipos:5744","n":1,"sc":"#636466"},"geometry":{"type":"LineString","coordinates":[[1477.0,1744.2],[1476.5,1744.2]]}},{"type":"Feature","properties":{"id":"p:equipos:5745","n":1,"sc":"#636466"},"geometry":{"type":"LineString","coordinates":[[1476.5,1744.2],[1477.0,1744.6]]}},{"type":"Feature","properties":{"id":"p:equipos:5746","n":1,"sc":"#636466"},"geometry":{"type":"LineString","coordinates":[[1478.9,1746.1],[1478.4,1746.1]]}},{"type":"Feature","properties":{"id":"p:equipos:5747","n":1,"sc":"#636466"},"geometry":{"type":"LineString","coordinates":[[1479.8,1744.6],[1479.8,1744.6]]}},{"type":"Feature","properties":{"id":"p:equipos:5748","n":1,"sc":"#636466"},"geometry":{"type":"LineString","coordinates":[[1478.9,1744.6],[1479.4,1744.6]]}},{"type":"Feature","properties":{"id":"p:equipos:5749","n":4,"sc":"#636466"},"geometry":{"type":"LineString","coordinates":[[1480.3,1747.0],[1480.3,1747.0],[1480.3,1747.0],[1480.3,1747.0],[1480.3,1747.0]]}},{"type":"Feature","properties":{"id":"p:equipos:5750","n":1,"sc":"#636466"},"geometry":{"type":"LineString","coordinates":[[1477.4,1745.1],[1477.9,1745.6]]}},{"type":"Feature","properties":{"id":"p:equipos:5751","n":1,"sc":"#636466"},"geometry":{"type":"LineString","coordinates":[[1481.8,1746.6],[1481.8,1746.6]]}},{"type":"Feature","properties":{"id":"p:equipos:5752","n":1,"sc":"#636466"},"geometry":{"type":"LineString","coordinates":[[1481.3,1746.6],[1481.3,1746.6]]}},{"type":"Feature","properties":{"id":"p:equipos:5753","n":2,"sc":"#636466"},"geometry":{"type":"LineString","coordinates":[[1477.0,1744.6],[1477.0,1744.2],[1477.4,1744.2]]}},{"type":"Feature","properties":{"id":"p:equipos:5754","n":1,"sc":"#636466"},"geometry":{"type":"LineString","coordinates":[[1479.8,1747.0],[1480.3,1746.6]]}},{"type":"Feature","properties":{"id":"p:equipos:5755","n":1,"sc":"#636466"},"geometry":{"type":"LineString","coordinates":[[1479.8,1747.0],[1479.8,1747.0]]}},{"type":"Feature","properties":{"id":"p:equipos:5756","n":1,"sc":"#636466"},"geometry":{"type":"LineString","coordinates":[[1479.8,1747.0],[1479.8,1747.0]]}},{"type":"Feature","properties":{"id":"p:equipos:5757","n":1,"sc":"#636466"},"geometry":{"type":"LineString","coordinates":[[1480.3,1746.6],[1479.8,1747.0]]}},{"type":"Feature","properties":{"id":"p:equipos:5758","n":4,"sc":"#636466"},"geometry":{"type":"LineString","coordinates":[[1459.5,1748.0],[1459.5,1748.0],[1459.4,1748.0],[1459.4,1748.0],[1459.3,1748.0]]}},{"type":"Feature","properties":{"id":"p:equipos:5759","n":1,"sc":"#636466"},"geometry":{"type":"LineString","coordinates":[[1466.4,1745.6],[1466.4,1746.1]]}},{"type":"Feature","properties":{"id":"p:equipos:5760","n":1,"sc":"#636466"},"geometry":{"type":"LineString","coordinates":[[1477.4,1744.2],[1477.0,1744.6]]}},{"type":"Feature","properties":{"id":"p:equipos:5761","n":2,"sc":"#636466"},"geometry":{"type":"LineString","coordinates":[[1480.3,1746.6],[1480.3,1746.1],[1480.3,1745.6]]}},{"type":"Feature","properties":{"id":"p:equipos:5762","n":2,"sc":"#636466"},"geometry":{"type":"LineString","coordinates":[[1480.3,1747.5],[1481.3,1746.6],[1481.8,1746.6]]}},{"type":"Feature","properties":{"id":"p:equipos:5763","n":1,"sc":"#636466"},"geometry":{"type":"LineString","coordinates":[[1480.3,1747.5],[1480.3,1747.5]]}},{"type":"Feature","properties":{"id":"p:equipos:5764","n":1,"sc":"#636466"},"geometry":{"type":"LineString","coordinates":[[1465.9,1746.6],[1465.9,1746.6]]}},{"type":"Feature","properties":{"id":"p:equipos:5765","n":1,"sc":"#636466"},"geometry":{"type":"LineString","coordinates":[[1481.8,1747.0],[1482.2,1746.6]]}},{"type":"Feature","properties":{"id":"p:equipos:5766","n":1,"sc":"#636466"},"geometry":{"type":"LineString","coordinates":[[1465.4,1746.1],[1465.9,1746.1]]}},{"type":"Feature","properties":{"id":"p:equipos:5767","n":1,"sc":"#636466"},"geometry":{"type":"LineString","coordinates":[[1479.8,1744.6],[1481.8,1746.6]]}},{"type":"Feature","properties":{"id":"p:equipos:5768","n":8,"sc":"#636466"},"geometry":{"type":"LineString","coordinates":[[1470.5,1755.7],[1471.8,1755.5],[1472.9,1755.0],[1473.8,1754.2],[1474.5,1753.2],[1475.0,1752.0],[1475.0,1750.8],[1474.8,1749.6],[1474.2,1748.5]]}},{"type":"Feature","properties":{"id":"p:equipos:5769","n":1,"sc":"#636466"},"geometry":{"type":"LineString","coordinates":[[1481.8,1747.0],[1480.8,1748]]}},{"type":"Feature","properties":{"id":"p:equipos:5770","n":4,"sc":"#636466"},"geometry":{"type":"LineString","coordinates":[[1475.2,1739.3],[1475.2,1739.5],[1475.1,1739.6],[1475.1,1739.8],[1475.0,1740.0]]}},{"type":"Feature","properties":{"id":"p:equipos:5771","n":1,"sc":"#636466"},"geometry":{"type":"LineString","coordinates":[[1470.7,1743.2],[1470.7,1743.2]]}},{"type":"Feature","properties":{"id":"p:equipos:5772","n":1,"sc":"#636466"},"geometry":{"type":"LineString","coordinates":[[1475.0,1740.3],[1475.0,1742.2]]}},{"type":"Feature","properties":{"id":"p:equipos:5773","n":1,"sc":"#636466"},"geometry":{"type":"LineString","coordinates":[[1475.0,1742.2],[1474.6,1744.2]]}},{"type":"Feature","properties":{"id":"p:equipos:5774","n":1,"sc":"#636466"},"geometry":{"type":"LineString","coordinates":[[1477.4,1738.9],[1477.0,1738.9]]}},{"type":"Feature","properties":{"id":"p:equipos:5775","n":4,"sc":"#636466"},"geometry":{"type":"LineString","coordinates":[[1478.4,1740.0],[1478.4,1739.9],[1478.4,1739.8],[1478.3,1739.6],[1478.3,1739.5]]}},{"type":"Feature","properties":{"id":"p:equipos:5776","n":1,"sc":"#636466"},"geometry":{"type":"LineString","coordinates":[[1479.4,1742.7],[1478.9,1740.3]]}},{"type":"Feature","properties":{"id":"p:equipos:5777","n":1,"sc":"#636466"},"geometry":{"type":"LineString","coordinates":[[1477.4,1751.8],[1477.4,1751.8]]}},{"type":"Feature","properties":{"id":"p:equipos:5778","n":1,"sc":"#636466"},"geometry":{"type":"LineString","coordinates":[[1460.2,1748.5],[1459.7,1748.5]]}},{"type":"Feature","properties":{"id":"p:equipos:5779","n":1,"sc":"#636466"},"geometry":{"type":"LineString","coordinates":[[1460.2,1748],[1460.2,1748]]}},{"type":"Feature","properties":{"id":"p:equipos:5780","n":1,"sc":"#636466"},"geometry":{"type":"LineString","coordinates":[[1476.5,1751.8],[1476.5,1751.8]]}},{"type":"Feature","properties":{"id":"p:equipos:5781","n":1,"sc":"#636466"},"geometry":{"type":"LineString","coordinates":[[1479.4,1744.6],[1479.4,1744.2]]}},{"type":"Feature","properties":{"id":"p:equipos:5782","n":1,"sc":"#636466"},"geometry":{"type":"LineString","coordinates":[[1464.5,1741.3],[1465.9,1742.7]]}},{"type":"Feature","properties":{"id":"p:equipos:5783","n":1,"sc":"#636466"},"geometry":{"type":"LineString","coordinates":[[1465.9,1742.7],[1466.9,1744.2]]}},{"type":"Feature","properties":{"id":"p:equipos:5784","n":1,"sc":"#636466"},"geometry":{"type":"LineString","coordinates":[[1461.6,1741.8],[1462.1,1741.3]]}},{"type":"Feature","properties":{"id":"p:equipos:5785","n":1,"sc":"#636466"},"geometry":{"type":"LineString","coordinates":[[1463.0,1745.6],[1461.6,1744.2]]}},{"type":"Feature","properties":{"id":"p:equipos:5786","n":4,"sc":"#636466"},"geometry":{"type":"LineString","coordinates":[[1464.0,1741.3],[1463.9,1741.2],[1463.7,1741.1],[1463.6,1741.0],[1463.4,1740.9]]}},{"type":"Feature","properties":{"id":"p:equipos:5787","n":1,"sc":"#636466"},"geometry":{"type":"LineString","coordinates":[[1466.4,1745.6],[1466.4,1746.1]]}},{"type":"Feature","properties":{"id":"p:equipos:5788","n":4,"sc":"#636466"},"geometry":{"type":"LineString","coordinates":[[1461.2,1743.1],[1461.3,1743.2],[1461.3,1743.3],[1461.4,1743.4],[1461.5,1743.5]]}},{"type":"Feature","properties":{"id":"p:equipos:5789","n":1,"sc":"#636466"},"geometry":{"type":"LineString","coordinates":[[1466.4,1749.4],[1466.4,1749.4]]}},{"type":"Feature","properties":{"id":"p:equipos:5790","n":1,"sc":"#636466"},"geometry":{"type":"LineString","coordinates":[[1482.2,1746.6],[1482.2,1746.6]]}},{"type":"Feature","properties":{"id":"p:equipos:5791","n":1,"sc":"#636466"},"geometry":{"type":"LineString","coordinates":[[1481.8,1746.6],[1479.4,1744.6]]}},{"type":"Feature","properties":{"id":"p:equipos:5792","n":1,"sc":"#636466"},"geometry":{"type":"LineString","coordinates":[[1465.9,1746.6],[1465.9,1746.6]]}},{"type":"Feature","properties":{"id":"p:equipos:5793","n":1,"sc":"#636466"},"geometry":{"type":"LineString","coordinates":[[1465.4,1746.1],[1465.4,1746.1]]}},{"type":"Feature","properties":{"id":"p:equipos:5794","n":2,"sc":"#636466"},"geometry":{"type":"LineString","coordinates":[[1466.9,1746.1],[1468.3,1743.7],[1470.7,1743.2]]}},{"type":"Feature","properties":{"id":"p:equipos:5795","n":4,"sc":"#636466"},"geometry":{"type":"LineString","coordinates":[[1474.6,1746.6],[1474.1,1745.1],[1473.1,1744.2],[1472.2,1743.2],[1470.7,1743.2]]}},{"type":"Feature","properties":{"id":"p:equipos:5796","n":4,"sc":"#636466"},"geometry":{"type":"LineString","coordinates":[[1470.7,1743.2],[1469.3,1743.2],[1467.8,1744.2],[1467.4,1745.1],[1466.9,1746.6]]}},{"type":"Feature","properties":{"id":"p:equipos:5797","n":4,"sc":"#636466"},"geometry":{"type":"LineString","coordinates":[[1474.6,1749.0],[1472.6,1747.5],[1470.7,1747.0],[1468.3,1747.5],[1466.9,1749.0]]}},{"type":"Feature","properties":{"id":"p:equipos:5798","n":1,"sc":"#636466"},"geometry":{"type":"LineString","coordinates":[[1474.6,1746.6],[1474.6,1749.0]]}},{"type":"Feature","properties":{"id":"p:equipos:5799","n":1,"sc":"#636466"},"geometry":{"type":"LineString","coordinates":[[1466.9,1746.6],[1466.9,1749.0]]}}]}