{"type":"FeatureCollection","name":"plano-texto-negro","metadata":{"source_pdf":"AQUA014-HID-PL-015_C1.pdf","render_size_px":[6272,3600],"coord_system":"render-px (pixels of plano-base.png)","extracted_at":"2026-05-28T10:52:46Z","n_features":2174,"n_segments":9355},"features":[{"type":"Feature","properties":{"id":"p:texto-negro:0","n":1,"sc":"#000000"},"geometry":{"type":"LineString","coordinates":[[1436.2,719.8],[1436.2,719.8]]}},{"type":"Feature","properties":{"id":"p:texto-negro:1","n":1,"sc":"#000000"},"geometry":{"type":"LineString","coordinates":[[1436.2,719.8],[1436.2,719.8]]}},{"type":"Feature","properties":{"id":"p:texto-negro:2","n":1,"sc":"#000000"},"geometry":{"type":"LineString","coordinates":[[1436.2,719.8],[1436.2,719.8]]}},{"type":"Feature","properties":{"id":"p:texto-negro:3","n":1,"sc":"#000000"},"geometry":{"type":"LineString","coordinates":[[1436.2,713.1],[1436.2,713.1]]}},{"type":"Feature","properties":{"id":"p:texto-negro:4","n":1,"sc":"#000000"},"geometry":{"type":"LineString","coordinates":[[1436.2,713.1],[1436.2,713.1]]}},{"type":"Feature","properties":{"id":"p:texto-negro:5","n":1,"sc":"#000000"},"geometry":{"type":"LineString","coordinates":[[1436.2,713.1],[1436.2,713.1]]}},{"type":"Feature","properties":{"id":"p:texto-negro:6","n":1,"sc":"#000000"},"geometry":{"type":"LineString","coordinates":[[2298.2,72.3],[2298.2,72.3]]}},{"type":"Feature","properties":{"id":"p:texto-negro:7","n":1,"sc":"#000000"},"geometry":{"type":"LineString","coordinates":[[2298.2,72.3],[2298.2,72.3]]}},{"type":"Feature","properties":{"id":"p:texto-negro:8","n":1,"sc":"#000000"},"geometry":{"type":"LineString","coordinates":[[2298.2,72.3],[2298.2,72.3]]}},{"type":"Feature","properties":{"id":"p:texto-negro:9","n":1,"sc":"#000000"},"geometry":{"type":"LineString","coordinates":[[2303.5,72.3],[2303.5,72.3]]}},{"type":"Feature","properties":{"id":"p:texto-negro:10","n":1,"sc":"#000000"},"geometry":{"type":"LineString","coordinates":[[2303.5,72.3],[2303.5,72.3]]}},{"type":"Feature","properties":{"id":"p:texto-negro:11","n":1,"sc":"#000000"},"geometry":{"type":"LineString","coordinates":[[2303.5,72.3],[2303.5,72.3]]}},{"type":"Feature","properties":{"id":"p:texto-negro:12","n":1,"sc":"#000000"},"geometry":{"type":"LineString","coordinates":[[2303.5,72.3],[2303.5,72.3]]}},{"type":"Feature","properties":{"id":"p:texto-negro:13","n":1,"sc":"#000000"},"geometry":{"type":"LineString","coordinates":[[2303.5,72.3],[2303.5,72.3]]}},{"type":"Feature","properties":{"id":"p:texto-negro:14","n":1,"sc":"#000000"},"geometry":{"type":"LineString","coordinates":[[2303.5,72.3],[2303.5,72.3]]}},{"type":"Feature","properties":{"id":"p:texto-negro:15","n":1,"sc":"#000000"},"geometry":{"type":"LineString","coordinates":[[2459.5,71.8],[2459.5,71.8]]}},{"type":"Feature","properties":{"id":"p:texto-negro:16","n":1,"sc":"#000000"},"geometry":{"type":"LineString","coordinates":[[2459.5,71.8],[2459.5,71.8]]}},{"type":"Feature","properties":{"id":"p:texto-negro:17","n":1,"sc":"#000000"},"geometry":{"type":"LineString","coordinates":[[2459.5,71.8],[2459.5,71.8]]}},{"type":"Feature","properties":{"id":"p:texto-negro:18","n":1,"sc":"#000000"},"geometry":{"type":"LineString","coordinates":[[2459.5,71.8],[2459.5,71.8]]}},{"type":"Feature","properties":{"id":"p:texto-negro:19","n":1,"sc":"#000000"},"geometry":{"type":"LineString","coordinates":[[2459.5,71.8],[2459.5,71.8]]}},{"type":"Feature","properties":{"id":"p:texto-negro:20","n":1,"sc":"#000000"},"geometry":{"type":"LineString","coordinates":[[2459.5,71.8],[2459.5,71.8]]}},{"type":"Feature","properties":{"id":"p:texto-negro:21","n":1,"sc":"#000000"},"geometry":{"type":"LineString","coordinates":[[2464.8,71.8],[2464.8,71.8]]}},{"type":"Feature","properties":{"id":"p:texto-negro:22","n":1,"sc":"#000000"},"geometry":{"type":"LineString","coordinates":[[2464.8,71.8],[2464.8,71.8]]}},{"type":"Feature","properties":{"id":"p:texto-negro:23","n":1,"sc":"#000000"},"geometry":{"type":"LineString","coordinates":[[2464.8,71.8],[2464.8,71.8]]}},{"type":"Feature","properties":{"id":"p:texto-negro:24","n":1,"sc":"#000000"},"geometry":{"type":"LineString","coordinates":[[2464.8,71.8],[2464.8,71.8]]}},{"type":"Feature","properties":{"id":"p:texto-negro:25","n":1,"sc":"#000000"},"geometry":{"type":"LineString","coordinates":[[2464.8,71.8],[2464.8,71.8]]}},{"type":"Feature","properties":{"id":"p:texto-negro:26","n":1,"sc":"#000000"},"geometry":{"type":"LineString","coordinates":[[2464.8,71.8],[2464.8,71.8]]}},{"type":"Feature","properties":{"id":"p:texto-negro:27","n":1,"sc":"#000000"},"geometry":{"type":"LineString","coordinates":[[2557.9,71.4],[2557.9,71.4]]}},{"type":"Feature","properties":{"id":"p:texto-negro:28","n":1,"sc":"#000000"},"geometry":{"type":"LineString","coordinates":[[2557.9,71.4],[2557.9,71.4]]}},{"type":"Feature","properties":{"id":"p:texto-negro:29","n":1,"sc":"#000000"},"geometry":{"type":"LineString","coordinates":[[2557.9,71.4],[2557.9,71.4]]}},{"type":"Feature","properties":{"id":"p:texto-negro:30","n":1,"sc":"#000000"},"geometry":{"type":"LineString","coordinates":[[2557.9,71.4],[2557.9,71.4]]}},{"type":"Feature","properties":{"id":"p:texto-negro:31","n":1,"sc":"#000000"},"geometry":{"type":"LineString","coordinates":[[2557.9,71.4],[2557.9,71.4]]}},{"type":"Feature","properties":{"id":"p:texto-negro:32","n":1,"sc":"#000000"},"geometry":{"type":"LineString","coordinates":[[2557.9,71.4],[2557.9,71.4]]}},{"type":"Feature","properties":{"id":"p:texto-negro:33","n":1,"sc":"#000000"},"geometry":{"type":"LineString","coordinates":[[2563.7,71.4],[2563.7,71.4]]}},{"type":"Feature","properties":{"id":"p:texto-negro:34","n":1,"sc":"#000000"},"geometry":{"type":"LineString","coordinates":[[2563.7,71.4],[2563.7,71.4]]}},{"type":"Feature","properties":{"id":"p:texto-negro:35","n":1,"sc":"#000000"},"geometry":{"type":"LineString","coordinates":[[2563.7,71.4],[2563.7,71.4]]}},{"type":"Feature","properties":{"id":"p:texto-negro:36","n":1,"sc":"#000000"},"geometry":{"type":"LineString","coordinates":[[1821.6,2705.6],[1821.6,2705.6]]}},{"type":"Feature","properties":{"id":"p:texto-negro:37","n":1,"sc":"#000000"},"geometry":{"type":"LineString","coordinates":[[1821.6,2705.6],[1821.6,2705.6]]}},{"type":"Feature","properties":{"id":"p:texto-negro:38","n":1,"sc":"#000000"},"geometry":{"type":"LineString","coordinates":[[1821.6,2705.6],[1821.6,2705.6]]}},{"type":"Feature","properties":{"id":"p:texto-negro:39","n":1,"sc":"#000000"},"geometry":{"type":"LineString","coordinates":[[1828.3,2705.6],[1828.3,2705.6]]}},{"type":"Feature","properties":{"id":"p:texto-negro:40","n":1,"sc":"#000000"},"geometry":{"type":"LineString","coordinates":[[1828.3,2705.6],[1828.3,2705.6]]}},{"type":"Feature","properties":{"id":"p:texto-negro:41","n":1,"sc":"#000000"},"geometry":{"type":"LineString","coordinates":[[1828.3,2705.6],[1828.3,2705.6]]}},{"type":"Feature","properties":{"id":"p:texto-negro:42","n":1,"sc":"#000000"},"geometry":{"type":"LineString","coordinates":[[1958.4,2705.1],[1958.4,2705.1]]}},{"type":"Feature","properties":{"id":"p:texto-negro:43","n":1,"sc":"#000000"},"geometry":{"type":"LineString","coordinates":[[1958.4,2705.1],[1958.4,2705.1]]}},{"type":"Feature","properties":{"id":"p:texto-negro:44","n":1,"sc":"#000000"},"geometry":{"type":"LineString","coordinates":[[1958.4,2705.1],[1958.4,2705.1]]}},{"type":"Feature","properties":{"id":"p:texto-negro:45","n":1,"sc":"#000000"},"geometry":{"type":"LineString","coordinates":[[1965.1,2704.6],[1965.1,2705.1]]}},{"type":"Feature","properties":{"id":"p:texto-negro:46","n":1,"sc":"#000000"},"geometry":{"type":"LineString","coordinates":[[1965.1,2704.6],[1965.1,2704.6]]}},{"type":"Feature","properties":{"id":"p:texto-negro:47","n":1,"sc":"#000000"},"geometry":{"type":"LineString","coordinates":[[1965.1,2704.6],[1965.1,2704.6]]}},{"type":"Feature","properties":{"id":"p:texto-negro:48","n":1,"sc":"#000000"},"geometry":{"type":"LineString","coordinates":[[1461.1,2972.5],[1461.1,2972.5]]}},{"type":"Feature","properties":{"id":"p:texto-negro:49","n":1,"sc":"#000000"},"geometry":{"type":"LineString","coordinates":[[1461.1,2972.5],[1461.1,2972.5]]}},{"type":"Feature","properties":{"id":"p:texto-negro:50","n":1,"sc":"#000000"},"geometry":{"type":"LineString","coordinates":[[1461.1,2972.5],[1461.1,2972.5]]}},{"type":"Feature","properties":{"id":"p:texto-negro:51","n":1,"sc":"#000000"},"geometry":{"type":"LineString","coordinates":[[1460.6,2966.2],[1461.1,2966.2]]}},{"type":"Feature","properties":{"id":"p:texto-negro:52","n":1,"sc":"#000000"},"geometry":{"type":"LineString","coordinates":[[1460.6,2966.2],[1460.6,2966.2]]}},{"type":"Feature","properties":{"id":"p:texto-negro:53","n":1,"sc":"#000000"},"geometry":{"type":"LineString","coordinates":[[1460.6,2966.2],[1460.6,2966.2]]}},{"type":"Feature","properties":{"id":"p:texto-negro:54","n":1,"sc":"#000000"},"geometry":{"type":"LineString","coordinates":[[2125.4,457.3],[2125.4,457.3]]}},{"type":"Feature","properties":{"id":"p:texto-negro:55","n":1,"sc":"#000000"},"geometry":{"type":"LineString","coordinates":[[2125.4,457.3],[2125.4,457.3]]}},{"type":"Feature","properties":{"id":"p:texto-negro:56","n":1,"sc":"#000000"},"geometry":{"type":"LineString","coordinates":[[2125.4,457.3],[2125.4,457.3]]}},{"type":"Feature","properties":{"id":"p:texto-negro:57","n":1,"sc":"#000000"},"geometry":{"type":"LineString","coordinates":[[3236.6,452.5],[3236.6,452.5]]}},{"type":"Feature","properties":{"id":"p:texto-negro:58","n":1,"sc":"#000000"},"geometry":{"type":"LineString","coordinates":[[3236.6,452.5],[3236.6,452.5]]}},{"type":"Feature","properties":{"id":"p:texto-negro:59","n":1,"sc":"#000000"},"geometry":{"type":"LineString","coordinates":[[3236.6,452.5],[3236.6,452.5]]}},{"type":"Feature","properties":{"id":"p:texto-negro:60","n":1,"sc":"#000000"},"geometry":{"type":"LineString","coordinates":[[3285.6,530.7],[3285.6,530.7]]}},{"type":"Feature","properties":{"id":"p:texto-negro:61","n":1,"sc":"#000000"},"geometry":{"type":"LineString","coordinates":[[3285.6,530.7],[3285.6,530.7]]}},{"type":"Feature","properties":{"id":"p:texto-negro:62","n":1,"sc":"#000000"},"geometry":{"type":"LineString","coordinates":[[3285.6,530.7],[3285.6,530.7]]}},{"type":"Feature","properties":{"id":"p:texto-negro:63","n":1,"sc":"#000000"},"geometry":{"type":"LineString","coordinates":[[3287.0,891.7],[3287.0,891.7]]}},{"type":"Feature","properties":{"id":"p:texto-negro:64","n":1,"sc":"#000000"},"geometry":{"type":"LineString","coordinates":[[3287.0,891.7],[3287.0,891.7]]}},{"type":"Feature","properties":{"id":"p:texto-negro:65","n":1,"sc":"#000000"},"geometry":{"type":"LineString","coordinates":[[3287.0,891.7],[3287.0,891.7]]}},{"type":"Feature","properties":{"id":"p:texto-negro:66","n":1,"sc":"#000000"},"geometry":{"type":"LineString","coordinates":[[2295.8,554.7],[2295.8,554.7]]}},{"type":"Feature","properties":{"id":"p:texto-negro:67","n":1,"sc":"#000000"},"geometry":{"type":"LineString","coordinates":[[2295.8,554.7],[2295.8,554.7]]}},{"type":"Feature","properties":{"id":"p:texto-negro:68","n":1,"sc":"#000000"},"geometry":{"type":"LineString","coordinates":[[2295.8,554.7],[2295.8,554.7]]}},{"type":"Feature","properties":{"id":"p:texto-negro:69","n":1,"sc":"#000000"},"geometry":{"type":"LineString","coordinates":[[2792.2,552.8],[2792.2,552.8]]}},{"type":"Feature","properties":{"id":"p:texto-negro:70","n":1,"sc":"#000000"},"geometry":{"type":"LineString","coordinates":[[2792.2,552.8],[2792.2,552.8]]}},{"type":"Feature","properties":{"id":"p:texto-negro:71","n":1,"sc":"#000000"},"geometry":{"type":"LineString","coordinates":[[2792.2,552.8],[2792.2,552.8]]}},{"type":"Feature","properties":{"id":"p:texto-negro:72","n":1,"sc":"#000000"},"geometry":{"type":"LineString","coordinates":[[2825.8,1173.9],[2825.8,1173.9]]}},{"type":"Feature","properties":{"id":"p:texto-negro:73","n":1,"sc":"#000000"},"geometry":{"type":"LineString","coordinates":[[2825.8,1173.9],[2825.8,1173.9]]}},{"type":"Feature","properties":{"id":"p:texto-negro:74","n":1,"sc":"#000000"},"geometry":{"type":"LineString","coordinates":[[2825.8,1173.9],[2825.8,1173.9]]}},{"type":"Feature","properties":{"id":"p:texto-negro:75","n":1,"sc":"#000000"},"geometry":{"type":"LineString","coordinates":[[3023.0,907.0],[3023.0,907.0]]}},{"type":"Feature","properties":{"id":"p:texto-negro:76","n":1,"sc":"#000000"},"geometry":{"type":"LineString","coordinates":[[3023.0,907.0],[3023.0,907.0]]}},{"type":"Feature","properties":{"id":"p:texto-negro:77","n":1,"sc":"#000000"},"geometry":{"type":"LineString","coordinates":[[3023.0,907.0],[3023.0,907.0]]}},{"type":"Feature","properties":{"id":"p:texto-negro:78","n":1,"sc":"#000000"},"geometry":{"type":"LineString","coordinates":[[3004.8,876.8],[3004.8,876.8]]}},{"type":"Feature","properties":{"id":"p:texto-negro:79","n":1,"sc":"#000000"},"geometry":{"type":"LineString","coordinates":[[3004.8,876.8],[3004.8,876.8]]}},{"type":"Feature","properties":{"id":"p:texto-negro:80","n":1,"sc":"#000000"},"geometry":{"type":"LineString","coordinates":[[3004.8,876.8],[3004.8,876.8]]}},{"type":"Feature","properties":{"id":"p:texto-negro:81","n":1,"sc":"#000000"},"geometry":{"type":"LineString","coordinates":[[3255.4,875.4],[3255.4,875.4]]}},{"type":"Feature","properties":{"id":"p:texto-negro:82","n":1,"sc":"#000000"},"geometry":{"type":"LineString","coordinates":[[3255.4,875.4],[3255.4,875.4]]}},{"type":"Feature","properties":{"id":"p:texto-negro:83","n":1,"sc":"#000000"},"geometry":{"type":"LineString","coordinates":[[3255.4,875.4],[3255.4,875.4]]}},{"type":"Feature","properties":{"id":"p:texto-negro:84","n":1,"sc":"#000000"},"geometry":{"type":"LineString","coordinates":[[4216.8,777.0],[4216.8,777.0]]}},{"type":"Feature","properties":{"id":"p:texto-negro:85","n":1,"sc":"#000000"},"geometry":{"type":"LineString","coordinates":[[4216.8,777.0],[4216.8,777.0]]}},{"type":"Feature","properties":{"id":"p:texto-negro:86","n":1,"sc":"#000000"},"geometry":{"type":"LineString","coordinates":[[4216.8,777.0],[4216.8,777.0]]}},{"type":"Feature","properties":{"id":"p:texto-negro:87","n":1,"sc":"#000000"},"geometry":{"type":"LineString","coordinates":[[4215.8,554.2],[4215.8,554.2]]}},{"type":"Feature","properties":{"id":"p:texto-negro:88","n":1,"sc":"#000000"},"geometry":{"type":"LineString","coordinates":[[4215.8,554.2],[4215.8,554.2]]}},{"type":"Feature","properties":{"id":"p:texto-negro:89","n":1,"sc":"#000000"},"geometry":{"type":"LineString","coordinates":[[4215.8,554.2],[4215.8,554.2]]}},{"type":"Feature","properties":{"id":"p:texto-negro:90","n":1,"sc":"#000000"},"geometry":{"type":"LineString","coordinates":[[4150.6,1442.2],[4150.6,1442.2]]}},{"type":"Feature","properties":{"id":"p:texto-negro:91","n":1,"sc":"#000000"},"geometry":{"type":"LineString","coordinates":[[4150.6,1442.2],[4150.6,1442.2]]}},{"type":"Feature","properties":{"id":"p:texto-negro:92","n":1,"sc":"#000000"},"geometry":{"type":"LineString","coordinates":[[4150.6,1442.2],[4150.6,1442.2]]}},{"type":"Feature","properties":{"id":"p:texto-negro:93","n":1,"sc":"#000000"},"geometry":{"type":"LineString","coordinates":[[4151.0,1484],[4151.0,1484]]}},{"type":"Feature","properties":{"id":"p:texto-negro:94","n":1,"sc":"#000000"},"geometry":{"type":"LineString","coordinates":[[4151.0,1484],[4151.0,1484]]}},{"type":"Feature","properties":{"id":"p:texto-negro:95","n":1,"sc":"#000000"},"geometry":{"type":"LineString","coordinates":[[4151.0,1484],[4151.0,1484]]}},{"type":"Feature","properties":{"id":"p:texto-negro:96","n":1,"sc":"#000000"},"geometry":{"type":"LineString","coordinates":[[4264.8,1482.1],[4264.8,1482.1]]}},{"type":"Feature","properties":{"id":"p:texto-negro:97","n":1,"sc":"#000000"},"geometry":{"type":"LineString","coordinates":[[4264.8,1482.1],[4264.8,1482.1]]}},{"type":"Feature","properties":{"id":"p:texto-negro:98","n":1,"sc":"#000000"},"geometry":{"type":"LineString","coordinates":[[4264.8,1482.1],[4264.8,1482.1]]}},{"type":"Feature","properties":{"id":"p:texto-negro:99","n":1,"sc":"#000000"},"geometry":{"type":"LineString","coordinates":[[4265.3,1547.8],[4265.3,1547.8]]}},{"type":"Feature","properties":{"id":"p:texto-negro:100","n":1,"sc":"#000000"},"geometry":{"type":"LineString","coordinates":[[4265.3,1547.8],[4265.3,1547.8]]}},{"type":"Feature","properties":{"id":"p:texto-negro:101","n":1,"sc":"#000000"},"geometry":{"type":"LineString","coordinates":[[4265.3,1547.8],[4265.3,1547.8]]}},{"type":"Feature","properties":{"id":"p:texto-negro:102","n":1,"sc":"#000000"},"geometry":{"type":"LineString","coordinates":[[4235.0,1189.8],[4235.0,1189.8]]}},{"type":"Feature","properties":{"id":"p:texto-negro:103","n":1,"sc":"#000000"},"geometry":{"type":"LineString","coordinates":[[4235.0,1189.8],[4235.0,1189.8]]}},{"type":"Feature","properties":{"id":"p:texto-negro:104","n":1,"sc":"#000000"},"geometry":{"type":"LineString","coordinates":[[4235.0,1189.8],[4235.0,1189.8]]}},{"type":"Feature","properties":{"id":"p:texto-negro:105","n":1,"sc":"#000000"},"geometry":{"type":"LineString","coordinates":[[4190.4,1190.2],[4190.4,1190.2]]}},{"type":"Feature","properties":{"id":"p:texto-negro:106","n":1,"sc":"#000000"},"geometry":{"type":"LineString","coordinates":[[4190.4,1190.2],[4190.4,1190.2]]}},{"type":"Feature","properties":{"id":"p:texto-negro:107","n":1,"sc":"#000000"},"geometry":{"type":"LineString","coordinates":[[4190.4,1190.2],[4190.4,1190.2]]}},{"type":"Feature","properties":{"id":"p:texto-negro:108","n":1,"sc":"#000000"},"geometry":{"type":"LineString","coordinates":[[4167.4,1277.1],[4167.4,1277.1]]}},{"type":"Feature","properties":{"id":"p:texto-negro:109","n":1,"sc":"#000000"},"geometry":{"type":"LineString","coordinates":[[4167.4,1277.1],[4167.4,1277.1]]}},{"type":"Feature","properties":{"id":"p:texto-negro:110","n":1,"sc":"#000000"},"geometry":{"type":"LineString","coordinates":[[4167.4,1277.1],[4167.4,1277.1]]}},{"type":"Feature","properties":{"id":"p:texto-negro:111","n":1,"sc":"#000000"},"geometry":{"type":"LineString","coordinates":[[4167.4,1230.1],[4167.4,1230.1]]}},{"type":"Feature","properties":{"id":"p:texto-negro:112","n":1,"sc":"#000000"},"geometry":{"type":"LineString","coordinates":[[4167.4,1230.1],[4167.4,1230.1]]}},{"type":"Feature","properties":{"id":"p:texto-negro:113","n":1,"sc":"#000000"},"geometry":{"type":"LineString","coordinates":[[4167.4,1230.1],[4167.4,1230.1]]}},{"type":"Feature","properties":{"id":"p:texto-negro:114","n":1,"sc":"#000000"},"geometry":{"type":"LineString","coordinates":[[4160.6,1280],[4160.6,1280]]}},{"type":"Feature","properties":{"id":"p:texto-negro:115","n":1,"sc":"#000000"},"geometry":{"type":"LineString","coordinates":[[4160.6,1280],[4160.6,1280]]}},{"type":"Feature","properties":{"id":"p:texto-negro:116","n":1,"sc":"#000000"},"geometry":{"type":"LineString","coordinates":[[4160.6,1280],[4160.6,1280]]}},{"type":"Feature","properties":{"id":"p:texto-negro:117","n":1,"sc":"#000000"},"geometry":{"type":"LineString","coordinates":[[4185.1,1280],[4185.1,1280]]}},{"type":"Feature","properties":{"id":"p:texto-negro:118","n":1,"sc":"#000000"},"geometry":{"type":"LineString","coordinates":[[4185.1,1280],[4185.1,1280]]}},{"type":"Feature","properties":{"id":"p:texto-negro:119","n":1,"sc":"#000000"},"geometry":{"type":"LineString","coordinates":[[4185.1,1280],[4185.1,1280]]}},{"type":"Feature","properties":{"id":"p:texto-negro:120","n":18,"sc":"#808080"},"geometry":{"type":"LineString","coordinates":[[2869.0,3407.4],[2877.6,3409.8],[2880,3413.1],[2883.4,3418.4],[2882.9,3427.0],[2880.5,3432.3],[2877.1,3435.2],[2869.0,3437.6],[2844.5,3438.1],[2844,3380],[2869.4,3380],[2877.6,3382.4],[2880,3385.3],[2882.9,3391.0],[2882.9,3395.8],[2880.5,3402.1],[2877.6,3404],[2869.0,3407.4],[2844,3407.8]]}},{"type":"Feature","properties":{"id":"p:texto-negro:121","n":20,"sc":"#808080"},"geometry":{"type":"LineString","coordinates":[[2918.4,3380],[2913.6,3382.9],[2907.8,3388.2],[2905.0,3393.4],[2902.6,3401.6],[2902.6,3415.5],[2905.4,3423.7],[2907.8,3429.4],[2913.6,3435.2],[2919.4,3437.6],[2929.9,3438.1],[2935.7,3434.7],[2941.0,3429.9],[2943.8,3424.2],[2946.7,3416],[2946.7,3402.1],[2943.8,3393.9],[2941.0,3388.2],[2935.7,3382.4],[2929.9,3380],[2918.4,3380]]}},{"type":"Feature","properties":{"id":"p:texto-negro:122","n":12,"sc":"#808080"},"geometry":{"type":"LineString","coordinates":[[2963.0,3438.1],[2963.0,3379.5],[2982.7,3379.5],[2990.9,3382.4],[2996.6,3387.7],[2999.0,3393.4],[3002.4,3402.1],[3001.9,3415.5],[2999.5,3423.7],[2996.2,3429.4],[2990.9,3435.2],[2982.2,3437.6],[2963.0,3438.1]]}},{"type":"Feature","properties":{"id":"p:texto-negro:123","n":3,"sc":"#808080"},"geometry":{"type":"LineString","coordinates":[[3057.1,3438.1],[3021.1,3438.1],[3021.1,3380],[3057.1,3379.5]]}},{"type":"Feature","properties":{"id":"p:texto-negro:124","n":1,"sc":"#808080"},"geometry":{"type":"LineString","coordinates":[[3021.6,3407.4],[3043.2,3407.4]]}},{"type":"Feature","properties":{"id":"p:texto-negro:125","n":19,"sc":"#808080"},"geometry":{"type":"LineString","coordinates":[[3115.2,3393.9],[3112.3,3388.2],[3107.0,3382.4],[3101.3,3379.5],[3090.7,3379.5],[3085.0,3382.9],[3079.2,3387.7],[3076.8,3393.4],[3073.9,3401.6],[3073.9,3415.5],[3076.8,3424.2],[3079.7,3429.4],[3085.0,3435.2],[3090.2,3437.6],[3101.8,3437.6],[3107.0,3435.2],[3112.3,3429.4],[3115.2,3424.2],[3115.2,3416],[3101.8,3415.5]]}},{"type":"Feature","properties":{"id":"p:texto-negro:126","n":2,"sc":"#808080"},"geometry":{"type":"LineString","coordinates":[[3132,3438.1],[3154.1,3380],[3176.2,3437.6]]}},{"type":"Feature","properties":{"id":"p:texto-negro:127","n":1,"sc":"#808080"},"geometry":{"type":"LineString","coordinates":[[3140.2,3418.4],[3167.5,3418.9]]}},{"type":"Feature","properties":{"id":"p:texto-negro:128","n":19,"sc":"#808080"},"geometry":{"type":"LineString","coordinates":[[3287.0,3393.9],[3283.7,3388.2],[3278.4,3382.9],[3273.1,3380],[3261.6,3379.5],[3256.3,3382.9],[3251.0,3388.2],[3247.7,3393.4],[3245.3,3402.1],[3245.3,3416],[3248.2,3424.2],[3250.6,3429.4],[3256.3,3435.2],[3262.1,3438.1],[3273.1,3437.6],[3278.4,3435.2],[3284.2,3429.4],[3286.6,3424.2],[3287.0,3416],[3273.1,3416]]}},{"type":"Feature","properties":{"id":"p:texto-negro:129","n":3,"sc":"#808080"},"geometry":{"type":"LineString","coordinates":[[3339.4,3437.6],[3303.4,3438.6],[3303.4,3380],[3339.4,3380]]}},{"type":"Feature","properties":{"id":"p:texto-negro:130","n":1,"sc":"#808080"},"geometry":{"type":"LineString","coordinates":[[3303.8,3407.4],[3325.4,3407.8]]}},{"type":"Feature","properties":{"id":"p:texto-negro:131","n":3,"sc":"#808080"},"geometry":{"type":"LineString","coordinates":[[3356.2,3438.1],[3355.7,3379.5],[3394.6,3438.1],[3394.6,3380.5]]}},{"type":"Feature","properties":{"id":"p:texto-negro:132","n":3,"sc":"#808080"},"geometry":{"type":"LineString","coordinates":[[3452.6,3438.1],[3416.6,3438.1],[3417.1,3380],[3453.1,3380]]}},{"type":"Feature","properties":{"id":"p:texto-negro:133","n":1,"sc":"#808080"},"geometry":{"type":"LineString","coordinates":[[3416.6,3407.8],[3438.7,3407.4]]}},{"type":"Feature","properties":{"id":"p:texto-negro:134","n":10,"sc":"#808080"},"geometry":{"type":"LineString","coordinates":[[3469.4,3437.6],[3469.4,3380],[3493.9,3380],[3502.6,3382.4],[3505.4,3385.8],[3508.3,3391.0],[3508.3,3396.3],[3505.4,3402.6],[3502.6,3405.0],[3493.9,3407.8],[3469.4,3407.8]]}},{"type":"Feature","properties":{"id":"p:texto-negro:135","n":1,"sc":"#808080"},"geometry":{"type":"LineString","coordinates":[[3488.6,3407.4],[3508.3,3438.6]]}},{"type":"Feature","properties":{"id":"p:texto-negro:136","n":2,"sc":"#808080"},"geometry":{"type":"LineString","coordinates":[[3527.5,3438.1],[3549.6,3380],[3571.2,3438.1]]}},{"type":"Feature","properties":{"id":"p:texto-negro:137","n":1,"sc":"#808080"},"geometry":{"type":"LineString","coordinates":[[3536.2,3418.9],[3563.0,3418.9]]}},{"type":"Feature","properties":{"id":"p:texto-negro:138","n":2,"sc":"#808080"},"geometry":{"type":"LineString","coordinates":[[3588,3380],[3588.5,3438.6],[3621.6,3438.1]]}},{"type":"Feature","properties":{"id":"p:texto-negro:139","n":1,"sc":"#808080"},"geometry":{"type":"LineString","coordinates":[[3635.0,3413.1],[3685.0,3413.1]]}},{"type":"Feature","properties":{"id":"p:texto-negro:140","n":4,"sc":"#808080"},"geometry":{"type":"LineString","coordinates":[[3707.0,3438.1],[3707.5,3380.5],[3729.6,3438.1],[3751.7,3380],[3751.7,3438.1]]}},{"type":"Feature","properties":{"id":"p:texto-negro:141","n":2,"sc":"#808080"},"geometry":{"type":"LineString","coordinates":[[3773.3,3438.6],[3795.8,3380.5],[3817.9,3438.1]]}},{"type":"Feature","properties":{"id":"p:texto-negro:142","n":1,"sc":"#808080"},"geometry":{"type":"LineString","coordinates":[[3781.9,3418.9],[3809.8,3418.4]]}},{"type":"Feature","properties":{"id":"p:texto-negro:143","n":3,"sc":"#808080"},"geometry":{"type":"LineString","coordinates":[[3834.2,3438.1],[3834.7,3380],[3873.1,3438.6],[3873.1,3380]]}},{"type":"Feature","properties":{"id":"p:texto-negro:144","n":1,"sc":"#808080"},"geometry":{"type":"LineString","coordinates":[[3914.9,3380],[3914.4,3438.1]]}},{"type":"Feature","properties":{"id":"p:texto-negro:145","n":1,"sc":"#808080"},"geometry":{"type":"LineString","coordinates":[[3895.2,3380],[3934.6,3380]]}},{"type":"Feature","properties":{"id":"p:texto-negro:146","n":3,"sc":"#808080"},"geometry":{"type":"LineString","coordinates":[[3981.1,3438.6],[3945.1,3438.6],[3944.6,3380.5],[3981.1,3380.5]]}},{"type":"Feature","properties":{"id":"p:texto-negro:147","n":1,"sc":"#808080"},"geometry":{"type":"LineString","coordinates":[[3945.1,3407.8],[3967.2,3408.3]]}},{"type":"Feature","properties":{"id":"p:texto-negro:148","n":3,"sc":"#808080"},"geometry":{"type":"LineString","coordinates":[[3997.9,3438.6],[3997.9,3380.5],[4036.3,3438.6],[4036.3,3380.5]]}},{"type":"Feature","properties":{"id":"p:texto-negro:149","n":17,"sc":"#808080"},"geometry":{"type":"LineString","coordinates":[[4099.7,3393.9],[4097.3,3388.6],[4091.5,3383.4],[4086.2,3380.5],[4075.2,3380.5],[4069.4,3382.9],[4064.2,3388.6],[4061.3,3394.4],[4058.4,3402.6],[4058.4,3416.5],[4061.3,3424.6],[4063.7,3430.4],[4069.9,3435.7],[4075.2,3438.6],[4086.2,3438.6],[4091.5,3435.7],[4097.3,3430.4],[4100.2,3424.6]]}},{"type":"Feature","properties":{"id":"p:texto-negro:150","n":1,"sc":"#808080"},"geometry":{"type":"LineString","coordinates":[[4116.5,3438.1],[4117.0,3380.5]]}},{"type":"Feature","properties":{"id":"p:texto-negro:151","n":1,"sc":"#808080"},"geometry":{"type":"LineString","coordinates":[[4149.6,3380.5],[4172.2,3369.4]]}},{"type":"Feature","properties":{"id":"p:texto-negro:152","n":16,"sc":"#808080"},"geometry":{"type":"LineString","coordinates":[[4155.4,3386.2],[4149.6,3388.6],[4143.8,3394.4],[4139.0,3405.4],[4138.6,3418.9],[4143.8,3430.4],[4150.1,3435.7],[4155.4,3438.6],[4166.4,3438.6],[4171.7,3436.2],[4177.4,3430.4],[4183.2,3419.4],[4182.7,3405.4],[4177.4,3394.4],[4171.7,3388.6],[4166.4,3386.2],[4155.4,3386.2]]}},{"type":"Feature","properties":{"id":"p:texto-negro:153","n":3,"sc":"#808080"},"geometry":{"type":"LineString","coordinates":[[4200,3438.6],[4199.5,3380],[4238.4,3438.6],[4238.4,3381.0]]}},{"type":"Feature","properties":{"id":"p:texto-negro:154","n":19,"sc":"#808080"},"geometry":{"type":"LineString","coordinates":[[4792.8,188.5],[4789.4,183.2],[4784.2,177.4],[4778.9,175.0],[4767.4,176],[4762.1,178.4],[4756.8,184.2],[4754.4,189.9],[4752,198.1],[4752,212],[4754.9,219.7],[4757.8,225.4],[4764,230.7],[4769.3,233.1],[4780.3,233.1],[4785.6,230.2],[4790.9,224.5],[4793.8,218.7],[4793.3,210.6],[4779.8,211.0]]}},{"type":"Feature","properties":{"id":"p:texto-negro:155","n":3,"sc":"#808080"},"geometry":{"type":"LineString","coordinates":[[4846.6,230.7],[4810.6,231.7],[4809.1,174.1],[4845.1,173.1]]}},{"type":"Feature","properties":{"id":"p:texto-negro:156","n":1,"sc":"#808080"},"geometry":{"type":"LineString","coordinates":[[4810.1,201.9],[4831.7,201.4]]}},{"type":"Feature","properties":{"id":"p:texto-negro:157","n":3,"sc":"#808080"},"geometry":{"type":"LineString","coordinates":[[4863.4,230.7],[4861.4,172.6],[4901.8,229.3],[4899.8,171.2]]}},{"type":"Feature","properties":{"id":"p:texto-negro:158","n":3,"sc":"#808080"},"geometry":{"type":"LineString","coordinates":[[4960.3,227.4],[4923.8,228.3],[4921.9,170.2],[4957.9,169.3]]}},{"type":"Feature","properties":{"id":"p:texto-negro:159","n":1,"sc":"#808080"},"geometry":{"type":"LineString","coordinates":[[4922.9,198.1],[4945.0,197.1]]}},{"type":"Feature","properties":{"id":"p:texto-negro:160","n":10,"sc":"#808080"},"geometry":{"type":"LineString","coordinates":[[4976.2,226.9],[4974.7,169.3],[4999.7,167.8],[5007.8,170.2],[5011.2,173.1],[5013.6,178.9],[5014.1,184.2],[5011.2,189.9],[5008.8,192.8],[5000.2,195.7],[4975.7,197.1]]}},{"type":"Feature","properties":{"id":"p:texto-negro:161","n":1,"sc":"#808080"},"geometry":{"type":"LineString","coordinates":[[4995.4,196.2],[5015.0,225.9]]}},{"type":"Feature","properties":{"id":"p:texto-negro:162","n":2,"sc":"#808080"},"geometry":{"type":"LineString","coordinates":[[5034.2,225.0],[5054.9,165.9],[5078.9,224]]}},{"type":"Feature","properties":{"id":"p:texto-negro:163","n":1,"sc":"#808080"},"geometry":{"type":"LineString","coordinates":[[5042.4,205.8],[5070.2,204.8]]}},{"type":"Feature","properties":{"id":"p:texto-negro:164","n":12,"sc":"#808080"},"geometry":{"type":"LineString","coordinates":[[5095.7,223.0],[5093.8,165.0],[5113.0,164.5],[5121.1,166.9],[5127.4,172.2],[5129.8,177.9],[5133.1,186.6],[5133.6,200],[5130.7,208.2],[5128.3,213.9],[5123.0,219.2],[5114.9,223.0],[5095.7,223.0]]}},{"type":"Feature","properties":{"id":"p:texto-negro:165","n":16,"sc":"#808080"},"geometry":{"type":"LineString","coordinates":[[5173.8,161.6],[5165.0,164.2],[5158.0,170.8],[5153.3,180.5],[5151.8,192.2],[5153.9,203.8],[5159.1,213.2],[5166.5,219.5],[5175.4,221.6],[5184.2,219.0],[5191.3,212.4],[5195.9,202.7],[5197.4,191.0],[5195.3,179.4],[5190.2,170.0],[5182.8,163.7],[5173.8,161.6]]}},{"type":"Feature","properties":{"id":"p:texto-negro:166","n":10,"sc":"#808080"},"geometry":{"type":"LineString","coordinates":[[5214.2,219.7],[5212.3,161.1],[5237.8,160.6],[5245.9,163.0],[5248.3,165.9],[5251.2,171.2],[5251.7,177.0],[5249.3,182.2],[5246.4,185.1],[5238.2,188],[5213.3,189.0]]}},{"type":"Feature","properties":{"id":"p:texto-negro:167","n":1,"sc":"#808080"},"geometry":{"type":"LineString","coordinates":[[5233.0,188.5],[5253.1,218.2]]}},{"type":"Feature","properties":{"id":"p:texto-negro:168","n":1,"sc":"#000000"},"geometry":{"type":"LineString","coordinates":[[1142.4,1827.7],[1142.4,1838.2]]}},{"type":"Feature","properties":{"id":"p:texto-negro:169","n":1,"sc":"#000000"},"geometry":{"type":"LineString","coordinates":[[1149.6,1827.7],[1149.6,1838.2]]}},{"type":"Feature","properties":{"id":"p:texto-negro:170","n":1,"sc":"#000000"},"geometry":{"type":"LineString","coordinates":[[1142.4,1833.0],[1149.6,1833.0]]}},{"type":"Feature","properties":{"id":"p:texto-negro:171","n":12,"sc":"#000000"},"geometry":{"type":"LineString","coordinates":[[1153.4,1838.2],[1153.4,1827.7],[1157.3,1827.7],[1158.7,1828.2],[1159.7,1829.1],[1160.2,1830.6],[1160.6,1832],[1160.6,1834.4],[1160.2,1835.8],[1159.7,1836.8],[1158.7,1837.8],[1157.3,1838.2],[1153.4,1838.2]]}},{"type":"Feature","properties":{"id":"p:texto-negro:172","n":10,"sc":"#000000"},"geometry":{"type":"LineString","coordinates":[[1164,1838.2],[1164,1827.7],[1168.8,1827.7],[1170.2,1828.2],[1170.7,1828.6],[1171.2,1830.1],[1171.2,1831.5],[1170.7,1832.5],[1170.2,1833.0],[1168.8,1833.4],[1164,1833.4]]}},{"type":"Feature","properties":{"id":"p:texto-negro:173","n":2,"sc":"#000000"},"geometry":{"type":"LineString","coordinates":[[1174.6,1838.2],[1174.6,1827.7],[1181.3,1827.7]]}},{"type":"Feature","properties":{"id":"p:texto-negro:174","n":1,"sc":"#000000"},"geometry":{"type":"LineString","coordinates":[[1174.6,1833.0],[1178.9,1833.0]]}},{"type":"Feature","properties":{"id":"p:texto-negro:175","n":1,"sc":"#000000"},"geometry":{"type":"LineString","coordinates":[[1174.6,1838.2],[1181.3,1838.2]]}},{"type":"Feature","properties":{"id":"p:texto-negro:176","n":12,"sc":"#000000"},"geometry":{"type":"LineString","coordinates":[[1194.7,1838.2],[1194.7,1827.7],[1198.6,1827.7],[1200,1828.2],[1201.0,1829.6],[1201.4,1830.6],[1201.9,1832],[1201.9,1834.4],[1201.4,1835.8],[1201.0,1836.8],[1200,1837.8],[1198.6,1838.2],[1194.7,1838.2]]}},{"type":"Feature","properties":{"id":"p:texto-negro:177","n":3,"sc":"#000000"},"geometry":{"type":"LineString","coordinates":[[1205.3,1838.2],[1205.3,1827.7],[1212.5,1838.2],[1212.5,1827.7]]}},{"type":"Feature","properties":{"id":"p:texto-negro:178","n":13,"sc":"#000000"},"geometry":{"type":"LineString","coordinates":[[1227.4,1830.6],[1227.4,1830.1],[1227.8,1829.1],[1228.3,1828.2],[1229.3,1827.7],[1231.2,1827.7],[1232.2,1828.2],[1232.6,1829.1],[1233.1,1830.1],[1233.1,1831.0],[1232.6,1832],[1231.7,1833.4],[1226.9,1838.2],[1233.6,1838.2]]}},{"type":"Feature","properties":{"id":"p:texto-negro:179","n":16,"sc":"#000000"},"geometry":{"type":"LineString","coordinates":[[1242.7,1827.7],[1237.9,1827.7],[1237.4,1832.5],[1237.9,1832],[1239.4,1831.5],[1240.8,1831.5],[1242.2,1832],[1243.2,1833.0],[1243.7,1834.4],[1243.7,1835.4],[1243.2,1836.8],[1242.2,1837.8],[1240.8,1838.2],[1239.4,1838.2],[1237.9,1837.8],[1237.4,1837.3],[1237.0,1836.3]]}},{"type":"Feature","properties":{"id":"p:texto-negro:180","n":10,"sc":"#000000"},"geometry":{"type":"LineString","coordinates":[[1258.1,1838.2],[1258.1,1827.7],[1262.4,1827.7],[1263.8,1828.2],[1264.3,1829.1],[1264.8,1830.1],[1264.8,1831.5],[1264.3,1832.5],[1263.8,1833.0],[1262.4,1833.4],[1258.1,1833.4]]}},{"type":"Feature","properties":{"id":"p:texto-negro:181","n":3,"sc":"#000000"},"geometry":{"type":"LineString","coordinates":[[1268.6,1838.7],[1268.6,1827.7],[1275.4,1838.7],[1275.4,1827.7]]}},{"type":"Feature","properties":{"id":"p:texto-negro:182","n":3,"sc":"#000000"},"geometry":{"type":"LineString","coordinates":[[1291.2,1830.1],[1292.2,1829.6],[1293.6,1827.7],[1293.6,1838.7]]}},{"type":"Feature","properties":{"id":"p:texto-negro:183","n":3,"sc":"#000000"},"geometry":{"type":"LineString","coordinates":[[1301.3,1830.1],[1302.2,1829.6],[1303.7,1827.7],[1303.7,1838.7]]}},{"type":"Feature","properties":{"id":"p:texto-negro:184","n":16,"sc":"#000000"},"geometry":{"type":"LineString","coordinates":[[1312.8,1827.7],[1311.4,1828.6],[1310.4,1830.1],[1309.9,1832.5],[1309.9,1833.9],[1310.4,1836.3],[1311.4,1837.8],[1312.8,1838.7],[1313.8,1838.7],[1315.2,1838.2],[1316.6,1836.3],[1317.1,1833.9],[1317.1,1832.5],[1316.6,1830.1],[1315.2,1828.6],[1313.8,1827.7],[1312.8,1827.7]]}},{"type":"Feature","properties":{"id":"p:texto-negro:185","n":2,"sc":"#000000"},"geometry":{"type":"LineString","coordinates":[[1490.9,2115.7],[1494.7,2126.2],[1498.6,2115.7]]}},{"type":"Feature","properties":{"id":"p:texto-negro:186","n":1,"sc":"#000000"},"geometry":{"type":"LineString","coordinates":[[1503.8,2114.2],[1505.8,2113.3]]}},{"type":"Feature","properties":{"id":"p:texto-negro:187","n":2,"sc":"#000000"},"geometry":{"type":"LineString","coordinates":[[1499.5,2126.2],[1503.8,2115.7],[1507.7,2126.2]]}},{"type":"Feature","properties":{"id":"p:texto-negro:188","n":1,"sc":"#000000"},"geometry":{"type":"LineString","coordinates":[[1501.4,2122.4],[1506.2,2122.4]]}},{"type":"Feature","properties":{"id":"p:texto-negro:189","n":2,"sc":"#000000"},"geometry":{"type":"LineString","coordinates":[[1510.6,2115.7],[1510.6,2126.2],[1516.3,2126.2]]}},{"type":"Feature","properties":{"id":"p:texto-negro:190","n":2,"sc":"#000000"},"geometry":{"type":"LineString","coordinates":[[1517.3,2115.7],[1521.6,2126.2],[1525.4,2115.7]]}},{"type":"Feature","properties":{"id":"p:texto-negro:191","n":9,"sc":"#000000"},"geometry":{"type":"LineString","coordinates":[[1527.8,2115.7],[1527.8,2122.9],[1528.3,2124.3],[1529.3,2125.8],[1531.2,2126.2],[1532.2,2126.2],[1533.6,2125.8],[1534.6,2124.3],[1535.0,2122.9],[1535.0,2115.7]]}},{"type":"Feature","properties":{"id":"p:texto-negro:192","n":2,"sc":"#000000"},"geometry":{"type":"LineString","coordinates":[[1538.9,2115.7],[1538.9,2126.2],[1545.1,2126.2]]}},{"type":"Feature","properties":{"id":"p:texto-negro:193","n":2,"sc":"#000000"},"geometry":{"type":"LineString","coordinates":[[1546.1,2126.2],[1550.4,2115.7],[1554.2,2126.2]]}},{"type":"Feature","properties":{"id":"p:texto-negro:194","n":1,"sc":"#000000"},"geometry":{"type":"LineString","coordinates":[[1547.5,2122.4],[1552.8,2122.4]]}},{"type":"Feature","properties":{"id":"p:texto-negro:195","n":12,"sc":"#000000"},"geometry":{"type":"LineString","coordinates":[[1567.2,2126.2],[1567.2,2115.7],[1571.0,2115.7],[1572.5,2116.2],[1573.4,2117.1],[1573.9,2118.1],[1574.4,2119.5],[1574.4,2121.9],[1573.9,2123.4],[1573.4,2124.8],[1572.5,2125.8],[1571.0,2126.2],[1567.2,2126.2]]}},{"type":"Feature","properties":{"id":"p:texto-negro:196","n":2,"sc":"#000000"},"geometry":{"type":"LineString","coordinates":[[1577.8,2126.2],[1577.8,2115.7],[1584.5,2115.7]]}},{"type":"Feature","properties":{"id":"p:texto-negro:197","n":1,"sc":"#000000"},"geometry":{"type":"LineString","coordinates":[[1577.8,2120.5],[1582.1,2120.5]]}},{"type":"Feature","properties":{"id":"p:texto-negro:198","n":1,"sc":"#000000"},"geometry":{"type":"LineString","coordinates":[[1577.8,2126.2],[1584.5,2126.2]]}},{"type":"Feature","properties":{"id":"p:texto-negro:199","n":2,"sc":"#000000"},"geometry":{"type":"LineString","coordinates":[[1596.5,2126.2],[1600.8,2115.7],[1604.6,2126.2]]}},{"type":"Feature","properties":{"id":"p:texto-negro:200","n":1,"sc":"#000000"},"geometry":{"type":"LineString","coordinates":[[1597.9,2122.4],[1603.2,2122.4]]}},{"type":"Feature","properties":{"id":"p:texto-negro:201","n":2,"sc":"#000000"},"geometry":{"type":"LineString","coordinates":[[1607.0,2115.7],[1607.0,2126.2],[1613.3,2126.2]]}},{"type":"Feature","properties":{"id":"p:texto-negro:202","n":1,"sc":"#000000"},"geometry":{"type":"LineString","coordinates":[[1615.7,2115.7],[1615.7,2126.2]]}},{"type":"Feature","properties":{"id":"p:texto-negro:203","n":2,"sc":"#000000"},"geometry":{"type":"LineString","coordinates":[[1618.1,2115.7],[1622.4,2126.2],[1626.2,2115.7]]}},{"type":"Feature","properties":{"id":"p:texto-negro:204","n":1,"sc":"#000000"},"geometry":{"type":"LineString","coordinates":[[1628.6,2115.7],[1628.6,2126.2]]}},{"type":"Feature","properties":{"id":"p:texto-negro:205","n":20,"sc":"#000000"},"geometry":{"type":"LineString","coordinates":[[1635.4,2115.7],[1634.4,2116.2],[1633.4,2117.1],[1633.0,2118.1],[1632.5,2119.5],[1632.5,2121.9],[1633.0,2123.4],[1633.4,2124.8],[1634.4,2125.8],[1635.4,2126.2],[1637.3,2126.2],[1638.2,2125.8],[1639.2,2124.8],[1639.7,2123.4],[1640.6,2121.9],[1640.6,2119.5],[1639.7,2118.1],[1639.2,2117.1],[1638.2,2116.2],[1637.3,2115.7],[1635.4,2115.7]]}},{"type":"Feature","properties":{"id":"p:texto-negro:206","n":19,"sc":"#000000"},"geometry":{"type":"LineString","coordinates":[[1511.5,2133.0],[1510.6,2132],[1509.6,2131.0],[1508.6,2130.6],[1506.7,2130.6],[1505.8,2131.0],[1504.8,2132],[1504.3,2133.0],[1503.8,2134.4],[1503.8,2136.8],[1504.3,2138.7],[1504.8,2139.7],[1505.8,2140.6],[1506.7,2141.1],[1508.6,2141.1],[1509.6,2140.6],[1510.6,2139.7],[1511.5,2138.7],[1511.5,2136.8],[1508.6,2136.8]]}},{"type":"Feature","properties":{"id":"p:texto-negro:207","n":20,"sc":"#000000"},"geometry":{"type":"LineString","coordinates":[[1517.3,2130.6],[1516.3,2131.0],[1515.4,2132],[1514.9,2133.0],[1514.4,2134.4],[1514.4,2136.8],[1514.9,2138.7],[1515.4,2139.7],[1516.3,2140.6],[1517.3,2141.1],[1519.2,2141.1],[1520.2,2140.6],[1521.6,2139.7],[1522.1,2138.7],[1522.6,2136.8],[1522.6,2134.4],[1522.1,2133.0],[1521.6,2132],[1520.2,2131.0],[1519.2,2130.6],[1517.3,2130.6]]}},{"type":"Feature","properties":{"id":"p:texto-negro:208","n":2,"sc":"#000000"},"geometry":{"type":"LineString","coordinates":[[1525.9,2130.6],[1525.9,2141.1],[1532.2,2141.1]]}},{"type":"Feature","properties":{"id":"p:texto-negro:209","n":10,"sc":"#000000"},"geometry":{"type":"LineString","coordinates":[[1534.6,2141.1],[1534.6,2130.6],[1538.9,2130.6],[1540.3,2131.0],[1541.3,2131.5],[1541.8,2132.5],[1541.8,2133.9],[1541.3,2134.9],[1540.3,2135.4],[1538.9,2135.8],[1534.6,2135.8]]}},{"type":"Feature","properties":{"id":"p:texto-negro:210","n":2,"sc":"#000000"},"geometry":{"type":"LineString","coordinates":[[1545.1,2141.1],[1545.1,2130.6],[1551.8,2130.6]]}},{"type":"Feature","properties":{"id":"p:texto-negro:211","n":1,"sc":"#000000"},"geometry":{"type":"LineString","coordinates":[[1545.1,2135.4],[1549.0,2135.4]]}},{"type":"Feature","properties":{"id":"p:texto-negro:212","n":1,"sc":"#000000"},"geometry":{"type":"LineString","coordinates":[[1545.1,2141.1],[1551.8,2141.1]]}},{"type":"Feature","properties":{"id":"p:texto-negro:213","n":12,"sc":"#000000"},"geometry":{"type":"LineString","coordinates":[[1565.3,2141.1],[1565.3,2130.6],[1568.6,2130.6],[1570.1,2131.0],[1571.5,2132],[1572,2133.0],[1572.5,2134.4],[1572.5,2136.8],[1572,2138.7],[1571.5,2139.7],[1570.1,2140.6],[1568.6,2141.1],[1565.3,2141.1]]}},{"type":"Feature","properties":{"id":"p:texto-negro:214","n":2,"sc":"#000000"},"geometry":{"type":"LineString","coordinates":[[1575.8,2141.1],[1575.8,2130.6],[1582.6,2130.6]]}},{"type":"Feature","properties":{"id":"p:texto-negro:215","n":1,"sc":"#000000"},"geometry":{"type":"LineString","coordinates":[[1575.8,2135.4],[1579.7,2135.4]]}},{"type":"Feature","properties":{"id":"p:texto-negro:216","n":1,"sc":"#000000"},"geometry":{"type":"LineString","coordinates":[[1575.8,2141.1],[1582.6,2141.1]]}},{"type":"Feature","properties":{"id":"p:texto-negro:217","n":2,"sc":"#000000"},"geometry":{"type":"LineString","coordinates":[[1594.6,2141.1],[1598.4,2130.6],[1602.7,2141.1]]}},{"type":"Feature","properties":{"id":"p:texto-negro:218","n":1,"sc":"#000000"},"geometry":{"type":"LineString","coordinates":[[1596,2137.8],[1600.8,2137.8]]}},{"type":"Feature","properties":{"id":"p:texto-negro:219","n":10,"sc":"#000000"},"geometry":{"type":"LineString","coordinates":[[1605.1,2141.1],[1605.1,2130.6],[1609.4,2130.6],[1611.4,2131.0],[1611.8,2131.5],[1612.3,2132.5],[1612.3,2133.4],[1611.8,2134.4],[1611.4,2134.9],[1609.4,2135.4],[1605.1,2135.4]]}},{"type":"Feature","properties":{"id":"p:texto-negro:220","n":1,"sc":"#000000"},"geometry":{"type":"LineString","coordinates":[[1608.5,2135.4],[1612.3,2141.1]]}},{"type":"Feature","properties":{"id":"p:texto-negro:221","n":2,"sc":"#000000"},"geometry":{"type":"LineString","coordinates":[[1615.7,2141.1],[1615.7,2130.6],[1622.4,2130.6]]}},{"type":"Feature","properties":{"id":"p:texto-negro:222","n":1,"sc":"#000000"},"geometry":{"type":"LineString","coordinates":[[1615.7,2135.4],[1619.5,2135.4]]}},{"type":"Feature","properties":{"id":"p:texto-negro:223","n":1,"sc":"#000000"},"geometry":{"type":"LineString","coordinates":[[1615.7,2141.1],[1622.4,2141.1]]}},{"type":"Feature","properties":{"id":"p:texto-negro:224","n":1,"sc":"#000000"},"geometry":{"type":"LineString","coordinates":[[1627.2,2130.6],[1627.2,2141.1]]}},{"type":"Feature","properties":{"id":"p:texto-negro:225","n":1,"sc":"#000000"},"geometry":{"type":"LineString","coordinates":[[1623.8,2130.6],[1630.6,2130.6]]}},{"type":"Feature","properties":{"id":"p:texto-negro:226","n":2,"sc":"#000000"},"geometry":{"type":"LineString","coordinates":[[1633.4,2141.1],[1633.4,2130.6],[1639.7,2130.6]]}},{"type":"Feature","properties":{"id":"p:texto-negro:227","n":1,"sc":"#000000"},"geometry":{"type":"LineString","coordinates":[[1633.4,2135.4],[1637.3,2135.4]]}},{"type":"Feature","properties":{"id":"p:texto-negro:228","n":1,"sc":"#000000"},"geometry":{"type":"LineString","coordinates":[[1633.4,2141.1],[1639.7,2141.1]]}},{"type":"Feature","properties":{"id":"p:texto-negro:229","n":1,"sc":"#000000"},"geometry":{"type":"LineString","coordinates":[[1530.2,812.5],[1530.2,823.0]]}},{"type":"Feature","properties":{"id":"p:texto-negro:230","n":1,"sc":"#000000"},"geometry":{"type":"LineString","coordinates":[[1537.0,812.5],[1537.0,823.0]]}},{"type":"Feature","properties":{"id":"p:texto-negro:231","n":1,"sc":"#000000"},"geometry":{"type":"LineString","coordinates":[[1530.2,817.3],[1537.0,817.3]]}},{"type":"Feature","properties":{"id":"p:texto-negro:232","n":12,"sc":"#000000"},"geometry":{"type":"LineString","coordinates":[[1541.3,823.0],[1541.3,812.5],[1544.6,812.5],[1546.1,813.0],[1547.0,813.9],[1547.5,814.9],[1548.5,816.3],[1548.5,819.2],[1547.5,820.6],[1547.0,821.6],[1546.1,822.6],[1544.6,823.0],[1541.3,823.0]]}},{"type":"Feature","properties":{"id":"p:texto-negro:233","n":10,"sc":"#000000"},"geometry":{"type":"LineString","coordinates":[[1551.8,823.0],[1551.8,812.5],[1556.2,812.5],[1557.6,813.0],[1558.6,813.4],[1559.0,814.4],[1559.0,815.8],[1558.6,816.8],[1557.6,817.3],[1556.2,818.2],[1551.8,818.2]]}},{"type":"Feature","properties":{"id":"p:texto-negro:234","n":2,"sc":"#000000"},"geometry":{"type":"LineString","coordinates":[[1562.4,823.0],[1562.4,812.5],[1569.1,812.5]]}},{"type":"Feature","properties":{"id":"p:texto-negro:235","n":1,"sc":"#000000"},"geometry":{"type":"LineString","coordinates":[[1562.4,817.3],[1566.2,817.3]]}},{"type":"Feature","properties":{"id":"p:texto-negro:236","n":1,"sc":"#000000"},"geometry":{"type":"LineString","coordinates":[[1562.4,823.0],[1569.1,823.0]]}},{"type":"Feature","properties":{"id":"p:texto-negro:237","n":12,"sc":"#000000"},"geometry":{"type":"LineString","coordinates":[[1582.6,823.0],[1582.6,812.5],[1585.9,812.5],[1587.4,813.0],[1588.8,813.9],[1589.3,814.9],[1589.8,816.3],[1589.8,819.2],[1589.3,820.6],[1588.8,821.6],[1587.4,822.6],[1585.9,823.0],[1582.6,823.0]]}},{"type":"Feature","properties":{"id":"p:texto-negro:238","n":3,"sc":"#000000"},"geometry":{"type":"LineString","coordinates":[[1593.1,823.0],[1593.1,812.5],[1600.3,823.0],[1600.3,812.5]]}},{"type":"Feature","properties":{"id":"p:texto-negro:239","n":13,"sc":"#000000"},"geometry":{"type":"LineString","coordinates":[[1614.7,814.9],[1614.7,814.4],[1615.2,813.4],[1615.7,813.0],[1616.6,812.5],[1619.0,812.5],[1620,813.0],[1620.5,813.4],[1621.0,814.4],[1621.0,815.4],[1620.5,816.3],[1619.5,818.2],[1614.2,823.0],[1621.4,823.0]]}},{"type":"Feature","properties":{"id":"p:texto-negro:240","n":16,"sc":"#000000"},"geometry":{"type":"LineString","coordinates":[[1630.6,812.5],[1625.3,812.5],[1624.8,817.3],[1625.3,816.3],[1626.7,815.8],[1628.6,815.8],[1630.1,816.3],[1631.0,817.8],[1631.5,819.2],[1631.5,820.2],[1631.0,821.6],[1630.1,822.6],[1628.6,823.0],[1626.7,823.0],[1625.3,822.6],[1624.8,822.1],[1624.3,821.1]]}},{"type":"Feature","properties":{"id":"p:texto-negro:241","n":10,"sc":"#000000"},"geometry":{"type":"LineString","coordinates":[[1645.4,823.0],[1645.4,812.5],[1650.2,812.5],[1651.7,813.0],[1652.2,813.4],[1652.6,814.4],[1652.6,815.8],[1652.2,817.3],[1651.7,817.8],[1650.2,818.2],[1645.4,818.2]]}},{"type":"Feature","properties":{"id":"p:texto-negro:242","n":3,"sc":"#000000"},"geometry":{"type":"LineString","coordinates":[[1656,823.0],[1656,812.5],[1663.2,823.0],[1663.2,812.5]]}},{"type":"Feature","properties":{"id":"p:texto-negro:243","n":3,"sc":"#000000"},"geometry":{"type":"LineString","coordinates":[[1679.0,814.4],[1680,813.9],[1681.4,812.5],[1681.4,823.0]]}},{"type":"Feature","properties":{"id":"p:texto-negro:244","n":16,"sc":"#000000"},"geometry":{"type":"LineString","coordinates":[[1690.6,812.5],[1689.1,813.0],[1687.7,814.4],[1687.2,817.3],[1687.2,818.7],[1687.7,821.1],[1689.1,822.6],[1690.6,823.0],[1691.5,823.0],[1693.0,822.6],[1693.9,821.1],[1694.4,818.7],[1694.4,817.3],[1693.9,814.4],[1693.0,813.0],[1691.5,812.5],[1690.6,812.5]]}},{"type":"Feature","properties":{"id":"p:texto-negro:245","n":2,"sc":"#000000"},"geometry":{"type":"LineString","coordinates":[[4434.7,1472],[4438.6,1482.6],[4442.9,1472]]}},{"type":"Feature","properties":{"id":"p:texto-negro:246","n":2,"sc":"#000000"},"geometry":{"type":"LineString","coordinates":[[4443.8,1482.6],[4447.7,1472],[4452,1482.6]]}},{"type":"Feature","properties":{"id":"p:texto-negro:247","n":1,"sc":"#000000"},"geometry":{"type":"LineString","coordinates":[[4445.3,1479.2],[4450.6,1479.2]]}},{"type":"Feature","properties":{"id":"p:texto-negro:248","n":2,"sc":"#000000"},"geometry":{"type":"LineString","coordinates":[[4454.4,1472],[4454.4,1482.6],[4460.6,1482.6]]}},{"type":"Feature","properties":{"id":"p:texto-negro:249","n":2,"sc":"#000000"},"geometry":{"type":"LineString","coordinates":[[4461.6,1472],[4465.4,1482.6],[4469.3,1472]]}},{"type":"Feature","properties":{"id":"p:texto-negro:250","n":9,"sc":"#000000"},"geometry":{"type":"LineString","coordinates":[[4472.2,1472],[4472.2,1479.7],[4472.6,1481.1],[4473.6,1482.1],[4475.0,1482.6],[4476,1482.6],[4477.4,1482.1],[4478.4,1481.1],[4478.9,1479.7],[4478.9,1472]]}},{"type":"Feature","properties":{"id":"p:texto-negro:251","n":2,"sc":"#000000"},"geometry":{"type":"LineString","coordinates":[[4483.2,1472],[4483.2,1482.6],[4489.0,1482.6]]}},{"type":"Feature","properties":{"id":"p:texto-negro:252","n":2,"sc":"#000000"},"geometry":{"type":"LineString","coordinates":[[4490.4,1482.6],[4494.2,1472],[4498.1,1482.6]]}},{"type":"Feature","properties":{"id":"p:texto-negro:253","n":1,"sc":"#000000"},"geometry":{"type":"LineString","coordinates":[[4491.8,1479.2],[4496.6,1479.2]]}},{"type":"Feature","properties":{"id":"p:texto-negro:254","n":4,"sc":"#000000"},"geometry":{"type":"LineString","coordinates":[[4424.2,1500.3],[4424.2,1489.8],[4428,1500.3],[4432.3,1489.8],[4432.3,1500.3]]}},{"type":"Feature","properties":{"id":"p:texto-negro:255","n":2,"sc":"#000000"},"geometry":{"type":"LineString","coordinates":[[4434.7,1500.3],[4438.6,1489.8],[4442.9,1500.3]]}},{"type":"Feature","properties":{"id":"p:texto-negro:256","n":1,"sc":"#000000"},"geometry":{"type":"LineString","coordinates":[[4436.2,1497.0],[4441.4,1497.0]]}},{"type":"Feature","properties":{"id":"p:texto-negro:257","n":10,"sc":"#000000"},"geometry":{"type":"LineString","coordinates":[[4445.3,1500.3],[4445.3,1489.8],[4449.6,1489.8],[4451.5,1490.2],[4452,1490.7],[4452.5,1491.7],[4452.5,1492.6],[4452,1493.6],[4451.5,1494.1],[4449.6,1495.0],[4445.3,1495.0]]}},{"type":"Feature","properties":{"id":"p:texto-negro:258","n":1,"sc":"#000000"},"geometry":{"type":"LineString","coordinates":[[4448.6,1495.0],[4452.5,1500.3]]}},{"type":"Feature","properties":{"id":"p:texto-negro:259","n":1,"sc":"#000000"},"geometry":{"type":"LineString","coordinates":[[4455.8,1489.8],[4455.8,1500.3]]}},{"type":"Feature","properties":{"id":"p:texto-negro:260","n":10,"sc":"#000000"},"geometry":{"type":"LineString","coordinates":[[4459.7,1500.3],[4459.7,1489.8],[4464.5,1489.8],[4465.9,1490.2],[4466.4,1490.7],[4466.9,1491.7],[4466.9,1493.1],[4466.4,1494.6],[4465.9,1495.0],[4464.5,1495.5],[4459.7,1495.5]]}},{"type":"Feature","properties":{"id":"p:texto-negro:261","n":20,"sc":"#000000"},"geometry":{"type":"LineString","coordinates":[[4473.1,1489.8],[4472.2,1490.2],[4471.2,1491.2],[4470.7,1492.2],[4469.8,1493.6],[4469.8,1496.5],[4470.7,1497.9],[4471.2,1498.9],[4472.2,1499.8],[4473.1,1500.3],[4475.0,1500.3],[4476,1499.8],[4477.0,1498.9],[4477.4,1497.9],[4477.9,1496.5],[4477.9,1493.6],[4477.4,1492.2],[4477.0,1491.2],[4476,1490.2],[4475.0,1489.8],[4473.1,1489.8]]}},{"type":"Feature","properties":{"id":"p:texto-negro:262","n":19,"sc":"#000000"},"geometry":{"type":"LineString","coordinates":[[4488,1491.2],[4487.0,1490.2],[4485.6,1489.8],[4483.7,1489.8],[4482.2,1490.2],[4481.3,1491.2],[4481.3,1492.2],[4481.8,1493.1],[4482.2,1493.6],[4483.2,1494.6],[4486.1,1495.5],[4487.0,1496],[4487.5,1496.5],[4488,1497.4],[4488,1498.9],[4487.0,1499.8],[4485.6,1500.3],[4483.7,1500.3],[4482.2,1499.8],[4481.3,1498.9]]}},{"type":"Feature","properties":{"id":"p:texto-negro:263","n":2,"sc":"#000000"},"geometry":{"type":"LineString","coordinates":[[4489.9,1500.3],[4494.2,1489.8],[4498.1,1500.3]]}},{"type":"Feature","properties":{"id":"p:texto-negro:264","n":1,"sc":"#000000"},"geometry":{"type":"LineString","coordinates":[[4491.8,1497.0],[4496.6,1497.0]]}},{"type":"Feature","properties":{"id":"p:texto-negro:265","n":2,"sc":"#000000"},"geometry":{"type":"LineString","coordinates":[[4532.2,1416.8],[4501.9,1484.5],[4422.7,1484.5]]}},{"type":"Feature","properties":{"id":"p:texto-negro:266","n":2,"sc":"#000000"},"geometry":{"type":"LineString","coordinates":[[3352.8,1966.4],[3356.6,1977.0],[3361.0,1966.4]]}},{"type":"Feature","properties":{"id":"p:texto-negro:267","n":2,"sc":"#000000"},"geometry":{"type":"LineString","coordinates":[[3361.9,1977.0],[3365.8,1966.4],[3370.1,1977.0]]}},{"type":"Feature","properties":{"id":"p:texto-negro:268","n":1,"sc":"#000000"},"geometry":{"type":"LineString","coordinates":[[3363.4,1973.6],[3368.6,1973.6]]}},{"type":"Feature","properties":{"id":"p:texto-negro:269","n":2,"sc":"#000000"},"geometry":{"type":"LineString","coordinates":[[3372.5,1966.4],[3372.5,1977.0],[3378.7,1977.0]]}},{"type":"Feature","properties":{"id":"p:texto-negro:270","n":2,"sc":"#000000"},"geometry":{"type":"LineString","coordinates":[[3379.7,1966.4],[3383.5,1977.0],[3387.8,1966.4]]}},{"type":"Feature","properties":{"id":"p:texto-negro:271","n":9,"sc":"#000000"},"geometry":{"type":"LineString","coordinates":[[3390.2,1966.4],[3390.2,1974.1],[3390.7,1975.5],[3391.7,1976.5],[3393.1,1977.0],[3394.1,1977.0],[3395.5,1976.5],[3396.5,1975.5],[3397.0,1974.1],[3397.0,1966.4]]}},{"type":"Feature","properties":{"id":"p:texto-negro:272","n":2,"sc":"#000000"},"geometry":{"type":"LineString","coordinates":[[3401.3,1966.4],[3401.3,1977.0],[3407.0,1977.0]]}},{"type":"Feature","properties":{"id":"p:texto-negro:273","n":2,"sc":"#000000"},"geometry":{"type":"LineString","coordinates":[[3408.5,1977.0],[3412.3,1966.4],[3416.2,1977.0]]}},{"type":"Feature","properties":{"id":"p:texto-negro:274","n":1,"sc":"#000000"},"geometry":{"type":"LineString","coordinates":[[3409.9,1973.6],[3414.7,1973.6]]}},{"type":"Feature","properties":{"id":"p:texto-negro:275","n":12,"sc":"#000000"},"geometry":{"type":"LineString","coordinates":[[3429.6,1977.0],[3429.6,1966.4],[3433.0,1966.4],[3434.4,1966.9],[3435.4,1967.8],[3435.8,1969.3],[3436.3,1970.7],[3436.3,1973.1],[3435.8,1974.6],[3435.4,1975.5],[3434.4,1976.5],[3433.0,1977.0],[3429.6,1977.0]]}},{"type":"Feature","properties":{"id":"p:texto-negro:276","n":2,"sc":"#000000"},"geometry":{"type":"LineString","coordinates":[[3440.2,1977.0],[3440.2,1966.4],[3446.4,1966.4]]}},{"type":"Feature","properties":{"id":"p:texto-negro:277","n":1,"sc":"#000000"},"geometry":{"type":"LineString","coordinates":[[3440.2,1971.7],[3444,1971.7]]}},{"type":"Feature","properties":{"id":"p:texto-negro:278","n":1,"sc":"#000000"},"geometry":{"type":"LineString","coordinates":[[3440.2,1977.0],[3446.4,1977.0]]}},{"type":"Feature","properties":{"id":"p:texto-negro:279","n":2,"sc":"#000000"},"geometry":{"type":"LineString","coordinates":[[3458.9,1977.0],[3462.7,1966.4],[3466.6,1977.0]]}},{"type":"Feature","properties":{"id":"p:texto-negro:280","n":1,"sc":"#000000"},"geometry":{"type":"LineString","coordinates":[[3460.3,1973.6],[3465.1,1973.6]]}},{"type":"Feature","properties":{"id":"p:texto-negro:281","n":2,"sc":"#000000"},"geometry":{"type":"LineString","coordinates":[[3469.4,1966.4],[3469.4,1977.0],[3475.2,1977.0]]}},{"type":"Feature","properties":{"id":"p:texto-negro:282","n":1,"sc":"#000000"},"geometry":{"type":"LineString","coordinates":[[3478.1,1966.4],[3478.1,1977.0]]}},{"type":"Feature","properties":{"id":"p:texto-negro:283","n":2,"sc":"#000000"},"geometry":{"type":"LineString","coordinates":[[3480.5,1966.4],[3484.3,1977.0],[3488.6,1966.4]]}},{"type":"Feature","properties":{"id":"p:texto-negro:284","n":1,"sc":"#000000"},"geometry":{"type":"LineString","coordinates":[[3491.0,1966.4],[3491.0,1977.0]]}},{"type":"Feature","properties":{"id":"p:texto-negro:285","n":20,"sc":"#000000"},"geometry":{"type":"LineString","coordinates":[[3497.8,1966.4],[3496.3,1966.9],[3495.4,1968.3],[3494.9,1969.3],[3494.4,1970.7],[3494.4,1973.1],[3494.9,1974.6],[3495.4,1975.5],[3496.3,1976.5],[3497.8,1977.0],[3499.7,1977.0],[3500.6,1976.5],[3501.6,1975.5],[3502.1,1974.6],[3502.6,1973.1],[3502.6,1970.7],[3502.1,1969.3],[3501.6,1968.3],[3500.6,1966.9],[3499.7,1966.4],[3497.8,1966.4]]}},{"type":"Feature","properties":{"id":"p:texto-negro:286","n":2,"sc":"#000000"},"geometry":{"type":"LineString","coordinates":[[3320.6,2043.7],[3352.8,1978.9],[3513.1,1978.9]]}},{"type":"Feature","properties":{"id":"p:texto-negro:287","n":1,"sc":"#000000"},"geometry":{"type":"LineString","coordinates":[[5064,641.1],[5064,651.7]]}},{"type":"Feature","properties":{"id":"p:texto-negro:288","n":1,"sc":"#000000"},"geometry":{"type":"LineString","coordinates":[[5070.7,641.1],[5070.7,651.7]]}},{"type":"Feature","properties":{"id":"p:texto-negro:289","n":1,"sc":"#000000"},"geometry":{"type":"LineString","coordinates":[[5064,646.4],[5070.7,646.4]]}},{"type":"Feature","properties":{"id":"p:texto-negro:290","n":12,"sc":"#000000"},"geometry":{"type":"LineString","coordinates":[[5075.0,651.7],[5075.0,641.1],[5078.4,641.1],[5079.8,641.6],[5080.8,642.6],[5081.3,643.5],[5081.8,645.0],[5081.8,647.8],[5081.3,649.3],[5080.8,650.2],[5079.8,651.2],[5078.4,651.7],[5075.0,651.7]]}},{"type":"Feature","properties":{"id":"p:texto-negro:291","n":10,"sc":"#000000"},"geometry":{"type":"LineString","coordinates":[[5085.6,651.7],[5085.6,641.1],[5089.9,641.1],[5091.4,641.6],[5091.8,642.1],[5092.3,643.0],[5092.3,644.5],[5091.8,645.9],[5091.4,646.4],[5089.9,646.9],[5085.6,646.9]]}},{"type":"Feature","properties":{"id":"p:texto-negro:292","n":2,"sc":"#000000"},"geometry":{"type":"LineString","coordinates":[[5096.2,651.7],[5096.2,641.1],[5102.4,641.1]]}},{"type":"Feature","properties":{"id":"p:texto-negro:293","n":1,"sc":"#000000"},"geometry":{"type":"LineString","coordinates":[[5096.2,646.4],[5100,646.4]]}},{"type":"Feature","properties":{"id":"p:texto-negro:294","n":1,"sc":"#000000"},"geometry":{"type":"LineString","coordinates":[[5096.2,651.7],[5102.4,651.7]]}},{"type":"Feature","properties":{"id":"p:texto-negro:295","n":12,"sc":"#000000"},"geometry":{"type":"LineString","coordinates":[[5116.3,651.7],[5116.3,641.1],[5119.7,641.1],[5121.1,641.6],[5122.1,642.6],[5122.6,643.5],[5123.0,645.4],[5123.0,647.8],[5122.6,649.3],[5122.1,650.2],[5121.1,651.2],[5119.7,651.7],[5116.3,651.7]]}},{"type":"Feature","properties":{"id":"p:texto-negro:296","n":3,"sc":"#000000"},"geometry":{"type":"LineString","coordinates":[[5126.9,651.7],[5126.9,641.1],[5134.1,651.7],[5134.1,641.1]]}},{"type":"Feature","properties":{"id":"p:texto-negro:297","n":13,"sc":"#000000"},"geometry":{"type":"LineString","coordinates":[[5148.5,643.5],[5148.5,643.0],[5149.0,642.1],[5149.4,641.6],[5150.4,641.1],[5152.3,641.1],[5153.8,641.6],[5154.2,642.1],[5154.7,643.0],[5154.7,644],[5154.2,645.4],[5152.8,646.9],[5148,651.7],[5155.2,651.7]]}},{"type":"Feature","properties":{"id":"p:texto-negro:298","n":16,"sc":"#000000"},"geometry":{"type":"LineString","coordinates":[[5164.3,641.1],[5159.0,641.1],[5158.6,645.9],[5159.0,645.4],[5160.5,645.0],[5161.9,645.0],[5163.8,645.4],[5164.8,646.4],[5165.3,647.8],[5165.3,648.8],[5164.8,650.2],[5163.8,651.2],[5161.9,651.7],[5160.5,651.7],[5159.0,651.2],[5158.6,650.7],[5158.1,649.8]]}},{"type":"Feature","properties":{"id":"p:texto-negro:299","n":10,"sc":"#000000"},"geometry":{"type":"LineString","coordinates":[[5179.2,651.7],[5179.2,641.1],[5184,641.1],[5185.4,641.6],[5185.9,642.1],[5186.4,643.0],[5186.4,645.0],[5185.9,645.9],[5185.4,646.4],[5184,646.9],[5179.2,646.9]]}},{"type":"Feature","properties":{"id":"p:texto-negro:300","n":3,"sc":"#000000"},"geometry":{"type":"LineString","coordinates":[[5189.8,651.7],[5189.8,641.1],[5197.0,651.7],[5197.0,641.1]]}},{"type":"Feature","properties":{"id":"p:texto-negro:301","n":3,"sc":"#000000"},"geometry":{"type":"LineString","coordinates":[[5212.3,643.0],[5213.8,642.6],[5215.2,641.1],[5215.2,651.7]]}},{"type":"Feature","properties":{"id":"p:texto-negro:302","n":16,"sc":"#000000"},"geometry":{"type":"LineString","coordinates":[[5224.3,641.1],[5222.4,641.6],[5221.4,643.0],[5221.0,645.9],[5221.0,647.4],[5221.4,649.8],[5222.4,651.2],[5224.3,651.7],[5225.3,651.7],[5226.7,651.2],[5227.7,649.8],[5228.2,647.4],[5228.2,645.9],[5227.7,643.0],[5226.7,641.6],[5225.3,641.1],[5224.3,641.1]]}},{"type":"Feature","properties":{"id":"p:texto-negro:303","n":2,"sc":"#000000"},"geometry":{"type":"LineString","coordinates":[[5276.6,695.8],[5237.3,653.6],[5047.2,653.6]]}},{"type":"Feature","properties":{"id":"p:texto-negro:304","n":1,"sc":"#000000"},"geometry":{"type":"LineString","coordinates":[[5484,2040.8],[5484,2051.4]]}},{"type":"Feature","properties":{"id":"p:texto-negro:305","n":1,"sc":"#000000"},"geometry":{"type":"LineString","coordinates":[[5491.2,2040.8],[5491.2,2051.4]]}},{"type":"Feature","properties":{"id":"p:texto-negro:306","n":1,"sc":"#000000"},"geometry":{"type":"LineString","coordinates":[[5484,2046.1],[5491.2,2046.1]]}},{"type":"Feature","properties":{"id":"p:texto-negro:307","n":12,"sc":"#000000"},"geometry":{"type":"LineString","coordinates":[[5495.0,2051.4],[5495.0,2040.8],[5498.9,2040.8],[5500.3,2041.3],[5501.3,2042.2],[5501.8,2043.2],[5502.2,2045.1],[5502.2,2047.5],[5501.8,2049.0],[5501.3,2049.9],[5500.3,2050.9],[5498.9,2051.4],[5495.0,2051.4]]}},{"type":"Feature","properties":{"id":"p:texto-negro:308","n":10,"sc":"#000000"},"geometry":{"type":"LineString","coordinates":[[5505.6,2051.4],[5505.6,2040.8],[5510.4,2040.8],[5511.8,2041.3],[5512.3,2041.8],[5512.8,2042.7],[5512.8,2044.6],[5512.3,2045.6],[5511.8,2046.1],[5510.4,2046.6],[5505.6,2046.6]]}},{"type":"Feature","properties":{"id":"p:texto-negro:309","n":2,"sc":"#000000"},"geometry":{"type":"LineString","coordinates":[[5516.6,2051.4],[5516.6,2040.8],[5522.9,2040.8]]}},{"type":"Feature","properties":{"id":"p:texto-negro:310","n":1,"sc":"#000000"},"geometry":{"type":"LineString","coordinates":[[5516.6,2046.1],[5520.5,2046.1]]}},{"type":"Feature","properties":{"id":"p:texto-negro:311","n":1,"sc":"#000000"},"geometry":{"type":"LineString","coordinates":[[5516.6,2051.4],[5522.9,2051.4]]}},{"type":"Feature","properties":{"id":"p:texto-negro:312","n":12,"sc":"#000000"},"geometry":{"type":"LineString","coordinates":[[5536.8,2051.4],[5536.8,2040.8],[5540.2,2040.8],[5541.6,2041.3],[5542.6,2042.2],[5543.0,2043.7],[5543.5,2045.1],[5543.5,2047.5],[5543.0,2049.0],[5542.6,2049.9],[5541.6,2050.9],[5540.2,2051.4],[5536.8,2051.4]]}},{"type":"Feature","properties":{"id":"p:texto-negro:313","n":3,"sc":"#000000"},"geometry":{"type":"LineString","coordinates":[[5547.4,2051.4],[5547.4,2040.8],[5554.1,2051.4],[5554.1,2040.8]]}},{"type":"Feature","properties":{"id":"p:texto-negro:314","n":13,"sc":"#000000"},"geometry":{"type":"LineString","coordinates":[[5569.0,2043.7],[5569.0,2043.2],[5569.4,2041.8],[5569.9,2041.3],[5570.9,2040.8],[5572.8,2040.8],[5573.8,2041.3],[5574.2,2041.8],[5574.7,2043.2],[5574.7,2044.2],[5574.2,2045.1],[5573.3,2046.6],[5568.5,2051.4],[5575.2,2051.4]]}},{"type":"Feature","properties":{"id":"p:texto-negro:315","n":16,"sc":"#000000"},"geometry":{"type":"LineString","coordinates":[[5584.3,2040.8],[5579.5,2040.8],[5579.0,2045.6],[5579.5,2045.1],[5581.0,2044.6],[5582.4,2044.6],[5583.8,2045.1],[5584.8,2046.1],[5585.3,2047.5],[5585.3,2048.5],[5584.8,2049.9],[5583.8,2050.9],[5582.4,2051.4],[5581.0,2051.4],[5579.5,2050.9],[5579.0,2050.4],[5578.6,2049.4]]}},{"type":"Feature","properties":{"id":"p:texto-negro:316","n":10,"sc":"#000000"},"geometry":{"type":"LineString","coordinates":[[5599.7,2051.4],[5599.7,2040.8],[5604,2040.8],[5605.4,2041.3],[5605.9,2041.8],[5606.9,2043.2],[5606.9,2044.6],[5605.9,2045.6],[5605.4,2046.1],[5604,2046.6],[5599.7,2046.6]]}},{"type":"Feature","properties":{"id":"p:texto-negro:317","n":3,"sc":"#000000"},"geometry":{"type":"LineString","coordinates":[[5610.2,2051.4],[5610.2,2040.8],[5617.4,2051.4],[5617.4,2040.8]]}},{"type":"Feature","properties":{"id":"p:texto-negro:318","n":3,"sc":"#000000"},"geometry":{"type":"LineString","coordinates":[[5632.8,2043.2],[5633.8,2042.7],[5635.2,2040.8],[5635.2,2051.4]]}},{"type":"Feature","properties":{"id":"p:texto-negro:319","n":16,"sc":"#000000"},"geometry":{"type":"LineString","coordinates":[[5644.3,2040.8],[5642.9,2041.3],[5641.9,2043.2],[5641.4,2045.6],[5641.4,2047.0],[5641.9,2049.4],[5642.9,2050.9],[5644.3,2051.4],[5645.3,2051.4],[5647.2,2050.9],[5648.2,2049.4],[5648.6,2047.0],[5648.6,2045.6],[5648.2,2043.2],[5647.2,2041.3],[5645.3,2040.8],[5644.3,2040.8]]}},{"type":"Feature","properties":{"id":"p:texto-negro:320","n":12,"sc":"#000000"},"geometry":{"type":"LineString","coordinates":[[2438.9,3252.8],[2438.9,3242.2],[2442.7,3242.2],[2444.2,3242.7],[2445.1,3243.7],[2445.6,3244.6],[2446.1,3246.1],[2446.1,3249.0],[2445.6,3250.4],[2445.1,3251.4],[2444.2,3252.3],[2442.7,3252.8],[2438.9,3252.8]]}},{"type":"Feature","properties":{"id":"p:texto-negro:321","n":2,"sc":"#000000"},"geometry":{"type":"LineString","coordinates":[[2449.4,3252.8],[2449.4,3242.2],[2456.2,3242.2]]}},{"type":"Feature","properties":{"id":"p:texto-negro:322","n":1,"sc":"#000000"},"geometry":{"type":"LineString","coordinates":[[2449.4,3247.0],[2453.8,3247.0]]}},{"type":"Feature","properties":{"id":"p:texto-negro:323","n":1,"sc":"#000000"},"geometry":{"type":"LineString","coordinates":[[2449.4,3252.8],[2456.2,3252.8]]}},{"type":"Feature","properties":{"id":"p:texto-negro:324","n":19,"sc":"#000000"},"geometry":{"type":"LineString","coordinates":[[2465.8,3243.7],[2464.8,3242.7],[2463.4,3242.2],[2461.4,3242.2],[2459.5,3242.7],[2458.6,3243.7],[2458.6,3244.6],[2459.0,3245.6],[2459.5,3246.1],[2460.5,3246.6],[2463.8,3247.5],[2464.8,3248.5],[2465.3,3249.0],[2465.8,3249.9],[2465.8,3251.4],[2464.8,3252.3],[2463.4,3252.8],[2461.4,3252.8],[2459.5,3252.3],[2458.6,3251.4]]}},{"type":"Feature","properties":{"id":"p:texto-negro:325","n":12,"sc":"#000000"},"geometry":{"type":"LineString","coordinates":[[2469.1,3252.8],[2469.1,3242.2],[2473.0,3242.2],[2474.4,3242.7],[2475.4,3243.7],[2475.8,3244.6],[2476.3,3246.1],[2476.3,3249.0],[2475.8,3250.4],[2475.4,3251.4],[2474.4,3252.3],[2473.0,3252.8],[2469.1,3252.8]]}},{"type":"Feature","properties":{"id":"p:texto-negro:326","n":2,"sc":"#000000"},"geometry":{"type":"LineString","coordinates":[[2479.7,3252.8],[2479.7,3242.2],[2486.4,3242.2]]}},{"type":"Feature","properties":{"id":"p:texto-negro:327","n":1,"sc":"#000000"},"geometry":{"type":"LineString","coordinates":[[2479.7,3247.0],[2484,3247.0]]}},{"type":"Feature","properties":{"id":"p:texto-negro:328","n":1,"sc":"#000000"},"geometry":{"type":"LineString","coordinates":[[2479.7,3252.8],[2486.4,3252.8]]}},{"type":"Feature","properties":{"id":"p:texto-negro:329","n":2,"sc":"#000000"},"geometry":{"type":"LineString","coordinates":[[2498.4,3252.8],[2502.7,3242.2],[2506.6,3252.8]]}},{"type":"Feature","properties":{"id":"p:texto-negro:330","n":1,"sc":"#000000"},"geometry":{"type":"LineString","coordinates":[[2499.8,3249.4],[2505.1,3249.4]]}},{"type":"Feature","properties":{"id":"p:texto-negro:331","n":19,"sc":"#000000"},"geometry":{"type":"LineString","coordinates":[[2516.2,3244.6],[2515.7,3243.7],[2514.7,3242.7],[2513.8,3242.2],[2511.8,3242.2],[2510.4,3242.7],[2509.4,3243.7],[2509.0,3244.6],[2508.5,3246.1],[2508.5,3249.0],[2509.0,3250.4],[2509.4,3251.4],[2510.4,3252.3],[2511.8,3252.8],[2513.8,3252.8],[2514.7,3252.3],[2515.7,3251.4],[2516.2,3250.4],[2516.2,3249.0],[2513.8,3249.0]]}},{"type":"Feature","properties":{"id":"p:texto-negro:332","n":9,"sc":"#000000"},"geometry":{"type":"LineString","coordinates":[[2519.5,3242.2],[2519.5,3249.9],[2520,3251.4],[2521.4,3252.3],[2522.9,3252.8],[2523.8,3252.8],[2525.3,3252.3],[2526.2,3251.4],[2526.7,3249.9],[2526.7,3242.2]]}},{"type":"Feature","properties":{"id":"p:texto-negro:333","n":2,"sc":"#000000"},"geometry":{"type":"LineString","coordinates":[[2529.1,3252.8],[2533.4,3242.2],[2537.3,3252.8]]}},{"type":"Feature","properties":{"id":"p:texto-negro:334","n":1,"sc":"#000000"},"geometry":{"type":"LineString","coordinates":[[2530.6,3249.4],[2535.8,3249.4]]}},{"type":"Feature","properties":{"id":"p:texto-negro:335","n":12,"sc":"#000000"},"geometry":{"type":"LineString","coordinates":[[2550.2,3252.8],[2550.2,3242.2],[2554.1,3242.2],[2555.5,3242.7],[2556.5,3243.7],[2557.0,3244.6],[2557.4,3246.1],[2557.4,3249.0],[2557.0,3250.4],[2556.5,3251.4],[2555.5,3252.3],[2554.1,3252.8],[2550.2,3252.8]]}},{"type":"Feature","properties":{"id":"p:texto-negro:336","n":9,"sc":"#000000"},"geometry":{"type":"LineString","coordinates":[[2561.3,3242.2],[2560.8,3249.9],[2561.8,3251.4],[2562.7,3252.3],[2564.2,3252.8],[2565.1,3252.8],[2566.6,3252.3],[2567.5,3251.4],[2568,3249.9],[2568,3242.2]]}},{"type":"Feature","properties":{"id":"p:texto-negro:337","n":2,"sc":"#000000"},"geometry":{"type":"LineString","coordinates":[[2572.3,3242.2],[2572.3,3252.8],[2578.1,3252.8]]}},{"type":"Feature","properties":{"id":"p:texto-negro:338","n":17,"sc":"#000000"},"geometry":{"type":"LineString","coordinates":[[2587.7,3244.6],[2587.2,3243.7],[2586.2,3242.7],[2585.3,3242.2],[2583.4,3242.2],[2582.4,3242.7],[2581.4,3243.7],[2580.5,3244.6],[2580,3246.1],[2580,3249.0],[2580.5,3250.4],[2581.4,3251.4],[2582.4,3252.3],[2583.4,3252.8],[2585.3,3252.8],[2586.2,3252.3],[2587.2,3251.4],[2587.7,3250.4]]}},{"type":"Feature","properties":{"id":"p:texto-negro:339","n":2,"sc":"#000000"},"geometry":{"type":"LineString","coordinates":[[2591.5,3252.8],[2591.5,3242.2],[2597.8,3242.2]]}},{"type":"Feature","properties":{"id":"p:texto-negro:340","n":1,"sc":"#000000"},"geometry":{"type":"LineString","coordinates":[[2591.5,3247.5],[2595.4,3247.5]]}},{"type":"Feature","properties":{"id":"p:texto-negro:341","n":1,"sc":"#000000"},"geometry":{"type":"LineString","coordinates":[[2591.5,3252.8],[2597.8,3252.8]]}},{"type":"Feature","properties":{"id":"p:texto-negro:342","n":12,"sc":"#000000"},"geometry":{"type":"LineString","coordinates":[[2444.6,3180.8],[2444.6,3170.2],[2448,3170.2],[2449.4,3170.7],[2450.4,3172.2],[2450.9,3173.1],[2451.8,3174.6],[2451.8,3177.0],[2450.9,3178.4],[2450.4,3179.4],[2449.4,3180.3],[2448,3180.8],[2444.6,3180.8]]}},{"type":"Feature","properties":{"id":"p:texto-negro:343","n":2,"sc":"#000000"},"geometry":{"type":"LineString","coordinates":[[2455.2,3180.8],[2455.2,3170.2],[2461.9,3170.2]]}},{"type":"Feature","properties":{"id":"p:texto-negro:344","n":1,"sc":"#000000"},"geometry":{"type":"LineString","coordinates":[[2455.2,3175.5],[2459.0,3175.5]]}},{"type":"Feature","properties":{"id":"p:texto-negro:345","n":1,"sc":"#000000"},"geometry":{"type":"LineString","coordinates":[[2455.2,3180.8],[2461.9,3180.8]]}},{"type":"Feature","properties":{"id":"p:texto-negro:346","n":19,"sc":"#000000"},"geometry":{"type":"LineString","coordinates":[[2471.0,3172.2],[2470.1,3170.7],[2468.6,3170.2],[2466.7,3170.2],[2465.3,3170.7],[2464.3,3172.2],[2464.3,3173.1],[2464.8,3174.1],[2465.3,3174.6],[2466.2,3175.0],[2469.1,3176],[2470.1,3176.5],[2470.6,3177.0],[2471.0,3177.9],[2471.0,3179.4],[2470.1,3180.3],[2468.6,3180.8],[2466.7,3180.8],[2465.3,3180.3],[2464.3,3179.4]]}},{"type":"Feature","properties":{"id":"p:texto-negro:347","n":12,"sc":"#000000"},"geometry":{"type":"LineString","coordinates":[[2474.9,3180.8],[2474.9,3170.2],[2478.2,3170.2],[2479.7,3170.7],[2480.6,3172.2],[2481.1,3173.1],[2482.1,3174.6],[2482.1,3177.0],[2481.1,3178.4],[2480.6,3179.4],[2479.7,3180.3],[2478.2,3180.8],[2474.9,3180.8]]}},{"type":"Feature","properties":{"id":"p:texto-negro:348","n":2,"sc":"#000000"},"geometry":{"type":"LineString","coordinates":[[2485.4,3180.8],[2485.4,3170.2],[2492.2,3170.2]]}},{"type":"Feature","properties":{"id":"p:texto-negro:349","n":1,"sc":"#000000"},"geometry":{"type":"LineString","coordinates":[[2485.4,3175.5],[2489.3,3175.5]]}},{"type":"Feature","properties":{"id":"p:texto-negro:350","n":1,"sc":"#000000"},"geometry":{"type":"LineString","coordinates":[[2485.4,3180.8],[2492.2,3180.8]]}},{"type":"Feature","properties":{"id":"p:texto-negro:351","n":2,"sc":"#000000"},"geometry":{"type":"LineString","coordinates":[[2504.2,3180.8],[2508,3170.2],[2512.3,3180.8]]}},{"type":"Feature","properties":{"id":"p:texto-negro:352","n":1,"sc":"#000000"},"geometry":{"type":"LineString","coordinates":[[2505.6,3177.4],[2510.4,3177.4]]}},{"type":"Feature","properties":{"id":"p:texto-negro:353","n":19,"sc":"#000000"},"geometry":{"type":"LineString","coordinates":[[2521.9,3173.1],[2521.0,3172.2],[2520,3170.7],[2519.0,3170.2],[2517.1,3170.2],[2516.2,3170.7],[2515.2,3172.2],[2514.7,3173.1],[2514.2,3174.6],[2514.2,3177.0],[2514.7,3178.4],[2515.2,3179.4],[2516.2,3180.3],[2517.1,3180.8],[2519.0,3180.8],[2520,3180.3],[2521.0,3179.4],[2521.9,3178.4],[2521.9,3177.0],[2519.0,3177.0]]}},{"type":"Feature","properties":{"id":"p:texto-negro:354","n":9,"sc":"#000000"},"geometry":{"type":"LineString","coordinates":[[2525.3,3170.2],[2525.3,3177.9],[2525.8,3179.4],[2526.7,3180.3],[2528.2,3181.3],[2529.1,3181.3],[2530.6,3180.3],[2532,3179.4],[2532.5,3177.9],[2532.5,3170.2]]}},{"type":"Feature","properties":{"id":"p:texto-negro:355","n":2,"sc":"#000000"},"geometry":{"type":"LineString","coordinates":[[2534.9,3181.3],[2538.7,3170.2],[2543.0,3181.3]]}},{"type":"Feature","properties":{"id":"p:texto-negro:356","n":1,"sc":"#000000"},"geometry":{"type":"LineString","coordinates":[[2536.3,3177.4],[2541.1,3177.4]]}},{"type":"Feature","properties":{"id":"p:texto-negro:357","n":19,"sc":"#000000"},"geometry":{"type":"LineString","coordinates":[[2562.7,3172.2],[2561.3,3171.2],[2559.8,3170.2],[2557.9,3170.2],[2556.5,3171.2],[2555.5,3172.2],[2555.5,3173.1],[2556,3174.1],[2556.5,3174.6],[2557.4,3175.0],[2560.3,3176],[2561.3,3176.5],[2562.2,3177.0],[2562.7,3177.9],[2562.7,3179.4],[2561.3,3180.3],[2559.8,3181.3],[2557.9,3181.3],[2556.5,3180.3],[2555.5,3179.4]]}},{"type":"Feature","properties":{"id":"p:texto-negro:358","n":2,"sc":"#000000"},"geometry":{"type":"LineString","coordinates":[[2564.6,3181.3],[2568.5,3170.2],[2572.8,3181.3]]}},{"type":"Feature","properties":{"id":"p:texto-negro:359","n":1,"sc":"#000000"},"geometry":{"type":"LineString","coordinates":[[2566.1,3177.4],[2570.9,3177.4]]}},{"type":"Feature","properties":{"id":"p:texto-negro:360","n":2,"sc":"#000000"},"geometry":{"type":"LineString","coordinates":[[2575.2,3170.2],[2575.2,3181.3],[2581.0,3181.3]]}},{"type":"Feature","properties":{"id":"p:texto-negro:361","n":2,"sc":"#000000"},"geometry":{"type":"LineString","coordinates":[[2582.4,3181.3],[2586.2,3170.7],[2590.1,3181.3]]}},{"type":"Feature","properties":{"id":"p:texto-negro:362","n":1,"sc":"#000000"},"geometry":{"type":"LineString","coordinates":[[2583.8,3177.4],[2588.6,3177.4]]}},{"type":"Feature","properties":{"id":"p:texto-negro:363","n":12,"sc":"#000000"},"geometry":{"type":"LineString","coordinates":[[2593.0,3181.3],[2593.0,3170.7],[2596.3,3170.7],[2597.8,3171.2],[2598.7,3172.2],[2599.2,3173.1],[2599.7,3174.6],[2599.7,3177.0],[2599.2,3178.4],[2598.7,3179.4],[2597.8,3180.8],[2596.3,3181.3],[2593.0,3181.3]]}},{"type":"Feature","properties":{"id":"p:texto-negro:364","n":2,"sc":"#000000"},"geometry":{"type":"LineString","coordinates":[[2602.1,3181.3],[2605.9,3170.7],[2609.8,3181.3]]}},{"type":"Feature","properties":{"id":"p:texto-negro:365","n":1,"sc":"#000000"},"geometry":{"type":"LineString","coordinates":[[2603.5,3177.4],[2608.3,3177.4]]}},{"type":"Feature","properties":{"id":"p:texto-negro:366","n":1,"sc":"#000000"},"geometry":{"type":"LineString","coordinates":[[2083.7,1663.5],[2094.2,1663.5]]}},{"type":"Feature","properties":{"id":"p:texto-negro:367","n":1,"sc":"#000000"},"geometry":{"type":"LineString","coordinates":[[2083.7,1656.3],[2094.2,1656.3]]}},{"type":"Feature","properties":{"id":"p:texto-negro:368","n":1,"sc":"#000000"},"geometry":{"type":"LineString","coordinates":[[2088.5,1663.5],[2088.5,1656.3]]}},{"type":"Feature","properties":{"id":"p:texto-negro:369","n":12,"sc":"#000000"},"geometry":{"type":"LineString","coordinates":[[2094.2,1652.5],[2083.7,1652.5],[2083.7,1648.6],[2084.2,1647.2],[2085.1,1646.2],[2086.1,1645.8],[2087.5,1645.3],[2090.4,1645.3],[2091.8,1645.8],[2092.8,1646.2],[2093.8,1647.2],[2094.2,1648.6],[2094.2,1652.5]]}},{"type":"Feature","properties":{"id":"p:texto-negro:370","n":10,"sc":"#000000"},"geometry":{"type":"LineString","coordinates":[[2094.2,1641.9],[2083.7,1641.9],[2083.7,1637.1],[2084.2,1635.7],[2084.6,1635.2],[2085.6,1634.7],[2087.0,1634.7],[2088,1635.2],[2088.5,1635.7],[2089.0,1637.1],[2089.0,1641.9]]}},{"type":"Feature","properties":{"id":"p:texto-negro:371","n":2,"sc":"#000000"},"geometry":{"type":"LineString","coordinates":[[2094.2,1631.4],[2083.7,1631.4],[2083.7,1624.6]]}},{"type":"Feature","properties":{"id":"p:texto-negro:372","n":1,"sc":"#000000"},"geometry":{"type":"LineString","coordinates":[[2088.5,1631.4],[2088.5,1627.0]]}},{"type":"Feature","properties":{"id":"p:texto-negro:373","n":1,"sc":"#000000"},"geometry":{"type":"LineString","coordinates":[[2094.2,1631.4],[2094.2,1624.6]]}},{"type":"Feature","properties":{"id":"p:texto-negro:374","n":12,"sc":"#000000"},"geometry":{"type":"LineString","coordinates":[[2094.2,1611.2],[2083.7,1611.2],[2083.7,1607.4],[2084.2,1605.9],[2085.1,1605.0],[2086.1,1604.5],[2087.5,1604],[2090.4,1604],[2091.8,1604.5],[2092.8,1605.0],[2093.8,1605.9],[2094.2,1607.4],[2094.2,1611.2]]}},{"type":"Feature","properties":{"id":"p:texto-negro:375","n":3,"sc":"#000000"},"geometry":{"type":"LineString","coordinates":[[2094.2,1600.6],[2083.7,1600.6],[2094.2,1593.4],[2083.7,1593.4]]}},{"type":"Feature","properties":{"id":"p:texto-negro:376","n":13,"sc":"#000000"},"geometry":{"type":"LineString","coordinates":[[2086.1,1578.6],[2085.6,1578.6],[2084.6,1578.1],[2084.2,1577.6],[2083.7,1576.6],[2083.7,1574.7],[2084.2,1573.8],[2084.6,1573.3],[2085.6,1572.8],[2086.6,1572.8],[2087.5,1573.3],[2089.0,1574.2],[2094.2,1579.0],[2094.2,1572.3]]}},{"type":"Feature","properties":{"id":"p:texto-negro:377","n":16,"sc":"#000000"},"geometry":{"type":"LineString","coordinates":[[2083.7,1563.2],[2083.7,1568],[2088,1568.5],[2087.5,1568],[2087.0,1566.6],[2087.0,1565.1],[2087.5,1563.7],[2088.5,1562.7],[2090.4,1562.2],[2091.4,1562.2],[2092.8,1562.7],[2093.8,1563.7],[2094.2,1565.1],[2094.2,1566.6],[2093.8,1568],[2093.3,1568.5],[2092.3,1569.0]]}},{"type":"Feature","properties":{"id":"p:texto-negro:378","n":10,"sc":"#000000"},"geometry":{"type":"LineString","coordinates":[[2094.2,1547.8],[2083.7,1547.8],[2083.7,1543.5],[2084.2,1542.1],[2084.6,1541.6],[2085.6,1541.1],[2087.0,1541.1],[2088,1541.6],[2088.5,1542.1],[2089.4,1543.5],[2089.4,1547.8]]}},{"type":"Feature","properties":{"id":"p:texto-negro:379","n":3,"sc":"#000000"},"geometry":{"type":"LineString","coordinates":[[2094.2,1537.3],[2083.7,1537.3],[2094.2,1530.6],[2083.7,1530.6]]}},{"type":"Feature","properties":{"id":"p:texto-negro:380","n":3,"sc":"#000000"},"geometry":{"type":"LineString","coordinates":[[2085.6,1514.7],[2085.1,1513.8],[2083.7,1512.3],[2094.2,1512.3]]}},{"type":"Feature","properties":{"id":"p:texto-negro:381","n":16,"sc":"#000000"},"geometry":{"type":"LineString","coordinates":[[2083.7,1503.2],[2084.2,1504.6],[2085.6,1505.6],[2088,1506.1],[2089.9,1506.1],[2092.3,1505.6],[2093.8,1504.6],[2094.2,1503.2],[2094.2,1502.2],[2093.8,1500.8],[2092.3,1499.8],[2089.9,1498.9],[2088,1498.9],[2085.6,1499.8],[2084.2,1500.8],[2083.7,1502.2],[2083.7,1503.2]]}},{"type":"Feature","properties":{"id":"p:texto-negro:382","n":1,"sc":"#000000"},"geometry":{"type":"LineString","coordinates":[[2247.4,2422.9],[2257.9,2422.9]]}},{"type":"Feature","properties":{"id":"p:texto-negro:383","n":1,"sc":"#000000"},"geometry":{"type":"LineString","coordinates":[[2247.4,2415.7],[2257.9,2415.7]]}},{"type":"Feature","properties":{"id":"p:texto-negro:384","n":1,"sc":"#000000"},"geometry":{"type":"LineString","coordinates":[[2252.6,2422.9],[2252.6,2415.7]]}},{"type":"Feature","properties":{"id":"p:texto-negro:385","n":12,"sc":"#000000"},"geometry":{"type":"LineString","coordinates":[[2257.9,2411.8],[2247.4,2411.8],[2247.4,2408],[2247.8,2406.6],[2248.8,2405.6],[2249.8,2405.1],[2251.7,2404.6],[2254.1,2404.6],[2255.5,2405.1],[2256.5,2405.6],[2257.4,2406.6],[2257.9,2408],[2257.9,2411.8]]}},{"type":"Feature","properties":{"id":"p:texto-negro:386","n":10,"sc":"#000000"},"geometry":{"type":"LineString","coordinates":[[2257.9,2401.3],[2247.4,2401.3],[2247.4,2396.5],[2247.8,2395.0],[2248.3,2394.6],[2249.3,2394.1],[2251.2,2394.1],[2252.2,2394.6],[2252.6,2395.0],[2253.1,2396.5],[2253.1,2401.3]]}},{"type":"Feature","properties":{"id":"p:texto-negro:387","n":2,"sc":"#000000"},"geometry":{"type":"LineString","coordinates":[[2257.9,2390.7],[2247.4,2390.7],[2247.4,2384]]}},{"type":"Feature","properties":{"id":"p:texto-negro:388","n":1,"sc":"#000000"},"geometry":{"type":"LineString","coordinates":[[2252.6,2390.7],[2252.6,2386.4]]}},{"type":"Feature","properties":{"id":"p:texto-negro:389","n":1,"sc":"#000000"},"geometry":{"type":"LineString","coordinates":[[2257.9,2390.7],[2257.9,2384]]}},{"type":"Feature","properties":{"id":"p:texto-negro:390","n":12,"sc":"#000000"},"geometry":{"type":"LineString","coordinates":[[2257.9,2370.6],[2247.4,2370.6],[2247.4,2366.7],[2247.8,2365.3],[2248.8,2364.3],[2249.8,2363.8],[2251.7,2363.4],[2254.1,2363.4],[2255.5,2363.8],[2256.5,2364.3],[2257.4,2365.3],[2257.9,2366.7],[2257.9,2370.6]]}},{"type":"Feature","properties":{"id":"p:texto-negro:391","n":3,"sc":"#000000"},"geometry":{"type":"LineString","coordinates":[[2257.9,2360],[2247.4,2360],[2257.9,2352.8],[2247.4,2352.8]]}},{"type":"Feature","properties":{"id":"p:texto-negro:392","n":13,"sc":"#000000"},"geometry":{"type":"LineString","coordinates":[[2249.8,2337.9],[2249.3,2337.9],[2248.3,2337.4],[2247.8,2337.0],[2247.4,2336],[2247.4,2334.1],[2247.8,2333.1],[2248.3,2332.6],[2249.3,2332.2],[2250.7,2332.2],[2251.7,2332.6],[2253.1,2333.6],[2257.9,2338.4],[2257.9,2331.7]]}},{"type":"Feature","properties":{"id":"p:texto-negro:393","n":16,"sc":"#000000"},"geometry":{"type":"LineString","coordinates":[[2247.4,2322.6],[2247.4,2327.4],[2252.2,2327.8],[2251.7,2327.4],[2251.2,2325.9],[2251.2,2324.5],[2251.7,2323.0],[2252.6,2322.1],[2254.1,2321.6],[2255.0,2321.6],[2256.5,2322.1],[2257.4,2323.0],[2257.9,2324.5],[2257.9,2325.9],[2257.4,2327.4],[2257.0,2327.8],[2256,2328.3]]}},{"type":"Feature","properties":{"id":"p:texto-negro:394","n":10,"sc":"#000000"},"geometry":{"type":"LineString","coordinates":[[2257.9,2307.2],[2247.4,2307.2],[2247.4,2302.9],[2247.8,2301.4],[2248.3,2301.0],[2249.3,2300.5],[2251.2,2300.5],[2252.2,2301.0],[2252.6,2301.4],[2253.1,2302.9],[2253.1,2307.2]]}},{"type":"Feature","properties":{"id":"p:texto-negro:395","n":3,"sc":"#000000"},"geometry":{"type":"LineString","coordinates":[[2257.9,2296.6],[2247.4,2296.6],[2257.9,2289.9],[2247.4,2289.9]]}},{"type":"Feature","properties":{"id":"p:texto-negro:396","n":3,"sc":"#000000"},"geometry":{"type":"LineString","coordinates":[[2249.3,2274.1],[2248.8,2273.1],[2247.4,2271.7],[2257.9,2271.7]]}},{"type":"Feature","properties":{"id":"p:texto-negro:397","n":16,"sc":"#000000"},"geometry":{"type":"LineString","coordinates":[[2247.4,2262.6],[2247.8,2264],[2249.3,2265.0],[2252.2,2265.4],[2253.6,2265.4],[2256,2265.0],[2257.4,2264],[2257.9,2262.6],[2257.9,2261.6],[2257.4,2260.2],[2256,2259.2],[2253.6,2258.2],[2252.2,2258.2],[2249.8,2259.2],[2247.8,2260.2],[2247.4,2261.6],[2247.4,2262.6]]}},{"type":"Feature","properties":{"id":"p:texto-negro:398","n":1,"sc":"#000000"},"geometry":{"type":"LineString","coordinates":[[2833.0,2310.6],[2833.0,2321.6]]}},{"type":"Feature","properties":{"id":"p:texto-negro:399","n":1,"sc":"#000000"},"geometry":{"type":"LineString","coordinates":[[2839.7,2310.6],[2839.7,2321.6]]}},{"type":"Feature","properties":{"id":"p:texto-negro:400","n":1,"sc":"#000000"},"geometry":{"type":"LineString","coordinates":[[2833.0,2315.8],[2839.7,2315.8]]}},{"type":"Feature","properties":{"id":"p:texto-negro:401","n":12,"sc":"#000000"},"geometry":{"type":"LineString","coordinates":[[2844,2321.6],[2844,2310.6],[2847.4,2310.6],[2848.8,2311.5],[2849.8,2312.5],[2850.2,2313.4],[2851.2,2314.9],[2851.2,2317.3],[2850.2,2318.7],[2849.8,2319.7],[2848.8,2320.6],[2847.4,2321.6],[2844,2321.6]]}},{"type":"Feature","properties":{"id":"p:texto-negro:402","n":10,"sc":"#000000"},"geometry":{"type":"LineString","coordinates":[[2854.6,2321.6],[2854.6,2310.6],[2858.9,2310.6],[2860.3,2311.5],[2861.3,2312],[2861.8,2313.0],[2861.8,2314.4],[2861.3,2315.4],[2860.3,2315.8],[2858.9,2316.3],[2854.6,2316.3]]}},{"type":"Feature","properties":{"id":"p:texto-negro:403","n":2,"sc":"#000000"},"geometry":{"type":"LineString","coordinates":[[2865.1,2321.6],[2865.1,2311.0],[2871.8,2311.0]]}},{"type":"Feature","properties":{"id":"p:texto-negro:404","n":1,"sc":"#000000"},"geometry":{"type":"LineString","coordinates":[[2865.1,2315.8],[2869.0,2315.8]]}},{"type":"Feature","properties":{"id":"p:texto-negro:405","n":1,"sc":"#000000"},"geometry":{"type":"LineString","coordinates":[[2865.1,2321.6],[2871.8,2321.6]]}},{"type":"Feature","properties":{"id":"p:texto-negro:406","n":12,"sc":"#000000"},"geometry":{"type":"LineString","coordinates":[[2885.3,2321.6],[2885.3,2311.0],[2888.6,2311.0],[2890.1,2311.5],[2891.5,2312.5],[2892,2313.4],[2892.5,2314.9],[2892.5,2317.3],[2892,2318.7],[2891.5,2319.7],[2890.1,2321.1],[2888.6,2321.6],[2885.3,2321.6]]}},{"type":"Feature","properties":{"id":"p:texto-negro:407","n":3,"sc":"#000000"},"geometry":{"type":"LineString","coordinates":[[2895.8,2321.6],[2895.8,2311.0],[2903.0,2321.6],[2903.0,2311.0]]}},{"type":"Feature","properties":{"id":"p:texto-negro:408","n":13,"sc":"#000000"},"geometry":{"type":"LineString","coordinates":[[2917.4,2313.4],[2917.4,2313.0],[2917.9,2312],[2918.4,2311.5],[2919.4,2311.0],[2921.8,2311.0],[2922.7,2311.5],[2923.2,2312],[2923.7,2313.0],[2923.7,2313.9],[2923.2,2314.9],[2922.2,2316.3],[2917.0,2321.6],[2924.2,2321.6]]}},{"type":"Feature","properties":{"id":"p:texto-negro:409","n":16,"sc":"#000000"},"geometry":{"type":"LineString","coordinates":[[2933.3,2311.0],[2928,2311.0],[2927.5,2315.4],[2928,2314.9],[2929.4,2314.4],[2931.4,2314.4],[2932.8,2314.9],[2933.8,2315.8],[2934.2,2317.3],[2934.2,2318.2],[2933.8,2319.7],[2932.8,2321.1],[2931.4,2321.6],[2929.4,2321.6],[2928,2321.1],[2927.5,2320.6],[2927.0,2319.2]]}},{"type":"Feature","properties":{"id":"p:texto-negro:410","n":10,"sc":"#000000"},"geometry":{"type":"LineString","coordinates":[[2948.2,2321.6],[2948.2,2311.0],[2953.0,2311.0],[2954.4,2311.5],[2954.9,2312],[2955.4,2313.0],[2955.4,2314.4],[2954.9,2315.4],[2954.4,2315.8],[2953.0,2316.3],[2948.2,2316.3]]}},{"type":"Feature","properties":{"id":"p:texto-negro:411","n":3,"sc":"#000000"},"geometry":{"type":"LineString","coordinates":[[2958.7,2321.6],[2958.7,2311.0],[2965.9,2321.6],[2965.9,2311.0]]}},{"type":"Feature","properties":{"id":"p:texto-negro:412","n":3,"sc":"#000000"},"geometry":{"type":"LineString","coordinates":[[2981.8,2313.0],[2982.7,2312.5],[2984.2,2311.0],[2984.2,2321.6]]}},{"type":"Feature","properties":{"id":"p:texto-negro:413","n":16,"sc":"#000000"},"geometry":{"type":"LineString","coordinates":[[2993.3,2311.0],[2991.8,2311.5],[2990.4,2313.0],[2989.9,2315.4],[2989.9,2316.8],[2990.4,2319.2],[2991.8,2321.1],[2993.3,2321.6],[2994.2,2321.6],[2995.7,2321.1],[2996.6,2319.7],[2997.1,2316.8],[2997.1,2315.4],[2996.6,2313.0],[2995.7,2311.5],[2994.2,2311.0],[2993.3,2311.0]]}},{"type":"Feature","properties":{"id":"p:texto-negro:414","n":2,"sc":"#000000"},"geometry":{"type":"LineString","coordinates":[[2735.5,2169.0],[2816.2,2323.0],[3006.2,2323.0]]}},{"type":"Feature","properties":{"id":"p:texto-negro:415","n":1,"sc":"#000000"},"geometry":{"type":"LineString","coordinates":[[3039.8,2320.2],[3039.8,2330.7]]}},{"type":"Feature","properties":{"id":"p:texto-negro:416","n":1,"sc":"#000000"},"geometry":{"type":"LineString","coordinates":[[3046.6,2320.2],[3046.6,2330.7]]}},{"type":"Feature","properties":{"id":"p:texto-negro:417","n":1,"sc":"#000000"},"geometry":{"type":"LineString","coordinates":[[3039.8,2325.0],[3046.6,2325.0]]}},{"type":"Feature","properties":{"id":"p:texto-negro:418","n":12,"sc":"#000000"},"geometry":{"type":"LineString","coordinates":[[3050.9,2330.7],[3050.9,2320.2],[3054.2,2320.2],[3055.7,2320.6],[3056.6,2321.6],[3057.6,2322.6],[3058.1,2324],[3058.1,2326.9],[3057.6,2328.3],[3056.6,2329.3],[3055.7,2330.2],[3054.2,2330.7],[3050.9,2330.7]]}},{"type":"Feature","properties":{"id":"p:texto-negro:419","n":10,"sc":"#000000"},"geometry":{"type":"LineString","coordinates":[[3061.4,2330.7],[3061.4,2320.2],[3065.8,2320.2],[3067.7,2320.6],[3068.2,2321.1],[3068.6,2322.1],[3068.6,2323.5],[3068.2,2324.5],[3067.7,2325.0],[3065.8,2325.9],[3061.4,2325.9]]}},{"type":"Feature","properties":{"id":"p:texto-negro:420","n":2,"sc":"#000000"},"geometry":{"type":"LineString","coordinates":[[3072,2330.7],[3072,2320.2],[3078.7,2320.2]]}},{"type":"Feature","properties":{"id":"p:texto-negro:421","n":1,"sc":"#000000"},"geometry":{"type":"LineString","coordinates":[[3072,2325.0],[3075.8,2325.0]]}},{"type":"Feature","properties":{"id":"p:texto-negro:422","n":1,"sc":"#000000"},"geometry":{"type":"LineString","coordinates":[[3072,2330.7],[3078.7,2330.7]]}},{"type":"Feature","properties":{"id":"p:texto-negro:423","n":12,"sc":"#000000"},"geometry":{"type":"LineString","coordinates":[[3092.2,2330.7],[3092.2,2320.2],[3095.5,2320.2],[3097.4,2320.6],[3098.4,2321.6],[3098.9,2322.6],[3099.4,2324],[3099.4,2326.9],[3098.9,2328.3],[3098.4,2329.3],[3097.4,2330.2],[3095.5,2330.7],[3092.2,2330.7]]}},{"type":"Feature","properties":{"id":"p:texto-negro:424","n":3,"sc":"#000000"},"geometry":{"type":"LineString","coordinates":[[3102.7,2330.7],[3102.7,2320.2],[3109.9,2330.7],[3109.9,2320.2]]}},{"type":"Feature","properties":{"id":"p:texto-negro:425","n":13,"sc":"#000000"},"geometry":{"type":"LineString","coordinates":[[3124.3,2322.6],[3124.3,2322.1],[3124.8,2321.1],[3125.3,2320.6],[3126.2,2320.2],[3128.6,2320.2],[3129.6,2320.6],[3130.1,2321.1],[3130.6,2322.1],[3130.6,2323.0],[3130.1,2324],[3129.1,2325.9],[3123.8,2330.7],[3131.0,2330.7]]}},{"type":"Feature","properties":{"id":"p:texto-negro:426","n":16,"sc":"#000000"},"geometry":{"type":"LineString","coordinates":[[3140.2,2320.2],[3134.9,2320.2],[3134.4,2324.5],[3134.9,2324],[3136.3,2323.5],[3138.2,2323.5],[3139.7,2324],[3140.6,2325.4],[3141.1,2326.9],[3141.1,2327.8],[3140.6,2329.3],[3139.7,2330.2],[3138.2,2330.7],[3136.3,2330.7],[3134.9,2330.2],[3134.4,2329.8],[3133.9,2328.8]]}},{"type":"Feature","properties":{"id":"p:texto-negro:427","n":10,"sc":"#000000"},"geometry":{"type":"LineString","coordinates":[[3155.0,2330.7],[3155.0,2320.2],[3159.8,2320.2],[3161.3,2320.6],[3161.8,2321.1],[3162.2,2322.1],[3162.2,2323.5],[3161.8,2325.0],[3161.3,2325.4],[3159.8,2325.9],[3155.0,2325.9]]}},{"type":"Feature","properties":{"id":"p:texto-negro:428","n":3,"sc":"#000000"},"geometry":{"type":"LineString","coordinates":[[3165.6,2330.7],[3165.6,2320.2],[3172.8,2330.7],[3172.8,2320.2]]}},{"type":"Feature","properties":{"id":"p:texto-negro:429","n":3,"sc":"#000000"},"geometry":{"type":"LineString","coordinates":[[3188.6,2322.1],[3189.6,2321.6],[3191.0,2320.2],[3191.0,2330.7]]}},{"type":"Feature","properties":{"id":"p:texto-negro:430","n":16,"sc":"#000000"},"geometry":{"type":"LineString","coordinates":[[3200.2,2320.2],[3198.7,2320.6],[3197.8,2322.1],[3196.8,2325.0],[3196.8,2326.4],[3197.8,2328.8],[3198.7,2330.2],[3200.2,2330.7],[3201.1,2330.7],[3202.6,2330.2],[3203.5,2328.8],[3204,2326.4],[3204,2325.0],[3203.5,2322.1],[3202.6,2320.6],[3201.1,2320.2],[3200.2,2320.2]]}},{"type":"Feature","properties":{"id":"p:texto-negro:431","n":2,"sc":"#000000"},"geometry":{"type":"LineString","coordinates":[[3240,2366.7],[3213.1,2332.6],[3023.0,2332.6]]}},{"type":"Feature","properties":{"id":"p:texto-negro:432","n":1,"sc":"#000000"},"geometry":{"type":"LineString","coordinates":[[3385.0,2363.4],[3395.5,2363.4]]}},{"type":"Feature","properties":{"id":"p:texto-negro:433","n":1,"sc":"#000000"},"geometry":{"type":"LineString","coordinates":[[3385.0,2356.2],[3395.5,2356.2]]}},{"type":"Feature","properties":{"id":"p:texto-negro:434","n":1,"sc":"#000000"},"geometry":{"type":"LineString","coordinates":[[3390.2,2363.4],[3390.2,2356.2]]}},{"type":"Feature","properties":{"id":"p:texto-negro:435","n":12,"sc":"#000000"},"geometry":{"type":"LineString","coordinates":[[3395.5,2351.8],[3385.0,2351.8],[3385.0,2348.5],[3385.4,2347.0],[3386.4,2346.1],[3387.8,2345.6],[3389.3,2345.1],[3391.7,2345.1],[3393.1,2345.6],[3394.1,2346.1],[3395.0,2347.0],[3395.5,2348.5],[3395.5,2351.8]]}},{"type":"Feature","properties":{"id":"p:texto-negro:436","n":10,"sc":"#000000"},"geometry":{"type":"LineString","coordinates":[[3395.5,2341.3],[3385.0,2341.3],[3385.0,2337.0],[3385.4,2335.5],[3385.9,2335.0],[3387.4,2334.6],[3388.8,2334.6],[3389.8,2335.0],[3390.2,2335.5],[3390.7,2337.0],[3390.7,2341.3]]}},{"type":"Feature","properties":{"id":"p:texto-negro:437","n":2,"sc":"#000000"},"geometry":{"type":"LineString","coordinates":[[3395.5,2330.7],[3385.0,2330.7],[3385.0,2324.5]]}},{"type":"Feature","properties":{"id":"p:texto-negro:438","n":1,"sc":"#000000"},"geometry":{"type":"LineString","coordinates":[[3390.2,2330.7],[3390.2,2326.9]]}},{"type":"Feature","properties":{"id":"p:texto-negro:439","n":1,"sc":"#000000"},"geometry":{"type":"LineString","coordinates":[[3395.5,2330.7],[3395.5,2324.5]]}},{"type":"Feature","properties":{"id":"p:texto-negro:440","n":12,"sc":"#000000"},"geometry":{"type":"LineString","coordinates":[[3395.5,2310.6],[3385.0,2310.6],[3385.0,2307.2],[3385.4,2305.8],[3386.9,2304.8],[3387.8,2304.3],[3389.3,2303.8],[3391.7,2303.8],[3393.1,2304.3],[3394.1,2304.8],[3395.0,2305.8],[3395.5,2307.2],[3395.5,2310.6]]}},{"type":"Feature","properties":{"id":"p:texto-negro:441","n":3,"sc":"#000000"},"geometry":{"type":"LineString","coordinates":[[3395.5,2300],[3385.0,2300],[3395.5,2293.3],[3385.0,2293.3]]}},{"type":"Feature","properties":{"id":"p:texto-negro:442","n":13,"sc":"#000000"},"geometry":{"type":"LineString","coordinates":[[3387.8,2278.4],[3387.4,2278.4],[3386.4,2277.9],[3385.4,2277.4],[3385.0,2276.5],[3385.0,2274.6],[3385.4,2273.6],[3386.4,2273.1],[3387.4,2272.2],[3388.3,2272.2],[3389.3,2273.1],[3390.7,2274.1],[3395.5,2278.9],[3395.5,2271.7]]}},{"type":"Feature","properties":{"id":"p:texto-negro:443","n":16,"sc":"#000000"},"geometry":{"type":"LineString","coordinates":[[3385.0,2263.0],[3385.0,2267.8],[3389.8,2268.3],[3389.3,2267.8],[3388.8,2266.4],[3388.8,2265.0],[3389.3,2263.5],[3390.2,2262.1],[3391.7,2261.6],[3392.6,2261.6],[3394.1,2262.1],[3395.0,2263.5],[3395.5,2265.0],[3395.5,2266.4],[3395.0,2267.8],[3394.6,2268.3],[3393.6,2268.8]]}},{"type":"Feature","properties":{"id":"p:texto-negro:444","n":10,"sc":"#000000"},"geometry":{"type":"LineString","coordinates":[[3396,2247.7],[3385.0,2247.7],[3385.0,2243.4],[3385.9,2241.4],[3386.4,2241.0],[3387.4,2240.5],[3388.8,2240.5],[3389.8,2241.0],[3390.2,2241.4],[3390.7,2243.4],[3390.7,2247.7]]}},{"type":"Feature","properties":{"id":"p:texto-negro:445","n":3,"sc":"#000000"},"geometry":{"type":"LineString","coordinates":[[3396,2237.1],[3385.0,2237.1],[3396,2229.9],[3385.0,2229.9]]}},{"type":"Feature","properties":{"id":"p:texto-negro:446","n":3,"sc":"#000000"},"geometry":{"type":"LineString","coordinates":[[3387.4,2214.6],[3386.9,2213.6],[3385.0,2211.7],[3396,2211.7]]}},{"type":"Feature","properties":{"id":"p:texto-negro:447","n":16,"sc":"#000000"},"geometry":{"type":"LineString","coordinates":[[3385.4,2203.0],[3385.9,2204.5],[3387.4,2205.4],[3389.8,2205.9],[3391.2,2205.9],[3393.6,2205.4],[3395.5,2204.5],[3396,2203.0],[3396,2201.6],[3395.5,2200.2],[3393.6,2199.2],[3391.2,2198.7],[3389.8,2198.7],[3387.4,2199.2],[3385.9,2200.2],[3385.4,2201.6],[3385.4,2203.0]]}},{"type":"Feature","properties":{"id":"p:texto-negro:448","n":1,"sc":"#000000"},"geometry":{"type":"LineString","coordinates":[[1967.5,2050.4],[1978.1,2050.4]]}},{"type":"Feature","properties":{"id":"p:texto-negro:449","n":1,"sc":"#000000"},"geometry":{"type":"LineString","coordinates":[[1967.5,2043.7],[1978.1,2043.7]]}},{"type":"Feature","properties":{"id":"p:texto-negro:450","n":1,"sc":"#000000"},"geometry":{"type":"LineString","coordinates":[[1972.8,2050.4],[1972.8,2043.7]]}},{"type":"Feature","properties":{"id":"p:texto-negro:451","n":12,"sc":"#000000"},"geometry":{"type":"LineString","coordinates":[[1978.1,2039.4],[1967.5,2039.4],[1967.5,2036],[1968,2034.6],[1969.4,2033.6],[1970.4,2032.6],[1971.8,2032.2],[1974.2,2032.2],[1975.7,2032.6],[1976.6,2033.6],[1977.6,2034.6],[1978.1,2036],[1978.1,2039.4]]}},{"type":"Feature","properties":{"id":"p:texto-negro:452","n":10,"sc":"#000000"},"geometry":{"type":"LineString","coordinates":[[1978.1,2028.8],[1967.5,2028.8],[1967.5,2024.5],[1968,2022.6],[1968.5,2022.1],[1969.9,2021.6],[1971.4,2021.6],[1972.3,2022.1],[1972.8,2022.6],[1973.3,2024.5],[1973.3,2028.8]]}},{"type":"Feature","properties":{"id":"p:texto-negro:453","n":2,"sc":"#000000"},"geometry":{"type":"LineString","coordinates":[[1978.1,2018.2],[1967.5,2018.2],[1967.5,2011.5]]}},{"type":"Feature","properties":{"id":"p:texto-negro:454","n":1,"sc":"#000000"},"geometry":{"type":"LineString","coordinates":[[1972.8,2018.2],[1972.8,2014.4]]}},{"type":"Feature","properties":{"id":"p:texto-negro:455","n":1,"sc":"#000000"},"geometry":{"type":"LineString","coordinates":[[1978.1,2018.2],[1978.1,2011.5]]}},{"type":"Feature","properties":{"id":"p:texto-negro:456","n":12,"sc":"#000000"},"geometry":{"type":"LineString","coordinates":[[1978.1,1998.1],[1967.5,1998.1],[1967.5,1994.7],[1968,1993.3],[1969.4,1991.8],[1970.4,1991.4],[1971.8,1990.9],[1974.2,1990.9],[1975.7,1991.4],[1976.6,1991.8],[1977.6,1993.3],[1978.1,1994.7],[1978.1,1998.1]]}},{"type":"Feature","properties":{"id":"p:texto-negro:457","n":3,"sc":"#000000"},"geometry":{"type":"LineString","coordinates":[[1978.1,1987.5],[1967.5,1987.5],[1978.1,1980.3],[1967.5,1980.3]]}},{"type":"Feature","properties":{"id":"p:texto-negro:458","n":13,"sc":"#000000"},"geometry":{"type":"LineString","coordinates":[[1970.4,1965.9],[1969.9,1965.9],[1969.0,1965.4],[1968,1965.0],[1967.5,1964],[1967.5,1961.6],[1968,1960.6],[1969.0,1960.2],[1969.9,1959.7],[1970.9,1959.7],[1971.8,1960.2],[1973.3,1961.1],[1978.6,1966.4],[1978.6,1959.2]]}},{"type":"Feature","properties":{"id":"p:texto-negro:459","n":16,"sc":"#000000"},"geometry":{"type":"LineString","coordinates":[[1967.5,1950.1],[1967.5,1955.4],[1972.3,1955.8],[1971.8,1955.4],[1971.4,1953.9],[1971.4,1952],[1971.8,1950.6],[1972.8,1949.6],[1974.2,1949.1],[1975.2,1949.1],[1976.6,1949.6],[1977.6,1950.6],[1978.6,1952],[1978.6,1953.9],[1977.6,1955.4],[1977.1,1955.8],[1976.2,1956.3]]}},{"type":"Feature","properties":{"id":"p:texto-negro:460","n":10,"sc":"#000000"},"geometry":{"type":"LineString","coordinates":[[1978.6,1935.2],[1967.5,1935.2],[1967.5,1930.4],[1968.5,1929.0],[1969.0,1928.5],[1969.9,1928],[1971.4,1928],[1972.3,1928.5],[1972.8,1929.0],[1973.3,1930.4],[1973.3,1935.2]]}},{"type":"Feature","properties":{"id":"p:texto-negro:461","n":3,"sc":"#000000"},"geometry":{"type":"LineString","coordinates":[[1978.6,1924.6],[1967.5,1924.6],[1978.6,1917.4],[1967.5,1917.4]]}},{"type":"Feature","properties":{"id":"p:texto-negro:462","n":3,"sc":"#000000"},"geometry":{"type":"LineString","coordinates":[[1969.9,1901.6],[1969.4,1900.6],[1968,1899.2],[1978.6,1899.2]]}},{"type":"Feature","properties":{"id":"p:texto-negro:463","n":16,"sc":"#000000"},"geometry":{"type":"LineString","coordinates":[[1968,1890.1],[1968.5,1891.5],[1969.9,1892.5],[1972.3,1893.4],[1973.8,1893.4],[1976.2,1893.0],[1978.1,1891.5],[1978.6,1890.1],[1978.6,1889.1],[1978.1,1887.7],[1976.2,1886.7],[1973.8,1886.2],[1972.3,1886.2],[1969.9,1886.7],[1968.5,1887.7],[1968,1889.1],[1968,1890.1]]}},{"type":"Feature","properties":{"id":"p:texto-negro:464","n":1,"sc":"#000000"},"geometry":{"type":"LineString","coordinates":[[4324.3,1125.4],[4324.3,1136]]}},{"type":"Feature","properties":{"id":"p:texto-negro:465","n":1,"sc":"#000000"},"geometry":{"type":"LineString","coordinates":[[4331.5,1125.4],[4331.5,1136]]}},{"type":"Feature","properties":{"id":"p:texto-negro:466","n":1,"sc":"#000000"},"geometry":{"type":"LineString","coordinates":[[4324.3,1130.7],[4331.5,1130.7]]}},{"type":"Feature","properties":{"id":"p:texto-negro:467","n":12,"sc":"#000000"},"geometry":{"type":"LineString","coordinates":[[4335.4,1136],[4335.4,1125.4],[4339.2,1125.4],[4340.6,1125.9],[4341.6,1126.9],[4342.1,1127.8],[4342.6,1129.8],[4342.6,1132.2],[4342.1,1133.6],[4341.6,1134.6],[4340.6,1135.5],[4339.2,1136],[4335.4,1136]]}},{"type":"Feature","properties":{"id":"p:texto-negro:468","n":10,"sc":"#000000"},"geometry":{"type":"LineString","coordinates":[[4345.9,1136],[4345.9,1125.4],[4350.7,1125.4],[4352.2,1125.9],[4352.6,1126.4],[4353.1,1127.4],[4353.1,1129.3],[4352.6,1130.2],[4352.2,1130.7],[4350.7,1131.2],[4345.9,1131.2]]}},{"type":"Feature","properties":{"id":"p:texto-negro:469","n":2,"sc":"#000000"},"geometry":{"type":"LineString","coordinates":[[4356.5,1136],[4356.5,1125.4],[4363.2,1125.4]]}},{"type":"Feature","properties":{"id":"p:texto-negro:470","n":1,"sc":"#000000"},"geometry":{"type":"LineString","coordinates":[[4356.5,1130.7],[4360.8,1130.7]]}},{"type":"Feature","properties":{"id":"p:texto-negro:471","n":1,"sc":"#000000"},"geometry":{"type":"LineString","coordinates":[[4356.5,1136],[4363.2,1136]]}},{"type":"Feature","properties":{"id":"p:texto-negro:472","n":12,"sc":"#000000"},"geometry":{"type":"LineString","coordinates":[[4376.6,1136],[4376.6,1125.4],[4380.5,1125.4],[4381.9,1125.9],[4382.9,1126.9],[4383.4,1128.3],[4383.8,1129.8],[4383.8,1132.2],[4383.4,1133.6],[4382.9,1134.6],[4381.9,1135.5],[4380.5,1136],[4376.6,1136]]}},{"type":"Feature","properties":{"id":"p:texto-negro:473","n":3,"sc":"#000000"},"geometry":{"type":"LineString","coordinates":[[4387.2,1136],[4387.2,1125.4],[4394.4,1136],[4394.4,1125.4]]}},{"type":"Feature","properties":{"id":"p:texto-negro:474","n":13,"sc":"#000000"},"geometry":{"type":"LineString","coordinates":[[4409.3,1128.3],[4409.3,1127.4],[4409.8,1126.4],[4410.2,1125.9],[4411.2,1125.4],[4413.1,1125.4],[4414.1,1125.9],[4414.6,1126.4],[4415.0,1127.4],[4415.0,1128.8],[4414.6,1129.8],[4413.6,1131.2],[4408.8,1136],[4415.5,1136]]}},{"type":"Feature","properties":{"id":"p:texto-negro:475","n":16,"sc":"#000000"},"geometry":{"type":"LineString","coordinates":[[4424.6,1125.4],[4419.8,1125.4],[4419.4,1130.2],[4419.8,1129.8],[4421.3,1129.3],[4422.7,1129.3],[4424.2,1129.8],[4425.1,1130.7],[4425.6,1132.2],[4425.6,1133.1],[4425.1,1134.6],[4424.2,1135.5],[4422.7,1136],[4421.3,1136],[4419.8,1135.5],[4419.4,1135.0],[4418.9,1134.1]]}},{"type":"Feature","properties":{"id":"p:texto-negro:476","n":10,"sc":"#000000"},"geometry":{"type":"LineString","coordinates":[[4440,1136],[4440,1125.4],[4444.3,1125.4],[4445.8,1125.9],[4446.2,1126.4],[4446.7,1127.8],[4446.7,1129.3],[4446.2,1130.2],[4445.8,1130.7],[4444.3,1131.2],[4440,1131.2]]}},{"type":"Feature","properties":{"id":"p:texto-negro:477","n":3,"sc":"#000000"},"geometry":{"type":"LineString","coordinates":[[4450.6,1136],[4450.6,1125.4],[4457.3,1136],[4457.3,1125.4]]}},{"type":"Feature","properties":{"id":"p:texto-negro:478","n":3,"sc":"#000000"},"geometry":{"type":"LineString","coordinates":[[4473.1,1127.8],[4474.1,1127.4],[4475.5,1125.4],[4475.5,1136]]}},{"type":"Feature","properties":{"id":"p:texto-negro:479","n":16,"sc":"#000000"},"geometry":{"type":"LineString","coordinates":[[4484.6,1125.4],[4483.2,1125.9],[4482.2,1127.8],[4481.8,1130.2],[4481.8,1131.7],[4482.2,1134.1],[4483.2,1135.5],[4484.6,1136],[4485.6,1136],[4487.0,1135.5],[4488,1134.1],[4489.0,1131.7],[4489.0,1130.2],[4488,1127.8],[4487.0,1125.9],[4485.6,1125.4],[4484.6,1125.4]]}},{"type":"Feature","properties":{"id":"p:texto-negro:480","n":1,"sc":"#000000"},"geometry":{"type":"LineString","coordinates":[[5924.6,2259.7],[5935.2,2259.7]]}},{"type":"Feature","properties":{"id":"p:texto-negro:481","n":1,"sc":"#000000"},"geometry":{"type":"LineString","coordinates":[[5924.6,2252.5],[5935.2,2252.5]]}},{"type":"Feature","properties":{"id":"p:texto-negro:482","n":1,"sc":"#000000"},"geometry":{"type":"LineString","coordinates":[[5929.4,2259.7],[5929.4,2252.5]]}},{"type":"Feature","properties":{"id":"p:texto-negro:483","n":12,"sc":"#000000"},"geometry":{"type":"LineString","coordinates":[[5935.2,2248.6],[5924.6,2248.6],[5924.6,2244.8],[5925.1,2243.4],[5926.1,2242.4],[5927.0,2241.9],[5928.5,2241.4],[5930.9,2241.4],[5932.3,2241.9],[5933.8,2242.4],[5934.7,2243.4],[5935.2,2244.8],[5935.2,2248.6]]}},{"type":"Feature","properties":{"id":"p:texto-negro:484","n":10,"sc":"#000000"},"geometry":{"type":"LineString","coordinates":[[5935.2,2238.1],[5924.6,2238.1],[5924.6,2233.3],[5925.1,2231.8],[5925.6,2231.4],[5926.6,2230.9],[5928,2230.9],[5929.0,2231.4],[5929.4,2231.8],[5929.9,2233.3],[5929.9,2238.1]]}},{"type":"Feature","properties":{"id":"p:texto-negro:485","n":2,"sc":"#000000"},"geometry":{"type":"LineString","coordinates":[[5935.2,2227.0],[5924.6,2227.0],[5924.6,2220.8]]}},{"type":"Feature","properties":{"id":"p:texto-negro:486","n":1,"sc":"#000000"},"geometry":{"type":"LineString","coordinates":[[5929.4,2227.0],[5929.4,2223.2]]}},{"type":"Feature","properties":{"id":"p:texto-negro:487","n":1,"sc":"#000000"},"geometry":{"type":"LineString","coordinates":[[5935.2,2227.0],[5935.2,2220.8]]}},{"type":"Feature","properties":{"id":"p:texto-negro:488","n":12,"sc":"#000000"},"geometry":{"type":"LineString","coordinates":[[5935.2,2206.9],[5924.6,2206.9],[5924.6,2203.5],[5925.1,2202.1],[5926.1,2201.1],[5927.0,2200.6],[5928.5,2200.2],[5930.9,2200.2],[5932.8,2200.6],[5933.8,2201.1],[5934.7,2202.1],[5935.2,2203.5],[5935.2,2206.9]]}},{"type":"Feature","properties":{"id":"p:texto-negro:489","n":3,"sc":"#000000"},"geometry":{"type":"LineString","coordinates":[[5935.2,2196.3],[5924.6,2196.3],[5935.2,2189.6],[5924.6,2189.6]]}},{"type":"Feature","properties":{"id":"p:texto-negro:490","n":13,"sc":"#000000"},"geometry":{"type":"LineString","coordinates":[[5927.0,2174.7],[5926.6,2174.7],[5925.6,2174.2],[5925.1,2173.8],[5924.6,2172.8],[5924.6,2170.9],[5925.1,2169.9],[5925.6,2169.4],[5926.6,2169.0],[5927.5,2169.0],[5928.5,2169.4],[5929.9,2170.4],[5935.2,2175.2],[5935.2,2168.5]]}},{"type":"Feature","properties":{"id":"p:texto-negro:491","n":16,"sc":"#000000"},"geometry":{"type":"LineString","coordinates":[[5924.6,2159.4],[5924.6,2164.2],[5929.0,2164.6],[5928.5,2164.2],[5928,2162.7],[5928,2161.3],[5928.5,2159.8],[5929.4,2158.9],[5930.9,2158.4],[5932.3,2158.4],[5933.8,2158.9],[5934.7,2159.8],[5935.2,2161.3],[5935.2,2162.7],[5934.7,2164.2],[5934.2,2164.6],[5933.3,2165.1]]}},{"type":"Feature","properties":{"id":"p:texto-negro:492","n":10,"sc":"#000000"},"geometry":{"type":"LineString","coordinates":[[5935.2,2144],[5924.6,2144],[5924.6,2139.7],[5925.1,2138.2],[5925.6,2137.8],[5926.6,2136.8],[5928,2136.8],[5929.0,2137.8],[5929.4,2138.2],[5929.9,2139.7],[5929.9,2144]]}},{"type":"Feature","properties":{"id":"p:texto-negro:493","n":3,"sc":"#000000"},"geometry":{"type":"LineString","coordinates":[[5935.2,2133.4],[5924.6,2133.4],[5935.2,2126.2],[5924.6,2126.2]]}},{"type":"Feature","properties":{"id":"p:texto-negro:494","n":3,"sc":"#000000"},"geometry":{"type":"LineString","coordinates":[[5926.6,2110.9],[5926.1,2109.9],[5924.6,2108.5],[5935.2,2108.5]]}},{"type":"Feature","properties":{"id":"p:texto-negro:495","n":16,"sc":"#000000"},"geometry":{"type":"LineString","coordinates":[[5924.6,2099.4],[5925.1,2100.8],[5926.6,2101.8],[5929.0,2102.2],[5930.4,2102.2],[5933.3,2101.8],[5934.7,2100.8],[5935.2,2099.4],[5935.2,2098.4],[5934.7,2096.5],[5933.3,2095.5],[5930.4,2095.0],[5929.0,2095.0],[5926.6,2095.5],[5925.1,2096.5],[5924.6,2098.4],[5924.6,2099.4]]}},{"type":"Feature","properties":{"id":"p:texto-negro:496","n":1,"sc":"#000000"},"geometry":{"type":"LineString","coordinates":[[4273.4,1342.9],[4273.4,1353.4]]}},{"type":"Feature","properties":{"id":"p:texto-negro:497","n":1,"sc":"#000000"},"geometry":{"type":"LineString","coordinates":[[4280.6,1342.9],[4280.6,1353.4]]}},{"type":"Feature","properties":{"id":"p:texto-negro:498","n":1,"sc":"#000000"},"geometry":{"type":"LineString","coordinates":[[4273.4,1348.2],[4280.6,1348.2]]}},{"type":"Feature","properties":{"id":"p:texto-negro:499","n":12,"sc":"#000000"},"geometry":{"type":"LineString","coordinates":[[4284.5,1353.4],[4284.5,1342.9],[4287.8,1342.9],[4289.8,1343.4],[4290.7,1344.3],[4291.2,1345.3],[4291.7,1347.2],[4291.7,1349.6],[4291.2,1351.0],[4290.7,1352],[4289.8,1353.0],[4287.8,1353.4],[4284.5,1353.4]]}},{"type":"Feature","properties":{"id":"p:texto-negro:500","n":10,"sc":"#000000"},"geometry":{"type":"LineString","coordinates":[[4295.0,1353.4],[4295.0,1342.9],[4299.8,1342.9],[4301.3,1343.4],[4301.8,1343.8],[4302.2,1344.8],[4302.2,1346.2],[4301.8,1347.7],[4301.3,1348.2],[4299.8,1348.6],[4295.0,1348.6]]}},{"type":"Feature","properties":{"id":"p:texto-negro:501","n":2,"sc":"#000000"},"geometry":{"type":"LineString","coordinates":[[4305.6,1353.4],[4305.6,1342.9],[4312.3,1342.9]]}},{"type":"Feature","properties":{"id":"p:texto-negro:502","n":1,"sc":"#000000"},"geometry":{"type":"LineString","coordinates":[[4305.6,1348.2],[4309.9,1348.2]]}},{"type":"Feature","properties":{"id":"p:texto-negro:503","n":1,"sc":"#000000"},"geometry":{"type":"LineString","coordinates":[[4305.6,1353.4],[4312.3,1353.4]]}},{"type":"Feature","properties":{"id":"p:texto-negro:504","n":12,"sc":"#000000"},"geometry":{"type":"LineString","coordinates":[[4325.8,1353.4],[4325.8,1342.9],[4329.6,1342.9],[4331.0,1343.4],[4332,1344.3],[4332.5,1345.3],[4333.0,1347.2],[4333.0,1349.6],[4332.5,1351.0],[4332,1352],[4331.0,1353.0],[4329.6,1353.4],[4325.8,1353.4]]}},{"type":"Feature","properties":{"id":"p:texto-negro:505","n":3,"sc":"#000000"},"geometry":{"type":"LineString","coordinates":[[4336.3,1353.4],[4336.3,1342.9],[4343.5,1353.4],[4343.5,1342.9]]}},{"type":"Feature","properties":{"id":"p:texto-negro:506","n":13,"sc":"#000000"},"geometry":{"type":"LineString","coordinates":[[4357.9,1345.3],[4357.9,1344.8],[4358.9,1343.8],[4359.4,1343.4],[4360.3,1342.9],[4362.2,1342.9],[4363.2,1343.4],[4363.7,1343.8],[4364.2,1344.8],[4364.2,1345.8],[4363.7,1347.2],[4362.7,1348.6],[4357.4,1353.4],[4364.6,1353.4]]}},{"type":"Feature","properties":{"id":"p:texto-negro:507","n":16,"sc":"#000000"},"geometry":{"type":"LineString","coordinates":[[4373.8,1342.9],[4369.0,1342.9],[4368,1347.7],[4369.0,1347.2],[4370.4,1346.7],[4371.8,1346.7],[4373.3,1347.2],[4374.2,1348.2],[4374.7,1349.6],[4374.7,1350.6],[4374.2,1352],[4373.3,1353.0],[4371.8,1353.4],[4370.4,1353.4],[4369.0,1353.0],[4368,1352.5],[4367.5,1351.5]]}},{"type":"Feature","properties":{"id":"p:texto-negro:508","n":10,"sc":"#000000"},"geometry":{"type":"LineString","coordinates":[[4389.1,1353.4],[4389.1,1342.9],[4393.4,1342.9],[4394.9,1343.4],[4395.4,1343.8],[4395.8,1344.8],[4395.8,1346.7],[4395.4,1347.7],[4394.9,1348.2],[4393.4,1348.6],[4389.1,1348.6]]}},{"type":"Feature","properties":{"id":"p:texto-negro:509","n":3,"sc":"#000000"},"geometry":{"type":"LineString","coordinates":[[4399.7,1353.4],[4399.7,1342.9],[4406.4,1353.4],[4406.4,1342.9]]}},{"type":"Feature","properties":{"id":"p:texto-negro:510","n":3,"sc":"#000000"},"geometry":{"type":"LineString","coordinates":[[4422.2,1344.8],[4423.2,1344.3],[4424.6,1342.9],[4424.6,1353.4]]}},{"type":"Feature","properties":{"id":"p:texto-negro:511","n":16,"sc":"#000000"},"geometry":{"type":"LineString","coordinates":[[4433.8,1342.9],[4432.3,1343.4],[4431.4,1344.8],[4430.9,1347.7],[4430.9,1349.1],[4431.4,1351.5],[4432.3,1353.0],[4433.8,1353.4],[4434.7,1353.4],[4436.2,1353.0],[4437.1,1351.5],[4437.6,1349.1],[4437.6,1347.7],[4437.1,1344.8],[4436.2,1343.4],[4434.7,1342.9],[4433.8,1342.9]]}},{"type":"Feature","properties":{"id":"p:texto-negro:512","n":1,"sc":"#000000"},"geometry":{"type":"LineString","coordinates":[[3889.0,1977.4],[3899.5,1977.4]]}},{"type":"Feature","properties":{"id":"p:texto-negro:513","n":1,"sc":"#000000"},"geometry":{"type":"LineString","coordinates":[[3889.0,1970.2],[3899.5,1970.2]]}},{"type":"Feature","properties":{"id":"p:texto-negro:514","n":1,"sc":"#000000"},"geometry":{"type":"LineString","coordinates":[[3893.8,1977.4],[3893.8,1970.2]]}},{"type":"Feature","properties":{"id":"p:texto-negro:515","n":12,"sc":"#000000"},"geometry":{"type":"LineString","coordinates":[[3899.5,1966.4],[3889.0,1966.4],[3889.0,1962.6],[3889.4,1961.1],[3890.4,1960.2],[3891.4,1959.7],[3892.8,1959.2],[3895.7,1959.2],[3897.1,1959.7],[3898.1,1960.2],[3899.0,1961.1],[3899.5,1962.6],[3899.5,1966.4]]}},{"type":"Feature","properties":{"id":"p:texto-negro:516","n":10,"sc":"#000000"},"geometry":{"type":"LineString","coordinates":[[3899.5,1955.8],[3889.0,1955.8],[3889.0,1951.0],[3889.4,1949.6],[3889.9,1949.1],[3890.9,1948.6],[3892.3,1948.6],[3893.3,1949.1],[3893.8,1949.6],[3894.2,1951.0],[3894.2,1955.8]]}},{"type":"Feature","properties":{"id":"p:texto-negro:517","n":2,"sc":"#000000"},"geometry":{"type":"LineString","coordinates":[[3899.5,1945.3],[3889.0,1945.3],[3889.0,1938.6]]}},{"type":"Feature","properties":{"id":"p:texto-negro:518","n":1,"sc":"#000000"},"geometry":{"type":"LineString","coordinates":[[3893.8,1945.3],[3893.8,1941.0]]}},{"type":"Feature","properties":{"id":"p:texto-negro:519","n":1,"sc":"#000000"},"geometry":{"type":"LineString","coordinates":[[3899.5,1945.3],[3899.5,1938.6]]}},{"type":"Feature","properties":{"id":"p:texto-negro:520","n":12,"sc":"#000000"},"geometry":{"type":"LineString","coordinates":[[3899.5,1925.1],[3889.0,1925.1],[3889.0,1921.3],[3889.4,1919.8],[3890.4,1918.9],[3891.4,1918.4],[3892.8,1917.9],[3895.7,1917.9],[3897.1,1918.4],[3898.1,1918.9],[3899.0,1919.8],[3899.5,1921.3],[3899.5,1925.1]]}},{"type":"Feature","properties":{"id":"p:texto-negro:521","n":3,"sc":"#000000"},"geometry":{"type":"LineString","coordinates":[[3899.5,1914.6],[3889.0,1914.6],[3899.5,1907.4],[3889.0,1907.4]]}},{"type":"Feature","properties":{"id":"p:texto-negro:522","n":13,"sc":"#000000"},"geometry":{"type":"LineString","coordinates":[[3891.4,1892.5],[3890.9,1892.5],[3889.9,1892],[3889.4,1891.5],[3889.0,1890.6],[3889.0,1888.6],[3889.4,1887.7],[3889.9,1887.2],[3890.9,1886.7],[3891.8,1886.7],[3892.8,1887.2],[3894.7,1888.2],[3899.5,1893.4],[3899.5,1886.2]]}},{"type":"Feature","properties":{"id":"p:texto-negro:523","n":16,"sc":"#000000"},"geometry":{"type":"LineString","coordinates":[[3889.0,1877.1],[3889.0,1881.9],[3893.3,1882.4],[3892.8,1881.9],[3892.3,1880.5],[3892.3,1879.0],[3892.8,1877.6],[3893.8,1876.6],[3895.7,1876.2],[3896.6,1876.2],[3898.1,1876.6],[3899.0,1877.6],[3899.5,1879.0],[3899.5,1880.5],[3899.0,1881.9],[3898.6,1882.4],[3897.6,1883.4]]}},{"type":"Feature","properties":{"id":"p:texto-negro:524","n":10,"sc":"#000000"},"geometry":{"type":"LineString","coordinates":[[3899.5,1861.8],[3889.0,1861.8],[3889.0,1857.4],[3889.4,1856],[3889.9,1855.5],[3890.9,1855.0],[3892.3,1855.0],[3893.3,1855.5],[3894.2,1856],[3894.7,1857.4],[3894.7,1861.8]]}},{"type":"Feature","properties":{"id":"p:texto-negro:525","n":3,"sc":"#000000"},"geometry":{"type":"LineString","coordinates":[[3899.5,1851.2],[3889.0,1851.2],[3899.5,1844.5],[3889.0,1844.5]]}},{"type":"Feature","properties":{"id":"p:texto-negro:526","n":3,"sc":"#000000"},"geometry":{"type":"LineString","coordinates":[[3890.9,1828.6],[3890.4,1827.7],[3889.0,1826.2],[3899.5,1826.2]]}},{"type":"Feature","properties":{"id":"p:texto-negro:527","n":16,"sc":"#000000"},"geometry":{"type":"LineString","coordinates":[[3889.0,1817.1],[3889.4,1818.6],[3890.9,1819.5],[3893.3,1820],[3895.2,1820],[3897.6,1819.5],[3899.0,1818.6],[3899.5,1817.1],[3899.5,1816.2],[3899.0,1814.7],[3897.6,1813.8],[3895.2,1813.3],[3893.8,1813.3],[3890.9,1813.8],[3889.4,1814.7],[3889.0,1816.2],[3889.0,1817.1]]}},{"type":"Feature","properties":{"id":"p:texto-negro:528","n":1,"sc":"#000000"},"geometry":{"type":"LineString","coordinates":[[5158.1,1995.7],[5158.1,2006.2]]}},{"type":"Feature","properties":{"id":"p:texto-negro:529","n":1,"sc":"#000000"},"geometry":{"type":"LineString","coordinates":[[5164.8,1995.7],[5164.8,2006.2]]}},{"type":"Feature","properties":{"id":"p:texto-negro:530","n":1,"sc":"#000000"},"geometry":{"type":"LineString","coordinates":[[5158.1,2000.5],[5164.8,2000.5]]}},{"type":"Feature","properties":{"id":"p:texto-negro:531","n":12,"sc":"#000000"},"geometry":{"type":"LineString","coordinates":[[5169.1,2006.2],[5169.1,1995.7],[5172.5,1995.7],[5173.9,1996.2],[5174.9,1997.1],[5175.4,1998.1],[5175.8,1999.5],[5175.8,2001.9],[5175.4,2003.8],[5174.9,2004.8],[5173.9,2005.8],[5172.5,2006.2],[5169.1,2006.2]]}},{"type":"Feature","properties":{"id":"p:texto-negro:532","n":10,"sc":"#000000"},"geometry":{"type":"LineString","coordinates":[[5179.7,2006.2],[5179.7,1995.7],[5184,1995.7],[5185.4,1996.2],[5185.9,1996.6],[5186.4,1997.6],[5186.4,1999.0],[5185.9,2000],[5185.4,2000.5],[5184,2001.0],[5179.7,2001.0]]}},{"type":"Feature","properties":{"id":"p:texto-negro:533","n":2,"sc":"#000000"},"geometry":{"type":"LineString","coordinates":[[5190.2,2006.2],[5190.2,1995.7],[5196.5,1995.7]]}},{"type":"Feature","properties":{"id":"p:texto-negro:534","n":1,"sc":"#000000"},"geometry":{"type":"LineString","coordinates":[[5190.2,2000.5],[5194.1,2000.5]]}},{"type":"Feature","properties":{"id":"p:texto-negro:535","n":1,"sc":"#000000"},"geometry":{"type":"LineString","coordinates":[[5190.2,2006.2],[5196.5,2006.2]]}},{"type":"Feature","properties":{"id":"p:texto-negro:536","n":12,"sc":"#000000"},"geometry":{"type":"LineString","coordinates":[[5210.4,2006.2],[5210.4,1995.7],[5213.8,1995.7],[5215.2,1996.2],[5216.2,1997.1],[5216.6,1998.1],[5217.1,1999.5],[5217.1,2002.4],[5216.6,2003.8],[5216.2,2004.8],[5215.2,2005.8],[5213.8,2006.2],[5210.4,2006.2]]}},{"type":"Feature","properties":{"id":"p:texto-negro:537","n":3,"sc":"#000000"},"geometry":{"type":"LineString","coordinates":[[5221.0,2006.2],[5221.0,1995.7],[5228.2,2006.2],[5228.2,1995.7]]}},{"type":"Feature","properties":{"id":"p:texto-negro:538","n":13,"sc":"#000000"},"geometry":{"type":"LineString","coordinates":[[5242.6,1998.1],[5242.6,1997.6],[5243.0,1996.6],[5243.5,1996.2],[5244.5,1995.7],[5246.4,1995.7],[5247.4,1996.2],[5248.3,1996.6],[5248.8,1997.6],[5248.8,1998.6],[5248.3,1999.5],[5246.9,2001.0],[5242.1,2006.2],[5249.3,2006.2]]}},{"type":"Feature","properties":{"id":"p:texto-negro:539","n":16,"sc":"#000000"},"geometry":{"type":"LineString","coordinates":[[5258.4,1995.7],[5253.1,1995.7],[5252.6,2000],[5253.1,1999.5],[5254.6,1999.0],[5256,1999.0],[5257.4,1999.5],[5258.9,2000.5],[5259.4,2002.4],[5259.4,2003.4],[5258.9,2004.8],[5257.4,2005.8],[5256,2006.2],[5254.6,2006.2],[5253.1,2005.8],[5252.6,2005.3],[5252.2,2004.3]]}},{"type":"Feature","properties":{"id":"p:texto-negro:540","n":10,"sc":"#000000"},"geometry":{"type":"LineString","coordinates":[[5273.3,2006.2],[5273.3,1995.7],[5278.1,1995.7],[5279.5,1996.2],[5280,1996.6],[5280.5,1997.6],[5280.5,1999.0],[5280,2000],[5279.5,2000.5],[5278.1,2001.0],[5273.3,2001.0]]}},{"type":"Feature","properties":{"id":"p:texto-negro:541","n":3,"sc":"#000000"},"geometry":{"type":"LineString","coordinates":[[5283.8,2006.2],[5283.8,1995.7],[5291.0,2006.2],[5291.0,1995.7]]}},{"type":"Feature","properties":{"id":"p:texto-negro:542","n":3,"sc":"#000000"},"geometry":{"type":"LineString","coordinates":[[5306.4,1997.6],[5307.4,1997.1],[5309.3,1995.7],[5309.3,2006.2]]}},{"type":"Feature","properties":{"id":"p:texto-negro:543","n":16,"sc":"#000000"},"geometry":{"type":"LineString","coordinates":[[5318.4,1995.7],[5316.5,1996.2],[5315.5,1997.6],[5315.0,2000],[5315.0,2001.9],[5315.5,2004.3],[5316.5,2005.8],[5318.4,2006.2],[5319.4,2006.2],[5320.8,2005.8],[5321.8,2004.3],[5322.2,2001.9],[5322.2,2000],[5321.8,1997.6],[5320.8,1996.2],[5319.4,1995.7],[5318.4,1995.7]]}},{"type":"Feature","properties":{"id":"p:texto-negro:544","n":1,"sc":"#000000"},"geometry":{"type":"LineString","coordinates":[[1487.0,1462.4],[1487.0,1473.0]]}},{"type":"Feature","properties":{"id":"p:texto-negro:545","n":1,"sc":"#000000"},"geometry":{"type":"LineString","coordinates":[[1494.2,1462.4],[1494.2,1473.0]]}},{"type":"Feature","properties":{"id":"p:texto-negro:546","n":1,"sc":"#000000"},"geometry":{"type":"LineString","coordinates":[[1487.0,1467.7],[1494.2,1467.7]]}},{"type":"Feature","properties":{"id":"p:texto-negro:547","n":12,"sc":"#000000"},"geometry":{"type":"LineString","coordinates":[[1498.1,1473.0],[1498.1,1462.4],[1501.4,1462.4],[1503.4,1462.9],[1504.3,1463.8],[1504.8,1464.8],[1505.3,1466.7],[1505.3,1469.1],[1504.8,1470.6],[1504.3,1471.5],[1503.4,1472.5],[1501.4,1473.0],[1498.1,1473.0]]}},{"type":"Feature","properties":{"id":"p:texto-negro:548","n":10,"sc":"#000000"},"geometry":{"type":"LineString","coordinates":[[1508.6,1473.0],[1508.6,1462.4],[1513.4,1462.4],[1514.9,1462.9],[1515.4,1463.4],[1515.8,1464.3],[1515.8,1466.2],[1515.4,1467.2],[1514.9,1467.7],[1513.4,1468.2],[1508.6,1468.2]]}},{"type":"Feature","properties":{"id":"p:texto-negro:549","n":2,"sc":"#000000"},"geometry":{"type":"LineString","coordinates":[[1519.2,1473.0],[1519.2,1462.4],[1525.9,1462.4]]}},{"type":"Feature","properties":{"id":"p:texto-negro:550","n":1,"sc":"#000000"},"geometry":{"type":"LineString","coordinates":[[1519.2,1467.7],[1523.5,1467.7]]}},{"type":"Feature","properties":{"id":"p:texto-negro:551","n":1,"sc":"#000000"},"geometry":{"type":"LineString","coordinates":[[1519.2,1473.0],[1525.9,1473.0]]}},{"type":"Feature","properties":{"id":"p:texto-negro:552","n":12,"sc":"#000000"},"geometry":{"type":"LineString","coordinates":[[1539.4,1473.0],[1539.4,1462.4],[1542.7,1462.4],[1544.6,1462.9],[1545.6,1463.8],[1546.1,1464.8],[1546.6,1466.7],[1546.6,1469.1],[1546.1,1470.6],[1545.6,1471.5],[1544.6,1472.5],[1542.7,1473.0],[1539.4,1473.0]]}},{"type":"Feature","properties":{"id":"p:texto-negro:553","n":3,"sc":"#000000"},"geometry":{"type":"LineString","coordinates":[[1549.9,1473.0],[1549.9,1462.4],[1557.1,1473.0],[1557.1,1462.4]]}},{"type":"Feature","properties":{"id":"p:texto-negro:554","n":13,"sc":"#000000"},"geometry":{"type":"LineString","coordinates":[[1571.5,1465.3],[1571.5,1464.3],[1572,1463.4],[1572.5,1462.9],[1573.9,1462.4],[1575.8,1462.4],[1576.8,1462.9],[1577.3,1463.4],[1577.8,1464.3],[1577.8,1465.8],[1577.3,1466.7],[1576.3,1468.2],[1571.0,1473.0],[1578.2,1473.0]]}},{"type":"Feature","properties":{"id":"p:texto-negro:555","n":16,"sc":"#000000"},"geometry":{"type":"LineString","coordinates":[[1587.4,1462.4],[1582.1,1462.4],[1581.6,1467.2],[1582.1,1466.7],[1584,1466.2],[1585.4,1466.2],[1586.9,1466.7],[1587.8,1467.7],[1588.3,1469.1],[1588.3,1470.1],[1587.8,1471.5],[1586.9,1472.5],[1585.4,1473.0],[1584,1473.0],[1582.1,1472.5],[1581.6,1472],[1581.1,1471.0]]}},{"type":"Feature","properties":{"id":"p:texto-negro:556","n":10,"sc":"#000000"},"geometry":{"type":"LineString","coordinates":[[1602.2,1473.0],[1602.2,1462.4],[1607.0,1462.4],[1608.5,1462.9],[1609.0,1463.4],[1609.4,1464.8],[1609.4,1466.2],[1609.0,1467.2],[1608.5,1467.7],[1607.0,1468.2],[1602.2,1468.2]]}},{"type":"Feature","properties":{"id":"p:texto-negro:557","n":3,"sc":"#000000"},"geometry":{"type":"LineString","coordinates":[[1612.8,1473.0],[1612.8,1462.4],[1620,1473.0],[1620,1462.4]]}},{"type":"Feature","properties":{"id":"p:texto-negro:558","n":3,"sc":"#000000"},"geometry":{"type":"LineString","coordinates":[[1635.8,1464.8],[1636.8,1463.8],[1638.2,1462.4],[1638.2,1473.0]]}},{"type":"Feature","properties":{"id":"p:texto-negro:559","n":16,"sc":"#000000"},"geometry":{"type":"LineString","coordinates":[[1647.4,1462.4],[1645.9,1462.9],[1645.0,1464.8],[1644.5,1467.2],[1644.5,1468.6],[1645.0,1471.0],[1645.9,1472.5],[1647.4,1473.0],[1648.3,1473.0],[1649.8,1472.5],[1650.7,1471.0],[1651.2,1468.6],[1651.2,1467.2],[1650.7,1464.8],[1649.8,1462.9],[1648.3,1462.4],[1647.4,1462.4]]}},{"type":"Feature","properties":{"id":"p:texto-negro:560","n":2,"sc":"#000000"},"geometry":{"type":"LineString","coordinates":[[4346.4,606.1],[4350.2,616.6],[4354.6,606.1]]}},{"type":"Feature","properties":{"id":"p:texto-negro:561","n":2,"sc":"#000000"},"geometry":{"type":"LineString","coordinates":[[4355.5,616.6],[4359.4,606.1],[4363.2,616.6]]}},{"type":"Feature","properties":{"id":"p:texto-negro:562","n":1,"sc":"#000000"},"geometry":{"type":"LineString","coordinates":[[4357.0,613.3],[4361.8,613.3]]}},{"type":"Feature","properties":{"id":"p:texto-negro:563","n":2,"sc":"#000000"},"geometry":{"type":"LineString","coordinates":[[4366.1,606.1],[4366.1,616.6],[4371.8,616.6]]}},{"type":"Feature","properties":{"id":"p:texto-negro:564","n":2,"sc":"#000000"},"geometry":{"type":"LineString","coordinates":[[4372.8,606.1],[4377.1,616.6],[4381.0,606.1]]}},{"type":"Feature","properties":{"id":"p:texto-negro:565","n":9,"sc":"#000000"},"geometry":{"type":"LineString","coordinates":[[4383.8,606.1],[4383.4,613.8],[4384.3,615.2],[4385.3,616.2],[4386.7,617.1],[4387.7,617.1],[4389.1,616.2],[4390.1,615.2],[4390.6,613.8],[4390.6,606.1]]}},{"type":"Feature","properties":{"id":"p:texto-negro:566","n":2,"sc":"#000000"},"geometry":{"type":"LineString","coordinates":[[4394.9,606.1],[4394.9,617.1],[4400.6,617.1]]}},{"type":"Feature","properties":{"id":"p:texto-negro:567","n":2,"sc":"#000000"},"geometry":{"type":"LineString","coordinates":[[4401.6,617.1],[4405.9,606.1],[4409.8,617.1]]}},{"type":"Feature","properties":{"id":"p:texto-negro:568","n":1,"sc":"#000000"},"geometry":{"type":"LineString","coordinates":[[4403.0,613.3],[4408.3,613.3]]}},{"type":"Feature","properties":{"id":"p:texto-negro:569","n":2,"sc":"#000000"},"geometry":{"type":"LineString","coordinates":[[4421.3,617.1],[4425.6,606.1],[4429.4,617.1]]}},{"type":"Feature","properties":{"id":"p:texto-negro:570","n":1,"sc":"#000000"},"geometry":{"type":"LineString","coordinates":[[4422.7,613.3],[4428,613.3]]}},{"type":"Feature","properties":{"id":"p:texto-negro:571","n":2,"sc":"#000000"},"geometry":{"type":"LineString","coordinates":[[4431.8,606.1],[4431.8,617.1],[4438.1,617.1]]}},{"type":"Feature","properties":{"id":"p:texto-negro:572","n":1,"sc":"#000000"},"geometry":{"type":"LineString","coordinates":[[4440.5,606.6],[4440.5,617.1]]}},{"type":"Feature","properties":{"id":"p:texto-negro:573","n":2,"sc":"#000000"},"geometry":{"type":"LineString","coordinates":[[4442.9,606.6],[4447.2,617.1],[4451.0,606.6]]}},{"type":"Feature","properties":{"id":"p:texto-negro:574","n":1,"sc":"#000000"},"geometry":{"type":"LineString","coordinates":[[4453.9,606.6],[4453.4,617.1]]}},{"type":"Feature","properties":{"id":"p:texto-negro:575","n":20,"sc":"#000000"},"geometry":{"type":"LineString","coordinates":[[4460.2,606.6],[4459.2,607.0],[4458.2,608],[4457.8,609.0],[4457.3,610.4],[4457.3,612.8],[4457.8,614.2],[4458.2,615.2],[4459.2,616.6],[4460.2,617.1],[4462.1,617.1],[4463.0,616.6],[4464.5,615.2],[4465.0,614.2],[4465.4,612.8],[4465.4,610.4],[4465.0,609.0],[4464.5,608],[4463.0,607.0],[4462.1,606.6],[4460.2,606.6]]}},{"type":"Feature","properties":{"id":"p:texto-negro:576","n":19,"sc":"#000000"},"geometry":{"type":"LineString","coordinates":[[4354.1,626.2],[4353.1,625.3],[4352.2,624.3],[4351.2,623.8],[4349.3,623.8],[4348.3,624.3],[4347.4,625.3],[4346.9,626.2],[4346.4,628.2],[4346.4,630.6],[4346.9,632],[4347.4,633.0],[4348.3,633.9],[4349.3,634.4],[4351.2,634.4],[4352.2,633.9],[4353.1,633.0],[4354.1,632],[4354.1,630.6],[4351.2,630.6]]}},{"type":"Feature","properties":{"id":"p:texto-negro:577","n":20,"sc":"#000000"},"geometry":{"type":"LineString","coordinates":[[4359.8,623.8],[4358.9,624.3],[4357.9,625.3],[4357.4,626.2],[4357.0,628.2],[4357.0,630.6],[4357.4,632],[4357.9,633.0],[4358.9,633.9],[4359.8,634.4],[4361.8,634.4],[4362.7,633.9],[4364.2,633.0],[4364.6,632],[4365.1,630.6],[4365.1,628.2],[4364.6,626.2],[4364.2,625.3],[4362.7,624.3],[4361.8,623.8],[4359.8,623.8]]}},{"type":"Feature","properties":{"id":"p:texto-negro:578","n":2,"sc":"#000000"},"geometry":{"type":"LineString","coordinates":[[4368.5,623.8],[4368.5,634.4],[4374.7,634.4]]}},{"type":"Feature","properties":{"id":"p:texto-negro:579","n":10,"sc":"#000000"},"geometry":{"type":"LineString","coordinates":[[4377.1,634.4],[4377.1,623.8],[4381.4,623.8],[4382.9,624.3],[4383.4,624.8],[4384.3,625.8],[4384.3,627.7],[4383.4,628.6],[4382.9,629.1],[4381.4,629.6],[4377.1,629.6]]}},{"type":"Feature","properties":{"id":"p:texto-negro:580","n":2,"sc":"#000000"},"geometry":{"type":"LineString","coordinates":[[4387.7,634.4],[4387.7,623.8],[4394.4,623.8]]}},{"type":"Feature","properties":{"id":"p:texto-negro:581","n":1,"sc":"#000000"},"geometry":{"type":"LineString","coordinates":[[4387.7,629.1],[4391.5,629.1]]}},{"type":"Feature","properties":{"id":"p:texto-negro:582","n":1,"sc":"#000000"},"geometry":{"type":"LineString","coordinates":[[4387.7,634.4],[4394.4,634.4]]}},{"type":"Feature","properties":{"id":"p:texto-negro:583","n":12,"sc":"#000000"},"geometry":{"type":"LineString","coordinates":[[4407.8,634.4],[4407.8,623.8],[4411.2,623.8],[4412.6,624.3],[4414.1,625.3],[4414.6,626.2],[4415.0,628.2],[4415.0,630.6],[4414.6,632],[4413.6,633.0],[4412.6,633.9],[4411.2,634.4],[4407.8,634.4]]}},{"type":"Feature","properties":{"id":"p:texto-negro:584","n":2,"sc":"#000000"},"geometry":{"type":"LineString","coordinates":[[4418.4,634.4],[4418.4,623.8],[4425.1,623.8]]}},{"type":"Feature","properties":{"id":"p:texto-negro:585","n":1,"sc":"#000000"},"geometry":{"type":"LineString","coordinates":[[4418.4,629.1],[4422.2,629.1]]}},{"type":"Feature","properties":{"id":"p:texto-negro:586","n":1,"sc":"#000000"},"geometry":{"type":"LineString","coordinates":[[4418.4,634.4],[4425.1,634.4]]}},{"type":"Feature","properties":{"id":"p:texto-negro:587","n":2,"sc":"#000000"},"geometry":{"type":"LineString","coordinates":[[4437.1,634.4],[4441.0,623.8],[4445.3,634.4]]}},{"type":"Feature","properties":{"id":"p:texto-negro:588","n":1,"sc":"#000000"},"geometry":{"type":"LineString","coordinates":[[4438.6,631.0],[4443.4,631.0]]}},{"type":"Feature","properties":{"id":"p:texto-negro:589","n":10,"sc":"#000000"},"geometry":{"type":"LineString","coordinates":[[4447.7,634.4],[4447.7,623.8],[4452,623.8],[4453.4,624.3],[4454.4,624.8],[4454.9,625.8],[4454.9,627.2],[4454.4,628.2],[4453.4,628.6],[4452,629.1],[4447.7,629.1]]}},{"type":"Feature","properties":{"id":"p:texto-negro:590","n":1,"sc":"#000000"},"geometry":{"type":"LineString","coordinates":[[4451.0,629.1],[4454.9,634.4]]}},{"type":"Feature","properties":{"id":"p:texto-negro:591","n":1,"sc":"#000000"},"geometry":{"type":"LineString","coordinates":[[4458.2,623.8],[4458.2,634.4]]}},{"type":"Feature","properties":{"id":"p:texto-negro:592","n":2,"sc":"#000000"},"geometry":{"type":"LineString","coordinates":[[4462.1,634.4],[4462.1,623.8],[4468.8,623.8]]}},{"type":"Feature","properties":{"id":"p:texto-negro:593","n":1,"sc":"#000000"},"geometry":{"type":"LineString","coordinates":[[4462.1,629.1],[4466.4,629.1]]}},{"type":"Feature","properties":{"id":"p:texto-negro:594","n":1,"sc":"#000000"},"geometry":{"type":"LineString","coordinates":[[4462.1,634.4],[4468.8,634.4]]}},{"type":"Feature","properties":{"id":"p:texto-negro:595","n":1,"sc":"#000000"},"geometry":{"type":"LineString","coordinates":[[4474.1,623.8],[4473.6,634.4]]}},{"type":"Feature","properties":{"id":"p:texto-negro:596","n":1,"sc":"#000000"},"geometry":{"type":"LineString","coordinates":[[4470.2,623.8],[4477.4,623.8]]}},{"type":"Feature","properties":{"id":"p:texto-negro:597","n":2,"sc":"#000000"},"geometry":{"type":"LineString","coordinates":[[4479.8,634.4],[4479.8,623.8],[4486.6,623.8]]}},{"type":"Feature","properties":{"id":"p:texto-negro:598","n":1,"sc":"#000000"},"geometry":{"type":"LineString","coordinates":[[4479.8,629.1],[4484.2,629.1]]}},{"type":"Feature","properties":{"id":"p:texto-negro:599","n":1,"sc":"#000000"},"geometry":{"type":"LineString","coordinates":[[4479.8,634.4],[4486.6,634.4]]}},{"type":"Feature","properties":{"id":"p:texto-negro:600","n":2,"sc":"#000000"},"geometry":{"type":"LineString","coordinates":[[4570.1,1486.4],[4574.4,1497.0],[4578.2,1486.4]]}},{"type":"Feature","properties":{"id":"p:texto-negro:601","n":2,"sc":"#000000"},"geometry":{"type":"LineString","coordinates":[[4579.2,1497.0],[4583.5,1486.4],[4587.4,1497.0]]}},{"type":"Feature","properties":{"id":"p:texto-negro:602","n":1,"sc":"#000000"},"geometry":{"type":"LineString","coordinates":[[4580.6,1493.1],[4585.9,1493.1]]}},{"type":"Feature","properties":{"id":"p:texto-negro:603","n":2,"sc":"#000000"},"geometry":{"type":"LineString","coordinates":[[4589.8,1486.4],[4589.8,1497.0],[4596,1497.0]]}},{"type":"Feature","properties":{"id":"p:texto-negro:604","n":2,"sc":"#000000"},"geometry":{"type":"LineString","coordinates":[[4597.0,1486.4],[4600.8,1497.0],[4605.1,1486.4]]}},{"type":"Feature","properties":{"id":"p:texto-negro:605","n":9,"sc":"#000000"},"geometry":{"type":"LineString","coordinates":[[4607.5,1486.4],[4607.5,1493.6],[4608,1495.5],[4609.0,1496.5],[4610.4,1497.0],[4611.4,1497.0],[4613.3,1496.5],[4614.2,1495.5],[4614.7,1493.6],[4614.7,1486.4]]}},{"type":"Feature","properties":{"id":"p:texto-negro:606","n":2,"sc":"#000000"},"geometry":{"type":"LineString","coordinates":[[4618.6,1486.4],[4618.6,1497.0],[4624.8,1497.0]]}},{"type":"Feature","properties":{"id":"p:texto-negro:607","n":2,"sc":"#000000"},"geometry":{"type":"LineString","coordinates":[[4625.8,1497.0],[4629.6,1486.4],[4633.9,1497.0]]}},{"type":"Feature","properties":{"id":"p:texto-negro:608","n":1,"sc":"#000000"},"geometry":{"type":"LineString","coordinates":[[4627.2,1493.1],[4632,1493.1]]}},{"type":"Feature","properties":{"id":"p:texto-negro:609","n":4,"sc":"#000000"},"geometry":{"type":"LineString","coordinates":[[4570.1,1514.7],[4570.1,1503.7],[4574.4,1514.7],[4578.2,1503.7],[4578.2,1514.7]]}},{"type":"Feature","properties":{"id":"p:texto-negro:610","n":2,"sc":"#000000"},"geometry":{"type":"LineString","coordinates":[[4580.6,1514.7],[4585.0,1503.7],[4588.8,1514.7]]}},{"type":"Feature","properties":{"id":"p:texto-negro:611","n":1,"sc":"#000000"},"geometry":{"type":"LineString","coordinates":[[4582.1,1510.9],[4587.4,1510.9]]}},{"type":"Feature","properties":{"id":"p:texto-negro:612","n":10,"sc":"#000000"},"geometry":{"type":"LineString","coordinates":[[4591.2,1514.7],[4591.2,1503.7],[4596,1503.7],[4597.4,1504.6],[4597.9,1505.1],[4598.4,1506.1],[4598.4,1507.0],[4597.9,1508],[4597.4,1508.5],[4596,1509.0],[4591.2,1509.0]]}},{"type":"Feature","properties":{"id":"p:texto-negro:613","n":1,"sc":"#000000"},"geometry":{"type":"LineString","coordinates":[[4595.0,1509.0],[4598.4,1514.7]]}},{"type":"Feature","properties":{"id":"p:texto-negro:614","n":1,"sc":"#000000"},"geometry":{"type":"LineString","coordinates":[[4601.8,1503.7],[4601.8,1514.7]]}},{"type":"Feature","properties":{"id":"p:texto-negro:615","n":10,"sc":"#000000"},"geometry":{"type":"LineString","coordinates":[[4606.1,1514.7],[4606.1,1503.7],[4610.4,1503.7],[4611.8,1504.6],[4612.3,1505.1],[4613.3,1506.1],[4613.3,1507.5],[4612.3,1508.5],[4611.8,1509.0],[4610.4,1509.4],[4606.1,1509.4]]}},{"type":"Feature","properties":{"id":"p:texto-negro:616","n":20,"sc":"#000000"},"geometry":{"type":"LineString","coordinates":[[4619.0,1504.2],[4618.1,1504.6],[4617.1,1505.6],[4616.6,1506.6],[4616.2,1508],[4616.2,1510.4],[4616.6,1511.8],[4617.1,1512.8],[4618.1,1514.2],[4619.0,1514.7],[4621.0,1514.7],[4621.9,1514.2],[4623.4,1512.8],[4623.8,1511.8],[4624.3,1510.4],[4624.3,1508],[4623.8,1506.6],[4623.4,1505.6],[4621.9,1504.6],[4621.0,1504.2],[4619.0,1504.2]]}},{"type":"Feature","properties":{"id":"p:texto-negro:617","n":19,"sc":"#000000"},"geometry":{"type":"LineString","coordinates":[[4634.4,1505.6],[4633.4,1504.6],[4631.5,1504.2],[4629.6,1504.2],[4628.2,1504.6],[4627.2,1505.6],[4627.2,1506.6],[4627.7,1507.5],[4628.2,1508],[4629.1,1508.5],[4632,1509.4],[4633.4,1509.9],[4633.9,1510.4],[4634.4,1511.4],[4634.4,1512.8],[4633.4,1514.2],[4631.5,1514.7],[4629.6,1514.7],[4628.2,1514.2],[4627.2,1512.8]]}},{"type":"Feature","properties":{"id":"p:texto-negro:618","n":2,"sc":"#000000"},"geometry":{"type":"LineString","coordinates":[[4636.3,1514.7],[4640.2,1504.2],[4644.5,1514.7]]}},{"type":"Feature","properties":{"id":"p:texto-negro:619","n":1,"sc":"#000000"},"geometry":{"type":"LineString","coordinates":[[4637.8,1510.9],[4643.0,1510.9]]}},{"type":"Feature","properties":{"id":"p:texto-negro:620","n":2,"sc":"#000000"},"geometry":{"type":"LineString","coordinates":[[3010.1,603.2],[3013.4,613.8],[3016.8,603.2]]}},{"type":"Feature","properties":{"id":"p:texto-negro:621","n":2,"sc":"#000000"},"geometry":{"type":"LineString","coordinates":[[3017.3,613.8],[3020.6,603.2],[3024,613.8]]}},{"type":"Feature","properties":{"id":"p:texto-negro:622","n":1,"sc":"#000000"},"geometry":{"type":"LineString","coordinates":[[3018.7,609.9],[3023.0,609.9]]}},{"type":"Feature","properties":{"id":"p:texto-negro:623","n":2,"sc":"#000000"},"geometry":{"type":"LineString","coordinates":[[3026.4,603.2],[3026.4,613.8],[3031.2,613.8]]}},{"type":"Feature","properties":{"id":"p:texto-negro:624","n":2,"sc":"#000000"},"geometry":{"type":"LineString","coordinates":[[3032.2,603.2],[3035.5,613.8],[3038.9,603.2]]}},{"type":"Feature","properties":{"id":"p:texto-negro:625","n":9,"sc":"#000000"},"geometry":{"type":"LineString","coordinates":[[3040.8,603.2],[3040.8,610.4],[3041.3,612.3],[3042.2,613.3],[3043.2,613.8],[3044.2,613.8],[3045.6,613.3],[3046.1,612.3],[3046.6,610.4],[3046.6,603.2]]}},{"type":"Feature","properties":{"id":"p:texto-negro:626","n":2,"sc":"#000000"},"geometry":{"type":"LineString","coordinates":[[3049.9,603.2],[3049.9,613.8],[3055.2,613.8]]}},{"type":"Feature","properties":{"id":"p:texto-negro:627","n":2,"sc":"#000000"},"geometry":{"type":"LineString","coordinates":[[3055.7,613.8],[3059.0,603.2],[3062.4,613.8]]}},{"type":"Feature","properties":{"id":"p:texto-negro:628","n":1,"sc":"#000000"},"geometry":{"type":"LineString","coordinates":[[3057.1,609.9],[3061.4,609.9]]}},{"type":"Feature","properties":{"id":"p:texto-negro:629","n":2,"sc":"#000000"},"geometry":{"type":"LineString","coordinates":[[3072,613.8],[3075.4,603.2],[3078.7,613.8]]}},{"type":"Feature","properties":{"id":"p:texto-negro:630","n":1,"sc":"#000000"},"geometry":{"type":"LineString","coordinates":[[3073.4,609.9],[3077.8,609.9]]}},{"type":"Feature","properties":{"id":"p:texto-negro:631","n":2,"sc":"#000000"},"geometry":{"type":"LineString","coordinates":[[3081.1,603.2],[3081.1,613.8],[3085.9,613.8]]}},{"type":"Feature","properties":{"id":"p:texto-negro:632","n":1,"sc":"#000000"},"geometry":{"type":"LineString","coordinates":[[3088.3,603.2],[3088.3,613.8]]}},{"type":"Feature","properties":{"id":"p:texto-negro:633","n":2,"sc":"#000000"},"geometry":{"type":"LineString","coordinates":[[3090.2,603.2],[3093.6,613.8],[3097.0,603.2]]}},{"type":"Feature","properties":{"id":"p:texto-negro:634","n":1,"sc":"#000000"},"geometry":{"type":"LineString","coordinates":[[3098.9,603.2],[3098.9,613.8]]}},{"type":"Feature","properties":{"id":"p:texto-negro:635","n":20,"sc":"#000000"},"geometry":{"type":"LineString","coordinates":[[3104.6,603.2],[3103.7,603.7],[3102.7,604.6],[3102.2,605.6],[3101.8,607.0],[3101.8,609.4],[3102.2,611.4],[3102.7,612.3],[3103.7,613.3],[3104.6,613.8],[3106.1,613.8],[3107.0,613.3],[3108,612.3],[3108,611.4],[3108.5,609.4],[3108.5,607.0],[3108,605.6],[3108,604.6],[3107.0,603.7],[3106.1,603.2],[3104.6,603.2]]}},{"type":"Feature","properties":{"id":"p:texto-negro:636","n":19,"sc":"#000000"},"geometry":{"type":"LineString","coordinates":[[3016.3,622.9],[3015.8,621.9],[3014.9,621.0],[3013.9,620.5],[3012.5,620.5],[3011.5,621.0],[3010.6,621.9],[3010.1,622.9],[3010.1,624.3],[3010.1,626.7],[3010.1,628.2],[3010.6,629.1],[3011.5,630.1],[3012.5,630.6],[3013.9,630.6],[3014.9,630.1],[3015.8,629.1],[3016.3,628.2],[3016.3,626.7],[3013.9,626.7]]}},{"type":"Feature","properties":{"id":"p:texto-negro:637","n":20,"sc":"#000000"},"geometry":{"type":"LineString","coordinates":[[3021.1,620.5],[3020.2,621.0],[3019.7,621.9],[3019.2,622.9],[3018.7,624.3],[3018.7,626.7],[3019.2,628.2],[3019.7,629.1],[3020.2,630.1],[3021.1,630.6],[3023.0,630.6],[3023.5,630.1],[3024.5,629.1],[3025.0,628.2],[3025.4,626.7],[3025.4,624.3],[3025.0,622.9],[3024.5,621.9],[3023.5,621.0],[3023.0,620.5],[3021.1,620.5]]}},{"type":"Feature","properties":{"id":"p:texto-negro:638","n":2,"sc":"#000000"},"geometry":{"type":"LineString","coordinates":[[3028.3,620.5],[3028.3,630.6],[3033.1,630.6]]}},{"type":"Feature","properties":{"id":"p:texto-negro:639","n":10,"sc":"#000000"},"geometry":{"type":"LineString","coordinates":[[3035.5,630.6],[3035.5,620.5],[3039.4,620.5],[3040.3,621.0],[3040.8,621.4],[3041.3,622.4],[3041.3,623.8],[3040.8,624.8],[3040.3,625.3],[3039.4,625.8],[3035.5,625.8]]}},{"type":"Feature","properties":{"id":"p:texto-negro:640","n":2,"sc":"#000000"},"geometry":{"type":"LineString","coordinates":[[3044.2,630.6],[3044.2,620.5],[3049.4,620.5]]}},{"type":"Feature","properties":{"id":"p:texto-negro:641","n":1,"sc":"#000000"},"geometry":{"type":"LineString","coordinates":[[3044.2,625.3],[3047.5,625.3]]}},{"type":"Feature","properties":{"id":"p:texto-negro:642","n":1,"sc":"#000000"},"geometry":{"type":"LineString","coordinates":[[3044.2,630.6],[3049.4,630.6]]}},{"type":"Feature","properties":{"id":"p:texto-negro:643","n":12,"sc":"#000000"},"geometry":{"type":"LineString","coordinates":[[3061.0,630.6],[3061.0,620.5],[3063.8,620.5],[3065.3,621.0],[3065.8,621.9],[3066.2,622.9],[3066.7,624.3],[3066.7,626.7],[3066.2,628.2],[3065.8,629.1],[3065.3,630.1],[3063.8,630.6],[3061.0,630.6]]}},{"type":"Feature","properties":{"id":"p:texto-negro:644","n":2,"sc":"#000000"},"geometry":{"type":"LineString","coordinates":[[3069.6,631.0],[3069.6,620.5],[3075.4,620.5]]}},{"type":"Feature","properties":{"id":"p:texto-negro:645","n":1,"sc":"#000000"},"geometry":{"type":"LineString","coordinates":[[3069.6,625.3],[3073.0,625.3]]}},{"type":"Feature","properties":{"id":"p:texto-negro:646","n":1,"sc":"#000000"},"geometry":{"type":"LineString","coordinates":[[3069.6,631.0],[3075.4,631.0]]}},{"type":"Feature","properties":{"id":"p:texto-negro:647","n":2,"sc":"#000000"},"geometry":{"type":"LineString","coordinates":[[3085.0,631.0],[3088.3,620.5],[3091.7,631.0]]}},{"type":"Feature","properties":{"id":"p:texto-negro:648","n":1,"sc":"#000000"},"geometry":{"type":"LineString","coordinates":[[3086.4,627.2],[3090.7,627.2]]}},{"type":"Feature","properties":{"id":"p:texto-negro:649","n":10,"sc":"#000000"},"geometry":{"type":"LineString","coordinates":[[3094.1,631.0],[3094.1,620.5],[3097.9,620.5],[3098.9,621.0],[3099.4,621.4],[3099.8,622.4],[3099.8,623.4],[3099.4,624.3],[3098.9,624.8],[3097.9,625.3],[3094.1,625.3]]}},{"type":"Feature","properties":{"id":"p:texto-negro:650","n":1,"sc":"#000000"},"geometry":{"type":"LineString","coordinates":[[3097.0,625.3],[3099.8,631.0]]}},{"type":"Feature","properties":{"id":"p:texto-negro:651","n":1,"sc":"#000000"},"geometry":{"type":"LineString","coordinates":[[3102.7,620.5],[3102.7,631.0]]}},{"type":"Feature","properties":{"id":"p:texto-negro:652","n":2,"sc":"#000000"},"geometry":{"type":"LineString","coordinates":[[3106.1,631.0],[3106.1,620.5],[3111.4,620.5]]}},{"type":"Feature","properties":{"id":"p:texto-negro:653","n":1,"sc":"#000000"},"geometry":{"type":"LineString","coordinates":[[3106.1,625.3],[3109.4,625.3]]}},{"type":"Feature","properties":{"id":"p:texto-negro:654","n":1,"sc":"#000000"},"geometry":{"type":"LineString","coordinates":[[3106.1,631.0],[3111.4,631.0]]}},{"type":"Feature","properties":{"id":"p:texto-negro:655","n":1,"sc":"#000000"},"geometry":{"type":"LineString","coordinates":[[3115.7,620.5],[3115.7,631.0]]}},{"type":"Feature","properties":{"id":"p:texto-negro:656","n":1,"sc":"#000000"},"geometry":{"type":"LineString","coordinates":[[3112.8,620.5],[3118.6,620.5]]}},{"type":"Feature","properties":{"id":"p:texto-negro:657","n":2,"sc":"#000000"},"geometry":{"type":"LineString","coordinates":[[3121.0,631.0],[3121.0,620.5],[3126.2,620.5]]}},{"type":"Feature","properties":{"id":"p:texto-negro:658","n":1,"sc":"#000000"},"geometry":{"type":"LineString","coordinates":[[3121.0,625.3],[3124.3,625.3]]}},{"type":"Feature","properties":{"id":"p:texto-negro:659","n":1,"sc":"#000000"},"geometry":{"type":"LineString","coordinates":[[3121.0,631.0],[3126.2,631.0]]}},{"type":"Feature","properties":{"id":"p:texto-negro:660","n":2,"sc":"#000000"},"geometry":{"type":"LineString","coordinates":[[1500.5,1999.0],[1504.3,2009.6],[1508.6,1999.0]]}},{"type":"Feature","properties":{"id":"p:texto-negro:661","n":1,"sc":"#000000"},"geometry":{"type":"LineString","coordinates":[[1513.4,1998.1],[1515.4,1997.1]]}},{"type":"Feature","properties":{"id":"p:texto-negro:662","n":2,"sc":"#000000"},"geometry":{"type":"LineString","coordinates":[[1509.6,2009.6],[1513.4,1999.0],[1517.3,2009.6]]}},{"type":"Feature","properties":{"id":"p:texto-negro:663","n":1,"sc":"#000000"},"geometry":{"type":"LineString","coordinates":[[1511.0,2006.2],[1515.8,2006.2]]}},{"type":"Feature","properties":{"id":"p:texto-negro:664","n":2,"sc":"#000000"},"geometry":{"type":"LineString","coordinates":[[1520.2,1999.0],[1520.2,2009.6],[1525.9,2009.6]]}},{"type":"Feature","properties":{"id":"p:texto-negro:665","n":2,"sc":"#000000"},"geometry":{"type":"LineString","coordinates":[[1526.9,1999.0],[1531.2,2009.6],[1535.0,1999.0]]}},{"type":"Feature","properties":{"id":"p:texto-negro:666","n":9,"sc":"#000000"},"geometry":{"type":"LineString","coordinates":[[1537.4,1999.0],[1537.4,2006.7],[1537.9,2008.2],[1539.4,2009.1],[1540.8,2009.6],[1541.8,2009.6],[1543.2,2009.1],[1544.2,2008.2],[1544.6,2006.7],[1544.6,1999.0]]}},{"type":"Feature","properties":{"id":"p:texto-negro:667","n":2,"sc":"#000000"},"geometry":{"type":"LineString","coordinates":[[1549.0,1999.0],[1549.0,2009.6],[1554.7,2009.6]]}},{"type":"Feature","properties":{"id":"p:texto-negro:668","n":2,"sc":"#000000"},"geometry":{"type":"LineString","coordinates":[[1555.7,2009.6],[1560,1999.0],[1563.8,2009.6]]}},{"type":"Feature","properties":{"id":"p:texto-negro:669","n":1,"sc":"#000000"},"geometry":{"type":"LineString","coordinates":[[1557.1,2006.2],[1562.4,2006.2]]}},{"type":"Feature","properties":{"id":"p:texto-negro:670","n":12,"sc":"#000000"},"geometry":{"type":"LineString","coordinates":[[1576.8,2009.6],[1576.8,1999.0],[1580.6,1999.0],[1582.1,1999.5],[1583.0,2000.5],[1583.5,2001.4],[1584,2003.4],[1584,2005.8],[1583.5,2007.2],[1583.0,2008.2],[1582.1,2009.1],[1580.6,2009.6],[1576.8,2009.6]]}},{"type":"Feature","properties":{"id":"p:texto-negro:671","n":2,"sc":"#000000"},"geometry":{"type":"LineString","coordinates":[[1587.4,2009.6],[1587.4,1999.0],[1594.1,1999.0]]}},{"type":"Feature","properties":{"id":"p:texto-negro:672","n":1,"sc":"#000000"},"geometry":{"type":"LineString","coordinates":[[1587.4,2004.3],[1591.7,2004.3]]}},{"type":"Feature","properties":{"id":"p:texto-negro:673","n":1,"sc":"#000000"},"geometry":{"type":"LineString","coordinates":[[1587.4,2009.6],[1594.1,2009.6]]}},{"type":"Feature","properties":{"id":"p:texto-negro:674","n":2,"sc":"#000000"},"geometry":{"type":"LineString","coordinates":[[1606.1,2009.6],[1610.4,1999.0],[1614.2,2009.6]]}},{"type":"Feature","properties":{"id":"p:texto-negro:675","n":1,"sc":"#000000"},"geometry":{"type":"LineString","coordinates":[[1607.5,2006.2],[1612.8,2006.2]]}},{"type":"Feature","properties":{"id":"p:texto-negro:676","n":2,"sc":"#000000"},"geometry":{"type":"LineString","coordinates":[[1616.6,1999.0],[1616.6,2009.6],[1622.9,2009.6]]}},{"type":"Feature","properties":{"id":"p:texto-negro:677","n":1,"sc":"#000000"},"geometry":{"type":"LineString","coordinates":[[1625.3,1999.0],[1625.3,2009.6]]}},{"type":"Feature","properties":{"id":"p:texto-negro:678","n":2,"sc":"#000000"},"geometry":{"type":"LineString","coordinates":[[1627.7,1999.0],[1632,2009.6],[1635.8,1999.0]]}},{"type":"Feature","properties":{"id":"p:texto-negro:679","n":1,"sc":"#000000"},"geometry":{"type":"LineString","coordinates":[[1638.2,1999.0],[1638.2,2009.6]]}},{"type":"Feature","properties":{"id":"p:texto-negro:680","n":20,"sc":"#000000"},"geometry":{"type":"LineString","coordinates":[[1645.0,1999.0],[1644,1999.5],[1643.0,2000.5],[1642.6,2001.4],[1642.1,2003.4],[1642.1,2005.8],[1642.6,2007.2],[1643.0,2008.2],[1644,2009.1],[1645.0,2009.6],[1646.9,2009.6],[1647.8,2009.1],[1649.3,2008.2],[1649.8,2007.2],[1650.2,2005.8],[1650.2,2003.4],[1649.8,2001.4],[1649.3,2000.5],[1647.8,1999.5],[1646.9,1999.0],[1645.0,1999.0]]}},{"type":"Feature","properties":{"id":"p:texto-negro:681","n":19,"sc":"#000000"},"geometry":{"type":"LineString","coordinates":[[1522.1,2016.8],[1521.6,2015.4],[1520.6,2014.4],[1519.7,2013.9],[1517.3,2013.9],[1516.3,2014.4],[1515.4,2015.4],[1514.9,2016.8],[1514.4,2018.2],[1514.4,2020.6],[1514.9,2022.1],[1515.4,2023.0],[1516.3,2024],[1517.3,2024.5],[1519.7,2024.5],[1520.6,2024],[1521.6,2023.0],[1522.1,2022.1],[1522.1,2020.6],[1519.7,2020.6]]}},{"type":"Feature","properties":{"id":"p:texto-negro:682","n":20,"sc":"#000000"},"geometry":{"type":"LineString","coordinates":[[1528.3,2013.9],[1526.9,2014.4],[1525.9,2015.4],[1525.4,2016.8],[1525.0,2018.2],[1525.0,2020.6],[1525.4,2022.1],[1525.9,2023.0],[1526.9,2024],[1528.3,2024.5],[1530.2,2024.5],[1531.2,2024],[1532.2,2023.0],[1532.6,2022.1],[1533.1,2020.6],[1533.1,2018.2],[1532.6,2016.8],[1532.2,2015.4],[1531.2,2014.4],[1530.2,2013.9],[1528.3,2013.9]]}},{"type":"Feature","properties":{"id":"p:texto-negro:683","n":2,"sc":"#000000"},"geometry":{"type":"LineString","coordinates":[[1536.5,2013.9],[1536.5,2024.5],[1542.7,2024.5]]}},{"type":"Feature","properties":{"id":"p:texto-negro:684","n":10,"sc":"#000000"},"geometry":{"type":"LineString","coordinates":[[1545.1,2024.5],[1545.1,2013.9],[1549.9,2013.9],[1551.4,2014.4],[1551.8,2014.9],[1552.3,2016.3],[1552.3,2017.8],[1551.8,2018.7],[1551.4,2019.2],[1549.9,2019.7],[1545.1,2019.7]]}},{"type":"Feature","properties":{"id":"p:texto-negro:685","n":2,"sc":"#000000"},"geometry":{"type":"LineString","coordinates":[[1555.7,2024.5],[1555.7,2013.9],[1562.4,2013.9]]}},{"type":"Feature","properties":{"id":"p:texto-negro:686","n":1,"sc":"#000000"},"geometry":{"type":"LineString","coordinates":[[1555.7,2019.2],[1560,2019.2]]}},{"type":"Feature","properties":{"id":"p:texto-negro:687","n":1,"sc":"#000000"},"geometry":{"type":"LineString","coordinates":[[1555.7,2024.5],[1562.4,2024.5]]}},{"type":"Feature","properties":{"id":"p:texto-negro:688","n":12,"sc":"#000000"},"geometry":{"type":"LineString","coordinates":[[1575.8,2024.5],[1575.8,2013.9],[1579.7,2013.9],[1581.1,2014.4],[1582.1,2015.8],[1582.6,2016.8],[1583.0,2018.2],[1583.0,2020.6],[1582.6,2022.1],[1582.1,2023.0],[1581.1,2024],[1579.7,2024.5],[1575.8,2024.5]]}},{"type":"Feature","properties":{"id":"p:texto-negro:689","n":2,"sc":"#000000"},"geometry":{"type":"LineString","coordinates":[[1586.4,2024.5],[1586.4,2013.9],[1593.1,2013.9]]}},{"type":"Feature","properties":{"id":"p:texto-negro:690","n":1,"sc":"#000000"},"geometry":{"type":"LineString","coordinates":[[1586.4,2019.2],[1590.7,2019.2]]}},{"type":"Feature","properties":{"id":"p:texto-negro:691","n":1,"sc":"#000000"},"geometry":{"type":"LineString","coordinates":[[1586.4,2024.5],[1593.1,2024.5]]}},{"type":"Feature","properties":{"id":"p:texto-negro:692","n":2,"sc":"#000000"},"geometry":{"type":"LineString","coordinates":[[1605.1,2024.5],[1609.4,2013.9],[1613.3,2024.5]]}},{"type":"Feature","properties":{"id":"p:texto-negro:693","n":1,"sc":"#000000"},"geometry":{"type":"LineString","coordinates":[[1606.6,2021.1],[1611.8,2021.1]]}},{"type":"Feature","properties":{"id":"p:texto-negro:694","n":10,"sc":"#000000"},"geometry":{"type":"LineString","coordinates":[[1615.7,2024.5],[1615.7,2013.9],[1620.5,2013.9],[1621.9,2014.4],[1622.4,2015.4],[1622.9,2016.3],[1622.9,2017.3],[1622.4,2018.2],[1621.9,2018.7],[1620.5,2019.2],[1615.7,2019.2]]}},{"type":"Feature","properties":{"id":"p:texto-negro:695","n":1,"sc":"#000000"},"geometry":{"type":"LineString","coordinates":[[1619.5,2019.2],[1622.9,2024.5]]}},{"type":"Feature","properties":{"id":"p:texto-negro:696","n":2,"sc":"#000000"},"geometry":{"type":"LineString","coordinates":[[1626.2,2024.5],[1626.2,2013.9],[1633.0,2013.9]]}},{"type":"Feature","properties":{"id":"p:texto-negro:697","n":1,"sc":"#000000"},"geometry":{"type":"LineString","coordinates":[[1626.2,2019.2],[1630.6,2019.2]]}},{"type":"Feature","properties":{"id":"p:texto-negro:698","n":1,"sc":"#000000"},"geometry":{"type":"LineString","coordinates":[[1626.2,2024.5],[1633.0,2024.5]]}},{"type":"Feature","properties":{"id":"p:texto-negro:699","n":1,"sc":"#000000"},"geometry":{"type":"LineString","coordinates":[[1638.2,2013.9],[1638.2,2024.5]]}},{"type":"Feature","properties":{"id":"p:texto-negro:700","n":1,"sc":"#000000"},"geometry":{"type":"LineString","coordinates":[[1634.4,2013.9],[1641.6,2013.9]]}},{"type":"Feature","properties":{"id":"p:texto-negro:701","n":2,"sc":"#000000"},"geometry":{"type":"LineString","coordinates":[[1644,2024.5],[1644,2013.9],[1650.7,2013.9]]}},{"type":"Feature","properties":{"id":"p:texto-negro:702","n":1,"sc":"#000000"},"geometry":{"type":"LineString","coordinates":[[1644,2019.2],[1648.3,2019.2]]}},{"type":"Feature","properties":{"id":"p:texto-negro:703","n":1,"sc":"#000000"},"geometry":{"type":"LineString","coordinates":[[1644,2024.5],[1650.7,2025.0]]}},{"type":"Feature","properties":{"id":"p:texto-negro:704","n":1,"sc":"#000000"},"geometry":{"type":"LineString","coordinates":[[2073.1,317.1],[2073.1,327.7]]}},{"type":"Feature","properties":{"id":"p:texto-negro:705","n":1,"sc":"#000000"},"geometry":{"type":"LineString","coordinates":[[2080.3,317.1],[2080.3,327.7]]}},{"type":"Feature","properties":{"id":"p:texto-negro:706","n":1,"sc":"#000000"},"geometry":{"type":"LineString","coordinates":[[2073.1,321.9],[2080.3,321.9]]}},{"type":"Feature","properties":{"id":"p:texto-negro:707","n":12,"sc":"#000000"},"geometry":{"type":"LineString","coordinates":[[2084.2,327.7],[2084.2,317.1],[2088,317.1],[2089.4,317.6],[2090.4,318.6],[2090.9,319.5],[2091.4,321.0],[2091.4,323.4],[2090.9,324.8],[2090.4,326.2],[2089.4,327.2],[2088,327.7],[2084.2,327.7]]}},{"type":"Feature","properties":{"id":"p:texto-negro:708","n":10,"sc":"#000000"},"geometry":{"type":"LineString","coordinates":[[2095.2,327.7],[2095.2,317.1],[2099.5,317.1],[2101.0,317.6],[2101.4,318.1],[2101.9,319.0],[2101.9,320.5],[2101.4,321.4],[2101.0,321.9],[2099.5,322.4],[2095.2,322.4]]}},{"type":"Feature","properties":{"id":"p:texto-negro:709","n":2,"sc":"#000000"},"geometry":{"type":"LineString","coordinates":[[2105.8,327.7],[2105.8,317.1],[2112,317.1]]}},{"type":"Feature","properties":{"id":"p:texto-negro:710","n":1,"sc":"#000000"},"geometry":{"type":"LineString","coordinates":[[2105.8,321.9],[2109.6,321.9]]}},{"type":"Feature","properties":{"id":"p:texto-negro:711","n":1,"sc":"#000000"},"geometry":{"type":"LineString","coordinates":[[2105.8,327.7],[2112,327.7]]}},{"type":"Feature","properties":{"id":"p:texto-negro:712","n":12,"sc":"#000000"},"geometry":{"type":"LineString","coordinates":[[2125.9,327.7],[2125.9,317.1],[2129.3,317.1],[2130.7,317.6],[2131.7,318.6],[2132.2,319.5],[2132.6,321.0],[2132.6,323.4],[2132.2,324.8],[2131.7,325.8],[2130.7,327.2],[2129.3,327.7],[2125.9,327.7]]}},{"type":"Feature","properties":{"id":"p:texto-negro:713","n":3,"sc":"#000000"},"geometry":{"type":"LineString","coordinates":[[2136.5,327.7],[2136.5,317.1],[2143.2,327.7],[2143.2,317.1]]}},{"type":"Feature","properties":{"id":"p:texto-negro:714","n":13,"sc":"#000000"},"geometry":{"type":"LineString","coordinates":[[2158.1,319.5],[2158.1,319.0],[2158.6,318.1],[2159.0,317.6],[2160,317.1],[2161.9,317.1],[2162.9,317.6],[2163.4,318.1],[2163.8,319.0],[2163.8,320],[2163.4,321.0],[2162.4,322.4],[2157.6,327.7],[2164.3,327.7]]}},{"type":"Feature","properties":{"id":"p:texto-negro:715","n":16,"sc":"#000000"},"geometry":{"type":"LineString","coordinates":[[2173.4,317.1],[2168.6,317.1],[2168.2,321.4],[2168.6,321.0],[2170.1,320.5],[2171.5,320.5],[2173.0,321.0],[2173.9,321.9],[2174.4,323.4],[2174.4,324.3],[2173.9,325.8],[2173.0,327.2],[2171.5,327.7],[2170.1,327.7],[2168.6,327.2],[2168.2,326.2],[2167.7,325.3]]}},{"type":"Feature","properties":{"id":"p:texto-negro:716","n":10,"sc":"#000000"},"geometry":{"type":"LineString","coordinates":[[2188.8,327.7],[2188.8,316.6],[2193.1,316.6],[2194.6,317.6],[2195.5,318.1],[2196,319.0],[2196,320.5],[2195.5,321.4],[2194.6,321.9],[2193.1,322.4],[2188.8,322.4]]}},{"type":"Feature","properties":{"id":"p:texto-negro:717","n":3,"sc":"#000000"},"geometry":{"type":"LineString","coordinates":[[2199.4,327.7],[2199.4,316.6],[2206.6,327.7],[2206.6,316.6]]}},{"type":"Feature","properties":{"id":"p:texto-negro:718","n":3,"sc":"#000000"},"geometry":{"type":"LineString","coordinates":[[2221.9,319.0],[2222.9,318.6],[2224.3,316.6],[2224.3,327.7]]}},{"type":"Feature","properties":{"id":"p:texto-negro:719","n":16,"sc":"#000000"},"geometry":{"type":"LineString","coordinates":[[2233.4,316.6],[2232,317.1],[2231.0,319.0],[2230.6,321.4],[2230.6,322.9],[2231.0,325.3],[2232,326.7],[2233.4,327.7],[2234.4,327.7],[2236.3,326.7],[2237.3,325.3],[2237.8,322.9],[2237.8,321.4],[2237.3,319.0],[2236.3,317.1],[2234.4,316.6],[2233.4,316.6]]}},{"type":"Feature","properties":{"id":"p:texto-negro:720","n":2,"sc":"#000000"},"geometry":{"type":"LineString","coordinates":[[2028.5,412.2],[2064.5,329.1],[2254.1,329.1]]}},{"type":"Feature","properties":{"id":"p:texto-negro:721","n":1,"sc":"#000000"},"geometry":{"type":"LineString","coordinates":[[1604.2,627.7],[1604.2,638.2]]}},{"type":"Feature","properties":{"id":"p:texto-negro:722","n":1,"sc":"#000000"},"geometry":{"type":"LineString","coordinates":[[1610.9,627.7],[1610.9,638.2]]}},{"type":"Feature","properties":{"id":"p:texto-negro:723","n":1,"sc":"#000000"},"geometry":{"type":"LineString","coordinates":[[1604.2,633.0],[1610.9,633.0]]}},{"type":"Feature","properties":{"id":"p:texto-negro:724","n":12,"sc":"#000000"},"geometry":{"type":"LineString","coordinates":[[1615.2,638.2],[1615.2,627.7],[1618.6,627.7],[1620,628.2],[1621.0,629.1],[1621.4,630.6],[1621.9,632],[1621.9,634.4],[1621.4,635.8],[1621.0,636.8],[1620,637.8],[1618.6,638.2],[1615.2,638.2]]}},{"type":"Feature","properties":{"id":"p:texto-negro:725","n":10,"sc":"#000000"},"geometry":{"type":"LineString","coordinates":[[1625.8,638.2],[1625.8,627.7],[1630.1,627.7],[1631.5,628.2],[1632.5,628.6],[1633.0,630.1],[1633.0,631.5],[1632,632.5],[1631.5,633.0],[1630.1,633.4],[1625.8,633.4]]}},{"type":"Feature","properties":{"id":"p:texto-negro:726","n":2,"sc":"#000000"},"geometry":{"type":"LineString","coordinates":[[1636.3,638.2],[1636.3,627.7],[1643.0,627.7]]}},{"type":"Feature","properties":{"id":"p:texto-negro:727","n":1,"sc":"#000000"},"geometry":{"type":"LineString","coordinates":[[1636.3,633.0],[1640.2,633.0]]}},{"type":"Feature","properties":{"id":"p:texto-negro:728","n":1,"sc":"#000000"},"geometry":{"type":"LineString","coordinates":[[1636.3,638.2],[1643.0,638.2]]}},{"type":"Feature","properties":{"id":"p:texto-negro:729","n":12,"sc":"#000000"},"geometry":{"type":"LineString","coordinates":[[1656.5,638.2],[1656.5,627.7],[1659.8,627.7],[1661.3,628.2],[1662.7,629.6],[1663.2,630.6],[1663.7,632],[1663.7,634.4],[1663.2,635.8],[1662.7,636.8],[1661.3,637.8],[1659.8,638.2],[1656.5,638.2]]}},{"type":"Feature","properties":{"id":"p:texto-negro:730","n":3,"sc":"#000000"},"geometry":{"type":"LineString","coordinates":[[1667.0,638.2],[1667.0,627.7],[1674.2,638.2],[1674.2,627.7]]}},{"type":"Feature","properties":{"id":"p:texto-negro:731","n":13,"sc":"#000000"},"geometry":{"type":"LineString","coordinates":[[1688.6,630.6],[1688.6,630.1],[1689.1,629.1],[1689.6,628.2],[1690.6,627.7],[1693.0,627.7],[1693.9,628.2],[1694.4,629.1],[1694.9,630.1],[1694.9,631.0],[1694.4,632],[1693.4,633.4],[1688.2,638.2],[1695.4,638.2]]}},{"type":"Feature","properties":{"id":"p:texto-negro:732","n":16,"sc":"#000000"},"geometry":{"type":"LineString","coordinates":[[1704.5,627.7],[1699.2,627.7],[1698.7,632.5],[1699.2,632],[1700.6,631.5],[1702.1,631.5],[1704,632],[1705.0,633.0],[1705.4,634.4],[1705.4,635.4],[1705.0,636.8],[1704,637.8],[1702.1,638.2],[1700.6,638.2],[1699.2,637.8],[1698.7,637.3],[1698.2,636.3]]}},{"type":"Feature","properties":{"id":"p:texto-negro:733","n":10,"sc":"#000000"},"geometry":{"type":"LineString","coordinates":[[1719.4,638.7],[1719.4,627.7],[1724.2,627.7],[1725.6,628.6],[1726.1,629.1],[1726.6,630.1],[1726.6,631.5],[1726.1,632.5],[1725.6,633.0],[1724.2,633.4],[1719.4,633.4]]}},{"type":"Feature","properties":{"id":"p:texto-negro:734","n":3,"sc":"#000000"},"geometry":{"type":"LineString","coordinates":[[1729.9,638.7],[1729.9,627.7],[1737.1,638.7],[1737.1,627.7]]}},{"type":"Feature","properties":{"id":"p:texto-negro:735","n":3,"sc":"#000000"},"geometry":{"type":"LineString","coordinates":[[1753.0,630.1],[1753.9,629.6],[1755.4,627.7],[1755.4,638.7]]}},{"type":"Feature","properties":{"id":"p:texto-negro:736","n":16,"sc":"#000000"},"geometry":{"type":"LineString","coordinates":[[1764.5,627.7],[1763.0,628.6],[1761.6,630.1],[1761.1,632.5],[1761.1,633.9],[1761.6,636.3],[1763.0,638.2],[1764.5,638.7],[1765.4,638.7],[1766.9,638.2],[1767.8,636.3],[1768.3,633.9],[1768.3,632.5],[1767.8,630.1],[1766.9,628.6],[1765.4,627.7],[1764.5,627.7]]}},{"type":"Feature","properties":{"id":"p:texto-negro:737","n":2,"sc":"#000000"},"geometry":{"type":"LineString","coordinates":[[1854.7,727.5],[1777.4,640.2],[1587.4,640.2]]}},{"type":"Feature","properties":{"id":"p:texto-negro:738","n":1,"sc":"#000000"},"geometry":{"type":"LineString","coordinates":[[1645.0,371.8],[1645.0,382.4]]}},{"type":"Feature","properties":{"id":"p:texto-negro:739","n":1,"sc":"#000000"},"geometry":{"type":"LineString","coordinates":[[1651.7,371.8],[1651.7,382.4]]}},{"type":"Feature","properties":{"id":"p:texto-negro:740","n":1,"sc":"#000000"},"geometry":{"type":"LineString","coordinates":[[1645.0,377.1],[1651.7,377.1]]}},{"type":"Feature","properties":{"id":"p:texto-negro:741","n":12,"sc":"#000000"},"geometry":{"type":"LineString","coordinates":[[1656,382.4],[1656,371.8],[1659.4,371.8],[1660.8,372.3],[1661.8,373.3],[1662.2,374.2],[1662.7,376.2],[1662.7,378.6],[1662.2,380],[1661.8,381.0],[1660.8,381.9],[1659.4,382.4],[1656,382.4]]}},{"type":"Feature","properties":{"id":"p:texto-negro:742","n":10,"sc":"#000000"},"geometry":{"type":"LineString","coordinates":[[1666.6,382.4],[1666.6,371.8],[1670.9,371.8],[1672.3,372.3],[1672.8,372.8],[1673.3,373.8],[1673.3,375.7],[1672.8,376.6],[1672.3,377.1],[1670.9,377.6],[1666.6,377.6]]}},{"type":"Feature","properties":{"id":"p:texto-negro:743","n":2,"sc":"#000000"},"geometry":{"type":"LineString","coordinates":[[1677.1,382.4],[1677.1,371.8],[1683.4,371.8]]}},{"type":"Feature","properties":{"id":"p:texto-negro:744","n":1,"sc":"#000000"},"geometry":{"type":"LineString","coordinates":[[1677.1,377.1],[1681.0,377.1]]}},{"type":"Feature","properties":{"id":"p:texto-negro:745","n":1,"sc":"#000000"},"geometry":{"type":"LineString","coordinates":[[1677.1,382.4],[1683.4,382.4]]}},{"type":"Feature","properties":{"id":"p:texto-negro:746","n":12,"sc":"#000000"},"geometry":{"type":"LineString","coordinates":[[1697.3,382.4],[1697.3,371.8],[1700.6,371.8],[1702.1,372.3],[1703.0,373.3],[1703.5,374.7],[1704,376.2],[1704,378.6],[1703.5,380],[1703.0,381.0],[1702.1,381.9],[1700.6,382.4],[1697.3,382.4]]}},{"type":"Feature","properties":{"id":"p:texto-negro:747","n":3,"sc":"#000000"},"geometry":{"type":"LineString","coordinates":[[1707.8,382.4],[1707.8,371.8],[1715.0,382.4],[1715.0,371.8]]}},{"type":"Feature","properties":{"id":"p:texto-negro:748","n":13,"sc":"#000000"},"geometry":{"type":"LineString","coordinates":[[1729.4,374.7],[1729.4,374.2],[1729.9,372.8],[1730.4,372.3],[1731.4,371.8],[1733.3,371.8],[1734.2,372.3],[1735.2,372.8],[1735.7,374.2],[1735.7,375.2],[1735.2,376.2],[1733.8,377.6],[1729.0,382.4],[1736.2,382.4]]}},{"type":"Feature","properties":{"id":"p:texto-negro:749","n":16,"sc":"#000000"},"geometry":{"type":"LineString","coordinates":[[1745.3,371.8],[1740,371.8],[1739.5,376.6],[1740,376.2],[1741.4,375.7],[1742.9,375.7],[1744.3,376.2],[1745.8,377.1],[1746.2,378.6],[1746.2,379.5],[1745.8,381.0],[1744.3,381.9],[1742.9,382.4],[1741.4,382.4],[1740,381.9],[1739.5,381.4],[1739.0,380.5]]}},{"type":"Feature","properties":{"id":"p:texto-negro:750","n":10,"sc":"#000000"},"geometry":{"type":"LineString","coordinates":[[1760.2,382.4],[1760.2,371.8],[1765.0,371.8],[1766.4,372.3],[1766.9,372.8],[1767.4,374.2],[1767.4,375.7],[1766.9,376.6],[1766.4,377.1],[1765.0,377.6],[1760.2,377.6]]}},{"type":"Feature","properties":{"id":"p:texto-negro:751","n":3,"sc":"#000000"},"geometry":{"type":"LineString","coordinates":[[1770.7,382.4],[1770.7,371.8],[1777.9,382.4],[1777.9,371.8]]}},{"type":"Feature","properties":{"id":"p:texto-negro:752","n":3,"sc":"#000000"},"geometry":{"type":"LineString","coordinates":[[1793.3,374.2],[1794.2,373.8],[1796.2,371.8],[1796.2,382.4]]}},{"type":"Feature","properties":{"id":"p:texto-negro:753","n":16,"sc":"#000000"},"geometry":{"type":"LineString","coordinates":[[1805.3,371.8],[1803.4,372.3],[1802.4,374.2],[1801.9,376.6],[1801.9,378.1],[1802.4,380.5],[1803.4,381.9],[1805.3,382.4],[1806.2,382.4],[1807.7,381.9],[1808.6,380.5],[1809.1,378.1],[1809.1,376.6],[1808.6,374.2],[1807.7,372.3],[1806.2,371.8],[1805.3,371.8]]}},{"type":"Feature","properties":{"id":"p:texto-negro:754","n":2,"sc":"#000000"},"geometry":{"type":"LineString","coordinates":[[1897.4,443.8],[1818.2,384.3],[1628.2,384.3]]}},{"type":"Feature","properties":{"id":"p:texto-negro:755","n":1,"sc":"#000000"},"geometry":{"type":"LineString","coordinates":[[3812.6,2230.4],[3812.6,2241.0]]}},{"type":"Feature","properties":{"id":"p:texto-negro:756","n":1,"sc":"#000000"},"geometry":{"type":"LineString","coordinates":[[3819.8,2230.4],[3819.8,2241.0]]}},{"type":"Feature","properties":{"id":"p:texto-negro:757","n":1,"sc":"#000000"},"geometry":{"type":"LineString","coordinates":[[3812.6,2235.7],[3819.8,2235.7]]}},{"type":"Feature","properties":{"id":"p:texto-negro:758","n":12,"sc":"#000000"},"geometry":{"type":"LineString","coordinates":[[3823.7,2241.0],[3823.7,2230.4],[3827.5,2230.4],[3829.0,2230.9],[3829.9,2231.8],[3830.4,2233.3],[3830.9,2234.7],[3830.9,2237.1],[3830.4,2238.6],[3829.9,2239.5],[3829.0,2240.5],[3827.5,2241.0],[3823.7,2241.0]]}},{"type":"Feature","properties":{"id":"p:texto-negro:759","n":10,"sc":"#000000"},"geometry":{"type":"LineString","coordinates":[[3834.2,2241.0],[3834.2,2230.4],[3839.0,2230.4],[3840.5,2230.9],[3841.0,2231.4],[3841.4,2232.3],[3841.4,2234.2],[3841.0,2235.2],[3840.5,2235.7],[3839.0,2236.2],[3834.2,2236.2]]}},{"type":"Feature","properties":{"id":"p:texto-negro:760","n":2,"sc":"#000000"},"geometry":{"type":"LineString","coordinates":[[3844.8,2241.0],[3844.8,2230.4],[3851.5,2230.4]]}},{"type":"Feature","properties":{"id":"p:texto-negro:761","n":1,"sc":"#000000"},"geometry":{"type":"LineString","coordinates":[[3844.8,2235.7],[3849.1,2235.7]]}},{"type":"Feature","properties":{"id":"p:texto-negro:762","n":1,"sc":"#000000"},"geometry":{"type":"LineString","coordinates":[[3844.8,2241.0],[3851.5,2241.0]]}},{"type":"Feature","properties":{"id":"p:texto-negro:763","n":12,"sc":"#000000"},"geometry":{"type":"LineString","coordinates":[[3865.0,2241.0],[3865.0,2230.4],[3868.8,2230.4],[3870.2,2230.9],[3871.2,2231.8],[3871.7,2233.3],[3872.2,2234.7],[3872.2,2237.1],[3871.7,2238.6],[3871.2,2239.5],[3870.2,2240.5],[3868.8,2241.0],[3865.0,2241.0]]}},{"type":"Feature","properties":{"id":"p:texto-negro:764","n":3,"sc":"#000000"},"geometry":{"type":"LineString","coordinates":[[3875.5,2241.0],[3875.5,2230.4],[3882.7,2241.0],[3882.7,2230.4]]}},{"type":"Feature","properties":{"id":"p:texto-negro:765","n":13,"sc":"#000000"},"geometry":{"type":"LineString","coordinates":[[3897.6,2233.3],[3897.6,2232.8],[3898.1,2231.4],[3898.6,2230.9],[3899.5,2230.4],[3901.4,2230.4],[3902.4,2230.9],[3902.9,2231.4],[3903.4,2232.8],[3903.4,2233.8],[3902.9,2234.7],[3901.9,2236.2],[3896.6,2241.0],[3903.8,2241.0]]}},{"type":"Feature","properties":{"id":"p:texto-negro:766","n":16,"sc":"#000000"},"geometry":{"type":"LineString","coordinates":[[3913.0,2230.4],[3908.2,2230.4],[3907.7,2235.2],[3908.2,2234.7],[3909.6,2234.2],[3911.0,2234.2],[3912.5,2234.7],[3913.4,2235.7],[3913.9,2237.1],[3913.9,2238.1],[3913.4,2239.5],[3912.5,2240.5],[3911.0,2241.0],[3909.6,2241.0],[3908.2,2240.5],[3907.7,2240],[3906.7,2239.0]]}},{"type":"Feature","properties":{"id":"p:texto-negro:767","n":10,"sc":"#000000"},"geometry":{"type":"LineString","coordinates":[[3928.3,2241.0],[3928.3,2230.4],[3932.6,2230.4],[3934.1,2230.9],[3934.6,2231.4],[3935.0,2232.8],[3935.0,2234.2],[3934.6,2235.2],[3934.1,2235.7],[3932.6,2236.2],[3928.3,2236.2]]}},{"type":"Feature","properties":{"id":"p:texto-negro:768","n":3,"sc":"#000000"},"geometry":{"type":"LineString","coordinates":[[3938.9,2241.0],[3938.9,2230.4],[3945.6,2241.0],[3945.6,2230.4]]}},{"type":"Feature","properties":{"id":"p:texto-negro:769","n":3,"sc":"#000000"},"geometry":{"type":"LineString","coordinates":[[3961.4,2232.8],[3962.4,2232.3],[3963.8,2230.4],[3963.8,2241.0]]}},{"type":"Feature","properties":{"id":"p:texto-negro:770","n":16,"sc":"#000000"},"geometry":{"type":"LineString","coordinates":[[3973.0,2230.4],[3971.5,2230.9],[3970.6,2232.8],[3970.1,2235.2],[3970.1,2236.6],[3970.6,2239.0],[3971.5,2240.5],[3973.0,2241.0],[3973.9,2241.0],[3975.4,2240.5],[3976.3,2239.0],[3976.8,2236.6],[3976.8,2235.2],[3976.3,2232.8],[3975.4,2230.9],[3973.9,2230.4],[3973.0,2230.4]]}},{"type":"Feature","properties":{"id":"p:texto-negro:771","n":2,"sc":"#000000"},"geometry":{"type":"LineString","coordinates":[[3793.9,2203.0],[3807.8,2242.9],[3978.2,2242.9]]}},{"type":"Feature","properties":{"id":"p:texto-negro:772","n":1,"sc":"#000000"},"geometry":{"type":"LineString","coordinates":[[2747.0,3216.3],[2747.0,3227.4]]}},{"type":"Feature","properties":{"id":"p:texto-negro:773","n":1,"sc":"#000000"},"geometry":{"type":"LineString","coordinates":[[2753.8,3216.3],[2753.8,3227.4]]}},{"type":"Feature","properties":{"id":"p:texto-negro:774","n":1,"sc":"#000000"},"geometry":{"type":"LineString","coordinates":[[2747.0,3221.6],[2753.8,3221.6]]}},{"type":"Feature","properties":{"id":"p:texto-negro:775","n":12,"sc":"#000000"},"geometry":{"type":"LineString","coordinates":[[2758.1,3227.4],[2758.1,3216.3],[2761.4,3216.3],[2762.9,3217.3],[2763.8,3218.2],[2764.3,3219.2],[2764.8,3220.6],[2764.8,3223.0],[2764.3,3224.5],[2763.8,3225.4],[2762.9,3226.4],[2761.4,3227.4],[2758.1,3227.4]]}},{"type":"Feature","properties":{"id":"p:texto-negro:776","n":10,"sc":"#000000"},"geometry":{"type":"LineString","coordinates":[[2768.6,3227.4],[2768.6,3216.3],[2773.0,3216.3],[2774.4,3217.3],[2774.9,3217.8],[2775.4,3218.7],[2775.4,3220.2],[2774.9,3221.1],[2774.4,3221.6],[2773.0,3222.1],[2768.6,3222.1]]}},{"type":"Feature","properties":{"id":"p:texto-negro:777","n":2,"sc":"#000000"},"geometry":{"type":"LineString","coordinates":[[2779.2,3227.4],[2779.2,3216.3],[2785.4,3216.8]]}},{"type":"Feature","properties":{"id":"p:texto-negro:778","n":1,"sc":"#000000"},"geometry":{"type":"LineString","coordinates":[[2779.2,3221.6],[2783.0,3221.6]]}},{"type":"Feature","properties":{"id":"p:texto-negro:779","n":1,"sc":"#000000"},"geometry":{"type":"LineString","coordinates":[[2779.2,3227.4],[2785.4,3227.4]]}},{"type":"Feature","properties":{"id":"p:texto-negro:780","n":12,"sc":"#000000"},"geometry":{"type":"LineString","coordinates":[[2799.4,3227.4],[2799.4,3216.8],[2802.7,3216.8],[2804.2,3217.3],[2805.1,3218.2],[2805.6,3219.2],[2806.1,3220.6],[2806.1,3223.0],[2805.6,3224.5],[2805.1,3225.4],[2804.2,3226.9],[2802.7,3227.4],[2799.4,3227.4]]}},{"type":"Feature","properties":{"id":"p:texto-negro:781","n":3,"sc":"#000000"},"geometry":{"type":"LineString","coordinates":[[2809.9,3227.4],[2809.9,3216.8],[2817.1,3227.4],[2817.1,3216.8]]}},{"type":"Feature","properties":{"id":"p:texto-negro:782","n":22,"sc":"#000000"},"geometry":{"type":"LineString","coordinates":[[2837.8,3220.2],[2837.3,3221.6],[2835.8,3222.6],[2834.4,3223.0],[2833.9,3223.0],[2832.5,3222.6],[2831.5,3221.6],[2831.0,3220.2],[2831.0,3219.7],[2831.5,3218.2],[2832.5,3217.3],[2833.9,3216.8],[2834.4,3216.8],[2835.8,3217.3],[2837.3,3218.2],[2837.8,3220.2],[2837.8,3222.6],[2837.3,3225.0],[2835.8,3226.9],[2834.4,3227.4],[2833.4,3227.4],[2832,3226.9],[2831.5,3225.4]]}},{"type":"Feature","properties":{"id":"p:texto-negro:783","n":16,"sc":"#000000"},"geometry":{"type":"LineString","coordinates":[[2844,3216.8],[2842.6,3217.3],[2841.6,3218.7],[2841.1,3221.1],[2841.1,3222.6],[2841.6,3225.0],[2842.6,3226.9],[2844,3227.4],[2845.0,3227.4],[2846.9,3226.9],[2847.8,3225.0],[2848.3,3222.6],[2848.3,3221.1],[2847.8,3218.7],[2846.9,3217.3],[2845.0,3216.8],[2844,3216.8]]}},{"type":"Feature","properties":{"id":"p:texto-negro:784","n":10,"sc":"#000000"},"geometry":{"type":"LineString","coordinates":[[2862.2,3227.4],[2862.2,3216.8],[2867.0,3216.8],[2868.5,3217.3],[2869.0,3217.8],[2869.4,3218.7],[2869.4,3220.2],[2869.0,3221.1],[2868.5,3221.6],[2867.0,3222.1],[2862.2,3222.1]]}},{"type":"Feature","properties":{"id":"p:texto-negro:785","n":3,"sc":"#000000"},"geometry":{"type":"LineString","coordinates":[[2872.8,3227.4],[2872.8,3216.8],[2880,3227.4],[2880,3216.8]]}},{"type":"Feature","properties":{"id":"p:texto-negro:786","n":3,"sc":"#000000"},"geometry":{"type":"LineString","coordinates":[[2895.4,3218.7],[2896.8,3218.2],[2898.2,3216.8],[2898.2,3227.4]]}},{"type":"Feature","properties":{"id":"p:texto-negro:787","n":16,"sc":"#000000"},"geometry":{"type":"LineString","coordinates":[[2907.4,3216.8],[2905.4,3217.3],[2904.5,3218.7],[2904,3221.1],[2904,3222.6],[2904.5,3225.0],[2905.4,3226.9],[2907.4,3227.4],[2908.3,3227.4],[2909.8,3226.9],[2910.7,3225.0],[2911.2,3222.6],[2911.2,3221.1],[2910.7,3218.7],[2909.8,3217.3],[2908.3,3216.8],[2907.4,3216.8]]}},{"type":"Feature","properties":{"id":"p:texto-negro:788","n":2,"sc":"#000000"},"geometry":{"type":"LineString","coordinates":[[2709.1,3187.0],[2740.3,3228.8],[2929.9,3228.8]]}},{"type":"Feature","properties":{"id":"p:texto-negro:789","n":1,"sc":"#000000"},"geometry":{"type":"LineString","coordinates":[[1751.5,848],[1751.5,858.6]]}},{"type":"Feature","properties":{"id":"p:texto-negro:790","n":1,"sc":"#000000"},"geometry":{"type":"LineString","coordinates":[[1758.7,848],[1758.7,858.6]]}},{"type":"Feature","properties":{"id":"p:texto-negro:791","n":1,"sc":"#000000"},"geometry":{"type":"LineString","coordinates":[[1751.5,853.3],[1758.7,853.3]]}},{"type":"Feature","properties":{"id":"p:texto-negro:792","n":12,"sc":"#000000"},"geometry":{"type":"LineString","coordinates":[[1762.6,858.6],[1762.6,848],[1765.9,848],[1767.8,848.5],[1768.8,849.4],[1769.3,850.9],[1769.8,852.3],[1769.8,854.7],[1769.3,856.2],[1768.8,857.1],[1767.8,858.1],[1765.9,858.6],[1762.6,858.6]]}},{"type":"Feature","properties":{"id":"p:texto-negro:793","n":10,"sc":"#000000"},"geometry":{"type":"LineString","coordinates":[[1773.1,858.6],[1773.1,848],[1777.9,848],[1779.4,848.5],[1779.8,849.0],[1780.3,850.4],[1780.3,851.8],[1779.8,852.8],[1779.4,853.3],[1777.9,853.8],[1773.1,853.8]]}},{"type":"Feature","properties":{"id":"p:texto-negro:794","n":2,"sc":"#000000"},"geometry":{"type":"LineString","coordinates":[[1783.7,858.6],[1783.7,848],[1790.4,848]]}},{"type":"Feature","properties":{"id":"p:texto-negro:795","n":1,"sc":"#000000"},"geometry":{"type":"LineString","coordinates":[[1783.7,853.3],[1788,853.3]]}},{"type":"Feature","properties":{"id":"p:texto-negro:796","n":1,"sc":"#000000"},"geometry":{"type":"LineString","coordinates":[[1783.7,858.6],[1790.4,858.6]]}},{"type":"Feature","properties":{"id":"p:texto-negro:797","n":12,"sc":"#000000"},"geometry":{"type":"LineString","coordinates":[[1803.8,858.6],[1803.8,848],[1807.7,848],[1809.1,848.5],[1810.1,849.9],[1810.6,850.9],[1811.0,852.3],[1811.0,854.7],[1810.6,856.2],[1810.1,857.1],[1809.1,858.1],[1807.7,858.6],[1803.8,858.6]]}},{"type":"Feature","properties":{"id":"p:texto-negro:798","n":3,"sc":"#000000"},"geometry":{"type":"LineString","coordinates":[[1814.4,858.6],[1814.4,848],[1821.6,858.6],[1821.6,848]]}},{"type":"Feature","properties":{"id":"p:texto-negro:799","n":13,"sc":"#000000"},"geometry":{"type":"LineString","coordinates":[[1836,850.9],[1836,850.4],[1836.5,849.4],[1837.4,848.5],[1838.4,848],[1840.3,848],[1841.3,848.5],[1841.8,849.4],[1842.2,850.4],[1842.2,851.4],[1841.8,852.3],[1840.8,853.8],[1835.5,858.6],[1842.7,858.6]]}},{"type":"Feature","properties":{"id":"p:texto-negro:800","n":16,"sc":"#000000"},"geometry":{"type":"LineString","coordinates":[[1851.8,848],[1846.6,848],[1846.1,852.8],[1846.6,852.3],[1848.5,851.8],[1849.9,851.8],[1851.4,852.3],[1852.3,853.3],[1852.8,854.7],[1852.8,855.7],[1852.3,857.1],[1851.4,858.1],[1849.9,858.6],[1848.5,858.6],[1846.6,858.1],[1846.1,857.6],[1845.6,856.6]]}},{"type":"Feature","properties":{"id":"p:texto-negro:801","n":10,"sc":"#000000"},"geometry":{"type":"LineString","coordinates":[[1866.7,858.6],[1866.7,848],[1871.5,848],[1873.0,848.5],[1873.4,849.4],[1873.9,850.4],[1873.9,851.8],[1873.4,852.8],[1873.0,853.3],[1871.5,853.8],[1866.7,853.8]]}},{"type":"Feature","properties":{"id":"p:texto-negro:802","n":3,"sc":"#000000"},"geometry":{"type":"LineString","coordinates":[[1877.8,859.0],[1877.8,848],[1884.5,859.0],[1884.5,848]]}},{"type":"Feature","properties":{"id":"p:texto-negro:803","n":3,"sc":"#000000"},"geometry":{"type":"LineString","coordinates":[[1900.3,850.4],[1901.3,849.9],[1902.7,848],[1902.7,859.0]]}},{"type":"Feature","properties":{"id":"p:texto-negro:804","n":16,"sc":"#000000"},"geometry":{"type":"LineString","coordinates":[[1911.8,848],[1910.4,849.0],[1909.4,850.4],[1909.0,852.8],[1909.0,854.2],[1909.4,856.6],[1910.4,858.1],[1911.8,859.0],[1912.8,859.0],[1914.2,858.1],[1915.2,856.6],[1915.7,854.2],[1915.7,852.8],[1915.2,850.4],[1914.2,849.0],[1912.8,848],[1911.8,848]]}},{"type":"Feature","properties":{"id":"p:texto-negro:805","n":1,"sc":"#000000"},"geometry":{"type":"LineString","coordinates":[[2322.7,2542.4],[2333.3,2542.9]]}},{"type":"Feature","properties":{"id":"p:texto-negro:806","n":1,"sc":"#000000"},"geometry":{"type":"LineString","coordinates":[[2322.7,2535.7],[2333.3,2535.7]]}},{"type":"Feature","properties":{"id":"p:texto-negro:807","n":1,"sc":"#000000"},"geometry":{"type":"LineString","coordinates":[[2327.5,2542.9],[2327.5,2535.7]]}},{"type":"Feature","properties":{"id":"p:texto-negro:808","n":12,"sc":"#000000"},"geometry":{"type":"LineString","coordinates":[[2333.3,2531.4],[2322.7,2531.4],[2322.7,2528],[2323.2,2526.6],[2324.2,2525.6],[2325.1,2525.1],[2326.6,2524.6],[2329.4,2524.6],[2330.9,2525.1],[2331.8,2525.6],[2332.8,2526.6],[2333.3,2528],[2333.3,2531.4]]}},{"type":"Feature","properties":{"id":"p:texto-negro:809","n":10,"sc":"#000000"},"geometry":{"type":"LineString","coordinates":[[2333.3,2520.8],[2322.7,2520.8],[2322.7,2516.5],[2323.2,2515.0],[2323.7,2514.6],[2324.6,2514.1],[2326.1,2514.1],[2327.0,2514.6],[2327.5,2515.0],[2328,2516.5],[2328,2520.8]]}},{"type":"Feature","properties":{"id":"p:texto-negro:810","n":2,"sc":"#000000"},"geometry":{"type":"LineString","coordinates":[[2333.3,2510.2],[2322.7,2510.2],[2322.7,2504]]}},{"type":"Feature","properties":{"id":"p:texto-negro:811","n":1,"sc":"#000000"},"geometry":{"type":"LineString","coordinates":[[2327.5,2510.2],[2327.5,2506.4]]}},{"type":"Feature","properties":{"id":"p:texto-negro:812","n":1,"sc":"#000000"},"geometry":{"type":"LineString","coordinates":[[2333.3,2510.2],[2333.3,2504]]}},{"type":"Feature","properties":{"id":"p:texto-negro:813","n":12,"sc":"#000000"},"geometry":{"type":"LineString","coordinates":[[2333.3,2490.1],[2322.7,2490.1],[2322.7,2486.7],[2323.2,2485.3],[2324.2,2484.3],[2325.1,2483.8],[2326.6,2483.4],[2329.4,2483.4],[2330.9,2483.8],[2331.8,2484.3],[2332.8,2485.3],[2333.3,2486.7],[2333.3,2490.1]]}},{"type":"Feature","properties":{"id":"p:texto-negro:814","n":3,"sc":"#000000"},"geometry":{"type":"LineString","coordinates":[[2333.3,2479.5],[2322.7,2479.5],[2333.3,2472.8],[2322.7,2472.8]]}},{"type":"Feature","properties":{"id":"p:texto-negro:815","n":13,"sc":"#000000"},"geometry":{"type":"LineString","coordinates":[[2325.1,2457.9],[2324.6,2457.9],[2323.7,2457.4],[2323.2,2457.0],[2322.7,2456],[2322.7,2454.1],[2323.2,2453.1],[2323.7,2452.2],[2324.6,2451.7],[2325.6,2451.7],[2326.6,2452.2],[2328.5,2453.6],[2333.3,2458.4],[2333.3,2451.2]]}},{"type":"Feature","properties":{"id":"p:texto-negro:816","n":16,"sc":"#000000"},"geometry":{"type":"LineString","coordinates":[[2322.7,2442.1],[2322.7,2447.4],[2327.0,2447.8],[2326.6,2447.4],[2326.1,2445.9],[2326.1,2444.5],[2326.6,2443.0],[2327.5,2441.6],[2329.4,2441.1],[2330.4,2441.1],[2331.8,2441.6],[2332.8,2443.0],[2333.3,2444.5],[2333.3,2445.9],[2332.8,2447.4],[2332.3,2447.8],[2331.4,2448.3]]}},{"type":"Feature","properties":{"id":"p:texto-negro:817","n":10,"sc":"#000000"},"geometry":{"type":"LineString","coordinates":[[2333.3,2427.2],[2322.7,2427.2],[2322.7,2422.9],[2323.2,2421.0],[2323.7,2420.5],[2324.6,2420],[2326.1,2420],[2327.0,2420.5],[2327.5,2421.0],[2328.5,2422.9],[2328.5,2427.2]]}},{"type":"Feature","properties":{"id":"p:texto-negro:818","n":3,"sc":"#000000"},"geometry":{"type":"LineString","coordinates":[[2333.3,2416.6],[2322.7,2416.6],[2333.3,2409.4],[2322.7,2409.4]]}},{"type":"Feature","properties":{"id":"p:texto-negro:819","n":3,"sc":"#000000"},"geometry":{"type":"LineString","coordinates":[[2324.6,2394.1],[2324.2,2393.1],[2322.7,2391.2],[2333.3,2391.2]]}},{"type":"Feature","properties":{"id":"p:texto-negro:820","n":16,"sc":"#000000"},"geometry":{"type":"LineString","coordinates":[[2322.7,2382.6],[2323.2,2384],[2324.6,2385.0],[2327.0,2385.4],[2329.0,2385.4],[2331.4,2385.0],[2332.8,2384],[2333.3,2382.6],[2333.3,2381.1],[2332.8,2379.7],[2331.4,2378.7],[2329.0,2378.2],[2327.0,2378.2],[2324.6,2378.7],[2323.2,2379.7],[2322.7,2381.1],[2322.7,2382.6]]}},{"type":"Feature","properties":{"id":"p:texto-negro:821","n":1,"sc":"#000000"},"geometry":{"type":"LineString","coordinates":[[1583.5,1162.4],[1583.5,1173.0]]}},{"type":"Feature","properties":{"id":"p:texto-negro:822","n":1,"sc":"#000000"},"geometry":{"type":"LineString","coordinates":[[1590.2,1162.4],[1590.2,1173.0]]}},{"type":"Feature","properties":{"id":"p:texto-negro:823","n":1,"sc":"#000000"},"geometry":{"type":"LineString","coordinates":[[1583.5,1167.2],[1590.2,1167.2]]}},{"type":"Feature","properties":{"id":"p:texto-negro:824","n":12,"sc":"#000000"},"geometry":{"type":"LineString","coordinates":[[1594.6,1173.0],[1594.6,1162.4],[1597.9,1162.4],[1599.4,1162.9],[1600.3,1163.8],[1600.8,1164.8],[1601.3,1166.2],[1601.3,1168.6],[1600.8,1170.1],[1600.3,1171.0],[1599.4,1172.5],[1597.9,1173.0],[1594.6,1173.0]]}},{"type":"Feature","properties":{"id":"p:texto-negro:825","n":10,"sc":"#000000"},"geometry":{"type":"LineString","coordinates":[[1605.1,1173.0],[1605.1,1162.4],[1609.4,1162.4],[1610.9,1162.9],[1611.4,1163.4],[1612.3,1164.3],[1612.3,1165.8],[1611.4,1166.7],[1610.9,1167.2],[1609.4,1167.7],[1605.1,1167.7]]}},{"type":"Feature","properties":{"id":"p:texto-negro:826","n":2,"sc":"#000000"},"geometry":{"type":"LineString","coordinates":[[1615.7,1173.0],[1615.7,1162.4],[1622.4,1162.4]]}},{"type":"Feature","properties":{"id":"p:texto-negro:827","n":1,"sc":"#000000"},"geometry":{"type":"LineString","coordinates":[[1615.7,1167.2],[1619.5,1167.2]]}},{"type":"Feature","properties":{"id":"p:texto-negro:828","n":1,"sc":"#000000"},"geometry":{"type":"LineString","coordinates":[[1615.7,1173.0],[1622.4,1173.0]]}},{"type":"Feature","properties":{"id":"p:texto-negro:829","n":12,"sc":"#000000"},"geometry":{"type":"LineString","coordinates":[[1635.8,1173.0],[1635.8,1162.4],[1639.2,1162.4],[1640.6,1162.9],[1641.6,1163.8],[1642.6,1164.8],[1643.0,1166.2],[1643.0,1168.6],[1642.6,1170.1],[1641.6,1171.0],[1640.6,1172.5],[1639.2,1173.0],[1635.8,1173.0]]}},{"type":"Feature","properties":{"id":"p:texto-negro:830","n":3,"sc":"#000000"},"geometry":{"type":"LineString","coordinates":[[1646.4,1173.0],[1646.4,1162.4],[1653.6,1173.0],[1653.6,1162.4]]}},{"type":"Feature","properties":{"id":"p:texto-negro:831","n":13,"sc":"#000000"},"geometry":{"type":"LineString","coordinates":[[1668,1164.8],[1668,1164.3],[1668.5,1163.4],[1669.0,1162.9],[1669.9,1162.4],[1672.3,1162.4],[1673.3,1162.9],[1673.8,1163.4],[1674.2,1164.3],[1674.2,1165.3],[1673.8,1166.2],[1672.8,1167.7],[1667.5,1173.0],[1674.7,1173.0]]}},{"type":"Feature","properties":{"id":"p:texto-negro:832","n":16,"sc":"#000000"},"geometry":{"type":"LineString","coordinates":[[1683.8,1162.4],[1678.6,1162.4],[1678.1,1166.7],[1678.6,1166.2],[1680,1165.8],[1681.4,1165.8],[1683.4,1166.2],[1684.3,1167.2],[1684.8,1168.6],[1684.8,1169.6],[1684.3,1171.5],[1683.4,1172.5],[1681.4,1173.0],[1680,1173.0],[1678.6,1172.5],[1678.1,1172],[1677.6,1170.6]]}},{"type":"Feature","properties":{"id":"p:texto-negro:833","n":10,"sc":"#000000"},"geometry":{"type":"LineString","coordinates":[[1698.7,1173.0],[1698.7,1162.4],[1703.5,1162.4],[1705.0,1162.9],[1705.4,1163.4],[1705.9,1164.3],[1705.9,1165.8],[1705.4,1166.7],[1705.0,1167.2],[1703.5,1167.7],[1698.7,1167.7]]}},{"type":"Feature","properties":{"id":"p:texto-negro:834","n":3,"sc":"#000000"},"geometry":{"type":"LineString","coordinates":[[1709.3,1173.0],[1709.3,1162.4],[1716.5,1173.0],[1716.5,1162.4]]}},{"type":"Feature","properties":{"id":"p:texto-negro:835","n":3,"sc":"#000000"},"geometry":{"type":"LineString","coordinates":[[1732.3,1164.3],[1733.3,1163.8],[1734.7,1162.4],[1734.7,1173.0]]}},{"type":"Feature","properties":{"id":"p:texto-negro:836","n":16,"sc":"#000000"},"geometry":{"type":"LineString","coordinates":[[1743.8,1162.4],[1742.4,1162.9],[1741.0,1164.3],[1740.5,1166.7],[1740.5,1168.2],[1741.0,1171.0],[1742.4,1172.5],[1743.8,1173.0],[1744.8,1173.0],[1746.2,1172.5],[1747.2,1171.0],[1747.7,1168.2],[1747.7,1166.7],[1747.2,1164.3],[1746.2,1162.9],[1744.8,1162.4],[1743.8,1162.4]]}},{"type":"Feature","properties":{"id":"p:texto-negro:837","n":2,"sc":"#000000"},"geometry":{"type":"LineString","coordinates":[[1549.4,1207.0],[1580.6,1177.8],[1751.0,1177.8]]}},{"type":"Feature","properties":{"id":"p:texto-negro:838","n":1,"sc":"#000000"},"geometry":{"type":"LineString","coordinates":[[2165.3,1263.2],[2165.3,1273.8]]}},{"type":"Feature","properties":{"id":"p:texto-negro:839","n":1,"sc":"#000000"},"geometry":{"type":"LineString","coordinates":[[2172.5,1263.2],[2172.5,1273.8]]}},{"type":"Feature","properties":{"id":"p:texto-negro:840","n":1,"sc":"#000000"},"geometry":{"type":"LineString","coordinates":[[2165.3,1268],[2172.5,1268]]}},{"type":"Feature","properties":{"id":"p:texto-negro:841","n":12,"sc":"#000000"},"geometry":{"type":"LineString","coordinates":[[2176.3,1273.8],[2176.3,1263.2],[2180.2,1263.2],[2181.6,1263.7],[2182.6,1264.6],[2183.0,1265.6],[2183.5,1267.0],[2183.5,1269.9],[2183.0,1271.4],[2182.6,1272.3],[2181.6,1273.3],[2180.2,1273.8],[2176.3,1273.8]]}},{"type":"Feature","properties":{"id":"p:texto-negro:842","n":10,"sc":"#000000"},"geometry":{"type":"LineString","coordinates":[[2186.9,1273.8],[2186.9,1263.2],[2191.7,1263.2],[2193.1,1263.7],[2193.6,1264.2],[2194.1,1265.1],[2194.1,1266.6],[2193.6,1267.5],[2193.1,1268],[2191.7,1268.5],[2186.9,1268.5]]}},{"type":"Feature","properties":{"id":"p:texto-negro:843","n":2,"sc":"#000000"},"geometry":{"type":"LineString","coordinates":[[2197.4,1273.8],[2197.4,1263.2],[2204.2,1263.2]]}},{"type":"Feature","properties":{"id":"p:texto-negro:844","n":1,"sc":"#000000"},"geometry":{"type":"LineString","coordinates":[[2197.4,1268],[2201.8,1268]]}},{"type":"Feature","properties":{"id":"p:texto-negro:845","n":1,"sc":"#000000"},"geometry":{"type":"LineString","coordinates":[[2197.4,1273.8],[2204.2,1273.8]]}},{"type":"Feature","properties":{"id":"p:texto-negro:846","n":12,"sc":"#000000"},"geometry":{"type":"LineString","coordinates":[[2217.6,1273.8],[2217.6,1263.2],[2221.4,1263.2],[2222.9,1263.7],[2223.8,1264.6],[2224.3,1265.6],[2224.8,1267.0],[2224.8,1269.9],[2224.3,1271.4],[2223.8,1272.3],[2222.9,1273.3],[2221.4,1273.8],[2217.6,1273.8]]}},{"type":"Feature","properties":{"id":"p:texto-negro:847","n":3,"sc":"#000000"},"geometry":{"type":"LineString","coordinates":[[2228.6,1273.8],[2228.6,1263.2],[2235.4,1273.8],[2235.4,1263.2]]}},{"type":"Feature","properties":{"id":"p:texto-negro:848","n":13,"sc":"#000000"},"geometry":{"type":"LineString","coordinates":[[2250.2,1265.6],[2250.2,1265.1],[2250.7,1264.2],[2251.2,1263.7],[2252.2,1263.2],[2254.1,1263.2],[2255.0,1263.7],[2255.5,1264.2],[2256,1265.1],[2256,1266.1],[2255.5,1267.0],[2254.6,1269.0],[2249.8,1273.8],[2256.5,1273.8]]}},{"type":"Feature","properties":{"id":"p:texto-negro:849","n":16,"sc":"#000000"},"geometry":{"type":"LineString","coordinates":[[2265.6,1263.2],[2260.8,1263.2],[2260.3,1267.5],[2260.8,1267.0],[2262.2,1266.6],[2263.7,1266.6],[2265.1,1267.0],[2266.1,1268],[2266.6,1269.9],[2266.6,1270.9],[2266.1,1272.3],[2265.1,1273.3],[2263.7,1273.8],[2262.2,1273.8],[2260.8,1273.3],[2260.3,1272.8],[2259.8,1271.8]]}},{"type":"Feature","properties":{"id":"p:texto-negro:850","n":10,"sc":"#000000"},"geometry":{"type":"LineString","coordinates":[[2281.0,1273.8],[2281.0,1263.2],[2285.3,1263.2],[2286.7,1263.7],[2287.2,1264.2],[2287.7,1265.1],[2287.7,1266.6],[2287.2,1267.5],[2286.7,1268],[2285.3,1269.0],[2281.0,1269.0]]}},{"type":"Feature","properties":{"id":"p:texto-negro:851","n":3,"sc":"#000000"},"geometry":{"type":"LineString","coordinates":[[2291.5,1273.8],[2291.5,1263.2],[2298.7,1273.8],[2298.7,1263.2]]}},{"type":"Feature","properties":{"id":"p:texto-negro:852","n":3,"sc":"#000000"},"geometry":{"type":"LineString","coordinates":[[2314.1,1265.1],[2315.0,1264.6],[2316.5,1263.2],[2316.5,1273.8]]}},{"type":"Feature","properties":{"id":"p:texto-negro:853","n":16,"sc":"#000000"},"geometry":{"type":"LineString","coordinates":[[2325.6,1263.2],[2324.2,1263.7],[2323.2,1265.1],[2322.7,1267.5],[2322.7,1269.4],[2323.2,1271.8],[2324.2,1273.3],[2325.6,1273.8],[2326.6,1273.8],[2328,1273.3],[2329.4,1271.8],[2329.9,1269.4],[2329.9,1267.5],[2329.4,1265.1],[2328,1263.7],[2326.6,1263.2],[2325.6,1263.2]]}},{"type":"Feature","properties":{"id":"p:texto-negro:854","n":1,"sc":"#000000"},"geometry":{"type":"LineString","coordinates":[[2802.2,866.7],[2812.8,866.7]]}},{"type":"Feature","properties":{"id":"p:texto-negro:855","n":1,"sc":"#000000"},"geometry":{"type":"LineString","coordinates":[[2802.2,860],[2812.8,860]]}},{"type":"Feature","properties":{"id":"p:texto-negro:856","n":1,"sc":"#000000"},"geometry":{"type":"LineString","coordinates":[[2807.5,866.7],[2807.5,860]]}},{"type":"Feature","properties":{"id":"p:texto-negro:857","n":12,"sc":"#000000"},"geometry":{"type":"LineString","coordinates":[[2812.8,855.7],[2802.2,855.7],[2802.2,852.3],[2802.7,850.9],[2804.2,849.9],[2805.1,849.0],[2806.6,848.5],[2809.0,848.5],[2810.4,849.0],[2811.4,849.9],[2812.3,850.9],[2812.8,852.3],[2812.8,855.7]]}},{"type":"Feature","properties":{"id":"p:texto-negro:858","n":10,"sc":"#000000"},"geometry":{"type":"LineString","coordinates":[[2812.8,845.1],[2802.2,845.1],[2802.2,840.8],[2802.7,838.9],[2803.2,838.4],[2804.6,837.9],[2806.1,837.9],[2807.0,838.4],[2807.5,838.9],[2808,840.8],[2808,845.1]]}},{"type":"Feature","properties":{"id":"p:texto-negro:859","n":2,"sc":"#000000"},"geometry":{"type":"LineString","coordinates":[[2812.8,834.6],[2802.2,834.6],[2802.2,827.8]]}},{"type":"Feature","properties":{"id":"p:texto-negro:860","n":1,"sc":"#000000"},"geometry":{"type":"LineString","coordinates":[[2807.5,834.6],[2807.5,830.7]]}},{"type":"Feature","properties":{"id":"p:texto-negro:861","n":1,"sc":"#000000"},"geometry":{"type":"LineString","coordinates":[[2812.8,834.6],[2812.8,827.8]]}},{"type":"Feature","properties":{"id":"p:texto-negro:862","n":12,"sc":"#000000"},"geometry":{"type":"LineString","coordinates":[[2812.8,814.4],[2802.2,814.4],[2802.2,811.0],[2802.7,809.1],[2804.2,808.2],[2805.1,807.7],[2806.6,807.2],[2809.0,807.2],[2810.4,807.7],[2811.4,808.2],[2812.3,809.6],[2812.8,811.0],[2812.8,814.4]]}},{"type":"Feature","properties":{"id":"p:texto-negro:863","n":3,"sc":"#000000"},"geometry":{"type":"LineString","coordinates":[[2812.8,803.8],[2802.2,803.8],[2812.8,796.6],[2802.2,796.6]]}},{"type":"Feature","properties":{"id":"p:texto-negro:864","n":13,"sc":"#000000"},"geometry":{"type":"LineString","coordinates":[[2805.1,782.2],[2804.6,782.2],[2803.7,781.8],[2802.7,781.3],[2802.2,780.3],[2802.2,777.9],[2802.7,777.0],[2803.7,776.5],[2804.6,776],[2805.6,776],[2806.6,776.5],[2808,777.4],[2812.8,782.7],[2812.8,775.5]]}},{"type":"Feature","properties":{"id":"p:texto-negro:865","n":16,"sc":"#000000"},"geometry":{"type":"LineString","coordinates":[[2802.2,766.4],[2802.2,771.7],[2807.0,772.2],[2806.6,771.7],[2806.1,770.2],[2806.1,768.3],[2806.6,766.9],[2807.5,765.9],[2809.0,765.4],[2809.9,765.4],[2811.4,765.9],[2812.3,766.9],[2813.3,768.3],[2813.3,770.2],[2812.3,771.7],[2811.8,772.2],[2810.9,772.6]]}},{"type":"Feature","properties":{"id":"p:texto-negro:866","n":10,"sc":"#000000"},"geometry":{"type":"LineString","coordinates":[[2813.3,751.5],[2802.2,751.5],[2802.2,746.7],[2803.2,745.3],[2803.7,744.8],[2804.6,744.3],[2806.1,744.3],[2807.0,744.8],[2807.5,745.3],[2808,746.7],[2808,751.5]]}},{"type":"Feature","properties":{"id":"p:texto-negro:867","n":3,"sc":"#000000"},"geometry":{"type":"LineString","coordinates":[[2813.3,741.0],[2802.2,741.0],[2813.3,733.8],[2802.2,733.8]]}},{"type":"Feature","properties":{"id":"p:texto-negro:868","n":3,"sc":"#000000"},"geometry":{"type":"LineString","coordinates":[[2804.6,717.9],[2804.2,717.0],[2802.7,715.5],[2813.3,715.5]]}},{"type":"Feature","properties":{"id":"p:texto-negro:869","n":16,"sc":"#000000"},"geometry":{"type":"LineString","coordinates":[[2802.7,706.4],[2803.2,707.8],[2804.6,708.8],[2807.0,709.8],[2808.5,709.8],[2810.9,708.8],[2812.8,707.8],[2813.3,706.4],[2813.3,705.4],[2812.8,704],[2810.9,703.0],[2808.5,702.6],[2807.0,702.6],[2804.6,703.0],[2803.2,704],[2802.7,705.4],[2802.7,706.4]]}},{"type":"Feature","properties":{"id":"p:texto-negro:870","n":1,"sc":"#000000"},"geometry":{"type":"LineString","coordinates":[[1186.1,1348.2],[1186.1,1358.7]]}},{"type":"Feature","properties":{"id":"p:texto-negro:871","n":1,"sc":"#000000"},"geometry":{"type":"LineString","coordinates":[[1192.8,1348.2],[1192.8,1358.7]]}},{"type":"Feature","properties":{"id":"p:texto-negro:872","n":1,"sc":"#000000"},"geometry":{"type":"LineString","coordinates":[[1186.1,1353.0],[1192.8,1353.0]]}},{"type":"Feature","properties":{"id":"p:texto-negro:873","n":12,"sc":"#000000"},"geometry":{"type":"LineString","coordinates":[[1197.1,1358.7],[1197.1,1348.2],[1200.5,1348.2],[1201.9,1348.6],[1202.9,1349.6],[1203.8,1350.6],[1204.3,1352],[1204.3,1354.4],[1203.8,1355.8],[1202.9,1356.8],[1201.9,1358.2],[1200.5,1358.7],[1197.1,1358.7]]}},{"type":"Feature","properties":{"id":"p:texto-negro:874","n":10,"sc":"#000000"},"geometry":{"type":"LineString","coordinates":[[1207.7,1358.7],[1207.7,1348.2],[1212,1348.2],[1213.9,1348.6],[1214.4,1349.1],[1214.9,1350.1],[1214.9,1351.5],[1214.4,1352.5],[1213.9,1353.0],[1212,1353.4],[1207.7,1353.4]]}},{"type":"Feature","properties":{"id":"p:texto-negro:875","n":2,"sc":"#000000"},"geometry":{"type":"LineString","coordinates":[[1218.2,1358.7],[1218.2,1348.2],[1225.0,1348.2]]}},{"type":"Feature","properties":{"id":"p:texto-negro:876","n":1,"sc":"#000000"},"geometry":{"type":"LineString","coordinates":[[1218.2,1353.0],[1222.1,1353.0]]}},{"type":"Feature","properties":{"id":"p:texto-negro:877","n":1,"sc":"#000000"},"geometry":{"type":"LineString","coordinates":[[1218.2,1358.7],[1225.0,1358.7]]}},{"type":"Feature","properties":{"id":"p:texto-negro:878","n":12,"sc":"#000000"},"geometry":{"type":"LineString","coordinates":[[1238.4,1358.7],[1238.4,1348.2],[1241.8,1348.2],[1243.2,1348.6],[1244.6,1349.6],[1245.1,1350.6],[1245.6,1352],[1245.6,1354.4],[1245.1,1355.8],[1244.6,1356.8],[1243.2,1358.2],[1241.8,1358.7],[1238.4,1358.7]]}},{"type":"Feature","properties":{"id":"p:texto-negro:879","n":3,"sc":"#000000"},"geometry":{"type":"LineString","coordinates":[[1249.0,1358.7],[1249.0,1348.2],[1256.2,1358.7],[1256.2,1348.2]]}},{"type":"Feature","properties":{"id":"p:texto-negro:880","n":13,"sc":"#000000"},"geometry":{"type":"LineString","coordinates":[[1270.6,1350.6],[1270.6,1350.1],[1271.0,1349.1],[1271.5,1348.6],[1272.5,1348.2],[1274.9,1348.2],[1275.8,1348.6],[1276.3,1349.1],[1276.8,1350.1],[1276.8,1351.0],[1276.3,1352],[1275.4,1353.4],[1270.1,1358.7],[1277.3,1358.7]]}},{"type":"Feature","properties":{"id":"p:texto-negro:881","n":16,"sc":"#000000"},"geometry":{"type":"LineString","coordinates":[[1286.4,1348.2],[1281.1,1348.2],[1280.6,1352.5],[1281.1,1352],[1282.6,1351.5],[1284.5,1351.5],[1285.9,1352],[1286.9,1353.0],[1287.4,1354.4],[1287.4,1355.4],[1286.9,1357.3],[1285.9,1358.2],[1284.5,1358.7],[1282.6,1358.7],[1281.1,1358.2],[1280.6,1357.8],[1280.2,1356.3]]}},{"type":"Feature","properties":{"id":"p:texto-negro:882","n":10,"sc":"#000000"},"geometry":{"type":"LineString","coordinates":[[1301.3,1358.7],[1301.3,1348.2],[1306.1,1348.2],[1307.5,1348.6],[1308,1349.1],[1308.5,1350.1],[1308.5,1351.5],[1308,1352.5],[1307.5,1353.0],[1306.1,1353.4],[1301.3,1353.4]]}},{"type":"Feature","properties":{"id":"p:texto-negro:883","n":3,"sc":"#000000"},"geometry":{"type":"LineString","coordinates":[[1311.8,1358.7],[1311.8,1348.2],[1319.0,1358.7],[1319.0,1348.2]]}},{"type":"Feature","properties":{"id":"p:texto-negro:884","n":3,"sc":"#000000"},"geometry":{"type":"LineString","coordinates":[[1334.9,1350.1],[1335.8,1349.6],[1337.3,1348.2],[1337.3,1358.7]]}},{"type":"Feature","properties":{"id":"p:texto-negro:885","n":16,"sc":"#000000"},"geometry":{"type":"LineString","coordinates":[[1346.4,1348.2],[1345.0,1348.6],[1344,1350.1],[1343.0,1352.5],[1343.0,1353.9],[1344,1356.8],[1345.0,1358.2],[1346.4,1358.7],[1347.4,1358.7],[1348.8,1358.2],[1349.8,1356.8],[1350.2,1353.9],[1350.2,1352.5],[1349.8,1350.1],[1348.8,1348.6],[1347.4,1348.2],[1346.4,1348.2]]}},{"type":"Feature","properties":{"id":"p:texto-negro:886","n":2,"sc":"#000000"},"geometry":{"type":"LineString","coordinates":[[1373.8,1402.9],[1355.5,1360.2],[1184.2,1360.6]]}},{"type":"Feature","properties":{"id":"p:texto-negro:887","n":2,"sc":"#000000"},"geometry":{"type":"LineString","coordinates":[[4552.8,1457.6],[4566.7,1498.4],[4644,1498.4]]}},{"type":"Feature","properties":{"id":"p:texto-negro:888","n":2,"sc":"#000000"},"geometry":{"type":"LineString","coordinates":[[2072.2,633.0],[2075.5,641.1],[2078.4,633.0]]}},{"type":"Feature","properties":{"id":"p:texto-negro:889","n":2,"sc":"#000000"},"geometry":{"type":"LineString","coordinates":[[2079.4,641.1],[2082.2,633.0],[2085.1,641.1]]}},{"type":"Feature","properties":{"id":"p:texto-negro:890","n":1,"sc":"#000000"},"geometry":{"type":"LineString","coordinates":[[2080.3,638.7],[2084.2,638.7]]}},{"type":"Feature","properties":{"id":"p:texto-negro:891","n":2,"sc":"#000000"},"geometry":{"type":"LineString","coordinates":[[2087.0,633.0],[2087.0,641.1],[2091.8,641.1]]}},{"type":"Feature","properties":{"id":"p:texto-negro:892","n":2,"sc":"#000000"},"geometry":{"type":"LineString","coordinates":[[2092.8,633.0],[2095.7,641.1],[2098.6,633.0]]}},{"type":"Feature","properties":{"id":"p:texto-negro:893","n":9,"sc":"#000000"},"geometry":{"type":"LineString","coordinates":[[2100.5,633.0],[2100.5,638.7],[2101.0,640.2],[2101.9,640.6],[2102.9,641.1],[2103.8,641.1],[2104.8,640.6],[2105.8,640.2],[2105.8,638.7],[2106.2,633.0]]}},{"type":"Feature","properties":{"id":"p:texto-negro:894","n":2,"sc":"#000000"},"geometry":{"type":"LineString","coordinates":[[2109.1,633.4],[2109.1,641.1],[2113.4,641.1]]}},{"type":"Feature","properties":{"id":"p:texto-negro:895","n":2,"sc":"#000000"},"geometry":{"type":"LineString","coordinates":[[2114.4,641.1],[2117.3,633.4],[2120.6,641.1]]}},{"type":"Feature","properties":{"id":"p:texto-negro:896","n":1,"sc":"#000000"},"geometry":{"type":"LineString","coordinates":[[2115.4,638.7],[2119.2,638.7]]}},{"type":"Feature","properties":{"id":"p:texto-negro:897","n":12,"sc":"#000000"},"geometry":{"type":"LineString","coordinates":[[2072.2,654.6],[2072.2,646.4],[2075.0,646.4],[2076,646.9],[2077.0,647.8],[2077.4,648.3],[2077.4,649.8],[2077.4,651.7],[2077.4,652.6],[2077.0,653.6],[2076,654.1],[2075.0,654.6],[2072.2,654.6]]}},{"type":"Feature","properties":{"id":"p:texto-negro:898","n":2,"sc":"#000000"},"geometry":{"type":"LineString","coordinates":[[2080.3,654.6],[2080.3,646.4],[2085.1,646.4]]}},{"type":"Feature","properties":{"id":"p:texto-negro:899","n":1,"sc":"#000000"},"geometry":{"type":"LineString","coordinates":[[2080.3,650.2],[2083.2,650.2]]}},{"type":"Feature","properties":{"id":"p:texto-negro:900","n":1,"sc":"#000000"},"geometry":{"type":"LineString","coordinates":[[2080.3,654.6],[2085.1,654.6]]}},{"type":"Feature","properties":{"id":"p:texto-negro:901","n":4,"sc":"#000000"},"geometry":{"type":"LineString","coordinates":[[2095.7,654.6],[2095.7,646.4],[2098.6,654.6],[2101.9,646.4],[2101.9,654.6]]}},{"type":"Feature","properties":{"id":"p:texto-negro:902","n":2,"sc":"#000000"},"geometry":{"type":"LineString","coordinates":[[2103.8,654.6],[2106.7,646.4],[2109.6,654.6]]}},{"type":"Feature","properties":{"id":"p:texto-negro:903","n":1,"sc":"#000000"},"geometry":{"type":"LineString","coordinates":[[2104.8,652.2],[2108.6,652.2]]}},{"type":"Feature","properties":{"id":"p:texto-negro:904","n":10,"sc":"#000000"},"geometry":{"type":"LineString","coordinates":[[2111.5,654.6],[2111.5,646.4],[2115.4,646.4],[2116.3,646.9],[2116.8,647.4],[2117.3,648.3],[2117.3,648.8],[2116.8,649.8],[2116.3,650.2],[2115.4,650.2],[2111.5,650.2]]}},{"type":"Feature","properties":{"id":"p:texto-negro:905","n":1,"sc":"#000000"},"geometry":{"type":"LineString","coordinates":[[2114.4,650.2],[2117.3,654.6]]}},{"type":"Feature","properties":{"id":"p:texto-negro:906","n":1,"sc":"#000000"},"geometry":{"type":"LineString","coordinates":[[2119.7,646.4],[2119.7,654.6]]}},{"type":"Feature","properties":{"id":"p:texto-negro:907","n":10,"sc":"#000000"},"geometry":{"type":"LineString","coordinates":[[2123.0,654.6],[2123.0,646.9],[2126.4,646.9],[2127.4,646.9],[2127.8,647.4],[2128.3,648.3],[2128.3,649.3],[2127.8,650.2],[2127.4,650.7],[2126.4,650.7],[2123.0,650.7]]}},{"type":"Feature","properties":{"id":"p:texto-negro:908","n":20,"sc":"#000000"},"geometry":{"type":"LineString","coordinates":[[2132.6,646.9],[2132.2,646.9],[2131.2,647.8],[2130.7,648.8],[2130.7,649.8],[2130.2,651.7],[2130.7,652.6],[2131.2,653.6],[2132.2,654.6],[2132.6,654.6],[2134.1,654.6],[2135.0,654.6],[2136,653.6],[2136,652.6],[2136.5,651.7],[2136.5,649.8],[2136,648.8],[2136,647.8],[2135.0,646.9],[2134.1,646.9],[2132.6,646.9]]}},{"type":"Feature","properties":{"id":"p:texto-negro:909","n":19,"sc":"#000000"},"geometry":{"type":"LineString","coordinates":[[2144.2,647.8],[2143.7,646.9],[2142.2,646.9],[2140.8,646.9],[2139.8,646.9],[2138.9,647.8],[2138.9,648.8],[2139.4,649.3],[2139.8,649.8],[2140.3,650.2],[2142.7,650.7],[2143.7,651.2],[2143.7,651.7],[2144.2,652.6],[2144.2,653.6],[2143.7,654.6],[2142.2,654.6],[2140.8,654.6],[2139.8,654.6],[2138.9,653.6]]}},{"type":"Feature","properties":{"id":"p:texto-negro:910","n":2,"sc":"#000000"},"geometry":{"type":"LineString","coordinates":[[2145.6,654.6],[2149.0,646.9],[2151.8,654.6]]}},{"type":"Feature","properties":{"id":"p:texto-negro:911","n":1,"sc":"#000000"},"geometry":{"type":"LineString","coordinates":[[2147.0,652.2],[2150.9,652.2]]}},{"type":"Feature","properties":{"id":"p:texto-negro:912","n":3,"sc":"#000000","fc":"#000000"},"geometry":{"type":"LineString","coordinates":[[2168.6,664.2],[2172.5,671.8],[2166.7,666.1],[2168.6,664.2]]}},{"type":"Feature","properties":{"id":"p:texto-negro:913","n":2,"sc":"#000000"},"geometry":{"type":"LineString","coordinates":[[2167.7,665.1],[2152.3,642.6],[2069.3,643.0]]}},{"type":"Feature","properties":{"id":"p:texto-negro:914","n":1,"sc":"#ffffff"},"geometry":{"type":"LineString","coordinates":[[1603.7,1264.6],[1775.5,1264.6]]}},{"type":"Feature","properties":{"id":"p:texto-negro:915","n":6,"sc":"#ffffff","fc":"#ffffff"},"geometry":{"type":"MultiLineString","coordinates":[[[1603.7,1246.4],[1775.5,1246.9],[1603.7,1264.6],[1603.7,1246.4]],[[1775.5,1246.9],[1603.7,1264.6],[1775.5,1264.6],[1775.5,1246.9]]]}},{"type":"Feature","properties":{"id":"p:texto-negro:916","n":1,"sc":"#000000"},"geometry":{"type":"LineString","coordinates":[[1607.0,1250.2],[1607.0,1260.8]]}},{"type":"Feature","properties":{"id":"p:texto-negro:917","n":1,"sc":"#000000"},"geometry":{"type":"LineString","coordinates":[[1614.2,1250.2],[1614.2,1260.8]]}},{"type":"Feature","properties":{"id":"p:texto-negro:918","n":1,"sc":"#000000"},"geometry":{"type":"LineString","coordinates":[[1607.0,1255.5],[1614.2,1255.5]]}},{"type":"Feature","properties":{"id":"p:texto-negro:919","n":12,"sc":"#000000"},"geometry":{"type":"LineString","coordinates":[[1618.1,1260.8],[1618.1,1250.2],[1621.9,1250.2],[1623.4,1250.7],[1624.3,1251.7],[1624.8,1252.6],[1625.3,1254.1],[1625.3,1257.0],[1624.8,1258.4],[1624.3,1259.4],[1623.4,1260.3],[1621.9,1260.8],[1618.1,1260.8]]}},{"type":"Feature","properties":{"id":"p:texto-negro:920","n":10,"sc":"#000000"},"geometry":{"type":"LineString","coordinates":[[1629.1,1260.8],[1629.1,1250.2],[1633.4,1250.2],[1634.9,1250.7],[1635.4,1251.2],[1635.8,1252.2],[1635.8,1253.6],[1635.4,1255.0],[1634.9,1255.5],[1633.4,1256],[1629.1,1256]]}},{"type":"Feature","properties":{"id":"p:texto-negro:921","n":2,"sc":"#000000"},"geometry":{"type":"LineString","coordinates":[[1639.7,1260.8],[1639.7,1250.2],[1645.9,1250.2]]}},{"type":"Feature","properties":{"id":"p:texto-negro:922","n":1,"sc":"#000000"},"geometry":{"type":"LineString","coordinates":[[1639.7,1255.5],[1643.5,1255.5]]}},{"type":"Feature","properties":{"id":"p:texto-negro:923","n":1,"sc":"#000000"},"geometry":{"type":"LineString","coordinates":[[1639.7,1260.8],[1645.9,1260.8]]}},{"type":"Feature","properties":{"id":"p:texto-negro:924","n":12,"sc":"#000000"},"geometry":{"type":"LineString","coordinates":[[1659.8,1260.8],[1659.8,1250.2],[1663.2,1250.2],[1664.6,1250.7],[1665.6,1251.7],[1666.1,1252.6],[1666.6,1254.6],[1666.6,1257.0],[1666.1,1258.4],[1665.6,1259.4],[1664.6,1260.3],[1663.2,1260.8],[1659.8,1260.8]]}},{"type":"Feature","properties":{"id":"p:texto-negro:925","n":3,"sc":"#000000"},"geometry":{"type":"LineString","coordinates":[[1670.4,1260.8],[1670.4,1250.2],[1677.1,1260.8],[1677.1,1250.2]]}},{"type":"Feature","properties":{"id":"p:texto-negro:926","n":22,"sc":"#000000"},"geometry":{"type":"LineString","coordinates":[[1697.8,1254.1],[1697.3,1255.5],[1696.3,1256.5],[1694.9,1257.0],[1694.4,1257.0],[1693.0,1256.5],[1692,1255.5],[1691.5,1254.1],[1691.5,1253.1],[1692,1251.7],[1693.0,1250.7],[1694.4,1250.2],[1694.9,1250.2],[1696.3,1250.7],[1697.3,1251.7],[1697.8,1254.1],[1697.8,1256.5],[1697.3,1258.9],[1696.3,1260.3],[1694.9,1260.8],[1693.9,1260.8],[1692.5,1260.3],[1692,1259.4]]}},{"type":"Feature","properties":{"id":"p:texto-negro:927","n":16,"sc":"#000000"},"geometry":{"type":"LineString","coordinates":[[1704.5,1250.2],[1703.0,1250.7],[1702.1,1252.2],[1701.6,1255.0],[1701.6,1256.5],[1702.1,1258.9],[1703.0,1260.3],[1704.5,1260.8],[1705.4,1260.8],[1706.9,1260.3],[1707.8,1258.9],[1708.8,1256.5],[1708.8,1255.0],[1707.8,1252.2],[1706.9,1250.7],[1705.4,1250.2],[1704.5,1250.2]]}},{"type":"Feature","properties":{"id":"p:texto-negro:928","n":10,"sc":"#000000"},"geometry":{"type":"LineString","coordinates":[[1722.7,1260.8],[1722.7,1250.2],[1727.0,1250.2],[1729.0,1250.7],[1729.4,1251.2],[1729.9,1252.2],[1729.9,1254.1],[1729.4,1255.0],[1729.0,1255.5],[1727.0,1256],[1722.7,1256]]}},{"type":"Feature","properties":{"id":"p:texto-negro:929","n":3,"sc":"#000000"},"geometry":{"type":"LineString","coordinates":[[1733.3,1260.8],[1733.3,1250.2],[1740.5,1260.8],[1740.5,1250.2]]}},{"type":"Feature","properties":{"id":"p:texto-negro:930","n":3,"sc":"#000000"},"geometry":{"type":"LineString","coordinates":[[1755.8,1252.2],[1756.8,1251.7],[1758.2,1250.2],[1758.2,1260.8]]}},{"type":"Feature","properties":{"id":"p:texto-negro:931","n":16,"sc":"#000000"},"geometry":{"type":"LineString","coordinates":[[1767.4,1250.2],[1765.9,1250.7],[1765.0,1252.2],[1764.5,1255.0],[1764.5,1256.5],[1765.0,1258.9],[1765.9,1260.3],[1767.4,1260.8],[1768.3,1260.8],[1770.2,1260.3],[1771.2,1258.9],[1771.7,1256.5],[1771.7,1255.0],[1771.2,1252.2],[1770.2,1250.7],[1768.8,1250.2],[1767.4,1250.2]]}},{"type":"Feature","properties":{"id":"p:texto-negro:932","n":1,"sc":"#ffffff"},"geometry":{"type":"LineString","coordinates":[[1634.4,1219.0],[1893.1,1219.0]]}},{"type":"Feature","properties":{"id":"p:texto-negro:933","n":6,"sc":"#ffffff","fc":"#ffffff"},"geometry":{"type":"MultiLineString","coordinates":[[[1634.4,1200.8],[1893.1,1200.8],[1634.4,1219.0],[1634.4,1200.8]],[[1893.1,1200.8],[1634.4,1219.0],[1893.1,1219.0],[1893.1,1200.8]]]}},{"type":"Feature","properties":{"id":"p:texto-negro:934","n":1,"sc":"#000000"},"geometry":{"type":"LineString","coordinates":[[1725.1,1204.6],[1725.1,1215.2]]}},{"type":"Feature","properties":{"id":"p:texto-negro:935","n":1,"sc":"#000000"},"geometry":{"type":"LineString","coordinates":[[1732.3,1204.6],[1732.3,1215.2]]}},{"type":"Feature","properties":{"id":"p:texto-negro:936","n":1,"sc":"#000000"},"geometry":{"type":"LineString","coordinates":[[1725.1,1209.4],[1732.3,1209.4]]}},{"type":"Feature","properties":{"id":"p:texto-negro:937","n":12,"sc":"#000000"},"geometry":{"type":"LineString","coordinates":[[1736.2,1215.2],[1736.2,1204.6],[1740,1204.6],[1741.4,1205.1],[1742.4,1206.1],[1742.9,1207.0],[1743.4,1208.5],[1743.4,1211.4],[1742.9,1212.8],[1742.4,1213.8],[1741.4,1214.7],[1740,1215.2],[1736.2,1215.2]]}},{"type":"Feature","properties":{"id":"p:texto-negro:938","n":10,"sc":"#000000"},"geometry":{"type":"LineString","coordinates":[[1746.7,1215.2],[1746.7,1204.6],[1751.5,1204.6],[1753.0,1205.1],[1753.4,1205.6],[1753.9,1206.6],[1753.9,1208],[1753.4,1209.0],[1753.0,1209.4],[1751.5,1210.4],[1746.7,1210.4]]}},{"type":"Feature","properties":{"id":"p:texto-negro:939","n":2,"sc":"#000000"},"geometry":{"type":"LineString","coordinates":[[1757.8,1215.2],[1757.8,1204.6],[1764,1204.6]]}},{"type":"Feature","properties":{"id":"p:texto-negro:940","n":1,"sc":"#000000"},"geometry":{"type":"LineString","coordinates":[[1757.8,1209.4],[1761.6,1209.4]]}},{"type":"Feature","properties":{"id":"p:texto-negro:941","n":1,"sc":"#000000"},"geometry":{"type":"LineString","coordinates":[[1757.8,1215.2],[1764,1215.2]]}},{"type":"Feature","properties":{"id":"p:texto-negro:942","n":12,"sc":"#000000"},"geometry":{"type":"LineString","coordinates":[[1777.9,1215.2],[1777.9,1204.6],[1781.3,1204.6],[1782.7,1205.1],[1783.7,1206.1],[1784.2,1207.0],[1784.6,1208.5],[1784.6,1211.4],[1784.2,1212.8],[1783.7,1213.8],[1782.7,1214.7],[1781.3,1215.2],[1777.9,1215.2]]}},{"type":"Feature","properties":{"id":"p:texto-negro:943","n":3,"sc":"#000000"},"geometry":{"type":"LineString","coordinates":[[1788.5,1215.2],[1788.5,1204.6],[1795.2,1215.2],[1795.2,1204.6]]}},{"type":"Feature","properties":{"id":"p:texto-negro:944","n":22,"sc":"#000000"},"geometry":{"type":"LineString","coordinates":[[1815.8,1208],[1815.4,1209.9],[1814.4,1210.9],[1813.0,1211.4],[1812.5,1211.4],[1811.0,1210.9],[1810.1,1209.9],[1809.6,1208],[1809.6,1207.5],[1810.1,1206.1],[1811.0,1205.1],[1812.5,1204.6],[1813.0,1204.6],[1814.4,1205.1],[1815.4,1206.1],[1815.8,1208],[1815.8,1210.9],[1815.4,1213.3],[1814.4,1214.7],[1813.0,1215.2],[1812,1215.2],[1810.6,1214.7],[1810.1,1213.8]]}},{"type":"Feature","properties":{"id":"p:texto-negro:945","n":16,"sc":"#000000"},"geometry":{"type":"LineString","coordinates":[[1822.6,1204.6],[1821.1,1205.1],[1820.2,1206.6],[1819.7,1209.0],[1819.7,1210.9],[1820.2,1213.3],[1821.1,1214.7],[1822.6,1215.2],[1823.5,1215.2],[1825.0,1214.7],[1825.9,1213.3],[1826.4,1210.9],[1826.4,1209.0],[1825.9,1206.6],[1825.0,1205.1],[1823.5,1204.6],[1822.6,1204.6]]}},{"type":"Feature","properties":{"id":"p:texto-negro:946","n":10,"sc":"#000000"},"geometry":{"type":"LineString","coordinates":[[1840.8,1215.2],[1840.8,1204.6],[1845.1,1204.6],[1846.6,1205.1],[1847.0,1205.6],[1848,1206.6],[1848,1208],[1847.0,1209.4],[1846.6,1209.9],[1845.1,1210.4],[1840.8,1210.4]]}},{"type":"Feature","properties":{"id":"p:texto-negro:947","n":3,"sc":"#000000"},"geometry":{"type":"LineString","coordinates":[[1851.4,1215.2],[1851.4,1204.6],[1858.6,1215.2],[1858.6,1204.6]]}},{"type":"Feature","properties":{"id":"p:texto-negro:948","n":3,"sc":"#000000"},"geometry":{"type":"LineString","coordinates":[[1873.9,1206.6],[1874.9,1206.1],[1876.3,1204.6],[1876.3,1215.2]]}},{"type":"Feature","properties":{"id":"p:texto-negro:949","n":16,"sc":"#000000"},"geometry":{"type":"LineString","coordinates":[[1885.4,1204.6],[1884,1205.1],[1883.0,1206.6],[1882.6,1209.4],[1882.6,1210.9],[1883.0,1213.3],[1884,1214.7],[1885.4,1215.2],[1886.4,1215.2],[1888.3,1214.7],[1889.3,1213.3],[1889.8,1210.9],[1889.8,1209.4],[1889.3,1206.6],[1888.3,1205.1],[1886.4,1204.6],[1885.4,1204.6]]}},{"type":"Feature","properties":{"id":"p:texto-negro:950","n":1,"sc":"#000000"},"geometry":{"type":"LineString","coordinates":[[3268.3,1075.5],[3268.3,1086.1]]}},{"type":"Feature","properties":{"id":"p:texto-negro:951","n":1,"sc":"#000000"},"geometry":{"type":"LineString","coordinates":[[3275.5,1075.5],[3275.5,1086.1]]}},{"type":"Feature","properties":{"id":"p:texto-negro:952","n":1,"sc":"#000000"},"geometry":{"type":"LineString","coordinates":[[3268.3,1080.3],[3275.5,1080.3]]}},{"type":"Feature","properties":{"id":"p:texto-negro:953","n":12,"sc":"#000000"},"geometry":{"type":"LineString","coordinates":[[3279.4,1086.1],[3279.4,1075.5],[3283.2,1075.5],[3284.6,1076],[3285.6,1077.0],[3286.1,1077.9],[3286.6,1079.4],[3286.6,1081.8],[3286.1,1083.2],[3285.6,1084.6],[3284.6,1085.6],[3282.7,1086.1],[3279.4,1086.1]]}},{"type":"Feature","properties":{"id":"p:texto-negro:954","n":10,"sc":"#000000"},"geometry":{"type":"LineString","coordinates":[[3289.9,1086.1],[3289.9,1075.5],[3294.7,1075.5],[3296.2,1076],[3296.6,1076.5],[3297.1,1077.4],[3297.1,1078.9],[3296.6,1079.8],[3296.2,1080.3],[3294.7,1080.8],[3289.9,1080.8]]}},{"type":"Feature","properties":{"id":"p:texto-negro:955","n":2,"sc":"#000000"},"geometry":{"type":"LineString","coordinates":[[3300.5,1086.1],[3300.5,1075.5],[3307.2,1075.5]]}},{"type":"Feature","properties":{"id":"p:texto-negro:956","n":1,"sc":"#000000"},"geometry":{"type":"LineString","coordinates":[[3300.5,1080.3],[3304.8,1080.3]]}},{"type":"Feature","properties":{"id":"p:texto-negro:957","n":1,"sc":"#000000"},"geometry":{"type":"LineString","coordinates":[[3300.5,1086.1],[3307.2,1086.1]]}},{"type":"Feature","properties":{"id":"p:texto-negro:958","n":12,"sc":"#000000"},"geometry":{"type":"LineString","coordinates":[[3320.6,1086.1],[3320.6,1075.5],[3324.5,1075.5],[3325.9,1076],[3326.9,1077.0],[3327.4,1077.9],[3327.8,1079.4],[3327.8,1081.8],[3327.4,1083.7],[3326.9,1084.6],[3325.9,1085.6],[3324.5,1086.1],[3320.6,1086.1]]}},{"type":"Feature","properties":{"id":"p:texto-negro:959","n":3,"sc":"#000000"},"geometry":{"type":"LineString","coordinates":[[3331.2,1086.1],[3331.2,1075.5],[3338.4,1086.1],[3338.4,1075.5]]}},{"type":"Feature","properties":{"id":"p:texto-negro:960","n":13,"sc":"#000000"},"geometry":{"type":"LineString","coordinates":[[3352.8,1077.9],[3352.8,1077.4],[3353.8,1076.5],[3354.2,1076],[3355.2,1075.5],[3357.1,1075.5],[3358.1,1076],[3358.6,1076.5],[3359.0,1077.4],[3359.0,1078.4],[3358.6,1079.4],[3357.6,1080.8],[3352.3,1086.1],[3359.5,1086.1]]}},{"type":"Feature","properties":{"id":"p:texto-negro:961","n":16,"sc":"#000000"},"geometry":{"type":"LineString","coordinates":[[3368.6,1075.5],[3363.8,1075.5],[3363.4,1079.8],[3363.8,1079.4],[3365.3,1078.9],[3366.7,1078.9],[3368.2,1079.4],[3369.1,1080.3],[3369.6,1081.8],[3369.6,1083.2],[3369.1,1084.6],[3368.2,1085.6],[3366.7,1086.1],[3365.3,1086.1],[3363.8,1085.6],[3362.9,1085.1],[3362.4,1084.2]]}},{"type":"Feature","properties":{"id":"p:texto-negro:962","n":10,"sc":"#000000"},"geometry":{"type":"LineString","coordinates":[[3384,1086.1],[3384,1075.5],[3388.3,1075.5],[3389.8,1076],[3390.2,1076.5],[3390.7,1077.4],[3390.7,1078.9],[3390.2,1079.8],[3389.8,1080.3],[3388.3,1080.8],[3384,1080.8]]}},{"type":"Feature","properties":{"id":"p:texto-negro:963","n":3,"sc":"#000000"},"geometry":{"type":"LineString","coordinates":[[3394.6,1086.1],[3394.6,1075.5],[3401.3,1086.1],[3401.3,1075.5]]}},{"type":"Feature","properties":{"id":"p:texto-negro:964","n":3,"sc":"#000000"},"geometry":{"type":"LineString","coordinates":[[3417.1,1077.4],[3418.1,1077.0],[3419.5,1075.5],[3419.5,1086.1]]}},{"type":"Feature","properties":{"id":"p:texto-negro:965","n":16,"sc":"#000000"},"geometry":{"type":"LineString","coordinates":[[3428.6,1075.5],[3427.2,1076],[3426.2,1077.4],[3425.8,1079.8],[3425.8,1081.3],[3426.2,1084.2],[3427.2,1085.6],[3428.6,1086.1],[3429.6,1086.1],[3431.0,1085.6],[3432,1084.2],[3432.5,1081.3],[3432.5,1079.8],[3432,1077.4],[3431.0,1076],[3429.6,1075.5],[3428.6,1075.5]]}},{"type":"Feature","properties":{"id":"p:texto-negro:966","n":2,"sc":"#000000"},"geometry":{"type":"LineString","coordinates":[[3210.7,1106.7],[3225.1,1087.5],[3434.9,1087.5]]}},{"type":"Feature","properties":{"id":"p:texto-negro:967","n":2,"sc":"#000000"},"geometry":{"type":"LineString","coordinates":[[3037.4,1426.9],[3040.3,1435.0],[3043.7,1426.9]]}},{"type":"Feature","properties":{"id":"p:texto-negro:968","n":2,"sc":"#000000"},"geometry":{"type":"LineString","coordinates":[[3044.2,1435.0],[3047.5,1426.9],[3050.4,1435.0]]}},{"type":"Feature","properties":{"id":"p:texto-negro:969","n":1,"sc":"#000000"},"geometry":{"type":"LineString","coordinates":[[3045.6,1432.2],[3049.4,1432.2]]}},{"type":"Feature","properties":{"id":"p:texto-negro:970","n":2,"sc":"#000000"},"geometry":{"type":"LineString","coordinates":[[3052.3,1426.9],[3052.3,1435.0],[3057.1,1435.0]]}},{"type":"Feature","properties":{"id":"p:texto-negro:971","n":2,"sc":"#000000"},"geometry":{"type":"LineString","coordinates":[[3057.6,1426.9],[3061.0,1435.0],[3063.8,1426.9]]}},{"type":"Feature","properties":{"id":"p:texto-negro:972","n":9,"sc":"#000000"},"geometry":{"type":"LineString","coordinates":[[3065.8,1426.9],[3065.8,1432.6],[3066.2,1433.6],[3067.2,1434.6],[3068.2,1435.0],[3069.1,1435.0],[3070.1,1434.6],[3071.0,1433.6],[3071.0,1432.6],[3071.0,1426.9]]}},{"type":"Feature","properties":{"id":"p:texto-negro:973","n":2,"sc":"#000000"},"geometry":{"type":"LineString","coordinates":[[3074.4,1426.9],[3074.4,1435.0],[3078.7,1435.0]]}},{"type":"Feature","properties":{"id":"p:texto-negro:974","n":2,"sc":"#000000"},"geometry":{"type":"LineString","coordinates":[[3079.7,1435.0],[3082.6,1426.9],[3085.9,1435.0]]}},{"type":"Feature","properties":{"id":"p:texto-negro:975","n":1,"sc":"#000000"},"geometry":{"type":"LineString","coordinates":[[3080.6,1432.2],[3084.5,1432.2]]}},{"type":"Feature","properties":{"id":"p:texto-negro:976","n":12,"sc":"#000000"},"geometry":{"type":"LineString","coordinates":[[3037.4,1448.5],[3037.4,1440.3],[3040.3,1440.3],[3041.3,1440.8],[3042.2,1441.3],[3042.2,1442.2],[3042.7,1443.2],[3042.7,1445.1],[3042.2,1446.6],[3042.2,1447.0],[3041.3,1448],[3040.3,1448.5],[3037.4,1448.5]]}},{"type":"Feature","properties":{"id":"p:texto-negro:977","n":2,"sc":"#000000"},"geometry":{"type":"LineString","coordinates":[[3045.6,1448.5],[3045.6,1440.3],[3050.4,1440.3]]}},{"type":"Feature","properties":{"id":"p:texto-negro:978","n":1,"sc":"#000000"},"geometry":{"type":"LineString","coordinates":[[3045.6,1444.2],[3048.5,1444.2]]}},{"type":"Feature","properties":{"id":"p:texto-negro:979","n":1,"sc":"#000000"},"geometry":{"type":"LineString","coordinates":[[3045.6,1448.5],[3050.4,1448.5]]}},{"type":"Feature","properties":{"id":"p:texto-negro:980","n":4,"sc":"#000000"},"geometry":{"type":"LineString","coordinates":[[3061.0,1448.5],[3061.0,1440.3],[3063.8,1448.5],[3066.7,1440.3],[3066.7,1448.5]]}},{"type":"Feature","properties":{"id":"p:texto-negro:981","n":2,"sc":"#000000"},"geometry":{"type":"LineString","coordinates":[[3068.6,1448.5],[3072,1440.3],[3074.9,1448.5]]}},{"type":"Feature","properties":{"id":"p:texto-negro:982","n":1,"sc":"#000000"},"geometry":{"type":"LineString","coordinates":[[3070.1,1445.6],[3073.9,1445.6]]}},{"type":"Feature","properties":{"id":"p:texto-negro:983","n":10,"sc":"#000000"},"geometry":{"type":"LineString","coordinates":[[3076.8,1448.5],[3076.8,1440.3],[3080.2,1440.3],[3081.6,1440.8],[3082.1,1441.3],[3082.1,1441.8],[3082.1,1442.7],[3082.1,1443.2],[3081.6,1443.7],[3080.2,1444.2],[3076.8,1444.2]]}},{"type":"Feature","properties":{"id":"p:texto-negro:984","n":1,"sc":"#000000"},"geometry":{"type":"LineString","coordinates":[[3079.7,1444.2],[3082.1,1448.5]]}},{"type":"Feature","properties":{"id":"p:texto-negro:985","n":1,"sc":"#000000"},"geometry":{"type":"LineString","coordinates":[[3085.0,1440.3],[3085.0,1448.5]]}},{"type":"Feature","properties":{"id":"p:texto-negro:986","n":10,"sc":"#000000"},"geometry":{"type":"LineString","coordinates":[[3087.8,1448.5],[3087.8,1440.3],[3091.7,1440.3],[3092.6,1440.8],[3093.1,1441.3],[3093.6,1441.8],[3093.6,1443.2],[3093.1,1443.7],[3092.6,1444.2],[3091.7,1444.6],[3087.8,1444.6]]}},{"type":"Feature","properties":{"id":"p:texto-negro:987","n":20,"sc":"#000000"},"geometry":{"type":"LineString","coordinates":[[3097.9,1440.3],[3097.4,1440.8],[3096.5,1441.8],[3096,1442.2],[3095.5,1443.7],[3095.5,1445.6],[3096,1446.6],[3096.5,1447.5],[3097.4,1448],[3097.9,1448.5],[3099.4,1448.5],[3100.3,1448],[3100.8,1447.5],[3101.3,1446.6],[3101.8,1445.6],[3101.8,1443.7],[3101.3,1442.2],[3101.3,1441.8],[3100.3,1440.8],[3099.4,1440.3],[3097.9,1440.3]]}},{"type":"Feature","properties":{"id":"p:texto-negro:988","n":19,"sc":"#000000"},"geometry":{"type":"LineString","coordinates":[[3109.4,1441.8],[3108.5,1440.8],[3107.5,1440.3],[3106.1,1440.3],[3105.1,1440.8],[3104.2,1441.8],[3104.2,1442.2],[3104.6,1443.2],[3104.6,1443.7],[3105.6,1443.7],[3108,1444.6],[3108.5,1445.1],[3109.0,1445.6],[3109.4,1446.1],[3109.4,1447.5],[3108.5,1448],[3107.5,1448.5],[3106.1,1448.5],[3104.6,1448],[3104.2,1447.5]]}},{"type":"Feature","properties":{"id":"p:texto-negro:989","n":2,"sc":"#000000"},"geometry":{"type":"LineString","coordinates":[[3110.9,1448.5],[3114.2,1440.3],[3117.1,1448.5]]}},{"type":"Feature","properties":{"id":"p:texto-negro:990","n":1,"sc":"#000000"},"geometry":{"type":"LineString","coordinates":[[3112.3,1445.6],[3116.2,1445.6]]}},{"type":"Feature","properties":{"id":"p:texto-negro:991","n":3,"sc":"#000000","fc":"#000000"},"geometry":{"type":"LineString","coordinates":[[3138.2,1389.9],[3143.0,1383.2],[3140.6,1390.9],[3138.2,1389.9]]}},{"type":"Feature","properties":{"id":"p:texto-negro:992","n":2,"sc":"#000000"},"geometry":{"type":"LineString","coordinates":[[3139.7,1390.4],[3117.6,1436.5],[3034.6,1437.0]]}},{"type":"Feature","properties":{"id":"p:texto-negro:993","n":2,"sc":"#000000"},"geometry":{"type":"LineString","coordinates":[[3220.8,1272.3],[3223.7,1280.5],[3227.0,1272.3]]}},{"type":"Feature","properties":{"id":"p:texto-negro:994","n":2,"sc":"#000000"},"geometry":{"type":"LineString","coordinates":[[3227.5,1280.5],[3230.9,1272.3],[3233.8,1280.5]]}},{"type":"Feature","properties":{"id":"p:texto-negro:995","n":1,"sc":"#000000"},"geometry":{"type":"LineString","coordinates":[[3229.0,1277.6],[3232.8,1278.1]]}},{"type":"Feature","properties":{"id":"p:texto-negro:996","n":2,"sc":"#000000"},"geometry":{"type":"LineString","coordinates":[[3235.7,1272.3],[3235.7,1280.5],[3240,1280.5]]}},{"type":"Feature","properties":{"id":"p:texto-negro:997","n":2,"sc":"#000000"},"geometry":{"type":"LineString","coordinates":[[3241.0,1272.3],[3243.8,1280.5],[3247.2,1272.3]]}},{"type":"Feature","properties":{"id":"p:texto-negro:998","n":9,"sc":"#000000"},"geometry":{"type":"LineString","coordinates":[[3249.1,1272.3],[3249.1,1278.1],[3249.6,1279.5],[3250.1,1280],[3251.5,1280.5],[3252,1280.5],[3253.4,1280],[3253.9,1279.5],[3254.4,1278.1],[3254.4,1272.3]]}},{"type":"Feature","properties":{"id":"p:texto-negro:999","n":2,"sc":"#000000"},"geometry":{"type":"LineString","coordinates":[[3257.3,1272.3],[3257.3,1280.5],[3262.1,1280.5]]}},{"type":"Feature","properties":{"id":"p:texto-negro:1000","n":2,"sc":"#000000"},"geometry":{"type":"LineString","coordinates":[[3263.0,1280.5],[3265.9,1272.8],[3268.8,1280.5]]}},{"type":"Feature","properties":{"id":"p:texto-negro:1001","n":1,"sc":"#000000"},"geometry":{"type":"LineString","coordinates":[[3264,1278.1],[3267.8,1278.1]]}},{"type":"Feature","properties":{"id":"p:texto-negro:1002","n":12,"sc":"#000000"},"geometry":{"type":"LineString","coordinates":[[3220.8,1293.9],[3220.8,1285.8],[3223.2,1285.8],[3224.6,1286.2],[3225.1,1287.2],[3225.6,1287.7],[3226.1,1289.1],[3226.1,1291.0],[3225.6,1292],[3225.1,1293.0],[3224.6,1293.4],[3223.2,1293.9],[3220.8,1293.9]]}},{"type":"Feature","properties":{"id":"p:texto-negro:1003","n":2,"sc":"#000000"},"geometry":{"type":"LineString","coordinates":[[3228.5,1293.9],[3228.5,1285.8],[3233.8,1285.8]]}},{"type":"Feature","properties":{"id":"p:texto-negro:1004","n":1,"sc":"#000000"},"geometry":{"type":"LineString","coordinates":[[3228.5,1289.6],[3231.8,1289.6]]}},{"type":"Feature","properties":{"id":"p:texto-negro:1005","n":1,"sc":"#000000"},"geometry":{"type":"LineString","coordinates":[[3228.5,1293.9],[3233.8,1293.9]]}},{"type":"Feature","properties":{"id":"p:texto-negro:1006","n":4,"sc":"#000000"},"geometry":{"type":"LineString","coordinates":[[3243.8,1293.9],[3243.8,1285.8],[3247.2,1293.9],[3250.1,1285.8],[3250.1,1293.9]]}},{"type":"Feature","properties":{"id":"p:texto-negro:1007","n":2,"sc":"#000000"},"geometry":{"type":"LineString","coordinates":[[3252,1293.9],[3255.4,1285.8],[3258.2,1293.9]]}},{"type":"Feature","properties":{"id":"p:texto-negro:1008","n":1,"sc":"#000000"},"geometry":{"type":"LineString","coordinates":[[3253.4,1291.5],[3257.3,1291.5]]}},{"type":"Feature","properties":{"id":"p:texto-negro:1009","n":10,"sc":"#000000"},"geometry":{"type":"LineString","coordinates":[[3260.2,1293.9],[3260.2,1285.8],[3263.5,1285.8],[3265.0,1286.2],[3265.0,1286.7],[3265.4,1287.7],[3265.4,1288.2],[3265.0,1289.1],[3265.0,1289.6],[3263.5,1289.6],[3260.2,1289.6]]}},{"type":"Feature","properties":{"id":"p:texto-negro:1010","n":1,"sc":"#000000"},"geometry":{"type":"LineString","coordinates":[[3263.0,1289.6],[3265.4,1293.9]]}},{"type":"Feature","properties":{"id":"p:texto-negro:1011","n":1,"sc":"#000000"},"geometry":{"type":"LineString","coordinates":[[3268.3,1285.8],[3268.3,1293.9]]}},{"type":"Feature","properties":{"id":"p:texto-negro:1012","n":9,"sc":"#000000"},"geometry":{"type":"LineString","coordinates":[[3271.2,1293.9],[3271.2,1285.8],[3274.6,1285.8],[3276,1286.2],[3276,1286.7],[3276.5,1287.7],[3276.5,1288.6],[3276,1289.6],[3274.6,1290.1],[3271.2,1290.1]]}},{"type":"Feature","properties":{"id":"p:texto-negro:1013","n":20,"sc":"#000000"},"geometry":{"type":"LineString","coordinates":[[3281.3,1286.2],[3280.3,1286.2],[3279.8,1287.2],[3279.4,1287.7],[3278.9,1289.1],[3278.9,1291.0],[3279.4,1292],[3279.8,1293.0],[3280.3,1293.4],[3281.3,1293.9],[3282.7,1293.9],[3283.7,1293.4],[3284.2,1293.0],[3284.6,1292],[3285.1,1291.0],[3285.1,1289.1],[3284.6,1288.2],[3284.2,1287.2],[3283.7,1286.2],[3282.7,1286.2],[3281.3,1286.2]]}},{"type":"Feature","properties":{"id":"p:texto-negro:1014","n":19,"sc":"#000000"},"geometry":{"type":"LineString","coordinates":[[3292.8,1287.2],[3291.8,1286.2],[3290.9,1286.2],[3289.4,1286.2],[3288,1286.2],[3287.5,1287.2],[3287.5,1288.2],[3287.5,1288.6],[3288,1289.1],[3289.0,1289.6],[3291.4,1290.1],[3291.8,1290.6],[3292.3,1291.0],[3292.8,1292],[3292.8,1293.0],[3291.8,1293.9],[3290.9,1293.9],[3289.4,1293.9],[3288,1293.9],[3287.5,1293.0]]}},{"type":"Feature","properties":{"id":"p:texto-negro:1015","n":2,"sc":"#000000"},"geometry":{"type":"LineString","coordinates":[[3294.2,1293.9],[3297.1,1286.2],[3300.5,1293.9]]}},{"type":"Feature","properties":{"id":"p:texto-negro:1016","n":1,"sc":"#000000"},"geometry":{"type":"LineString","coordinates":[[3295.2,1291.5],[3299.0,1291.5]]}},{"type":"Feature","properties":{"id":"p:texto-negro:1017","n":3,"sc":"#000000","fc":"#000000"},"geometry":{"type":"LineString","coordinates":[[3190.1,1339.5],[3185.3,1346.2],[3187.7,1338.1],[3190.1,1339.5]]}},{"type":"Feature","properties":{"id":"p:texto-negro:1018","n":2,"sc":"#000000"},"geometry":{"type":"LineString","coordinates":[[3189.1,1338.6],[3217.9,1281.9],[3301.0,1282.4]]}},{"type":"Feature","properties":{"id":"p:texto-negro:1019","n":2,"sc":"#000000"},"geometry":{"type":"LineString","coordinates":[[3896.2,752.5],[3899.5,760.6],[3902.4,752.5]]}},{"type":"Feature","properties":{"id":"p:texto-negro:1020","n":2,"sc":"#000000"},"geometry":{"type":"LineString","coordinates":[[3903.4,760.6],[3906.2,752.5],[3909.1,760.6]]}},{"type":"Feature","properties":{"id":"p:texto-negro:1021","n":1,"sc":"#000000"},"geometry":{"type":"LineString","coordinates":[[3904.3,758.2],[3908.2,758.2]]}},{"type":"Feature","properties":{"id":"p:texto-negro:1022","n":2,"sc":"#000000"},"geometry":{"type":"LineString","coordinates":[[3911.0,752.5],[3911.0,760.6],[3915.8,760.6]]}},{"type":"Feature","properties":{"id":"p:texto-negro:1023","n":2,"sc":"#000000"},"geometry":{"type":"LineString","coordinates":[[3916.8,753.0],[3919.7,760.6],[3922.6,753.0]]}},{"type":"Feature","properties":{"id":"p:texto-negro:1024","n":9,"sc":"#000000"},"geometry":{"type":"LineString","coordinates":[[3924.5,753.0],[3924.5,758.7],[3925.0,759.7],[3925.9,760.6],[3926.9,760.6],[3927.8,760.6],[3928.8,760.6],[3929.8,759.7],[3930.2,758.7],[3930.2,753.0]]}},{"type":"Feature","properties":{"id":"p:texto-negro:1025","n":2,"sc":"#000000"},"geometry":{"type":"LineString","coordinates":[[3933.1,753.0],[3933.1,760.6],[3937.9,760.6]]}},{"type":"Feature","properties":{"id":"p:texto-negro:1026","n":2,"sc":"#000000"},"geometry":{"type":"LineString","coordinates":[[3938.4,760.6],[3941.8,753.0],[3944.6,760.6]]}},{"type":"Feature","properties":{"id":"p:texto-negro:1027","n":1,"sc":"#000000"},"geometry":{"type":"LineString","coordinates":[[3939.8,758.2],[3943.2,758.2]]}},{"type":"Feature","properties":{"id":"p:texto-negro:1028","n":12,"sc":"#000000"},"geometry":{"type":"LineString","coordinates":[[3896.2,774.1],[3896.2,765.9],[3899.0,765.9],[3900,766.4],[3901.0,767.4],[3901.4,767.8],[3901.4,769.3],[3901.4,771.2],[3901.4,772.2],[3901.0,773.1],[3900,773.6],[3899.0,774.1],[3896.2,774.1]]}},{"type":"Feature","properties":{"id":"p:texto-negro:1029","n":2,"sc":"#000000"},"geometry":{"type":"LineString","coordinates":[[3904.3,774.1],[3904.3,765.9],[3909.1,765.9]]}},{"type":"Feature","properties":{"id":"p:texto-negro:1030","n":1,"sc":"#000000"},"geometry":{"type":"LineString","coordinates":[[3904.3,769.8],[3907.2,769.8]]}},{"type":"Feature","properties":{"id":"p:texto-negro:1031","n":1,"sc":"#000000"},"geometry":{"type":"LineString","coordinates":[[3904.3,774.1],[3909.1,774.1]]}},{"type":"Feature","properties":{"id":"p:texto-negro:1032","n":4,"sc":"#000000"},"geometry":{"type":"LineString","coordinates":[[3919.7,774.1],[3919.7,765.9],[3922.6,774.1],[3925.9,765.9],[3925.9,774.1]]}},{"type":"Feature","properties":{"id":"p:texto-negro:1033","n":2,"sc":"#000000"},"geometry":{"type":"LineString","coordinates":[[3927.8,774.1],[3930.7,766.4],[3933.6,774.1]]}},{"type":"Feature","properties":{"id":"p:texto-negro:1034","n":1,"sc":"#000000"},"geometry":{"type":"LineString","coordinates":[[3928.8,771.7],[3932.6,771.7]]}},{"type":"Feature","properties":{"id":"p:texto-negro:1035","n":10,"sc":"#000000"},"geometry":{"type":"LineString","coordinates":[[3935.5,774.1],[3935.5,766.4],[3939.4,766.4],[3940.3,766.4],[3940.8,766.9],[3941.3,767.8],[3941.3,768.3],[3940.8,769.3],[3940.3,769.8],[3939.4,770.2],[3935.5,770.2]]}},{"type":"Feature","properties":{"id":"p:texto-negro:1036","n":1,"sc":"#000000"},"geometry":{"type":"LineString","coordinates":[[3938.4,770.2],[3941.3,774.1]]}},{"type":"Feature","properties":{"id":"p:texto-negro:1037","n":1,"sc":"#000000"},"geometry":{"type":"LineString","coordinates":[[3943.7,766.4],[3943.7,774.1]]}},{"type":"Feature","properties":{"id":"p:texto-negro:1038","n":10,"sc":"#000000"},"geometry":{"type":"LineString","coordinates":[[3947.0,774.1],[3947.0,766.4],[3950.4,766.4],[3951.4,766.4],[3951.8,766.9],[3952.3,767.8],[3952.3,768.8],[3951.8,769.8],[3951.4,770.2],[3950.4,770.2],[3947.0,770.2]]}},{"type":"Feature","properties":{"id":"p:texto-negro:1039","n":20,"sc":"#000000"},"geometry":{"type":"LineString","coordinates":[[3956.6,766.4],[3956.2,766.4],[3955.2,767.4],[3954.7,768.3],[3954.7,769.3],[3954.7,771.2],[3954.7,772.2],[3955.2,773.1],[3956.2,774.1],[3956.6,774.1],[3958.6,774.1],[3959.0,774.1],[3960,773.1],[3960.5,772.2],[3960.5,771.2],[3960.5,769.3],[3960.5,768.3],[3960,767.4],[3959.0,766.4],[3958.6,766.4],[3956.6,766.4]]}},{"type":"Feature","properties":{"id":"p:texto-negro:1040","n":19,"sc":"#000000"},"geometry":{"type":"LineString","coordinates":[[3968.2,767.4],[3967.7,766.4],[3966.2,766.4],[3964.8,766.4],[3963.8,766.4],[3962.9,767.4],[3962.9,768.3],[3963.4,768.8],[3963.8,769.3],[3964.3,769.8],[3966.7,770.2],[3967.7,770.7],[3967.7,771.2],[3968.2,772.2],[3968.2,773.1],[3967.7,774.1],[3966.2,774.1],[3964.8,774.1],[3963.8,774.1],[3962.9,773.1]]}},{"type":"Feature","properties":{"id":"p:texto-negro:1041","n":2,"sc":"#000000"},"geometry":{"type":"LineString","coordinates":[[3969.6,774.1],[3973.0,766.4],[3975.8,774.1]]}},{"type":"Feature","properties":{"id":"p:texto-negro:1042","n":1,"sc":"#000000"},"geometry":{"type":"LineString","coordinates":[[3971.0,771.7],[3974.9,771.7]]}},{"type":"Feature","properties":{"id":"p:texto-negro:1043","n":3,"sc":"#000000","fc":"#000000"},"geometry":{"type":"LineString","coordinates":[[3989.3,710.2],[3992.6,702.6],[3991.7,711.2],[3989.3,710.2]]}},{"type":"Feature","properties":{"id":"p:texto-negro:1044","n":2,"sc":"#000000"},"geometry":{"type":"LineString","coordinates":[[3990.2,710.7],[3976.3,762.1],[3893.3,762.6]]}},{"type":"Feature","properties":{"id":"p:texto-negro:1045","n":2,"sc":"#000000"},"geometry":{"type":"LineString","coordinates":[[4109.3,602.2],[4112.2,609.9],[4115.5,602.2]]}},{"type":"Feature","properties":{"id":"p:texto-negro:1046","n":2,"sc":"#000000"},"geometry":{"type":"LineString","coordinates":[[4116,609.9],[4119.4,602.2],[4122.2,610.4]]}},{"type":"Feature","properties":{"id":"p:texto-negro:1047","n":1,"sc":"#000000"},"geometry":{"type":"LineString","coordinates":[[4117.4,607.5],[4121.3,607.5]]}},{"type":"Feature","properties":{"id":"p:texto-negro:1048","n":2,"sc":"#000000"},"geometry":{"type":"LineString","coordinates":[[4124.2,602.2],[4124.2,610.4],[4129.0,610.4]]}},{"type":"Feature","properties":{"id":"p:texto-negro:1049","n":2,"sc":"#000000"},"geometry":{"type":"LineString","coordinates":[[4129.4,602.2],[4132.8,610.4],[4135.7,602.2]]}},{"type":"Feature","properties":{"id":"p:texto-negro:1050","n":9,"sc":"#000000"},"geometry":{"type":"LineString","coordinates":[[4137.6,602.2],[4137.6,608],[4138.1,609.0],[4138.6,609.9],[4140,610.4],[4140.5,610.4],[4141.9,609.9],[4142.4,609.0],[4142.9,608],[4142.9,602.2]]}},{"type":"Feature","properties":{"id":"p:texto-negro:1051","n":2,"sc":"#000000"},"geometry":{"type":"LineString","coordinates":[[4145.8,602.2],[4145.8,610.4],[4150.6,610.4]]}},{"type":"Feature","properties":{"id":"p:texto-negro:1052","n":2,"sc":"#000000"},"geometry":{"type":"LineString","coordinates":[[4151.5,610.4],[4154.4,602.2],[4157.3,610.4]]}},{"type":"Feature","properties":{"id":"p:texto-negro:1053","n":1,"sc":"#000000"},"geometry":{"type":"LineString","coordinates":[[4152.5,607.5],[4156.3,607.5]]}},{"type":"Feature","properties":{"id":"p:texto-negro:1054","n":12,"sc":"#000000"},"geometry":{"type":"LineString","coordinates":[[4109.3,623.4],[4109.3,615.7],[4111.7,615.7],[4113.1,615.7],[4113.6,616.6],[4114.1,617.6],[4114.6,618.6],[4114.6,620.5],[4114.1,621.4],[4113.6,622.4],[4113.1,623.4],[4111.7,623.4],[4109.3,623.4]]}},{"type":"Feature","properties":{"id":"p:texto-negro:1055","n":2,"sc":"#000000"},"geometry":{"type":"LineString","coordinates":[[4117.4,623.4],[4117.4,615.7],[4122.2,615.7]]}},{"type":"Feature","properties":{"id":"p:texto-negro:1056","n":1,"sc":"#000000"},"geometry":{"type":"LineString","coordinates":[[4117.4,619.5],[4120.3,619.5]]}},{"type":"Feature","properties":{"id":"p:texto-negro:1057","n":1,"sc":"#000000"},"geometry":{"type":"LineString","coordinates":[[4117.4,623.4],[4122.2,623.4]]}},{"type":"Feature","properties":{"id":"p:texto-negro:1058","n":4,"sc":"#000000"},"geometry":{"type":"LineString","coordinates":[[4132.3,623.4],[4132.3,615.7],[4135.7,623.8],[4138.6,615.7],[4138.6,623.8]]}},{"type":"Feature","properties":{"id":"p:texto-negro:1059","n":2,"sc":"#000000"},"geometry":{"type":"LineString","coordinates":[[4140.5,623.8],[4143.8,615.7],[4146.7,623.8]]}},{"type":"Feature","properties":{"id":"p:texto-negro:1060","n":1,"sc":"#000000"},"geometry":{"type":"LineString","coordinates":[[4141.9,621.0],[4145.8,621.0]]}},{"type":"Feature","properties":{"id":"p:texto-negro:1061","n":9,"sc":"#000000"},"geometry":{"type":"LineString","coordinates":[[4148.6,623.8],[4148.6,615.7],[4152,615.7],[4153.4,616.2],[4153.9,617.1],[4153.9,618.1],[4153.4,618.6],[4153.4,619.0],[4152,619.5],[4148.6,619.5]]}},{"type":"Feature","properties":{"id":"p:texto-negro:1062","n":1,"sc":"#000000"},"geometry":{"type":"LineString","coordinates":[[4151.5,619.5],[4153.9,623.8]]}},{"type":"Feature","properties":{"id":"p:texto-negro:1063","n":1,"sc":"#000000"},"geometry":{"type":"LineString","coordinates":[[4156.8,615.7],[4156.8,623.8]]}},{"type":"Feature","properties":{"id":"p:texto-negro:1064","n":10,"sc":"#000000"},"geometry":{"type":"LineString","coordinates":[[4159.7,623.8],[4159.7,615.7],[4163.0,615.7],[4164.5,616.2],[4165.0,616.2],[4165.0,617.1],[4165.0,618.1],[4165.0,619.0],[4164.5,619.5],[4163.0,620],[4159.7,620]]}},{"type":"Feature","properties":{"id":"p:texto-negro:1065","n":20,"sc":"#000000"},"geometry":{"type":"LineString","coordinates":[[4169.8,615.7],[4168.8,616.2],[4168.3,616.6],[4167.8,617.6],[4167.4,618.6],[4167.4,620.5],[4167.8,621.9],[4168.3,622.4],[4168.8,623.4],[4169.8,623.8],[4171.2,623.8],[4172.2,623.4],[4172.6,622.4],[4173.1,621.9],[4173.6,620.5],[4173.6,618.6],[4173.1,617.6],[4172.6,616.6],[4172.2,616.2],[4171.2,615.7],[4169.8,615.7]]}},{"type":"Feature","properties":{"id":"p:texto-negro:1066","n":19,"sc":"#000000"},"geometry":{"type":"LineString","coordinates":[[4181.3,616.6],[4180.3,616.2],[4179.4,615.7],[4177.9,615.7],[4176.5,616.2],[4176,616.6],[4176,617.6],[4176,618.6],[4176.5,618.6],[4177.4,619.0],[4179.8,620],[4180.3,620.5],[4180.8,620.5],[4181.3,621.4],[4181.3,622.4],[4180.3,623.4],[4179.4,623.8],[4177.9,623.8],[4176.5,623.4],[4176,622.4]]}},{"type":"Feature","properties":{"id":"p:texto-negro:1067","n":2,"sc":"#000000"},"geometry":{"type":"LineString","coordinates":[[4182.7,623.8],[4185.6,615.7],[4189.0,623.8]]}},{"type":"Feature","properties":{"id":"p:texto-negro:1068","n":1,"sc":"#000000"},"geometry":{"type":"LineString","coordinates":[[4183.7,621.0],[4187.5,621.0]]}},{"type":"Feature","properties":{"id":"p:texto-negro:1069","n":3,"sc":"#000000","fc":"#000000"},"geometry":{"type":"LineString","coordinates":[[4078.6,669.0],[4073.8,675.7],[4076.2,668],[4078.6,669.0]]}},{"type":"Feature","properties":{"id":"p:texto-negro:1070","n":2,"sc":"#000000"},"geometry":{"type":"LineString","coordinates":[[4077.6,668.5],[4106.4,611.8],[4189.4,611.8]]}},{"type":"Feature","properties":{"id":"p:texto-negro:1071","n":1,"sc":"#ffffff"},"geometry":{"type":"LineString","coordinates":[[4108.3,2106.6],[4280.2,2107.0]]}},{"type":"Feature","properties":{"id":"p:texto-negro:1072","n":6,"sc":"#ffffff","fc":"#ffffff"},"geometry":{"type":"MultiLineString","coordinates":[[[4108.3,2088.8],[4280.2,2088.8],[4108.3,2106.6],[4108.3,2088.8]],[[4280.2,2088.8],[4108.3,2106.6],[4280.2,2107.0],[4280.2,2088.8]]]}},{"type":"Feature","properties":{"id":"p:texto-negro:1073","n":1,"sc":"#000000"},"geometry":{"type":"LineString","coordinates":[[4112.2,2092.6],[4112.2,2103.2]]}},{"type":"Feature","properties":{"id":"p:texto-negro:1074","n":1,"sc":"#000000"},"geometry":{"type":"LineString","coordinates":[[4119.4,2092.6],[4119.4,2103.2]]}},{"type":"Feature","properties":{"id":"p:texto-negro:1075","n":1,"sc":"#000000"},"geometry":{"type":"LineString","coordinates":[[4112.2,2097.4],[4119.4,2097.4]]}},{"type":"Feature","properties":{"id":"p:texto-negro:1076","n":12,"sc":"#000000"},"geometry":{"type":"LineString","coordinates":[[4123.2,2103.2],[4123.2,2092.6],[4127.0,2092.6],[4128.5,2093.1],[4129.4,2094.1],[4129.9,2095.0],[4130.4,2096.5],[4130.4,2098.9],[4129.9,2100.3],[4129.4,2101.8],[4128.5,2102.7],[4127.0,2103.2],[4123.2,2103.2]]}},{"type":"Feature","properties":{"id":"p:texto-negro:1077","n":10,"sc":"#000000"},"geometry":{"type":"LineString","coordinates":[[4133.8,2103.2],[4133.8,2092.6],[4138.6,2092.6],[4140,2093.1],[4140.5,2093.6],[4141.0,2094.6],[4141.0,2096],[4140.5,2097.0],[4140,2097.4],[4138.6,2097.9],[4133.8,2097.9]]}},{"type":"Feature","properties":{"id":"p:texto-negro:1078","n":2,"sc":"#000000"},"geometry":{"type":"LineString","coordinates":[[4144.3,2103.2],[4144.3,2092.6],[4151.0,2092.6]]}},{"type":"Feature","properties":{"id":"p:texto-negro:1079","n":1,"sc":"#000000"},"geometry":{"type":"LineString","coordinates":[[4144.3,2097.4],[4148.6,2097.4]]}},{"type":"Feature","properties":{"id":"p:texto-negro:1080","n":1,"sc":"#000000"},"geometry":{"type":"LineString","coordinates":[[4144.3,2103.2],[4151.0,2103.2]]}},{"type":"Feature","properties":{"id":"p:texto-negro:1081","n":12,"sc":"#000000"},"geometry":{"type":"LineString","coordinates":[[4164.5,2103.2],[4164.5,2092.6],[4168.3,2092.6],[4169.8,2093.1],[4170.7,2094.1],[4171.2,2095.0],[4171.7,2096.5],[4171.7,2098.9],[4171.2,2100.3],[4170.7,2101.8],[4169.8,2102.7],[4168.3,2103.2],[4164.5,2103.2]]}},{"type":"Feature","properties":{"id":"p:texto-negro:1082","n":3,"sc":"#000000"},"geometry":{"type":"LineString","coordinates":[[4175.0,2103.2],[4175.0,2092.6],[4182.2,2103.2],[4182.2,2092.6]]}},{"type":"Feature","properties":{"id":"p:texto-negro:1083","n":22,"sc":"#000000"},"geometry":{"type":"LineString","coordinates":[[4202.9,2096],[4202.4,2097.4],[4201.4,2098.4],[4200,2098.9],[4199.5,2098.9],[4198.1,2098.4],[4197.1,2097.4],[4196.2,2096],[4196.2,2095.5],[4197.1,2094.1],[4198.1,2093.1],[4199.5,2092.6],[4200,2092.6],[4201.4,2093.1],[4202.4,2094.1],[4202.9,2096],[4202.9,2098.4],[4202.4,2101.3],[4201.4,2102.7],[4200,2103.2],[4199.0,2103.2],[4197.6,2102.7],[4197.1,2101.8]]}},{"type":"Feature","properties":{"id":"p:texto-negro:1084","n":16,"sc":"#000000"},"geometry":{"type":"LineString","coordinates":[[4209.6,2092.6],[4208.2,2093.1],[4207.2,2094.6],[4206.7,2097.0],[4206.7,2098.4],[4207.2,2101.3],[4208.2,2102.7],[4209.6,2103.2],[4210.6,2103.2],[4212,2102.7],[4213.0,2101.3],[4213.4,2098.4],[4213.4,2097.0],[4213.0,2094.6],[4212,2093.1],[4210.6,2092.6],[4209.6,2092.6]]}},{"type":"Feature","properties":{"id":"p:texto-negro:1085","n":10,"sc":"#000000"},"geometry":{"type":"LineString","coordinates":[[4227.8,2103.2],[4227.8,2092.6],[4232.2,2092.6],[4233.6,2093.1],[4234.1,2093.6],[4234.6,2094.6],[4234.6,2096],[4234.1,2097.0],[4233.6,2097.4],[4232.2,2097.9],[4227.8,2097.9]]}},{"type":"Feature","properties":{"id":"p:texto-negro:1086","n":3,"sc":"#000000"},"geometry":{"type":"LineString","coordinates":[[4238.4,2103.2],[4238.4,2092.6],[4245.1,2103.2],[4245.1,2092.6]]}},{"type":"Feature","properties":{"id":"p:texto-negro:1087","n":3,"sc":"#000000"},"geometry":{"type":"LineString","coordinates":[[4261.0,2094.6],[4261.9,2094.1],[4263.4,2092.6],[4263.4,2103.2]]}},{"type":"Feature","properties":{"id":"p:texto-negro:1088","n":16,"sc":"#000000"},"geometry":{"type":"LineString","coordinates":[[4272.5,2092.6],[4271.0,2093.1],[4270.1,2094.6],[4269.6,2097.0],[4269.6,2098.4],[4270.1,2101.3],[4271.0,2102.7],[4272.5,2103.2],[4273.4,2103.2],[4274.9,2102.7],[4275.8,2101.3],[4276.8,2098.4],[4276.8,2097.0],[4275.8,2094.6],[4274.9,2093.1],[4273.4,2092.6],[4272.5,2092.6]]}},{"type":"Feature","properties":{"id":"p:texto-negro:1089","n":2,"sc":"#000000"},"geometry":{"type":"LineString","coordinates":[[4073.3,2072],[4105.4,2104.6],[4295.5,2104.6]]}},{"type":"Feature","properties":{"id":"p:texto-negro:1090","n":1,"sc":"#ffffff"},"geometry":{"type":"LineString","coordinates":[[4214.9,2042.2],[4386.7,2042.7]]}},{"type":"Feature","properties":{"id":"p:texto-negro:1091","n":6,"sc":"#ffffff","fc":"#ffffff"},"geometry":{"type":"MultiLineString","coordinates":[[[4214.9,2024.5],[4386.7,2024.5],[4214.9,2042.2],[4214.9,2024.5]],[[4386.7,2024.5],[4214.9,2042.2],[4386.7,2042.7],[4386.7,2024.5]]]}},{"type":"Feature","properties":{"id":"p:texto-negro:1092","n":1,"sc":"#000000"},"geometry":{"type":"LineString","coordinates":[[4218.7,2028.3],[4218.7,2038.9]]}},{"type":"Feature","properties":{"id":"p:texto-negro:1093","n":1,"sc":"#000000"},"geometry":{"type":"LineString","coordinates":[[4225.4,2028.3],[4225.4,2038.9]]}},{"type":"Feature","properties":{"id":"p:texto-negro:1094","n":1,"sc":"#000000"},"geometry":{"type":"LineString","coordinates":[[4218.7,2033.1],[4225.4,2033.1]]}},{"type":"Feature","properties":{"id":"p:texto-negro:1095","n":12,"sc":"#000000"},"geometry":{"type":"LineString","coordinates":[[4229.8,2038.9],[4229.8,2028.3],[4233.1,2028.3],[4234.6,2028.8],[4235.5,2029.8],[4236,2030.7],[4236.5,2032.2],[4236.5,2034.6],[4236,2036],[4235.5,2037.4],[4234.6,2038.4],[4233.1,2038.9],[4229.8,2038.9]]}},{"type":"Feature","properties":{"id":"p:texto-negro:1096","n":10,"sc":"#000000"},"geometry":{"type":"LineString","coordinates":[[4240.3,2038.9],[4240.3,2028.3],[4244.6,2028.3],[4246.1,2028.8],[4246.6,2029.3],[4247.0,2030.2],[4247.0,2031.7],[4246.6,2032.6],[4246.1,2033.1],[4244.6,2033.6],[4240.3,2033.6]]}},{"type":"Feature","properties":{"id":"p:texto-negro:1097","n":2,"sc":"#000000"},"geometry":{"type":"LineString","coordinates":[[4250.9,2038.9],[4250.9,2028.3],[4257.1,2028.3]]}},{"type":"Feature","properties":{"id":"p:texto-negro:1098","n":1,"sc":"#000000"},"geometry":{"type":"LineString","coordinates":[[4250.9,2033.1],[4254.7,2033.1]]}},{"type":"Feature","properties":{"id":"p:texto-negro:1099","n":1,"sc":"#000000"},"geometry":{"type":"LineString","coordinates":[[4250.9,2038.9],[4257.1,2038.9]]}},{"type":"Feature","properties":{"id":"p:texto-negro:1100","n":12,"sc":"#000000"},"geometry":{"type":"LineString","coordinates":[[4271.0,2038.9],[4271.0,2028.3],[4274.4,2028.3],[4275.8,2028.8],[4276.8,2029.8],[4277.3,2030.7],[4278.2,2032.2],[4278.2,2034.6],[4277.3,2036.5],[4276.8,2037.4],[4275.8,2038.4],[4274.4,2038.9],[4271.0,2038.9]]}},{"type":"Feature","properties":{"id":"p:texto-negro:1101","n":3,"sc":"#000000"},"geometry":{"type":"LineString","coordinates":[[4281.6,2038.9],[4281.6,2028.3],[4288.8,2038.9],[4288.8,2028.3]]}},{"type":"Feature","properties":{"id":"p:texto-negro:1102","n":22,"sc":"#000000"},"geometry":{"type":"LineString","coordinates":[[4309.4,2031.7],[4309.0,2033.1],[4308,2034.1],[4306.1,2034.6],[4305.6,2034.6],[4304.2,2034.1],[4303.2,2033.1],[4302.7,2031.7],[4302.7,2031.2],[4303.2,2029.8],[4304.2,2028.8],[4305.6,2028.3],[4306.1,2028.3],[4308,2028.8],[4309.0,2029.8],[4309.4,2031.7],[4309.4,2034.1],[4309.0,2037.0],[4308,2038.4],[4306.1,2038.9],[4305.1,2038.9],[4303.7,2038.4],[4303.2,2037.4]]}},{"type":"Feature","properties":{"id":"p:texto-negro:1103","n":16,"sc":"#000000"},"geometry":{"type":"LineString","coordinates":[[4315.7,2028.3],[4314.2,2028.8],[4313.3,2030.2],[4312.8,2032.6],[4312.8,2034.1],[4313.3,2037.0],[4314.2,2038.4],[4315.7,2038.9],[4316.6,2038.9],[4318.6,2038.4],[4319.5,2037.0],[4320,2034.1],[4320,2032.6],[4319.5,2030.2],[4318.6,2028.8],[4316.6,2028.3],[4315.7,2028.3]]}},{"type":"Feature","properties":{"id":"p:texto-negro:1104","n":10,"sc":"#000000"},"geometry":{"type":"LineString","coordinates":[[4333.9,2038.9],[4333.9,2028.3],[4338.7,2028.3],[4340.2,2028.8],[4340.6,2029.3],[4341.1,2030.2],[4341.1,2031.7],[4340.6,2032.6],[4340.2,2033.1],[4338.7,2033.6],[4333.9,2033.6]]}},{"type":"Feature","properties":{"id":"p:texto-negro:1105","n":3,"sc":"#000000"},"geometry":{"type":"LineString","coordinates":[[4344.5,2038.9],[4344.5,2028.3],[4351.7,2038.9],[4351.7,2028.3]]}},{"type":"Feature","properties":{"id":"p:texto-negro:1106","n":3,"sc":"#000000"},"geometry":{"type":"LineString","coordinates":[[4367.0,2030.2],[4368.5,2029.8],[4369.9,2028.3],[4369.9,2038.9]]}},{"type":"Feature","properties":{"id":"p:texto-negro:1107","n":16,"sc":"#000000"},"geometry":{"type":"LineString","coordinates":[[4379.0,2028.3],[4377.1,2028.8],[4376.2,2030.2],[4375.7,2032.6],[4375.7,2034.1],[4376.2,2037.0],[4377.1,2038.4],[4379.0,2038.9],[4380,2038.9],[4381.4,2038.4],[4382.4,2037.0],[4382.9,2034.1],[4382.9,2032.6],[4382.4,2030.2],[4381.4,2028.8],[4380,2028.3],[4379.0,2028.3]]}},{"type":"Feature","properties":{"id":"p:texto-negro:1108","n":2,"sc":"#000000"},"geometry":{"type":"LineString","coordinates":[[4179.4,2056.2],[4212,2040.3],[4401.6,2040.3]]}},{"type":"Feature","properties":{"id":"p:texto-negro:1109","n":1,"sc":"#ffffff"},"geometry":{"type":"LineString","coordinates":[[3675.8,729.4],[3847.7,729.9]]}},{"type":"Feature","properties":{"id":"p:texto-negro:1110","n":6,"sc":"#ffffff","fc":"#ffffff"},"geometry":{"type":"MultiLineString","coordinates":[[[3675.8,711.7],[3847.7,711.7],[3675.8,729.4],[3675.8,711.7]],[[3847.7,711.7],[3675.8,729.4],[3847.7,729.9],[3847.7,711.7]]]}},{"type":"Feature","properties":{"id":"p:texto-negro:1111","n":1,"sc":"#000000"},"geometry":{"type":"LineString","coordinates":[[3679.7,715.5],[3679.7,726.1]]}},{"type":"Feature","properties":{"id":"p:texto-negro:1112","n":1,"sc":"#000000"},"geometry":{"type":"LineString","coordinates":[[3686.4,715.5],[3686.4,726.1]]}},{"type":"Feature","properties":{"id":"p:texto-negro:1113","n":1,"sc":"#000000"},"geometry":{"type":"LineString","coordinates":[[3679.7,720.3],[3686.4,720.3]]}},{"type":"Feature","properties":{"id":"p:texto-negro:1114","n":12,"sc":"#000000"},"geometry":{"type":"LineString","coordinates":[[3690.7,726.1],[3690.7,715.5],[3694.1,715.5],[3695.5,716],[3696.5,717.0],[3697.4,717.9],[3697.9,719.4],[3697.9,721.8],[3697.0,723.2],[3696.5,724.2],[3695.5,725.6],[3694.1,726.1],[3690.7,726.1]]}},{"type":"Feature","properties":{"id":"p:texto-negro:1115","n":10,"sc":"#000000"},"geometry":{"type":"LineString","coordinates":[[3701.3,726.1],[3701.3,715.5],[3705.6,715.5],[3707.5,716],[3708,716.5],[3708.5,717.4],[3708.5,718.9],[3708,719.8],[3707.5,720.3],[3705.6,720.8],[3701.3,720.8]]}},{"type":"Feature","properties":{"id":"p:texto-negro:1116","n":2,"sc":"#000000"},"geometry":{"type":"LineString","coordinates":[[3711.8,726.1],[3711.8,715.5],[3718.6,715.5]]}},{"type":"Feature","properties":{"id":"p:texto-negro:1117","n":1,"sc":"#000000"},"geometry":{"type":"LineString","coordinates":[[3711.8,720.3],[3715.7,720.3]]}},{"type":"Feature","properties":{"id":"p:texto-negro:1118","n":1,"sc":"#000000"},"geometry":{"type":"LineString","coordinates":[[3711.8,726.1],[3718.6,726.1]]}},{"type":"Feature","properties":{"id":"p:texto-negro:1119","n":12,"sc":"#000000"},"geometry":{"type":"LineString","coordinates":[[3732,726.1],[3732,715.5],[3735.4,715.5],[3736.8,716],[3738.2,717.0],[3738.7,717.9],[3739.2,719.4],[3739.2,721.8],[3738.7,723.2],[3738.2,724.6],[3736.8,725.6],[3735.4,726.1],[3732,726.1]]}},{"type":"Feature","properties":{"id":"p:texto-negro:1120","n":3,"sc":"#000000"},"geometry":{"type":"LineString","coordinates":[[3742.6,726.1],[3742.6,715.5],[3749.8,726.1],[3749.8,715.5]]}},{"type":"Feature","properties":{"id":"p:texto-negro:1121","n":22,"sc":"#000000"},"geometry":{"type":"LineString","coordinates":[[3770.4,718.9],[3769.9,720.3],[3769.0,721.3],[3767.0,721.8],[3766.6,721.8],[3765.1,721.3],[3764.2,720.3],[3763.7,718.9],[3763.7,718.4],[3764.2,717.0],[3765.1,716],[3766.6,715.5],[3767.5,715.5],[3769.0,716],[3769.9,717.0],[3770.4,718.9],[3770.4,721.3],[3769.9,724.2],[3769.0,725.6],[3767.0,726.1],[3766.1,726.1],[3764.6,725.6],[3764.2,724.6]]}},{"type":"Feature","properties":{"id":"p:texto-negro:1122","n":16,"sc":"#000000"},"geometry":{"type":"LineString","coordinates":[[3776.6,715.5],[3775.2,716],[3774.2,717.4],[3773.8,719.8],[3773.8,721.3],[3774.2,724.2],[3775.2,725.6],[3776.6,726.1],[3778.1,726.1],[3779.5,725.6],[3780.5,724.2],[3781.0,721.3],[3781.0,719.8],[3780.5,717.4],[3779.5,716],[3778.1,715.5],[3776.6,715.5]]}},{"type":"Feature","properties":{"id":"p:texto-negro:1123","n":10,"sc":"#000000"},"geometry":{"type":"LineString","coordinates":[[3794.9,726.1],[3794.9,715.5],[3799.7,715.5],[3801.1,716],[3801.6,716.5],[3802.1,717.4],[3802.1,718.9],[3801.6,719.8],[3801.1,720.3],[3799.7,720.8],[3794.9,720.8]]}},{"type":"Feature","properties":{"id":"p:texto-negro:1124","n":3,"sc":"#000000"},"geometry":{"type":"LineString","coordinates":[[3805.4,726.1],[3805.4,715.5],[3812.6,726.1],[3812.6,715.5]]}},{"type":"Feature","properties":{"id":"p:texto-negro:1125","n":3,"sc":"#000000"},"geometry":{"type":"LineString","coordinates":[[3828.5,717.4],[3829.4,717.0],[3830.9,715.5],[3830.9,726.1]]}},{"type":"Feature","properties":{"id":"p:texto-negro:1126","n":16,"sc":"#000000"},"geometry":{"type":"LineString","coordinates":[[3840,715.5],[3838.6,716],[3837.6,717.4],[3836.6,719.8],[3836.6,721.3],[3837.1,724.2],[3838.6,725.6],[3840,726.1],[3841.0,726.1],[3842.4,725.6],[3843.4,724.2],[3843.8,721.3],[3843.8,719.8],[3843.4,717.4],[3842.4,716],[3841.0,715.5],[3840,715.5]]}},{"type":"Feature","properties":{"id":"p:texto-negro:1127","n":2,"sc":"#000000"},"geometry":{"type":"LineString","coordinates":[[3640.3,694.9],[3673.0,727.5],[3862.6,727.5]]}},{"type":"Feature","properties":{"id":"p:texto-negro:1128","n":1,"sc":"#ffffff"},"geometry":{"type":"LineString","coordinates":[[3769.9,665.6],[3941.8,665.6]]}},{"type":"Feature","properties":{"id":"p:texto-negro:1129","n":6,"sc":"#ffffff","fc":"#ffffff"},"geometry":{"type":"MultiLineString","coordinates":[[[3769.9,647.8],[3941.8,647.8],[3769.9,665.6],[3769.9,647.8]],[[3941.8,647.8],[3769.9,665.6],[3941.8,665.6],[3941.8,647.8]]]}},{"type":"Feature","properties":{"id":"p:texto-negro:1130","n":1,"sc":"#000000"},"geometry":{"type":"LineString","coordinates":[[3773.8,651.7],[3773.8,662.2]]}},{"type":"Feature","properties":{"id":"p:texto-negro:1131","n":1,"sc":"#000000"},"geometry":{"type":"LineString","coordinates":[[3781.0,651.7],[3781.0,662.2]]}},{"type":"Feature","properties":{"id":"p:texto-negro:1132","n":1,"sc":"#000000"},"geometry":{"type":"LineString","coordinates":[[3773.8,656.5],[3781.0,656.5]]}},{"type":"Feature","properties":{"id":"p:texto-negro:1133","n":12,"sc":"#000000"},"geometry":{"type":"LineString","coordinates":[[3784.8,662.2],[3784.8,651.7],[3788.6,651.7],[3790.1,652.2],[3791.0,653.1],[3791.5,654.1],[3792,655.5],[3792,657.9],[3791.5,659.4],[3791.0,660.3],[3790.1,661.8],[3788.6,662.2],[3784.8,662.2]]}},{"type":"Feature","properties":{"id":"p:texto-negro:1134","n":10,"sc":"#000000"},"geometry":{"type":"LineString","coordinates":[[3795.4,662.2],[3795.4,651.7],[3800.2,651.7],[3801.6,652.2],[3802.1,652.6],[3802.6,653.6],[3802.6,655.0],[3802.1,656],[3801.6,656.5],[3800.2,657.0],[3795.4,657.0]]}},{"type":"Feature","properties":{"id":"p:texto-negro:1135","n":2,"sc":"#000000"},"geometry":{"type":"LineString","coordinates":[[3805.9,662.2],[3805.9,651.7],[3812.6,651.7]]}},{"type":"Feature","properties":{"id":"p:texto-negro:1136","n":1,"sc":"#000000"},"geometry":{"type":"LineString","coordinates":[[3805.9,656.5],[3810.2,656.5]]}},{"type":"Feature","properties":{"id":"p:texto-negro:1137","n":1,"sc":"#000000"},"geometry":{"type":"LineString","coordinates":[[3805.9,662.2],[3812.6,662.2]]}},{"type":"Feature","properties":{"id":"p:texto-negro:1138","n":12,"sc":"#000000"},"geometry":{"type":"LineString","coordinates":[[3826.1,662.2],[3826.1,651.7],[3829.9,651.7],[3831.4,652.2],[3832.3,653.1],[3832.8,654.1],[3833.3,655.5],[3833.3,657.9],[3832.8,659.4],[3832.3,660.3],[3831.4,661.8],[3829.9,662.2],[3826.1,662.2]]}},{"type":"Feature","properties":{"id":"p:texto-negro:1139","n":3,"sc":"#000000"},"geometry":{"type":"LineString","coordinates":[[3836.6,662.2],[3836.6,651.7],[3843.8,662.2],[3843.8,651.7]]}},{"type":"Feature","properties":{"id":"p:texto-negro:1140","n":22,"sc":"#000000"},"geometry":{"type":"LineString","coordinates":[[3864.5,655.0],[3864,656.5],[3863.0,657.4],[3861.6,657.9],[3861.1,657.9],[3859.7,657.4],[3858.7,656.5],[3858.2,655.0],[3858.2,654.6],[3858.7,653.1],[3859.7,652.2],[3861.1,651.7],[3861.6,651.7],[3863.0,652.2],[3864,653.1],[3864.5,655.0],[3864.5,657.4],[3864,659.8],[3863.0,661.8],[3861.6,662.2],[3860.6,662.2],[3859.2,661.8],[3858.7,660.8]]}},{"type":"Feature","properties":{"id":"p:texto-negro:1141","n":16,"sc":"#000000"},"geometry":{"type":"LineString","coordinates":[[3871.2,651.7],[3869.8,652.2],[3868.8,653.6],[3868.3,656],[3868.3,657.4],[3868.8,659.8],[3869.8,661.8],[3871.2,662.2],[3872.2,662.2],[3873.6,661.8],[3874.6,659.8],[3875.0,657.4],[3875.0,656],[3874.6,653.6],[3873.6,652.2],[3872.2,651.7],[3871.2,651.7]]}},{"type":"Feature","properties":{"id":"p:texto-negro:1142","n":10,"sc":"#000000"},"geometry":{"type":"LineString","coordinates":[[3889.4,662.2],[3889.4,651.7],[3893.8,651.7],[3895.2,652.2],[3895.7,652.6],[3896.2,653.6],[3896.2,655.0],[3895.7,656],[3895.2,656.5],[3893.8,657.0],[3889.4,657.0]]}},{"type":"Feature","properties":{"id":"p:texto-negro:1143","n":3,"sc":"#000000"},"geometry":{"type":"LineString","coordinates":[[3900,662.2],[3900,651.7],[3906.7,662.2],[3906.7,651.7]]}},{"type":"Feature","properties":{"id":"p:texto-negro:1144","n":3,"sc":"#000000"},"geometry":{"type":"LineString","coordinates":[[3922.6,653.6],[3923.5,653.1],[3925.0,651.7],[3925.0,662.2]]}},{"type":"Feature","properties":{"id":"p:texto-negro:1145","n":16,"sc":"#000000"},"geometry":{"type":"LineString","coordinates":[[3934.1,651.7],[3932.6,652.2],[3931.7,653.6],[3931.2,656],[3931.2,657.4],[3931.7,660.3],[3932.6,661.8],[3934.1,662.2],[3935.0,662.2],[3936.5,661.8],[3937.9,660.3],[3938.4,657.4],[3938.4,656],[3937.9,653.6],[3936.5,652.2],[3935.0,651.7],[3934.1,651.7]]}},{"type":"Feature","properties":{"id":"p:texto-negro:1146","n":2,"sc":"#000000"},"geometry":{"type":"LineString","coordinates":[[3734.9,679.5],[3767.0,663.7],[3957.1,663.7]]}},{"type":"Feature","properties":{"id":"p:texto-negro:1147","n":1,"sc":"#ffffff"},"geometry":{"type":"LineString","coordinates":[[4597.9,1018.9],[4769.8,1019.4]]}},{"type":"Feature","properties":{"id":"p:texto-negro:1148","n":6,"sc":"#ffffff","fc":"#ffffff"},"geometry":{"type":"MultiLineString","coordinates":[[[4597.9,1001.1],[4769.8,1001.1],[4597.9,1018.9],[4597.9,1001.1]],[[4769.8,1001.1],[4597.9,1018.9],[4769.8,1019.4],[4769.8,1001.1]]]}},{"type":"Feature","properties":{"id":"p:texto-negro:1149","n":1,"sc":"#000000"},"geometry":{"type":"LineString","coordinates":[[4601.8,1005.0],[4601.8,1015.5]]}},{"type":"Feature","properties":{"id":"p:texto-negro:1150","n":1,"sc":"#000000"},"geometry":{"type":"LineString","coordinates":[[4608.5,1005.0],[4608.5,1015.5]]}},{"type":"Feature","properties":{"id":"p:texto-negro:1151","n":1,"sc":"#000000"},"geometry":{"type":"LineString","coordinates":[[4601.8,1009.8],[4608.5,1009.8]]}},{"type":"Feature","properties":{"id":"p:texto-negro:1152","n":12,"sc":"#000000"},"geometry":{"type":"LineString","coordinates":[[4612.8,1015.5],[4612.8,1005.0],[4616.2,1005.0],[4617.6,1005.4],[4618.6,1006.4],[4619.0,1007.4],[4619.5,1008.8],[4619.5,1011.2],[4619.0,1012.6],[4618.6,1014.1],[4617.6,1015.0],[4616.2,1015.5],[4612.8,1015.5]]}},{"type":"Feature","properties":{"id":"p:texto-negro:1153","n":10,"sc":"#000000"},"geometry":{"type":"LineString","coordinates":[[4623.4,1015.5],[4623.4,1005.0],[4627.7,1005.0],[4629.1,1005.4],[4630.1,1005.9],[4630.6,1006.9],[4630.6,1008.3],[4630.1,1009.3],[4629.1,1009.8],[4627.7,1010.2],[4623.4,1010.2]]}},{"type":"Feature","properties":{"id":"p:texto-negro:1154","n":2,"sc":"#000000"},"geometry":{"type":"LineString","coordinates":[[4633.9,1015.5],[4633.9,1005.0],[4640.6,1005.0]]}},{"type":"Feature","properties":{"id":"p:texto-negro:1155","n":1,"sc":"#000000"},"geometry":{"type":"LineString","coordinates":[[4633.9,1009.8],[4637.8,1009.8]]}},{"type":"Feature","properties":{"id":"p:texto-negro:1156","n":1,"sc":"#000000"},"geometry":{"type":"LineString","coordinates":[[4633.9,1015.5],[4640.6,1015.5]]}},{"type":"Feature","properties":{"id":"p:texto-negro:1157","n":12,"sc":"#000000"},"geometry":{"type":"LineString","coordinates":[[4654.1,1015.5],[4654.1,1005.0],[4657.4,1005.0],[4658.9,1005.4],[4660.3,1006.4],[4660.8,1007.4],[4661.3,1008.8],[4661.3,1011.2],[4660.8,1012.6],[4660.3,1014.1],[4658.9,1015.0],[4657.4,1015.5],[4654.1,1015.5]]}},{"type":"Feature","properties":{"id":"p:texto-negro:1158","n":3,"sc":"#000000"},"geometry":{"type":"LineString","coordinates":[[4664.6,1015.5],[4664.6,1005.0],[4671.8,1015.5],[4671.8,1005.0]]}},{"type":"Feature","properties":{"id":"p:texto-negro:1159","n":22,"sc":"#000000"},"geometry":{"type":"LineString","coordinates":[[4692.5,1008.3],[4692,1009.8],[4691.0,1010.7],[4689.1,1011.2],[4688.6,1011.2],[4687.2,1010.7],[4686.2,1009.8],[4685.8,1008.3],[4685.8,1007.8],[4686.2,1006.4],[4687.2,1005.4],[4688.6,1005.0],[4689.1,1005.0],[4691.0,1005.4],[4692,1006.4],[4692.5,1008.3],[4692.5,1010.7],[4692,1013.6],[4691.0,1015.0],[4689.1,1015.5],[4688.2,1015.5],[4686.7,1015.0],[4686.2,1014.1]]}},{"type":"Feature","properties":{"id":"p:texto-negro:1160","n":16,"sc":"#000000"},"geometry":{"type":"LineString","coordinates":[[4698.7,1005.0],[4697.3,1005.4],[4696.3,1006.9],[4695.8,1009.3],[4695.8,1010.7],[4696.3,1013.6],[4697.3,1015.0],[4698.7,1015.5],[4699.7,1015.5],[4701.6,1015.0],[4702.6,1013.6],[4703.0,1010.7],[4703.0,1009.3],[4702.6,1006.9],[4701.6,1005.4],[4700.2,1005.0],[4698.7,1005.0]]}},{"type":"Feature","properties":{"id":"p:texto-negro:1161","n":10,"sc":"#000000"},"geometry":{"type":"LineString","coordinates":[[4717.0,1015.5],[4717.0,1005.0],[4721.8,1005.0],[4723.2,1005.4],[4723.7,1005.9],[4724.2,1006.9],[4724.2,1008.3],[4723.7,1009.3],[4723.2,1009.8],[4721.8,1010.2],[4717.0,1010.2]]}},{"type":"Feature","properties":{"id":"p:texto-negro:1162","n":3,"sc":"#000000"},"geometry":{"type":"LineString","coordinates":[[4727.5,1015.5],[4727.5,1005.0],[4734.7,1015.5],[4734.7,1005.0]]}},{"type":"Feature","properties":{"id":"p:texto-negro:1163","n":3,"sc":"#000000"},"geometry":{"type":"LineString","coordinates":[[4750.6,1006.9],[4751.5,1006.4],[4753.0,1005.0],[4753.0,1015.5]]}},{"type":"Feature","properties":{"id":"p:texto-negro:1164","n":16,"sc":"#000000"},"geometry":{"type":"LineString","coordinates":[[4762.1,1005.0],[4760.6,1005.4],[4759.2,1006.9],[4758.7,1009.3],[4758.7,1010.7],[4759.2,1013.6],[4760.6,1015.0],[4762.1,1015.5],[4763.0,1015.5],[4764.5,1015.0],[4765.4,1013.6],[4765.9,1010.7],[4765.9,1009.3],[4765.4,1006.9],[4764.5,1005.4],[4763.0,1005.0],[4762.1,1005.0]]}},{"type":"Feature","properties":{"id":"p:texto-negro:1165","n":2,"sc":"#000000"},"geometry":{"type":"LineString","coordinates":[[4562.4,984.3],[4595.0,1017.0],[4784.6,1017.0]]}},{"type":"Feature","properties":{"id":"p:texto-negro:1166","n":1,"sc":"#ffffff"},"geometry":{"type":"LineString","coordinates":[[4572.5,954.6],[4744.3,955.0]]}},{"type":"Feature","properties":{"id":"p:texto-negro:1167","n":6,"sc":"#ffffff","fc":"#ffffff"},"geometry":{"type":"MultiLineString","coordinates":[[[4572.5,936.8],[4744.3,936.8],[4572.5,954.6],[4572.5,936.8]],[[4744.3,936.8],[4572.5,954.6],[4744.3,955.0],[4744.3,936.8]]]}},{"type":"Feature","properties":{"id":"p:texto-negro:1168","n":1,"sc":"#000000"},"geometry":{"type":"LineString","coordinates":[[4576.3,940.6],[4576.3,951.2]]}},{"type":"Feature","properties":{"id":"p:texto-negro:1169","n":1,"sc":"#000000"},"geometry":{"type":"LineString","coordinates":[[4583.5,940.6],[4583.5,951.2]]}},{"type":"Feature","properties":{"id":"p:texto-negro:1170","n":1,"sc":"#000000"},"geometry":{"type":"LineString","coordinates":[[4576.3,945.4],[4583.5,945.4]]}},{"type":"Feature","properties":{"id":"p:texto-negro:1171","n":12,"sc":"#000000"},"geometry":{"type":"LineString","coordinates":[[4587.4,951.2],[4587.4,940.6],[4591.2,940.6],[4592.6,941.1],[4593.6,942.1],[4594.1,943.0],[4594.6,944.5],[4594.6,946.9],[4594.1,948.3],[4593.6,949.8],[4592.6,950.7],[4591.2,951.2],[4587.4,951.2]]}},{"type":"Feature","properties":{"id":"p:texto-negro:1172","n":10,"sc":"#000000"},"geometry":{"type":"LineString","coordinates":[[4597.9,951.2],[4597.9,940.6],[4602.7,940.6],[4604.2,941.1],[4604.6,941.6],[4605.1,942.6],[4605.1,944],[4604.6,945.0],[4604.2,945.4],[4602.7,945.9],[4597.9,945.9]]}},{"type":"Feature","properties":{"id":"p:texto-negro:1173","n":2,"sc":"#000000"},"geometry":{"type":"LineString","coordinates":[[4608.5,951.2],[4608.5,940.6],[4615.2,940.6]]}},{"type":"Feature","properties":{"id":"p:texto-negro:1174","n":1,"sc":"#000000"},"geometry":{"type":"LineString","coordinates":[[4608.5,945.4],[4612.8,945.4]]}},{"type":"Feature","properties":{"id":"p:texto-negro:1175","n":1,"sc":"#000000"},"geometry":{"type":"LineString","coordinates":[[4608.5,951.2],[4615.2,951.2]]}},{"type":"Feature","properties":{"id":"p:texto-negro:1176","n":12,"sc":"#000000"},"geometry":{"type":"LineString","coordinates":[[4628.6,951.2],[4628.6,940.6],[4632.5,940.6],[4633.9,941.1],[4634.9,942.1],[4635.4,943.0],[4635.8,944.5],[4635.8,946.9],[4635.4,948.3],[4634.9,949.8],[4633.9,950.7],[4632.5,951.2],[4628.6,951.2]]}},{"type":"Feature","properties":{"id":"p:texto-negro:1177","n":3,"sc":"#000000"},"geometry":{"type":"LineString","coordinates":[[4639.2,951.2],[4639.2,940.6],[4646.4,951.2],[4646.4,940.6]]}},{"type":"Feature","properties":{"id":"p:texto-negro:1178","n":22,"sc":"#000000"},"geometry":{"type":"LineString","coordinates":[[4667.0,944],[4666.6,945.4],[4665.6,946.4],[4664.2,946.9],[4663.7,946.9],[4662.2,946.4],[4661.3,945.4],[4660.8,944],[4660.8,943.5],[4661.3,942.1],[4662.2,941.1],[4663.7,940.6],[4664.2,940.6],[4665.6,941.1],[4666.6,942.1],[4667.0,944],[4667.0,946.4],[4666.6,949.3],[4665.6,950.7],[4664.2,951.2],[4663.2,951.2],[4661.8,950.7],[4661.3,949.8]]}},{"type":"Feature","properties":{"id":"p:texto-negro:1179","n":16,"sc":"#000000"},"geometry":{"type":"LineString","coordinates":[[4673.8,940.6],[4672.3,941.1],[4671.4,942.6],[4670.9,945.0],[4670.9,946.4],[4671.4,949.3],[4672.3,950.7],[4673.8,951.2],[4674.7,951.2],[4676.2,950.7],[4677.1,949.3],[4677.6,946.4],[4677.6,945.0],[4677.1,942.6],[4676.2,941.1],[4674.7,940.6],[4673.8,940.6]]}},{"type":"Feature","properties":{"id":"p:texto-negro:1180","n":10,"sc":"#000000"},"geometry":{"type":"LineString","coordinates":[[4692,951.2],[4692,940.6],[4696.3,940.6],[4697.8,941.1],[4698.2,941.6],[4698.7,942.6],[4698.7,944],[4698.2,945.0],[4697.8,945.4],[4696.3,945.9],[4692,945.9]]}},{"type":"Feature","properties":{"id":"p:texto-negro:1181","n":3,"sc":"#000000"},"geometry":{"type":"LineString","coordinates":[[4702.6,951.2],[4702.6,940.6],[4709.3,951.2],[4709.3,940.6]]}},{"type":"Feature","properties":{"id":"p:texto-negro:1182","n":3,"sc":"#000000"},"geometry":{"type":"LineString","coordinates":[[4725.1,942.6],[4726.1,942.1],[4727.5,940.6],[4727.5,951.2]]}},{"type":"Feature","properties":{"id":"p:texto-negro:1183","n":16,"sc":"#000000"},"geometry":{"type":"LineString","coordinates":[[4736.6,940.6],[4735.2,941.1],[4734.2,942.6],[4733.8,945.0],[4733.8,946.4],[4734.2,949.3],[4735.2,950.7],[4736.6,951.2],[4737.6,951.2],[4739.0,950.7],[4740,949.3],[4741.0,946.4],[4741.0,945.0],[4740,942.6],[4739.0,941.1],[4737.6,940.6],[4736.6,940.6]]}},{"type":"Feature","properties":{"id":"p:texto-negro:1184","n":2,"sc":"#000000"},"geometry":{"type":"LineString","coordinates":[[4537.0,968.5],[4569.6,952.6],[4759.7,952.6]]}},{"type":"Feature","properties":{"id":"p:texto-negro:1185","n":1,"sc":"#ffffff"},"geometry":{"type":"LineString","coordinates":[[3213.1,1680.8],[3385.0,1681.3]]}},{"type":"Feature","properties":{"id":"p:texto-negro:1186","n":6,"sc":"#ffffff","fc":"#ffffff"},"geometry":{"type":"MultiLineString","coordinates":[[[3213.6,1663.0],[3385.0,1663.0],[3213.1,1680.8],[3213.6,1663.0]],[[3385.0,1663.0],[3213.1,1680.8],[3385.0,1681.3],[3385.0,1663.0]]]}},{"type":"Feature","properties":{"id":"p:texto-negro:1187","n":1,"sc":"#000000"},"geometry":{"type":"LineString","coordinates":[[3217.0,1666.9],[3217.0,1677.4]]}},{"type":"Feature","properties":{"id":"p:texto-negro:1188","n":1,"sc":"#000000"},"geometry":{"type":"LineString","coordinates":[[3224.2,1666.9],[3224.2,1677.4]]}},{"type":"Feature","properties":{"id":"p:texto-negro:1189","n":1,"sc":"#000000"},"geometry":{"type":"LineString","coordinates":[[3217.0,1671.7],[3224.2,1671.7]]}},{"type":"Feature","properties":{"id":"p:texto-negro:1190","n":12,"sc":"#000000"},"geometry":{"type":"LineString","coordinates":[[3228,1677.4],[3228,1666.9],[3231.8,1666.9],[3233.3,1667.4],[3234.2,1668.3],[3234.7,1669.3],[3235.2,1670.7],[3235.2,1673.1],[3234.7,1674.6],[3234.2,1676],[3233.3,1677.0],[3231.8,1677.4],[3228,1677.4]]}},{"type":"Feature","properties":{"id":"p:texto-negro:1191","n":10,"sc":"#000000"},"geometry":{"type":"LineString","coordinates":[[3238.6,1677.4],[3238.6,1666.9],[3243.4,1666.9],[3244.8,1667.4],[3245.3,1667.8],[3245.8,1668.8],[3245.8,1670.2],[3245.3,1671.2],[3244.8,1671.7],[3243.4,1672.2],[3238.6,1672.2]]}},{"type":"Feature","properties":{"id":"p:texto-negro:1192","n":2,"sc":"#000000"},"geometry":{"type":"LineString","coordinates":[[3249.1,1677.4],[3249.1,1666.9],[3255.8,1666.9]]}},{"type":"Feature","properties":{"id":"p:texto-negro:1193","n":1,"sc":"#000000"},"geometry":{"type":"LineString","coordinates":[[3249.1,1671.7],[3253.4,1671.7]]}},{"type":"Feature","properties":{"id":"p:texto-negro:1194","n":1,"sc":"#000000"},"geometry":{"type":"LineString","coordinates":[[3249.1,1677.4],[3255.8,1677.4]]}},{"type":"Feature","properties":{"id":"p:texto-negro:1195","n":12,"sc":"#000000"},"geometry":{"type":"LineString","coordinates":[[3269.3,1677.4],[3269.3,1666.9],[3273.1,1666.9],[3274.6,1667.4],[3275.5,1668.3],[3276,1669.3],[3276.5,1670.7],[3276.5,1673.1],[3276,1675.0],[3275.5,1676],[3274.6,1677.0],[3273.1,1677.4],[3269.3,1677.4]]}},{"type":"Feature","properties":{"id":"p:texto-negro:1196","n":3,"sc":"#000000"},"geometry":{"type":"LineString","coordinates":[[3280.3,1677.4],[3280.3,1666.9],[3287.0,1677.4],[3287.0,1666.9]]}},{"type":"Feature","properties":{"id":"p:texto-negro:1197","n":22,"sc":"#000000"},"geometry":{"type":"LineString","coordinates":[[3307.7,1670.2],[3307.2,1671.7],[3306.2,1672.6],[3304.8,1673.1],[3304.3,1673.1],[3302.9,1672.6],[3301.9,1671.7],[3301.4,1670.2],[3301.4,1669.8],[3301.9,1668.3],[3302.9,1667.4],[3304.3,1666.9],[3304.8,1666.9],[3306.2,1667.4],[3307.2,1668.3],[3307.7,1670.2],[3307.7,1672.6],[3307.2,1675.5],[3306.2,1677.0],[3304.8,1677.4],[3303.8,1677.4],[3302.4,1677.0],[3301.9,1676]]}},{"type":"Feature","properties":{"id":"p:texto-negro:1198","n":16,"sc":"#000000"},"geometry":{"type":"LineString","coordinates":[[3314.4,1666.9],[3313.0,1667.4],[3312,1668.8],[3311.5,1671.2],[3311.5,1672.6],[3312,1675.5],[3313.0,1677.0],[3314.4,1677.4],[3315.4,1677.4],[3316.8,1677.0],[3317.8,1675.5],[3318.2,1672.6],[3318.2,1671.2],[3317.8,1668.8],[3316.8,1667.4],[3315.4,1666.9],[3314.4,1666.9]]}},{"type":"Feature","properties":{"id":"p:texto-negro:1199","n":10,"sc":"#000000"},"geometry":{"type":"LineString","coordinates":[[3332.6,1677.4],[3332.6,1666.9],[3337.0,1666.9],[3338.4,1667.4],[3338.9,1667.8],[3339.4,1668.8],[3339.4,1670.2],[3338.9,1671.2],[3338.4,1671.7],[3337.0,1672.2],[3332.6,1672.2]]}},{"type":"Feature","properties":{"id":"p:texto-negro:1200","n":3,"sc":"#000000"},"geometry":{"type":"LineString","coordinates":[[3343.2,1677.4],[3343.2,1666.9],[3349.9,1677.4],[3350.4,1666.9]]}},{"type":"Feature","properties":{"id":"p:texto-negro:1201","n":3,"sc":"#000000"},"geometry":{"type":"LineString","coordinates":[[3365.8,1668.8],[3366.7,1668.3],[3368.2,1666.9],[3368.2,1677.4]]}},{"type":"Feature","properties":{"id":"p:texto-negro:1202","n":16,"sc":"#000000"},"geometry":{"type":"LineString","coordinates":[[3377.3,1666.9],[3375.8,1667.4],[3374.9,1668.8],[3374.4,1671.2],[3374.4,1672.6],[3374.9,1675.5],[3375.8,1677.0],[3377.3,1677.4],[3378.2,1677.4],[3379.7,1677.0],[3381.1,1675.5],[3381.6,1672.6],[3381.6,1671.2],[3381.1,1668.8],[3379.7,1667.4],[3378.2,1666.9],[3377.3,1666.9]]}},{"type":"Feature","properties":{"id":"p:texto-negro:1203","n":2,"sc":"#000000"},"geometry":{"type":"LineString","coordinates":[[3178.1,1646.2],[3210.2,1678.9],[3400.3,1678.9]]}},{"type":"Feature","properties":{"id":"p:texto-negro:1204","n":1,"sc":"#ffffff"},"geometry":{"type":"LineString","coordinates":[[3188.2,1616.5],[3360,1617.0]]}},{"type":"Feature","properties":{"id":"p:texto-negro:1205","n":6,"sc":"#ffffff","fc":"#ffffff"},"geometry":{"type":"MultiLineString","coordinates":[[[3188.2,1598.7],[3360,1598.7],[3188.2,1616.5],[3188.2,1598.7]],[[3360,1598.7],[3188.2,1616.5],[3360,1617.0],[3360,1598.7]]]}},{"type":"Feature","properties":{"id":"p:texto-negro:1206","n":1,"sc":"#000000"},"geometry":{"type":"LineString","coordinates":[[3192,1602.6],[3192,1613.1]]}},{"type":"Feature","properties":{"id":"p:texto-negro:1207","n":1,"sc":"#000000"},"geometry":{"type":"LineString","coordinates":[[3198.7,1602.6],[3198.7,1613.1]]}},{"type":"Feature","properties":{"id":"p:texto-negro:1208","n":1,"sc":"#000000"},"geometry":{"type":"LineString","coordinates":[[3192,1607.4],[3198.7,1607.4]]}},{"type":"Feature","properties":{"id":"p:texto-negro:1209","n":12,"sc":"#000000"},"geometry":{"type":"LineString","coordinates":[[3203.0,1613.1],[3203.0,1602.6],[3206.4,1602.6],[3207.8,1603.0],[3208.8,1604],[3209.3,1605.0],[3209.8,1606.4],[3209.8,1608.8],[3209.3,1610.7],[3208.8,1611.7],[3207.8,1612.6],[3206.4,1613.1],[3203.0,1613.1]]}},{"type":"Feature","properties":{"id":"p:texto-negro:1210","n":10,"sc":"#000000"},"geometry":{"type":"LineString","coordinates":[[3213.6,1613.1],[3213.6,1602.6],[3217.9,1602.6],[3219.4,1603.0],[3219.8,1603.5],[3220.8,1604.5],[3220.8,1605.9],[3219.8,1606.9],[3219.4,1607.4],[3217.9,1607.8],[3213.6,1607.8]]}},{"type":"Feature","properties":{"id":"p:texto-negro:1211","n":2,"sc":"#000000"},"geometry":{"type":"LineString","coordinates":[[3224.2,1613.1],[3224.2,1602.6],[3230.9,1602.6]]}},{"type":"Feature","properties":{"id":"p:texto-negro:1212","n":1,"sc":"#000000"},"geometry":{"type":"LineString","coordinates":[[3224.2,1607.4],[3228,1607.4]]}},{"type":"Feature","properties":{"id":"p:texto-negro:1213","n":1,"sc":"#000000"},"geometry":{"type":"LineString","coordinates":[[3224.2,1613.1],[3230.9,1613.1]]}},{"type":"Feature","properties":{"id":"p:texto-negro:1214","n":12,"sc":"#000000"},"geometry":{"type":"LineString","coordinates":[[3244.3,1613.1],[3244.3,1602.6],[3247.7,1602.6],[3249.1,1603.0],[3250.1,1604],[3251.0,1605.0],[3251.5,1606.4],[3251.5,1608.8],[3251.0,1610.7],[3250.1,1611.7],[3249.1,1612.6],[3247.7,1613.1],[3244.3,1613.1]]}},{"type":"Feature","properties":{"id":"p:texto-negro:1215","n":3,"sc":"#000000"},"geometry":{"type":"LineString","coordinates":[[3254.9,1613.1],[3254.9,1602.6],[3262.1,1613.1],[3262.1,1602.6]]}},{"type":"Feature","properties":{"id":"p:texto-negro:1216","n":22,"sc":"#000000"},"geometry":{"type":"LineString","coordinates":[[3282.7,1605.9],[3282.2,1607.4],[3281.3,1608.3],[3279.4,1608.8],[3278.9,1608.8],[3277.4,1608.3],[3276.5,1607.4],[3276,1605.9],[3276,1605.4],[3276.5,1604],[3277.4,1603.0],[3278.9,1602.6],[3279.4,1602.6],[3281.3,1603.0],[3282.2,1604],[3282.7,1605.9],[3282.7,1608.3],[3282.2,1611.2],[3281.3,1612.6],[3279.4,1613.1],[3278.4,1613.1],[3277.0,1612.6],[3276.5,1611.7]]}},{"type":"Feature","properties":{"id":"p:texto-negro:1217","n":16,"sc":"#000000"},"geometry":{"type":"LineString","coordinates":[[3289.0,1602.6],[3287.5,1603.0],[3286.6,1604.5],[3286.1,1606.9],[3286.1,1608.3],[3286.6,1611.2],[3287.5,1612.6],[3289.0,1613.1],[3289.9,1613.1],[3291.8,1612.6],[3292.8,1611.2],[3293.3,1608.3],[3293.3,1606.9],[3292.8,1604.5],[3291.8,1603.0],[3289.9,1602.6],[3289.0,1602.6]]}},{"type":"Feature","properties":{"id":"p:texto-negro:1218","n":10,"sc":"#000000"},"geometry":{"type":"LineString","coordinates":[[3307.2,1613.1],[3307.2,1602.6],[3312,1602.6],[3313.4,1603.0],[3313.9,1603.5],[3314.4,1604.5],[3314.4,1605.9],[3313.9,1606.9],[3313.4,1607.4],[3312,1607.8],[3307.2,1607.8]]}},{"type":"Feature","properties":{"id":"p:texto-negro:1219","n":3,"sc":"#000000"},"geometry":{"type":"LineString","coordinates":[[3317.8,1613.1],[3317.8,1602.6],[3325.0,1613.1],[3325.0,1602.6]]}},{"type":"Feature","properties":{"id":"p:texto-negro:1220","n":3,"sc":"#000000"},"geometry":{"type":"LineString","coordinates":[[3340.8,1604.5],[3341.8,1604],[3343.2,1602.6],[3343.2,1613.1]]}},{"type":"Feature","properties":{"id":"p:texto-negro:1221","n":16,"sc":"#000000"},"geometry":{"type":"LineString","coordinates":[[3352.3,1602.6],[3350.9,1603.0],[3349.4,1604.5],[3349.0,1606.9],[3349.0,1608.3],[3349.4,1611.2],[3350.9,1612.6],[3352.3,1613.1],[3353.3,1613.1],[3354.7,1612.6],[3355.7,1611.2],[3356.2,1608.3],[3356.2,1606.9],[3355.7,1604.5],[3354.7,1603.0],[3353.3,1602.6],[3352.3,1602.6]]}},{"type":"Feature","properties":{"id":"p:texto-negro:1222","n":2,"sc":"#000000"},"geometry":{"type":"LineString","coordinates":[[3152.6,1630.4],[3185.3,1614.6],[3374.9,1615.0]]}},{"type":"Feature","properties":{"id":"p:texto-negro:1223","n":1,"sc":"#ffffff"},"geometry":{"type":"LineString","coordinates":[[1802.9,983.8],[1974.7,983.8]]}},{"type":"Feature","properties":{"id":"p:texto-negro:1224","n":6,"sc":"#ffffff","fc":"#ffffff"},"geometry":{"type":"MultiLineString","coordinates":[[[1802.9,965.6],[1974.7,965.6],[1802.9,983.8],[1802.9,965.6]],[[1974.7,965.6],[1802.9,983.8],[1974.7,983.8],[1974.7,965.6]]]}},{"type":"Feature","properties":{"id":"p:texto-negro:1225","n":1,"sc":"#000000"},"geometry":{"type":"LineString","coordinates":[[1806.7,969.4],[1806.7,980]]}},{"type":"Feature","properties":{"id":"p:texto-negro:1226","n":1,"sc":"#000000"},"geometry":{"type":"LineString","coordinates":[[1813.9,969.4],[1813.9,980]]}},{"type":"Feature","properties":{"id":"p:texto-negro:1227","n":1,"sc":"#000000"},"geometry":{"type":"LineString","coordinates":[[1806.7,974.2],[1813.9,974.2]]}},{"type":"Feature","properties":{"id":"p:texto-negro:1228","n":12,"sc":"#000000"},"geometry":{"type":"LineString","coordinates":[[1817.8,980],[1817.8,969.4],[1821.1,969.4],[1822.6,969.9],[1824,970.9],[1824.5,971.8],[1825.0,973.3],[1825.0,976.2],[1824.5,977.6],[1824,978.6],[1822.6,979.5],[1821.1,980],[1817.8,980]]}},{"type":"Feature","properties":{"id":"p:texto-negro:1229","n":10,"sc":"#000000"},"geometry":{"type":"LineString","coordinates":[[1828.3,980],[1828.3,969.4],[1832.6,969.4],[1834.6,969.9],[1835.0,970.4],[1835.5,971.4],[1835.5,972.8],[1835.0,973.8],[1834.6,974.2],[1832.6,974.7],[1828.3,974.7]]}},{"type":"Feature","properties":{"id":"p:texto-negro:1230","n":2,"sc":"#000000"},"geometry":{"type":"LineString","coordinates":[[1838.9,980],[1838.9,969.4],[1845.6,969.4]]}},{"type":"Feature","properties":{"id":"p:texto-negro:1231","n":1,"sc":"#000000"},"geometry":{"type":"LineString","coordinates":[[1838.9,974.2],[1842.7,974.2]]}},{"type":"Feature","properties":{"id":"p:texto-negro:1232","n":1,"sc":"#000000"},"geometry":{"type":"LineString","coordinates":[[1838.9,980],[1845.6,980]]}},{"type":"Feature","properties":{"id":"p:texto-negro:1233","n":12,"sc":"#000000"},"geometry":{"type":"LineString","coordinates":[[1859.0,980],[1859.0,969.4],[1862.4,969.4],[1864.3,969.9],[1865.3,970.9],[1865.8,971.8],[1866.2,973.3],[1866.2,976.2],[1865.8,977.6],[1865.3,978.6],[1864.3,979.5],[1862.4,980],[1859.0,980]]}},{"type":"Feature","properties":{"id":"p:texto-negro:1234","n":3,"sc":"#000000"},"geometry":{"type":"LineString","coordinates":[[1869.6,980],[1869.6,969.4],[1876.8,980],[1876.8,969.4]]}},{"type":"Feature","properties":{"id":"p:texto-negro:1235","n":22,"sc":"#000000"},"geometry":{"type":"LineString","coordinates":[[1897.4,972.8],[1897.0,974.2],[1896,975.7],[1894.6,976.2],[1894.1,976.2],[1892.2,975.7],[1891.2,974.2],[1890.7,972.8],[1890.7,972.3],[1891.2,970.9],[1892.2,969.9],[1894.1,969.4],[1894.6,969.4],[1896,969.9],[1897.0,970.9],[1897.4,972.8],[1897.4,975.7],[1897.0,978.1],[1896,979.5],[1894.6,980],[1893.6,980],[1891.7,979.5],[1891.2,978.6]]}},{"type":"Feature","properties":{"id":"p:texto-negro:1236","n":16,"sc":"#000000"},"geometry":{"type":"LineString","coordinates":[[1904.2,969.4],[1902.2,969.9],[1901.3,971.4],[1900.8,973.8],[1900.8,975.7],[1901.3,978.1],[1902.2,979.5],[1904.2,980],[1905.1,980],[1906.6,979.5],[1907.5,978.1],[1908,975.7],[1908,973.8],[1907.5,971.4],[1906.6,969.9],[1905.1,969.4],[1904.2,969.4]]}},{"type":"Feature","properties":{"id":"p:texto-negro:1237","n":10,"sc":"#000000"},"geometry":{"type":"LineString","coordinates":[[1921.9,980],[1921.9,969.4],[1926.7,969.4],[1928.2,969.9],[1928.6,970.4],[1929.1,971.4],[1929.1,972.8],[1928.6,973.8],[1928.2,974.2],[1926.7,975.2],[1921.9,975.2]]}},{"type":"Feature","properties":{"id":"p:texto-negro:1238","n":3,"sc":"#000000"},"geometry":{"type":"LineString","coordinates":[[1932.5,980],[1932.5,969.4],[1939.7,980],[1939.7,969.4]]}},{"type":"Feature","properties":{"id":"p:texto-negro:1239","n":3,"sc":"#000000"},"geometry":{"type":"LineString","coordinates":[[1955.5,971.4],[1956.5,970.9],[1957.9,969.4],[1957.9,980]]}},{"type":"Feature","properties":{"id":"p:texto-negro:1240","n":16,"sc":"#000000"},"geometry":{"type":"LineString","coordinates":[[1967.0,969.4],[1965.6,969.9],[1964.6,971.4],[1964.2,973.8],[1964.2,975.7],[1964.6,978.1],[1965.6,979.5],[1967.0,980],[1968,980],[1969.4,979.5],[1970.4,978.1],[1970.9,975.7],[1970.9,973.8],[1970.4,971.4],[1969.4,969.9],[1968,969.4],[1967.0,969.4]]}},{"type":"Feature","properties":{"id":"p:texto-negro:1241","n":2,"sc":"#000000"},"geometry":{"type":"LineString","coordinates":[[2028.5,968],[1990.1,981.4],[1800,981.9]]}},{"type":"Feature","properties":{"id":"p:texto-negro:1242","n":1,"sc":"#ffffff"},"geometry":{"type":"LineString","coordinates":[[1792.8,946.9],[1964.6,946.9]]}},{"type":"Feature","properties":{"id":"p:texto-negro:1243","n":6,"sc":"#ffffff","fc":"#ffffff"},"geometry":{"type":"MultiLineString","coordinates":[[[1792.8,929.1],[1964.6,929.1],[1792.8,946.9],[1792.8,929.1]],[[1964.6,929.1],[1792.8,946.9],[1964.6,946.9],[1964.6,929.1]]]}},{"type":"Feature","properties":{"id":"p:texto-negro:1244","n":1,"sc":"#000000"},"geometry":{"type":"LineString","coordinates":[[1796.6,932.5],[1796.6,943.5]]}},{"type":"Feature","properties":{"id":"p:texto-negro:1245","n":1,"sc":"#000000"},"geometry":{"type":"LineString","coordinates":[[1803.4,932.5],[1803.4,943.5]]}},{"type":"Feature","properties":{"id":"p:texto-negro:1246","n":1,"sc":"#000000"},"geometry":{"type":"LineString","coordinates":[[1796.6,937.8],[1803.4,937.8]]}},{"type":"Feature","properties":{"id":"p:texto-negro:1247","n":12,"sc":"#000000"},"geometry":{"type":"LineString","coordinates":[[1807.7,943.5],[1807.7,932.5],[1811.0,932.5],[1812.5,933.4],[1813.4,934.4],[1813.9,935.4],[1814.4,936.8],[1814.4,939.2],[1813.9,940.6],[1813.4,941.6],[1812.5,942.6],[1811.0,943.5],[1807.7,943.5]]}},{"type":"Feature","properties":{"id":"p:texto-negro:1248","n":10,"sc":"#000000"},"geometry":{"type":"LineString","coordinates":[[1818.2,943.5],[1818.2,932.5],[1822.6,932.5],[1824,933.4],[1824.5,933.9],[1825.0,934.9],[1825.0,936.3],[1824.5,937.3],[1824,937.8],[1822.6,938.2],[1818.2,938.2]]}},{"type":"Feature","properties":{"id":"p:texto-negro:1249","n":2,"sc":"#000000"},"geometry":{"type":"LineString","coordinates":[[1828.8,943.5],[1828.8,933.0],[1835.0,933.0]]}},{"type":"Feature","properties":{"id":"p:texto-negro:1250","n":1,"sc":"#000000"},"geometry":{"type":"LineString","coordinates":[[1828.8,937.8],[1832.6,937.8]]}},{"type":"Feature","properties":{"id":"p:texto-negro:1251","n":1,"sc":"#000000"},"geometry":{"type":"LineString","coordinates":[[1828.8,943.5],[1835.0,943.5]]}},{"type":"Feature","properties":{"id":"p:texto-negro:1252","n":12,"sc":"#000000"},"geometry":{"type":"LineString","coordinates":[[1849.0,943.5],[1849.0,933.0],[1852.3,933.0],[1853.8,933.4],[1854.7,934.4],[1855.2,935.4],[1855.7,936.8],[1855.7,939.2],[1855.2,940.6],[1854.7,941.6],[1853.8,943.0],[1852.3,943.5],[1849.0,943.5]]}},{"type":"Feature","properties":{"id":"p:texto-negro:1253","n":3,"sc":"#000000"},"geometry":{"type":"LineString","coordinates":[[1859.5,943.5],[1859.5,933.0],[1866.7,943.5],[1866.7,933.0]]}},{"type":"Feature","properties":{"id":"p:texto-negro:1254","n":22,"sc":"#000000"},"geometry":{"type":"LineString","coordinates":[[1887.4,936.3],[1886.9,937.8],[1885.4,938.7],[1884,939.2],[1883.5,939.2],[1882.1,938.7],[1881.1,937.8],[1880.6,936.3],[1880.6,935.8],[1881.1,934.4],[1882.1,933.4],[1883.5,933.0],[1884,933.0],[1885.4,933.4],[1886.9,934.4],[1887.4,936.3],[1887.4,938.7],[1886.9,941.1],[1885.4,943.0],[1884,943.5],[1883.0,943.5],[1881.6,943.0],[1881.1,941.6]]}},{"type":"Feature","properties":{"id":"p:texto-negro:1255","n":16,"sc":"#000000"},"geometry":{"type":"LineString","coordinates":[[1893.6,933.0],[1892.2,933.4],[1891.2,934.9],[1890.7,937.3],[1890.7,938.7],[1891.2,941.1],[1892.2,943.0],[1893.6,943.5],[1894.6,943.5],[1896,943.0],[1897.4,941.1],[1897.9,938.7],[1897.9,937.3],[1897.4,934.9],[1896,933.4],[1894.6,933.0],[1893.6,933.0]]}},{"type":"Feature","properties":{"id":"p:texto-negro:1256","n":10,"sc":"#000000"},"geometry":{"type":"LineString","coordinates":[[1911.8,943.5],[1911.8,933.0],[1916.6,933.0],[1918.1,933.4],[1918.6,933.9],[1919.0,934.9],[1919.0,936.3],[1918.6,937.3],[1918.1,937.8],[1916.2,938.2],[1911.8,938.2]]}},{"type":"Feature","properties":{"id":"p:texto-negro:1257","n":3,"sc":"#000000"},"geometry":{"type":"LineString","coordinates":[[1922.4,943.5],[1922.4,933.0],[1929.6,943.5],[1929.6,933.0]]}},{"type":"Feature","properties":{"id":"p:texto-negro:1258","n":3,"sc":"#000000"},"geometry":{"type":"LineString","coordinates":[[1945.0,934.9],[1945.9,934.4],[1947.8,933.0],[1947.8,943.5]]}},{"type":"Feature","properties":{"id":"p:texto-negro:1259","n":16,"sc":"#000000"},"geometry":{"type":"LineString","coordinates":[[1957.0,933.0],[1955.0,933.4],[1954.1,934.9],[1953.6,937.3],[1953.6,938.7],[1954.1,941.1],[1955.0,943.0],[1957.0,943.5],[1957.9,943.5],[1959.4,943.0],[1960.3,941.6],[1960.8,938.7],[1960.8,937.3],[1960.3,934.9],[1959.4,933.4],[1957.9,933.0],[1957.0,933.0]]}},{"type":"Feature","properties":{"id":"p:texto-negro:1260","n":2,"sc":"#000000"},"geometry":{"type":"LineString","coordinates":[[2012.2,960.8],[1979.5,945.0],[1789.9,945.0]]}},{"type":"Feature","properties":{"id":"p:texto-negro:1261","n":1,"sc":"#ffffff"},"geometry":{"type":"LineString","coordinates":[[1492.3,1866.1],[1664.2,1866.1]]}},{"type":"Feature","properties":{"id":"p:texto-negro:1262","n":6,"sc":"#ffffff","fc":"#ffffff"},"geometry":{"type":"MultiLineString","coordinates":[[[1492.3,1848.3],[1664.2,1848.3],[1492.3,1866.1],[1492.3,1848.3]],[[1664.2,1848.3],[1492.3,1866.1],[1664.2,1866.1],[1664.2,1848.3]]]}},{"type":"Feature","properties":{"id":"p:texto-negro:1263","n":1,"sc":"#000000"},"geometry":{"type":"LineString","coordinates":[[1496.2,1851.7],[1496.2,1862.2]]}},{"type":"Feature","properties":{"id":"p:texto-negro:1264","n":1,"sc":"#000000"},"geometry":{"type":"LineString","coordinates":[[1502.9,1851.7],[1502.9,1862.2]]}},{"type":"Feature","properties":{"id":"p:texto-negro:1265","n":1,"sc":"#000000"},"geometry":{"type":"LineString","coordinates":[[1496.2,1857.0],[1502.9,1857.0]]}},{"type":"Feature","properties":{"id":"p:texto-negro:1266","n":12,"sc":"#000000"},"geometry":{"type":"LineString","coordinates":[[1507.2,1862.2],[1507.2,1851.7],[1510.6,1851.7],[1512,1852.2],[1513.0,1853.6],[1513.4,1854.6],[1513.9,1856],[1513.9,1858.4],[1513.4,1859.8],[1513.0,1860.8],[1512,1861.8],[1510.6,1862.2],[1507.2,1862.2]]}},{"type":"Feature","properties":{"id":"p:texto-negro:1267","n":10,"sc":"#000000"},"geometry":{"type":"LineString","coordinates":[[1517.8,1862.2],[1517.8,1851.7],[1522.1,1851.7],[1523.5,1852.2],[1524,1852.6],[1524.5,1854.1],[1524.5,1855.5],[1524,1856.5],[1523.5,1857.0],[1522.1,1857.4],[1517.8,1857.4]]}},{"type":"Feature","properties":{"id":"p:texto-negro:1268","n":2,"sc":"#000000"},"geometry":{"type":"LineString","coordinates":[[1528.3,1862.2],[1528.3,1851.7],[1534.6,1851.7]]}},{"type":"Feature","properties":{"id":"p:texto-negro:1269","n":1,"sc":"#000000"},"geometry":{"type":"LineString","coordinates":[[1528.3,1857.0],[1532.2,1857.0]]}},{"type":"Feature","properties":{"id":"p:texto-negro:1270","n":1,"sc":"#000000"},"geometry":{"type":"LineString","coordinates":[[1528.3,1862.2],[1534.6,1862.2]]}},{"type":"Feature","properties":{"id":"p:texto-negro:1271","n":12,"sc":"#000000"},"geometry":{"type":"LineString","coordinates":[[1548.5,1862.2],[1548.5,1851.7],[1551.8,1851.7],[1553.3,1852.2],[1554.2,1853.6],[1554.7,1854.6],[1555.7,1856],[1555.7,1858.4],[1554.7,1859.8],[1554.2,1860.8],[1553.3,1861.8],[1551.8,1862.2],[1548.5,1862.2]]}},{"type":"Feature","properties":{"id":"p:texto-negro:1272","n":3,"sc":"#000000"},"geometry":{"type":"LineString","coordinates":[[1559.0,1862.2],[1559.0,1851.7],[1566.2,1862.2],[1566.2,1851.7]]}},{"type":"Feature","properties":{"id":"p:texto-negro:1273","n":22,"sc":"#000000"},"geometry":{"type":"LineString","coordinates":[[1586.9,1855.5],[1586.4,1857.0],[1585.0,1857.9],[1583.5,1858.4],[1583.0,1858.4],[1581.6,1857.9],[1580.6,1857.0],[1580.2,1855.5],[1580.2,1855.0],[1580.6,1853.6],[1581.6,1852.2],[1583.0,1851.7],[1583.5,1851.7],[1585.0,1852.2],[1586.4,1853.6],[1586.9,1855.5],[1586.9,1857.9],[1586.4,1860.3],[1585.0,1861.8],[1583.5,1862.2],[1582.6,1862.2],[1581.1,1861.8],[1580.6,1860.8]]}},{"type":"Feature","properties":{"id":"p:texto-negro:1274","n":16,"sc":"#000000"},"geometry":{"type":"LineString","coordinates":[[1593.1,1851.7],[1591.7,1852.6],[1590.7,1854.1],[1590.2,1856.5],[1590.2,1857.9],[1590.7,1860.3],[1591.7,1861.8],[1593.1,1862.7],[1594.1,1862.7],[1596,1861.8],[1597.0,1860.3],[1597.4,1857.9],[1597.4,1856.5],[1597.0,1854.1],[1596,1852.6],[1594.1,1851.7],[1593.1,1851.7]]}},{"type":"Feature","properties":{"id":"p:texto-negro:1275","n":10,"sc":"#000000"},"geometry":{"type":"LineString","coordinates":[[1611.4,1862.7],[1611.4,1851.7],[1616.2,1851.7],[1617.6,1852.6],[1618.1,1853.1],[1618.6,1854.1],[1618.6,1855.5],[1618.1,1856.5],[1617.6,1857.0],[1616.2,1857.4],[1611.4,1857.4]]}},{"type":"Feature","properties":{"id":"p:texto-negro:1276","n":3,"sc":"#000000"},"geometry":{"type":"LineString","coordinates":[[1621.9,1862.7],[1621.9,1851.7],[1629.1,1862.7],[1629.1,1851.7]]}},{"type":"Feature","properties":{"id":"p:texto-negro:1277","n":3,"sc":"#000000"},"geometry":{"type":"LineString","coordinates":[[1644.5,1854.1],[1645.9,1853.6],[1647.4,1852.2],[1647.4,1862.7]]}},{"type":"Feature","properties":{"id":"p:texto-negro:1278","n":16,"sc":"#000000"},"geometry":{"type":"LineString","coordinates":[[1656.5,1852.2],[1654.6,1852.6],[1653.6,1854.1],[1653.1,1856.5],[1653.1,1857.9],[1653.6,1860.3],[1654.6,1862.2],[1656.5,1862.7],[1657.4,1862.7],[1658.9,1862.2],[1659.8,1860.3],[1660.3,1857.9],[1660.3,1856.5],[1659.8,1854.1],[1658.9,1852.6],[1657.4,1852.2],[1656.5,1852.2]]}},{"type":"Feature","properties":{"id":"p:texto-negro:1279","n":2,"sc":"#000000"},"geometry":{"type":"LineString","coordinates":[[1456.8,1831.0],[1489.4,1864.2],[1679.0,1864.2]]}},{"type":"Feature","properties":{"id":"p:texto-negro:1280","n":1,"sc":"#ffffff"},"geometry":{"type":"LineString","coordinates":[[1476.5,1784],[1648.3,1784.5]]}},{"type":"Feature","properties":{"id":"p:texto-negro:1281","n":6,"sc":"#ffffff","fc":"#ffffff"},"geometry":{"type":"MultiLineString","coordinates":[[[1476.5,1766.2],[1648.3,1766.2],[1476.5,1784],[1476.5,1766.2]],[[1648.3,1766.2],[1476.5,1784],[1648.3,1784.5],[1648.3,1766.2]]]}},{"type":"Feature","properties":{"id":"p:texto-negro:1282","n":1,"sc":"#000000"},"geometry":{"type":"LineString","coordinates":[[1480.3,1770.1],[1480.3,1780.6]]}},{"type":"Feature","properties":{"id":"p:texto-negro:1283","n":1,"sc":"#000000"},"geometry":{"type":"LineString","coordinates":[[1487.0,1770.1],[1487.0,1780.6]]}},{"type":"Feature","properties":{"id":"p:texto-negro:1284","n":1,"sc":"#000000"},"geometry":{"type":"LineString","coordinates":[[1480.3,1774.9],[1487.0,1774.9]]}},{"type":"Feature","properties":{"id":"p:texto-negro:1285","n":12,"sc":"#000000"},"geometry":{"type":"LineString","coordinates":[[1491.4,1780.6],[1491.4,1770.1],[1494.7,1770.1],[1496.2,1770.6],[1497.1,1771.5],[1497.6,1772.5],[1498.1,1773.9],[1498.1,1776.3],[1497.6,1777.8],[1497.1,1779.2],[1496.2,1780.2],[1494.7,1780.6],[1491.4,1780.6]]}},{"type":"Feature","properties":{"id":"p:texto-negro:1286","n":10,"sc":"#000000"},"geometry":{"type":"LineString","coordinates":[[1501.9,1780.6],[1501.9,1770.1],[1506.2,1770.1],[1507.7,1770.6],[1508.2,1771.0],[1508.6,1772],[1508.6,1773.4],[1508.2,1774.4],[1507.7,1774.9],[1506.2,1775.4],[1501.9,1775.4]]}},{"type":"Feature","properties":{"id":"p:texto-negro:1287","n":2,"sc":"#000000"},"geometry":{"type":"LineString","coordinates":[[1512.5,1780.6],[1512.5,1770.1],[1518.7,1770.1]]}},{"type":"Feature","properties":{"id":"p:texto-negro:1288","n":1,"sc":"#000000"},"geometry":{"type":"LineString","coordinates":[[1512.5,1774.9],[1516.3,1774.9]]}},{"type":"Feature","properties":{"id":"p:texto-negro:1289","n":1,"sc":"#000000"},"geometry":{"type":"LineString","coordinates":[[1512.5,1780.6],[1518.7,1780.6]]}},{"type":"Feature","properties":{"id":"p:texto-negro:1290","n":12,"sc":"#000000"},"geometry":{"type":"LineString","coordinates":[[1532.6,1780.6],[1532.6,1770.1],[1536,1770.1],[1537.4,1770.6],[1538.4,1771.5],[1538.9,1772.5],[1539.8,1773.9],[1539.8,1776.3],[1538.9,1777.8],[1538.4,1779.2],[1537.4,1780.2],[1536,1780.6],[1532.6,1780.6]]}},{"type":"Feature","properties":{"id":"p:texto-negro:1291","n":3,"sc":"#000000"},"geometry":{"type":"LineString","coordinates":[[1543.2,1780.6],[1543.2,1770.1],[1550.4,1780.6],[1550.4,1770.1]]}},{"type":"Feature","properties":{"id":"p:texto-negro:1292","n":22,"sc":"#000000"},"geometry":{"type":"LineString","coordinates":[[1571.0,1773.4],[1570.6,1774.9],[1569.6,1775.8],[1567.7,1776.3],[1567.2,1776.3],[1565.8,1775.8],[1564.8,1774.9],[1564.3,1773.4],[1564.3,1773.0],[1564.8,1771.5],[1565.8,1770.6],[1567.2,1770.1],[1567.7,1770.1],[1569.6,1770.6],[1570.6,1771.5],[1571.0,1773.4],[1571.0,1775.8],[1570.6,1778.7],[1569.1,1780.2],[1567.7,1780.6],[1566.7,1780.6],[1565.3,1780.2],[1564.8,1779.2]]}},{"type":"Feature","properties":{"id":"p:texto-negro:1293","n":16,"sc":"#000000"},"geometry":{"type":"LineString","coordinates":[[1577.3,1770.1],[1575.8,1770.6],[1574.9,1772],[1574.4,1774.4],[1574.4,1775.8],[1574.9,1778.7],[1575.8,1780.2],[1577.3,1780.6],[1578.2,1780.6],[1580.2,1780.2],[1581.1,1778.7],[1581.6,1775.8],[1581.6,1774.4],[1581.1,1772],[1580.2,1770.6],[1578.2,1770.1],[1577.3,1770.1]]}},{"type":"Feature","properties":{"id":"p:texto-negro:1294","n":10,"sc":"#000000"},"geometry":{"type":"LineString","coordinates":[[1595.5,1780.6],[1595.5,1770.1],[1600.3,1770.1],[1601.8,1770.6],[1602.2,1771.0],[1602.7,1772],[1602.7,1773.4],[1602.2,1774.4],[1601.8,1774.9],[1600.3,1775.4],[1595.5,1775.4]]}},{"type":"Feature","properties":{"id":"p:texto-negro:1295","n":3,"sc":"#000000"},"geometry":{"type":"LineString","coordinates":[[1606.1,1780.6],[1606.1,1770.1],[1613.3,1780.6],[1613.3,1770.1]]}},{"type":"Feature","properties":{"id":"p:texto-negro:1296","n":3,"sc":"#000000"},"geometry":{"type":"LineString","coordinates":[[1628.6,1772],[1630.1,1771.5],[1631.5,1770.1],[1631.5,1780.6]]}},{"type":"Feature","properties":{"id":"p:texto-negro:1297","n":16,"sc":"#000000"},"geometry":{"type":"LineString","coordinates":[[1640.6,1770.1],[1638.7,1770.6],[1637.8,1772],[1637.3,1774.4],[1637.3,1775.8],[1637.8,1778.7],[1638.7,1780.2],[1640.6,1780.6],[1641.6,1780.6],[1643.0,1780.2],[1644,1778.7],[1644.5,1775.8],[1644.5,1774.4],[1644,1772],[1643.0,1770.6],[1641.6,1770.1],[1640.6,1770.1]]}},{"type":"Feature","properties":{"id":"p:texto-negro:1298","n":2,"sc":"#000000"},"geometry":{"type":"LineString","coordinates":[[1441.0,1797.9],[1473.6,1782.1],[1663.2,1782.1]]}},{"type":"Feature","properties":{"id":"p:texto-negro:1299","n":2,"sc":"#000000"},"geometry":{"type":"LineString","coordinates":[[2450.9,2380.2],[2453.8,2388.3],[2456.6,2380.2]]}},{"type":"Feature","properties":{"id":"p:texto-negro:1300","n":2,"sc":"#000000"},"geometry":{"type":"LineString","coordinates":[[2457.6,2388.3],[2460.5,2380.2],[2463.8,2388.3]]}},{"type":"Feature","properties":{"id":"p:texto-negro:1301","n":1,"sc":"#000000"},"geometry":{"type":"LineString","coordinates":[[2458.6,2385.4],[2462.4,2385.4]]}},{"type":"Feature","properties":{"id":"p:texto-negro:1302","n":2,"sc":"#000000"},"geometry":{"type":"LineString","coordinates":[[2465.8,2380.2],[2465.8,2388.3],[2470.1,2388.3]]}},{"type":"Feature","properties":{"id":"p:texto-negro:1303","n":2,"sc":"#000000"},"geometry":{"type":"LineString","coordinates":[[2471.0,2380.2],[2473.9,2388.3],[2477.3,2380.2]]}},{"type":"Feature","properties":{"id":"p:texto-negro:1304","n":9,"sc":"#000000"},"geometry":{"type":"LineString","coordinates":[[2479.2,2380.2],[2479.2,2385.9],[2479.2,2386.9],[2480.2,2387.8],[2481.1,2388.3],[2482.1,2388.3],[2483.0,2387.8],[2484,2386.9],[2484.5,2385.9],[2484.5,2380.2]]}},{"type":"Feature","properties":{"id":"p:texto-negro:1305","n":2,"sc":"#000000"},"geometry":{"type":"LineString","coordinates":[[2487.4,2380.2],[2487.4,2388.3],[2492.2,2388.3]]}},{"type":"Feature","properties":{"id":"p:texto-negro:1306","n":2,"sc":"#000000"},"geometry":{"type":"LineString","coordinates":[[2492.6,2388.3],[2496,2380.2],[2498.9,2388.3]]}},{"type":"Feature","properties":{"id":"p:texto-negro:1307","n":1,"sc":"#000000"},"geometry":{"type":"LineString","coordinates":[[2494.1,2385.4],[2497.9,2385.4]]}},{"type":"Feature","properties":{"id":"p:texto-negro:1308","n":12,"sc":"#000000"},"geometry":{"type":"LineString","coordinates":[[2450.9,2401.3],[2450.9,2393.6],[2453.3,2393.6],[2454.7,2393.6],[2455.2,2394.6],[2455.7,2395.5],[2456.2,2396.5],[2456.2,2398.4],[2455.7,2399.4],[2455.2,2400.3],[2454.2,2401.3],[2453.3,2401.3],[2450.9,2401.3]]}},{"type":"Feature","properties":{"id":"p:texto-negro:1309","n":2,"sc":"#000000"},"geometry":{"type":"LineString","coordinates":[[2458.6,2401.3],[2458.6,2393.6],[2463.8,2393.6]]}},{"type":"Feature","properties":{"id":"p:texto-negro:1310","n":1,"sc":"#000000"},"geometry":{"type":"LineString","coordinates":[[2458.6,2397.4],[2461.9,2397.4]]}},{"type":"Feature","properties":{"id":"p:texto-negro:1311","n":1,"sc":"#000000"},"geometry":{"type":"LineString","coordinates":[[2458.6,2401.3],[2463.8,2401.3]]}},{"type":"Feature","properties":{"id":"p:texto-negro:1312","n":4,"sc":"#000000"},"geometry":{"type":"LineString","coordinates":[[2473.9,2401.8],[2473.9,2393.6],[2477.3,2401.8],[2480.2,2393.6],[2480.2,2401.8]]}},{"type":"Feature","properties":{"id":"p:texto-negro:1313","n":2,"sc":"#000000"},"geometry":{"type":"LineString","coordinates":[[2482.1,2401.8],[2485.0,2393.6],[2488.3,2401.8]]}},{"type":"Feature","properties":{"id":"p:texto-negro:1314","n":1,"sc":"#000000"},"geometry":{"type":"LineString","coordinates":[[2483.0,2398.9],[2486.9,2398.9]]}},{"type":"Feature","properties":{"id":"p:texto-negro:1315","n":10,"sc":"#000000"},"geometry":{"type":"LineString","coordinates":[[2490.2,2401.8],[2490.2,2393.6],[2493.6,2393.6],[2494.6,2394.1],[2495.0,2394.1],[2495.5,2395.0],[2495.5,2396],[2495.0,2396.5],[2494.6,2397.0],[2493.6,2397.4],[2490.2,2397.4]]}},{"type":"Feature","properties":{"id":"p:texto-negro:1316","n":1,"sc":"#000000"},"geometry":{"type":"LineString","coordinates":[[2492.6,2397.4],[2495.5,2401.8]]}},{"type":"Feature","properties":{"id":"p:texto-negro:1317","n":1,"sc":"#000000"},"geometry":{"type":"LineString","coordinates":[[2498.4,2393.6],[2497.9,2401.8]]}},{"type":"Feature","properties":{"id":"p:texto-negro:1318","n":10,"sc":"#000000"},"geometry":{"type":"LineString","coordinates":[[2501.3,2401.8],[2501.3,2393.6],[2504.6,2393.6],[2505.6,2394.1],[2506.1,2394.6],[2506.6,2395.0],[2506.6,2396.5],[2506.1,2397.0],[2505.6,2397.4],[2504.6,2397.9],[2501.3,2397.9]]}},{"type":"Feature","properties":{"id":"p:texto-negro:1319","n":20,"sc":"#000000"},"geometry":{"type":"LineString","coordinates":[[2511.4,2393.6],[2510.4,2394.1],[2509.4,2394.6],[2509.4,2395.5],[2509.0,2396.5],[2509.0,2398.4],[2509.4,2399.8],[2509.4,2400.3],[2510.4,2401.3],[2511.4,2401.8],[2512.8,2401.8],[2513.3,2401.3],[2514.2,2400.3],[2514.7,2399.8],[2515.2,2398.4],[2515.2,2396.5],[2514.7,2395.5],[2514.2,2394.6],[2513.3,2394.1],[2512.8,2393.6],[2511.4,2393.6]]}},{"type":"Feature","properties":{"id":"p:texto-negro:1320","n":19,"sc":"#000000"},"geometry":{"type":"LineString","coordinates":[[2522.9,2394.6],[2521.9,2394.1],[2521.0,2393.6],[2519.0,2393.6],[2518.1,2394.1],[2517.1,2394.6],[2517.1,2395.5],[2517.6,2396.5],[2518.1,2396.5],[2519.0,2397.0],[2521.0,2397.9],[2521.9,2398.4],[2522.4,2398.4],[2522.9,2399.4],[2522.9,2400.3],[2521.9,2401.3],[2521.0,2401.8],[2519.0,2401.8],[2518.1,2401.3],[2517.1,2400.3]]}},{"type":"Feature","properties":{"id":"p:texto-negro:1321","n":2,"sc":"#000000"},"geometry":{"type":"LineString","coordinates":[[2524.3,2401.8],[2527.2,2393.6],[2530.6,2401.8]]}},{"type":"Feature","properties":{"id":"p:texto-negro:1322","n":1,"sc":"#000000"},"geometry":{"type":"LineString","coordinates":[[2525.3,2398.9],[2529.1,2398.9]]}},{"type":"Feature","properties":{"id":"p:texto-negro:1323","n":3,"sc":"#000000","fc":"#000000"},"geometry":{"type":"LineString","coordinates":[[2404.3,2306.7],[2401.9,2299.0],[2406.7,2305.8],[2404.3,2306.7]]}},{"type":"Feature","properties":{"id":"p:texto-negro:1324","n":2,"sc":"#000000"},"geometry":{"type":"LineString","coordinates":[[2405.8,2306.2],[2447.5,2389.8],[2530.6,2390.2]]}},{"type":"Feature","properties":{"id":"p:texto-negro:1325","n":2,"sc":"#000000"},"geometry":{"type":"LineString","coordinates":[[2481.6,2312],[2484.5,2320.2],[2487.4,2312]]}},{"type":"Feature","properties":{"id":"p:texto-negro:1326","n":2,"sc":"#000000"},"geometry":{"type":"LineString","coordinates":[[2488.3,2320.2],[2491.2,2312],[2494.6,2320.2]]}},{"type":"Feature","properties":{"id":"p:texto-negro:1327","n":1,"sc":"#000000"},"geometry":{"type":"LineString","coordinates":[[2489.3,2317.3],[2493.1,2317.3]]}},{"type":"Feature","properties":{"id":"p:texto-negro:1328","n":2,"sc":"#000000"},"geometry":{"type":"LineString","coordinates":[[2496.5,2312],[2496.5,2320.2],[2500.8,2320.2]]}},{"type":"Feature","properties":{"id":"p:texto-negro:1329","n":2,"sc":"#000000"},"geometry":{"type":"LineString","coordinates":[[2501.8,2312],[2504.6,2320.2],[2508,2312]]}},{"type":"Feature","properties":{"id":"p:texto-negro:1330","n":9,"sc":"#000000"},"geometry":{"type":"LineString","coordinates":[[2509.9,2312],[2509.9,2317.8],[2509.9,2319.2],[2510.9,2319.7],[2511.8,2320.2],[2512.8,2320.2],[2513.8,2319.7],[2514.7,2319.2],[2515.2,2317.8],[2515.2,2312]]}},{"type":"Feature","properties":{"id":"p:texto-negro:1331","n":2,"sc":"#000000"},"geometry":{"type":"LineString","coordinates":[[2518.1,2312],[2518.1,2320.2],[2522.9,2320.2]]}},{"type":"Feature","properties":{"id":"p:texto-negro:1332","n":2,"sc":"#000000"},"geometry":{"type":"LineString","coordinates":[[2523.4,2320.2],[2526.7,2312],[2529.6,2320.2]]}},{"type":"Feature","properties":{"id":"p:texto-negro:1333","n":1,"sc":"#000000"},"geometry":{"type":"LineString","coordinates":[[2524.8,2317.8],[2528.6,2317.8]]}},{"type":"Feature","properties":{"id":"p:texto-negro:1334","n":12,"sc":"#000000"},"geometry":{"type":"LineString","coordinates":[[2481.1,2333.6],[2481.1,2325.4],[2484,2325.4],[2485.0,2325.9],[2485.9,2326.9],[2486.4,2327.4],[2486.9,2328.8],[2486.9,2330.7],[2486.4,2331.7],[2485.9,2332.6],[2485.0,2333.1],[2484,2333.6],[2481.1,2333.6]]}},{"type":"Feature","properties":{"id":"p:texto-negro:1335","n":2,"sc":"#000000"},"geometry":{"type":"LineString","coordinates":[[2489.3,2333.6],[2489.3,2325.4],[2494.6,2325.4]]}},{"type":"Feature","properties":{"id":"p:texto-negro:1336","n":1,"sc":"#000000"},"geometry":{"type":"LineString","coordinates":[[2489.3,2329.3],[2492.6,2329.3]]}},{"type":"Feature","properties":{"id":"p:texto-negro:1337","n":1,"sc":"#000000"},"geometry":{"type":"LineString","coordinates":[[2489.3,2333.6],[2494.6,2333.6]]}},{"type":"Feature","properties":{"id":"p:texto-negro:1338","n":4,"sc":"#000000"},"geometry":{"type":"LineString","coordinates":[[2504.6,2333.6],[2504.6,2325.4],[2507.5,2333.6],[2510.9,2325.4],[2510.9,2333.6]]}},{"type":"Feature","properties":{"id":"p:texto-negro:1339","n":2,"sc":"#000000"},"geometry":{"type":"LineString","coordinates":[[2512.8,2333.6],[2515.7,2325.4],[2519.0,2333.6]]}},{"type":"Feature","properties":{"id":"p:texto-negro:1340","n":1,"sc":"#000000"},"geometry":{"type":"LineString","coordinates":[[2513.8,2330.7],[2517.6,2331.2]]}},{"type":"Feature","properties":{"id":"p:texto-negro:1341","n":10,"sc":"#000000"},"geometry":{"type":"LineString","coordinates":[[2521.0,2333.6],[2521.0,2325.4],[2524.3,2325.4],[2525.3,2325.9],[2525.8,2326.4],[2526.2,2327.4],[2526.2,2327.8],[2525.8,2328.8],[2525.3,2329.3],[2524.3,2329.3],[2521.0,2329.3]]}},{"type":"Feature","properties":{"id":"p:texto-negro:1342","n":1,"sc":"#000000"},"geometry":{"type":"LineString","coordinates":[[2523.4,2329.3],[2526.2,2333.6]]}},{"type":"Feature","properties":{"id":"p:texto-negro:1343","n":1,"sc":"#000000"},"geometry":{"type":"LineString","coordinates":[[2528.6,2325.4],[2528.6,2333.6]]}},{"type":"Feature","properties":{"id":"p:texto-negro:1344","n":10,"sc":"#000000"},"geometry":{"type":"LineString","coordinates":[[2532,2333.6],[2532,2325.4],[2535.4,2325.4],[2536.3,2325.9],[2536.8,2326.4],[2537.3,2327.4],[2537.3,2328.3],[2536.8,2329.3],[2536.3,2329.3],[2535.4,2329.8],[2532,2329.8]]}},{"type":"Feature","properties":{"id":"p:texto-negro:1345","n":20,"sc":"#000000"},"geometry":{"type":"LineString","coordinates":[[2542.1,2325.4],[2541.1,2325.9],[2540.2,2326.9],[2540.2,2327.4],[2539.7,2328.8],[2539.7,2330.7],[2540.2,2331.7],[2540.2,2332.6],[2541.1,2333.1],[2542.1,2333.6],[2543.5,2333.6],[2544,2333.1],[2545.0,2332.6],[2545.4,2331.7],[2545.9,2330.7],[2545.9,2328.8],[2545.4,2327.4],[2545.0,2326.9],[2544,2325.9],[2543.5,2325.4],[2542.1,2325.4]]}},{"type":"Feature","properties":{"id":"p:texto-negro:1346","n":19,"sc":"#000000"},"geometry":{"type":"LineString","coordinates":[[2553.1,2326.9],[2552.6,2325.9],[2551.2,2325.9],[2549.8,2325.4],[2548.8,2325.9],[2547.8,2326.9],[2547.8,2327.4],[2548.3,2328.3],[2548.8,2328.8],[2549.3,2329.3],[2551.7,2329.8],[2552.6,2330.2],[2553.1,2330.7],[2553.1,2331.2],[2553.1,2332.6],[2552.6,2333.1],[2551.2,2333.6],[2549.8,2333.6],[2548.8,2333.1],[2547.8,2332.6]]}},{"type":"Feature","properties":{"id":"p:texto-negro:1347","n":2,"sc":"#000000"},"geometry":{"type":"LineString","coordinates":[[2555.0,2333.6],[2557.9,2325.9],[2560.8,2333.6]]}},{"type":"Feature","properties":{"id":"p:texto-negro:1348","n":1,"sc":"#000000"},"geometry":{"type":"LineString","coordinates":[[2556,2331.2],[2559.8,2331.2]]}},{"type":"Feature","properties":{"id":"p:texto-negro:1349","n":3,"sc":"#000000","fc":"#000000"},"geometry":{"type":"LineString","coordinates":[[2449.9,2277.0],[2447.0,2269.3],[2452.3,2275.5],[2449.9,2277.0]]}},{"type":"Feature","properties":{"id":"p:texto-negro:1350","n":2,"sc":"#000000"},"geometry":{"type":"LineString","coordinates":[[2451.4,2276.5],[2478.2,2321.6],[2561.3,2322.1]]}},{"type":"Feature","properties":{"id":"p:texto-negro:1351","n":1,"sc":"#000000"},"geometry":{"type":"LineString","coordinates":[[2747.0,3290.2],[2747.0,3300.8]]}},{"type":"Feature","properties":{"id":"p:texto-negro:1352","n":1,"sc":"#000000"},"geometry":{"type":"LineString","coordinates":[[2753.8,3290.2],[2753.8,3300.8]]}},{"type":"Feature","properties":{"id":"p:texto-negro:1353","n":1,"sc":"#000000"},"geometry":{"type":"LineString","coordinates":[[2747.0,3295.0],[2753.8,3295.0]]}},{"type":"Feature","properties":{"id":"p:texto-negro:1354","n":12,"sc":"#000000"},"geometry":{"type":"LineString","coordinates":[[2758.1,3300.8],[2758.1,3290.2],[2761.4,3290.2],[2762.9,3290.7],[2763.8,3291.7],[2764.3,3292.6],[2764.8,3294.1],[2764.8,3297.0],[2764.3,3298.4],[2763.8,3299.4],[2762.9,3300.3],[2761.4,3300.8],[2758.1,3300.8]]}},{"type":"Feature","properties":{"id":"p:texto-negro:1355","n":10,"sc":"#000000"},"geometry":{"type":"LineString","coordinates":[[2768.6,3300.8],[2768.6,3290.2],[2773.0,3290.2],[2774.4,3290.7],[2774.9,3291.2],[2775.4,3292.2],[2775.4,3293.6],[2774.9,3294.6],[2774.4,3295.0],[2773.0,3295.5],[2768.6,3295.5]]}},{"type":"Feature","properties":{"id":"p:texto-negro:1356","n":2,"sc":"#000000"},"geometry":{"type":"LineString","coordinates":[[2779.2,3300.8],[2779.2,3290.2],[2785.4,3290.2]]}},{"type":"Feature","properties":{"id":"p:texto-negro:1357","n":1,"sc":"#000000"},"geometry":{"type":"LineString","coordinates":[[2779.2,3295.0],[2783.0,3295.0]]}},{"type":"Feature","properties":{"id":"p:texto-negro:1358","n":1,"sc":"#000000"},"geometry":{"type":"LineString","coordinates":[[2779.2,3300.8],[2785.4,3300.8]]}},{"type":"Feature","properties":{"id":"p:texto-negro:1359","n":12,"sc":"#000000"},"geometry":{"type":"LineString","coordinates":[[2799.4,3300.8],[2799.4,3290.2],[2802.7,3290.2],[2804.2,3290.7],[2805.1,3291.7],[2805.6,3292.6],[2806.1,3294.1],[2806.1,3297.0],[2805.6,3298.4],[2805.1,3299.4],[2804.2,3300.3],[2802.7,3300.8],[2799.4,3300.8]]}},{"type":"Feature","properties":{"id":"p:texto-negro:1360","n":3,"sc":"#000000"},"geometry":{"type":"LineString","coordinates":[[2809.9,3300.8],[2809.9,3290.2],[2817.1,3300.8],[2817.1,3290.2]]}},{"type":"Feature","properties":{"id":"p:texto-negro:1361","n":22,"sc":"#000000"},"geometry":{"type":"LineString","coordinates":[[2837.8,3293.6],[2837.3,3295.0],[2835.8,3296.5],[2834.4,3297.0],[2833.9,3297.0],[2832.5,3296.5],[2831.5,3295.0],[2831.0,3293.6],[2831.0,3293.1],[2831.5,3291.7],[2832.5,3290.7],[2833.9,3290.2],[2834.4,3290.2],[2835.8,3290.7],[2837.3,3291.7],[2837.8,3293.6],[2837.8,3296.5],[2837.3,3298.9],[2835.8,3300.3],[2834.4,3300.8],[2833.4,3300.8],[2832,3300.3],[2831.5,3299.4]]}},{"type":"Feature","properties":{"id":"p:texto-negro:1362","n":16,"sc":"#000000"},"geometry":{"type":"LineString","coordinates":[[2844,3290.2],[2842.6,3290.7],[2841.6,3292.2],[2841.1,3294.6],[2841.1,3296.5],[2841.6,3298.9],[2842.6,3300.3],[2844,3300.8],[2845.0,3300.8],[2846.9,3300.3],[2847.8,3298.9],[2848.3,3296.5],[2848.3,3294.6],[2847.8,3292.2],[2846.9,3290.7],[2845.0,3290.2],[2844,3290.2]]}},{"type":"Feature","properties":{"id":"p:texto-negro:1363","n":10,"sc":"#000000"},"geometry":{"type":"LineString","coordinates":[[2862.2,3300.8],[2862.2,3290.2],[2867.0,3290.2],[2868.5,3290.7],[2869.0,3291.2],[2869.4,3292.2],[2869.4,3293.6],[2869.0,3294.6],[2868.5,3295.5],[2867.0,3296],[2862.2,3296]]}},{"type":"Feature","properties":{"id":"p:texto-negro:1364","n":3,"sc":"#000000"},"geometry":{"type":"LineString","coordinates":[[2872.8,3300.8],[2872.8,3290.2],[2880,3300.8],[2880,3290.2]]}},{"type":"Feature","properties":{"id":"p:texto-negro:1365","n":3,"sc":"#000000"},"geometry":{"type":"LineString","coordinates":[[2895.4,3292.2],[2896.8,3291.7],[2898.2,3290.2],[2898.2,3300.8]]}},{"type":"Feature","properties":{"id":"p:texto-negro:1366","n":16,"sc":"#000000"},"geometry":{"type":"LineString","coordinates":[[2907.4,3290.2],[2905.4,3290.7],[2904.5,3292.2],[2904,3295.0],[2904,3296.5],[2904.5,3298.9],[2905.4,3300.3],[2907.4,3300.8],[2908.3,3300.8],[2909.8,3300.3],[2910.7,3298.9],[2911.2,3296.5],[2911.2,3295.0],[2910.7,3292.2],[2909.8,3290.7],[2908.3,3290.2],[2907.4,3290.2]]}},{"type":"Feature","properties":{"id":"p:texto-negro:1367","n":2,"sc":"#000000"},"geometry":{"type":"LineString","coordinates":[[2709.1,3260.5],[2740.3,3302.2],[2929.9,3302.7]]}},{"type":"Feature","properties":{"id":"p:texto-negro:1368","n":1,"sc":"#000000"},"geometry":{"type":"LineString","coordinates":[[2258.9,2697.0],[2113.9,2697.0]]}},{"type":"Feature","properties":{"id":"p:texto-negro:1369","n":1,"sc":"#000000"},"geometry":{"type":"LineString","coordinates":[[2124,2071.0],[2127.4,2071.0]]}},{"type":"Feature","properties":{"id":"p:texto-negro:1370","n":1,"sc":"#000000"},"geometry":{"type":"LineString","coordinates":[[2120.6,2683.5],[2120.6,2084.5]]}},{"type":"Feature","properties":{"id":"p:texto-negro:1371","n":3,"sc":"#000000","fc":"#000000"},"geometry":{"type":"LineString","coordinates":[[2118.2,2683.5],[2122.6,2683.5],[2120.6,2697.0],[2118.2,2683.5]]}},{"type":"Feature","properties":{"id":"p:texto-negro:1372","n":3,"sc":"#000000","fc":"#000000"},"geometry":{"type":"LineString","coordinates":[[2118.2,2084.5],[2122.6,2084.5],[2120.6,2071.0],[2118.2,2084.5]]}},{"type":"Feature","properties":{"id":"p:texto-negro:1373","n":6,"sc":"#ffffff","fc":"#ffffff"},"geometry":{"type":"MultiLineString","coordinates":[[[2101.9,2410.4],[2118.2,2410.4],[2101.9,2357.6],[2101.9,2410.4]],[[2118.2,2410.4],[2101.9,2357.6],[2118.2,2357.6],[2118.2,2410.4]]]}},{"type":"Feature","properties":{"id":"p:texto-negro:1374","n":1,"sc":"#000000"},"geometry":{"type":"LineString","coordinates":[[2035.7,2071.0],[2039.5,2071.0]]}},{"type":"Feature","properties":{"id":"p:texto-negro:1375","n":1,"sc":"#000000"},"geometry":{"type":"LineString","coordinates":[[2049.1,1907.8],[2026.1,1907.8]]}},{"type":"Feature","properties":{"id":"p:texto-negro:1376","n":1,"sc":"#000000"},"geometry":{"type":"LineString","coordinates":[[2032.8,2057.6],[2032.8,1921.3]]}},{"type":"Feature","properties":{"id":"p:texto-negro:1377","n":3,"sc":"#000000","fc":"#000000"},"geometry":{"type":"LineString","coordinates":[[2030.4,2057.6],[2035.2,2057.6],[2032.8,2071.0],[2030.4,2057.6]]}},{"type":"Feature","properties":{"id":"p:texto-negro:1378","n":3,"sc":"#000000","fc":"#000000"},"geometry":{"type":"LineString","coordinates":[[2030.4,1921.3],[2035.2,1921.3],[2032.8,1907.8],[2030.4,1921.3]]}},{"type":"Feature","properties":{"id":"p:texto-negro:1379","n":6,"sc":"#ffffff","fc":"#ffffff"},"geometry":{"type":"MultiLineString","coordinates":[[[2014.1,2011.0],[2030.9,2011.0],[2014.1,1967.8],[2014.1,2011.0]],[[2030.9,2011.0],[2014.1,1967.8],[2030.9,1967.8],[2030.9,2011.0]]]}},{"type":"Feature","properties":{"id":"p:texto-negro:1380","n":1,"sc":"#000000"},"geometry":{"type":"LineString","coordinates":[[2103.4,2071.0],[2127.4,2071.0]]}},{"type":"Feature","properties":{"id":"p:texto-negro:1381","n":1,"sc":"#000000"},"geometry":{"type":"LineString","coordinates":[[2082.2,1439.4],[2127.4,1439.4]]}},{"type":"Feature","properties":{"id":"p:texto-negro:1382","n":1,"sc":"#000000"},"geometry":{"type":"LineString","coordinates":[[2120.6,2057.6],[2120.6,1453.3]]}},{"type":"Feature","properties":{"id":"p:texto-negro:1383","n":3,"sc":"#000000","fc":"#000000"},"geometry":{"type":"LineString","coordinates":[[2118.2,2057.6],[2122.6,2057.6],[2120.6,2071.0],[2118.2,2057.6]]}},{"type":"Feature","properties":{"id":"p:texto-negro:1384","n":3,"sc":"#000000","fc":"#000000"},"geometry":{"type":"LineString","coordinates":[[2118.2,1453.3],[2122.6,1453.3],[2120.6,1439.4],[2118.2,1453.3]]}},{"type":"Feature","properties":{"id":"p:texto-negro:1385","n":6,"sc":"#ffffff","fc":"#ffffff"},"geometry":{"type":"MultiLineString","coordinates":[[[2101.9,1781.6],[2118.2,1781.6],[2101.9,1728.8],[2101.9,1781.6]],[[2118.2,1781.6],[2101.9,1728.8],[2118.2,1728.8],[2118.2,1781.6]]]}},{"type":"Feature","properties":{"id":"p:texto-negro:1386","n":1,"sc":"#000000"},"geometry":{"type":"LineString","coordinates":[[1980,2071.0],[1941.6,2071.0]]}},{"type":"Feature","properties":{"id":"p:texto-negro:1387","n":1,"sc":"#000000"},"geometry":{"type":"LineString","coordinates":[[1980.5,1619.4],[1941.6,1619.4]]}},{"type":"Feature","properties":{"id":"p:texto-negro:1388","n":1,"sc":"#000000"},"geometry":{"type":"LineString","coordinates":[[1948.3,2057.6],[1948.3,1633.3]]}},{"type":"Feature","properties":{"id":"p:texto-negro:1389","n":3,"sc":"#000000","fc":"#000000"},"geometry":{"type":"LineString","coordinates":[[1945.9,2057.6],[1950.7,2057.6],[1948.3,2071.0],[1945.9,2057.6]]}},{"type":"Feature","properties":{"id":"p:texto-negro:1390","n":3,"sc":"#000000","fc":"#000000"},"geometry":{"type":"LineString","coordinates":[[1945.9,1633.3],[1950.7,1633.3],[1948.3,1619.4],[1945.9,1633.3]]}},{"type":"Feature","properties":{"id":"p:texto-negro:1391","n":6,"sc":"#ffffff","fc":"#ffffff"},"geometry":{"type":"MultiLineString","coordinates":[[[1929.6,1867.0],[1946.4,1867.0],[1929.6,1823.8],[1929.6,1867.0]],[[1946.4,1867.0],[1929.6,1823.8],[1946.4,1823.8],[1946.4,1867.0]]]}},{"type":"Feature","properties":{"id":"p:texto-negro:1392","n":1,"sc":"#000000"},"geometry":{"type":"LineString","coordinates":[[1453.9,2071.0],[1394.4,2071.0]]}},{"type":"Feature","properties":{"id":"p:texto-negro:1393","n":1,"sc":"#000000"},"geometry":{"type":"LineString","coordinates":[[1468.8,2152.6],[1394.4,2152.6]]}},{"type":"Feature","properties":{"id":"p:texto-negro:1394","n":1,"sc":"#000000"},"geometry":{"type":"LineString","coordinates":[[1401.1,2084.5],[1401.1,2138.7]]}},{"type":"Feature","properties":{"id":"p:texto-negro:1395","n":3,"sc":"#000000","fc":"#000000"},"geometry":{"type":"LineString","coordinates":[[1398.7,2084.5],[1403.5,2084.5],[1401.1,2071.0],[1398.7,2084.5]]}},{"type":"Feature","properties":{"id":"p:texto-negro:1396","n":3,"sc":"#000000","fc":"#000000"},"geometry":{"type":"LineString","coordinates":[[1398.7,2138.7],[1403.5,2138.7],[1401.1,2152.6],[1398.7,2138.7]]}},{"type":"Feature","properties":{"id":"p:texto-negro:1397","n":6,"sc":"#ffffff","fc":"#ffffff"},"geometry":{"type":"MultiLineString","coordinates":[[[1382.4,2133.0],[1399.2,2133.0],[1382.4,2090.7],[1382.4,2133.0]],[[1399.2,2133.0],[1382.4,2090.7],[1399.2,2090.7],[1399.2,2133.0]]]}},{"type":"Feature","properties":{"id":"p:texto-negro:1398","n":1,"sc":"#000000"},"geometry":{"type":"LineString","coordinates":[[1817.8,2071.0],[1781.3,2071.0]]}},{"type":"Feature","properties":{"id":"p:texto-negro:1399","n":1,"sc":"#000000"},"geometry":{"type":"LineString","coordinates":[[1462.6,1918.9],[1794.7,1918.9]]}},{"type":"Feature","properties":{"id":"p:texto-negro:1400","n":1,"sc":"#000000"},"geometry":{"type":"LineString","coordinates":[[1788,2057.6],[1788,1932.3]]}},{"type":"Feature","properties":{"id":"p:texto-negro:1401","n":3,"sc":"#000000","fc":"#000000"},"geometry":{"type":"LineString","coordinates":[[1786.1,2057.6],[1790.4,2057.6],[1788,2071.0],[1786.1,2057.6]]}},{"type":"Feature","properties":{"id":"p:texto-negro:1402","n":3,"sc":"#000000","fc":"#000000"},"geometry":{"type":"LineString","coordinates":[[1786.1,1932.3],[1790.4,1932.3],[1788,1918.9],[1786.1,1932.3]]}},{"type":"Feature","properties":{"id":"p:texto-negro:1403","n":6,"sc":"#ffffff","fc":"#ffffff"},"geometry":{"type":"MultiLineString","coordinates":[[[1769.3,2016.8],[1786.1,2016.8],[1769.3,1973.1],[1769.3,2016.8]],[[1786.1,2016.8],[1769.3,1973.1],[1786.1,1973.1],[1786.1,2016.8]]]}},{"type":"Feature","properties":{"id":"p:texto-negro:1404","n":1,"sc":"#000000"},"geometry":{"type":"LineString","coordinates":[[1457.3,1893.0],[1457.3,1872.8]]}},{"type":"Feature","properties":{"id":"p:texto-negro:1405","n":1,"sc":"#000000"},"geometry":{"type":"LineString","coordinates":[[1266.7,1915.0],[1266.7,1872.8]]}},{"type":"Feature","properties":{"id":"p:texto-negro:1406","n":1,"sc":"#000000"},"geometry":{"type":"LineString","coordinates":[[1443.4,1879.5],[1280.6,1879.5]]}},{"type":"Feature","properties":{"id":"p:texto-negro:1407","n":3,"sc":"#000000","fc":"#000000"},"geometry":{"type":"LineString","coordinates":[[1443.4,1877.6],[1443.4,1881.9],[1457.3,1879.5],[1443.4,1877.6]]}},{"type":"Feature","properties":{"id":"p:texto-negro:1408","n":3,"sc":"#000000","fc":"#000000"},"geometry":{"type":"LineString","coordinates":[[1280.6,1877.6],[1280.6,1881.9],[1266.7,1879.5],[1280.6,1877.6]]}},{"type":"Feature","properties":{"id":"p:texto-negro:1409","n":6,"sc":"#ffffff","fc":"#ffffff"},"geometry":{"type":"MultiLineString","coordinates":[[[1340.2,1861.3],[1340.2,1877.6],[1383.8,1861.3],[1340.2,1861.3]],[[1340.2,1877.6],[1383.8,1861.3],[1383.8,1877.6],[1340.2,1877.6]]]}},{"type":"Feature","properties":{"id":"p:texto-negro:1410","n":2,"sc":"#000000"},"geometry":{"type":"LineString","coordinates":[[1344.5,1918.9],[1316.2,1842.1],[1139.5,1842.1]]}},{"type":"Feature","properties":{"id":"p:texto-negro:1411","n":1,"sc":"#000000"},"geometry":{"type":"LineString","coordinates":[[1441.0,1447.0],[1441.0,1420.2]]}},{"type":"Feature","properties":{"id":"p:texto-negro:1412","n":1,"sc":"#000000"},"geometry":{"type":"LineString","coordinates":[[1310.4,1406.2],[1310.4,1433.6]]}},{"type":"Feature","properties":{"id":"p:texto-negro:1413","n":1,"sc":"#000000"},"geometry":{"type":"LineString","coordinates":[[1427.5,1426.9],[1323.8,1426.9]]}},{"type":"Feature","properties":{"id":"p:texto-negro:1414","n":3,"sc":"#000000","fc":"#000000"},"geometry":{"type":"LineString","coordinates":[[1427.5,1425.0],[1427.5,1429.3],[1441.0,1426.9],[1427.5,1425.0]]}},{"type":"Feature","properties":{"id":"p:texto-negro:1415","n":3,"sc":"#000000","fc":"#000000"},"geometry":{"type":"LineString","coordinates":[[1323.8,1425.0],[1323.8,1429.3],[1310.4,1426.9],[1323.8,1425.0]]}},{"type":"Feature","properties":{"id":"p:texto-negro:1416","n":6,"sc":"#ffffff","fc":"#ffffff"},"geometry":{"type":"MultiLineString","coordinates":[[[1354.1,1408.2],[1354.1,1425.0],[1397.3,1408.2],[1354.1,1408.2]],[[1354.1,1425.0],[1397.3,1408.2],[1397.3,1425.0],[1354.1,1425.0]]]}},{"type":"Feature","properties":{"id":"p:texto-negro:1417","n":1,"sc":"#000000"},"geometry":{"type":"LineString","coordinates":[[1307.0,1402.9],[1153.0,1402.9]]}},{"type":"Feature","properties":{"id":"p:texto-negro:1418","n":1,"sc":"#000000"},"geometry":{"type":"LineString","coordinates":[[1437.6,1223.4],[1153.0,1223.4]]}},{"type":"Feature","properties":{"id":"p:texto-negro:1419","n":1,"sc":"#000000"},"geometry":{"type":"LineString","coordinates":[[1159.7,1389.4],[1159.7,1237.3]]}},{"type":"Feature","properties":{"id":"p:texto-negro:1420","n":3,"sc":"#000000","fc":"#000000"},"geometry":{"type":"LineString","coordinates":[[1157.8,1389.4],[1162.1,1389.4],[1159.7,1402.9],[1157.8,1389.4]]}},{"type":"Feature","properties":{"id":"p:texto-negro:1421","n":3,"sc":"#000000","fc":"#000000"},"geometry":{"type":"LineString","coordinates":[[1157.8,1237.3],[1162.1,1237.3],[1159.7,1223.4],[1157.8,1237.3]]}},{"type":"Feature","properties":{"id":"p:texto-negro:1422","n":6,"sc":"#ffffff","fc":"#ffffff"},"geometry":{"type":"MultiLineString","coordinates":[[[1141.4,1334.7],[1157.8,1334.7],[1141.4,1291.5],[1141.4,1334.7]],[[1157.8,1334.7],[1141.4,1291.5],[1157.8,1291.5],[1157.8,1334.7]]]}},{"type":"Feature","properties":{"id":"p:texto-negro:1423","n":1,"sc":"#000000"},"geometry":{"type":"LineString","coordinates":[[1437.6,1223.4],[1112.6,1223.4]]}},{"type":"Feature","properties":{"id":"p:texto-negro:1424","n":1,"sc":"#000000"},"geometry":{"type":"LineString","coordinates":[[1442.9,2054.7],[1112.6,2054.7]]}},{"type":"Feature","properties":{"id":"p:texto-negro:1425","n":1,"sc":"#000000"},"geometry":{"type":"LineString","coordinates":[[1119.4,1237.3],[1119.4,2041.3]]}},{"type":"Feature","properties":{"id":"p:texto-negro:1426","n":3,"sc":"#000000","fc":"#000000"},"geometry":{"type":"LineString","coordinates":[[1117.4,1237.3],[1121.8,1237.3],[1119.4,1223.4],[1117.4,1237.3]]}},{"type":"Feature","properties":{"id":"p:texto-negro:1427","n":3,"sc":"#000000","fc":"#000000"},"geometry":{"type":"LineString","coordinates":[[1117.4,2041.3],[1121.8,2041.3],[1119.4,2054.7],[1117.4,2041.3]]}},{"type":"Feature","properties":{"id":"p:texto-negro:1428","n":6,"sc":"#ffffff","fc":"#ffffff"},"geometry":{"type":"MultiLineString","coordinates":[[[1101.1,1665.4],[1117.4,1665.4],[1101.1,1612.6],[1101.1,1665.4]],[[1117.4,1665.4],[1101.1,1612.6],[1117.4,1612.6],[1117.4,1665.4]]]}},{"type":"Feature","properties":{"id":"p:texto-negro:1429","n":1,"sc":"#000000"},"geometry":{"type":"LineString","coordinates":[[1462.6,1918.9],[1794.7,1918.9]]}},{"type":"Feature","properties":{"id":"p:texto-negro:1430","n":1,"sc":"#000000"},"geometry":{"type":"LineString","coordinates":[[1791.4,1459.0],[1794.7,1459.0]]}},{"type":"Feature","properties":{"id":"p:texto-negro:1431","n":1,"sc":"#000000"},"geometry":{"type":"LineString","coordinates":[[1788,1905.0],[1788,1473.0]]}},{"type":"Feature","properties":{"id":"p:texto-negro:1432","n":3,"sc":"#000000","fc":"#000000"},"geometry":{"type":"LineString","coordinates":[[1786.1,1905.0],[1790.4,1905.0],[1788,1918.9],[1786.1,1905.0]]}},{"type":"Feature","properties":{"id":"p:texto-negro:1433","n":3,"sc":"#000000","fc":"#000000"},"geometry":{"type":"LineString","coordinates":[[1786.1,1473.0],[1790.4,1473.0],[1788,1459.0],[1786.1,1473.0]]}},{"type":"Feature","properties":{"id":"p:texto-negro:1434","n":6,"sc":"#ffffff","fc":"#ffffff"},"geometry":{"type":"MultiLineString","coordinates":[[[1769.3,1710.6],[1786.1,1710.6],[1769.3,1667.4],[1769.3,1710.6]],[[1786.1,1710.6],[1769.3,1667.4],[1786.1,1667.4],[1786.1,1710.6]]]}},{"type":"Feature","properties":{"id":"p:texto-negro:1435","n":1,"sc":"#000000"},"geometry":{"type":"LineString","coordinates":[[1457.3,1276.6],[1457.3,1325.1]]}},{"type":"Feature","properties":{"id":"p:texto-negro:1436","n":1,"sc":"#000000"},"geometry":{"type":"LineString","coordinates":[[1501.0,1276.6],[1501.0,1325.1]]}},{"type":"Feature","properties":{"id":"p:texto-negro:1437","n":1,"sc":"#000000"},"geometry":{"type":"LineString","coordinates":[[1470.7,1318.4],[1487.0,1318.4]]}},{"type":"Feature","properties":{"id":"p:texto-negro:1438","n":3,"sc":"#000000","fc":"#000000"},"geometry":{"type":"LineString","coordinates":[[1470.7,1316.5],[1470.7,1320.8],[1457.3,1318.4],[1470.7,1316.5]]}},{"type":"Feature","properties":{"id":"p:texto-negro:1439","n":3,"sc":"#000000","fc":"#000000"},"geometry":{"type":"LineString","coordinates":[[1487.0,1316.5],[1487.0,1320.8],[1501.0,1318.4],[1487.0,1316.5]]}},{"type":"Feature","properties":{"id":"p:texto-negro:1440","n":6,"sc":"#ffffff","fc":"#ffffff"},"geometry":{"type":"MultiLineString","coordinates":[[[1462.6,1299.7],[1462.6,1316.5],[1495.2,1299.7],[1462.6,1299.7]],[[1462.6,1316.5],[1495.2,1299.7],[1495.2,1316.5],[1462.6,1316.5]]]}},{"type":"Feature","properties":{"id":"p:texto-negro:1441","n":1,"sc":"#000000"},"geometry":{"type":"LineString","coordinates":[[1504.3,1273.3],[1555.2,1273.3]]}},{"type":"Feature","properties":{"id":"p:texto-negro:1442","n":1,"sc":"#000000"},"geometry":{"type":"LineString","coordinates":[[1532.2,1239.7],[1555.2,1239.7]]}},{"type":"Feature","properties":{"id":"p:texto-negro:1443","n":1,"sc":"#000000"},"geometry":{"type":"LineString","coordinates":[[1548.5,1286.7],[1548.5,1300.2]]}},{"type":"Feature","properties":{"id":"p:texto-negro:1444","n":1,"sc":"#000000"},"geometry":{"type":"LineString","coordinates":[[1548.5,1226.2],[1548.5,1212.8]]}},{"type":"Feature","properties":{"id":"p:texto-negro:1445","n":1,"sc":"#000000"},"geometry":{"type":"LineString","coordinates":[[1548.5,1273.3],[1548.5,1239.7]]}},{"type":"Feature","properties":{"id":"p:texto-negro:1446","n":3,"sc":"#000000","fc":"#000000"},"geometry":{"type":"LineString","coordinates":[[1546.1,1286.7],[1550.9,1286.7],[1548.5,1273.3],[1546.1,1286.7]]}},{"type":"Feature","properties":{"id":"p:texto-negro:1447","n":3,"sc":"#000000","fc":"#000000"},"geometry":{"type":"LineString","coordinates":[[1546.1,1226.2],[1550.9,1226.2],[1548.5,1239.7],[1546.1,1226.2]]}},{"type":"Feature","properties":{"id":"p:texto-negro:1448","n":6,"sc":"#ffffff","fc":"#ffffff"},"geometry":{"type":"MultiLineString","coordinates":[[[1529.8,1272.8],[1546.6,1272.8],[1529.8,1240.2],[1529.8,1272.8]],[[1546.6,1272.8],[1529.8,1240.2],[1546.6,1240.2],[1546.6,1272.8]]]}},{"type":"Feature","properties":{"id":"p:texto-negro:1449","n":2,"sc":"#000000"},"geometry":{"type":"LineString","coordinates":[[1491.8,1392.8],[1494.7,1401.0],[1497.6,1392.8]]}},{"type":"Feature","properties":{"id":"p:texto-negro:1450","n":2,"sc":"#000000"},"geometry":{"type":"LineString","coordinates":[[1498.6,1401.0],[1501.4,1392.8],[1504.8,1401.0]]}},{"type":"Feature","properties":{"id":"p:texto-negro:1451","n":1,"sc":"#000000"},"geometry":{"type":"LineString","coordinates":[[1499.5,1398.1],[1503.4,1398.1]]}},{"type":"Feature","properties":{"id":"p:texto-negro:1452","n":2,"sc":"#000000"},"geometry":{"type":"LineString","coordinates":[[1506.7,1392.8],[1506.7,1401.0],[1511.0,1401.0]]}},{"type":"Feature","properties":{"id":"p:texto-negro:1453","n":2,"sc":"#000000"},"geometry":{"type":"LineString","coordinates":[[1512,1392.8],[1514.9,1401.0],[1518.2,1392.8]]}},{"type":"Feature","properties":{"id":"p:texto-negro:1454","n":9,"sc":"#000000"},"geometry":{"type":"LineString","coordinates":[[1520.2,1392.8],[1520.2,1398.6],[1520.2,1399.5],[1521.1,1400.5],[1522.1,1401.0],[1523.0,1401.0],[1524,1400.5],[1525.0,1399.5],[1525.4,1398.6],[1525.4,1392.8]]}},{"type":"Feature","properties":{"id":"p:texto-negro:1455","n":2,"sc":"#000000"},"geometry":{"type":"LineString","coordinates":[[1528.3,1392.8],[1528.3,1401.0],[1533.1,1401.0]]}},{"type":"Feature","properties":{"id":"p:texto-negro:1456","n":2,"sc":"#000000"},"geometry":{"type":"LineString","coordinates":[[1533.6,1401.0],[1537.0,1392.8],[1539.8,1401.0]]}},{"type":"Feature","properties":{"id":"p:texto-negro:1457","n":1,"sc":"#000000"},"geometry":{"type":"LineString","coordinates":[[1535.0,1398.1],[1538.9,1398.1]]}},{"type":"Feature","properties":{"id":"p:texto-negro:1458","n":12,"sc":"#000000"},"geometry":{"type":"LineString","coordinates":[[1491.4,1413.9],[1491.8,1406.2],[1494.2,1406.2],[1495.7,1406.7],[1496.2,1407.2],[1496.6,1408.2],[1497.1,1409.1],[1497.1,1411.0],[1496.6,1412],[1496.2,1413.0],[1495.2,1413.9],[1494.2,1413.9],[1491.4,1413.9]]}},{"type":"Feature","properties":{"id":"p:texto-negro:1459","n":2,"sc":"#000000"},"geometry":{"type":"LineString","coordinates":[[1499.5,1413.9],[1499.5,1406.2],[1504.8,1406.2]]}},{"type":"Feature","properties":{"id":"p:texto-negro:1460","n":1,"sc":"#000000"},"geometry":{"type":"LineString","coordinates":[[1499.5,1410.1],[1502.9,1410.1]]}},{"type":"Feature","properties":{"id":"p:texto-negro:1461","n":1,"sc":"#000000"},"geometry":{"type":"LineString","coordinates":[[1499.5,1413.9],[1504.8,1414.4]]}},{"type":"Feature","properties":{"id":"p:texto-negro:1462","n":4,"sc":"#000000"},"geometry":{"type":"LineString","coordinates":[[1514.9,1414.4],[1514.9,1406.2],[1518.2,1414.4],[1521.1,1406.2],[1521.1,1414.4]]}},{"type":"Feature","properties":{"id":"p:texto-negro:1463","n":2,"sc":"#000000"},"geometry":{"type":"LineString","coordinates":[[1523.0,1414.4],[1525.9,1406.2],[1529.3,1414.4]]}},{"type":"Feature","properties":{"id":"p:texto-negro:1464","n":1,"sc":"#000000"},"geometry":{"type":"LineString","coordinates":[[1524,1411.5],[1527.8,1411.5]]}},{"type":"Feature","properties":{"id":"p:texto-negro:1465","n":10,"sc":"#000000"},"geometry":{"type":"LineString","coordinates":[[1531.2,1414.4],[1531.2,1406.2],[1534.6,1406.2],[1535.5,1406.7],[1536,1407.2],[1536.5,1407.7],[1536.5,1408.6],[1536,1409.1],[1535.5,1409.6],[1534.6,1410.1],[1531.2,1410.1]]}},{"type":"Feature","properties":{"id":"p:texto-negro:1466","n":1,"sc":"#000000"},"geometry":{"type":"LineString","coordinates":[[1533.6,1410.1],[1536.5,1414.4]]}},{"type":"Feature","properties":{"id":"p:texto-negro:1467","n":1,"sc":"#000000"},"geometry":{"type":"LineString","coordinates":[[1538.9,1406.2],[1538.9,1414.4]]}},{"type":"Feature","properties":{"id":"p:texto-negro:1468","n":10,"sc":"#000000"},"geometry":{"type":"LineString","coordinates":[[1542.2,1414.4],[1542.2,1406.2],[1545.6,1406.2],[1546.6,1406.7],[1547.0,1407.2],[1547.5,1407.7],[1547.5,1409.1],[1547.0,1409.6],[1546.6,1410.1],[1545.6,1410.6],[1542.2,1410.6]]}},{"type":"Feature","properties":{"id":"p:texto-negro:1469","n":20,"sc":"#000000"},"geometry":{"type":"LineString","coordinates":[[1552.3,1406.2],[1551.4,1406.7],[1550.4,1407.2],[1550.4,1408.2],[1549.9,1409.1],[1549.9,1411.0],[1550.4,1412.5],[1550.4,1413.0],[1551.4,1413.9],[1552.3,1414.4],[1553.8,1414.4],[1554.2,1413.9],[1555.2,1413.0],[1555.7,1412.5],[1556.2,1411.0],[1556.2,1409.1],[1555.7,1408.2],[1555.2,1407.2],[1554.2,1406.7],[1553.8,1406.2],[1552.3,1406.2]]}},{"type":"Feature","properties":{"id":"p:texto-negro:1470","n":19,"sc":"#000000"},"geometry":{"type":"LineString","coordinates":[[1563.8,1407.2],[1562.9,1406.7],[1561.9,1406.2],[1560,1406.2],[1559.0,1406.7],[1558.1,1407.2],[1558.1,1408.2],[1558.6,1409.1],[1559.0,1409.1],[1560,1409.6],[1561.9,1410.6],[1562.9,1411.0],[1563.4,1411.0],[1563.8,1412],[1563.8,1413.0],[1562.9,1413.9],[1561.9,1414.4],[1560,1414.4],[1559.0,1413.9],[1558.1,1413.0]]}},{"type":"Feature","properties":{"id":"p:texto-negro:1471","n":2,"sc":"#000000"},"geometry":{"type":"LineString","coordinates":[[1565.3,1414.4],[1568.2,1406.2],[1571.0,1414.4]]}},{"type":"Feature","properties":{"id":"p:texto-negro:1472","n":1,"sc":"#000000"},"geometry":{"type":"LineString","coordinates":[[1566.2,1411.5],[1570.1,1411.5]]}},{"type":"Feature","properties":{"id":"p:texto-negro:1473","n":3,"sc":"#000000","fc":"#000000"},"geometry":{"type":"LineString","coordinates":[[1462.6,1370.7],[1458.7,1363.5],[1464.5,1368.8],[1462.6,1370.7]]}},{"type":"Feature","properties":{"id":"p:texto-negro:1474","n":2,"sc":"#000000"},"geometry":{"type":"LineString","coordinates":[[1463.5,1369.8],[1488.5,1402.4],[1571.5,1402.9]]}},{"type":"Feature","properties":{"id":"p:texto-negro:1475","n":1,"sc":"#000000"},"geometry":{"type":"LineString","coordinates":[[1457.3,1462.4],[1457.3,1511.4]]}},{"type":"Feature","properties":{"id":"p:texto-negro:1476","n":1,"sc":"#000000"},"geometry":{"type":"LineString","coordinates":[[1837.9,1462.9],[1837.9,1511.4]]}},{"type":"Feature","properties":{"id":"p:texto-negro:1477","n":1,"sc":"#000000"},"geometry":{"type":"LineString","coordinates":[[1470.7,1504.6],[1824.5,1504.6]]}},{"type":"Feature","properties":{"id":"p:texto-negro:1478","n":3,"sc":"#000000","fc":"#000000"},"geometry":{"type":"LineString","coordinates":[[1470.7,1502.2],[1470.7,1507.0],[1457.3,1504.6],[1470.7,1502.2]]}},{"type":"Feature","properties":{"id":"p:texto-negro:1479","n":3,"sc":"#000000","fc":"#000000"},"geometry":{"type":"LineString","coordinates":[[1824.5,1502.2],[1824.5,1507.0],[1837.9,1504.6],[1824.5,1502.2]]}},{"type":"Feature","properties":{"id":"p:texto-negro:1480","n":6,"sc":"#ffffff","fc":"#ffffff"},"geometry":{"type":"MultiLineString","coordinates":[[[1626.2,1485.9],[1626.2,1502.7],[1669.4,1485.9],[1626.2,1485.9]],[[1626.2,1502.7],[1669.4,1485.9],[1669.4,1502.7],[1626.2,1502.7]]]}},{"type":"Feature","properties":{"id":"p:texto-negro:1481","n":1,"sc":"#000000"},"geometry":{"type":"LineString","coordinates":[[2789.3,3186.1],[2789.3,3064.2]]}},{"type":"Feature","properties":{"id":"p:texto-negro:1482","n":1,"sc":"#000000"},"geometry":{"type":"LineString","coordinates":[[2437.4,3075.2],[2437.4,3064.2]]}},{"type":"Feature","properties":{"id":"p:texto-negro:1483","n":1,"sc":"#000000"},"geometry":{"type":"LineString","coordinates":[[2775.8,3070.9],[2450.9,3070.9]]}},{"type":"Feature","properties":{"id":"p:texto-negro:1484","n":3,"sc":"#000000","fc":"#000000"},"geometry":{"type":"LineString","coordinates":[[2775.8,3068.5],[2775.8,3073.3],[2789.3,3070.9],[2775.8,3068.5]]}},{"type":"Feature","properties":{"id":"p:texto-negro:1485","n":3,"sc":"#000000","fc":"#000000"},"geometry":{"type":"LineString","coordinates":[[2450.9,3068.5],[2450.9,3073.3],[2437.4,3070.9],[2450.9,3068.5]]}},{"type":"Feature","properties":{"id":"p:texto-negro:1486","n":6,"sc":"#ffffff","fc":"#ffffff"},"geometry":{"type":"MultiLineString","coordinates":[[[2554.1,3052.2],[2554.1,3069.0],[2597.8,3052.2],[2554.1,3052.2]],[[2554.1,3069.0],[2597.8,3052.2],[2597.8,3069.0],[2554.1,3069.0]]]}},{"type":"Feature","properties":{"id":"p:texto-negro:1487","n":1,"sc":"#000000"},"geometry":{"type":"LineString","coordinates":[[2592.5,3189.4],[2629.4,3189.4]]}},{"type":"Feature","properties":{"id":"p:texto-negro:1488","n":1,"sc":"#000000"},"geometry":{"type":"LineString","coordinates":[[2626.1,2054.7],[2629.4,2054.7]]}},{"type":"Feature","properties":{"id":"p:texto-negro:1489","n":1,"sc":"#000000"},"geometry":{"type":"LineString","coordinates":[[2622.7,3175.5],[2622.7,2068.2]]}},{"type":"Feature","properties":{"id":"p:texto-negro:1490","n":3,"sc":"#000000","fc":"#000000"},"geometry":{"type":"LineString","coordinates":[[2620.8,3175.5],[2625.1,3175.5],[2622.7,3189.4],[2620.8,3175.5]]}},{"type":"Feature","properties":{"id":"p:texto-negro:1491","n":3,"sc":"#000000","fc":"#000000"},"geometry":{"type":"LineString","coordinates":[[2620.8,2068.2],[2625.1,2068.2],[2622.7,2054.7],[2620.8,2068.2]]}},{"type":"Feature","properties":{"id":"p:texto-negro:1492","n":6,"sc":"#ffffff","fc":"#ffffff"},"geometry":{"type":"MultiLineString","coordinates":[[[2604,2649.0],[2620.8,2649.0],[2604,2595.2],[2604,2649.0]],[[2620.8,2649.0],[2604,2595.2],[2620.8,2595.2],[2620.8,2649.0]]]}},{"type":"Feature","properties":{"id":"p:texto-negro:1493","n":1,"sc":"#000000"},"geometry":{"type":"LineString","coordinates":[[2392.3,3260.5],[2392.3,3328.6]]}},{"type":"Feature","properties":{"id":"p:texto-negro:1494","n":1,"sc":"#000000"},"geometry":{"type":"LineString","coordinates":[[2789.3,3260.5],[2789.3,3328.6]]}},{"type":"Feature","properties":{"id":"p:texto-negro:1495","n":1,"sc":"#000000"},"geometry":{"type":"LineString","coordinates":[[2405.8,3321.9],[2775.8,3321.9]]}},{"type":"Feature","properties":{"id":"p:texto-negro:1496","n":3,"sc":"#000000","fc":"#000000"},"geometry":{"type":"LineString","coordinates":[[2405.8,3319.5],[2405.8,3324.3],[2392.3,3321.9],[2405.8,3319.5]]}},{"type":"Feature","properties":{"id":"p:texto-negro:1497","n":3,"sc":"#000000","fc":"#000000"},"geometry":{"type":"LineString","coordinates":[[2775.8,3319.5],[2775.8,3324.3],[2789.3,3321.9],[2775.8,3319.5]]}},{"type":"Feature","properties":{"id":"p:texto-negro:1498","n":6,"sc":"#ffffff","fc":"#ffffff"},"geometry":{"type":"MultiLineString","coordinates":[[[2569.4,3303.2],[2569.4,3320],[2612.6,3303.2],[2569.4,3303.2]],[[2569.4,3320],[2612.6,3303.2],[2612.6,3320],[2569.4,3320]]]}},{"type":"Feature","properties":{"id":"p:texto-negro:1499","n":1,"sc":"#000000"},"geometry":{"type":"LineString","coordinates":[[2389.0,3257.1],[2026.1,3257.1]]}},{"type":"Feature","properties":{"id":"p:texto-negro:1500","n":1,"sc":"#000000"},"geometry":{"type":"LineString","coordinates":[[2032.3,2071.0],[2026.1,2071.0]]}},{"type":"Feature","properties":{"id":"p:texto-negro:1501","n":1,"sc":"#000000"},"geometry":{"type":"LineString","coordinates":[[2032.8,3243.7],[2032.8,2084.5]]}},{"type":"Feature","properties":{"id":"p:texto-negro:1502","n":3,"sc":"#000000","fc":"#000000"},"geometry":{"type":"LineString","coordinates":[[2030.4,3243.7],[2035.2,3243.7],[2032.8,3257.1],[2030.4,3243.7]]}},{"type":"Feature","properties":{"id":"p:texto-negro:1503","n":3,"sc":"#000000","fc":"#000000"},"geometry":{"type":"LineString","coordinates":[[2030.4,2084.5],[2035.2,2084.5],[2032.8,2071.0],[2030.4,2084.5]]}},{"type":"Feature","properties":{"id":"p:texto-negro:1504","n":6,"sc":"#ffffff","fc":"#ffffff"},"geometry":{"type":"MultiLineString","coordinates":[[[2014.1,2691.2],[2030.9,2691.2],[2014.1,2637.0],[2014.1,2691.2]],[[2030.9,2691.2],[2014.1,2637.0],[2030.9,2637.0],[2030.9,2691.2]]]}},{"type":"Feature","properties":{"id":"p:texto-negro:1505","n":1,"sc":"#000000"},"geometry":{"type":"LineString","coordinates":[[2548.3,2071.5],[2608.8,2071.5]]}},{"type":"Feature","properties":{"id":"p:texto-negro:1506","n":1,"sc":"#000000"},"geometry":{"type":"LineString","coordinates":[[2548.3,2136.8],[2608.8,2136.8]]}},{"type":"Feature","properties":{"id":"p:texto-negro:1507","n":1,"sc":"#000000"},"geometry":{"type":"LineString","coordinates":[[2602.1,2085.0],[2602.1,2123.4]]}},{"type":"Feature","properties":{"id":"p:texto-negro:1508","n":3,"sc":"#000000","fc":"#000000"},"geometry":{"type":"LineString","coordinates":[[2599.7,2085.0],[2604.5,2085.0],[2602.1,2071.5],[2599.7,2085.0]]}},{"type":"Feature","properties":{"id":"p:texto-negro:1509","n":3,"sc":"#000000","fc":"#000000"},"geometry":{"type":"LineString","coordinates":[[2599.7,2123.4],[2604.5,2123.4],[2602.1,2136.8],[2599.7,2123.4]]}},{"type":"Feature","properties":{"id":"p:texto-negro:1510","n":6,"sc":"#ffffff","fc":"#ffffff"},"geometry":{"type":"MultiLineString","coordinates":[[[2583.4,2125.3],[2600.2,2125.3],[2583.4,2083.0],[2583.4,2125.3]],[[2600.2,2125.3],[2583.4,2083.0],[2600.2,2083.0],[2600.2,2125.3]]]}},{"type":"Feature","properties":{"id":"p:texto-negro:1511","n":1,"sc":"#000000"},"geometry":{"type":"LineString","coordinates":[[2778.7,2071.0],[2759.5,2071.0]]}},{"type":"Feature","properties":{"id":"p:texto-negro:1512","n":1,"sc":"#000000"},"geometry":{"type":"LineString","coordinates":[[2738.9,2201.6],[2773.4,2201.6]]}},{"type":"Feature","properties":{"id":"p:texto-negro:1513","n":1,"sc":"#000000"},"geometry":{"type":"LineString","coordinates":[[2766.7,2084.5],[2766.7,2188.2]]}},{"type":"Feature","properties":{"id":"p:texto-negro:1514","n":3,"sc":"#000000","fc":"#000000"},"geometry":{"type":"LineString","coordinates":[[2764.3,2084.5],[2768.6,2084.5],[2766.7,2071.0],[2764.3,2084.5]]}},{"type":"Feature","properties":{"id":"p:texto-negro:1515","n":3,"sc":"#000000","fc":"#000000"},"geometry":{"type":"LineString","coordinates":[[2764.3,2188.2],[2768.6,2188.2],[2766.7,2201.6],[2764.3,2188.2]]}},{"type":"Feature","properties":{"id":"p:texto-negro:1516","n":6,"sc":"#ffffff","fc":"#ffffff"},"geometry":{"type":"MultiLineString","coordinates":[[[2748,2157.9],[2764.3,2157.9],[2748,2114.7],[2748,2157.9]],[[2764.3,2157.9],[2748,2114.7],[2764.3,2114.7],[2764.3,2157.9]]]}},{"type":"Feature","properties":{"id":"p:texto-negro:1517","n":1,"sc":"#000000"},"geometry":{"type":"LineString","coordinates":[[2831.5,2071.5],[2885.8,2071.5]]}},{"type":"Feature","properties":{"id":"p:texto-negro:1518","n":1,"sc":"#000000"},"geometry":{"type":"LineString","coordinates":[[2829.6,2120.5],[2885.8,2120.5]]}},{"type":"Feature","properties":{"id":"p:texto-negro:1519","n":1,"sc":"#000000"},"geometry":{"type":"LineString","coordinates":[[2879.0,2085.4],[2879.0,2107.0]]}},{"type":"Feature","properties":{"id":"p:texto-negro:1520","n":3,"sc":"#000000","fc":"#000000"},"geometry":{"type":"LineString","coordinates":[[2877.1,2085.4],[2881.4,2085.4],[2879.0,2071.5],[2877.1,2085.4]]}},{"type":"Feature","properties":{"id":"p:texto-negro:1521","n":3,"sc":"#000000","fc":"#000000"},"geometry":{"type":"LineString","coordinates":[[2877.1,2107.0],[2881.4,2107.0],[2879.0,2120.5],[2877.1,2107.0]]}},{"type":"Feature","properties":{"id":"p:texto-negro:1522","n":6,"sc":"#ffffff","fc":"#ffffff"},"geometry":{"type":"MultiLineString","coordinates":[[[2860.3,2112.3],[2877.1,2112.3],[2860.3,2079.7],[2860.3,2112.3]],[[2877.1,2112.3],[2860.3,2079.7],[2877.1,2079.7],[2877.1,2112.3]]]}},{"type":"Feature","properties":{"id":"p:texto-negro:1523","n":1,"sc":"#000000"},"geometry":{"type":"LineString","coordinates":[[2351.5,2071.0],[2354.9,2071.0]]}},{"type":"Feature","properties":{"id":"p:texto-negro:1524","n":1,"sc":"#000000"},"geometry":{"type":"LineString","coordinates":[[2304,2027.8],[2354.9,2027.8]]}},{"type":"Feature","properties":{"id":"p:texto-negro:1525","n":1,"sc":"#000000"},"geometry":{"type":"LineString","coordinates":[[2348.2,2041.3],[2348.2,2057.6]]}},{"type":"Feature","properties":{"id":"p:texto-negro:1526","n":1,"sc":"#000000"},"geometry":{"type":"LineString","coordinates":[[2348.2,2071.0],[2348.2,2121.4]]}},{"type":"Feature","properties":{"id":"p:texto-negro:1527","n":3,"sc":"#000000","fc":"#000000"},"geometry":{"type":"LineString","coordinates":[[2345.8,2041.3],[2350.6,2041.3],[2348.2,2027.8],[2345.8,2041.3]]}},{"type":"Feature","properties":{"id":"p:texto-negro:1528","n":3,"sc":"#000000","fc":"#000000"},"geometry":{"type":"LineString","coordinates":[[2345.8,2057.6],[2350.6,2057.6],[2348.2,2071.0],[2345.8,2057.6]]}},{"type":"Feature","properties":{"id":"p:texto-negro:1529","n":6,"sc":"#ffffff","fc":"#ffffff"},"geometry":{"type":"MultiLineString","coordinates":[[[2329.4,2119.5],[2346.2,2119.5],[2329.4,2086.9],[2329.4,2119.5]],[[2346.2,2119.5],[2329.4,2086.9],[2346.2,2086.9],[2346.2,2119.5]]]}},{"type":"Feature","properties":{"id":"p:texto-negro:1530","n":1,"sc":"#000000"},"geometry":{"type":"LineString","coordinates":[[2300.6,2024.5],[2300.6,1951.5]]}},{"type":"Feature","properties":{"id":"p:texto-negro:1531","n":1,"sc":"#000000"},"geometry":{"type":"LineString","coordinates":[[2392.8,2068.2],[2392.8,1951.5]]}},{"type":"Feature","properties":{"id":"p:texto-negro:1532","n":1,"sc":"#000000"},"geometry":{"type":"LineString","coordinates":[[2314.1,1958.7],[2379.4,1958.7]]}},{"type":"Feature","properties":{"id":"p:texto-negro:1533","n":3,"sc":"#000000","fc":"#000000"},"geometry":{"type":"LineString","coordinates":[[2314.1,1956.3],[2314.1,1960.6],[2300.6,1958.7],[2314.1,1956.3]]}},{"type":"Feature","properties":{"id":"p:texto-negro:1534","n":3,"sc":"#000000","fc":"#000000"},"geometry":{"type":"LineString","coordinates":[[2379.4,1956.3],[2379.4,1960.6],[2392.8,1958.7],[2379.4,1956.3]]}},{"type":"Feature","properties":{"id":"p:texto-negro:1535","n":6,"sc":"#ffffff","fc":"#ffffff"},"geometry":{"type":"MultiLineString","coordinates":[[[2325.6,1940],[2325.6,1956.3],[2367.8,1940],[2325.6,1940]],[[2325.6,1956.3],[2367.8,1940],[2367.8,1956.3],[2325.6,1956.3]]]}},{"type":"Feature","properties":{"id":"p:texto-negro:1536","n":1,"sc":"#000000"},"geometry":{"type":"LineString","coordinates":[[2392.8,2251.0],[2392.8,2247.7]]}},{"type":"Feature","properties":{"id":"p:texto-negro:1537","n":1,"sc":"#000000"},"geometry":{"type":"LineString","coordinates":[[2545.0,2140.2],[2545.0,2261.6]]}},{"type":"Feature","properties":{"id":"p:texto-negro:1538","n":1,"sc":"#000000"},"geometry":{"type":"LineString","coordinates":[[2406.7,2254.9],[2531.5,2254.9]]}},{"type":"Feature","properties":{"id":"p:texto-negro:1539","n":3,"sc":"#000000","fc":"#000000"},"geometry":{"type":"LineString","coordinates":[[2406.7,2252.5],[2406.7,2256.8],[2392.8,2254.9],[2406.7,2252.5]]}},{"type":"Feature","properties":{"id":"p:texto-negro:1540","n":3,"sc":"#000000","fc":"#000000"},"geometry":{"type":"LineString","coordinates":[[2531.5,2252.5],[2531.5,2256.8],[2545.0,2254.9],[2531.5,2252.5]]}},{"type":"Feature","properties":{"id":"p:texto-negro:1541","n":6,"sc":"#ffffff","fc":"#ffffff"},"geometry":{"type":"MultiLineString","coordinates":[[[2443.7,2236.2],[2443.7,2252.5],[2486.9,2236.2],[2443.7,2236.2]],[[2443.7,2252.5],[2486.9,2236.2],[2486.9,2252.5],[2443.7,2252.5]]]}},{"type":"Feature","properties":{"id":"p:texto-negro:1542","n":1,"sc":"#000000"},"geometry":{"type":"LineString","coordinates":[[2545.0,2140.2],[2545.0,2261.1]]}},{"type":"Feature","properties":{"id":"p:texto-negro:1543","n":1,"sc":"#000000"},"geometry":{"type":"LineString","coordinates":[[2735.5,2205.0],[2735.5,2261.1]]}},{"type":"Feature","properties":{"id":"p:texto-negro:1544","n":1,"sc":"#000000"},"geometry":{"type":"LineString","coordinates":[[2558.9,2254.4],[2722.1,2254.4]]}},{"type":"Feature","properties":{"id":"p:texto-negro:1545","n":3,"sc":"#000000","fc":"#000000"},"geometry":{"type":"LineString","coordinates":[[2558.9,2252],[2558.9,2256.8],[2545.0,2254.4],[2558.9,2252]]}},{"type":"Feature","properties":{"id":"p:texto-negro:1546","n":3,"sc":"#000000","fc":"#000000"},"geometry":{"type":"LineString","coordinates":[[2722.1,2252],[2722.1,2256.8],[2735.5,2254.4],[2722.1,2252]]}},{"type":"Feature","properties":{"id":"p:texto-negro:1547","n":6,"sc":"#ffffff","fc":"#ffffff"},"geometry":{"type":"MultiLineString","coordinates":[[[2627.0,2235.7],[2627.0,2252.5],[2670.2,2235.7],[2627.0,2235.7]],[[2627.0,2252.5],[2670.2,2235.7],[2670.2,2252.5],[2627.0,2252.5]]]}},{"type":"Feature","properties":{"id":"p:texto-negro:1548","n":1,"sc":"#000000"},"geometry":{"type":"LineString","coordinates":[[2828.2,2123.8],[2828.2,2261.6]]}},{"type":"Feature","properties":{"id":"p:texto-negro:1549","n":1,"sc":"#000000"},"geometry":{"type":"LineString","coordinates":[[2735.5,2205.0],[2735.5,2261.6]]}},{"type":"Feature","properties":{"id":"p:texto-negro:1550","n":1,"sc":"#000000"},"geometry":{"type":"LineString","coordinates":[[2814.2,2254.9],[2749.0,2254.9]]}},{"type":"Feature","properties":{"id":"p:texto-negro:1551","n":3,"sc":"#000000","fc":"#000000"},"geometry":{"type":"LineString","coordinates":[[2814.2,2252.5],[2814.2,2256.8],[2828.2,2254.9],[2814.2,2252.5]]}},{"type":"Feature","properties":{"id":"p:texto-negro:1552","n":3,"sc":"#000000","fc":"#000000"},"geometry":{"type":"LineString","coordinates":[[2749.0,2252.5],[2749.0,2256.8],[2735.5,2254.9],[2749.0,2252.5]]}},{"type":"Feature","properties":{"id":"p:texto-negro:1553","n":6,"sc":"#ffffff","fc":"#ffffff"},"geometry":{"type":"MultiLineString","coordinates":[[[2761.0,2236.2],[2761.0,2252.5],[2802.7,2236.2],[2761.0,2236.2]],[[2761.0,2252.5],[2802.7,2236.2],[2802.7,2252.5],[2761.0,2252.5]]]}},{"type":"Feature","properties":{"id":"p:texto-negro:1554","n":1,"sc":"#000000"},"geometry":{"type":"LineString","coordinates":[[2904,2074.9],[2904,2261.6]]}},{"type":"Feature","properties":{"id":"p:texto-negro:1555","n":1,"sc":"#000000"},"geometry":{"type":"LineString","coordinates":[[3176.2,2074.4],[3176.2,2261.6]]}},{"type":"Feature","properties":{"id":"p:texto-negro:1556","n":1,"sc":"#000000"},"geometry":{"type":"LineString","coordinates":[[2917.9,2254.9],[3162.7,2254.9]]}},{"type":"Feature","properties":{"id":"p:texto-negro:1557","n":3,"sc":"#000000","fc":"#000000"},"geometry":{"type":"LineString","coordinates":[[2917.9,2253.0],[2917.9,2257.3],[2904,2254.9],[2917.9,2253.0]]}},{"type":"Feature","properties":{"id":"p:texto-negro:1558","n":3,"sc":"#000000","fc":"#000000"},"geometry":{"type":"LineString","coordinates":[[3162.7,2253.0],[3162.7,2257.3],[3176.2,2254.9],[3162.7,2253.0]]}},{"type":"Feature","properties":{"id":"p:texto-negro:1559","n":6,"sc":"#ffffff","fc":"#ffffff"},"geometry":{"type":"MultiLineString","coordinates":[[[3018.7,2236.2],[3018.7,2253.0],[3061.9,2236.2],[3018.7,2236.2]],[[3018.7,2253.0],[3061.9,2236.2],[3061.9,2253.0],[3018.7,2253.0]]]}},{"type":"Feature","properties":{"id":"p:texto-negro:1560","n":1,"sc":"#000000"},"geometry":{"type":"LineString","coordinates":[[3176.2,2074.4],[3176.2,2261.6]]}},{"type":"Feature","properties":{"id":"p:texto-negro:1561","n":1,"sc":"#000000"},"geometry":{"type":"LineString","coordinates":[[3239.0,2251.5],[3239.0,2248.2]]}},{"type":"Feature","properties":{"id":"p:texto-negro:1562","n":1,"sc":"#000000"},"geometry":{"type":"LineString","coordinates":[[3190.1,2254.9],[3225.6,2254.9]]}},{"type":"Feature","properties":{"id":"p:texto-negro:1563","n":3,"sc":"#000000","fc":"#000000"},"geometry":{"type":"LineString","coordinates":[[3190.1,2253.0],[3190.1,2257.3],[3176.2,2254.9],[3190.1,2253.0]]}},{"type":"Feature","properties":{"id":"p:texto-negro:1564","n":3,"sc":"#000000","fc":"#000000"},"geometry":{"type":"LineString","coordinates":[[3225.6,2253.0],[3225.6,2257.3],[3239.0,2254.9],[3225.6,2253.0]]}},{"type":"Feature","properties":{"id":"p:texto-negro:1565","n":6,"sc":"#ffffff","fc":"#ffffff"},"geometry":{"type":"MultiLineString","coordinates":[[[3186.7,2236.2],[3186.7,2253.0],[3229.0,2236.2],[3186.7,2236.2]],[[3186.7,2253.0],[3229.0,2236.2],[3229.0,2253.0],[3186.7,2253.0]]]}},{"type":"Feature","properties":{"id":"p:texto-negro:1566","n":1,"sc":"#000000"},"geometry":{"type":"LineString","coordinates":[[3242.4,2424.3],[3296.2,2424.3]]}},{"type":"Feature","properties":{"id":"p:texto-negro:1567","n":1,"sc":"#000000"},"geometry":{"type":"LineString","coordinates":[[3291.8,2071.0],[3296.2,2071.0]]}},{"type":"Feature","properties":{"id":"p:texto-negro:1568","n":1,"sc":"#000000"},"geometry":{"type":"LineString","coordinates":[[3289.4,2410.9],[3289.4,2084.5]]}},{"type":"Feature","properties":{"id":"p:texto-negro:1569","n":3,"sc":"#000000","fc":"#000000"},"geometry":{"type":"LineString","coordinates":[[3287.0,2410.9],[3291.8,2410.9],[3289.4,2424.3],[3287.0,2410.9]]}},{"type":"Feature","properties":{"id":"p:texto-negro:1570","n":3,"sc":"#000000","fc":"#000000"},"geometry":{"type":"LineString","coordinates":[[3287.0,2084.5],[3291.8,2084.5],[3289.4,2071.0],[3287.0,2084.5]]}},{"type":"Feature","properties":{"id":"p:texto-negro:1571","n":6,"sc":"#ffffff","fc":"#ffffff"},"geometry":{"type":"MultiLineString","coordinates":[[[3270.7,2269.3],[3287.5,2269.3],[3270.7,2226.1],[3270.7,2269.3]],[[3287.5,2269.3],[3270.7,2226.1],[3287.5,2226.1],[3287.5,2269.3]]]}},{"type":"Feature","properties":{"id":"p:texto-negro:1572","n":1,"sc":"#000000"},"geometry":{"type":"LineString","coordinates":[[2319.8,2697.4],[2378.9,2697.4]]}},{"type":"Feature","properties":{"id":"p:texto-negro:1573","n":1,"sc":"#000000"},"geometry":{"type":"LineString","coordinates":[[2320.3,2054.7],[2378.9,2054.7]]}},{"type":"Feature","properties":{"id":"p:texto-negro:1574","n":1,"sc":"#000000"},"geometry":{"type":"LineString","coordinates":[[2371.7,2683.5],[2371.7,2068.2]]}},{"type":"Feature","properties":{"id":"p:texto-negro:1575","n":3,"sc":"#000000","fc":"#000000"},"geometry":{"type":"LineString","coordinates":[[2369.8,2683.5],[2374.1,2683.5],[2371.7,2697.4],[2369.8,2683.5]]}},{"type":"Feature","properties":{"id":"p:texto-negro:1576","n":3,"sc":"#000000","fc":"#000000"},"geometry":{"type":"LineString","coordinates":[[2369.8,2068.2],[2374.1,2068.2],[2371.7,2054.7],[2369.8,2068.2]]}},{"type":"Feature","properties":{"id":"p:texto-negro:1577","n":6,"sc":"#ffffff","fc":"#ffffff"},"geometry":{"type":"MultiLineString","coordinates":[[[2353.4,2402.2],[2369.8,2402.2],[2353.4,2349.4],[2353.4,2402.2]],[[2369.8,2402.2],[2353.4,2349.4],[2369.8,2349.4],[2369.8,2402.2]]]}},{"type":"Feature","properties":{"id":"p:texto-negro:1578","n":1,"sc":"#000000"},"geometry":{"type":"LineString","coordinates":[[2300.6,2024.5],[2300.6,1981.3]]}},{"type":"Feature","properties":{"id":"p:texto-negro:1579","n":1,"sc":"#000000"},"geometry":{"type":"LineString","coordinates":[[2287.2,2068.2],[2287.2,1981.3]]}},{"type":"Feature","properties":{"id":"p:texto-negro:1580","n":1,"sc":"#000000"},"geometry":{"type":"LineString","coordinates":[[2273.3,1988],[2259.8,1988]]}},{"type":"Feature","properties":{"id":"p:texto-negro:1581","n":1,"sc":"#000000"},"geometry":{"type":"LineString","coordinates":[[2314.1,1988],[2365.0,1988]]}},{"type":"Feature","properties":{"id":"p:texto-negro:1582","n":1,"sc":"#000000"},"geometry":{"type":"LineString","coordinates":[[2287.2,1988],[2300.6,1988]]}},{"type":"Feature","properties":{"id":"p:texto-negro:1583","n":3,"sc":"#000000","fc":"#000000"},"geometry":{"type":"LineString","coordinates":[[2273.3,1985.6],[2273.3,1990.4],[2287.2,1988],[2273.3,1985.6]]}},{"type":"Feature","properties":{"id":"p:texto-negro:1584","n":3,"sc":"#000000","fc":"#000000"},"geometry":{"type":"LineString","coordinates":[[2314.1,1985.6],[2314.1,1990.4],[2300.6,1988],[2314.1,1985.6]]}},{"type":"Feature","properties":{"id":"p:texto-negro:1585","n":6,"sc":"#ffffff","fc":"#ffffff"},"geometry":{"type":"MultiLineString","coordinates":[[[2329.9,1969.3],[2329.9,1986.1],[2362.6,1969.3],[2329.9,1969.3]],[[2329.9,1986.1],[2362.6,1969.3],[2362.6,1986.1],[2329.9,1986.1]]]}},{"type":"Feature","properties":{"id":"p:texto-negro:1586","n":1,"sc":"#000000"},"geometry":{"type":"LineString","coordinates":[[2300.6,2024.5],[2300.6,1951.5]]}},{"type":"Feature","properties":{"id":"p:texto-negro:1587","n":1,"sc":"#000000"},"geometry":{"type":"LineString","coordinates":[[2262.2,2068.2],[2262.2,1951.5]]}},{"type":"Feature","properties":{"id":"p:texto-negro:1588","n":1,"sc":"#000000"},"geometry":{"type":"LineString","coordinates":[[2286.7,1958.7],[2276.2,1958.7]]}},{"type":"Feature","properties":{"id":"p:texto-negro:1589","n":3,"sc":"#000000","fc":"#000000"},"geometry":{"type":"LineString","coordinates":[[2286.7,1956.3],[2286.7,1960.6],[2300.6,1958.7],[2286.7,1956.3]]}},{"type":"Feature","properties":{"id":"p:texto-negro:1590","n":3,"sc":"#000000","fc":"#000000"},"geometry":{"type":"LineString","coordinates":[[2276.2,1956.3],[2276.2,1960.6],[2262.2,1958.7],[2276.2,1956.3]]}},{"type":"Feature","properties":{"id":"p:texto-negro:1591","n":6,"sc":"#ffffff","fc":"#ffffff"},"geometry":{"type":"MultiLineString","coordinates":[[[2265.1,1940],[2265.1,1956.3],[2297.8,1940],[2265.1,1940]],[[2265.1,1956.3],[2297.8,1940],[2297.8,1956.3],[2265.1,1956.3]]]}},{"type":"Feature","properties":{"id":"p:texto-negro:1592","n":1,"sc":"#000000"},"geometry":{"type":"LineString","coordinates":[[2828.2,2123.8],[2828.2,2261.6]]}},{"type":"Feature","properties":{"id":"p:texto-negro:1593","n":1,"sc":"#000000"},"geometry":{"type":"LineString","coordinates":[[2904,2074.4],[2904,2261.6]]}},{"type":"Feature","properties":{"id":"p:texto-negro:1594","n":1,"sc":"#000000"},"geometry":{"type":"LineString","coordinates":[[2841.6,2254.9],[2890.6,2254.9]]}},{"type":"Feature","properties":{"id":"p:texto-negro:1595","n":3,"sc":"#000000","fc":"#000000"},"geometry":{"type":"LineString","coordinates":[[2841.6,2253.0],[2841.6,2257.3],[2828.2,2254.9],[2841.6,2253.0]]}},{"type":"Feature","properties":{"id":"p:texto-negro:1596","n":3,"sc":"#000000","fc":"#000000"},"geometry":{"type":"LineString","coordinates":[[2890.6,2253.0],[2890.6,2257.3],[2904,2254.9],[2890.6,2253.0]]}},{"type":"Feature","properties":{"id":"p:texto-negro:1597","n":6,"sc":"#ffffff","fc":"#ffffff"},"geometry":{"type":"MultiLineString","coordinates":[[[2845.0,2236.2],[2845.0,2253.0],[2887.2,2236.2],[2845.0,2236.2]],[[2845.0,2253.0],[2887.2,2236.2],[2887.2,2253.0],[2845.0,2253.0]]]}},{"type":"Feature","properties":{"id":"p:texto-negro:1598","n":1,"sc":"#000000"},"geometry":{"type":"LineString","coordinates":[[2437.9,2054.7],[2437.9,1940]]}},{"type":"Feature","properties":{"id":"p:texto-negro:1599","n":1,"sc":"#000000"},"geometry":{"type":"LineString","coordinates":[[3027.4,2018.7],[3027.4,1940]]}},{"type":"Feature","properties":{"id":"p:texto-negro:1600","n":1,"sc":"#000000"},"geometry":{"type":"LineString","coordinates":[[2451.8,1946.7],[3013.9,1946.7]]}},{"type":"Feature","properties":{"id":"p:texto-negro:1601","n":3,"sc":"#000000","fc":"#000000"},"geometry":{"type":"LineString","coordinates":[[2451.8,1944.3],[2451.8,1949.1],[2437.9,1946.7],[2451.8,1944.3]]}},{"type":"Feature","properties":{"id":"p:texto-negro:1602","n":3,"sc":"#000000","fc":"#000000"},"geometry":{"type":"LineString","coordinates":[[3013.9,1944.3],[3013.9,1949.1],[3027.4,1946.7],[3013.9,1944.3]]}},{"type":"Feature","properties":{"id":"p:texto-negro:1603","n":6,"sc":"#ffffff","fc":"#ffffff"},"geometry":{"type":"MultiLineString","coordinates":[[[2706.2,1928],[2706.2,1944.8],[2759.0,1928],[2706.2,1928]],[[2706.2,1944.8],[2759.0,1928],[2759.0,1944.8],[2706.2,1944.8]]]}},{"type":"Feature","properties":{"id":"p:texto-negro:1604","n":1,"sc":"#000000"},"geometry":{"type":"LineString","coordinates":[[3027.4,2018.7],[3027.4,1940]]}},{"type":"Feature","properties":{"id":"p:texto-negro:1605","n":1,"sc":"#000000"},"geometry":{"type":"LineString","coordinates":[[3152.6,1953.9],[3152.6,1940]]}},{"type":"Feature","properties":{"id":"p:texto-negro:1606","n":1,"sc":"#000000"},"geometry":{"type":"LineString","coordinates":[[3040.8,1946.7],[3138.7,1946.7]]}},{"type":"Feature","properties":{"id":"p:texto-negro:1607","n":3,"sc":"#000000","fc":"#000000"},"geometry":{"type":"LineString","coordinates":[[3040.8,1944.3],[3040.8,1949.1],[3027.4,1946.7],[3040.8,1944.3]]}},{"type":"Feature","properties":{"id":"p:texto-negro:1608","n":3,"sc":"#000000","fc":"#000000"},"geometry":{"type":"LineString","coordinates":[[3138.7,1944.3],[3138.7,1949.1],[3152.6,1946.7],[3138.7,1944.3]]}},{"type":"Feature","properties":{"id":"p:texto-negro:1609","n":6,"sc":"#ffffff","fc":"#ffffff"},"geometry":{"type":"MultiLineString","coordinates":[[[3080.6,1928],[3080.6,1944.8],[3124.3,1928],[3080.6,1928]],[[3080.6,1944.8],[3124.3,1928],[3124.3,1944.8],[3080.6,1944.8]]]}},{"type":"Feature","properties":{"id":"p:texto-negro:1610","n":1,"sc":"#000000"},"geometry":{"type":"LineString","coordinates":[[3025.4,2022.1],[2989.4,2022.1]]}},{"type":"Feature","properties":{"id":"p:texto-negro:1611","n":1,"sc":"#000000"},"geometry":{"type":"LineString","coordinates":[[3024,2054.7],[2989.4,2054.7]]}},{"type":"Feature","properties":{"id":"p:texto-negro:1612","n":1,"sc":"#000000"},"geometry":{"type":"LineString","coordinates":[[2996.2,2068.2],[2996.2,2082.1]]}},{"type":"Feature","properties":{"id":"p:texto-negro:1613","n":1,"sc":"#000000"},"geometry":{"type":"LineString","coordinates":[[2996.2,2008.6],[2996.2,1957.8]]}},{"type":"Feature","properties":{"id":"p:texto-negro:1614","n":1,"sc":"#000000"},"geometry":{"type":"LineString","coordinates":[[2996.2,2054.7],[2996.2,2022.1]]}},{"type":"Feature","properties":{"id":"p:texto-negro:1615","n":3,"sc":"#000000","fc":"#000000"},"geometry":{"type":"LineString","coordinates":[[2993.8,2068.2],[2998.6,2068.2],[2996.2,2054.7],[2993.8,2068.2]]}},{"type":"Feature","properties":{"id":"p:texto-negro:1616","n":3,"sc":"#000000","fc":"#000000"},"geometry":{"type":"LineString","coordinates":[[2993.8,2008.6],[2998.6,2008.6],[2996.2,2022.1],[2993.8,2008.6]]}},{"type":"Feature","properties":{"id":"p:texto-negro:1617","n":6,"sc":"#ffffff","fc":"#ffffff"},"geometry":{"type":"MultiLineString","coordinates":[[[2977.4,1992.8],[2994.2,1992.8],[2977.4,1960.2],[2977.4,1992.8]],[[2994.2,1992.8],[2977.4,1960.2],[2994.2,1960.2],[2994.2,1992.8]]]}},{"type":"Feature","properties":{"id":"p:texto-negro:1618","n":1,"sc":"#000000"},"geometry":{"type":"LineString","coordinates":[[3239.0,2414.2],[3239.0,2504]]}},{"type":"Feature","properties":{"id":"p:texto-negro:1619","n":1,"sc":"#000000"},"geometry":{"type":"LineString","coordinates":[[3402.2,2428.2],[3402.2,2504]]}},{"type":"Feature","properties":{"id":"p:texto-negro:1620","n":1,"sc":"#000000"},"geometry":{"type":"LineString","coordinates":[[3253.0,2497.3],[3388.8,2497.3]]}},{"type":"Feature","properties":{"id":"p:texto-negro:1621","n":3,"sc":"#000000","fc":"#000000"},"geometry":{"type":"LineString","coordinates":[[3253.0,2494.9],[3253.0,2499.7],[3239.0,2497.3],[3253.0,2494.9]]}},{"type":"Feature","properties":{"id":"p:texto-negro:1622","n":3,"sc":"#000000","fc":"#000000"},"geometry":{"type":"LineString","coordinates":[[3388.8,2494.9],[3388.8,2499.7],[3402.2,2497.3],[3388.8,2494.9]]}},{"type":"Feature","properties":{"id":"p:texto-negro:1623","n":6,"sc":"#ffffff","fc":"#ffffff"},"geometry":{"type":"MultiLineString","coordinates":[[[3299.0,2478.6],[3299.0,2495.4],[3342.2,2478.6],[3299.0,2478.6]],[[3299.0,2495.4],[3342.2,2478.6],[3342.2,2495.4],[3299.0,2495.4]]]}},{"type":"Feature","properties":{"id":"p:texto-negro:1624","n":1,"sc":"#000000"},"geometry":{"type":"LineString","coordinates":[[3402.2,2428.2],[3402.2,2504]]}},{"type":"Feature","properties":{"id":"p:texto-negro:1625","n":1,"sc":"#000000"},"geometry":{"type":"LineString","coordinates":[[3606.2,2278.9],[3606.2,2504]]}},{"type":"Feature","properties":{"id":"p:texto-negro:1626","n":1,"sc":"#000000"},"geometry":{"type":"LineString","coordinates":[[3416.2,2497.3],[3592.8,2497.3]]}},{"type":"Feature","properties":{"id":"p:texto-negro:1627","n":3,"sc":"#000000","fc":"#000000"},"geometry":{"type":"LineString","coordinates":[[3416.2,2494.9],[3416.2,2499.7],[3402.2,2497.3],[3416.2,2494.9]]}},{"type":"Feature","properties":{"id":"p:texto-negro:1628","n":3,"sc":"#000000","fc":"#000000"},"geometry":{"type":"LineString","coordinates":[[3592.8,2494.9],[3592.8,2499.7],[3606.2,2497.3],[3592.8,2494.9]]}},{"type":"Feature","properties":{"id":"p:texto-negro:1629","n":6,"sc":"#ffffff","fc":"#ffffff"},"geometry":{"type":"MultiLineString","coordinates":[[[3482.4,2478.6],[3482.4,2495.4],[3526.1,2478.6],[3482.4,2478.6]],[[3482.4,2495.4],[3526.1,2478.6],[3526.1,2495.4],[3482.4,2495.4]]]}},{"type":"Feature","properties":{"id":"p:texto-negro:1630","n":1,"sc":"#000000"},"geometry":{"type":"LineString","coordinates":[[3606.2,2278.9],[3606.2,2387.8]]}},{"type":"Feature","properties":{"id":"p:texto-negro:1631","n":1,"sc":"#000000"},"geometry":{"type":"LineString","coordinates":[[3634.6,2278.9],[3634.6,2387.8]]}},{"type":"Feature","properties":{"id":"p:texto-negro:1632","n":1,"sc":"#000000"},"geometry":{"type":"LineString","coordinates":[[3592.8,2381.1],[3578.9,2381.1]]}},{"type":"Feature","properties":{"id":"p:texto-negro:1633","n":1,"sc":"#000000"},"geometry":{"type":"LineString","coordinates":[[3648,2381.1],[3698.4,2381.1]]}},{"type":"Feature","properties":{"id":"p:texto-negro:1634","n":1,"sc":"#000000"},"geometry":{"type":"LineString","coordinates":[[3606.2,2381.1],[3634.6,2381.1]]}},{"type":"Feature","properties":{"id":"p:texto-negro:1635","n":3,"sc":"#000000","fc":"#000000"},"geometry":{"type":"LineString","coordinates":[[3592.8,2378.7],[3592.8,2383.5],[3606.2,2381.1],[3592.8,2378.7]]}},{"type":"Feature","properties":{"id":"p:texto-negro:1636","n":3,"sc":"#000000","fc":"#000000"},"geometry":{"type":"LineString","coordinates":[[3648,2378.7],[3648,2383.5],[3634.6,2381.1],[3648,2378.7]]}},{"type":"Feature","properties":{"id":"p:texto-negro:1637","n":6,"sc":"#ffffff","fc":"#ffffff"},"geometry":{"type":"MultiLineString","coordinates":[[[3663.8,2362.4],[3663.8,2379.2],[3696.5,2362.4],[3663.8,2362.4]],[[3663.8,2379.2],[3696.5,2362.4],[3696.5,2379.2],[3663.8,2379.2]]]}},{"type":"Feature","properties":{"id":"p:texto-negro:1638","n":1,"sc":"#000000"},"geometry":{"type":"LineString","coordinates":[[3606.2,2278.9],[3606.2,2445.9]]}},{"type":"Feature","properties":{"id":"p:texto-negro:1639","n":1,"sc":"#000000"},"geometry":{"type":"LineString","coordinates":[[4008.5,2128.6],[4008.5,2445.9]]}},{"type":"Feature","properties":{"id":"p:texto-negro:1640","n":1,"sc":"#000000"},"geometry":{"type":"LineString","coordinates":[[3619.7,2439.2],[3995.0,2439.2]]}},{"type":"Feature","properties":{"id":"p:texto-negro:1641","n":3,"sc":"#000000","fc":"#000000"},"geometry":{"type":"LineString","coordinates":[[3619.7,2436.8],[3619.7,2441.6],[3606.2,2439.2],[3619.7,2436.8]]}},{"type":"Feature","properties":{"id":"p:texto-negro:1642","n":3,"sc":"#000000","fc":"#000000"},"geometry":{"type":"LineString","coordinates":[[3995.0,2436.8],[3995.0,2441.6],[4008.5,2439.2],[3995.0,2436.8]]}},{"type":"Feature","properties":{"id":"p:texto-negro:1643","n":6,"sc":"#ffffff","fc":"#ffffff"},"geometry":{"type":"MultiLineString","coordinates":[[[3785.8,2420.5],[3785.8,2437.3],[3829.0,2420.5],[3785.8,2420.5]],[[3785.8,2437.3],[3829.0,2420.5],[3829.0,2437.3],[3785.8,2437.3]]]}},{"type":"Feature","properties":{"id":"p:texto-negro:1644","n":1,"sc":"#000000"},"geometry":{"type":"LineString","coordinates":[[3406.1,2424.3],[3468,2424.3]]}},{"type":"Feature","properties":{"id":"p:texto-negro:1645","n":1,"sc":"#000000"},"geometry":{"type":"LineString","coordinates":[[3436.8,2071.0],[3468,2071.0]]}},{"type":"Feature","properties":{"id":"p:texto-negro:1646","n":1,"sc":"#000000"},"geometry":{"type":"LineString","coordinates":[[3461.3,2410.9],[3461.3,2084.5]]}},{"type":"Feature","properties":{"id":"p:texto-negro:1647","n":3,"sc":"#000000","fc":"#000000"},"geometry":{"type":"LineString","coordinates":[[3458.9,2410.9],[3463.7,2410.9],[3461.3,2424.3],[3458.9,2410.9]]}},{"type":"Feature","properties":{"id":"p:texto-negro:1648","n":3,"sc":"#000000","fc":"#000000"},"geometry":{"type":"LineString","coordinates":[[3458.9,2084.5],[3463.7,2084.5],[3461.3,2071.0],[3458.9,2084.5]]}},{"type":"Feature","properties":{"id":"p:texto-negro:1649","n":6,"sc":"#ffffff","fc":"#ffffff"},"geometry":{"type":"MultiLineString","coordinates":[[[3442.6,2269.3],[3459.4,2269.3],[3442.6,2226.1],[3442.6,2269.3]],[[3459.4,2269.3],[3442.6,2226.1],[3459.4,2226.1],[3459.4,2269.3]]]}},{"type":"Feature","properties":{"id":"p:texto-negro:1650","n":1,"sc":"#000000"},"geometry":{"type":"LineString","coordinates":[[3602.9,2272.2],[3564.5,2272.2]]}},{"type":"Feature","properties":{"id":"p:texto-negro:1651","n":1,"sc":"#000000"},"geometry":{"type":"LineString","coordinates":[[3580.3,2071.0],[3564.5,2071.0]]}},{"type":"Feature","properties":{"id":"p:texto-negro:1652","n":1,"sc":"#000000"},"geometry":{"type":"LineString","coordinates":[[3571.2,2258.7],[3571.2,2084.5]]}},{"type":"Feature","properties":{"id":"p:texto-negro:1653","n":3,"sc":"#000000","fc":"#000000"},"geometry":{"type":"LineString","coordinates":[[3568.8,2258.7],[3573.6,2258.7],[3571.2,2272.2],[3568.8,2258.7]]}},{"type":"Feature","properties":{"id":"p:texto-negro:1654","n":3,"sc":"#000000","fc":"#000000"},"geometry":{"type":"LineString","coordinates":[[3568.8,2084.5],[3573.6,2084.5],[3571.2,2071.0],[3568.8,2084.5]]}},{"type":"Feature","properties":{"id":"p:texto-negro:1655","n":6,"sc":"#ffffff","fc":"#ffffff"},"geometry":{"type":"MultiLineString","coordinates":[[[3552.5,2193.4],[3569.3,2193.4],[3552.5,2149.8],[3552.5,2193.4]],[[3569.3,2193.4],[3552.5,2149.8],[3569.3,2149.8],[3569.3,2193.4]]]}},{"type":"Feature","properties":{"id":"p:texto-negro:1656","n":1,"sc":"#000000"},"geometry":{"type":"LineString","coordinates":[[4008.5,2128.6],[4008.5,2445.9]]}},{"type":"Feature","properties":{"id":"p:texto-negro:1657","n":1,"sc":"#000000"},"geometry":{"type":"LineString","coordinates":[[4536.5,2074.4],[4536.5,2445.9]]}},{"type":"Feature","properties":{"id":"p:texto-negro:1658","n":1,"sc":"#000000"},"geometry":{"type":"LineString","coordinates":[[4022.4,2439.2],[4522.6,2439.2]]}},{"type":"Feature","properties":{"id":"p:texto-negro:1659","n":3,"sc":"#000000","fc":"#000000"},"geometry":{"type":"LineString","coordinates":[[4022.4,2437.3],[4022.4,2441.6],[4008.5,2439.2],[4022.4,2437.3]]}},{"type":"Feature","properties":{"id":"p:texto-negro:1660","n":3,"sc":"#000000","fc":"#000000"},"geometry":{"type":"LineString","coordinates":[[4522.6,2437.3],[4522.6,2441.6],[4536.5,2439.2],[4522.6,2437.3]]}},{"type":"Feature","properties":{"id":"p:texto-negro:1661","n":6,"sc":"#ffffff","fc":"#ffffff"},"geometry":{"type":"MultiLineString","coordinates":[[[4250.9,2420.5],[4250.9,2437.3],[4294.1,2420.5],[4250.9,2420.5]],[[4250.9,2437.3],[4294.1,2420.5],[4294.1,2437.3],[4250.9,2437.3]]]}},{"type":"Feature","properties":{"id":"p:texto-negro:1662","n":1,"sc":"#000000"},"geometry":{"type":"LineString","coordinates":[[4011.8,2125.3],[4069.0,2125.3]]}},{"type":"Feature","properties":{"id":"p:texto-negro:1663","n":1,"sc":"#000000"},"geometry":{"type":"LineString","coordinates":[[4052.2,2071.0],[4069.0,2071.0]]}},{"type":"Feature","properties":{"id":"p:texto-negro:1664","n":1,"sc":"#000000"},"geometry":{"type":"LineString","coordinates":[[4062.2,2111.8],[4062.2,2084.5]]}},{"type":"Feature","properties":{"id":"p:texto-negro:1665","n":3,"sc":"#000000","fc":"#000000"},"geometry":{"type":"LineString","coordinates":[[4059.8,2111.8],[4064.6,2111.8],[4062.2,2125.3],[4059.8,2111.8]]}},{"type":"Feature","properties":{"id":"p:texto-negro:1666","n":3,"sc":"#000000","fc":"#000000"},"geometry":{"type":"LineString","coordinates":[[4059.8,2084.5],[4064.6,2084.5],[4062.2,2071.0],[4059.8,2084.5]]}},{"type":"Feature","properties":{"id":"p:texto-negro:1667","n":6,"sc":"#ffffff","fc":"#ffffff"},"geometry":{"type":"MultiLineString","coordinates":[[[4043.5,2119.0],[4060.3,2119.0],[4043.5,2077.3],[4043.5,2119.0]],[[4060.3,2119.0],[4043.5,2077.3],[4060.3,2077.3],[4060.3,2119.0]]]}},{"type":"Feature","properties":{"id":"p:texto-negro:1668","n":1,"sc":"#000000"},"geometry":{"type":"LineString","coordinates":[[3790.1,2272.2],[3743.5,2272.2]]}},{"type":"Feature","properties":{"id":"p:texto-negro:1669","n":1,"sc":"#000000"},"geometry":{"type":"LineString","coordinates":[[3790.6,2054.7],[3743.5,2054.7]]}},{"type":"Feature","properties":{"id":"p:texto-negro:1670","n":1,"sc":"#000000"},"geometry":{"type":"LineString","coordinates":[[3750.7,2258.7],[3750.7,2068.2]]}},{"type":"Feature","properties":{"id":"p:texto-negro:1671","n":3,"sc":"#000000","fc":"#000000"},"geometry":{"type":"LineString","coordinates":[[3748.3,2258.7],[3752.6,2258.7],[3750.7,2272.2],[3748.3,2258.7]]}},{"type":"Feature","properties":{"id":"p:texto-negro:1672","n":3,"sc":"#000000","fc":"#000000"},"geometry":{"type":"LineString","coordinates":[[3748.3,2068.2],[3752.6,2068.2],[3750.7,2054.7],[3748.3,2068.2]]}},{"type":"Feature","properties":{"id":"p:texto-negro:1673","n":6,"sc":"#ffffff","fc":"#ffffff"},"geometry":{"type":"MultiLineString","coordinates":[[[3732,2185.3],[3748.3,2185.3],[3732,2141.6],[3732,2185.3]],[[3748.3,2185.3],[3732,2141.6],[3748.3,2141.6],[3748.3,2185.3]]]}},{"type":"Feature","properties":{"id":"p:texto-negro:1674","n":1,"sc":"#000000"},"geometry":{"type":"LineString","coordinates":[[4536.5,2074.4],[4536.5,2445.9]]}},{"type":"Feature","properties":{"id":"p:texto-negro:1675","n":1,"sc":"#000000"},"geometry":{"type":"LineString","coordinates":[[5814.7,2376.8],[5814.7,2445.9]]}},{"type":"Feature","properties":{"id":"p:texto-negro:1676","n":1,"sc":"#000000"},"geometry":{"type":"LineString","coordinates":[[4549.9,2439.2],[5801.3,2439.2]]}},{"type":"Feature","properties":{"id":"p:texto-negro:1677","n":3,"sc":"#000000","fc":"#000000"},"geometry":{"type":"LineString","coordinates":[[4549.9,2437.3],[4549.9,2441.6],[4536.5,2439.2],[4549.9,2437.3]]}},{"type":"Feature","properties":{"id":"p:texto-negro:1678","n":3,"sc":"#000000","fc":"#000000"},"geometry":{"type":"LineString","coordinates":[[5801.3,2437.3],[5801.3,2441.6],[5814.7,2439.2],[5801.3,2437.3]]}},{"type":"Feature","properties":{"id":"p:texto-negro:1679","n":6,"sc":"#ffffff","fc":"#ffffff"},"geometry":{"type":"MultiLineString","coordinates":[[[5148.5,2420.5],[5148.5,2437.3],[5202.7,2420.5],[5148.5,2420.5]],[[5148.5,2437.3],[5202.7,2420.5],[5202.7,2437.3],[5148.5,2437.3]]]}},{"type":"Feature","properties":{"id":"p:texto-negro:1680","n":1,"sc":"#000000"},"geometry":{"type":"LineString","coordinates":[[5814.7,2376.3],[5814.7,2444.5]]}},{"type":"Feature","properties":{"id":"p:texto-negro:1681","n":1,"sc":"#000000"},"geometry":{"type":"LineString","coordinates":[[5920.8,2380.6],[5920.8,2444.5]]}},{"type":"Feature","properties":{"id":"p:texto-negro:1682","n":1,"sc":"#000000"},"geometry":{"type":"LineString","coordinates":[[5828.2,2437.8],[5907.4,2437.8]]}},{"type":"Feature","properties":{"id":"p:texto-negro:1683","n":3,"sc":"#000000","fc":"#000000"},"geometry":{"type":"LineString","coordinates":[[5828.2,2435.8],[5828.2,2440.2],[5814.7,2437.8],[5828.2,2435.8]]}},{"type":"Feature","properties":{"id":"p:texto-negro:1684","n":3,"sc":"#000000","fc":"#000000"},"geometry":{"type":"LineString","coordinates":[[5907.4,2435.8],[5907.4,2440.2],[5920.8,2437.8],[5907.4,2435.8]]}},{"type":"Feature","properties":{"id":"p:texto-negro:1685","n":6,"sc":"#ffffff","fc":"#ffffff"},"geometry":{"type":"MultiLineString","coordinates":[[[5846.9,2419.0],[5846.9,2435.8],[5888.6,2419.0],[5846.9,2419.0]],[[5846.9,2435.8],[5888.6,2419.0],[5888.6,2435.8],[5846.9,2435.8]]]}},{"type":"Feature","properties":{"id":"p:texto-negro:1686","n":1,"sc":"#000000"},"geometry":{"type":"LineString","coordinates":[[5924.2,2377.3],[6050.9,2377.3]]}},{"type":"Feature","properties":{"id":"p:texto-negro:1687","n":1,"sc":"#000000"},"geometry":{"type":"LineString","coordinates":[[5924.2,2012.5],[6050.9,2012.5]]}},{"type":"Feature","properties":{"id":"p:texto-negro:1688","n":1,"sc":"#000000"},"geometry":{"type":"LineString","coordinates":[[6044.2,2363.4],[6044.2,2026.4]]}},{"type":"Feature","properties":{"id":"p:texto-negro:1689","n":3,"sc":"#000000","fc":"#000000"},"geometry":{"type":"LineString","coordinates":[[6041.8,2363.4],[6046.1,2363.4],[6044.2,2377.3],[6041.8,2363.4]]}},{"type":"Feature","properties":{"id":"p:texto-negro:1690","n":3,"sc":"#000000","fc":"#000000"},"geometry":{"type":"LineString","coordinates":[[6041.8,2026.4],[6046.1,2026.4],[6044.2,2012.5],[6041.8,2026.4]]}},{"type":"Feature","properties":{"id":"p:texto-negro:1691","n":6,"sc":"#ffffff","fc":"#ffffff"},"geometry":{"type":"MultiLineString","coordinates":[[[6025.4,2216.5],[6041.8,2216.5],[6025.4,2173.3],[6025.4,2216.5]],[[6041.8,2216.5],[6025.4,2173.3],[6041.8,2173.3],[6041.8,2216.5]]]}},{"type":"Feature","properties":{"id":"p:texto-negro:1692","n":1,"sc":"#000000"},"geometry":{"type":"LineString","coordinates":[[5811.4,2373.0],[5736.5,2373.0]]}},{"type":"Feature","properties":{"id":"p:texto-negro:1693","n":1,"sc":"#000000"},"geometry":{"type":"LineString","coordinates":[[5745.1,2046.6],[5750.4,2046.6]]}},{"type":"Feature","properties":{"id":"p:texto-negro:1694","n":1,"sc":"#000000"},"geometry":{"type":"LineString","coordinates":[[5743.2,2359.0],[5743.2,2060]]}},{"type":"Feature","properties":{"id":"p:texto-negro:1695","n":3,"sc":"#000000","fc":"#000000"},"geometry":{"type":"LineString","coordinates":[[5741.3,2359.0],[5745.6,2359.0],[5743.2,2373.0],[5741.3,2359.0]]}},{"type":"Feature","properties":{"id":"p:texto-negro:1696","n":3,"sc":"#000000","fc":"#000000"},"geometry":{"type":"LineString","coordinates":[[5741.3,2060],[5745.6,2060],[5743.2,2046.6],[5741.3,2060]]}},{"type":"Feature","properties":{"id":"p:texto-negro:1697","n":6,"sc":"#ffffff","fc":"#ffffff"},"geometry":{"type":"MultiLineString","coordinates":[[[5725.0,2231.4],[5741.3,2231.4],[5725.0,2187.7],[5725.0,2231.4]],[[5741.3,2231.4],[5725.0,2187.7],[5741.3,2187.7],[5741.3,2231.4]]]}},{"type":"Feature","properties":{"id":"p:texto-negro:1698","n":1,"sc":"#000000"},"geometry":{"type":"LineString","coordinates":[[5920.8,2009.1],[5920.8,1934.2]]}},{"type":"Feature","properties":{"id":"p:texto-negro:1699","n":1,"sc":"#000000"},"geometry":{"type":"LineString","coordinates":[[4536.5,1948.2],[4536.5,1934.2]]}},{"type":"Feature","properties":{"id":"p:texto-negro:1700","n":1,"sc":"#000000"},"geometry":{"type":"LineString","coordinates":[[5907.4,1941.0],[4549.9,1941.0]]}},{"type":"Feature","properties":{"id":"p:texto-negro:1701","n":3,"sc":"#000000","fc":"#000000"},"geometry":{"type":"LineString","coordinates":[[5907.4,1938.6],[5907.4,1943.4],[5920.8,1941.0],[5907.4,1938.6]]}},{"type":"Feature","properties":{"id":"p:texto-negro:1702","n":3,"sc":"#000000","fc":"#000000"},"geometry":{"type":"LineString","coordinates":[[4549.9,1938.6],[4549.9,1943.4],[4536.5,1941.0],[4549.9,1938.6]]}},{"type":"Feature","properties":{"id":"p:texto-negro:1703","n":6,"sc":"#ffffff","fc":"#ffffff"},"geometry":{"type":"MultiLineString","coordinates":[[[5201.3,1922.2],[5201.3,1939.0],[5255.5,1922.2],[5201.3,1922.2]],[[5201.3,1939.0],[5255.5,1922.2],[5255.5,1939.0],[5201.3,1939.0]]]}},{"type":"Feature","properties":{"id":"p:texto-negro:1704","n":1,"sc":"#000000"},"geometry":{"type":"LineString","coordinates":[[4539.8,2071.0],[4631.0,2071.0]]}},{"type":"Feature","properties":{"id":"p:texto-negro:1705","n":1,"sc":"#000000"},"geometry":{"type":"LineString","coordinates":[[4619.5,2046.6],[4631.0,2046.6]]}},{"type":"Feature","properties":{"id":"p:texto-negro:1706","n":1,"sc":"#000000"},"geometry":{"type":"LineString","coordinates":[[4623.8,2032.6],[4623.8,2019.2]]}},{"type":"Feature","properties":{"id":"p:texto-negro:1707","n":1,"sc":"#000000"},"geometry":{"type":"LineString","coordinates":[[4623.8,2084.5],[4623.8,2135.4]]}},{"type":"Feature","properties":{"id":"p:texto-negro:1708","n":1,"sc":"#000000"},"geometry":{"type":"LineString","coordinates":[[4623.8,2046.6],[4623.8,2071.0]]}},{"type":"Feature","properties":{"id":"p:texto-negro:1709","n":3,"sc":"#000000","fc":"#000000"},"geometry":{"type":"LineString","coordinates":[[4621.9,2032.6],[4626.2,2032.6],[4623.8,2046.6],[4621.9,2032.6]]}},{"type":"Feature","properties":{"id":"p:texto-negro:1710","n":3,"sc":"#000000","fc":"#000000"},"geometry":{"type":"LineString","coordinates":[[4621.9,2084.5],[4626.2,2084.5],[4623.8,2071.0],[4621.9,2084.5]]}},{"type":"Feature","properties":{"id":"p:texto-negro:1711","n":6,"sc":"#ffffff","fc":"#ffffff"},"geometry":{"type":"MultiLineString","coordinates":[[[4605.6,2133.4],[4621.9,2133.4],[4605.6,2100.3],[4605.6,2133.4]],[[4621.9,2133.4],[4605.6,2100.3],[4621.9,2100.3],[4621.9,2133.4]]]}},{"type":"Feature","properties":{"id":"p:texto-negro:1712","n":1,"sc":"#000000"},"geometry":{"type":"LineString","coordinates":[[4619.5,2046.6],[4631.0,2046.6]]}},{"type":"Feature","properties":{"id":"p:texto-negro:1713","n":1,"sc":"#000000"},"geometry":{"type":"LineString","coordinates":[[4619.5,2013.0],[4631.0,2013.0]]}},{"type":"Feature","properties":{"id":"p:texto-negro:1714","n":1,"sc":"#000000"},"geometry":{"type":"LineString","coordinates":[[4623.8,2060],[4623.8,2073.4]]}},{"type":"Feature","properties":{"id":"p:texto-negro:1715","n":1,"sc":"#000000"},"geometry":{"type":"LineString","coordinates":[[4623.8,1999.0],[4623.8,1948.6]]}},{"type":"Feature","properties":{"id":"p:texto-negro:1716","n":1,"sc":"#000000"},"geometry":{"type":"LineString","coordinates":[[4623.8,2046.6],[4623.8,2013.0]]}},{"type":"Feature","properties":{"id":"p:texto-negro:1717","n":3,"sc":"#000000","fc":"#000000"},"geometry":{"type":"LineString","coordinates":[[4621.9,2060],[4626.2,2060],[4623.8,2046.6],[4621.9,2060]]}},{"type":"Feature","properties":{"id":"p:texto-negro:1718","n":3,"sc":"#000000","fc":"#000000"},"geometry":{"type":"LineString","coordinates":[[4621.9,1999.0],[4626.2,1999.0],[4623.8,2013.0],[4621.9,1999.0]]}},{"type":"Feature","properties":{"id":"p:texto-negro:1719","n":6,"sc":"#ffffff","fc":"#ffffff"},"geometry":{"type":"MultiLineString","coordinates":[[[4605.6,1983.7],[4621.9,1983.7],[4605.6,1950.6],[4605.6,1983.7]],[[4621.9,1983.7],[4605.6,1950.6],[4621.9,1950.6],[4621.9,1983.7]]]}},{"type":"Feature","properties":{"id":"p:texto-negro:1720","n":1,"sc":"#000000"},"geometry":{"type":"LineString","coordinates":[[4539.8,1336.2],[4799.0,1336.2]]}},{"type":"Feature","properties":{"id":"p:texto-negro:1721","n":1,"sc":"#000000"},"geometry":{"type":"LineString","coordinates":[[4554.7,1152.8],[4799.0,1152.8]]}},{"type":"Feature","properties":{"id":"p:texto-negro:1722","n":1,"sc":"#000000"},"geometry":{"type":"LineString","coordinates":[[4792.3,1322.2],[4792.3,1166.7]]}},{"type":"Feature","properties":{"id":"p:texto-negro:1723","n":3,"sc":"#000000","fc":"#000000"},"geometry":{"type":"LineString","coordinates":[[4789.9,1322.2],[4794.2,1322.2],[4792.3,1336.2],[4789.9,1322.2]]}},{"type":"Feature","properties":{"id":"p:texto-negro:1724","n":3,"sc":"#000000","fc":"#000000"},"geometry":{"type":"LineString","coordinates":[[4789.9,1166.7],[4794.2,1166.7],[4792.3,1152.8],[4789.9,1166.7]]}},{"type":"Feature","properties":{"id":"p:texto-negro:1725","n":6,"sc":"#ffffff","fc":"#ffffff"},"geometry":{"type":"MultiLineString","coordinates":[[[4773.6,1266.1],[4790.4,1266.1],[4773.6,1222.9],[4773.6,1266.1]],[[4790.4,1266.1],[4773.6,1222.9],[4790.4,1222.9],[4790.4,1266.1]]]}},{"type":"Feature","properties":{"id":"p:texto-negro:1726","n":1,"sc":"#000000"},"geometry":{"type":"LineString","coordinates":[[4539.8,1152.8],[4799.0,1152.8]]}},{"type":"Feature","properties":{"id":"p:texto-negro:1727","n":1,"sc":"#000000"},"geometry":{"type":"LineString","coordinates":[[4765.9,695.8],[4799.0,695.8]]}},{"type":"Feature","properties":{"id":"p:texto-negro:1728","n":1,"sc":"#000000"},"geometry":{"type":"LineString","coordinates":[[4792.3,1139.4],[4792.3,709.3]]}},{"type":"Feature","properties":{"id":"p:texto-negro:1729","n":3,"sc":"#000000","fc":"#000000"},"geometry":{"type":"LineString","coordinates":[[4789.9,1139.4],[4794.2,1139.4],[4792.3,1152.8],[4789.9,1139.4]]}},{"type":"Feature","properties":{"id":"p:texto-negro:1730","n":3,"sc":"#000000","fc":"#000000"},"geometry":{"type":"LineString","coordinates":[[4789.9,709.3],[4794.2,709.3],[4792.3,695.8],[4789.9,709.3]]}},{"type":"Feature","properties":{"id":"p:texto-negro:1731","n":6,"sc":"#ffffff","fc":"#ffffff"},"geometry":{"type":"MultiLineString","coordinates":[[[4773.6,945.9],[4790.4,945.9],[4773.6,902.7],[4773.6,945.9]],[[4790.4,945.9],[4773.6,902.7],[4790.4,902.7],[4790.4,945.9]]]}},{"type":"Feature","properties":{"id":"p:texto-negro:1732","n":1,"sc":"#000000"},"geometry":{"type":"LineString","coordinates":[[4536.5,692.5],[4536.5,509.6]]}},{"type":"Feature","properties":{"id":"p:texto-negro:1733","n":1,"sc":"#000000"},"geometry":{"type":"LineString","coordinates":[[5540.6,597.9],[5540.6,509.6]]}},{"type":"Feature","properties":{"id":"p:texto-negro:1734","n":1,"sc":"#000000"},"geometry":{"type":"LineString","coordinates":[[4549.9,516.3],[5526.7,516.3]]}},{"type":"Feature","properties":{"id":"p:texto-negro:1735","n":3,"sc":"#000000","fc":"#000000"},"geometry":{"type":"LineString","coordinates":[[4549.9,513.9],[4549.9,518.7],[4536.5,516.3],[4549.9,513.9]]}},{"type":"Feature","properties":{"id":"p:texto-negro:1736","n":3,"sc":"#000000","fc":"#000000"},"geometry":{"type":"LineString","coordinates":[[5526.7,513.9],[5526.7,518.7],[5540.6,516.3],[5526.7,513.9]]}},{"type":"Feature","properties":{"id":"p:texto-negro:1737","n":6,"sc":"#ffffff","fc":"#ffffff"},"geometry":{"type":"MultiLineString","coordinates":[[[5012.2,497.6],[5012.2,514.4],[5064.5,497.6],[5012.2,497.6]],[[5012.2,514.4],[5064.5,497.6],[5064.5,514.4],[5012.2,514.4]]]}},{"type":"Feature","properties":{"id":"p:texto-negro:1738","n":1,"sc":"#000000"},"geometry":{"type":"LineString","coordinates":[[5544,695.8],[5599.7,695.8]]}},{"type":"Feature","properties":{"id":"p:texto-negro:1739","n":1,"sc":"#000000"},"geometry":{"type":"LineString","coordinates":[[5544,581.6],[5599.7,581.6]]}},{"type":"Feature","properties":{"id":"p:texto-negro:1740","n":1,"sc":"#000000"},"geometry":{"type":"LineString","coordinates":[[5593.0,682.4],[5593.0,595.0]]}},{"type":"Feature","properties":{"id":"p:texto-negro:1741","n":3,"sc":"#000000","fc":"#000000"},"geometry":{"type":"LineString","coordinates":[[5590.6,682.4],[5595.4,682.4],[5593.0,695.8],[5590.6,682.4]]}},{"type":"Feature","properties":{"id":"p:texto-negro:1742","n":3,"sc":"#000000","fc":"#000000"},"geometry":{"type":"LineString","coordinates":[[5590.6,595.0],[5595.4,595.0],[5593.0,581.6],[5590.6,595.0]]}},{"type":"Feature","properties":{"id":"p:texto-negro:1743","n":6,"sc":"#ffffff","fc":"#ffffff"},"geometry":{"type":"MultiLineString","coordinates":[[[5574.2,660.3],[5591.0,660.3],[5574.2,617.1],[5574.2,660.3]],[[5591.0,660.3],[5574.2,617.1],[5591.0,617.1],[5591.0,660.3]]]}},{"type":"Feature","properties":{"id":"p:texto-negro:1744","n":1,"sc":"#000000"},"geometry":{"type":"LineString","coordinates":[[4536.5,1306.4],[4536.5,1282.9]]}},{"type":"Feature","properties":{"id":"p:texto-negro:1745","n":1,"sc":"#000000"},"geometry":{"type":"LineString","coordinates":[[4142.9,1332.8],[4142.9,1282.9]]}},{"type":"Feature","properties":{"id":"p:texto-negro:1746","n":1,"sc":"#000000"},"geometry":{"type":"LineString","coordinates":[[4522.6,1289.6],[4156.8,1289.6]]}},{"type":"Feature","properties":{"id":"p:texto-negro:1747","n":3,"sc":"#000000","fc":"#000000"},"geometry":{"type":"LineString","coordinates":[[4522.6,1287.7],[4522.6,1292],[4536.5,1289.6],[4522.6,1287.7]]}},{"type":"Feature","properties":{"id":"p:texto-negro:1748","n":3,"sc":"#000000","fc":"#000000"},"geometry":{"type":"LineString","coordinates":[[4156.8,1287.7],[4156.8,1292],[4142.9,1289.6],[4156.8,1287.7]]}},{"type":"Feature","properties":{"id":"p:texto-negro:1749","n":6,"sc":"#ffffff","fc":"#ffffff"},"geometry":{"type":"MultiLineString","coordinates":[[[4318.1,1270.9],[4318.1,1287.7],[4361.3,1270.9],[4318.1,1270.9]],[[4318.1,1287.7],[4361.3,1270.9],[4361.3,1287.7],[4318.1,1287.7]]]}},{"type":"Feature","properties":{"id":"p:texto-negro:1750","n":1,"sc":"#000000"},"geometry":{"type":"LineString","coordinates":[[4535.5,1149.4],[4535.5,1101.9]]}},{"type":"Feature","properties":{"id":"p:texto-negro:1751","n":1,"sc":"#000000"},"geometry":{"type":"LineString","coordinates":[[4453.0,1149.4],[4453.0,1101.9]]}},{"type":"Feature","properties":{"id":"p:texto-negro:1752","n":1,"sc":"#000000"},"geometry":{"type":"LineString","coordinates":[[4522.1,1108.6],[4466.4,1108.6]]}},{"type":"Feature","properties":{"id":"p:texto-negro:1753","n":3,"sc":"#000000","fc":"#000000"},"geometry":{"type":"LineString","coordinates":[[4522.1,1106.2],[4522.1,1111.0],[4535.5,1108.6],[4522.1,1106.2]]}},{"type":"Feature","properties":{"id":"p:texto-negro:1754","n":3,"sc":"#000000","fc":"#000000"},"geometry":{"type":"LineString","coordinates":[[4466.4,1106.2],[4466.4,1111.0],[4453.0,1108.6],[4466.4,1106.2]]}},{"type":"Feature","properties":{"id":"p:texto-negro:1755","n":6,"sc":"#ffffff","fc":"#ffffff"},"geometry":{"type":"MultiLineString","coordinates":[[[4473.1,1089.9],[4473.1,1106.7],[4515.4,1089.9],[4473.1,1089.9]],[[4473.1,1106.7],[4515.4,1089.9],[4515.4,1106.7],[4473.1,1106.7]]]}},{"type":"Feature","properties":{"id":"p:texto-negro:1756","n":1,"sc":"#000000"},"geometry":{"type":"LineString","coordinates":[[3879.4,2071.0],[3839.5,2071.0]]}},{"type":"Feature","properties":{"id":"p:texto-negro:1757","n":1,"sc":"#000000"},"geometry":{"type":"LineString","coordinates":[[3901.9,1690.4],[3839.5,1690.4]]}},{"type":"Feature","properties":{"id":"p:texto-negro:1758","n":1,"sc":"#000000"},"geometry":{"type":"LineString","coordinates":[[3846.2,2057.6],[3846.2,1703.8]]}},{"type":"Feature","properties":{"id":"p:texto-negro:1759","n":3,"sc":"#000000","fc":"#000000"},"geometry":{"type":"LineString","coordinates":[[3843.8,2057.6],[3848.2,2057.6],[3846.2,2071.0],[3843.8,2057.6]]}},{"type":"Feature","properties":{"id":"p:texto-negro:1760","n":3,"sc":"#000000","fc":"#000000"},"geometry":{"type":"LineString","coordinates":[[3843.8,1703.8],[3848.2,1703.8],[3846.2,1690.4],[3843.8,1703.8]]}},{"type":"Feature","properties":{"id":"p:texto-negro:1761","n":6,"sc":"#ffffff","fc":"#ffffff"},"geometry":{"type":"MultiLineString","coordinates":[[[3827.5,1902.1],[3843.8,1902.1],[3827.5,1858.9],[3827.5,1902.1]],[[3843.8,1902.1],[3827.5,1858.9],[3843.8,1858.9],[3843.8,1902.1]]]}},{"type":"Feature","properties":{"id":"p:texto-negro:1762","n":1,"sc":"#000000"},"geometry":{"type":"LineString","coordinates":[[4008.5,2067.7],[4008.5,2003.4]]}},{"type":"Feature","properties":{"id":"p:texto-negro:1763","n":1,"sc":"#000000"},"geometry":{"type":"LineString","coordinates":[[3905.3,2013.9],[3905.3,2017.3]]}},{"type":"Feature","properties":{"id":"p:texto-negro:1764","n":1,"sc":"#000000"},"geometry":{"type":"LineString","coordinates":[[3995.0,2010.6],[3918.7,2010.6]]}},{"type":"Feature","properties":{"id":"p:texto-negro:1765","n":3,"sc":"#000000","fc":"#000000"},"geometry":{"type":"LineString","coordinates":[[3995.0,2008.2],[3995.0,2012.5],[4008.5,2010.6],[3995.0,2008.2]]}},{"type":"Feature","properties":{"id":"p:texto-negro:1766","n":3,"sc":"#000000","fc":"#000000"},"geometry":{"type":"LineString","coordinates":[[3918.7,2008.2],[3918.7,2012.5],[3905.3,2010.6],[3918.7,2008.2]]}},{"type":"Feature","properties":{"id":"p:texto-negro:1767","n":6,"sc":"#ffffff","fc":"#ffffff"},"geometry":{"type":"MultiLineString","coordinates":[[[3936,1991.8],[3936,2008.2],[3977.8,1991.8],[3936,1991.8]],[[3936,2008.2],[3977.8,1991.8],[3977.8,2008.2],[3936,2008.2]]]}},{"type":"Feature","properties":{"id":"p:texto-negro:1768","n":1,"sc":"#000000"},"geometry":{"type":"LineString","coordinates":[[3176.2,692.5],[3176.2,510.1]]}},{"type":"Feature","properties":{"id":"p:texto-negro:1769","n":1,"sc":"#000000"},"geometry":{"type":"LineString","coordinates":[[3518.9,692.5],[3518.9,510.1]]}},{"type":"Feature","properties":{"id":"p:texto-negro:1770","n":1,"sc":"#000000"},"geometry":{"type":"LineString","coordinates":[[3190.1,517.3],[3505.4,517.3]]}},{"type":"Feature","properties":{"id":"p:texto-negro:1771","n":3,"sc":"#000000","fc":"#000000"},"geometry":{"type":"LineString","coordinates":[[3190.1,514.9],[3190.1,519.2],[3176.2,517.3],[3190.1,514.9]]}},{"type":"Feature","properties":{"id":"p:texto-negro:1772","n":3,"sc":"#000000","fc":"#000000"},"geometry":{"type":"LineString","coordinates":[[3505.4,514.9],[3505.4,519.2],[3518.9,517.3],[3505.4,514.9]]}},{"type":"Feature","properties":{"id":"p:texto-negro:1773","n":6,"sc":"#ffffff","fc":"#ffffff"},"geometry":{"type":"MultiLineString","coordinates":[[[3325.9,498.6],[3325.9,514.9],[3369.1,498.6],[3325.9,498.6]],[[3325.9,514.9],[3369.1,498.6],[3369.1,514.9],[3325.9,514.9]]]}},{"type":"Feature","properties":{"id":"p:texto-negro:1774","n":1,"sc":"#000000"},"geometry":{"type":"LineString","coordinates":[[3518.9,692.5],[3518.9,510.1]]}},{"type":"Feature","properties":{"id":"p:texto-negro:1775","n":1,"sc":"#000000"},"geometry":{"type":"LineString","coordinates":[[4536.5,693.0],[4536.5,510.1]]}},{"type":"Feature","properties":{"id":"p:texto-negro:1776","n":1,"sc":"#000000"},"geometry":{"type":"LineString","coordinates":[[3532.3,517.3],[4522.6,517.3]]}},{"type":"Feature","properties":{"id":"p:texto-negro:1777","n":3,"sc":"#000000","fc":"#000000"},"geometry":{"type":"LineString","coordinates":[[3532.3,514.9],[3532.3,519.2],[3518.9,517.3],[3532.3,514.9]]}},{"type":"Feature","properties":{"id":"p:texto-negro:1778","n":3,"sc":"#000000","fc":"#000000"},"geometry":{"type":"LineString","coordinates":[[4522.6,514.9],[4522.6,519.2],[4536.5,517.3],[4522.6,514.9]]}},{"type":"Feature","properties":{"id":"p:texto-negro:1779","n":6,"sc":"#ffffff","fc":"#ffffff"},"geometry":{"type":"MultiLineString","coordinates":[[[4001.3,498.6],[4001.3,514.9],[4054.1,498.6],[4001.3,498.6]],[[4001.3,514.9],[4054.1,498.6],[4054.1,514.9],[4001.3,514.9]]]}},{"type":"Feature","properties":{"id":"p:texto-negro:1780","n":1,"sc":"#000000"},"geometry":{"type":"LineString","coordinates":[[3522.2,848],[3592.3,848]]}},{"type":"Feature","properties":{"id":"p:texto-negro:1781","n":1,"sc":"#000000"},"geometry":{"type":"LineString","coordinates":[[3584.6,695.8],[3578.9,695.8]]}},{"type":"Feature","properties":{"id":"p:texto-negro:1782","n":1,"sc":"#000000"},"geometry":{"type":"LineString","coordinates":[[3585.6,834.6],[3585.6,709.3]]}},{"type":"Feature","properties":{"id":"p:texto-negro:1783","n":3,"sc":"#000000","fc":"#000000"},"geometry":{"type":"LineString","coordinates":[[3583.2,834.6],[3588,834.6],[3585.6,848],[3583.2,834.6]]}},{"type":"Feature","properties":{"id":"p:texto-negro:1784","n":3,"sc":"#000000","fc":"#000000"},"geometry":{"type":"LineString","coordinates":[[3583.2,709.3],[3588,709.3],[3585.6,695.8],[3583.2,709.3]]}},{"type":"Feature","properties":{"id":"p:texto-negro:1785","n":6,"sc":"#ffffff","fc":"#ffffff"},"geometry":{"type":"MultiLineString","coordinates":[[[3566.9,793.8],[3583.7,793.8],[3566.9,750.1],[3566.9,793.8]],[[3583.7,793.8],[3566.9,750.1],[3583.7,750.1],[3583.7,793.8]]]}},{"type":"Feature","properties":{"id":"p:texto-negro:1786","n":1,"sc":"#000000"},"geometry":{"type":"LineString","coordinates":[[2028.5,692.5],[2028.5,510.1]]}},{"type":"Feature","properties":{"id":"p:texto-negro:1787","n":1,"sc":"#000000"},"geometry":{"type":"LineString","coordinates":[[2319.8,692.5],[2319.8,510.1]]}},{"type":"Feature","properties":{"id":"p:texto-negro:1788","n":1,"sc":"#000000"},"geometry":{"type":"LineString","coordinates":[[2041.9,517.3],[2306.4,517.3]]}},{"type":"Feature","properties":{"id":"p:texto-negro:1789","n":3,"sc":"#000000","fc":"#000000"},"geometry":{"type":"LineString","coordinates":[[2041.9,514.9],[2041.9,519.2],[2028.5,517.3],[2041.9,514.9]]}},{"type":"Feature","properties":{"id":"p:texto-negro:1790","n":3,"sc":"#000000","fc":"#000000"},"geometry":{"type":"LineString","coordinates":[[2306.4,514.9],[2306.4,519.2],[2319.8,517.3],[2306.4,514.9]]}},{"type":"Feature","properties":{"id":"p:texto-negro:1791","n":6,"sc":"#ffffff","fc":"#ffffff"},"geometry":{"type":"MultiLineString","coordinates":[[[2152.8,498.6],[2152.8,514.9],[2196,498.6],[2152.8,498.6]],[[2152.8,514.9],[2196,498.6],[2196,514.9],[2152.8,514.9]]]}},{"type":"Feature","properties":{"id":"p:texto-negro:1792","n":1,"sc":"#000000"},"geometry":{"type":"LineString","coordinates":[[2319.8,692.5],[2319.8,510.1]]}},{"type":"Feature","properties":{"id":"p:texto-negro:1793","n":1,"sc":"#000000"},"geometry":{"type":"LineString","coordinates":[[2456.2,692.5],[2456.2,510.1]]}},{"type":"Feature","properties":{"id":"p:texto-negro:1794","n":1,"sc":"#000000"},"geometry":{"type":"LineString","coordinates":[[2333.8,517.3],[2442.2,517.3]]}},{"type":"Feature","properties":{"id":"p:texto-negro:1795","n":3,"sc":"#000000","fc":"#000000"},"geometry":{"type":"LineString","coordinates":[[2333.8,514.9],[2333.8,519.2],[2319.8,517.3],[2333.8,514.9]]}},{"type":"Feature","properties":{"id":"p:texto-negro:1796","n":3,"sc":"#000000","fc":"#000000"},"geometry":{"type":"LineString","coordinates":[[2442.2,514.9],[2442.2,519.2],[2456.2,517.3],[2442.2,514.9]]}},{"type":"Feature","properties":{"id":"p:texto-negro:1797","n":6,"sc":"#ffffff","fc":"#ffffff"},"geometry":{"type":"MultiLineString","coordinates":[[[2366.4,498.6],[2366.4,514.9],[2409.6,498.6],[2366.4,498.6]],[[2366.4,514.9],[2409.6,498.6],[2409.6,514.9],[2366.4,514.9]]]}},{"type":"Feature","properties":{"id":"p:texto-negro:1798","n":1,"sc":"#000000"},"geometry":{"type":"LineString","coordinates":[[2559.4,692.5],[2559.4,510.1]]}},{"type":"Feature","properties":{"id":"p:texto-negro:1799","n":1,"sc":"#000000"},"geometry":{"type":"LineString","coordinates":[[2589.6,692.5],[2589.6,510.1]]}},{"type":"Feature","properties":{"id":"p:texto-negro:1800","n":1,"sc":"#000000"},"geometry":{"type":"LineString","coordinates":[[2545.9,517.3],[2532,517.3]]}},{"type":"Feature","properties":{"id":"p:texto-negro:1801","n":1,"sc":"#000000"},"geometry":{"type":"LineString","coordinates":[[2603.0,517.3],[2617.0,517.3]]}},{"type":"Feature","properties":{"id":"p:texto-negro:1802","n":1,"sc":"#000000"},"geometry":{"type":"LineString","coordinates":[[2559.4,517.3],[2589.6,517.3]]}},{"type":"Feature","properties":{"id":"p:texto-negro:1803","n":3,"sc":"#000000","fc":"#000000"},"geometry":{"type":"LineString","coordinates":[[2545.9,514.9],[2545.9,519.2],[2559.4,517.3],[2545.9,514.9]]}},{"type":"Feature","properties":{"id":"p:texto-negro:1804","n":3,"sc":"#000000","fc":"#000000"},"geometry":{"type":"LineString","coordinates":[[2603.0,514.9],[2603.0,519.2],[2589.6,517.3],[2603.0,514.9]]}},{"type":"Feature","properties":{"id":"p:texto-negro:1805","n":6,"sc":"#ffffff","fc":"#ffffff"},"geometry":{"type":"MultiLineString","coordinates":[[[2557.9,498.6],[2557.9,514.9],[2591.0,498.6],[2557.9,498.6]],[[2557.9,514.9],[2591.0,498.6],[2591.0,514.9],[2557.9,514.9]]]}},{"type":"Feature","properties":{"id":"p:texto-negro:1806","n":1,"sc":"#000000"},"geometry":{"type":"LineString","coordinates":[[2589.6,692.5],[2589.6,510.1]]}},{"type":"Feature","properties":{"id":"p:texto-negro:1807","n":1,"sc":"#000000"},"geometry":{"type":"LineString","coordinates":[[3176.2,692.5],[3176.2,510.1]]}},{"type":"Feature","properties":{"id":"p:texto-negro:1808","n":1,"sc":"#000000"},"geometry":{"type":"LineString","coordinates":[[2603.0,517.3],[3162.7,517.3]]}},{"type":"Feature","properties":{"id":"p:texto-negro:1809","n":3,"sc":"#000000","fc":"#000000"},"geometry":{"type":"LineString","coordinates":[[2603.0,514.9],[2603.0,519.2],[2589.6,517.3],[2603.0,514.9]]}},{"type":"Feature","properties":{"id":"p:texto-negro:1810","n":3,"sc":"#000000","fc":"#000000"},"geometry":{"type":"LineString","coordinates":[[3162.7,514.9],[3162.7,519.2],[3176.2,517.3],[3162.7,514.9]]}},{"type":"Feature","properties":{"id":"p:texto-negro:1811","n":6,"sc":"#ffffff","fc":"#ffffff"},"geometry":{"type":"MultiLineString","coordinates":[[[2856.5,498.6],[2856.5,514.9],[2909.3,498.6],[2856.5,498.6]],[[2856.5,514.9],[2909.3,498.6],[2909.3,514.9],[2856.5,514.9]]]}},{"type":"Feature","properties":{"id":"p:texto-negro:1812","n":1,"sc":"#000000"},"geometry":{"type":"LineString","coordinates":[[3152.6,676.2],[3152.6,543.7]]}},{"type":"Feature","properties":{"id":"p:texto-negro:1813","n":1,"sc":"#000000"},"geometry":{"type":"LineString","coordinates":[[2983.7,547.0],[2983.7,543.7]]}},{"type":"Feature","properties":{"id":"p:texto-negro:1814","n":1,"sc":"#000000"},"geometry":{"type":"LineString","coordinates":[[3138.7,550.4],[2997.6,550.4]]}},{"type":"Feature","properties":{"id":"p:texto-negro:1815","n":3,"sc":"#000000","fc":"#000000"},"geometry":{"type":"LineString","coordinates":[[3138.7,548.5],[3138.7,552.8],[3152.6,550.4],[3138.7,548.5]]}},{"type":"Feature","properties":{"id":"p:texto-negro:1816","n":3,"sc":"#000000","fc":"#000000"},"geometry":{"type":"LineString","coordinates":[[2997.6,548.5],[2997.6,552.8],[2983.7,550.4],[2997.6,548.5]]}},{"type":"Feature","properties":{"id":"p:texto-negro:1817","n":6,"sc":"#ffffff","fc":"#ffffff"},"geometry":{"type":"MultiLineString","coordinates":[[[3041.3,532.2],[3041.3,548.5],[3084.5,532.2],[3041.3,532.2]],[[3041.3,548.5],[3084.5,532.2],[3084.5,548.5],[3041.3,548.5]]]}},{"type":"Feature","properties":{"id":"p:texto-negro:1818","n":1,"sc":"#000000"},"geometry":{"type":"LineString","coordinates":[[2983.7,676.2],[2983.7,543.7]]}},{"type":"Feature","properties":{"id":"p:texto-negro:1819","n":1,"sc":"#000000"},"geometry":{"type":"LineString","coordinates":[[2878.1,583.5],[2878.1,543.7]]}},{"type":"Feature","properties":{"id":"p:texto-negro:1820","n":1,"sc":"#000000"},"geometry":{"type":"LineString","coordinates":[[2970.2,550.4],[2891.5,550.4]]}},{"type":"Feature","properties":{"id":"p:texto-negro:1821","n":3,"sc":"#000000","fc":"#000000"},"geometry":{"type":"LineString","coordinates":[[2970.2,548.5],[2970.2,552.8],[2983.7,550.4],[2970.2,548.5]]}},{"type":"Feature","properties":{"id":"p:texto-negro:1822","n":3,"sc":"#000000","fc":"#000000"},"geometry":{"type":"LineString","coordinates":[[2891.5,548.5],[2891.5,552.8],[2878.1,550.4],[2891.5,548.5]]}},{"type":"Feature","properties":{"id":"p:texto-negro:1823","n":6,"sc":"#ffffff","fc":"#ffffff"},"geometry":{"type":"MultiLineString","coordinates":[[[2909.8,532.2],[2909.8,548.5],[2952,532.2],[2909.8,532.2]],[[2909.8,548.5],[2952,532.2],[2952,548.5],[2909.8,548.5]]]}},{"type":"Feature","properties":{"id":"p:texto-negro:1824","n":1,"sc":"#000000"},"geometry":{"type":"LineString","coordinates":[[2878.1,588.3],[2878.1,543.7]]}},{"type":"Feature","properties":{"id":"p:texto-negro:1825","n":1,"sc":"#000000"},"geometry":{"type":"LineString","coordinates":[[2840.2,583.5],[2840.2,543.7]]}},{"type":"Feature","properties":{"id":"p:texto-negro:1826","n":1,"sc":"#000000"},"geometry":{"type":"LineString","coordinates":[[2864.2,550.4],[2853.6,550.4]]}},{"type":"Feature","properties":{"id":"p:texto-negro:1827","n":3,"sc":"#000000","fc":"#000000"},"geometry":{"type":"LineString","coordinates":[[2864.2,548.5],[2864.2,552.8],[2878.1,550.4],[2864.2,548.5]]}},{"type":"Feature","properties":{"id":"p:texto-negro:1828","n":3,"sc":"#000000","fc":"#000000"},"geometry":{"type":"LineString","coordinates":[[2853.6,548.5],[2853.6,552.8],[2840.2,550.4],[2853.6,548.5]]}},{"type":"Feature","properties":{"id":"p:texto-negro:1829","n":6,"sc":"#ffffff","fc":"#ffffff"},"geometry":{"type":"MultiLineString","coordinates":[[[2844.5,532.2],[2844.5,548.5],[2877.1,532.2],[2844.5,532.2]],[[2844.5,548.5],[2877.1,532.2],[2877.1,548.5],[2844.5,548.5]]]}},{"type":"Feature","properties":{"id":"p:texto-negro:1830","n":1,"sc":"#000000"},"geometry":{"type":"LineString","coordinates":[[2840.2,582.6],[2840.2,543.7]]}},{"type":"Feature","properties":{"id":"p:texto-negro:1831","n":1,"sc":"#000000"},"geometry":{"type":"LineString","coordinates":[[2793.6,676.2],[2793.6,543.7]]}},{"type":"Feature","properties":{"id":"p:texto-negro:1832","n":1,"sc":"#000000"},"geometry":{"type":"LineString","coordinates":[[2826.2,550.4],[2807.5,550.4]]}},{"type":"Feature","properties":{"id":"p:texto-negro:1833","n":3,"sc":"#000000","fc":"#000000"},"geometry":{"type":"LineString","coordinates":[[2826.2,548.5],[2826.2,552.8],[2840.2,550.4],[2826.2,548.5]]}},{"type":"Feature","properties":{"id":"p:texto-negro:1834","n":3,"sc":"#000000","fc":"#000000"},"geometry":{"type":"LineString","coordinates":[[2807.5,548.5],[2807.5,552.8],[2793.6,550.4],[2807.5,548.5]]}},{"type":"Feature","properties":{"id":"p:texto-negro:1835","n":6,"sc":"#ffffff","fc":"#ffffff"},"geometry":{"type":"MultiLineString","coordinates":[[[2800.3,532.2],[2800.3,548.5],[2833.4,532.2],[2800.3,532.2]],[[2800.3,548.5],[2833.4,532.2],[2833.4,548.5],[2800.3,548.5]]]}},{"type":"Feature","properties":{"id":"p:texto-negro:1836","n":1,"sc":"#000000"},"geometry":{"type":"LineString","coordinates":[[2668.8,1133.6],[2668.8,1197.9]]}},{"type":"Feature","properties":{"id":"p:texto-negro:1837","n":1,"sc":"#000000"},"geometry":{"type":"LineString","coordinates":[[2793.6,1030.9],[2793.6,1197.9]]}},{"type":"Feature","properties":{"id":"p:texto-negro:1838","n":1,"sc":"#000000"},"geometry":{"type":"LineString","coordinates":[[2682.2,1191.2],[2780.2,1191.2]]}},{"type":"Feature","properties":{"id":"p:texto-negro:1839","n":3,"sc":"#000000","fc":"#000000"},"geometry":{"type":"LineString","coordinates":[[2682.2,1188.8],[2682.2,1193.1],[2668.8,1191.2],[2682.2,1188.8]]}},{"type":"Feature","properties":{"id":"p:texto-negro:1840","n":3,"sc":"#000000","fc":"#000000"},"geometry":{"type":"LineString","coordinates":[[2780.2,1188.8],[2780.2,1193.1],[2793.6,1191.2],[2780.2,1188.8]]}},{"type":"Feature","properties":{"id":"p:texto-negro:1841","n":6,"sc":"#ffffff","fc":"#ffffff"},"geometry":{"type":"MultiLineString","coordinates":[[[2709.6,1172.5],[2709.6,1188.8],[2752.8,1172.5],[2709.6,1172.5]],[[2709.6,1188.8],[2752.8,1172.5],[2752.8,1188.8],[2709.6,1188.8]]]}},{"type":"Feature","properties":{"id":"p:texto-negro:1842","n":1,"sc":"#000000"},"geometry":{"type":"LineString","coordinates":[[2614.6,1066.4],[2614.6,1197.9]]}},{"type":"Feature","properties":{"id":"p:texto-negro:1843","n":1,"sc":"#000000"},"geometry":{"type":"LineString","coordinates":[[2668.8,1133.6],[2668.8,1197.9]]}},{"type":"Feature","properties":{"id":"p:texto-negro:1844","n":1,"sc":"#000000"},"geometry":{"type":"LineString","coordinates":[[2628,1191.2],[2654.9,1191.2]]}},{"type":"Feature","properties":{"id":"p:texto-negro:1845","n":3,"sc":"#000000","fc":"#000000"},"geometry":{"type":"LineString","coordinates":[[2628,1188.8],[2628,1193.1],[2614.6,1191.2],[2628,1188.8]]}},{"type":"Feature","properties":{"id":"p:texto-negro:1846","n":3,"sc":"#000000","fc":"#000000"},"geometry":{"type":"LineString","coordinates":[[2654.9,1188.8],[2654.9,1193.1],[2668.8,1191.2],[2654.9,1188.8]]}},{"type":"Feature","properties":{"id":"p:texto-negro:1847","n":6,"sc":"#ffffff","fc":"#ffffff"},"geometry":{"type":"MultiLineString","coordinates":[[[2620.3,1172.5],[2620.3,1188.8],[2662.6,1172.5],[2620.3,1172.5]],[[2620.3,1188.8],[2662.6,1172.5],[2662.6,1188.8],[2620.3,1188.8]]]}},{"type":"Feature","properties":{"id":"p:texto-negro:1848","n":1,"sc":"#000000"},"geometry":{"type":"LineString","coordinates":[[2614.6,1066.4],[2614.6,1197.9]]}},{"type":"Feature","properties":{"id":"p:texto-negro:1849","n":1,"sc":"#000000"},"geometry":{"type":"LineString","coordinates":[[2478.2,1066.4],[2478.2,1197.9]]}},{"type":"Feature","properties":{"id":"p:texto-negro:1850","n":1,"sc":"#000000"},"geometry":{"type":"LineString","coordinates":[[2600.6,1191.2],[2491.7,1191.2]]}},{"type":"Feature","properties":{"id":"p:texto-negro:1851","n":3,"sc":"#000000","fc":"#000000"},"geometry":{"type":"LineString","coordinates":[[2600.6,1188.8],[2600.6,1193.1],[2614.6,1191.2],[2600.6,1188.8]]}},{"type":"Feature","properties":{"id":"p:texto-negro:1852","n":3,"sc":"#000000","fc":"#000000"},"geometry":{"type":"LineString","coordinates":[[2491.7,1188.8],[2491.7,1193.1],[2478.2,1191.2],[2491.7,1188.8]]}},{"type":"Feature","properties":{"id":"p:texto-negro:1853","n":6,"sc":"#ffffff","fc":"#ffffff"},"geometry":{"type":"MultiLineString","coordinates":[[[2524.8,1172.5],[2524.8,1188.8],[2568,1172.5],[2524.8,1172.5]],[[2524.8,1188.8],[2568,1172.5],[2568,1188.8],[2524.8,1188.8]]]}},{"type":"Feature","properties":{"id":"p:texto-negro:1854","n":1,"sc":"#000000"},"geometry":{"type":"LineString","coordinates":[[2478.2,1066.4],[2478.2,1197.4]]}},{"type":"Feature","properties":{"id":"p:texto-negro:1855","n":1,"sc":"#000000"},"geometry":{"type":"LineString","coordinates":[[2342.4,1066.4],[2342.4,1197.4]]}},{"type":"Feature","properties":{"id":"p:texto-negro:1856","n":1,"sc":"#000000"},"geometry":{"type":"LineString","coordinates":[[2464.8,1190.7],[2355.8,1190.7]]}},{"type":"Feature","properties":{"id":"p:texto-negro:1857","n":3,"sc":"#000000","fc":"#000000"},"geometry":{"type":"LineString","coordinates":[[2464.8,1188.8],[2464.8,1193.1],[2478.2,1190.7],[2464.8,1188.8]]}},{"type":"Feature","properties":{"id":"p:texto-negro:1858","n":3,"sc":"#000000","fc":"#000000"},"geometry":{"type":"LineString","coordinates":[[2355.8,1188.8],[2355.8,1193.1],[2342.4,1190.7],[2355.8,1188.8]]}},{"type":"Feature","properties":{"id":"p:texto-negro:1859","n":6,"sc":"#ffffff","fc":"#ffffff"},"geometry":{"type":"MultiLineString","coordinates":[[[2388.5,1172],[2388.5,1188.8],[2432.2,1172],[2388.5,1172]],[[2388.5,1188.8],[2432.2,1172],[2432.2,1188.8],[2388.5,1188.8]]]}},{"type":"Feature","properties":{"id":"p:texto-negro:1860","n":1,"sc":"#000000"},"geometry":{"type":"LineString","coordinates":[[2341.9,1054.9],[2341.9,1197.9]]}},{"type":"Feature","properties":{"id":"p:texto-negro:1861","n":1,"sc":"#000000"},"geometry":{"type":"LineString","coordinates":[[2277.1,737.6],[2277.1,1197.9]]}},{"type":"Feature","properties":{"id":"p:texto-negro:1862","n":1,"sc":"#000000"},"geometry":{"type":"LineString","coordinates":[[2328.5,1191.2],[2290.6,1191.2]]}},{"type":"Feature","properties":{"id":"p:texto-negro:1863","n":3,"sc":"#000000","fc":"#000000"},"geometry":{"type":"LineString","coordinates":[[2328.5,1188.8],[2328.5,1193.1],[2341.9,1191.2],[2328.5,1188.8]]}},{"type":"Feature","properties":{"id":"p:texto-negro:1864","n":3,"sc":"#000000","fc":"#000000"},"geometry":{"type":"LineString","coordinates":[[2290.6,1188.8],[2290.6,1193.1],[2277.1,1191.2],[2290.6,1188.8]]}},{"type":"Feature","properties":{"id":"p:texto-negro:1865","n":6,"sc":"#ffffff","fc":"#ffffff"},"geometry":{"type":"MultiLineString","coordinates":[[[2288.6,1172.5],[2288.6,1188.8],[2330.4,1172.5],[2288.6,1172.5]],[[2288.6,1188.8],[2330.4,1172.5],[2330.4,1188.8],[2288.6,1188.8]]]}},{"type":"Feature","properties":{"id":"p:texto-negro:1866","n":1,"sc":"#000000"},"geometry":{"type":"LineString","coordinates":[[2277.1,1101.9],[2277.1,1098.6]]}},{"type":"Feature","properties":{"id":"p:texto-negro:1867","n":1,"sc":"#000000"},"geometry":{"type":"LineString","coordinates":[[2012.2,1103.8],[2012.2,1098.6]]}},{"type":"Feature","properties":{"id":"p:texto-negro:1868","n":1,"sc":"#000000"},"geometry":{"type":"LineString","coordinates":[[2263.2,1105.3],[2025.6,1105.3]]}},{"type":"Feature","properties":{"id":"p:texto-negro:1869","n":3,"sc":"#000000","fc":"#000000"},"geometry":{"type":"LineString","coordinates":[[2263.2,1102.9],[2263.2,1107.2],[2277.1,1105.3],[2263.2,1102.9]]}},{"type":"Feature","properties":{"id":"p:texto-negro:1870","n":3,"sc":"#000000","fc":"#000000"},"geometry":{"type":"LineString","coordinates":[[2025.6,1102.9],[2025.6,1107.2],[2012.2,1105.3],[2025.6,1102.9]]}},{"type":"Feature","properties":{"id":"p:texto-negro:1871","n":6,"sc":"#ffffff","fc":"#ffffff"},"geometry":{"type":"MultiLineString","coordinates":[[[2122.6,1086.6],[2122.6,1102.9],[2166.7,1086.6],[2122.6,1086.6]],[[2122.6,1102.9],[2166.7,1086.6],[2166.7,1102.9],[2122.6,1102.9]]]}},{"type":"Feature","properties":{"id":"p:texto-negro:1872","n":1,"sc":"#000000"},"geometry":{"type":"LineString","coordinates":[[2980.3,810.1],[2943.4,810.1]]}},{"type":"Feature","properties":{"id":"p:texto-negro:1873","n":1,"sc":"#000000"},"geometry":{"type":"LineString","coordinates":[[2953.4,679.5],[2956.8,679.5]]}},{"type":"Feature","properties":{"id":"p:texto-negro:1874","n":1,"sc":"#000000"},"geometry":{"type":"LineString","coordinates":[[2950.1,796.6],[2950.1,693.0]]}},{"type":"Feature","properties":{"id":"p:texto-negro:1875","n":3,"sc":"#000000","fc":"#000000"},"geometry":{"type":"LineString","coordinates":[[2947.7,796.6],[2952,796.6],[2950.1,810.1],[2947.7,796.6]]}},{"type":"Feature","properties":{"id":"p:texto-negro:1876","n":3,"sc":"#000000","fc":"#000000"},"geometry":{"type":"LineString","coordinates":[[2947.7,693.0],[2952,693.0],[2950.1,679.5],[2947.7,693.0]]}},{"type":"Feature","properties":{"id":"p:texto-negro:1877","n":6,"sc":"#ffffff","fc":"#ffffff"},"geometry":{"type":"MultiLineString","coordinates":[[[2931.4,766.4],[2947.7,766.4],[2931.4,723.2],[2931.4,766.4]],[[2947.7,766.4],[2931.4,723.2],[2947.7,723.2],[2947.7,766.4]]]}},{"type":"Feature","properties":{"id":"p:texto-negro:1878","n":1,"sc":"#000000"},"geometry":{"type":"LineString","coordinates":[[2790.2,1027.5],[2756.6,1027.5]]}},{"type":"Feature","properties":{"id":"p:texto-negro:1879","n":1,"sc":"#000000"},"geometry":{"type":"LineString","coordinates":[[2790.2,679.5],[2756.6,679.5]]}},{"type":"Feature","properties":{"id":"p:texto-negro:1880","n":1,"sc":"#000000"},"geometry":{"type":"LineString","coordinates":[[2763.8,1014.1],[2763.8,693.0]]}},{"type":"Feature","properties":{"id":"p:texto-negro:1881","n":3,"sc":"#000000","fc":"#000000"},"geometry":{"type":"LineString","coordinates":[[2761.4,1014.1],[2765.8,1014.1],[2763.8,1027.5],[2761.4,1014.1]]}},{"type":"Feature","properties":{"id":"p:texto-negro:1882","n":3,"sc":"#000000","fc":"#000000"},"geometry":{"type":"LineString","coordinates":[[2761.4,693.0],[2765.8,693.0],[2763.8,679.5],[2761.4,693.0]]}},{"type":"Feature","properties":{"id":"p:texto-negro:1883","n":6,"sc":"#ffffff","fc":"#ffffff"},"geometry":{"type":"MultiLineString","coordinates":[[[2745.1,875.4],[2761.4,875.4],[2745.1,831.7],[2745.1,875.4]],[[2761.4,875.4],[2745.1,831.7],[2761.4,831.7],[2761.4,875.4]]]}},{"type":"Feature","properties":{"id":"p:texto-negro:1884","n":1,"sc":"#000000"},"geometry":{"type":"LineString","coordinates":[[3234.2,1043.4],[3234.2,1077.9]]}},{"type":"Feature","properties":{"id":"p:texto-negro:1885","n":1,"sc":"#000000"},"geometry":{"type":"LineString","coordinates":[[3152.6,1043.4],[3152.6,1077.9]]}},{"type":"Feature","properties":{"id":"p:texto-negro:1886","n":1,"sc":"#000000"},"geometry":{"type":"LineString","coordinates":[[3220.8,1071.2],[3166.1,1071.2]]}},{"type":"Feature","properties":{"id":"p:texto-negro:1887","n":3,"sc":"#000000","fc":"#000000"},"geometry":{"type":"LineString","coordinates":[[3220.8,1068.8],[3220.8,1073.1],[3234.2,1071.2],[3220.8,1068.8]]}},{"type":"Feature","properties":{"id":"p:texto-negro:1888","n":3,"sc":"#000000","fc":"#000000"},"geometry":{"type":"LineString","coordinates":[[3166.1,1068.8],[3166.1,1073.1],[3152.6,1071.2],[3166.1,1068.8]]}},{"type":"Feature","properties":{"id":"p:texto-negro:1889","n":6,"sc":"#ffffff","fc":"#ffffff"},"geometry":{"type":"MultiLineString","coordinates":[[[3181.9,1052.5],[3181.9,1068.8],[3224.2,1052.5],[3181.9,1052.5]],[[3181.9,1068.8],[3224.2,1052.5],[3224.2,1068.8],[3181.9,1068.8]]]}},{"type":"Feature","properties":{"id":"p:texto-negro:1890","n":1,"sc":"#000000"},"geometry":{"type":"LineString","coordinates":[[3234.2,1110.6],[3234.2,1169.6]]}},{"type":"Feature","properties":{"id":"p:texto-negro:1891","n":1,"sc":"#000000"},"geometry":{"type":"LineString","coordinates":[[3152.6,1110.1],[3152.6,1169.6]]}},{"type":"Feature","properties":{"id":"p:texto-negro:1892","n":1,"sc":"#000000"},"geometry":{"type":"LineString","coordinates":[[3220.8,1162.4],[3166.1,1162.4]]}},{"type":"Feature","properties":{"id":"p:texto-negro:1893","n":3,"sc":"#000000","fc":"#000000"},"geometry":{"type":"LineString","coordinates":[[3220.8,1160.5],[3220.8,1164.8],[3234.2,1162.4],[3220.8,1160.5]]}},{"type":"Feature","properties":{"id":"p:texto-negro:1894","n":3,"sc":"#000000","fc":"#000000"},"geometry":{"type":"LineString","coordinates":[[3166.1,1160.5],[3166.1,1164.8],[3152.6,1162.4],[3166.1,1160.5]]}},{"type":"Feature","properties":{"id":"p:texto-negro:1895","n":6,"sc":"#ffffff","fc":"#ffffff"},"geometry":{"type":"MultiLineString","coordinates":[[[3182.4,1144.2],[3182.4,1160.5],[3224.6,1144.2],[3182.4,1144.2]],[[3182.4,1160.5],[3224.6,1144.2],[3224.6,1160.5],[3182.4,1160.5]]]}},{"type":"Feature","properties":{"id":"p:texto-negro:1896","n":1,"sc":"#000000"},"geometry":{"type":"LineString","coordinates":[[3268.3,996.8],[3268.3,1007.4]]}},{"type":"Feature","properties":{"id":"p:texto-negro:1897","n":1,"sc":"#000000"},"geometry":{"type":"LineString","coordinates":[[3275.5,996.8],[3275.5,1007.4]]}},{"type":"Feature","properties":{"id":"p:texto-negro:1898","n":1,"sc":"#000000"},"geometry":{"type":"LineString","coordinates":[[3268.3,1002.1],[3275.5,1002.1]]}},{"type":"Feature","properties":{"id":"p:texto-negro:1899","n":12,"sc":"#000000"},"geometry":{"type":"LineString","coordinates":[[3279.4,1007.4],[3279.4,996.8],[3283.2,996.8],[3284.6,997.3],[3285.6,998.2],[3286.1,999.7],[3286.6,1001.1],[3286.6,1003.5],[3286.1,1005.0],[3285.6,1005.9],[3284.6,1006.9],[3282.7,1007.4],[3279.4,1007.4]]}},{"type":"Feature","properties":{"id":"p:texto-negro:1900","n":10,"sc":"#000000"},"geometry":{"type":"LineString","coordinates":[[3289.9,1007.4],[3289.9,996.8],[3294.7,996.8],[3296.2,997.3],[3296.6,997.8],[3297.1,999.2],[3297.1,1000.6],[3296.6,1001.6],[3296.2,1002.1],[3294.7,1002.6],[3289.9,1002.6]]}},{"type":"Feature","properties":{"id":"p:texto-negro:1901","n":2,"sc":"#000000"},"geometry":{"type":"LineString","coordinates":[[3300.5,1007.4],[3300.5,996.8],[3307.2,996.8]]}},{"type":"Feature","properties":{"id":"p:texto-negro:1902","n":1,"sc":"#000000"},"geometry":{"type":"LineString","coordinates":[[3300.5,1002.1],[3304.8,1002.1]]}},{"type":"Feature","properties":{"id":"p:texto-negro:1903","n":1,"sc":"#000000"},"geometry":{"type":"LineString","coordinates":[[3300.5,1007.4],[3307.2,1007.4]]}},{"type":"Feature","properties":{"id":"p:texto-negro:1904","n":12,"sc":"#000000"},"geometry":{"type":"LineString","coordinates":[[3320.6,1007.4],[3320.6,996.8],[3324.5,996.8],[3325.9,997.3],[3326.9,998.7],[3327.4,999.7],[3327.8,1001.1],[3327.8,1003.5],[3327.4,1005.0],[3326.9,1005.9],[3325.9,1006.9],[3324.5,1007.4],[3320.6,1007.4]]}},{"type":"Feature","properties":{"id":"p:texto-negro:1905","n":3,"sc":"#000000"},"geometry":{"type":"LineString","coordinates":[[3331.2,1007.4],[3331.2,996.8],[3338.4,1007.4],[3338.4,996.8]]}},{"type":"Feature","properties":{"id":"p:texto-negro:1906","n":13,"sc":"#000000"},"geometry":{"type":"LineString","coordinates":[[3353.3,999.7],[3353.3,999.2],[3353.8,997.8],[3354.2,997.3],[3355.2,996.8],[3357.1,996.8],[3358.1,997.3],[3358.6,997.8],[3359.0,999.2],[3359.0,1000.2],[3358.6,1001.1],[3357.6,1002.6],[3352.3,1007.4],[3359.5,1007.4]]}},{"type":"Feature","properties":{"id":"p:texto-negro:1907","n":16,"sc":"#000000"},"geometry":{"type":"LineString","coordinates":[[3368.6,996.8],[3363.8,996.8],[3363.4,1001.6],[3363.8,1001.1],[3365.3,1000.6],[3366.7,1000.6],[3368.2,1001.1],[3369.1,1002.1],[3369.6,1003.5],[3369.6,1004.5],[3369.1,1005.9],[3368.2,1006.9],[3366.7,1007.4],[3365.3,1007.4],[3363.8,1006.9],[3363.4,1006.4],[3362.4,1005.4]]}},{"type":"Feature","properties":{"id":"p:texto-negro:1908","n":10,"sc":"#000000"},"geometry":{"type":"LineString","coordinates":[[3384,1007.4],[3384,996.8],[3388.3,996.8],[3389.8,997.3],[3390.2,998.2],[3390.7,999.2],[3390.7,1000.6],[3390.2,1001.6],[3389.8,1002.1],[3388.3,1002.6],[3384,1002.6]]}},{"type":"Feature","properties":{"id":"p:texto-negro:1909","n":3,"sc":"#000000"},"geometry":{"type":"LineString","coordinates":[[3394.6,1007.4],[3394.6,996.8],[3401.3,1007.4],[3401.3,996.8]]}},{"type":"Feature","properties":{"id":"p:texto-negro:1910","n":3,"sc":"#000000"},"geometry":{"type":"LineString","coordinates":[[3417.1,999.2],[3418.1,998.7],[3419.5,996.8],[3419.5,1007.8]]}},{"type":"Feature","properties":{"id":"p:texto-negro:1911","n":16,"sc":"#000000"},"geometry":{"type":"LineString","coordinates":[[3428.6,996.8],[3427.2,997.8],[3426.2,999.2],[3425.8,1001.6],[3425.8,1003.0],[3426.2,1005.4],[3427.2,1006.9],[3428.6,1007.8],[3429.6,1007.8],[3431.0,1006.9],[3432,1005.4],[3432.5,1003.0],[3432.5,1001.6],[3432,999.2],[3431.0,997.8],[3429.6,996.8],[3428.6,996.8]]}},{"type":"Feature","properties":{"id":"p:texto-negro:1912","n":2,"sc":"#000000"},"geometry":{"type":"LineString","coordinates":[[3210.7,1036.2],[3225.1,1009.3],[3434.9,1009.3]]}},{"type":"Feature","properties":{"id":"p:texto-negro:1913","n":1,"sc":"#000000"},"geometry":{"type":"LineString","coordinates":[[2198.9,695.8],[2202.7,695.8]]}},{"type":"Feature","properties":{"id":"p:texto-negro:1914","n":1,"sc":"#000000"},"geometry":{"type":"LineString","coordinates":[[2338.6,1063.0],[2188.8,1063.0]]}},{"type":"Feature","properties":{"id":"p:texto-negro:1915","n":1,"sc":"#000000"},"geometry":{"type":"LineString","coordinates":[[2195.5,709.3],[2195.5,1049.6]]}},{"type":"Feature","properties":{"id":"p:texto-negro:1916","n":3,"sc":"#000000","fc":"#000000"},"geometry":{"type":"LineString","coordinates":[[2193.6,709.3],[2197.9,709.3],[2195.5,695.8],[2193.6,709.3]]}},{"type":"Feature","properties":{"id":"p:texto-negro:1917","n":3,"sc":"#000000","fc":"#000000"},"geometry":{"type":"LineString","coordinates":[[2193.6,1049.6],[2197.9,1049.6],[2195.5,1063.0],[2193.6,1049.6]]}},{"type":"Feature","properties":{"id":"p:texto-negro:1918","n":6,"sc":"#ffffff","fc":"#ffffff"},"geometry":{"type":"MultiLineString","coordinates":[[[2177.3,901.3],[2193.6,901.3],[2177.3,857.6],[2177.3,901.3]],[[2193.6,901.3],[2177.3,857.6],[2193.6,857.6],[2193.6,901.3]]]}},{"type":"Feature","properties":{"id":"p:texto-negro:1919","n":1,"sc":"#000000"},"geometry":{"type":"LineString","coordinates":[[2672.2,1130.2],[2704.8,1130.2]]}},{"type":"Feature","properties":{"id":"p:texto-negro:1920","n":1,"sc":"#000000"},"geometry":{"type":"LineString","coordinates":[[2688,679.5],[2704.8,679.5]]}},{"type":"Feature","properties":{"id":"p:texto-negro:1921","n":1,"sc":"#000000"},"geometry":{"type":"LineString","coordinates":[[2698.1,1116.8],[2698.1,693.0]]}},{"type":"Feature","properties":{"id":"p:texto-negro:1922","n":3,"sc":"#000000","fc":"#000000"},"geometry":{"type":"LineString","coordinates":[[2695.7,1116.8],[2700.5,1116.8],[2698.1,1130.2],[2695.7,1116.8]]}},{"type":"Feature","properties":{"id":"p:texto-negro:1923","n":3,"sc":"#000000","fc":"#000000"},"geometry":{"type":"LineString","coordinates":[[2695.7,693.0],[2700.5,693.0],[2698.1,679.5],[2695.7,693.0]]}},{"type":"Feature","properties":{"id":"p:texto-negro:1924","n":6,"sc":"#ffffff","fc":"#ffffff"},"geometry":{"type":"MultiLineString","coordinates":[[[2679.4,926.7],[2696.2,926.7],[2679.4,883.0],[2679.4,926.7]],[[2696.2,926.7],[2679.4,883.0],[2696.2,883.0],[2696.2,926.7]]]}},{"type":"Feature","properties":{"id":"p:texto-negro:1925","n":1,"sc":"#000000"},"geometry":{"type":"LineString","coordinates":[[2556,1131.2],[2529.6,1131.2]]}},{"type":"Feature","properties":{"id":"p:texto-negro:1926","n":1,"sc":"#000000"},"geometry":{"type":"LineString","coordinates":[[2539.2,695.8],[2529.6,695.8]]}},{"type":"Feature","properties":{"id":"p:texto-negro:1927","n":1,"sc":"#000000"},"geometry":{"type":"LineString","coordinates":[[2536.3,1117.3],[2536.3,709.3]]}},{"type":"Feature","properties":{"id":"p:texto-negro:1928","n":3,"sc":"#000000","fc":"#000000"},"geometry":{"type":"LineString","coordinates":[[2534.4,1117.3],[2538.7,1117.3],[2536.3,1131.2],[2534.4,1117.3]]}},{"type":"Feature","properties":{"id":"p:texto-negro:1929","n":3,"sc":"#000000","fc":"#000000"},"geometry":{"type":"LineString","coordinates":[[2534.4,709.3],[2538.7,709.3],[2536.3,695.8],[2534.4,709.3]]}},{"type":"Feature","properties":{"id":"p:texto-negro:1930","n":6,"sc":"#ffffff","fc":"#ffffff"},"geometry":{"type":"MultiLineString","coordinates":[[[2518.1,934.9],[2534.4,934.9],[2518.1,891.7],[2518.1,934.9]],[[2534.4,934.9],[2518.1,891.7],[2534.4,891.7],[2534.4,934.9]]]}},{"type":"Feature","properties":{"id":"p:texto-negro:1931","n":1,"sc":"#000000"},"geometry":{"type":"LineString","coordinates":[[2316.5,864.3],[2218.1,864.3]]}},{"type":"Feature","properties":{"id":"p:texto-negro:1932","n":1,"sc":"#000000"},"geometry":{"type":"LineString","coordinates":[[2228.6,695.8],[2232,695.8]]}},{"type":"Feature","properties":{"id":"p:texto-negro:1933","n":1,"sc":"#000000"},"geometry":{"type":"LineString","coordinates":[[2225.3,850.9],[2225.3,709.3]]}},{"type":"Feature","properties":{"id":"p:texto-negro:1934","n":3,"sc":"#000000","fc":"#000000"},"geometry":{"type":"LineString","coordinates":[[2222.9,850.9],[2227.2,850.9],[2225.3,864.3],[2222.9,850.9]]}},{"type":"Feature","properties":{"id":"p:texto-negro:1935","n":3,"sc":"#000000","fc":"#000000"},"geometry":{"type":"LineString","coordinates":[[2222.9,709.3],[2227.2,709.3],[2225.3,695.8],[2222.9,709.3]]}},{"type":"Feature","properties":{"id":"p:texto-negro:1936","n":6,"sc":"#ffffff","fc":"#ffffff"},"geometry":{"type":"MultiLineString","coordinates":[[[2206.6,801.9],[2222.9,801.9],[2206.6,758.7],[2206.6,801.9]],[[2222.9,801.9],[2206.6,758.7],[2222.9,758.7],[2222.9,801.9]]]}},{"type":"Feature","properties":{"id":"p:texto-negro:1937","n":1,"sc":"#000000"},"geometry":{"type":"LineString","coordinates":[[2273.3,734.2],[2242.6,734.2]]}},{"type":"Feature","properties":{"id":"p:texto-negro:1938","n":1,"sc":"#000000"},"geometry":{"type":"LineString","coordinates":[[2257.9,680],[2242.6,680]]}},{"type":"Feature","properties":{"id":"p:texto-negro:1939","n":1,"sc":"#000000"},"geometry":{"type":"LineString","coordinates":[[2249.3,693.4],[2249.3,720.8]]}},{"type":"Feature","properties":{"id":"p:texto-negro:1940","n":1,"sc":"#000000"},"geometry":{"type":"LineString","coordinates":[[2249.3,734.2],[2249.3,799.0]]}},{"type":"Feature","properties":{"id":"p:texto-negro:1941","n":3,"sc":"#000000","fc":"#000000"},"geometry":{"type":"LineString","coordinates":[[2247.4,693.4],[2251.7,693.4],[2249.3,680],[2247.4,693.4]]}},{"type":"Feature","properties":{"id":"p:texto-negro:1942","n":3,"sc":"#000000","fc":"#000000"},"geometry":{"type":"LineString","coordinates":[[2247.4,720.8],[2251.7,720.8],[2249.3,734.2],[2247.4,720.8]]}},{"type":"Feature","properties":{"id":"p:texto-negro:1943","n":6,"sc":"#ffffff","fc":"#ffffff"},"geometry":{"type":"MultiLineString","coordinates":[[[2230.6,797.1],[2247.4,797.1],[2230.6,755.4],[2230.6,797.1]],[[2247.4,797.1],[2230.6,755.4],[2247.4,755.4],[2247.4,797.1]]]}},{"type":"Feature","properties":{"id":"p:texto-negro:1944","n":1,"sc":"#000000"},"geometry":{"type":"LineString","coordinates":[[3117.1,679.5],[3104.2,679.5]]}},{"type":"Feature","properties":{"id":"p:texto-negro:1945","n":1,"sc":"#000000"},"geometry":{"type":"LineString","coordinates":[[3149.3,1036.2],[3104.2,1036.2]]}},{"type":"Feature","properties":{"id":"p:texto-negro:1946","n":1,"sc":"#000000"},"geometry":{"type":"LineString","coordinates":[[3110.9,693.0],[3110.9,1022.7]]}},{"type":"Feature","properties":{"id":"p:texto-negro:1947","n":3,"sc":"#000000","fc":"#000000"},"geometry":{"type":"LineString","coordinates":[[3108.5,693.0],[3113.3,693.0],[3110.9,679.5],[3108.5,693.0]]}},{"type":"Feature","properties":{"id":"p:texto-negro:1948","n":3,"sc":"#000000","fc":"#000000"},"geometry":{"type":"LineString","coordinates":[[3108.5,1022.7],[3113.3,1022.7],[3110.9,1036.2],[3108.5,1022.7]]}},{"type":"Feature","properties":{"id":"p:texto-negro:1949","n":6,"sc":"#ffffff","fc":"#ffffff"},"geometry":{"type":"MultiLineString","coordinates":[[[3092.2,879.7],[3109.0,879.7],[3092.2,836],[3092.2,879.7]],[[3109.0,879.7],[3092.2,836],[3109.0,836],[3109.0,879.7]]]}},{"type":"Feature","properties":{"id":"p:texto-negro:1950","n":1,"sc":"#000000"},"geometry":{"type":"LineString","coordinates":[[3149.3,1036.2],[3103.7,1036.2]]}},{"type":"Feature","properties":{"id":"p:texto-negro:1951","n":1,"sc":"#000000"},"geometry":{"type":"LineString","coordinates":[[3149.3,1106.7],[3103.7,1106.7]]}},{"type":"Feature","properties":{"id":"p:texto-negro:1952","n":1,"sc":"#000000"},"geometry":{"type":"LineString","coordinates":[[3110.4,1049.6],[3110.4,1093.3]]}},{"type":"Feature","properties":{"id":"p:texto-negro:1953","n":3,"sc":"#000000","fc":"#000000"},"geometry":{"type":"LineString","coordinates":[[3108.5,1049.6],[3112.8,1049.6],[3110.4,1036.2],[3108.5,1049.6]]}},{"type":"Feature","properties":{"id":"p:texto-negro:1954","n":3,"sc":"#000000","fc":"#000000"},"geometry":{"type":"LineString","coordinates":[[3108.5,1093.3],[3112.8,1093.3],[3110.4,1106.7],[3108.5,1093.3]]}},{"type":"Feature","properties":{"id":"p:texto-negro:1955","n":6,"sc":"#ffffff","fc":"#ffffff"},"geometry":{"type":"MultiLineString","coordinates":[[[3091.7,1092.3],[3108.5,1092.3],[3091.7,1050.6],[3091.7,1092.3]],[[3108.5,1092.3],[3091.7,1050.6],[3108.5,1050.6],[3108.5,1092.3]]]}},{"type":"Feature","properties":{"id":"p:texto-negro:1956","n":1,"sc":"#000000"},"geometry":{"type":"LineString","coordinates":[[3090.2,679.5],[3071.0,679.5]]}},{"type":"Feature","properties":{"id":"p:texto-negro:1957","n":1,"sc":"#000000"},"geometry":{"type":"LineString","coordinates":[[3094.6,2054.7],[3071.0,2054.7]]}},{"type":"Feature","properties":{"id":"p:texto-negro:1958","n":1,"sc":"#000000"},"geometry":{"type":"LineString","coordinates":[[3077.8,693.0],[3077.8,2041.3]]}},{"type":"Feature","properties":{"id":"p:texto-negro:1959","n":3,"sc":"#000000","fc":"#000000"},"geometry":{"type":"LineString","coordinates":[[3075.4,693.0],[3080.2,693.0],[3077.8,679.5],[3075.4,693.0]]}},{"type":"Feature","properties":{"id":"p:texto-negro:1960","n":3,"sc":"#000000","fc":"#000000"},"geometry":{"type":"LineString","coordinates":[[3075.4,2041.3],[3080.2,2041.3],[3077.8,2054.7],[3075.4,2041.3]]}},{"type":"Feature","properties":{"id":"p:texto-negro:1961","n":6,"sc":"#ffffff","fc":"#ffffff"},"geometry":{"type":"MultiLineString","coordinates":[[[3059.0,1394.2],[3075.8,1394.2],[3059.0,1340],[3059.0,1394.2]],[[3075.8,1394.2],[3059.0,1340],[3075.8,1340],[3075.8,1394.2]]]}},{"type":"Feature","properties":{"id":"p:texto-negro:1962","n":1,"sc":"#000000"},"geometry":{"type":"LineString","coordinates":[[2015.5,679.5],[2077.4,679.5]]}},{"type":"Feature","properties":{"id":"p:texto-negro:1963","n":1,"sc":"#000000"},"geometry":{"type":"LineString","coordinates":[[2003.0,358.4],[2077.4,358.4]]}},{"type":"Feature","properties":{"id":"p:texto-negro:1964","n":1,"sc":"#000000"},"geometry":{"type":"LineString","coordinates":[[2070.7,666.1],[2070.7,372.3]]}},{"type":"Feature","properties":{"id":"p:texto-negro:1965","n":3,"sc":"#000000","fc":"#000000"},"geometry":{"type":"LineString","coordinates":[[2068.3,666.1],[2073.1,666.1],[2070.7,679.5],[2068.3,666.1]]}},{"type":"Feature","properties":{"id":"p:texto-negro:1966","n":3,"sc":"#000000","fc":"#000000"},"geometry":{"type":"LineString","coordinates":[[2068.3,372.3],[2073.1,372.3],[2070.7,358.4],[2068.3,372.3]]}},{"type":"Feature","properties":{"id":"p:texto-negro:1967","n":6,"sc":"#ffffff","fc":"#ffffff"},"geometry":{"type":"MultiLineString","coordinates":[[[2052,540.8],[2068.8,540.8],[2052,497.6],[2052,540.8]],[[2068.8,540.8],[2052,497.6],[2068.8,497.6],[2068.8,540.8]]]}},{"type":"Feature","properties":{"id":"p:texto-negro:1968","n":1,"sc":"#000000"},"geometry":{"type":"LineString","coordinates":[[1978.1,695.4],[1951.2,695.4]]}},{"type":"Feature","properties":{"id":"p:texto-negro:1969","n":1,"sc":"#000000"},"geometry":{"type":"LineString","coordinates":[[1978.1,357.9],[1951.2,357.9]]}},{"type":"Feature","properties":{"id":"p:texto-negro:1970","n":1,"sc":"#000000"},"geometry":{"type":"LineString","coordinates":[[1957.9,681.9],[1957.9,371.8]]}},{"type":"Feature","properties":{"id":"p:texto-negro:1971","n":3,"sc":"#000000","fc":"#000000"},"geometry":{"type":"LineString","coordinates":[[1956,681.9],[1960.3,681.9],[1957.9,695.4],[1956,681.9]]}},{"type":"Feature","properties":{"id":"p:texto-negro:1972","n":3,"sc":"#000000","fc":"#000000"},"geometry":{"type":"LineString","coordinates":[[1956,371.8],[1960.3,371.8],[1957.9,357.9],[1956,371.8]]}},{"type":"Feature","properties":{"id":"p:texto-negro:1973","n":6,"sc":"#ffffff","fc":"#ffffff"},"geometry":{"type":"MultiLineString","coordinates":[[[1939.2,548.5],[1956,548.5],[1939.2,505.3],[1939.2,548.5]],[[1956,548.5],[1939.2,505.3],[1956,505.3],[1956,548.5]]]}},{"type":"Feature","properties":{"id":"p:texto-negro:1974","n":1,"sc":"#000000"},"geometry":{"type":"LineString","coordinates":[[1924.8,701.1],[1863.4,701.1]]}},{"type":"Feature","properties":{"id":"p:texto-negro:1975","n":1,"sc":"#000000"},"geometry":{"type":"LineString","coordinates":[[1924.8,357.9],[1863.4,357.9]]}},{"type":"Feature","properties":{"id":"p:texto-negro:1976","n":1,"sc":"#000000"},"geometry":{"type":"LineString","coordinates":[[1870.1,687.2],[1870.1,371.8]]}},{"type":"Feature","properties":{"id":"p:texto-negro:1977","n":3,"sc":"#000000","fc":"#000000"},"geometry":{"type":"LineString","coordinates":[[1867.7,687.2],[1872.5,687.2],[1870.1,701.1],[1867.7,687.2]]}},{"type":"Feature","properties":{"id":"p:texto-negro:1978","n":3,"sc":"#000000","fc":"#000000"},"geometry":{"type":"LineString","coordinates":[[1867.7,371.8],[1872.5,371.8],[1870.1,357.9],[1867.7,371.8]]}},{"type":"Feature","properties":{"id":"p:texto-negro:1979","n":6,"sc":"#ffffff","fc":"#ffffff"},"geometry":{"type":"MultiLineString","coordinates":[[[1851.4,551.4],[1868.2,551.4],[1851.4,507.7],[1851.4,551.4]],[[1868.2,551.4],[1851.4,507.7],[1868.2,507.7],[1868.2,551.4]]]}},{"type":"Feature","properties":{"id":"p:texto-negro:1980","n":1,"sc":"#000000"},"geometry":{"type":"LineString","coordinates":[[1894.1,357.9],[1835.5,357.9]]}},{"type":"Feature","properties":{"id":"p:texto-negro:1981","n":1,"sc":"#000000"},"geometry":{"type":"LineString","coordinates":[[1894.1,711.7],[1835.5,711.7]]}},{"type":"Feature","properties":{"id":"p:texto-negro:1982","n":1,"sc":"#000000"},"geometry":{"type":"LineString","coordinates":[[1842.2,371.8],[1842.2,698.2]]}},{"type":"Feature","properties":{"id":"p:texto-negro:1983","n":3,"sc":"#000000","fc":"#000000"},"geometry":{"type":"LineString","coordinates":[[1839.8,371.8],[1844.6,371.8],[1842.2,357.9],[1839.8,371.8]]}},{"type":"Feature","properties":{"id":"p:texto-negro:1984","n":3,"sc":"#000000","fc":"#000000"},"geometry":{"type":"LineString","coordinates":[[1839.8,698.2],[1844.6,698.2],[1842.2,711.7],[1839.8,698.2]]}},{"type":"Feature","properties":{"id":"p:texto-negro:1985","n":6,"sc":"#ffffff","fc":"#ffffff"},"geometry":{"type":"MultiLineString","coordinates":[[[1823.5,556.6],[1840.3,556.6],[1823.5,513.0],[1823.5,556.6]],[[1840.3,556.6],[1823.5,513.0],[1840.3,513.0],[1840.3,556.6]]]}},{"type":"Feature","properties":{"id":"p:texto-negro:1986","n":1,"sc":"#000000"},"geometry":{"type":"LineString","coordinates":[[1800,730.9],[1800,781.8]]}},{"type":"Feature","properties":{"id":"p:texto-negro:1987","n":1,"sc":"#000000"},"geometry":{"type":"LineString","coordinates":[[2012.2,730.9],[2012.2,781.8]]}},{"type":"Feature","properties":{"id":"p:texto-negro:1988","n":1,"sc":"#000000"},"geometry":{"type":"LineString","coordinates":[[1813.4,775.0],[1998.7,775.0]]}},{"type":"Feature","properties":{"id":"p:texto-negro:1989","n":3,"sc":"#000000","fc":"#000000"},"geometry":{"type":"LineString","coordinates":[[1813.4,772.6],[1813.4,777.4],[1800,775.0],[1813.4,772.6]]}},{"type":"Feature","properties":{"id":"p:texto-negro:1990","n":3,"sc":"#000000","fc":"#000000"},"geometry":{"type":"LineString","coordinates":[[1998.7,772.6],[1998.7,777.4],[2012.2,775.0],[1998.7,772.6]]}},{"type":"Feature","properties":{"id":"p:texto-negro:1991","n":6,"sc":"#ffffff","fc":"#ffffff"},"geometry":{"type":"MultiLineString","coordinates":[[[1884.5,756.3],[1884.5,773.1],[1927.7,756.3],[1884.5,756.3]],[[1884.5,773.1],[1927.7,756.3],[1927.7,773.1],[1884.5,773.1]]]}},{"type":"Feature","properties":{"id":"p:texto-negro:1992","n":1,"sc":"#000000"},"geometry":{"type":"LineString","coordinates":[[2028.5,752.5],[2028.5,804.3]]}},{"type":"Feature","properties":{"id":"p:texto-negro:1993","n":1,"sc":"#000000"},"geometry":{"type":"LineString","coordinates":[[1500.5,752.5],[1500.5,804.3]]}},{"type":"Feature","properties":{"id":"p:texto-negro:1994","n":1,"sc":"#000000"},"geometry":{"type":"LineString","coordinates":[[2015.0,797.6],[1514.4,797.6]]}},{"type":"Feature","properties":{"id":"p:texto-negro:1995","n":3,"sc":"#000000","fc":"#000000"},"geometry":{"type":"LineString","coordinates":[[2015.0,795.2],[2015.0,800],[2028.5,797.6],[2015.0,795.2]]}},{"type":"Feature","properties":{"id":"p:texto-negro:1996","n":3,"sc":"#000000","fc":"#000000"},"geometry":{"type":"LineString","coordinates":[[1514.4,795.2],[1514.4,800],[1500.5,797.6],[1514.4,795.2]]}},{"type":"Feature","properties":{"id":"p:texto-negro:1997","n":6,"sc":"#ffffff","fc":"#ffffff"},"geometry":{"type":"MultiLineString","coordinates":[[[1742.9,778.9],[1742.9,795.7],[1786.1,778.9],[1742.9,778.9]],[[1742.9,795.7],[1786.1,778.9],[1786.1,795.7],[1742.9,795.7]]]}},{"type":"Feature","properties":{"id":"p:texto-negro:1998","n":1,"sc":"#000000"},"geometry":{"type":"LineString","coordinates":[[1664.2,865.3],[1664.2,904.2]]}},{"type":"Feature","properties":{"id":"p:texto-negro:1999","n":1,"sc":"#000000"},"geometry":{"type":"LineString","coordinates":[[2012.2,894.1],[2012.2,890.7]]}},{"type":"Feature","properties":{"id":"p:texto-negro:2000","n":1,"sc":"#000000"},"geometry":{"type":"LineString","coordinates":[[1677.6,897.4],[1998.7,897.4]]}},{"type":"Feature","properties":{"id":"p:texto-negro:2001","n":3,"sc":"#000000","fc":"#000000"},"geometry":{"type":"LineString","coordinates":[[1677.6,895.5],[1677.6,899.8],[1664.2,897.4],[1677.6,895.5]]}},{"type":"Feature","properties":{"id":"p:texto-negro:2002","n":3,"sc":"#000000","fc":"#000000"},"geometry":{"type":"LineString","coordinates":[[1998.7,895.5],[1998.7,899.8],[2012.2,897.4],[1998.7,895.5]]}},{"type":"Feature","properties":{"id":"p:texto-negro:2003","n":6,"sc":"#ffffff","fc":"#ffffff"},"geometry":{"type":"MultiLineString","coordinates":[[[1816.3,878.7],[1816.3,895.5],[1859.5,878.7],[1816.3,878.7]],[[1816.3,895.5],[1859.5,878.7],[1859.5,895.5],[1816.3,895.5]]]}},{"type":"Feature","properties":{"id":"p:texto-negro:2004","n":1,"sc":"#000000"},"geometry":{"type":"LineString","coordinates":[[1501.0,829.3],[1501.0,931.0]]}},{"type":"Feature","properties":{"id":"p:texto-negro:2005","n":1,"sc":"#000000"},"geometry":{"type":"LineString","coordinates":[[2012.2,857.1],[2012.2,931.0]]}},{"type":"Feature","properties":{"id":"p:texto-negro:2006","n":1,"sc":"#000000"},"geometry":{"type":"LineString","coordinates":[[1514.4,924.3],[1998.7,924.3]]}},{"type":"Feature","properties":{"id":"p:texto-negro:2007","n":3,"sc":"#000000","fc":"#000000"},"geometry":{"type":"LineString","coordinates":[[1514.4,921.9],[1514.4,926.7],[1501.0,924.3],[1514.4,921.9]]}},{"type":"Feature","properties":{"id":"p:texto-negro:2008","n":3,"sc":"#000000","fc":"#000000"},"geometry":{"type":"LineString","coordinates":[[1998.7,921.9],[1998.7,926.7],[2012.2,924.3],[1998.7,921.9]]}},{"type":"Feature","properties":{"id":"p:texto-negro:2009","n":6,"sc":"#ffffff","fc":"#ffffff"},"geometry":{"type":"MultiLineString","coordinates":[[[1734.7,905.6],[1734.7,922.4],[1777.9,905.6],[1734.7,905.6]],[[1734.7,922.4],[1777.9,905.6],[1777.9,922.4],[1734.7,922.4]]]}},{"type":"Feature","properties":{"id":"p:texto-negro:2010","n":1,"sc":"#000000"},"geometry":{"type":"LineString","coordinates":[[1437.6,1223.4],[1402.6,1223.4]]}},{"type":"Feature","properties":{"id":"p:texto-negro:2011","n":1,"sc":"#000000"},"geometry":{"type":"LineString","coordinates":[[1543.7,1169.1],[1402.6,1169.1]]}},{"type":"Feature","properties":{"id":"p:texto-negro:2012","n":1,"sc":"#000000"},"geometry":{"type":"LineString","coordinates":[[1409.3,1209.9],[1409.3,1182.6]]}},{"type":"Feature","properties":{"id":"p:texto-negro:2013","n":3,"sc":"#000000","fc":"#000000"},"geometry":{"type":"LineString","coordinates":[[1407.4,1209.9],[1411.7,1209.9],[1409.3,1223.4],[1407.4,1209.9]]}},{"type":"Feature","properties":{"id":"p:texto-negro:2014","n":3,"sc":"#000000","fc":"#000000"},"geometry":{"type":"LineString","coordinates":[[1407.4,1182.6],[1411.7,1182.6],[1409.3,1169.1],[1407.4,1182.6]]}},{"type":"Feature","properties":{"id":"p:texto-negro:2015","n":6,"sc":"#ffffff","fc":"#ffffff"},"geometry":{"type":"MultiLineString","coordinates":[[[1390.6,1217.1],[1407.4,1217.1],[1390.6,1175.4],[1390.6,1217.1]],[[1407.4,1217.1],[1390.6,1175.4],[1407.4,1175.4],[1407.4,1217.1]]]}},{"type":"Feature","properties":{"id":"p:texto-negro:2016","n":1,"sc":"#000000"},"geometry":{"type":"LineString","coordinates":[[1457.3,1236.3],[1457.3,1136]]}},{"type":"Feature","properties":{"id":"p:texto-negro:2017","n":1,"sc":"#000000"},"geometry":{"type":"LineString","coordinates":[[1501.0,1180.6],[1501.0,1136]]}},{"type":"Feature","properties":{"id":"p:texto-negro:2018","n":1,"sc":"#000000"},"geometry":{"type":"LineString","coordinates":[[1470.7,1142.7],[1487.0,1142.7]]}},{"type":"Feature","properties":{"id":"p:texto-negro:2019","n":3,"sc":"#000000","fc":"#000000"},"geometry":{"type":"LineString","coordinates":[[1470.7,1140.3],[1470.7,1145.1],[1457.3,1142.7],[1470.7,1140.3]]}},{"type":"Feature","properties":{"id":"p:texto-negro:2020","n":3,"sc":"#000000","fc":"#000000"},"geometry":{"type":"LineString","coordinates":[[1487.0,1140.3],[1487.0,1145.1],[1501.0,1142.7],[1487.0,1140.3]]}},{"type":"Feature","properties":{"id":"p:texto-negro:2021","n":6,"sc":"#ffffff","fc":"#ffffff"},"geometry":{"type":"MultiLineString","coordinates":[[[1462.6,1124],[1462.6,1140.8],[1495.2,1124],[1462.6,1124]],[[1462.6,1140.8],[1495.2,1124],[1495.2,1140.8],[1462.6,1140.8]]]}},{"type":"Feature","properties":{"id":"p:texto-negro:2022","n":1,"sc":"#000000"},"geometry":{"type":"LineString","coordinates":[[1549.9,1165.8],[1549.9,1067.8]]}},{"type":"Feature","properties":{"id":"p:texto-negro:2023","n":1,"sc":"#000000"},"geometry":{"type":"LineString","coordinates":[[1441.0,1220],[1441.0,1067.8]]}},{"type":"Feature","properties":{"id":"p:texto-negro:2024","n":1,"sc":"#000000"},"geometry":{"type":"LineString","coordinates":[[1536,1074.6],[1454.4,1074.6]]}},{"type":"Feature","properties":{"id":"p:texto-negro:2025","n":3,"sc":"#000000","fc":"#000000"},"geometry":{"type":"LineString","coordinates":[[1536,1072.6],[1536,1077.0],[1549.9,1074.6],[1536,1072.6]]}},{"type":"Feature","properties":{"id":"p:texto-negro:2026","n":3,"sc":"#000000","fc":"#000000"},"geometry":{"type":"LineString","coordinates":[[1454.4,1072.6],[1454.4,1077.0],[1441.0,1074.6],[1454.4,1072.6]]}},{"type":"Feature","properties":{"id":"p:texto-negro:2027","n":6,"sc":"#ffffff","fc":"#ffffff"},"geometry":{"type":"MultiLineString","coordinates":[[[1473.6,1055.8],[1473.6,1072.6],[1517.3,1055.8],[1473.6,1055.8]],[[1473.6,1072.6],[1517.3,1055.8],[1517.3,1072.6],[1473.6,1072.6]]]}},{"type":"Feature","properties":{"id":"p:texto-negro:2028","n":1,"sc":"#000000"},"geometry":{"type":"LineString","coordinates":[[1549.9,1165.8],[1549.9,1067.8]]}},{"type":"Feature","properties":{"id":"p:texto-negro:2029","n":1,"sc":"#000000"},"geometry":{"type":"LineString","coordinates":[[2012.2,1120.6],[2012.2,1067.8]]}},{"type":"Feature","properties":{"id":"p:texto-negro:2030","n":1,"sc":"#000000"},"geometry":{"type":"LineString","coordinates":[[1563.4,1074.6],[1998.7,1074.6]]}},{"type":"Feature","properties":{"id":"p:texto-negro:2031","n":3,"sc":"#000000","fc":"#000000"},"geometry":{"type":"LineString","coordinates":[[1563.4,1072.6],[1563.4,1077.0],[1549.9,1074.6],[1563.4,1072.6]]}},{"type":"Feature","properties":{"id":"p:texto-negro:2032","n":3,"sc":"#000000","fc":"#000000"},"geometry":{"type":"LineString","coordinates":[[1998.7,1072.6],[1998.7,1077.0],[2012.2,1074.6],[1998.7,1072.6]]}},{"type":"Feature","properties":{"id":"p:texto-negro:2033","n":6,"sc":"#ffffff","fc":"#ffffff"},"geometry":{"type":"MultiLineString","coordinates":[[[1759.2,1055.8],[1759.2,1072.6],[1802.4,1055.8],[1759.2,1055.8]],[[1759.2,1072.6],[1802.4,1055.8],[1802.4,1072.6],[1759.2,1072.6]]]}},{"type":"Feature","properties":{"id":"p:texto-negro:2034","n":1,"sc":"#000000"},"geometry":{"type":"LineString","coordinates":[[1890.7,1413.9],[1859.5,1413.9]]}},{"type":"Feature","properties":{"id":"p:texto-negro:2035","n":1,"sc":"#000000"},"geometry":{"type":"LineString","coordinates":[[1890.7,1239.7],[1859.5,1239.7]]}},{"type":"Feature","properties":{"id":"p:texto-negro:2036","n":1,"sc":"#000000"},"geometry":{"type":"LineString","coordinates":[[1866.7,1400.5],[1866.7,1253.6]]}},{"type":"Feature","properties":{"id":"p:texto-negro:2037","n":3,"sc":"#000000","fc":"#000000"},"geometry":{"type":"LineString","coordinates":[[1864.3,1400.5],[1868.6,1400.5],[1866.7,1413.9],[1864.3,1400.5]]}},{"type":"Feature","properties":{"id":"p:texto-negro:2038","n":3,"sc":"#000000","fc":"#000000"},"geometry":{"type":"LineString","coordinates":[[1864.3,1253.6],[1868.6,1253.6],[1866.7,1239.7],[1864.3,1253.6]]}},{"type":"Feature","properties":{"id":"p:texto-negro:2039","n":6,"sc":"#ffffff","fc":"#ffffff"},"geometry":{"type":"MultiLineString","coordinates":[[[1848,1348.6],[1864.3,1348.6],[1848,1305.4],[1848,1348.6]],[[1864.3,1348.6],[1848,1305.4],[1864.3,1305.4],[1864.3,1348.6]]]}},{"type":"Feature","properties":{"id":"p:texto-negro:2040","n":1,"sc":"#000000"},"geometry":{"type":"LineString","coordinates":[[2012.2,1281.4],[2012.2,1363.0]]}},{"type":"Feature","properties":{"id":"p:texto-negro:2041","n":1,"sc":"#000000"},"geometry":{"type":"LineString","coordinates":[[1894.1,1354.9],[1894.1,1363.0]]}},{"type":"Feature","properties":{"id":"p:texto-negro:2042","n":1,"sc":"#000000"},"geometry":{"type":"LineString","coordinates":[[1998.7,1355.8],[1908,1355.8]]}},{"type":"Feature","properties":{"id":"p:texto-negro:2043","n":3,"sc":"#000000","fc":"#000000"},"geometry":{"type":"LineString","coordinates":[[1998.7,1353.9],[1998.7,1358.2],[2012.2,1355.8],[1998.7,1353.9]]}},{"type":"Feature","properties":{"id":"p:texto-negro:2044","n":3,"sc":"#000000","fc":"#000000"},"geometry":{"type":"LineString","coordinates":[[1908,1353.9],[1908,1358.2],[1894.1,1355.8],[1908,1353.9]]}},{"type":"Feature","properties":{"id":"p:texto-negro:2045","n":6,"sc":"#ffffff","fc":"#ffffff"},"geometry":{"type":"MultiLineString","coordinates":[[[1931.5,1337.6],[1931.5,1353.9],[1975.2,1337.6],[1931.5,1337.6]],[[1931.5,1353.9],[1975.2,1337.6],[1975.2,1353.9],[1931.5,1353.9]]]}},{"type":"Feature","properties":{"id":"p:texto-negro:2046","n":1,"sc":"#000000"},"geometry":{"type":"LineString","coordinates":[[2012.2,1281.9],[2012.2,1363.0]]}},{"type":"Feature","properties":{"id":"p:texto-negro:2047","n":1,"sc":"#000000"},"geometry":{"type":"LineString","coordinates":[[2365.9,1281.4],[2365.9,1363.0]]}},{"type":"Feature","properties":{"id":"p:texto-negro:2048","n":1,"sc":"#000000"},"geometry":{"type":"LineString","coordinates":[[2025.6,1355.8],[2352.5,1355.8]]}},{"type":"Feature","properties":{"id":"p:texto-negro:2049","n":3,"sc":"#000000","fc":"#000000"},"geometry":{"type":"LineString","coordinates":[[2025.6,1353.9],[2025.6,1358.2],[2012.2,1355.8],[2025.6,1353.9]]}},{"type":"Feature","properties":{"id":"p:texto-negro:2050","n":3,"sc":"#000000","fc":"#000000"},"geometry":{"type":"LineString","coordinates":[[2352.5,1353.9],[2352.5,1358.2],[2365.9,1355.8],[2352.5,1353.9]]}},{"type":"Feature","properties":{"id":"p:texto-negro:2051","n":6,"sc":"#ffffff","fc":"#ffffff"},"geometry":{"type":"MultiLineString","coordinates":[[[2167.2,1337.6],[2167.2,1353.9],[2210.9,1337.6],[2167.2,1337.6]],[[2167.2,1353.9],[2210.9,1337.6],[2210.9,1353.9],[2167.2,1353.9]]]}},{"type":"Feature","properties":{"id":"p:texto-negro:2052","n":1,"sc":"#000000"},"geometry":{"type":"LineString","coordinates":[[2068.3,1277.6],[2104.8,1277.6]]}},{"type":"Feature","properties":{"id":"p:texto-negro:2053","n":1,"sc":"#000000"},"geometry":{"type":"LineString","coordinates":[[2031.8,1239.7],[2104.8,1239.7]]}},{"type":"Feature","properties":{"id":"p:texto-negro:2054","n":1,"sc":"#000000"},"geometry":{"type":"LineString","coordinates":[[2098.1,1253.6],[2098.1,1264.2]]}},{"type":"Feature","properties":{"id":"p:texto-negro:2055","n":1,"sc":"#000000"},"geometry":{"type":"LineString","coordinates":[[2098.1,1277.6],[2098.1,1342.9]]}},{"type":"Feature","properties":{"id":"p:texto-negro:2056","n":3,"sc":"#000000","fc":"#000000"},"geometry":{"type":"LineString","coordinates":[[2095.7,1253.6],[2100.5,1253.6],[2098.1,1239.7],[2095.7,1253.6]]}},{"type":"Feature","properties":{"id":"p:texto-negro:2057","n":3,"sc":"#000000","fc":"#000000"},"geometry":{"type":"LineString","coordinates":[[2095.7,1264.2],[2100.5,1264.2],[2098.1,1277.6],[2095.7,1264.2]]}},{"type":"Feature","properties":{"id":"p:texto-negro:2058","n":6,"sc":"#ffffff","fc":"#ffffff"},"geometry":{"type":"MultiLineString","coordinates":[[[2079.4,1340.5],[2096.2,1340.5],[2079.4,1307.8],[2079.4,1340.5]],[[2096.2,1340.5],[2079.4,1307.8],[2096.2,1307.8],[2096.2,1340.5]]]}},{"type":"Feature","properties":{"id":"p:texto-negro:2059","n":1,"sc":"#000000"},"geometry":{"type":"LineString","coordinates":[[2058.7,1174.4],[2104.8,1174.4]]}},{"type":"Feature","properties":{"id":"p:texto-negro:2060","n":1,"sc":"#000000"},"geometry":{"type":"LineString","coordinates":[[2031.8,1239.7],[2104.8,1239.7]]}},{"type":"Feature","properties":{"id":"p:texto-negro:2061","n":1,"sc":"#000000"},"geometry":{"type":"LineString","coordinates":[[2098.1,1187.8],[2098.1,1226.2]]}},{"type":"Feature","properties":{"id":"p:texto-negro:2062","n":3,"sc":"#000000","fc":"#000000"},"geometry":{"type":"LineString","coordinates":[[2095.7,1187.8],[2100.5,1187.8],[2098.1,1174.4],[2095.7,1187.8]]}},{"type":"Feature","properties":{"id":"p:texto-negro:2063","n":3,"sc":"#000000","fc":"#000000"},"geometry":{"type":"LineString","coordinates":[[2095.7,1226.2],[2100.5,1226.2],[2098.1,1239.7],[2095.7,1226.2]]}},{"type":"Feature","properties":{"id":"p:texto-negro:2064","n":6,"sc":"#ffffff","fc":"#ffffff"},"geometry":{"type":"MultiLineString","coordinates":[[[2079.4,1228.2],[2096.2,1228.2],[2079.4,1185.9],[2079.4,1228.2]],[[2096.2,1228.2],[2079.4,1185.9],[2096.2,1185.9],[2096.2,1228.2]]]}},{"type":"Feature","properties":{"id":"p:texto-negro:2065","n":1,"sc":"#000000"},"geometry":{"type":"LineString","coordinates":[[2061.1,1171.0],[2061.1,1123.0]]}},{"type":"Feature","properties":{"id":"p:texto-negro:2066","n":1,"sc":"#000000"},"geometry":{"type":"LineString","coordinates":[[2028.5,1126.4],[2028.5,1123.0]]}},{"type":"Feature","properties":{"id":"p:texto-negro:2067","n":1,"sc":"#000000"},"geometry":{"type":"LineString","coordinates":[[2015.0,1129.8],[2001.1,1129.8]]}},{"type":"Feature","properties":{"id":"p:texto-negro:2068","n":1,"sc":"#000000"},"geometry":{"type":"LineString","coordinates":[[2074.6,1129.8],[2127.8,1129.8]]}},{"type":"Feature","properties":{"id":"p:texto-negro:2069","n":1,"sc":"#000000"},"geometry":{"type":"LineString","coordinates":[[2028.5,1129.8],[2061.1,1129.8]]}},{"type":"Feature","properties":{"id":"p:texto-negro:2070","n":3,"sc":"#000000","fc":"#000000"},"geometry":{"type":"LineString","coordinates":[[2015.0,1127.4],[2015.0,1131.7],[2028.5,1129.8],[2015.0,1127.4]]}},{"type":"Feature","properties":{"id":"p:texto-negro:2071","n":3,"sc":"#000000","fc":"#000000"},"geometry":{"type":"LineString","coordinates":[[2074.6,1127.4],[2074.6,1131.7],[2061.1,1129.8],[2074.6,1127.4]]}},{"type":"Feature","properties":{"id":"p:texto-negro:2072","n":6,"sc":"#ffffff","fc":"#ffffff"},"geometry":{"type":"MultiLineString","coordinates":[[[2093.3,1111.0],[2093.3,1127.4],[2125.9,1111.0],[2093.3,1111.0]],[[2093.3,1127.4],[2125.9,1111.0],[2125.9,1127.4],[2093.3,1127.4]]]}},{"type":"Feature","properties":{"id":"p:texto-negro:2073","n":1,"sc":"#000000"},"geometry":{"type":"LineString","coordinates":[[2012.2,1281.9],[2012.2,1316]]}},{"type":"Feature","properties":{"id":"p:texto-negro:2074","n":1,"sc":"#000000"},"geometry":{"type":"LineString","coordinates":[[2028.5,1281.9],[2028.5,1316]]}},{"type":"Feature","properties":{"id":"p:texto-negro:2075","n":1,"sc":"#000000"},"geometry":{"type":"LineString","coordinates":[[2041.9,1309.3],[2055.8,1309.3]]}},{"type":"Feature","properties":{"id":"p:texto-negro:2076","n":1,"sc":"#000000"},"geometry":{"type":"LineString","coordinates":[[1998.7,1309.3],[1947.8,1309.3]]}},{"type":"Feature","properties":{"id":"p:texto-negro:2077","n":1,"sc":"#000000"},"geometry":{"type":"LineString","coordinates":[[2028.5,1309.3],[2012.2,1309.3]]}},{"type":"Feature","properties":{"id":"p:texto-negro:2078","n":3,"sc":"#000000","fc":"#000000"},"geometry":{"type":"LineString","coordinates":[[2041.9,1306.9],[2041.9,1311.7],[2028.5,1309.3],[2041.9,1306.9]]}},{"type":"Feature","properties":{"id":"p:texto-negro:2079","n":3,"sc":"#000000","fc":"#000000"},"geometry":{"type":"LineString","coordinates":[[1998.7,1306.9],[1998.7,1311.7],[2012.2,1309.3],[1998.7,1306.9]]}},{"type":"Feature","properties":{"id":"p:texto-negro:2080","n":6,"sc":"#ffffff","fc":"#ffffff"},"geometry":{"type":"MultiLineString","coordinates":[[[1949.8,1290.6],[1949.8,1307.4],[1982.4,1290.6],[1949.8,1290.6]],[[1949.8,1307.4],[1982.4,1290.6],[1982.4,1307.4],[1949.8,1307.4]]]}},{"type":"Feature","properties":{"id":"p:texto-negro:2081","n":1,"sc":"#000000"},"geometry":{"type":"LineString","coordinates":[[1431.8,1318.4],[1431.8,1020.3]]}},{"type":"Feature","properties":{"id":"p:texto-negro:2082","n":1,"sc":"#000000"},"geometry":{"type":"LineString","coordinates":[[2012.2,1034.7],[2012.2,1020.3]]}},{"type":"Feature","properties":{"id":"p:texto-negro:2083","n":1,"sc":"#000000"},"geometry":{"type":"LineString","coordinates":[[1445.3,1027.5],[1998.7,1027.5]]}},{"type":"Feature","properties":{"id":"p:texto-negro:2084","n":3,"sc":"#000000","fc":"#000000"},"geometry":{"type":"LineString","coordinates":[[1445.3,1025.1],[1445.3,1029.4],[1431.8,1027.5],[1445.3,1025.1]]}},{"type":"Feature","properties":{"id":"p:texto-negro:2085","n":3,"sc":"#000000","fc":"#000000"},"geometry":{"type":"LineString","coordinates":[[1998.7,1025.1],[1998.7,1029.4],[2012.2,1027.5],[1998.7,1025.1]]}},{"type":"Feature","properties":{"id":"p:texto-negro:2086","n":6,"sc":"#ffffff","fc":"#ffffff"},"geometry":{"type":"MultiLineString","coordinates":[[[1695.8,1008.8],[1695.8,1025.1],[1748.2,1008.8],[1695.8,1008.8]],[[1695.8,1025.1],[1748.2,1008.8],[1748.2,1025.1],[1695.8,1025.1]]]}},{"type":"Feature","properties":{"id":"p:texto-negro:2087","n":1,"sc":"#000000"},"geometry":{"type":"LineString","coordinates":[[1791.4,1459.0],[1794.7,1459.0]]}},{"type":"Feature","properties":{"id":"p:texto-negro:2088","n":1,"sc":"#000000"},"geometry":{"type":"LineString","coordinates":[[1691.0,1239.7],[1794.7,1239.7]]}},{"type":"Feature","properties":{"id":"p:texto-negro:2089","n":1,"sc":"#000000"},"geometry":{"type":"LineString","coordinates":[[1788,1445.6],[1788,1253.6]]}},{"type":"Feature","properties":{"id":"p:texto-negro:2090","n":3,"sc":"#000000","fc":"#000000"},"geometry":{"type":"LineString","coordinates":[[1786.1,1445.6],[1790.4,1445.6],[1788,1459.0],[1786.1,1445.6]]}},{"type":"Feature","properties":{"id":"p:texto-negro:2091","n":3,"sc":"#000000","fc":"#000000"},"geometry":{"type":"LineString","coordinates":[[1786.1,1253.6],[1790.4,1253.6],[1788,1239.7],[1786.1,1253.6]]}},{"type":"Feature","properties":{"id":"p:texto-negro:2092","n":6,"sc":"#ffffff","fc":"#ffffff"},"geometry":{"type":"MultiLineString","coordinates":[[[1769.3,1371.7],[1786.1,1371.7],[1769.3,1327.5],[1769.3,1371.7]],[[1786.1,1371.7],[1769.3,1327.5],[1786.1,1327.5],[1786.1,1371.7]]]}},{"type":"Feature","properties":{"id":"p:texto-negro:2093","n":1,"sc":"#000000"},"geometry":{"type":"LineString","coordinates":[[2900.6,2028.3],[2850.7,2028.3]]}},{"type":"Feature","properties":{"id":"p:texto-negro:2094","n":1,"sc":"#000000"},"geometry":{"type":"LineString","coordinates":[[2900.6,2071.5],[2850.7,2071.5]]}},{"type":"Feature","properties":{"id":"p:texto-negro:2095","n":1,"sc":"#000000"},"geometry":{"type":"LineString","coordinates":[[2857.4,2058.1],[2857.4,2041.8]]}},{"type":"Feature","properties":{"id":"p:texto-negro:2096","n":1,"sc":"#000000"},"geometry":{"type":"LineString","coordinates":[[2857.4,2028.3],[2857.4,1977.9]]}},{"type":"Feature","properties":{"id":"p:texto-negro:2097","n":3,"sc":"#000000","fc":"#000000"},"geometry":{"type":"LineString","coordinates":[[2855.0,2058.1],[2859.8,2058.1],[2857.4,2071.5],[2855.0,2058.1]]}},{"type":"Feature","properties":{"id":"p:texto-negro:2098","n":3,"sc":"#000000","fc":"#000000"},"geometry":{"type":"LineString","coordinates":[[2855.0,2041.8],[2859.8,2041.8],[2857.4,2028.3],[2855.0,2041.8]]}},{"type":"Feature","properties":{"id":"p:texto-negro:2099","n":6,"sc":"#ffffff","fc":"#ffffff"},"geometry":{"type":"MultiLineString","coordinates":[[[2838.7,2012.5],[2855.5,2012.5],[2838.7,1979.8],[2838.7,2012.5]],[[2855.5,2012.5],[2838.7,1979.8],[2855.5,1979.8],[2855.5,2012.5]]]}},{"type":"Feature","properties":{"id":"p:texto-negro:2100","n":1,"sc":"#000000"},"geometry":{"type":"LineString","coordinates":[[3152.6,1949.6],[3152.6,1940]]}},{"type":"Feature","properties":{"id":"p:texto-negro:2101","n":1,"sc":"#000000"},"geometry":{"type":"LineString","coordinates":[[3793.9,2051.4],[3793.9,1940]]}},{"type":"Feature","properties":{"id":"p:texto-negro:2102","n":1,"sc":"#000000"},"geometry":{"type":"LineString","coordinates":[[3166.1,1946.7],[3780.5,1946.7]]}},{"type":"Feature","properties":{"id":"p:texto-negro:2103","n":3,"sc":"#000000","fc":"#000000"},"geometry":{"type":"LineString","coordinates":[[3166.1,1944.3],[3166.1,1949.1],[3152.6,1946.7],[3166.1,1944.3]]}},{"type":"Feature","properties":{"id":"p:texto-negro:2104","n":3,"sc":"#000000","fc":"#000000"},"geometry":{"type":"LineString","coordinates":[[3780.5,1944.3],[3780.5,1949.1],[3793.9,1946.7],[3780.5,1944.3]]}},{"type":"Feature","properties":{"id":"p:texto-negro:2105","n":6,"sc":"#ffffff","fc":"#ffffff"},"geometry":{"type":"MultiLineString","coordinates":[[[3446.9,1928],[3446.9,1944.8],[3499.7,1928],[3446.9,1928]],[[3446.9,1944.8],[3499.7,1928],[3499.7,1944.8],[3446.9,1944.8]]]}},{"type":"Feature","properties":{"id":"p:texto-negro:2106","n":1,"sc":"#000000"},"geometry":{"type":"LineString","coordinates":[[2807.5,679.5],[2756.6,679.5]]}},{"type":"Feature","properties":{"id":"p:texto-negro:2107","n":1,"sc":"#000000"},"geometry":{"type":"LineString","coordinates":[[2870.4,587.4],[2756.6,587.4]]}},{"type":"Feature","properties":{"id":"p:texto-negro:2108","n":1,"sc":"#000000"},"geometry":{"type":"LineString","coordinates":[[2763.8,666.1],[2763.8,600.8]]}},{"type":"Feature","properties":{"id":"p:texto-negro:2109","n":3,"sc":"#000000","fc":"#000000"},"geometry":{"type":"LineString","coordinates":[[2761.4,666.1],[2765.8,666.1],[2763.8,679.5],[2761.4,666.1]]}},{"type":"Feature","properties":{"id":"p:texto-negro:2110","n":3,"sc":"#000000","fc":"#000000"},"geometry":{"type":"LineString","coordinates":[[2761.4,600.8],[2765.8,600.8],[2763.8,587.4],[2761.4,600.8]]}},{"type":"Feature","properties":{"id":"p:texto-negro:2111","n":6,"sc":"#ffffff","fc":"#ffffff"},"geometry":{"type":"MultiLineString","coordinates":[[[2745.1,654.6],[2761.4,654.6],[2745.1,612.3],[2745.1,654.6]],[[2761.4,654.6],[2745.1,612.3],[2761.4,612.3],[2761.4,654.6]]]}},{"type":"Feature","properties":{"id":"p:texto-negro:2112","n":1,"sc":"#000000"},"geometry":{"type":"LineString","coordinates":[[2437.9,2165.1],[2437.9,2169.4]]}},{"type":"Feature","properties":{"id":"p:texto-negro:2113","n":1,"sc":"#000000"},"geometry":{"type":"LineString","coordinates":[[2317.0,2165.1],[2317.0,2169.4]]}},{"type":"Feature","properties":{"id":"p:texto-negro:2114","n":1,"sc":"#000000"},"geometry":{"type":"LineString","coordinates":[[2424.5,2162.2],[2330.4,2162.2]]}},{"type":"Feature","properties":{"id":"p:texto-negro:2115","n":3,"sc":"#000000","fc":"#000000"},"geometry":{"type":"LineString","coordinates":[[2424.5,2160.3],[2424.5,2164.6],[2437.9,2162.2],[2424.5,2160.3]]}},{"type":"Feature","properties":{"id":"p:texto-negro:2116","n":3,"sc":"#000000","fc":"#000000"},"geometry":{"type":"LineString","coordinates":[[2330.4,2160.3],[2330.4,2164.6],[2317.0,2162.2],[2330.4,2160.3]]}},{"type":"Feature","properties":{"id":"p:texto-negro:2117","n":6,"sc":"#ffffff","fc":"#ffffff"},"geometry":{"type":"MultiLineString","coordinates":[[[2324.2,2144],[2324.2,2160.3],[2367.8,2144],[2324.2,2144]],[[2324.2,2160.3],[2367.8,2144],[2367.8,2160.3],[2324.2,2160.3]]]}},{"type":"Feature","properties":{"id":"p:texto-negro:2118","n":1,"sc":"#000000"},"geometry":{"type":"LineString","coordinates":[[5818.6,2259.7],[5829.1,2259.7]]}},{"type":"Feature","properties":{"id":"p:texto-negro:2119","n":1,"sc":"#000000"},"geometry":{"type":"LineString","coordinates":[[5818.6,2252.5],[5829.1,2252.5]]}},{"type":"Feature","properties":{"id":"p:texto-negro:2120","n":1,"sc":"#000000"},"geometry":{"type":"LineString","coordinates":[[5823.4,2259.7],[5823.4,2252.5]]}},{"type":"Feature","properties":{"id":"p:texto-negro:2121","n":12,"sc":"#000000"},"geometry":{"type":"LineString","coordinates":[[5829.1,2248.6],[5818.6,2248.6],[5818.6,2244.8],[5819.0,2243.4],[5820,2242.4],[5821.0,2241.9],[5822.4,2241.4],[5824.8,2241.4],[5826.2,2241.9],[5827.7,2242.4],[5828.6,2243.4],[5829.1,2244.8],[5829.1,2248.6]]}},{"type":"Feature","properties":{"id":"p:texto-negro:2122","n":10,"sc":"#000000"},"geometry":{"type":"LineString","coordinates":[[5829.1,2238.1],[5818.6,2238.1],[5818.6,2233.3],[5819.0,2231.8],[5819.5,2231.4],[5820.5,2230.9],[5821.9,2230.9],[5822.9,2231.4],[5823.4,2231.8],[5823.8,2233.3],[5823.8,2238.1]]}},{"type":"Feature","properties":{"id":"p:texto-negro:2123","n":2,"sc":"#000000"},"geometry":{"type":"LineString","coordinates":[[5829.1,2227.0],[5818.6,2227.0],[5818.6,2220.8]]}},{"type":"Feature","properties":{"id":"p:texto-negro:2124","n":1,"sc":"#000000"},"geometry":{"type":"LineString","coordinates":[[5823.4,2227.0],[5823.4,2223.2]]}},{"type":"Feature","properties":{"id":"p:texto-negro:2125","n":1,"sc":"#000000"},"geometry":{"type":"LineString","coordinates":[[5829.1,2227.0],[5829.1,2220.8]]}},{"type":"Feature","properties":{"id":"p:texto-negro:2126","n":12,"sc":"#000000"},"geometry":{"type":"LineString","coordinates":[[5829.1,2206.9],[5818.6,2206.9],[5818.6,2203.5],[5819.0,2202.1],[5820,2201.1],[5821.0,2200.6],[5822.4,2200.2],[5824.8,2200.2],[5826.7,2200.6],[5827.7,2201.1],[5828.6,2202.1],[5829.1,2203.5],[5829.1,2206.9]]}},{"type":"Feature","properties":{"id":"p:texto-negro:2127","n":3,"sc":"#000000"},"geometry":{"type":"LineString","coordinates":[[5829.1,2196.3],[5818.6,2196.3],[5829.1,2189.6],[5818.6,2189.6]]}},{"type":"Feature","properties":{"id":"p:texto-negro:2128","n":13,"sc":"#000000"},"geometry":{"type":"LineString","coordinates":[[5821.0,2174.7],[5820.5,2174.7],[5819.5,2174.2],[5819.0,2173.8],[5818.6,2172.8],[5818.6,2170.9],[5819.0,2169.9],[5819.5,2169.4],[5820.5,2169.0],[5821.4,2169.0],[5822.4,2169.4],[5823.8,2170.4],[5829.1,2175.2],[5829.1,2168.5]]}},{"type":"Feature","properties":{"id":"p:texto-negro:2129","n":16,"sc":"#000000"},"geometry":{"type":"LineString","coordinates":[[5818.6,2159.4],[5818.6,2164.2],[5822.9,2164.6],[5822.4,2164.2],[5821.9,2162.7],[5821.9,2161.3],[5822.4,2159.8],[5823.4,2158.9],[5824.8,2158.4],[5826.2,2158.4],[5827.7,2158.9],[5828.6,2159.8],[5829.1,2161.3],[5829.1,2162.7],[5828.6,2164.2],[5828.2,2164.6],[5827.2,2165.1]]}},{"type":"Feature","properties":{"id":"p:texto-negro:2130","n":10,"sc":"#000000"},"geometry":{"type":"LineString","coordinates":[[5829.1,2144],[5818.6,2144],[5818.6,2139.7],[5819.0,2138.2],[5819.5,2137.8],[5820.5,2136.8],[5821.9,2136.8],[5822.9,2137.8],[5823.4,2138.2],[5823.8,2139.7],[5823.8,2144]]}},{"type":"Feature","properties":{"id":"p:texto-negro:2131","n":3,"sc":"#000000"},"geometry":{"type":"LineString","coordinates":[[5829.1,2133.4],[5818.6,2133.4],[5829.1,2126.2],[5818.6,2126.2]]}},{"type":"Feature","properties":{"id":"p:texto-negro:2132","n":3,"sc":"#000000"},"geometry":{"type":"LineString","coordinates":[[5820.5,2110.9],[5820,2109.9],[5818.6,2108.5],[5829.1,2108.5]]}},{"type":"Feature","properties":{"id":"p:texto-negro:2133","n":16,"sc":"#000000"},"geometry":{"type":"LineString","coordinates":[[5818.6,2099.4],[5819.0,2100.8],[5820.5,2101.8],[5822.9,2102.2],[5824.3,2102.2],[5827.2,2101.8],[5828.6,2100.8],[5829.1,2099.4],[5829.1,2098.4],[5828.6,2096.5],[5827.2,2095.5],[5824.3,2095.0],[5822.9,2095.0],[5820.5,2095.5],[5819.0,2096.5],[5818.6,2098.4],[5818.6,2099.4]]}},{"type":"Feature","properties":{"id":"p:texto-negro:2134","n":1,"sc":"#000000"},"geometry":{"type":"LineString","coordinates":[[2456.2,692.5],[2456.2,510.1]]}},{"type":"Feature","properties":{"id":"p:texto-negro:2135","n":1,"sc":"#000000"},"geometry":{"type":"LineString","coordinates":[[2559.4,692.5],[2559.4,510.1]]}},{"type":"Feature","properties":{"id":"p:texto-negro:2136","n":1,"sc":"#000000"},"geometry":{"type":"LineString","coordinates":[[2469.6,517.3],[2545.9,517.3]]}},{"type":"Feature","properties":{"id":"p:texto-negro:2137","n":3,"sc":"#000000","fc":"#000000"},"geometry":{"type":"LineString","coordinates":[[2469.6,514.9],[2469.6,519.2],[2456.2,517.3],[2469.6,514.9]]}},{"type":"Feature","properties":{"id":"p:texto-negro:2138","n":3,"sc":"#000000","fc":"#000000"},"geometry":{"type":"LineString","coordinates":[[2545.9,514.9],[2545.9,519.2],[2559.4,517.3],[2545.9,514.9]]}},{"type":"Feature","properties":{"id":"p:texto-negro:2139","n":6,"sc":"#ffffff","fc":"#ffffff"},"geometry":{"type":"MultiLineString","coordinates":[[[2486.9,498.6],[2486.9,514.9],[2528.6,498.6],[2486.9,498.6]],[[2486.9,514.9],[2528.6,498.6],[2528.6,514.9],[2486.9,514.9]]]}},{"type":"Feature","properties":{"id":"p:texto-negro:2140","n":10,"sc":"#000000"},"geometry":{"type":"LineString","coordinates":[[2655.8,3486.1],[2655.8,3472.6],[2661.6,3472.6],[2664,3473.1],[2664.5,3473.6],[2665.0,3475.0],[2665.0,3477.0],[2664.5,3478.4],[2664,3478.9],[2661.6,3479.4],[2655.8,3479.4]]}},{"type":"Feature","properties":{"id":"p:texto-negro:2141","n":10,"sc":"#000000"},"geometry":{"type":"LineString","coordinates":[[2669.8,3486.1],[2669.8,3472.6],[2675.5,3472.6],[2677.4,3473.1],[2677.9,3473.6],[2678.9,3475.0],[2678.9,3476.5],[2677.9,3477.4],[2677.4,3478.4],[2675.5,3478.9],[2669.8,3478.9]]}},{"type":"Feature","properties":{"id":"p:texto-negro:2142","n":1,"sc":"#000000"},"geometry":{"type":"LineString","coordinates":[[2674.1,3478.9],[2678.9,3486.1]]}},{"type":"Feature","properties":{"id":"p:texto-negro:2143","n":20,"sc":"#000000"},"geometry":{"type":"LineString","coordinates":[[2686.6,3472.6],[2685.1,3473.1],[2684.2,3474.6],[2683.2,3475.5],[2682.7,3477.4],[2682.7,3480.8],[2683.2,3482.7],[2684.2,3484.2],[2685.1,3485.6],[2686.6,3486.1],[2689.0,3486.1],[2690.4,3485.6],[2691.8,3484.2],[2692.3,3482.7],[2693.3,3480.8],[2693.3,3477.9],[2692.3,3475.5],[2691.8,3474.6],[2690.4,3473.1],[2689.0,3472.6],[2686.6,3472.6]]}},{"type":"Feature","properties":{"id":"p:texto-negro:2144","n":2,"sc":"#000000"},"geometry":{"type":"LineString","coordinates":[[2695.7,3472.6],[2701.0,3478.9],[2701.0,3486.1]]}},{"type":"Feature","properties":{"id":"p:texto-negro:2145","n":1,"sc":"#000000"},"geometry":{"type":"LineString","coordinates":[[2706.2,3472.6],[2701.0,3478.9]]}},{"type":"Feature","properties":{"id":"p:texto-negro:2146","n":2,"sc":"#000000"},"geometry":{"type":"LineString","coordinates":[[2709.1,3486.1],[2709.1,3472.6],[2717.8,3472.6]]}},{"type":"Feature","properties":{"id":"p:texto-negro:2147","n":1,"sc":"#000000"},"geometry":{"type":"LineString","coordinates":[[2709.1,3478.9],[2714.4,3478.9]]}},{"type":"Feature","properties":{"id":"p:texto-negro:2148","n":1,"sc":"#000000"},"geometry":{"type":"LineString","coordinates":[[2709.1,3486.1],[2717.8,3486.1]]}},{"type":"Feature","properties":{"id":"p:texto-negro:2149","n":17,"sc":"#000000"},"geometry":{"type":"LineString","coordinates":[[2730.7,3476],[2730.2,3474.6],[2728.8,3473.1],[2727.4,3472.6],[2725.0,3472.6],[2723.5,3473.1],[2722.6,3474.6],[2721.6,3476],[2721.1,3477.9],[2721.1,3480.8],[2721.6,3483.2],[2722.6,3484.2],[2723.5,3485.6],[2725.0,3486.1],[2727.4,3486.1],[2728.8,3485.6],[2730.2,3484.2],[2730.7,3483.2]]}},{"type":"Feature","properties":{"id":"p:texto-negro:2150","n":1,"sc":"#000000"},"geometry":{"type":"LineString","coordinates":[[2737.9,3472.6],[2737.9,3486.1]]}},{"type":"Feature","properties":{"id":"p:texto-negro:2151","n":1,"sc":"#000000"},"geometry":{"type":"LineString","coordinates":[[2733.6,3472.6],[2742.7,3472.6]]}},{"type":"Feature","properties":{"id":"p:texto-negro:2152","n":2,"sc":"#000000"},"geometry":{"type":"LineString","coordinates":[[2743.7,3486.1],[2749.0,3472.6],[2754.2,3486.1]]}},{"type":"Feature","properties":{"id":"p:texto-negro:2153","n":1,"sc":"#000000"},"geometry":{"type":"LineString","coordinates":[[2745.6,3481.8],[2752.3,3481.8]]}},{"type":"Feature","properties":{"id":"p:texto-negro:2154","n":12,"sc":"#000000"},"geometry":{"type":"LineString","coordinates":[[2757.6,3486.1],[2757.6,3472.6],[2761.9,3472.6],[2763.8,3473.1],[2765.3,3474.6],[2765.8,3476],[2766.7,3477.9],[2766.7,3481.3],[2765.8,3483.2],[2765.3,3484.2],[2763.8,3485.6],[2761.9,3486.6],[2757.6,3486.1]]}},{"type":"Feature","properties":{"id":"p:texto-negro:2155","n":20,"sc":"#000000"},"geometry":{"type":"LineString","coordinates":[[2774.4,3472.6],[2773.0,3473.1],[2772,3474.6],[2771.0,3476],[2770.6,3477.9],[2770.6,3481.3],[2771.0,3483.2],[2772,3484.2],[2773.0,3485.6],[2774.4,3486.6],[2776.8,3486.6],[2778.2,3485.6],[2779.7,3484.6],[2780.2,3483.2],[2781.1,3481.3],[2781.1,3477.9],[2780.2,3476],[2779.7,3474.6],[2778.2,3473.1],[2777.3,3472.6],[2774.4,3472.6]]}},{"type":"Feature","properties":{"id":"p:texto-negro:2156","n":2,"sc":"#000000"},"geometry":{"type":"LineString","coordinates":[[2798.4,3485.6],[2798.4,3471.7],[2807.0,3471.7]]}},{"type":"Feature","properties":{"id":"p:texto-negro:2157","n":1,"sc":"#000000"},"geometry":{"type":"LineString","coordinates":[[2798.4,3478.4],[2803.7,3478.4]]}},{"type":"Feature","properties":{"id":"p:texto-negro:2158","n":1,"sc":"#000000"},"geometry":{"type":"LineString","coordinates":[[2798.4,3485.6],[2807.0,3485.6]]}},{"type":"Feature","properties":{"id":"p:texto-negro:2159","n":1,"sc":"#000000"},"geometry":{"type":"LineString","coordinates":[[2810.4,3471.7],[2819.0,3485.6]]}},{"type":"Feature","properties":{"id":"p:texto-negro:2160","n":1,"sc":"#000000"},"geometry":{"type":"LineString","coordinates":[[2819.0,3471.7],[2809.9,3485.6]]}},{"type":"Feature","properties":{"id":"p:texto-negro:2161","n":1,"sc":"#000000"},"geometry":{"type":"LineString","coordinates":[[2823.8,3471.7],[2823.8,3485.6]]}},{"type":"Feature","properties":{"id":"p:texto-negro:2162","n":19,"sc":"#000000"},"geometry":{"type":"LineString","coordinates":[[2837.3,3473.6],[2836.3,3472.6],[2834.4,3471.7],[2831.5,3471.7],[2829.6,3472.6],[2828.2,3473.6],[2828.2,3475.0],[2829.1,3476.5],[2829.6,3477.0],[2831.0,3477.4],[2834.9,3478.9],[2836.3,3479.8],[2836.8,3480.3],[2837.3,3481.8],[2837.3,3483.7],[2836.3,3484.6],[2834.4,3485.6],[2831.5,3485.6],[2829.6,3484.6],[2828.2,3483.7]]}},{"type":"Feature","properties":{"id":"p:texto-negro:2163","n":1,"sc":"#000000"},"geometry":{"type":"LineString","coordinates":[[2844.5,3471.7],[2844.5,3485.6]]}},{"type":"Feature","properties":{"id":"p:texto-negro:2164","n":1,"sc":"#000000"},"geometry":{"type":"LineString","coordinates":[[2840.2,3471.7],[2849.3,3471.7]]}},{"type":"Feature","properties":{"id":"p:texto-negro:2165","n":2,"sc":"#000000"},"geometry":{"type":"LineString","coordinates":[[2852.6,3485.6],[2852.6,3471.7],[2860.8,3471.7]]}},{"type":"Feature","properties":{"id":"p:texto-negro:2166","n":1,"sc":"#000000"},"geometry":{"type":"LineString","coordinates":[[2852.6,3478.4],[2857.4,3478.4]]}},{"type":"Feature","properties":{"id":"p:texto-negro:2167","n":1,"sc":"#000000"},"geometry":{"type":"LineString","coordinates":[[2852.6,3485.6],[2860.8,3485.6]]}},{"type":"Feature","properties":{"id":"p:texto-negro:2168","n":3,"sc":"#000000"},"geometry":{"type":"LineString","coordinates":[[2864.6,3485.6],[2864.6,3471.7],[2873.8,3485.6],[2873.8,3471.7]]}},{"type":"Feature","properties":{"id":"p:texto-negro:2169","n":1,"sc":"#000000"},"geometry":{"type":"LineString","coordinates":[[2881.9,3472.2],[2881.9,3485.6]]}},{"type":"Feature","properties":{"id":"p:texto-negro:2170","n":1,"sc":"#000000"},"geometry":{"type":"LineString","coordinates":[[2877.1,3472.2],[2886.2,3472.2]]}},{"type":"Feature","properties":{"id":"p:texto-negro:2171","n":2,"sc":"#000000"},"geometry":{"type":"LineString","coordinates":[[2889.6,3485.6],[2889.6,3472.2],[2898.2,3472.2]]}},{"type":"Feature","properties":{"id":"p:texto-negro:2172","n":1,"sc":"#000000"},"geometry":{"type":"LineString","coordinates":[[2889.6,3478.4],[2894.9,3478.4]]}},{"type":"Feature","properties":{"id":"p:texto-negro:2173","n":1,"sc":"#000000"},"geometry":{"type":"LineString","coordinates":[[2889.6,3485.6],[2898.2,3485.6]]}}]}