{"type":"FeatureCollection","name":"plano-muros","metadata":{"source_pdf":"AQUA014-HID-PL-015_C1.pdf","render_size_px":[6272,3600],"coord_system":"render-px (pixels of plano-base.png)","extracted_at":"2026-05-28T01:41:27Z","n_features":2377,"n_segments":2658},"features":[{"type":"Feature","properties":{"id":"p:muros:0","n":4,"sc":"#808080"},"geometry":{"type":"LineString","coordinates":[[1231.9,2414.8],[1213.1,2417.6],[1197.4,2427.0],[1186.2,2441.6],[1181.4,2460.0]]}},{"type":"Feature","properties":{"id":"p:muros:1","n":1,"sc":"#808080"},"geometry":{"type":"LineString","coordinates":[[1232.2,2401.8],[1423.7,2400.8]]}},{"type":"Feature","properties":{"id":"p:muros:2","n":1,"sc":"#808080"},"geometry":{"type":"LineString","coordinates":[[1233.6,2397.4],[1418.9,2396.5]]}},{"type":"Feature","properties":{"id":"p:muros:3","n":1,"sc":"#808080"},"geometry":{"type":"LineString","coordinates":[[1661.8,2164.6],[1662.2,2340.3]]}},{"type":"Feature","properties":{"id":"p:muros:4","n":1,"sc":"#808080"},"geometry":{"type":"LineString","coordinates":[[1664.6,2164.6],[1665.1,2340.3]]}},{"type":"Feature","properties":{"id":"p:muros:5","n":1,"sc":"#808080"},"geometry":{"type":"LineString","coordinates":[[1667.0,2164.6],[1668,2340.3]]}},{"type":"Feature","properties":{"id":"p:muros:6","n":1,"sc":"#808080"},"geometry":{"type":"LineString","coordinates":[[2242.1,2162.2],[2242.6,2337.0]]}},{"type":"Feature","properties":{"id":"p:muros:7","n":1,"sc":"#808080"},"geometry":{"type":"LineString","coordinates":[[2245.0,2162.2],[2245.4,2336.5]]}},{"type":"Feature","properties":{"id":"p:muros:8","n":1,"sc":"#808080"},"geometry":{"type":"LineString","coordinates":[[2243.5,2162.2],[2244,2337.0]]}},{"type":"Feature","properties":{"id":"p:muros:9","n":1,"sc":"#808080"},"geometry":{"type":"LineString","coordinates":[[2242.1,2162.2],[2242.6,2337.0]]}},{"type":"Feature","properties":{"id":"p:muros:10","n":1,"sc":"#808080"},"geometry":{"type":"LineString","coordinates":[[1529.8,2357.1],[1609.4,2356.6]]}},{"type":"Feature","properties":{"id":"p:muros:11","n":1,"sc":"#808080"},"geometry":{"type":"LineString","coordinates":[[1529.8,2351.4],[1609.4,2351.4]]}},{"type":"Feature","properties":{"id":"p:muros:12","n":1,"sc":"#808080"},"geometry":{"type":"LineString","coordinates":[[1232.2,2476.2],[1827.4,2473.8]]}},{"type":"Feature","properties":{"id":"p:muros:13","n":1,"sc":"#808080"},"geometry":{"type":"LineString","coordinates":[[1949.8,2473.3],[2866.6,2469.4]]}},{"type":"Feature","properties":{"id":"p:muros:14","n":1,"sc":"#808080"},"geometry":{"type":"LineString","coordinates":[[2916.5,2469.0],[3025.4,2468.5]]}},{"type":"Feature","properties":{"id":"p:muros:15","n":1,"sc":"#808080"},"geometry":{"type":"LineString","coordinates":[[1232.6,2481.9],[1820.6,2479.5]]}},{"type":"Feature","properties":{"id":"p:muros:16","n":1,"sc":"#808080"},"geometry":{"type":"LineString","coordinates":[[1956.5,2478.6],[2866.6,2474.7]]}},{"type":"Feature","properties":{"id":"p:muros:17","n":1,"sc":"#808080"},"geometry":{"type":"LineString","coordinates":[[2917.4,2474.7],[3251.5,2473.3]]}},{"type":"Feature","properties":{"id":"p:muros:18","n":1,"sc":"#808080"},"geometry":{"type":"LineString","coordinates":[[3276,2472.8],[3363.8,2472.8]]}},{"type":"Feature","properties":{"id":"p:muros:19","n":1,"sc":"#808080"},"geometry":{"type":"LineString","coordinates":[[3388.8,2472.3],[3448.8,2472.3]]}},{"type":"Feature","properties":{"id":"p:muros:20","n":1,"sc":"#808080"},"geometry":{"type":"LineString","coordinates":[[1599.4,2397.4],[1662.7,2397.0]]}},{"type":"Feature","properties":{"id":"p:muros:21","n":1,"sc":"#808080"},"geometry":{"type":"LineString","coordinates":[[1668.5,2397.0],[1914.2,2396]]}},{"type":"Feature","properties":{"id":"p:muros:22","n":1,"sc":"#808080"},"geometry":{"type":"LineString","coordinates":[[1998.7,2395.5],[2243.0,2394.6]]}},{"type":"Feature","properties":{"id":"p:muros:23","n":1,"sc":"#808080"},"geometry":{"type":"LineString","coordinates":[[2289.1,2351.4],[2373.1,2351.4]]}},{"type":"Feature","properties":{"id":"p:muros:24","n":1,"sc":"#808080"},"geometry":{"type":"LineString","coordinates":[[2289.1,2346.1],[2373.1,2345.6]]}},{"type":"Feature","properties":{"id":"p:muros:25","n":1,"sc":"#808080"},"geometry":{"type":"LineString","coordinates":[[1599.4,2400.3],[1914.2,2398.9]]}},{"type":"Feature","properties":{"id":"p:muros:26","n":1,"sc":"#808080"},"geometry":{"type":"LineString","coordinates":[[1998.7,2398.4],[2287.7,2397.0]]}},{"type":"Feature","properties":{"id":"p:muros:27","n":1,"sc":"#808080"},"geometry":{"type":"LineString","coordinates":[[1662.2,2340.3],[1662.7,2395.0]]}},{"type":"Feature","properties":{"id":"p:muros:28","n":1,"sc":"#808080"},"geometry":{"type":"LineString","coordinates":[[1668.5,2395.0],[1668,2340.3]]}},{"type":"Feature","properties":{"id":"p:muros:29","n":1,"sc":"#808080"},"geometry":{"type":"LineString","coordinates":[[2242.6,2337.0],[2243.0,2391.2]]}},{"type":"Feature","properties":{"id":"p:muros:30","n":1,"sc":"#808080"},"geometry":{"type":"LineString","coordinates":[[2245.9,2391.2],[2245.4,2336.5]]}},{"type":"Feature","properties":{"id":"p:muros:31","n":4,"sc":"#808080"},"geometry":{"type":"LineString","coordinates":[[1429.9,2353.7],[1433.1,2369.9],[1441.9,2383.2],[1454.8,2392.5],[1470.8,2396.4]]}},{"type":"Feature","properties":{"id":"p:muros:32","n":4,"sc":"#808080"},"geometry":{"type":"LineString","coordinates":[[1956.5,2397.0],[1953.3,2381.0],[1944.7,2367.8],[1931.9,2358.7],[1916.1,2354.8]]}},{"type":"Feature","properties":{"id":"p:muros:33","n":4,"sc":"#808080"},"geometry":{"type":"LineString","coordinates":[[1996.1,2354.3],[1980.3,2358.3],[1967.5,2367.6],[1959.0,2380.9],[1956.0,2396.9]]}},{"type":"Feature","properties":{"id":"p:muros:34","n":4,"sc":"#808080"},"geometry":{"type":"LineString","coordinates":[[2466.0,2325.5],[2451.1,2329.3],[2439.2,2338.1],[2431.2,2350.6],[2428.3,2365.7]]}},{"type":"Feature","properties":{"id":"p:muros:35","n":1,"sc":"#808080"},"geometry":{"type":"LineString","coordinates":[[2471.0,2363.4],[2470.1,2186.7]]}},{"type":"Feature","properties":{"id":"p:muros:36","n":1,"sc":"#808080"},"geometry":{"type":"LineString","coordinates":[[2470.1,2146.4],[2469.6,2086.4]]}},{"type":"Feature","properties":{"id":"p:muros:37","n":1,"sc":"#808080"},"geometry":{"type":"LineString","coordinates":[[2476.8,2393.6],[2475.8,2193.0]]}},{"type":"Feature","properties":{"id":"p:muros:38","n":1,"sc":"#808080"},"geometry":{"type":"LineString","coordinates":[[2473.9,2393.6],[2473.0,2193.0]]}},{"type":"Feature","properties":{"id":"p:muros:39","n":1,"sc":"#808080"},"geometry":{"type":"LineString","coordinates":[[2548.3,2192.5],[2547.8,2122.9]]}},{"type":"Feature","properties":{"id":"p:muros:40","n":1,"sc":"#808080"},"geometry":{"type":"LineString","coordinates":[[2545.4,2189.6],[2545.0,2086.4]]}},{"type":"Feature","properties":{"id":"p:muros:41","n":1,"sc":"#808080"},"geometry":{"type":"LineString","coordinates":[[2475.8,2146.4],[2475.4,2086.4]]}},{"type":"Feature","properties":{"id":"p:muros:42","n":4,"sc":"#808080"},"geometry":{"type":"LineString","coordinates":[[2512.7,2184.1],[2508.9,2169.2],[2500.1,2157.2],[2487.6,2149.3],[2472.5,2146.4]]}},{"type":"Feature","properties":{"id":"p:muros:43","n":1,"sc":"#808080"},"geometry":{"type":"LineString","coordinates":[[2471.0,2396.5],[2649.1,2395.5]]}},{"type":"Feature","properties":{"id":"p:muros:44","n":1,"sc":"#808080"},"geometry":{"type":"LineString","coordinates":[[2476.8,2393.6],[2646.2,2392.6]]}},{"type":"Feature","properties":{"id":"p:muros:45","n":1,"sc":"#808080"},"geometry":{"type":"LineString","coordinates":[[2475.8,2193.0],[2548.3,2192.5]]}},{"type":"Feature","properties":{"id":"p:muros:46","n":1,"sc":"#808080"},"geometry":{"type":"LineString","coordinates":[[2475.8,2190.1],[2545.4,2189.6]]}},{"type":"Feature","properties":{"id":"p:muros:47","n":1,"sc":"#808080"},"geometry":{"type":"LineString","coordinates":[[2648.6,2311.5],[2711.5,2311.5]]}},{"type":"Feature","properties":{"id":"p:muros:48","n":1,"sc":"#808080"},"geometry":{"type":"LineString","coordinates":[[2648.6,2308.6],[2711.5,2308.6]]}},{"type":"Feature","properties":{"id":"p:muros:49","n":1,"sc":"#808080"},"geometry":{"type":"LineString","coordinates":[[2646.2,2321.6],[2645.8,2212.6]]}},{"type":"Feature","properties":{"id":"p:muros:50","n":1,"sc":"#808080"},"geometry":{"type":"LineString","coordinates":[[2647.7,2321.6],[2647.2,2212.6]]}},{"type":"Feature","properties":{"id":"p:muros:51","n":1,"sc":"#808080"},"geometry":{"type":"LineString","coordinates":[[2645.3,2159.4],[2645.3,2085.9]]}},{"type":"Feature","properties":{"id":"p:muros:52","n":1,"sc":"#808080"},"geometry":{"type":"LineString","coordinates":[[2648.6,2308.6],[2648.6,2212.6]]}},{"type":"Feature","properties":{"id":"p:muros:53","n":1,"sc":"#808080"},"geometry":{"type":"LineString","coordinates":[[2779.7,2308.2],[2778.7,2121.4]]}},{"type":"Feature","properties":{"id":"p:muros:54","n":1,"sc":"#808080"},"geometry":{"type":"LineString","coordinates":[[2782.6,2308.2],[2781.6,2121.4]]}},{"type":"Feature","properties":{"id":"p:muros:55","n":1,"sc":"#808080"},"geometry":{"type":"LineString","coordinates":[[2781.1,2308.2],[2780.2,2121.4]]}},{"type":"Feature","properties":{"id":"p:muros:56","n":1,"sc":"#808080"},"geometry":{"type":"LineString","coordinates":[[2992.3,2143.0],[2992.3,2084]]}},{"type":"Feature","properties":{"id":"p:muros:57","n":1,"sc":"#808080"},"geometry":{"type":"LineString","coordinates":[[3464.2,2305.3],[3463.2,2118.6]]}},{"type":"Feature","properties":{"id":"p:muros:58","n":1,"sc":"#808080"},"geometry":{"type":"LineString","coordinates":[[3466.6,2303.8],[3465.6,2084]]}},{"type":"Feature","properties":{"id":"p:muros:59","n":1,"sc":"#808080"},"geometry":{"type":"LineString","coordinates":[[3996.5,2288.5],[3995.5,2077.3]]}},{"type":"Feature","properties":{"id":"p:muros:60","n":1,"sc":"#808080"},"geometry":{"type":"LineString","coordinates":[[4000.8,2301.4],[4000.3,2152.6]]}},{"type":"Feature","properties":{"id":"p:muros:61","n":1,"sc":"#808080"},"geometry":{"type":"LineString","coordinates":[[4000.3,2147.4],[3999.8,2081.6]]}},{"type":"Feature","properties":{"id":"p:muros:62","n":1,"sc":"#808080"},"geometry":{"type":"LineString","coordinates":[[2648.2,2159.4],[2647.7,2085.9]]}},{"type":"Feature","properties":{"id":"p:muros:63","n":4,"sc":"#808080"},"geometry":{"type":"LineString","coordinates":[[2604.1,2323.8],[2608.2,2339.9],[2617.7,2353.0],[2631.2,2361.7],[2647.6,2364.8]]}},{"type":"Feature","properties":{"id":"p:muros:64","n":1,"sc":"#808080"},"geometry":{"type":"LineString","coordinates":[[2475.4,2086.4],[2545.0,2086.4]]}},{"type":"Feature","properties":{"id":"p:muros:65","n":1,"sc":"#808080"},"geometry":{"type":"LineString","coordinates":[[2590.6,2085.9],[2645.3,2085.9]]}},{"type":"Feature","properties":{"id":"p:muros:66","n":1,"sc":"#808080"},"geometry":{"type":"LineString","coordinates":[[2645.3,2159.4],[2645.8,2212.6]]}},{"type":"Feature","properties":{"id":"p:muros:67","n":1,"sc":"#808080"},"geometry":{"type":"LineString","coordinates":[[2648.6,2212.6],[2648.2,2159.4]]}},{"type":"Feature","properties":{"id":"p:muros:68","n":1,"sc":"#808080"},"geometry":{"type":"LineString","coordinates":[[2760.5,2085.4],[2710.6,2085.4]]}},{"type":"Feature","properties":{"id":"p:muros:69","n":1,"sc":"#808080"},"geometry":{"type":"LineString","coordinates":[[2774.4,2129.1],[2774.9,2284.6]]}},{"type":"Feature","properties":{"id":"p:muros:70","n":1,"sc":"#808080"},"geometry":{"type":"LineString","coordinates":[[2750.9,2284.6],[2750.4,2129.1]]}},{"type":"Feature","properties":{"id":"p:muros:71","n":1,"sc":"#808080"},"geometry":{"type":"LineString","coordinates":[[2752.8,2284.6],[2751.8,2129.1]]}},{"type":"Feature","properties":{"id":"p:muros:72","n":1,"sc":"#808080"},"geometry":{"type":"LineString","coordinates":[[2809.9,2085.0],[2922.7,2084.5]]}},{"type":"Feature","properties":{"id":"p:muros:73","n":1,"sc":"#808080"},"geometry":{"type":"LineString","coordinates":[[3157.4,2083.5],[3214.1,2083.0]]}},{"type":"Feature","properties":{"id":"p:muros:74","n":1,"sc":"#808080"},"geometry":{"type":"LineString","coordinates":[[2971.7,2084.5],[2922.7,2084.5]]}},{"type":"Feature","properties":{"id":"p:muros:75","n":1,"sc":"#808080"},"geometry":{"type":"LineString","coordinates":[[2982.7,2112.3],[2813.3,2112.8]]}},{"type":"Feature","properties":{"id":"p:muros:76","n":1,"sc":"#808080"},"geometry":{"type":"LineString","coordinates":[[2935.7,2225.1],[2813.8,2225.6]]}},{"type":"Feature","properties":{"id":"p:muros:77","n":1,"sc":"#808080"},"geometry":{"type":"LineString","coordinates":[[2935.7,2228],[2813.8,2228.5]]}},{"type":"Feature","properties":{"id":"p:muros:78","n":1,"sc":"#808080"},"geometry":{"type":"LineString","coordinates":[[2810.9,2124.3],[2811.4,2225.6]]}},{"type":"Feature","properties":{"id":"p:muros:79","n":1,"sc":"#808080"},"geometry":{"type":"LineString","coordinates":[[2809.4,2125.8],[2809.9,2223.7]]}},{"type":"Feature","properties":{"id":"p:muros:80","n":1,"sc":"#808080"},"geometry":{"type":"LineString","coordinates":[[2783.5,2225.6],[2783.0,2124.3]]}},{"type":"Feature","properties":{"id":"p:muros:81","n":1,"sc":"#808080"},"geometry":{"type":"LineString","coordinates":[[3295.2,2308.6],[4030.6,2305.8]]}},{"type":"Feature","properties":{"id":"p:muros:82","n":1,"sc":"#808080"},"geometry":{"type":"LineString","coordinates":[[3466.6,2303.8],[3580.8,2303.4]]}},{"type":"Feature","properties":{"id":"p:muros:83","n":1,"sc":"#808080"},"geometry":{"type":"LineString","coordinates":[[2998.1,2143.0],[2998.6,2204]]}},{"type":"Feature","properties":{"id":"p:muros:84","n":1,"sc":"#808080"},"geometry":{"type":"LineString","coordinates":[[3301.0,2306.2],[3464.2,2305.3]]}},{"type":"Feature","properties":{"id":"p:muros:85","n":1,"sc":"#808080"},"geometry":{"type":"LineString","coordinates":[[2992.8,2204],[2992.3,2143.0]]}},{"type":"Feature","properties":{"id":"p:muros:86","n":1,"sc":"#808080"},"geometry":{"type":"LineString","coordinates":[[2995.2,2143.0],[2995.7,2204]]}},{"type":"Feature","properties":{"id":"p:muros:87","n":1,"sc":"#808080"},"geometry":{"type":"LineString","coordinates":[[3058.6,2081.1],[3157.4,2080.6]]}},{"type":"Feature","properties":{"id":"p:muros:88","n":1,"sc":"#808080"},"geometry":{"type":"LineString","coordinates":[[3157.4,2083.5],[3058.6,2084]]}},{"type":"Feature","properties":{"id":"p:muros:89","n":1,"sc":"#808080"},"geometry":{"type":"LineString","coordinates":[[3427.2,2082.6],[3327.8,2082.6]]}},{"type":"Feature","properties":{"id":"p:muros:90","n":1,"sc":"#808080"},"geometry":{"type":"LineString","coordinates":[[3427.2,2079.7],[3327.8,2080.2]]}},{"type":"Feature","properties":{"id":"p:muros:91","n":1,"sc":"#808080"},"geometry":{"type":"LineString","coordinates":[[3327.8,2081.6],[3427.2,2081.1]]}},{"type":"Feature","properties":{"id":"p:muros:92","n":1,"sc":"#808080"},"geometry":{"type":"LineString","coordinates":[[3058.6,2082.6],[3157.4,2082.1]]}},{"type":"Feature","properties":{"id":"p:muros:93","n":1,"sc":"#808080"},"geometry":{"type":"LineString","coordinates":[[4093.9,2076.8],[4232.2,2076.3]]}},{"type":"Feature","properties":{"id":"p:muros:94","n":1,"sc":"#808080"},"geometry":{"type":"LineString","coordinates":[[4108.3,2081.1],[4159.7,2080.6]]}},{"type":"Feature","properties":{"id":"p:muros:95","n":1,"sc":"#808080"},"geometry":{"type":"LineString","coordinates":[[4164,2080.6],[4232.2,2080.6]]}},{"type":"Feature","properties":{"id":"p:muros:96","n":1,"sc":"#808080"},"geometry":{"type":"LineString","coordinates":[[3587.0,2122.4],[3913.4,2121.0]]}},{"type":"Feature","properties":{"id":"p:muros:97","n":1,"sc":"#808080"},"geometry":{"type":"LineString","coordinates":[[3587.5,2290.4],[3996.5,2288.5]]}},{"type":"Feature","properties":{"id":"p:muros:98","n":1,"sc":"#808080"},"geometry":{"type":"LineString","coordinates":[[2866.6,2469.4],[2916.5,2469.0]]}},{"type":"Feature","properties":{"id":"p:muros:99","n":1,"sc":"#808080"},"geometry":{"type":"LineString","coordinates":[[2916.5,2474.7],[2866.6,2474.7]]}},{"type":"Feature","properties":{"id":"p:muros:100","n":1,"sc":"#808080"},"geometry":{"type":"LineString","coordinates":[[2866.6,2471.8],[2916.5,2471.8]]}},{"type":"Feature","properties":{"id":"p:muros:101","n":4,"sc":"#808080"},"geometry":{"type":"LineString","coordinates":[[3292.1,2232.4],[3275.5,2236.6],[3262.2,2246.3],[3253.3,2260.2],[3250.1,2276.9]]}},{"type":"Feature","properties":{"id":"p:muros:102","n":1,"sc":"#808080"},"geometry":{"type":"LineString","coordinates":[[4164,2080.6],[4165.0,2305.3]]}},{"type":"Feature","properties":{"id":"p:muros:103","n":1,"sc":"#808080"},"geometry":{"type":"LineString","coordinates":[[4170.2,2163.2],[4170.7,2296.6]]}},{"type":"Feature","properties":{"id":"p:muros:104","n":1,"sc":"#808080"},"geometry":{"type":"LineString","coordinates":[[4225.4,2162.7],[4226.4,2296.6]]}},{"type":"Feature","properties":{"id":"p:muros:105","n":1,"sc":"#808080"},"geometry":{"type":"LineString","coordinates":[[4239.4,2162.7],[4240.3,2296.2]]}},{"type":"Feature","properties":{"id":"p:muros:106","n":1,"sc":"#808080"},"geometry":{"type":"LineString","coordinates":[[4159.7,2080.6],[4160.2,2146.4]]}},{"type":"Feature","properties":{"id":"p:muros:107","n":1,"sc":"#808080"},"geometry":{"type":"LineString","coordinates":[[4160.2,2152.2],[4160.6,2300.5]]}},{"type":"Feature","properties":{"id":"p:muros:108","n":1,"sc":"#808080"},"geometry":{"type":"LineString","coordinates":[[4030.6,2301.0],[4087.2,2301.0]]}},{"type":"Feature","properties":{"id":"p:muros:109","n":1,"sc":"#808080"},"geometry":{"type":"LineString","coordinates":[[4087.2,2305.3],[4030.6,2305.8]]}},{"type":"Feature","properties":{"id":"p:muros:110","n":1,"sc":"#808080"},"geometry":{"type":"LineString","coordinates":[[4030.6,2303.4],[4087.2,2303.4]]}},{"type":"Feature","properties":{"id":"p:muros:111","n":4,"sc":"#808080"},"geometry":{"type":"LineString","coordinates":[[4153.7,2265.0],[4139.8,2268.7],[4128.6,2276.9],[4121.1,2288.7],[4118.4,2302.8]]}},{"type":"Feature","properties":{"id":"p:muros:112","n":1,"sc":"#808080"},"geometry":{"type":"LineString","coordinates":[[3355.2,2382.1],[3448.3,2381.6]]}},{"type":"Feature","properties":{"id":"p:muros:113","n":1,"sc":"#808080"},"geometry":{"type":"LineString","coordinates":[[3361.0,2387.4],[3441.6,2387.4]]}},{"type":"Feature","properties":{"id":"p:muros:114","n":1,"sc":"#808080"},"geometry":{"type":"LineString","coordinates":[[3448.3,2415.7],[3448.8,2472.3]]}},{"type":"Feature","properties":{"id":"p:muros:115","n":1,"sc":"#808080"},"geometry":{"type":"LineString","coordinates":[[3448.3,2407.5],[3602.4,2407.0]]}},{"type":"Feature","properties":{"id":"p:muros:116","n":1,"sc":"#808080"},"geometry":{"type":"LineString","coordinates":[[3619.2,2407.0],[3758.9,2406.6]]}},{"type":"Feature","properties":{"id":"p:muros:117","n":1,"sc":"#808080"},"geometry":{"type":"LineString","coordinates":[[3775.7,2406.6],[3900.5,2405.6]]}},{"type":"Feature","properties":{"id":"p:muros:118","n":1,"sc":"#808080"},"geometry":{"type":"LineString","coordinates":[[3978.7,2405.6],[4074.7,2405.1]]}},{"type":"Feature","properties":{"id":"p:muros:119","n":1,"sc":"#808080"},"geometry":{"type":"LineString","coordinates":[[4091.5,2405.1],[4291.7,2404.2]]}},{"type":"Feature","properties":{"id":"p:muros:120","n":1,"sc":"#808080"},"geometry":{"type":"LineString","coordinates":[[3448.3,2415.7],[3602.4,2414.7]]}},{"type":"Feature","properties":{"id":"p:muros:121","n":1,"sc":"#808080"},"geometry":{"type":"LineString","coordinates":[[3619.2,2414.7],[3758.9,2414.2]]}},{"type":"Feature","properties":{"id":"p:muros:122","n":1,"sc":"#808080"},"geometry":{"type":"LineString","coordinates":[[3775.7,2414.2],[3900.5,2413.8]]}},{"type":"Feature","properties":{"id":"p:muros:123","n":1,"sc":"#808080"},"geometry":{"type":"LineString","coordinates":[[3464.2,2552],[3979.2,2549.6]]}},{"type":"Feature","properties":{"id":"p:muros:124","n":1,"sc":"#808080"},"geometry":{"type":"LineString","coordinates":[[3464.2,2546.2],[3979.2,2543.8]]}},{"type":"Feature","properties":{"id":"p:muros:125","n":1,"sc":"#808080"},"geometry":{"type":"LineString","coordinates":[[3978.7,2413.3],[4074.7,2412.8]]}},{"type":"Feature","properties":{"id":"p:muros:126","n":1,"sc":"#808080"},"geometry":{"type":"LineString","coordinates":[[4091.5,2412.8],[4172.2,2412.3]]}},{"type":"Feature","properties":{"id":"p:muros:127","n":1,"sc":"#808080"},"geometry":{"type":"LineString","coordinates":[[4177.9,2412.3],[4339.7,2411.8]]}},{"type":"Feature","properties":{"id":"p:muros:128","n":1,"sc":"#808080"},"geometry":{"type":"LineString","coordinates":[[3441.6,2387.4],[3442.1,2466.6]]}},{"type":"Feature","properties":{"id":"p:muros:129","n":1,"sc":"#808080"},"geometry":{"type":"LineString","coordinates":[[3301.0,2382.1],[3203.0,2382.6]]}},{"type":"Feature","properties":{"id":"p:muros:130","n":1,"sc":"#808080"},"geometry":{"type":"LineString","coordinates":[[3163.7,2383.0],[3095.0,2383.0]]}},{"type":"Feature","properties":{"id":"p:muros:131","n":1,"sc":"#808080"},"geometry":{"type":"LineString","coordinates":[[3163.7,2388.3],[3097.0,2388.8]]}},{"type":"Feature","properties":{"id":"p:muros:132","n":1,"sc":"#808080"},"geometry":{"type":"LineString","coordinates":[[3295.2,2387.8],[3214.6,2388.3]]}},{"type":"Feature","properties":{"id":"p:muros:133","n":1,"sc":"#808080"},"geometry":{"type":"LineString","coordinates":[[3214.6,2388.3],[3215.0,2467.5]]}},{"type":"Feature","properties":{"id":"p:muros:134","n":1,"sc":"#808080"},"geometry":{"type":"LineString","coordinates":[[3208.8,2388.3],[3209.3,2467.5]]}},{"type":"Feature","properties":{"id":"p:muros:135","n":1,"sc":"#808080"},"geometry":{"type":"LineString","coordinates":[[3031.2,2468.5],[3209.3,2467.5]]}},{"type":"Feature","properties":{"id":"p:muros:136","n":1,"sc":"#808080"},"geometry":{"type":"LineString","coordinates":[[3388.8,2467.0],[3442.1,2466.6]]}},{"type":"Feature","properties":{"id":"p:muros:137","n":1,"sc":"#808080"},"geometry":{"type":"LineString","coordinates":[[3030.7,2433.0],[3089.3,2387.4]]}},{"type":"Feature","properties":{"id":"p:muros:138","n":1,"sc":"#808080"},"geometry":{"type":"LineString","coordinates":[[3092.6,2392.2],[3034.1,2437.3]]}},{"type":"Feature","properties":{"id":"p:muros:139","n":1,"sc":"#808080"},"geometry":{"type":"LineString","coordinates":[[3032.2,2434.9],[3090.7,2389.8]]}},{"type":"Feature","properties":{"id":"p:muros:140","n":4,"sc":"#808080"},"geometry":{"type":"LineString","coordinates":[[3163.7,2385.4],[3166.6,2400.0],[3174.5,2412.2],[3186.2,2420.6],[3200.7,2424.3]]}},{"type":"Feature","properties":{"id":"p:muros:141","n":1,"sc":"#808080"},"geometry":{"type":"LineString","coordinates":[[1233.1,2254.9],[1233.6,2397.4]]}},{"type":"Feature","properties":{"id":"p:muros:142","n":1,"sc":"#808080"},"geometry":{"type":"LineString","coordinates":[[2420.6,2086.9],[2422.1,2363.8]]}},{"type":"Feature","properties":{"id":"p:muros:143","n":1,"sc":"#808080"},"geometry":{"type":"LineString","coordinates":[[2419.2,2396.5],[2353.4,2397.0]]}},{"type":"Feature","properties":{"id":"p:muros:144","n":1,"sc":"#808080"},"geometry":{"type":"LineString","coordinates":[[2353.4,2394.1],[2416.8,2393.6]]}},{"type":"Feature","properties":{"id":"p:muros:145","n":1,"sc":"#808080"},"geometry":{"type":"LineString","coordinates":[[2416.8,2393.6],[2415.4,2086.9]]}},{"type":"Feature","properties":{"id":"p:muros:146","n":1,"sc":"#808080"},"geometry":{"type":"LineString","coordinates":[[2418.2,2393.6],[2416.8,2086.9]]}},{"type":"Feature","properties":{"id":"p:muros:147","n":1,"sc":"#808080"},"geometry":{"type":"LineString","coordinates":[[2415.4,2086.9],[2364,2086.9]]}},{"type":"Feature","properties":{"id":"p:muros:148","n":1,"sc":"#808080"},"geometry":{"type":"LineString","coordinates":[[2319.8,2087.4],[2244.5,2087.4]]}},{"type":"Feature","properties":{"id":"p:muros:149","n":1,"sc":"#808080"},"geometry":{"type":"LineString","coordinates":[[2241.6,2087.4],[2137.4,2087.8]]}},{"type":"Feature","properties":{"id":"p:muros:150","n":1,"sc":"#808080"},"geometry":{"type":"LineString","coordinates":[[2093.3,2088.3],[1921.9,2088.8]]}},{"type":"Feature","properties":{"id":"p:muros:151","n":1,"sc":"#808080"},"geometry":{"type":"LineString","coordinates":[[1877.3,2089.3],[1695.4,2089.8]]}},{"type":"Feature","properties":{"id":"p:muros:152","n":1,"sc":"#808080"},"geometry":{"type":"LineString","coordinates":[[1661.3,2089.8],[1476.5,2090.7]]}},{"type":"Feature","properties":{"id":"p:muros:153","n":1,"sc":"#808080"},"geometry":{"type":"LineString","coordinates":[[1476.5,2090.7],[1477.9,2397.9]]}},{"type":"Feature","properties":{"id":"p:muros:154","n":1,"sc":"#808080"},"geometry":{"type":"LineString","coordinates":[[1477.9,2397.9],[1543.7,2397.4]]}},{"type":"Feature","properties":{"id":"p:muros:155","n":1,"sc":"#808080"},"geometry":{"type":"LineString","coordinates":[[1543.7,2400.3],[1475.0,2400.8]]}},{"type":"Feature","properties":{"id":"p:muros:156","n":1,"sc":"#808080"},"geometry":{"type":"LineString","coordinates":[[1475.0,2350.4],[1474.6,2215.5]]}},{"type":"Feature","properties":{"id":"p:muros:157","n":1,"sc":"#808080"},"geometry":{"type":"LineString","coordinates":[[1474.6,2215.5],[1405.4,2215.5]]}},{"type":"Feature","properties":{"id":"p:muros:158","n":1,"sc":"#808080"},"geometry":{"type":"LineString","coordinates":[[1410.7,2210.2],[1474.6,2209.8]]}},{"type":"Feature","properties":{"id":"p:muros:159","n":1,"sc":"#808080"},"geometry":{"type":"LineString","coordinates":[[1474.6,2209.8],[1474.1,2128.6]]}},{"type":"Feature","properties":{"id":"p:muros:160","n":1,"sc":"#808080"},"geometry":{"type":"LineString","coordinates":[[1474.1,2128.6],[1410.7,2129.1]]}},{"type":"Feature","properties":{"id":"p:muros:161","n":1,"sc":"#808080"},"geometry":{"type":"LineString","coordinates":[[1405.4,2171.8],[1405.0,2123.4]]}},{"type":"Feature","properties":{"id":"p:muros:162","n":1,"sc":"#808080"},"geometry":{"type":"LineString","coordinates":[[1405.0,2123.4],[1474.1,2122.9]]}},{"type":"Feature","properties":{"id":"p:muros:163","n":1,"sc":"#808080"},"geometry":{"type":"LineString","coordinates":[[1474.1,2090.7],[1392,2091.2]]}},{"type":"Feature","properties":{"id":"p:muros:164","n":1,"sc":"#808080"},"geometry":{"type":"LineString","coordinates":[[1392,2088.3],[2438.9,2084]]}},{"type":"Feature","properties":{"id":"p:muros:165","n":1,"sc":"#808080"},"geometry":{"type":"LineString","coordinates":[[2456.6,2084],[2661.1,2083.0]]}},{"type":"Feature","properties":{"id":"p:muros:166","n":1,"sc":"#808080"},"geometry":{"type":"LineString","coordinates":[[2760.5,2082.6],[2922.7,2081.6]]}},{"type":"Feature","properties":{"id":"p:muros:167","n":1,"sc":"#808080"},"geometry":{"type":"LineString","coordinates":[[2971.7,2081.6],[3058.6,2081.1]]}},{"type":"Feature","properties":{"id":"p:muros:168","n":1,"sc":"#808080"},"geometry":{"type":"LineString","coordinates":[[2294.4,529.3],[2125.9,530.2]]}},{"type":"Feature","properties":{"id":"p:muros:169","n":1,"sc":"#808080"},"geometry":{"type":"LineString","coordinates":[[4345.0,1541.6],[4345.4,1711.0]]}},{"type":"Feature","properties":{"id":"p:muros:170","n":1,"sc":"#808080"},"geometry":{"type":"LineString","coordinates":[[3421.4,456.8],[3421.9,542.2]]}},{"type":"Feature","properties":{"id":"p:muros:171","n":1,"sc":"#808080"},"geometry":{"type":"LineString","coordinates":[[3397.4,550.9],[3548.2,549.9]]}},{"type":"Feature","properties":{"id":"p:muros:172","n":1,"sc":"#808080"},"geometry":{"type":"LineString","coordinates":[[3556.3,549.9],[3875.5,548.5]]}},{"type":"Feature","properties":{"id":"p:muros:173","n":1,"sc":"#808080"},"geometry":{"type":"LineString","coordinates":[[3875.5,548.5],[3876,718.9]]}},{"type":"Feature","properties":{"id":"p:muros:174","n":1,"sc":"#808080"},"geometry":{"type":"LineString","coordinates":[[3876,718.9],[3557.3,720.3]]}},{"type":"Feature","properties":{"id":"p:muros:175","n":1,"sc":"#808080"},"geometry":{"type":"LineString","coordinates":[[3557.3,720.3],[3557.3,670.4]]}},{"type":"Feature","properties":{"id":"p:muros:176","n":1,"sc":"#808080"},"geometry":{"type":"LineString","coordinates":[[3548.6,670.4],[3549.6,913.3]]}},{"type":"Feature","properties":{"id":"p:muros:177","n":1,"sc":"#808080"},"geometry":{"type":"LineString","coordinates":[[3558.2,913.3],[3557.8,852.3]]}},{"type":"Feature","properties":{"id":"p:muros:178","n":1,"sc":"#808080"},"geometry":{"type":"LineString","coordinates":[[3557.8,852.3],[3876.5,850.9]]}},{"type":"Feature","properties":{"id":"p:muros:179","n":1,"sc":"#808080"},"geometry":{"type":"LineString","coordinates":[[3876.5,850.9],[3877.4,1020.3]]}},{"type":"Feature","properties":{"id":"p:muros:180","n":1,"sc":"#808080"},"geometry":{"type":"LineString","coordinates":[[3877.4,1020.3],[3558.7,1021.8]]}},{"type":"Feature","properties":{"id":"p:muros:181","n":1,"sc":"#808080"},"geometry":{"type":"LineString","coordinates":[[3550.1,996.8],[3550.6,1076]]}},{"type":"Feature","properties":{"id":"p:muros:182","n":1,"sc":"#808080"},"geometry":{"type":"LineString","coordinates":[[3558.7,1076],[3558.7,1025.1]]}},{"type":"Feature","properties":{"id":"p:muros:183","n":1,"sc":"#808080"},"geometry":{"type":"LineString","coordinates":[[3558.7,1025.1],[3877.4,1023.7]]}},{"type":"Feature","properties":{"id":"p:muros:184","n":1,"sc":"#808080"},"geometry":{"type":"LineString","coordinates":[[3877.4,1023.7],[3878.4,1256.5]]}},{"type":"Feature","properties":{"id":"p:muros:185","n":1,"sc":"#808080"},"geometry":{"type":"LineString","coordinates":[[3878.4,1256.5],[3559.7,1257.9]]}},{"type":"Feature","properties":{"id":"p:muros:186","n":1,"sc":"#808080"},"geometry":{"type":"LineString","coordinates":[[3559.7,1257.9],[3559.2,1159.5]]}},{"type":"Feature","properties":{"id":"p:muros:187","n":1,"sc":"#808080"},"geometry":{"type":"LineString","coordinates":[[3551.0,1159.5],[3551.5,1365.0]]}},{"type":"Feature","properties":{"id":"p:muros:188","n":1,"sc":"#808080"},"geometry":{"type":"LineString","coordinates":[[3560.2,1365.0],[3559.7,1261.3]]}},{"type":"Feature","properties":{"id":"p:muros:189","n":1,"sc":"#808080"},"geometry":{"type":"LineString","coordinates":[[3559.7,1261.3],[3878.4,1259.8]]}},{"type":"Feature","properties":{"id":"p:muros:190","n":1,"sc":"#808080"},"geometry":{"type":"LineString","coordinates":[[3878.4,1259.8],[3879.4,1491.7]]}},{"type":"Feature","properties":{"id":"p:muros:191","n":1,"sc":"#808080"},"geometry":{"type":"LineString","coordinates":[[3879.4,1491.7],[3560.6,1493.1]]}},{"type":"Feature","properties":{"id":"p:muros:192","n":1,"sc":"#808080"},"geometry":{"type":"LineString","coordinates":[[3552,1448.5],[3552.5,1523.8]]}},{"type":"Feature","properties":{"id":"p:muros:193","n":1,"sc":"#808080"},"geometry":{"type":"LineString","coordinates":[[3560.6,1496.5],[3879.4,1495.0]]}},{"type":"Feature","properties":{"id":"p:muros:194","n":1,"sc":"#808080"},"geometry":{"type":"LineString","coordinates":[[3879.4,1495.0],[3880.3,1725.4]]}},{"type":"Feature","properties":{"id":"p:muros:195","n":1,"sc":"#808080"},"geometry":{"type":"LineString","coordinates":[[3880.3,1725.4],[3561.6,1726.9]]}},{"type":"Feature","properties":{"id":"p:muros:196","n":1,"sc":"#808080"},"geometry":{"type":"LineString","coordinates":[[3561.6,1726.9],[3561.1,1607.4]]}},{"type":"Feature","properties":{"id":"p:muros:197","n":1,"sc":"#808080"},"geometry":{"type":"LineString","coordinates":[[3553.0,1607.4],[3553.9,1842.6]]}},{"type":"Feature","properties":{"id":"p:muros:198","n":1,"sc":"#808080"},"geometry":{"type":"LineString","coordinates":[[3562.1,1842.6],[3561.6,1730.2]]}},{"type":"Feature","properties":{"id":"p:muros:199","n":1,"sc":"#808080"},"geometry":{"type":"LineString","coordinates":[[3561.6,1730.2],[3880.3,1728.8]]}},{"type":"Feature","properties":{"id":"p:muros:200","n":1,"sc":"#808080"},"geometry":{"type":"LineString","coordinates":[[3880.3,1728.8],[3881.3,1960.6]]}},{"type":"Feature","properties":{"id":"p:muros:201","n":1,"sc":"#808080"},"geometry":{"type":"LineString","coordinates":[[3881.3,1960.6],[3562.6,1962.1]]}},{"type":"Feature","properties":{"id":"p:muros:202","n":1,"sc":"#808080"},"geometry":{"type":"LineString","coordinates":[[3554.4,1970.7],[3889.9,1969.3]]}},{"type":"Feature","properties":{"id":"p:muros:203","n":1,"sc":"#808080"},"geometry":{"type":"LineString","coordinates":[[3889.9,1969.3],[3887.0,1264.6]]}},{"type":"Feature","properties":{"id":"p:muros:204","n":1,"sc":"#808080"},"geometry":{"type":"LineString","coordinates":[[3920.2,1264.6],[3919.7,1195.0]]}},{"type":"Feature","properties":{"id":"p:muros:205","n":1,"sc":"#808080"},"geometry":{"type":"LineString","coordinates":[[3886.6,1195.0],[3883.7,548.5]]}},{"type":"Feature","properties":{"id":"p:muros:206","n":1,"sc":"#808080"},"geometry":{"type":"LineString","coordinates":[[3883.7,548.5],[4402.1,546.6]]}},{"type":"Feature","properties":{"id":"p:muros:207","n":1,"sc":"#808080"},"geometry":{"type":"LineString","coordinates":[[4373.8,538.4],[4373.3,452.5]]}},{"type":"Feature","properties":{"id":"p:muros:208","n":1,"sc":"#808080"},"geometry":{"type":"LineString","coordinates":[[4325.8,452.5],[4325.3,402.6]]}},{"type":"Feature","properties":{"id":"p:muros:209","n":1,"sc":"#808080"},"geometry":{"type":"LineString","coordinates":[[4314.7,448.6],[3474.2,452.5]]}},{"type":"Feature","properties":{"id":"p:muros:210","n":1,"sc":"#808080"},"geometry":{"type":"LineString","coordinates":[[3463.2,406.4],[3463.2,456.3]]}},{"type":"Feature","properties":{"id":"p:muros:211","n":1,"sc":"#808080"},"geometry":{"type":"LineString","coordinates":[[3253.9,551.4],[3255.4,863.4]]}},{"type":"Feature","properties":{"id":"p:muros:212","n":1,"sc":"#808080"},"geometry":{"type":"LineString","coordinates":[[3925.4,1189.3],[3925.9,1269.9]]}},{"type":"Feature","properties":{"id":"p:muros:213","n":1,"sc":"#808080"},"geometry":{"type":"LineString","coordinates":[[3552.5,586.9],[3469.0,587.4]]}},{"type":"Feature","properties":{"id":"p:muros:214","n":1,"sc":"#808080"},"geometry":{"type":"LineString","coordinates":[[3469.0,592.6],[3552.5,592.2]]}},{"type":"Feature","properties":{"id":"p:muros:215","n":4,"sc":"#808080"},"geometry":{"type":"LineString","coordinates":[[3469.2,592.6],[3477.4,623.1],[3495.6,647.7],[3521.5,664.1],[3552.6,669.9]]}},{"type":"Feature","properties":{"id":"p:muros:216","n":1,"sc":"#808080"},"geometry":{"type":"LineString","coordinates":[[3556.8,1523.8],[3473.3,1524.3]]}},{"type":"Feature","properties":{"id":"p:muros:217","n":1,"sc":"#808080"},"geometry":{"type":"LineString","coordinates":[[3473.3,1529.6],[3556.8,1529.1]]}},{"type":"Feature","properties":{"id":"p:muros:218","n":4,"sc":"#808080"},"geometry":{"type":"LineString","coordinates":[[3473.5,1529.5],[3481.7,1560.1],[3499.9,1584.7],[3525.8,1601.0],[3556.9,1606.9]]}},{"type":"Feature","properties":{"id":"p:muros:219","n":1,"sc":"#808080"},"geometry":{"type":"LineString","coordinates":[[3557.8,1842.6],[3474.7,1843.0]]}},{"type":"Feature","properties":{"id":"p:muros:220","n":1,"sc":"#808080"},"geometry":{"type":"LineString","coordinates":[[3474.7,1848.3],[3557.8,1848.3]]}},{"type":"Feature","properties":{"id":"p:muros:221","n":4,"sc":"#808080"},"geometry":{"type":"LineString","coordinates":[[3474.5,1848.2],[3482.6,1878.8],[3500.9,1903.4],[3526.8,1919.7],[3557.9,1925.6]]}},{"type":"Feature","properties":{"id":"p:muros:222","n":1,"sc":"#808080"},"geometry":{"type":"LineString","coordinates":[[3555.8,1365.0],[3472.3,1365.4]]}},{"type":"Feature","properties":{"id":"p:muros:223","n":1,"sc":"#808080"},"geometry":{"type":"LineString","coordinates":[[3472.3,1371.2],[3555.8,1370.7]]}},{"type":"Feature","properties":{"id":"p:muros:224","n":4,"sc":"#808080"},"geometry":{"type":"LineString","coordinates":[[3472.5,1370.6],[3480.7,1401.2],[3499.0,1425.8],[3524.9,1442.1],[3556.0,1448.0]]}},{"type":"Feature","properties":{"id":"p:muros:225","n":1,"sc":"#808080"},"geometry":{"type":"LineString","coordinates":[[3554.9,1159.5],[3471.4,1159.5]]}},{"type":"Feature","properties":{"id":"p:muros:226","n":1,"sc":"#808080"},"geometry":{"type":"LineString","coordinates":[[3471.4,1154.2],[3554.9,1153.8]]}},{"type":"Feature","properties":{"id":"p:muros:227","n":4,"sc":"#808080"},"geometry":{"type":"LineString","coordinates":[[3554.3,1076.0],[3523.2,1082.1],[3497.5,1098.7],[3479.4,1123.5],[3471.5,1154.1]]}},{"type":"Feature","properties":{"id":"p:muros:228","n":1,"sc":"#808080"},"geometry":{"type":"LineString","coordinates":[[3554.4,996.8],[3470.9,997.3]]}},{"type":"Feature","properties":{"id":"p:muros:229","n":1,"sc":"#808080"},"geometry":{"type":"LineString","coordinates":[[3470.9,991.5],[3554.4,991.5]]}},{"type":"Feature","properties":{"id":"p:muros:230","n":4,"sc":"#808080"},"geometry":{"type":"LineString","coordinates":[[3553.8,913.3],[3522.8,919.4],[3497.0,936.0],[3479.0,960.7],[3471.0,991.4]]}},{"type":"Feature","properties":{"id":"p:muros:231","n":1,"sc":"#808080"},"geometry":{"type":"LineString","coordinates":[[3463.2,1195.5],[3463.2,1262.2]]}},{"type":"Feature","properties":{"id":"p:muros:232","n":1,"sc":"#808080"},"geometry":{"type":"LineString","coordinates":[[3410.4,1268],[3551.5,1267.0]]}},{"type":"Feature","properties":{"id":"p:muros:233","n":1,"sc":"#808080"},"geometry":{"type":"LineString","coordinates":[[3438.2,1262.2],[3438.2,1195.5]]}},{"type":"Feature","properties":{"id":"p:muros:234","n":1,"sc":"#808080"},"geometry":{"type":"LineString","coordinates":[[3409.9,1178.7],[3410.4,1268]]}},{"type":"Feature","properties":{"id":"p:muros:235","n":1,"sc":"#808080"},"geometry":{"type":"LineString","coordinates":[[3409.9,1178.7],[3551.0,1178.2]]}},{"type":"Feature","properties":{"id":"p:muros:236","n":1,"sc":"#808080"},"geometry":{"type":"LineString","coordinates":[[1965.6,2811.2],[1966.1,2887.0]]}},{"type":"Feature","properties":{"id":"p:muros:237","n":1,"sc":"#808080"},"geometry":{"type":"LineString","coordinates":[[1958.9,2811.2],[1959.4,2887.0]]}},{"type":"Feature","properties":{"id":"p:muros:238","n":1,"sc":"#808080"},"geometry":{"type":"LineString","coordinates":[[1980.5,2887.0],[1980.5,2963.8]]}},{"type":"Feature","properties":{"id":"p:muros:239","n":1,"sc":"#808080"},"geometry":{"type":"LineString","coordinates":[[1973.8,2893.8],[1973.8,2970.6]]}},{"type":"Feature","properties":{"id":"p:muros:240","n":1,"sc":"#808080"},"geometry":{"type":"LineString","coordinates":[[2314.1,2724.8],[2315.0,2962.4]]}},{"type":"Feature","properties":{"id":"p:muros:241","n":1,"sc":"#808080"},"geometry":{"type":"LineString","coordinates":[[2320.3,2718.1],[2322.2,3122.7]]}},{"type":"Feature","properties":{"id":"p:muros:242","n":1,"sc":"#808080"},"geometry":{"type":"LineString","coordinates":[[1965.1,2726.2],[2237.8,2725.3]]}},{"type":"Feature","properties":{"id":"p:muros:243","n":1,"sc":"#808080"},"geometry":{"type":"LineString","coordinates":[[1965.1,2751.2],[2314.1,2749.8]]}},{"type":"Feature","properties":{"id":"p:muros:244","n":1,"sc":"#808080"},"geometry":{"type":"LineString","coordinates":[[1965.1,2719.5],[2237.8,2718.6]]}},{"type":"Feature","properties":{"id":"p:muros:245","n":1,"sc":"#808080"},"geometry":{"type":"LineString","coordinates":[[1478.4,2728.2],[1479.4,2965.8]]}},{"type":"Feature","properties":{"id":"p:muros:246","n":1,"sc":"#808080"},"geometry":{"type":"LineString","coordinates":[[1471.7,2721.9],[1473.1,3126.1]]}},{"type":"Feature","properties":{"id":"p:muros:247","n":1,"sc":"#808080"},"geometry":{"type":"LineString","coordinates":[[1478.4,2728.2],[1561.9,2728.2]]}},{"type":"Feature","properties":{"id":"p:muros:248","n":1,"sc":"#808080"},"geometry":{"type":"LineString","coordinates":[[1604.6,2727.7],[1821.6,2726.7]]}},{"type":"Feature","properties":{"id":"p:muros:249","n":1,"sc":"#808080"},"geometry":{"type":"LineString","coordinates":[[1478.4,2753.6],[1821.6,2752.2]]}},{"type":"Feature","properties":{"id":"p:muros:250","n":1,"sc":"#808080"},"geometry":{"type":"LineString","coordinates":[[1471.7,2721.9],[1561.9,2721.4]]}},{"type":"Feature","properties":{"id":"p:muros:251","n":1,"sc":"#808080"},"geometry":{"type":"LineString","coordinates":[[1604.6,2721.0],[1821.6,2720]]}},{"type":"Feature","properties":{"id":"p:muros:252","n":1,"sc":"#808080"},"geometry":{"type":"LineString","coordinates":[[1821.6,2771.8],[1877.3,2771.8]]}},{"type":"Feature","properties":{"id":"p:muros:253","n":1,"sc":"#808080"},"geometry":{"type":"LineString","coordinates":[[1828.3,2765.1],[1884,2765.1]]}},{"type":"Feature","properties":{"id":"p:muros:254","n":1,"sc":"#808080"},"geometry":{"type":"LineString","coordinates":[[1877.8,2811.7],[1877.8,2887.5]]}},{"type":"Feature","properties":{"id":"p:muros:255","n":1,"sc":"#808080"},"geometry":{"type":"LineString","coordinates":[[1884.5,2811.7],[1884.5,2887.5]]}},{"type":"Feature","properties":{"id":"p:muros:256","n":1,"sc":"#808080"},"geometry":{"type":"LineString","coordinates":[[1232.6,2481.9],[1232.6,2546.7]]}},{"type":"Feature","properties":{"id":"p:muros:257","n":1,"sc":"#808080"},"geometry":{"type":"LineString","coordinates":[[1828.3,2696.5],[1828.3,2765.1]]}},{"type":"Feature","properties":{"id":"p:muros:258","n":1,"sc":"#808080"},"geometry":{"type":"LineString","coordinates":[[1863.4,2887.5],[1863.8,2964.3]]}},{"type":"Feature","properties":{"id":"p:muros:259","n":1,"sc":"#808080"},"geometry":{"type":"LineString","coordinates":[[1870.1,2894.2],[1870.6,2971.0]]}},{"type":"Feature","properties":{"id":"p:muros:260","n":1,"sc":"#808080"},"geometry":{"type":"LineString","coordinates":[[1479.4,2965.8],[1863.8,2964.3]]}},{"type":"Feature","properties":{"id":"p:muros:261","n":1,"sc":"#808080"},"geometry":{"type":"LineString","coordinates":[[1980.5,2963.8],[2315.0,2962.4]]}},{"type":"Feature","properties":{"id":"p:muros:262","n":1,"sc":"#808080"},"geometry":{"type":"LineString","coordinates":[[1479.4,2972.5],[1870.6,2971.0]]}},{"type":"Feature","properties":{"id":"p:muros:263","n":1,"sc":"#808080"},"geometry":{"type":"LineString","coordinates":[[1479.8,3126.1],[1871.0,3124.6]]}},{"type":"Feature","properties":{"id":"p:muros:264","n":1,"sc":"#808080"},"geometry":{"type":"LineString","coordinates":[[1479.8,3126.1],[1871.0,3124.6]]}},{"type":"Feature","properties":{"id":"p:muros:265","n":1,"sc":"#808080"},"geometry":{"type":"LineString","coordinates":[[1973.8,2970.6],[2315.0,2969.1]]}},{"type":"Feature","properties":{"id":"p:muros:266","n":1,"sc":"#808080"},"geometry":{"type":"LineString","coordinates":[[1918.6,2893.8],[1919.5,3117.4]]}},{"type":"Feature","properties":{"id":"p:muros:267","n":1,"sc":"#808080"},"geometry":{"type":"LineString","coordinates":[[1925.3,2893.8],[1926.2,3117.4]]}},{"type":"Feature","properties":{"id":"p:muros:268","n":1,"sc":"#808080"},"geometry":{"type":"LineString","coordinates":[[1950.7,2695.5],[1949.8,2473.3]]}},{"type":"Feature","properties":{"id":"p:muros:269","n":1,"sc":"#808080"},"geometry":{"type":"LineString","coordinates":[[1957.0,2688.8],[1956.5,2478.6]]}},{"type":"Feature","properties":{"id":"p:muros:270","n":1,"sc":"#808080"},"geometry":{"type":"LineString","coordinates":[[1827.4,2525.1],[1827.4,2473.8]]}},{"type":"Feature","properties":{"id":"p:muros:271","n":1,"sc":"#808080"},"geometry":{"type":"LineString","coordinates":[[1950.7,2695.5],[1828.3,2696.5]]}},{"type":"Feature","properties":{"id":"p:muros:272","n":1,"sc":"#808080"},"geometry":{"type":"LineString","coordinates":[[1827.4,2473.8],[1949.8,2473.3]]}},{"type":"Feature","properties":{"id":"p:muros:273","n":1,"sc":"#808080"},"geometry":{"type":"LineString","coordinates":[[1827.4,2487.7],[1949.8,2487.2]]}},{"type":"Feature","properties":{"id":"p:muros:274","n":1,"sc":"#808080"},"geometry":{"type":"LineString","coordinates":[[1827.4,2501.6],[1949.8,2501.1]]}},{"type":"Feature","properties":{"id":"p:muros:275","n":1,"sc":"#808080"},"geometry":{"type":"LineString","coordinates":[[1827.4,2515.5],[1949.8,2515.0]]}},{"type":"Feature","properties":{"id":"p:muros:276","n":1,"sc":"#808080"},"geometry":{"type":"LineString","coordinates":[[1827.4,2529.4],[1949.8,2529.0]]}},{"type":"Feature","properties":{"id":"p:muros:277","n":1,"sc":"#808080"},"geometry":{"type":"LineString","coordinates":[[1827.4,2543.4],[1949.8,2542.9]]}},{"type":"Feature","properties":{"id":"p:muros:278","n":1,"sc":"#808080"},"geometry":{"type":"LineString","coordinates":[[1827.4,2557.3],[1949.8,2556.8]]}},{"type":"Feature","properties":{"id":"p:muros:279","n":1,"sc":"#808080"},"geometry":{"type":"LineString","coordinates":[[1827.4,2571.2],[1950.2,2570.7]]}},{"type":"Feature","properties":{"id":"p:muros:280","n":1,"sc":"#808080"},"geometry":{"type":"LineString","coordinates":[[1827.8,2585.1],[1950.2,2584.6]]}},{"type":"Feature","properties":{"id":"p:muros:281","n":1,"sc":"#808080"},"geometry":{"type":"LineString","coordinates":[[1827.8,2599.0],[1950.2,2598.6]]}},{"type":"Feature","properties":{"id":"p:muros:282","n":1,"sc":"#808080"},"geometry":{"type":"LineString","coordinates":[[1827.8,2613.0],[1950.2,2612.5]]}},{"type":"Feature","properties":{"id":"p:muros:283","n":1,"sc":"#808080"},"geometry":{"type":"LineString","coordinates":[[1827.8,2626.9],[1950.2,2626.4]]}},{"type":"Feature","properties":{"id":"p:muros:284","n":1,"sc":"#808080"},"geometry":{"type":"LineString","coordinates":[[1827.8,2640.8],[1950.2,2640.3]]}},{"type":"Feature","properties":{"id":"p:muros:285","n":1,"sc":"#808080"},"geometry":{"type":"LineString","coordinates":[[1827.8,2654.7],[1950.2,2654.2]]}},{"type":"Feature","properties":{"id":"p:muros:286","n":1,"sc":"#808080"},"geometry":{"type":"LineString","coordinates":[[1827.8,2668.6],[1950.2,2668.2]]}},{"type":"Feature","properties":{"id":"p:muros:287","n":1,"sc":"#808080"},"geometry":{"type":"LineString","coordinates":[[1827.8,2682.6],[1950.7,2681.6]]}},{"type":"Feature","properties":{"id":"p:muros:288","n":1,"sc":"#808080"},"geometry":{"type":"LineString","coordinates":[[4162.6,2537.6],[4162.1,2438.7]]}},{"type":"Feature","properties":{"id":"p:muros:289","n":1,"sc":"#808080"},"geometry":{"type":"LineString","coordinates":[[4168.3,2543.4],[4167.8,2433.0]]}},{"type":"Feature","properties":{"id":"p:muros:290","n":1,"sc":"#808080"},"geometry":{"type":"LineString","coordinates":[[3978.7,2433.9],[4167.8,2433.0]]}},{"type":"Feature","properties":{"id":"p:muros:291","n":1,"sc":"#808080"},"geometry":{"type":"LineString","coordinates":[[3979.2,2543.8],[4168.3,2543.4]]}},{"type":"Feature","properties":{"id":"p:muros:292","n":1,"sc":"#808080"},"geometry":{"type":"LineString","coordinates":[[3984.5,2538.6],[4162.6,2537.6]]}},{"type":"Feature","properties":{"id":"p:muros:293","n":1,"sc":"#808080"},"geometry":{"type":"LineString","coordinates":[[3984.5,2439.2],[4162.1,2438.7]]}},{"type":"Feature","properties":{"id":"p:muros:294","n":1,"sc":"#808080"},"geometry":{"type":"LineString","coordinates":[[3981.6,2513.6],[3925.9,2513.6]]}},{"type":"Feature","properties":{"id":"p:muros:295","n":1,"sc":"#808080"},"geometry":{"type":"LineString","coordinates":[[3925.9,2511.2],[3981.6,2511.2]]}},{"type":"Feature","properties":{"id":"p:muros:296","n":1,"sc":"#808080"},"geometry":{"type":"LineString","coordinates":[[3462.7,2491.5],[3462.7,2547.2]]}},{"type":"Feature","properties":{"id":"p:muros:297","n":1,"sc":"#808080"},"geometry":{"type":"LineString","coordinates":[[3407.0,2492],[3407.0,2547.7]]}},{"type":"Feature","properties":{"id":"p:muros:298","n":1,"sc":"#808080"},"geometry":{"type":"LineString","coordinates":[[3462.7,2547.2],[3407.0,2547.7]]}},{"type":"Feature","properties":{"id":"p:muros:299","n":1,"sc":"#808080"},"geometry":{"type":"LineString","coordinates":[[3462.7,2491.5],[3407.0,2492]]}},{"type":"Feature","properties":{"id":"p:muros:300","n":1,"sc":"#808080"},"geometry":{"type":"LineString","coordinates":[[3255.4,863.4],[3253.9,530.7]]}},{"type":"Feature","properties":{"id":"p:muros:301","n":1,"sc":"#808080"},"geometry":{"type":"LineString","coordinates":[[3253.9,530.7],[2125.9,535.5]]}},{"type":"Feature","properties":{"id":"p:muros:302","n":1,"sc":"#808080"},"geometry":{"type":"LineString","coordinates":[[2123.5,597.0],[1811.5,598.4]]}},{"type":"Feature","properties":{"id":"p:muros:303","n":1,"sc":"#808080"},"geometry":{"type":"LineString","coordinates":[[1798.6,589.3],[2052.5,588.3]]}},{"type":"Feature","properties":{"id":"p:muros:304","n":1,"sc":"#808080"},"geometry":{"type":"LineString","coordinates":[[1897.9,588.8],[2052.5,588.3]]}},{"type":"Feature","properties":{"id":"p:muros:305","n":1,"sc":"#808080"},"geometry":{"type":"LineString","coordinates":[[2052.5,588.3],[2051.5,394.9]]}},{"type":"Feature","properties":{"id":"p:muros:306","n":1,"sc":"#808080"},"geometry":{"type":"LineString","coordinates":[[2077.0,451.0],[2111.0,416.5]]}},{"type":"Feature","properties":{"id":"p:muros:307","n":1,"sc":"#808080"},"geometry":{"type":"LineString","coordinates":[[2077.0,460.6],[2121.1,416.5]]}},{"type":"Feature","properties":{"id":"p:muros:308","n":1,"sc":"#808080"},"geometry":{"type":"LineString","coordinates":[[2077.0,470.7],[2130.7,416.5]]}},{"type":"Feature","properties":{"id":"p:muros:309","n":1,"sc":"#808080"},"geometry":{"type":"LineString","coordinates":[[2059.2,498.1],[2140.8,416.5]]}},{"type":"Feature","properties":{"id":"p:muros:310","n":1,"sc":"#808080"},"geometry":{"type":"LineString","coordinates":[[2059.2,508.2],[2150.4,416]]}},{"type":"Feature","properties":{"id":"p:muros:311","n":1,"sc":"#808080"},"geometry":{"type":"LineString","coordinates":[[2059.2,517.8],[2160.5,416]]}},{"type":"Feature","properties":{"id":"p:muros:312","n":1,"sc":"#808080"},"geometry":{"type":"LineString","coordinates":[[2059.7,527.8],[2170.1,416]]}},{"type":"Feature","properties":{"id":"p:muros:313","n":1,"sc":"#808080"},"geometry":{"type":"LineString","coordinates":[[2066.9,530.2],[2180.2,416]]}},{"type":"Feature","properties":{"id":"p:muros:314","n":1,"sc":"#808080"},"geometry":{"type":"LineString","coordinates":[[2076.5,530.2],[2189.8,416]]}},{"type":"Feature","properties":{"id":"p:muros:315","n":1,"sc":"#808080"},"geometry":{"type":"LineString","coordinates":[[2086.6,530.2],[2199.8,416]]}},{"type":"Feature","properties":{"id":"p:muros:316","n":1,"sc":"#808080"},"geometry":{"type":"LineString","coordinates":[[2096.2,530.2],[2209.4,416]]}},{"type":"Feature","properties":{"id":"p:muros:317","n":1,"sc":"#808080"},"geometry":{"type":"LineString","coordinates":[[2106.2,530.2],[2219.5,416]]}},{"type":"Feature","properties":{"id":"p:muros:318","n":1,"sc":"#808080"},"geometry":{"type":"LineString","coordinates":[[2115.8,530.2],[2229.1,416]]}},{"type":"Feature","properties":{"id":"p:muros:319","n":1,"sc":"#808080"},"geometry":{"type":"LineString","coordinates":[[2125.9,530.2],[2239.2,416]]}},{"type":"Feature","properties":{"id":"p:muros:320","n":1,"sc":"#808080"},"geometry":{"type":"LineString","coordinates":[[2135.5,530.2],[2248.8,416]]}},{"type":"Feature","properties":{"id":"p:muros:321","n":1,"sc":"#808080"},"geometry":{"type":"LineString","coordinates":[[2145.6,530.2],[2258.9,415.5]]}},{"type":"Feature","properties":{"id":"p:muros:322","n":1,"sc":"#808080"},"geometry":{"type":"LineString","coordinates":[[2155.2,529.8],[2268.5,415.5]]}},{"type":"Feature","properties":{"id":"p:muros:323","n":1,"sc":"#808080"},"geometry":{"type":"LineString","coordinates":[[2165.3,529.8],[2278.6,415.5]]}},{"type":"Feature","properties":{"id":"p:muros:324","n":1,"sc":"#808080"},"geometry":{"type":"LineString","coordinates":[[2174.9,529.8],[2288.2,415.5]]}},{"type":"Feature","properties":{"id":"p:muros:325","n":1,"sc":"#808080"},"geometry":{"type":"LineString","coordinates":[[2185.0,529.8],[2298.2,415.5]]}},{"type":"Feature","properties":{"id":"p:muros:326","n":1,"sc":"#808080"},"geometry":{"type":"LineString","coordinates":[[2194.6,529.8],[2299.7,423.7]]}},{"type":"Feature","properties":{"id":"p:muros:327","n":1,"sc":"#808080"},"geometry":{"type":"LineString","coordinates":[[2204.6,529.8],[2299.7,433.8]]}},{"type":"Feature","properties":{"id":"p:muros:328","n":1,"sc":"#808080"},"geometry":{"type":"LineString","coordinates":[[2214.2,529.8],[2299.7,443.4]]}},{"type":"Feature","properties":{"id":"p:muros:329","n":1,"sc":"#808080"},"geometry":{"type":"LineString","coordinates":[[2224.3,529.8],[2299.7,453.4]]}},{"type":"Feature","properties":{"id":"p:muros:330","n":1,"sc":"#808080"},"geometry":{"type":"LineString","coordinates":[[2233.9,529.8],[2299.7,463.0]]}},{"type":"Feature","properties":{"id":"p:muros:331","n":1,"sc":"#808080"},"geometry":{"type":"LineString","coordinates":[[2244,529.8],[2299.7,473.1]]}},{"type":"Feature","properties":{"id":"p:muros:332","n":1,"sc":"#808080"},"geometry":{"type":"LineString","coordinates":[[2253.6,529.8],[2299.7,482.7]]}},{"type":"Feature","properties":{"id":"p:muros:333","n":1,"sc":"#808080"},"geometry":{"type":"LineString","coordinates":[[2263.7,529.3],[2299.7,492.8]]}},{"type":"Feature","properties":{"id":"p:muros:334","n":1,"sc":"#808080"},"geometry":{"type":"LineString","coordinates":[[2095.7,530.2],[2059.2,493.8]]}},{"type":"Feature","properties":{"id":"p:muros:335","n":1,"sc":"#808080"},"geometry":{"type":"LineString","coordinates":[[2105.8,530.2],[2059.2,484.2]]}},{"type":"Feature","properties":{"id":"p:muros:336","n":1,"sc":"#808080"},"geometry":{"type":"LineString","coordinates":[[2115.4,530.2],[2062.6,477.4]]}},{"type":"Feature","properties":{"id":"p:muros:337","n":1,"sc":"#808080"},"geometry":{"type":"LineString","coordinates":[[2125.4,530.2],[2072.2,477.4]]}},{"type":"Feature","properties":{"id":"p:muros:338","n":1,"sc":"#808080"},"geometry":{"type":"LineString","coordinates":[[2135.0,530.2],[2077.0,472.2]]}},{"type":"Feature","properties":{"id":"p:muros:339","n":1,"sc":"#808080"},"geometry":{"type":"LineString","coordinates":[[2145.1,530.2],[2077.0,462.6]]}},{"type":"Feature","properties":{"id":"p:muros:340","n":1,"sc":"#808080"},"geometry":{"type":"LineString","coordinates":[[2154.7,529.8],[2077.0,452.5]]}},{"type":"Feature","properties":{"id":"p:muros:341","n":1,"sc":"#808080"},"geometry":{"type":"LineString","coordinates":[[2164.8,529.8],[2065.9,431.8]]}},{"type":"Feature","properties":{"id":"p:muros:342","n":1,"sc":"#808080"},"geometry":{"type":"LineString","coordinates":[[2174.4,529.8],[2065.9,421.8]]}},{"type":"Feature","properties":{"id":"p:muros:343","n":1,"sc":"#808080"},"geometry":{"type":"LineString","coordinates":[[2184.5,529.8],[2070.2,416.5]]}},{"type":"Feature","properties":{"id":"p:muros:344","n":1,"sc":"#808080"},"geometry":{"type":"LineString","coordinates":[[2194.1,529.8],[2079.8,416.5]]}},{"type":"Feature","properties":{"id":"p:muros:345","n":1,"sc":"#808080"},"geometry":{"type":"LineString","coordinates":[[2204.2,529.8],[2089.9,416.5]]}},{"type":"Feature","properties":{"id":"p:muros:346","n":1,"sc":"#808080"},"geometry":{"type":"LineString","coordinates":[[2213.8,529.8],[2099.5,416.5]]}},{"type":"Feature","properties":{"id":"p:muros:347","n":1,"sc":"#808080"},"geometry":{"type":"LineString","coordinates":[[2223.8,529.8],[2109.6,416.5]]}},{"type":"Feature","properties":{"id":"p:muros:348","n":1,"sc":"#808080"},"geometry":{"type":"LineString","coordinates":[[2233.4,529.8],[2119.2,416.5]]}},{"type":"Feature","properties":{"id":"p:muros:349","n":1,"sc":"#808080"},"geometry":{"type":"LineString","coordinates":[[2243.5,529.8],[2129.3,416.5]]}},{"type":"Feature","properties":{"id":"p:muros:350","n":1,"sc":"#808080"},"geometry":{"type":"LineString","coordinates":[[2253.1,529.8],[2138.9,416.5]]}},{"type":"Feature","properties":{"id":"p:muros:351","n":1,"sc":"#808080"},"geometry":{"type":"LineString","coordinates":[[2263.2,529.3],[2149.0,416]]}},{"type":"Feature","properties":{"id":"p:muros:352","n":1,"sc":"#808080"},"geometry":{"type":"LineString","coordinates":[[2272.8,529.3],[2158.6,416]]}},{"type":"Feature","properties":{"id":"p:muros:353","n":1,"sc":"#808080"},"geometry":{"type":"LineString","coordinates":[[2282.9,529.3],[2168.6,416]]}},{"type":"Feature","properties":{"id":"p:muros:354","n":1,"sc":"#808080"},"geometry":{"type":"LineString","coordinates":[[2292.5,529.3],[2178.2,416]]}},{"type":"Feature","properties":{"id":"p:muros:355","n":1,"sc":"#808080"},"geometry":{"type":"LineString","coordinates":[[2300.2,526.9],[2188.3,416]]}},{"type":"Feature","properties":{"id":"p:muros:356","n":1,"sc":"#808080"},"geometry":{"type":"LineString","coordinates":[[2300.2,517.3],[2197.9,416]]}},{"type":"Feature","properties":{"id":"p:muros:357","n":1,"sc":"#808080"},"geometry":{"type":"LineString","coordinates":[[2300.2,507.2],[2208,416]]}},{"type":"Feature","properties":{"id":"p:muros:358","n":1,"sc":"#808080"},"geometry":{"type":"LineString","coordinates":[[2300.2,497.6],[2217.6,416]]}},{"type":"Feature","properties":{"id":"p:muros:359","n":1,"sc":"#808080"},"geometry":{"type":"LineString","coordinates":[[2299.7,487.5],[2227.7,416]]}},{"type":"Feature","properties":{"id":"p:muros:360","n":1,"sc":"#808080"},"geometry":{"type":"LineString","coordinates":[[2299.7,477.9],[2237.3,416]]}},{"type":"Feature","properties":{"id":"p:muros:361","n":1,"sc":"#808080"},"geometry":{"type":"LineString","coordinates":[[2299.7,467.8],[2247.4,416]]}},{"type":"Feature","properties":{"id":"p:muros:362","n":1,"sc":"#808080"},"geometry":{"type":"LineString","coordinates":[[2299.7,458.2],[2257.0,415.5]]}},{"type":"Feature","properties":{"id":"p:muros:363","n":1,"sc":"#808080"},"geometry":{"type":"LineString","coordinates":[[2065.4,383.4],[2065.9,449.6]]}},{"type":"Feature","properties":{"id":"p:muros:364","n":1,"sc":"#808080"},"geometry":{"type":"LineString","coordinates":[[2059.2,477.4],[2059.7,530.2]]}},{"type":"Feature","properties":{"id":"p:muros:365","n":1,"sc":"#808080"},"geometry":{"type":"LineString","coordinates":[[2059.7,530.2],[2300.2,529.3]]}},{"type":"Feature","properties":{"id":"p:muros:366","n":1,"sc":"#808080"},"geometry":{"type":"LineString","coordinates":[[2300.2,529.3],[2299.2,352.6]]}},{"type":"Feature","properties":{"id":"p:muros:367","n":1,"sc":"#808080"},"geometry":{"type":"LineString","coordinates":[[2305.0,352.2],[2305.4,529.3]]}},{"type":"Feature","properties":{"id":"p:muros:368","n":1,"sc":"#808080"},"geometry":{"type":"LineString","coordinates":[[2305.4,529.3],[3237.1,525.4]]}},{"type":"Feature","properties":{"id":"p:muros:369","n":1,"sc":"#808080"},"geometry":{"type":"LineString","coordinates":[[3237.1,525.4],[3235.7,186.6]]}},{"type":"Feature","properties":{"id":"p:muros:370","n":1,"sc":"#808080"},"geometry":{"type":"LineString","coordinates":[[3180,186.6],[2558.4,189.4]]}},{"type":"Feature","properties":{"id":"p:muros:371","n":1,"sc":"#808080"},"geometry":{"type":"LineString","coordinates":[[2558.4,189.4],[2557.9,103.5]]}},{"type":"Feature","properties":{"id":"p:muros:372","n":1,"sc":"#808080"},"geometry":{"type":"LineString","coordinates":[[2557.9,103.5],[2465.3,104]]}},{"type":"Feature","properties":{"id":"p:muros:373","n":1,"sc":"#808080"},"geometry":{"type":"LineString","coordinates":[[2465.3,104],[2465.3,175.5]]}},{"type":"Feature","properties":{"id":"p:muros:374","n":1,"sc":"#808080"},"geometry":{"type":"LineString","coordinates":[[2460,169.8],[2459.5,104]]}},{"type":"Feature","properties":{"id":"p:muros:375","n":1,"sc":"#808080"},"geometry":{"type":"LineString","coordinates":[[2459.5,104],[2304,105.0]]}},{"type":"Feature","properties":{"id":"p:muros:376","n":1,"sc":"#808080"},"geometry":{"type":"LineString","coordinates":[[2298.7,249.9],[2298.2,99.2]]}},{"type":"Feature","properties":{"id":"p:muros:377","n":1,"sc":"#808080"},"geometry":{"type":"LineString","coordinates":[[2298.2,99.2],[2563.7,98.2]]}},{"type":"Feature","properties":{"id":"p:muros:378","n":1,"sc":"#808080"},"geometry":{"type":"LineString","coordinates":[[2563.7,98.2],[2564.2,183.7]]}},{"type":"Feature","properties":{"id":"p:muros:379","n":1,"sc":"#808080"},"geometry":{"type":"LineString","coordinates":[[2564.2,183.7],[3180,181.3]]}},{"type":"Feature","properties":{"id":"p:muros:380","n":1,"sc":"#808080"},"geometry":{"type":"LineString","coordinates":[[3207.8,180.8],[4552.8,175.0]]}},{"type":"Feature","properties":{"id":"p:muros:381","n":1,"sc":"#808080"},"geometry":{"type":"LineString","coordinates":[[4552.8,175.0],[4554.2,528.3]]}},{"type":"Feature","properties":{"id":"p:muros:382","n":1,"sc":"#808080"},"geometry":{"type":"LineString","coordinates":[[4554.2,528.3],[5501.3,524.5]]}},{"type":"Feature","properties":{"id":"p:muros:383","n":1,"sc":"#808080"},"geometry":{"type":"LineString","coordinates":[[5501.3,527.4],[5445.6,527.4]]}},{"type":"Feature","properties":{"id":"p:muros:384","n":1,"sc":"#808080"},"geometry":{"type":"LineString","coordinates":[[5445.6,527.4],[5446.1,673.8]]}},{"type":"Feature","properties":{"id":"p:muros:385","n":1,"sc":"#808080"},"geometry":{"type":"LineString","coordinates":[[5508,679.0],[5446.1,679.5]]}},{"type":"Feature","properties":{"id":"p:muros:386","n":1,"sc":"#808080"},"geometry":{"type":"LineString","coordinates":[[5446.1,679.5],[5447.0,901.3]]}},{"type":"Feature","properties":{"id":"p:muros:387","n":1,"sc":"#808080"},"geometry":{"type":"LineString","coordinates":[[5441.8,901.3],[5440.3,607.5]]}},{"type":"Feature","properties":{"id":"p:muros:388","n":1,"sc":"#808080"},"geometry":{"type":"LineString","coordinates":[[5440.3,607.5],[4554.2,611.4]]}},{"type":"Feature","properties":{"id":"p:muros:389","n":1,"sc":"#808080"},"geometry":{"type":"LineString","coordinates":[[4554.2,611.4],[4556.2,1026.1]]}},{"type":"Feature","properties":{"id":"p:muros:390","n":1,"sc":"#808080"},"geometry":{"type":"LineString","coordinates":[[4550.9,1026.1],[4548.5,545.6]]}},{"type":"Feature","properties":{"id":"p:muros:391","n":1,"sc":"#808080"},"geometry":{"type":"LineString","coordinates":[[4531.7,537.4],[4531.7,453.4]]}},{"type":"Feature","properties":{"id":"p:muros:392","n":1,"sc":"#808080"},"geometry":{"type":"LineString","coordinates":[[4548,453.4],[4547.0,180.8]]}},{"type":"Feature","properties":{"id":"p:muros:393","n":1,"sc":"#808080"},"geometry":{"type":"LineString","coordinates":[[4547.0,180.8],[4324.3,181.8]]}},{"type":"Feature","properties":{"id":"p:muros:394","n":1,"sc":"#808080"},"geometry":{"type":"LineString","coordinates":[[4324.3,181.8],[4324.8,286.4]]}},{"type":"Feature","properties":{"id":"p:muros:395","n":1,"sc":"#808080"},"geometry":{"type":"LineString","coordinates":[[4313.8,280.6],[3473.8,284.5]]}},{"type":"Feature","properties":{"id":"p:muros:396","n":1,"sc":"#808080"},"geometry":{"type":"LineString","coordinates":[[3462.7,289.8],[3462.2,185.6]]}},{"type":"Feature","properties":{"id":"p:muros:397","n":1,"sc":"#808080"},"geometry":{"type":"LineString","coordinates":[[3462.2,185.6],[3241.0,186.6]]}},{"type":"Feature","properties":{"id":"p:muros:398","n":1,"sc":"#808080"},"geometry":{"type":"LineString","coordinates":[[3241.0,186.6],[3242.4,457.3]]}},{"type":"Feature","properties":{"id":"p:muros:399","n":1,"sc":"#808080"},"geometry":{"type":"LineString","coordinates":[[3260.2,457.3],[3260.6,543.2]]}},{"type":"Feature","properties":{"id":"p:muros:400","n":1,"sc":"#808080"},"geometry":{"type":"LineString","coordinates":[[3260.6,551.4],[3263.0,1174.4]]}},{"type":"Feature","properties":{"id":"p:muros:401","n":1,"sc":"#808080"},"geometry":{"type":"LineString","coordinates":[[3263.0,1174.4],[3207.4,1174.9]]}},{"type":"Feature","properties":{"id":"p:muros:402","n":1,"sc":"#808080"},"geometry":{"type":"LineString","coordinates":[[3207.4,1174.9],[3212.2,1972.2]]}},{"type":"Feature","properties":{"id":"p:muros:403","n":1,"sc":"#808080"},"geometry":{"type":"LineString","coordinates":[[3203.5,1972.2],[3201.1,1168.2]]}},{"type":"Feature","properties":{"id":"p:muros:404","n":1,"sc":"#808080"},"geometry":{"type":"LineString","coordinates":[[3201.1,1168.2],[3256.3,1167.7]]}},{"type":"Feature","properties":{"id":"p:muros:405","n":1,"sc":"#808080"},"geometry":{"type":"LineString","coordinates":[[3256.3,1167.7],[3255.4,866.2]]}},{"type":"Feature","properties":{"id":"p:muros:406","n":1,"sc":"#808080"},"geometry":{"type":"LineString","coordinates":[[1562.9,514.9],[1341.1,515.8]]}},{"type":"Feature","properties":{"id":"p:muros:407","n":1,"sc":"#808080"},"geometry":{"type":"LineString","coordinates":[[1432.8,1257.4],[1432.8,1166.7]]}},{"type":"Feature","properties":{"id":"p:muros:408","n":1,"sc":"#808080"},"geometry":{"type":"LineString","coordinates":[[1432.8,1166.7],[1507.2,1166.7]]}},{"type":"Feature","properties":{"id":"p:muros:409","n":1,"sc":"#808080"},"geometry":{"type":"LineString","coordinates":[[1507.2,1166.7],[1507.7,1257.0]]}},{"type":"Feature","properties":{"id":"p:muros:410","n":1,"sc":"#808080"},"geometry":{"type":"LineString","coordinates":[[1507.7,1257.0],[1432.8,1257.4]]}},{"type":"Feature","properties":{"id":"p:muros:411","n":1,"sc":"#808080"},"geometry":{"type":"LineString","coordinates":[[1486.1,937.3],[1485.1,735.2]]}},{"type":"Feature","properties":{"id":"p:muros:412","n":1,"sc":"#808080"},"geometry":{"type":"LineString","coordinates":[[1475.0,937.3],[1474.1,735.7]]}},{"type":"Feature","properties":{"id":"p:muros:413","n":1,"sc":"#808080"},"geometry":{"type":"LineString","coordinates":[[1485.1,717.9],[1541.8,638.2]]}},{"type":"Feature","properties":{"id":"p:muros:414","n":1,"sc":"#808080"},"geometry":{"type":"LineString","coordinates":[[1471.7,718.4],[1529.3,636.3]]}},{"type":"Feature","properties":{"id":"p:muros:415","n":1,"sc":"#808080"},"geometry":{"type":"LineString","coordinates":[[1540.3,621.0],[1569.1,580.2]]}},{"type":"Feature","properties":{"id":"p:muros:416","n":1,"sc":"#808080"},"geometry":{"type":"LineString","coordinates":[[4552.8,1533.9],[4389.1,1533.9]]}},{"type":"Feature","properties":{"id":"p:muros:417","n":1,"sc":"#808080"},"geometry":{"type":"LineString","coordinates":[[4552.8,1540.6],[4389.1,1540.6]]}},{"type":"Feature","properties":{"id":"p:muros:418","n":1,"sc":"#808080"},"geometry":{"type":"LineString","coordinates":[[4338.2,1534.9],[4338.7,1711.0]]}},{"type":"Feature","properties":{"id":"p:muros:419","n":1,"sc":"#808080"},"geometry":{"type":"LineString","coordinates":[[4165.0,2296.6],[4240.3,2296.2]]}},{"type":"Feature","properties":{"id":"p:muros:420","n":1,"sc":"#808080"},"geometry":{"type":"LineString","coordinates":[[4170.7,2279.8],[4226.4,2279.8]]}},{"type":"Feature","properties":{"id":"p:muros:421","n":1,"sc":"#808080"},"geometry":{"type":"LineString","coordinates":[[4170.2,2263.5],[4225.9,2263.0]]}},{"type":"Feature","properties":{"id":"p:muros:422","n":1,"sc":"#808080"},"geometry":{"type":"LineString","coordinates":[[4170.2,2246.7],[4225.9,2246.2]]}},{"type":"Feature","properties":{"id":"p:muros:423","n":1,"sc":"#808080"},"geometry":{"type":"LineString","coordinates":[[4170.2,2229.9],[4225.9,2229.4]]}},{"type":"Feature","properties":{"id":"p:muros:424","n":1,"sc":"#808080"},"geometry":{"type":"LineString","coordinates":[[4170.2,2213.1],[4225.9,2213.1]]}},{"type":"Feature","properties":{"id":"p:muros:425","n":1,"sc":"#808080"},"geometry":{"type":"LineString","coordinates":[[4170.2,2196.3],[4225.9,2196.3]]}},{"type":"Feature","properties":{"id":"p:muros:426","n":1,"sc":"#808080"},"geometry":{"type":"LineString","coordinates":[[4170.2,2180],[4225.9,2179.5]]}},{"type":"Feature","properties":{"id":"p:muros:427","n":1,"sc":"#808080"},"geometry":{"type":"LineString","coordinates":[[4164.5,2163.2],[4290.7,2162.7]]}},{"type":"Feature","properties":{"id":"p:muros:428","n":1,"sc":"#808080"},"geometry":{"type":"LineString","coordinates":[[4019.5,2076.8],[4093.9,2076.8]]}},{"type":"Feature","properties":{"id":"p:muros:429","n":1,"sc":"#808080"},"geometry":{"type":"LineString","coordinates":[[4093.9,2081.1],[4019.5,2081.6]]}},{"type":"Feature","properties":{"id":"p:muros:430","n":1,"sc":"#808080"},"geometry":{"type":"LineString","coordinates":[[4022.4,2079.2],[4093.9,2078.7]]}},{"type":"Feature","properties":{"id":"p:muros:431","n":1,"sc":"#808080"},"geometry":{"type":"LineString","coordinates":[[4285.4,2078.2],[4285.4,2133.9]]}},{"type":"Feature","properties":{"id":"p:muros:432","n":1,"sc":"#808080"},"geometry":{"type":"LineString","coordinates":[[4287.8,2133.9],[4287.8,2078.2]]}},{"type":"Feature","properties":{"id":"p:muros:433","n":1,"sc":"#808080"},"geometry":{"type":"LineString","coordinates":[[3551.5,2079.2],[3913.0,2077.3]]}},{"type":"Feature","properties":{"id":"p:muros:434","n":1,"sc":"#808080"},"geometry":{"type":"LineString","coordinates":[[5529.1,526.9],[5529.6,640.6]]}},{"type":"Feature","properties":{"id":"p:muros:435","n":1,"sc":"#808080"},"geometry":{"type":"LineString","coordinates":[[5526.2,526.9],[5526.7,640.6]]}},{"type":"Feature","properties":{"id":"p:muros:436","n":1,"sc":"#808080"},"geometry":{"type":"LineString","coordinates":[[5552.6,673.3],[5600.6,673.3]]}},{"type":"Feature","properties":{"id":"p:muros:437","n":1,"sc":"#808080"},"geometry":{"type":"LineString","coordinates":[[5552.6,679.0],[5623.2,678.6]]}},{"type":"Feature","properties":{"id":"p:muros:438","n":1,"sc":"#808080"},"geometry":{"type":"LineString","coordinates":[[5471.0,1239.7],[5648.2,1238.7]]}},{"type":"Feature","properties":{"id":"p:muros:439","n":1,"sc":"#808080"},"geometry":{"type":"LineString","coordinates":[[4557.1,1248.8],[5692.8,1244]]}},{"type":"Feature","properties":{"id":"p:muros:440","n":1,"sc":"#808080"},"geometry":{"type":"LineString","coordinates":[[4340.6,2075.8],[4339.2,1755.7]]}},{"type":"Feature","properties":{"id":"p:muros:441","n":1,"sc":"#808080"},"geometry":{"type":"LineString","coordinates":[[4345.9,1755.7],[4347.4,2075.4]]}},{"type":"Feature","properties":{"id":"p:muros:442","n":1,"sc":"#808080"},"geometry":{"type":"LineString","coordinates":[[4347.4,2075.4],[4555.2,2074.9]]}},{"type":"Feature","properties":{"id":"p:muros:443","n":1,"sc":"#808080"},"geometry":{"type":"LineString","coordinates":[[4555.2,2074.9],[4553.8,1709.6]]}},{"type":"Feature","properties":{"id":"p:muros:444","n":1,"sc":"#808080"},"geometry":{"type":"LineString","coordinates":[[4559.0,1709.6],[4561.0,2074.9]]}},{"type":"Feature","properties":{"id":"p:muros:445","n":1,"sc":"#808080"},"geometry":{"type":"LineString","coordinates":[[4561.0,2074.9],[5953.0,2068.6]]}},{"type":"Feature","properties":{"id":"p:muros:446","n":1,"sc":"#808080"},"geometry":{"type":"LineString","coordinates":[[5953.0,2068.6],[5949.6,1243.0]]}},{"type":"Feature","properties":{"id":"p:muros:447","n":1,"sc":"#808080"},"geometry":{"type":"LineString","coordinates":[[5949.6,1243.0],[5814.2,1243.5]]}},{"type":"Feature","properties":{"id":"p:muros:448","n":1,"sc":"#808080"},"geometry":{"type":"LineString","coordinates":[[5814.2,1238.2],[5949.1,1237.3]]}},{"type":"Feature","properties":{"id":"p:muros:449","n":1,"sc":"#808080"},"geometry":{"type":"LineString","coordinates":[[5949.1,1237.3],[5948.6,1044.8]]}},{"type":"Feature","properties":{"id":"p:muros:450","n":1,"sc":"#808080"},"geometry":{"type":"LineString","coordinates":[[5953.9,1044.8],[5958.7,2068.6]]}},{"type":"Feature","properties":{"id":"p:muros:451","n":1,"sc":"#808080"},"geometry":{"type":"LineString","coordinates":[[5977.9,2068.6],[5978.4,2121.0]]}},{"type":"Feature","properties":{"id":"p:muros:452","n":1,"sc":"#808080"},"geometry":{"type":"LineString","coordinates":[[5970.2,2104.2],[5917.0,2104.6]]}},{"type":"Feature","properties":{"id":"p:muros:453","n":1,"sc":"#808080"},"geometry":{"type":"LineString","coordinates":[[5909.3,2104.6],[5799.8,2105.1]]}},{"type":"Feature","properties":{"id":"p:muros:454","n":1,"sc":"#808080"},"geometry":{"type":"LineString","coordinates":[[5799.8,2105.1],[5800.3,2187.2]]}},{"type":"Feature","properties":{"id":"p:muros:455","n":1,"sc":"#808080"},"geometry":{"type":"LineString","coordinates":[[5800.3,2187.2],[5917.4,2186.7]]}},{"type":"Feature","properties":{"id":"p:muros:456","n":1,"sc":"#808080"},"geometry":{"type":"LineString","coordinates":[[5909.3,2194.4],[5800.3,2194.9]]}},{"type":"Feature","properties":{"id":"p:muros:457","n":1,"sc":"#808080"},"geometry":{"type":"LineString","coordinates":[[5792.6,2218.4],[5792.2,2105.1]]}},{"type":"Feature","properties":{"id":"p:muros:458","n":1,"sc":"#808080"},"geometry":{"type":"LineString","coordinates":[[5792.2,2105.1],[5700,2105.1]]}},{"type":"Feature","properties":{"id":"p:muros:459","n":1,"sc":"#808080"},"geometry":{"type":"LineString","coordinates":[[5700,2105.1],[5700.5,2218.9]]}},{"type":"Feature","properties":{"id":"p:muros:460","n":1,"sc":"#808080"},"geometry":{"type":"LineString","coordinates":[[5700.5,2218.9],[5756.6,2218.4]]}},{"type":"Feature","properties":{"id":"p:muros:461","n":1,"sc":"#808080"},"geometry":{"type":"LineString","coordinates":[[5756.6,2226.6],[5689.0,2226.6]]}},{"type":"Feature","properties":{"id":"p:muros:462","n":1,"sc":"#808080"},"geometry":{"type":"LineString","coordinates":[[5692.8,2218.9],[5692.3,2105.6]]}},{"type":"Feature","properties":{"id":"p:muros:463","n":1,"sc":"#808080"},"geometry":{"type":"LineString","coordinates":[[5692.3,2105.6],[5599.7,2105.6]]}},{"type":"Feature","properties":{"id":"p:muros:464","n":1,"sc":"#808080"},"geometry":{"type":"LineString","coordinates":[[5599.7,2105.6],[5600.2,2219.4]]}},{"type":"Feature","properties":{"id":"p:muros:465","n":1,"sc":"#808080"},"geometry":{"type":"LineString","coordinates":[[5600.2,2219.4],[5656.3,2218.9]]}},{"type":"Feature","properties":{"id":"p:muros:466","n":1,"sc":"#808080"},"geometry":{"type":"LineString","coordinates":[[5656.3,2227.0],[5592.5,2227.0]]}},{"type":"Feature","properties":{"id":"p:muros:467","n":1,"sc":"#808080"},"geometry":{"type":"LineString","coordinates":[[5592.5,2227.0],[5592,2105.6]]}},{"type":"Feature","properties":{"id":"p:muros:468","n":1,"sc":"#808080"},"geometry":{"type":"LineString","coordinates":[[5592,2105.6],[5475.8,2106.6]]}},{"type":"Feature","properties":{"id":"p:muros:469","n":1,"sc":"#808080"},"geometry":{"type":"LineString","coordinates":[[5475.8,2106.6],[5476.3,2219.8]]}},{"type":"Feature","properties":{"id":"p:muros:470","n":1,"sc":"#808080"},"geometry":{"type":"LineString","coordinates":[[5476.3,2219.8],[5537.8,2219.4]]}},{"type":"Feature","properties":{"id":"p:muros:471","n":1,"sc":"#808080"},"geometry":{"type":"LineString","coordinates":[[5537.8,2227.5],[5452.8,2227.5]]}},{"type":"Feature","properties":{"id":"p:muros:472","n":1,"sc":"#808080"},"geometry":{"type":"LineString","coordinates":[[5468.2,2219.8],[5467.7,2106.6]]}},{"type":"Feature","properties":{"id":"p:muros:473","n":1,"sc":"#808080"},"geometry":{"type":"LineString","coordinates":[[5467.7,2106.6],[5361.6,2107.0]]}},{"type":"Feature","properties":{"id":"p:muros:474","n":1,"sc":"#808080"},"geometry":{"type":"LineString","coordinates":[[5361.6,2107.0],[5362.1,2220.3]]}},{"type":"Feature","properties":{"id":"p:muros:475","n":1,"sc":"#808080"},"geometry":{"type":"LineString","coordinates":[[5362.1,2228],[5362.6,2284.6]]}},{"type":"Feature","properties":{"id":"p:muros:476","n":1,"sc":"#808080"},"geometry":{"type":"LineString","coordinates":[[5425.9,2289.9],[5426.4,2395.5]]}},{"type":"Feature","properties":{"id":"p:muros:477","n":1,"sc":"#808080"},"geometry":{"type":"LineString","coordinates":[[5420.2,2290.4],[5420.6,2395.5]]}},{"type":"Feature","properties":{"id":"p:muros:478","n":1,"sc":"#808080"},"geometry":{"type":"LineString","coordinates":[[5511.8,2477.1],[5510.9,2284.2]]}},{"type":"Feature","properties":{"id":"p:muros:479","n":1,"sc":"#808080"},"geometry":{"type":"LineString","coordinates":[[5518.6,2289.9],[5519.5,2454.6]]}},{"type":"Feature","properties":{"id":"p:muros:480","n":1,"sc":"#808080"},"geometry":{"type":"LineString","coordinates":[[5354.9,2395.5],[5353.9,2076.8]]}},{"type":"Feature","properties":{"id":"p:muros:481","n":1,"sc":"#808080"},"geometry":{"type":"LineString","coordinates":[[5353.9,2076.8],[4310.9,2081.1]]}},{"type":"Feature","properties":{"id":"p:muros:482","n":1,"sc":"#808080"},"geometry":{"type":"LineString","coordinates":[[4310.9,2081.1],[4311.8,2323.5]]}},{"type":"Feature","properties":{"id":"p:muros:483","n":1,"sc":"#808080"},"geometry":{"type":"LineString","coordinates":[[4291.7,2325.0],[4290.2,2080.2]]}},{"type":"Feature","properties":{"id":"p:muros:484","n":1,"sc":"#808080"},"geometry":{"type":"LineString","coordinates":[[4287.8,2075.8],[4340.6,2075.8]]}},{"type":"Feature","properties":{"id":"p:muros:485","n":1,"sc":"#808080"},"geometry":{"type":"LineString","coordinates":[[5447.5,1019.8],[5448.5,1165.8]]}},{"type":"Feature","properties":{"id":"p:muros:486","n":1,"sc":"#808080"},"geometry":{"type":"LineString","coordinates":[[5470.6,1165.3],[5471.0,1239.7]]}},{"type":"Feature","properties":{"id":"p:muros:487","n":1,"sc":"#808080"},"geometry":{"type":"LineString","coordinates":[[4556.2,1026.1],[4557.1,1243.5]]}},{"type":"Feature","properties":{"id":"p:muros:488","n":1,"sc":"#808080"},"geometry":{"type":"LineString","coordinates":[[5442.2,1019.8],[5443.2,1239.7]]}},{"type":"Feature","properties":{"id":"p:muros:489","n":1,"sc":"#808080"},"geometry":{"type":"LineString","coordinates":[[5946.7,677.1],[5948.2,949.3]]}},{"type":"Feature","properties":{"id":"p:muros:490","n":1,"sc":"#808080"},"geometry":{"type":"LineString","coordinates":[[4557.1,1248.8],[4558.6,1589.1]]}},{"type":"Feature","properties":{"id":"p:muros:491","n":1,"sc":"#808080"},"geometry":{"type":"LineString","coordinates":[[4550.9,1026.1],[4552.8,1533.9]]}},{"type":"Feature","properties":{"id":"p:muros:492","n":1,"sc":"#808080"},"geometry":{"type":"LineString","coordinates":[[4552.8,1540.6],[4553.3,1589.1]]}},{"type":"Feature","properties":{"id":"p:muros:493","n":1,"sc":"#808080"},"geometry":{"type":"LineString","coordinates":[[4552.8,1540.6],[4553.3,1589.1]]}},{"type":"Feature","properties":{"id":"p:muros:494","n":1,"sc":"#808080"},"geometry":{"type":"LineString","coordinates":[[5952.5,671.4],[5953.4,949.3]]}},{"type":"Feature","properties":{"id":"p:muros:495","n":1,"sc":"#808080"},"geometry":{"type":"LineString","coordinates":[[5600.2,526.9],[5600.6,673.3]]}},{"type":"Feature","properties":{"id":"p:muros:496","n":1,"sc":"#808080"},"geometry":{"type":"LineString","coordinates":[[5603.0,524],[5603.5,673.3]]}},{"type":"Feature","properties":{"id":"p:muros:497","n":1,"sc":"#808080"},"geometry":{"type":"LineString","coordinates":[[5501.3,524.5],[5557.0,524]]}},{"type":"Feature","properties":{"id":"p:muros:498","n":1,"sc":"#808080"},"geometry":{"type":"LineString","coordinates":[[5557.0,526.9],[5501.3,527.4]]}},{"type":"Feature","properties":{"id":"p:muros:499","n":1,"sc":"#808080"},"geometry":{"type":"LineString","coordinates":[[5501.3,525.9],[5557.0,525.4]]}},{"type":"Feature","properties":{"id":"p:muros:500","n":1,"sc":"#808080"},"geometry":{"type":"LineString","coordinates":[[5443.2,1239.7],[4557.1,1243.5]]}},{"type":"Feature","properties":{"id":"p:muros:501","n":1,"sc":"#808080"},"geometry":{"type":"LineString","coordinates":[[4297.4,2404.2],[4345.4,2403.7]]}},{"type":"Feature","properties":{"id":"p:muros:502","n":1,"sc":"#808080"},"geometry":{"type":"LineString","coordinates":[[4345.4,2479.5],[4345.9,2542.4]]}},{"type":"Feature","properties":{"id":"p:muros:503","n":1,"sc":"#808080"},"geometry":{"type":"LineString","coordinates":[[4340.2,2479.5],[4340.2,2536.6]]}},{"type":"Feature","properties":{"id":"p:muros:504","n":1,"sc":"#808080"},"geometry":{"type":"LineString","coordinates":[[4172.2,2412.3],[4172.6,2543.4]]}},{"type":"Feature","properties":{"id":"p:muros:505","n":1,"sc":"#808080"},"geometry":{"type":"LineString","coordinates":[[4177.9,2412.3],[4178.4,2537.6]]}},{"type":"Feature","properties":{"id":"p:muros:506","n":1,"sc":"#808080"},"geometry":{"type":"LineString","coordinates":[[4345.9,2542.4],[4172.6,2543.4]]}},{"type":"Feature","properties":{"id":"p:muros:507","n":1,"sc":"#808080"},"geometry":{"type":"LineString","coordinates":[[4340.2,2536.6],[4178.4,2537.6]]}},{"type":"Feature","properties":{"id":"p:muros:508","n":1,"sc":"#808080"},"geometry":{"type":"LineString","coordinates":[[1888.3,2473.3],[1889.3,2687.4]]}},{"type":"Feature","properties":{"id":"p:muros:509","n":4,"sc":"#808080"},"geometry":{"type":"LineString","coordinates":[[3981.1,2457.9],[3960.1,2462.1],[3942.8,2473.5],[3930.8,2490.5],[3926.0,2511.4]]}},{"type":"Feature","properties":{"id":"p:muros:510","n":4,"sc":"#808080"},"geometry":{"type":"LineString","coordinates":[[3939.4,2409.5],[3936.4,2394.8],[3928.6,2382.7],[3916.8,2374.2],[3902.3,2370.6]]}},{"type":"Feature","properties":{"id":"p:muros:511","n":4,"sc":"#808080"},"geometry":{"type":"LineString","coordinates":[[3976.1,2370.2],[3961.6,2373.9],[3949.9,2382.5],[3942.1,2394.7],[3939.4,2409.4]]}},{"type":"Feature","properties":{"id":"p:muros:512","n":1,"sc":"#808080"},"geometry":{"type":"LineString","coordinates":[[3978.7,2413.3],[3900.5,2413.8]]}},{"type":"Feature","properties":{"id":"p:muros:513","n":1,"sc":"#808080"},"geometry":{"type":"LineString","coordinates":[[3301.0,2467.5],[3355.7,2467.0]]}},{"type":"Feature","properties":{"id":"p:muros:514","n":1,"sc":"#808080"},"geometry":{"type":"LineString","coordinates":[[5711.5,1232],[5833.0,1231.5]]}},{"type":"Feature","properties":{"id":"p:muros:515","n":1,"sc":"#808080"},"geometry":{"type":"LineString","coordinates":[[5833.0,1236.8],[5711.5,1237.3]]}},{"type":"Feature","properties":{"id":"p:muros:516","n":1,"sc":"#808080"},"geometry":{"type":"LineString","coordinates":[[2569.4,169.8],[2764.8,168.8]]}},{"type":"Feature","properties":{"id":"p:muros:517","n":1,"sc":"#808080"},"geometry":{"type":"LineString","coordinates":[[2785.0,168.8],[2987.5,167.8]]}},{"type":"Feature","properties":{"id":"p:muros:518","n":1,"sc":"#808080"},"geometry":{"type":"LineString","coordinates":[[3007.2,167.8],[3209.8,166.9]]}},{"type":"Feature","properties":{"id":"p:muros:519","n":1,"sc":"#808080"},"geometry":{"type":"LineString","coordinates":[[3229.9,166.9],[3432.5,165.9]]}},{"type":"Feature","properties":{"id":"p:muros:520","n":1,"sc":"#808080"},"geometry":{"type":"LineString","coordinates":[[3452.6,165.9],[3659.0,165.0]]}},{"type":"Feature","properties":{"id":"p:muros:521","n":1,"sc":"#808080"},"geometry":{"type":"LineString","coordinates":[[3675.4,165.0],[3880.8,164]]}},{"type":"Feature","properties":{"id":"p:muros:522","n":1,"sc":"#808080"},"geometry":{"type":"LineString","coordinates":[[3897.6,164],[4103.0,163.0]]}},{"type":"Feature","properties":{"id":"p:muros:523","n":1,"sc":"#808080"},"geometry":{"type":"LineString","coordinates":[[4119.4,163.0],[4324.8,162.1]]}},{"type":"Feature","properties":{"id":"p:muros:524","n":1,"sc":"#808080"},"geometry":{"type":"LineString","coordinates":[[4341.6,162.1],[4547.0,161.1]]}},{"type":"Feature","properties":{"id":"p:muros:525","n":1,"sc":"#808080"},"geometry":{"type":"LineString","coordinates":[[4558.1,174.1],[4559.5,528.3]]}},{"type":"Feature","properties":{"id":"p:muros:526","n":1,"sc":"#808080"},"geometry":{"type":"LineString","coordinates":[[2452.8,169.8],[2400,170.2]]}},{"type":"Feature","properties":{"id":"p:muros:527","n":1,"sc":"#808080"},"geometry":{"type":"LineString","coordinates":[[2400,175.5],[2452.8,175.5]]}},{"type":"Feature","properties":{"id":"p:muros:528","n":1,"sc":"#808080"},"geometry":{"type":"LineString","coordinates":[[2452.8,172.6],[2400,172.6]]}},{"type":"Feature","properties":{"id":"p:muros:529","n":4,"sc":"#808080"},"geometry":{"type":"LineString","coordinates":[[2377.7,173.7],[2363.2,177.4],[2351.5,186.0],[2343.7,198.2],[2341.0,212.9]]}},{"type":"Feature","properties":{"id":"p:muros:530","n":1,"sc":"#808080"},"geometry":{"type":"LineString","coordinates":[[1225.0,720.8],[1226.9,1195.5]]}},{"type":"Feature","properties":{"id":"p:muros:531","n":1,"sc":"#808080"},"geometry":{"type":"LineString","coordinates":[[1232.6,1217.6],[1235.5,1939.5]]}},{"type":"Feature","properties":{"id":"p:muros:532","n":1,"sc":"#808080"},"geometry":{"type":"LineString","coordinates":[[1246.6,1922.2],[1244.6,1482.1]]}},{"type":"Feature","properties":{"id":"p:muros:533","n":1,"sc":"#808080"},"geometry":{"type":"LineString","coordinates":[[1244.6,1478.7],[1891.2,1475.8]]}},{"type":"Feature","properties":{"id":"p:muros:534","n":1,"sc":"#808080"},"geometry":{"type":"LineString","coordinates":[[1891.2,1469.1],[1244.6,1472]]}},{"type":"Feature","properties":{"id":"p:muros:535","n":1,"sc":"#808080"},"geometry":{"type":"LineString","coordinates":[[1244.6,1475.4],[1241.3,714.1]]}},{"type":"Feature","properties":{"id":"p:muros:536","n":1,"sc":"#808080"},"geometry":{"type":"LineString","coordinates":[[1241.3,714.1],[1347.4,526.9]]}},{"type":"Feature","properties":{"id":"p:muros:537","n":1,"sc":"#808080"},"geometry":{"type":"LineString","coordinates":[[1347.4,526.9],[1568.6,525.9]]}},{"type":"Feature","properties":{"id":"p:muros:538","n":1,"sc":"#808080"},"geometry":{"type":"LineString","coordinates":[[1568.6,525.9],[1569.1,599.4]]}},{"type":"Feature","properties":{"id":"p:muros:539","n":1,"sc":"#808080"},"geometry":{"type":"LineString","coordinates":[[1587.4,599.4],[1586.4,396.8]]}},{"type":"Feature","properties":{"id":"p:muros:540","n":1,"sc":"#808080"},"geometry":{"type":"LineString","coordinates":[[1582.1,385.8],[1582.6,514.9]]}},{"type":"Feature","properties":{"id":"p:muros:541","n":1,"sc":"#808080"},"geometry":{"type":"LineString","coordinates":[[1582.6,514.9],[1341.1,515.8]]}},{"type":"Feature","properties":{"id":"p:muros:542","n":1,"sc":"#808080"},"geometry":{"type":"LineString","coordinates":[[1341.1,515.8],[1225.0,720.8]]}},{"type":"Feature","properties":{"id":"p:muros:543","n":1,"sc":"#808080"},"geometry":{"type":"LineString","coordinates":[[2302.1,352.6],[2252.2,352.6]]}},{"type":"Feature","properties":{"id":"p:muros:544","n":1,"sc":"#808080"},"geometry":{"type":"LineString","coordinates":[[2252.2,350.2],[2302.1,350.2]]}},{"type":"Feature","properties":{"id":"p:muros:545","n":1,"sc":"#808080"},"geometry":{"type":"LineString","coordinates":[[2301.6,249.9],[2249.3,250.4]]}},{"type":"Feature","properties":{"id":"p:muros:546","n":1,"sc":"#808080"},"geometry":{"type":"LineString","coordinates":[[2249.3,252.3],[2301.6,252.3]]}},{"type":"Feature","properties":{"id":"p:muros:547","n":4,"sc":"#808080"},"geometry":{"type":"LineString","coordinates":[[2301.6,302.2],[2282.7,306.0],[2267.0,316.3],[2256.2,331.6],[2251.7,350.4]]}},{"type":"Feature","properties":{"id":"p:muros:548","n":4,"sc":"#808080"},"geometry":{"type":"LineString","coordinates":[[2249.3,252.1],[2254.1,271.7],[2265.5,287.4],[2281.8,298.0],[2301.6,301.8]]}},{"type":"Feature","properties":{"id":"p:muros:549","n":1,"sc":"#808080"},"geometry":{"type":"LineString","coordinates":[[2298.7,252.3],[2299.2,350.2]]}},{"type":"Feature","properties":{"id":"p:muros:550","n":1,"sc":"#808080"},"geometry":{"type":"LineString","coordinates":[[5971.2,2289.9],[5971.7,2390.7]]}},{"type":"Feature","properties":{"id":"p:muros:551","n":1,"sc":"#808080"},"geometry":{"type":"LineString","coordinates":[[5978.9,2226.6],[5979.4,2398.4]]}},{"type":"Feature","properties":{"id":"p:muros:552","n":1,"sc":"#808080"},"geometry":{"type":"LineString","coordinates":[[5971.7,2390.7],[5878.1,2391.2]]}},{"type":"Feature","properties":{"id":"p:muros:553","n":1,"sc":"#808080"},"geometry":{"type":"LineString","coordinates":[[5971.2,2282.2],[5970.7,2226.6]]}},{"type":"Feature","properties":{"id":"p:muros:554","n":1,"sc":"#808080"},"geometry":{"type":"LineString","coordinates":[[5878.1,2391.2],[5877.6,2282.7]]}},{"type":"Feature","properties":{"id":"p:muros:555","n":1,"sc":"#808080"},"geometry":{"type":"LineString","coordinates":[[5870.4,2391.2],[5869.9,2282.7]]}},{"type":"Feature","properties":{"id":"p:muros:556","n":1,"sc":"#808080"},"geometry":{"type":"LineString","coordinates":[[5766.7,2461.3],[5766.2,2399.4]]}},{"type":"Feature","properties":{"id":"p:muros:557","n":1,"sc":"#808080"},"geometry":{"type":"LineString","coordinates":[[5766.2,2391.7],[5765.8,2288.5]]}},{"type":"Feature","properties":{"id":"p:muros:558","n":1,"sc":"#808080"},"geometry":{"type":"LineString","coordinates":[[5758.6,2453.6],[5758.1,2288.5]]}},{"type":"Feature","properties":{"id":"p:muros:559","n":1,"sc":"#808080"},"geometry":{"type":"LineString","coordinates":[[5870.4,2391.2],[5766.2,2391.7]]}},{"type":"Feature","properties":{"id":"p:muros:560","n":1,"sc":"#808080"},"geometry":{"type":"LineString","coordinates":[[5601.6,2283.7],[5801.8,2282.7]]}},{"type":"Feature","properties":{"id":"p:muros:561","n":1,"sc":"#808080"},"geometry":{"type":"LineString","coordinates":[[5766.2,2399.4],[5979.4,2398.4]]}},{"type":"Feature","properties":{"id":"p:muros:562","n":1,"sc":"#808080"},"geometry":{"type":"LineString","coordinates":[[5631.4,2454.1],[5680.8,2453.6]]}},{"type":"Feature","properties":{"id":"p:muros:563","n":1,"sc":"#808080"},"geometry":{"type":"LineString","coordinates":[[5680.8,2461.8],[5631.4,2461.8]]}},{"type":"Feature","properties":{"id":"p:muros:564","n":1,"sc":"#808080"},"geometry":{"type":"LineString","coordinates":[[5680.8,2453.6],[5756.2,2453.6]]}},{"type":"Feature","properties":{"id":"p:muros:565","n":1,"sc":"#808080"},"geometry":{"type":"LineString","coordinates":[[5756.2,2461.3],[5680.8,2461.8]]}},{"type":"Feature","properties":{"id":"p:muros:566","n":1,"sc":"#808080"},"geometry":{"type":"LineString","coordinates":[[5680.8,2457.4],[5756.2,2457.4]]}},{"type":"Feature","properties":{"id":"p:muros:567","n":1,"sc":"#808080"},"geometry":{"type":"LineString","coordinates":[[5631.4,2461.8],[5556,2462.2]]}},{"type":"Feature","properties":{"id":"p:muros:568","n":1,"sc":"#808080"},"geometry":{"type":"LineString","coordinates":[[5556,2454.1],[5631.4,2454.1]]}},{"type":"Feature","properties":{"id":"p:muros:569","n":1,"sc":"#808080"},"geometry":{"type":"LineString","coordinates":[[5631.4,2457.9],[5556,2458.4]]}},{"type":"Feature","properties":{"id":"p:muros:570","n":1,"sc":"#808080"},"geometry":{"type":"LineString","coordinates":[[5758.1,2288.5],[5601.6,2289.4]]}},{"type":"Feature","properties":{"id":"p:muros:571","n":1,"sc":"#808080"},"geometry":{"type":"LineString","coordinates":[[5970.7,2174.7],[5970.7,2226.6]]}},{"type":"Feature","properties":{"id":"p:muros:572","n":1,"sc":"#808080"},"geometry":{"type":"LineString","coordinates":[[5978.9,2226.6],[5978.4,2174.7]]}},{"type":"Feature","properties":{"id":"p:muros:573","n":1,"sc":"#808080"},"geometry":{"type":"LineString","coordinates":[[5974.6,2174.7],[5974.6,2226.6]]}},{"type":"Feature","properties":{"id":"p:muros:574","n":4,"sc":"#808080"},"geometry":{"type":"LineString","coordinates":[[5974.0,2163.2],[5990.0,2160.0],[6003.2,2151.4],[6012.4,2138.6],[6016.3,2122.8]]}},{"type":"Feature","properties":{"id":"p:muros:575","n":1,"sc":"#808080"},"geometry":{"type":"LineString","coordinates":[[5800.8,2226.1],[5909.8,2225.6]]}},{"type":"Feature","properties":{"id":"p:muros:576","n":4,"sc":"#808080"},"geometry":{"type":"LineString","coordinates":[[5873.8,2110.1],[5876.6,2124.0],[5884.2,2135.5],[5895.4,2143.5],[5909.2,2146.8]]}},{"type":"Feature","properties":{"id":"p:muros:577","n":1,"sc":"#808080"},"geometry":{"type":"LineString","coordinates":[[5245.9,2443.0],[5460.5,2442.1]]}},{"type":"Feature","properties":{"id":"p:muros:578","n":4,"sc":"#808080"},"geometry":{"type":"LineString","coordinates":[[4254.8,2327.1],[4258.5,2341.6],[4267.1,2353.3],[4279.3,2361.1],[4294.0,2363.8]]}},{"type":"Feature","properties":{"id":"p:muros:579","n":4,"sc":"#808080"},"geometry":{"type":"LineString","coordinates":[[4294.2,2363.4],[4279.5,2366.3],[4267.3,2374.2],[4258.9,2385.9],[4255.3,2400.4]]}},{"type":"Feature","properties":{"id":"p:muros:580","n":1,"sc":"#808080"},"geometry":{"type":"LineString","coordinates":[[4297.4,2402.7],[4297.0,2325.0]]}},{"type":"Feature","properties":{"id":"p:muros:581","n":8,"sc":"#808080"},"geometry":{"type":"LineString","coordinates":[[4342.6,2432.5],[4333.6,2433.2],[4325.0,2435.5],[4317.0,2439.6],[4309.9,2445.1],[4304.1,2452.0],[4299.8,2459.8],[4297.0,2468.3],[4296.0,2477.2]]}},{"type":"Feature","properties":{"id":"p:muros:582","n":1,"sc":"#808080"},"geometry":{"type":"LineString","coordinates":[[3978.7,2457.9],[3979.2,2511.2]]}},{"type":"Feature","properties":{"id":"p:muros:583","n":1,"sc":"#808080"},"geometry":{"type":"LineString","coordinates":[[5809.9,672.3],[5935.7,671.8]]}},{"type":"Feature","properties":{"id":"p:muros:584","n":1,"sc":"#808080"},"geometry":{"type":"LineString","coordinates":[[5953.4,949.3],[5953.9,1044.8]]}},{"type":"Feature","properties":{"id":"p:muros:585","n":4,"sc":"#808080"},"geometry":{"type":"LineString","coordinates":[[4231.7,2080.3],[4236.3,2100.9],[4247.8,2117.6],[4264.7,2129.0],[4285.3,2133.4]]}},{"type":"Feature","properties":{"id":"p:muros:586","n":4,"sc":"#808080"},"geometry":{"type":"LineString","coordinates":[[1841.8,2775.2],[1844.7,2789.1],[1852.4,2800.5],[1863.6,2808.4],[1877.5,2811.6]]}},{"type":"Feature","properties":{"id":"p:muros:587","n":4,"sc":"#808080"},"geometry":{"type":"LineString","coordinates":[[2000.6,2808.8],[1997.7,2794.9],[1990.0,2783.5],[1978.8,2775.6],[1964.9,2772.4]]}},{"type":"Feature","properties":{"id":"p:muros:588","n":1,"sc":"#808080"},"geometry":{"type":"LineString","coordinates":[[1233.1,2254.9],[1232.6,2161.8]]}},{"type":"Feature","properties":{"id":"p:muros:589","n":1,"sc":"#808080"},"geometry":{"type":"LineString","coordinates":[[1230.2,2254.9],[1229.8,2161.8]]}},{"type":"Feature","properties":{"id":"p:muros:590","n":1,"sc":"#808080"},"geometry":{"type":"LineString","coordinates":[[1227.4,2254.9],[1227.4,2161.8]]}},{"type":"Feature","properties":{"id":"p:muros:591","n":1,"sc":"#808080"},"geometry":{"type":"LineString","coordinates":[[1213.9,2466.6],[1214.4,2547.2]]}},{"type":"Feature","properties":{"id":"p:muros:592","n":1,"sc":"#808080"},"geometry":{"type":"LineString","coordinates":[[1213.9,2410.4],[1213.0,2254.9]]}},{"type":"Feature","properties":{"id":"p:muros:593","n":1,"sc":"#808080"},"geometry":{"type":"LineString","coordinates":[[1249.0,2091.7],[1347.4,2091.2]]}},{"type":"Feature","properties":{"id":"p:muros:594","n":1,"sc":"#808080"},"geometry":{"type":"LineString","coordinates":[[1347.4,2088.3],[1247.5,2088.8]]}},{"type":"Feature","properties":{"id":"p:muros:595","n":1,"sc":"#808080"},"geometry":{"type":"LineString","coordinates":[[1212.5,2089.3],[1212.5,2162.2]]}},{"type":"Feature","properties":{"id":"p:muros:596","n":1,"sc":"#808080"},"geometry":{"type":"LineString","coordinates":[[1341.1,515.8],[1225.0,720.8]]}},{"type":"Feature","properties":{"id":"p:muros:597","n":1,"sc":"#808080"},"geometry":{"type":"LineString","coordinates":[[2841.6,2308.2],[2993.3,2307.2]]}},{"type":"Feature","properties":{"id":"p:muros:598","n":1,"sc":"#808080"},"geometry":{"type":"LineString","coordinates":[[2993.3,2307.2],[2992.8,2204]]}},{"type":"Feature","properties":{"id":"p:muros:599","n":1,"sc":"#808080"},"geometry":{"type":"LineString","coordinates":[[2998.6,2204],[2999.0,2307.2]]}},{"type":"Feature","properties":{"id":"p:muros:600","n":1,"sc":"#808080"},"geometry":{"type":"LineString","coordinates":[[2999.0,2307.2],[3213.1,2306.2]]}},{"type":"Feature","properties":{"id":"p:muros:601","n":1,"sc":"#808080"},"geometry":{"type":"LineString","coordinates":[[3218.4,2309.1],[2841.6,2310.6]]}},{"type":"Feature","properties":{"id":"p:muros:602","n":1,"sc":"#808080"},"geometry":{"type":"LineString","coordinates":[[1596.5,385.3],[1654.6,385.3]]}},{"type":"Feature","properties":{"id":"p:muros:603","n":1,"sc":"#808080"},"geometry":{"type":"LineString","coordinates":[[1659.8,385.3],[1770.2,384.8]]}},{"type":"Feature","properties":{"id":"p:muros:604","n":1,"sc":"#808080"},"geometry":{"type":"LineString","coordinates":[[1775.5,384.8],[1853.8,384.3]]}},{"type":"Feature","properties":{"id":"p:muros:605","n":1,"sc":"#808080"},"geometry":{"type":"LineString","coordinates":[[1859.0,384.3],[1955.5,383.8]]}},{"type":"Feature","properties":{"id":"p:muros:606","n":1,"sc":"#808080"},"geometry":{"type":"LineString","coordinates":[[1960.8,383.8],[2043.8,383.4]]}},{"type":"Feature","properties":{"id":"p:muros:607","n":1,"sc":"#808080"},"geometry":{"type":"LineString","coordinates":[[1863.4,2887.5],[1478.9,2889.0]]}},{"type":"Feature","properties":{"id":"p:muros:608","n":1,"sc":"#808080"},"geometry":{"type":"LineString","coordinates":[[1863.4,2889.9],[1478.9,2891.4]]}},{"type":"Feature","properties":{"id":"p:muros:609","n":1,"sc":"#808080"},"geometry":{"type":"LineString","coordinates":[[1569.6,2890.9],[1570.1,2965.8]]}},{"type":"Feature","properties":{"id":"p:muros:610","n":1,"sc":"#808080"},"geometry":{"type":"LineString","coordinates":[[1572,2890.9],[1572.5,2965.8]]}},{"type":"Feature","properties":{"id":"p:muros:611","n":1,"sc":"#808080"},"geometry":{"type":"LineString","coordinates":[[1611.4,2890.9],[1611.8,2965.3]]}},{"type":"Feature","properties":{"id":"p:muros:612","n":1,"sc":"#808080"},"geometry":{"type":"LineString","coordinates":[[1613.8,2890.9],[1614.2,2965.3]]}},{"type":"Feature","properties":{"id":"p:muros:613","n":1,"sc":"#808080"},"geometry":{"type":"LineString","coordinates":[[1653.1,2890.9],[1653.6,2965.3]]}},{"type":"Feature","properties":{"id":"p:muros:614","n":1,"sc":"#808080"},"geometry":{"type":"LineString","coordinates":[[1655.5,2890.4],[1656,2965.3]]}},{"type":"Feature","properties":{"id":"p:muros:615","n":1,"sc":"#808080"},"geometry":{"type":"LineString","coordinates":[[1695.4,2890.4],[1695.4,2964.8]]}},{"type":"Feature","properties":{"id":"p:muros:616","n":1,"sc":"#808080"},"geometry":{"type":"LineString","coordinates":[[1697.3,2890.4],[1697.8,2964.8]]}},{"type":"Feature","properties":{"id":"p:muros:617","n":1,"sc":"#808080"},"geometry":{"type":"LineString","coordinates":[[1737.1,2890.4],[1737.1,2964.8]]}},{"type":"Feature","properties":{"id":"p:muros:618","n":1,"sc":"#808080"},"geometry":{"type":"LineString","coordinates":[[1739.0,2890.4],[1739.5,2964.8]]}},{"type":"Feature","properties":{"id":"p:muros:619","n":1,"sc":"#808080"},"geometry":{"type":"LineString","coordinates":[[1778.9,2889.9],[1778.9,2964.8]]}},{"type":"Feature","properties":{"id":"p:muros:620","n":1,"sc":"#808080"},"geometry":{"type":"LineString","coordinates":[[1780.8,2889.9],[1781.3,2964.8]]}},{"type":"Feature","properties":{"id":"p:muros:621","n":1,"sc":"#808080"},"geometry":{"type":"LineString","coordinates":[[1820.6,2889.9],[1821.1,2964.3]]}},{"type":"Feature","properties":{"id":"p:muros:622","n":1,"sc":"#808080"},"geometry":{"type":"LineString","coordinates":[[1822.6,2889.9],[1823.0,2964.3]]}},{"type":"Feature","properties":{"id":"p:muros:623","n":1,"sc":"#808080"},"geometry":{"type":"LineString","coordinates":[[2314.6,2885.6],[1980,2887.0]]}},{"type":"Feature","properties":{"id":"p:muros:624","n":1,"sc":"#808080"},"geometry":{"type":"LineString","coordinates":[[2314.6,2888],[1980,2889.4]]}},{"type":"Feature","properties":{"id":"p:muros:625","n":1,"sc":"#808080"},"geometry":{"type":"LineString","coordinates":[[2020.8,2889.0],[2021.3,2963.8]]}},{"type":"Feature","properties":{"id":"p:muros:626","n":1,"sc":"#808080"},"geometry":{"type":"LineString","coordinates":[[2023.2,2889.0],[2023.2,2963.8]]}},{"type":"Feature","properties":{"id":"p:muros:627","n":1,"sc":"#808080"},"geometry":{"type":"LineString","coordinates":[[2062.6,2889.0],[2063.0,2963.4]]}},{"type":"Feature","properties":{"id":"p:muros:628","n":1,"sc":"#808080"},"geometry":{"type":"LineString","coordinates":[[2065.0,2889.0],[2065.0,2963.4]]}},{"type":"Feature","properties":{"id":"p:muros:629","n":1,"sc":"#808080"},"geometry":{"type":"LineString","coordinates":[[2104.3,2888.5],[2104.8,2963.4]]}},{"type":"Feature","properties":{"id":"p:muros:630","n":1,"sc":"#808080"},"geometry":{"type":"LineString","coordinates":[[2106.7,2888.5],[2107.2,2963.4]]}},{"type":"Feature","properties":{"id":"p:muros:631","n":1,"sc":"#808080"},"geometry":{"type":"LineString","coordinates":[[2146.1,2888.5],[2146.6,2962.9]]}},{"type":"Feature","properties":{"id":"p:muros:632","n":1,"sc":"#808080"},"geometry":{"type":"LineString","coordinates":[[2148.5,2888.5],[2149.0,2962.9]]}},{"type":"Feature","properties":{"id":"p:muros:633","n":1,"sc":"#808080"},"geometry":{"type":"LineString","coordinates":[[2187.8,2888.5],[2188.3,2962.9]]}},{"type":"Feature","properties":{"id":"p:muros:634","n":1,"sc":"#808080"},"geometry":{"type":"LineString","coordinates":[[2190.2,2888.5],[2190.7,2962.9]]}},{"type":"Feature","properties":{"id":"p:muros:635","n":1,"sc":"#808080"},"geometry":{"type":"LineString","coordinates":[[2229.6,2888],[2230.1,2962.9]]}},{"type":"Feature","properties":{"id":"p:muros:636","n":1,"sc":"#808080"},"geometry":{"type":"LineString","coordinates":[[2232,2888],[2232.5,2962.9]]}},{"type":"Feature","properties":{"id":"p:muros:637","n":1,"sc":"#808080"},"geometry":{"type":"LineString","coordinates":[[2271.8,2888],[2271.8,2962.4]]}},{"type":"Feature","properties":{"id":"p:muros:638","n":1,"sc":"#808080"},"geometry":{"type":"LineString","coordinates":[[2273.8,2888],[2274.2,2962.4]]}},{"type":"Feature","properties":{"id":"p:muros:639","n":1,"sc":"#808080"},"geometry":{"type":"LineString","coordinates":[[1266.2,1348.6],[1263.8,714.1]]}},{"type":"Feature","properties":{"id":"p:muros:640","n":1,"sc":"#808080"},"geometry":{"type":"LineString","coordinates":[[1269.1,1348.6],[1266.7,739.0]]}},{"type":"Feature","properties":{"id":"p:muros:641","n":1,"sc":"#808080"},"geometry":{"type":"LineString","coordinates":[[1417.4,713.1],[1419.8,1349.6]]}},{"type":"Feature","properties":{"id":"p:muros:642","n":1,"sc":"#808080"},"geometry":{"type":"LineString","coordinates":[[1414.6,738.6],[1417.4,1349.6]]}},{"type":"Feature","properties":{"id":"p:muros:643","n":1,"sc":"#808080"},"geometry":{"type":"LineString","coordinates":[[1332.5,739.0],[1334.9,1348.2]]}},{"type":"Feature","properties":{"id":"p:muros:644","n":1,"sc":"#808080"},"geometry":{"type":"LineString","coordinates":[[1348.8,738.6],[1351.7,1348.2]]}},{"type":"Feature","properties":{"id":"p:muros:645","n":1,"sc":"#808080"},"geometry":{"type":"LineString","coordinates":[[1442.9,713.1],[1444.3,1074.1]]}},{"type":"Feature","properties":{"id":"p:muros:646","n":1,"sc":"#808080"},"geometry":{"type":"LineString","coordinates":[[1441.4,713.1],[1442.9,1074.1]]}},{"type":"Feature","properties":{"id":"p:muros:647","n":1,"sc":"#808080"},"geometry":{"type":"LineString","coordinates":[[1852.3,1337.6],[1851.8,1210.4]]}},{"type":"Feature","properties":{"id":"p:muros:648","n":1,"sc":"#808080"},"geometry":{"type":"LineString","coordinates":[[1850.9,1337.6],[1850.4,1210.4]]}},{"type":"Feature","properties":{"id":"p:muros:649","n":1,"sc":"#808080"},"geometry":{"type":"LineString","coordinates":[[1824.5,1337.6],[1824,1210.4]]}},{"type":"Feature","properties":{"id":"p:muros:650","n":1,"sc":"#808080"},"geometry":{"type":"LineString","coordinates":[[1819.2,1252.2],[1819.7,1329.9]]}},{"type":"Feature","properties":{"id":"p:muros:651","n":1,"sc":"#808080"},"geometry":{"type":"LineString","coordinates":[[1816.8,1252.2],[1816.8,1329.9]]}},{"type":"Feature","properties":{"id":"p:muros:652","n":1,"sc":"#808080"},"geometry":{"type":"LineString","coordinates":[[1805.8,1252.2],[1805.8,1329.9]]}},{"type":"Feature","properties":{"id":"p:muros:653","n":1,"sc":"#808080"},"geometry":{"type":"LineString","coordinates":[[1777.9,1252.2],[1777.9,1329.9]]}},{"type":"Feature","properties":{"id":"p:muros:654","n":1,"sc":"#808080"},"geometry":{"type":"LineString","coordinates":[[1766.4,1252.2],[1766.9,1330.4]]}},{"type":"Feature","properties":{"id":"p:muros:655","n":1,"sc":"#808080"},"geometry":{"type":"LineString","coordinates":[[1764,1252.2],[1764,1330.4]]}},{"type":"Feature","properties":{"id":"p:muros:656","n":1,"sc":"#808080"},"geometry":{"type":"LineString","coordinates":[[1736.2,1252.6],[1736.2,1327.5]]}},{"type":"Feature","properties":{"id":"p:muros:657","n":1,"sc":"#808080"},"geometry":{"type":"LineString","coordinates":[[1733.3,1252.6],[1733.8,1327.5]]}},{"type":"Feature","properties":{"id":"p:muros:658","n":1,"sc":"#808080"},"geometry":{"type":"LineString","coordinates":[[1720.3,1252.6],[1720.8,1327.5]]}},{"type":"Feature","properties":{"id":"p:muros:659","n":1,"sc":"#808080"},"geometry":{"type":"LineString","coordinates":[[1768.8,1185.0],[1805.8,1252.2]]}},{"type":"Feature","properties":{"id":"p:muros:660","n":1,"sc":"#808080"},"geometry":{"type":"LineString","coordinates":[[1780.3,1185.0],[1816.8,1252.2]]}},{"type":"Feature","properties":{"id":"p:muros:661","n":1,"sc":"#808080"},"geometry":{"type":"LineString","coordinates":[[1819.2,1252.2],[1782.7,1185.0]]}},{"type":"Feature","properties":{"id":"p:muros:662","n":1,"sc":"#808080"},"geometry":{"type":"LineString","coordinates":[[1777.9,1252.2],[1766.4,1185.0]]}},{"type":"Feature","properties":{"id":"p:muros:663","n":1,"sc":"#808080"},"geometry":{"type":"LineString","coordinates":[[1766.4,1252.2],[1754.9,1185.0]]}},{"type":"Feature","properties":{"id":"p:muros:664","n":1,"sc":"#808080"},"geometry":{"type":"LineString","coordinates":[[1764,1252.2],[1752.5,1185.4]]}},{"type":"Feature","properties":{"id":"p:muros:665","n":1,"sc":"#808080"},"geometry":{"type":"LineString","coordinates":[[1736.2,1252.6],[1752.5,1185.4]]}},{"type":"Feature","properties":{"id":"p:muros:666","n":1,"sc":"#808080"},"geometry":{"type":"LineString","coordinates":[[1733.3,1252.6],[1749.6,1185.0]]}},{"type":"Feature","properties":{"id":"p:muros:667","n":1,"sc":"#808080"},"geometry":{"type":"LineString","coordinates":[[1738.6,1185.0],[1720.3,1252.6]]}},{"type":"Feature","properties":{"id":"p:muros:668","n":1,"sc":"#808080"},"geometry":{"type":"LineString","coordinates":[[1735.7,1185.0],[1695.4,1252.6]]}},{"type":"Feature","properties":{"id":"p:muros:669","n":1,"sc":"#808080"},"geometry":{"type":"LineString","coordinates":[[1724.6,1185.0],[1682.4,1252.6]]}},{"type":"Feature","properties":{"id":"p:muros:670","n":1,"sc":"#808080"},"geometry":{"type":"LineString","coordinates":[[1722.2,1183.5],[1680,1252.6]]}},{"type":"Feature","properties":{"id":"p:muros:671","n":1,"sc":"#808080"},"geometry":{"type":"LineString","coordinates":[[1680,1252.6],[1680,1327.5]]}},{"type":"Feature","properties":{"id":"p:muros:672","n":1,"sc":"#808080"},"geometry":{"type":"LineString","coordinates":[[1682.9,1327.5],[1682.4,1252.6]]}},{"type":"Feature","properties":{"id":"p:muros:673","n":1,"sc":"#808080"},"geometry":{"type":"LineString","coordinates":[[1695.8,1329.9],[1695.4,1252.6]]}},{"type":"Feature","properties":{"id":"p:muros:674","n":1,"sc":"#808080"},"geometry":{"type":"LineString","coordinates":[[1771.7,1352.5],[1632,1380.8]]}},{"type":"Feature","properties":{"id":"p:muros:675","n":1,"sc":"#808080"},"geometry":{"type":"LineString","coordinates":[[1771.7,1353.9],[1628.6,1383.2]]}},{"type":"Feature","properties":{"id":"p:muros:676","n":1,"sc":"#808080"},"geometry":{"type":"LineString","coordinates":[[1789.4,1371.7],[1609.0,1413.0]]}},{"type":"Feature","properties":{"id":"p:muros:677","n":1,"sc":"#808080"},"geometry":{"type":"LineString","coordinates":[[1788.5,1369.8],[1608.5,1411.0]]}},{"type":"Feature","properties":{"id":"p:muros:678","n":1,"sc":"#808080"},"geometry":{"type":"LineString","coordinates":[[1701.6,1347.7],[1645.0,1356.8]]}},{"type":"Feature","properties":{"id":"p:muros:679","n":1,"sc":"#808080"},"geometry":{"type":"LineString","coordinates":[[1702.1,1349.6],[1645.9,1358.2]]}},{"type":"Feature","properties":{"id":"p:muros:680","n":1,"sc":"#808080"},"geometry":{"type":"LineString","coordinates":[[1652.6,1332.8],[1653.1,1209.4]]}},{"type":"Feature","properties":{"id":"p:muros:681","n":1,"sc":"#808080"},"geometry":{"type":"LineString","coordinates":[[1654.6,1331.4],[1655.0,1209.4]]}},{"type":"Feature","properties":{"id":"p:muros:682","n":1,"sc":"#808080"},"geometry":{"type":"LineString","coordinates":[[1624.8,1335.2],[1626.2,1201.8]]}},{"type":"Feature","properties":{"id":"p:muros:683","n":1,"sc":"#808080"},"geometry":{"type":"LineString","coordinates":[[1623.4,1333.8],[1624.8,1201.8]]}},{"type":"Feature","properties":{"id":"p:muros:684","n":1,"sc":"#808080"},"geometry":{"type":"LineString","coordinates":[[1658.4,1190.2],[1691.0,1154.7]]}},{"type":"Feature","properties":{"id":"p:muros:685","n":1,"sc":"#808080"},"geometry":{"type":"LineString","coordinates":[[1658.9,1191.7],[1693.0,1155.2]]}},{"type":"Feature","properties":{"id":"p:muros:686","n":1,"sc":"#808080"},"geometry":{"type":"LineString","coordinates":[[1611.8,1190.2],[1578.7,1155.2]]}},{"type":"Feature","properties":{"id":"p:muros:687","n":1,"sc":"#808080"},"geometry":{"type":"LineString","coordinates":[[1610.9,1192.2],[1576.8,1155.7]]}},{"type":"Feature","properties":{"id":"p:muros:688","n":1,"sc":"#808080"},"geometry":{"type":"LineString","coordinates":[[1620,1146.1],[1619.5,1079.4]]}},{"type":"Feature","properties":{"id":"p:muros:689","n":1,"sc":"#808080"},"geometry":{"type":"LineString","coordinates":[[1653.1,1145.6],[1652.6,1078.9]]}},{"type":"Feature","properties":{"id":"p:muros:690","n":1,"sc":"#808080"},"geometry":{"type":"LineString","coordinates":[[1691.0,1154.7],[1691.0,1078.9]]}},{"type":"Feature","properties":{"id":"p:muros:691","n":1,"sc":"#808080"},"geometry":{"type":"LineString","coordinates":[[1693.0,1155.2],[1692.5,1078.4]]}},{"type":"Feature","properties":{"id":"p:muros:692","n":1,"sc":"#808080"},"geometry":{"type":"LineString","coordinates":[[1578.7,1155.2],[1578.2,1079.4]]}},{"type":"Feature","properties":{"id":"p:muros:693","n":1,"sc":"#808080"},"geometry":{"type":"LineString","coordinates":[[1576.8,1155.7],[1576.3,1078.4]]}},{"type":"Feature","properties":{"id":"p:muros:694","n":1,"sc":"#808080"},"geometry":{"type":"LineString","coordinates":[[1649.8,1034.7],[1691.0,1078.9]]}},{"type":"Feature","properties":{"id":"p:muros:695","n":1,"sc":"#808080"},"geometry":{"type":"LineString","coordinates":[[1649.8,1031.8],[1692.5,1078.4]]}},{"type":"Feature","properties":{"id":"p:muros:696","n":1,"sc":"#808080"},"geometry":{"type":"LineString","coordinates":[[1621.9,1034.7],[1578.2,1079.4]]}},{"type":"Feature","properties":{"id":"p:muros:697","n":1,"sc":"#808080"},"geometry":{"type":"LineString","coordinates":[[1621.9,1032.3],[1576.3,1078.4]]}},{"type":"Feature","properties":{"id":"p:muros:698","n":1,"sc":"#808080"},"geometry":{"type":"LineString","coordinates":[[1625.3,1333.8],[1515.8,1333.3]]}},{"type":"Feature","properties":{"id":"p:muros:699","n":1,"sc":"#808080"},"geometry":{"type":"LineString","coordinates":[[1625.3,1335.2],[1515.8,1335.2]]}},{"type":"Feature","properties":{"id":"p:muros:700","n":1,"sc":"#808080"},"geometry":{"type":"LineString","coordinates":[[1515.8,1333.3],[1456.8,1347.7]]}},{"type":"Feature","properties":{"id":"p:muros:701","n":1,"sc":"#808080"},"geometry":{"type":"LineString","coordinates":[[1515.8,1335.2],[1456.8,1349.1]]}},{"type":"Feature","properties":{"id":"p:muros:702","n":1,"sc":"#808080"},"geometry":{"type":"LineString","coordinates":[[1456.8,1347.7],[1266.2,1348.6]]}},{"type":"Feature","properties":{"id":"p:muros:703","n":1,"sc":"#808080"},"geometry":{"type":"LineString","coordinates":[[1420.3,1392.3],[1331.0,1392.8]]}},{"type":"Feature","properties":{"id":"p:muros:704","n":1,"sc":"#808080"},"geometry":{"type":"LineString","coordinates":[[1420.3,1390.4],[1331.0,1390.9]]}},{"type":"Feature","properties":{"id":"p:muros:705","n":4,"sc":"#808080"},"geometry":{"type":"LineString","coordinates":[[1266.6,1348.2],[1276.8,1366.5],[1291.8,1380.6],[1310.3,1389.4],[1331.1,1392.3]]}},{"type":"Feature","properties":{"id":"p:muros:706","n":4,"sc":"#808080"},"geometry":{"type":"LineString","coordinates":[[1268.1,1348.3],[1278.2,1366.0],[1292.9,1379.5],[1310.9,1388.1],[1331.1,1390.9]]}},{"type":"Feature","properties":{"id":"p:muros:707","n":1,"sc":"#808080"},"geometry":{"type":"LineString","coordinates":[[1608,1363.0],[1515.8,1362.6]]}},{"type":"Feature","properties":{"id":"p:muros:708","n":1,"sc":"#808080"},"geometry":{"type":"LineString","coordinates":[[1611.4,1361.6],[1515.8,1361.1]]}},{"type":"Feature","properties":{"id":"p:muros:709","n":1,"sc":"#808080"},"geometry":{"type":"LineString","coordinates":[[1515.8,1391.4],[1588.8,1391.4]]}},{"type":"Feature","properties":{"id":"p:muros:710","n":1,"sc":"#808080"},"geometry":{"type":"LineString","coordinates":[[1515.8,1389.4],[1587.4,1389.9]]}},{"type":"Feature","properties":{"id":"p:muros:711","n":1,"sc":"#808080"},"geometry":{"type":"LineString","coordinates":[[1545.1,1419.2],[1658.4,1418.7]]}},{"type":"Feature","properties":{"id":"p:muros:712","n":1,"sc":"#808080"},"geometry":{"type":"LineString","coordinates":[[1516.3,1418.7],[1588.8,1418.7]]}},{"type":"Feature","properties":{"id":"p:muros:713","n":1,"sc":"#808080"},"geometry":{"type":"LineString","coordinates":[[1516.3,1416.8],[1588.8,1417.3]]}},{"type":"Feature","properties":{"id":"p:muros:714","n":1,"sc":"#808080"},"geometry":{"type":"LineString","coordinates":[[1658.9,1446.6],[1516.3,1446.1]]}},{"type":"Feature","properties":{"id":"p:muros:715","n":1,"sc":"#808080"},"geometry":{"type":"LineString","coordinates":[[1658.9,1444.6],[1516.3,1444.6]]}},{"type":"Feature","properties":{"id":"p:muros:716","n":1,"sc":"#808080"},"geometry":{"type":"LineString","coordinates":[[1432.8,1419.2],[1480.8,1446.6]]}},{"type":"Feature","properties":{"id":"p:muros:717","n":1,"sc":"#808080"},"geometry":{"type":"LineString","coordinates":[[1435.2,1418.2],[1481.3,1444.6]]}},{"type":"Feature","properties":{"id":"p:muros:718","n":1,"sc":"#808080"},"geometry":{"type":"LineString","coordinates":[[1721.8,1157.1],[1782.7,1157.1]]}},{"type":"Feature","properties":{"id":"p:muros:719","n":1,"sc":"#808080"},"geometry":{"type":"LineString","coordinates":[[1721.8,1154.7],[1782.7,1154.2]]}},{"type":"Feature","properties":{"id":"p:muros:720","n":1,"sc":"#808080"},"geometry":{"type":"LineString","coordinates":[[1782.7,1154.2],[1780.8,733.3]]}},{"type":"Feature","properties":{"id":"p:muros:721","n":1,"sc":"#808080"},"geometry":{"type":"LineString","coordinates":[[1785.6,1157.1],[1783.7,733.3]]}},{"type":"Feature","properties":{"id":"p:muros:722","n":1,"sc":"#808080"},"geometry":{"type":"LineString","coordinates":[[1721.8,1154.7],[1719.8,733.3]]}},{"type":"Feature","properties":{"id":"p:muros:723","n":1,"sc":"#808080"},"geometry":{"type":"LineString","coordinates":[[1718.9,1157.1],[1717.0,733.3]]}},{"type":"Feature","properties":{"id":"p:muros:724","n":1,"sc":"#808080"},"geometry":{"type":"LineString","coordinates":[[1738.1,1359.2],[1737.6,1252.2]]}},{"type":"Feature","properties":{"id":"p:muros:725","n":1,"sc":"#808080"},"geometry":{"type":"LineString","coordinates":[[1763.5,1252.2],[1764,1353.9]]}},{"type":"Feature","properties":{"id":"p:muros:726","n":1,"sc":"#808080"},"geometry":{"type":"LineString","coordinates":[[1623.4,1330.9],[1515.8,1330.4]]}},{"type":"Feature","properties":{"id":"p:muros:727","n":1,"sc":"#808080"},"geometry":{"type":"LineString","coordinates":[[1515.8,1330.4],[1456.8,1345.3]]}},{"type":"Feature","properties":{"id":"p:muros:728","n":1,"sc":"#808080"},"geometry":{"type":"LineString","coordinates":[[1515.8,1301.1],[1623.8,1301.6]]}},{"type":"Feature","properties":{"id":"p:muros:729","n":1,"sc":"#808080"},"geometry":{"type":"LineString","coordinates":[[1515.8,1302.6],[1593.1,1303.0]]}},{"type":"Feature","properties":{"id":"p:muros:730","n":1,"sc":"#808080"},"geometry":{"type":"LineString","coordinates":[[1515.8,1301.1],[1434.7,1301.6]]}},{"type":"Feature","properties":{"id":"p:muros:731","n":1,"sc":"#808080"},"geometry":{"type":"LineString","coordinates":[[1515.8,1302.6],[1436.6,1303.0]]}},{"type":"Feature","properties":{"id":"p:muros:732","n":1,"sc":"#808080"},"geometry":{"type":"LineString","coordinates":[[1444.3,1074.1],[1467.4,1143.2]]}},{"type":"Feature","properties":{"id":"p:muros:733","n":1,"sc":"#808080"},"geometry":{"type":"LineString","coordinates":[[1442.9,1074.1],[1465.9,1143.7]]}},{"type":"Feature","properties":{"id":"p:muros:734","n":1,"sc":"#808080"},"geometry":{"type":"LineString","coordinates":[[1418.9,1074.1],[1441.0,1143.2]]}},{"type":"Feature","properties":{"id":"p:muros:735","n":1,"sc":"#808080"},"geometry":{"type":"LineString","coordinates":[[1420.8,1074.1],[1442.4,1142.7]]}},{"type":"Feature","properties":{"id":"p:muros:736","n":1,"sc":"#808080"},"geometry":{"type":"LineString","coordinates":[[1414.6,735.7],[1414.6,686.7]]}},{"type":"Feature","properties":{"id":"p:muros:737","n":1,"sc":"#808080"},"geometry":{"type":"LineString","coordinates":[[1413.1,738.6],[1412.6,686.7]]}},{"type":"Feature","properties":{"id":"p:muros:738","n":1,"sc":"#808080"},"geometry":{"type":"LineString","coordinates":[[1386.7,686.7],[1386.7,735.7]]}},{"type":"Feature","properties":{"id":"p:muros:739","n":1,"sc":"#808080"},"geometry":{"type":"LineString","coordinates":[[1388.2,686.7],[1388.6,738.6]]}},{"type":"Feature","properties":{"id":"p:muros:740","n":1,"sc":"#808080"},"geometry":{"type":"LineString","coordinates":[[1384.3,686.7],[1384.3,627.7]]}},{"type":"Feature","properties":{"id":"p:muros:741","n":1,"sc":"#808080"},"geometry":{"type":"LineString","coordinates":[[1387.2,683.8],[1386.7,627.7]]}},{"type":"Feature","properties":{"id":"p:muros:742","n":1,"sc":"#808080"},"geometry":{"type":"LineString","coordinates":[[1416.5,686.7],[1416.5,627.2]]}},{"type":"Feature","properties":{"id":"p:muros:743","n":1,"sc":"#808080"},"geometry":{"type":"LineString","coordinates":[[1413.6,683.8],[1413.6,627.2]]}},{"type":"Feature","properties":{"id":"p:muros:744","n":1,"sc":"#808080"},"geometry":{"type":"LineString","coordinates":[[1391.5,597.9],[1391.5,546.6]]}},{"type":"Feature","properties":{"id":"p:muros:745","n":1,"sc":"#808080"},"geometry":{"type":"LineString","coordinates":[[1408.3,597.9],[1408.3,546.6]]}},{"type":"Feature","properties":{"id":"p:muros:746","n":1,"sc":"#808080"},"geometry":{"type":"LineString","coordinates":[[1263.8,736.2],[1386.7,735.7]]}},{"type":"Feature","properties":{"id":"p:muros:747","n":1,"sc":"#808080"},"geometry":{"type":"LineString","coordinates":[[1266.7,739.0],[1388.6,738.6]]}},{"type":"Feature","properties":{"id":"p:muros:748","n":1,"sc":"#808080"},"geometry":{"type":"LineString","coordinates":[[1263.8,725.1],[1330.6,724.6]]}},{"type":"Feature","properties":{"id":"p:muros:749","n":1,"sc":"#808080"},"geometry":{"type":"LineString","coordinates":[[1392,683.8],[1392,627.7]]}},{"type":"Feature","properties":{"id":"p:muros:750","n":1,"sc":"#808080"},"geometry":{"type":"LineString","coordinates":[[1393.4,683.8],[1393.0,627.7]]}},{"type":"Feature","properties":{"id":"p:muros:751","n":1,"sc":"#808080"},"geometry":{"type":"LineString","coordinates":[[1394.4,683.8],[1393.9,627.7]]}},{"type":"Feature","properties":{"id":"p:muros:752","n":1,"sc":"#808080"},"geometry":{"type":"LineString","coordinates":[[1395.4,683.8],[1395.4,627.7]]}},{"type":"Feature","properties":{"id":"p:muros:753","n":1,"sc":"#808080"},"geometry":{"type":"LineString","coordinates":[[1396.8,683.8],[1396.3,627.7]]}},{"type":"Feature","properties":{"id":"p:muros:754","n":1,"sc":"#808080"},"geometry":{"type":"LineString","coordinates":[[1397.8,683.8],[1397.3,627.7]]}},{"type":"Feature","properties":{"id":"p:muros:755","n":1,"sc":"#808080"},"geometry":{"type":"LineString","coordinates":[[1398.7,683.8],[1398.7,627.7]]}},{"type":"Feature","properties":{"id":"p:muros:756","n":1,"sc":"#808080"},"geometry":{"type":"LineString","coordinates":[[1399.7,683.8],[1399.7,627.7]]}},{"type":"Feature","properties":{"id":"p:muros:757","n":1,"sc":"#808080"},"geometry":{"type":"LineString","coordinates":[[1401.1,683.8],[1400.6,627.7]]}},{"type":"Feature","properties":{"id":"p:muros:758","n":1,"sc":"#808080"},"geometry":{"type":"LineString","coordinates":[[1402.1,683.8],[1402.1,627.7]]}},{"type":"Feature","properties":{"id":"p:muros:759","n":1,"sc":"#808080"},"geometry":{"type":"LineString","coordinates":[[1403.0,683.8],[1403.0,627.7]]}},{"type":"Feature","properties":{"id":"p:muros:760","n":1,"sc":"#808080"},"geometry":{"type":"LineString","coordinates":[[1404.5,683.8],[1404,627.7]]}},{"type":"Feature","properties":{"id":"p:muros:761","n":1,"sc":"#808080"},"geometry":{"type":"LineString","coordinates":[[1405.4,683.8],[1405.4,627.2]]}},{"type":"Feature","properties":{"id":"p:muros:762","n":1,"sc":"#808080"},"geometry":{"type":"LineString","coordinates":[[1406.4,683.8],[1406.4,627.2]]}},{"type":"Feature","properties":{"id":"p:muros:763","n":1,"sc":"#808080"},"geometry":{"type":"LineString","coordinates":[[1407.8,683.8],[1407.4,627.2]]}},{"type":"Feature","properties":{"id":"p:muros:764","n":1,"sc":"#808080"},"geometry":{"type":"LineString","coordinates":[[1402.1,683.8],[1402.1,627.7]]}},{"type":"Feature","properties":{"id":"p:muros:765","n":1,"sc":"#808080"},"geometry":{"type":"LineString","coordinates":[[1408.8,627.2],[1408.8,683.8]]}},{"type":"Feature","properties":{"id":"p:muros:766","n":1,"sc":"#808080"},"geometry":{"type":"LineString","coordinates":[[1417.0,686.7],[1417.0,627.2]]}},{"type":"Feature","properties":{"id":"p:muros:767","n":1,"sc":"#808080"},"geometry":{"type":"LineString","coordinates":[[1444.8,627.2],[1444.8,686.7]]}},{"type":"Feature","properties":{"id":"p:muros:768","n":1,"sc":"#808080"},"geometry":{"type":"LineString","coordinates":[[1442.9,627.2],[1443.4,686.7]]}},{"type":"Feature","properties":{"id":"p:muros:769","n":1,"sc":"#808080"},"geometry":{"type":"LineString","coordinates":[[1349.3,791.8],[1415.0,791.4]]}},{"type":"Feature","properties":{"id":"p:muros:770","n":1,"sc":"#808080"},"geometry":{"type":"LineString","coordinates":[[1349.3,847.0],[1415.0,847.0]]}},{"type":"Feature","properties":{"id":"p:muros:771","n":1,"sc":"#808080"},"geometry":{"type":"LineString","coordinates":[[1349.8,902.7],[1415.5,902.7]]}},{"type":"Feature","properties":{"id":"p:muros:772","n":1,"sc":"#808080"},"geometry":{"type":"LineString","coordinates":[[1349.8,958.4],[1415.5,958.4]]}},{"type":"Feature","properties":{"id":"p:muros:773","n":1,"sc":"#808080"},"geometry":{"type":"LineString","coordinates":[[1350.2,1014.1],[1416,1014.1]]}},{"type":"Feature","properties":{"id":"p:muros:774","n":1,"sc":"#808080"},"geometry":{"type":"LineString","coordinates":[[1350.2,1069.8],[1416,1069.8]]}},{"type":"Feature","properties":{"id":"p:muros:775","n":1,"sc":"#808080"},"geometry":{"type":"LineString","coordinates":[[1350.7,1125.4],[1416.5,1125.0]]}},{"type":"Feature","properties":{"id":"p:muros:776","n":1,"sc":"#808080"},"geometry":{"type":"LineString","coordinates":[[1350.7,1181.1],[1416.5,1180.6]]}},{"type":"Feature","properties":{"id":"p:muros:777","n":1,"sc":"#808080"},"geometry":{"type":"LineString","coordinates":[[1351.2,1236.8],[1417.0,1236.3]]}},{"type":"Feature","properties":{"id":"p:muros:778","n":1,"sc":"#808080"},"geometry":{"type":"LineString","coordinates":[[1351.2,1292.5],[1417.0,1292]]}},{"type":"Feature","properties":{"id":"p:muros:779","n":1,"sc":"#808080"},"geometry":{"type":"LineString","coordinates":[[1332.5,791.8],[1266.7,791.8]]}},{"type":"Feature","properties":{"id":"p:muros:780","n":1,"sc":"#808080"},"geometry":{"type":"LineString","coordinates":[[1349.3,789.0],[1415.0,785.6]]}},{"type":"Feature","properties":{"id":"p:muros:781","n":1,"sc":"#808080"},"geometry":{"type":"LineString","coordinates":[[1332.5,794.2],[1266.7,797.6]]}},{"type":"Feature","properties":{"id":"p:muros:782","n":1,"sc":"#808080"},"geometry":{"type":"LineString","coordinates":[[1349.3,847.0],[1415.0,847.0]]}},{"type":"Feature","properties":{"id":"p:muros:783","n":1,"sc":"#808080"},"geometry":{"type":"LineString","coordinates":[[1349.3,844.6],[1415.0,841.3]]}},{"type":"Feature","properties":{"id":"p:muros:784","n":1,"sc":"#808080"},"geometry":{"type":"LineString","coordinates":[[1349.8,902.7],[1415.5,902.7]]}},{"type":"Feature","properties":{"id":"p:muros:785","n":1,"sc":"#808080"},"geometry":{"type":"LineString","coordinates":[[1349.8,900.3],[1415.5,897.0]]}},{"type":"Feature","properties":{"id":"p:muros:786","n":1,"sc":"#808080"},"geometry":{"type":"LineString","coordinates":[[1349.8,958.4],[1415.5,958.4]]}},{"type":"Feature","properties":{"id":"p:muros:787","n":1,"sc":"#808080"},"geometry":{"type":"LineString","coordinates":[[1349.8,955.5],[1415.5,952.6]]}},{"type":"Feature","properties":{"id":"p:muros:788","n":1,"sc":"#808080"},"geometry":{"type":"LineString","coordinates":[[1350.2,1014.1],[1416,1014.1]]}},{"type":"Feature","properties":{"id":"p:muros:789","n":1,"sc":"#808080"},"geometry":{"type":"LineString","coordinates":[[1350.2,1011.2],[1416,1008.3]]}},{"type":"Feature","properties":{"id":"p:muros:790","n":1,"sc":"#808080"},"geometry":{"type":"LineString","coordinates":[[1350.2,1069.8],[1416,1069.8]]}},{"type":"Feature","properties":{"id":"p:muros:791","n":1,"sc":"#808080"},"geometry":{"type":"LineString","coordinates":[[1350.2,1066.9],[1416,1064]]}},{"type":"Feature","properties":{"id":"p:muros:792","n":1,"sc":"#808080"},"geometry":{"type":"LineString","coordinates":[[1350.7,1125.4],[1416.5,1125.0]]}},{"type":"Feature","properties":{"id":"p:muros:793","n":1,"sc":"#808080"},"geometry":{"type":"LineString","coordinates":[[1350.7,1122.6],[1416.5,1119.7]]}},{"type":"Feature","properties":{"id":"p:muros:794","n":1,"sc":"#808080"},"geometry":{"type":"LineString","coordinates":[[1350.7,1181.1],[1416.5,1180.6]]}},{"type":"Feature","properties":{"id":"p:muros:795","n":1,"sc":"#808080"},"geometry":{"type":"LineString","coordinates":[[1350.7,1178.2],[1416.5,1175.4]]}},{"type":"Feature","properties":{"id":"p:muros:796","n":1,"sc":"#808080"},"geometry":{"type":"LineString","coordinates":[[1351.2,1236.8],[1417.0,1236.3]]}},{"type":"Feature","properties":{"id":"p:muros:797","n":1,"sc":"#808080"},"geometry":{"type":"LineString","coordinates":[[1351.2,1233.9],[1417.0,1231.0]]}},{"type":"Feature","properties":{"id":"p:muros:798","n":1,"sc":"#808080"},"geometry":{"type":"LineString","coordinates":[[1351.2,1292.5],[1417.0,1292]]}},{"type":"Feature","properties":{"id":"p:muros:799","n":1,"sc":"#808080"},"geometry":{"type":"LineString","coordinates":[[1351.2,1289.6],[1417.0,1286.7]]}},{"type":"Feature","properties":{"id":"p:muros:800","n":1,"sc":"#808080"},"geometry":{"type":"LineString","coordinates":[[1333.0,847.5],[1267.2,847.5]]}},{"type":"Feature","properties":{"id":"p:muros:801","n":1,"sc":"#808080"},"geometry":{"type":"LineString","coordinates":[[1333.0,849.9],[1267.2,853.3]]}},{"type":"Feature","properties":{"id":"p:muros:802","n":1,"sc":"#808080"},"geometry":{"type":"LineString","coordinates":[[1333.0,903.2],[1267.2,903.2]]}},{"type":"Feature","properties":{"id":"p:muros:803","n":1,"sc":"#808080"},"geometry":{"type":"LineString","coordinates":[[1333.0,905.6],[1267.2,909.0]]}},{"type":"Feature","properties":{"id":"p:muros:804","n":1,"sc":"#808080"},"geometry":{"type":"LineString","coordinates":[[1333.4,958.4],[1267.7,958.9]]}},{"type":"Feature","properties":{"id":"p:muros:805","n":1,"sc":"#808080"},"geometry":{"type":"LineString","coordinates":[[1333.4,961.3],[1267.7,964.6]]}},{"type":"Feature","properties":{"id":"p:muros:806","n":1,"sc":"#808080"},"geometry":{"type":"LineString","coordinates":[[1333.4,1014.1],[1267.7,1014.6]]}},{"type":"Feature","properties":{"id":"p:muros:807","n":1,"sc":"#808080"},"geometry":{"type":"LineString","coordinates":[[1333.4,1017.0],[1267.7,1020.3]]}},{"type":"Feature","properties":{"id":"p:muros:808","n":1,"sc":"#808080"},"geometry":{"type":"LineString","coordinates":[[1333.9,1069.8],[1268.2,1070.2]]}},{"type":"Feature","properties":{"id":"p:muros:809","n":1,"sc":"#808080"},"geometry":{"type":"LineString","coordinates":[[1333.9,1072.6],[1268.2,1075.5]]}},{"type":"Feature","properties":{"id":"p:muros:810","n":1,"sc":"#808080"},"geometry":{"type":"LineString","coordinates":[[1333.9,1125.4],[1268.2,1125.9]]}},{"type":"Feature","properties":{"id":"p:muros:811","n":1,"sc":"#808080"},"geometry":{"type":"LineString","coordinates":[[1333.9,1128.3],[1268.2,1131.2]]}},{"type":"Feature","properties":{"id":"p:muros:812","n":1,"sc":"#808080"},"geometry":{"type":"LineString","coordinates":[[1334.4,1181.1],[1268.6,1181.6]]}},{"type":"Feature","properties":{"id":"p:muros:813","n":1,"sc":"#808080"},"geometry":{"type":"LineString","coordinates":[[1334.4,1184],[1268.6,1186.9]]}},{"type":"Feature","properties":{"id":"p:muros:814","n":1,"sc":"#808080"},"geometry":{"type":"LineString","coordinates":[[1334.4,1236.8],[1268.6,1237.3]]}},{"type":"Feature","properties":{"id":"p:muros:815","n":1,"sc":"#808080"},"geometry":{"type":"LineString","coordinates":[[1334.4,1239.7],[1268.6,1242.6]]}},{"type":"Feature","properties":{"id":"p:muros:816","n":1,"sc":"#808080"},"geometry":{"type":"LineString","coordinates":[[1334.9,1292.5],[1269.1,1292.5]]}},{"type":"Feature","properties":{"id":"p:muros:817","n":1,"sc":"#808080"},"geometry":{"type":"LineString","coordinates":[[1334.9,1295.4],[1269.1,1298.2]]}},{"type":"Feature","properties":{"id":"p:muros:818","n":1,"sc":"#808080"},"geometry":{"type":"LineString","coordinates":[[1334.9,1309.3],[1269.1,1309.3]]}},{"type":"Feature","properties":{"id":"p:muros:819","n":1,"sc":"#808080"},"geometry":{"type":"LineString","coordinates":[[3562.6,2070.6],[3637.9,2070.1]]}},{"type":"Feature","properties":{"id":"p:muros:820","n":1,"sc":"#808080"},"geometry":{"type":"LineString","coordinates":[[3649.0,2070.1],[3890.9,2069.1]]}},{"type":"Feature","properties":{"id":"p:muros:821","n":1,"sc":"#808080"},"geometry":{"type":"LineString","coordinates":[[4000.3,2147.4],[4066.1,2146.9]]}},{"type":"Feature","properties":{"id":"p:muros:822","n":1,"sc":"#808080"},"geometry":{"type":"LineString","coordinates":[[4108.8,2146.9],[4160.2,2146.4]]}},{"type":"Feature","properties":{"id":"p:muros:823","n":1,"sc":"#808080"},"geometry":{"type":"LineString","coordinates":[[4000.3,2152.6],[4066.1,2152.6]]}},{"type":"Feature","properties":{"id":"p:muros:824","n":1,"sc":"#808080"},"geometry":{"type":"LineString","coordinates":[[4105.0,2152.2],[4160.2,2152.2]]}},{"type":"Feature","properties":{"id":"p:muros:825","n":1,"sc":"#808080"},"geometry":{"type":"LineString","coordinates":[[2813.8,2231.4],[2935.7,2230.9]]}},{"type":"Feature","properties":{"id":"p:muros:826","n":1,"sc":"#808080"},"geometry":{"type":"LineString","coordinates":[[2815.7,2232.8],[2933.8,2232.3]]}},{"type":"Feature","properties":{"id":"p:muros:827","n":1,"sc":"#808080"},"geometry":{"type":"LineString","coordinates":[[2815.7,2236.6],[2933.8,2236.2]]}},{"type":"Feature","properties":{"id":"p:muros:828","n":1,"sc":"#808080"},"geometry":{"type":"LineString","coordinates":[[2815.7,2238.1],[2933.8,2237.6]]}},{"type":"Feature","properties":{"id":"p:muros:829","n":1,"sc":"#808080"},"geometry":{"type":"LineString","coordinates":[[2935.7,2258.7],[2813.8,2259.2]]}},{"type":"Feature","properties":{"id":"p:muros:830","n":1,"sc":"#808080"},"geometry":{"type":"LineString","coordinates":[[2934.2,2256.8],[2815.7,2257.3]]}},{"type":"Feature","properties":{"id":"p:muros:831","n":1,"sc":"#808080"},"geometry":{"type":"LineString","coordinates":[[2813.3,2112.8],[2813.8,2221.3]]}},{"type":"Feature","properties":{"id":"p:muros:832","n":1,"sc":"#808080"},"geometry":{"type":"LineString","coordinates":[[2813.8,2221.3],[2983.2,2220.8]]}},{"type":"Feature","properties":{"id":"p:muros:833","n":1,"sc":"#808080"},"geometry":{"type":"LineString","coordinates":[[2983.2,2220.8],[2982.7,2112.3]]}},{"type":"Feature","properties":{"id":"p:muros:834","n":1,"sc":"#808080"},"geometry":{"type":"LineString","coordinates":[[2982.7,2167.5],[2853.1,2168]]}},{"type":"Feature","properties":{"id":"p:muros:835","n":1,"sc":"#808080"},"geometry":{"type":"LineString","coordinates":[[2982.7,2164.6],[2853.1,2165.6]]}},{"type":"Feature","properties":{"id":"p:muros:836","n":1,"sc":"#808080"},"geometry":{"type":"LineString","coordinates":[[2922.7,2065.3],[2971.7,2064.8]]}},{"type":"Feature","properties":{"id":"p:muros:837","n":1,"sc":"#808080"},"geometry":{"type":"LineString","coordinates":[[2710.6,2065.8],[2760,2065.8]]}},{"type":"Feature","properties":{"id":"p:muros:838","n":1,"sc":"#808080"},"geometry":{"type":"LineString","coordinates":[[1689.6,598.9],[1688.6,385.3]]}},{"type":"Feature","properties":{"id":"p:muros:839","n":1,"sc":"#808080"},"geometry":{"type":"LineString","coordinates":[[1695.4,598.9],[1694.4,385.3]]}},{"type":"Feature","properties":{"id":"p:muros:840","n":1,"sc":"#808080"},"geometry":{"type":"LineString","coordinates":[[1792.8,596.5],[1791.8,391.5]]}},{"type":"Feature","properties":{"id":"p:muros:841","n":1,"sc":"#808080"},"geometry":{"type":"LineString","coordinates":[[1798.6,596.5],[1797.6,391.5]]}},{"type":"Feature","properties":{"id":"p:muros:842","n":1,"sc":"#808080"},"geometry":{"type":"LineString","coordinates":[[1911.8,746.2],[1911.4,633.0]]}},{"type":"Feature","properties":{"id":"p:muros:843","n":1,"sc":"#808080"},"geometry":{"type":"LineString","coordinates":[[1914.7,746.2],[1914.2,633.0]]}},{"type":"Feature","properties":{"id":"p:muros:844","n":1,"sc":"#808080"},"geometry":{"type":"LineString","coordinates":[[1911.8,660.8],[1854.2,660.8]]}},{"type":"Feature","properties":{"id":"p:muros:845","n":1,"sc":"#808080"},"geometry":{"type":"LineString","coordinates":[[1911.8,661.8],[1853.8,662.2]]}},{"type":"Feature","properties":{"id":"p:muros:846","n":1,"sc":"#808080"},"geometry":{"type":"LineString","coordinates":[[1911.8,717.4],[1834.1,717.9]]}},{"type":"Feature","properties":{"id":"p:muros:847","n":1,"sc":"#808080"},"geometry":{"type":"LineString","coordinates":[[1911.8,718.4],[1834.1,718.9]]}},{"type":"Feature","properties":{"id":"p:muros:848","n":1,"sc":"#808080"},"geometry":{"type":"LineString","coordinates":[[1834.1,712.6],[1833.6,646.9]]}},{"type":"Feature","properties":{"id":"p:muros:849","n":1,"sc":"#808080"},"geometry":{"type":"LineString","coordinates":[[1832.6,643.0],[1782.7,643.5]]}},{"type":"Feature","properties":{"id":"p:muros:850","n":1,"sc":"#808080"},"geometry":{"type":"LineString","coordinates":[[1833.6,644],[1779.8,644.5]]}},{"type":"Feature","properties":{"id":"p:muros:851","n":1,"sc":"#808080"},"geometry":{"type":"LineString","coordinates":[[1779.8,644.5],[1686.7,645.0]]}},{"type":"Feature","properties":{"id":"p:muros:852","n":1,"sc":"#808080"},"geometry":{"type":"LineString","coordinates":[[1782.2,609.9],[1701.6,610.4]]}},{"type":"Feature","properties":{"id":"p:muros:853","n":1,"sc":"#808080"},"geometry":{"type":"LineString","coordinates":[[1782.2,610.9],[1703.0,611.4]]}},{"type":"Feature","properties":{"id":"p:muros:854","n":1,"sc":"#808080"},"geometry":{"type":"LineString","coordinates":[[1785.6,718.4],[1834.1,718.4]]}},{"type":"Feature","properties":{"id":"p:muros:855","n":1,"sc":"#808080"},"geometry":{"type":"LineString","coordinates":[[1675.7,664.6],[1675.7,719.8]]}},{"type":"Feature","properties":{"id":"p:muros:856","n":1,"sc":"#808080"},"geometry":{"type":"LineString","coordinates":[[1676.6,665.1],[1677.1,718.9]]}},{"type":"Feature","properties":{"id":"p:muros:857","n":1,"sc":"#808080"},"geometry":{"type":"LineString","coordinates":[[1715.5,733.3],[1785.6,733.3]]}},{"type":"Feature","properties":{"id":"p:muros:858","n":1,"sc":"#808080"},"geometry":{"type":"LineString","coordinates":[[1715.5,711.2],[1785.6,710.7]]}},{"type":"Feature","properties":{"id":"p:muros:859","n":1,"sc":"#808080"},"geometry":{"type":"LineString","coordinates":[[1894.6,663.2],[1895.0,717.4]]}},{"type":"Feature","properties":{"id":"p:muros:860","n":1,"sc":"#808080"},"geometry":{"type":"LineString","coordinates":[[1759.2,706.4],[1758.7,647.4]]}},{"type":"Feature","properties":{"id":"p:muros:861","n":1,"sc":"#808080"},"geometry":{"type":"LineString","coordinates":[[1760.6,713.1],[1760.6,647.4]]}},{"type":"Feature","properties":{"id":"p:muros:862","n":1,"sc":"#808080"},"geometry":{"type":"LineString","coordinates":[[1760.6,713.1],[1834.1,712.6]]}},{"type":"Feature","properties":{"id":"p:muros:863","n":1,"sc":"#808080"},"geometry":{"type":"LineString","coordinates":[[1760.6,647.4],[1833.6,646.9]]}},{"type":"Feature","properties":{"id":"p:muros:864","n":1,"sc":"#808080"},"geometry":{"type":"LineString","coordinates":[[1760.6,648.3],[1833.6,648.3]]}},{"type":"Feature","properties":{"id":"p:muros:865","n":1,"sc":"#808080"},"geometry":{"type":"LineString","coordinates":[[1760.6,649.3],[1833.6,649.3]]}},{"type":"Feature","properties":{"id":"p:muros:866","n":1,"sc":"#808080"},"geometry":{"type":"LineString","coordinates":[[1760.6,650.7],[1833.6,650.2]]}},{"type":"Feature","properties":{"id":"p:muros:867","n":1,"sc":"#808080"},"geometry":{"type":"LineString","coordinates":[[1760.6,651.7],[1833.6,651.2]]}},{"type":"Feature","properties":{"id":"p:muros:868","n":1,"sc":"#808080"},"geometry":{"type":"LineString","coordinates":[[1760.6,652.6],[1833.6,652.6]]}},{"type":"Feature","properties":{"id":"p:muros:869","n":1,"sc":"#808080"},"geometry":{"type":"LineString","coordinates":[[1758.7,647.4],[1681.0,647.8]]}},{"type":"Feature","properties":{"id":"p:muros:870","n":1,"sc":"#808080"},"geometry":{"type":"LineString","coordinates":[[1681.0,647.8],[1681.4,706.9]]}},{"type":"Feature","properties":{"id":"p:muros:871","n":1,"sc":"#808080"},"geometry":{"type":"LineString","coordinates":[[1681.4,706.9],[1759.2,706.4]]}},{"type":"Feature","properties":{"id":"p:muros:872","n":1,"sc":"#808080"},"geometry":{"type":"LineString","coordinates":[[1760.6,652.6],[1833.6,652.6]]}},{"type":"Feature","properties":{"id":"p:muros:873","n":1,"sc":"#808080"},"geometry":{"type":"LineString","coordinates":[[1760.6,654.1],[1833.6,653.6]]}},{"type":"Feature","properties":{"id":"p:muros:874","n":1,"sc":"#808080"},"geometry":{"type":"LineString","coordinates":[[1760.6,655.0],[1833.6,654.6]]}},{"type":"Feature","properties":{"id":"p:muros:875","n":1,"sc":"#808080"},"geometry":{"type":"LineString","coordinates":[[1760.6,656],[1833.6,656]]}},{"type":"Feature","properties":{"id":"p:muros:876","n":1,"sc":"#808080"},"geometry":{"type":"LineString","coordinates":[[1760.6,657.4],[1833.6,657.0]]}},{"type":"Feature","properties":{"id":"p:muros:877","n":1,"sc":"#808080"},"geometry":{"type":"LineString","coordinates":[[1760.6,658.4],[1833.6,657.9]]}},{"type":"Feature","properties":{"id":"p:muros:878","n":1,"sc":"#808080"},"geometry":{"type":"LineString","coordinates":[[1760.6,658.4],[1833.6,657.9]]}},{"type":"Feature","properties":{"id":"p:muros:879","n":1,"sc":"#808080"},"geometry":{"type":"LineString","coordinates":[[1760.6,659.4],[1833.6,659.4]]}},{"type":"Feature","properties":{"id":"p:muros:880","n":1,"sc":"#808080"},"geometry":{"type":"LineString","coordinates":[[1760.6,660.8],[1833.6,660.3]]}},{"type":"Feature","properties":{"id":"p:muros:881","n":1,"sc":"#808080"},"geometry":{"type":"LineString","coordinates":[[1760.6,661.8],[1833.6,661.3]]}},{"type":"Feature","properties":{"id":"p:muros:882","n":1,"sc":"#808080"},"geometry":{"type":"LineString","coordinates":[[1760.6,662.7],[1833.6,662.7]]}},{"type":"Feature","properties":{"id":"p:muros:883","n":1,"sc":"#808080"},"geometry":{"type":"LineString","coordinates":[[1760.6,664.2],[1833.6,663.7]]}},{"type":"Feature","properties":{"id":"p:muros:884","n":1,"sc":"#808080"},"geometry":{"type":"LineString","coordinates":[[1760.6,664.2],[1833.6,663.7]]}},{"type":"Feature","properties":{"id":"p:muros:885","n":1,"sc":"#808080"},"geometry":{"type":"LineString","coordinates":[[1760.6,665.1],[1833.6,664.6]]}},{"type":"Feature","properties":{"id":"p:muros:886","n":1,"sc":"#808080"},"geometry":{"type":"LineString","coordinates":[[1760.6,666.1],[1833.6,666.1]]}},{"type":"Feature","properties":{"id":"p:muros:887","n":1,"sc":"#808080"},"geometry":{"type":"LineString","coordinates":[[1760.6,667.5],[1833.6,667.0]]}},{"type":"Feature","properties":{"id":"p:muros:888","n":1,"sc":"#808080"},"geometry":{"type":"LineString","coordinates":[[1760.6,668.5],[1834.1,668]]}},{"type":"Feature","properties":{"id":"p:muros:889","n":1,"sc":"#808080"},"geometry":{"type":"LineString","coordinates":[[1760.6,669.4],[1834.1,669.4]]}},{"type":"Feature","properties":{"id":"p:muros:890","n":1,"sc":"#808080"},"geometry":{"type":"LineString","coordinates":[[1760.6,669.4],[1834.1,669.4]]}},{"type":"Feature","properties":{"id":"p:muros:891","n":1,"sc":"#808080"},"geometry":{"type":"LineString","coordinates":[[1760.6,670.9],[1834.1,670.4]]}},{"type":"Feature","properties":{"id":"p:muros:892","n":1,"sc":"#808080"},"geometry":{"type":"LineString","coordinates":[[1760.6,671.8],[1834.1,671.4]]}},{"type":"Feature","properties":{"id":"p:muros:893","n":1,"sc":"#808080"},"geometry":{"type":"LineString","coordinates":[[1760.6,672.8],[1834.1,672.8]]}},{"type":"Feature","properties":{"id":"p:muros:894","n":1,"sc":"#808080"},"geometry":{"type":"LineString","coordinates":[[1760.6,673.8],[1834.1,673.8]]}},{"type":"Feature","properties":{"id":"p:muros:895","n":1,"sc":"#808080"},"geometry":{"type":"LineString","coordinates":[[1760.6,675.2],[1834.1,674.7]]}},{"type":"Feature","properties":{"id":"p:muros:896","n":1,"sc":"#808080"},"geometry":{"type":"LineString","coordinates":[[1760.6,675.2],[1834.1,674.7]]}},{"type":"Feature","properties":{"id":"p:muros:897","n":1,"sc":"#808080"},"geometry":{"type":"LineString","coordinates":[[1760.6,676.2],[1834.1,675.7]]}},{"type":"Feature","properties":{"id":"p:muros:898","n":1,"sc":"#808080"},"geometry":{"type":"LineString","coordinates":[[1760.6,677.1],[1834.1,677.1]]}},{"type":"Feature","properties":{"id":"p:muros:899","n":1,"sc":"#808080"},"geometry":{"type":"LineString","coordinates":[[1760.6,678.6],[1834.1,678.1]]}},{"type":"Feature","properties":{"id":"p:muros:900","n":1,"sc":"#808080"},"geometry":{"type":"LineString","coordinates":[[1760.6,679.5],[1834.1,679.0]]}},{"type":"Feature","properties":{"id":"p:muros:901","n":1,"sc":"#808080"},"geometry":{"type":"LineString","coordinates":[[1760.6,680.5],[1834.1,680.5]]}},{"type":"Feature","properties":{"id":"p:muros:902","n":1,"sc":"#808080"},"geometry":{"type":"LineString","coordinates":[[1760.6,680.5],[1834.1,680.5]]}},{"type":"Feature","properties":{"id":"p:muros:903","n":1,"sc":"#808080"},"geometry":{"type":"LineString","coordinates":[[1760.6,681.9],[1834.1,681.4]]}},{"type":"Feature","properties":{"id":"p:muros:904","n":1,"sc":"#808080"},"geometry":{"type":"LineString","coordinates":[[1760.6,682.9],[1834.1,682.4]]}},{"type":"Feature","properties":{"id":"p:muros:905","n":1,"sc":"#808080"},"geometry":{"type":"LineString","coordinates":[[1760.6,683.8],[1834.1,683.8]]}},{"type":"Feature","properties":{"id":"p:muros:906","n":1,"sc":"#808080"},"geometry":{"type":"LineString","coordinates":[[1760.6,685.3],[1834.1,684.8]]}},{"type":"Feature","properties":{"id":"p:muros:907","n":1,"sc":"#808080"},"geometry":{"type":"LineString","coordinates":[[1760.6,686.2],[1834.1,685.8]]}},{"type":"Feature","properties":{"id":"p:muros:908","n":1,"sc":"#808080"},"geometry":{"type":"LineString","coordinates":[[1760.6,686.2],[1834.1,685.8]]}},{"type":"Feature","properties":{"id":"p:muros:909","n":1,"sc":"#808080"},"geometry":{"type":"LineString","coordinates":[[1760.6,687.2],[1834.1,687.2]]}},{"type":"Feature","properties":{"id":"p:muros:910","n":1,"sc":"#808080"},"geometry":{"type":"LineString","coordinates":[[1760.6,688.6],[1834.1,688.2]]}},{"type":"Feature","properties":{"id":"p:muros:911","n":1,"sc":"#808080"},"geometry":{"type":"LineString","coordinates":[[1760.6,689.6],[1834.1,689.1]]}},{"type":"Feature","properties":{"id":"p:muros:912","n":1,"sc":"#808080"},"geometry":{"type":"LineString","coordinates":[[1760.6,690.6],[1834.1,690.6]]}},{"type":"Feature","properties":{"id":"p:muros:913","n":1,"sc":"#808080"},"geometry":{"type":"LineString","coordinates":[[1760.6,692],[1834.1,691.5]]}},{"type":"Feature","properties":{"id":"p:muros:914","n":1,"sc":"#808080"},"geometry":{"type":"LineString","coordinates":[[1760.6,692],[1834.1,691.5]]}},{"type":"Feature","properties":{"id":"p:muros:915","n":1,"sc":"#808080"},"geometry":{"type":"LineString","coordinates":[[1760.6,693.0],[1834.1,692.5]]}},{"type":"Feature","properties":{"id":"p:muros:916","n":1,"sc":"#808080"},"geometry":{"type":"LineString","coordinates":[[1760.6,693.9],[1834.1,693.9]]}},{"type":"Feature","properties":{"id":"p:muros:917","n":1,"sc":"#808080"},"geometry":{"type":"LineString","coordinates":[[1760.6,695.4],[1834.1,694.9]]}},{"type":"Feature","properties":{"id":"p:muros:918","n":1,"sc":"#808080"},"geometry":{"type":"LineString","coordinates":[[1760.6,696.3],[1834.1,695.8]]}},{"type":"Feature","properties":{"id":"p:muros:919","n":1,"sc":"#808080"},"geometry":{"type":"LineString","coordinates":[[1760.6,697.3],[1834.1,697.3]]}},{"type":"Feature","properties":{"id":"p:muros:920","n":1,"sc":"#808080"},"geometry":{"type":"LineString","coordinates":[[1760.6,697.3],[1834.1,697.3]]}},{"type":"Feature","properties":{"id":"p:muros:921","n":1,"sc":"#808080"},"geometry":{"type":"LineString","coordinates":[[1760.6,698.2],[1834.1,698.2]]}},{"type":"Feature","properties":{"id":"p:muros:922","n":1,"sc":"#808080"},"geometry":{"type":"LineString","coordinates":[[1760.6,699.7],[1834.1,699.2]]}},{"type":"Feature","properties":{"id":"p:muros:923","n":1,"sc":"#808080"},"geometry":{"type":"LineString","coordinates":[[1760.6,700.6],[1834.1,700.2]]}},{"type":"Feature","properties":{"id":"p:muros:924","n":1,"sc":"#808080"},"geometry":{"type":"LineString","coordinates":[[1760.6,701.6],[1834.1,701.6]]}},{"type":"Feature","properties":{"id":"p:muros:925","n":1,"sc":"#808080"},"geometry":{"type":"LineString","coordinates":[[1760.6,703.0],[1834.1,702.6]]}},{"type":"Feature","properties":{"id":"p:muros:926","n":1,"sc":"#808080"},"geometry":{"type":"LineString","coordinates":[[1760.6,703.0],[1834.1,702.6]]}},{"type":"Feature","properties":{"id":"p:muros:927","n":1,"sc":"#808080"},"geometry":{"type":"LineString","coordinates":[[1760.6,704],[1834.1,703.5]]}},{"type":"Feature","properties":{"id":"p:muros:928","n":1,"sc":"#808080"},"geometry":{"type":"LineString","coordinates":[[1760.6,705.0],[1834.1,705.0]]}},{"type":"Feature","properties":{"id":"p:muros:929","n":1,"sc":"#808080"},"geometry":{"type":"LineString","coordinates":[[1760.6,706.4],[1834.1,705.9]]}},{"type":"Feature","properties":{"id":"p:muros:930","n":1,"sc":"#808080"},"geometry":{"type":"LineString","coordinates":[[1760.6,707.4],[1834.1,706.9]]}},{"type":"Feature","properties":{"id":"p:muros:931","n":1,"sc":"#808080"},"geometry":{"type":"LineString","coordinates":[[1760.6,708.3],[1834.1,708.3]]}},{"type":"Feature","properties":{"id":"p:muros:932","n":1,"sc":"#808080"},"geometry":{"type":"LineString","coordinates":[[1760.6,708.3],[1834.1,708.3]]}},{"type":"Feature","properties":{"id":"p:muros:933","n":1,"sc":"#808080"},"geometry":{"type":"LineString","coordinates":[[1760.6,709.8],[1834.1,709.3]]}},{"type":"Feature","properties":{"id":"p:muros:934","n":1,"sc":"#808080"},"geometry":{"type":"LineString","coordinates":[[1760.6,710.7],[1834.1,710.2]]}},{"type":"Feature","properties":{"id":"p:muros:935","n":1,"sc":"#808080"},"geometry":{"type":"LineString","coordinates":[[1760.6,711.7],[1834.1,711.7]]}},{"type":"Feature","properties":{"id":"p:muros:936","n":1,"sc":"#808080"},"geometry":{"type":"LineString","coordinates":[[1760.6,713.1],[1834.1,712.6]]}},{"type":"Feature","properties":{"id":"p:muros:937","n":1,"sc":"#808080"},"geometry":{"type":"LineString","coordinates":[[1681.0,648.8],[1758.7,648.3]]}},{"type":"Feature","properties":{"id":"p:muros:938","n":1,"sc":"#808080"},"geometry":{"type":"LineString","coordinates":[[1681.0,649.8],[1758.7,649.3]]}},{"type":"Feature","properties":{"id":"p:muros:939","n":1,"sc":"#808080"},"geometry":{"type":"LineString","coordinates":[[1681.0,651.2],[1758.7,650.7]]}},{"type":"Feature","properties":{"id":"p:muros:940","n":1,"sc":"#808080"},"geometry":{"type":"LineString","coordinates":[[1681.0,652.2],[1758.7,651.7]]}},{"type":"Feature","properties":{"id":"p:muros:941","n":1,"sc":"#808080"},"geometry":{"type":"LineString","coordinates":[[1681.0,653.1],[1758.7,652.6]]}},{"type":"Feature","properties":{"id":"p:muros:942","n":1,"sc":"#808080"},"geometry":{"type":"LineString","coordinates":[[1681.0,653.1],[1758.7,652.6]]}},{"type":"Feature","properties":{"id":"p:muros:943","n":1,"sc":"#808080"},"geometry":{"type":"LineString","coordinates":[[1681.0,654.1],[1758.7,654.1]]}},{"type":"Feature","properties":{"id":"p:muros:944","n":1,"sc":"#808080"},"geometry":{"type":"LineString","coordinates":[[1681.0,655.5],[1758.7,655.0]]}},{"type":"Feature","properties":{"id":"p:muros:945","n":1,"sc":"#808080"},"geometry":{"type":"LineString","coordinates":[[1681.0,656.5],[1758.7,656]]}},{"type":"Feature","properties":{"id":"p:muros:946","n":1,"sc":"#808080"},"geometry":{"type":"LineString","coordinates":[[1681.0,657.4],[1758.7,657.4]]}},{"type":"Feature","properties":{"id":"p:muros:947","n":1,"sc":"#808080"},"geometry":{"type":"LineString","coordinates":[[1681.0,658.9],[1758.7,658.4]]}},{"type":"Feature","properties":{"id":"p:muros:948","n":1,"sc":"#808080"},"geometry":{"type":"LineString","coordinates":[[1681.0,658.9],[1758.7,658.4]]}},{"type":"Feature","properties":{"id":"p:muros:949","n":1,"sc":"#808080"},"geometry":{"type":"LineString","coordinates":[[1681.0,659.8],[1758.7,659.4]]}},{"type":"Feature","properties":{"id":"p:muros:950","n":1,"sc":"#808080"},"geometry":{"type":"LineString","coordinates":[[1681.0,660.8],[1758.7,660.8]]}},{"type":"Feature","properties":{"id":"p:muros:951","n":1,"sc":"#808080"},"geometry":{"type":"LineString","coordinates":[[1681.0,662.2],[1758.7,661.8]]}},{"type":"Feature","properties":{"id":"p:muros:952","n":1,"sc":"#808080"},"geometry":{"type":"LineString","coordinates":[[1681.0,663.2],[1758.7,662.7]]}},{"type":"Feature","properties":{"id":"p:muros:953","n":1,"sc":"#808080"},"geometry":{"type":"LineString","coordinates":[[1681.0,664.2],[1758.7,664.2]]}},{"type":"Feature","properties":{"id":"p:muros:954","n":1,"sc":"#808080"},"geometry":{"type":"LineString","coordinates":[[1681.0,664.2],[1758.7,664.2]]}},{"type":"Feature","properties":{"id":"p:muros:955","n":1,"sc":"#808080"},"geometry":{"type":"LineString","coordinates":[[1681.0,665.6],[1758.7,665.1]]}},{"type":"Feature","properties":{"id":"p:muros:956","n":1,"sc":"#808080"},"geometry":{"type":"LineString","coordinates":[[1681.0,666.6],[1758.7,666.1]]}},{"type":"Feature","properties":{"id":"p:muros:957","n":1,"sc":"#808080"},"geometry":{"type":"LineString","coordinates":[[1681.0,667.5],[1758.7,667.5]]}},{"type":"Feature","properties":{"id":"p:muros:958","n":1,"sc":"#808080"},"geometry":{"type":"LineString","coordinates":[[1681.0,669.0],[1758.7,668.5]]}},{"type":"Feature","properties":{"id":"p:muros:959","n":1,"sc":"#808080"},"geometry":{"type":"LineString","coordinates":[[1681.0,669.9],[1758.7,669.4]]}},{"type":"Feature","properties":{"id":"p:muros:960","n":1,"sc":"#808080"},"geometry":{"type":"LineString","coordinates":[[1681.0,669.9],[1758.7,669.4]]}},{"type":"Feature","properties":{"id":"p:muros:961","n":1,"sc":"#808080"},"geometry":{"type":"LineString","coordinates":[[1681.0,670.9],[1758.7,670.9]]}},{"type":"Feature","properties":{"id":"p:muros:962","n":1,"sc":"#808080"},"geometry":{"type":"LineString","coordinates":[[1681.0,672.3],[1758.7,671.8]]}},{"type":"Feature","properties":{"id":"p:muros:963","n":1,"sc":"#808080"},"geometry":{"type":"LineString","coordinates":[[1681.0,673.3],[1758.7,672.8]]}},{"type":"Feature","properties":{"id":"p:muros:964","n":1,"sc":"#808080"},"geometry":{"type":"LineString","coordinates":[[1681.0,674.2],[1758.7,673.8]]}},{"type":"Feature","properties":{"id":"p:muros:965","n":1,"sc":"#808080"},"geometry":{"type":"LineString","coordinates":[[1681.0,675.7],[1758.7,675.2]]}},{"type":"Feature","properties":{"id":"p:muros:966","n":1,"sc":"#808080"},"geometry":{"type":"LineString","coordinates":[[1681.0,675.7],[1758.7,675.2]]}},{"type":"Feature","properties":{"id":"p:muros:967","n":1,"sc":"#808080"},"geometry":{"type":"LineString","coordinates":[[1681.0,676.6],[1758.7,676.2]]}},{"type":"Feature","properties":{"id":"p:muros:968","n":1,"sc":"#808080"},"geometry":{"type":"LineString","coordinates":[[1681.0,677.6],[1758.7,677.1]]}},{"type":"Feature","properties":{"id":"p:muros:969","n":1,"sc":"#808080"},"geometry":{"type":"LineString","coordinates":[[1681.0,678.6],[1758.7,678.6]]}},{"type":"Feature","properties":{"id":"p:muros:970","n":1,"sc":"#808080"},"geometry":{"type":"LineString","coordinates":[[1681.0,680],[1758.7,679.5]]}},{"type":"Feature","properties":{"id":"p:muros:971","n":1,"sc":"#808080"},"geometry":{"type":"LineString","coordinates":[[1681.0,681.0],[1758.7,680.5]]}},{"type":"Feature","properties":{"id":"p:muros:972","n":1,"sc":"#808080"},"geometry":{"type":"LineString","coordinates":[[1681.0,681.0],[1758.7,680.5]]}},{"type":"Feature","properties":{"id":"p:muros:973","n":1,"sc":"#808080"},"geometry":{"type":"LineString","coordinates":[[1681.0,681.9],[1758.7,681.9]]}},{"type":"Feature","properties":{"id":"p:muros:974","n":1,"sc":"#808080"},"geometry":{"type":"LineString","coordinates":[[1681.0,683.4],[1758.7,682.9]]}},{"type":"Feature","properties":{"id":"p:muros:975","n":1,"sc":"#808080"},"geometry":{"type":"LineString","coordinates":[[1681.0,684.3],[1758.7,683.8]]}},{"type":"Feature","properties":{"id":"p:muros:976","n":1,"sc":"#808080"},"geometry":{"type":"LineString","coordinates":[[1681.0,685.3],[1758.7,685.3]]}},{"type":"Feature","properties":{"id":"p:muros:977","n":1,"sc":"#808080"},"geometry":{"type":"LineString","coordinates":[[1681.0,686.7],[1758.7,686.2]]}},{"type":"Feature","properties":{"id":"p:muros:978","n":1,"sc":"#808080"},"geometry":{"type":"LineString","coordinates":[[1681.0,687.7],[1758.7,687.2]]}},{"type":"Feature","properties":{"id":"p:muros:979","n":1,"sc":"#808080"},"geometry":{"type":"LineString","coordinates":[[1681.0,688.6],[1758.7,688.6]]}},{"type":"Feature","properties":{"id":"p:muros:980","n":1,"sc":"#808080"},"geometry":{"type":"LineString","coordinates":[[1681.0,690.1],[1758.7,689.6]]}},{"type":"Feature","properties":{"id":"p:muros:981","n":1,"sc":"#808080"},"geometry":{"type":"LineString","coordinates":[[1681.0,691.0],[1758.7,690.6]]}},{"type":"Feature","properties":{"id":"p:muros:982","n":1,"sc":"#808080"},"geometry":{"type":"LineString","coordinates":[[1681.0,691.0],[1758.7,690.6]]}},{"type":"Feature","properties":{"id":"p:muros:983","n":1,"sc":"#808080"},"geometry":{"type":"LineString","coordinates":[[1681.0,692],[1759.2,692]]}},{"type":"Feature","properties":{"id":"p:muros:984","n":1,"sc":"#808080"},"geometry":{"type":"LineString","coordinates":[[1681.0,693.4],[1759.2,693.0]]}},{"type":"Feature","properties":{"id":"p:muros:985","n":1,"sc":"#808080"},"geometry":{"type":"LineString","coordinates":[[1681.4,694.4],[1759.2,693.9]]}},{"type":"Feature","properties":{"id":"p:muros:986","n":1,"sc":"#808080"},"geometry":{"type":"LineString","coordinates":[[1681.4,695.4],[1759.2,695.4]]}},{"type":"Feature","properties":{"id":"p:muros:987","n":1,"sc":"#808080"},"geometry":{"type":"LineString","coordinates":[[1681.4,696.8],[1759.2,696.3]]}},{"type":"Feature","properties":{"id":"p:muros:988","n":1,"sc":"#808080"},"geometry":{"type":"LineString","coordinates":[[1681.4,697.8],[1759.2,697.3]]}},{"type":"Feature","properties":{"id":"p:muros:989","n":1,"sc":"#808080"},"geometry":{"type":"LineString","coordinates":[[1681.4,698.7],[1759.2,698.7]]}},{"type":"Feature","properties":{"id":"p:muros:990","n":1,"sc":"#808080"},"geometry":{"type":"LineString","coordinates":[[1681.4,700.2],[1759.2,699.7]]}},{"type":"Feature","properties":{"id":"p:muros:991","n":1,"sc":"#808080"},"geometry":{"type":"LineString","coordinates":[[1681.4,701.1],[1759.2,700.6]]}},{"type":"Feature","properties":{"id":"p:muros:992","n":1,"sc":"#808080"},"geometry":{"type":"LineString","coordinates":[[1681.4,702.1],[1759.2,702.1]]}},{"type":"Feature","properties":{"id":"p:muros:993","n":1,"sc":"#808080"},"geometry":{"type":"LineString","coordinates":[[1681.4,703.5],[1759.2,703.0]]}},{"type":"Feature","properties":{"id":"p:muros:994","n":1,"sc":"#808080"},"geometry":{"type":"LineString","coordinates":[[1681.4,704.5],[1759.2,704]]}},{"type":"Feature","properties":{"id":"p:muros:995","n":1,"sc":"#808080"},"geometry":{"type":"LineString","coordinates":[[1681.4,705.4],[1759.2,705.4]]}},{"type":"Feature","properties":{"id":"p:muros:996","n":1,"sc":"#808080"},"geometry":{"type":"LineString","coordinates":[[1908.5,718.4],[1909.0,782.7]]}},{"type":"Feature","properties":{"id":"p:muros:997","n":1,"sc":"#808080"},"geometry":{"type":"LineString","coordinates":[[1907.0,718.4],[1907.5,780.8]]}},{"type":"Feature","properties":{"id":"p:muros:998","n":1,"sc":"#808080"},"geometry":{"type":"LineString","coordinates":[[1907.0,752.5],[1853.3,753.0]]}},{"type":"Feature","properties":{"id":"p:muros:999","n":1,"sc":"#808080"},"geometry":{"type":"LineString","coordinates":[[1853.3,753.0],[1907.0,752.5]]}},{"type":"Feature","properties":{"id":"p:muros:1000","n":1,"sc":"#808080"},"geometry":{"type":"LineString","coordinates":[[1909.0,782.7],[1853.3,782.7]]}},{"type":"Feature","properties":{"id":"p:muros:1001","n":1,"sc":"#808080"},"geometry":{"type":"LineString","coordinates":[[1907.5,780.8],[1853.3,781.3]]}},{"type":"Feature","properties":{"id":"p:muros:1002","n":1,"sc":"#808080"},"geometry":{"type":"LineString","coordinates":[[1910.4,635.8],[1833.6,635.8]]}},{"type":"Feature","properties":{"id":"p:muros:1003","n":1,"sc":"#808080"},"geometry":{"type":"LineString","coordinates":[[1910.4,633.9],[1833.6,634.4]]}},{"type":"Feature","properties":{"id":"p:muros:1004","n":1,"sc":"#808080"},"geometry":{"type":"LineString","coordinates":[[1910.4,659.4],[1858.6,659.8]]}},{"type":"Feature","properties":{"id":"p:muros:1005","n":1,"sc":"#808080"},"geometry":{"type":"LineString","coordinates":[[1513.0,747.7],[1513.4,814.4]]}},{"type":"Feature","properties":{"id":"p:muros:1006","n":1,"sc":"#808080"},"geometry":{"type":"LineString","coordinates":[[1511.5,749.1],[1511.5,813.4]]}},{"type":"Feature","properties":{"id":"p:muros:1007","n":1,"sc":"#808080"},"geometry":{"type":"LineString","coordinates":[[1488,814.9],[1488,748.2]]}},{"type":"Feature","properties":{"id":"p:muros:1008","n":1,"sc":"#808080"},"geometry":{"type":"LineString","coordinates":[[1489.4,813.4],[1489.0,749.1]]}},{"type":"Feature","properties":{"id":"p:muros:1009","n":1,"sc":"#808080"},"geometry":{"type":"LineString","coordinates":[[1513.0,837.9],[1513.0,889.8]]}},{"type":"Feature","properties":{"id":"p:muros:1010","n":1,"sc":"#808080"},"geometry":{"type":"LineString","coordinates":[[1510.1,838.9],[1510.1,888.3]]}},{"type":"Feature","properties":{"id":"p:muros:1011","n":1,"sc":"#808080"},"geometry":{"type":"LineString","coordinates":[[1488.5,889.8],[1488.5,837.9]]}},{"type":"Feature","properties":{"id":"p:muros:1012","n":1,"sc":"#808080"},"geometry":{"type":"LineString","coordinates":[[4497.6,1205.1],[4497.1,1152.3]]}},{"type":"Feature","properties":{"id":"p:muros:1013","n":1,"sc":"#808080"},"geometry":{"type":"LineString","coordinates":[[4498.6,1205.1],[4498.6,1152.3]]}},{"type":"Feature","properties":{"id":"p:muros:1014","n":1,"sc":"#808080"},"geometry":{"type":"LineString","coordinates":[[4533.6,1152.3],[4533.6,1205.1]]}},{"type":"Feature","properties":{"id":"p:muros:1015","n":1,"sc":"#808080"},"geometry":{"type":"LineString","coordinates":[[4532.2,1152.3],[4532.6,1205.1]]}},{"type":"Feature","properties":{"id":"p:muros:1016","n":1,"sc":"#808080"},"geometry":{"type":"LineString","coordinates":[[4497.1,1152.3],[4496.6,1036.6]]}},{"type":"Feature","properties":{"id":"p:muros:1017","n":1,"sc":"#808080"},"geometry":{"type":"LineString","coordinates":[[4498.6,1152.3],[4498.1,1036.6]]}},{"type":"Feature","properties":{"id":"p:muros:1018","n":1,"sc":"#808080"},"geometry":{"type":"LineString","coordinates":[[4533.1,1036.6],[4533.6,1152.3]]}},{"type":"Feature","properties":{"id":"p:muros:1019","n":1,"sc":"#808080"},"geometry":{"type":"LineString","coordinates":[[4531.7,1036.6],[4532.2,1152.3]]}},{"type":"Feature","properties":{"id":"p:muros:1020","n":1,"sc":"#808080"},"geometry":{"type":"LineString","coordinates":[[5508,673.3],[5446.1,673.8]]}},{"type":"Feature","properties":{"id":"p:muros:1021","n":1,"sc":"#808080"},"geometry":{"type":"LineString","coordinates":[[3891.8,2518.4],[3891.4,2463.7]]}},{"type":"Feature","properties":{"id":"p:muros:1022","n":1,"sc":"#808080"},"geometry":{"type":"LineString","coordinates":[[3876.5,2463.7],[3876.5,2518.4]]}},{"type":"Feature","properties":{"id":"p:muros:1023","n":1,"sc":"#808080"},"geometry":{"type":"LineString","coordinates":[[3873.6,2467.0],[3819.4,2467.0]]}},{"type":"Feature","properties":{"id":"p:muros:1024","n":1,"sc":"#808080"},"geometry":{"type":"LineString","coordinates":[[3819.4,2514.1],[3874.1,2513.6]]}},{"type":"Feature","properties":{"id":"p:muros:1025","n":1,"sc":"#808080"},"geometry":{"type":"LineString","coordinates":[[3770.9,2467.5],[3770.9,2531.4]]}},{"type":"Feature","properties":{"id":"p:muros:1026","n":1,"sc":"#808080"},"geometry":{"type":"LineString","coordinates":[[3735.8,2531.4],[3735.8,2467.5]]}},{"type":"Feature","properties":{"id":"p:muros:1027","n":1,"sc":"#808080"},"geometry":{"type":"LineString","coordinates":[[3871.7,2481.9],[3816,2482.4]]}},{"type":"Feature","properties":{"id":"p:muros:1028","n":1,"sc":"#808080"},"geometry":{"type":"LineString","coordinates":[[3816,2501.6],[3871.7,2501.6]]}},{"type":"Feature","properties":{"id":"p:muros:1029","n":1,"sc":"#808080"},"geometry":{"type":"LineString","coordinates":[[3673.4,2519.4],[3673.4,2464.6]]}},{"type":"Feature","properties":{"id":"p:muros:1030","n":1,"sc":"#808080"},"geometry":{"type":"LineString","coordinates":[[3658.1,2464.6],[3658.6,2519.4]]}},{"type":"Feature","properties":{"id":"p:muros:1031","n":1,"sc":"#808080"},"geometry":{"type":"LineString","coordinates":[[3655.7,2468],[3601.0,2468]]}},{"type":"Feature","properties":{"id":"p:muros:1032","n":1,"sc":"#808080"},"geometry":{"type":"LineString","coordinates":[[3601.4,2515.0],[3655.7,2514.6]]}},{"type":"Feature","properties":{"id":"p:muros:1033","n":1,"sc":"#808080"},"geometry":{"type":"LineString","coordinates":[[3552.5,2468.5],[3553.0,2532.3]]}},{"type":"Feature","properties":{"id":"p:muros:1034","n":1,"sc":"#808080"},"geometry":{"type":"LineString","coordinates":[[3517.9,2532.3],[3517.4,2468.5]]}},{"type":"Feature","properties":{"id":"p:muros:1035","n":1,"sc":"#808080"},"geometry":{"type":"LineString","coordinates":[[3653.3,2482.9],[3598.1,2483.4]]}},{"type":"Feature","properties":{"id":"p:muros:1036","n":1,"sc":"#808080"},"geometry":{"type":"LineString","coordinates":[[3598.1,2502.6],[3653.8,2502.6]]}},{"type":"Feature","properties":{"id":"p:muros:1037","n":1,"sc":"#808080"},"geometry":{"type":"LineString","coordinates":[[5301.1,2080.6],[5353.9,2080.2]]}},{"type":"Feature","properties":{"id":"p:muros:1038","n":1,"sc":"#808080"},"geometry":{"type":"LineString","coordinates":[[5269.9,2271.7],[5215.7,2271.7]]}},{"type":"Feature","properties":{"id":"p:muros:1039","n":1,"sc":"#808080"},"geometry":{"type":"LineString","coordinates":[[5215.7,2271.7],[5215.2,2195.4]]}},{"type":"Feature","properties":{"id":"p:muros:1040","n":1,"sc":"#808080"},"geometry":{"type":"LineString","coordinates":[[5215.2,2195.4],[5269.4,2195.4]]}},{"type":"Feature","properties":{"id":"p:muros:1041","n":1,"sc":"#808080"},"geometry":{"type":"LineString","coordinates":[[5224.8,2260.6],[5224.8,2205.0]]}},{"type":"Feature","properties":{"id":"p:muros:1042","n":1,"sc":"#808080"},"geometry":{"type":"LineString","coordinates":[[5275.2,2235.7],[5274.7,2092.2]]}},{"type":"Feature","properties":{"id":"p:muros:1043","n":1,"sc":"#808080"},"geometry":{"type":"LineString","coordinates":[[5269.4,2229.9],[5269.0,2092.2]]}},{"type":"Feature","properties":{"id":"p:muros:1044","n":1,"sc":"#808080"},"geometry":{"type":"LineString","coordinates":[[5150.4,2272.2],[5149.9,2199.2]]}},{"type":"Feature","properties":{"id":"p:muros:1045","n":1,"sc":"#808080"},"geometry":{"type":"LineString","coordinates":[[5094.2,2199.2],[5094.7,2272.2]]}},{"type":"Feature","properties":{"id":"p:muros:1046","n":1,"sc":"#808080"},"geometry":{"type":"LineString","coordinates":[[5094.7,2272.2],[5150.4,2272.2]]}},{"type":"Feature","properties":{"id":"p:muros:1047","n":1,"sc":"#808080"},"geometry":{"type":"LineString","coordinates":[[4833.1,2273.6],[4888.8,2273.1]]}},{"type":"Feature","properties":{"id":"p:muros:1048","n":1,"sc":"#808080"},"geometry":{"type":"LineString","coordinates":[[4888.3,2201.1],[4833.1,2201.1]]}},{"type":"Feature","properties":{"id":"p:muros:1049","n":1,"sc":"#808080"},"geometry":{"type":"LineString","coordinates":[[4792.8,2273.6],[4792.3,2201.1]]}},{"type":"Feature","properties":{"id":"p:muros:1050","n":1,"sc":"#808080"},"geometry":{"type":"LineString","coordinates":[[4736.6,2201.6],[4737.1,2274.1]]}},{"type":"Feature","properties":{"id":"p:muros:1051","n":1,"sc":"#808080"},"geometry":{"type":"LineString","coordinates":[[4737.1,2274.1],[4792.8,2273.6]]}},{"type":"Feature","properties":{"id":"p:muros:1052","n":1,"sc":"#808080"},"geometry":{"type":"LineString","coordinates":[[4778.4,2201.1],[4778.9,2252]]}},{"type":"Feature","properties":{"id":"p:muros:1053","n":1,"sc":"#808080"},"geometry":{"type":"LineString","coordinates":[[4741.0,2252],[4741.0,2201.6]]}},{"type":"Feature","properties":{"id":"p:muros:1054","n":1,"sc":"#808080"},"geometry":{"type":"LineString","coordinates":[[4729.4,2274.1],[4729.4,2201.6]]}},{"type":"Feature","properties":{"id":"p:muros:1055","n":1,"sc":"#808080"},"geometry":{"type":"LineString","coordinates":[[4705.0,2274.1],[4705.0,2201.6]]}},{"type":"Feature","properties":{"id":"p:muros:1056","n":1,"sc":"#808080"},"geometry":{"type":"LineString","coordinates":[[4490.4,2275.0],[4489.9,2202.6]]}},{"type":"Feature","properties":{"id":"p:muros:1057","n":1,"sc":"#808080"},"geometry":{"type":"LineString","coordinates":[[4465.9,2275.0],[4465.4,2202.6]]}},{"type":"Feature","properties":{"id":"p:muros:1058","n":1,"sc":"#808080"},"geometry":{"type":"LineString","coordinates":[[4493.3,2202.6],[4493.8,2252.5]]}},{"type":"Feature","properties":{"id":"p:muros:1059","n":1,"sc":"#808080"},"geometry":{"type":"LineString","coordinates":[[4379.0,2275.5],[4378.6,2203.0]]}},{"type":"Feature","properties":{"id":"p:muros:1060","n":1,"sc":"#808080"},"geometry":{"type":"LineString","coordinates":[[4354.6,2275.5],[4354.1,2203.0]]}},{"type":"Feature","properties":{"id":"p:muros:1061","n":1,"sc":"#808080"},"geometry":{"type":"LineString","coordinates":[[4381.9,2203.0],[4382.4,2253.0]]}},{"type":"Feature","properties":{"id":"p:muros:1062","n":1,"sc":"#808080"},"geometry":{"type":"LineString","coordinates":[[5148.5,2105.6],[5096.6,2105.6]]}},{"type":"Feature","properties":{"id":"p:muros:1063","n":1,"sc":"#808080"},"geometry":{"type":"LineString","coordinates":[[5096.6,2081.1],[5148.5,2081.1]]}},{"type":"Feature","properties":{"id":"p:muros:1064","n":1,"sc":"#808080"},"geometry":{"type":"LineString","coordinates":[[5096.2,2105.6],[5044.3,2106.1]]}},{"type":"Feature","properties":{"id":"p:muros:1065","n":1,"sc":"#808080"},"geometry":{"type":"LineString","coordinates":[[5044.3,2081.6],[5096.2,2081.1]]}},{"type":"Feature","properties":{"id":"p:muros:1066","n":1,"sc":"#808080"},"geometry":{"type":"LineString","coordinates":[[5353.9,2076.8],[5353.9,2165.6]]}},{"type":"Feature","properties":{"id":"p:muros:1067","n":1,"sc":"#808080"},"geometry":{"type":"LineString","coordinates":[[4356,2381.6],[4441.0,2381.1]]}},{"type":"Feature","properties":{"id":"p:muros:1068","n":1,"sc":"#808080"},"geometry":{"type":"LineString","coordinates":[[4441.0,2400.8],[4356,2400.8]]}},{"type":"Feature","properties":{"id":"p:muros:1069","n":1,"sc":"#808080"},"geometry":{"type":"LineString","coordinates":[[5171.0,2475.2],[5018.9,2476.2]]}},{"type":"Feature","properties":{"id":"p:muros:1070","n":1,"sc":"#808080"},"geometry":{"type":"LineString","coordinates":[[4993.9,2476.2],[4321.4,2479.0]]}},{"type":"Feature","properties":{"id":"p:muros:1071","n":1,"sc":"#808080"},"geometry":{"type":"LineString","coordinates":[[2353.0,352.2],[2624.6,351.2]]}},{"type":"Feature","properties":{"id":"p:muros:1072","n":1,"sc":"#808080"},"geometry":{"type":"LineString","coordinates":[[2351.5,391.0],[2626.1,390.1]]}},{"type":"Feature","properties":{"id":"p:muros:1073","n":1,"sc":"#808080"},"geometry":{"type":"LineString","coordinates":[[2377.9,513.4],[2541.6,513.0]]}},{"type":"Feature","properties":{"id":"p:muros:1074","n":1,"sc":"#808080"},"geometry":{"type":"LineString","coordinates":[[2544.5,473.6],[2379.4,474.6]]}},{"type":"Feature","properties":{"id":"p:muros:1075","n":1,"sc":"#808080"},"geometry":{"type":"LineString","coordinates":[[4468.8,2381.1],[4554.2,2380.6]]}},{"type":"Feature","properties":{"id":"p:muros:1076","n":1,"sc":"#808080"},"geometry":{"type":"LineString","coordinates":[[4541.3,2400.3],[4478.9,2400.3]]}},{"type":"Feature","properties":{"id":"p:muros:1077","n":1,"sc":"#808080"},"geometry":{"type":"LineString","coordinates":[[4585.9,2380.6],[4646.9,2380.2]]}},{"type":"Feature","properties":{"id":"p:muros:1078","n":1,"sc":"#808080"},"geometry":{"type":"LineString","coordinates":[[4646.9,2399.8],[4585.9,2399.8]]}},{"type":"Feature","properties":{"id":"p:muros:1079","n":1,"sc":"#808080"},"geometry":{"type":"LineString","coordinates":[[4698.7,2380.2],[4778.4,2379.7]]}},{"type":"Feature","properties":{"id":"p:muros:1080","n":1,"sc":"#808080"},"geometry":{"type":"LineString","coordinates":[[4772.6,2399.4],[4698.7,2399.4]]}},{"type":"Feature","properties":{"id":"p:muros:1081","n":1,"sc":"#808080"},"geometry":{"type":"LineString","coordinates":[[4774.6,2409.9],[4704.5,2409.9]]}},{"type":"Feature","properties":{"id":"p:muros:1082","n":1,"sc":"#808080"},"geometry":{"type":"LineString","coordinates":[[4772.6,2408],[4704.5,2408.5]]}},{"type":"Feature","properties":{"id":"p:muros:1083","n":1,"sc":"#808080"},"geometry":{"type":"LineString","coordinates":[[5185.9,2407.5],[5460.5,2406.1]]}},{"type":"Feature","properties":{"id":"p:muros:1084","n":1,"sc":"#808080"},"geometry":{"type":"LineString","coordinates":[[5185.9,2407.5],[5186.4,2485.3]]}},{"type":"Feature","properties":{"id":"p:muros:1085","n":1,"sc":"#808080"},"geometry":{"type":"LineString","coordinates":[[5180.2,2396.5],[5180.6,2490.6]]}},{"type":"Feature","properties":{"id":"p:muros:1086","n":1,"sc":"#808080"},"geometry":{"type":"LineString","coordinates":[[5186.4,2485.3],[5334.2,2488.6]]}},{"type":"Feature","properties":{"id":"p:muros:1087","n":1,"sc":"#808080"},"geometry":{"type":"LineString","coordinates":[[5180.6,2490.6],[5334.2,2494.4]]}},{"type":"Feature","properties":{"id":"p:muros:1088","n":1,"sc":"#808080"},"geometry":{"type":"LineString","coordinates":[[5236.3,2413.8],[5236.3,2486.7]]}},{"type":"Feature","properties":{"id":"p:muros:1089","n":1,"sc":"#808080"},"geometry":{"type":"LineString","coordinates":[[5253.1,2413.8],[5253.6,2475.7]]}},{"type":"Feature","properties":{"id":"p:muros:1090","n":1,"sc":"#808080"},"geometry":{"type":"LineString","coordinates":[[5270.4,2413.8],[5270.4,2475.7]]}},{"type":"Feature","properties":{"id":"p:muros:1091","n":1,"sc":"#808080"},"geometry":{"type":"LineString","coordinates":[[5287.2,2413.8],[5287.7,2475.7]]}},{"type":"Feature","properties":{"id":"p:muros:1092","n":1,"sc":"#808080"},"geometry":{"type":"LineString","coordinates":[[5304.5,2413.8],[5304.5,2475.2]]}},{"type":"Feature","properties":{"id":"p:muros:1093","n":1,"sc":"#808080"},"geometry":{"type":"LineString","coordinates":[[5321.3,2413.8],[5321.8,2475.2]]}},{"type":"Feature","properties":{"id":"p:muros:1094","n":1,"sc":"#808080"},"geometry":{"type":"LineString","coordinates":[[5338.6,2413.3],[5339.0,2475.2]]}},{"type":"Feature","properties":{"id":"p:muros:1095","n":1,"sc":"#808080"},"geometry":{"type":"LineString","coordinates":[[5355.8,2413.3],[5355.8,2475.2]]}},{"type":"Feature","properties":{"id":"p:muros:1096","n":1,"sc":"#808080"},"geometry":{"type":"LineString","coordinates":[[5372.6,2413.3],[5373.1,2475.2]]}},{"type":"Feature","properties":{"id":"p:muros:1097","n":1,"sc":"#808080"},"geometry":{"type":"LineString","coordinates":[[5389.9,2413.3],[5389.9,2475.2]]}},{"type":"Feature","properties":{"id":"p:muros:1098","n":1,"sc":"#808080"},"geometry":{"type":"LineString","coordinates":[[5406.7,2413.3],[5407.2,2474.7]]}},{"type":"Feature","properties":{"id":"p:muros:1099","n":1,"sc":"#808080"},"geometry":{"type":"LineString","coordinates":[[5424,2413.3],[5424.5,2474.7]]}},{"type":"Feature","properties":{"id":"p:muros:1100","n":1,"sc":"#808080"},"geometry":{"type":"LineString","coordinates":[[5441.3,2413.3],[5441.3,2474.7]]}},{"type":"Feature","properties":{"id":"p:muros:1101","n":1,"sc":"#808080"},"geometry":{"type":"LineString","coordinates":[[5460.5,2477.6],[5511.8,2477.1]]}},{"type":"Feature","properties":{"id":"p:muros:1102","n":1,"sc":"#808080"},"geometry":{"type":"LineString","coordinates":[[5460.5,2482.9],[5519.5,2482.9]]}},{"type":"Feature","properties":{"id":"p:muros:1103","n":1,"sc":"#808080"},"geometry":{"type":"LineString","coordinates":[[5460.5,2474.7],[5236.3,2475.7]]}},{"type":"Feature","properties":{"id":"p:muros:1104","n":1,"sc":"#808080"},"geometry":{"type":"LineString","coordinates":[[5343.8,2488.6],[5457.6,2477.6]]}},{"type":"Feature","properties":{"id":"p:muros:1105","n":1,"sc":"#808080"},"geometry":{"type":"LineString","coordinates":[[5344.3,2494.4],[5457.6,2483.4]]}},{"type":"Feature","properties":{"id":"p:muros:1106","n":1,"sc":"#808080"},"geometry":{"type":"LineString","coordinates":[[5236.3,2489.1],[5330.9,2491.5]]}},{"type":"Feature","properties":{"id":"p:muros:1107","n":1,"sc":"#808080"},"geometry":{"type":"LineString","coordinates":[[5347.7,2491.0],[5457.6,2480.5]]}},{"type":"Feature","properties":{"id":"p:muros:1108","n":1,"sc":"#808080"},"geometry":{"type":"LineString","coordinates":[[5457.6,2477.6],[5236.3,2478.6]]}},{"type":"Feature","properties":{"id":"p:muros:1109","n":1,"sc":"#808080"},"geometry":{"type":"LineString","coordinates":[[5354.9,2395.5],[5180.2,2396.5]]}},{"type":"Feature","properties":{"id":"p:muros:1110","n":1,"sc":"#808080"},"geometry":{"type":"LineString","coordinates":[[5236.3,2413.8],[5460.5,2412.8]]}},{"type":"Feature","properties":{"id":"p:muros:1111","n":1,"sc":"#808080"},"geometry":{"type":"LineString","coordinates":[[3462.7,289.8],[3463.2,406.4]]}},{"type":"Feature","properties":{"id":"p:muros:1112","n":1,"sc":"#808080"},"geometry":{"type":"LineString","coordinates":[[4324.8,286.4],[4325.3,402.6]]}},{"type":"Feature","properties":{"id":"p:muros:1113","n":1,"sc":"#808080"},"geometry":{"type":"LineString","coordinates":[[4558.6,1589.1],[4559.0,1709.6]]}},{"type":"Feature","properties":{"id":"p:muros:1114","n":1,"sc":"#808080"},"geometry":{"type":"LineString","coordinates":[[1299.8,611.4],[1448.6,610.4]]}},{"type":"Feature","properties":{"id":"p:muros:1115","n":1,"sc":"#808080"},"geometry":{"type":"LineString","coordinates":[[1290.2,628.2],[1449.1,627.2]]}},{"type":"Feature","properties":{"id":"p:muros:1116","n":1,"sc":"#808080"},"geometry":{"type":"LineString","coordinates":[[1476.5,610.4],[1676.6,648.8]]}},{"type":"Feature","properties":{"id":"p:muros:1117","n":1,"sc":"#808080"},"geometry":{"type":"LineString","coordinates":[[1477.0,627.2],[1676.6,665.1]]}},{"type":"Feature","properties":{"id":"p:muros:1118","n":1,"sc":"#808080"},"geometry":{"type":"LineString","coordinates":[[5447.0,901.3],[5447.5,1019.8]]}},{"type":"Feature","properties":{"id":"p:muros:1119","n":1,"sc":"#808080"},"geometry":{"type":"LineString","coordinates":[[5948.6,1044.8],[5948.2,949.3]]}},{"type":"Feature","properties":{"id":"p:muros:1120","n":1,"sc":"#808080"},"geometry":{"type":"LineString","coordinates":[[5442.2,1019.8],[5441.8,901.3]]}},{"type":"Feature","properties":{"id":"p:muros:1121","n":1,"sc":"#808080"},"geometry":{"type":"LineString","coordinates":[[3255.8,2492.5],[3256.3,2548.2]]}},{"type":"Feature","properties":{"id":"p:muros:1122","n":1,"sc":"#808080"},"geometry":{"type":"LineString","coordinates":[[3200.6,2493.0],[3200.6,2548.6]]}},{"type":"Feature","properties":{"id":"p:muros:1123","n":1,"sc":"#808080"},"geometry":{"type":"LineString","coordinates":[[3256.3,2548.2],[3200.6,2548.6]]}},{"type":"Feature","properties":{"id":"p:muros:1124","n":1,"sc":"#808080"},"geometry":{"type":"LineString","coordinates":[[3255.8,2492.5],[3200.6,2493.0]]}},{"type":"Feature","properties":{"id":"p:muros:1125","n":1,"sc":"#808080"},"geometry":{"type":"LineString","coordinates":[[3044.2,2493.4],[3044.2,2549.1]]}},{"type":"Feature","properties":{"id":"p:muros:1126","n":1,"sc":"#808080"},"geometry":{"type":"LineString","coordinates":[[2988.5,2493.9],[2988.5,2549.6]]}},{"type":"Feature","properties":{"id":"p:muros:1127","n":1,"sc":"#808080"},"geometry":{"type":"LineString","coordinates":[[3044.2,2549.1],[2988.5,2549.6]]}},{"type":"Feature","properties":{"id":"p:muros:1128","n":1,"sc":"#808080"},"geometry":{"type":"LineString","coordinates":[[3044.2,2493.4],[2988.5,2493.9]]}},{"type":"Feature","properties":{"id":"p:muros:1129","n":1,"sc":"#808080"},"geometry":{"type":"LineString","coordinates":[[2836.8,2494.4],[2837.3,2550.1]]}},{"type":"Feature","properties":{"id":"p:muros:1130","n":1,"sc":"#808080"},"geometry":{"type":"LineString","coordinates":[[2781.1,2494.4],[2781.6,2550.1]]}},{"type":"Feature","properties":{"id":"p:muros:1131","n":1,"sc":"#808080"},"geometry":{"type":"LineString","coordinates":[[2837.3,2550.1],[2781.6,2550.1]]}},{"type":"Feature","properties":{"id":"p:muros:1132","n":1,"sc":"#808080"},"geometry":{"type":"LineString","coordinates":[[2836.8,2494.4],[2781.1,2494.4]]}},{"type":"Feature","properties":{"id":"p:muros:1133","n":1,"sc":"#808080"},"geometry":{"type":"LineString","coordinates":[[2621.8,2495.4],[2622.2,2551.0]]}},{"type":"Feature","properties":{"id":"p:muros:1134","n":1,"sc":"#808080"},"geometry":{"type":"LineString","coordinates":[[2566.6,2495.4],[2566.6,2551.0]]}},{"type":"Feature","properties":{"id":"p:muros:1135","n":1,"sc":"#808080"},"geometry":{"type":"LineString","coordinates":[[2622.2,2551.0],[2566.6,2551.0]]}},{"type":"Feature","properties":{"id":"p:muros:1136","n":1,"sc":"#808080"},"geometry":{"type":"LineString","coordinates":[[2621.8,2495.4],[2566.6,2495.4]]}},{"type":"Feature","properties":{"id":"p:muros:1137","n":1,"sc":"#808080"},"geometry":{"type":"LineString","coordinates":[[2413.4,2496.3],[2413.9,2552]]}},{"type":"Feature","properties":{"id":"p:muros:1138","n":1,"sc":"#808080"},"geometry":{"type":"LineString","coordinates":[[2357.8,2496.3],[2358.2,2552]]}},{"type":"Feature","properties":{"id":"p:muros:1139","n":1,"sc":"#808080"},"geometry":{"type":"LineString","coordinates":[[2413.9,2552],[2358.2,2552]]}},{"type":"Feature","properties":{"id":"p:muros:1140","n":1,"sc":"#808080"},"geometry":{"type":"LineString","coordinates":[[2413.4,2496.3],[2357.8,2496.3]]}},{"type":"Feature","properties":{"id":"p:muros:1141","n":1,"sc":"#808080"},"geometry":{"type":"LineString","coordinates":[[2205.1,2497.3],[2205.1,2553.0]]}},{"type":"Feature","properties":{"id":"p:muros:1142","n":1,"sc":"#808080"},"geometry":{"type":"LineString","coordinates":[[2149.4,2497.3],[2149.4,2553.0]]}},{"type":"Feature","properties":{"id":"p:muros:1143","n":1,"sc":"#808080"},"geometry":{"type":"LineString","coordinates":[[2205.1,2553.0],[2149.4,2553.0]]}},{"type":"Feature","properties":{"id":"p:muros:1144","n":1,"sc":"#808080"},"geometry":{"type":"LineString","coordinates":[[2205.1,2497.3],[2149.4,2497.3]]}},{"type":"Feature","properties":{"id":"p:muros:1145","n":1,"sc":"#808080"},"geometry":{"type":"LineString","coordinates":[[1989.6,2498.2],[1990.1,2553.9]]}},{"type":"Feature","properties":{"id":"p:muros:1146","n":1,"sc":"#808080"},"geometry":{"type":"LineString","coordinates":[[1695.4,2499.2],[1695.8,2554.9]]}},{"type":"Feature","properties":{"id":"p:muros:1147","n":1,"sc":"#808080"},"geometry":{"type":"LineString","coordinates":[[1639.7,2499.7],[1640.2,2555.4]]}},{"type":"Feature","properties":{"id":"p:muros:1148","n":1,"sc":"#808080"},"geometry":{"type":"LineString","coordinates":[[1695.8,2554.9],[1640.2,2555.4]]}},{"type":"Feature","properties":{"id":"p:muros:1149","n":1,"sc":"#808080"},"geometry":{"type":"LineString","coordinates":[[1695.4,2499.2],[1639.7,2499.7]]}},{"type":"Feature","properties":{"id":"p:muros:1150","n":1,"sc":"#808080"},"geometry":{"type":"LineString","coordinates":[[1250.4,2501.1],[1250.9,2556.8]]}},{"type":"Feature","properties":{"id":"p:muros:1151","n":1,"sc":"#808080"},"geometry":{"type":"LineString","coordinates":[[1195.2,2501.6],[1195.2,2557.3]]}},{"type":"Feature","properties":{"id":"p:muros:1152","n":1,"sc":"#808080"},"geometry":{"type":"LineString","coordinates":[[1250.9,2556.8],[1195.2,2557.3]]}},{"type":"Feature","properties":{"id":"p:muros:1153","n":1,"sc":"#808080"},"geometry":{"type":"LineString","coordinates":[[1477.9,2500.2],[1477.9,2555.8]]}},{"type":"Feature","properties":{"id":"p:muros:1154","n":1,"sc":"#808080"},"geometry":{"type":"LineString","coordinates":[[1422.2,2500.6],[1422.2,2556.3]]}},{"type":"Feature","properties":{"id":"p:muros:1155","n":1,"sc":"#808080"},"geometry":{"type":"LineString","coordinates":[[1477.9,2555.8],[1422.2,2556.3]]}},{"type":"Feature","properties":{"id":"p:muros:1156","n":1,"sc":"#808080"},"geometry":{"type":"LineString","coordinates":[[1477.9,2500.2],[1422.2,2500.6]]}},{"type":"Feature","properties":{"id":"p:muros:1157","n":1,"sc":"#808080"},"geometry":{"type":"LineString","coordinates":[[4500.5,553.8],[4384.8,554.2]]}},{"type":"Feature","properties":{"id":"p:muros:1158","n":1,"sc":"#808080"},"geometry":{"type":"LineString","coordinates":[[4384.8,548.5],[4500.5,548]]}},{"type":"Feature","properties":{"id":"p:muros:1159","n":1,"sc":"#808080"},"geometry":{"type":"LineString","coordinates":[[3297.1,559.5],[3411.8,559.0]]}},{"type":"Feature","properties":{"id":"p:muros:1160","n":1,"sc":"#808080"},"geometry":{"type":"LineString","coordinates":[[3411.4,553.3],[3297.1,553.8]]}},{"type":"Feature","properties":{"id":"p:muros:1161","n":1,"sc":"#808080"},"geometry":{"type":"LineString","coordinates":[[5809.9,677.6],[5935.7,677.1]]}},{"type":"Feature","properties":{"id":"p:muros:1162","n":1,"sc":"#808080"},"geometry":{"type":"LineString","coordinates":[[5488.3,832.2],[5487.8,693.0]]}},{"type":"Feature","properties":{"id":"p:muros:1163","n":1,"sc":"#808080"},"geometry":{"type":"LineString","coordinates":[[5449.0,693.4],[5449.4,832.2]]}},{"type":"Feature","properties":{"id":"p:muros:1164","n":1,"sc":"#808080"},"geometry":{"type":"LineString","coordinates":[[5468.2,683.8],[5468.6,818.2]]}},{"type":"Feature","properties":{"id":"p:muros:1165","n":1,"sc":"#808080"},"geometry":{"type":"LineString","coordinates":[[4197.6,2163.2],[4198.1,2304.8]]}},{"type":"Feature","properties":{"id":"p:muros:1166","n":1,"sc":"#808080"},"geometry":{"type":"LineString","coordinates":[[5362.6,2290.4],[5363.0,2395.5]]}},{"type":"Feature","properties":{"id":"p:muros:1167","n":1,"sc":"#808080"},"geometry":{"type":"LineString","coordinates":[[5363.0,2395.5],[5420.6,2395.5]]}},{"type":"Feature","properties":{"id":"p:muros:1168","n":1,"sc":"#808080"},"geometry":{"type":"LineString","coordinates":[[5415.4,2290.4],[5365.4,2290.4]]}},{"type":"Feature","properties":{"id":"p:muros:1169","n":1,"sc":"#808080"},"geometry":{"type":"LineString","coordinates":[[5415.4,2284.6],[5365.0,2284.6]]}},{"type":"Feature","properties":{"id":"p:muros:1170","n":1,"sc":"#808080"},"geometry":{"type":"LineString","coordinates":[[5936.2,2282.2],[5877.6,2282.7]]}},{"type":"Feature","properties":{"id":"p:muros:1171","n":1,"sc":"#808080"},"geometry":{"type":"LineString","coordinates":[[4553.3,1589.1],[4553.8,1709.6]]}},{"type":"Feature","properties":{"id":"p:muros:1172","n":1,"sc":"#808080"},"geometry":{"type":"LineString","coordinates":[[2723.0,466.4],[2744.6,413.6]]}},{"type":"Feature","properties":{"id":"p:muros:1173","n":1,"sc":"#808080"},"geometry":{"type":"LineString","coordinates":[[2780.2,328.6],[2802.2,276.3]]}},{"type":"Feature","properties":{"id":"p:muros:1174","n":1,"sc":"#808080"},"geometry":{"type":"LineString","coordinates":[[2774.9,462.6],[2834.9,318.6]]}},{"type":"Feature","properties":{"id":"p:muros:1175","n":1,"sc":"#808080"},"geometry":{"type":"LineString","coordinates":[[2845.4,322.9],[2785.4,466.9]]}},{"type":"Feature","properties":{"id":"p:muros:1176","n":1,"sc":"#808080"},"geometry":{"type":"LineString","coordinates":[[2776.3,326.7],[2821.4,345.9]]}},{"type":"Feature","properties":{"id":"p:muros:1177","n":1,"sc":"#808080"},"geometry":{"type":"LineString","coordinates":[[2821.4,345.9],[2785.9,430.9]]}},{"type":"Feature","properties":{"id":"p:muros:1178","n":1,"sc":"#808080"},"geometry":{"type":"LineString","coordinates":[[2740.8,412.2],[2776.3,326.7]]}},{"type":"Feature","properties":{"id":"p:muros:1179","n":1,"sc":"#808080"},"geometry":{"type":"LineString","coordinates":[[2895.8,474.6],[2917.9,421.8]]}},{"type":"Feature","properties":{"id":"p:muros:1180","n":1,"sc":"#808080"},"geometry":{"type":"LineString","coordinates":[[2953.4,336.3],[2975.0,284.5]]}},{"type":"Feature","properties":{"id":"p:muros:1181","n":1,"sc":"#808080"},"geometry":{"type":"LineString","coordinates":[[2948.2,470.7],[3008.2,326.7]]}},{"type":"Feature","properties":{"id":"p:muros:1182","n":1,"sc":"#808080"},"geometry":{"type":"LineString","coordinates":[[3018.2,331.0],[2958.7,475.0]]}},{"type":"Feature","properties":{"id":"p:muros:1183","n":1,"sc":"#808080"},"geometry":{"type":"LineString","coordinates":[[2949.6,334.9],[2994.7,353.6]]}},{"type":"Feature","properties":{"id":"p:muros:1184","n":1,"sc":"#808080"},"geometry":{"type":"LineString","coordinates":[[2994.7,353.6],[2959.2,439.0]]}},{"type":"Feature","properties":{"id":"p:muros:1185","n":1,"sc":"#808080"},"geometry":{"type":"LineString","coordinates":[[2914.1,419.8],[2949.6,334.9]]}},{"type":"Feature","properties":{"id":"p:muros:1186","n":1,"sc":"#808080"},"geometry":{"type":"LineString","coordinates":[[3064.3,470.2],[3086.4,417.4]]}},{"type":"Feature","properties":{"id":"p:muros:1187","n":1,"sc":"#808080"},"geometry":{"type":"LineString","coordinates":[[3121.9,332.5],[3143.5,280.2]]}},{"type":"Feature","properties":{"id":"p:muros:1188","n":1,"sc":"#808080"},"geometry":{"type":"LineString","coordinates":[[3116.6,466.4],[3176.6,322.4]]}},{"type":"Feature","properties":{"id":"p:muros:1189","n":1,"sc":"#808080"},"geometry":{"type":"LineString","coordinates":[[3186.7,326.7],[3127.2,470.7]]}},{"type":"Feature","properties":{"id":"p:muros:1190","n":1,"sc":"#808080"},"geometry":{"type":"LineString","coordinates":[[3118.1,330.6],[3163.2,349.3]]}},{"type":"Feature","properties":{"id":"p:muros:1191","n":1,"sc":"#808080"},"geometry":{"type":"LineString","coordinates":[[3163.2,349.3],[3127.7,434.7]]}},{"type":"Feature","properties":{"id":"p:muros:1192","n":1,"sc":"#808080"},"geometry":{"type":"LineString","coordinates":[[3082.6,416],[3118.1,330.6]]}},{"type":"Feature","properties":{"id":"p:muros:1193","n":1,"sc":"#808080"},"geometry":{"type":"LineString","coordinates":[[2520.5,134.2],[2521.0,250.9]]}},{"type":"Feature","properties":{"id":"p:muros:1194","n":1,"sc":"#808080"},"geometry":{"type":"LineString","coordinates":[[2506.6,134.2],[2506.6,237.0]]}},{"type":"Feature","properties":{"id":"p:muros:1195","n":1,"sc":"#808080"},"geometry":{"type":"LineString","coordinates":[[2521.0,250.9],[2376,251.4]]}},{"type":"Feature","properties":{"id":"p:muros:1196","n":1,"sc":"#808080"},"geometry":{"type":"LineString","coordinates":[[2376,237.9],[2506.6,237.0]]}},{"type":"Feature","properties":{"id":"p:muros:1197","n":16,"sc":"#808080"},"geometry":{"type":"LineString","coordinates":[[2501.3,212.1],[2499.5,203.5],[2494.7,196.4],[2487.6,191.6],[2478.9,189.9],[2470.2,191.7],[2463.1,196.5],[2458.4,203.6],[2456.6,212.3],[2458.4,221.0],[2463.2,228.1],[2470.4,232.8],[2479.1,234.6],[2487.7,232.8],[2494.8,228.0],[2499.6,220.8],[2501.3,212.1]]}},{"type":"Feature","properties":{"id":"p:muros:1198","n":1,"sc":"#808080"},"geometry":{"type":"LineString","coordinates":[[1235.5,1962.1],[1236,2073.9]]}},{"type":"Feature","properties":{"id":"p:muros:1199","n":1,"sc":"#808080"},"geometry":{"type":"LineString","coordinates":[[1227.8,2073.9],[1227.4,1962.1]]}},{"type":"Feature","properties":{"id":"p:muros:1200","n":1,"sc":"#808080"},"geometry":{"type":"LineString","coordinates":[[4027.7,2085.4],[4027.7,2134.4]]}},{"type":"Feature","properties":{"id":"p:muros:1201","n":1,"sc":"#808080"},"geometry":{"type":"LineString","coordinates":[[4002.2,2134.4],[4001.8,2085.4]]}},{"type":"Feature","properties":{"id":"p:muros:1202","n":1,"sc":"#808080"},"geometry":{"type":"LineString","coordinates":[[5623.2,672.8],[5749.0,672.3]]}},{"type":"Feature","properties":{"id":"p:muros:1203","n":1,"sc":"#808080"},"geometry":{"type":"LineString","coordinates":[[5623.2,678.6],[5749.0,678.1]]}},{"type":"Feature","properties":{"id":"p:muros:1204","n":1,"sc":"#808080"},"geometry":{"type":"LineString","coordinates":[[2303.5,72.3],[2459.5,71.8]]}},{"type":"Feature","properties":{"id":"p:muros:1205","n":1,"sc":"#808080"},"geometry":{"type":"LineString","coordinates":[[2464.8,71.8],[2557.9,71.4]]}},{"type":"Feature","properties":{"id":"p:muros:1206","n":1,"sc":"#808080"},"geometry":{"type":"LineString","coordinates":[[1792.3,824],[1899.4,823.5]]}},{"type":"Feature","properties":{"id":"p:muros:1207","n":1,"sc":"#808080"},"geometry":{"type":"LineString","coordinates":[[2315.5,3116],[2315.0,2969.1]]}},{"type":"Feature","properties":{"id":"p:muros:1208","n":1,"sc":"#808080"},"geometry":{"type":"LineString","coordinates":[[1919.5,3117.4],[1479.8,3119.4]]}},{"type":"Feature","properties":{"id":"p:muros:1209","n":1,"sc":"#808080"},"geometry":{"type":"LineString","coordinates":[[2322.2,3122.7],[1473.1,3126.1]]}},{"type":"Feature","properties":{"id":"p:muros:1210","n":1,"sc":"#808080"},"geometry":{"type":"LineString","coordinates":[[1479.4,2972.5],[1479.8,3119.4]]}},{"type":"Feature","properties":{"id":"p:muros:1211","n":1,"sc":"#808080"},"geometry":{"type":"LineString","coordinates":[[1926.2,3117.4],[2315.5,3116]]}},{"type":"Feature","properties":{"id":"p:muros:1212","n":1,"sc":"#808080"},"geometry":{"type":"LineString","coordinates":[[1527.8,2891.4],[1528.3,2965.8]]}},{"type":"Feature","properties":{"id":"p:muros:1213","n":1,"sc":"#808080"},"geometry":{"type":"LineString","coordinates":[[1530.2,2891.4],[1530.7,2965.8]]}},{"type":"Feature","properties":{"id":"p:muros:1214","n":1,"sc":"#808080"},"geometry":{"type":"LineString","coordinates":[[1479.8,3075.2],[1919.5,3073.3]]}},{"type":"Feature","properties":{"id":"p:muros:1215","n":1,"sc":"#808080"},"geometry":{"type":"LineString","coordinates":[[1926.2,3073.3],[2315.5,3071.4]]}},{"type":"Feature","properties":{"id":"p:muros:1216","n":1,"sc":"#808080"},"geometry":{"type":"LineString","coordinates":[[1479.4,3017.1],[1754.9,3016.2]]}},{"type":"Feature","properties":{"id":"p:muros:1217","n":1,"sc":"#808080"},"geometry":{"type":"LineString","coordinates":[[2089.4,3014.7],[2315.0,3013.8]]}},{"type":"Feature","properties":{"id":"p:muros:1218","n":1,"sc":"#808080"},"geometry":{"type":"LineString","coordinates":[[2304.5,210.6],[2304,105.0]]}},{"type":"Feature","properties":{"id":"p:muros:1219","n":1,"sc":"#808080"},"geometry":{"type":"LineString","coordinates":[[2125.4,457.3],[3236.6,452.5]]}},{"type":"Feature","properties":{"id":"p:muros:1220","n":1,"sc":"#808080"},"geometry":{"type":"LineString","coordinates":[[2515.7,757.3],[2515.2,708.3]]}},{"type":"Feature","properties":{"id":"p:muros:1221","n":1,"sc":"#808080"},"geometry":{"type":"LineString","coordinates":[[2479.2,856.6],[2478.7,805.8]]}},{"type":"Feature","properties":{"id":"p:muros:1222","n":1,"sc":"#808080"},"geometry":{"type":"LineString","coordinates":[[2490.2,805.3],[2490.2,856.2]]}},{"type":"Feature","properties":{"id":"p:muros:1223","n":1,"sc":"#808080"},"geometry":{"type":"LineString","coordinates":[[2445.6,805.8],[2446.1,856.6]]}},{"type":"Feature","properties":{"id":"p:muros:1224","n":1,"sc":"#808080"},"geometry":{"type":"LineString","coordinates":[[2433.6,647.8],[2434.1,856.6]]}},{"type":"Feature","properties":{"id":"p:muros:1225","n":1,"sc":"#808080"},"geometry":{"type":"LineString","coordinates":[[2445.1,715.5],[2445.6,856.6]]}},{"type":"Feature","properties":{"id":"p:muros:1226","n":1,"sc":"#808080"},"geometry":{"type":"LineString","coordinates":[[2456.2,715.5],[2455.7,647.8]]}},{"type":"Feature","properties":{"id":"p:muros:1227","n":1,"sc":"#808080"},"geometry":{"type":"LineString","coordinates":[[2432.2,647.8],[2433.1,856.6]]}},{"type":"Feature","properties":{"id":"p:muros:1228","n":1,"sc":"#808080"},"geometry":{"type":"LineString","coordinates":[[2476.8,856.6],[2477.8,1029.9]]}},{"type":"Feature","properties":{"id":"p:muros:1229","n":1,"sc":"#808080"},"geometry":{"type":"LineString","coordinates":[[2473.9,856.6],[2474.9,1010.2]]}},{"type":"Feature","properties":{"id":"p:muros:1230","n":1,"sc":"#808080"},"geometry":{"type":"LineString","coordinates":[[2487.8,1029.9],[2486.9,856.6]]}},{"type":"Feature","properties":{"id":"p:muros:1231","n":1,"sc":"#808080"},"geometry":{"type":"LineString","coordinates":[[2490.2,1010.2],[2489.8,856.2]]}},{"type":"Feature","properties":{"id":"p:muros:1232","n":1,"sc":"#808080"},"geometry":{"type":"LineString","coordinates":[[2449.0,906.6],[2449.4,1000.2]]}},{"type":"Feature","properties":{"id":"p:muros:1233","n":1,"sc":"#808080"},"geometry":{"type":"LineString","coordinates":[[2467.7,909.4],[2468.2,994.9]]}},{"type":"Feature","properties":{"id":"p:muros:1234","n":1,"sc":"#808080"},"geometry":{"type":"LineString","coordinates":[[2469.1,994.4],[2468.6,909.9]]}},{"type":"Feature","properties":{"id":"p:muros:1235","n":1,"sc":"#808080"},"geometry":{"type":"LineString","coordinates":[[2466.7,994.4],[2466.7,909.9]]}},{"type":"Feature","properties":{"id":"p:muros:1236","n":1,"sc":"#808080"},"geometry":{"type":"LineString","coordinates":[[2649.1,758.7],[2649.1,709.8]]}},{"type":"Feature","properties":{"id":"p:muros:1237","n":1,"sc":"#808080"},"geometry":{"type":"LineString","coordinates":[[2612.6,858.1],[2612.6,807.2]]}},{"type":"Feature","properties":{"id":"p:muros:1238","n":1,"sc":"#808080"},"geometry":{"type":"LineString","coordinates":[[2623.7,807.2],[2623.7,858.1]]}},{"type":"Feature","properties":{"id":"p:muros:1239","n":1,"sc":"#808080"},"geometry":{"type":"LineString","coordinates":[[2579.5,807.2],[2579.5,858.1]]}},{"type":"Feature","properties":{"id":"p:muros:1240","n":1,"sc":"#808080"},"geometry":{"type":"LineString","coordinates":[[2567.0,649.3],[2568,858.1]]}},{"type":"Feature","properties":{"id":"p:muros:1241","n":1,"sc":"#808080"},"geometry":{"type":"LineString","coordinates":[[2578.6,717.0],[2579.0,858.1]]}},{"type":"Feature","properties":{"id":"p:muros:1242","n":1,"sc":"#808080"},"geometry":{"type":"LineString","coordinates":[[2589.6,717.0],[2589.6,649.3]]}},{"type":"Feature","properties":{"id":"p:muros:1243","n":1,"sc":"#808080"},"geometry":{"type":"LineString","coordinates":[[2566.1,649.8],[2567.0,858.1]]}},{"type":"Feature","properties":{"id":"p:muros:1244","n":1,"sc":"#808080"},"geometry":{"type":"LineString","coordinates":[[2610.2,858.1],[2611.2,1031.4]]}},{"type":"Feature","properties":{"id":"p:muros:1245","n":1,"sc":"#808080"},"geometry":{"type":"LineString","coordinates":[[2607.8,858.1],[2608.3,1011.7]]}},{"type":"Feature","properties":{"id":"p:muros:1246","n":1,"sc":"#808080"},"geometry":{"type":"LineString","coordinates":[[2621.3,1031.4],[2620.3,858.1]]}},{"type":"Feature","properties":{"id":"p:muros:1247","n":1,"sc":"#808080"},"geometry":{"type":"LineString","coordinates":[[2624.2,1011.7],[2623.2,858.1]]}},{"type":"Feature","properties":{"id":"p:muros:1248","n":1,"sc":"#808080"},"geometry":{"type":"LineString","coordinates":[[2582.9,908],[2583.4,1001.6]]}},{"type":"Feature","properties":{"id":"p:muros:1249","n":1,"sc":"#808080"},"geometry":{"type":"LineString","coordinates":[[2601.1,910.9],[2601.6,996.3]]}},{"type":"Feature","properties":{"id":"p:muros:1250","n":1,"sc":"#808080"},"geometry":{"type":"LineString","coordinates":[[2602.6,995.8],[2602.6,911.4]]}},{"type":"Feature","properties":{"id":"p:muros:1251","n":1,"sc":"#808080"},"geometry":{"type":"LineString","coordinates":[[2600.6,995.8],[2600.2,911.4]]}},{"type":"Feature","properties":{"id":"p:muros:1252","n":1,"sc":"#808080"},"geometry":{"type":"LineString","coordinates":[[2379.4,753.4],[2379.4,704.5]]}},{"type":"Feature","properties":{"id":"p:muros:1253","n":1,"sc":"#808080"},"geometry":{"type":"LineString","coordinates":[[2342.9,852.3],[2342.9,801.4]]}},{"type":"Feature","properties":{"id":"p:muros:1254","n":1,"sc":"#808080"},"geometry":{"type":"LineString","coordinates":[[2353.9,801.4],[2354.4,852.3]]}},{"type":"Feature","properties":{"id":"p:muros:1255","n":1,"sc":"#808080"},"geometry":{"type":"LineString","coordinates":[[2309.8,801.9],[2310.2,852.8]]}},{"type":"Feature","properties":{"id":"p:muros:1256","n":1,"sc":"#808080"},"geometry":{"type":"LineString","coordinates":[[2297.3,644],[2298.2,852.8]]}},{"type":"Feature","properties":{"id":"p:muros:1257","n":1,"sc":"#808080"},"geometry":{"type":"LineString","coordinates":[[2308.8,711.7],[2309.3,852.8]]}},{"type":"Feature","properties":{"id":"p:muros:1258","n":1,"sc":"#808080"},"geometry":{"type":"LineString","coordinates":[[2320.3,711.7],[2319.8,644]]}},{"type":"Feature","properties":{"id":"p:muros:1259","n":1,"sc":"#808080"},"geometry":{"type":"LineString","coordinates":[[2296.3,644],[2297.3,852.8]]}},{"type":"Feature","properties":{"id":"p:muros:1260","n":1,"sc":"#808080"},"geometry":{"type":"LineString","coordinates":[[2341.0,852.3],[2341.4,1026.1]]}},{"type":"Feature","properties":{"id":"p:muros:1261","n":1,"sc":"#808080"},"geometry":{"type":"LineString","coordinates":[[2338.1,852.3],[2338.6,1006.4]]}},{"type":"Feature","properties":{"id":"p:muros:1262","n":1,"sc":"#808080"},"geometry":{"type":"LineString","coordinates":[[2351.5,1025.6],[2351.0,852.3]]}},{"type":"Feature","properties":{"id":"p:muros:1263","n":1,"sc":"#808080"},"geometry":{"type":"LineString","coordinates":[[2354.4,1006.4],[2353.9,852.3]]}},{"type":"Feature","properties":{"id":"p:muros:1264","n":1,"sc":"#808080"},"geometry":{"type":"LineString","coordinates":[[2313.1,902.7],[2313.6,995.8]]}},{"type":"Feature","properties":{"id":"p:muros:1265","n":1,"sc":"#808080"},"geometry":{"type":"LineString","coordinates":[[2331.8,905.6],[2331.8,991.0]]}},{"type":"Feature","properties":{"id":"p:muros:1266","n":1,"sc":"#808080"},"geometry":{"type":"LineString","coordinates":[[2333.3,990.6],[2332.8,906.1]]}},{"type":"Feature","properties":{"id":"p:muros:1267","n":1,"sc":"#808080"},"geometry":{"type":"LineString","coordinates":[[2330.9,990.6],[2330.4,906.1]]}},{"type":"Feature","properties":{"id":"p:muros:1268","n":1,"sc":"#808080"},"geometry":{"type":"LineString","coordinates":[[2452.8,1022.7],[2370.7,1023.2]]}},{"type":"Feature","properties":{"id":"p:muros:1269","n":1,"sc":"#808080"},"geometry":{"type":"LineString","coordinates":[[2732.2,1023.7],[2646.2,1024.2]]}},{"type":"Feature","properties":{"id":"p:muros:1270","n":1,"sc":"#808080"},"geometry":{"type":"LineString","coordinates":[[2495.5,1024.6],[2700,1024.2]]}},{"type":"Feature","properties":{"id":"p:muros:1271","n":1,"sc":"#808080"},"geometry":{"type":"LineString","coordinates":[[2452.8,1025.1],[2370.7,1025.6]]}},{"type":"Feature","properties":{"id":"p:muros:1272","n":1,"sc":"#808080"},"geometry":{"type":"LineString","coordinates":[[2318.9,1044.8],[2439.4,1044.3]]}},{"type":"Feature","properties":{"id":"p:muros:1273","n":1,"sc":"#808080"},"geometry":{"type":"LineString","coordinates":[[2553.6,1051.5],[2451.4,1052]]}},{"type":"Feature","properties":{"id":"p:muros:1274","n":1,"sc":"#808080"},"geometry":{"type":"LineString","coordinates":[[2451.4,1049.6],[2553.1,1049.1]]}},{"type":"Feature","properties":{"id":"p:muros:1275","n":1,"sc":"#808080"},"geometry":{"type":"LineString","coordinates":[[2415.8,1052],[2318.9,1052.5]]}},{"type":"Feature","properties":{"id":"p:muros:1276","n":1,"sc":"#808080"},"geometry":{"type":"LineString","coordinates":[[2318.9,1043.8],[2455.2,1043.4]]}},{"type":"Feature","properties":{"id":"p:muros:1277","n":1,"sc":"#808080"},"geometry":{"type":"LineString","coordinates":[[2722.1,1025.1],[2318.9,1026.6]]}},{"type":"Feature","properties":{"id":"p:muros:1278","n":1,"sc":"#808080"},"geometry":{"type":"LineString","coordinates":[[2437.4,1026.1],[2368.3,1026.6]]}},{"type":"Feature","properties":{"id":"p:muros:1279","n":1,"sc":"#808080"},"geometry":{"type":"LineString","coordinates":[[2451.8,1044.3],[2552.6,1043.8]]}},{"type":"Feature","properties":{"id":"p:muros:1280","n":1,"sc":"#808080"},"geometry":{"type":"LineString","coordinates":[[2318.9,1050.6],[2415.4,1050.1]]}},{"type":"Feature","properties":{"id":"p:muros:1281","n":1,"sc":"#808080"},"geometry":{"type":"LineString","coordinates":[[2578.1,1042.9],[2732.6,1041.9]]}},{"type":"Feature","properties":{"id":"p:muros:1282","n":1,"sc":"#808080"},"geometry":{"type":"LineString","coordinates":[[2578.1,1042.9],[2318.9,1043.8]]}},{"type":"Feature","properties":{"id":"p:muros:1283","n":1,"sc":"#808080"},"geometry":{"type":"LineString","coordinates":[[2732.2,1024.6],[2646.2,1025.1]]}},{"type":"Feature","properties":{"id":"p:muros:1284","n":1,"sc":"#808080"},"geometry":{"type":"LineString","coordinates":[[2597.8,1049.1],[2705.3,1048.6]]}},{"type":"Feature","properties":{"id":"p:muros:1285","n":1,"sc":"#808080"},"geometry":{"type":"LineString","coordinates":[[2705.8,1050.6],[2598.2,1051.0]]}},{"type":"Feature","properties":{"id":"p:muros:1286","n":1,"sc":"#808080"},"geometry":{"type":"LineString","coordinates":[[2722.1,1025.1],[2318.9,1026.6]]}},{"type":"Feature","properties":{"id":"p:muros:1287","n":1,"sc":"#808080"},"geometry":{"type":"LineString","coordinates":[[2722.1,1025.1],[2318.9,1026.6]]}},{"type":"Feature","properties":{"id":"p:muros:1288","n":1,"sc":"#808080"},"geometry":{"type":"LineString","coordinates":[[2722.1,1025.1],[2318.9,1026.6]]}},{"type":"Feature","properties":{"id":"p:muros:1289","n":1,"sc":"#808080"},"geometry":{"type":"LineString","coordinates":[[2452.3,1043.4],[2578.1,1042.9]]}},{"type":"Feature","properties":{"id":"p:muros:1290","n":1,"sc":"#808080"},"geometry":{"type":"LineString","coordinates":[[2724,1042.9],[2578.1,1043.8]]}},{"type":"Feature","properties":{"id":"p:muros:1291","n":1,"sc":"#808080"},"geometry":{"type":"LineString","coordinates":[[2368.8,1025.6],[2318.9,1025.6]]}},{"type":"Feature","properties":{"id":"p:muros:1292","n":1,"sc":"#808080"},"geometry":{"type":"LineString","coordinates":[[2368.8,1023.2],[2318.9,1023.7]]}},{"type":"Feature","properties":{"id":"p:muros:1293","n":1,"sc":"#808080"},"geometry":{"type":"LineString","coordinates":[[2509.9,668.5],[2509.4,576.8]]}},{"type":"Feature","properties":{"id":"p:muros:1294","n":1,"sc":"#808080"},"geometry":{"type":"LineString","coordinates":[[3255.4,891.7],[3003.4,892.6]]}},{"type":"Feature","properties":{"id":"p:muros:1295","n":1,"sc":"#808080"},"geometry":{"type":"LineString","coordinates":[[3255.4,897.0],[3004.8,897.9]]}},{"type":"Feature","properties":{"id":"p:muros:1296","n":1,"sc":"#808080"},"geometry":{"type":"LineString","coordinates":[[3016.8,1104.8],[3017.3,1201.3]]}},{"type":"Feature","properties":{"id":"p:muros:1297","n":1,"sc":"#808080"},"geometry":{"type":"LineString","coordinates":[[2129.8,571.0],[2130.7,736.2]]}},{"type":"Feature","properties":{"id":"p:muros:1298","n":1,"sc":"#808080"},"geometry":{"type":"LineString","coordinates":[[2132.2,571.0],[2133.1,736.6]]}},{"type":"Feature","properties":{"id":"p:muros:1299","n":1,"sc":"#808080"},"geometry":{"type":"LineString","coordinates":[[2191.7,585.9],[2192.6,736.2]]}},{"type":"Feature","properties":{"id":"p:muros:1300","n":1,"sc":"#808080"},"geometry":{"type":"LineString","coordinates":[[2186.9,661.3],[2132.6,661.3]]}},{"type":"Feature","properties":{"id":"p:muros:1301","n":1,"sc":"#808080"},"geometry":{"type":"LineString","coordinates":[[2186.9,647.4],[2132.6,647.4]]}},{"type":"Feature","properties":{"id":"p:muros:1302","n":1,"sc":"#808080"},"geometry":{"type":"LineString","coordinates":[[2186.9,645.9],[2132.6,646.4]]}},{"type":"Feature","properties":{"id":"p:muros:1303","n":1,"sc":"#808080"},"geometry":{"type":"LineString","coordinates":[[2189.3,571.0],[2190.2,736.2]]}},{"type":"Feature","properties":{"id":"p:muros:1304","n":1,"sc":"#808080"},"geometry":{"type":"LineString","coordinates":[[2186.9,585.9],[2187.4,736.2]]}},{"type":"Feature","properties":{"id":"p:muros:1305","n":1,"sc":"#808080"},"geometry":{"type":"LineString","coordinates":[[2192.2,636.3],[2192.6,736.2]]}},{"type":"Feature","properties":{"id":"p:muros:1306","n":1,"sc":"#808080"},"geometry":{"type":"LineString","coordinates":[[2186.9,632],[2132.6,632.5]]}},{"type":"Feature","properties":{"id":"p:muros:1307","n":1,"sc":"#808080"},"geometry":{"type":"LineString","coordinates":[[2186.9,631.0],[2132.6,631.0]]}},{"type":"Feature","properties":{"id":"p:muros:1308","n":1,"sc":"#808080"},"geometry":{"type":"LineString","coordinates":[[2186.9,617.1],[2132.2,617.1]]}},{"type":"Feature","properties":{"id":"p:muros:1309","n":1,"sc":"#808080"},"geometry":{"type":"LineString","coordinates":[[2186.9,616.2],[2132.2,616.2]]}},{"type":"Feature","properties":{"id":"p:muros:1310","n":1,"sc":"#808080"},"geometry":{"type":"LineString","coordinates":[[2186.9,602.2],[2132.2,602.2]]}},{"type":"Feature","properties":{"id":"p:muros:1311","n":1,"sc":"#808080"},"geometry":{"type":"LineString","coordinates":[[2186.9,600.8],[2132.2,601.3]]}},{"type":"Feature","properties":{"id":"p:muros:1312","n":1,"sc":"#808080"},"geometry":{"type":"LineString","coordinates":[[2186.9,586.9],[2132.2,587.4]]}},{"type":"Feature","properties":{"id":"p:muros:1313","n":1,"sc":"#808080"},"geometry":{"type":"LineString","coordinates":[[2186.9,585.9],[2132.2,586.4]]}},{"type":"Feature","properties":{"id":"p:muros:1314","n":1,"sc":"#808080"},"geometry":{"type":"LineString","coordinates":[[2127.4,586.4],[2127.8,736.2]]}},{"type":"Feature","properties":{"id":"p:muros:1315","n":1,"sc":"#808080"},"geometry":{"type":"LineString","coordinates":[[2132.6,686.2],[2187.4,685.8]]}},{"type":"Feature","properties":{"id":"p:muros:1316","n":1,"sc":"#808080"},"geometry":{"type":"LineString","coordinates":[[2192.2,661.3],[2191.7,571.0]]}},{"type":"Feature","properties":{"id":"p:muros:1317","n":1,"sc":"#808080"},"geometry":{"type":"LineString","coordinates":[[2127.8,714.1],[2192.2,713.6]]}},{"type":"Feature","properties":{"id":"p:muros:1318","n":1,"sc":"#808080"},"geometry":{"type":"LineString","coordinates":[[2127.8,736.2],[2192.6,736.2]]}},{"type":"Feature","properties":{"id":"p:muros:1319","n":1,"sc":"#808080"},"geometry":{"type":"LineString","coordinates":[[2187.4,676.2],[2132.6,676.2]]}},{"type":"Feature","properties":{"id":"p:muros:1320","n":1,"sc":"#808080"},"geometry":{"type":"LineString","coordinates":[[2187.4,675.2],[2132.6,675.2]]}},{"type":"Feature","properties":{"id":"p:muros:1321","n":1,"sc":"#808080"},"geometry":{"type":"LineString","coordinates":[[2187.4,691.0],[2132.6,691.5]]}},{"type":"Feature","properties":{"id":"p:muros:1322","n":1,"sc":"#808080"},"geometry":{"type":"LineString","coordinates":[[2187.4,690.1],[2132.6,690.1]]}},{"type":"Feature","properties":{"id":"p:muros:1323","n":1,"sc":"#808080"},"geometry":{"type":"LineString","coordinates":[[2187.4,705.9],[2132.6,706.4]]}},{"type":"Feature","properties":{"id":"p:muros:1324","n":1,"sc":"#808080"},"geometry":{"type":"LineString","coordinates":[[2187.4,705.0],[2132.6,705.4]]}},{"type":"Feature","properties":{"id":"p:muros:1325","n":1,"sc":"#808080"},"geometry":{"type":"LineString","coordinates":[[2187.4,721.3],[2132.6,721.3]]}},{"type":"Feature","properties":{"id":"p:muros:1326","n":1,"sc":"#808080"},"geometry":{"type":"LineString","coordinates":[[2187.4,719.8],[2132.6,720.3]]}},{"type":"Feature","properties":{"id":"p:muros:1327","n":1,"sc":"#808080"},"geometry":{"type":"LineString","coordinates":[[2187.4,736.2],[2133.1,736.6]]}},{"type":"Feature","properties":{"id":"p:muros:1328","n":1,"sc":"#808080"},"geometry":{"type":"LineString","coordinates":[[2187.4,735.2],[2133.1,735.2]]}},{"type":"Feature","properties":{"id":"p:muros:1329","n":1,"sc":"#808080"},"geometry":{"type":"LineString","coordinates":[[2186.9,659.4],[2132.6,659.4]]}},{"type":"Feature","properties":{"id":"p:muros:1330","n":1,"sc":"#808080"},"geometry":{"type":"LineString","coordinates":[[2186.9,657.9],[2132.6,658.4]]}},{"type":"Feature","properties":{"id":"p:muros:1331","n":1,"sc":"#808080"},"geometry":{"type":"LineString","coordinates":[[2187.4,674.2],[2132.6,674.7]]}},{"type":"Feature","properties":{"id":"p:muros:1332","n":1,"sc":"#808080"},"geometry":{"type":"LineString","coordinates":[[2187.4,673.3],[2132.6,673.3]]}},{"type":"Feature","properties":{"id":"p:muros:1333","n":1,"sc":"#808080"},"geometry":{"type":"LineString","coordinates":[[2127.4,571.0],[2191.7,571.0]]}},{"type":"Feature","properties":{"id":"p:muros:1334","n":1,"sc":"#808080"},"geometry":{"type":"LineString","coordinates":[[2186.9,586.9],[2132.2,587.4]]}},{"type":"Feature","properties":{"id":"p:muros:1335","n":1,"sc":"#808080"},"geometry":{"type":"LineString","coordinates":[[2186.9,572],[2132.2,572.5]]}},{"type":"Feature","properties":{"id":"p:muros:1336","n":1,"sc":"#808080"},"geometry":{"type":"LineString","coordinates":[[2186.9,571.0],[2132.2,571.0]]}},{"type":"Feature","properties":{"id":"p:muros:1337","n":1,"sc":"#808080"},"geometry":{"type":"LineString","coordinates":[[2127.4,661.3],[2127.4,571.0]]}},{"type":"Feature","properties":{"id":"p:muros:1338","n":1,"sc":"#808080"},"geometry":{"type":"LineString","coordinates":[[2132.6,662.2],[2132.2,571.0]]}},{"type":"Feature","properties":{"id":"p:muros:1339","n":1,"sc":"#808080"},"geometry":{"type":"LineString","coordinates":[[2186.9,662.2],[2186.9,571.0]]}},{"type":"Feature","properties":{"id":"p:muros:1340","n":1,"sc":"#808080"},"geometry":{"type":"LineString","coordinates":[[2295.4,1161.4],[2365.0,1161.0]]}},{"type":"Feature","properties":{"id":"p:muros:1341","n":1,"sc":"#808080"},"geometry":{"type":"LineString","coordinates":[[2365.0,1161.0],[2365.4,1253.1]]}},{"type":"Feature","properties":{"id":"p:muros:1342","n":1,"sc":"#808080"},"geometry":{"type":"LineString","coordinates":[[2365.4,1253.1],[2295.8,1253.1]]}},{"type":"Feature","properties":{"id":"p:muros:1343","n":1,"sc":"#808080"},"geometry":{"type":"LineString","coordinates":[[2295.8,1253.1],[2324.6,1194.6]]}},{"type":"Feature","properties":{"id":"p:muros:1344","n":1,"sc":"#808080"},"geometry":{"type":"LineString","coordinates":[[2365.4,1253.1],[2335.7,1194.6]]}},{"type":"Feature","properties":{"id":"p:muros:1345","n":1,"sc":"#808080"},"geometry":{"type":"LineString","coordinates":[[2585.8,1160],[2586.2,1252.2]]}},{"type":"Feature","properties":{"id":"p:muros:1346","n":1,"sc":"#808080"},"geometry":{"type":"LineString","coordinates":[[2586.2,1252.2],[2516.6,1252.2]]}},{"type":"Feature","properties":{"id":"p:muros:1347","n":1,"sc":"#808080"},"geometry":{"type":"LineString","coordinates":[[2516.6,1252.2],[2516.2,1160.5]]}},{"type":"Feature","properties":{"id":"p:muros:1348","n":1,"sc":"#808080"},"geometry":{"type":"LineString","coordinates":[[2516.6,1252.2],[2545.4,1193.6]]}},{"type":"Feature","properties":{"id":"p:muros:1349","n":1,"sc":"#808080"},"geometry":{"type":"LineString","coordinates":[[2586.2,1252.2],[2556.5,1193.6]]}},{"type":"Feature","properties":{"id":"p:muros:1350","n":1,"sc":"#808080"},"geometry":{"type":"LineString","coordinates":[[2738.4,1159.5],[2807.5,1159.0]]}},{"type":"Feature","properties":{"id":"p:muros:1351","n":1,"sc":"#808080"},"geometry":{"type":"LineString","coordinates":[[2807.5,1159.0],[2808,1251.2]]}},{"type":"Feature","properties":{"id":"p:muros:1352","n":1,"sc":"#808080"},"geometry":{"type":"LineString","coordinates":[[2808,1251.2],[2738.4,1251.2]]}},{"type":"Feature","properties":{"id":"p:muros:1353","n":1,"sc":"#808080"},"geometry":{"type":"LineString","coordinates":[[2738.4,1251.2],[2738.4,1159.5]]}},{"type":"Feature","properties":{"id":"p:muros:1354","n":1,"sc":"#808080"},"geometry":{"type":"LineString","coordinates":[[2738.4,1251.2],[2767.7,1192.6]]}},{"type":"Feature","properties":{"id":"p:muros:1355","n":1,"sc":"#808080"},"geometry":{"type":"LineString","coordinates":[[2808,1251.2],[2778.7,1192.6]]}},{"type":"Feature","properties":{"id":"p:muros:1356","n":1,"sc":"#808080"},"geometry":{"type":"LineString","coordinates":[[2960.2,1158.6],[3029.8,1158.1]]}},{"type":"Feature","properties":{"id":"p:muros:1357","n":1,"sc":"#808080"},"geometry":{"type":"LineString","coordinates":[[3029.8,1158.1],[3030.2,1250.2]]}},{"type":"Feature","properties":{"id":"p:muros:1358","n":1,"sc":"#808080"},"geometry":{"type":"LineString","coordinates":[[3030.2,1250.2],[2960.6,1250.2]]}},{"type":"Feature","properties":{"id":"p:muros:1359","n":1,"sc":"#808080"},"geometry":{"type":"LineString","coordinates":[[2960.6,1250.2],[2960.2,1158.6]]}},{"type":"Feature","properties":{"id":"p:muros:1360","n":1,"sc":"#808080"},"geometry":{"type":"LineString","coordinates":[[2960.6,1250.2],[2989.4,1191.7]]}},{"type":"Feature","properties":{"id":"p:muros:1361","n":1,"sc":"#808080"},"geometry":{"type":"LineString","coordinates":[[3030.2,1250.2],[3000.5,1191.7]]}},{"type":"Feature","properties":{"id":"p:muros:1362","n":1,"sc":"#808080"},"geometry":{"type":"LineString","coordinates":[[2295.8,1253.1],[2295.4,1161.4]]}},{"type":"Feature","properties":{"id":"p:muros:1363","n":2,"sc":"#808080"},"geometry":{"type":"LineString","coordinates":[[2809.4,845.1],[2836.8,810.1],[2856.5,825.4]]}},{"type":"Feature","properties":{"id":"p:muros:1364","n":1,"sc":"#808080"},"geometry":{"type":"LineString","coordinates":[[2809.4,845.1],[2849.3,876.3]]}},{"type":"Feature","properties":{"id":"p:muros:1365","n":2,"sc":"#808080"},"geometry":{"type":"LineString","coordinates":[[2782.1,880.2],[2809.4,845.1],[2829.1,860.5]]}},{"type":"Feature","properties":{"id":"p:muros:1366","n":1,"sc":"#808080"},"geometry":{"type":"LineString","coordinates":[[2782.1,880.2],[2821.9,911.4]]}},{"type":"Feature","properties":{"id":"p:muros:1367","n":2,"sc":"#808080"},"geometry":{"type":"LineString","coordinates":[[2754.7,915.2],[2782.1,880.2],[2801.8,895.5]]}},{"type":"Feature","properties":{"id":"p:muros:1368","n":1,"sc":"#808080"},"geometry":{"type":"LineString","coordinates":[[2754.7,915.2],[2794.6,946.4]]}},{"type":"Feature","properties":{"id":"p:muros:1369","n":2,"sc":"#808080"},"geometry":{"type":"LineString","coordinates":[[2913.1,926.2],[2940.5,891.2],[2920.8,875.8]]}},{"type":"Feature","properties":{"id":"p:muros:1370","n":1,"sc":"#808080"},"geometry":{"type":"LineString","coordinates":[[2913.1,926.2],[2873.3,895.0]]}},{"type":"Feature","properties":{"id":"p:muros:1371","n":2,"sc":"#808080"},"geometry":{"type":"LineString","coordinates":[[2885.8,961.3],[2913.1,926.2],[2893.4,910.9]]}},{"type":"Feature","properties":{"id":"p:muros:1372","n":1,"sc":"#808080"},"geometry":{"type":"LineString","coordinates":[[2885.8,961.3],[2845.9,930.1]]}},{"type":"Feature","properties":{"id":"p:muros:1373","n":2,"sc":"#808080"},"geometry":{"type":"LineString","coordinates":[[2858.4,996.3],[2885.8,961.3],[2866.1,945.9]]}},{"type":"Feature","properties":{"id":"p:muros:1374","n":1,"sc":"#808080"},"geometry":{"type":"LineString","coordinates":[[2858.4,996.3],[2818.6,965.1]]}},{"type":"Feature","properties":{"id":"p:muros:1375","n":2,"sc":"#808080"},"geometry":{"type":"LineString","coordinates":[[2727.4,950.2],[2754.7,915.2],[2774.4,930.6]]}},{"type":"Feature","properties":{"id":"p:muros:1376","n":1,"sc":"#808080"},"geometry":{"type":"LineString","coordinates":[[2727.4,950.2],[2767.2,981.4]]}},{"type":"Feature","properties":{"id":"p:muros:1377","n":2,"sc":"#808080"},"geometry":{"type":"LineString","coordinates":[[2831.0,1031.4],[2858.4,996.3],[2838.7,981.0]]}},{"type":"Feature","properties":{"id":"p:muros:1378","n":1,"sc":"#808080"},"geometry":{"type":"LineString","coordinates":[[2831.0,1031.4],[2791.2,1000.2]]}},{"type":"Feature","properties":{"id":"p:muros:1379","n":2,"sc":"#808080"},"geometry":{"type":"LineString","coordinates":[[2836.8,810.1],[2864.2,775.0],[2883.8,790.4]]}},{"type":"Feature","properties":{"id":"p:muros:1380","n":1,"sc":"#808080"},"geometry":{"type":"LineString","coordinates":[[2836.8,810.1],[2876.6,841.3]]}},{"type":"Feature","properties":{"id":"p:muros:1381","n":2,"sc":"#808080"},"geometry":{"type":"LineString","coordinates":[[2940.5,891.2],[2968.3,856.2],[2948.2,840.8]]}},{"type":"Feature","properties":{"id":"p:muros:1382","n":1,"sc":"#808080"},"geometry":{"type":"LineString","coordinates":[[2940.5,891.2],[2900.6,860]]}},{"type":"Feature","properties":{"id":"p:muros:1383","n":1,"sc":"#808080"},"geometry":{"type":"LineString","coordinates":[[2123.5,597.0],[2123.0,535.5]]}},{"type":"Feature","properties":{"id":"p:muros:1384","n":1,"sc":"#808080"},"geometry":{"type":"LineString","coordinates":[[3164.2,920.5],[3105.6,920.5]]}},{"type":"Feature","properties":{"id":"p:muros:1385","n":1,"sc":"#808080"},"geometry":{"type":"LineString","coordinates":[[2295.4,1161.4],[2806.6,1159.5]]}},{"type":"Feature","properties":{"id":"p:muros:1386","n":1,"sc":"#808080"},"geometry":{"type":"LineString","coordinates":[[2806.6,1159.5],[3004.8,897.9]]}},{"type":"Feature","properties":{"id":"p:muros:1387","n":1,"sc":"#808080"},"geometry":{"type":"LineString","coordinates":[[2806.6,1154.2],[3003.4,892.6]]}},{"type":"Feature","properties":{"id":"p:muros:1388","n":1,"sc":"#808080"},"geometry":{"type":"LineString","coordinates":[[3285.6,530.7],[3287.0,891.7]]}},{"type":"Feature","properties":{"id":"p:muros:1389","n":1,"sc":"#808080"},"geometry":{"type":"LineString","coordinates":[[2885.8,791.8],[2950.6,779.4]]}},{"type":"Feature","properties":{"id":"p:muros:1390","n":1,"sc":"#808080"},"geometry":{"type":"LineString","coordinates":[[2985.6,779.4],[2948.2,840.8]]}},{"type":"Feature","properties":{"id":"p:muros:1391","n":1,"sc":"#808080"},"geometry":{"type":"LineString","coordinates":[[2731.2,1025.6],[2755.2,975.2]]}},{"type":"Feature","properties":{"id":"p:muros:1392","n":1,"sc":"#808080"},"geometry":{"type":"LineString","coordinates":[[2757.1,976.6],[2796,1007.4]]}},{"type":"Feature","properties":{"id":"p:muros:1393","n":1,"sc":"#808080"},"geometry":{"type":"LineString","coordinates":[[1682.4,1330.9],[1681.4,1203.7]]}},{"type":"Feature","properties":{"id":"p:muros:1394","n":1,"sc":"#808080"},"geometry":{"type":"LineString","coordinates":[[1680.5,1330.9],[1680,1203.7]]}},{"type":"Feature","properties":{"id":"p:muros:1395","n":1,"sc":"#808080"},"geometry":{"type":"LineString","coordinates":[[1654.6,1331.4],[1653.6,1203.7]]}},{"type":"Feature","properties":{"id":"p:muros:1396","n":1,"sc":"#808080"},"geometry":{"type":"LineString","coordinates":[[1549.0,1140.3],[1548.5,1031.8]]}},{"type":"Feature","properties":{"id":"p:muros:1397","n":1,"sc":"#808080"},"geometry":{"type":"LineString","coordinates":[[1548.5,1031.8],[1622.9,1031.8]]}},{"type":"Feature","properties":{"id":"p:muros:1398","n":1,"sc":"#808080"},"geometry":{"type":"LineString","coordinates":[[1622.9,1031.8],[1576.3,1078.4]]}},{"type":"Feature","properties":{"id":"p:muros:1399","n":1,"sc":"#808080"},"geometry":{"type":"LineString","coordinates":[[1576.3,1078.4],[1576.8,1155.7]]}},{"type":"Feature","properties":{"id":"p:muros:1400","n":1,"sc":"#808080"},"geometry":{"type":"LineString","coordinates":[[1515.8,1301.1],[1516.3,1470.6]]}},{"type":"Feature","properties":{"id":"p:muros:1401","n":1,"sc":"#808080"},"geometry":{"type":"LineString","coordinates":[[1544.2,1470.6],[1543.2,1301.1]]}},{"type":"Feature","properties":{"id":"p:muros:1402","n":1,"sc":"#808080"},"geometry":{"type":"LineString","coordinates":[[2643.4,669.9],[2642.9,578.2]]}},{"type":"Feature","properties":{"id":"p:muros:1403","n":1,"sc":"#808080"},"geometry":{"type":"LineString","coordinates":[[2610.7,629.1],[2610.7,578.2]]}},{"type":"Feature","properties":{"id":"p:muros:1404","n":1,"sc":"#808080"},"geometry":{"type":"LineString","coordinates":[[2376,664.2],[2375.5,575.8]]}},{"type":"Feature","properties":{"id":"p:muros:1405","n":1,"sc":"#808080"},"geometry":{"type":"LineString","coordinates":[[2343.8,623.8],[2343.8,575.8]]}},{"type":"Feature","properties":{"id":"p:muros:1406","n":1,"sc":"#808080"},"geometry":{"type":"LineString","coordinates":[[2295.8,584],[2792.2,582.1]]}},{"type":"Feature","properties":{"id":"p:muros:1407","n":1,"sc":"#808080"},"geometry":{"type":"LineString","coordinates":[[2792.2,604.2],[2296.3,606.6]]}},{"type":"Feature","properties":{"id":"p:muros:1408","n":1,"sc":"#808080"},"geometry":{"type":"LineString","coordinates":[[2065.4,416.5],[2299.7,415.5]]}},{"type":"Feature","properties":{"id":"p:muros:1409","n":1,"sc":"#808080"},"geometry":{"type":"LineString","coordinates":[[2477.3,627.7],[2476.8,576.3]]}},{"type":"Feature","properties":{"id":"p:muros:1410","n":1,"sc":"#808080"},"geometry":{"type":"LineString","coordinates":[[1803.4,436.6],[1846.1,393.4]]}},{"type":"Feature","properties":{"id":"p:muros:1411","n":1,"sc":"#808080"},"geometry":{"type":"LineString","coordinates":[[1804.3,445.8],[1855.7,393.9]]}},{"type":"Feature","properties":{"id":"p:muros:1412","n":1,"sc":"#808080"},"geometry":{"type":"LineString","coordinates":[[1807.2,452.5],[1865.3,393.9]]}},{"type":"Feature","properties":{"id":"p:muros:1413","n":1,"sc":"#808080"},"geometry":{"type":"LineString","coordinates":[[1805.8,464.5],[1875.4,393.9]]}},{"type":"Feature","properties":{"id":"p:muros:1414","n":1,"sc":"#808080"},"geometry":{"type":"LineString","coordinates":[[1802.4,477.4],[1885.0,394.4]]}},{"type":"Feature","properties":{"id":"p:muros:1415","n":1,"sc":"#808080"},"geometry":{"type":"LineString","coordinates":[[1798.6,490.9],[1894.6,394.4]]}},{"type":"Feature","properties":{"id":"p:muros:1416","n":1,"sc":"#808080"},"geometry":{"type":"LineString","coordinates":[[1798.6,501.0],[1904.2,394.4]]}},{"type":"Feature","properties":{"id":"p:muros:1417","n":1,"sc":"#808080"},"geometry":{"type":"LineString","coordinates":[[1799.0,510.6],[1913.8,394.9]]}},{"type":"Feature","properties":{"id":"p:muros:1418","n":1,"sc":"#808080"},"geometry":{"type":"LineString","coordinates":[[1799.5,519.7],[1923.4,394.9]]}},{"type":"Feature","properties":{"id":"p:muros:1419","n":1,"sc":"#808080"},"geometry":{"type":"LineString","coordinates":[[1800,529.3],[1933.0,394.9]]}},{"type":"Feature","properties":{"id":"p:muros:1420","n":1,"sc":"#808080"},"geometry":{"type":"LineString","coordinates":[[1800.5,538.4],[1942.6,395.4]]}},{"type":"Feature","properties":{"id":"p:muros:1421","n":1,"sc":"#808080"},"geometry":{"type":"LineString","coordinates":[[1801.0,548],[1952.2,395.4]]}},{"type":"Feature","properties":{"id":"p:muros:1422","n":1,"sc":"#808080"},"geometry":{"type":"LineString","coordinates":[[1801.4,557.1],[1961.8,395.4]]}},{"type":"Feature","properties":{"id":"p:muros:1423","n":1,"sc":"#808080"},"geometry":{"type":"LineString","coordinates":[[1801.9,566.7],[1971.4,395.8]]}},{"type":"Feature","properties":{"id":"p:muros:1424","n":1,"sc":"#808080"},"geometry":{"type":"LineString","coordinates":[[1802.9,575.8],[1981.0,395.8]]}},{"type":"Feature","properties":{"id":"p:muros:1425","n":1,"sc":"#808080"},"geometry":{"type":"LineString","coordinates":[[1803.4,585.0],[1991.0,395.8]]}},{"type":"Feature","properties":{"id":"p:muros:1426","n":1,"sc":"#808080"},"geometry":{"type":"LineString","coordinates":[[1813.0,585.0],[2000.6,396.3]]}},{"type":"Feature","properties":{"id":"p:muros:1427","n":1,"sc":"#808080"},"geometry":{"type":"LineString","coordinates":[[1823.0,585.0],[2010.2,396.3]]}},{"type":"Feature","properties":{"id":"p:muros:1428","n":1,"sc":"#808080"},"geometry":{"type":"LineString","coordinates":[[1832.6,585.0],[2019.8,396.3]]}},{"type":"Feature","properties":{"id":"p:muros:1429","n":1,"sc":"#808080"},"geometry":{"type":"LineString","coordinates":[[1842.7,585.0],[2029.4,396.8]]}},{"type":"Feature","properties":{"id":"p:muros:1430","n":1,"sc":"#808080"},"geometry":{"type":"LineString","coordinates":[[1852.3,585.0],[2039.0,396.8]]}},{"type":"Feature","properties":{"id":"p:muros:1431","n":1,"sc":"#808080"},"geometry":{"type":"LineString","coordinates":[[1862.4,585.0],[2048.6,396.8]]}},{"type":"Feature","properties":{"id":"p:muros:1432","n":1,"sc":"#808080"},"geometry":{"type":"LineString","coordinates":[[1872,585.0],[2050.1,405.4]]}},{"type":"Feature","properties":{"id":"p:muros:1433","n":1,"sc":"#808080"},"geometry":{"type":"LineString","coordinates":[[1882.1,585.0],[2050.1,415.0]]}},{"type":"Feature","properties":{"id":"p:muros:1434","n":1,"sc":"#808080"},"geometry":{"type":"LineString","coordinates":[[1891.7,585.0],[2050.6,424.6]]}},{"type":"Feature","properties":{"id":"p:muros:1435","n":1,"sc":"#808080"},"geometry":{"type":"LineString","coordinates":[[1901.8,584.5],[2050.6,434.7]]}},{"type":"Feature","properties":{"id":"p:muros:1436","n":1,"sc":"#808080"},"geometry":{"type":"LineString","coordinates":[[1911.4,584.5],[2050.6,444.3]]}},{"type":"Feature","properties":{"id":"p:muros:1437","n":1,"sc":"#808080"},"geometry":{"type":"LineString","coordinates":[[1921.4,584.5],[2050.6,454.4]]}},{"type":"Feature","properties":{"id":"p:muros:1438","n":1,"sc":"#808080"},"geometry":{"type":"LineString","coordinates":[[1931.0,584.5],[2050.6,464]]}},{"type":"Feature","properties":{"id":"p:muros:1439","n":1,"sc":"#808080"},"geometry":{"type":"LineString","coordinates":[[1941.1,584.5],[2050.6,474.1]]}},{"type":"Feature","properties":{"id":"p:muros:1440","n":1,"sc":"#808080"},"geometry":{"type":"LineString","coordinates":[[1950.7,584.5],[2050.6,483.7]]}},{"type":"Feature","properties":{"id":"p:muros:1441","n":1,"sc":"#808080"},"geometry":{"type":"LineString","coordinates":[[1960.8,584.5],[2050.6,493.8]]}},{"type":"Feature","properties":{"id":"p:muros:1442","n":1,"sc":"#808080"},"geometry":{"type":"LineString","coordinates":[[1970.4,584.5],[2050.6,503.4]]}},{"type":"Feature","properties":{"id":"p:muros:1443","n":1,"sc":"#808080"},"geometry":{"type":"LineString","coordinates":[[1980.5,584.5],[2051.0,513.4]]}},{"type":"Feature","properties":{"id":"p:muros:1444","n":1,"sc":"#808080"},"geometry":{"type":"LineString","coordinates":[[1990.1,584.5],[2051.0,523.0]]}},{"type":"Feature","properties":{"id":"p:muros:1445","n":1,"sc":"#808080"},"geometry":{"type":"LineString","coordinates":[[2000.2,584.5],[2051.0,533.1]]}},{"type":"Feature","properties":{"id":"p:muros:1446","n":1,"sc":"#808080"},"geometry":{"type":"LineString","coordinates":[[2009.8,584],[2051.0,542.7]]}},{"type":"Feature","properties":{"id":"p:muros:1447","n":1,"sc":"#808080"},"geometry":{"type":"LineString","coordinates":[[1841.3,585.0],[1801.0,544.6]]}},{"type":"Feature","properties":{"id":"p:muros:1448","n":1,"sc":"#808080"},"geometry":{"type":"LineString","coordinates":[[1851.4,585.0],[1800.5,534.6]]}},{"type":"Feature","properties":{"id":"p:muros:1449","n":1,"sc":"#808080"},"geometry":{"type":"LineString","coordinates":[[1861.0,585.0],[1799.5,524]]}},{"type":"Feature","properties":{"id":"p:muros:1450","n":1,"sc":"#808080"},"geometry":{"type":"LineString","coordinates":[[1871.0,585.0],[1799.0,513.4]]}},{"type":"Feature","properties":{"id":"p:muros:1451","n":1,"sc":"#808080"},"geometry":{"type":"LineString","coordinates":[[1880.6,585.0],[1798.6,503.4]]}},{"type":"Feature","properties":{"id":"p:muros:1452","n":1,"sc":"#808080"},"geometry":{"type":"LineString","coordinates":[[1890.7,585.0],[1798.1,493.3]]}},{"type":"Feature","properties":{"id":"p:muros:1453","n":1,"sc":"#808080"},"geometry":{"type":"LineString","coordinates":[[1900.3,584.5],[1800,485.1]]}},{"type":"Feature","properties":{"id":"p:muros:1454","n":1,"sc":"#808080"},"geometry":{"type":"LineString","coordinates":[[1910.4,584.5],[1802.4,477.4]]}},{"type":"Feature","properties":{"id":"p:muros:1455","n":1,"sc":"#808080"},"geometry":{"type":"LineString","coordinates":[[1920,584.5],[1804.3,469.8]]}},{"type":"Feature","properties":{"id":"p:muros:1456","n":1,"sc":"#808080"},"geometry":{"type":"LineString","coordinates":[[1930.1,584.5],[1806.2,461.6]]}},{"type":"Feature","properties":{"id":"p:muros:1457","n":1,"sc":"#808080"},"geometry":{"type":"LineString","coordinates":[[1939.7,584.5],[1807.7,453.4]]}},{"type":"Feature","properties":{"id":"p:muros:1458","n":1,"sc":"#808080"},"geometry":{"type":"LineString","coordinates":[[1949.8,584.5],[1803.8,439.5]]}},{"type":"Feature","properties":{"id":"p:muros:1459","n":1,"sc":"#808080"},"geometry":{"type":"LineString","coordinates":[[1959.4,584.5],[1803.4,429.4]]}},{"type":"Feature","properties":{"id":"p:muros:1460","n":1,"sc":"#808080"},"geometry":{"type":"LineString","coordinates":[[1969.4,584.5],[1802.9,419.4]]}},{"type":"Feature","properties":{"id":"p:muros:1461","n":1,"sc":"#808080"},"geometry":{"type":"LineString","coordinates":[[1979.0,584.5],[1802.9,409.3]]}},{"type":"Feature","properties":{"id":"p:muros:1462","n":1,"sc":"#808080"},"geometry":{"type":"LineString","coordinates":[[1989.1,584.5],[1802.4,399.7]]}},{"type":"Feature","properties":{"id":"p:muros:1463","n":1,"sc":"#808080"},"geometry":{"type":"LineString","coordinates":[[1998.7,584.5],[1805.8,393.0]]}},{"type":"Feature","properties":{"id":"p:muros:1464","n":1,"sc":"#808080"},"geometry":{"type":"LineString","coordinates":[[2008.8,584.5],[1815.8,393.0]]}},{"type":"Feature","properties":{"id":"p:muros:1465","n":1,"sc":"#808080"},"geometry":{"type":"LineString","coordinates":[[2018.4,584],[1825.9,393.4]]}},{"type":"Feature","properties":{"id":"p:muros:1466","n":1,"sc":"#808080"},"geometry":{"type":"LineString","coordinates":[[2028.5,584],[1836,393.4]]}},{"type":"Feature","properties":{"id":"p:muros:1467","n":1,"sc":"#808080"},"geometry":{"type":"LineString","coordinates":[[2038.1,584],[1846.1,393.4]]}},{"type":"Feature","properties":{"id":"p:muros:1468","n":1,"sc":"#808080"},"geometry":{"type":"LineString","coordinates":[[2048.2,584],[1856.2,393.9]]}},{"type":"Feature","properties":{"id":"p:muros:1469","n":1,"sc":"#808080"},"geometry":{"type":"LineString","coordinates":[[2051.0,577.3],[1866.2,393.9]]}},{"type":"Feature","properties":{"id":"p:muros:1470","n":1,"sc":"#808080"},"geometry":{"type":"LineString","coordinates":[[2051.0,567.7],[1876.3,393.9]]}},{"type":"Feature","properties":{"id":"p:muros:1471","n":1,"sc":"#808080"},"geometry":{"type":"LineString","coordinates":[[2051.0,557.6],[1886.4,394.4]]}},{"type":"Feature","properties":{"id":"p:muros:1472","n":1,"sc":"#808080"},"geometry":{"type":"LineString","coordinates":[[2051.0,548],[1896.5,394.4]]}},{"type":"Feature","properties":{"id":"p:muros:1473","n":1,"sc":"#808080"},"geometry":{"type":"LineString","coordinates":[[2051.0,537.9],[1906.1,394.4]]}},{"type":"Feature","properties":{"id":"p:muros:1474","n":1,"sc":"#808080"},"geometry":{"type":"LineString","coordinates":[[2051.0,528.3],[1916.2,394.9]]}},{"type":"Feature","properties":{"id":"p:muros:1475","n":1,"sc":"#808080"},"geometry":{"type":"LineString","coordinates":[[2051.0,518.2],[1926.2,394.9]]}},{"type":"Feature","properties":{"id":"p:muros:1476","n":1,"sc":"#808080"},"geometry":{"type":"LineString","coordinates":[[2051.0,508.6],[1936.3,394.9]]}},{"type":"Feature","properties":{"id":"p:muros:1477","n":1,"sc":"#808080"},"geometry":{"type":"LineString","coordinates":[[2050.6,498.6],[1946.4,395.4]]}},{"type":"Feature","properties":{"id":"p:muros:1478","n":1,"sc":"#808080"},"geometry":{"type":"LineString","coordinates":[[2050.6,489.0],[1956.5,395.4]]}},{"type":"Feature","properties":{"id":"p:muros:1479","n":1,"sc":"#808080"},"geometry":{"type":"LineString","coordinates":[[2050.6,478.9],[1966.6,395.4]]}},{"type":"Feature","properties":{"id":"p:muros:1480","n":1,"sc":"#808080"},"geometry":{"type":"LineString","coordinates":[[2050.6,469.3],[1976.6,395.8]]}},{"type":"Feature","properties":{"id":"p:muros:1481","n":1,"sc":"#808080"},"geometry":{"type":"LineString","coordinates":[[2050.6,459.2],[1986.7,395.8]]}},{"type":"Feature","properties":{"id":"p:muros:1482","n":1,"sc":"#808080"},"geometry":{"type":"LineString","coordinates":[[2050.6,449.6],[1996.8,395.8]]}},{"type":"Feature","properties":{"id":"p:muros:1483","n":1,"sc":"#808080"},"geometry":{"type":"LineString","coordinates":[[2050.6,439.5],[2006.9,396.3]]}},{"type":"Feature","properties":{"id":"p:muros:1484","n":1,"sc":"#808080"},"geometry":{"type":"LineString","coordinates":[[2133.6,596],[2300.6,595.5]]}},{"type":"Feature","properties":{"id":"p:muros:1485","n":1,"sc":"#808080"},"geometry":{"type":"LineString","coordinates":[[2222.9,608],[2289.1,608]]}},{"type":"Feature","properties":{"id":"p:muros:1486","n":1,"sc":"#808080"},"geometry":{"type":"LineString","coordinates":[[3190.6,866.7],[3189.6,597.0]]}},{"type":"Feature","properties":{"id":"p:muros:1487","n":1,"sc":"#808080"},"geometry":{"type":"LineString","coordinates":[[3165.6,866.7],[3164.6,669.0]]}},{"type":"Feature","properties":{"id":"p:muros:1488","n":1,"sc":"#808080"},"geometry":{"type":"LineString","coordinates":[[3164.6,629.6],[3164.2,549.0]]}},{"type":"Feature","properties":{"id":"p:muros:1489","n":1,"sc":"#808080"},"geometry":{"type":"LineString","coordinates":[[3206.9,719.4],[3206.9,775.0]]}},{"type":"Feature","properties":{"id":"p:muros:1490","n":1,"sc":"#808080"},"geometry":{"type":"LineString","coordinates":[[3190.6,885.9],[3195.4,1962.6]]}},{"type":"Feature","properties":{"id":"p:muros:1491","n":1,"sc":"#808080"},"geometry":{"type":"LineString","coordinates":[[3186.2,885.9],[3191.0,1962.6]]}},{"type":"Feature","properties":{"id":"p:muros:1492","n":1,"sc":"#808080"},"geometry":{"type":"LineString","coordinates":[[3183.4,885.9],[3188.2,1962.6]]}},{"type":"Feature","properties":{"id":"p:muros:1493","n":1,"sc":"#808080"},"geometry":{"type":"LineString","coordinates":[[3170.4,1962.6],[3165.6,885.9]]}},{"type":"Feature","properties":{"id":"p:muros:1494","n":1,"sc":"#808080"},"geometry":{"type":"LineString","coordinates":[[3174.7,1962.6],[3170.4,885.9]]}},{"type":"Feature","properties":{"id":"p:muros:1495","n":1,"sc":"#808080"},"geometry":{"type":"LineString","coordinates":[[3177.6,1962.6],[3172.8,885.9]]}},{"type":"Feature","properties":{"id":"p:muros:1496","n":1,"sc":"#808080"},"geometry":{"type":"LineString","coordinates":[[3106.6,1124.5],[3165.1,1124.5]]}},{"type":"Feature","properties":{"id":"p:muros:1497","n":1,"sc":"#808080"},"geometry":{"type":"LineString","coordinates":[[3107.0,1232.5],[3165.6,1232]]}},{"type":"Feature","properties":{"id":"p:muros:1498","n":1,"sc":"#808080"},"geometry":{"type":"LineString","coordinates":[[3165.6,1232],[3107.0,1232.5]]}},{"type":"Feature","properties":{"id":"p:muros:1499","n":1,"sc":"#808080"},"geometry":{"type":"LineString","coordinates":[[3107.5,1278.1],[3165.6,1277.6]]}},{"type":"Feature","properties":{"id":"p:muros:1500","n":1,"sc":"#808080"},"geometry":{"type":"LineString","coordinates":[[3166.1,1308.8],[3107.5,1309.3]]}},{"type":"Feature","properties":{"id":"p:muros:1501","n":1,"sc":"#808080"},"geometry":{"type":"LineString","coordinates":[[3107.5,1354.9],[3166.1,1354.4]]}},{"type":"Feature","properties":{"id":"p:muros:1502","n":1,"sc":"#808080"},"geometry":{"type":"LineString","coordinates":[[3166.1,1385.6],[3108,1386.1]]}},{"type":"Feature","properties":{"id":"p:muros:1503","n":1,"sc":"#808080"},"geometry":{"type":"LineString","coordinates":[[3108,1431.7],[3166.6,1431.2]]}},{"type":"Feature","properties":{"id":"p:muros:1504","n":1,"sc":"#808080"},"geometry":{"type":"LineString","coordinates":[[3166.6,1462.4],[3108,1462.9]]}},{"type":"Feature","properties":{"id":"p:muros:1505","n":1,"sc":"#808080"},"geometry":{"type":"LineString","coordinates":[[3108.5,1508.5],[3166.6,1508]]}},{"type":"Feature","properties":{"id":"p:muros:1506","n":1,"sc":"#808080"},"geometry":{"type":"LineString","coordinates":[[3108.5,1539.7],[3167.0,1539.2]]}},{"type":"Feature","properties":{"id":"p:muros:1507","n":1,"sc":"#808080"},"geometry":{"type":"LineString","coordinates":[[3167.0,1539.2],[3108.5,1539.7]]}},{"type":"Feature","properties":{"id":"p:muros:1508","n":1,"sc":"#808080"},"geometry":{"type":"LineString","coordinates":[[3108.5,1585.3],[3167.0,1584.8]]}},{"type":"Feature","properties":{"id":"p:muros:1509","n":1,"sc":"#808080"},"geometry":{"type":"LineString","coordinates":[[3109.0,1616.5],[3167.0,1616]]}},{"type":"Feature","properties":{"id":"p:muros:1510","n":1,"sc":"#808080"},"geometry":{"type":"LineString","coordinates":[[3167.0,1616],[3109.0,1616.5]]}},{"type":"Feature","properties":{"id":"p:muros:1511","n":1,"sc":"#808080"},"geometry":{"type":"LineString","coordinates":[[3109.0,1662.1],[3167.5,1661.6]]}},{"type":"Feature","properties":{"id":"p:muros:1512","n":1,"sc":"#808080"},"geometry":{"type":"LineString","coordinates":[[3109.0,1693.3],[3167.5,1692.8]]}},{"type":"Feature","properties":{"id":"p:muros:1513","n":1,"sc":"#808080"},"geometry":{"type":"LineString","coordinates":[[3167.5,1692.8],[3109.0,1693.3]]}},{"type":"Feature","properties":{"id":"p:muros:1514","n":1,"sc":"#808080"},"geometry":{"type":"LineString","coordinates":[[3109.4,1738.9],[3167.5,1738.4]]}},{"type":"Feature","properties":{"id":"p:muros:1515","n":1,"sc":"#808080"},"geometry":{"type":"LineString","coordinates":[[3168,1769.6],[3109.4,1770.1]]}},{"type":"Feature","properties":{"id":"p:muros:1516","n":1,"sc":"#808080"},"geometry":{"type":"LineString","coordinates":[[3109.4,1815.7],[3168,1815.2]]}},{"type":"Feature","properties":{"id":"p:muros:1517","n":1,"sc":"#808080"},"geometry":{"type":"LineString","coordinates":[[3104.2,1225.8],[3104.6,1359.2]]}},{"type":"Feature","properties":{"id":"p:muros:1518","n":1,"sc":"#808080"},"geometry":{"type":"LineString","coordinates":[[3102.2,1227.2],[3103.2,1357.8]]}},{"type":"Feature","properties":{"id":"p:muros:1519","n":1,"sc":"#808080"},"geometry":{"type":"LineString","coordinates":[[3104.6,1359.2],[3040.8,1359.7]]}},{"type":"Feature","properties":{"id":"p:muros:1520","n":1,"sc":"#808080"},"geometry":{"type":"LineString","coordinates":[[3103.2,1357.8],[3042.2,1357.8]]}},{"type":"Feature","properties":{"id":"p:muros:1521","n":1,"sc":"#808080"},"geometry":{"type":"LineString","coordinates":[[3040.8,1359.7],[3040.3,1226.2]]}},{"type":"Feature","properties":{"id":"p:muros:1522","n":1,"sc":"#808080"},"geometry":{"type":"LineString","coordinates":[[3042.2,1357.8],[3041.8,1227.7]]}},{"type":"Feature","properties":{"id":"p:muros:1523","n":1,"sc":"#808080"},"geometry":{"type":"LineString","coordinates":[[3040.3,1226.2],[3104.2,1225.8]]}},{"type":"Feature","properties":{"id":"p:muros:1524","n":1,"sc":"#808080"},"geometry":{"type":"LineString","coordinates":[[3041.8,1227.7],[3102.2,1227.2]]}},{"type":"Feature","properties":{"id":"p:muros:1525","n":1,"sc":"#808080"},"geometry":{"type":"LineString","coordinates":[[3042.2,1293.4],[3102.7,1293.4]]}},{"type":"Feature","properties":{"id":"p:muros:1526","n":1,"sc":"#808080"},"geometry":{"type":"LineString","coordinates":[[3042.2,1292],[3102.7,1291.5]]}},{"type":"Feature","properties":{"id":"p:muros:1527","n":1,"sc":"#808080"},"geometry":{"type":"LineString","coordinates":[[3104.6,1382.2],[3105.1,1516.2]]}},{"type":"Feature","properties":{"id":"p:muros:1528","n":1,"sc":"#808080"},"geometry":{"type":"LineString","coordinates":[[3103.2,1384.2],[3103.7,1514.2]]}},{"type":"Feature","properties":{"id":"p:muros:1529","n":1,"sc":"#808080"},"geometry":{"type":"LineString","coordinates":[[3105.1,1516.2],[3041.3,1516.2]]}},{"type":"Feature","properties":{"id":"p:muros:1530","n":1,"sc":"#808080"},"geometry":{"type":"LineString","coordinates":[[3103.7,1514.2],[3043.2,1514.7]]}},{"type":"Feature","properties":{"id":"p:muros:1531","n":1,"sc":"#808080"},"geometry":{"type":"LineString","coordinates":[[3041.3,1516.2],[3040.8,1382.7]]}},{"type":"Feature","properties":{"id":"p:muros:1532","n":1,"sc":"#808080"},"geometry":{"type":"LineString","coordinates":[[3043.2,1514.7],[3042.2,1384.2]]}},{"type":"Feature","properties":{"id":"p:muros:1533","n":1,"sc":"#808080"},"geometry":{"type":"LineString","coordinates":[[3040.8,1382.7],[3104.6,1382.2]]}},{"type":"Feature","properties":{"id":"p:muros:1534","n":1,"sc":"#808080"},"geometry":{"type":"LineString","coordinates":[[3042.2,1384.2],[3103.2,1384.2]]}},{"type":"Feature","properties":{"id":"p:muros:1535","n":1,"sc":"#808080"},"geometry":{"type":"LineString","coordinates":[[3042.7,1450.4],[3103.2,1449.9]]}},{"type":"Feature","properties":{"id":"p:muros:1536","n":1,"sc":"#808080"},"geometry":{"type":"LineString","coordinates":[[3042.7,1448.5],[3103.2,1448.5]]}},{"type":"Feature","properties":{"id":"p:muros:1537","n":1,"sc":"#808080"},"geometry":{"type":"LineString","coordinates":[[3105.6,1533.4],[3106.1,1666.9]]}},{"type":"Feature","properties":{"id":"p:muros:1538","n":1,"sc":"#808080"},"geometry":{"type":"LineString","coordinates":[[3103.7,1534.9],[3104.2,1665.0]]}},{"type":"Feature","properties":{"id":"p:muros:1539","n":1,"sc":"#808080"},"geometry":{"type":"LineString","coordinates":[[3106.1,1666.9],[3042.2,1666.9]]}},{"type":"Feature","properties":{"id":"p:muros:1540","n":1,"sc":"#808080"},"geometry":{"type":"LineString","coordinates":[[3104.2,1665.0],[3043.7,1665.4]]}},{"type":"Feature","properties":{"id":"p:muros:1541","n":1,"sc":"#808080"},"geometry":{"type":"LineString","coordinates":[[3042.2,1666.9],[3041.3,1533.4]]}},{"type":"Feature","properties":{"id":"p:muros:1542","n":1,"sc":"#808080"},"geometry":{"type":"LineString","coordinates":[[3043.7,1665.4],[3043.2,1535.4]]}},{"type":"Feature","properties":{"id":"p:muros:1543","n":1,"sc":"#808080"},"geometry":{"type":"LineString","coordinates":[[3041.3,1533.4],[3105.6,1533.4]]}},{"type":"Feature","properties":{"id":"p:muros:1544","n":1,"sc":"#808080"},"geometry":{"type":"LineString","coordinates":[[3043.2,1535.4],[3103.7,1534.9]]}},{"type":"Feature","properties":{"id":"p:muros:1545","n":1,"sc":"#808080"},"geometry":{"type":"LineString","coordinates":[[3043.2,1601.1],[3104.2,1600.6]]}},{"type":"Feature","properties":{"id":"p:muros:1546","n":1,"sc":"#808080"},"geometry":{"type":"LineString","coordinates":[[3043.2,1599.2],[3104.2,1599.2]]}},{"type":"Feature","properties":{"id":"p:muros:1547","n":1,"sc":"#808080"},"geometry":{"type":"LineString","coordinates":[[3106.1,1689.4],[3106.6,1822.9]]}},{"type":"Feature","properties":{"id":"p:muros:1548","n":1,"sc":"#808080"},"geometry":{"type":"LineString","coordinates":[[3104.6,1690.9],[3105.1,1821.0]]}},{"type":"Feature","properties":{"id":"p:muros:1549","n":1,"sc":"#808080"},"geometry":{"type":"LineString","coordinates":[[3106.6,1822.9],[3042.7,1822.9]]}},{"type":"Feature","properties":{"id":"p:muros:1550","n":1,"sc":"#808080"},"geometry":{"type":"LineString","coordinates":[[3105.1,1821.0],[3044.2,1821.4]]}},{"type":"Feature","properties":{"id":"p:muros:1551","n":1,"sc":"#808080"},"geometry":{"type":"LineString","coordinates":[[3042.7,1822.9],[3042.2,1689.4]]}},{"type":"Feature","properties":{"id":"p:muros:1552","n":1,"sc":"#808080"},"geometry":{"type":"LineString","coordinates":[[3044.2,1821.4],[3043.7,1691.4]]}},{"type":"Feature","properties":{"id":"p:muros:1553","n":1,"sc":"#808080"},"geometry":{"type":"LineString","coordinates":[[3042.2,1689.4],[3106.1,1689.4]]}},{"type":"Feature","properties":{"id":"p:muros:1554","n":1,"sc":"#808080"},"geometry":{"type":"LineString","coordinates":[[3043.7,1691.4],[3104.6,1690.9]]}},{"type":"Feature","properties":{"id":"p:muros:1555","n":1,"sc":"#808080"},"geometry":{"type":"LineString","coordinates":[[3044.2,1757.1],[3104.6,1757.1]]}},{"type":"Feature","properties":{"id":"p:muros:1556","n":1,"sc":"#808080"},"geometry":{"type":"LineString","coordinates":[[3044.2,1755.7],[3104.6,1755.2]]}},{"type":"Feature","properties":{"id":"p:muros:1557","n":1,"sc":"#808080"},"geometry":{"type":"LineString","coordinates":[[3014.4,918.6],[3014.9,1015.0]]}},{"type":"Feature","properties":{"id":"p:muros:1558","n":1,"sc":"#808080"},"geometry":{"type":"LineString","coordinates":[[3037.0,1015.0],[3036.5,918.1]]}},{"type":"Feature","properties":{"id":"p:muros:1559","n":1,"sc":"#808080"},"geometry":{"type":"LineString","coordinates":[[3016.3,1382.7],[3016.8,1516.2]]}},{"type":"Feature","properties":{"id":"p:muros:1560","n":1,"sc":"#808080"},"geometry":{"type":"LineString","coordinates":[[3039.4,1516.2],[3038.9,1382.7]]}},{"type":"Feature","properties":{"id":"p:muros:1561","n":1,"sc":"#808080"},"geometry":{"type":"LineString","coordinates":[[3017.3,1533.4],[3017.8,1666.9]]}},{"type":"Feature","properties":{"id":"p:muros:1562","n":1,"sc":"#808080"},"geometry":{"type":"LineString","coordinates":[[3039.8,1666.9],[3039.4,1533.4]]}},{"type":"Feature","properties":{"id":"p:muros:1563","n":1,"sc":"#808080"},"geometry":{"type":"LineString","coordinates":[[3017.8,1689.4],[3018.2,1823.4]]}},{"type":"Feature","properties":{"id":"p:muros:1564","n":1,"sc":"#808080"},"geometry":{"type":"LineString","coordinates":[[3040.8,1822.9],[3039.8,1689.4]]}},{"type":"Feature","properties":{"id":"p:muros:1565","n":1,"sc":"#808080"},"geometry":{"type":"LineString","coordinates":[[3180,885.9],[3184.3,1962.6]]}},{"type":"Feature","properties":{"id":"p:muros:1566","n":1,"sc":"#808080"},"geometry":{"type":"LineString","coordinates":[[3177.1,885.9],[3181.4,1962.6]]}},{"type":"Feature","properties":{"id":"p:muros:1567","n":1,"sc":"#808080"},"geometry":{"type":"LineString","coordinates":[[3022.1,648.8],[3022.1,576.3]]}},{"type":"Feature","properties":{"id":"p:muros:1568","n":1,"sc":"#808080"},"geometry":{"type":"LineString","coordinates":[[3022.1,576.3],[2916,576.8]]}},{"type":"Feature","properties":{"id":"p:muros:1569","n":1,"sc":"#808080"},"geometry":{"type":"LineString","coordinates":[[2916,576.8],[2916.5,649.3]]}},{"type":"Feature","properties":{"id":"p:muros:1570","n":1,"sc":"#808080"},"geometry":{"type":"LineString","coordinates":[[2916.5,649.3],[3011.0,648.8]]}},{"type":"Feature","properties":{"id":"p:muros:1571","n":1,"sc":"#808080"},"geometry":{"type":"LineString","coordinates":[[2916.5,649.3],[2917.0,705.0]]}},{"type":"Feature","properties":{"id":"p:muros:1572","n":1,"sc":"#808080"},"geometry":{"type":"LineString","coordinates":[[2918.4,650.7],[2918.4,704.5]]}},{"type":"Feature","properties":{"id":"p:muros:1573","n":1,"sc":"#808080"},"geometry":{"type":"LineString","coordinates":[[3015.4,648.8],[3015.8,704.5]]}},{"type":"Feature","properties":{"id":"p:muros:1574","n":1,"sc":"#808080"},"geometry":{"type":"LineString","coordinates":[[3013.9,650.2],[3013.9,704]]}},{"type":"Feature","properties":{"id":"p:muros:1575","n":1,"sc":"#808080"},"geometry":{"type":"LineString","coordinates":[[3016.8,648.8],[3016.3,576.3]]}},{"type":"Feature","properties":{"id":"p:muros:1576","n":1,"sc":"#808080"},"geometry":{"type":"LineString","coordinates":[[3011.0,648.8],[3010.6,576.3]]}},{"type":"Feature","properties":{"id":"p:muros:1577","n":1,"sc":"#808080"},"geometry":{"type":"LineString","coordinates":[[2997.1,648.8],[2997.1,576.3]]}},{"type":"Feature","properties":{"id":"p:muros:1578","n":1,"sc":"#808080"},"geometry":{"type":"LineString","coordinates":[[2991.8,648.8],[2991.4,576.3]]}},{"type":"Feature","properties":{"id":"p:muros:1579","n":1,"sc":"#808080"},"geometry":{"type":"LineString","coordinates":[[2986.1,648.8],[2985.6,576.3]]}},{"type":"Feature","properties":{"id":"p:muros:1580","n":1,"sc":"#808080"},"geometry":{"type":"LineString","coordinates":[[2972.2,648.8],[2971.7,576.3]]}},{"type":"Feature","properties":{"id":"p:muros:1581","n":1,"sc":"#808080"},"geometry":{"type":"LineString","coordinates":[[2972.2,648.8],[2971.7,576.3]]}},{"type":"Feature","properties":{"id":"p:muros:1582","n":1,"sc":"#808080"},"geometry":{"type":"LineString","coordinates":[[2966.4,648.8],[2966.4,576.3]]}},{"type":"Feature","properties":{"id":"p:muros:1583","n":1,"sc":"#808080"},"geometry":{"type":"LineString","coordinates":[[2961.1,648.8],[2960.6,576.8]]}},{"type":"Feature","properties":{"id":"p:muros:1584","n":1,"sc":"#808080"},"geometry":{"type":"LineString","coordinates":[[2947.2,648.8],[2946.7,576.8]]}},{"type":"Feature","properties":{"id":"p:muros:1585","n":1,"sc":"#808080"},"geometry":{"type":"LineString","coordinates":[[2941.4,648.8],[2941.4,576.8]]}},{"type":"Feature","properties":{"id":"p:muros:1586","n":1,"sc":"#808080"},"geometry":{"type":"LineString","coordinates":[[2936.2,648.8],[2935.7,576.8]]}},{"type":"Feature","properties":{"id":"p:muros:1587","n":1,"sc":"#808080"},"geometry":{"type":"LineString","coordinates":[[2922.2,649.3],[2921.8,576.8]]}},{"type":"Feature","properties":{"id":"p:muros:1588","n":1,"sc":"#808080"},"geometry":{"type":"LineString","coordinates":[[2922.2,649.3],[2921.8,576.8]]}},{"type":"Feature","properties":{"id":"p:muros:1589","n":1,"sc":"#808080"},"geometry":{"type":"LineString","coordinates":[[2916.5,649.3],[2916.5,594.6]]}},{"type":"Feature","properties":{"id":"p:muros:1590","n":1,"sc":"#808080"},"geometry":{"type":"LineString","coordinates":[[3022.1,563.8],[2901.1,564.8]]}},{"type":"Feature","properties":{"id":"p:muros:1591","n":1,"sc":"#808080"},"geometry":{"type":"LineString","coordinates":[[2901.6,661.3],[2901.1,564.8]]}},{"type":"Feature","properties":{"id":"p:muros:1592","n":1,"sc":"#808080"},"geometry":{"type":"LineString","coordinates":[[3178.1,650.7],[3178.1,573.0]]}},{"type":"Feature","properties":{"id":"p:muros:1593","n":1,"sc":"#808080"},"geometry":{"type":"LineString","coordinates":[[3178.1,575.8],[3099.8,575.8]]}},{"type":"Feature","properties":{"id":"p:muros:1594","n":1,"sc":"#808080"},"geometry":{"type":"LineString","coordinates":[[3099.8,575.8],[3100.3,648.3]]}},{"type":"Feature","properties":{"id":"p:muros:1595","n":1,"sc":"#808080"},"geometry":{"type":"LineString","coordinates":[[3100.3,648.3],[3150.2,648.3]]}},{"type":"Feature","properties":{"id":"p:muros:1596","n":1,"sc":"#808080"},"geometry":{"type":"LineString","coordinates":[[3052.8,576.3],[3052.8,648.3]]}},{"type":"Feature","properties":{"id":"p:muros:1597","n":1,"sc":"#808080"},"geometry":{"type":"LineString","coordinates":[[3052.8,648.3],[2915.5,649.3]]}},{"type":"Feature","properties":{"id":"p:muros:1598","n":1,"sc":"#808080"},"geometry":{"type":"LineString","coordinates":[[2915.0,576.8],[3052.8,576.3]]}},{"type":"Feature","properties":{"id":"p:muros:1599","n":1,"sc":"#808080"},"geometry":{"type":"LineString","coordinates":[[2891.5,649.3],[2891.5,576.8]]}},{"type":"Feature","properties":{"id":"p:muros:1600","n":1,"sc":"#808080"},"geometry":{"type":"LineString","coordinates":[[2894.4,649.3],[2893.9,576.8]]}},{"type":"Feature","properties":{"id":"p:muros:1601","n":1,"sc":"#808080"},"geometry":{"type":"LineString","coordinates":[[3100.3,648.3],[3099.8,593.6]]}},{"type":"Feature","properties":{"id":"p:muros:1602","n":1,"sc":"#808080"},"geometry":{"type":"LineString","coordinates":[[3099.4,648.3],[3098.9,575.8]]}},{"type":"Feature","properties":{"id":"p:muros:1603","n":1,"sc":"#808080"},"geometry":{"type":"LineString","coordinates":[[3085.4,648.3],[3085.0,575.8]]}},{"type":"Feature","properties":{"id":"p:muros:1604","n":1,"sc":"#808080"},"geometry":{"type":"LineString","coordinates":[[3084,648.3],[3084,575.8]]}},{"type":"Feature","properties":{"id":"p:muros:1605","n":1,"sc":"#808080"},"geometry":{"type":"LineString","coordinates":[[3070.1,648.3],[3070.1,576.3]]}},{"type":"Feature","properties":{"id":"p:muros:1606","n":1,"sc":"#808080"},"geometry":{"type":"LineString","coordinates":[[3069.1,648.3],[3068.6,576.3]]}},{"type":"Feature","properties":{"id":"p:muros:1607","n":1,"sc":"#808080"},"geometry":{"type":"LineString","coordinates":[[3054.2,648.3],[3053.8,576.3]]}},{"type":"Feature","properties":{"id":"p:muros:1608","n":1,"sc":"#808080"},"geometry":{"type":"LineString","coordinates":[[3052.8,648.3],[3052.8,594.1]]}},{"type":"Feature","properties":{"id":"p:muros:1609","n":1,"sc":"#808080"},"geometry":{"type":"LineString","coordinates":[[3115.2,575.8],[3115.2,648.3]]}},{"type":"Feature","properties":{"id":"p:muros:1610","n":1,"sc":"#808080"},"geometry":{"type":"LineString","coordinates":[[3115.2,648.3],[3115.2,593.6]]}},{"type":"Feature","properties":{"id":"p:muros:1611","n":1,"sc":"#808080"},"geometry":{"type":"LineString","coordinates":[[3114.2,648.3],[3113.8,575.8]]}},{"type":"Feature","properties":{"id":"p:muros:1612","n":1,"sc":"#808080"},"geometry":{"type":"LineString","coordinates":[[3130.1,575.8],[3130.6,648.3]]}},{"type":"Feature","properties":{"id":"p:muros:1613","n":1,"sc":"#808080"},"geometry":{"type":"LineString","coordinates":[[3130.6,648.3],[3130.1,593.6]]}},{"type":"Feature","properties":{"id":"p:muros:1614","n":1,"sc":"#808080"},"geometry":{"type":"LineString","coordinates":[[3129.1,648.3],[3129.1,575.8]]}},{"type":"Feature","properties":{"id":"p:muros:1615","n":1,"sc":"#808080"},"geometry":{"type":"LineString","coordinates":[[3145.0,575.8],[3145.4,648.3]]}},{"type":"Feature","properties":{"id":"p:muros:1616","n":1,"sc":"#808080"},"geometry":{"type":"LineString","coordinates":[[3145.4,648.3],[3145.0,593.6]]}},{"type":"Feature","properties":{"id":"p:muros:1617","n":1,"sc":"#808080"},"geometry":{"type":"LineString","coordinates":[[3144.5,648.3],[3144,575.8]]}},{"type":"Feature","properties":{"id":"p:muros:1618","n":1,"sc":"#808080"},"geometry":{"type":"LineString","coordinates":[[3159.8,575.8],[3160.3,647.8]]}},{"type":"Feature","properties":{"id":"p:muros:1619","n":1,"sc":"#808080"},"geometry":{"type":"LineString","coordinates":[[3160.3,647.8],[3160.3,593.6]]}},{"type":"Feature","properties":{"id":"p:muros:1620","n":1,"sc":"#808080"},"geometry":{"type":"LineString","coordinates":[[3159.4,647.8],[3158.9,575.8]]}},{"type":"Feature","properties":{"id":"p:muros:1621","n":1,"sc":"#808080"},"geometry":{"type":"LineString","coordinates":[[3175.2,575.8],[3175.2,647.8]]}},{"type":"Feature","properties":{"id":"p:muros:1622","n":1,"sc":"#808080"},"geometry":{"type":"LineString","coordinates":[[3175.2,647.8],[3175.2,593.6]]}},{"type":"Feature","properties":{"id":"p:muros:1623","n":1,"sc":"#808080"},"geometry":{"type":"LineString","coordinates":[[3174.2,647.8],[3173.8,575.8]]}},{"type":"Feature","properties":{"id":"p:muros:1624","n":1,"sc":"#808080"},"geometry":{"type":"LineString","coordinates":[[3178.1,573.0],[2891.5,573.9]]}},{"type":"Feature","properties":{"id":"p:muros:1625","n":1,"sc":"#808080"},"geometry":{"type":"LineString","coordinates":[[3178.1,650.7],[2891.5,652.2]]}},{"type":"Feature","properties":{"id":"p:muros:1626","n":1,"sc":"#808080"},"geometry":{"type":"LineString","coordinates":[[3006.7,576.3],[3006.7,648.8]]}},{"type":"Feature","properties":{"id":"p:muros:1627","n":1,"sc":"#808080"},"geometry":{"type":"LineString","coordinates":[[3038.9,648.8],[3038.9,576.3]]}},{"type":"Feature","properties":{"id":"p:muros:1628","n":1,"sc":"#808080"},"geometry":{"type":"LineString","coordinates":[[3037.9,648.8],[3037.4,576.3]]}},{"type":"Feature","properties":{"id":"p:muros:1629","n":1,"sc":"#808080"},"geometry":{"type":"LineString","coordinates":[[3024,648.8],[3023.5,576.3]]}},{"type":"Feature","properties":{"id":"p:muros:1630","n":1,"sc":"#808080"},"geometry":{"type":"LineString","coordinates":[[3023.0,648.8],[3022.6,576.3]]}},{"type":"Feature","properties":{"id":"p:muros:1631","n":1,"sc":"#808080"},"geometry":{"type":"LineString","coordinates":[[3008.2,648.8],[3007.7,576.3]]}},{"type":"Feature","properties":{"id":"p:muros:1632","n":1,"sc":"#808080"},"geometry":{"type":"LineString","coordinates":[[3006.7,648.8],[3006.7,594.1]]}},{"type":"Feature","properties":{"id":"p:muros:1633","n":1,"sc":"#808080"},"geometry":{"type":"LineString","coordinates":[[2960.2,576.8],[2960.6,648.8]]}},{"type":"Feature","properties":{"id":"p:muros:1634","n":1,"sc":"#808080"},"geometry":{"type":"LineString","coordinates":[[2992.8,648.8],[2992.8,576.3]]}},{"type":"Feature","properties":{"id":"p:muros:1635","n":1,"sc":"#808080"},"geometry":{"type":"LineString","coordinates":[[2991.8,648.8],[2991.4,576.3]]}},{"type":"Feature","properties":{"id":"p:muros:1636","n":1,"sc":"#808080"},"geometry":{"type":"LineString","coordinates":[[2977.9,648.8],[2977.4,576.3]]}},{"type":"Feature","properties":{"id":"p:muros:1637","n":1,"sc":"#808080"},"geometry":{"type":"LineString","coordinates":[[2977.0,648.8],[2976.5,576.3]]}},{"type":"Feature","properties":{"id":"p:muros:1638","n":1,"sc":"#808080"},"geometry":{"type":"LineString","coordinates":[[2961.6,648.8],[2961.6,576.8]]}},{"type":"Feature","properties":{"id":"p:muros:1639","n":1,"sc":"#808080"},"geometry":{"type":"LineString","coordinates":[[2960.6,648.8],[2960.2,594.6]]}},{"type":"Feature","properties":{"id":"p:muros:1640","n":1,"sc":"#808080"},"geometry":{"type":"LineString","coordinates":[[2914.1,576.8],[2914.6,649.3]]}},{"type":"Feature","properties":{"id":"p:muros:1641","n":1,"sc":"#808080"},"geometry":{"type":"LineString","coordinates":[[2946.7,648.8],[2946.2,576.8]]}},{"type":"Feature","properties":{"id":"p:muros:1642","n":1,"sc":"#808080"},"geometry":{"type":"LineString","coordinates":[[2945.8,648.8],[2945.3,576.8]]}},{"type":"Feature","properties":{"id":"p:muros:1643","n":1,"sc":"#808080"},"geometry":{"type":"LineString","coordinates":[[2931.8,648.8],[2931.4,576.8]]}},{"type":"Feature","properties":{"id":"p:muros:1644","n":1,"sc":"#808080"},"geometry":{"type":"LineString","coordinates":[[2930.4,649.3],[2930.4,576.8]]}},{"type":"Feature","properties":{"id":"p:muros:1645","n":1,"sc":"#808080"},"geometry":{"type":"LineString","coordinates":[[2915.5,649.3],[2915.0,576.8]]}},{"type":"Feature","properties":{"id":"p:muros:1646","n":1,"sc":"#808080"},"geometry":{"type":"LineString","coordinates":[[2914.6,649.3],[2914.1,594.6]]}},{"type":"Feature","properties":{"id":"p:muros:1647","n":1,"sc":"#808080"},"geometry":{"type":"LineString","coordinates":[[3108,1074.1],[3166.6,1074.1]]}},{"type":"Feature","properties":{"id":"p:muros:1648","n":1,"sc":"#808080"},"geometry":{"type":"LineString","coordinates":[[3166.6,1074.1],[3108,1074.1]]}},{"type":"Feature","properties":{"id":"p:muros:1649","n":1,"sc":"#808080"},"geometry":{"type":"LineString","coordinates":[[3108.5,1119.7],[3166.6,1119.7]]}},{"type":"Feature","properties":{"id":"p:muros:1650","n":1,"sc":"#808080"},"geometry":{"type":"LineString","coordinates":[[3167.0,1150.9],[3108.5,1150.9]]}},{"type":"Feature","properties":{"id":"p:muros:1651","n":1,"sc":"#808080"},"geometry":{"type":"LineString","coordinates":[[3108.5,1196.5],[3167.0,1196.5]]}},{"type":"Feature","properties":{"id":"p:muros:1652","n":1,"sc":"#808080"},"geometry":{"type":"LineString","coordinates":[[3105.1,1067.4],[3105.6,1200.8]]}},{"type":"Feature","properties":{"id":"p:muros:1653","n":1,"sc":"#808080"},"geometry":{"type":"LineString","coordinates":[[3103.2,1069.3],[3104.2,1199.4]]}},{"type":"Feature","properties":{"id":"p:muros:1654","n":1,"sc":"#808080"},"geometry":{"type":"LineString","coordinates":[[3105.6,1200.8],[3041.8,1201.3]]}},{"type":"Feature","properties":{"id":"p:muros:1655","n":1,"sc":"#808080"},"geometry":{"type":"LineString","coordinates":[[3104.2,1199.4],[3043.2,1199.4]]}},{"type":"Feature","properties":{"id":"p:muros:1656","n":1,"sc":"#808080"},"geometry":{"type":"LineString","coordinates":[[3041.8,1201.3],[3041.3,1067.8]]}},{"type":"Feature","properties":{"id":"p:muros:1657","n":1,"sc":"#808080"},"geometry":{"type":"LineString","coordinates":[[3043.2,1199.4],[3042.7,1069.3]]}},{"type":"Feature","properties":{"id":"p:muros:1658","n":1,"sc":"#808080"},"geometry":{"type":"LineString","coordinates":[[3041.3,1067.8],[3105.1,1067.4]]}},{"type":"Feature","properties":{"id":"p:muros:1659","n":1,"sc":"#808080"},"geometry":{"type":"LineString","coordinates":[[3042.7,1069.3],[3103.2,1069.3]]}},{"type":"Feature","properties":{"id":"p:muros:1660","n":1,"sc":"#808080"},"geometry":{"type":"LineString","coordinates":[[3043.2,1135.5],[3103.7,1135.0]]}},{"type":"Feature","properties":{"id":"p:muros:1661","n":1,"sc":"#808080"},"geometry":{"type":"LineString","coordinates":[[3043.2,1133.6],[3103.7,1133.6]]}},{"type":"Feature","properties":{"id":"p:muros:1662","n":1,"sc":"#808080"},"geometry":{"type":"LineString","coordinates":[[3039.4,1201.3],[3039.4,1104.3]]}},{"type":"Feature","properties":{"id":"p:muros:1663","n":1,"sc":"#808080"},"geometry":{"type":"LineString","coordinates":[[3106.1,966.1],[3164.6,966.1]]}},{"type":"Feature","properties":{"id":"p:muros:1664","n":1,"sc":"#808080"},"geometry":{"type":"LineString","coordinates":[[3164.6,997.3],[3106.1,997.3]]}},{"type":"Feature","properties":{"id":"p:muros:1665","n":1,"sc":"#808080"},"geometry":{"type":"LineString","coordinates":[[3106.1,1042.9],[3164.6,1042.9]]}},{"type":"Feature","properties":{"id":"p:muros:1666","n":1,"sc":"#808080"},"geometry":{"type":"LineString","coordinates":[[3102.7,917.1],[3103.2,1050.6]]}},{"type":"Feature","properties":{"id":"p:muros:1667","n":1,"sc":"#808080"},"geometry":{"type":"LineString","coordinates":[[3101.3,918.6],[3101.8,1048.6]]}},{"type":"Feature","properties":{"id":"p:muros:1668","n":1,"sc":"#808080"},"geometry":{"type":"LineString","coordinates":[[3103.2,1050.6],[3039.4,1050.6]]}},{"type":"Feature","properties":{"id":"p:muros:1669","n":1,"sc":"#808080"},"geometry":{"type":"LineString","coordinates":[[3101.8,1048.6],[3040.8,1049.1]]}},{"type":"Feature","properties":{"id":"p:muros:1670","n":1,"sc":"#808080"},"geometry":{"type":"LineString","coordinates":[[3039.4,1050.6],[3038.9,917.1]]}},{"type":"Feature","properties":{"id":"p:muros:1671","n":1,"sc":"#808080"},"geometry":{"type":"LineString","coordinates":[[3040.8,1049.1],[3040.3,919.0]]}},{"type":"Feature","properties":{"id":"p:muros:1672","n":1,"sc":"#808080"},"geometry":{"type":"LineString","coordinates":[[3038.9,917.1],[3102.7,917.1]]}},{"type":"Feature","properties":{"id":"p:muros:1673","n":1,"sc":"#808080"},"geometry":{"type":"LineString","coordinates":[[3040.3,919.0],[3101.3,918.6]]}},{"type":"Feature","properties":{"id":"p:muros:1674","n":1,"sc":"#808080"},"geometry":{"type":"LineString","coordinates":[[3040.8,984.8],[3101.3,984.8]]}},{"type":"Feature","properties":{"id":"p:muros:1675","n":1,"sc":"#808080"},"geometry":{"type":"LineString","coordinates":[[3040.8,983.4],[3101.3,982.9]]}},{"type":"Feature","properties":{"id":"p:muros:1676","n":1,"sc":"#808080"},"geometry":{"type":"LineString","coordinates":[[3015.8,1225.8],[3016.3,1359.2]]}},{"type":"Feature","properties":{"id":"p:muros:1677","n":1,"sc":"#808080"},"geometry":{"type":"LineString","coordinates":[[3038.4,1359.2],[3037.9,1225.8]]}},{"type":"Feature","properties":{"id":"p:muros:1678","n":1,"sc":"#808080"},"geometry":{"type":"LineString","coordinates":[[2901.1,564.8],[3044.2,563.8]]}},{"type":"Feature","properties":{"id":"p:muros:1679","n":1,"sc":"#808080"},"geometry":{"type":"LineString","coordinates":[[3044.2,563.8],[3044.6,661.3]]}},{"type":"Feature","properties":{"id":"p:muros:1680","n":1,"sc":"#808080"},"geometry":{"type":"LineString","coordinates":[[2803.2,1157.6],[2295.4,1160.5]]}},{"type":"Feature","properties":{"id":"p:muros:1681","n":1,"sc":"#808080"},"geometry":{"type":"LineString","coordinates":[[2295.4,1161.4],[2365.0,1161.0]]}},{"type":"Feature","properties":{"id":"p:muros:1682","n":1,"sc":"#808080"},"geometry":{"type":"LineString","coordinates":[[2365.0,1161.0],[2365.4,1253.1]]}},{"type":"Feature","properties":{"id":"p:muros:1683","n":1,"sc":"#808080"},"geometry":{"type":"LineString","coordinates":[[2365.4,1253.1],[2295.8,1253.1]]}},{"type":"Feature","properties":{"id":"p:muros:1684","n":1,"sc":"#808080"},"geometry":{"type":"LineString","coordinates":[[2295.8,1253.1],[2295.4,1161.4]]}},{"type":"Feature","properties":{"id":"p:muros:1685","n":1,"sc":"#808080"},"geometry":{"type":"LineString","coordinates":[[2295.8,1253.1],[2324.6,1194.6]]}},{"type":"Feature","properties":{"id":"p:muros:1686","n":1,"sc":"#808080"},"geometry":{"type":"LineString","coordinates":[[2365.4,1253.1],[2335.7,1194.6]]}},{"type":"Feature","properties":{"id":"p:muros:1687","n":1,"sc":"#808080"},"geometry":{"type":"LineString","coordinates":[[2073.6,1162.4],[2143.2,1161.9]]}},{"type":"Feature","properties":{"id":"p:muros:1688","n":1,"sc":"#808080"},"geometry":{"type":"LineString","coordinates":[[2143.2,1161.9],[2143.7,1254.1]]}},{"type":"Feature","properties":{"id":"p:muros:1689","n":1,"sc":"#808080"},"geometry":{"type":"LineString","coordinates":[[2143.7,1254.1],[2074.1,1254.1]]}},{"type":"Feature","properties":{"id":"p:muros:1690","n":1,"sc":"#808080"},"geometry":{"type":"LineString","coordinates":[[2074.1,1254.1],[2073.6,1162.4]]}},{"type":"Feature","properties":{"id":"p:muros:1691","n":1,"sc":"#808080"},"geometry":{"type":"LineString","coordinates":[[2074.1,1254.1],[2102.9,1195.5]]}},{"type":"Feature","properties":{"id":"p:muros:1692","n":1,"sc":"#808080"},"geometry":{"type":"LineString","coordinates":[[2143.7,1254.1],[2114.4,1195.5]]}},{"type":"Feature","properties":{"id":"p:muros:1693","n":1,"sc":"#808080"},"geometry":{"type":"LineString","coordinates":[[1878.2,1475.8],[1876.8,1162.9]]}},{"type":"Feature","properties":{"id":"p:muros:1694","n":1,"sc":"#808080"},"geometry":{"type":"LineString","coordinates":[[1889.3,1162.9],[1891.2,1475.8]]}},{"type":"Feature","properties":{"id":"p:muros:1695","n":1,"sc":"#808080"},"geometry":{"type":"LineString","coordinates":[[2153.8,700.6],[2042.4,705.0]]}},{"type":"Feature","properties":{"id":"p:muros:1696","n":1,"sc":"#808080"},"geometry":{"type":"LineString","coordinates":[[2160.5,706.4],[2042.4,706.9]]}},{"type":"Feature","properties":{"id":"p:muros:1697","n":1,"sc":"#808080"},"geometry":{"type":"LineString","coordinates":[[2042.4,705.0],[1967.5,722.7]]}},{"type":"Feature","properties":{"id":"p:muros:1698","n":1,"sc":"#808080"},"geometry":{"type":"LineString","coordinates":[[2042.4,706.9],[1967.5,725.1]]}},{"type":"Feature","properties":{"id":"p:muros:1699","n":1,"sc":"#808080"},"geometry":{"type":"LineString","coordinates":[[2155.7,700.6],[2042.4,701.1]]}},{"type":"Feature","properties":{"id":"p:muros:1700","n":1,"sc":"#808080"},"geometry":{"type":"LineString","coordinates":[[2042.4,701.1],[1967.5,719.8]]}},{"type":"Feature","properties":{"id":"p:muros:1701","n":1,"sc":"#808080"},"geometry":{"type":"LineString","coordinates":[[2042.4,663.7],[2155.7,662.7]]}},{"type":"Feature","properties":{"id":"p:muros:1702","n":1,"sc":"#808080"},"geometry":{"type":"LineString","coordinates":[[2042.4,666.1],[2103.8,665.6]]}},{"type":"Feature","properties":{"id":"p:muros:1703","n":1,"sc":"#808080"},"geometry":{"type":"LineString","coordinates":[[2042.4,663.7],[1940.2,664.2]]}},{"type":"Feature","properties":{"id":"p:muros:1704","n":1,"sc":"#808080"},"geometry":{"type":"LineString","coordinates":[[2042.4,666.1],[1942.1,666.6]]}},{"type":"Feature","properties":{"id":"p:muros:1705","n":1,"sc":"#808080"},"geometry":{"type":"LineString","coordinates":[[1940.2,719.8],[1940.2,664.2]]}},{"type":"Feature","properties":{"id":"p:muros:1706","n":1,"sc":"#808080"},"geometry":{"type":"LineString","coordinates":[[1942.1,719.8],[1942.1,666.6]]}},{"type":"Feature","properties":{"id":"p:muros:1707","n":1,"sc":"#808080"},"geometry":{"type":"LineString","coordinates":[[1039.2,1685.1],[1091.0,1684.6]]}},{"type":"Feature","properties":{"id":"p:muros:1708","n":1,"sc":"#808080"},"geometry":{"type":"LineString","coordinates":[[1091.0,1700],[1032,1700]]}},{"type":"Feature","properties":{"id":"p:muros:1709","n":1,"sc":"#808080"},"geometry":{"type":"LineString","coordinates":[[1038.7,1700],[1091.0,1700]]}},{"type":"Feature","properties":{"id":"p:muros:1710","n":1,"sc":"#808080"},"geometry":{"type":"LineString","coordinates":[[1091.0,1684.6],[1038.7,1685.1]]}},{"type":"Feature","properties":{"id":"p:muros:1711","n":1,"sc":"#808080"},"geometry":{"type":"LineString","coordinates":[[1039.2,1684.6],[1091.0,1684.6]]}},{"type":"Feature","properties":{"id":"p:muros:1712","n":1,"sc":"#808080"},"geometry":{"type":"LineString","coordinates":[[1091.0,1700],[1031.5,1700]]}},{"type":"Feature","properties":{"id":"p:muros:1713","n":1,"sc":"#808080"},"geometry":{"type":"LineString","coordinates":[[1038.7,1700],[1090.6,1699.5]]}},{"type":"Feature","properties":{"id":"p:muros:1714","n":1,"sc":"#808080"},"geometry":{"type":"LineString","coordinates":[[1090.6,1684.6],[1038.2,1685.1]]}},{"type":"Feature","properties":{"id":"p:muros:1715","n":1,"sc":"#808080"},"geometry":{"type":"LineString","coordinates":[[1039.2,1684.6],[1091.0,1684.6]]}},{"type":"Feature","properties":{"id":"p:muros:1716","n":1,"sc":"#808080"},"geometry":{"type":"LineString","coordinates":[[1091.0,1700],[1031.5,1700]]}},{"type":"Feature","properties":{"id":"p:muros:1717","n":1,"sc":"#808080"},"geometry":{"type":"LineString","coordinates":[[1038.7,1700],[1090.6,1699.5]]}},{"type":"Feature","properties":{"id":"p:muros:1718","n":1,"sc":"#808080"},"geometry":{"type":"LineString","coordinates":[[1090.6,1684.6],[1038.2,1685.1]]}},{"type":"Feature","properties":{"id":"p:muros:1719","n":1,"sc":"#636466"},"geometry":{"type":"LineString","coordinates":[[1427.0,1609.3],[1345.4,1609.8]]}},{"type":"Feature","properties":{"id":"p:muros:1720","n":1,"sc":"#636466"},"geometry":{"type":"LineString","coordinates":[[1345.9,1627.0],[1427.0,1626.6]]}},{"type":"Feature","properties":{"id":"p:muros:1721","n":1,"sc":"#636466"},"geometry":{"type":"LineString","coordinates":[[1512.5,1608.8],[1431.4,1609.3]]}},{"type":"Feature","properties":{"id":"p:muros:1722","n":1,"sc":"#636466"},"geometry":{"type":"LineString","coordinates":[[1431.4,1626.6],[1512.5,1626.1]]}},{"type":"Feature","properties":{"id":"p:muros:1723","n":1,"sc":"#636466"},"geometry":{"type":"LineString","coordinates":[[1597.9,1608.3],[1516.8,1608.8]]}},{"type":"Feature","properties":{"id":"p:muros:1724","n":1,"sc":"#636466"},"geometry":{"type":"LineString","coordinates":[[1516.8,1626.1],[1598.4,1625.6]]}},{"type":"Feature","properties":{"id":"p:muros:1725","n":1,"sc":"#636466"},"geometry":{"type":"LineString","coordinates":[[1683.8,1607.8],[1602.2,1608.3]]}},{"type":"Feature","properties":{"id":"p:muros:1726","n":1,"sc":"#636466"},"geometry":{"type":"LineString","coordinates":[[1602.7,1625.6],[1683.8,1625.6]]}},{"type":"Feature","properties":{"id":"p:muros:1727","n":1,"sc":"#636466"},"geometry":{"type":"LineString","coordinates":[[1769.3,1607.8],[1688.2,1607.8]]}},{"type":"Feature","properties":{"id":"p:muros:1728","n":1,"sc":"#636466"},"geometry":{"type":"LineString","coordinates":[[1688.2,1625.6],[1769.3,1625.1]]}},{"type":"Feature","properties":{"id":"p:muros:1729","n":1,"sc":"#636466"},"geometry":{"type":"LineString","coordinates":[[1855.2,1607.4],[1773.6,1607.8]]}},{"type":"Feature","properties":{"id":"p:muros:1730","n":1,"sc":"#636466"},"geometry":{"type":"LineString","coordinates":[[1773.6,1625.1],[1855.2,1624.6]]}},{"type":"Feature","properties":{"id":"p:muros:1731","n":1,"sc":"#636466"},"geometry":{"type":"LineString","coordinates":[[1940.6,1606.9],[1859.5,1607.4]]}},{"type":"Feature","properties":{"id":"p:muros:1732","n":1,"sc":"#636466"},"geometry":{"type":"LineString","coordinates":[[1859.5,1624.6],[1940.6,1624.2]]}},{"type":"Feature","properties":{"id":"p:muros:1733","n":1,"sc":"#636466"},"geometry":{"type":"LineString","coordinates":[[1426.6,1576.6],[1345.4,1577.1]]}},{"type":"Feature","properties":{"id":"p:muros:1734","n":1,"sc":"#636466"},"geometry":{"type":"LineString","coordinates":[[1345.4,1559.8],[1426.6,1559.4]]}},{"type":"Feature","properties":{"id":"p:muros:1735","n":1,"sc":"#636466"},"geometry":{"type":"LineString","coordinates":[[1512.5,1576.6],[1430.9,1576.6]]}},{"type":"Feature","properties":{"id":"p:muros:1736","n":1,"sc":"#636466"},"geometry":{"type":"LineString","coordinates":[[1430.9,1559.4],[1512.5,1558.9]]}},{"type":"Feature","properties":{"id":"p:muros:1737","n":1,"sc":"#636466"},"geometry":{"type":"LineString","coordinates":[[1597.9,1576.2],[1516.8,1576.2]]}},{"type":"Feature","properties":{"id":"p:muros:1738","n":1,"sc":"#636466"},"geometry":{"type":"LineString","coordinates":[[1516.8,1558.9],[1597.9,1558.9]]}},{"type":"Feature","properties":{"id":"p:muros:1739","n":1,"sc":"#636466"},"geometry":{"type":"LineString","coordinates":[[1683.4,1575.7],[1602.2,1576.2]]}},{"type":"Feature","properties":{"id":"p:muros:1740","n":1,"sc":"#636466"},"geometry":{"type":"LineString","coordinates":[[1602.2,1558.9],[1683.4,1558.4]]}},{"type":"Feature","properties":{"id":"p:muros:1741","n":1,"sc":"#636466"},"geometry":{"type":"LineString","coordinates":[[1769.3,1575.2],[1688.2,1575.7]]}},{"type":"Feature","properties":{"id":"p:muros:1742","n":1,"sc":"#636466"},"geometry":{"type":"LineString","coordinates":[[1687.7,1558.4],[1769.3,1557.9]]}},{"type":"Feature","properties":{"id":"p:muros:1743","n":1,"sc":"#636466"},"geometry":{"type":"LineString","coordinates":[[1854.7,1574.7],[1773.6,1575.2]]}},{"type":"Feature","properties":{"id":"p:muros:1744","n":1,"sc":"#636466"},"geometry":{"type":"LineString","coordinates":[[1773.6,1557.9],[1854.7,1557.4]]}},{"type":"Feature","properties":{"id":"p:muros:1745","n":1,"sc":"#636466"},"geometry":{"type":"LineString","coordinates":[[1940.6,1574.2],[1859.0,1574.7]]}},{"type":"Feature","properties":{"id":"p:muros:1746","n":1,"sc":"#636466"},"geometry":{"type":"LineString","coordinates":[[1859.0,1557.4],[1940.2,1557.0]]}},{"type":"Feature","properties":{"id":"p:muros:1747","n":1,"sc":"#636466"},"geometry":{"type":"LineString","coordinates":[[1345.9,1627.0],[1427.0,1626.6]]}},{"type":"Feature","properties":{"id":"p:muros:1748","n":1,"sc":"#636466"},"geometry":{"type":"LineString","coordinates":[[1427.0,1653.9],[1345.9,1653.9]]}},{"type":"Feature","properties":{"id":"p:muros:1749","n":1,"sc":"#636466"},"geometry":{"type":"LineString","coordinates":[[1431.4,1626.6],[1512.5,1626.1]]}},{"type":"Feature","properties":{"id":"p:muros:1750","n":1,"sc":"#636466"},"geometry":{"type":"LineString","coordinates":[[1512.5,1653.4],[1431.4,1653.4]]}},{"type":"Feature","properties":{"id":"p:muros:1751","n":1,"sc":"#636466"},"geometry":{"type":"LineString","coordinates":[[1516.8,1626.1],[1598.4,1625.6]]}},{"type":"Feature","properties":{"id":"p:muros:1752","n":1,"sc":"#636466"},"geometry":{"type":"LineString","coordinates":[[1598.4,1653.0],[1517.3,1653.4]]}},{"type":"Feature","properties":{"id":"p:muros:1753","n":1,"sc":"#636466"},"geometry":{"type":"LineString","coordinates":[[1602.7,1625.6],[1683.8,1625.6]]}},{"type":"Feature","properties":{"id":"p:muros:1754","n":1,"sc":"#636466"},"geometry":{"type":"LineString","coordinates":[[1683.8,1652.5],[1602.7,1653.0]]}},{"type":"Feature","properties":{"id":"p:muros:1755","n":1,"sc":"#636466"},"geometry":{"type":"LineString","coordinates":[[1688.2,1625.6],[1769.3,1625.1]]}},{"type":"Feature","properties":{"id":"p:muros:1756","n":1,"sc":"#636466"},"geometry":{"type":"LineString","coordinates":[[1769.8,1652],[1688.2,1652.5]]}},{"type":"Feature","properties":{"id":"p:muros:1757","n":1,"sc":"#636466"},"geometry":{"type":"LineString","coordinates":[[1773.6,1625.1],[1855.2,1624.6]]}},{"type":"Feature","properties":{"id":"p:muros:1758","n":1,"sc":"#636466"},"geometry":{"type":"LineString","coordinates":[[1855.2,1651.5],[1774.1,1652]]}},{"type":"Feature","properties":{"id":"p:muros:1759","n":1,"sc":"#636466"},"geometry":{"type":"LineString","coordinates":[[1859.5,1624.6],[1940.6,1624.2]]}},{"type":"Feature","properties":{"id":"p:muros:1760","n":1,"sc":"#636466"},"geometry":{"type":"LineString","coordinates":[[1940.6,1651.5],[1859.5,1651.5]]}},{"type":"Feature","properties":{"id":"p:muros:1761","n":1,"sc":"#636466"},"geometry":{"type":"LineString","coordinates":[[1345.4,1559.8],[1426.6,1559.4]]}},{"type":"Feature","properties":{"id":"p:muros:1762","n":1,"sc":"#636466"},"geometry":{"type":"LineString","coordinates":[[1426.6,1532.5],[1345.4,1532.5]]}},{"type":"Feature","properties":{"id":"p:muros:1763","n":1,"sc":"#636466"},"geometry":{"type":"LineString","coordinates":[[1430.9,1559.4],[1512.5,1558.9]]}},{"type":"Feature","properties":{"id":"p:muros:1764","n":1,"sc":"#636466"},"geometry":{"type":"LineString","coordinates":[[1512,1532],[1430.9,1532.5]]}},{"type":"Feature","properties":{"id":"p:muros:1765","n":1,"sc":"#636466"},"geometry":{"type":"LineString","coordinates":[[1516.8,1558.9],[1597.9,1558.9]]}},{"type":"Feature","properties":{"id":"p:muros:1766","n":1,"sc":"#636466"},"geometry":{"type":"LineString","coordinates":[[1597.9,1531.5],[1516.3,1532]]}},{"type":"Feature","properties":{"id":"p:muros:1767","n":1,"sc":"#636466"},"geometry":{"type":"LineString","coordinates":[[1602.2,1558.9],[1683.4,1558.4]]}},{"type":"Feature","properties":{"id":"p:muros:1768","n":1,"sc":"#636466"},"geometry":{"type":"LineString","coordinates":[[1683.4,1531.0],[1602.2,1531.5]]}},{"type":"Feature","properties":{"id":"p:muros:1769","n":1,"sc":"#636466"},"geometry":{"type":"LineString","coordinates":[[1687.7,1558.4],[1769.3,1557.9]]}},{"type":"Feature","properties":{"id":"p:muros:1770","n":1,"sc":"#636466"},"geometry":{"type":"LineString","coordinates":[[1768.8,1530.6],[1687.7,1531.0]]}},{"type":"Feature","properties":{"id":"p:muros:1771","n":1,"sc":"#636466"},"geometry":{"type":"LineString","coordinates":[[1773.6,1557.9],[1854.7,1557.4]]}},{"type":"Feature","properties":{"id":"p:muros:1772","n":1,"sc":"#636466"},"geometry":{"type":"LineString","coordinates":[[1854.7,1530.6],[1773.1,1530.6]]}},{"type":"Feature","properties":{"id":"p:muros:1773","n":1,"sc":"#636466"},"geometry":{"type":"LineString","coordinates":[[1859.0,1557.4],[1940.2,1557.0]]}},{"type":"Feature","properties":{"id":"p:muros:1774","n":1,"sc":"#636466"},"geometry":{"type":"LineString","coordinates":[[1940.2,1530.1],[1859.0,1530.6]]}},{"type":"Feature","properties":{"id":"p:muros:1775","n":1,"sc":"#808080"},"geometry":{"type":"LineString","coordinates":[[1959.8,1580],[1324.3,1582.9]]}},{"type":"Feature","properties":{"id":"p:muros:1776","n":1,"sc":"#808080"},"geometry":{"type":"LineString","coordinates":[[1959.8,1581.4],[1324.3,1584.3]]}},{"type":"Feature","properties":{"id":"p:muros:1777","n":1,"sc":"#808080"},"geometry":{"type":"LineString","coordinates":[[1959.8,1579.5],[1324.3,1582.4]]}},{"type":"Feature","properties":{"id":"p:muros:1778","n":1,"sc":"#808080"},"geometry":{"type":"LineString","coordinates":[[1959.8,1600.6],[1324.3,1603.5]]}},{"type":"Feature","properties":{"id":"p:muros:1779","n":1,"sc":"#808080"},"geometry":{"type":"LineString","coordinates":[[1959.8,1599.2],[1324.3,1602.1]]}},{"type":"Feature","properties":{"id":"p:muros:1780","n":1,"sc":"#808080"},"geometry":{"type":"LineString","coordinates":[[1959.8,1601.1],[1324.3,1604]]}},{"type":"Feature","properties":{"id":"p:muros:1781","n":1,"sc":"#808080"},"geometry":{"type":"LineString","coordinates":[[1329.1,1584.8],[1955.0,1582.4]]}},{"type":"Feature","properties":{"id":"p:muros:1782","n":1,"sc":"#808080"},"geometry":{"type":"LineString","coordinates":[[1955.0,1598.2],[1329.1,1601.1]]}},{"type":"Feature","properties":{"id":"p:muros:1783","n":1,"sc":"#808080"},"geometry":{"type":"LineString","coordinates":[[1983.4,1574.2],[1329.6,1577.1]]}},{"type":"Feature","properties":{"id":"p:muros:1784","n":1,"sc":"#808080"},"geometry":{"type":"LineString","coordinates":[[1983.4,1575.7],[1329.6,1579.0]]}},{"type":"Feature","properties":{"id":"p:muros:1785","n":1,"sc":"#808080"},"geometry":{"type":"LineString","coordinates":[[1983.4,1573.8],[1329.6,1576.6]]}},{"type":"Feature","properties":{"id":"p:muros:1786","n":1,"sc":"#808080"},"geometry":{"type":"LineString","coordinates":[[1983.4,1605.9],[1330.1,1609.3]]}},{"type":"Feature","properties":{"id":"p:muros:1787","n":1,"sc":"#808080"},"geometry":{"type":"LineString","coordinates":[[1983.4,1604.5],[1330.1,1607.4]]}},{"type":"Feature","properties":{"id":"p:muros:1788","n":1,"sc":"#808080"},"geometry":{"type":"LineString","coordinates":[[1983.4,1606.9],[1330.1,1609.8]]}},{"type":"Feature","properties":{"id":"p:muros:1789","n":1,"sc":"#808080"},"geometry":{"type":"LineString","coordinates":[[1334.9,1579.5],[1978.6,1576.6]]}},{"type":"Feature","properties":{"id":"p:muros:1790","n":1,"sc":"#808080"},"geometry":{"type":"LineString","coordinates":[[1978.6,1604],[1334.9,1606.9]]}},{"type":"Feature","properties":{"id":"p:muros:1791","n":4,"sc":"#808080"},"geometry":{"type":"LineString","coordinates":[[1983.4,1604],[1983.4,1576.6],[2037.6,1576.2],[2037.6,1603.5],[1983.4,1604]]}},{"type":"Feature","properties":{"id":"p:muros:1792","n":4,"sc":"#808080"},"geometry":{"type":"LineString","coordinates":[[1983.4,1575.7],[1983.4,1574.2],[2037.6,1574.2],[2037.6,1575.7],[1983.4,1575.7]]}},{"type":"Feature","properties":{"id":"p:muros:1793","n":2,"sc":"#808080"},"geometry":{"type":"LineString","coordinates":[[1983.4,1573.8],[2037.6,1573.3],[2037.6,1574.2]]}},{"type":"Feature","properties":{"id":"p:muros:1794","n":4,"sc":"#808080"},"geometry":{"type":"LineString","coordinates":[[1983.4,1604.5],[1983.4,1605.9],[2037.6,1605.9],[2037.6,1604.5],[1983.4,1604.5]]}},{"type":"Feature","properties":{"id":"p:muros:1795","n":2,"sc":"#808080"},"geometry":{"type":"LineString","coordinates":[[1983.4,1606.9],[2037.6,1606.4],[2037.6,1605.9]]}},{"type":"Feature","properties":{"id":"p:muros:1796","n":1,"sc":"#808080"},"geometry":{"type":"LineString","coordinates":[[1039.2,1684.6],[1091.0,1684.6]]}},{"type":"Feature","properties":{"id":"p:muros:1797","n":1,"sc":"#808080"},"geometry":{"type":"LineString","coordinates":[[2063.5,1566.1],[2063.0,1415.8]]}},{"type":"Feature","properties":{"id":"p:muros:1798","n":1,"sc":"#808080"},"geometry":{"type":"LineString","coordinates":[[2060.6,1415.8],[2061.6,1566.1]]}},{"type":"Feature","properties":{"id":"p:muros:1799","n":1,"sc":"#808080"},"geometry":{"type":"LineString","coordinates":[[2032.3,1547.4],[2032.3,1497.9]]}},{"type":"Feature","properties":{"id":"p:muros:1800","n":1,"sc":"#808080"},"geometry":{"type":"LineString","coordinates":[[1991.5,1529.1],[1991.5,1469.1]]}},{"type":"Feature","properties":{"id":"p:muros:1801","n":1,"sc":"#808080"},"geometry":{"type":"LineString","coordinates":[[1979.0,1547.4],[1978.6,1498.4]]}},{"type":"Feature","properties":{"id":"p:muros:1802","n":1,"sc":"#808080"},"geometry":{"type":"LineString","coordinates":[[2031.4,1468.6],[2031.4,1548.3]]}},{"type":"Feature","properties":{"id":"p:muros:1803","n":1,"sc":"#808080"},"geometry":{"type":"LineString","coordinates":[[1979.5,1548.3],[1979.5,1469.1]]}},{"type":"Feature","properties":{"id":"p:muros:1804","n":1,"sc":"#808080"},"geometry":{"type":"LineString","coordinates":[[2004.5,1437.9],[2004,1367.8]]}},{"type":"Feature","properties":{"id":"p:muros:1805","n":1,"sc":"#808080"},"geometry":{"type":"LineString","coordinates":[[1987.2,1437.9],[1986.7,1367.8]]}},{"type":"Feature","properties":{"id":"p:muros:1806","n":1,"sc":"#808080"},"geometry":{"type":"LineString","coordinates":[[2012.6,1437.9],[2012.2,1368.3]]}},{"type":"Feature","properties":{"id":"p:muros:1807","n":1,"sc":"#808080"},"geometry":{"type":"LineString","coordinates":[[2024.2,1437.9],[2023.7,1367.8]]}},{"type":"Feature","properties":{"id":"p:muros:1808","n":1,"sc":"#808080"},"geometry":{"type":"LineString","coordinates":[[2035.2,1468.6],[1975.2,1469.1]]}},{"type":"Feature","properties":{"id":"p:muros:1809","n":1,"sc":"#808080"},"geometry":{"type":"LineString","coordinates":[[1975.2,1438.4],[2035.2,1437.9]]}},{"type":"Feature","properties":{"id":"p:muros:1810","n":1,"sc":"#808080"},"geometry":{"type":"LineString","coordinates":[[1945.9,1566.6],[1945.4,1416.3]]}},{"type":"Feature","properties":{"id":"p:muros:1811","n":1,"sc":"#808080"},"geometry":{"type":"LineString","coordinates":[[1947.4,1416.3],[1948.3,1566.6]]}},{"type":"Feature","properties":{"id":"p:muros:1812","n":1,"sc":"#808080"},"geometry":{"type":"LineString","coordinates":[[1945.9,1155.7],[1945.9,1106.2]]}},{"type":"Feature","properties":{"id":"p:muros:1813","n":1,"sc":"#808080"},"geometry":{"type":"LineString","coordinates":[[1979.5,1106.7],[1979.5,1155.7]]}},{"type":"Feature","properties":{"id":"p:muros:1814","n":1,"sc":"#808080"},"geometry":{"type":"LineString","coordinates":[[1948.3,1106.2],[1948.8,1155.7]]}},{"type":"Feature","properties":{"id":"p:muros:1815","n":1,"sc":"#808080"},"geometry":{"type":"LineString","coordinates":[[1976.6,1155.7],[1976.6,1106.2]]}},{"type":"Feature","properties":{"id":"p:muros:1816","n":1,"sc":"#808080"},"geometry":{"type":"LineString","coordinates":[[1979.5,1154.7],[2031.8,1154.2]]}},{"type":"Feature","properties":{"id":"p:muros:1817","n":1,"sc":"#808080"},"geometry":{"type":"LineString","coordinates":[[2003.5,1253.1],[2003.5,1156.6]]}},{"type":"Feature","properties":{"id":"p:muros:1818","n":1,"sc":"#808080"},"geometry":{"type":"LineString","coordinates":[[1946.4,1254.6],[1945.9,1155.7]]}},{"type":"Feature","properties":{"id":"p:muros:1819","n":1,"sc":"#808080"},"geometry":{"type":"LineString","coordinates":[[1948.8,1254.1],[1948.3,1155.7]]}},{"type":"Feature","properties":{"id":"p:muros:1820","n":1,"sc":"#808080"},"geometry":{"type":"LineString","coordinates":[[1977.1,1254.1],[1976.6,1155.7]]}},{"type":"Feature","properties":{"id":"p:muros:1821","n":1,"sc":"#808080"},"geometry":{"type":"LineString","coordinates":[[1980,1254.6],[1979.5,1155.7]]}},{"type":"Feature","properties":{"id":"p:muros:1822","n":1,"sc":"#808080"},"geometry":{"type":"LineString","coordinates":[[1987.2,1254.6],[1986.7,1155.2]]}},{"type":"Feature","properties":{"id":"p:muros:1823","n":1,"sc":"#808080"},"geometry":{"type":"LineString","coordinates":[[2031.8,1154.2],[2032.3,1255.0]]}},{"type":"Feature","properties":{"id":"p:muros:1824","n":1,"sc":"#808080"},"geometry":{"type":"LineString","coordinates":[[2004.5,1253.1],[2004,1156.6]]}},{"type":"Feature","properties":{"id":"p:muros:1825","n":1,"sc":"#808080"},"geometry":{"type":"LineString","coordinates":[[1939.2,1254.6],[1938.7,1155.7]]}},{"type":"Feature","properties":{"id":"p:muros:1826","n":1,"sc":"#808080"},"geometry":{"type":"LineString","coordinates":[[1942.1,1287.2],[1998.2,1286.7]]}},{"type":"Feature","properties":{"id":"p:muros:1827","n":1,"sc":"#808080"},"geometry":{"type":"LineString","coordinates":[[1998.2,1286.7],[1998.7,1358.2]]}},{"type":"Feature","properties":{"id":"p:muros:1828","n":1,"sc":"#808080"},"geometry":{"type":"LineString","coordinates":[[1942.1,1287.2],[1998.2,1287.2]]}},{"type":"Feature","properties":{"id":"p:muros:1829","n":1,"sc":"#808080"},"geometry":{"type":"LineString","coordinates":[[1998.2,1287.2],[1998.2,1358.2]]}},{"type":"Feature","properties":{"id":"p:muros:1830","n":1,"sc":"#808080"},"geometry":{"type":"LineString","coordinates":[[1992.5,1292.5],[1993.0,1353.0]]}},{"type":"Feature","properties":{"id":"p:muros:1831","n":1,"sc":"#808080"},"geometry":{"type":"LineString","coordinates":[[1737.6,2088.8],[1786.1,2088.3]]}},{"type":"Feature","properties":{"id":"p:muros:1832","n":1,"sc":"#808080"},"geometry":{"type":"LineString","coordinates":[[1737.6,2085.9],[1786.1,2085.9]]}},{"type":"Feature","properties":{"id":"p:muros:1833","n":1,"sc":"#808080"},"geometry":{"type":"LineString","coordinates":[[2703.4,614.7],[2703.8,690.1]]}},{"type":"Feature","properties":{"id":"p:muros:1834","n":1,"sc":"#808080"},"geometry":{"type":"LineString","coordinates":[[2706.7,693.0],[2755.7,692.5]]}},{"type":"Feature","properties":{"id":"p:muros:1835","n":1,"sc":"#808080"},"geometry":{"type":"LineString","coordinates":[[2758.6,689.6],[2758.1,614.2]]}},{"type":"Feature","properties":{"id":"p:muros:1836","n":1,"sc":"#808080"},"geometry":{"type":"LineString","coordinates":[[2755.2,611.4],[2706.2,611.8]]}},{"type":"Feature","properties":{"id":"p:muros:1837","n":1,"sc":"#808080"},"geometry":{"type":"LineString","coordinates":[[2701.0,614.7],[2701.4,690.1]]}},{"type":"Feature","properties":{"id":"p:muros:1838","n":1,"sc":"#808080"},"geometry":{"type":"LineString","coordinates":[[2706.7,695.8],[2755.7,695.4]]}},{"type":"Feature","properties":{"id":"p:muros:1839","n":1,"sc":"#808080"},"geometry":{"type":"LineString","coordinates":[[2761.4,689.6],[2761.0,614.2]]}},{"type":"Feature","properties":{"id":"p:muros:1840","n":1,"sc":"#808080"},"geometry":{"type":"LineString","coordinates":[[2755.2,608.5],[2706.2,609.0]]}},{"type":"Feature","properties":{"id":"p:muros:1841","n":1,"sc":"#808080"},"geometry":{"type":"LineString","coordinates":[[2295.8,554.7],[2792.2,552.8]]}},{"type":"Feature","properties":{"id":"p:muros:1842","n":1,"sc":"#808080"},"geometry":{"type":"LineString","coordinates":[[2825.8,1173.9],[3023.0,907.0]]}},{"type":"Feature","properties":{"id":"p:muros:1843","n":1,"sc":"#808080"},"geometry":{"type":"LineString","coordinates":[[3004.8,876.8],[3255.4,875.4]]}},{"type":"Feature","properties":{"id":"p:muros:1844","n":1,"sc":"#808080"},"geometry":{"type":"LineString","coordinates":[[1681.0,711.7],[1758.7,711.2]]}},{"type":"Feature","properties":{"id":"p:muros:1845","n":1,"sc":"#808080"},"geometry":{"type":"LineString","coordinates":[[1681.4,707.8],[1759.2,707.4]]}},{"type":"Feature","properties":{"id":"p:muros:1846","n":1,"sc":"#808080"},"geometry":{"type":"LineString","coordinates":[[1681.4,708.8],[1759.2,708.8]]}},{"type":"Feature","properties":{"id":"p:muros:1847","n":1,"sc":"#808080"},"geometry":{"type":"LineString","coordinates":[[1681.4,710.2],[1759.2,709.8]]}},{"type":"Feature","properties":{"id":"p:muros:1848","n":1,"sc":"#808080"},"geometry":{"type":"LineString","coordinates":[[1596.5,384.3],[1688.2,383.8]]}},{"type":"Feature","properties":{"id":"p:muros:1849","n":8,"sc":"#808080"},"geometry":{"type":"LineString","coordinates":[[1691.0,301.6],[1673.0,300.4],[1655.3,303.2],[1638.8,309.9],[1623.9,320.1],[1611.6,333.4],[1602.7,348.9],[1597.4,366.0],[1596.0,384.0]]}},{"type":"Feature","properties":{"id":"p:muros:1850","n":1,"sc":"#808080"},"geometry":{"type":"LineString","coordinates":[[1969.4,772.6],[2023.7,772.6]]}},{"type":"Feature","properties":{"id":"p:muros:1851","n":1,"sc":"#808080"},"geometry":{"type":"LineString","coordinates":[[2023.7,772.6],[2025.6,894.1]]}},{"type":"Feature","properties":{"id":"p:muros:1852","n":1,"sc":"#808080"},"geometry":{"type":"LineString","coordinates":[[2025.6,894.1],[1969.9,894.1]]}},{"type":"Feature","properties":{"id":"p:muros:1853","n":1,"sc":"#808080"},"geometry":{"type":"LineString","coordinates":[[1969.9,894.1],[1969.4,772.6]]}},{"type":"Feature","properties":{"id":"p:muros:1854","n":16,"sc":"#808080"},"geometry":{"type":"LineString","coordinates":[[2246.9,804.0],[2245.1,795.3],[2240.3,788.2],[2233.2,783.5],[2224.5,781.8],[2215.8,783.6],[2208.7,788.4],[2204.0,795.5],[2202.2,804.2],[2204.0,812.9],[2208.8,819.9],[2216.0,824.7],[2224.7,826.4],[2233.3,824.6],[2240.4,819.8],[2245.2,812.7],[2246.9,804.0]]}},{"type":"Feature","properties":{"id":"p:muros:1855","n":8,"sc":"#808080"},"geometry":{"type":"LineString","coordinates":[[2217.7,781.3],[2210.1,785.2],[2204.5,791.3],[2201.4,798.9],[2201.0,807.4],[2203.7,815.5],[2208.9,821.9],[2215.9,826.2],[2224.2,827.8]]}},{"type":"Feature","properties":{"id":"p:muros:1856","n":16,"sc":"#808080"},"geometry":{"type":"LineString","coordinates":[[2246.9,880.8],[2245.1,872.1],[2240.3,865.0],[2233.2,860.3],[2224.5,858.6],[2215.8,860.4],[2208.7,865.2],[2204.0,872.3],[2202.2,881.0],[2204.0,889.7],[2208.8,896.7],[2216.0,901.5],[2224.7,903.2],[2233.3,901.4],[2240.4,896.6],[2245.2,889.5],[2246.9,880.8]]}},{"type":"Feature","properties":{"id":"p:muros:1857","n":8,"sc":"#808080"},"geometry":{"type":"LineString","coordinates":[[2217.7,858.1],[2210.1,862.0],[2204.5,868.1],[2201.4,875.7],[2201.0,884.2],[2203.7,892.3],[2208.9,898.7],[2215.9,903.0],[2224.2,904.6]]}},{"type":"Feature","properties":{"id":"p:muros:1858","n":16,"sc":"#808080"},"geometry":{"type":"LineString","coordinates":[[2246.4,956.6],[2244.6,947.9],[2239.8,940.9],[2232.7,936.1],[2224.0,934.4],[2215.3,936.2],[2208.2,941.0],[2203.5,948.1],[2201.8,956.8],[2203.6,965.5],[2208.4,972.6],[2215.5,977.3],[2224.2,979.0],[2232.9,977.2],[2239.9,972.4],[2244.7,965.3],[2246.4,956.6]]}},{"type":"Feature","properties":{"id":"p:muros:1859","n":8,"sc":"#808080"},"geometry":{"type":"LineString","coordinates":[[2217.2,934.0],[2209.6,937.9],[2204.0,943.9],[2200.9,951.6],[2200.6,960.0],[2203.2,968.1],[2208.4,974.6],[2215.4,978.8],[2223.8,980.5]]}},{"type":"Feature","properties":{"id":"p:muros:1860","n":1,"sc":"#808080"},"geometry":{"type":"LineString","coordinates":[[2001.6,597.4],[1689.6,598.9]]}},{"type":"Feature","properties":{"id":"p:muros:1861","n":1,"sc":"#808080"},"geometry":{"type":"LineString","coordinates":[[2019.8,782.2],[2021.3,884.5]]}},{"type":"Feature","properties":{"id":"p:muros:1862","n":1,"sc":"#808080"},"geometry":{"type":"LineString","coordinates":[[1974.2,885.0],[1973.8,782.7]]}},{"type":"Feature","properties":{"id":"p:muros:1863","n":1,"sc":"#808080"},"geometry":{"type":"LineString","coordinates":[[2066.9,813.0],[2121.6,812.5]]}},{"type":"Feature","properties":{"id":"p:muros:1864","n":1,"sc":"#808080"},"geometry":{"type":"LineString","coordinates":[[2121.6,812.5],[2123.5,883.5]]}},{"type":"Feature","properties":{"id":"p:muros:1865","n":1,"sc":"#808080"},"geometry":{"type":"LineString","coordinates":[[2123.5,883.5],[2067.8,883.5]]}},{"type":"Feature","properties":{"id":"p:muros:1866","n":1,"sc":"#808080"},"geometry":{"type":"LineString","coordinates":[[2067.8,883.5],[2066.9,813.0]]}},{"type":"Feature","properties":{"id":"p:muros:1867","n":1,"sc":"#808080"},"geometry":{"type":"LineString","coordinates":[[2116.3,816.8],[2117.8,877.8]]}},{"type":"Feature","properties":{"id":"p:muros:1868","n":1,"sc":"#808080"},"geometry":{"type":"LineString","coordinates":[[2071.2,877.8],[2070.7,816.8]]}},{"type":"Feature","properties":{"id":"p:muros:1869","n":1,"sc":"#808080"},"geometry":{"type":"LineString","coordinates":[[4093.9,2076.3],[4232.2,2075.8]]}},{"type":"Feature","properties":{"id":"p:muros:1870","n":1,"sc":"#808080"},"geometry":{"type":"LineString","coordinates":[[4108.3,2080.6],[4159.7,2080.2]]}},{"type":"Feature","properties":{"id":"p:muros:1871","n":1,"sc":"#808080"},"geometry":{"type":"LineString","coordinates":[[4164,2080.2],[4232.2,2080.2]]}},{"type":"Feature","properties":{"id":"p:muros:1872","n":1,"sc":"#808080"},"geometry":{"type":"LineString","coordinates":[[4345.0,1541.1],[4345.4,1710.6]]}},{"type":"Feature","properties":{"id":"p:muros:1873","n":1,"sc":"#808080"},"geometry":{"type":"LineString","coordinates":[[3875.5,548],[3876,718.4]]}},{"type":"Feature","properties":{"id":"p:muros:1874","n":1,"sc":"#808080"},"geometry":{"type":"LineString","coordinates":[[3876.5,850.4],[3877.4,1019.8]]}},{"type":"Feature","properties":{"id":"p:muros:1875","n":1,"sc":"#808080"},"geometry":{"type":"LineString","coordinates":[[3877.4,1023.2],[3878.4,1256]]}},{"type":"Feature","properties":{"id":"p:muros:1876","n":1,"sc":"#808080"},"geometry":{"type":"LineString","coordinates":[[3878.4,1259.4],[3879.4,1491.2]]}},{"type":"Feature","properties":{"id":"p:muros:1877","n":1,"sc":"#808080"},"geometry":{"type":"LineString","coordinates":[[3879.4,1494.6],[3880.3,1725.0]]}},{"type":"Feature","properties":{"id":"p:muros:1878","n":1,"sc":"#808080"},"geometry":{"type":"LineString","coordinates":[[3880.3,1728.3],[3881.3,1960.2]]}},{"type":"Feature","properties":{"id":"p:muros:1879","n":1,"sc":"#808080"},"geometry":{"type":"LineString","coordinates":[[3889.9,1968.8],[3887.0,1264.2]]}},{"type":"Feature","properties":{"id":"p:muros:1880","n":1,"sc":"#808080"},"geometry":{"type":"LineString","coordinates":[[3920.2,1264.2],[3919.7,1194.6]]}},{"type":"Feature","properties":{"id":"p:muros:1881","n":1,"sc":"#808080"},"geometry":{"type":"LineString","coordinates":[[3886.6,1194.6],[3883.7,548]]}},{"type":"Feature","properties":{"id":"p:muros:1882","n":1,"sc":"#808080"},"geometry":{"type":"LineString","coordinates":[[3883.7,548],[4402.1,546.1]]}},{"type":"Feature","properties":{"id":"p:muros:1883","n":1,"sc":"#808080"},"geometry":{"type":"LineString","coordinates":[[3925.4,1188.8],[3925.9,1269.4]]}},{"type":"Feature","properties":{"id":"p:muros:1884","n":1,"sc":"#808080"},"geometry":{"type":"LineString","coordinates":[[4554.7,610.9],[4556.2,1025.6]]}},{"type":"Feature","properties":{"id":"p:muros:1885","n":1,"sc":"#808080"},"geometry":{"type":"LineString","coordinates":[[4550.9,1025.6],[4548.5,545.1]]}},{"type":"Feature","properties":{"id":"p:muros:1886","n":1,"sc":"#808080"},"geometry":{"type":"LineString","coordinates":[[4552.8,1533.4],[4439.5,1533.9]]}},{"type":"Feature","properties":{"id":"p:muros:1887","n":1,"sc":"#808080"},"geometry":{"type":"LineString","coordinates":[[4394.9,1534.4],[4338.2,1534.4]]}},{"type":"Feature","properties":{"id":"p:muros:1888","n":1,"sc":"#808080"},"geometry":{"type":"LineString","coordinates":[[4552.8,1540.2],[4439.5,1540.6]]}},{"type":"Feature","properties":{"id":"p:muros:1889","n":1,"sc":"#808080"},"geometry":{"type":"LineString","coordinates":[[4394.9,1540.6],[4345.0,1541.1]]}},{"type":"Feature","properties":{"id":"p:muros:1890","n":1,"sc":"#808080"},"geometry":{"type":"LineString","coordinates":[[4338.2,1534.4],[4338.7,1710.6]]}},{"type":"Feature","properties":{"id":"p:muros:1891","n":1,"sc":"#808080"},"geometry":{"type":"LineString","coordinates":[[4019.5,2076.3],[4093.9,2076.3]]}},{"type":"Feature","properties":{"id":"p:muros:1892","n":1,"sc":"#808080"},"geometry":{"type":"LineString","coordinates":[[4093.9,2080.6],[4019.5,2081.1]]}},{"type":"Feature","properties":{"id":"p:muros:1893","n":1,"sc":"#808080"},"geometry":{"type":"LineString","coordinates":[[4022.4,2078.7],[4093.9,2078.2]]}},{"type":"Feature","properties":{"id":"p:muros:1894","n":1,"sc":"#808080"},"geometry":{"type":"LineString","coordinates":[[4340.6,2075.4],[4338.7,1710.6]]}},{"type":"Feature","properties":{"id":"p:muros:1895","n":1,"sc":"#808080"},"geometry":{"type":"LineString","coordinates":[[4345.4,1710.6],[4347.4,2075.4]]}},{"type":"Feature","properties":{"id":"p:muros:1896","n":1,"sc":"#808080"},"geometry":{"type":"LineString","coordinates":[[4347.4,2075.4],[4555.2,2074.4]]}},{"type":"Feature","properties":{"id":"p:muros:1897","n":1,"sc":"#808080"},"geometry":{"type":"LineString","coordinates":[[4555.2,2074.4],[4553.8,1709.1]]}},{"type":"Feature","properties":{"id":"p:muros:1898","n":1,"sc":"#808080"},"geometry":{"type":"LineString","coordinates":[[4559.0,1709.1],[4561.0,2074.4]]}},{"type":"Feature","properties":{"id":"p:muros:1899","n":1,"sc":"#808080"},"geometry":{"type":"LineString","coordinates":[[4287.8,2075.4],[4340.6,2075.4]]}},{"type":"Feature","properties":{"id":"p:muros:1900","n":1,"sc":"#808080"},"geometry":{"type":"LineString","coordinates":[[4556.2,1025.6],[4557.1,1243.0]]}},{"type":"Feature","properties":{"id":"p:muros:1901","n":1,"sc":"#808080"},"geometry":{"type":"LineString","coordinates":[[4557.1,1248.3],[4558.6,1588.6]]}},{"type":"Feature","properties":{"id":"p:muros:1902","n":1,"sc":"#808080"},"geometry":{"type":"LineString","coordinates":[[4550.9,1025.6],[4552.8,1533.4]]}},{"type":"Feature","properties":{"id":"p:muros:1903","n":1,"sc":"#808080"},"geometry":{"type":"LineString","coordinates":[[4552.8,1540.2],[4553.3,1588.6]]}},{"type":"Feature","properties":{"id":"p:muros:1904","n":1,"sc":"#808080"},"geometry":{"type":"LineString","coordinates":[[4552.8,1540.2],[4553.3,1588.6]]}},{"type":"Feature","properties":{"id":"p:muros:1905","n":1,"sc":"#808080"},"geometry":{"type":"LineString","coordinates":[[4161.1,1050.6],[4160.2,897.4]]}},{"type":"Feature","properties":{"id":"p:muros:1906","n":1,"sc":"#808080"},"geometry":{"type":"LineString","coordinates":[[4201.4,897.4],[4202.4,1050.1]]}},{"type":"Feature","properties":{"id":"p:muros:1907","n":1,"sc":"#808080"},"geometry":{"type":"LineString","coordinates":[[4231.7,1050.1],[4231.2,897.0]]}},{"type":"Feature","properties":{"id":"p:muros:1908","n":1,"sc":"#808080"},"geometry":{"type":"LineString","coordinates":[[4272,897.0],[4273.0,1050.1]]}},{"type":"Feature","properties":{"id":"p:muros:1909","n":1,"sc":"#808080"},"geometry":{"type":"LineString","coordinates":[[4158.2,1049.1],[4157.8,889.3]]}},{"type":"Feature","properties":{"id":"p:muros:1910","n":1,"sc":"#808080"},"geometry":{"type":"LineString","coordinates":[[4160.6,1050.6],[4159.7,890.2]]}},{"type":"Feature","properties":{"id":"p:muros:1911","n":1,"sc":"#808080"},"geometry":{"type":"LineString","coordinates":[[4132.8,1050.6],[4131.8,883.5]]}},{"type":"Feature","properties":{"id":"p:muros:1912","n":1,"sc":"#808080"},"geometry":{"type":"LineString","coordinates":[[4134.7,1049.6],[4134.2,885.9]]}},{"type":"Feature","properties":{"id":"p:muros:1913","n":1,"sc":"#808080"},"geometry":{"type":"LineString","coordinates":[[4169.3,775.0],[4150.6,859.5]]}},{"type":"Feature","properties":{"id":"p:muros:1914","n":1,"sc":"#808080"},"geometry":{"type":"LineString","coordinates":[[4171.2,777.0],[4153.0,860]]}},{"type":"Feature","properties":{"id":"p:muros:1915","n":1,"sc":"#808080"},"geometry":{"type":"LineString","coordinates":[[4276.3,1048.6],[4275.8,888.8]]}},{"type":"Feature","properties":{"id":"p:muros:1916","n":1,"sc":"#808080"},"geometry":{"type":"LineString","coordinates":[[4274.4,1050.1],[4273.4,889.8]]}},{"type":"Feature","properties":{"id":"p:muros:1917","n":1,"sc":"#808080"},"geometry":{"type":"LineString","coordinates":[[4302.2,1049.6],[4301.3,883.0]]}},{"type":"Feature","properties":{"id":"p:muros:1918","n":1,"sc":"#808080"},"geometry":{"type":"LineString","coordinates":[[4299.8,1048.6],[4299.4,885.0]]}},{"type":"Feature","properties":{"id":"p:muros:1919","n":1,"sc":"#808080"},"geometry":{"type":"LineString","coordinates":[[4262.9,774.6],[4282.6,859.0]]}},{"type":"Feature","properties":{"id":"p:muros:1920","n":1,"sc":"#808080"},"geometry":{"type":"LineString","coordinates":[[4261.0,777.0],[4280.6,859.5]]}},{"type":"Feature","properties":{"id":"p:muros:1921","n":1,"sc":"#808080"},"geometry":{"type":"LineString","coordinates":[[4216.8,858.1],[4216.3,777.0]]}},{"type":"Feature","properties":{"id":"p:muros:1922","n":1,"sc":"#808080"},"geometry":{"type":"LineString","coordinates":[[4213.9,858.1],[4213.4,777.0]]}},{"type":"Feature","properties":{"id":"p:muros:1923","n":1,"sc":"#808080"},"geometry":{"type":"LineString","coordinates":[[4212.5,858.1],[4212.5,777.0]]}},{"type":"Feature","properties":{"id":"p:muros:1924","n":1,"sc":"#808080"},"geometry":{"type":"LineString","coordinates":[[4211.5,858.1],[4211.0,777.0]]}},{"type":"Feature","properties":{"id":"p:muros:1925","n":1,"sc":"#808080"},"geometry":{"type":"LineString","coordinates":[[4210.6,858.1],[4210.1,777.0]]}},{"type":"Feature","properties":{"id":"p:muros:1926","n":1,"sc":"#808080"},"geometry":{"type":"LineString","coordinates":[[4219.2,858.1],[4219.2,777.0]]}},{"type":"Feature","properties":{"id":"p:muros:1927","n":1,"sc":"#808080"},"geometry":{"type":"LineString","coordinates":[[4209.1,858.1],[4209.1,777.0]]}},{"type":"Feature","properties":{"id":"p:muros:1928","n":1,"sc":"#808080"},"geometry":{"type":"LineString","coordinates":[[4208.2,858.1],[4207.7,777.0]]}},{"type":"Feature","properties":{"id":"p:muros:1929","n":1,"sc":"#808080"},"geometry":{"type":"LineString","coordinates":[[4207.2,858.1],[4206.7,777.0]]}},{"type":"Feature","properties":{"id":"p:muros:1930","n":1,"sc":"#808080"},"geometry":{"type":"LineString","coordinates":[[4206.2,858.1],[4205.8,777.0]]}},{"type":"Feature","properties":{"id":"p:muros:1931","n":1,"sc":"#808080"},"geometry":{"type":"LineString","coordinates":[[4204.8,858.1],[4204.3,777.0]]}},{"type":"Feature","properties":{"id":"p:muros:1932","n":1,"sc":"#808080"},"geometry":{"type":"LineString","coordinates":[[4203.8,858.1],[4203.4,777.0]]}},{"type":"Feature","properties":{"id":"p:muros:1933","n":1,"sc":"#808080"},"geometry":{"type":"LineString","coordinates":[[4202.9,858.1],[4202.4,777.0]]}},{"type":"Feature","properties":{"id":"p:muros:1934","n":1,"sc":"#808080"},"geometry":{"type":"LineString","coordinates":[[4201.4,858.1],[4201.0,777.0]]}},{"type":"Feature","properties":{"id":"p:muros:1935","n":1,"sc":"#808080"},"geometry":{"type":"LineString","coordinates":[[4200.5,858.1],[4200,777.0]]}},{"type":"Feature","properties":{"id":"p:muros:1936","n":1,"sc":"#808080"},"geometry":{"type":"LineString","coordinates":[[4199.5,858.1],[4199.0,777.0]]}},{"type":"Feature","properties":{"id":"p:muros:1937","n":1,"sc":"#808080"},"geometry":{"type":"LineString","coordinates":[[4198.1,858.1],[4198.1,777.0]]}},{"type":"Feature","properties":{"id":"p:muros:1938","n":1,"sc":"#808080"},"geometry":{"type":"LineString","coordinates":[[4197.1,858.1],[4196.6,777.0]]}},{"type":"Feature","properties":{"id":"p:muros:1939","n":1,"sc":"#808080"},"geometry":{"type":"LineString","coordinates":[[4196.2,858.1],[4195.7,777.0]]}},{"type":"Feature","properties":{"id":"p:muros:1940","n":1,"sc":"#808080"},"geometry":{"type":"LineString","coordinates":[[4194.7,858.1],[4194.7,777.0]]}},{"type":"Feature","properties":{"id":"p:muros:1941","n":1,"sc":"#808080"},"geometry":{"type":"LineString","coordinates":[[4193.8,858.6],[4193.3,777.0]]}},{"type":"Feature","properties":{"id":"p:muros:1942","n":1,"sc":"#808080"},"geometry":{"type":"LineString","coordinates":[[4192.8,858.6],[4192.3,777.0]]}},{"type":"Feature","properties":{"id":"p:muros:1943","n":1,"sc":"#808080"},"geometry":{"type":"LineString","coordinates":[[4191.4,858.6],[4191.4,777.0]]}},{"type":"Feature","properties":{"id":"p:muros:1944","n":1,"sc":"#808080"},"geometry":{"type":"LineString","coordinates":[[4190.4,858.6],[4189.9,777.0]]}},{"type":"Feature","properties":{"id":"p:muros:1945","n":1,"sc":"#808080"},"geometry":{"type":"LineString","coordinates":[[4189.4,858.6],[4189.0,777.0]]}},{"type":"Feature","properties":{"id":"p:muros:1946","n":1,"sc":"#808080"},"geometry":{"type":"LineString","coordinates":[[4188,858.6],[4188,777.0]]}},{"type":"Feature","properties":{"id":"p:muros:1947","n":1,"sc":"#808080"},"geometry":{"type":"LineString","coordinates":[[4187.0,858.6],[4186.6,777.0]]}},{"type":"Feature","properties":{"id":"p:muros:1948","n":1,"sc":"#808080"},"geometry":{"type":"LineString","coordinates":[[4186.1,858.6],[4185.6,777.0]]}},{"type":"Feature","properties":{"id":"p:muros:1949","n":1,"sc":"#808080"},"geometry":{"type":"LineString","coordinates":[[4184.6,858.6],[4184.6,777.0]]}},{"type":"Feature","properties":{"id":"p:muros:1950","n":1,"sc":"#808080"},"geometry":{"type":"LineString","coordinates":[[4183.7,858.6],[4183.2,777.0]]}},{"type":"Feature","properties":{"id":"p:muros:1951","n":1,"sc":"#808080"},"geometry":{"type":"LineString","coordinates":[[4182.7,858.6],[4182.2,777.0]]}},{"type":"Feature","properties":{"id":"p:muros:1952","n":1,"sc":"#808080"},"geometry":{"type":"LineString","coordinates":[[4181.8,858.6],[4181.3,777.0]]}},{"type":"Feature","properties":{"id":"p:muros:1953","n":1,"sc":"#808080"},"geometry":{"type":"LineString","coordinates":[[4180.3,858.6],[4179.8,777.0]]}},{"type":"Feature","properties":{"id":"p:muros:1954","n":1,"sc":"#808080"},"geometry":{"type":"LineString","coordinates":[[4179.4,858.6],[4178.9,777.0]]}},{"type":"Feature","properties":{"id":"p:muros:1955","n":1,"sc":"#808080"},"geometry":{"type":"LineString","coordinates":[[4178.4,858.6],[4177.9,777.0]]}},{"type":"Feature","properties":{"id":"p:muros:1956","n":1,"sc":"#808080"},"geometry":{"type":"LineString","coordinates":[[4177.0,858.6],[4176.5,777.0]]}},{"type":"Feature","properties":{"id":"p:muros:1957","n":1,"sc":"#808080"},"geometry":{"type":"LineString","coordinates":[[4176,859.0],[4175.5,777.0]]}},{"type":"Feature","properties":{"id":"p:muros:1958","n":1,"sc":"#808080"},"geometry":{"type":"LineString","coordinates":[[4175.0,859.0],[4174.6,777.0]]}},{"type":"Feature","properties":{"id":"p:muros:1959","n":1,"sc":"#808080"},"geometry":{"type":"LineString","coordinates":[[4173.6,859.0],[4173.6,777.0]]}},{"type":"Feature","properties":{"id":"p:muros:1960","n":1,"sc":"#808080"},"geometry":{"type":"LineString","coordinates":[[4172.6,859.0],[4172.2,777.0]]}},{"type":"Feature","properties":{"id":"p:muros:1961","n":1,"sc":"#808080"},"geometry":{"type":"LineString","coordinates":[[4171.7,859.0],[4171.2,777.4]]}},{"type":"Feature","properties":{"id":"p:muros:1962","n":1,"sc":"#808080"},"geometry":{"type":"LineString","coordinates":[[4170.2,859.0],[4170.2,782.7]]}},{"type":"Feature","properties":{"id":"p:muros:1963","n":1,"sc":"#808080"},"geometry":{"type":"LineString","coordinates":[[4169.3,859.0],[4168.8,787.5]]}},{"type":"Feature","properties":{"id":"p:muros:1964","n":1,"sc":"#808080"},"geometry":{"type":"LineString","coordinates":[[4168.3,859.0],[4167.8,792.3]]}},{"type":"Feature","properties":{"id":"p:muros:1965","n":1,"sc":"#808080"},"geometry":{"type":"LineString","coordinates":[[4166.9,859.0],[4166.9,797.1]]}},{"type":"Feature","properties":{"id":"p:muros:1966","n":1,"sc":"#808080"},"geometry":{"type":"LineString","coordinates":[[4165.9,859.0],[4165.9,801.9]]}},{"type":"Feature","properties":{"id":"p:muros:1967","n":1,"sc":"#808080"},"geometry":{"type":"LineString","coordinates":[[4165.0,859.0],[4164.5,807.2]]}},{"type":"Feature","properties":{"id":"p:muros:1968","n":1,"sc":"#808080"},"geometry":{"type":"LineString","coordinates":[[4219.2,858.1],[4219.2,777.0]]}},{"type":"Feature","properties":{"id":"p:muros:1969","n":1,"sc":"#808080"},"geometry":{"type":"LineString","coordinates":[[4220.6,858.1],[4220.2,777.0]]}},{"type":"Feature","properties":{"id":"p:muros:1970","n":1,"sc":"#808080"},"geometry":{"type":"LineString","coordinates":[[4221.6,858.1],[4221.1,777.0]]}},{"type":"Feature","properties":{"id":"p:muros:1971","n":1,"sc":"#808080"},"geometry":{"type":"LineString","coordinates":[[4222.6,858.1],[4222.6,777.0]]}},{"type":"Feature","properties":{"id":"p:muros:1972","n":1,"sc":"#808080"},"geometry":{"type":"LineString","coordinates":[[4224,858.1],[4223.5,777.0]]}},{"type":"Feature","properties":{"id":"p:muros:1973","n":1,"sc":"#808080"},"geometry":{"type":"LineString","coordinates":[[4225.0,858.1],[4224.5,777.0]]}},{"type":"Feature","properties":{"id":"p:muros:1974","n":1,"sc":"#808080"},"geometry":{"type":"LineString","coordinates":[[4225.9,858.1],[4225.9,777.0]]}},{"type":"Feature","properties":{"id":"p:muros:1975","n":1,"sc":"#808080"},"geometry":{"type":"LineString","coordinates":[[4227.4,858.1],[4226.9,777.0]]}},{"type":"Feature","properties":{"id":"p:muros:1976","n":1,"sc":"#808080"},"geometry":{"type":"LineString","coordinates":[[4228.3,858.1],[4227.8,777.0]]}},{"type":"Feature","properties":{"id":"p:muros:1977","n":1,"sc":"#808080"},"geometry":{"type":"LineString","coordinates":[[4229.3,858.1],[4228.8,777.0]]}},{"type":"Feature","properties":{"id":"p:muros:1978","n":1,"sc":"#808080"},"geometry":{"type":"LineString","coordinates":[[4230.7,858.1],[4230.2,777.0]]}},{"type":"Feature","properties":{"id":"p:muros:1979","n":1,"sc":"#808080"},"geometry":{"type":"LineString","coordinates":[[4231.7,858.1],[4231.2,777.0]]}},{"type":"Feature","properties":{"id":"p:muros:1980","n":1,"sc":"#808080"},"geometry":{"type":"LineString","coordinates":[[4232.6,858.1],[4232.2,777.0]]}},{"type":"Feature","properties":{"id":"p:muros:1981","n":1,"sc":"#808080"},"geometry":{"type":"LineString","coordinates":[[4233.6,858.1],[4233.6,777.0]]}},{"type":"Feature","properties":{"id":"p:muros:1982","n":1,"sc":"#808080"},"geometry":{"type":"LineString","coordinates":[[4235.0,858.1],[4234.6,777.0]]}},{"type":"Feature","properties":{"id":"p:muros:1983","n":1,"sc":"#808080"},"geometry":{"type":"LineString","coordinates":[[4236,858.1],[4235.5,777.0]]}},{"type":"Feature","properties":{"id":"p:muros:1984","n":1,"sc":"#808080"},"geometry":{"type":"LineString","coordinates":[[4237.0,858.1],[4237.0,777.0]]}},{"type":"Feature","properties":{"id":"p:muros:1985","n":1,"sc":"#808080"},"geometry":{"type":"LineString","coordinates":[[4238.4,858.1],[4237.9,777.0]]}},{"type":"Feature","properties":{"id":"p:muros:1986","n":1,"sc":"#808080"},"geometry":{"type":"LineString","coordinates":[[4239.4,858.1],[4238.9,777.0]]}},{"type":"Feature","properties":{"id":"p:muros:1987","n":1,"sc":"#808080"},"geometry":{"type":"LineString","coordinates":[[4240.3,858.1],[4240.3,777.0]]}},{"type":"Feature","properties":{"id":"p:muros:1988","n":1,"sc":"#808080"},"geometry":{"type":"LineString","coordinates":[[4241.8,858.1],[4241.3,777.0]]}},{"type":"Feature","properties":{"id":"p:muros:1989","n":1,"sc":"#808080"},"geometry":{"type":"LineString","coordinates":[[4242.7,858.1],[4242.2,777.0]]}},{"type":"Feature","properties":{"id":"p:muros:1990","n":1,"sc":"#808080"},"geometry":{"type":"LineString","coordinates":[[4243.7,858.1],[4243.7,777.0]]}},{"type":"Feature","properties":{"id":"p:muros:1991","n":1,"sc":"#808080"},"geometry":{"type":"LineString","coordinates":[[4245.1,858.1],[4244.6,777.0]]}},{"type":"Feature","properties":{"id":"p:muros:1992","n":1,"sc":"#808080"},"geometry":{"type":"LineString","coordinates":[[4246.1,858.1],[4245.6,777.0]]}},{"type":"Feature","properties":{"id":"p:muros:1993","n":1,"sc":"#808080"},"geometry":{"type":"LineString","coordinates":[[4247.0,858.1],[4247.0,777.0]]}},{"type":"Feature","properties":{"id":"p:muros:1994","n":1,"sc":"#808080"},"geometry":{"type":"LineString","coordinates":[[4248.5,858.1],[4248,777.0]]}},{"type":"Feature","properties":{"id":"p:muros:1995","n":1,"sc":"#808080"},"geometry":{"type":"LineString","coordinates":[[4249.4,858.1],[4249.0,777.0]]}},{"type":"Feature","properties":{"id":"p:muros:1996","n":1,"sc":"#808080"},"geometry":{"type":"LineString","coordinates":[[4250.4,858.1],[4250.4,777.0]]}},{"type":"Feature","properties":{"id":"p:muros:1997","n":1,"sc":"#808080"},"geometry":{"type":"LineString","coordinates":[[4251.8,858.6],[4251.4,777.0]]}},{"type":"Feature","properties":{"id":"p:muros:1998","n":1,"sc":"#808080"},"geometry":{"type":"LineString","coordinates":[[4252.8,858.6],[4252.3,777.0]]}},{"type":"Feature","properties":{"id":"p:muros:1999","n":1,"sc":"#808080"},"geometry":{"type":"LineString","coordinates":[[4253.8,858.6],[4253.3,777.0]]}},{"type":"Feature","properties":{"id":"p:muros:2000","n":1,"sc":"#808080"},"geometry":{"type":"LineString","coordinates":[[4255.2,858.6],[4254.7,777.0]]}},{"type":"Feature","properties":{"id":"p:muros:2001","n":1,"sc":"#808080"},"geometry":{"type":"LineString","coordinates":[[4256.2,858.6],[4255.7,777.0]]}},{"type":"Feature","properties":{"id":"p:muros:2002","n":1,"sc":"#808080"},"geometry":{"type":"LineString","coordinates":[[4257.1,858.6],[4256.6,777.0]]}},{"type":"Feature","properties":{"id":"p:muros:2003","n":1,"sc":"#808080"},"geometry":{"type":"LineString","coordinates":[[4258.1,858.6],[4258.1,777.0]]}},{"type":"Feature","properties":{"id":"p:muros:2004","n":1,"sc":"#808080"},"geometry":{"type":"LineString","coordinates":[[4259.5,858.6],[4259.0,777.0]]}},{"type":"Feature","properties":{"id":"p:muros:2005","n":1,"sc":"#808080"},"geometry":{"type":"LineString","coordinates":[[4260.5,858.6],[4260,777.0]]}},{"type":"Feature","properties":{"id":"p:muros:2006","n":1,"sc":"#808080"},"geometry":{"type":"LineString","coordinates":[[4261.4,858.6],[4261.4,777.4]]}},{"type":"Feature","properties":{"id":"p:muros:2007","n":1,"sc":"#808080"},"geometry":{"type":"LineString","coordinates":[[4262.9,858.6],[4262.4,782.2]]}},{"type":"Feature","properties":{"id":"p:muros:2008","n":1,"sc":"#808080"},"geometry":{"type":"LineString","coordinates":[[4263.8,858.6],[4263.4,787.0]]}},{"type":"Feature","properties":{"id":"p:muros:2009","n":1,"sc":"#808080"},"geometry":{"type":"LineString","coordinates":[[4264.8,858.6],[4264.8,791.8]]}},{"type":"Feature","properties":{"id":"p:muros:2010","n":1,"sc":"#808080"},"geometry":{"type":"LineString","coordinates":[[4266.2,858.6],[4265.8,796.6]]}},{"type":"Feature","properties":{"id":"p:muros:2011","n":1,"sc":"#808080"},"geometry":{"type":"LineString","coordinates":[[4267.2,858.6],[4267.2,801.4]]}},{"type":"Feature","properties":{"id":"p:muros:2012","n":1,"sc":"#808080"},"geometry":{"type":"LineString","coordinates":[[4268.2,858.6],[4268.2,806.7]]}},{"type":"Feature","properties":{"id":"p:muros:2013","n":1,"sc":"#808080"},"geometry":{"type":"LineString","coordinates":[[4499.5,1380.3],[4499.0,1327.5]]}},{"type":"Feature","properties":{"id":"p:muros:2014","n":1,"sc":"#808080"},"geometry":{"type":"LineString","coordinates":[[4500.5,1380.3],[4500.5,1327.5]]}},{"type":"Feature","properties":{"id":"p:muros:2015","n":1,"sc":"#808080"},"geometry":{"type":"LineString","coordinates":[[4535.5,1327.0],[4535.5,1379.8]]}},{"type":"Feature","properties":{"id":"p:muros:2016","n":1,"sc":"#808080"},"geometry":{"type":"LineString","coordinates":[[4534.1,1327.0],[4534.6,1380.3]]}},{"type":"Feature","properties":{"id":"p:muros:2017","n":1,"sc":"#808080"},"geometry":{"type":"LineString","coordinates":[[4499.0,1327.5],[4498.6,1211.4]]}},{"type":"Feature","properties":{"id":"p:muros:2018","n":1,"sc":"#808080"},"geometry":{"type":"LineString","coordinates":[[4500.5,1327.5],[4500,1211.4]]}},{"type":"Feature","properties":{"id":"p:muros:2019","n":1,"sc":"#808080"},"geometry":{"type":"LineString","coordinates":[[4535.0,1211.4],[4535.5,1327.0]]}},{"type":"Feature","properties":{"id":"p:muros:2020","n":1,"sc":"#808080"},"geometry":{"type":"LineString","coordinates":[[4533.6,1211.4],[4534.1,1327.0]]}},{"type":"Feature","properties":{"id":"p:muros:2021","n":1,"sc":"#808080"},"geometry":{"type":"LineString","coordinates":[[4108.3,1193.6],[4108.8,1263.2]]}},{"type":"Feature","properties":{"id":"p:muros:2022","n":1,"sc":"#808080"},"geometry":{"type":"LineString","coordinates":[[4145.3,1193.6],[4145.8,1263.2]]}},{"type":"Feature","properties":{"id":"p:muros:2023","n":1,"sc":"#808080"},"geometry":{"type":"LineString","coordinates":[[4150.6,1187.8],[4151.0,1268.5]]}},{"type":"Feature","properties":{"id":"p:muros:2024","n":1,"sc":"#808080"},"geometry":{"type":"LineString","coordinates":[[4103.5,1269.0],[4103.0,1188.3]]}},{"type":"Feature","properties":{"id":"p:muros:2025","n":1,"sc":"#808080"},"geometry":{"type":"LineString","coordinates":[[4252.8,1578.1],[4191.8,1578.6]]}},{"type":"Feature","properties":{"id":"p:muros:2026","n":1,"sc":"#808080"},"geometry":{"type":"LineString","coordinates":[[4252.8,1547.8],[4191.4,1547.8]]}},{"type":"Feature","properties":{"id":"p:muros:2027","n":1,"sc":"#808080"},"geometry":{"type":"LineString","coordinates":[[4228.8,1603.0],[4227.8,1463.8]]}},{"type":"Feature","properties":{"id":"p:muros:2028","n":1,"sc":"#808080"},"geometry":{"type":"LineString","coordinates":[[4225.9,1603.0],[4225.0,1463.8]]}},{"type":"Feature","properties":{"id":"p:muros:2029","n":1,"sc":"#808080"},"geometry":{"type":"LineString","coordinates":[[4199.0,1463.8],[4199.5,1603.0]]}},{"type":"Feature","properties":{"id":"p:muros:2030","n":1,"sc":"#808080"},"geometry":{"type":"LineString","coordinates":[[4201.4,1463.8],[4202.4,1603.0]]}},{"type":"Feature","properties":{"id":"p:muros:2031","n":1,"sc":"#808080"},"geometry":{"type":"LineString","coordinates":[[4252.8,1560.8],[4191.8,1561.3]]}},{"type":"Feature","properties":{"id":"p:muros:2032","n":1,"sc":"#808080"},"geometry":{"type":"LineString","coordinates":[[4252.8,1563.7],[4191.8,1564.2]]}},{"type":"Feature","properties":{"id":"p:muros:2033","n":1,"sc":"#808080"},"geometry":{"type":"LineString","coordinates":[[4558.6,1588.6],[4559.0,1709.1]]}},{"type":"Feature","properties":{"id":"p:muros:2034","n":1,"sc":"#808080"},"geometry":{"type":"LineString","coordinates":[[4500.5,553.3],[4384.8,553.8]]}},{"type":"Feature","properties":{"id":"p:muros:2035","n":1,"sc":"#808080"},"geometry":{"type":"LineString","coordinates":[[4384.8,548],[4500.5,547.5]]}},{"type":"Feature","properties":{"id":"p:muros:2036","n":1,"sc":"#808080"},"geometry":{"type":"LineString","coordinates":[[4553.3,1588.6],[4553.8,1709.1]]}},{"type":"Feature","properties":{"id":"p:muros:2037","n":1,"sc":"#808080"},"geometry":{"type":"LineString","coordinates":[[4237.9,1327.5],[4188,1327.5]]}},{"type":"Feature","properties":{"id":"p:muros:2038","n":1,"sc":"#808080"},"geometry":{"type":"LineString","coordinates":[[4185.6,1327.5],[4241.3,1327.0]]}},{"type":"Feature","properties":{"id":"p:muros:2039","n":1,"sc":"#808080"},"geometry":{"type":"LineString","coordinates":[[4241.3,1327.5],[4185.6,1327.5]]}},{"type":"Feature","properties":{"id":"p:muros:2040","n":1,"sc":"#808080"},"geometry":{"type":"LineString","coordinates":[[4228.3,1440.8],[4228.3,1382.2]]}},{"type":"Feature","properties":{"id":"p:muros:2041","n":1,"sc":"#808080"},"geometry":{"type":"LineString","coordinates":[[4229.8,1440.8],[4229.3,1382.2]]}},{"type":"Feature","properties":{"id":"p:muros:2042","n":1,"sc":"#808080"},"geometry":{"type":"LineString","coordinates":[[4198.6,1440.8],[4198.1,1382.7]]}},{"type":"Feature","properties":{"id":"p:muros:2043","n":1,"sc":"#808080"},"geometry":{"type":"LineString","coordinates":[[4197.6,1440.8],[4197.1,1382.7]]}},{"type":"Feature","properties":{"id":"p:muros:2044","n":1,"sc":"#808080"},"geometry":{"type":"LineString","coordinates":[[4153.9,1382.7],[4153.9,1441.3]]}},{"type":"Feature","properties":{"id":"p:muros:2045","n":1,"sc":"#808080"},"geometry":{"type":"LineString","coordinates":[[4154.9,1382.7],[4155.4,1441.3]]}},{"type":"Feature","properties":{"id":"p:muros:2046","n":1,"sc":"#808080"},"geometry":{"type":"LineString","coordinates":[[4273.0,1382.2],[4273.0,1440.8]]}},{"type":"Feature","properties":{"id":"p:muros:2047","n":1,"sc":"#808080"},"geometry":{"type":"LineString","coordinates":[[4271.5,1382.2],[4272,1440.8]]}},{"type":"Feature","properties":{"id":"p:muros:2048","n":1,"sc":"#808080"},"geometry":{"type":"LineString","coordinates":[[4153.9,1365.0],[4185.6,1327.5]]}},{"type":"Feature","properties":{"id":"p:muros:2049","n":1,"sc":"#808080"},"geometry":{"type":"LineString","coordinates":[[4154.4,1365.4],[4186.1,1328.5]]}},{"type":"Feature","properties":{"id":"p:muros:2050","n":1,"sc":"#808080"},"geometry":{"type":"LineString","coordinates":[[4238.4,1327.5],[4188,1327.5]]}},{"type":"Feature","properties":{"id":"p:muros:2051","n":1,"sc":"#808080"},"geometry":{"type":"LineString","coordinates":[[4215.4,1105.8],[4215.8,1153.8]]}},{"type":"Feature","properties":{"id":"p:muros:2052","n":1,"sc":"#808080"},"geometry":{"type":"LineString","coordinates":[[4216.8,777.0],[4215.8,554.2]]}},{"type":"Feature","properties":{"id":"p:muros:2053","n":1,"sc":"#808080"},"geometry":{"type":"LineString","coordinates":[[4355.5,999.7],[4472.6,999.2]]}},{"type":"Feature","properties":{"id":"p:muros:2054","n":1,"sc":"#808080"},"geometry":{"type":"LineString","coordinates":[[4472.2,955.0],[4355.5,955.5]]}},{"type":"Feature","properties":{"id":"p:muros:2055","n":1,"sc":"#808080"},"geometry":{"type":"LineString","coordinates":[[4355.5,952.2],[4411.2,952.2]]}},{"type":"Feature","properties":{"id":"p:muros:2056","n":1,"sc":"#808080"},"geometry":{"type":"LineString","coordinates":[[4411.2,952.2],[4410.7,865.8]]}},{"type":"Feature","properties":{"id":"p:muros:2057","n":1,"sc":"#808080"},"geometry":{"type":"LineString","coordinates":[[4406.9,947.8],[4406.4,870.1]]}},{"type":"Feature","properties":{"id":"p:muros:2058","n":1,"sc":"#808080"},"geometry":{"type":"LineString","coordinates":[[4410.7,865.8],[4355.0,866.2]]}},{"type":"Feature","properties":{"id":"p:muros:2059","n":1,"sc":"#808080"},"geometry":{"type":"LineString","coordinates":[[4355.0,866.2],[4355.5,952.2]]}},{"type":"Feature","properties":{"id":"p:muros:2060","n":1,"sc":"#808080"},"geometry":{"type":"LineString","coordinates":[[4359.8,870.6],[4359.8,947.8]]}},{"type":"Feature","properties":{"id":"p:muros:2061","n":1,"sc":"#808080"},"geometry":{"type":"LineString","coordinates":[[4416.5,952.2],[4472.2,951.7]]}},{"type":"Feature","properties":{"id":"p:muros:2062","n":1,"sc":"#808080"},"geometry":{"type":"LineString","coordinates":[[4472.2,951.7],[4471.7,865.8]]}},{"type":"Feature","properties":{"id":"p:muros:2063","n":1,"sc":"#808080"},"geometry":{"type":"LineString","coordinates":[[4467.4,947.4],[4467.4,870.1]]}},{"type":"Feature","properties":{"id":"p:muros:2064","n":1,"sc":"#808080"},"geometry":{"type":"LineString","coordinates":[[4471.7,865.8],[4416,865.8]]}},{"type":"Feature","properties":{"id":"p:muros:2065","n":1,"sc":"#808080"},"geometry":{"type":"LineString","coordinates":[[4416,865.8],[4416.5,952.2]]}},{"type":"Feature","properties":{"id":"p:muros:2066","n":1,"sc":"#808080"},"geometry":{"type":"LineString","coordinates":[[4420.3,870.1],[4420.8,947.4]]}},{"type":"Feature","properties":{"id":"p:muros:2067","n":1,"sc":"#808080"},"geometry":{"type":"LineString","coordinates":[[4184.6,1177.8],[4240.8,1177.8]]}},{"type":"Feature","properties":{"id":"p:muros:2068","n":1,"sc":"#808080"},"geometry":{"type":"LineString","coordinates":[[4417.0,1282.9],[4416,1144.2]]}},{"type":"Feature","properties":{"id":"p:muros:2069","n":1,"sc":"#808080"},"geometry":{"type":"LineString","coordinates":[[4414.1,1283.4],[4413.1,1144.2]]}},{"type":"Feature","properties":{"id":"p:muros:2070","n":1,"sc":"#808080"},"geometry":{"type":"LineString","coordinates":[[4387.2,1144.2],[4387.7,1283.4]]}},{"type":"Feature","properties":{"id":"p:muros:2071","n":1,"sc":"#808080"},"geometry":{"type":"LineString","coordinates":[[4389.6,1144.2],[4390.6,1283.4]]}},{"type":"Feature","properties":{"id":"p:muros:2072","n":1,"sc":"#808080"},"geometry":{"type":"LineString","coordinates":[[4470.7,1200.8],[4470.7,1256.5]]}},{"type":"Feature","properties":{"id":"p:muros:2073","n":1,"sc":"#808080"},"geometry":{"type":"LineString","coordinates":[[4470.7,1256.5],[4526.4,1257.0]]}},{"type":"Feature","properties":{"id":"p:muros:2074","n":1,"sc":"#808080"},"geometry":{"type":"LineString","coordinates":[[4526.4,1257.0],[4526.4,1201.3]]}},{"type":"Feature","properties":{"id":"p:muros:2075","n":1,"sc":"#808080"},"geometry":{"type":"LineString","coordinates":[[4526.4,1201.3],[4470.7,1200.8]]}},{"type":"Feature","properties":{"id":"p:muros:2076","n":1,"sc":"#808080"},"geometry":{"type":"LineString","coordinates":[[4264.8,1482.1],[4265.3,1547.8]]}},{"type":"Feature","properties":{"id":"p:muros:2077","n":1,"sc":"#808080"},"geometry":{"type":"LineString","coordinates":[[4450.6,1002.1],[4378.1,1002.6]]}},{"type":"Feature","properties":{"id":"p:muros:2078","n":1,"sc":"#808080"},"geometry":{"type":"LineString","coordinates":[[4378.1,1033.8],[4450.6,1033.3]]}},{"type":"Feature","properties":{"id":"p:muros:2079","n":1,"sc":"#808080"},"geometry":{"type":"LineString","coordinates":[[4450.6,1033.3],[4378.1,1033.8]]}},{"type":"Feature","properties":{"id":"p:muros:2080","n":1,"sc":"#808080"},"geometry":{"type":"LineString","coordinates":[[4378.6,1065.0],[4451.0,1064]]}},{"type":"Feature","properties":{"id":"p:muros:2081","n":1,"sc":"#808080"},"geometry":{"type":"LineString","coordinates":[[4386.2,1109.6],[4441.9,1109.1]]}},{"type":"Feature","properties":{"id":"p:muros:2082","n":1,"sc":"#808080"},"geometry":{"type":"LineString","coordinates":[[4388.2,1107.7],[4440,1107.7]]}},{"type":"Feature","properties":{"id":"p:muros:2083","n":1,"sc":"#808080"},"geometry":{"type":"LineString","coordinates":[[4386.2,1065.0],[4441.9,1065.0]]}},{"type":"Feature","properties":{"id":"p:muros:2084","n":1,"sc":"#808080"},"geometry":{"type":"LineString","coordinates":[[4387.7,1066.9],[4440,1066.4]]}},{"type":"Feature","properties":{"id":"p:muros:2085","n":1,"sc":"#808080"},"geometry":{"type":"LineString","coordinates":[[4451.0,1109.6],[4378.6,1110.1]]}},{"type":"Feature","properties":{"id":"p:muros:2086","n":1,"sc":"#808080"},"geometry":{"type":"LineString","coordinates":[[4378.6,1141.3],[4451.0,1140.8]]}},{"type":"Feature","properties":{"id":"p:muros:2087","n":1,"sc":"#808080"},"geometry":{"type":"LineString","coordinates":[[4455.8,1432.6],[4394.4,1433.1]]}},{"type":"Feature","properties":{"id":"p:muros:2088","n":1,"sc":"#808080"},"geometry":{"type":"LineString","coordinates":[[4455.4,1402.4],[4394.4,1402.4]]}},{"type":"Feature","properties":{"id":"p:muros:2089","n":1,"sc":"#808080"},"geometry":{"type":"LineString","coordinates":[[4431.8,1561.3],[4431.4,1422.1]]}},{"type":"Feature","properties":{"id":"p:muros:2090","n":1,"sc":"#808080"},"geometry":{"type":"LineString","coordinates":[[4429.0,1561.3],[4428.5,1422.1]]}},{"type":"Feature","properties":{"id":"p:muros:2091","n":1,"sc":"#808080"},"geometry":{"type":"LineString","coordinates":[[4402.1,1422.1],[4403.0,1561.3]]}},{"type":"Feature","properties":{"id":"p:muros:2092","n":1,"sc":"#808080"},"geometry":{"type":"LineString","coordinates":[[4405.0,1422.1],[4405.9,1561.3]]}},{"type":"Feature","properties":{"id":"p:muros:2093","n":1,"sc":"#808080"},"geometry":{"type":"LineString","coordinates":[[4455.8,1415.4],[4394.4,1415.8]]}},{"type":"Feature","properties":{"id":"p:muros:2094","n":1,"sc":"#808080"},"geometry":{"type":"LineString","coordinates":[[4455.8,1418.2],[4394.4,1418.7]]}},{"type":"Feature","properties":{"id":"p:muros:2095","n":1,"sc":"#808080"},"geometry":{"type":"LineString","coordinates":[[4442.9,1282.9],[4441.9,1143.7]]}},{"type":"Feature","properties":{"id":"p:muros:2096","n":1,"sc":"#808080"},"geometry":{"type":"LineString","coordinates":[[4440,1282.9],[4439.5,1143.7]]}},{"type":"Feature","properties":{"id":"p:muros:2097","n":1,"sc":"#808080"},"geometry":{"type":"LineString","coordinates":[[4413.1,1143.7],[4414.1,1282.9]]}},{"type":"Feature","properties":{"id":"p:muros:2098","n":1,"sc":"#808080"},"geometry":{"type":"LineString","coordinates":[[4416,1143.7],[4417.0,1282.9]]}},{"type":"Feature","properties":{"id":"p:muros:2099","n":1,"sc":"#808080"},"geometry":{"type":"LineString","coordinates":[[4431.4,1422.1],[4430.4,1282.9]]}},{"type":"Feature","properties":{"id":"p:muros:2100","n":1,"sc":"#808080"},"geometry":{"type":"LineString","coordinates":[[4428.5,1422.1],[4427.5,1282.9]]}},{"type":"Feature","properties":{"id":"p:muros:2101","n":1,"sc":"#808080"},"geometry":{"type":"LineString","coordinates":[[4401.6,1282.9],[4402.1,1422.1]]}},{"type":"Feature","properties":{"id":"p:muros:2102","n":1,"sc":"#808080"},"geometry":{"type":"LineString","coordinates":[[4404,1282.9],[4405.0,1422.1]]}},{"type":"Feature","properties":{"id":"p:muros:2103","n":1,"sc":"#808080"},"geometry":{"type":"LineString","coordinates":[[4381.9,1615.0],[4242.7,1616]]}},{"type":"Feature","properties":{"id":"p:muros:2104","n":1,"sc":"#808080"},"geometry":{"type":"LineString","coordinates":[[4381.9,1617.9],[4243.2,1618.9]]}},{"type":"Feature","properties":{"id":"p:muros:2105","n":1,"sc":"#808080"},"geometry":{"type":"LineString","coordinates":[[4243.2,1645.3],[4382.4,1643.8]]}},{"type":"Feature","properties":{"id":"p:muros:2106","n":1,"sc":"#808080"},"geometry":{"type":"LineString","coordinates":[[4243.2,1642.4],[4382.4,1641.4]]}},{"type":"Feature","properties":{"id":"p:muros:2107","n":4,"sc":"#808080"},"geometry":{"type":"LineString","coordinates":[[4201.9,1602.6],[4205.4,1618.1],[4214.2,1630.7],[4227.1,1639.0],[4242.7,1641.9]]}},{"type":"Feature","properties":{"id":"p:muros:2108","n":8,"sc":"#808080"},"geometry":{"type":"LineString","coordinates":[[4200.0,1603.1],[4200.7,1611.5],[4203.0,1619.6],[4207.0,1627.0],[4212.4,1633.5],[4219.1,1638.7],[4226.7,1642.4],[4234.8,1644.4],[4243.3,1644.7]]}},{"type":"Feature","properties":{"id":"p:muros:2109","n":1,"sc":"#808080"},"geometry":{"type":"LineString","coordinates":[[4187.5,1177.8],[4237.9,1177.8]]}},{"type":"Feature","properties":{"id":"p:muros:2110","n":1,"sc":"#808080"},"geometry":{"type":"LineString","coordinates":[[4299.8,1199.8],[4299.8,1255.5]]}},{"type":"Feature","properties":{"id":"p:muros:2111","n":1,"sc":"#808080"},"geometry":{"type":"LineString","coordinates":[[4299.8,1255.5],[4355.5,1255.5]]}},{"type":"Feature","properties":{"id":"p:muros:2112","n":1,"sc":"#808080"},"geometry":{"type":"LineString","coordinates":[[4355.5,1255.5],[4355.5,1200.3]]}},{"type":"Feature","properties":{"id":"p:muros:2113","n":1,"sc":"#808080"},"geometry":{"type":"LineString","coordinates":[[4355.5,1200.3],[4299.8,1199.8]]}},{"type":"Feature","properties":{"id":"p:muros:2114","n":1,"sc":"#808080"},"geometry":{"type":"LineString","coordinates":[[4413.6,1507.5],[4153.9,1508.5]]}},{"type":"Feature","properties":{"id":"p:muros:2115","n":1,"sc":"#808080"},"geometry":{"type":"LineString","coordinates":[[4154.9,1371.7],[4293.6,1371.2]]}},{"type":"Feature","properties":{"id":"p:muros:2116","n":1,"sc":"#808080"},"geometry":{"type":"LineString","coordinates":[[4347.4,1315.5],[4346.9,1229.1]]}},{"type":"Feature","properties":{"id":"p:muros:2117","n":1,"sc":"#808080"},"geometry":{"type":"LineString","coordinates":[[4467.8,1224.8],[4468.8,1451.8]]}},{"type":"Feature","properties":{"id":"p:muros:2118","n":4,"sc":"#808080"},"geometry":{"type":"LineString","coordinates":[[4413.5,1507.5],[4434.8,1502.5],[4452.2,1490.5],[4464.1,1472.9],[4468.8,1451.5]]}},{"type":"Feature","properties":{"id":"p:muros:2119","n":8,"sc":"#808080"},"geometry":{"type":"LineString","coordinates":[[4097.8,1452.8],[4098.7,1463.8],[4101.9,1474.3],[4107.0,1484.0],[4114.0,1492.5],[4122.6,1499.5],[4132.3,1504.6],[4142.9,1507.6],[4153.9,1508.5]]}},{"type":"Feature","properties":{"id":"p:muros:2120","n":4,"sc":"#808080"},"geometry":{"type":"LineString","coordinates":[[4152.9,1371.3],[4131.6,1376.4],[4114.2,1388.5],[4102.2,1406.0],[4097.3,1427.3]]}},{"type":"Feature","properties":{"id":"p:muros:2121","n":8,"sc":"#808080"},"geometry":{"type":"LineString","coordinates":[[4291.9,1371.2],[4303.0,1370.3],[4313.5,1367.3],[4323.2,1362.2],[4331.7,1355.2],[4338.6,1346.6],[4343.6,1336.9],[4346.6,1326.3],[4347.3,1315.3]]}},{"type":"Feature","properties":{"id":"p:muros:2122","n":8,"sc":"#808080"},"geometry":{"type":"LineString","coordinates":[[4402.2,1173.0],[4391.3,1174.1],[4380.9,1177.3],[4371.4,1182.4],[4362.9,1189.4],[4356.0,1197.9],[4351.0,1207.5],[4347.9,1217.9],[4346.9,1228.9]]}},{"type":"Feature","properties":{"id":"p:muros:2123","n":8,"sc":"#808080"},"geometry":{"type":"LineString","coordinates":[[4467.7,1228.6],[4467.3,1217.4],[4464.5,1206.7],[4459.5,1196.8],[4452.5,1188.1],[4443.7,1181.1],[4433.8,1176.2],[4423.1,1173.5],[4411.9,1173.1]]}},{"type":"Feature","properties":{"id":"p:muros:2124","n":1,"sc":"#808080"},"geometry":{"type":"LineString","coordinates":[[4185.1,1299.7],[4184.6,1194.1]]}},{"type":"Feature","properties":{"id":"p:muros:2125","n":1,"sc":"#808080"},"geometry":{"type":"LineString","coordinates":[[4188,1299.7],[4188,1251.7]]}},{"type":"Feature","properties":{"id":"p:muros:2126","n":1,"sc":"#808080"},"geometry":{"type":"LineString","coordinates":[[4188,1247.4],[4187.5,1194.1]]}},{"type":"Feature","properties":{"id":"p:muros:2127","n":1,"sc":"#808080"},"geometry":{"type":"LineString","coordinates":[[4187.5,1177.3],[4237.4,1177.3]]}},{"type":"Feature","properties":{"id":"p:muros:2128","n":1,"sc":"#808080"},"geometry":{"type":"LineString","coordinates":[[4240.3,1194.1],[4240.8,1299.7]]}},{"type":"Feature","properties":{"id":"p:muros:2129","n":1,"sc":"#808080"},"geometry":{"type":"LineString","coordinates":[[4237.9,1194.1],[4237.9,1247.4]]}},{"type":"Feature","properties":{"id":"p:muros:2130","n":1,"sc":"#808080"},"geometry":{"type":"LineString","coordinates":[[4237.9,1251.7],[4237.9,1299.7]]}},{"type":"Feature","properties":{"id":"p:muros:2131","n":1,"sc":"#808080"},"geometry":{"type":"LineString","coordinates":[[4188,1299.7],[4237.9,1299.7]]}},{"type":"Feature","properties":{"id":"p:muros:2132","n":1,"sc":"#808080"},"geometry":{"type":"LineString","coordinates":[[4253.3,1193.6],[4253.8,1316.5]]}},{"type":"Feature","properties":{"id":"p:muros:2133","n":1,"sc":"#808080"},"geometry":{"type":"LineString","coordinates":[[4252.3,1195.0],[4252.3,1247.4]]}},{"type":"Feature","properties":{"id":"p:muros:2134","n":1,"sc":"#808080"},"geometry":{"type":"LineString","coordinates":[[4252.3,1251.7],[4252.8,1315.0]]}},{"type":"Feature","properties":{"id":"p:muros:2135","n":1,"sc":"#808080"},"geometry":{"type":"LineString","coordinates":[[4240.8,1251.7],[4185.1,1252.2]]}},{"type":"Feature","properties":{"id":"p:muros:2136","n":1,"sc":"#808080"},"geometry":{"type":"LineString","coordinates":[[4240.8,1247.4],[4185.1,1247.4]]}},{"type":"Feature","properties":{"id":"p:muros:2137","n":1,"sc":"#808080"},"geometry":{"type":"LineString","coordinates":[[4241.3,1327.5],[4185.1,1327.5]]}},{"type":"Feature","properties":{"id":"p:muros:2138","n":1,"sc":"#808080"},"geometry":{"type":"LineString","coordinates":[[4238.4,1327.5],[4188,1327.5]]}},{"type":"Feature","properties":{"id":"p:muros:2139","n":1,"sc":"#808080"},"geometry":{"type":"LineString","coordinates":[[4103.0,1188.3],[4101.1,796.6]]}},{"type":"Feature","properties":{"id":"p:muros:2140","n":1,"sc":"#808080"},"geometry":{"type":"LineString","coordinates":[[2146.6,608],[2214.2,608]]}},{"type":"Feature","properties":{"id":"p:muros:2141","n":1,"sc":"#808080"},"geometry":{"type":"LineString","coordinates":[[2147.0,583.0],[2214.7,583.0]]}},{"type":"Feature","properties":{"id":"p:muros:2142","n":1,"sc":"#808080"},"geometry":{"type":"LineString","coordinates":[[2236.8,1119.2],[2236.3,1046.7]]}},{"type":"Feature","properties":{"id":"p:muros:2143","n":1,"sc":"#808080"},"geometry":{"type":"LineString","coordinates":[[2235.4,1117.8],[2234.9,1048.6]]}},{"type":"Feature","properties":{"id":"p:muros:2144","n":1,"sc":"#808080"},"geometry":{"type":"LineString","coordinates":[[2236.8,1119.2],[2167.2,1119.7]]}},{"type":"Feature","properties":{"id":"p:muros:2145","n":1,"sc":"#808080"},"geometry":{"type":"LineString","coordinates":[[2235.4,1117.8],[2167.2,1117.8]]}},{"type":"Feature","properties":{"id":"p:muros:2146","n":1,"sc":"#808080"},"geometry":{"type":"LineString","coordinates":[[2167.2,1119.7],[2167.2,1047.2]]}},{"type":"Feature","properties":{"id":"p:muros:2147","n":1,"sc":"#808080"},"geometry":{"type":"LineString","coordinates":[[2167.2,1047.2],[2236.3,1046.7]]}},{"type":"Feature","properties":{"id":"p:muros:2148","n":1,"sc":"#808080"},"geometry":{"type":"LineString","coordinates":[[2167.2,1049.1],[2234.9,1048.6]]}},{"type":"Feature","properties":{"id":"p:muros:2149","n":1,"sc":"#808080"},"geometry":{"type":"LineString","coordinates":[[2101.4,966.1],[2101.4,912.3]]}},{"type":"Feature","properties":{"id":"p:muros:2150","n":1,"sc":"#808080"},"geometry":{"type":"LineString","coordinates":[[2101.4,912.3],[1824,913.3]]}},{"type":"Feature","properties":{"id":"p:muros:2151","n":1,"sc":"#808080"},"geometry":{"type":"LineString","coordinates":[[1790.4,1005.4],[2728.3,1001.1]]}},{"type":"Feature","properties":{"id":"p:muros:2152","n":1,"sc":"#808080"},"geometry":{"type":"LineString","coordinates":[[2728.3,1014.6],[1790.9,1018.4]]}},{"type":"Feature","properties":{"id":"p:muros:2153","n":1,"sc":"#808080"},"geometry":{"type":"LineString","coordinates":[[1888.8,1021.3],[1889.3,1162.4]]}},{"type":"Feature","properties":{"id":"p:muros:2154","n":1,"sc":"#808080"},"geometry":{"type":"LineString","coordinates":[[1885.0,1162.4],[1884.5,1021.3]]}},{"type":"Feature","properties":{"id":"p:muros:2155","n":1,"sc":"#808080"},"geometry":{"type":"LineString","coordinates":[[1888.8,1021.3],[2263.2,1019.8]]}},{"type":"Feature","properties":{"id":"p:muros:2156","n":1,"sc":"#808080"},"geometry":{"type":"LineString","coordinates":[[2263.2,1024.2],[1888.8,1025.6]]}},{"type":"Feature","properties":{"id":"p:muros:2157","n":1,"sc":"#808080"},"geometry":{"type":"LineString","coordinates":[[1882.1,1747.5],[1824.5,1747.5]]}},{"type":"Feature","properties":{"id":"p:muros:2158","n":1,"sc":"#808080"},"geometry":{"type":"LineString","coordinates":[[1824,1701.0],[1881.6,1700.5]]}},{"type":"Feature","properties":{"id":"p:muros:2159","n":1,"sc":"#808080"},"geometry":{"type":"LineString","coordinates":[[1883.5,1745.6],[1822.6,1746.1]]}},{"type":"Feature","properties":{"id":"p:muros:2160","n":1,"sc":"#808080"},"geometry":{"type":"LineString","coordinates":[[1883.5,1702.4],[1822.6,1702.4]]}},{"type":"Feature","properties":{"id":"p:muros:2161","n":1,"sc":"#808080"},"geometry":{"type":"LineString","coordinates":[[1887.4,1747.5],[1945.0,1747.0]]}},{"type":"Feature","properties":{"id":"p:muros:2162","n":1,"sc":"#808080"},"geometry":{"type":"LineString","coordinates":[[1945.0,1700.5],[1887.4,1700.5]]}},{"type":"Feature","properties":{"id":"p:muros:2163","n":1,"sc":"#808080"},"geometry":{"type":"LineString","coordinates":[[1885.9,1745.6],[1946.4,1745.6]]}},{"type":"Feature","properties":{"id":"p:muros:2164","n":1,"sc":"#808080"},"geometry":{"type":"LineString","coordinates":[[1885.4,1702.4],[1946.4,1701.9]]}},{"type":"Feature","properties":{"id":"p:muros:2165","n":1,"sc":"#808080"},"geometry":{"type":"LineString","coordinates":[[1685.8,1688],[1742.9,1687.5]]}},{"type":"Feature","properties":{"id":"p:muros:2166","n":1,"sc":"#808080"},"geometry":{"type":"LineString","coordinates":[[1688.2,1689.4],[1740.5,1689.4]]}},{"type":"Feature","properties":{"id":"p:muros:2167","n":1,"sc":"#808080"},"geometry":{"type":"LineString","coordinates":[[1781.8,1710.1],[1584.5,1710.6]]}},{"type":"Feature","properties":{"id":"p:muros:2168","n":1,"sc":"#808080"},"geometry":{"type":"LineString","coordinates":[[1584.5,1745.1],[1753.9,1745.6]]}},{"type":"Feature","properties":{"id":"p:muros:2169","n":1,"sc":"#808080"},"geometry":{"type":"LineString","coordinates":[[1584.5,1748.5],[1782.2,1747.5]]}},{"type":"Feature","properties":{"id":"p:muros:2170","n":1,"sc":"#808080"},"geometry":{"type":"LineString","coordinates":[[1753.9,1712],[1584.5,1713.0]]}},{"type":"Feature","properties":{"id":"p:muros:2171","n":1,"sc":"#808080"},"geometry":{"type":"LineString","coordinates":[[1753.9,1712],[1584.5,1713.0]]}},{"type":"Feature","properties":{"id":"p:muros:2172","n":1,"sc":"#808080"},"geometry":{"type":"LineString","coordinates":[[1584.5,1745.1],[1753.9,1744.6]]}},{"type":"Feature","properties":{"id":"p:muros:2173","n":1,"sc":"#808080"},"geometry":{"type":"LineString","coordinates":[[1781.8,1744.6],[1584.5,1745.1]]}},{"type":"Feature","properties":{"id":"p:muros:2174","n":1,"sc":"#808080"},"geometry":{"type":"LineString","coordinates":[[1782.2,1745.6],[1584.5,1745.1]]}},{"type":"Feature","properties":{"id":"p:muros:2175","n":1,"sc":"#808080"},"geometry":{"type":"LineString","coordinates":[[1584.5,1727.8],[1753.9,1727.4]]}},{"type":"Feature","properties":{"id":"p:muros:2176","n":1,"sc":"#808080"},"geometry":{"type":"LineString","coordinates":[[1781.8,1727.4],[1584.5,1727.8]]}},{"type":"Feature","properties":{"id":"p:muros:2177","n":1,"sc":"#808080"},"geometry":{"type":"LineString","coordinates":[[1753.9,1728.3],[1584.5,1729.3]]}},{"type":"Feature","properties":{"id":"p:muros:2178","n":1,"sc":"#808080"},"geometry":{"type":"LineString","coordinates":[[1781.8,1712],[1584.5,1713.0]]}},{"type":"Feature","properties":{"id":"p:muros:2179","n":1,"sc":"#808080"},"geometry":{"type":"LineString","coordinates":[[1781.8,1713.0],[1584.5,1713.0]]}},{"type":"Feature","properties":{"id":"p:muros:2180","n":1,"sc":"#808080"},"geometry":{"type":"LineString","coordinates":[[1686.2,1770.6],[1742.9,1770.1]]}},{"type":"Feature","properties":{"id":"p:muros:2181","n":1,"sc":"#808080"},"geometry":{"type":"LineString","coordinates":[[1688.6,1768.6],[1741.0,1768.6]]}},{"type":"Feature","properties":{"id":"p:muros:2182","n":3,"sc":"#808080"},"geometry":{"type":"LineString","coordinates":[[1584.5,1729.8],[1781.8,1727.8],[1781.8,1712],[1584.5,1713.0]]}},{"type":"Feature","properties":{"id":"p:muros:2183","n":1,"sc":"#808080"},"geometry":{"type":"LineString","coordinates":[[1671.4,1946.7],[1671.4,1875.2]]}},{"type":"Feature","properties":{"id":"p:muros:2184","n":1,"sc":"#808080"},"geometry":{"type":"LineString","coordinates":[[1690.1,1875.2],[1690.6,1946.7]]}},{"type":"Feature","properties":{"id":"p:muros:2185","n":1,"sc":"#808080"},"geometry":{"type":"LineString","coordinates":[[1671.4,1886.2],[1671.8,1946.2]]}},{"type":"Feature","properties":{"id":"p:muros:2186","n":1,"sc":"#808080"},"geometry":{"type":"LineString","coordinates":[[1672.3,1939.0],[1672.3,1872.3]]}},{"type":"Feature","properties":{"id":"p:muros:2187","n":1,"sc":"#808080"},"geometry":{"type":"LineString","coordinates":[[1689.1,1872.3],[1689.1,1939.0]]}},{"type":"Feature","properties":{"id":"p:muros:2188","n":1,"sc":"#808080"},"geometry":{"type":"LineString","coordinates":[[1690.1,1939.0],[1690.1,1886.2]]}},{"type":"Feature","properties":{"id":"p:muros:2189","n":1,"sc":"#808080"},"geometry":{"type":"LineString","coordinates":[[1308.5,1579.5],[1309.4,1874.7]]}},{"type":"Feature","properties":{"id":"p:muros:2190","n":1,"sc":"#808080"},"geometry":{"type":"LineString","coordinates":[[1328.6,1874.7],[1327.2,1579.5]]}},{"type":"Feature","properties":{"id":"p:muros:2191","n":1,"sc":"#808080"},"geometry":{"type":"LineString","coordinates":[[1449.6,1921.8],[1368,1922.2]]}},{"type":"Feature","properties":{"id":"p:muros:2192","n":1,"sc":"#808080"},"geometry":{"type":"LineString","coordinates":[[1449.6,1920.8],[1368,1921.3]]}},{"type":"Feature","properties":{"id":"p:muros:2193","n":1,"sc":"#808080"},"geometry":{"type":"LineString","coordinates":[[1327.7,1885.3],[1326.2,1580]]}},{"type":"Feature","properties":{"id":"p:muros:2194","n":1,"sc":"#808080"},"geometry":{"type":"LineString","coordinates":[[1328.2,1877.6],[1327.2,1580]]}},{"type":"Feature","properties":{"id":"p:muros:2195","n":4,"sc":"#808080"},"geometry":{"type":"LineString","coordinates":[[1327.7,1885.2],[1330.6,1899.5],[1338.5,1911.1],[1350.3,1918.9],[1364.6,1921.8]]}},{"type":"Feature","properties":{"id":"p:muros:2196","n":4,"sc":"#808080"},"geometry":{"type":"LineString","coordinates":[[1328.2,1885.2],[1331.1,1899.3],[1338.9,1910.8],[1350.4,1918.5],[1364.6,1921.3]]}},{"type":"Feature","properties":{"id":"p:muros:2197","n":1,"sc":"#808080"},"geometry":{"type":"LineString","coordinates":[[1449.6,1939.5],[1368,1939.5]]}},{"type":"Feature","properties":{"id":"p:muros:2198","n":1,"sc":"#808080"},"geometry":{"type":"LineString","coordinates":[[1449.6,1938.6],[1368,1939.0]]}},{"type":"Feature","properties":{"id":"p:muros:2199","n":1,"sc":"#808080"},"geometry":{"type":"LineString","coordinates":[[1309.9,1877.6],[1308.5,1576.6]]}},{"type":"Feature","properties":{"id":"p:muros:2200","n":1,"sc":"#808080"},"geometry":{"type":"LineString","coordinates":[[1310.9,1885.8],[1309.4,1576.6]]}},{"type":"Feature","properties":{"id":"p:muros:2201","n":4,"sc":"#808080"},"geometry":{"type":"LineString","coordinates":[[1309.9,1885.4],[1314.3,1906.5],[1326.1,1923.8],[1343.5,1935.4],[1364.7,1939.5]]}},{"type":"Feature","properties":{"id":"p:muros:2202","n":4,"sc":"#808080"},"geometry":{"type":"LineString","coordinates":[[1310.9,1885.4],[1315.2,1906.2],[1326.8,1923.1],[1343.9,1934.5],[1364.7,1938.6]]}},{"type":"Feature","properties":{"id":"p:muros:2203","n":1,"sc":"#808080"},"geometry":{"type":"LineString","coordinates":[[2264.6,1360.6],[2267.0,1879.5]]}},{"type":"Feature","properties":{"id":"p:muros:2204","n":1,"sc":"#808080"},"geometry":{"type":"LineString","coordinates":[[2262.7,1879.5],[2260.3,1360.6]]}},{"type":"Feature","properties":{"id":"p:muros:2205","n":1,"sc":"#808080"},"geometry":{"type":"LineString","coordinates":[[1393.4,1866.6],[1543.2,1865.6]]}},{"type":"Feature","properties":{"id":"p:muros:2206","n":1,"sc":"#808080"},"geometry":{"type":"LineString","coordinates":[[1543.2,1807.5],[1393.4,1808]]}},{"type":"Feature","properties":{"id":"p:muros:2207","n":1,"sc":"#808080"},"geometry":{"type":"LineString","coordinates":[[2019.8,1876.6],[2019.4,1810.4]]}},{"type":"Feature","properties":{"id":"p:muros:2208","n":1,"sc":"#808080"},"geometry":{"type":"LineString","coordinates":[[1431.8,1864.2],[1431.8,1809.9]]}},{"type":"Feature","properties":{"id":"p:muros:2209","n":1,"sc":"#808080"},"geometry":{"type":"LineString","coordinates":[[1463.5,1822.4],[1399.7,1822.9]]}},{"type":"Feature","properties":{"id":"p:muros:2210","n":1,"sc":"#808080"},"geometry":{"type":"LineString","coordinates":[[1400.2,1851.7],[1463.5,1851.2]]}},{"type":"Feature","properties":{"id":"p:muros:2211","n":1,"sc":"#808080"},"geometry":{"type":"LineString","coordinates":[[1463.5,1857.4],[1526.9,1857.4]]}},{"type":"Feature","properties":{"id":"p:muros:2212","n":1,"sc":"#808080"},"geometry":{"type":"LineString","coordinates":[[1526.4,1816.2],[1463.0,1816.2]]}},{"type":"Feature","properties":{"id":"p:muros:2213","n":1,"sc":"#808080"},"geometry":{"type":"LineString","coordinates":[[1495.2,1864.2],[1494.7,1809.4]]}},{"type":"Feature","properties":{"id":"p:muros:2214","n":1,"sc":"#808080"},"geometry":{"type":"LineString","coordinates":[[1589.8,1850.2],[1652.6,1849.8]]}},{"type":"Feature","properties":{"id":"p:muros:2215","n":1,"sc":"#808080"},"geometry":{"type":"LineString","coordinates":[[1652.6,1822.4],[1589.8,1822.9]]}},{"type":"Feature","properties":{"id":"p:muros:2216","n":1,"sc":"#808080"},"geometry":{"type":"LineString","coordinates":[[1652.6,1836.3],[1589.8,1836.3]]}},{"type":"Feature","properties":{"id":"p:muros:2217","n":1,"sc":"#808080"},"geometry":{"type":"LineString","coordinates":[[1652.6,1849.8],[1716,1849.3]]}},{"type":"Feature","properties":{"id":"p:muros:2218","n":1,"sc":"#808080"},"geometry":{"type":"LineString","coordinates":[[1715.5,1822.4],[1652.6,1822.4]]}},{"type":"Feature","properties":{"id":"p:muros:2219","n":1,"sc":"#808080"},"geometry":{"type":"LineString","coordinates":[[1716,1835.8],[1652.6,1836.3]]}},{"type":"Feature","properties":{"id":"p:muros:2220","n":1,"sc":"#808080"},"geometry":{"type":"LineString","coordinates":[[1996.8,1862.2],[1996.3,1806.6]]}},{"type":"Feature","properties":{"id":"p:muros:2221","n":1,"sc":"#808080"},"geometry":{"type":"LineString","coordinates":[[1985.8,1862.2],[1985.3,1806.6]]}},{"type":"Feature","properties":{"id":"p:muros:2222","n":1,"sc":"#808080"},"geometry":{"type":"LineString","coordinates":[[1974.7,1862.2],[1974.7,1806.6]]}},{"type":"Feature","properties":{"id":"p:muros:2223","n":1,"sc":"#808080"},"geometry":{"type":"LineString","coordinates":[[1964.2,1862.2],[1963.7,1806.6]]}},{"type":"Feature","properties":{"id":"p:muros:2224","n":1,"sc":"#808080"},"geometry":{"type":"LineString","coordinates":[[1953.1,1862.2],[1952.6,1806.6]]}},{"type":"Feature","properties":{"id":"p:muros:2225","n":1,"sc":"#808080"},"geometry":{"type":"LineString","coordinates":[[1873.4,1860.8],[1873.4,1808.5]]}},{"type":"Feature","properties":{"id":"p:muros:2226","n":1,"sc":"#808080"},"geometry":{"type":"LineString","coordinates":[[1906.1,1813.8],[1840.8,1814.2]]}},{"type":"Feature","properties":{"id":"p:muros:2227","n":1,"sc":"#808080"},"geometry":{"type":"LineString","coordinates":[[1840.8,1856.5],[1906.6,1856]]}},{"type":"Feature","properties":{"id":"p:muros:2228","n":1,"sc":"#808080"},"geometry":{"type":"LineString","coordinates":[[1645.0,1821.9],[1559.0,1822.4]]}},{"type":"Feature","properties":{"id":"p:muros:2229","n":1,"sc":"#808080"},"geometry":{"type":"LineString","coordinates":[[1645.0,1850.2],[1559.0,1850.7]]}},{"type":"Feature","properties":{"id":"p:muros:2230","n":1,"sc":"#808080"},"geometry":{"type":"LineString","coordinates":[[1559.5,1860.8],[1645.0,1860.8]]}},{"type":"Feature","properties":{"id":"p:muros:2231","n":1,"sc":"#808080"},"geometry":{"type":"LineString","coordinates":[[1645.0,1811.8],[1559.5,1811.8]]}},{"type":"Feature","properties":{"id":"p:muros:2232","n":1,"sc":"#808080"},"geometry":{"type":"LineString","coordinates":[[1725.1,1821.9],[1645.0,1821.9]]}},{"type":"Feature","properties":{"id":"p:muros:2233","n":1,"sc":"#808080"},"geometry":{"type":"LineString","coordinates":[[1725.1,1849.8],[1645.0,1850.2]]}},{"type":"Feature","properties":{"id":"p:muros:2234","n":1,"sc":"#808080"},"geometry":{"type":"LineString","coordinates":[[1645.0,1860.8],[1717.4,1860.3]]}},{"type":"Feature","properties":{"id":"p:muros:2235","n":1,"sc":"#808080"},"geometry":{"type":"LineString","coordinates":[[1717.0,1811.4],[1645.0,1811.8]]}},{"type":"Feature","properties":{"id":"p:muros:2236","n":1,"sc":"#808080"},"geometry":{"type":"LineString","coordinates":[[1559.0,1860.8],[1559.0,1811.8]]}},{"type":"Feature","properties":{"id":"p:muros:2237","n":1,"sc":"#808080"},"geometry":{"type":"LineString","coordinates":[[1464.5,1812.3],[1464.5,1861.3]]}},{"type":"Feature","properties":{"id":"p:muros:2238","n":1,"sc":"#808080"},"geometry":{"type":"LineString","coordinates":[[1441.0,1812.3],[1441.4,1861.3]]}},{"type":"Feature","properties":{"id":"p:muros:2239","n":1,"sc":"#808080"},"geometry":{"type":"LineString","coordinates":[[1386.7,1812.8],[1386.7,1861.8]]}},{"type":"Feature","properties":{"id":"p:muros:2240","n":1,"sc":"#808080"},"geometry":{"type":"LineString","coordinates":[[1413.6,1812.8],[1414.1,1861.8]]}},{"type":"Feature","properties":{"id":"p:muros:2241","n":1,"sc":"#808080"},"geometry":{"type":"LineString","coordinates":[[1549.9,1860.8],[1549.9,1811.8]]}},{"type":"Feature","properties":{"id":"p:muros:2242","n":1,"sc":"#808080"},"geometry":{"type":"LineString","coordinates":[[1526.9,1861.3],[1526.4,1812.3]]}},{"type":"Feature","properties":{"id":"p:muros:2243","n":1,"sc":"#808080"},"geometry":{"type":"LineString","coordinates":[[1728,1863.2],[1728,1797.9]]}},{"type":"Feature","properties":{"id":"p:muros:2244","n":1,"sc":"#808080"},"geometry":{"type":"LineString","coordinates":[[1725.1,1797.9],[1725.6,1863.2]]}},{"type":"Feature","properties":{"id":"p:muros:2245","n":1,"sc":"#808080"},"geometry":{"type":"LineString","coordinates":[[1727.0,1866.6],[1726.6,1794.6]]}},{"type":"Feature","properties":{"id":"p:muros:2246","n":1,"sc":"#808080"},"geometry":{"type":"LineString","coordinates":[[1735.7,1811.4],[1735.7,1860.3]]}},{"type":"Feature","properties":{"id":"p:muros:2247","n":1,"sc":"#808080"},"geometry":{"type":"LineString","coordinates":[[1829.3,1869.9],[1883.0,1869.4]]}},{"type":"Feature","properties":{"id":"p:muros:2248","n":1,"sc":"#808080"},"geometry":{"type":"LineString","coordinates":[[1830.7,1886.7],[1881.6,1886.7]]}},{"type":"Feature","properties":{"id":"p:muros:2249","n":1,"sc":"#808080"},"geometry":{"type":"LineString","coordinates":[[1830.7,1886.7],[1881.1,1886.2]]}},{"type":"Feature","properties":{"id":"p:muros:2250","n":1,"sc":"#808080"},"geometry":{"type":"LineString","coordinates":[[1829.3,1885.8],[1883.0,1885.3]]}},{"type":"Feature","properties":{"id":"p:muros:2251","n":1,"sc":"#808080"},"geometry":{"type":"LineString","coordinates":[[1829.3,1886.7],[1883.0,1886.2]]}},{"type":"Feature","properties":{"id":"p:muros:2252","n":1,"sc":"#808080"},"geometry":{"type":"LineString","coordinates":[[1828.8,1885.3],[1883.0,1885.3]]}},{"type":"Feature","properties":{"id":"p:muros:2253","n":1,"sc":"#808080"},"geometry":{"type":"LineString","coordinates":[[1830.7,1886.7],[1881.6,1886.7]]}},{"type":"Feature","properties":{"id":"p:muros:2254","n":1,"sc":"#808080"},"geometry":{"type":"LineString","coordinates":[[1882.1,1939.0],[1882.1,1886.2]]}},{"type":"Feature","properties":{"id":"p:muros:2255","n":1,"sc":"#808080"},"geometry":{"type":"LineString","coordinates":[[1883.5,1939.0],[1883.0,1886.2]]}},{"type":"Feature","properties":{"id":"p:muros:2256","n":4,"sc":"#808080"},"geometry":{"type":"LineString","coordinates":[[1828.8,1886.3],[1833.3,1906.7],[1844.8,1923.4],[1861.5,1934.7],[1882.0,1939.0]]}},{"type":"Feature","properties":{"id":"p:muros:2257","n":4,"sc":"#808080"},"geometry":{"type":"LineString","coordinates":[[1789.6,1926.4],[1804.6,1922.4],[1816.7,1913.5],[1825.0,1900.9],[1828.3,1885.8]]}},{"type":"Feature","properties":{"id":"p:muros:2258","n":1,"sc":"#808080"},"geometry":{"type":"LineString","coordinates":[[1810.1,1863.2],[1809.6,1807.0]]}},{"type":"Feature","properties":{"id":"p:muros:2259","n":1,"sc":"#808080"},"geometry":{"type":"LineString","coordinates":[[1937.8,1864.2],[2005.4,1863.7]]}},{"type":"Feature","properties":{"id":"p:muros:2260","n":1,"sc":"#808080"},"geometry":{"type":"LineString","coordinates":[[2005.4,1805.6],[1937.3,1805.6]]}},{"type":"Feature","properties":{"id":"p:muros:2261","n":1,"sc":"#808080"},"geometry":{"type":"LineString","coordinates":[[1788,1864.6],[1923.8,1864.2]]}},{"type":"Feature","properties":{"id":"p:muros:2262","n":1,"sc":"#808080"},"geometry":{"type":"LineString","coordinates":[[1923.8,1805.6],[1788,1806.6]]}},{"type":"Feature","properties":{"id":"p:muros:2263","n":1,"sc":"#808080"},"geometry":{"type":"LineString","coordinates":[[2005.4,1868.5],[1937.8,1869.0]]}},{"type":"Feature","properties":{"id":"p:muros:2264","n":1,"sc":"#808080"},"geometry":{"type":"LineString","coordinates":[[2005.4,1867.5],[1937.8,1868]]}},{"type":"Feature","properties":{"id":"p:muros:2265","n":1,"sc":"#808080"},"geometry":{"type":"LineString","coordinates":[[2004.5,1803.2],[1938.2,1803.2]]}},{"type":"Feature","properties":{"id":"p:muros:2266","n":1,"sc":"#808080"},"geometry":{"type":"LineString","coordinates":[[2004.5,1804.2],[1938.2,1804.2]]}},{"type":"Feature","properties":{"id":"p:muros:2267","n":1,"sc":"#808080"},"geometry":{"type":"LineString","coordinates":[[1923.8,1869.0],[1788,1869.4]]}},{"type":"Feature","properties":{"id":"p:muros:2268","n":1,"sc":"#808080"},"geometry":{"type":"LineString","coordinates":[[1923.8,1868],[1788,1868.5]]}},{"type":"Feature","properties":{"id":"p:muros:2269","n":1,"sc":"#808080"},"geometry":{"type":"LineString","coordinates":[[1922.9,1803.2],[1788.5,1804.2]]}},{"type":"Feature","properties":{"id":"p:muros:2270","n":1,"sc":"#808080"},"geometry":{"type":"LineString","coordinates":[[1922.9,1804.2],[1788.5,1805.1]]}},{"type":"Feature","properties":{"id":"p:muros:2271","n":1,"sc":"#808080"},"geometry":{"type":"LineString","coordinates":[[1726.1,1859.8],[1726.1,1811.8]]}},{"type":"Feature","properties":{"id":"p:muros:2272","n":1,"sc":"#808080"},"geometry":{"type":"LineString","coordinates":[[1684.8,1857.9],[1620.5,1857.9]]}},{"type":"Feature","properties":{"id":"p:muros:2273","n":1,"sc":"#808080"},"geometry":{"type":"LineString","coordinates":[[1620.5,1814.7],[1684.8,1814.2]]}},{"type":"Feature","properties":{"id":"p:muros:2274","n":1,"sc":"#808080"},"geometry":{"type":"LineString","coordinates":[[2175.4,1184],[2175.4,1238.2]]}},{"type":"Feature","properties":{"id":"p:muros:2275","n":1,"sc":"#808080"},"geometry":{"type":"LineString","coordinates":[[2232.5,1237.8],[2232.5,1183.5]]}},{"type":"Feature","properties":{"id":"p:muros:2276","n":1,"sc":"#808080"},"geometry":{"type":"LineString","coordinates":[[2178.2,1184],[2178.2,1238.2]]}},{"type":"Feature","properties":{"id":"p:muros:2277","n":1,"sc":"#808080"},"geometry":{"type":"LineString","coordinates":[[2229.6,1237.8],[2229.6,1184]]}},{"type":"Feature","properties":{"id":"p:muros:2278","n":1,"sc":"#808080"},"geometry":{"type":"LineString","coordinates":[[1670.9,1921.3],[1570.6,1921.8]]}},{"type":"Feature","properties":{"id":"p:muros:2279","n":1,"sc":"#808080"},"geometry":{"type":"LineString","coordinates":[[1570.6,1938.1],[1670.9,1937.6]]}},{"type":"Feature","properties":{"id":"p:muros:2280","n":1,"sc":"#808080"},"geometry":{"type":"LineString","coordinates":[[1582.6,1940.5],[1668.5,1940]]}},{"type":"Feature","properties":{"id":"p:muros:2281","n":1,"sc":"#808080"},"geometry":{"type":"LineString","coordinates":[[1668.5,1939.5],[1582.6,1940]]}},{"type":"Feature","properties":{"id":"p:muros:2282","n":1,"sc":"#808080"},"geometry":{"type":"LineString","coordinates":[[1659.4,1945.3],[1607.0,1945.3]]}},{"type":"Feature","properties":{"id":"p:muros:2283","n":1,"sc":"#808080"},"geometry":{"type":"LineString","coordinates":[[1659.4,1941.4],[1607.0,1941.4]]}},{"type":"Feature","properties":{"id":"p:muros:2284","n":1,"sc":"#808080"},"geometry":{"type":"LineString","coordinates":[[1659.4,1943.4],[1607.0,1943.4]]}},{"type":"Feature","properties":{"id":"p:muros:2285","n":1,"sc":"#808080"},"geometry":{"type":"LineString","coordinates":[[1582.6,1918.9],[1668.5,1918.9]]}},{"type":"Feature","properties":{"id":"p:muros:2286","n":1,"sc":"#808080"},"geometry":{"type":"LineString","coordinates":[[1668.5,1918.9],[1582.6,1919.4]]}},{"type":"Feature","properties":{"id":"p:muros:2287","n":1,"sc":"#808080"},"geometry":{"type":"LineString","coordinates":[[1659.4,1913.6],[1607.0,1913.6]]}},{"type":"Feature","properties":{"id":"p:muros:2288","n":1,"sc":"#808080"},"geometry":{"type":"LineString","coordinates":[[1659.4,1917.4],[1607.0,1917.4]]}},{"type":"Feature","properties":{"id":"p:muros:2289","n":1,"sc":"#808080"},"geometry":{"type":"LineString","coordinates":[[1659.4,1915.5],[1607.0,1915.5]]}},{"type":"Feature","properties":{"id":"p:muros:2290","n":1,"sc":"#808080"},"geometry":{"type":"LineString","coordinates":[[1493.3,1939.5],[1554.2,1939.5]]}},{"type":"Feature","properties":{"id":"p:muros:2291","n":1,"sc":"#808080"},"geometry":{"type":"LineString","coordinates":[[1554.2,1920.3],[1493.3,1920.3]]}},{"type":"Feature","properties":{"id":"p:muros:2292","n":1,"sc":"#808080"},"geometry":{"type":"LineString","coordinates":[[1568.6,1920.8],[1487.0,1921.3]]}},{"type":"Feature","properties":{"id":"p:muros:2293","n":1,"sc":"#808080"},"geometry":{"type":"LineString","coordinates":[[1567.2,1921.8],[1488,1922.2]]}},{"type":"Feature","properties":{"id":"p:muros:2294","n":1,"sc":"#808080"},"geometry":{"type":"LineString","coordinates":[[1568.6,1938.6],[1487.0,1939.0]]}},{"type":"Feature","properties":{"id":"p:muros:2295","n":1,"sc":"#808080"},"geometry":{"type":"LineString","coordinates":[[1567.2,1937.6],[1488,1938.1]]}},{"type":"Feature","properties":{"id":"p:muros:2296","n":1,"sc":"#808080"},"geometry":{"type":"LineString","coordinates":[[1547.5,1916.5],[1498.6,1916.5]]}},{"type":"Feature","properties":{"id":"p:muros:2297","n":1,"sc":"#808080"},"geometry":{"type":"LineString","coordinates":[[1498.6,1917.0],[1547.5,1917.0]]}},{"type":"Feature","properties":{"id":"p:muros:2298","n":1,"sc":"#808080"},"geometry":{"type":"LineString","coordinates":[[1547.5,1943.4],[1498.6,1943.4]]}},{"type":"Feature","properties":{"id":"p:muros:2299","n":1,"sc":"#808080"},"geometry":{"type":"LineString","coordinates":[[1498.6,1942.9],[1547.5,1942.9]]}},{"type":"Feature","properties":{"id":"p:muros:2300","n":1,"sc":"#808080"},"geometry":{"type":"LineString","coordinates":[[1548,1917.4],[1498.1,1917.4]]}},{"type":"Feature","properties":{"id":"p:muros:2301","n":1,"sc":"#808080"},"geometry":{"type":"LineString","coordinates":[[1552.8,1915.5],[1493.3,1915.5]]}},{"type":"Feature","properties":{"id":"p:muros:2302","n":1,"sc":"#808080"},"geometry":{"type":"LineString","coordinates":[[1548,1942.4],[1498.1,1942.4]]}},{"type":"Feature","properties":{"id":"p:muros:2303","n":1,"sc":"#808080"},"geometry":{"type":"LineString","coordinates":[[1552.8,1944.3],[1493.3,1944.3]]}},{"type":"Feature","properties":{"id":"p:muros:2304","n":1,"sc":"#808080"},"geometry":{"type":"LineString","coordinates":[[1552.8,1941.4],[1493.3,1941.9]]}},{"type":"Feature","properties":{"id":"p:muros:2305","n":1,"sc":"#808080"},"geometry":{"type":"LineString","coordinates":[[1552.8,1941.4],[1493.3,1941.9]]}},{"type":"Feature","properties":{"id":"p:muros:2306","n":1,"sc":"#808080"},"geometry":{"type":"LineString","coordinates":[[1552.8,1917.9],[1493.3,1918.4]]}},{"type":"Feature","properties":{"id":"p:muros:2307","n":1,"sc":"#808080"},"geometry":{"type":"LineString","coordinates":[[1552.8,1917.9],[1493.3,1918.4]]}},{"type":"Feature","properties":{"id":"p:muros:2308","n":1,"sc":"#808080"},"geometry":{"type":"LineString","coordinates":[[2249.3,1358.2],[2195.0,1358.2]]}},{"type":"Feature","properties":{"id":"p:muros:2309","n":1,"sc":"#808080"},"geometry":{"type":"LineString","coordinates":[[2195.5,1415.4],[2249.8,1414.9]]}},{"type":"Feature","properties":{"id":"p:muros:2310","n":1,"sc":"#808080"},"geometry":{"type":"LineString","coordinates":[[2249.3,1360.6],[2195.0,1361.1]]}},{"type":"Feature","properties":{"id":"p:muros:2311","n":1,"sc":"#808080"},"geometry":{"type":"LineString","coordinates":[[2195.5,1412.5],[2249.8,1412.5]]}},{"type":"Feature","properties":{"id":"p:muros:2312","n":1,"sc":"#808080"},"geometry":{"type":"LineString","coordinates":[[2249.8,1416.3],[2195.5,1416.3]]}},{"type":"Feature","properties":{"id":"p:muros:2313","n":1,"sc":"#808080"},"geometry":{"type":"LineString","coordinates":[[2195.5,1473.4],[2249.8,1473.4]]}},{"type":"Feature","properties":{"id":"p:muros:2314","n":1,"sc":"#808080"},"geometry":{"type":"LineString","coordinates":[[2249.8,1418.7],[2195.5,1419.2]]}},{"type":"Feature","properties":{"id":"p:muros:2315","n":1,"sc":"#808080"},"geometry":{"type":"LineString","coordinates":[[2195.5,1470.6],[2249.8,1470.6]]}},{"type":"Feature","properties":{"id":"p:muros:2316","n":1,"sc":"#808080"},"geometry":{"type":"LineString","coordinates":[[2249.8,1474.4],[2195.5,1474.4]]}},{"type":"Feature","properties":{"id":"p:muros:2317","n":1,"sc":"#808080"},"geometry":{"type":"LineString","coordinates":[[2196,1531.5],[2250.2,1531.5]]}},{"type":"Feature","properties":{"id":"p:muros:2318","n":1,"sc":"#808080"},"geometry":{"type":"LineString","coordinates":[[2249.8,1477.3],[2195.5,1477.3]]}},{"type":"Feature","properties":{"id":"p:muros:2319","n":1,"sc":"#808080"},"geometry":{"type":"LineString","coordinates":[[2196,1528.6],[2250.2,1528.6]]}},{"type":"Feature","properties":{"id":"p:muros:2320","n":1,"sc":"#808080"},"geometry":{"type":"LineString","coordinates":[[2250.2,1532.5],[2196,1532.5]]}},{"type":"Feature","properties":{"id":"p:muros:2321","n":1,"sc":"#808080"},"geometry":{"type":"LineString","coordinates":[[2196,1589.6],[2250.2,1589.6]]}},{"type":"Feature","properties":{"id":"p:muros:2322","n":1,"sc":"#808080"},"geometry":{"type":"LineString","coordinates":[[2250.2,1535.4],[2196,1535.4]]}},{"type":"Feature","properties":{"id":"p:muros:2323","n":1,"sc":"#808080"},"geometry":{"type":"LineString","coordinates":[[2196,1587.2],[2250.2,1586.7]]}},{"type":"Feature","properties":{"id":"p:muros:2324","n":1,"sc":"#808080"},"geometry":{"type":"LineString","coordinates":[[2250.2,1590.6],[2196,1591.0]]}},{"type":"Feature","properties":{"id":"p:muros:2325","n":1,"sc":"#808080"},"geometry":{"type":"LineString","coordinates":[[2196.5,1648.2],[2250.7,1647.7]]}},{"type":"Feature","properties":{"id":"p:muros:2326","n":1,"sc":"#808080"},"geometry":{"type":"LineString","coordinates":[[2250.2,1593.4],[2196,1593.9]]}},{"type":"Feature","properties":{"id":"p:muros:2327","n":1,"sc":"#808080"},"geometry":{"type":"LineString","coordinates":[[2196.5,1645.3],[2250.7,1644.8]]}},{"type":"Feature","properties":{"id":"p:muros:2328","n":1,"sc":"#808080"},"geometry":{"type":"LineString","coordinates":[[2250.7,1648.6],[2196.5,1649.1]]}},{"type":"Feature","properties":{"id":"p:muros:2329","n":1,"sc":"#808080"},"geometry":{"type":"LineString","coordinates":[[2197.0,1706.2],[2250.7,1705.8]]}},{"type":"Feature","properties":{"id":"p:muros:2330","n":1,"sc":"#808080"},"geometry":{"type":"LineString","coordinates":[[2250.7,1651.5],[2196.5,1652]]}},{"type":"Feature","properties":{"id":"p:muros:2331","n":1,"sc":"#808080"},"geometry":{"type":"LineString","coordinates":[[2197.0,1703.4],[2250.7,1703.4]]}},{"type":"Feature","properties":{"id":"p:muros:2332","n":1,"sc":"#808080"},"geometry":{"type":"LineString","coordinates":[[2250.7,1707.2],[2196.5,1707.2]]}},{"type":"Feature","properties":{"id":"p:muros:2333","n":1,"sc":"#808080"},"geometry":{"type":"LineString","coordinates":[[2197.0,1764.3],[2251.2,1763.8]]}},{"type":"Feature","properties":{"id":"p:muros:2334","n":1,"sc":"#808080"},"geometry":{"type":"LineString","coordinates":[[2250.7,1709.6],[2197.0,1710.1]]}},{"type":"Feature","properties":{"id":"p:muros:2335","n":1,"sc":"#808080"},"geometry":{"type":"LineString","coordinates":[[2197.0,1761.4],[2251.2,1761.4]]}},{"type":"Feature","properties":{"id":"p:muros:2336","n":1,"sc":"#808080"},"geometry":{"type":"LineString","coordinates":[[2251.2,1765.3],[2197.0,1765.3]]}},{"type":"Feature","properties":{"id":"p:muros:2337","n":1,"sc":"#808080"},"geometry":{"type":"LineString","coordinates":[[2197.0,1822.4],[2251.2,1822.4]]}},{"type":"Feature","properties":{"id":"p:muros:2338","n":1,"sc":"#808080"},"geometry":{"type":"LineString","coordinates":[[2251.2,1767.7],[2197.0,1768.2]]}},{"type":"Feature","properties":{"id":"p:muros:2339","n":1,"sc":"#808080"},"geometry":{"type":"LineString","coordinates":[[2197.0,1819.5],[2251.2,1819.5]]}},{"type":"Feature","properties":{"id":"p:muros:2340","n":1,"sc":"#808080"},"geometry":{"type":"LineString","coordinates":[[2251.2,1823.4],[2197.0,1823.4]]}},{"type":"Feature","properties":{"id":"p:muros:2341","n":1,"sc":"#808080"},"geometry":{"type":"LineString","coordinates":[[2197.4,1880.5],[2251.7,1880.5]]}},{"type":"Feature","properties":{"id":"p:muros:2342","n":1,"sc":"#808080"},"geometry":{"type":"LineString","coordinates":[[2251.2,1826.2],[2197.0,1826.2]]}},{"type":"Feature","properties":{"id":"p:muros:2343","n":1,"sc":"#808080"},"geometry":{"type":"LineString","coordinates":[[2197.4,1877.6],[2251.7,1877.6]]}},{"type":"Feature","properties":{"id":"p:muros:2344","n":4,"sc":"#808080"},"geometry":{"type":"LineString","coordinates":[[1300.8,1713.0],[1300.8,1776.8],[1336.3,1776.8],[1336.3,1712.5],[1300.8,1713.0]]}},{"type":"Feature","properties":{"id":"p:muros:2345","n":1,"sc":"#808080"},"geometry":{"type":"LineString","coordinates":[[1306.1,1712.5],[1306.6,1776.8]]}},{"type":"Feature","properties":{"id":"p:muros:2346","n":1,"sc":"#808080"},"geometry":{"type":"LineString","coordinates":[[1330.6,1712.5],[1331.0,1776.8]]}},{"type":"Feature","properties":{"id":"p:muros:2347","n":1,"sc":"#808080"},"geometry":{"type":"LineString","coordinates":[[2166.2,1123.0],[2166.7,1182.1]]}},{"type":"Feature","properties":{"id":"p:muros:2348","n":1,"sc":"#808080"},"geometry":{"type":"LineString","coordinates":[[2240.2,1182.1],[2239.7,1122.6]]}},{"type":"Feature","properties":{"id":"p:muros:2349","n":1,"sc":"#808080"},"geometry":{"type":"LineString","coordinates":[[2244,1160],[2244,1209.4]]}},{"type":"Feature","properties":{"id":"p:muros:2350","n":1,"sc":"#808080"},"geometry":{"type":"LineString","coordinates":[[2248.3,1207.5],[2248.3,1158.1]]}},{"type":"Feature","properties":{"id":"p:muros:2351","n":1,"sc":"#808080"},"geometry":{"type":"LineString","coordinates":[[2158.1,1158.6],[2158.1,1208]]}},{"type":"Feature","properties":{"id":"p:muros:2352","n":1,"sc":"#808080"},"geometry":{"type":"LineString","coordinates":[[2162.4,1209.9],[2162.4,1160.5]]}},{"type":"Feature","properties":{"id":"p:muros:2353","n":1,"sc":"#808080"},"geometry":{"type":"LineString","coordinates":[[2173.0,1122.1],[2233.0,1121.6]]}},{"type":"Feature","properties":{"id":"p:muros:2354","n":1,"sc":"#808080"},"geometry":{"type":"LineString","coordinates":[[2173.0,1124.5],[2233.0,1124.5]]}},{"type":"Feature","properties":{"id":"p:muros:2355","n":1,"sc":"#808080"},"geometry":{"type":"LineString","coordinates":[[2263.2,1024.2],[2264.2,1253.1]]}},{"type":"Feature","properties":{"id":"p:muros:2356","n":1,"sc":"#808080"},"geometry":{"type":"LineString","coordinates":[[2259.8,1253.6],[2258.9,1024.2]]}},{"type":"Feature","properties":{"id":"p:muros:2357","n":1,"sc":"#808080"},"geometry":{"type":"LineString","coordinates":[[2062.6,1087.0],[2125.9,1087.0]]}},{"type":"Feature","properties":{"id":"p:muros:2358","n":1,"sc":"#808080"},"geometry":{"type":"LineString","coordinates":[[2062.6,1087.0],[2133.6,1087.0]]}},{"type":"Feature","properties":{"id":"p:muros:2359","n":1,"sc":"#808080"},"geometry":{"type":"LineString","coordinates":[[2062.6,1088],[2125.9,1088]]}},{"type":"Feature","properties":{"id":"p:muros:2360","n":1,"sc":"#808080"},"geometry":{"type":"LineString","coordinates":[[2062.6,1050.1],[2125.4,1049.6]]}},{"type":"Feature","properties":{"id":"p:muros:2361","n":1,"sc":"#808080"},"geometry":{"type":"LineString","coordinates":[[2062.6,1051.0],[2125.4,1050.6]]}},{"type":"Feature","properties":{"id":"p:muros:2362","n":1,"sc":"#808080"},"geometry":{"type":"LineString","coordinates":[[2062.6,1051.0],[2137.0,1050.6]]}},{"type":"Feature","properties":{"id":"p:muros:2363","n":1,"sc":"#808080"},"geometry":{"type":"LineString","coordinates":[[2005.0,1051.0],[2062.6,1051.0]]}},{"type":"Feature","properties":{"id":"p:muros:2364","n":1,"sc":"#808080"},"geometry":{"type":"LineString","coordinates":[[2062.6,1050.1],[2007.4,1050.1]]}},{"type":"Feature","properties":{"id":"p:muros:2365","n":1,"sc":"#808080"},"geometry":{"type":"LineString","coordinates":[[2007.4,1088.5],[2062.6,1088]]}},{"type":"Feature","properties":{"id":"p:muros:2366","n":1,"sc":"#808080"},"geometry":{"type":"LineString","coordinates":[[2062.6,1087.0],[2005.0,1087.5]]}},{"type":"Feature","properties":{"id":"p:muros:2367","n":4,"sc":"#808080"},"geometry":{"type":"LineString","coordinates":[[1433.3,1741.3],[1433.3,1714.4],[1392.5,1714.4],[1392.5,1741.8],[1433.3,1741.3]]}},{"type":"Feature","properties":{"id":"p:muros:2368","n":1,"sc":"#808080"},"geometry":{"type":"LineString","coordinates":[[1547.0,1716.3],[1438.6,1716.8]]}},{"type":"Feature","properties":{"id":"p:muros:2369","n":1,"sc":"#808080"},"geometry":{"type":"LineString","coordinates":[[1438.6,1741.3],[1547.5,1740.8]]}},{"type":"Feature","properties":{"id":"p:muros:2370","n":1,"sc":"#808080"},"geometry":{"type":"LineString","coordinates":[[1548.5,1715.4],[1437.1,1715.8]]}},{"type":"Feature","properties":{"id":"p:muros:2371","n":1,"sc":"#808080"},"geometry":{"type":"LineString","coordinates":[[1437.6,1742.2],[1548.5,1741.8]]}},{"type":"Feature","properties":{"id":"p:muros:2372","n":1,"sc":"#808080"},"geometry":{"type":"LineString","coordinates":[[1021.0,2752.6],[664.3,1682.7]]}},{"type":"Feature","properties":{"id":"p:muros:2373","n":2,"sc":"#000000"},"geometry":{"type":"LineString","coordinates":[[2621.3,3490.4],[2789.8,3490.4],[2869.0,3490.4]]}},{"type":"Feature","properties":{"id":"p:muros:2374","n":1,"sc":"#000000"},"geometry":{"type":"LineString","coordinates":[[2786.9,3336.8],[2786.9,3515.4]]}},{"type":"Feature","properties":{"id":"p:muros:2375","n":1,"sc":"#000000"},"geometry":{"type":"LineString","coordinates":[[2791.7,3336.8],[2791.7,3515.4]]}},{"type":"Feature","properties":{"id":"p:muros:2376","n":2,"sc":"#000000"},"geometry":{"type":"LineString","coordinates":[[2956.3,3490.4],[2789.8,3490.4],[2711.0,3490.4]]}}]}