{"type":"FeatureCollection","name":"plano-agua-salada","metadata":{"source_pdf":"AQUA014-HID-PL-015_C1.pdf","render_size_px":[6272,3600],"coord_system":"render-px (pixels of plano-base.png)","extracted_at":"2026-05-28T01:41:27Z","n_features":858,"n_segments":4708},"features":[{"type":"Feature","properties":{"id":"p:agua-salada:0","n":1,"sc":"#00ffff"},"geometry":{"type":"LineString","coordinates":[[3249.1,1043.8],[3313.9,1043.8]]}},{"type":"Feature","properties":{"id":"p:agua-salada:1","n":1,"sc":"#00ffff"},"geometry":{"type":"LineString","coordinates":[[3246.2,1115.8],[3311.5,1115.8]]}},{"type":"Feature","properties":{"id":"p:agua-salada:2","n":1,"sc":"#00ffff"},"geometry":{"type":"LineString","coordinates":[[3234.2,1036.2],[3152.6,1036.2]]}},{"type":"Feature","properties":{"id":"p:agua-salada:3","n":1,"sc":"#00ffff"},"geometry":{"type":"LineString","coordinates":[[4232.2,807.2],[4068.5,807.2]]}},{"type":"Feature","properties":{"id":"p:agua-salada:4","n":1,"sc":"#00ffff"},"geometry":{"type":"LineString","coordinates":[[2983.7,679.5],[2983.7,806.7]]}},{"type":"Feature","properties":{"id":"p:agua-salada:5","n":1,"sc":"#00ffff"},"geometry":{"type":"LineString","coordinates":[[2929.9,837.9],[2986.6,837.9]]}},{"type":"Feature","properties":{"id":"p:agua-salada:6","n":1,"sc":"#00ffff"},"geometry":{"type":"LineString","coordinates":[[2793.6,1027.5],[2793.6,679.5]]}},{"type":"Feature","properties":{"id":"p:agua-salada:7","n":1,"sc":"#00ffff"},"geometry":{"type":"LineString","coordinates":[[2342.4,1063.0],[2342.4,679.5]]}},{"type":"Feature","properties":{"id":"p:agua-salada:8","n":1,"sc":"#00ffff"},"geometry":{"type":"LineString","coordinates":[[1800,727.0],[2012.2,727.5]]}},{"type":"Feature","properties":{"id":"p:agua-salada:9","n":1,"sc":"#00ffff"},"geometry":{"type":"LineString","coordinates":[[3759.4,2307.7],[3824.6,2308.2]]}},{"type":"Feature","properties":{"id":"p:agua-salada:10","n":1,"sc":"#00ffff"},"geometry":{"type":"LineString","coordinates":[[2762.9,1058.7],[2819.5,1058.7]]}},{"type":"Feature","properties":{"id":"p:agua-salada:11","n":1,"sc":"#00ffff"},"geometry":{"type":"LineString","coordinates":[[2642.9,1158.6],[2707.7,1158.6]]}},{"type":"Feature","properties":{"id":"p:agua-salada:12","n":1,"sc":"#00ffff"},"geometry":{"type":"LineString","coordinates":[[2587.7,1092.3],[2644.3,1092.3]]}},{"type":"Feature","properties":{"id":"p:agua-salada:13","n":1,"sc":"#00ffff"},"geometry":{"type":"LineString","coordinates":[[2470.6,1090.9],[2527.2,1090.9]]}},{"type":"Feature","properties":{"id":"p:agua-salada:14","n":1,"sc":"#00ffff"},"geometry":{"type":"LineString","coordinates":[[2284.8,1088.5],[2349.6,1088.5]]}},{"type":"Feature","properties":{"id":"p:agua-salada:15","n":1,"sc":"#00ffff"},"geometry":{"type":"LineString","coordinates":[[2881.0,573.0],[2945.8,573.0]]}},{"type":"Feature","properties":{"id":"p:agua-salada:16","n":1,"sc":"#00ffff"},"geometry":{"type":"LineString","coordinates":[[2776.8,571.5],[2833.9,571.5]]}},{"type":"Feature","properties":{"id":"p:agua-salada:17","n":1,"sc":"#00ffff"},"geometry":{"type":"LineString","coordinates":[[2293.0,816.8],[2293.0,752]]}},{"type":"Feature","properties":{"id":"p:agua-salada:18","n":1,"sc":"#00ffff"},"geometry":{"type":"LineString","coordinates":[[1726.6,735.2],[1783.2,735.2]]}},{"type":"Feature","properties":{"id":"p:agua-salada:19","n":1,"sc":"#00ffff"},"geometry":{"type":"LineString","coordinates":[[1590.2,868.2],[1646.9,868.2]]}},{"type":"Feature","properties":{"id":"p:agua-salada:20","n":1,"sc":"#00ffff"},"geometry":{"type":"LineString","coordinates":[[1430.4,833.1],[1487.0,833.1]]}},{"type":"Feature","properties":{"id":"p:agua-salada:21","n":1,"sc":"#00ffff"},"geometry":{"type":"LineString","coordinates":[[1571.0,1161.9],[1571.0,1096.6]]}},{"type":"Feature","properties":{"id":"p:agua-salada:22","n":1,"sc":"#00ffff"},"geometry":{"type":"LineString","coordinates":[[1260,1390.4],[1316.6,1390.4]]}},{"type":"Feature","properties":{"id":"p:agua-salada:23","n":1,"sc":"#00ffff"},"geometry":{"type":"LineString","coordinates":[[3793.9,2272.2],[3793.9,2054.7]]}},{"type":"Feature","properties":{"id":"p:agua-salada:24","n":1,"sc":"#00ffff"},"geometry":{"type":"LineString","coordinates":[[2878.1,679.5],[2878.1,587.4]]}},{"type":"Feature","properties":{"id":"p:agua-salada:25","n":1,"sc":"#00ffff"},"geometry":{"type":"LineString","coordinates":[[2840.2,679.5],[2840.2,587.4]]}},{"type":"Feature","properties":{"id":"p:agua-salada:26","n":1,"sc":"#00ffff"},"geometry":{"type":"LineString","coordinates":[[2277.1,734.2],[2277.1,679.5]]}},{"type":"Feature","properties":{"id":"p:agua-salada:27","n":1,"sc":"#00ffff"},"geometry":{"type":"LineString","coordinates":[[1664.2,861.9],[2012.2,861.9]]}},{"type":"Feature","properties":{"id":"p:agua-salada:28","n":1,"sc":"#00ffff"},"geometry":{"type":"LineString","coordinates":[[1501.0,825.9],[2012.2,825.9]]}},{"type":"Feature","properties":{"id":"p:agua-salada:29","n":1,"sc":"#00ffff"},"geometry":{"type":"LineString","coordinates":[[1549.9,1169.1],[1549.4,1223.4]]}},{"type":"Feature","properties":{"id":"p:agua-salada:30","n":1,"sc":"#00ffff"},"geometry":{"type":"LineString","coordinates":[[1439.5,1402.9],[1310.4,1402.9]]}},{"type":"Feature","properties":{"id":"p:agua-salada:31","n":1,"sc":"#00ffff"},"geometry":{"type":"LineString","coordinates":[[1986.2,342.6],[1986.2,277.8]]}},{"type":"Feature","properties":{"id":"p:agua-salada:32","n":3,"sc":"#00ffff","fc":"#00ffff"},"geometry":{"type":"LineString","coordinates":[[2012.2,347.4],[2013.1,347.4],[2010.2,347.4],[2012.2,347.4]]}},{"type":"Feature","properties":{"id":"p:agua-salada:33","n":6,"sc":"#00ffff","fc":"#00ffff"},"geometry":{"type":"MultiLineString","coordinates":[[[2013.1,347.4],[2010.2,347.4],[2014.6,347.4],[2013.1,347.4]],[[2010.2,347.4],[2014.6,347.4],[2009.3,347.4],[2010.2,347.4]]]}},{"type":"Feature","properties":{"id":"p:agua-salada:34","n":6,"sc":"#00ffff","fc":"#00ffff"},"geometry":{"type":"MultiLineString","coordinates":[[[2014.6,347.4],[2009.3,347.4],[2015.0,347.8],[2014.6,347.4]],[[2009.3,347.4],[2015.0,347.8],[2008.3,347.8],[2009.3,347.4]]]}},{"type":"Feature","properties":{"id":"p:agua-salada:35","n":6,"sc":"#00ffff","fc":"#00ffff"},"geometry":{"type":"MultiLineString","coordinates":[[[2015.0,347.8],[2008.3,347.8],[2016.5,348.3],[2015.0,347.8]],[[2008.3,347.8],[2016.5,348.3],[2007.4,348.3],[2008.3,347.8]]]}},{"type":"Feature","properties":{"id":"p:agua-salada:36","n":6,"sc":"#00ffff","fc":"#00ffff"},"geometry":{"type":"MultiLineString","coordinates":[[[2016.5,348.3],[2007.4,348.3],[2017.0,348.8],[2016.5,348.3]],[[2007.4,348.3],[2017.0,348.8],[2006.4,348.8],[2007.4,348.3]]]}},{"type":"Feature","properties":{"id":"p:agua-salada:37","n":6,"sc":"#00ffff","fc":"#00ffff"},"geometry":{"type":"MultiLineString","coordinates":[[[2017.0,348.8],[2006.4,348.8],[2017.9,349.3],[2017.0,348.8]],[[2006.4,348.8],[2017.9,349.3],[2005.4,349.3],[2006.4,348.8]]]}},{"type":"Feature","properties":{"id":"p:agua-salada:38","n":6,"sc":"#00ffff","fc":"#00ffff"},"geometry":{"type":"MultiLineString","coordinates":[[[2017.9,349.3],[2005.4,349.3],[2018.9,349.8],[2017.9,349.3]],[[2005.4,349.3],[2018.9,349.8],[2004.5,349.8],[2005.4,349.3]]]}},{"type":"Feature","properties":{"id":"p:agua-salada:39","n":6,"sc":"#00ffff","fc":"#00ffff"},"geometry":{"type":"MultiLineString","coordinates":[[[2018.9,349.8],[2004.5,349.8],[2019.8,350.7],[2018.9,349.8]],[[2004.5,349.8],[2019.8,350.7],[2004,350.7],[2004.5,349.8]]]}},{"type":"Feature","properties":{"id":"p:agua-salada:40","n":6,"sc":"#00ffff","fc":"#00ffff"},"geometry":{"type":"MultiLineString","coordinates":[[[2019.8,350.7],[2004,350.7],[2020.3,351.2],[2019.8,350.7]],[[2004,350.7],[2020.3,351.2],[2003.0,351.2],[2004,350.7]]]}},{"type":"Feature","properties":{"id":"p:agua-salada:41","n":6,"sc":"#00ffff","fc":"#00ffff"},"geometry":{"type":"MultiLineString","coordinates":[[[2020.3,351.2],[2003.0,351.2],[2020.8,352.2],[2020.3,351.2]],[[2003.0,351.2],[2020.8,352.2],[2002.6,352.2],[2003.0,351.2]]]}},{"type":"Feature","properties":{"id":"p:agua-salada:42","n":6,"sc":"#00ffff","fc":"#00ffff"},"geometry":{"type":"MultiLineString","coordinates":[[[2020.8,352.2],[2002.6,352.2],[2021.3,353.1],[2020.8,352.2]],[[2002.6,352.2],[2021.3,353.1],[2002.1,353.1],[2002.6,352.2]]]}},{"type":"Feature","properties":{"id":"p:agua-salada:43","n":6,"sc":"#00ffff","fc":"#00ffff"},"geometry":{"type":"MultiLineString","coordinates":[[[2021.3,353.1],[2002.1,353.1],[2021.8,354.1],[2021.3,353.1]],[[2002.1,353.1],[2021.8,354.1],[2001.6,354.1],[2002.1,353.1]]]}},{"type":"Feature","properties":{"id":"p:agua-salada:44","n":6,"sc":"#00ffff","fc":"#00ffff"},"geometry":{"type":"MultiLineString","coordinates":[[[2021.8,354.1],[2001.6,354.1],[2022.2,355.0],[2021.8,354.1]],[[2001.6,354.1],[2022.2,355.0],[2001.6,355.0],[2001.6,354.1]]]}},{"type":"Feature","properties":{"id":"p:agua-salada:45","n":6,"sc":"#00ffff","fc":"#00ffff"},"geometry":{"type":"MultiLineString","coordinates":[[[2022.2,355.0],[2001.6,355.0],[2022.7,356],[2022.2,355.0]],[[2001.6,355.0],[2022.7,356],[2001.1,356],[2001.6,355.0]]]}},{"type":"Feature","properties":{"id":"p:agua-salada:46","n":6,"sc":"#00ffff","fc":"#00ffff"},"geometry":{"type":"MultiLineString","coordinates":[[[2022.7,356],[2001.1,356],[2022.7,357.0],[2022.7,356]],[[2001.1,356],[2022.7,357.0],[2001.1,357.0],[2001.1,356]]]}},{"type":"Feature","properties":{"id":"p:agua-salada:47","n":6,"sc":"#00ffff","fc":"#00ffff"},"geometry":{"type":"MultiLineString","coordinates":[[[2022.7,357.0],[2001.1,357.0],[2022.7,357.9],[2022.7,357.0]],[[2001.1,357.0],[2022.7,357.9],[2001.1,357.9],[2001.1,357.0]]]}},{"type":"Feature","properties":{"id":"p:agua-salada:48","n":6,"sc":"#00ffff","fc":"#00ffff"},"geometry":{"type":"MultiLineString","coordinates":[[[2022.7,357.9],[2001.1,357.9],[2022.7,359.4],[2022.7,357.9]],[[2001.1,357.9],[2022.7,359.4],[2001.1,359.4],[2001.1,357.9]]]}},{"type":"Feature","properties":{"id":"p:agua-salada:49","n":6,"sc":"#00ffff","fc":"#00ffff"},"geometry":{"type":"MultiLineString","coordinates":[[[2022.7,359.4],[2001.1,359.4],[2022.7,360.3],[2022.7,359.4]],[[2001.1,359.4],[2022.7,360.3],[2001.1,360.3],[2001.1,359.4]]]}},{"type":"Feature","properties":{"id":"p:agua-salada:50","n":6,"sc":"#00ffff","fc":"#00ffff"},"geometry":{"type":"MultiLineString","coordinates":[[[2022.7,360.3],[2001.1,360.3],[2022.2,361.3],[2022.7,360.3]],[[2001.1,360.3],[2022.2,361.3],[2001.6,361.3],[2001.1,360.3]]]}},{"type":"Feature","properties":{"id":"p:agua-salada:51","n":6,"sc":"#00ffff","fc":"#00ffff"},"geometry":{"type":"MultiLineString","coordinates":[[[2022.2,361.3],[2001.6,361.3],[2021.8,362.2],[2022.2,361.3]],[[2001.6,361.3],[2021.8,362.2],[2001.6,362.2],[2001.6,361.3]]]}},{"type":"Feature","properties":{"id":"p:agua-salada:52","n":6,"sc":"#00ffff","fc":"#00ffff"},"geometry":{"type":"MultiLineString","coordinates":[[[2021.8,362.2],[2001.6,362.2],[2021.3,363.2],[2021.8,362.2]],[[2001.6,362.2],[2021.3,363.2],[2002.1,363.2],[2001.6,362.2]]]}},{"type":"Feature","properties":{"id":"p:agua-salada:53","n":6,"sc":"#00ffff","fc":"#00ffff"},"geometry":{"type":"MultiLineString","coordinates":[[[2021.3,363.2],[2002.1,363.2],[2020.8,364.2],[2021.3,363.2]],[[2002.1,363.2],[2020.8,364.2],[2002.6,364.2],[2002.1,363.2]]]}},{"type":"Feature","properties":{"id":"p:agua-salada:54","n":6,"sc":"#00ffff","fc":"#00ffff"},"geometry":{"type":"MultiLineString","coordinates":[[[2020.8,364.2],[2002.6,364.2],[2020.3,364.6],[2020.8,364.2]],[[2002.6,364.2],[2020.3,364.6],[2003.0,364.6],[2002.6,364.2]]]}},{"type":"Feature","properties":{"id":"p:agua-salada:55","n":6,"sc":"#00ffff","fc":"#00ffff"},"geometry":{"type":"MultiLineString","coordinates":[[[2020.3,364.6],[2003.0,364.6],[2019.8,365.6],[2020.3,364.6]],[[2003.0,364.6],[2019.8,365.6],[2004,365.6],[2003.0,364.6]]]}},{"type":"Feature","properties":{"id":"p:agua-salada:56","n":6,"sc":"#00ffff","fc":"#00ffff"},"geometry":{"type":"MultiLineString","coordinates":[[[2019.8,365.6],[2004,365.6],[2018.9,366.1],[2019.8,365.6]],[[2004,365.6],[2018.9,366.1],[2004.5,366.1],[2004,365.6]]]}},{"type":"Feature","properties":{"id":"p:agua-salada:57","n":6,"sc":"#00ffff","fc":"#00ffff"},"geometry":{"type":"MultiLineString","coordinates":[[[2018.9,366.1],[2004.5,366.1],[2017.9,367.0],[2018.9,366.1]],[[2004.5,366.1],[2017.9,367.0],[2005.4,367.0],[2004.5,366.1]]]}},{"type":"Feature","properties":{"id":"p:agua-salada:58","n":6,"sc":"#00ffff","fc":"#00ffff"},"geometry":{"type":"MultiLineString","coordinates":[[[2017.9,367.0],[2005.4,367.0],[2017.0,367.5],[2017.9,367.0]],[[2005.4,367.0],[2017.0,367.5],[2006.4,367.5],[2005.4,367.0]]]}},{"type":"Feature","properties":{"id":"p:agua-salada:59","n":6,"sc":"#00ffff","fc":"#00ffff"},"geometry":{"type":"MultiLineString","coordinates":[[[2017.0,367.5],[2006.4,367.5],[2016.5,368],[2017.0,367.5]],[[2006.4,367.5],[2016.5,368],[2007.4,368],[2006.4,367.5]]]}},{"type":"Feature","properties":{"id":"p:agua-salada:60","n":6,"sc":"#00ffff","fc":"#00ffff"},"geometry":{"type":"MultiLineString","coordinates":[[[2016.5,368],[2007.4,368],[2015.0,368.5],[2016.5,368]],[[2007.4,368],[2015.0,368.5],[2008.3,368.5],[2007.4,368]]]}},{"type":"Feature","properties":{"id":"p:agua-salada:61","n":6,"sc":"#00ffff","fc":"#00ffff"},"geometry":{"type":"MultiLineString","coordinates":[[[2015.0,368.5],[2008.3,368.5],[2014.6,368.5],[2015.0,368.5]],[[2008.3,368.5],[2014.6,368.5],[2009.3,368.5],[2008.3,368.5]]]}},{"type":"Feature","properties":{"id":"p:agua-salada:62","n":6,"sc":"#00ffff","fc":"#00ffff"},"geometry":{"type":"MultiLineString","coordinates":[[[2009.3,368.5],[2010.2,369.0],[2013.1,369.0],[2009.3,368.5]],[[2010.2,369.0],[2013.1,369.0],[2012.2,369.0],[2010.2,369.0]]]}},{"type":"Feature","properties":{"id":"p:agua-salada:63","n":3,"sc":"#00ffff","fc":"#00ffff"},"geometry":{"type":"LineString","coordinates":[[2009.3,368.5],[2014.6,368.5],[2013.1,369.0],[2009.3,368.5]]}},{"type":"Feature","properties":{"id":"p:agua-salada:64","n":1,"sc":"#00ffff"},"geometry":{"type":"LineString","coordinates":[[2018.4,342.6],[2018.4,277.8]]}},{"type":"Feature","properties":{"id":"p:agua-salada:65","n":2,"sc":"#00ffff"},"geometry":{"type":"LineString","coordinates":[[1981.4,357.9],[1981.4,695.4],[2012.2,695.4]]}},{"type":"Feature","properties":{"id":"p:agua-salada:66","n":1,"sc":"#00ffff"},"geometry":{"type":"LineString","coordinates":[[2011.7,357.4],[2012.2,679.5]]}},{"type":"Feature","properties":{"id":"p:agua-salada:67","n":1,"sc":"#00ffff"},"geometry":{"type":"LineString","coordinates":[[2325.1,2716.6],[2390.9,2716.6]]}},{"type":"Feature","properties":{"id":"p:agua-salada:68","n":1,"sc":"#00ffff"},"geometry":{"type":"LineString","coordinates":[[2316.5,2697.4],[2317.0,2054.7]]}},{"type":"Feature","properties":{"id":"p:agua-salada:69","n":1,"sc":"#00ffff"},"geometry":{"type":"LineString","coordinates":[[3040.8,2012],[3105.6,2012]]}},{"type":"Feature","properties":{"id":"p:agua-salada:70","n":1,"sc":"#00ffff"},"geometry":{"type":"LineString","coordinates":[[3027.4,2022.1],[3027.4,2054.7]]}},{"type":"Feature","properties":{"id":"p:agua-salada:71","n":1,"sc":"#00ffff"},"geometry":{"type":"LineString","coordinates":[[2668.8,1130.2],[2668.8,679.5]]}},{"type":"Feature","properties":{"id":"p:agua-salada:72","n":1,"sc":"#00ffff"},"geometry":{"type":"LineString","coordinates":[[2144.6,670.4],[2144.6,688.6]]}},{"type":"Feature","properties":{"id":"p:agua-salada:73","n":2,"sc":"#00ffff"},"geometry":{"type":"LineString","coordinates":[[2172.5,670.4],[2172.5,688.6],[2160.5,681.0]]}},{"type":"Feature","properties":{"id":"p:agua-salada:74","n":1,"sc":"#00ffff"},"geometry":{"type":"LineString","coordinates":[[2156.6,678.1],[2144.6,670.4]]}},{"type":"Feature","properties":{"id":"p:agua-salada:75","n":16,"sc":"#00ffff"},"geometry":{"type":"LineString","coordinates":[[2160.5,679.3],[2160.3,678.4],[2159.8,677.8],[2159.2,677.3],[2158.3,677.1],[2157.5,677.3],[2156.8,677.8],[2156.3,678.4],[2156.2,679.3],[2156.3,680.1],[2156.8,680.8],[2157.5,681.3],[2158.3,681.4],[2159.2,681.3],[2159.8,680.8],[2160.3,680.1],[2160.5,679.3]]}},{"type":"Feature","properties":{"id":"p:agua-salada:76","n":6,"sc":"#00ffff","fc":"#00ffff"},"geometry":{"type":"MultiLineString","coordinates":[[[1514.9,2030.7],[1509.6,2043.7],[1509.6,2030.7],[1514.9,2030.7]],[[1509.6,2043.7],[1509.6,2030.7],[1503.8,2030.7],[1509.6,2043.7]]]}},{"type":"Feature","properties":{"id":"p:agua-salada:77","n":3,"sc":"#00ffff","fc":"#00ffff"},"geometry":{"type":"LineString","coordinates":[[1509.6,2043.7],[1503.8,2045.6],[1503.8,2041.3],[1509.6,2043.7]]}},{"type":"Feature","properties":{"id":"p:agua-salada:78","n":6,"sc":"#00ffff","fc":"#00ffff"},"geometry":{"type":"MultiLineString","coordinates":[[[1503.8,2045.6],[1503.8,2041.3],[1496.6,2049.0],[1503.8,2045.6]],[[1503.8,2041.3],[1496.6,2049.0],[1496.6,2037.9],[1503.8,2041.3]]]}},{"type":"Feature","properties":{"id":"p:agua-salada:79","n":1,"sc":"#00ffff"},"geometry":{"type":"LineString","coordinates":[[1509.6,2043.7],[1496.6,2049.0]]}},{"type":"Feature","properties":{"id":"p:agua-salada:80","n":1,"sc":"#00ffff"},"geometry":{"type":"LineString","coordinates":[[1496.6,2037.9],[1496.6,2049.0]]}},{"type":"Feature","properties":{"id":"p:agua-salada:81","n":6,"sc":"#00ffff","fc":"#00ffff"},"geometry":{"type":"MultiLineString","coordinates":[[[1511.5,2017.8],[1509.6,2017.8],[1509.6,2012.5],[1511.5,2017.8]],[[1509.6,2017.8],[1509.6,2012.5],[1507.2,2017.8],[1509.6,2017.8]]]}},{"type":"Feature","properties":{"id":"p:agua-salada:82","n":1,"sc":"#00ffff"},"geometry":{"type":"LineString","coordinates":[[1509.6,2030.7],[1509.6,2017.8]]}},{"type":"Feature","properties":{"id":"p:agua-salada:83","n":3,"sc":"#00ffff"},"geometry":{"type":"LineString","coordinates":[[1509.6,2012.5],[1511.5,2017.8],[1507.2,2017.8],[1509.6,2012.5]]}},{"type":"Feature","properties":{"id":"p:agua-salada:84","n":1,"sc":"#00ffff"},"geometry":{"type":"LineString","coordinates":[[1509.6,2043.7],[1516.8,2043.7]]}},{"type":"Feature","properties":{"id":"p:agua-salada:85","n":1,"sc":"#00ffff"},"geometry":{"type":"LineString","coordinates":[[1520.2,2040.3],[1523.5,2046.6]]}},{"type":"Feature","properties":{"id":"p:agua-salada:86","n":1,"sc":"#00ffff"},"geometry":{"type":"LineString","coordinates":[[1523.5,2046.6],[1526.9,2040.3]]}},{"type":"Feature","properties":{"id":"p:agua-salada:87","n":1,"sc":"#00ffff"},"geometry":{"type":"LineString","coordinates":[[1526.9,2040.3],[1528.3,2046.6]]}},{"type":"Feature","properties":{"id":"p:agua-salada:88","n":1,"sc":"#00ffff"},"geometry":{"type":"LineString","coordinates":[[1528.3,2046.6],[1529.8,2043.7]]}},{"type":"Feature","properties":{"id":"p:agua-salada:89","n":1,"sc":"#00ffff"},"geometry":{"type":"LineString","coordinates":[[1518.2,2046.6],[1516.8,2043.7]]}},{"type":"Feature","properties":{"id":"p:agua-salada:90","n":1,"sc":"#00ffff"},"geometry":{"type":"LineString","coordinates":[[1518.2,2046.6],[1520.2,2040.3]]}},{"type":"Feature","properties":{"id":"p:agua-salada:91","n":1,"sc":"#00ffff"},"geometry":{"type":"LineString","coordinates":[[1503.8,2030.7],[1514.9,2030.7]]}},{"type":"Feature","properties":{"id":"p:agua-salada:92","n":1,"sc":"#00ffff"},"geometry":{"type":"LineString","coordinates":[[1509.6,2043.7],[1514.9,2030.7]]}},{"type":"Feature","properties":{"id":"p:agua-salada:93","n":1,"sc":"#00ffff"},"geometry":{"type":"LineString","coordinates":[[1509.6,2043.7],[1503.8,2030.7]]}},{"type":"Feature","properties":{"id":"p:agua-salada:94","n":1,"sc":"#00ffff"},"geometry":{"type":"LineString","coordinates":[[1509.6,2043.7],[1496.6,2037.9]]}},{"type":"Feature","properties":{"id":"p:agua-salada:95","n":2,"sc":"#00ffff"},"geometry":{"type":"LineString","coordinates":[[1496.6,2043.7],[1488.5,2043.7],[1488.5,2054.7]]}},{"type":"Feature","properties":{"id":"p:agua-salada:96","n":1,"sc":"#00ffff"},"geometry":{"type":"LineString","coordinates":[[3143.5,1382.2],[3161.8,1382.2]]}},{"type":"Feature","properties":{"id":"p:agua-salada:97","n":2,"sc":"#00ffff"},"geometry":{"type":"LineString","coordinates":[[3143.5,1354.4],[3161.8,1354.4],[3153.6,1366.4]]}},{"type":"Feature","properties":{"id":"p:agua-salada:98","n":1,"sc":"#00ffff"},"geometry":{"type":"LineString","coordinates":[[3151.2,1370.2],[3143.5,1382.2]]}},{"type":"Feature","properties":{"id":"p:agua-salada:99","n":16,"sc":"#00ffff"},"geometry":{"type":"LineString","coordinates":[[3154.6,1368.1],[3154.4,1367.2],[3153.9,1366.6],[3153.2,1366.1],[3152.4,1365.9],[3151.6,1366.1],[3150.9,1366.6],[3150.4,1367.2],[3150.2,1368.1],[3150.4,1368.9],[3150.9,1369.6],[3151.6,1370.1],[3152.4,1370.2],[3153.2,1370.1],[3153.9,1369.6],[3154.4,1368.9],[3154.6,1368.1]]}},{"type":"Feature","properties":{"id":"p:agua-salada:100","n":12,"sc":"#00ffff","fc":"#00ffff"},"geometry":{"type":"MultiLineString","coordinates":[[[2194.1,2056.2],[2194.1,2053.3],[1439.5,2056.2],[2194.1,2056.2]],[[2194.1,2053.3],[1439.5,2056.2],[1442.4,2053.3],[2194.1,2053.3]],[[1439.5,2056.2],[1442.4,2053.3],[1439.5,1346.2],[1439.5,2056.2]],[[1442.4,2053.3],[1439.5,1346.2],[1442.4,1346.2],[1442.4,2053.3]]]}},{"type":"Feature","properties":{"id":"p:agua-salada:101","n":24,"sc":"#00ffff","fc":"#00ffff"},"geometry":{"type":"MultiLineString","coordinates":[[[1439.5,1318.9],[1442.4,1318.9],[1439.5,1221.9],[1439.5,1318.9]],[[1442.4,1318.9],[1439.5,1221.9],[1442.4,1224.8],[1442.4,1318.9]],[[1439.5,1221.9],[1442.4,1224.8],[2010.7,1221.9],[1439.5,1221.9]],[[1442.4,1224.8],[2010.7,1221.9],[2013.6,1224.8],[1442.4,1224.8]],[[2010.7,1221.9],[2013.6,1224.8],[2010.7,678.1],[2010.7,1221.9]],[[2013.6,1224.8],[2010.7,678.1],[2013.6,681.0],[2013.6,1224.8]],[[2010.7,678.1],[2013.6,681.0],[2144.6,678.1],[2010.7,678.1]],[[2013.6,681.0],[2144.6,678.1],[2144.6,681.0],[2013.6,681.0]]]}},{"type":"Feature","properties":{"id":"p:agua-salada:102","n":6,"sc":"#00ffff","fc":"#00ffff"},"geometry":{"type":"MultiLineString","coordinates":[[[2172.5,678.1],[2172.5,681.0],[4045.9,678.1],[2172.5,678.1]],[[2172.5,681.0],[4045.9,678.1],[4045.9,681.0],[2172.5,681.0]]]}},{"type":"Feature","properties":{"id":"p:agua-salada:103","n":12,"sc":"#00ffff","fc":"#00ffff"},"geometry":{"type":"MultiLineString","coordinates":[[[4073.8,678.1],[4073.8,681.0],[4553.8,678.1],[4073.8,678.1]],[[4073.8,681.0],[4553.8,678.1],[4550.9,681.0],[4073.8,681.0]],[[4553.8,678.1],[4550.9,681.0],[4553.8,1429.8],[4553.8,678.1]],[[4550.9,681.0],[4553.8,1429.8],[4550.9,1429.8],[4550.9,681.0]]]}},{"type":"Feature","properties":{"id":"p:agua-salada:104","n":12,"sc":"#00ffff","fc":"#00ffff"},"geometry":{"type":"MultiLineString","coordinates":[[[4553.8,1457.6],[4551.4,1457.6],[4553.8,2056.2],[4553.8,1457.6]],[[4551.4,1457.6],[4553.8,2056.2],[4551.4,2053.3],[4551.4,1457.6]],[[4553.8,2056.2],[4551.4,2053.3],[3992.6,2056.2],[4553.8,2056.2]],[[4551.4,2053.3],[3992.6,2056.2],[3992.6,2053.3],[4551.4,2053.3]]]}},{"type":"Feature","properties":{"id":"p:agua-salada:105","n":6,"sc":"#00ffff","fc":"#00ffff"},"geometry":{"type":"MultiLineString","coordinates":[[[3964.8,2056.2],[3964.8,2053.3],[2221.9,2056.2],[3964.8,2056.2]],[[3964.8,2053.3],[2221.9,2056.2],[2221.9,2053.3],[3964.8,2053.3]]]}},{"type":"Feature","properties":{"id":"p:agua-salada:106","n":6,"sc":"#00ffff","fc":"#00ffff"},"geometry":{"type":"MultiLineString","coordinates":[[[3154.1,679.5],[3151.2,679.5],[3154.1,1354.4],[3154.1,679.5]],[[3151.2,679.5],[3154.1,1354.4],[3151.2,1354.4],[3151.2,679.5]]]}},{"type":"Feature","properties":{"id":"p:agua-salada:107","n":6,"sc":"#00ffff","fc":"#00ffff"},"geometry":{"type":"MultiLineString","coordinates":[[[3153.6,1382.2],[3151.2,1382.2],[3153.6,2054.7],[3153.6,1382.2]],[[3151.2,1382.2],[3153.6,2054.7],[3151.2,2054.7],[3151.2,1382.2]]]}},{"type":"Feature","properties":{"id":"p:agua-salada:108","n":6,"sc":"#00ffff","fc":"#00ffff"},"geometry":{"type":"MultiLineString","coordinates":[[[3042.7,655.5],[3037.4,668.5],[3037.4,655.5],[3042.7,655.5]],[[3037.4,668.5],[3037.4,655.5],[3031.7,655.5],[3037.4,668.5]]]}},{"type":"Feature","properties":{"id":"p:agua-salada:109","n":3,"sc":"#00ffff","fc":"#00ffff"},"geometry":{"type":"LineString","coordinates":[[3037.4,668.5],[3031.7,670.9],[3031.7,666.1],[3037.4,668.5]]}},{"type":"Feature","properties":{"id":"p:agua-salada:110","n":6,"sc":"#00ffff","fc":"#00ffff"},"geometry":{"type":"MultiLineString","coordinates":[[[3031.7,670.9],[3031.7,666.1],[3024.5,673.8],[3031.7,670.9]],[[3031.7,666.1],[3024.5,673.8],[3024.5,662.7],[3031.7,666.1]]]}},{"type":"Feature","properties":{"id":"p:agua-salada:111","n":1,"sc":"#00ffff"},"geometry":{"type":"LineString","coordinates":[[3037.4,668.5],[3024.5,673.8]]}},{"type":"Feature","properties":{"id":"p:agua-salada:112","n":1,"sc":"#00ffff"},"geometry":{"type":"LineString","coordinates":[[3024.5,662.7],[3024.5,673.8]]}},{"type":"Feature","properties":{"id":"p:agua-salada:113","n":6,"sc":"#00ffff","fc":"#00ffff"},"geometry":{"type":"MultiLineString","coordinates":[[[3039.4,643.0],[3037.4,643.0],[3037.4,637.3],[3039.4,643.0]],[[3037.4,643.0],[3037.4,637.3],[3035.0,643.0],[3037.4,643.0]]]}},{"type":"Feature","properties":{"id":"p:agua-salada:114","n":1,"sc":"#00ffff"},"geometry":{"type":"LineString","coordinates":[[3037.4,655.5],[3037.4,643.0]]}},{"type":"Feature","properties":{"id":"p:agua-salada:115","n":3,"sc":"#00ffff"},"geometry":{"type":"LineString","coordinates":[[3037.4,637.3],[3039.4,643.0],[3035.0,643.0],[3037.4,637.3]]}},{"type":"Feature","properties":{"id":"p:agua-salada:116","n":1,"sc":"#00ffff"},"geometry":{"type":"LineString","coordinates":[[3037.4,668.5],[3044.6,668.5]]}},{"type":"Feature","properties":{"id":"p:agua-salada:117","n":1,"sc":"#00ffff"},"geometry":{"type":"LineString","coordinates":[[3048,665.6],[3051.4,671.4]]}},{"type":"Feature","properties":{"id":"p:agua-salada:118","n":1,"sc":"#00ffff"},"geometry":{"type":"LineString","coordinates":[[3051.4,671.4],[3054.7,665.6]]}},{"type":"Feature","properties":{"id":"p:agua-salada:119","n":1,"sc":"#00ffff"},"geometry":{"type":"LineString","coordinates":[[3054.7,665.6],[3056.2,671.4]]}},{"type":"Feature","properties":{"id":"p:agua-salada:120","n":1,"sc":"#00ffff"},"geometry":{"type":"LineString","coordinates":[[3056.2,671.4],[3057.6,668.5]]}},{"type":"Feature","properties":{"id":"p:agua-salada:121","n":1,"sc":"#00ffff"},"geometry":{"type":"LineString","coordinates":[[3046.1,671.4],[3044.6,668.5]]}},{"type":"Feature","properties":{"id":"p:agua-salada:122","n":1,"sc":"#00ffff"},"geometry":{"type":"LineString","coordinates":[[3046.1,671.4],[3048,665.6]]}},{"type":"Feature","properties":{"id":"p:agua-salada:123","n":1,"sc":"#00ffff"},"geometry":{"type":"LineString","coordinates":[[3031.7,655.5],[3042.7,655.5]]}},{"type":"Feature","properties":{"id":"p:agua-salada:124","n":1,"sc":"#00ffff"},"geometry":{"type":"LineString","coordinates":[[3037.4,668.5],[3042.7,655.5]]}},{"type":"Feature","properties":{"id":"p:agua-salada:125","n":1,"sc":"#00ffff"},"geometry":{"type":"LineString","coordinates":[[3037.4,668.5],[3031.7,655.5]]}},{"type":"Feature","properties":{"id":"p:agua-salada:126","n":1,"sc":"#00ffff"},"geometry":{"type":"LineString","coordinates":[[3037.4,668.5],[3024.5,662.7]]}},{"type":"Feature","properties":{"id":"p:agua-salada:127","n":2,"sc":"#00ffff"},"geometry":{"type":"LineString","coordinates":[[3024.5,668.5],[3016.3,668.5],[3016.3,679.5]]}},{"type":"Feature","properties":{"id":"p:agua-salada:128","n":6,"sc":"#00ffff","fc":"#00ffff"},"geometry":{"type":"MultiLineString","coordinates":[[[4478.9,655.5],[4473.1,668.5],[4473.1,655.5],[4478.9,655.5]],[[4473.1,668.5],[4473.1,655.5],[4467.8,655.5],[4473.1,668.5]]]}},{"type":"Feature","properties":{"id":"p:agua-salada:129","n":3,"sc":"#00ffff","fc":"#00ffff"},"geometry":{"type":"LineString","coordinates":[[4473.1,668.5],[4467.8,670.9],[4467.8,666.1],[4473.1,668.5]]}},{"type":"Feature","properties":{"id":"p:agua-salada:130","n":6,"sc":"#00ffff","fc":"#00ffff"},"geometry":{"type":"MultiLineString","coordinates":[[[4467.8,670.9],[4467.8,666.1],[4460.6,673.8],[4467.8,670.9]],[[4467.8,666.1],[4460.6,673.8],[4460.6,662.7],[4467.8,666.1]]]}},{"type":"Feature","properties":{"id":"p:agua-salada:131","n":1,"sc":"#00ffff"},"geometry":{"type":"LineString","coordinates":[[4473.1,668.5],[4460.6,673.8]]}},{"type":"Feature","properties":{"id":"p:agua-salada:132","n":1,"sc":"#00ffff"},"geometry":{"type":"LineString","coordinates":[[4460.6,662.7],[4460.6,673.8]]}},{"type":"Feature","properties":{"id":"p:agua-salada:133","n":6,"sc":"#00ffff","fc":"#00ffff"},"geometry":{"type":"MultiLineString","coordinates":[[[4475.0,643.0],[4473.1,643.0],[4473.1,637.3],[4475.0,643.0]],[[4473.1,643.0],[4473.1,637.3],[4471.2,643.0],[4473.1,643.0]]]}},{"type":"Feature","properties":{"id":"p:agua-salada:134","n":1,"sc":"#00ffff"},"geometry":{"type":"LineString","coordinates":[[4473.1,655.5],[4473.1,643.0]]}},{"type":"Feature","properties":{"id":"p:agua-salada:135","n":3,"sc":"#00ffff"},"geometry":{"type":"LineString","coordinates":[[4473.1,637.3],[4475.0,643.0],[4471.2,643.0],[4473.1,637.3]]}},{"type":"Feature","properties":{"id":"p:agua-salada:136","n":1,"sc":"#00ffff"},"geometry":{"type":"LineString","coordinates":[[4473.1,668.5],[4480.8,668.5]]}},{"type":"Feature","properties":{"id":"p:agua-salada:137","n":1,"sc":"#00ffff"},"geometry":{"type":"LineString","coordinates":[[4484.2,665.6],[4487.5,671.4]]}},{"type":"Feature","properties":{"id":"p:agua-salada:138","n":1,"sc":"#00ffff"},"geometry":{"type":"LineString","coordinates":[[4487.5,671.4],[4490.4,665.6]]}},{"type":"Feature","properties":{"id":"p:agua-salada:139","n":1,"sc":"#00ffff"},"geometry":{"type":"LineString","coordinates":[[4490.4,665.6],[4492.3,671.4]]}},{"type":"Feature","properties":{"id":"p:agua-salada:140","n":1,"sc":"#00ffff"},"geometry":{"type":"LineString","coordinates":[[4492.3,671.4],[4493.8,668.5]]}},{"type":"Feature","properties":{"id":"p:agua-salada:141","n":1,"sc":"#00ffff"},"geometry":{"type":"LineString","coordinates":[[4482.2,671.4],[4480.8,668.5]]}},{"type":"Feature","properties":{"id":"p:agua-salada:142","n":1,"sc":"#00ffff"},"geometry":{"type":"LineString","coordinates":[[4482.2,671.4],[4484.2,665.6]]}},{"type":"Feature","properties":{"id":"p:agua-salada:143","n":1,"sc":"#00ffff"},"geometry":{"type":"LineString","coordinates":[[4467.8,655.5],[4478.9,655.5]]}},{"type":"Feature","properties":{"id":"p:agua-salada:144","n":1,"sc":"#00ffff"},"geometry":{"type":"LineString","coordinates":[[4473.1,668.5],[4478.9,655.5]]}},{"type":"Feature","properties":{"id":"p:agua-salada:145","n":1,"sc":"#00ffff"},"geometry":{"type":"LineString","coordinates":[[4473.1,668.5],[4467.8,655.5]]}},{"type":"Feature","properties":{"id":"p:agua-salada:146","n":1,"sc":"#00ffff"},"geometry":{"type":"LineString","coordinates":[[4473.1,668.5],[4460.6,662.7]]}},{"type":"Feature","properties":{"id":"p:agua-salada:147","n":2,"sc":"#00ffff"},"geometry":{"type":"LineString","coordinates":[[4460.6,668.5],[4452,668.5],[4452,679.5]]}},{"type":"Feature","properties":{"id":"p:agua-salada:148","n":6,"sc":"#00ffff","fc":"#00ffff"},"geometry":{"type":"MultiLineString","coordinates":[[[3347.0,2030.7],[3341.8,2043.7],[3341.8,2030.7],[3347.0,2030.7]],[[3341.8,2043.7],[3341.8,2030.7],[3336.5,2030.7],[3341.8,2043.7]]]}},{"type":"Feature","properties":{"id":"p:agua-salada:149","n":3,"sc":"#00ffff","fc":"#00ffff"},"geometry":{"type":"LineString","coordinates":[[3341.8,2043.7],[3336.5,2046.1],[3336.5,2041.3],[3341.8,2043.7]]}},{"type":"Feature","properties":{"id":"p:agua-salada:150","n":6,"sc":"#00ffff","fc":"#00ffff"},"geometry":{"type":"MultiLineString","coordinates":[[[3336.5,2046.1],[3336.5,2041.3],[3328.8,2049.0],[3336.5,2046.1]],[[3336.5,2041.3],[3328.8,2049.0],[3328.8,2037.9],[3336.5,2041.3]]]}},{"type":"Feature","properties":{"id":"p:agua-salada:151","n":1,"sc":"#00ffff"},"geometry":{"type":"LineString","coordinates":[[3341.8,2043.7],[3328.8,2049.0]]}},{"type":"Feature","properties":{"id":"p:agua-salada:152","n":1,"sc":"#00ffff"},"geometry":{"type":"LineString","coordinates":[[3328.8,2037.9],[3328.8,2049.0]]}},{"type":"Feature","properties":{"id":"p:agua-salada:153","n":6,"sc":"#00ffff","fc":"#00ffff"},"geometry":{"type":"MultiLineString","coordinates":[[[3343.7,2018.2],[3341.8,2018.2],[3341.8,2012.5],[3343.7,2018.2]],[[3341.8,2018.2],[3341.8,2012.5],[3339.8,2018.2],[3341.8,2018.2]]]}},{"type":"Feature","properties":{"id":"p:agua-salada:154","n":1,"sc":"#00ffff"},"geometry":{"type":"LineString","coordinates":[[3341.8,2030.7],[3341.8,2018.2]]}},{"type":"Feature","properties":{"id":"p:agua-salada:155","n":3,"sc":"#00ffff"},"geometry":{"type":"LineString","coordinates":[[3341.8,2012.5],[3343.7,2018.2],[3339.8,2018.2],[3341.8,2012.5]]}},{"type":"Feature","properties":{"id":"p:agua-salada:156","n":1,"sc":"#00ffff"},"geometry":{"type":"LineString","coordinates":[[3341.8,2043.7],[3349.4,2043.7]]}},{"type":"Feature","properties":{"id":"p:agua-salada:157","n":1,"sc":"#00ffff"},"geometry":{"type":"LineString","coordinates":[[3352.3,2040.8],[3355.7,2046.6]]}},{"type":"Feature","properties":{"id":"p:agua-salada:158","n":1,"sc":"#00ffff"},"geometry":{"type":"LineString","coordinates":[[3355.7,2046.6],[3359.0,2040.8]]}},{"type":"Feature","properties":{"id":"p:agua-salada:159","n":1,"sc":"#00ffff"},"geometry":{"type":"LineString","coordinates":[[3359.0,2040.8],[3360.5,2046.6]]}},{"type":"Feature","properties":{"id":"p:agua-salada:160","n":1,"sc":"#00ffff"},"geometry":{"type":"LineString","coordinates":[[3360.5,2046.6],[3362.4,2043.7]]}},{"type":"Feature","properties":{"id":"p:agua-salada:161","n":1,"sc":"#00ffff"},"geometry":{"type":"LineString","coordinates":[[3350.9,2046.6],[3349.4,2043.7]]}},{"type":"Feature","properties":{"id":"p:agua-salada:162","n":1,"sc":"#00ffff"},"geometry":{"type":"LineString","coordinates":[[3350.9,2046.6],[3352.3,2040.8]]}},{"type":"Feature","properties":{"id":"p:agua-salada:163","n":1,"sc":"#00ffff"},"geometry":{"type":"LineString","coordinates":[[3336.5,2030.7],[3347.0,2030.7]]}},{"type":"Feature","properties":{"id":"p:agua-salada:164","n":1,"sc":"#00ffff"},"geometry":{"type":"LineString","coordinates":[[3341.8,2043.7],[3347.0,2030.7]]}},{"type":"Feature","properties":{"id":"p:agua-salada:165","n":1,"sc":"#00ffff"},"geometry":{"type":"LineString","coordinates":[[3341.8,2043.7],[3336.5,2030.7]]}},{"type":"Feature","properties":{"id":"p:agua-salada:166","n":1,"sc":"#00ffff"},"geometry":{"type":"LineString","coordinates":[[3341.8,2043.7],[3328.8,2037.9]]}},{"type":"Feature","properties":{"id":"p:agua-salada:167","n":2,"sc":"#00ffff"},"geometry":{"type":"LineString","coordinates":[[3328.8,2043.7],[3320.6,2043.7],[3320.6,2054.7]]}},{"type":"Feature","properties":{"id":"p:agua-salada:168","n":1,"sc":"#00ffff"},"geometry":{"type":"LineString","coordinates":[[4045.9,670.4],[4045.9,688.6]]}},{"type":"Feature","properties":{"id":"p:agua-salada:169","n":2,"sc":"#00ffff"},"geometry":{"type":"LineString","coordinates":[[4073.8,670.4],[4073.8,688.6],[4061.8,681.0]]}},{"type":"Feature","properties":{"id":"p:agua-salada:170","n":1,"sc":"#00ffff"},"geometry":{"type":"LineString","coordinates":[[4057.9,678.1],[4045.9,670.4]]}},{"type":"Feature","properties":{"id":"p:agua-salada:171","n":16,"sc":"#00ffff"},"geometry":{"type":"LineString","coordinates":[[4061.8,679.3],[4061.6,678.4],[4061.1,677.8],[4060.4,677.3],[4059.6,677.1],[4058.8,677.3],[4058.1,677.8],[4057.6,678.4],[4057.4,679.3],[4057.6,680.1],[4058.1,680.8],[4058.8,681.3],[4059.6,681.4],[4060.4,681.3],[4061.1,680.8],[4061.6,680.1],[4061.8,679.3]]}},{"type":"Feature","properties":{"id":"p:agua-salada:172","n":1,"sc":"#00ffff"},"geometry":{"type":"LineString","coordinates":[[4543.7,1457.6],[4561.9,1457.6]]}},{"type":"Feature","properties":{"id":"p:agua-salada:173","n":2,"sc":"#00ffff"},"geometry":{"type":"LineString","coordinates":[[4543.7,1429.8],[4561.9,1429.8],[4553.8,1441.8]]}},{"type":"Feature","properties":{"id":"p:agua-salada:174","n":1,"sc":"#00ffff"},"geometry":{"type":"LineString","coordinates":[[4551.4,1445.6],[4543.7,1457.6]]}},{"type":"Feature","properties":{"id":"p:agua-salada:175","n":16,"sc":"#00ffff"},"geometry":{"type":"LineString","coordinates":[[4554.7,1443.4],[4554.6,1442.6],[4554.1,1441.9],[4553.4,1441.4],[4552.6,1441.3],[4551.7,1441.4],[4551.0,1441.9],[4550.6,1442.6],[4550.4,1443.4],[4550.6,1444.3],[4551.0,1445.0],[4551.7,1445.4],[4552.6,1445.6],[4553.4,1445.4],[4554.1,1445.0],[4554.6,1444.3],[4554.7,1443.4]]}},{"type":"Feature","properties":{"id":"p:agua-salada:176","n":1,"sc":"#00ffff"},"geometry":{"type":"LineString","coordinates":[[1431.8,1346.2],[1450.1,1346.2]]}},{"type":"Feature","properties":{"id":"p:agua-salada:177","n":2,"sc":"#00ffff"},"geometry":{"type":"LineString","coordinates":[[1431.8,1318.9],[1450.1,1318.9],[1442.4,1330.4]]}},{"type":"Feature","properties":{"id":"p:agua-salada:178","n":1,"sc":"#00ffff"},"geometry":{"type":"LineString","coordinates":[[1439.5,1334.7],[1431.8,1346.2]]}},{"type":"Feature","properties":{"id":"p:agua-salada:179","n":16,"sc":"#00ffff"},"geometry":{"type":"LineString","coordinates":[[1442.9,1332.6],[1442.7,1331.7],[1442.2,1331.0],[1441.6,1330.6],[1440.7,1330.4],[1439.9,1330.6],[1439.2,1331.0],[1438.7,1331.7],[1438.6,1332.6],[1438.7,1333.4],[1439.2,1334.1],[1439.9,1334.6],[1440.7,1334.7],[1441.6,1334.6],[1442.2,1334.1],[1442.7,1333.4],[1442.9,1332.6]]}},{"type":"Feature","properties":{"id":"p:agua-salada:180","n":1,"sc":"#00ffff"},"geometry":{"type":"LineString","coordinates":[[3964.8,2045.6],[3964.8,2063.8]]}},{"type":"Feature","properties":{"id":"p:agua-salada:181","n":2,"sc":"#00ffff"},"geometry":{"type":"LineString","coordinates":[[3992.6,2045.6],[3992.6,2063.8],[3980.6,2056.2]]}},{"type":"Feature","properties":{"id":"p:agua-salada:182","n":1,"sc":"#00ffff"},"geometry":{"type":"LineString","coordinates":[[3976.8,2053.3],[3964.8,2045.6]]}},{"type":"Feature","properties":{"id":"p:agua-salada:183","n":16,"sc":"#00ffff"},"geometry":{"type":"LineString","coordinates":[[3980.6,2054.5],[3980.5,2053.6],[3980.0,2053.0],[3979.3,2052.5],[3978.5,2052.3],[3977.6,2052.5],[3977.0,2053.0],[3976.5,2053.6],[3976.3,2054.5],[3976.5,2055.3],[3977.0,2056.0],[3977.6,2056.5],[3978.5,2056.6],[3979.3,2056.5],[3980.0,2056.0],[3980.5,2055.3],[3980.6,2054.5]]}},{"type":"Feature","properties":{"id":"p:agua-salada:184","n":1,"sc":"#00ffff"},"geometry":{"type":"LineString","coordinates":[[2428.8,2297.1],[2447.0,2297.1]]}},{"type":"Feature","properties":{"id":"p:agua-salada:185","n":2,"sc":"#00ffff"},"geometry":{"type":"LineString","coordinates":[[2428.8,2269.3],[2447.0,2269.3],[2439.4,2281.3]]}},{"type":"Feature","properties":{"id":"p:agua-salada:186","n":1,"sc":"#00ffff"},"geometry":{"type":"LineString","coordinates":[[2436.5,2285.1],[2428.8,2297.1]]}},{"type":"Feature","properties":{"id":"p:agua-salada:187","n":16,"sc":"#00ffff"},"geometry":{"type":"LineString","coordinates":[[2439.8,2283.0],[2439.7,2282.1],[2439.2,2281.4],[2438.5,2281.0],[2437.7,2280.8],[2436.8,2281.0],[2436.2,2281.4],[2435.7,2282.1],[2435.5,2283.0],[2435.7,2283.8],[2436.2,2284.5],[2436.8,2285.0],[2437.7,2285.1],[2438.5,2285.0],[2439.2,2284.5],[2439.7,2283.8],[2439.8,2283.0]]}},{"type":"Feature","properties":{"id":"p:agua-salada:188","n":6,"sc":"#00ffff","fc":"#00ffff"},"geometry":{"type":"MultiLineString","coordinates":[[[2439.4,2054.7],[2436.5,2054.7],[2439.4,2269.3],[2439.4,2054.7]],[[2436.5,2054.7],[2439.4,2269.3],[2436.5,2269.3],[2436.5,2054.7]]]}},{"type":"Feature","properties":{"id":"p:agua-salada:189","n":12,"sc":"#00ffff","fc":"#00ffff"},"geometry":{"type":"MultiLineString","coordinates":[[[2439.4,2297.1],[2436.5,2297.1],[2438.9,3188],[2439.4,2297.1]],[[2436.5,2297.1],[2438.9,3188],[2436,3190.4],[2436.5,2297.1]],[[2438.9,3188],[2436,3190.4],[2789.3,3188],[2438.9,3188]],[[2436,3190.4],[2789.3,3188],[2789.3,3190.9],[2436,3190.4]]]}},{"type":"Feature","properties":{"id":"p:agua-salada:190","n":1,"sc":"#00ffff"},"geometry":{"type":"LineString","coordinates":[[2194.1,2045.6],[2194.1,2063.8]]}},{"type":"Feature","properties":{"id":"p:agua-salada:191","n":2,"sc":"#00ffff"},"geometry":{"type":"LineString","coordinates":[[2221.9,2045.6],[2221.9,2063.8],[2209.9,2056.2]]}},{"type":"Feature","properties":{"id":"p:agua-salada:192","n":1,"sc":"#00ffff"},"geometry":{"type":"LineString","coordinates":[[2206.1,2053.3],[2194.1,2045.6]]}},{"type":"Feature","properties":{"id":"p:agua-salada:193","n":16,"sc":"#00ffff"},"geometry":{"type":"LineString","coordinates":[[2209.9,2054.5],[2209.8,2053.6],[2209.3,2053.0],[2208.6,2052.5],[2207.8,2052.3],[2206.9,2052.5],[2206.2,2053.0],[2205.8,2053.6],[2205.6,2054.5],[2205.8,2055.3],[2206.2,2056.0],[2206.9,2056.5],[2207.8,2056.6],[2208.6,2056.5],[2209.3,2056.0],[2209.8,2055.3],[2209.9,2054.5]]}},{"type":"Feature","properties":{"id":"p:agua-salada:194","n":16,"sc":"#00ffff"},"geometry":{"type":"LineString","coordinates":[[2022.2,357.7],[2021.4,353.5],[2019.1,350.0],[2015.6,347.7],[2011.4,346.9],[2007.2,347.7],[2003.8,350.0],[2001.5,353.5],[2000.6,357.7],[2001.5,361.9],[2003.8,365.3],[2007.2,367.6],[2011.4,368.5],[2015.6,367.6],[2019.1,365.3],[2021.4,361.9],[2022.2,357.7]]}},{"type":"Feature","properties":{"id":"p:agua-salada:195","n":3,"sc":"#00ffff","fc":"#00ffff"},"geometry":{"type":"LineString","coordinates":[[1981.9,347.4],[1982.4,347.4],[1979.5,347.4],[1981.9,347.4]]}},{"type":"Feature","properties":{"id":"p:agua-salada:196","n":6,"sc":"#00ffff","fc":"#00ffff"},"geometry":{"type":"MultiLineString","coordinates":[[[1982.4,347.4],[1979.5,347.4],[1983.8,347.4],[1982.4,347.4]],[[1979.5,347.4],[1983.8,347.4],[1979.0,347.4],[1979.5,347.4]]]}},{"type":"Feature","properties":{"id":"p:agua-salada:197","n":6,"sc":"#00ffff","fc":"#00ffff"},"geometry":{"type":"MultiLineString","coordinates":[[[1983.8,347.4],[1979.0,347.4],[1984.8,347.8],[1983.8,347.4]],[[1979.0,347.4],[1984.8,347.8],[1977.6,347.8],[1979.0,347.4]]]}},{"type":"Feature","properties":{"id":"p:agua-salada:198","n":6,"sc":"#00ffff","fc":"#00ffff"},"geometry":{"type":"MultiLineString","coordinates":[[[1984.8,347.8],[1977.6,347.8],[1985.8,348.3],[1984.8,347.8]],[[1977.6,347.8],[1985.8,348.3],[1976.6,348.3],[1977.6,347.8]]]}},{"type":"Feature","properties":{"id":"p:agua-salada:199","n":6,"sc":"#00ffff","fc":"#00ffff"},"geometry":{"type":"MultiLineString","coordinates":[[[1985.8,348.3],[1976.6,348.3],[1986.7,348.8],[1985.8,348.3]],[[1976.6,348.3],[1986.7,348.8],[1975.7,348.8],[1976.6,348.3]]]}},{"type":"Feature","properties":{"id":"p:agua-salada:200","n":6,"sc":"#00ffff","fc":"#00ffff"},"geometry":{"type":"MultiLineString","coordinates":[[[1986.7,348.8],[1975.7,348.8],[1987.7,349.3],[1986.7,348.8]],[[1975.7,348.8],[1987.7,349.3],[1975.2,349.3],[1975.7,348.8]]]}},{"type":"Feature","properties":{"id":"p:agua-salada:201","n":6,"sc":"#00ffff","fc":"#00ffff"},"geometry":{"type":"MultiLineString","coordinates":[[[1987.7,349.3],[1975.2,349.3],[1988.2,349.8],[1987.7,349.3]],[[1975.2,349.3],[1988.2,349.8],[1974.2,349.8],[1975.2,349.3]]]}},{"type":"Feature","properties":{"id":"p:agua-salada:202","n":6,"sc":"#00ffff","fc":"#00ffff"},"geometry":{"type":"MultiLineString","coordinates":[[[1988.2,349.8],[1974.2,349.8],[1989.1,350.7],[1988.2,349.8]],[[1974.2,349.8],[1989.1,350.7],[1973.3,350.7],[1974.2,349.8]]]}},{"type":"Feature","properties":{"id":"p:agua-salada:203","n":6,"sc":"#00ffff","fc":"#00ffff"},"geometry":{"type":"MultiLineString","coordinates":[[[1989.1,350.7],[1973.3,350.7],[1989.6,351.2],[1989.1,350.7]],[[1973.3,350.7],[1989.6,351.2],[1972.8,351.2],[1973.3,350.7]]]}},{"type":"Feature","properties":{"id":"p:agua-salada:204","n":6,"sc":"#00ffff","fc":"#00ffff"},"geometry":{"type":"MultiLineString","coordinates":[[[1989.6,351.2],[1972.8,351.2],[1990.6,352.2],[1989.6,351.2]],[[1972.8,351.2],[1990.6,352.2],[1972.3,352.2],[1972.8,351.2]]]}},{"type":"Feature","properties":{"id":"p:agua-salada:205","n":6,"sc":"#00ffff","fc":"#00ffff"},"geometry":{"type":"MultiLineString","coordinates":[[[1990.6,352.2],[1972.3,352.2],[1991.0,353.1],[1990.6,352.2]],[[1972.3,352.2],[1991.0,353.1],[1971.4,353.1],[1972.3,352.2]]]}},{"type":"Feature","properties":{"id":"p:agua-salada:206","n":6,"sc":"#00ffff","fc":"#00ffff"},"geometry":{"type":"MultiLineString","coordinates":[[[1991.0,353.1],[1971.4,353.1],[1991.5,354.1],[1991.0,353.1]],[[1971.4,353.1],[1991.5,354.1],[1971.4,354.1],[1971.4,353.1]]]}},{"type":"Feature","properties":{"id":"p:agua-salada:207","n":6,"sc":"#00ffff","fc":"#00ffff"},"geometry":{"type":"MultiLineString","coordinates":[[[1991.5,354.1],[1971.4,354.1],[1991.5,355.0],[1991.5,354.1]],[[1971.4,354.1],[1991.5,355.0],[1970.9,355.0],[1971.4,354.1]]]}},{"type":"Feature","properties":{"id":"p:agua-salada:208","n":6,"sc":"#00ffff","fc":"#00ffff"},"geometry":{"type":"MultiLineString","coordinates":[[[1991.5,355.0],[1970.9,355.0],[1992,356],[1991.5,355.0]],[[1970.9,355.0],[1992,356],[1970.4,356],[1970.9,355.0]]]}},{"type":"Feature","properties":{"id":"p:agua-salada:209","n":6,"sc":"#00ffff","fc":"#00ffff"},"geometry":{"type":"MultiLineString","coordinates":[[[1992,356],[1970.4,356],[1992,357.0],[1992,356]],[[1970.4,356],[1992,357.0],[1970.4,357.0],[1970.4,356]]]}},{"type":"Feature","properties":{"id":"p:agua-salada:210","n":6,"sc":"#00ffff","fc":"#00ffff"},"geometry":{"type":"MultiLineString","coordinates":[[[1992,357.0],[1970.4,357.0],[1992,357.9],[1992,357.0]],[[1970.4,357.0],[1992,357.9],[1970.4,357.9],[1970.4,357.0]]]}},{"type":"Feature","properties":{"id":"p:agua-salada:211","n":6,"sc":"#00ffff","fc":"#00ffff"},"geometry":{"type":"MultiLineString","coordinates":[[[1992,357.9],[1970.4,357.9],[1992,359.4],[1992,357.9]],[[1970.4,357.9],[1992,359.4],[1970.4,359.4],[1970.4,357.9]]]}},{"type":"Feature","properties":{"id":"p:agua-salada:212","n":6,"sc":"#00ffff","fc":"#00ffff"},"geometry":{"type":"MultiLineString","coordinates":[[[1992,359.4],[1970.4,359.4],[1992,360.3],[1992,359.4]],[[1970.4,359.4],[1992,360.3],[1970.4,360.3],[1970.4,359.4]]]}},{"type":"Feature","properties":{"id":"p:agua-salada:213","n":6,"sc":"#00ffff","fc":"#00ffff"},"geometry":{"type":"MultiLineString","coordinates":[[[1992,360.3],[1970.4,360.3],[1991.5,361.3],[1992,360.3]],[[1970.4,360.3],[1991.5,361.3],[1970.9,361.3],[1970.4,360.3]]]}},{"type":"Feature","properties":{"id":"p:agua-salada:214","n":6,"sc":"#00ffff","fc":"#00ffff"},"geometry":{"type":"MultiLineString","coordinates":[[[1991.5,361.3],[1970.9,361.3],[1991.5,362.2],[1991.5,361.3]],[[1970.9,361.3],[1991.5,362.2],[1971.4,362.2],[1970.9,361.3]]]}},{"type":"Feature","properties":{"id":"p:agua-salada:215","n":6,"sc":"#00ffff","fc":"#00ffff"},"geometry":{"type":"MultiLineString","coordinates":[[[1991.5,362.2],[1971.4,362.2],[1991.0,363.2],[1991.5,362.2]],[[1971.4,362.2],[1991.0,363.2],[1971.4,363.2],[1971.4,362.2]]]}},{"type":"Feature","properties":{"id":"p:agua-salada:216","n":6,"sc":"#00ffff","fc":"#00ffff"},"geometry":{"type":"MultiLineString","coordinates":[[[1991.0,363.2],[1971.4,363.2],[1990.6,364.2],[1991.0,363.2]],[[1971.4,363.2],[1990.6,364.2],[1972.3,364.2],[1971.4,363.2]]]}},{"type":"Feature","properties":{"id":"p:agua-salada:217","n":6,"sc":"#00ffff","fc":"#00ffff"},"geometry":{"type":"MultiLineString","coordinates":[[[1990.6,364.2],[1972.3,364.2],[1989.6,364.6],[1990.6,364.2]],[[1972.3,364.2],[1989.6,364.6],[1972.8,364.6],[1972.3,364.2]]]}},{"type":"Feature","properties":{"id":"p:agua-salada:218","n":6,"sc":"#00ffff","fc":"#00ffff"},"geometry":{"type":"MultiLineString","coordinates":[[[1989.6,364.6],[1972.8,364.6],[1989.1,365.6],[1989.6,364.6]],[[1972.8,364.6],[1989.1,365.6],[1973.3,365.6],[1972.8,364.6]]]}},{"type":"Feature","properties":{"id":"p:agua-salada:219","n":6,"sc":"#00ffff","fc":"#00ffff"},"geometry":{"type":"MultiLineString","coordinates":[[[1989.1,365.6],[1973.3,365.6],[1988.2,366.1],[1989.1,365.6]],[[1973.3,365.6],[1988.2,366.1],[1974.2,366.1],[1973.3,365.6]]]}},{"type":"Feature","properties":{"id":"p:agua-salada:220","n":6,"sc":"#00ffff","fc":"#00ffff"},"geometry":{"type":"MultiLineString","coordinates":[[[1988.2,366.1],[1974.2,366.1],[1987.7,367.0],[1988.2,366.1]],[[1974.2,366.1],[1987.7,367.0],[1975.2,367.0],[1974.2,366.1]]]}},{"type":"Feature","properties":{"id":"p:agua-salada:221","n":6,"sc":"#00ffff","fc":"#00ffff"},"geometry":{"type":"MultiLineString","coordinates":[[[1987.7,367.0],[1975.2,367.0],[1986.7,367.5],[1987.7,367.0]],[[1975.2,367.0],[1986.7,367.5],[1975.7,367.5],[1975.2,367.0]]]}},{"type":"Feature","properties":{"id":"p:agua-salada:222","n":6,"sc":"#00ffff","fc":"#00ffff"},"geometry":{"type":"MultiLineString","coordinates":[[[1986.7,367.5],[1975.7,367.5],[1985.8,368],[1986.7,367.5]],[[1975.7,367.5],[1985.8,368],[1976.6,368],[1975.7,367.5]]]}},{"type":"Feature","properties":{"id":"p:agua-salada:223","n":6,"sc":"#00ffff","fc":"#00ffff"},"geometry":{"type":"MultiLineString","coordinates":[[[1985.8,368],[1976.6,368],[1984.8,368.5],[1985.8,368]],[[1976.6,368],[1984.8,368.5],[1977.6,368.5],[1976.6,368]]]}},{"type":"Feature","properties":{"id":"p:agua-salada:224","n":6,"sc":"#00ffff","fc":"#00ffff"},"geometry":{"type":"MultiLineString","coordinates":[[[1984.8,368.5],[1977.6,368.5],[1983.8,368.5],[1984.8,368.5]],[[1977.6,368.5],[1983.8,368.5],[1979.0,368.5],[1977.6,368.5]]]}},{"type":"Feature","properties":{"id":"p:agua-salada:225","n":6,"sc":"#00ffff","fc":"#00ffff"},"geometry":{"type":"MultiLineString","coordinates":[[[1979.0,368.5],[1979.5,369.0],[1982.4,369.0],[1979.0,368.5]],[[1979.5,369.0],[1982.4,369.0],[1981.9,369.0],[1979.5,369.0]]]}},{"type":"Feature","properties":{"id":"p:agua-salada:226","n":3,"sc":"#00ffff","fc":"#00ffff"},"geometry":{"type":"LineString","coordinates":[[1979.0,368.5],[1983.8,368.5],[1982.4,369.0],[1979.0,368.5]]}},{"type":"Feature","properties":{"id":"p:agua-salada:227","n":16,"sc":"#00ffff"},"geometry":{"type":"LineString","coordinates":[[1992.0,357.7],[1991.2,353.5],[1988.8,350.0],[1985.4,347.7],[1981.2,346.9],[1977.0,347.7],[1973.6,350.0],[1971.2,353.5],[1970.4,357.7],[1971.2,361.9],[1973.6,365.3],[1977.0,367.6],[1981.2,368.5],[1985.4,367.6],[1988.8,365.3],[1991.2,361.9],[1992.0,357.7]]}},{"type":"Feature","properties":{"id":"p:agua-salada:228","n":3,"sc":"#00ffff","fc":"#00ffff"},"geometry":{"type":"LineString","coordinates":[[1800.5,716.5],[1801.0,716.5],[1798.6,716.5],[1800.5,716.5]]}},{"type":"Feature","properties":{"id":"p:agua-salada:229","n":6,"sc":"#00ffff","fc":"#00ffff"},"geometry":{"type":"MultiLineString","coordinates":[[[1801.0,716.5],[1798.6,716.5],[1802.4,716.5],[1801.0,716.5]],[[1798.6,716.5],[1802.4,716.5],[1797.6,716.5],[1798.6,716.5]]]}},{"type":"Feature","properties":{"id":"p:agua-salada:230","n":6,"sc":"#00ffff","fc":"#00ffff"},"geometry":{"type":"MultiLineString","coordinates":[[[1802.4,716.5],[1797.6,716.5],[1803.4,717.0],[1802.4,716.5]],[[1797.6,716.5],[1803.4,717.0],[1796.6,717.0],[1797.6,716.5]]]}},{"type":"Feature","properties":{"id":"p:agua-salada:231","n":6,"sc":"#00ffff","fc":"#00ffff"},"geometry":{"type":"MultiLineString","coordinates":[[[1803.4,717.0],[1796.6,717.0],[1804.3,717.4],[1803.4,717.0]],[[1796.6,717.0],[1804.3,717.4],[1795.7,717.4],[1796.6,717.0]]]}},{"type":"Feature","properties":{"id":"p:agua-salada:232","n":6,"sc":"#00ffff","fc":"#00ffff"},"geometry":{"type":"MultiLineString","coordinates":[[[1804.3,717.4],[1795.7,717.4],[1805.3,717.9],[1804.3,717.4]],[[1795.7,717.4],[1805.3,717.9],[1794.7,717.9],[1795.7,717.4]]]}},{"type":"Feature","properties":{"id":"p:agua-salada:233","n":6,"sc":"#00ffff","fc":"#00ffff"},"geometry":{"type":"MultiLineString","coordinates":[[[1805.3,717.9],[1794.7,717.9],[1806.2,718.4],[1805.3,717.9]],[[1794.7,717.9],[1806.2,718.4],[1793.8,718.4],[1794.7,717.9]]]}},{"type":"Feature","properties":{"id":"p:agua-salada:234","n":6,"sc":"#00ffff","fc":"#00ffff"},"geometry":{"type":"MultiLineString","coordinates":[[[1806.2,718.4],[1793.8,718.4],[1807.2,718.9],[1806.2,718.4]],[[1793.8,718.4],[1807.2,718.9],[1792.8,718.9],[1793.8,718.4]]]}},{"type":"Feature","properties":{"id":"p:agua-salada:235","n":6,"sc":"#00ffff","fc":"#00ffff"},"geometry":{"type":"MultiLineString","coordinates":[[[1807.2,718.9],[1792.8,718.9],[1807.7,719.8],[1807.2,718.9]],[[1792.8,718.9],[1807.7,719.8],[1792.3,719.8],[1792.8,718.9]]]}},{"type":"Feature","properties":{"id":"p:agua-salada:236","n":6,"sc":"#00ffff","fc":"#00ffff"},"geometry":{"type":"MultiLineString","coordinates":[[[1807.7,719.8],[1792.3,719.8],[1808.6,720.3],[1807.7,719.8]],[[1792.3,719.8],[1808.6,720.3],[1791.4,720.3],[1792.3,719.8]]]}},{"type":"Feature","properties":{"id":"p:agua-salada:237","n":6,"sc":"#00ffff","fc":"#00ffff"},"geometry":{"type":"MultiLineString","coordinates":[[[1808.6,720.3],[1791.4,720.3],[1809.1,721.3],[1808.6,720.3]],[[1791.4,720.3],[1809.1,721.3],[1790.9,721.3],[1791.4,720.3]]]}},{"type":"Feature","properties":{"id":"p:agua-salada:238","n":6,"sc":"#00ffff","fc":"#00ffff"},"geometry":{"type":"MultiLineString","coordinates":[[[1809.1,721.3],[1790.9,721.3],[1809.6,722.2],[1809.1,721.3]],[[1790.9,721.3],[1809.6,722.2],[1790.4,722.2],[1790.9,721.3]]]}},{"type":"Feature","properties":{"id":"p:agua-salada:239","n":6,"sc":"#00ffff","fc":"#00ffff"},"geometry":{"type":"MultiLineString","coordinates":[[[1809.6,722.2],[1790.4,722.2],[1810.1,723.2],[1809.6,722.2]],[[1790.4,722.2],[1810.1,723.2],[1789.9,723.2],[1790.4,722.2]]]}},{"type":"Feature","properties":{"id":"p:agua-salada:240","n":6,"sc":"#00ffff","fc":"#00ffff"},"geometry":{"type":"MultiLineString","coordinates":[[[1810.1,723.2],[1789.9,723.2],[1810.6,724.2],[1810.1,723.2]],[[1789.9,723.2],[1810.6,724.2],[1789.4,724.2],[1789.9,723.2]]]}},{"type":"Feature","properties":{"id":"p:agua-salada:241","n":6,"sc":"#00ffff","fc":"#00ffff"},"geometry":{"type":"MultiLineString","coordinates":[[[1810.6,724.2],[1789.4,724.2],[1810.6,725.1],[1810.6,724.2]],[[1789.4,724.2],[1810.6,725.1],[1789.4,725.1],[1789.4,724.2]]]}},{"type":"Feature","properties":{"id":"p:agua-salada:242","n":6,"sc":"#00ffff","fc":"#00ffff"},"geometry":{"type":"MultiLineString","coordinates":[[[1810.6,725.1],[1789.4,725.1],[1810.6,726.1],[1810.6,725.1]],[[1789.4,725.1],[1810.6,726.1],[1789.0,726.1],[1789.4,725.1]]]}},{"type":"Feature","properties":{"id":"p:agua-salada:243","n":6,"sc":"#00ffff","fc":"#00ffff"},"geometry":{"type":"MultiLineString","coordinates":[[[1810.6,726.1],[1789.0,726.1],[1811.0,727.0],[1810.6,726.1]],[[1789.0,726.1],[1811.0,727.0],[1789.0,727.0],[1789.0,726.1]]]}},{"type":"Feature","properties":{"id":"p:agua-salada:244","n":6,"sc":"#00ffff","fc":"#00ffff"},"geometry":{"type":"MultiLineString","coordinates":[[[1811.0,727.0],[1789.0,727.0],[1810.6,728.5],[1811.0,727.0]],[[1789.0,727.0],[1810.6,728.5],[1789.0,728.5],[1789.0,727.0]]]}},{"type":"Feature","properties":{"id":"p:agua-salada:245","n":6,"sc":"#00ffff","fc":"#00ffff"},"geometry":{"type":"MultiLineString","coordinates":[[[1810.6,728.5],[1789.0,728.5],[1810.6,729.4],[1810.6,728.5]],[[1789.0,728.5],[1810.6,729.4],[1789.4,729.4],[1789.0,728.5]]]}},{"type":"Feature","properties":{"id":"p:agua-salada:246","n":6,"sc":"#00ffff","fc":"#00ffff"},"geometry":{"type":"MultiLineString","coordinates":[[[1810.6,729.4],[1789.4,729.4],[1810.6,730.4],[1810.6,729.4]],[[1789.4,729.4],[1810.6,730.4],[1789.4,730.4],[1789.4,729.4]]]}},{"type":"Feature","properties":{"id":"p:agua-salada:247","n":6,"sc":"#00ffff","fc":"#00ffff"},"geometry":{"type":"MultiLineString","coordinates":[[[1810.6,730.4],[1789.4,730.4],[1810.1,731.4],[1810.6,730.4]],[[1789.4,730.4],[1810.1,731.4],[1789.9,731.4],[1789.4,730.4]]]}},{"type":"Feature","properties":{"id":"p:agua-salada:248","n":6,"sc":"#00ffff","fc":"#00ffff"},"geometry":{"type":"MultiLineString","coordinates":[[[1810.1,731.4],[1789.9,731.4],[1809.6,732.3],[1810.1,731.4]],[[1789.9,731.4],[1809.6,732.3],[1790.4,732.3],[1789.9,731.4]]]}},{"type":"Feature","properties":{"id":"p:agua-salada:249","n":6,"sc":"#00ffff","fc":"#00ffff"},"geometry":{"type":"MultiLineString","coordinates":[[[1809.6,732.3],[1790.4,732.3],[1809.1,733.3],[1809.6,732.3]],[[1790.4,732.3],[1809.1,733.3],[1790.9,733.3],[1790.4,732.3]]]}},{"type":"Feature","properties":{"id":"p:agua-salada:250","n":6,"sc":"#00ffff","fc":"#00ffff"},"geometry":{"type":"MultiLineString","coordinates":[[[1809.1,733.3],[1790.9,733.3],[1808.6,733.8],[1809.1,733.3]],[[1790.9,733.3],[1808.6,733.8],[1791.4,733.8],[1790.9,733.3]]]}},{"type":"Feature","properties":{"id":"p:agua-salada:251","n":6,"sc":"#00ffff","fc":"#00ffff"},"geometry":{"type":"MultiLineString","coordinates":[[[1808.6,733.8],[1791.4,733.8],[1807.7,734.7],[1808.6,733.8]],[[1791.4,733.8],[1807.7,734.7],[1792.3,734.7],[1791.4,733.8]]]}},{"type":"Feature","properties":{"id":"p:agua-salada:252","n":6,"sc":"#00ffff","fc":"#00ffff"},"geometry":{"type":"MultiLineString","coordinates":[[[1807.7,734.7],[1792.3,734.7],[1807.2,735.7],[1807.7,734.7]],[[1792.3,734.7],[1807.2,735.7],[1792.8,735.7],[1792.3,734.7]]]}},{"type":"Feature","properties":{"id":"p:agua-salada:253","n":6,"sc":"#00ffff","fc":"#00ffff"},"geometry":{"type":"MultiLineString","coordinates":[[[1807.2,735.7],[1792.8,735.7],[1806.2,736.2],[1807.2,735.7]],[[1792.8,735.7],[1806.2,736.2],[1793.8,736.2],[1792.8,735.7]]]}},{"type":"Feature","properties":{"id":"p:agua-salada:254","n":6,"sc":"#00ffff","fc":"#00ffff"},"geometry":{"type":"MultiLineString","coordinates":[[[1806.2,736.2],[1793.8,736.2],[1805.3,736.6],[1806.2,736.2]],[[1793.8,736.2],[1805.3,736.6],[1794.7,736.6],[1793.8,736.2]]]}},{"type":"Feature","properties":{"id":"p:agua-salada:255","n":6,"sc":"#00ffff","fc":"#00ffff"},"geometry":{"type":"MultiLineString","coordinates":[[[1805.3,736.6],[1794.7,736.6],[1804.3,737.1],[1805.3,736.6]],[[1794.7,736.6],[1804.3,737.1],[1795.7,737.1],[1794.7,736.6]]]}},{"type":"Feature","properties":{"id":"p:agua-salada:256","n":6,"sc":"#00ffff","fc":"#00ffff"},"geometry":{"type":"MultiLineString","coordinates":[[[1804.3,737.1],[1795.7,737.1],[1803.4,737.6],[1804.3,737.1]],[[1795.7,737.1],[1803.4,737.6],[1796.6,737.6],[1795.7,737.1]]]}},{"type":"Feature","properties":{"id":"p:agua-salada:257","n":6,"sc":"#00ffff","fc":"#00ffff"},"geometry":{"type":"MultiLineString","coordinates":[[[1803.4,737.6],[1796.6,737.6],[1802.4,738.1],[1803.4,737.6]],[[1796.6,737.6],[1802.4,738.1],[1797.6,738.1],[1796.6,737.6]]]}},{"type":"Feature","properties":{"id":"p:agua-salada:258","n":6,"sc":"#00ffff","fc":"#00ffff"},"geometry":{"type":"MultiLineString","coordinates":[[[1797.6,738.1],[1798.6,738.1],[1801.0,738.1],[1797.6,738.1]],[[1798.6,738.1],[1801.0,738.1],[1800.5,738.1],[1798.6,738.1]]]}},{"type":"Feature","properties":{"id":"p:agua-salada:259","n":3,"sc":"#00ffff","fc":"#00ffff"},"geometry":{"type":"LineString","coordinates":[[1797.6,738.1],[1802.4,738.1],[1801.0,738.1],[1797.6,738.1]]}},{"type":"Feature","properties":{"id":"p:agua-salada:260","n":16,"sc":"#00ffff"},"geometry":{"type":"LineString","coordinates":[[1810.6,726.8],[1809.7,722.6],[1807.4,719.2],[1804.0,716.8],[1799.8,716.0],[1795.6,716.8],[1792.1,719.2],[1789.8,722.6],[1789.0,726.8],[1789.8,731.0],[1792.1,734.4],[1795.6,736.8],[1799.8,737.6],[1804.0,736.8],[1807.4,734.4],[1809.7,731.0],[1810.6,726.8]]}},{"type":"Feature","properties":{"id":"p:agua-salada:261","n":3,"sc":"#00ffff","fc":"#00ffff"},"geometry":{"type":"LineString","coordinates":[[1501.4,814.9],[1501.9,814.9],[1499.0,814.9],[1501.4,814.9]]}},{"type":"Feature","properties":{"id":"p:agua-salada:262","n":6,"sc":"#00ffff","fc":"#00ffff"},"geometry":{"type":"MultiLineString","coordinates":[[[1501.9,814.9],[1499.0,814.9],[1503.4,815.4],[1501.9,814.9]],[[1499.0,814.9],[1503.4,815.4],[1498.6,815.4],[1499.0,814.9]]]}},{"type":"Feature","properties":{"id":"p:agua-salada:263","n":6,"sc":"#00ffff","fc":"#00ffff"},"geometry":{"type":"MultiLineString","coordinates":[[[1503.4,815.4],[1498.6,815.4],[1504.3,815.4],[1503.4,815.4]],[[1498.6,815.4],[1504.3,815.4],[1497.1,815.4],[1498.6,815.4]]]}},{"type":"Feature","properties":{"id":"p:agua-salada:264","n":6,"sc":"#00ffff","fc":"#00ffff"},"geometry":{"type":"MultiLineString","coordinates":[[[1504.3,815.4],[1497.1,815.4],[1505.3,815.8],[1504.3,815.4]],[[1497.1,815.4],[1505.3,815.8],[1496.2,815.8],[1497.1,815.4]]]}},{"type":"Feature","properties":{"id":"p:agua-salada:265","n":6,"sc":"#00ffff","fc":"#00ffff"},"geometry":{"type":"MultiLineString","coordinates":[[[1505.3,815.8],[1496.2,815.8],[1506.2,816.3],[1505.3,815.8]],[[1496.2,815.8],[1506.2,816.3],[1495.2,816.3],[1496.2,815.8]]]}},{"type":"Feature","properties":{"id":"p:agua-salada:266","n":6,"sc":"#00ffff","fc":"#00ffff"},"geometry":{"type":"MultiLineString","coordinates":[[[1506.2,816.3],[1495.2,816.3],[1507.2,816.8],[1506.2,816.3]],[[1495.2,816.3],[1507.2,816.8],[1494.7,816.8],[1495.2,816.3]]]}},{"type":"Feature","properties":{"id":"p:agua-salada:267","n":6,"sc":"#00ffff","fc":"#00ffff"},"geometry":{"type":"MultiLineString","coordinates":[[[1507.2,816.8],[1494.7,816.8],[1507.7,817.8],[1507.2,816.8]],[[1494.7,816.8],[1507.7,817.8],[1493.8,817.8],[1494.7,816.8]]]}},{"type":"Feature","properties":{"id":"p:agua-salada:268","n":6,"sc":"#00ffff","fc":"#00ffff"},"geometry":{"type":"MultiLineString","coordinates":[[[1507.7,817.8],[1493.8,817.8],[1508.6,818.2],[1507.7,817.8]],[[1493.8,817.8],[1508.6,818.2],[1492.8,818.2],[1493.8,817.8]]]}},{"type":"Feature","properties":{"id":"p:agua-salada:269","n":6,"sc":"#00ffff","fc":"#00ffff"},"geometry":{"type":"MultiLineString","coordinates":[[[1508.6,818.2],[1492.8,818.2],[1509.1,819.2],[1508.6,818.2]],[[1492.8,818.2],[1509.1,819.2],[1492.3,819.2],[1492.8,818.2]]]}},{"type":"Feature","properties":{"id":"p:agua-salada:270","n":6,"sc":"#00ffff","fc":"#00ffff"},"geometry":{"type":"MultiLineString","coordinates":[[[1509.1,819.2],[1492.3,819.2],[1510.1,820.2],[1509.1,819.2]],[[1492.3,819.2],[1510.1,820.2],[1491.8,820.2],[1492.3,819.2]]]}},{"type":"Feature","properties":{"id":"p:agua-salada:271","n":6,"sc":"#00ffff","fc":"#00ffff"},"geometry":{"type":"MultiLineString","coordinates":[[[1510.1,820.2],[1491.8,820.2],[1510.6,820.6],[1510.1,820.2]],[[1491.8,820.2],[1510.6,820.6],[1490.9,820.6],[1491.8,820.2]]]}},{"type":"Feature","properties":{"id":"p:agua-salada:272","n":6,"sc":"#00ffff","fc":"#00ffff"},"geometry":{"type":"MultiLineString","coordinates":[[[1510.6,820.6],[1490.9,820.6],[1511.0,821.6],[1510.6,820.6]],[[1490.9,820.6],[1511.0,821.6],[1490.9,821.6],[1490.9,820.6]]]}},{"type":"Feature","properties":{"id":"p:agua-salada:273","n":6,"sc":"#00ffff","fc":"#00ffff"},"geometry":{"type":"MultiLineString","coordinates":[[[1511.0,821.6],[1490.9,821.6],[1511.0,822.6],[1511.0,821.6]],[[1490.9,821.6],[1511.0,822.6],[1490.4,822.6],[1490.9,821.6]]]}},{"type":"Feature","properties":{"id":"p:agua-salada:274","n":6,"sc":"#00ffff","fc":"#00ffff"},"geometry":{"type":"MultiLineString","coordinates":[[[1511.0,822.6],[1490.4,822.6],[1511.5,823.5],[1511.0,822.6]],[[1490.4,822.6],[1511.5,823.5],[1489.9,823.5],[1490.4,822.6]]]}},{"type":"Feature","properties":{"id":"p:agua-salada:275","n":6,"sc":"#00ffff","fc":"#00ffff"},"geometry":{"type":"MultiLineString","coordinates":[[[1511.5,823.5],[1489.9,823.5],[1511.5,825.0],[1511.5,823.5]],[[1489.9,823.5],[1511.5,825.0],[1489.9,825.0],[1489.9,823.5]]]}},{"type":"Feature","properties":{"id":"p:agua-salada:276","n":6,"sc":"#00ffff","fc":"#00ffff"},"geometry":{"type":"MultiLineString","coordinates":[[[1511.5,825.0],[1489.9,825.0],[1511.5,825.9],[1511.5,825.0]],[[1489.9,825.0],[1511.5,825.9],[1489.9,825.9],[1489.9,825.0]]]}},{"type":"Feature","properties":{"id":"p:agua-salada:277","n":6,"sc":"#00ffff","fc":"#00ffff"},"geometry":{"type":"MultiLineString","coordinates":[[[1511.5,825.9],[1489.9,825.9],[1511.5,826.9],[1511.5,825.9]],[[1489.9,825.9],[1511.5,826.9],[1489.9,826.9],[1489.9,825.9]]]}},{"type":"Feature","properties":{"id":"p:agua-salada:278","n":6,"sc":"#00ffff","fc":"#00ffff"},"geometry":{"type":"MultiLineString","coordinates":[[[1511.5,826.9],[1489.9,826.9],[1511.5,827.8],[1511.5,826.9]],[[1489.9,826.9],[1511.5,827.8],[1489.9,827.8],[1489.9,826.9]]]}},{"type":"Feature","properties":{"id":"p:agua-salada:279","n":6,"sc":"#00ffff","fc":"#00ffff"},"geometry":{"type":"MultiLineString","coordinates":[[[1511.5,827.8],[1489.9,827.8],[1511.0,828.8],[1511.5,827.8]],[[1489.9,827.8],[1511.0,828.8],[1490.4,828.8],[1489.9,827.8]]]}},{"type":"Feature","properties":{"id":"p:agua-salada:280","n":6,"sc":"#00ffff","fc":"#00ffff"},"geometry":{"type":"MultiLineString","coordinates":[[[1511.0,828.8],[1490.4,828.8],[1511.0,829.8],[1511.0,828.8]],[[1490.4,828.8],[1511.0,829.8],[1490.9,829.8],[1490.4,828.8]]]}},{"type":"Feature","properties":{"id":"p:agua-salada:281","n":6,"sc":"#00ffff","fc":"#00ffff"},"geometry":{"type":"MultiLineString","coordinates":[[[1511.0,829.8],[1490.9,829.8],[1510.6,830.7],[1511.0,829.8]],[[1490.9,829.8],[1510.6,830.7],[1490.9,830.7],[1490.9,829.8]]]}},{"type":"Feature","properties":{"id":"p:agua-salada:282","n":6,"sc":"#00ffff","fc":"#00ffff"},"geometry":{"type":"MultiLineString","coordinates":[[[1510.6,830.7],[1490.9,830.7],[1510.1,831.7],[1510.6,830.7]],[[1490.9,830.7],[1510.1,831.7],[1491.8,831.7],[1490.9,830.7]]]}},{"type":"Feature","properties":{"id":"p:agua-salada:283","n":6,"sc":"#00ffff","fc":"#00ffff"},"geometry":{"type":"MultiLineString","coordinates":[[[1510.1,831.7],[1491.8,831.7],[1509.1,832.6],[1510.1,831.7]],[[1491.8,831.7],[1509.1,832.6],[1492.3,832.6],[1491.8,831.7]]]}},{"type":"Feature","properties":{"id":"p:agua-salada:284","n":6,"sc":"#00ffff","fc":"#00ffff"},"geometry":{"type":"MultiLineString","coordinates":[[[1509.1,832.6],[1492.3,832.6],[1508.6,833.1],[1509.1,832.6]],[[1492.3,832.6],[1508.6,833.1],[1492.8,833.1],[1492.3,832.6]]]}},{"type":"Feature","properties":{"id":"p:agua-salada:285","n":6,"sc":"#00ffff","fc":"#00ffff"},"geometry":{"type":"MultiLineString","coordinates":[[[1508.6,833.1],[1492.8,833.1],[1507.7,834.1],[1508.6,833.1]],[[1492.8,833.1],[1507.7,834.1],[1493.8,834.1],[1492.8,833.1]]]}},{"type":"Feature","properties":{"id":"p:agua-salada:286","n":6,"sc":"#00ffff","fc":"#00ffff"},"geometry":{"type":"MultiLineString","coordinates":[[[1507.7,834.1],[1493.8,834.1],[1507.2,834.6],[1507.7,834.1]],[[1493.8,834.1],[1507.2,834.6],[1494.7,834.6],[1493.8,834.1]]]}},{"type":"Feature","properties":{"id":"p:agua-salada:287","n":6,"sc":"#00ffff","fc":"#00ffff"},"geometry":{"type":"MultiLineString","coordinates":[[[1507.2,834.6],[1494.7,834.6],[1506.2,835.0],[1507.2,834.6]],[[1494.7,834.6],[1506.2,835.0],[1495.2,835.0],[1494.7,834.6]]]}},{"type":"Feature","properties":{"id":"p:agua-salada:288","n":6,"sc":"#00ffff","fc":"#00ffff"},"geometry":{"type":"MultiLineString","coordinates":[[[1506.2,835.0],[1495.2,835.0],[1505.3,835.5],[1506.2,835.0]],[[1495.2,835.0],[1505.3,835.5],[1496.2,835.5],[1495.2,835.0]]]}},{"type":"Feature","properties":{"id":"p:agua-salada:289","n":6,"sc":"#00ffff","fc":"#00ffff"},"geometry":{"type":"MultiLineString","coordinates":[[[1505.3,835.5],[1496.2,835.5],[1504.3,836],[1505.3,835.5]],[[1496.2,835.5],[1504.3,836],[1497.1,836],[1496.2,835.5]]]}},{"type":"Feature","properties":{"id":"p:agua-salada:290","n":6,"sc":"#00ffff","fc":"#00ffff"},"geometry":{"type":"MultiLineString","coordinates":[[[1504.3,836],[1497.1,836],[1503.4,836.5],[1504.3,836]],[[1497.1,836],[1503.4,836.5],[1498.6,836.5],[1497.1,836]]]}},{"type":"Feature","properties":{"id":"p:agua-salada:291","n":6,"sc":"#00ffff","fc":"#00ffff"},"geometry":{"type":"MultiLineString","coordinates":[[[1498.6,836.5],[1499.0,836.5],[1501.9,836.5],[1498.6,836.5]],[[1499.0,836.5],[1501.9,836.5],[1501.4,836.5],[1499.0,836.5]]]}},{"type":"Feature","properties":{"id":"p:agua-salada:292","n":3,"sc":"#00ffff","fc":"#00ffff"},"geometry":{"type":"LineString","coordinates":[[1498.6,836.5],[1503.4,836.5],[1501.9,836.5],[1498.6,836.5]]}},{"type":"Feature","properties":{"id":"p:agua-salada:293","n":16,"sc":"#00ffff"},"geometry":{"type":"LineString","coordinates":[[1511.5,825.7],[1510.7,821.5],[1508.4,818.0],[1504.9,815.7],[1500.7,814.9],[1496.5,815.7],[1493.1,818.0],[1490.8,821.5],[1489.9,825.7],[1490.8,829.9],[1493.1,833.3],[1496.5,835.6],[1500.7,836.5],[1504.9,835.6],[1508.4,833.3],[1510.7,829.9],[1511.5,825.7]]}},{"type":"Feature","properties":{"id":"p:agua-salada:294","n":3,"sc":"#00ffff","fc":"#00ffff"},"geometry":{"type":"LineString","coordinates":[[1550.4,1158.1],[1550.9,1158.1],[1548,1158.1],[1550.4,1158.1]]}},{"type":"Feature","properties":{"id":"p:agua-salada:295","n":6,"sc":"#00ffff","fc":"#00ffff"},"geometry":{"type":"MultiLineString","coordinates":[[[1550.9,1158.1],[1548,1158.1],[1552.3,1158.6],[1550.9,1158.1]],[[1548,1158.1],[1552.3,1158.6],[1547.5,1158.6],[1548,1158.1]]]}},{"type":"Feature","properties":{"id":"p:agua-salada:296","n":6,"sc":"#00ffff","fc":"#00ffff"},"geometry":{"type":"MultiLineString","coordinates":[[[1552.3,1158.6],[1547.5,1158.6],[1553.3,1159.0],[1552.3,1158.6]],[[1547.5,1158.6],[1553.3,1159.0],[1546.1,1159.0],[1547.5,1158.6]]]}},{"type":"Feature","properties":{"id":"p:agua-salada:297","n":6,"sc":"#00ffff","fc":"#00ffff"},"geometry":{"type":"MultiLineString","coordinates":[[[1553.3,1159.0],[1546.1,1159.0],[1554.2,1159.0],[1553.3,1159.0]],[[1546.1,1159.0],[1554.2,1159.0],[1545.1,1159.0],[1546.1,1159.0]]]}},{"type":"Feature","properties":{"id":"p:agua-salada:298","n":6,"sc":"#00ffff","fc":"#00ffff"},"geometry":{"type":"MultiLineString","coordinates":[[[1554.2,1159.0],[1545.1,1159.0],[1555.2,1159.5],[1554.2,1159.0]],[[1545.1,1159.0],[1555.2,1159.5],[1544.2,1159.5],[1545.1,1159.0]]]}},{"type":"Feature","properties":{"id":"p:agua-salada:299","n":6,"sc":"#00ffff","fc":"#00ffff"},"geometry":{"type":"MultiLineString","coordinates":[[[1555.2,1159.5],[1544.2,1159.5],[1556.2,1160],[1555.2,1159.5]],[[1544.2,1159.5],[1556.2,1160],[1543.7,1160],[1544.2,1159.5]]]}},{"type":"Feature","properties":{"id":"p:agua-salada:300","n":6,"sc":"#00ffff","fc":"#00ffff"},"geometry":{"type":"MultiLineString","coordinates":[[[1556.2,1160],[1543.7,1160],[1556.6,1161.0],[1556.2,1160]],[[1543.7,1160],[1556.6,1161.0],[1542.7,1161.0],[1543.7,1160]]]}},{"type":"Feature","properties":{"id":"p:agua-salada:301","n":6,"sc":"#00ffff","fc":"#00ffff"},"geometry":{"type":"MultiLineString","coordinates":[[[1556.6,1161.0],[1542.7,1161.0],[1557.6,1161.4],[1556.6,1161.0]],[[1542.7,1161.0],[1557.6,1161.4],[1541.8,1161.4],[1542.7,1161.0]]]}},{"type":"Feature","properties":{"id":"p:agua-salada:302","n":6,"sc":"#00ffff","fc":"#00ffff"},"geometry":{"type":"MultiLineString","coordinates":[[[1557.6,1161.4],[1541.8,1161.4],[1558.1,1162.4],[1557.6,1161.4]],[[1541.8,1161.4],[1558.1,1162.4],[1541.3,1162.4],[1541.8,1161.4]]]}},{"type":"Feature","properties":{"id":"p:agua-salada:303","n":6,"sc":"#00ffff","fc":"#00ffff"},"geometry":{"type":"MultiLineString","coordinates":[[[1558.1,1162.4],[1541.3,1162.4],[1559.0,1163.4],[1558.1,1162.4]],[[1541.3,1162.4],[1559.0,1163.4],[1540.8,1163.4],[1541.3,1162.4]]]}},{"type":"Feature","properties":{"id":"p:agua-salada:304","n":6,"sc":"#00ffff","fc":"#00ffff"},"geometry":{"type":"MultiLineString","coordinates":[[[1559.0,1163.4],[1540.8,1163.4],[1559.5,1164.3],[1559.0,1163.4]],[[1540.8,1163.4],[1559.5,1164.3],[1539.8,1164.3],[1540.8,1163.4]]]}},{"type":"Feature","properties":{"id":"p:agua-salada:305","n":6,"sc":"#00ffff","fc":"#00ffff"},"geometry":{"type":"MultiLineString","coordinates":[[[1559.5,1164.3],[1539.8,1164.3],[1560,1165.3],[1559.5,1164.3]],[[1539.8,1164.3],[1560,1165.3],[1539.8,1165.3],[1539.8,1164.3]]]}},{"type":"Feature","properties":{"id":"p:agua-salada:306","n":6,"sc":"#00ffff","fc":"#00ffff"},"geometry":{"type":"MultiLineString","coordinates":[[[1560,1165.3],[1539.8,1165.3],[1560,1166.2],[1560,1165.3]],[[1539.8,1165.3],[1560,1166.2],[1539.4,1166.2],[1539.8,1165.3]]]}},{"type":"Feature","properties":{"id":"p:agua-salada:307","n":6,"sc":"#00ffff","fc":"#00ffff"},"geometry":{"type":"MultiLineString","coordinates":[[[1560,1166.2],[1539.4,1166.2],[1560.5,1167.2],[1560,1166.2]],[[1539.4,1166.2],[1560.5,1167.2],[1538.9,1167.2],[1539.4,1166.2]]]}},{"type":"Feature","properties":{"id":"p:agua-salada:308","n":6,"sc":"#00ffff","fc":"#00ffff"},"geometry":{"type":"MultiLineString","coordinates":[[[1560.5,1167.2],[1538.9,1167.2],[1560.5,1168.2],[1560.5,1167.2]],[[1538.9,1167.2],[1560.5,1168.2],[1538.9,1168.2],[1538.9,1167.2]]]}},{"type":"Feature","properties":{"id":"p:agua-salada:309","n":6,"sc":"#00ffff","fc":"#00ffff"},"geometry":{"type":"MultiLineString","coordinates":[[[1560.5,1168.2],[1538.9,1168.2],[1560.5,1169.1],[1560.5,1168.2]],[[1538.9,1168.2],[1560.5,1169.1],[1538.9,1169.1],[1538.9,1168.2]]]}},{"type":"Feature","properties":{"id":"p:agua-salada:310","n":6,"sc":"#00ffff","fc":"#00ffff"},"geometry":{"type":"MultiLineString","coordinates":[[[1560.5,1169.1],[1538.9,1169.1],[1560.5,1170.1],[1560.5,1169.1]],[[1538.9,1169.1],[1560.5,1170.1],[1538.9,1170.1],[1538.9,1169.1]]]}},{"type":"Feature","properties":{"id":"p:agua-salada:311","n":6,"sc":"#00ffff","fc":"#00ffff"},"geometry":{"type":"MultiLineString","coordinates":[[[1560.5,1170.1],[1538.9,1170.1],[1560.5,1171.0],[1560.5,1170.1]],[[1538.9,1170.1],[1560.5,1171.0],[1538.9,1171.0],[1538.9,1170.1]]]}},{"type":"Feature","properties":{"id":"p:agua-salada:312","n":6,"sc":"#00ffff","fc":"#00ffff"},"geometry":{"type":"MultiLineString","coordinates":[[[1560.5,1171.0],[1538.9,1171.0],[1560,1172],[1560.5,1171.0]],[[1538.9,1171.0],[1560,1172],[1539.4,1172],[1538.9,1171.0]]]}},{"type":"Feature","properties":{"id":"p:agua-salada:313","n":6,"sc":"#00ffff","fc":"#00ffff"},"geometry":{"type":"MultiLineString","coordinates":[[[1560,1172],[1539.4,1172],[1560,1173.0],[1560,1172]],[[1539.4,1172],[1560,1173.0],[1539.8,1173.0],[1539.4,1172]]]}},{"type":"Feature","properties":{"id":"p:agua-salada:314","n":6,"sc":"#00ffff","fc":"#00ffff"},"geometry":{"type":"MultiLineString","coordinates":[[[1560,1173.0],[1539.8,1173.0],[1559.5,1173.9],[1560,1173.0]],[[1539.8,1173.0],[1559.5,1173.9],[1539.8,1173.9],[1539.8,1173.0]]]}},{"type":"Feature","properties":{"id":"p:agua-salada:315","n":6,"sc":"#00ffff","fc":"#00ffff"},"geometry":{"type":"MultiLineString","coordinates":[[[1559.5,1173.9],[1539.8,1173.9],[1559.0,1174.9],[1559.5,1173.9]],[[1539.8,1173.9],[1559.0,1174.9],[1540.8,1174.9],[1539.8,1173.9]]]}},{"type":"Feature","properties":{"id":"p:agua-salada:316","n":6,"sc":"#00ffff","fc":"#00ffff"},"geometry":{"type":"MultiLineString","coordinates":[[[1559.0,1174.9],[1540.8,1174.9],[1558.1,1175.8],[1559.0,1174.9]],[[1540.8,1174.9],[1558.1,1175.8],[1541.3,1175.8],[1540.8,1174.9]]]}},{"type":"Feature","properties":{"id":"p:agua-salada:317","n":6,"sc":"#00ffff","fc":"#00ffff"},"geometry":{"type":"MultiLineString","coordinates":[[[1558.1,1175.8],[1541.3,1175.8],[1557.6,1176.8],[1558.1,1175.8]],[[1541.3,1175.8],[1557.6,1176.8],[1541.8,1176.8],[1541.3,1175.8]]]}},{"type":"Feature","properties":{"id":"p:agua-salada:318","n":6,"sc":"#00ffff","fc":"#00ffff"},"geometry":{"type":"MultiLineString","coordinates":[[[1557.6,1176.8],[1541.8,1176.8],[1556.6,1177.3],[1557.6,1176.8]],[[1541.8,1176.8],[1556.6,1177.3],[1542.7,1177.3],[1541.8,1176.8]]]}},{"type":"Feature","properties":{"id":"p:agua-salada:319","n":6,"sc":"#00ffff","fc":"#00ffff"},"geometry":{"type":"MultiLineString","coordinates":[[[1556.6,1177.3],[1542.7,1177.3],[1556.2,1177.8],[1556.6,1177.3]],[[1542.7,1177.3],[1556.2,1177.8],[1543.7,1177.8],[1542.7,1177.3]]]}},{"type":"Feature","properties":{"id":"p:agua-salada:320","n":6,"sc":"#00ffff","fc":"#00ffff"},"geometry":{"type":"MultiLineString","coordinates":[[[1556.2,1177.8],[1543.7,1177.8],[1555.2,1178.7],[1556.2,1177.8]],[[1543.7,1177.8],[1555.2,1178.7],[1544.2,1178.7],[1543.7,1177.8]]]}},{"type":"Feature","properties":{"id":"p:agua-salada:321","n":6,"sc":"#00ffff","fc":"#00ffff"},"geometry":{"type":"MultiLineString","coordinates":[[[1555.2,1178.7],[1544.2,1178.7],[1554.2,1179.2],[1555.2,1178.7]],[[1544.2,1178.7],[1554.2,1179.2],[1545.1,1179.2],[1544.2,1178.7]]]}},{"type":"Feature","properties":{"id":"p:agua-salada:322","n":6,"sc":"#00ffff","fc":"#00ffff"},"geometry":{"type":"MultiLineString","coordinates":[[[1554.2,1179.2],[1545.1,1179.2],[1553.3,1179.2],[1554.2,1179.2]],[[1545.1,1179.2],[1553.3,1179.2],[1546.1,1179.2],[1545.1,1179.2]]]}},{"type":"Feature","properties":{"id":"p:agua-salada:323","n":6,"sc":"#00ffff","fc":"#00ffff"},"geometry":{"type":"MultiLineString","coordinates":[[[1553.3,1179.2],[1546.1,1179.2],[1552.3,1179.7],[1553.3,1179.2]],[[1546.1,1179.2],[1552.3,1179.7],[1547.5,1179.7],[1546.1,1179.2]]]}},{"type":"Feature","properties":{"id":"p:agua-salada:324","n":6,"sc":"#00ffff","fc":"#00ffff"},"geometry":{"type":"MultiLineString","coordinates":[[[1547.5,1179.7],[1548,1179.7],[1550.9,1179.7],[1547.5,1179.7]],[[1548,1179.7],[1550.9,1179.7],[1550.4,1180.2],[1548,1179.7]]]}},{"type":"Feature","properties":{"id":"p:agua-salada:325","n":3,"sc":"#00ffff","fc":"#00ffff"},"geometry":{"type":"LineString","coordinates":[[1547.5,1179.7],[1552.3,1179.7],[1550.9,1179.7],[1547.5,1179.7]]}},{"type":"Feature","properties":{"id":"p:agua-salada:326","n":16,"sc":"#00ffff"},"geometry":{"type":"LineString","coordinates":[[1560.5,1168.9],[1559.6,1164.7],[1557.3,1161.2],[1553.9,1158.9],[1549.7,1158.1],[1545.5,1158.9],[1542.0,1161.2],[1539.7,1164.7],[1538.9,1168.9],[1539.7,1173.1],[1542.0,1176.5],[1545.5,1178.8],[1549.7,1179.7],[1553.9,1178.8],[1557.3,1176.5],[1559.6,1173.1],[1560.5,1168.9]]}},{"type":"Feature","properties":{"id":"p:agua-salada:327","n":3,"sc":"#00ffff","fc":"#00ffff"},"geometry":{"type":"LineString","coordinates":[[1310.9,1392.3],[1311.8,1392.3],[1309.0,1392.3],[1310.9,1392.3]]}},{"type":"Feature","properties":{"id":"p:agua-salada:328","n":6,"sc":"#00ffff","fc":"#00ffff"},"geometry":{"type":"MultiLineString","coordinates":[[[1311.8,1392.3],[1309.0,1392.3],[1312.8,1392.3],[1311.8,1392.3]],[[1309.0,1392.3],[1312.8,1392.3],[1308,1392.3],[1309.0,1392.3]]]}},{"type":"Feature","properties":{"id":"p:agua-salada:329","n":6,"sc":"#00ffff","fc":"#00ffff"},"geometry":{"type":"MultiLineString","coordinates":[[[1312.8,1392.3],[1308,1392.3],[1313.8,1392.8],[1312.8,1392.3]],[[1308,1392.3],[1313.8,1392.8],[1307.0,1392.8],[1308,1392.3]]]}},{"type":"Feature","properties":{"id":"p:agua-salada:330","n":6,"sc":"#00ffff","fc":"#00ffff"},"geometry":{"type":"MultiLineString","coordinates":[[[1313.8,1392.8],[1307.0,1392.8],[1314.7,1393.3],[1313.8,1392.8]],[[1307.0,1392.8],[1314.7,1393.3],[1306.1,1393.3],[1307.0,1392.8]]]}},{"type":"Feature","properties":{"id":"p:agua-salada:331","n":6,"sc":"#00ffff","fc":"#00ffff"},"geometry":{"type":"MultiLineString","coordinates":[[[1314.7,1393.3],[1306.1,1393.3],[1315.7,1393.8],[1314.7,1393.3]],[[1306.1,1393.3],[1315.7,1393.8],[1305.1,1393.8],[1306.1,1393.3]]]}},{"type":"Feature","properties":{"id":"p:agua-salada:332","n":6,"sc":"#00ffff","fc":"#00ffff"},"geometry":{"type":"MultiLineString","coordinates":[[[1315.7,1393.8],[1305.1,1393.8],[1316.6,1394.2],[1315.7,1393.8]],[[1305.1,1393.8],[1316.6,1394.2],[1304.2,1394.2],[1305.1,1393.8]]]}},{"type":"Feature","properties":{"id":"p:agua-salada:333","n":6,"sc":"#00ffff","fc":"#00ffff"},"geometry":{"type":"MultiLineString","coordinates":[[[1316.6,1394.2],[1304.2,1394.2],[1317.6,1394.7],[1316.6,1394.2]],[[1304.2,1394.2],[1317.6,1394.7],[1303.2,1394.7],[1304.2,1394.2]]]}},{"type":"Feature","properties":{"id":"p:agua-salada:334","n":6,"sc":"#00ffff","fc":"#00ffff"},"geometry":{"type":"MultiLineString","coordinates":[[[1317.6,1394.7],[1303.2,1394.7],[1318.1,1395.7],[1317.6,1394.7]],[[1303.2,1394.7],[1318.1,1395.7],[1302.7,1395.7],[1303.2,1394.7]]]}},{"type":"Feature","properties":{"id":"p:agua-salada:335","n":6,"sc":"#00ffff","fc":"#00ffff"},"geometry":{"type":"MultiLineString","coordinates":[[[1318.1,1395.7],[1302.7,1395.7],[1319.0,1396.2],[1318.1,1395.7]],[[1302.7,1395.7],[1319.0,1396.2],[1301.8,1396.2],[1302.7,1395.7]]]}},{"type":"Feature","properties":{"id":"p:agua-salada:336","n":6,"sc":"#00ffff","fc":"#00ffff"},"geometry":{"type":"MultiLineString","coordinates":[[[1319.0,1396.2],[1301.8,1396.2],[1319.5,1397.1],[1319.0,1396.2]],[[1301.8,1396.2],[1319.5,1397.1],[1301.3,1397.1],[1301.8,1396.2]]]}},{"type":"Feature","properties":{"id":"p:agua-salada:337","n":6,"sc":"#00ffff","fc":"#00ffff"},"geometry":{"type":"MultiLineString","coordinates":[[[1319.5,1397.1],[1301.3,1397.1],[1320,1398.1],[1319.5,1397.1]],[[1301.3,1397.1],[1320,1398.1],[1300.8,1398.1],[1301.3,1397.1]]]}},{"type":"Feature","properties":{"id":"p:agua-salada:338","n":6,"sc":"#00ffff","fc":"#00ffff"},"geometry":{"type":"MultiLineString","coordinates":[[[1320,1398.1],[1300.8,1398.1],[1320.5,1399.0],[1320,1398.1]],[[1300.8,1398.1],[1320.5,1399.0],[1300.3,1399.0],[1300.8,1398.1]]]}},{"type":"Feature","properties":{"id":"p:agua-salada:339","n":6,"sc":"#00ffff","fc":"#00ffff"},"geometry":{"type":"MultiLineString","coordinates":[[[1320.5,1399.0],[1300.3,1399.0],[1321.0,1400],[1320.5,1399.0]],[[1300.3,1399.0],[1321.0,1400],[1299.8,1400],[1300.3,1399.0]]]}},{"type":"Feature","properties":{"id":"p:agua-salada:340","n":6,"sc":"#00ffff","fc":"#00ffff"},"geometry":{"type":"MultiLineString","coordinates":[[[1321.0,1400],[1299.8,1400],[1321.0,1401.0],[1321.0,1400]],[[1299.8,1400],[1321.0,1401.0],[1299.8,1401.0],[1299.8,1400]]]}},{"type":"Feature","properties":{"id":"p:agua-salada:341","n":6,"sc":"#00ffff","fc":"#00ffff"},"geometry":{"type":"MultiLineString","coordinates":[[[1321.0,1401.0],[1299.8,1401.0],[1321.0,1401.9],[1321.0,1401.0]],[[1299.8,1401.0],[1321.0,1401.9],[1299.4,1401.9],[1299.8,1401.0]]]}},{"type":"Feature","properties":{"id":"p:agua-salada:342","n":6,"sc":"#00ffff","fc":"#00ffff"},"geometry":{"type":"MultiLineString","coordinates":[[[1321.0,1401.9],[1299.4,1401.9],[1321.4,1402.9],[1321.0,1401.9]],[[1299.4,1401.9],[1321.4,1402.9],[1299.4,1402.9],[1299.4,1401.9]]]}},{"type":"Feature","properties":{"id":"p:agua-salada:343","n":6,"sc":"#00ffff","fc":"#00ffff"},"geometry":{"type":"MultiLineString","coordinates":[[[1321.4,1402.9],[1299.4,1402.9],[1321.0,1403.8],[1321.4,1402.9]],[[1299.4,1402.9],[1321.0,1403.8],[1299.4,1403.8],[1299.4,1402.9]]]}},{"type":"Feature","properties":{"id":"p:agua-salada:344","n":6,"sc":"#00ffff","fc":"#00ffff"},"geometry":{"type":"MultiLineString","coordinates":[[[1321.0,1403.8],[1299.4,1403.8],[1321.0,1405.3],[1321.0,1403.8]],[[1299.4,1403.8],[1321.0,1405.3],[1299.8,1405.3],[1299.4,1403.8]]]}},{"type":"Feature","properties":{"id":"p:agua-salada:345","n":6,"sc":"#00ffff","fc":"#00ffff"},"geometry":{"type":"MultiLineString","coordinates":[[[1321.0,1405.3],[1299.8,1405.3],[1321.0,1406.2],[1321.0,1405.3]],[[1299.8,1405.3],[1321.0,1406.2],[1299.8,1406.2],[1299.8,1405.3]]]}},{"type":"Feature","properties":{"id":"p:agua-salada:346","n":6,"sc":"#00ffff","fc":"#00ffff"},"geometry":{"type":"MultiLineString","coordinates":[[[1321.0,1406.2],[1299.8,1406.2],[1320.5,1407.2],[1321.0,1406.2]],[[1299.8,1406.2],[1320.5,1407.2],[1300.3,1407.2],[1299.8,1406.2]]]}},{"type":"Feature","properties":{"id":"p:agua-salada:347","n":6,"sc":"#00ffff","fc":"#00ffff"},"geometry":{"type":"MultiLineString","coordinates":[[[1320.5,1407.2],[1300.3,1407.2],[1320,1408.2],[1320.5,1407.2]],[[1300.3,1407.2],[1320,1408.2],[1300.8,1408.2],[1300.3,1407.2]]]}},{"type":"Feature","properties":{"id":"p:agua-salada:348","n":6,"sc":"#00ffff","fc":"#00ffff"},"geometry":{"type":"MultiLineString","coordinates":[[[1320,1408.2],[1300.8,1408.2],[1319.5,1409.1],[1320,1408.2]],[[1300.8,1408.2],[1319.5,1409.1],[1301.3,1409.1],[1300.8,1408.2]]]}},{"type":"Feature","properties":{"id":"p:agua-salada:349","n":6,"sc":"#00ffff","fc":"#00ffff"},"geometry":{"type":"MultiLineString","coordinates":[[[1319.5,1409.1],[1301.3,1409.1],[1319.0,1409.6],[1319.5,1409.1]],[[1301.3,1409.1],[1319.0,1409.6],[1301.8,1409.6],[1301.3,1409.1]]]}},{"type":"Feature","properties":{"id":"p:agua-salada:350","n":6,"sc":"#00ffff","fc":"#00ffff"},"geometry":{"type":"MultiLineString","coordinates":[[[1319.0,1409.6],[1301.8,1409.6],[1318.1,1410.6],[1319.0,1409.6]],[[1301.8,1409.6],[1318.1,1410.6],[1302.7,1410.6],[1301.8,1409.6]]]}},{"type":"Feature","properties":{"id":"p:agua-salada:351","n":6,"sc":"#00ffff","fc":"#00ffff"},"geometry":{"type":"MultiLineString","coordinates":[[[1318.1,1410.6],[1302.7,1410.6],[1317.6,1411.0],[1318.1,1410.6]],[[1302.7,1410.6],[1317.6,1411.0],[1303.2,1411.0],[1302.7,1410.6]]]}},{"type":"Feature","properties":{"id":"p:agua-salada:352","n":6,"sc":"#00ffff","fc":"#00ffff"},"geometry":{"type":"MultiLineString","coordinates":[[[1317.6,1411.0],[1303.2,1411.0],[1316.6,1412],[1317.6,1411.0]],[[1303.2,1411.0],[1316.6,1412],[1304.2,1412],[1303.2,1411.0]]]}},{"type":"Feature","properties":{"id":"p:agua-salada:353","n":6,"sc":"#00ffff","fc":"#00ffff"},"geometry":{"type":"MultiLineString","coordinates":[[[1316.6,1412],[1304.2,1412],[1315.7,1412.5],[1316.6,1412]],[[1304.2,1412],[1315.7,1412.5],[1305.1,1412.5],[1304.2,1412]]]}},{"type":"Feature","properties":{"id":"p:agua-salada:354","n":6,"sc":"#00ffff","fc":"#00ffff"},"geometry":{"type":"MultiLineString","coordinates":[[[1315.7,1412.5],[1305.1,1412.5],[1314.7,1413.0],[1315.7,1412.5]],[[1305.1,1412.5],[1314.7,1413.0],[1306.1,1413.0],[1305.1,1412.5]]]}},{"type":"Feature","properties":{"id":"p:agua-salada:355","n":6,"sc":"#00ffff","fc":"#00ffff"},"geometry":{"type":"MultiLineString","coordinates":[[[1314.7,1413.0],[1306.1,1413.0],[1313.8,1413.4],[1314.7,1413.0]],[[1306.1,1413.0],[1313.8,1413.4],[1307.0,1413.4],[1306.1,1413.0]]]}},{"type":"Feature","properties":{"id":"p:agua-salada:356","n":6,"sc":"#00ffff","fc":"#00ffff"},"geometry":{"type":"MultiLineString","coordinates":[[[1313.8,1413.4],[1307.0,1413.4],[1312.8,1413.4],[1313.8,1413.4]],[[1307.0,1413.4],[1312.8,1413.4],[1308,1413.4],[1307.0,1413.4]]]}},{"type":"Feature","properties":{"id":"p:agua-salada:357","n":6,"sc":"#00ffff","fc":"#00ffff"},"geometry":{"type":"MultiLineString","coordinates":[[[1308,1413.4],[1309.0,1413.9],[1311.8,1413.9],[1308,1413.4]],[[1309.0,1413.9],[1311.8,1413.9],[1310.9,1413.9],[1309.0,1413.9]]]}},{"type":"Feature","properties":{"id":"p:agua-salada:358","n":3,"sc":"#00ffff","fc":"#00ffff"},"geometry":{"type":"LineString","coordinates":[[1308,1413.4],[1312.8,1413.4],[1311.8,1413.9],[1308,1413.4]]}},{"type":"Feature","properties":{"id":"p:agua-salada:359","n":16,"sc":"#00ffff"},"geometry":{"type":"LineString","coordinates":[[1321.0,1402.6],[1320.1,1398.4],[1317.8,1395.0],[1314.4,1392.7],[1310.2,1391.8],[1306.0,1392.7],[1302.5,1395.0],[1300.2,1398.4],[1299.4,1402.6],[1300.2,1406.8],[1302.5,1410.3],[1306.0,1412.6],[1310.2,1413.4],[1314.4,1412.6],[1317.8,1410.3],[1320.1,1406.8],[1321.0,1402.6]]}},{"type":"Feature","properties":{"id":"p:agua-salada:360","n":3,"sc":"#00ffff","fc":"#00ffff"},"geometry":{"type":"LineString","coordinates":[[2277.6,723.7],[2278.1,723.7],[2275.2,723.7],[2277.6,723.7]]}},{"type":"Feature","properties":{"id":"p:agua-salada:361","n":6,"sc":"#00ffff","fc":"#00ffff"},"geometry":{"type":"MultiLineString","coordinates":[[[2278.1,723.7],[2275.2,723.7],[2279.5,723.7],[2278.1,723.7]],[[2275.2,723.7],[2279.5,723.7],[2274.7,723.7],[2275.2,723.7]]]}},{"type":"Feature","properties":{"id":"p:agua-salada:362","n":6,"sc":"#00ffff","fc":"#00ffff"},"geometry":{"type":"MultiLineString","coordinates":[[[2279.5,723.7],[2274.7,723.7],[2280.5,724.2],[2279.5,723.7]],[[2274.7,723.7],[2280.5,724.2],[2273.3,724.2],[2274.7,723.7]]]}},{"type":"Feature","properties":{"id":"p:agua-salada:363","n":6,"sc":"#00ffff","fc":"#00ffff"},"geometry":{"type":"MultiLineString","coordinates":[[[2280.5,724.2],[2273.3,724.2],[2281.4,724.6],[2280.5,724.2]],[[2273.3,724.2],[2281.4,724.6],[2272.3,724.6],[2273.3,724.2]]]}},{"type":"Feature","properties":{"id":"p:agua-salada:364","n":6,"sc":"#00ffff","fc":"#00ffff"},"geometry":{"type":"MultiLineString","coordinates":[[[2281.4,724.6],[2272.3,724.6],[2282.4,725.1],[2281.4,724.6]],[[2272.3,724.6],[2282.4,725.1],[2271.4,725.1],[2272.3,724.6]]]}},{"type":"Feature","properties":{"id":"p:agua-salada:365","n":6,"sc":"#00ffff","fc":"#00ffff"},"geometry":{"type":"MultiLineString","coordinates":[[[2282.4,725.1],[2271.4,725.1],[2283.4,725.6],[2282.4,725.1]],[[2271.4,725.1],[2283.4,725.6],[2270.9,725.6],[2271.4,725.1]]]}},{"type":"Feature","properties":{"id":"p:agua-salada:366","n":6,"sc":"#00ffff","fc":"#00ffff"},"geometry":{"type":"MultiLineString","coordinates":[[[2283.4,725.6],[2270.9,725.6],[2283.8,726.1],[2283.4,725.6]],[[2270.9,725.6],[2283.8,726.1],[2269.9,726.1],[2270.9,725.6]]]}},{"type":"Feature","properties":{"id":"p:agua-salada:367","n":6,"sc":"#00ffff","fc":"#00ffff"},"geometry":{"type":"MultiLineString","coordinates":[[[2283.8,726.1],[2269.9,726.1],[2284.8,727.0],[2283.8,726.1]],[[2269.9,726.1],[2284.8,727.0],[2269.0,727.0],[2269.9,726.1]]]}},{"type":"Feature","properties":{"id":"p:agua-salada:368","n":6,"sc":"#00ffff","fc":"#00ffff"},"geometry":{"type":"MultiLineString","coordinates":[[[2284.8,727.0],[2269.0,727.0],[2285.3,727.5],[2284.8,727.0]],[[2269.0,727.0],[2285.3,727.5],[2268.5,727.5],[2269.0,727.0]]]}},{"type":"Feature","properties":{"id":"p:agua-salada:369","n":6,"sc":"#00ffff","fc":"#00ffff"},"geometry":{"type":"MultiLineString","coordinates":[[[2285.3,727.5],[2268.5,727.5],[2286.2,728.5],[2285.3,727.5]],[[2268.5,727.5],[2286.2,728.5],[2268,728.5],[2268.5,727.5]]]}},{"type":"Feature","properties":{"id":"p:agua-salada:370","n":6,"sc":"#00ffff","fc":"#00ffff"},"geometry":{"type":"MultiLineString","coordinates":[[[2286.2,728.5],[2268,728.5],[2286.7,729.4],[2286.2,728.5]],[[2268,728.5],[2286.7,729.4],[2267.0,729.4],[2268,728.5]]]}},{"type":"Feature","properties":{"id":"p:agua-salada:371","n":6,"sc":"#00ffff","fc":"#00ffff"},"geometry":{"type":"MultiLineString","coordinates":[[[2286.7,729.4],[2267.0,729.4],[2287.2,730.4],[2286.7,729.4]],[[2267.0,729.4],[2287.2,730.4],[2267.0,730.4],[2267.0,729.4]]]}},{"type":"Feature","properties":{"id":"p:agua-salada:372","n":6,"sc":"#00ffff","fc":"#00ffff"},"geometry":{"type":"MultiLineString","coordinates":[[[2287.2,730.4],[2267.0,730.4],[2287.2,731.4],[2287.2,730.4]],[[2267.0,730.4],[2287.2,731.4],[2266.6,731.4],[2267.0,730.4]]]}},{"type":"Feature","properties":{"id":"p:agua-salada:373","n":6,"sc":"#00ffff","fc":"#00ffff"},"geometry":{"type":"MultiLineString","coordinates":[[[2287.2,731.4],[2266.6,731.4],[2287.7,732.3],[2287.2,731.4]],[[2266.6,731.4],[2287.7,732.3],[2266.1,732.3],[2266.6,731.4]]]}},{"type":"Feature","properties":{"id":"p:agua-salada:374","n":6,"sc":"#00ffff","fc":"#00ffff"},"geometry":{"type":"MultiLineString","coordinates":[[[2287.7,732.3],[2266.1,732.3],[2287.7,733.3],[2287.7,732.3]],[[2266.1,732.3],[2287.7,733.3],[2266.1,733.3],[2266.1,732.3]]]}},{"type":"Feature","properties":{"id":"p:agua-salada:375","n":6,"sc":"#00ffff","fc":"#00ffff"},"geometry":{"type":"MultiLineString","coordinates":[[[2287.7,733.3],[2266.1,733.3],[2287.7,734.2],[2287.7,733.3]],[[2266.1,733.3],[2287.7,734.2],[2266.1,734.2],[2266.1,733.3]]]}},{"type":"Feature","properties":{"id":"p:agua-salada:376","n":6,"sc":"#00ffff","fc":"#00ffff"},"geometry":{"type":"MultiLineString","coordinates":[[[2287.7,734.2],[2266.1,734.2],[2287.7,735.2],[2287.7,734.2]],[[2266.1,734.2],[2287.7,735.2],[2266.1,735.2],[2266.1,734.2]]]}},{"type":"Feature","properties":{"id":"p:agua-salada:377","n":6,"sc":"#00ffff","fc":"#00ffff"},"geometry":{"type":"MultiLineString","coordinates":[[[2287.7,735.2],[2266.1,735.2],[2287.7,736.2],[2287.7,735.2]],[[2266.1,735.2],[2287.7,736.2],[2266.1,736.2],[2266.1,735.2]]]}},{"type":"Feature","properties":{"id":"p:agua-salada:378","n":6,"sc":"#00ffff","fc":"#00ffff"},"geometry":{"type":"MultiLineString","coordinates":[[[2287.7,736.2],[2266.1,736.2],[2287.2,737.6],[2287.7,736.2]],[[2266.1,736.2],[2287.2,737.6],[2266.6,737.6],[2266.1,736.2]]]}},{"type":"Feature","properties":{"id":"p:agua-salada:379","n":6,"sc":"#00ffff","fc":"#00ffff"},"geometry":{"type":"MultiLineString","coordinates":[[[2287.2,737.6],[2266.6,737.6],[2287.2,738.6],[2287.2,737.6]],[[2266.6,737.6],[2287.2,738.6],[2267.0,738.6],[2266.6,737.6]]]}},{"type":"Feature","properties":{"id":"p:agua-salada:380","n":6,"sc":"#00ffff","fc":"#00ffff"},"geometry":{"type":"MultiLineString","coordinates":[[[2287.2,738.6],[2267.0,738.6],[2286.7,739.5],[2287.2,738.6]],[[2267.0,738.6],[2286.7,739.5],[2267.0,739.5],[2267.0,738.6]]]}},{"type":"Feature","properties":{"id":"p:agua-salada:381","n":6,"sc":"#00ffff","fc":"#00ffff"},"geometry":{"type":"MultiLineString","coordinates":[[[2286.7,739.5],[2267.0,739.5],[2286.2,740],[2286.7,739.5]],[[2267.0,739.5],[2286.2,740],[2268,740],[2267.0,739.5]]]}},{"type":"Feature","properties":{"id":"p:agua-salada:382","n":6,"sc":"#00ffff","fc":"#00ffff"},"geometry":{"type":"MultiLineString","coordinates":[[[2286.2,740],[2268,740],[2285.3,741.0],[2286.2,740]],[[2268,740],[2285.3,741.0],[2268.5,741.0],[2268,740]]]}},{"type":"Feature","properties":{"id":"p:agua-salada:383","n":6,"sc":"#00ffff","fc":"#00ffff"},"geometry":{"type":"MultiLineString","coordinates":[[[2285.3,741.0],[2268.5,741.0],[2284.8,741.9],[2285.3,741.0]],[[2268.5,741.0],[2284.8,741.9],[2269.0,741.9],[2268.5,741.0]]]}},{"type":"Feature","properties":{"id":"p:agua-salada:384","n":6,"sc":"#00ffff","fc":"#00ffff"},"geometry":{"type":"MultiLineString","coordinates":[[[2284.8,741.9],[2269.0,741.9],[2283.8,742.4],[2284.8,741.9]],[[2269.0,741.9],[2283.8,742.4],[2269.9,742.4],[2269.0,741.9]]]}},{"type":"Feature","properties":{"id":"p:agua-salada:385","n":6,"sc":"#00ffff","fc":"#00ffff"},"geometry":{"type":"MultiLineString","coordinates":[[[2283.8,742.4],[2269.9,742.4],[2283.4,743.4],[2283.8,742.4]],[[2269.9,742.4],[2283.4,743.4],[2270.9,743.4],[2269.9,742.4]]]}},{"type":"Feature","properties":{"id":"p:agua-salada:386","n":6,"sc":"#00ffff","fc":"#00ffff"},"geometry":{"type":"MultiLineString","coordinates":[[[2283.4,743.4],[2270.9,743.4],[2282.4,743.8],[2283.4,743.4]],[[2270.9,743.4],[2282.4,743.8],[2271.4,743.8],[2270.9,743.4]]]}},{"type":"Feature","properties":{"id":"p:agua-salada:387","n":6,"sc":"#00ffff","fc":"#00ffff"},"geometry":{"type":"MultiLineString","coordinates":[[[2282.4,743.8],[2271.4,743.8],[2281.4,744.3],[2282.4,743.8]],[[2271.4,743.8],[2281.4,744.3],[2272.3,744.3],[2271.4,743.8]]]}},{"type":"Feature","properties":{"id":"p:agua-salada:388","n":6,"sc":"#00ffff","fc":"#00ffff"},"geometry":{"type":"MultiLineString","coordinates":[[[2281.4,744.3],[2272.3,744.3],[2280.5,744.8],[2281.4,744.3]],[[2272.3,744.3],[2280.5,744.8],[2273.3,744.8],[2272.3,744.3]]]}},{"type":"Feature","properties":{"id":"p:agua-salada:389","n":6,"sc":"#00ffff","fc":"#00ffff"},"geometry":{"type":"MultiLineString","coordinates":[[[2280.5,744.8],[2273.3,744.8],[2279.5,744.8],[2280.5,744.8]],[[2273.3,744.8],[2279.5,744.8],[2274.7,744.8],[2273.3,744.8]]]}},{"type":"Feature","properties":{"id":"p:agua-salada:390","n":6,"sc":"#00ffff","fc":"#00ffff"},"geometry":{"type":"MultiLineString","coordinates":[[[2274.7,744.8],[2275.2,745.3],[2278.1,745.3],[2274.7,744.8]],[[2275.2,745.3],[2278.1,745.3],[2277.6,745.3],[2275.2,745.3]]]}},{"type":"Feature","properties":{"id":"p:agua-salada:391","n":3,"sc":"#00ffff","fc":"#00ffff"},"geometry":{"type":"LineString","coordinates":[[2274.7,744.8],[2279.5,744.8],[2278.1,745.3],[2274.7,744.8]]}},{"type":"Feature","properties":{"id":"p:agua-salada:392","n":16,"sc":"#00ffff"},"geometry":{"type":"LineString","coordinates":[[2287.7,734],[2286.8,729.8],[2284.5,726.4],[2281.1,724.0],[2276.9,723.2],[2272.7,724.0],[2269.2,726.4],[2266.9,729.8],[2266.1,734],[2266.9,738.2],[2269.2,741.6],[2272.7,744.0],[2276.9,744.8],[2281.1,744.0],[2284.5,741.6],[2286.8,738.2],[2287.7,734]]}},{"type":"Feature","properties":{"id":"p:agua-salada:393","n":3,"sc":"#00ffff","fc":"#00ffff"},"geometry":{"type":"LineString","coordinates":[[2342.9,1052],[2343.4,1052],[2341.0,1052],[2342.9,1052]]}},{"type":"Feature","properties":{"id":"p:agua-salada:394","n":6,"sc":"#00ffff","fc":"#00ffff"},"geometry":{"type":"MultiLineString","coordinates":[[[2343.4,1052],[2341.0,1052],[2344.8,1052.5],[2343.4,1052]],[[2341.0,1052],[2344.8,1052.5],[2340,1052.5],[2341.0,1052]]]}},{"type":"Feature","properties":{"id":"p:agua-salada:395","n":6,"sc":"#00ffff","fc":"#00ffff"},"geometry":{"type":"MultiLineString","coordinates":[[[2344.8,1052.5],[2340,1052.5],[2345.8,1052.5],[2344.8,1052.5]],[[2340,1052.5],[2345.8,1052.5],[2338.6,1052.5],[2340,1052.5]]]}},{"type":"Feature","properties":{"id":"p:agua-salada:396","n":6,"sc":"#00ffff","fc":"#00ffff"},"geometry":{"type":"MultiLineString","coordinates":[[[2345.8,1052.5],[2338.6,1052.5],[2346.7,1053.0],[2345.8,1052.5]],[[2338.6,1052.5],[2346.7,1053.0],[2338.1,1053.0],[2338.6,1052.5]]]}},{"type":"Feature","properties":{"id":"p:agua-salada:397","n":6,"sc":"#00ffff","fc":"#00ffff"},"geometry":{"type":"MultiLineString","coordinates":[[[2346.7,1053.0],[2338.1,1053.0],[2347.7,1053.4],[2346.7,1053.0]],[[2338.1,1053.0],[2347.7,1053.4],[2336.6,1053.4],[2338.1,1053.0]]]}},{"type":"Feature","properties":{"id":"p:agua-salada:398","n":6,"sc":"#00ffff","fc":"#00ffff"},"geometry":{"type":"MultiLineString","coordinates":[[[2347.7,1053.4],[2336.6,1053.4],[2348.6,1053.9],[2347.7,1053.4]],[[2336.6,1053.4],[2348.6,1053.9],[2336.2,1053.9],[2336.6,1053.4]]]}},{"type":"Feature","properties":{"id":"p:agua-salada:399","n":6,"sc":"#00ffff","fc":"#00ffff"},"geometry":{"type":"MultiLineString","coordinates":[[[2348.6,1053.9],[2336.2,1053.9],[2349.1,1054.9],[2348.6,1053.9]],[[2336.2,1053.9],[2349.1,1054.9],[2335.2,1054.9],[2336.2,1053.9]]]}},{"type":"Feature","properties":{"id":"p:agua-salada:400","n":6,"sc":"#00ffff","fc":"#00ffff"},"geometry":{"type":"MultiLineString","coordinates":[[[2349.1,1054.9],[2335.2,1054.9],[2350.1,1055.4],[2349.1,1054.9]],[[2335.2,1054.9],[2350.1,1055.4],[2334.7,1055.4],[2335.2,1054.9]]]}},{"type":"Feature","properties":{"id":"p:agua-salada:401","n":6,"sc":"#00ffff","fc":"#00ffff"},"geometry":{"type":"MultiLineString","coordinates":[[[2350.1,1055.4],[2334.7,1055.4],[2350.6,1056.3],[2350.1,1055.4]],[[2334.7,1055.4],[2350.6,1056.3],[2333.8,1056.3],[2334.7,1055.4]]]}},{"type":"Feature","properties":{"id":"p:agua-salada:402","n":6,"sc":"#00ffff","fc":"#00ffff"},"geometry":{"type":"MultiLineString","coordinates":[[[2350.6,1056.3],[2333.8,1056.3],[2351.5,1057.3],[2350.6,1056.3]],[[2333.8,1056.3],[2351.5,1057.3],[2333.3,1057.3],[2333.8,1056.3]]]}},{"type":"Feature","properties":{"id":"p:agua-salada:403","n":6,"sc":"#00ffff","fc":"#00ffff"},"geometry":{"type":"MultiLineString","coordinates":[[[2351.5,1057.3],[2333.3,1057.3],[2352,1057.8],[2351.5,1057.3]],[[2333.3,1057.3],[2352,1057.8],[2332.8,1057.8],[2333.3,1057.3]]]}},{"type":"Feature","properties":{"id":"p:agua-salada:404","n":6,"sc":"#00ffff","fc":"#00ffff"},"geometry":{"type":"MultiLineString","coordinates":[[[2352,1057.8],[2332.8,1057.8],[2352.5,1058.7],[2352,1057.8]],[[2332.8,1057.8],[2352.5,1058.7],[2332.3,1058.7],[2332.8,1057.8]]]}},{"type":"Feature","properties":{"id":"p:agua-salada:405","n":6,"sc":"#00ffff","fc":"#00ffff"},"geometry":{"type":"MultiLineString","coordinates":[[[2352.5,1058.7],[2332.3,1058.7],[2352.5,1059.7],[2352.5,1058.7]],[[2332.3,1058.7],[2352.5,1059.7],[2331.8,1059.7],[2332.3,1058.7]]]}},{"type":"Feature","properties":{"id":"p:agua-salada:406","n":6,"sc":"#00ffff","fc":"#00ffff"},"geometry":{"type":"MultiLineString","coordinates":[[[2352.5,1059.7],[2331.8,1059.7],[2353.0,1061.1],[2352.5,1059.7]],[[2331.8,1059.7],[2353.0,1061.1],[2331.8,1061.1],[2331.8,1059.7]]]}},{"type":"Feature","properties":{"id":"p:agua-salada:407","n":6,"sc":"#00ffff","fc":"#00ffff"},"geometry":{"type":"MultiLineString","coordinates":[[[2353.0,1061.1],[2331.8,1061.1],[2353.0,1062.1],[2353.0,1061.1]],[[2331.8,1061.1],[2353.0,1062.1],[2331.4,1062.1],[2331.8,1061.1]]]}},{"type":"Feature","properties":{"id":"p:agua-salada:408","n":6,"sc":"#00ffff","fc":"#00ffff"},"geometry":{"type":"MultiLineString","coordinates":[[[2353.0,1062.1],[2331.4,1062.1],[2353.0,1063.0],[2353.0,1062.1]],[[2331.4,1062.1],[2353.0,1063.0],[2331.4,1063.0],[2331.4,1062.1]]]}},{"type":"Feature","properties":{"id":"p:agua-salada:409","n":6,"sc":"#00ffff","fc":"#00ffff"},"geometry":{"type":"MultiLineString","coordinates":[[[2353.0,1063.0],[2331.4,1063.0],[2353.0,1064],[2353.0,1063.0]],[[2331.4,1063.0],[2353.0,1064],[2331.4,1064],[2331.4,1063.0]]]}},{"type":"Feature","properties":{"id":"p:agua-salada:410","n":6,"sc":"#00ffff","fc":"#00ffff"},"geometry":{"type":"MultiLineString","coordinates":[[[2353.0,1064],[2331.4,1064],[2353.0,1065.0],[2353.0,1064]],[[2331.4,1064],[2353.0,1065.0],[2331.8,1065.0],[2331.4,1064]]]}},{"type":"Feature","properties":{"id":"p:agua-salada:411","n":6,"sc":"#00ffff","fc":"#00ffff"},"geometry":{"type":"MultiLineString","coordinates":[[[2353.0,1065.0],[2331.8,1065.0],[2352.5,1065.9],[2353.0,1065.0]],[[2331.8,1065.0],[2352.5,1065.9],[2331.8,1065.9],[2331.8,1065.0]]]}},{"type":"Feature","properties":{"id":"p:agua-salada:412","n":6,"sc":"#00ffff","fc":"#00ffff"},"geometry":{"type":"MultiLineString","coordinates":[[[2352.5,1065.9],[2331.8,1065.9],[2352.5,1066.9],[2352.5,1065.9]],[[2331.8,1065.9],[2352.5,1066.9],[2332.3,1066.9],[2331.8,1065.9]]]}},{"type":"Feature","properties":{"id":"p:agua-salada:413","n":6,"sc":"#00ffff","fc":"#00ffff"},"geometry":{"type":"MultiLineString","coordinates":[[[2352.5,1066.9],[2332.3,1066.9],[2352,1067.8],[2352.5,1066.9]],[[2332.3,1066.9],[2352,1067.8],[2332.8,1067.8],[2332.3,1066.9]]]}},{"type":"Feature","properties":{"id":"p:agua-salada:414","n":6,"sc":"#00ffff","fc":"#00ffff"},"geometry":{"type":"MultiLineString","coordinates":[[[2352,1067.8],[2332.8,1067.8],[2351.5,1068.8],[2352,1067.8]],[[2332.8,1067.8],[2351.5,1068.8],[2333.3,1068.8],[2332.8,1067.8]]]}},{"type":"Feature","properties":{"id":"p:agua-salada:415","n":6,"sc":"#00ffff","fc":"#00ffff"},"geometry":{"type":"MultiLineString","coordinates":[[[2351.5,1068.8],[2333.3,1068.8],[2350.6,1069.8],[2351.5,1068.8]],[[2333.3,1068.8],[2350.6,1069.8],[2333.8,1069.8],[2333.3,1068.8]]]}},{"type":"Feature","properties":{"id":"p:agua-salada:416","n":6,"sc":"#00ffff","fc":"#00ffff"},"geometry":{"type":"MultiLineString","coordinates":[[[2350.6,1069.8],[2333.8,1069.8],[2350.1,1070.2],[2350.6,1069.8]],[[2333.8,1069.8],[2350.1,1070.2],[2334.7,1070.2],[2333.8,1069.8]]]}},{"type":"Feature","properties":{"id":"p:agua-salada:417","n":6,"sc":"#00ffff","fc":"#00ffff"},"geometry":{"type":"MultiLineString","coordinates":[[[2350.1,1070.2],[2334.7,1070.2],[2349.1,1071.2],[2350.1,1070.2]],[[2334.7,1070.2],[2349.1,1071.2],[2335.2,1071.2],[2334.7,1070.2]]]}},{"type":"Feature","properties":{"id":"p:agua-salada:418","n":6,"sc":"#00ffff","fc":"#00ffff"},"geometry":{"type":"MultiLineString","coordinates":[[[2349.1,1071.2],[2335.2,1071.2],[2348.6,1071.7],[2349.1,1071.2]],[[2335.2,1071.2],[2348.6,1071.7],[2336.2,1071.7],[2335.2,1071.2]]]}},{"type":"Feature","properties":{"id":"p:agua-salada:419","n":6,"sc":"#00ffff","fc":"#00ffff"},"geometry":{"type":"MultiLineString","coordinates":[[[2348.6,1071.7],[2336.2,1071.7],[2347.7,1072.2],[2348.6,1071.7]],[[2336.2,1071.7],[2347.7,1072.2],[2336.6,1072.2],[2336.2,1071.7]]]}},{"type":"Feature","properties":{"id":"p:agua-salada:420","n":6,"sc":"#00ffff","fc":"#00ffff"},"geometry":{"type":"MultiLineString","coordinates":[[[2347.7,1072.2],[2336.6,1072.2],[2346.7,1072.6],[2347.7,1072.2]],[[2336.6,1072.2],[2346.7,1072.6],[2338.1,1072.6],[2336.6,1072.2]]]}},{"type":"Feature","properties":{"id":"p:agua-salada:421","n":6,"sc":"#00ffff","fc":"#00ffff"},"geometry":{"type":"MultiLineString","coordinates":[[[2346.7,1072.6],[2338.1,1072.6],[2345.8,1073.1],[2346.7,1072.6]],[[2338.1,1072.6],[2345.8,1073.1],[2338.6,1073.1],[2338.1,1072.6]]]}},{"type":"Feature","properties":{"id":"p:agua-salada:422","n":6,"sc":"#00ffff","fc":"#00ffff"},"geometry":{"type":"MultiLineString","coordinates":[[[2345.8,1073.1],[2338.6,1073.1],[2344.8,1073.6],[2345.8,1073.1]],[[2338.6,1073.1],[2344.8,1073.6],[2340,1073.6],[2338.6,1073.1]]]}},{"type":"Feature","properties":{"id":"p:agua-salada:423","n":6,"sc":"#00ffff","fc":"#00ffff"},"geometry":{"type":"MultiLineString","coordinates":[[[2340,1073.6],[2341.0,1073.6],[2343.4,1073.6],[2340,1073.6]],[[2341.0,1073.6],[2343.4,1073.6],[2342.9,1073.6],[2341.0,1073.6]]]}},{"type":"Feature","properties":{"id":"p:agua-salada:424","n":3,"sc":"#00ffff","fc":"#00ffff"},"geometry":{"type":"LineString","coordinates":[[2340,1073.6],[2344.8,1073.6],[2343.4,1073.6],[2340,1073.6]]}},{"type":"Feature","properties":{"id":"p:agua-salada:425","n":16,"sc":"#00ffff"},"geometry":{"type":"LineString","coordinates":[[2353.0,1062.8],[2352.1,1058.6],[2349.8,1055.2],[2346.4,1052.8],[2342.2,1052.0],[2338.0,1052.8],[2334.5,1055.2],[2332.2,1058.6],[2331.4,1062.8],[2332.2,1067.0],[2334.5,1070.4],[2338.0,1072.8],[2342.2,1073.6],[2346.4,1072.8],[2349.8,1070.4],[2352.1,1067.0],[2353.0,1062.8]]}},{"type":"Feature","properties":{"id":"p:agua-salada:426","n":3,"sc":"#00ffff","fc":"#00ffff"},"geometry":{"type":"LineString","coordinates":[[2669.3,1119.2],[2669.8,1119.7],[2667.4,1119.7],[2669.3,1119.2]]}},{"type":"Feature","properties":{"id":"p:agua-salada:427","n":6,"sc":"#00ffff","fc":"#00ffff"},"geometry":{"type":"MultiLineString","coordinates":[[[2669.8,1119.7],[2667.4,1119.7],[2671.2,1119.7],[2669.8,1119.7]],[[2667.4,1119.7],[2671.2,1119.7],[2666.4,1119.7],[2667.4,1119.7]]]}},{"type":"Feature","properties":{"id":"p:agua-salada:428","n":6,"sc":"#00ffff","fc":"#00ffff"},"geometry":{"type":"MultiLineString","coordinates":[[[2671.2,1119.7],[2666.4,1119.7],[2672.2,1120.2],[2671.2,1119.7]],[[2666.4,1119.7],[2672.2,1120.2],[2665.0,1120.2],[2666.4,1119.7]]]}},{"type":"Feature","properties":{"id":"p:agua-salada:429","n":6,"sc":"#00ffff","fc":"#00ffff"},"geometry":{"type":"MultiLineString","coordinates":[[[2672.2,1120.2],[2665.0,1120.2],[2673.1,1120.2],[2672.2,1120.2]],[[2665.0,1120.2],[2673.1,1120.2],[2664.5,1120.2],[2665.0,1120.2]]]}},{"type":"Feature","properties":{"id":"p:agua-salada:430","n":6,"sc":"#00ffff","fc":"#00ffff"},"geometry":{"type":"MultiLineString","coordinates":[[[2673.1,1120.2],[2664.5,1120.2],[2674.1,1120.6],[2673.1,1120.2]],[[2664.5,1120.2],[2674.1,1120.6],[2663.0,1120.6],[2664.5,1120.2]]]}},{"type":"Feature","properties":{"id":"p:agua-salada:431","n":6,"sc":"#00ffff","fc":"#00ffff"},"geometry":{"type":"MultiLineString","coordinates":[[[2674.1,1120.6],[2663.0,1120.6],[2675.0,1121.6],[2674.1,1120.6]],[[2663.0,1120.6],[2675.0,1121.6],[2662.6,1121.6],[2663.0,1120.6]]]}},{"type":"Feature","properties":{"id":"p:agua-salada:432","n":6,"sc":"#00ffff","fc":"#00ffff"},"geometry":{"type":"MultiLineString","coordinates":[[[2675.0,1121.6],[2662.6,1121.6],[2675.5,1122.1],[2675.0,1121.6]],[[2662.6,1121.6],[2675.5,1122.1],[2661.6,1122.1],[2662.6,1121.6]]]}},{"type":"Feature","properties":{"id":"p:agua-salada:433","n":6,"sc":"#00ffff","fc":"#00ffff"},"geometry":{"type":"MultiLineString","coordinates":[[[2675.5,1122.1],[2661.6,1122.1],[2676.5,1122.6],[2675.5,1122.1]],[[2661.6,1122.1],[2676.5,1122.6],[2661.1,1122.6],[2661.6,1122.1]]]}},{"type":"Feature","properties":{"id":"p:agua-salada:434","n":6,"sc":"#00ffff","fc":"#00ffff"},"geometry":{"type":"MultiLineString","coordinates":[[[2676.5,1122.6],[2661.1,1122.6],[2677.0,1123.5],[2676.5,1122.6]],[[2661.1,1122.6],[2677.0,1123.5],[2660.2,1123.5],[2661.1,1122.6]]]}},{"type":"Feature","properties":{"id":"p:agua-salada:435","n":6,"sc":"#00ffff","fc":"#00ffff"},"geometry":{"type":"MultiLineString","coordinates":[[[2677.0,1123.5],[2660.2,1123.5],[2677.9,1124.5],[2677.0,1123.5]],[[2660.2,1123.5],[2677.9,1124.5],[2659.7,1124.5],[2660.2,1123.5]]]}},{"type":"Feature","properties":{"id":"p:agua-salada:436","n":6,"sc":"#00ffff","fc":"#00ffff"},"geometry":{"type":"MultiLineString","coordinates":[[[2677.9,1124.5],[2659.7,1124.5],[2678.4,1125.4],[2677.9,1124.5]],[[2659.7,1124.5],[2678.4,1125.4],[2659.2,1125.4],[2659.7,1124.5]]]}},{"type":"Feature","properties":{"id":"p:agua-salada:437","n":6,"sc":"#00ffff","fc":"#00ffff"},"geometry":{"type":"MultiLineString","coordinates":[[[2678.4,1125.4],[2659.2,1125.4],[2678.9,1126.4],[2678.4,1125.4]],[[2659.2,1125.4],[2678.9,1126.4],[2658.7,1126.4],[2659.2,1125.4]]]}},{"type":"Feature","properties":{"id":"p:agua-salada:438","n":6,"sc":"#00ffff","fc":"#00ffff"},"geometry":{"type":"MultiLineString","coordinates":[[[2678.9,1126.4],[2658.7,1126.4],[2678.9,1127.4],[2678.9,1126.4]],[[2658.7,1126.4],[2678.9,1127.4],[2658.2,1127.4],[2658.7,1126.4]]]}},{"type":"Feature","properties":{"id":"p:agua-salada:439","n":6,"sc":"#00ffff","fc":"#00ffff"},"geometry":{"type":"MultiLineString","coordinates":[[[2678.9,1127.4],[2658.2,1127.4],[2679.4,1128.3],[2678.9,1127.4]],[[2658.2,1127.4],[2679.4,1128.3],[2658.2,1128.3],[2658.2,1127.4]]]}},{"type":"Feature","properties":{"id":"p:agua-salada:440","n":6,"sc":"#00ffff","fc":"#00ffff"},"geometry":{"type":"MultiLineString","coordinates":[[[2679.4,1128.3],[2658.2,1128.3],[2679.4,1129.3],[2679.4,1128.3]],[[2658.2,1128.3],[2679.4,1129.3],[2657.8,1129.3],[2658.2,1128.3]]]}},{"type":"Feature","properties":{"id":"p:agua-salada:441","n":6,"sc":"#00ffff","fc":"#00ffff"},"geometry":{"type":"MultiLineString","coordinates":[[[2679.4,1129.3],[2657.8,1129.3],[2679.4,1130.2],[2679.4,1129.3]],[[2657.8,1129.3],[2679.4,1130.2],[2657.8,1130.2],[2657.8,1129.3]]]}},{"type":"Feature","properties":{"id":"p:agua-salada:442","n":6,"sc":"#00ffff","fc":"#00ffff"},"geometry":{"type":"MultiLineString","coordinates":[[[2679.4,1130.2],[2657.8,1130.2],[2679.4,1131.2],[2679.4,1130.2]],[[2657.8,1130.2],[2679.4,1131.2],[2657.8,1131.2],[2657.8,1130.2]]]}},{"type":"Feature","properties":{"id":"p:agua-salada:443","n":6,"sc":"#00ffff","fc":"#00ffff"},"geometry":{"type":"MultiLineString","coordinates":[[[2679.4,1131.2],[2657.8,1131.2],[2679.4,1132.2],[2679.4,1131.2]],[[2657.8,1131.2],[2679.4,1132.2],[2658.2,1132.2],[2657.8,1131.2]]]}},{"type":"Feature","properties":{"id":"p:agua-salada:444","n":6,"sc":"#00ffff","fc":"#00ffff"},"geometry":{"type":"MultiLineString","coordinates":[[[2679.4,1132.2],[2658.2,1132.2],[2678.9,1133.1],[2679.4,1132.2]],[[2658.2,1132.2],[2678.9,1133.1],[2658.2,1133.1],[2658.2,1132.2]]]}},{"type":"Feature","properties":{"id":"p:agua-salada:445","n":6,"sc":"#00ffff","fc":"#00ffff"},"geometry":{"type":"MultiLineString","coordinates":[[[2678.9,1133.1],[2658.2,1133.1],[2678.9,1134.1],[2678.9,1133.1]],[[2658.2,1133.1],[2678.9,1134.1],[2658.7,1134.1],[2658.2,1133.1]]]}},{"type":"Feature","properties":{"id":"p:agua-salada:446","n":6,"sc":"#00ffff","fc":"#00ffff"},"geometry":{"type":"MultiLineString","coordinates":[[[2678.9,1134.1],[2658.7,1134.1],[2678.4,1135.0],[2678.9,1134.1]],[[2658.7,1134.1],[2678.4,1135.0],[2659.2,1135.0],[2658.7,1134.1]]]}},{"type":"Feature","properties":{"id":"p:agua-salada:447","n":6,"sc":"#00ffff","fc":"#00ffff"},"geometry":{"type":"MultiLineString","coordinates":[[[2678.4,1135.0],[2659.2,1135.0],[2677.9,1136],[2678.4,1135.0]],[[2659.2,1135.0],[2677.9,1136],[2659.7,1136],[2659.2,1135.0]]]}},{"type":"Feature","properties":{"id":"p:agua-salada:448","n":6,"sc":"#00ffff","fc":"#00ffff"},"geometry":{"type":"MultiLineString","coordinates":[[[2677.9,1136],[2659.7,1136],[2677.0,1137.0],[2677.9,1136]],[[2659.7,1136],[2677.0,1137.0],[2660.2,1137.0],[2659.7,1136]]]}},{"type":"Feature","properties":{"id":"p:agua-salada:449","n":6,"sc":"#00ffff","fc":"#00ffff"},"geometry":{"type":"MultiLineString","coordinates":[[[2677.0,1137.0],[2660.2,1137.0],[2676.5,1137.9],[2677.0,1137.0]],[[2660.2,1137.0],[2676.5,1137.9],[2661.1,1137.9],[2660.2,1137.0]]]}},{"type":"Feature","properties":{"id":"p:agua-salada:450","n":6,"sc":"#00ffff","fc":"#00ffff"},"geometry":{"type":"MultiLineString","coordinates":[[[2676.5,1137.9],[2661.1,1137.9],[2675.5,1138.4],[2676.5,1137.9]],[[2661.1,1137.9],[2675.5,1138.4],[2661.6,1138.4],[2661.1,1137.9]]]}},{"type":"Feature","properties":{"id":"p:agua-salada:451","n":6,"sc":"#00ffff","fc":"#00ffff"},"geometry":{"type":"MultiLineString","coordinates":[[[2675.5,1138.4],[2661.6,1138.4],[2675.0,1139.4],[2675.5,1138.4]],[[2661.6,1138.4],[2675.0,1139.4],[2662.6,1139.4],[2661.6,1138.4]]]}},{"type":"Feature","properties":{"id":"p:agua-salada:452","n":6,"sc":"#00ffff","fc":"#00ffff"},"geometry":{"type":"MultiLineString","coordinates":[[[2675.0,1139.4],[2662.6,1139.4],[2674.1,1139.8],[2675.0,1139.4]],[[2662.6,1139.4],[2674.1,1139.8],[2663.0,1139.8],[2662.6,1139.4]]]}},{"type":"Feature","properties":{"id":"p:agua-salada:453","n":6,"sc":"#00ffff","fc":"#00ffff"},"geometry":{"type":"MultiLineString","coordinates":[[[2674.1,1139.8],[2663.0,1139.8],[2673.1,1140.3],[2674.1,1139.8]],[[2663.0,1139.8],[2673.1,1140.3],[2664.5,1140.3],[2663.0,1139.8]]]}},{"type":"Feature","properties":{"id":"p:agua-salada:454","n":6,"sc":"#00ffff","fc":"#00ffff"},"geometry":{"type":"MultiLineString","coordinates":[[[2673.1,1140.3],[2664.5,1140.3],[2672.2,1140.3],[2673.1,1140.3]],[[2664.5,1140.3],[2672.2,1140.3],[2665.0,1140.3],[2664.5,1140.3]]]}},{"type":"Feature","properties":{"id":"p:agua-salada:455","n":6,"sc":"#00ffff","fc":"#00ffff"},"geometry":{"type":"MultiLineString","coordinates":[[[2672.2,1140.3],[2665.0,1140.3],[2671.2,1140.8],[2672.2,1140.3]],[[2665.0,1140.3],[2671.2,1140.8],[2666.4,1140.8],[2665.0,1140.3]]]}},{"type":"Feature","properties":{"id":"p:agua-salada:456","n":6,"sc":"#00ffff","fc":"#00ffff"},"geometry":{"type":"MultiLineString","coordinates":[[[2666.4,1140.8],[2667.4,1140.8],[2669.8,1140.8],[2666.4,1140.8]],[[2667.4,1140.8],[2669.8,1140.8],[2669.3,1141.3],[2667.4,1140.8]]]}},{"type":"Feature","properties":{"id":"p:agua-salada:457","n":3,"sc":"#00ffff","fc":"#00ffff"},"geometry":{"type":"LineString","coordinates":[[2666.4,1140.8],[2671.2,1140.8],[2669.8,1140.8],[2666.4,1140.8]]}},{"type":"Feature","properties":{"id":"p:agua-salada:458","n":16,"sc":"#00ffff"},"geometry":{"type":"LineString","coordinates":[[2679.4,1130],[2678.5,1125.8],[2676.2,1122.4],[2672.8,1120.0],[2668.6,1119.2],[2664.4,1120.0],[2660.9,1122.4],[2658.6,1125.8],[2657.8,1130],[2658.6,1134.2],[2660.9,1137.6],[2664.4,1140.0],[2668.6,1140.8],[2672.8,1140.0],[2676.2,1137.6],[2678.5,1134.2],[2679.4,1130]]}},{"type":"Feature","properties":{"id":"p:agua-salada:459","n":3,"sc":"#00ffff","fc":"#00ffff"},"geometry":{"type":"LineString","coordinates":[[2794.6,1016.5],[2795.0,1017.0],[2792.2,1017.0],[2794.6,1016.5]]}},{"type":"Feature","properties":{"id":"p:agua-salada:460","n":6,"sc":"#00ffff","fc":"#00ffff"},"geometry":{"type":"MultiLineString","coordinates":[[[2795.0,1017.0],[2792.2,1017.0],[2796.5,1017.0],[2795.0,1017.0]],[[2792.2,1017.0],[2796.5,1017.0],[2791.7,1017.0],[2792.2,1017.0]]]}},{"type":"Feature","properties":{"id":"p:agua-salada:461","n":6,"sc":"#00ffff","fc":"#00ffff"},"geometry":{"type":"MultiLineString","coordinates":[[[2796.5,1017.0],[2791.7,1017.0],[2797.4,1017.4],[2796.5,1017.0]],[[2791.7,1017.0],[2797.4,1017.4],[2790.2,1017.4],[2791.7,1017.0]]]}},{"type":"Feature","properties":{"id":"p:agua-salada:462","n":6,"sc":"#00ffff","fc":"#00ffff"},"geometry":{"type":"MultiLineString","coordinates":[[[2797.4,1017.4],[2790.2,1017.4],[2798.4,1017.4],[2797.4,1017.4]],[[2790.2,1017.4],[2798.4,1017.4],[2789.3,1017.4],[2790.2,1017.4]]]}},{"type":"Feature","properties":{"id":"p:agua-salada:463","n":6,"sc":"#00ffff","fc":"#00ffff"},"geometry":{"type":"MultiLineString","coordinates":[[[2798.4,1017.4],[2789.3,1017.4],[2799.4,1017.9],[2798.4,1017.4]],[[2789.3,1017.4],[2799.4,1017.9],[2788.3,1017.9],[2789.3,1017.4]]]}},{"type":"Feature","properties":{"id":"p:agua-salada:464","n":6,"sc":"#00ffff","fc":"#00ffff"},"geometry":{"type":"MultiLineString","coordinates":[[[2799.4,1017.9],[2788.3,1017.9],[2800.3,1018.9],[2799.4,1017.9]],[[2788.3,1017.9],[2800.3,1018.9],[2787.4,1018.9],[2788.3,1017.9]]]}},{"type":"Feature","properties":{"id":"p:agua-salada:465","n":6,"sc":"#00ffff","fc":"#00ffff"},"geometry":{"type":"MultiLineString","coordinates":[[[2800.3,1018.9],[2787.4,1018.9],[2800.8,1019.4],[2800.3,1018.9]],[[2787.4,1018.9],[2800.8,1019.4],[2786.9,1019.4],[2787.4,1018.9]]]}},{"type":"Feature","properties":{"id":"p:agua-salada:466","n":6,"sc":"#00ffff","fc":"#00ffff"},"geometry":{"type":"MultiLineString","coordinates":[[[2800.8,1019.4],[2786.9,1019.4],[2801.8,1019.8],[2800.8,1019.4]],[[2786.9,1019.4],[2801.8,1019.8],[2785.9,1019.8],[2786.9,1019.4]]]}},{"type":"Feature","properties":{"id":"p:agua-salada:467","n":6,"sc":"#00ffff","fc":"#00ffff"},"geometry":{"type":"MultiLineString","coordinates":[[[2801.8,1019.8],[2785.9,1019.8],[2802.2,1020.8],[2801.8,1019.8]],[[2785.9,1019.8],[2802.2,1020.8],[2785.4,1020.8],[2785.9,1019.8]]]}},{"type":"Feature","properties":{"id":"p:agua-salada:468","n":6,"sc":"#00ffff","fc":"#00ffff"},"geometry":{"type":"MultiLineString","coordinates":[[[2802.2,1020.8],[2785.4,1020.8],[2803.2,1021.8],[2802.2,1020.8]],[[2785.4,1020.8],[2803.2,1021.8],[2785.0,1021.8],[2785.4,1020.8]]]}},{"type":"Feature","properties":{"id":"p:agua-salada:469","n":6,"sc":"#00ffff","fc":"#00ffff"},"geometry":{"type":"MultiLineString","coordinates":[[[2803.2,1021.8],[2785.0,1021.8],[2803.2,1022.7],[2803.2,1021.8]],[[2785.0,1021.8],[2803.2,1022.7],[2784,1022.7],[2785.0,1021.8]]]}},{"type":"Feature","properties":{"id":"p:agua-salada:470","n":6,"sc":"#00ffff","fc":"#00ffff"},"geometry":{"type":"MultiLineString","coordinates":[[[2803.2,1022.7],[2784,1022.7],[2804.2,1023.7],[2803.2,1022.7]],[[2784,1022.7],[2804.2,1023.7],[2784,1023.7],[2784,1022.7]]]}},{"type":"Feature","properties":{"id":"p:agua-salada:471","n":6,"sc":"#00ffff","fc":"#00ffff"},"geometry":{"type":"MultiLineString","coordinates":[[[2804.2,1023.7],[2784,1023.7],[2804.2,1024.6],[2804.2,1023.7]],[[2784,1023.7],[2804.2,1024.6],[2783.5,1024.6],[2784,1023.7]]]}},{"type":"Feature","properties":{"id":"p:agua-salada:472","n":6,"sc":"#00ffff","fc":"#00ffff"},"geometry":{"type":"MultiLineString","coordinates":[[[2804.2,1024.6],[2783.5,1024.6],[2804.6,1025.6],[2804.2,1024.6]],[[2783.5,1024.6],[2804.6,1025.6],[2783.0,1025.6],[2783.5,1024.6]]]}},{"type":"Feature","properties":{"id":"p:agua-salada:473","n":6,"sc":"#00ffff","fc":"#00ffff"},"geometry":{"type":"MultiLineString","coordinates":[[[2804.6,1025.6],[2783.0,1025.6],[2804.6,1026.6],[2804.6,1025.6]],[[2783.0,1025.6],[2804.6,1026.6],[2783.0,1026.6],[2783.0,1025.6]]]}},{"type":"Feature","properties":{"id":"p:agua-salada:474","n":6,"sc":"#00ffff","fc":"#00ffff"},"geometry":{"type":"MultiLineString","coordinates":[[[2804.6,1026.6],[2783.0,1026.6],[2804.6,1027.5],[2804.6,1026.6]],[[2783.0,1026.6],[2804.6,1027.5],[2783.0,1027.5],[2783.0,1026.6]]]}},{"type":"Feature","properties":{"id":"p:agua-salada:475","n":6,"sc":"#00ffff","fc":"#00ffff"},"geometry":{"type":"MultiLineString","coordinates":[[[2804.6,1027.5],[2783.0,1027.5],[2804.6,1028.5],[2804.6,1027.5]],[[2783.0,1027.5],[2804.6,1028.5],[2783.0,1028.5],[2783.0,1027.5]]]}},{"type":"Feature","properties":{"id":"p:agua-salada:476","n":6,"sc":"#00ffff","fc":"#00ffff"},"geometry":{"type":"MultiLineString","coordinates":[[[2804.6,1028.5],[2783.0,1028.5],[2804.6,1029.4],[2804.6,1028.5]],[[2783.0,1028.5],[2804.6,1029.4],[2783.0,1029.4],[2783.0,1028.5]]]}},{"type":"Feature","properties":{"id":"p:agua-salada:477","n":6,"sc":"#00ffff","fc":"#00ffff"},"geometry":{"type":"MultiLineString","coordinates":[[[2804.6,1029.4],[2783.0,1029.4],[2804.2,1030.4],[2804.6,1029.4]],[[2783.0,1029.4],[2804.2,1030.4],[2783.5,1030.4],[2783.0,1029.4]]]}},{"type":"Feature","properties":{"id":"p:agua-salada:478","n":6,"sc":"#00ffff","fc":"#00ffff"},"geometry":{"type":"MultiLineString","coordinates":[[[2804.2,1030.4],[2783.5,1030.4],[2804.2,1031.8],[2804.2,1030.4]],[[2783.5,1030.4],[2804.2,1031.8],[2784,1031.8],[2783.5,1030.4]]]}},{"type":"Feature","properties":{"id":"p:agua-salada:479","n":6,"sc":"#00ffff","fc":"#00ffff"},"geometry":{"type":"MultiLineString","coordinates":[[[2804.2,1031.8],[2784,1031.8],[2803.2,1032.3],[2804.2,1031.8]],[[2784,1031.8],[2803.2,1032.3],[2784,1032.3],[2784,1031.8]]]}},{"type":"Feature","properties":{"id":"p:agua-salada:480","n":6,"sc":"#00ffff","fc":"#00ffff"},"geometry":{"type":"MultiLineString","coordinates":[[[2803.2,1032.3],[2784,1032.3],[2803.2,1033.3],[2803.2,1032.3]],[[2784,1032.3],[2803.2,1033.3],[2785.0,1033.3],[2784,1032.3]]]}},{"type":"Feature","properties":{"id":"p:agua-salada:481","n":6,"sc":"#00ffff","fc":"#00ffff"},"geometry":{"type":"MultiLineString","coordinates":[[[2803.2,1033.3],[2785.0,1033.3],[2802.2,1034.2],[2803.2,1033.3]],[[2785.0,1033.3],[2802.2,1034.2],[2785.4,1034.2],[2785.0,1033.3]]]}},{"type":"Feature","properties":{"id":"p:agua-salada:482","n":6,"sc":"#00ffff","fc":"#00ffff"},"geometry":{"type":"MultiLineString","coordinates":[[[2802.2,1034.2],[2785.4,1034.2],[2801.8,1035.2],[2802.2,1034.2]],[[2785.4,1034.2],[2801.8,1035.2],[2785.9,1035.2],[2785.4,1034.2]]]}},{"type":"Feature","properties":{"id":"p:agua-salada:483","n":6,"sc":"#00ffff","fc":"#00ffff"},"geometry":{"type":"MultiLineString","coordinates":[[[2801.8,1035.2],[2785.9,1035.2],[2800.8,1035.7],[2801.8,1035.2]],[[2785.9,1035.2],[2800.8,1035.7],[2786.9,1035.7],[2785.9,1035.2]]]}},{"type":"Feature","properties":{"id":"p:agua-salada:484","n":6,"sc":"#00ffff","fc":"#00ffff"},"geometry":{"type":"MultiLineString","coordinates":[[[2800.8,1035.7],[2786.9,1035.7],[2800.3,1036.6],[2800.8,1035.7]],[[2786.9,1035.7],[2800.3,1036.6],[2787.4,1036.6],[2786.9,1035.7]]]}},{"type":"Feature","properties":{"id":"p:agua-salada:485","n":6,"sc":"#00ffff","fc":"#00ffff"},"geometry":{"type":"MultiLineString","coordinates":[[[2800.3,1036.6],[2787.4,1036.6],[2799.4,1037.1],[2800.3,1036.6]],[[2787.4,1036.6],[2799.4,1037.1],[2788.3,1037.1],[2787.4,1036.6]]]}},{"type":"Feature","properties":{"id":"p:agua-salada:486","n":6,"sc":"#00ffff","fc":"#00ffff"},"geometry":{"type":"MultiLineString","coordinates":[[[2799.4,1037.1],[2788.3,1037.1],[2798.4,1037.6],[2799.4,1037.1]],[[2788.3,1037.1],[2798.4,1037.6],[2789.3,1037.6],[2788.3,1037.1]]]}},{"type":"Feature","properties":{"id":"p:agua-salada:487","n":6,"sc":"#00ffff","fc":"#00ffff"},"geometry":{"type":"MultiLineString","coordinates":[[[2798.4,1037.6],[2789.3,1037.6],[2797.4,1038.1],[2798.4,1037.6]],[[2789.3,1037.6],[2797.4,1038.1],[2790.2,1038.1],[2789.3,1037.6]]]}},{"type":"Feature","properties":{"id":"p:agua-salada:488","n":6,"sc":"#00ffff","fc":"#00ffff"},"geometry":{"type":"MultiLineString","coordinates":[[[2797.4,1038.1],[2790.2,1038.1],[2796.5,1038.1],[2797.4,1038.1]],[[2790.2,1038.1],[2796.5,1038.1],[2791.7,1038.1],[2790.2,1038.1]]]}},{"type":"Feature","properties":{"id":"p:agua-salada:489","n":6,"sc":"#00ffff","fc":"#00ffff"},"geometry":{"type":"MultiLineString","coordinates":[[[2791.7,1038.1],[2792.2,1038.6],[2795.0,1038.6],[2791.7,1038.1]],[[2792.2,1038.6],[2795.0,1038.6],[2794.6,1038.6],[2792.2,1038.6]]]}},{"type":"Feature","properties":{"id":"p:agua-salada:490","n":3,"sc":"#00ffff","fc":"#00ffff"},"geometry":{"type":"LineString","coordinates":[[2791.7,1038.1],[2796.5,1038.1],[2795.0,1038.6],[2791.7,1038.1]]}},{"type":"Feature","properties":{"id":"p:agua-salada:491","n":16,"sc":"#00ffff"},"geometry":{"type":"LineString","coordinates":[[2804.2,1027.3],[2803.3,1023.1],[2801.0,1019.6],[2797.6,1017.3],[2793.4,1016.5],[2789.2,1017.3],[2785.7,1019.6],[2783.4,1023.1],[2782.6,1027.3],[2783.4,1031.5],[2785.7,1034.9],[2789.2,1037.2],[2793.4,1038.1],[2797.6,1037.2],[2801.0,1034.9],[2803.3,1031.5],[2804.2,1027.3]]}},{"type":"Feature","properties":{"id":"p:agua-salada:492","n":3,"sc":"#00ffff","fc":"#00ffff"},"geometry":{"type":"LineString","coordinates":[[2984.2,799.0],[2985.1,799.0],[2982.2,799.0],[2984.2,799.0]]}},{"type":"Feature","properties":{"id":"p:agua-salada:493","n":6,"sc":"#00ffff","fc":"#00ffff"},"geometry":{"type":"MultiLineString","coordinates":[[[2985.1,799.0],[2982.2,799.0],[2986.6,799.5],[2985.1,799.0]],[[2982.2,799.0],[2986.6,799.5],[2981.3,799.5],[2982.2,799.0]]]}},{"type":"Feature","properties":{"id":"p:agua-salada:494","n":6,"sc":"#00ffff","fc":"#00ffff"},"geometry":{"type":"MultiLineString","coordinates":[[[2986.6,799.5],[2981.3,799.5],[2987.0,799.5],[2986.6,799.5]],[[2981.3,799.5],[2987.0,799.5],[2980.3,799.5],[2981.3,799.5]]]}},{"type":"Feature","properties":{"id":"p:agua-salada:495","n":6,"sc":"#00ffff","fc":"#00ffff"},"geometry":{"type":"MultiLineString","coordinates":[[[2987.0,799.5],[2980.3,799.5],[2988.5,800],[2987.0,799.5]],[[2980.3,799.5],[2988.5,800],[2979.4,800],[2980.3,799.5]]]}},{"type":"Feature","properties":{"id":"p:agua-salada:496","n":6,"sc":"#00ffff","fc":"#00ffff"},"geometry":{"type":"MultiLineString","coordinates":[[[2988.5,800],[2979.4,800],[2989.4,800.5],[2988.5,800]],[[2979.4,800],[2989.4,800.5],[2978.4,800.5],[2979.4,800]]]}},{"type":"Feature","properties":{"id":"p:agua-salada:497","n":6,"sc":"#00ffff","fc":"#00ffff"},"geometry":{"type":"MultiLineString","coordinates":[[[2989.4,800.5],[2978.4,800.5],[2990.4,801.0],[2989.4,800.5]],[[2978.4,800.5],[2990.4,801.0],[2977.4,801.0],[2978.4,800.5]]]}},{"type":"Feature","properties":{"id":"p:agua-salada:498","n":6,"sc":"#00ffff","fc":"#00ffff"},"geometry":{"type":"MultiLineString","coordinates":[[[2990.4,801.0],[2977.4,801.0],[2990.9,801.9],[2990.4,801.0]],[[2977.4,801.0],[2990.9,801.9],[2977.0,801.9],[2977.4,801.0]]]}},{"type":"Feature","properties":{"id":"p:agua-salada:499","n":6,"sc":"#00ffff","fc":"#00ffff"},"geometry":{"type":"MultiLineString","coordinates":[[[2990.9,801.9],[2977.0,801.9],[2991.8,802.4],[2990.9,801.9]],[[2977.0,801.9],[2991.8,802.4],[2976,802.4],[2977.0,801.9]]]}},{"type":"Feature","properties":{"id":"p:agua-salada:500","n":6,"sc":"#00ffff","fc":"#00ffff"},"geometry":{"type":"MultiLineString","coordinates":[[[2991.8,802.4],[2976,802.4],[2992.3,803.4],[2991.8,802.4]],[[2976,802.4],[2992.3,803.4],[2975.5,803.4],[2976,802.4]]]}},{"type":"Feature","properties":{"id":"p:agua-salada:501","n":6,"sc":"#00ffff","fc":"#00ffff"},"geometry":{"type":"MultiLineString","coordinates":[[[2992.3,803.4],[2975.5,803.4],[2992.8,804.3],[2992.3,803.4]],[[2975.5,803.4],[2992.8,804.3],[2974.6,804.3],[2975.5,803.4]]]}},{"type":"Feature","properties":{"id":"p:agua-salada:502","n":6,"sc":"#00ffff","fc":"#00ffff"},"geometry":{"type":"MultiLineString","coordinates":[[[2992.8,804.3],[2974.6,804.3],[2993.3,804.8],[2992.8,804.3]],[[2974.6,804.3],[2993.3,804.8],[2974.1,804.8],[2974.6,804.3]]]}},{"type":"Feature","properties":{"id":"p:agua-salada:503","n":6,"sc":"#00ffff","fc":"#00ffff"},"geometry":{"type":"MultiLineString","coordinates":[[[2993.3,804.8],[2974.1,804.8],[2993.8,805.8],[2993.3,804.8]],[[2974.1,804.8],[2993.8,805.8],[2973.6,805.8],[2974.1,804.8]]]}},{"type":"Feature","properties":{"id":"p:agua-salada:504","n":6,"sc":"#00ffff","fc":"#00ffff"},"geometry":{"type":"MultiLineString","coordinates":[[[2993.8,805.8],[2973.6,805.8],[2994.2,806.7],[2993.8,805.8]],[[2973.6,805.8],[2994.2,806.7],[2973.6,806.7],[2973.6,805.8]]]}},{"type":"Feature","properties":{"id":"p:agua-salada:505","n":6,"sc":"#00ffff","fc":"#00ffff"},"geometry":{"type":"MultiLineString","coordinates":[[[2994.2,806.7],[2973.6,806.7],[2994.7,808.2],[2994.2,806.7]],[[2973.6,806.7],[2994.7,808.2],[2973.1,808.2],[2973.6,806.7]]]}},{"type":"Feature","properties":{"id":"p:agua-salada:506","n":6,"sc":"#00ffff","fc":"#00ffff"},"geometry":{"type":"MultiLineString","coordinates":[[[2994.7,808.2],[2973.1,808.2],[2994.7,809.1],[2994.7,808.2]],[[2973.1,808.2],[2994.7,809.1],[2973.1,809.1],[2973.1,808.2]]]}},{"type":"Feature","properties":{"id":"p:agua-salada:507","n":6,"sc":"#00ffff","fc":"#00ffff"},"geometry":{"type":"MultiLineString","coordinates":[[[2994.7,809.1],[2973.1,809.1],[2994.7,810.1],[2994.7,809.1]],[[2973.1,809.1],[2994.7,810.1],[2973.1,810.1],[2973.1,809.1]]]}},{"type":"Feature","properties":{"id":"p:agua-salada:508","n":6,"sc":"#00ffff","fc":"#00ffff"},"geometry":{"type":"MultiLineString","coordinates":[[[2994.7,810.1],[2973.1,810.1],[2994.7,811.0],[2994.7,810.1]],[[2973.1,810.1],[2994.7,811.0],[2973.1,811.0],[2973.1,810.1]]]}},{"type":"Feature","properties":{"id":"p:agua-salada:509","n":6,"sc":"#00ffff","fc":"#00ffff"},"geometry":{"type":"MultiLineString","coordinates":[[[2994.7,811.0],[2973.1,811.0],[2994.7,812],[2994.7,811.0]],[[2973.1,811.0],[2994.7,812],[2973.1,812],[2973.1,811.0]]]}},{"type":"Feature","properties":{"id":"p:agua-salada:510","n":6,"sc":"#00ffff","fc":"#00ffff"},"geometry":{"type":"MultiLineString","coordinates":[[[2994.7,812],[2973.1,812],[2994.2,813.0],[2994.7,812]],[[2973.1,812],[2994.2,813.0],[2973.6,813.0],[2973.1,812]]]}},{"type":"Feature","properties":{"id":"p:agua-salada:511","n":6,"sc":"#00ffff","fc":"#00ffff"},"geometry":{"type":"MultiLineString","coordinates":[[[2994.2,813.0],[2973.6,813.0],[2993.8,813.9],[2994.2,813.0]],[[2973.6,813.0],[2993.8,813.9],[2973.6,813.9],[2973.6,813.0]]]}},{"type":"Feature","properties":{"id":"p:agua-salada:512","n":6,"sc":"#00ffff","fc":"#00ffff"},"geometry":{"type":"MultiLineString","coordinates":[[[2993.8,813.9],[2973.6,813.9],[2993.3,814.9],[2993.8,813.9]],[[2973.6,813.9],[2993.3,814.9],[2974.1,814.9],[2973.6,813.9]]]}},{"type":"Feature","properties":{"id":"p:agua-salada:513","n":6,"sc":"#00ffff","fc":"#00ffff"},"geometry":{"type":"MultiLineString","coordinates":[[[2993.3,814.9],[2974.1,814.9],[2992.8,815.8],[2993.3,814.9]],[[2974.1,814.9],[2992.8,815.8],[2974.6,815.8],[2974.1,814.9]]]}},{"type":"Feature","properties":{"id":"p:agua-salada:514","n":6,"sc":"#00ffff","fc":"#00ffff"},"geometry":{"type":"MultiLineString","coordinates":[[[2992.8,815.8],[2974.6,815.8],[2992.3,816.8],[2992.8,815.8]],[[2974.6,815.8],[2992.3,816.8],[2975.5,816.8],[2974.6,815.8]]]}},{"type":"Feature","properties":{"id":"p:agua-salada:515","n":6,"sc":"#00ffff","fc":"#00ffff"},"geometry":{"type":"MultiLineString","coordinates":[[[2992.3,816.8],[2975.5,816.8],[2991.8,817.8],[2992.3,816.8]],[[2975.5,816.8],[2991.8,817.8],[2976,817.8],[2975.5,816.8]]]}},{"type":"Feature","properties":{"id":"p:agua-salada:516","n":6,"sc":"#00ffff","fc":"#00ffff"},"geometry":{"type":"MultiLineString","coordinates":[[[2991.8,817.8],[2976,817.8],[2990.9,818.2],[2991.8,817.8]],[[2976,817.8],[2990.9,818.2],[2977.0,818.2],[2976,817.8]]]}},{"type":"Feature","properties":{"id":"p:agua-salada:517","n":6,"sc":"#00ffff","fc":"#00ffff"},"geometry":{"type":"MultiLineString","coordinates":[[[2990.9,818.2],[2977.0,818.2],[2990.4,818.7],[2990.9,818.2]],[[2977.0,818.2],[2990.4,818.7],[2977.4,818.7],[2977.0,818.2]]]}},{"type":"Feature","properties":{"id":"p:agua-salada:518","n":6,"sc":"#00ffff","fc":"#00ffff"},"geometry":{"type":"MultiLineString","coordinates":[[[2990.4,818.7],[2977.4,818.7],[2989.4,819.2],[2990.4,818.7]],[[2977.4,818.7],[2989.4,819.2],[2978.4,819.2],[2977.4,818.7]]]}},{"type":"Feature","properties":{"id":"p:agua-salada:519","n":6,"sc":"#00ffff","fc":"#00ffff"},"geometry":{"type":"MultiLineString","coordinates":[[[2989.4,819.2],[2978.4,819.2],[2988.5,819.7],[2989.4,819.2]],[[2978.4,819.2],[2988.5,819.7],[2979.4,819.7],[2978.4,819.2]]]}},{"type":"Feature","properties":{"id":"p:agua-salada:520","n":6,"sc":"#00ffff","fc":"#00ffff"},"geometry":{"type":"MultiLineString","coordinates":[[[2988.5,819.7],[2979.4,819.7],[2987.0,820.2],[2988.5,819.7]],[[2979.4,819.7],[2987.0,820.2],[2980.3,820.2],[2979.4,819.7]]]}},{"type":"Feature","properties":{"id":"p:agua-salada:521","n":6,"sc":"#00ffff","fc":"#00ffff"},"geometry":{"type":"MultiLineString","coordinates":[[[2987.0,820.2],[2980.3,820.2],[2986.6,820.6],[2987.0,820.2]],[[2980.3,820.2],[2986.6,820.6],[2981.3,820.6],[2980.3,820.2]]]}},{"type":"Feature","properties":{"id":"p:agua-salada:522","n":6,"sc":"#00ffff","fc":"#00ffff"},"geometry":{"type":"MultiLineString","coordinates":[[[2981.3,820.6],[2982.2,820.6],[2985.1,820.6],[2981.3,820.6]],[[2982.2,820.6],[2985.1,820.6],[2984.2,821.1],[2982.2,820.6]]]}},{"type":"Feature","properties":{"id":"p:agua-salada:523","n":3,"sc":"#00ffff","fc":"#00ffff"},"geometry":{"type":"LineString","coordinates":[[2981.3,820.6],[2986.6,820.6],[2985.1,820.6],[2981.3,820.6]]}},{"type":"Feature","properties":{"id":"p:agua-salada:524","n":16,"sc":"#00ffff"},"geometry":{"type":"LineString","coordinates":[[2994.2,809.8],[2993.4,805.6],[2991.1,802.2],[2987.6,799.9],[2983.4,799.0],[2979.2,799.9],[2975.8,802.2],[2973.5,805.6],[2972.6,809.8],[2973.5,814.0],[2975.8,817.5],[2979.2,819.8],[2983.4,820.6],[2987.6,819.8],[2991.1,817.5],[2993.4,814.0],[2994.2,809.8]]}},{"type":"Feature","properties":{"id":"p:agua-salada:525","n":3,"sc":"#00ffff","fc":"#00ffff"},"geometry":{"type":"LineString","coordinates":[[3234.7,1025.6],[3235.2,1025.6],[3232.8,1025.6],[3234.7,1025.6]]}},{"type":"Feature","properties":{"id":"p:agua-salada:526","n":6,"sc":"#00ffff","fc":"#00ffff"},"geometry":{"type":"MultiLineString","coordinates":[[[3235.2,1025.6],[3232.8,1025.6],[3236.6,1025.6],[3235.2,1025.6]],[[3232.8,1025.6],[3236.6,1025.6],[3231.8,1025.6],[3232.8,1025.6]]]}},{"type":"Feature","properties":{"id":"p:agua-salada:527","n":6,"sc":"#00ffff","fc":"#00ffff"},"geometry":{"type":"MultiLineString","coordinates":[[[3236.6,1025.6],[3231.8,1025.6],[3237.6,1026.1],[3236.6,1025.6]],[[3231.8,1025.6],[3237.6,1026.1],[3230.4,1026.1],[3231.8,1025.6]]]}},{"type":"Feature","properties":{"id":"p:agua-salada:528","n":6,"sc":"#00ffff","fc":"#00ffff"},"geometry":{"type":"MultiLineString","coordinates":[[[3237.6,1026.1],[3230.4,1026.1],[3238.6,1026.6],[3237.6,1026.1]],[[3230.4,1026.1],[3238.6,1026.6],[3229.9,1026.6],[3230.4,1026.1]]]}},{"type":"Feature","properties":{"id":"p:agua-salada:529","n":6,"sc":"#00ffff","fc":"#00ffff"},"geometry":{"type":"MultiLineString","coordinates":[[[3238.6,1026.6],[3229.9,1026.6],[3239.5,1027.0],[3238.6,1026.6]],[[3229.9,1026.6],[3239.5,1027.0],[3229.0,1027.0],[3229.9,1026.6]]]}},{"type":"Feature","properties":{"id":"p:agua-salada:530","n":6,"sc":"#00ffff","fc":"#00ffff"},"geometry":{"type":"MultiLineString","coordinates":[[[3239.5,1027.0],[3229.0,1027.0],[3240.5,1027.5],[3239.5,1027.0]],[[3229.0,1027.0],[3240.5,1027.5],[3228,1027.5],[3229.0,1027.0]]]}},{"type":"Feature","properties":{"id":"p:agua-salada:531","n":6,"sc":"#00ffff","fc":"#00ffff"},"geometry":{"type":"MultiLineString","coordinates":[[[3240.5,1027.5],[3228,1027.5],[3241.4,1028],[3240.5,1027.5]],[[3228,1027.5],[3241.4,1028],[3227.0,1028],[3228,1027.5]]]}},{"type":"Feature","properties":{"id":"p:agua-salada:532","n":6,"sc":"#00ffff","fc":"#00ffff"},"geometry":{"type":"MultiLineString","coordinates":[[[3241.4,1028],[3227.0,1028],[3241.9,1029.0],[3241.4,1028]],[[3227.0,1028],[3241.9,1029.0],[3226.6,1029.0],[3227.0,1028]]]}},{"type":"Feature","properties":{"id":"p:agua-salada:533","n":6,"sc":"#00ffff","fc":"#00ffff"},"geometry":{"type":"MultiLineString","coordinates":[[[3241.9,1029.0],[3226.6,1029.0],[3242.9,1029.4],[3241.9,1029.0]],[[3226.6,1029.0],[3242.9,1029.4],[3225.6,1029.4],[3226.6,1029.0]]]}},{"type":"Feature","properties":{"id":"p:agua-salada:534","n":6,"sc":"#00ffff","fc":"#00ffff"},"geometry":{"type":"MultiLineString","coordinates":[[[3242.9,1029.4],[3225.6,1029.4],[3243.4,1030.4],[3242.9,1029.4]],[[3225.6,1029.4],[3243.4,1030.4],[3225.1,1030.4],[3225.6,1029.4]]]}},{"type":"Feature","properties":{"id":"p:agua-salada:535","n":6,"sc":"#00ffff","fc":"#00ffff"},"geometry":{"type":"MultiLineString","coordinates":[[[3243.4,1030.4],[3225.1,1030.4],[3243.8,1031.4],[3243.4,1030.4]],[[3225.1,1030.4],[3243.8,1031.4],[3224.6,1031.4],[3225.1,1030.4]]]}},{"type":"Feature","properties":{"id":"p:agua-salada:536","n":6,"sc":"#00ffff","fc":"#00ffff"},"geometry":{"type":"MultiLineString","coordinates":[[[3243.8,1031.4],[3224.6,1031.4],[3244.3,1032.3],[3243.8,1031.4]],[[3224.6,1031.4],[3244.3,1032.3],[3224.2,1032.3],[3224.6,1031.4]]]}},{"type":"Feature","properties":{"id":"p:agua-salada:537","n":6,"sc":"#00ffff","fc":"#00ffff"},"geometry":{"type":"MultiLineString","coordinates":[[[3244.3,1032.3],[3224.2,1032.3],[3244.3,1033.3],[3244.3,1032.3]],[[3224.2,1032.3],[3244.3,1033.3],[3223.7,1033.3],[3224.2,1032.3]]]}},{"type":"Feature","properties":{"id":"p:agua-salada:538","n":6,"sc":"#00ffff","fc":"#00ffff"},"geometry":{"type":"MultiLineString","coordinates":[[[3244.3,1033.3],[3223.7,1033.3],[3244.8,1034.2],[3244.3,1033.3]],[[3223.7,1033.3],[3244.8,1034.2],[3223.7,1034.2],[3223.7,1033.3]]]}},{"type":"Feature","properties":{"id":"p:agua-salada:539","n":6,"sc":"#00ffff","fc":"#00ffff"},"geometry":{"type":"MultiLineString","coordinates":[[[3244.8,1034.2],[3223.7,1034.2],[3244.8,1035.2],[3244.8,1034.2]],[[3223.7,1034.2],[3244.8,1035.2],[3223.2,1035.2],[3223.7,1034.2]]]}},{"type":"Feature","properties":{"id":"p:agua-salada:540","n":6,"sc":"#00ffff","fc":"#00ffff"},"geometry":{"type":"MultiLineString","coordinates":[[[3244.8,1035.2],[3223.2,1035.2],[3245.3,1036.2],[3244.8,1035.2]],[[3223.2,1035.2],[3245.3,1036.2],[3223.2,1036.2],[3223.2,1035.2]]]}},{"type":"Feature","properties":{"id":"p:agua-salada:541","n":6,"sc":"#00ffff","fc":"#00ffff"},"geometry":{"type":"MultiLineString","coordinates":[[[3245.3,1036.2],[3223.2,1036.2],[3244.8,1037.1],[3245.3,1036.2]],[[3223.2,1036.2],[3244.8,1037.1],[3223.2,1037.1],[3223.2,1036.2]]]}},{"type":"Feature","properties":{"id":"p:agua-salada:542","n":6,"sc":"#00ffff","fc":"#00ffff"},"geometry":{"type":"MultiLineString","coordinates":[[[3244.8,1037.1],[3223.2,1037.1],[3244.8,1038.1],[3244.8,1037.1]],[[3223.2,1037.1],[3244.8,1038.1],[3223.7,1038.1],[3223.2,1037.1]]]}},{"type":"Feature","properties":{"id":"p:agua-salada:543","n":6,"sc":"#00ffff","fc":"#00ffff"},"geometry":{"type":"MultiLineString","coordinates":[[[3244.8,1038.1],[3223.7,1038.1],[3244.3,1039.5],[3244.8,1038.1]],[[3223.7,1038.1],[3244.3,1039.5],[3223.7,1039.5],[3223.7,1038.1]]]}},{"type":"Feature","properties":{"id":"p:agua-salada:544","n":6,"sc":"#00ffff","fc":"#00ffff"},"geometry":{"type":"MultiLineString","coordinates":[[[3244.3,1039.5],[3223.7,1039.5],[3244.3,1040.5],[3244.3,1039.5]],[[3223.7,1039.5],[3244.3,1040.5],[3224.2,1040.5],[3223.7,1039.5]]]}},{"type":"Feature","properties":{"id":"p:agua-salada:545","n":6,"sc":"#00ffff","fc":"#00ffff"},"geometry":{"type":"MultiLineString","coordinates":[[[3244.3,1040.5],[3224.2,1040.5],[3243.8,1041.4],[3244.3,1040.5]],[[3224.2,1040.5],[3243.8,1041.4],[3224.6,1041.4],[3224.2,1040.5]]]}},{"type":"Feature","properties":{"id":"p:agua-salada:546","n":6,"sc":"#00ffff","fc":"#00ffff"},"geometry":{"type":"MultiLineString","coordinates":[[[3243.8,1041.4],[3224.6,1041.4],[3243.4,1041.9],[3243.8,1041.4]],[[3224.6,1041.4],[3243.4,1041.9],[3225.1,1041.9],[3224.6,1041.4]]]}},{"type":"Feature","properties":{"id":"p:agua-salada:547","n":6,"sc":"#00ffff","fc":"#00ffff"},"geometry":{"type":"MultiLineString","coordinates":[[[3243.4,1041.9],[3225.1,1041.9],[3242.9,1042.9],[3243.4,1041.9]],[[3225.1,1041.9],[3242.9,1042.9],[3225.6,1042.9],[3225.1,1041.9]]]}},{"type":"Feature","properties":{"id":"p:agua-salada:548","n":6,"sc":"#00ffff","fc":"#00ffff"},"geometry":{"type":"MultiLineString","coordinates":[[[3242.9,1042.9],[3225.6,1042.9],[3241.9,1043.8],[3242.9,1042.9]],[[3225.6,1042.9],[3241.9,1043.8],[3226.6,1043.8],[3225.6,1042.9]]]}},{"type":"Feature","properties":{"id":"p:agua-salada:549","n":6,"sc":"#00ffff","fc":"#00ffff"},"geometry":{"type":"MultiLineString","coordinates":[[[3241.9,1043.8],[3226.6,1043.8],[3241.4,1044.3],[3241.9,1043.8]],[[3226.6,1043.8],[3241.4,1044.3],[3227.0,1044.3],[3226.6,1043.8]]]}},{"type":"Feature","properties":{"id":"p:agua-salada:550","n":6,"sc":"#00ffff","fc":"#00ffff"},"geometry":{"type":"MultiLineString","coordinates":[[[3241.4,1044.3],[3227.0,1044.3],[3240.5,1045.3],[3241.4,1044.3]],[[3227.0,1044.3],[3240.5,1045.3],[3228,1045.3],[3227.0,1044.3]]]}},{"type":"Feature","properties":{"id":"p:agua-salada:551","n":6,"sc":"#00ffff","fc":"#00ffff"},"geometry":{"type":"MultiLineString","coordinates":[[[3240.5,1045.3],[3228,1045.3],[3239.5,1045.8],[3240.5,1045.3]],[[3228,1045.3],[3239.5,1045.8],[3229.0,1045.8],[3228,1045.3]]]}},{"type":"Feature","properties":{"id":"p:agua-salada:552","n":6,"sc":"#00ffff","fc":"#00ffff"},"geometry":{"type":"MultiLineString","coordinates":[[[3239.5,1045.8],[3229.0,1045.8],[3238.6,1046.2],[3239.5,1045.8]],[[3229.0,1045.8],[3238.6,1046.2],[3229.9,1046.2],[3229.0,1045.8]]]}},{"type":"Feature","properties":{"id":"p:agua-salada:553","n":6,"sc":"#00ffff","fc":"#00ffff"},"geometry":{"type":"MultiLineString","coordinates":[[[3238.6,1046.2],[3229.9,1046.2],[3237.6,1046.7],[3238.6,1046.2]],[[3229.9,1046.2],[3237.6,1046.7],[3230.4,1046.7],[3229.9,1046.2]]]}},{"type":"Feature","properties":{"id":"p:agua-salada:554","n":6,"sc":"#00ffff","fc":"#00ffff"},"geometry":{"type":"MultiLineString","coordinates":[[[3237.6,1046.7],[3230.4,1046.7],[3236.6,1046.7],[3237.6,1046.7]],[[3230.4,1046.7],[3236.6,1046.7],[3231.8,1046.7],[3230.4,1046.7]]]}},{"type":"Feature","properties":{"id":"p:agua-salada:555","n":6,"sc":"#00ffff","fc":"#00ffff"},"geometry":{"type":"MultiLineString","coordinates":[[[3231.8,1046.7],[3232.8,1047.2],[3235.2,1047.2],[3231.8,1046.7]],[[3232.8,1047.2],[3235.2,1047.2],[3234.7,1047.2],[3232.8,1047.2]]]}},{"type":"Feature","properties":{"id":"p:agua-salada:556","n":3,"sc":"#00ffff","fc":"#00ffff"},"geometry":{"type":"LineString","coordinates":[[3231.8,1046.7],[3236.6,1046.7],[3235.2,1047.2],[3231.8,1046.7]]}},{"type":"Feature","properties":{"id":"p:agua-salada:557","n":16,"sc":"#00ffff"},"geometry":{"type":"LineString","coordinates":[[3244.8,1035.9],[3244.0,1031.7],[3241.6,1028.3],[3238.2,1026.0],[3234,1025.1],[3229.8,1026.0],[3226.4,1028.3],[3224.0,1031.7],[3223.2,1035.9],[3224.0,1040.1],[3226.4,1043.6],[3229.8,1045.9],[3234,1046.7],[3238.2,1045.9],[3241.6,1043.6],[3244.0,1040.1],[3244.8,1035.9]]}},{"type":"Feature","properties":{"id":"p:agua-salada:558","n":1,"sc":"#00ffff"},"geometry":{"type":"LineString","coordinates":[[3234.2,1106.7],[3152.6,1106.7]]}},{"type":"Feature","properties":{"id":"p:agua-salada:559","n":3,"sc":"#00ffff","fc":"#00ffff"},"geometry":{"type":"LineString","coordinates":[[3234.7,1096.2],[3235.2,1096.2],[3232.8,1096.2],[3234.7,1096.2]]}},{"type":"Feature","properties":{"id":"p:agua-salada:560","n":6,"sc":"#00ffff","fc":"#00ffff"},"geometry":{"type":"MultiLineString","coordinates":[[[3235.2,1096.2],[3232.8,1096.2],[3236.6,1096.2],[3235.2,1096.2]],[[3232.8,1096.2],[3236.6,1096.2],[3231.8,1096.2],[3232.8,1096.2]]]}},{"type":"Feature","properties":{"id":"p:agua-salada:561","n":6,"sc":"#00ffff","fc":"#00ffff"},"geometry":{"type":"MultiLineString","coordinates":[[[3236.6,1096.2],[3231.8,1096.2],[3237.6,1096.6],[3236.6,1096.2]],[[3231.8,1096.2],[3237.6,1096.6],[3230.4,1096.6],[3231.8,1096.2]]]}},{"type":"Feature","properties":{"id":"p:agua-salada:562","n":6,"sc":"#00ffff","fc":"#00ffff"},"geometry":{"type":"MultiLineString","coordinates":[[[3237.6,1096.6],[3230.4,1096.6],[3238.6,1097.1],[3237.6,1096.6]],[[3230.4,1096.6],[3238.6,1097.1],[3229.9,1097.1],[3230.4,1096.6]]]}},{"type":"Feature","properties":{"id":"p:agua-salada:563","n":6,"sc":"#00ffff","fc":"#00ffff"},"geometry":{"type":"MultiLineString","coordinates":[[[3238.6,1097.1],[3229.9,1097.1],[3239.5,1097.6],[3238.6,1097.1]],[[3229.9,1097.1],[3239.5,1097.6],[3229.0,1097.6],[3229.9,1097.1]]]}},{"type":"Feature","properties":{"id":"p:agua-salada:564","n":6,"sc":"#00ffff","fc":"#00ffff"},"geometry":{"type":"MultiLineString","coordinates":[[[3239.5,1097.6],[3229.0,1097.6],[3240.5,1098.1],[3239.5,1097.6]],[[3229.0,1097.6],[3240.5,1098.1],[3228,1098.1],[3229.0,1097.6]]]}},{"type":"Feature","properties":{"id":"p:agua-salada:565","n":6,"sc":"#00ffff","fc":"#00ffff"},"geometry":{"type":"MultiLineString","coordinates":[[[3240.5,1098.1],[3228,1098.1],[3241.4,1098.6],[3240.5,1098.1]],[[3228,1098.1],[3241.4,1098.6],[3227.0,1098.6],[3228,1098.1]]]}},{"type":"Feature","properties":{"id":"p:agua-salada:566","n":6,"sc":"#00ffff","fc":"#00ffff"},"geometry":{"type":"MultiLineString","coordinates":[[[3241.4,1098.6],[3227.0,1098.6],[3241.9,1099.5],[3241.4,1098.6]],[[3227.0,1098.6],[3241.9,1099.5],[3226.6,1099.5],[3227.0,1098.6]]]}},{"type":"Feature","properties":{"id":"p:agua-salada:567","n":6,"sc":"#00ffff","fc":"#00ffff"},"geometry":{"type":"MultiLineString","coordinates":[[[3241.9,1099.5],[3226.6,1099.5],[3242.9,1100],[3241.9,1099.5]],[[3226.6,1099.5],[3242.9,1100],[3225.6,1100],[3226.6,1099.5]]]}},{"type":"Feature","properties":{"id":"p:agua-salada:568","n":6,"sc":"#00ffff","fc":"#00ffff"},"geometry":{"type":"MultiLineString","coordinates":[[[3242.9,1100],[3225.6,1100],[3243.4,1101.0],[3242.9,1100]],[[3225.6,1100],[3243.4,1101.0],[3225.1,1101.0],[3225.6,1100]]]}},{"type":"Feature","properties":{"id":"p:agua-salada:569","n":6,"sc":"#00ffff","fc":"#00ffff"},"geometry":{"type":"MultiLineString","coordinates":[[[3243.4,1101.0],[3225.1,1101.0],[3243.8,1101.9],[3243.4,1101.0]],[[3225.1,1101.0],[3243.8,1101.9],[3224.6,1101.9],[3225.1,1101.0]]]}},{"type":"Feature","properties":{"id":"p:agua-salada:570","n":6,"sc":"#00ffff","fc":"#00ffff"},"geometry":{"type":"MultiLineString","coordinates":[[[3243.8,1101.9],[3224.6,1101.9],[3244.3,1102.9],[3243.8,1101.9]],[[3224.6,1101.9],[3244.3,1102.9],[3224.2,1102.9],[3224.6,1101.9]]]}},{"type":"Feature","properties":{"id":"p:agua-salada:571","n":6,"sc":"#00ffff","fc":"#00ffff"},"geometry":{"type":"MultiLineString","coordinates":[[[3244.3,1102.9],[3224.2,1102.9],[3244.3,1103.8],[3244.3,1102.9]],[[3224.2,1102.9],[3244.3,1103.8],[3223.7,1103.8],[3224.2,1102.9]]]}},{"type":"Feature","properties":{"id":"p:agua-salada:572","n":6,"sc":"#00ffff","fc":"#00ffff"},"geometry":{"type":"MultiLineString","coordinates":[[[3244.3,1103.8],[3223.7,1103.8],[3244.8,1104.8],[3244.3,1103.8]],[[3223.7,1103.8],[3244.8,1104.8],[3223.7,1104.8],[3223.7,1103.8]]]}},{"type":"Feature","properties":{"id":"p:agua-salada:573","n":6,"sc":"#00ffff","fc":"#00ffff"},"geometry":{"type":"MultiLineString","coordinates":[[[3244.8,1104.8],[3223.7,1104.8],[3244.8,1105.8],[3244.8,1104.8]],[[3223.7,1104.8],[3244.8,1105.8],[3223.2,1105.8],[3223.7,1104.8]]]}},{"type":"Feature","properties":{"id":"p:agua-salada:574","n":6,"sc":"#00ffff","fc":"#00ffff"},"geometry":{"type":"MultiLineString","coordinates":[[[3244.8,1105.8],[3223.2,1105.8],[3245.3,1106.7],[3244.8,1105.8]],[[3223.2,1105.8],[3245.3,1106.7],[3223.2,1106.7],[3223.2,1105.8]]]}},{"type":"Feature","properties":{"id":"p:agua-salada:575","n":6,"sc":"#00ffff","fc":"#00ffff"},"geometry":{"type":"MultiLineString","coordinates":[[[3245.3,1106.7],[3223.2,1106.7],[3244.8,1108.2],[3245.3,1106.7]],[[3223.2,1106.7],[3244.8,1108.2],[3223.2,1108.2],[3223.2,1106.7]]]}},{"type":"Feature","properties":{"id":"p:agua-salada:576","n":6,"sc":"#00ffff","fc":"#00ffff"},"geometry":{"type":"MultiLineString","coordinates":[[[3244.8,1108.2],[3223.2,1108.2],[3244.8,1109.1],[3244.8,1108.2]],[[3223.2,1108.2],[3244.8,1109.1],[3223.7,1109.1],[3223.2,1108.2]]]}},{"type":"Feature","properties":{"id":"p:agua-salada:577","n":6,"sc":"#00ffff","fc":"#00ffff"},"geometry":{"type":"MultiLineString","coordinates":[[[3244.8,1109.1],[3223.7,1109.1],[3244.3,1110.1],[3244.8,1109.1]],[[3223.7,1109.1],[3244.3,1110.1],[3223.7,1110.1],[3223.7,1109.1]]]}},{"type":"Feature","properties":{"id":"p:agua-salada:578","n":6,"sc":"#00ffff","fc":"#00ffff"},"geometry":{"type":"MultiLineString","coordinates":[[[3244.3,1110.1],[3223.7,1110.1],[3244.3,1111.0],[3244.3,1110.1]],[[3223.7,1110.1],[3244.3,1111.0],[3224.2,1111.0],[3223.7,1110.1]]]}},{"type":"Feature","properties":{"id":"p:agua-salada:579","n":6,"sc":"#00ffff","fc":"#00ffff"},"geometry":{"type":"MultiLineString","coordinates":[[[3244.3,1111.0],[3224.2,1111.0],[3243.8,1112],[3244.3,1111.0]],[[3224.2,1111.0],[3243.8,1112],[3224.6,1112],[3224.2,1111.0]]]}},{"type":"Feature","properties":{"id":"p:agua-salada:580","n":6,"sc":"#00ffff","fc":"#00ffff"},"geometry":{"type":"MultiLineString","coordinates":[[[3243.8,1112],[3224.6,1112],[3243.4,1113.0],[3243.8,1112]],[[3224.6,1112],[3243.4,1113.0],[3225.1,1113.0],[3224.6,1112]]]}},{"type":"Feature","properties":{"id":"p:agua-salada:581","n":6,"sc":"#00ffff","fc":"#00ffff"},"geometry":{"type":"MultiLineString","coordinates":[[[3243.4,1113.0],[3225.1,1113.0],[3242.9,1113.4],[3243.4,1113.0]],[[3225.1,1113.0],[3242.9,1113.4],[3225.6,1113.4],[3225.1,1113.0]]]}},{"type":"Feature","properties":{"id":"p:agua-salada:582","n":6,"sc":"#00ffff","fc":"#00ffff"},"geometry":{"type":"MultiLineString","coordinates":[[[3242.9,1113.4],[3225.6,1113.4],[3241.9,1114.4],[3242.9,1113.4]],[[3225.6,1113.4],[3241.9,1114.4],[3226.6,1114.4],[3225.6,1113.4]]]}},{"type":"Feature","properties":{"id":"p:agua-salada:583","n":6,"sc":"#00ffff","fc":"#00ffff"},"geometry":{"type":"MultiLineString","coordinates":[[[3241.9,1114.4],[3226.6,1114.4],[3241.4,1115.4],[3241.9,1114.4]],[[3226.6,1114.4],[3241.4,1115.4],[3227.0,1115.4],[3226.6,1114.4]]]}},{"type":"Feature","properties":{"id":"p:agua-salada:584","n":6,"sc":"#00ffff","fc":"#00ffff"},"geometry":{"type":"MultiLineString","coordinates":[[[3241.4,1115.4],[3227.0,1115.4],[3240.5,1115.8],[3241.4,1115.4]],[[3227.0,1115.4],[3240.5,1115.8],[3228,1115.8],[3227.0,1115.4]]]}},{"type":"Feature","properties":{"id":"p:agua-salada:585","n":6,"sc":"#00ffff","fc":"#00ffff"},"geometry":{"type":"MultiLineString","coordinates":[[[3240.5,1115.8],[3228,1115.8],[3239.5,1116.3],[3240.5,1115.8]],[[3228,1115.8],[3239.5,1116.3],[3229.0,1116.3],[3228,1115.8]]]}},{"type":"Feature","properties":{"id":"p:agua-salada:586","n":6,"sc":"#00ffff","fc":"#00ffff"},"geometry":{"type":"MultiLineString","coordinates":[[[3239.5,1116.3],[3229.0,1116.3],[3238.6,1116.8],[3239.5,1116.3]],[[3229.0,1116.3],[3238.6,1116.8],[3229.9,1116.8],[3229.0,1116.3]]]}},{"type":"Feature","properties":{"id":"p:agua-salada:587","n":6,"sc":"#00ffff","fc":"#00ffff"},"geometry":{"type":"MultiLineString","coordinates":[[[3238.6,1116.8],[3229.9,1116.8],[3237.6,1117.3],[3238.6,1116.8]],[[3229.9,1116.8],[3237.6,1117.3],[3230.4,1117.3],[3229.9,1116.8]]]}},{"type":"Feature","properties":{"id":"p:agua-salada:588","n":6,"sc":"#00ffff","fc":"#00ffff"},"geometry":{"type":"MultiLineString","coordinates":[[[3237.6,1117.3],[3230.4,1117.3],[3236.6,1117.3],[3237.6,1117.3]],[[3230.4,1117.3],[3236.6,1117.3],[3231.8,1117.3],[3230.4,1117.3]]]}},{"type":"Feature","properties":{"id":"p:agua-salada:589","n":6,"sc":"#00ffff","fc":"#00ffff"},"geometry":{"type":"MultiLineString","coordinates":[[[3231.8,1117.3],[3232.8,1117.8],[3235.2,1117.8],[3231.8,1117.3]],[[3232.8,1117.8],[3235.2,1117.8],[3234.7,1117.8],[3232.8,1117.8]]]}},{"type":"Feature","properties":{"id":"p:agua-salada:590","n":3,"sc":"#00ffff","fc":"#00ffff"},"geometry":{"type":"LineString","coordinates":[[3231.8,1117.3],[3236.6,1117.3],[3235.2,1117.8],[3231.8,1117.3]]}},{"type":"Feature","properties":{"id":"p:agua-salada:591","n":16,"sc":"#00ffff"},"geometry":{"type":"LineString","coordinates":[[3244.8,1106.5],[3244.0,1102.3],[3241.6,1098.8],[3238.2,1096.5],[3234,1095.7],[3229.8,1096.5],[3226.4,1098.8],[3224.0,1102.3],[3223.2,1106.5],[3224.0,1110.7],[3226.4,1114.1],[3229.8,1116.4],[3234,1117.3],[3238.2,1116.4],[3241.6,1114.1],[3244.0,1110.7],[3244.8,1106.5]]}},{"type":"Feature","properties":{"id":"p:agua-salada:592","n":3,"sc":"#00ffff","fc":"#00ffff"},"geometry":{"type":"LineString","coordinates":[[3027.8,2011.0],[3028.3,2011.0],[3025.9,2011.0],[3027.8,2011.0]]}},{"type":"Feature","properties":{"id":"p:agua-salada:593","n":6,"sc":"#00ffff","fc":"#00ffff"},"geometry":{"type":"MultiLineString","coordinates":[[[3028.3,2011.0],[3025.9,2011.0],[3029.8,2011.5],[3028.3,2011.0]],[[3025.9,2011.0],[3029.8,2011.5],[3025.0,2011.5],[3025.9,2011.0]]]}},{"type":"Feature","properties":{"id":"p:agua-salada:594","n":6,"sc":"#00ffff","fc":"#00ffff"},"geometry":{"type":"MultiLineString","coordinates":[[[3029.8,2011.5],[3025.0,2011.5],[3030.7,2011.5],[3029.8,2011.5]],[[3025.0,2011.5],[3030.7,2011.5],[3023.5,2011.5],[3025.0,2011.5]]]}},{"type":"Feature","properties":{"id":"p:agua-salada:595","n":6,"sc":"#00ffff","fc":"#00ffff"},"geometry":{"type":"MultiLineString","coordinates":[[[3030.7,2011.5],[3023.5,2011.5],[3031.7,2012],[3030.7,2011.5]],[[3023.5,2011.5],[3031.7,2012],[3023.0,2012],[3023.5,2011.5]]]}},{"type":"Feature","properties":{"id":"p:agua-salada:596","n":6,"sc":"#00ffff","fc":"#00ffff"},"geometry":{"type":"MultiLineString","coordinates":[[[3031.7,2012],[3023.0,2012],[3032.6,2012.5],[3031.7,2012]],[[3023.0,2012],[3032.6,2012.5],[3022.1,2012.5],[3023.0,2012]]]}},{"type":"Feature","properties":{"id":"p:agua-salada:597","n":6,"sc":"#00ffff","fc":"#00ffff"},"geometry":{"type":"MultiLineString","coordinates":[[[3032.6,2012.5],[3022.1,2012.5],[3033.6,2013.0],[3032.6,2012.5]],[[3022.1,2012.5],[3033.6,2013.0],[3021.1,2013.0],[3022.1,2012.5]]]}},{"type":"Feature","properties":{"id":"p:agua-salada:598","n":6,"sc":"#00ffff","fc":"#00ffff"},"geometry":{"type":"MultiLineString","coordinates":[[[3033.6,2013.0],[3021.1,2013.0],[3034.6,2013.9],[3033.6,2013.0]],[[3021.1,2013.0],[3034.6,2013.9],[3020.2,2013.9],[3021.1,2013.0]]]}},{"type":"Feature","properties":{"id":"p:agua-salada:599","n":6,"sc":"#00ffff","fc":"#00ffff"},"geometry":{"type":"MultiLineString","coordinates":[[[3034.6,2013.9],[3020.2,2013.9],[3035.0,2014.4],[3034.6,2013.9]],[[3020.2,2013.9],[3035.0,2014.4],[3019.7,2014.4],[3020.2,2013.9]]]}},{"type":"Feature","properties":{"id":"p:agua-salada:600","n":6,"sc":"#00ffff","fc":"#00ffff"},"geometry":{"type":"MultiLineString","coordinates":[[[3035.0,2014.4],[3019.7,2014.4],[3036,2015.4],[3035.0,2014.4]],[[3019.7,2014.4],[3036,2015.4],[3018.7,2015.4],[3019.7,2014.4]]]}},{"type":"Feature","properties":{"id":"p:agua-salada:601","n":6,"sc":"#00ffff","fc":"#00ffff"},"geometry":{"type":"MultiLineString","coordinates":[[[3036,2015.4],[3018.7,2015.4],[3036.5,2016.3],[3036,2015.4]],[[3018.7,2015.4],[3036.5,2016.3],[3018.2,2016.3],[3018.7,2015.4]]]}},{"type":"Feature","properties":{"id":"p:agua-salada:602","n":6,"sc":"#00ffff","fc":"#00ffff"},"geometry":{"type":"MultiLineString","coordinates":[[[3036.5,2016.3],[3018.2,2016.3],[3037.0,2017.3],[3036.5,2016.3]],[[3018.2,2016.3],[3037.0,2017.3],[3017.8,2017.3],[3018.2,2016.3]]]}},{"type":"Feature","properties":{"id":"p:agua-salada:603","n":6,"sc":"#00ffff","fc":"#00ffff"},"geometry":{"type":"MultiLineString","coordinates":[[[3037.0,2017.3],[3017.8,2017.3],[3037.4,2017.8],[3037.0,2017.3]],[[3017.8,2017.3],[3037.4,2017.8],[3017.3,2017.8],[3017.8,2017.3]]]}},{"type":"Feature","properties":{"id":"p:agua-salada:604","n":6,"sc":"#00ffff","fc":"#00ffff"},"geometry":{"type":"MultiLineString","coordinates":[[[3037.4,2017.8],[3017.3,2017.8],[3037.9,2019.2],[3037.4,2017.8]],[[3017.3,2017.8],[3037.9,2019.2],[3016.8,2019.2],[3017.3,2017.8]]]}},{"type":"Feature","properties":{"id":"p:agua-salada:605","n":6,"sc":"#00ffff","fc":"#00ffff"},"geometry":{"type":"MultiLineString","coordinates":[[[3037.9,2019.2],[3016.8,2019.2],[3037.9,2020.2],[3037.9,2019.2]],[[3016.8,2019.2],[3037.9,2020.2],[3016.8,2020.2],[3016.8,2019.2]]]}},{"type":"Feature","properties":{"id":"p:agua-salada:606","n":6,"sc":"#00ffff","fc":"#00ffff"},"geometry":{"type":"MultiLineString","coordinates":[[[3037.9,2020.2],[3016.8,2020.2],[3037.9,2021.1],[3037.9,2020.2]],[[3016.8,2020.2],[3037.9,2021.1],[3016.3,2021.1],[3016.8,2020.2]]]}},{"type":"Feature","properties":{"id":"p:agua-salada:607","n":6,"sc":"#00ffff","fc":"#00ffff"},"geometry":{"type":"MultiLineString","coordinates":[[[3037.9,2021.1],[3016.3,2021.1],[3038.4,2022.1],[3037.9,2021.1]],[[3016.3,2021.1],[3038.4,2022.1],[3016.3,2022.1],[3016.3,2021.1]]]}},{"type":"Feature","properties":{"id":"p:agua-salada:608","n":6,"sc":"#00ffff","fc":"#00ffff"},"geometry":{"type":"MultiLineString","coordinates":[[[3038.4,2022.1],[3016.3,2022.1],[3037.9,2023.0],[3038.4,2022.1]],[[3016.3,2022.1],[3037.9,2023.0],[3016.3,2023.0],[3016.3,2022.1]]]}},{"type":"Feature","properties":{"id":"p:agua-salada:609","n":6,"sc":"#00ffff","fc":"#00ffff"},"geometry":{"type":"MultiLineString","coordinates":[[[3037.9,2023.0],[3016.3,2023.0],[3037.9,2024],[3037.9,2023.0]],[[3016.3,2023.0],[3037.9,2024],[3016.8,2024],[3016.3,2023.0]]]}},{"type":"Feature","properties":{"id":"p:agua-salada:610","n":6,"sc":"#00ffff","fc":"#00ffff"},"geometry":{"type":"MultiLineString","coordinates":[[[3037.9,2024],[3016.8,2024],[3037.9,2025.0],[3037.9,2024]],[[3016.8,2024],[3037.9,2025.0],[3016.8,2025.0],[3016.8,2024]]]}},{"type":"Feature","properties":{"id":"p:agua-salada:611","n":6,"sc":"#00ffff","fc":"#00ffff"},"geometry":{"type":"MultiLineString","coordinates":[[[3037.9,2025.0],[3016.8,2025.0],[3037.4,2025.9],[3037.9,2025.0]],[[3016.8,2025.0],[3037.4,2025.9],[3017.3,2025.9],[3016.8,2025.0]]]}},{"type":"Feature","properties":{"id":"p:agua-salada:612","n":6,"sc":"#00ffff","fc":"#00ffff"},"geometry":{"type":"MultiLineString","coordinates":[[[3037.4,2025.9],[3017.3,2025.9],[3037.0,2026.9],[3037.4,2025.9]],[[3017.3,2025.9],[3037.0,2026.9],[3017.8,2026.9],[3017.3,2025.9]]]}},{"type":"Feature","properties":{"id":"p:agua-salada:613","n":6,"sc":"#00ffff","fc":"#00ffff"},"geometry":{"type":"MultiLineString","coordinates":[[[3037.0,2026.9],[3017.8,2026.9],[3036.5,2027.8],[3037.0,2026.9]],[[3017.8,2026.9],[3036.5,2027.8],[3018.2,2027.8],[3017.8,2026.9]]]}},{"type":"Feature","properties":{"id":"p:agua-salada:614","n":6,"sc":"#00ffff","fc":"#00ffff"},"geometry":{"type":"MultiLineString","coordinates":[[[3036.5,2027.8],[3018.2,2027.8],[3036,2028.8],[3036.5,2027.8]],[[3018.2,2027.8],[3036,2028.8],[3018.7,2028.8],[3018.2,2027.8]]]}},{"type":"Feature","properties":{"id":"p:agua-salada:615","n":6,"sc":"#00ffff","fc":"#00ffff"},"geometry":{"type":"MultiLineString","coordinates":[[[3036,2028.8],[3018.7,2028.8],[3035.0,2029.8],[3036,2028.8]],[[3018.7,2028.8],[3035.0,2029.8],[3019.7,2029.8],[3018.7,2028.8]]]}},{"type":"Feature","properties":{"id":"p:agua-salada:616","n":6,"sc":"#00ffff","fc":"#00ffff"},"geometry":{"type":"MultiLineString","coordinates":[[[3035.0,2029.8],[3019.7,2029.8],[3034.6,2030.2],[3035.0,2029.8]],[[3019.7,2029.8],[3034.6,2030.2],[3020.2,2030.2],[3019.7,2029.8]]]}},{"type":"Feature","properties":{"id":"p:agua-salada:617","n":6,"sc":"#00ffff","fc":"#00ffff"},"geometry":{"type":"MultiLineString","coordinates":[[[3034.6,2030.2],[3020.2,2030.2],[3033.6,2030.7],[3034.6,2030.2]],[[3020.2,2030.2],[3033.6,2030.7],[3021.1,2030.7],[3020.2,2030.2]]]}},{"type":"Feature","properties":{"id":"p:agua-salada:618","n":6,"sc":"#00ffff","fc":"#00ffff"},"geometry":{"type":"MultiLineString","coordinates":[[[3033.6,2030.7],[3021.1,2030.7],[3032.6,2031.7],[3033.6,2030.7]],[[3021.1,2030.7],[3032.6,2031.7],[3022.1,2031.7],[3021.1,2030.7]]]}},{"type":"Feature","properties":{"id":"p:agua-salada:619","n":6,"sc":"#00ffff","fc":"#00ffff"},"geometry":{"type":"MultiLineString","coordinates":[[[3032.6,2031.7],[3022.1,2031.7],[3031.7,2032.2],[3032.6,2031.7]],[[3022.1,2031.7],[3031.7,2032.2],[3023.0,2032.2],[3022.1,2031.7]]]}},{"type":"Feature","properties":{"id":"p:agua-salada:620","n":6,"sc":"#00ffff","fc":"#00ffff"},"geometry":{"type":"MultiLineString","coordinates":[[[3031.7,2032.2],[3023.0,2032.2],[3030.7,2032.2],[3031.7,2032.2]],[[3023.0,2032.2],[3030.7,2032.2],[3023.5,2032.2],[3023.0,2032.2]]]}},{"type":"Feature","properties":{"id":"p:agua-salada:621","n":6,"sc":"#00ffff","fc":"#00ffff"},"geometry":{"type":"MultiLineString","coordinates":[[[3030.7,2032.2],[3023.5,2032.2],[3029.8,2032.6],[3030.7,2032.2]],[[3023.5,2032.2],[3029.8,2032.6],[3025.0,2032.6],[3023.5,2032.2]]]}},{"type":"Feature","properties":{"id":"p:agua-salada:622","n":6,"sc":"#00ffff","fc":"#00ffff"},"geometry":{"type":"MultiLineString","coordinates":[[[3025.0,2032.6],[3025.9,2032.6],[3028.3,2032.6],[3025.0,2032.6]],[[3025.9,2032.6],[3028.3,2032.6],[3027.8,2033.1],[3025.9,2032.6]]]}},{"type":"Feature","properties":{"id":"p:agua-salada:623","n":3,"sc":"#00ffff","fc":"#00ffff"},"geometry":{"type":"LineString","coordinates":[[3025.0,2032.6],[3029.8,2032.6],[3028.3,2032.6],[3025.0,2032.6]]}},{"type":"Feature","properties":{"id":"p:agua-salada:624","n":16,"sc":"#00ffff"},"geometry":{"type":"LineString","coordinates":[[3037.9,2021.8],[3037.1,2017.6],[3034.8,2014.2],[3031.3,2011.9],[3027.1,2011.0],[3022.9,2011.9],[3019.5,2014.2],[3017.2,2017.6],[3016.3,2021.8],[3017.2,2026.0],[3019.5,2029.5],[3022.9,2031.8],[3027.1,2032.6],[3031.3,2031.8],[3034.8,2029.5],[3037.1,2026.0],[3037.9,2021.8]]}},{"type":"Feature","properties":{"id":"p:agua-salada:625","n":3,"sc":"#00ffff","fc":"#00ffff"},"geometry":{"type":"LineString","coordinates":[[3794.4,2261.6],[3794.9,2261.6],[3792,2261.6],[3794.4,2261.6]]}},{"type":"Feature","properties":{"id":"p:agua-salada:626","n":6,"sc":"#00ffff","fc":"#00ffff"},"geometry":{"type":"MultiLineString","coordinates":[[[3794.9,2261.6],[3792,2261.6],[3796.3,2261.6],[3794.9,2261.6]],[[3792,2261.6],[3796.3,2261.6],[3791.5,2261.6],[3792,2261.6]]]}},{"type":"Feature","properties":{"id":"p:agua-salada:627","n":6,"sc":"#00ffff","fc":"#00ffff"},"geometry":{"type":"MultiLineString","coordinates":[[[3796.3,2261.6],[3791.5,2261.6],[3797.3,2262.1],[3796.3,2261.6]],[[3791.5,2261.6],[3797.3,2262.1],[3790.1,2262.1],[3791.5,2261.6]]]}},{"type":"Feature","properties":{"id":"p:agua-salada:628","n":6,"sc":"#00ffff","fc":"#00ffff"},"geometry":{"type":"MultiLineString","coordinates":[[[3797.3,2262.1],[3790.1,2262.1],[3798.2,2262.6],[3797.3,2262.1]],[[3790.1,2262.1],[3798.2,2262.6],[3789.1,2262.6],[3790.1,2262.1]]]}},{"type":"Feature","properties":{"id":"p:agua-salada:629","n":6,"sc":"#00ffff","fc":"#00ffff"},"geometry":{"type":"MultiLineString","coordinates":[[[3798.2,2262.6],[3789.1,2262.6],[3799.2,2263.0],[3798.2,2262.6]],[[3789.1,2262.6],[3799.2,2263.0],[3788.2,2263.0],[3789.1,2262.6]]]}},{"type":"Feature","properties":{"id":"p:agua-salada:630","n":6,"sc":"#00ffff","fc":"#00ffff"},"geometry":{"type":"MultiLineString","coordinates":[[[3799.2,2263.0],[3788.2,2263.0],[3800.2,2263.5],[3799.2,2263.0]],[[3788.2,2263.0],[3800.2,2263.5],[3787.7,2263.5],[3788.2,2263.0]]]}},{"type":"Feature","properties":{"id":"p:agua-salada:631","n":6,"sc":"#00ffff","fc":"#00ffff"},"geometry":{"type":"MultiLineString","coordinates":[[[3800.2,2263.5],[3787.7,2263.5],[3800.6,2264],[3800.2,2263.5]],[[3787.7,2263.5],[3800.6,2264],[3786.7,2264],[3787.7,2263.5]]]}},{"type":"Feature","properties":{"id":"p:agua-salada:632","n":6,"sc":"#00ffff","fc":"#00ffff"},"geometry":{"type":"MultiLineString","coordinates":[[[3800.6,2264],[3786.7,2264],[3801.6,2265.0],[3800.6,2264]],[[3786.7,2264],[3801.6,2265.0],[3785.8,2265.0],[3786.7,2264]]]}},{"type":"Feature","properties":{"id":"p:agua-salada:633","n":6,"sc":"#00ffff","fc":"#00ffff"},"geometry":{"type":"MultiLineString","coordinates":[[[3801.6,2265.0],[3785.8,2265.0],[3802.1,2265.4],[3801.6,2265.0]],[[3785.8,2265.0],[3802.1,2265.4],[3785.3,2265.4],[3785.8,2265.0]]]}},{"type":"Feature","properties":{"id":"p:agua-salada:634","n":6,"sc":"#00ffff","fc":"#00ffff"},"geometry":{"type":"MultiLineString","coordinates":[[[3802.1,2265.4],[3785.3,2265.4],[3803.0,2266.4],[3802.1,2265.4]],[[3785.3,2265.4],[3803.0,2266.4],[3784.8,2266.4],[3785.3,2265.4]]]}},{"type":"Feature","properties":{"id":"p:agua-salada:635","n":6,"sc":"#00ffff","fc":"#00ffff"},"geometry":{"type":"MultiLineString","coordinates":[[[3803.0,2266.4],[3784.8,2266.4],[3803.5,2267.4],[3803.0,2266.4]],[[3784.8,2266.4],[3803.5,2267.4],[3783.8,2267.4],[3784.8,2266.4]]]}},{"type":"Feature","properties":{"id":"p:agua-salada:636","n":6,"sc":"#00ffff","fc":"#00ffff"},"geometry":{"type":"MultiLineString","coordinates":[[[3803.5,2267.4],[3783.8,2267.4],[3804,2268.3],[3803.5,2267.4]],[[3783.8,2267.4],[3804,2268.3],[3783.8,2268.3],[3783.8,2267.4]]]}},{"type":"Feature","properties":{"id":"p:agua-salada:637","n":6,"sc":"#00ffff","fc":"#00ffff"},"geometry":{"type":"MultiLineString","coordinates":[[[3804,2268.3],[3783.8,2268.3],[3804,2269.3],[3804,2268.3]],[[3783.8,2268.3],[3804,2269.3],[3783.4,2269.3],[3783.8,2268.3]]]}},{"type":"Feature","properties":{"id":"p:agua-salada:638","n":6,"sc":"#00ffff","fc":"#00ffff"},"geometry":{"type":"MultiLineString","coordinates":[[[3804,2269.3],[3783.4,2269.3],[3804.5,2270.2],[3804,2269.3]],[[3783.4,2269.3],[3804.5,2270.2],[3782.9,2270.2],[3783.4,2269.3]]]}},{"type":"Feature","properties":{"id":"p:agua-salada:639","n":6,"sc":"#00ffff","fc":"#00ffff"},"geometry":{"type":"MultiLineString","coordinates":[[[3804.5,2270.2],[3782.9,2270.2],[3804.5,2271.2],[3804.5,2270.2]],[[3782.9,2270.2],[3804.5,2271.2],[3782.9,2271.2],[3782.9,2270.2]]]}},{"type":"Feature","properties":{"id":"p:agua-salada:640","n":6,"sc":"#00ffff","fc":"#00ffff"},"geometry":{"type":"MultiLineString","coordinates":[[[3804.5,2271.2],[3782.9,2271.2],[3804.5,2272.2],[3804.5,2271.2]],[[3782.9,2271.2],[3804.5,2272.2],[3782.9,2272.2],[3782.9,2271.2]]]}},{"type":"Feature","properties":{"id":"p:agua-salada:641","n":6,"sc":"#00ffff","fc":"#00ffff"},"geometry":{"type":"MultiLineString","coordinates":[[[3804.5,2272.2],[3782.9,2272.2],[3804.5,2273.1],[3804.5,2272.2]],[[3782.9,2272.2],[3804.5,2273.1],[3782.9,2273.1],[3782.9,2272.2]]]}},{"type":"Feature","properties":{"id":"p:agua-salada:642","n":6,"sc":"#00ffff","fc":"#00ffff"},"geometry":{"type":"MultiLineString","coordinates":[[[3804.5,2273.1],[3782.9,2273.1],[3804.5,2274.6],[3804.5,2273.1]],[[3782.9,2273.1],[3804.5,2274.6],[3782.9,2274.6],[3782.9,2273.1]]]}},{"type":"Feature","properties":{"id":"p:agua-salada:643","n":6,"sc":"#00ffff","fc":"#00ffff"},"geometry":{"type":"MultiLineString","coordinates":[[[3804.5,2274.6],[3782.9,2274.6],[3804,2275.5],[3804.5,2274.6]],[[3782.9,2274.6],[3804,2275.5],[3783.4,2275.5],[3782.9,2274.6]]]}},{"type":"Feature","properties":{"id":"p:agua-salada:644","n":6,"sc":"#00ffff","fc":"#00ffff"},"geometry":{"type":"MultiLineString","coordinates":[[[3804,2275.5],[3783.4,2275.5],[3804,2276.5],[3804,2275.5]],[[3783.4,2275.5],[3804,2276.5],[3783.8,2276.5],[3783.4,2275.5]]]}},{"type":"Feature","properties":{"id":"p:agua-salada:645","n":6,"sc":"#00ffff","fc":"#00ffff"},"geometry":{"type":"MultiLineString","coordinates":[[[3804,2276.5],[3783.8,2276.5],[3803.5,2277.4],[3804,2276.5]],[[3783.8,2276.5],[3803.5,2277.4],[3783.8,2277.4],[3783.8,2276.5]]]}},{"type":"Feature","properties":{"id":"p:agua-salada:646","n":6,"sc":"#00ffff","fc":"#00ffff"},"geometry":{"type":"MultiLineString","coordinates":[[[3803.5,2277.4],[3783.8,2277.4],[3803.0,2277.9],[3803.5,2277.4]],[[3783.8,2277.4],[3803.0,2277.9],[3784.8,2277.9],[3783.8,2277.4]]]}},{"type":"Feature","properties":{"id":"p:agua-salada:647","n":6,"sc":"#00ffff","fc":"#00ffff"},"geometry":{"type":"MultiLineString","coordinates":[[[3803.0,2277.9],[3784.8,2277.9],[3802.1,2278.9],[3803.0,2277.9]],[[3784.8,2277.9],[3802.1,2278.9],[3785.3,2278.9],[3784.8,2277.9]]]}},{"type":"Feature","properties":{"id":"p:agua-salada:648","n":6,"sc":"#00ffff","fc":"#00ffff"},"geometry":{"type":"MultiLineString","coordinates":[[[3802.1,2278.9],[3785.3,2278.9],[3801.6,2279.8],[3802.1,2278.9]],[[3785.3,2278.9],[3801.6,2279.8],[3785.8,2279.8],[3785.3,2278.9]]]}},{"type":"Feature","properties":{"id":"p:agua-salada:649","n":6,"sc":"#00ffff","fc":"#00ffff"},"geometry":{"type":"MultiLineString","coordinates":[[[3801.6,2279.8],[3785.8,2279.8],[3800.6,2280.3],[3801.6,2279.8]],[[3785.8,2279.8],[3800.6,2280.3],[3786.7,2280.3],[3785.8,2279.8]]]}},{"type":"Feature","properties":{"id":"p:agua-salada:650","n":6,"sc":"#00ffff","fc":"#00ffff"},"geometry":{"type":"MultiLineString","coordinates":[[[3800.6,2280.3],[3786.7,2280.3],[3800.2,2281.3],[3800.6,2280.3]],[[3786.7,2280.3],[3800.2,2281.3],[3787.7,2281.3],[3786.7,2280.3]]]}},{"type":"Feature","properties":{"id":"p:agua-salada:651","n":6,"sc":"#00ffff","fc":"#00ffff"},"geometry":{"type":"MultiLineString","coordinates":[[[3800.2,2281.3],[3787.7,2281.3],[3799.2,2281.8],[3800.2,2281.3]],[[3787.7,2281.3],[3799.2,2281.8],[3788.2,2281.8],[3787.7,2281.3]]]}},{"type":"Feature","properties":{"id":"p:agua-salada:652","n":6,"sc":"#00ffff","fc":"#00ffff"},"geometry":{"type":"MultiLineString","coordinates":[[[3799.2,2281.8],[3788.2,2281.8],[3798.2,2282.2],[3799.2,2281.8]],[[3788.2,2281.8],[3798.2,2282.2],[3789.1,2282.2],[3788.2,2281.8]]]}},{"type":"Feature","properties":{"id":"p:agua-salada:653","n":6,"sc":"#00ffff","fc":"#00ffff"},"geometry":{"type":"MultiLineString","coordinates":[[[3798.2,2282.2],[3789.1,2282.2],[3797.3,2282.7],[3798.2,2282.2]],[[3789.1,2282.2],[3797.3,2282.7],[3790.1,2282.7],[3789.1,2282.2]]]}},{"type":"Feature","properties":{"id":"p:agua-salada:654","n":6,"sc":"#00ffff","fc":"#00ffff"},"geometry":{"type":"MultiLineString","coordinates":[[[3797.3,2282.7],[3790.1,2282.7],[3796.3,2282.7],[3797.3,2282.7]],[[3790.1,2282.7],[3796.3,2282.7],[3791.5,2282.7],[3790.1,2282.7]]]}},{"type":"Feature","properties":{"id":"p:agua-salada:655","n":6,"sc":"#00ffff","fc":"#00ffff"},"geometry":{"type":"MultiLineString","coordinates":[[[3791.5,2282.7],[3792,2283.2],[3794.9,2283.2],[3791.5,2282.7]],[[3792,2283.2],[3794.9,2283.2],[3794.4,2283.2],[3792,2283.2]]]}},{"type":"Feature","properties":{"id":"p:agua-salada:656","n":3,"sc":"#00ffff","fc":"#00ffff"},"geometry":{"type":"LineString","coordinates":[[3791.5,2282.7],[3796.3,2282.7],[3794.9,2283.2],[3791.5,2282.7]]}},{"type":"Feature","properties":{"id":"p:agua-salada:657","n":16,"sc":"#00ffff"},"geometry":{"type":"LineString","coordinates":[[3804.5,2271.9],[3803.6,2267.7],[3801.3,2264.3],[3797.9,2262.0],[3793.7,2261.1],[3789.5,2262.0],[3786.0,2264.3],[3783.7,2267.7],[3782.9,2271.9],[3783.7,2276.1],[3786.0,2279.6],[3789.5,2281.9],[3793.7,2282.7],[3797.9,2281.9],[3801.3,2279.6],[3803.6,2276.1],[3804.5,2271.9]]}},{"type":"Feature","properties":{"id":"p:agua-salada:658","n":3,"sc":"#00ffff","fc":"#00ffff"},"geometry":{"type":"LineString","coordinates":[[1664.2,850.9],[1665.1,851.4],[1662.2,851.4],[1664.2,850.9]]}},{"type":"Feature","properties":{"id":"p:agua-salada:659","n":6,"sc":"#00ffff","fc":"#00ffff"},"geometry":{"type":"MultiLineString","coordinates":[[[1665.1,851.4],[1662.2,851.4],[1666.6,851.4],[1665.1,851.4]],[[1662.2,851.4],[1666.6,851.4],[1661.3,851.4],[1662.2,851.4]]]}},{"type":"Feature","properties":{"id":"p:agua-salada:660","n":6,"sc":"#00ffff","fc":"#00ffff"},"geometry":{"type":"MultiLineString","coordinates":[[[1666.6,851.4],[1661.3,851.4],[1667.0,851.8],[1666.6,851.4]],[[1661.3,851.4],[1667.0,851.8],[1660.3,851.8],[1661.3,851.4]]]}},{"type":"Feature","properties":{"id":"p:agua-salada:661","n":6,"sc":"#00ffff","fc":"#00ffff"},"geometry":{"type":"MultiLineString","coordinates":[[[1667.0,851.8],[1660.3,851.8],[1668.5,851.8],[1667.0,851.8]],[[1660.3,851.8],[1668.5,851.8],[1659.4,851.8],[1660.3,851.8]]]}},{"type":"Feature","properties":{"id":"p:agua-salada:662","n":6,"sc":"#00ffff","fc":"#00ffff"},"geometry":{"type":"MultiLineString","coordinates":[[[1668.5,851.8],[1659.4,851.8],[1669.0,852.3],[1668.5,851.8]],[[1659.4,851.8],[1669.0,852.3],[1658.4,852.3],[1659.4,851.8]]]}},{"type":"Feature","properties":{"id":"p:agua-salada:663","n":6,"sc":"#00ffff","fc":"#00ffff"},"geometry":{"type":"MultiLineString","coordinates":[[[1669.0,852.3],[1658.4,852.3],[1669.9,853.3],[1669.0,852.3]],[[1658.4,852.3],[1669.9,853.3],[1657.4,853.3],[1658.4,852.3]]]}},{"type":"Feature","properties":{"id":"p:agua-salada:664","n":6,"sc":"#00ffff","fc":"#00ffff"},"geometry":{"type":"MultiLineString","coordinates":[[[1669.9,853.3],[1657.4,853.3],[1670.9,853.8],[1669.9,853.3]],[[1657.4,853.3],[1670.9,853.8],[1656.5,853.8],[1657.4,853.3]]]}},{"type":"Feature","properties":{"id":"p:agua-salada:665","n":6,"sc":"#00ffff","fc":"#00ffff"},"geometry":{"type":"MultiLineString","coordinates":[[[1670.9,853.8],[1656.5,853.8],[1671.8,854.2],[1670.9,853.8]],[[1656.5,853.8],[1671.8,854.2],[1656,854.2],[1656.5,853.8]]]}},{"type":"Feature","properties":{"id":"p:agua-salada:666","n":6,"sc":"#00ffff","fc":"#00ffff"},"geometry":{"type":"MultiLineString","coordinates":[[[1671.8,854.2],[1656,854.2],[1672.3,855.2],[1671.8,854.2]],[[1656,854.2],[1672.3,855.2],[1655.5,855.2],[1656,854.2]]]}},{"type":"Feature","properties":{"id":"p:agua-salada:667","n":6,"sc":"#00ffff","fc":"#00ffff"},"geometry":{"type":"MultiLineString","coordinates":[[[1672.3,855.2],[1655.5,855.2],[1672.8,856.2],[1672.3,855.2]],[[1655.5,855.2],[1672.8,856.2],[1654.6,856.2],[1655.5,855.2]]]}},{"type":"Feature","properties":{"id":"p:agua-salada:668","n":6,"sc":"#00ffff","fc":"#00ffff"},"geometry":{"type":"MultiLineString","coordinates":[[[1672.8,856.2],[1654.6,856.2],[1673.3,857.1],[1672.8,856.2]],[[1654.6,856.2],[1673.3,857.1],[1654.1,857.1],[1654.6,856.2]]]}},{"type":"Feature","properties":{"id":"p:agua-salada:669","n":6,"sc":"#00ffff","fc":"#00ffff"},"geometry":{"type":"MultiLineString","coordinates":[[[1673.3,857.1],[1654.1,857.1],[1673.8,858.1],[1673.3,857.1]],[[1654.1,857.1],[1673.8,858.1],[1653.6,858.1],[1654.1,857.1]]]}},{"type":"Feature","properties":{"id":"p:agua-salada:670","n":6,"sc":"#00ffff","fc":"#00ffff"},"geometry":{"type":"MultiLineString","coordinates":[[[1673.8,858.1],[1653.6,858.1],[1674.2,859.0],[1673.8,858.1]],[[1653.6,858.1],[1674.2,859.0],[1653.6,859.0],[1653.6,858.1]]]}},{"type":"Feature","properties":{"id":"p:agua-salada:671","n":6,"sc":"#00ffff","fc":"#00ffff"},"geometry":{"type":"MultiLineString","coordinates":[[[1674.2,859.0],[1653.6,859.0],[1674.7,860],[1674.2,859.0]],[[1653.6,859.0],[1674.7,860],[1653.1,860],[1653.6,859.0]]]}},{"type":"Feature","properties":{"id":"p:agua-salada:672","n":6,"sc":"#00ffff","fc":"#00ffff"},"geometry":{"type":"MultiLineString","coordinates":[[[1674.7,860],[1653.1,860],[1674.7,861.0],[1674.7,860]],[[1653.1,860],[1674.7,861.0],[1653.1,861.0],[1653.1,860]]]}},{"type":"Feature","properties":{"id":"p:agua-salada:673","n":6,"sc":"#00ffff","fc":"#00ffff"},"geometry":{"type":"MultiLineString","coordinates":[[[1674.7,861.0],[1653.1,861.0],[1674.7,861.9],[1674.7,861.0]],[[1653.1,861.0],[1674.7,861.9],[1653.1,861.9],[1653.1,861.0]]]}},{"type":"Feature","properties":{"id":"p:agua-salada:674","n":6,"sc":"#00ffff","fc":"#00ffff"},"geometry":{"type":"MultiLineString","coordinates":[[[1674.7,861.9],[1653.1,861.9],[1674.7,862.9],[1674.7,861.9]],[[1653.1,861.9],[1674.7,862.9],[1653.1,862.9],[1653.1,861.9]]]}},{"type":"Feature","properties":{"id":"p:agua-salada:675","n":6,"sc":"#00ffff","fc":"#00ffff"},"geometry":{"type":"MultiLineString","coordinates":[[[1674.7,862.9],[1653.1,862.9],[1674.7,863.8],[1674.7,862.9]],[[1653.1,862.9],[1674.7,863.8],[1653.1,863.8],[1653.1,862.9]]]}},{"type":"Feature","properties":{"id":"p:agua-salada:676","n":6,"sc":"#00ffff","fc":"#00ffff"},"geometry":{"type":"MultiLineString","coordinates":[[[1674.7,863.8],[1653.1,863.8],[1674.2,864.8],[1674.7,863.8]],[[1653.1,863.8],[1674.2,864.8],[1653.6,864.8],[1653.1,863.8]]]}},{"type":"Feature","properties":{"id":"p:agua-salada:677","n":6,"sc":"#00ffff","fc":"#00ffff"},"geometry":{"type":"MultiLineString","coordinates":[[[1674.2,864.8],[1653.6,864.8],[1673.8,865.8],[1674.2,864.8]],[[1653.6,864.8],[1673.8,865.8],[1653.6,865.8],[1653.6,864.8]]]}},{"type":"Feature","properties":{"id":"p:agua-salada:678","n":6,"sc":"#00ffff","fc":"#00ffff"},"geometry":{"type":"MultiLineString","coordinates":[[[1673.8,865.8],[1653.6,865.8],[1673.3,866.7],[1673.8,865.8]],[[1653.6,865.8],[1673.3,866.7],[1654.1,866.7],[1653.6,865.8]]]}},{"type":"Feature","properties":{"id":"p:agua-salada:679","n":6,"sc":"#00ffff","fc":"#00ffff"},"geometry":{"type":"MultiLineString","coordinates":[[[1673.3,866.7],[1654.1,866.7],[1672.8,867.7],[1673.3,866.7]],[[1654.1,866.7],[1672.8,867.7],[1654.6,867.7],[1654.1,866.7]]]}},{"type":"Feature","properties":{"id":"p:agua-salada:680","n":6,"sc":"#00ffff","fc":"#00ffff"},"geometry":{"type":"MultiLineString","coordinates":[[[1672.8,867.7],[1654.6,867.7],[1672.3,868.6],[1672.8,867.7]],[[1654.6,867.7],[1672.3,868.6],[1655.5,868.6],[1654.6,867.7]]]}},{"type":"Feature","properties":{"id":"p:agua-salada:681","n":6,"sc":"#00ffff","fc":"#00ffff"},"geometry":{"type":"MultiLineString","coordinates":[[[1672.3,868.6],[1655.5,868.6],[1671.8,869.6],[1672.3,868.6]],[[1655.5,868.6],[1671.8,869.6],[1656,869.6],[1655.5,868.6]]]}},{"type":"Feature","properties":{"id":"p:agua-salada:682","n":6,"sc":"#00ffff","fc":"#00ffff"},"geometry":{"type":"MultiLineString","coordinates":[[[1671.8,869.6],[1656,869.6],[1670.9,870.1],[1671.8,869.6]],[[1656,869.6],[1670.9,870.1],[1656.5,870.1],[1656,869.6]]]}},{"type":"Feature","properties":{"id":"p:agua-salada:683","n":6,"sc":"#00ffff","fc":"#00ffff"},"geometry":{"type":"MultiLineString","coordinates":[[[1670.9,870.1],[1656.5,870.1],[1669.9,870.6],[1670.9,870.1]],[[1656.5,870.1],[1669.9,870.6],[1657.4,870.6],[1656.5,870.1]]]}},{"type":"Feature","properties":{"id":"p:agua-salada:684","n":6,"sc":"#00ffff","fc":"#00ffff"},"geometry":{"type":"MultiLineString","coordinates":[[[1669.9,870.6],[1657.4,870.6],[1669.0,871.5],[1669.9,870.6]],[[1657.4,870.6],[1669.0,871.5],[1658.4,871.5],[1657.4,870.6]]]}},{"type":"Feature","properties":{"id":"p:agua-salada:685","n":6,"sc":"#00ffff","fc":"#00ffff"},"geometry":{"type":"MultiLineString","coordinates":[[[1669.0,871.5],[1658.4,871.5],[1668.5,872],[1669.0,871.5]],[[1658.4,871.5],[1668.5,872],[1659.4,872],[1658.4,871.5]]]}},{"type":"Feature","properties":{"id":"p:agua-salada:686","n":6,"sc":"#00ffff","fc":"#00ffff"},"geometry":{"type":"MultiLineString","coordinates":[[[1668.5,872],[1659.4,872],[1667.0,872],[1668.5,872]],[[1659.4,872],[1667.0,872],[1660.3,872],[1659.4,872]]]}},{"type":"Feature","properties":{"id":"p:agua-salada:687","n":6,"sc":"#00ffff","fc":"#00ffff"},"geometry":{"type":"MultiLineString","coordinates":[[[1667.0,872],[1660.3,872],[1666.6,872.5],[1667.0,872]],[[1660.3,872],[1666.6,872.5],[1661.3,872.5],[1660.3,872]]]}},{"type":"Feature","properties":{"id":"p:agua-salada:688","n":6,"sc":"#00ffff","fc":"#00ffff"},"geometry":{"type":"MultiLineString","coordinates":[[[1661.3,872.5],[1662.2,872.5],[1665.1,872.5],[1661.3,872.5]],[[1662.2,872.5],[1665.1,872.5],[1664.2,873.0],[1662.2,872.5]]]}},{"type":"Feature","properties":{"id":"p:agua-salada:689","n":3,"sc":"#00ffff","fc":"#00ffff"},"geometry":{"type":"LineString","coordinates":[[1661.3,872.5],[1666.6,872.5],[1665.1,872.5],[1661.3,872.5]]}},{"type":"Feature","properties":{"id":"p:agua-salada:690","n":16,"sc":"#00ffff"},"geometry":{"type":"LineString","coordinates":[[1674.2,861.7],[1673.4,857.5],[1671.1,854.0],[1667.6,851.7],[1663.4,850.9],[1659.2,851.7],[1655.8,854.0],[1653.5,857.5],[1652.6,861.7],[1653.5,865.9],[1655.8,869.3],[1659.2,871.6],[1663.4,872.5],[1667.6,871.6],[1671.1,869.3],[1673.4,865.9],[1674.2,861.7]]}},{"type":"Feature","properties":{"id":"p:agua-salada:691","n":3,"sc":"#00ffff","fc":"#00ffff"},"geometry":{"type":"LineString","coordinates":[[2317.0,2686.4],[2317.4,2686.4],[2315.0,2686.4],[2317.0,2686.4]]}},{"type":"Feature","properties":{"id":"p:agua-salada:692","n":6,"sc":"#00ffff","fc":"#00ffff"},"geometry":{"type":"MultiLineString","coordinates":[[[2317.4,2686.4],[2315.0,2686.4],[2318.9,2686.9],[2317.4,2686.4]],[[2315.0,2686.4],[2318.9,2686.9],[2314.1,2686.9],[2315.0,2686.4]]]}},{"type":"Feature","properties":{"id":"p:agua-salada:693","n":6,"sc":"#00ffff","fc":"#00ffff"},"geometry":{"type":"MultiLineString","coordinates":[[[2318.9,2686.9],[2314.1,2686.9],[2319.8,2686.9],[2318.9,2686.9]],[[2314.1,2686.9],[2319.8,2686.9],[2312.6,2686.9],[2314.1,2686.9]]]}},{"type":"Feature","properties":{"id":"p:agua-salada:694","n":6,"sc":"#00ffff","fc":"#00ffff"},"geometry":{"type":"MultiLineString","coordinates":[[[2319.8,2686.9],[2312.6,2686.9],[2320.8,2687.4],[2319.8,2686.9]],[[2312.6,2686.9],[2320.8,2687.4],[2312.2,2687.4],[2312.6,2686.9]]]}},{"type":"Feature","properties":{"id":"p:agua-salada:695","n":6,"sc":"#00ffff","fc":"#00ffff"},"geometry":{"type":"MultiLineString","coordinates":[[[2320.8,2687.4],[2312.2,2687.4],[2321.8,2687.8],[2320.8,2687.4]],[[2312.2,2687.4],[2321.8,2687.8],[2311.2,2687.8],[2312.2,2687.4]]]}},{"type":"Feature","properties":{"id":"p:agua-salada:696","n":6,"sc":"#00ffff","fc":"#00ffff"},"geometry":{"type":"MultiLineString","coordinates":[[[2321.8,2687.8],[2311.2,2687.8],[2322.7,2688.3],[2321.8,2687.8]],[[2311.2,2687.8],[2322.7,2688.3],[2310.2,2688.3],[2311.2,2687.8]]]}},{"type":"Feature","properties":{"id":"p:agua-salada:697","n":6,"sc":"#00ffff","fc":"#00ffff"},"geometry":{"type":"MultiLineString","coordinates":[[[2322.7,2688.3],[2310.2,2688.3],[2323.7,2689.3],[2322.7,2688.3]],[[2310.2,2688.3],[2323.7,2689.3],[2309.3,2689.3],[2310.2,2688.3]]]}},{"type":"Feature","properties":{"id":"p:agua-salada:698","n":6,"sc":"#00ffff","fc":"#00ffff"},"geometry":{"type":"MultiLineString","coordinates":[[[2323.7,2689.3],[2309.3,2689.3],[2324.2,2689.8],[2323.7,2689.3]],[[2309.3,2689.3],[2324.2,2689.8],[2308.8,2689.8],[2309.3,2689.3]]]}},{"type":"Feature","properties":{"id":"p:agua-salada:699","n":6,"sc":"#00ffff","fc":"#00ffff"},"geometry":{"type":"MultiLineString","coordinates":[[[2324.2,2689.8],[2308.8,2689.8],[2325.1,2690.7],[2324.2,2689.8]],[[2308.8,2689.8],[2325.1,2690.7],[2307.8,2690.7],[2308.8,2689.8]]]}},{"type":"Feature","properties":{"id":"p:agua-salada:700","n":6,"sc":"#00ffff","fc":"#00ffff"},"geometry":{"type":"MultiLineString","coordinates":[[[2325.1,2690.7],[2307.8,2690.7],[2325.6,2691.2],[2325.1,2690.7]],[[2307.8,2690.7],[2325.6,2691.2],[2307.4,2691.2],[2307.8,2690.7]]]}},{"type":"Feature","properties":{"id":"p:agua-salada:701","n":6,"sc":"#00ffff","fc":"#00ffff"},"geometry":{"type":"MultiLineString","coordinates":[[[2325.6,2691.2],[2307.4,2691.2],[2326.1,2692.2],[2325.6,2691.2]],[[2307.4,2691.2],[2326.1,2692.2],[2306.9,2692.2],[2307.4,2691.2]]]}},{"type":"Feature","properties":{"id":"p:agua-salada:702","n":6,"sc":"#00ffff","fc":"#00ffff"},"geometry":{"type":"MultiLineString","coordinates":[[[2326.1,2692.2],[2306.9,2692.2],[2326.6,2693.1],[2326.1,2692.2]],[[2306.9,2692.2],[2326.6,2693.1],[2306.4,2693.1],[2306.9,2692.2]]]}},{"type":"Feature","properties":{"id":"p:agua-salada:703","n":6,"sc":"#00ffff","fc":"#00ffff"},"geometry":{"type":"MultiLineString","coordinates":[[[2326.6,2693.1],[2306.4,2693.1],[2327.0,2694.1],[2326.6,2693.1]],[[2306.4,2693.1],[2327.0,2694.1],[2305.9,2694.1],[2306.4,2693.1]]]}},{"type":"Feature","properties":{"id":"p:agua-salada:704","n":6,"sc":"#00ffff","fc":"#00ffff"},"geometry":{"type":"MultiLineString","coordinates":[[[2327.0,2694.1],[2305.9,2694.1],[2327.0,2695.0],[2327.0,2694.1]],[[2305.9,2694.1],[2327.0,2695.0],[2305.9,2695.0],[2305.9,2694.1]]]}},{"type":"Feature","properties":{"id":"p:agua-salada:705","n":6,"sc":"#00ffff","fc":"#00ffff"},"geometry":{"type":"MultiLineString","coordinates":[[[2327.0,2695.0],[2305.9,2695.0],[2327.0,2696.5],[2327.0,2695.0]],[[2305.9,2695.0],[2327.0,2696.5],[2305.4,2696.5],[2305.9,2695.0]]]}},{"type":"Feature","properties":{"id":"p:agua-salada:706","n":6,"sc":"#00ffff","fc":"#00ffff"},"geometry":{"type":"MultiLineString","coordinates":[[[2327.0,2696.5],[2305.4,2696.5],[2327.5,2697.4],[2327.0,2696.5]],[[2305.4,2696.5],[2327.5,2697.4],[2305.4,2697.4],[2305.4,2696.5]]]}},{"type":"Feature","properties":{"id":"p:agua-salada:707","n":6,"sc":"#00ffff","fc":"#00ffff"},"geometry":{"type":"MultiLineString","coordinates":[[[2327.5,2697.4],[2305.4,2697.4],[2327.0,2698.4],[2327.5,2697.4]],[[2305.4,2697.4],[2327.0,2698.4],[2305.4,2698.4],[2305.4,2697.4]]]}},{"type":"Feature","properties":{"id":"p:agua-salada:708","n":6,"sc":"#00ffff","fc":"#00ffff"},"geometry":{"type":"MultiLineString","coordinates":[[[2327.0,2698.4],[2305.4,2698.4],[2327.0,2699.4],[2327.0,2698.4]],[[2305.4,2698.4],[2327.0,2699.4],[2305.9,2699.4],[2305.4,2698.4]]]}},{"type":"Feature","properties":{"id":"p:agua-salada:709","n":6,"sc":"#00ffff","fc":"#00ffff"},"geometry":{"type":"MultiLineString","coordinates":[[[2327.0,2699.4],[2305.9,2699.4],[2327.0,2700.3],[2327.0,2699.4]],[[2305.9,2699.4],[2327.0,2700.3],[2305.9,2700.3],[2305.9,2699.4]]]}},{"type":"Feature","properties":{"id":"p:agua-salada:710","n":6,"sc":"#00ffff","fc":"#00ffff"},"geometry":{"type":"MultiLineString","coordinates":[[[2327.0,2700.3],[2305.9,2700.3],[2326.6,2701.3],[2327.0,2700.3]],[[2305.9,2700.3],[2326.6,2701.3],[2306.4,2701.3],[2305.9,2700.3]]]}},{"type":"Feature","properties":{"id":"p:agua-salada:711","n":6,"sc":"#00ffff","fc":"#00ffff"},"geometry":{"type":"MultiLineString","coordinates":[[[2326.6,2701.3],[2306.4,2701.3],[2326.1,2702.2],[2326.6,2701.3]],[[2306.4,2701.3],[2326.1,2702.2],[2306.9,2702.2],[2306.4,2701.3]]]}},{"type":"Feature","properties":{"id":"p:agua-salada:712","n":6,"sc":"#00ffff","fc":"#00ffff"},"geometry":{"type":"MultiLineString","coordinates":[[[2326.1,2702.2],[2306.9,2702.2],[2325.6,2703.2],[2326.1,2702.2]],[[2306.9,2702.2],[2325.6,2703.2],[2307.4,2703.2],[2306.9,2702.2]]]}},{"type":"Feature","properties":{"id":"p:agua-salada:713","n":6,"sc":"#00ffff","fc":"#00ffff"},"geometry":{"type":"MultiLineString","coordinates":[[[2325.6,2703.2],[2307.4,2703.2],[2325.1,2704.2],[2325.6,2703.2]],[[2307.4,2703.2],[2325.1,2704.2],[2307.8,2704.2],[2307.4,2703.2]]]}},{"type":"Feature","properties":{"id":"p:agua-salada:714","n":6,"sc":"#00ffff","fc":"#00ffff"},"geometry":{"type":"MultiLineString","coordinates":[[[2325.1,2704.2],[2307.8,2704.2],[2324.2,2704.6],[2325.1,2704.2]],[[2307.8,2704.2],[2324.2,2704.6],[2308.8,2704.6],[2307.8,2704.2]]]}},{"type":"Feature","properties":{"id":"p:agua-salada:715","n":6,"sc":"#00ffff","fc":"#00ffff"},"geometry":{"type":"MultiLineString","coordinates":[[[2324.2,2704.6],[2308.8,2704.6],[2323.7,2705.6],[2324.2,2704.6]],[[2308.8,2704.6],[2323.7,2705.6],[2309.3,2705.6],[2308.8,2704.6]]]}},{"type":"Feature","properties":{"id":"p:agua-salada:716","n":6,"sc":"#00ffff","fc":"#00ffff"},"geometry":{"type":"MultiLineString","coordinates":[[[2323.7,2705.6],[2309.3,2705.6],[2322.7,2706.1],[2323.7,2705.6]],[[2309.3,2705.6],[2322.7,2706.1],[2310.2,2706.1],[2309.3,2705.6]]]}},{"type":"Feature","properties":{"id":"p:agua-salada:717","n":6,"sc":"#00ffff","fc":"#00ffff"},"geometry":{"type":"MultiLineString","coordinates":[[[2322.7,2706.1],[2310.2,2706.1],[2321.8,2706.6],[2322.7,2706.1]],[[2310.2,2706.1],[2321.8,2706.6],[2311.2,2706.6],[2310.2,2706.1]]]}},{"type":"Feature","properties":{"id":"p:agua-salada:718","n":6,"sc":"#00ffff","fc":"#00ffff"},"geometry":{"type":"MultiLineString","coordinates":[[[2321.8,2706.6],[2311.2,2706.6],[2320.8,2707.0],[2321.8,2706.6]],[[2311.2,2706.6],[2320.8,2707.0],[2312.2,2707.0],[2311.2,2706.6]]]}},{"type":"Feature","properties":{"id":"p:agua-salada:719","n":6,"sc":"#00ffff","fc":"#00ffff"},"geometry":{"type":"MultiLineString","coordinates":[[[2320.8,2707.0],[2312.2,2707.0],[2319.8,2707.5],[2320.8,2707.0]],[[2312.2,2707.0],[2319.8,2707.5],[2312.6,2707.5],[2312.2,2707.0]]]}},{"type":"Feature","properties":{"id":"p:agua-salada:720","n":6,"sc":"#00ffff","fc":"#00ffff"},"geometry":{"type":"MultiLineString","coordinates":[[[2319.8,2707.5],[2312.6,2707.5],[2318.9,2708],[2319.8,2707.5]],[[2312.6,2707.5],[2318.9,2708],[2314.1,2708],[2312.6,2707.5]]]}},{"type":"Feature","properties":{"id":"p:agua-salada:721","n":6,"sc":"#00ffff","fc":"#00ffff"},"geometry":{"type":"MultiLineString","coordinates":[[[2314.1,2708],[2315.0,2708],[2317.4,2708],[2314.1,2708]],[[2315.0,2708],[2317.4,2708],[2317.0,2708],[2315.0,2708]]]}},{"type":"Feature","properties":{"id":"p:agua-salada:722","n":3,"sc":"#00ffff","fc":"#00ffff"},"geometry":{"type":"LineString","coordinates":[[2314.1,2708],[2318.9,2708],[2317.4,2708],[2314.1,2708]]}},{"type":"Feature","properties":{"id":"p:agua-salada:723","n":16,"sc":"#00ffff"},"geometry":{"type":"LineString","coordinates":[[2327.0,2697.2],[2326.2,2693.0],[2323.9,2689.6],[2320.4,2687.2],[2316.2,2686.4],[2312.0,2687.2],[2308.6,2689.6],[2306.3,2693.0],[2305.4,2697.2],[2306.3,2701.4],[2308.6,2704.8],[2312.0,2707.2],[2316.2,2708],[2320.4,2707.2],[2323.9,2704.8],[2326.2,2701.4],[2327.0,2697.2]]}},{"type":"Feature","properties":{"id":"p:agua-salada:724","n":3,"sc":"#00ffff","fc":"#00ffff"},"geometry":{"type":"LineString","coordinates":[[2840.6,576.3],[2841.1,576.3],[2838.2,576.3],[2840.6,576.3]]}},{"type":"Feature","properties":{"id":"p:agua-salada:725","n":6,"sc":"#00ffff","fc":"#00ffff"},"geometry":{"type":"MultiLineString","coordinates":[[[2841.1,576.3],[2838.2,576.3],[2842.6,576.8],[2841.1,576.3]],[[2838.2,576.3],[2842.6,576.8],[2837.8,576.8],[2838.2,576.3]]]}},{"type":"Feature","properties":{"id":"p:agua-salada:726","n":6,"sc":"#00ffff","fc":"#00ffff"},"geometry":{"type":"MultiLineString","coordinates":[[[2842.6,576.8],[2837.8,576.8],[2843.5,576.8],[2842.6,576.8]],[[2837.8,576.8],[2843.5,576.8],[2836.3,576.8],[2837.8,576.8]]]}},{"type":"Feature","properties":{"id":"p:agua-salada:727","n":6,"sc":"#00ffff","fc":"#00ffff"},"geometry":{"type":"MultiLineString","coordinates":[[[2843.5,576.8],[2836.3,576.8],[2844.5,577.3],[2843.5,576.8]],[[2836.3,576.8],[2844.5,577.3],[2835.4,577.3],[2836.3,576.8]]]}},{"type":"Feature","properties":{"id":"p:agua-salada:728","n":6,"sc":"#00ffff","fc":"#00ffff"},"geometry":{"type":"MultiLineString","coordinates":[[[2844.5,577.3],[2835.4,577.3],[2845.4,577.8],[2844.5,577.3]],[[2835.4,577.3],[2845.4,577.8],[2834.4,577.8],[2835.4,577.3]]]}},{"type":"Feature","properties":{"id":"p:agua-salada:729","n":6,"sc":"#00ffff","fc":"#00ffff"},"geometry":{"type":"MultiLineString","coordinates":[[[2845.4,577.8],[2834.4,577.8],[2846.4,578.2],[2845.4,577.8]],[[2834.4,577.8],[2846.4,578.2],[2833.9,578.2],[2834.4,577.8]]]}},{"type":"Feature","properties":{"id":"p:agua-salada:730","n":6,"sc":"#00ffff","fc":"#00ffff"},"geometry":{"type":"MultiLineString","coordinates":[[[2846.4,578.2],[2833.9,578.2],[2846.9,579.2],[2846.4,578.2]],[[2833.9,578.2],[2846.9,579.2],[2833.0,579.2],[2833.9,578.2]]]}},{"type":"Feature","properties":{"id":"p:agua-salada:731","n":6,"sc":"#00ffff","fc":"#00ffff"},"geometry":{"type":"MultiLineString","coordinates":[[[2846.9,579.2],[2833.0,579.2],[2847.8,579.7],[2846.9,579.2]],[[2833.0,579.2],[2847.8,579.7],[2832,579.7],[2833.0,579.2]]]}},{"type":"Feature","properties":{"id":"p:agua-salada:732","n":6,"sc":"#00ffff","fc":"#00ffff"},"geometry":{"type":"MultiLineString","coordinates":[[[2847.8,579.7],[2832,579.7],[2848.3,580.6],[2847.8,579.7]],[[2832,579.7],[2848.3,580.6],[2831.5,580.6],[2832,579.7]]]}},{"type":"Feature","properties":{"id":"p:agua-salada:733","n":6,"sc":"#00ffff","fc":"#00ffff"},"geometry":{"type":"MultiLineString","coordinates":[[[2848.3,580.6],[2831.5,580.6],[2849.3,581.1],[2848.3,580.6]],[[2831.5,580.6],[2849.3,581.1],[2831.0,581.1],[2831.5,580.6]]]}},{"type":"Feature","properties":{"id":"p:agua-salada:734","n":6,"sc":"#00ffff","fc":"#00ffff"},"geometry":{"type":"MultiLineString","coordinates":[[[2849.3,581.1],[2831.0,581.1],[2849.8,582.1],[2849.3,581.1]],[[2831.0,581.1],[2849.8,582.1],[2830.1,582.1],[2831.0,581.1]]]}},{"type":"Feature","properties":{"id":"p:agua-salada:735","n":6,"sc":"#00ffff","fc":"#00ffff"},"geometry":{"type":"MultiLineString","coordinates":[[[2849.8,582.1],[2830.1,582.1],[2850.2,583.0],[2849.8,582.1]],[[2830.1,582.1],[2850.2,583.0],[2830.1,583.0],[2830.1,582.1]]]}},{"type":"Feature","properties":{"id":"p:agua-salada:736","n":6,"sc":"#00ffff","fc":"#00ffff"},"geometry":{"type":"MultiLineString","coordinates":[[[2850.2,583.0],[2830.1,583.0],[2850.2,584],[2850.2,583.0]],[[2830.1,583.0],[2850.2,584],[2829.6,584],[2830.1,583.0]]]}},{"type":"Feature","properties":{"id":"p:agua-salada:737","n":6,"sc":"#00ffff","fc":"#00ffff"},"geometry":{"type":"MultiLineString","coordinates":[[[2850.2,584],[2829.6,584],[2850.7,585.0],[2850.2,584]],[[2829.6,584],[2850.7,585.0],[2829.1,585.0],[2829.6,584]]]}},{"type":"Feature","properties":{"id":"p:agua-salada:738","n":6,"sc":"#00ffff","fc":"#00ffff"},"geometry":{"type":"MultiLineString","coordinates":[[[2850.7,585.0],[2829.1,585.0],[2850.7,586.4],[2850.7,585.0]],[[2829.1,585.0],[2850.7,586.4],[2829.1,586.4],[2829.1,585.0]]]}},{"type":"Feature","properties":{"id":"p:agua-salada:739","n":6,"sc":"#00ffff","fc":"#00ffff"},"geometry":{"type":"MultiLineString","coordinates":[[[2850.7,586.4],[2829.1,586.4],[2850.7,587.4],[2850.7,586.4]],[[2829.1,586.4],[2850.7,587.4],[2829.1,587.4],[2829.1,586.4]]]}},{"type":"Feature","properties":{"id":"p:agua-salada:740","n":6,"sc":"#00ffff","fc":"#00ffff"},"geometry":{"type":"MultiLineString","coordinates":[[[2850.7,587.4],[2829.1,587.4],[2850.7,588.3],[2850.7,587.4]],[[2829.1,587.4],[2850.7,588.3],[2829.1,588.3],[2829.1,587.4]]]}},{"type":"Feature","properties":{"id":"p:agua-salada:741","n":6,"sc":"#00ffff","fc":"#00ffff"},"geometry":{"type":"MultiLineString","coordinates":[[[2850.7,588.3],[2829.1,588.3],[2850.7,589.3],[2850.7,588.3]],[[2829.1,588.3],[2850.7,589.3],[2829.1,589.3],[2829.1,588.3]]]}},{"type":"Feature","properties":{"id":"p:agua-salada:742","n":6,"sc":"#00ffff","fc":"#00ffff"},"geometry":{"type":"MultiLineString","coordinates":[[[2850.7,589.3],[2829.1,589.3],[2850.2,590.2],[2850.7,589.3]],[[2829.1,589.3],[2850.2,590.2],[2829.6,590.2],[2829.1,589.3]]]}},{"type":"Feature","properties":{"id":"p:agua-salada:743","n":6,"sc":"#00ffff","fc":"#00ffff"},"geometry":{"type":"MultiLineString","coordinates":[[[2850.2,590.2],[2829.6,590.2],[2850.2,591.2],[2850.2,590.2]],[[2829.6,590.2],[2850.2,591.2],[2830.1,591.2],[2829.6,590.2]]]}},{"type":"Feature","properties":{"id":"p:agua-salada:744","n":6,"sc":"#00ffff","fc":"#00ffff"},"geometry":{"type":"MultiLineString","coordinates":[[[2850.2,591.2],[2830.1,591.2],[2849.8,592.2],[2850.2,591.2]],[[2830.1,591.2],[2849.8,592.2],[2830.1,592.2],[2830.1,591.2]]]}},{"type":"Feature","properties":{"id":"p:agua-salada:745","n":6,"sc":"#00ffff","fc":"#00ffff"},"geometry":{"type":"MultiLineString","coordinates":[[[2849.8,592.2],[2830.1,592.2],[2849.3,593.1],[2849.8,592.2]],[[2830.1,592.2],[2849.3,593.1],[2831.0,593.1],[2830.1,592.2]]]}},{"type":"Feature","properties":{"id":"p:agua-salada:746","n":6,"sc":"#00ffff","fc":"#00ffff"},"geometry":{"type":"MultiLineString","coordinates":[[[2849.3,593.1],[2831.0,593.1],[2848.3,594.1],[2849.3,593.1]],[[2831.0,593.1],[2848.3,594.1],[2831.5,594.1],[2831.0,593.1]]]}},{"type":"Feature","properties":{"id":"p:agua-salada:747","n":6,"sc":"#00ffff","fc":"#00ffff"},"geometry":{"type":"MultiLineString","coordinates":[[[2848.3,594.1],[2831.5,594.1],[2847.8,594.6],[2848.3,594.1]],[[2831.5,594.1],[2847.8,594.6],[2832,594.6],[2831.5,594.1]]]}},{"type":"Feature","properties":{"id":"p:agua-salada:748","n":6,"sc":"#00ffff","fc":"#00ffff"},"geometry":{"type":"MultiLineString","coordinates":[[[2847.8,594.6],[2832,594.6],[2846.9,595.5],[2847.8,594.6]],[[2832,594.6],[2846.9,595.5],[2833.0,595.5],[2832,594.6]]]}},{"type":"Feature","properties":{"id":"p:agua-salada:749","n":6,"sc":"#00ffff","fc":"#00ffff"},"geometry":{"type":"MultiLineString","coordinates":[[[2846.9,595.5],[2833.0,595.5],[2846.4,596],[2846.9,595.5]],[[2833.0,595.5],[2846.4,596],[2833.9,596],[2833.0,595.5]]]}},{"type":"Feature","properties":{"id":"p:agua-salada:750","n":6,"sc":"#00ffff","fc":"#00ffff"},"geometry":{"type":"MultiLineString","coordinates":[[[2846.4,596],[2833.9,596],[2845.4,596.5],[2846.4,596]],[[2833.9,596],[2845.4,596.5],[2834.4,596.5],[2833.9,596]]]}},{"type":"Feature","properties":{"id":"p:agua-salada:751","n":6,"sc":"#00ffff","fc":"#00ffff"},"geometry":{"type":"MultiLineString","coordinates":[[[2845.4,596.5],[2834.4,596.5],[2844.5,597.0],[2845.4,596.5]],[[2834.4,596.5],[2844.5,597.0],[2835.4,597.0],[2834.4,596.5]]]}},{"type":"Feature","properties":{"id":"p:agua-salada:752","n":6,"sc":"#00ffff","fc":"#00ffff"},"geometry":{"type":"MultiLineString","coordinates":[[[2844.5,597.0],[2835.4,597.0],[2843.5,597.4],[2844.5,597.0]],[[2835.4,597.0],[2843.5,597.4],[2836.3,597.4],[2835.4,597.0]]]}},{"type":"Feature","properties":{"id":"p:agua-salada:753","n":6,"sc":"#00ffff","fc":"#00ffff"},"geometry":{"type":"MultiLineString","coordinates":[[[2843.5,597.4],[2836.3,597.4],[2842.6,597.9],[2843.5,597.4]],[[2836.3,597.4],[2842.6,597.9],[2837.8,597.9],[2836.3,597.4]]]}},{"type":"Feature","properties":{"id":"p:agua-salada:754","n":6,"sc":"#00ffff","fc":"#00ffff"},"geometry":{"type":"MultiLineString","coordinates":[[[2837.8,597.9],[2838.2,597.9],[2841.1,597.9],[2837.8,597.9]],[[2838.2,597.9],[2841.1,597.9],[2840.6,597.9],[2838.2,597.9]]]}},{"type":"Feature","properties":{"id":"p:agua-salada:755","n":3,"sc":"#00ffff","fc":"#00ffff"},"geometry":{"type":"LineString","coordinates":[[2837.8,597.9],[2842.6,597.9],[2841.1,597.9],[2837.8,597.9]]}},{"type":"Feature","properties":{"id":"p:agua-salada:756","n":16,"sc":"#00ffff"},"geometry":{"type":"LineString","coordinates":[[2850.7,587.1],[2849.9,582.9],[2847.6,579.5],[2844.1,577.2],[2839.9,576.3],[2835.7,577.2],[2832.3,579.5],[2830.0,582.9],[2829.1,587.1],[2830.0,591.3],[2832.3,594.8],[2835.7,597.1],[2839.9,597.9],[2844.1,597.1],[2847.6,594.8],[2849.9,591.3],[2850.7,587.1]]}},{"type":"Feature","properties":{"id":"p:agua-salada:757","n":3,"sc":"#00ffff","fc":"#00ffff"},"geometry":{"type":"LineString","coordinates":[[2878.6,576.3],[2879.0,576.3],[2876.2,576.3],[2878.6,576.3]]}},{"type":"Feature","properties":{"id":"p:agua-salada:758","n":6,"sc":"#00ffff","fc":"#00ffff"},"geometry":{"type":"MultiLineString","coordinates":[[[2879.0,576.3],[2876.2,576.3],[2880.5,576.8],[2879.0,576.3]],[[2876.2,576.3],[2880.5,576.8],[2875.7,576.8],[2876.2,576.3]]]}},{"type":"Feature","properties":{"id":"p:agua-salada:759","n":6,"sc":"#00ffff","fc":"#00ffff"},"geometry":{"type":"MultiLineString","coordinates":[[[2880.5,576.8],[2875.7,576.8],[2881.4,576.8],[2880.5,576.8]],[[2875.7,576.8],[2881.4,576.8],[2874.2,576.8],[2875.7,576.8]]]}},{"type":"Feature","properties":{"id":"p:agua-salada:760","n":6,"sc":"#00ffff","fc":"#00ffff"},"geometry":{"type":"MultiLineString","coordinates":[[[2881.4,576.8],[2874.2,576.8],[2882.4,577.3],[2881.4,576.8]],[[2874.2,576.8],[2882.4,577.3],[2873.3,577.3],[2874.2,576.8]]]}},{"type":"Feature","properties":{"id":"p:agua-salada:761","n":6,"sc":"#00ffff","fc":"#00ffff"},"geometry":{"type":"MultiLineString","coordinates":[[[2882.4,577.3],[2873.3,577.3],[2883.4,577.8],[2882.4,577.3]],[[2873.3,577.3],[2883.4,577.8],[2872.3,577.8],[2873.3,577.3]]]}},{"type":"Feature","properties":{"id":"p:agua-salada:762","n":6,"sc":"#00ffff","fc":"#00ffff"},"geometry":{"type":"MultiLineString","coordinates":[[[2883.4,577.8],[2872.3,577.8],[2884.3,578.2],[2883.4,577.8]],[[2872.3,577.8],[2884.3,578.2],[2871.8,578.2],[2872.3,577.8]]]}},{"type":"Feature","properties":{"id":"p:agua-salada:763","n":6,"sc":"#00ffff","fc":"#00ffff"},"geometry":{"type":"MultiLineString","coordinates":[[[2884.3,578.2],[2871.8,578.2],[2884.8,579.2],[2884.3,578.2]],[[2871.8,578.2],[2884.8,579.2],[2870.9,579.2],[2871.8,578.2]]]}},{"type":"Feature","properties":{"id":"p:agua-salada:764","n":6,"sc":"#00ffff","fc":"#00ffff"},"geometry":{"type":"MultiLineString","coordinates":[[[2884.8,579.2],[2870.9,579.2],[2885.8,579.7],[2884.8,579.2]],[[2870.9,579.2],[2885.8,579.7],[2869.9,579.7],[2870.9,579.2]]]}},{"type":"Feature","properties":{"id":"p:agua-salada:765","n":6,"sc":"#00ffff","fc":"#00ffff"},"geometry":{"type":"MultiLineString","coordinates":[[[2885.8,579.7],[2869.9,579.7],[2886.2,580.6],[2885.8,579.7]],[[2869.9,579.7],[2886.2,580.6],[2869.4,580.6],[2869.9,579.7]]]}},{"type":"Feature","properties":{"id":"p:agua-salada:766","n":6,"sc":"#00ffff","fc":"#00ffff"},"geometry":{"type":"MultiLineString","coordinates":[[[2886.2,580.6],[2869.4,580.6],[2887.2,581.6],[2886.2,580.6]],[[2869.4,580.6],[2887.2,581.6],[2869.0,581.6],[2869.4,580.6]]]}},{"type":"Feature","properties":{"id":"p:agua-salada:767","n":6,"sc":"#00ffff","fc":"#00ffff"},"geometry":{"type":"MultiLineString","coordinates":[[[2887.2,581.6],[2869.0,581.6],[2887.7,582.1],[2887.2,581.6]],[[2869.0,581.6],[2887.7,582.1],[2868,582.1],[2869.0,581.6]]]}},{"type":"Feature","properties":{"id":"p:agua-salada:768","n":6,"sc":"#00ffff","fc":"#00ffff"},"geometry":{"type":"MultiLineString","coordinates":[[[2887.7,582.1],[2868,582.1],[2888.2,583.0],[2887.7,582.1]],[[2868,582.1],[2888.2,583.0],[2868,583.0],[2868,582.1]]]}},{"type":"Feature","properties":{"id":"p:agua-salada:769","n":6,"sc":"#00ffff","fc":"#00ffff"},"geometry":{"type":"MultiLineString","coordinates":[[[2888.2,583.0],[2868,583.0],[2888.2,584],[2888.2,583.0]],[[2868,583.0],[2888.2,584],[2867.5,584],[2868,583.0]]]}},{"type":"Feature","properties":{"id":"p:agua-salada:770","n":6,"sc":"#00ffff","fc":"#00ffff"},"geometry":{"type":"MultiLineString","coordinates":[[[2888.2,584],[2867.5,584],[2888.6,585.4],[2888.2,584]],[[2867.5,584],[2888.6,585.4],[2867.0,585.4],[2867.5,584]]]}},{"type":"Feature","properties":{"id":"p:agua-salada:771","n":6,"sc":"#00ffff","fc":"#00ffff"},"geometry":{"type":"MultiLineString","coordinates":[[[2888.6,585.4],[2867.0,585.4],[2888.6,586.4],[2888.6,585.4]],[[2867.0,585.4],[2888.6,586.4],[2867.0,586.4],[2867.0,585.4]]]}},{"type":"Feature","properties":{"id":"p:agua-salada:772","n":6,"sc":"#00ffff","fc":"#00ffff"},"geometry":{"type":"MultiLineString","coordinates":[[[2888.6,586.4],[2867.0,586.4],[2888.6,587.4],[2888.6,586.4]],[[2867.0,586.4],[2888.6,587.4],[2867.0,587.4],[2867.0,586.4]]]}},{"type":"Feature","properties":{"id":"p:agua-salada:773","n":6,"sc":"#00ffff","fc":"#00ffff"},"geometry":{"type":"MultiLineString","coordinates":[[[2888.6,587.4],[2867.0,587.4],[2888.6,588.3],[2888.6,587.4]],[[2867.0,587.4],[2888.6,588.3],[2867.0,588.3],[2867.0,587.4]]]}},{"type":"Feature","properties":{"id":"p:agua-salada:774","n":6,"sc":"#00ffff","fc":"#00ffff"},"geometry":{"type":"MultiLineString","coordinates":[[[2888.6,588.3],[2867.0,588.3],[2888.6,589.3],[2888.6,588.3]],[[2867.0,588.3],[2888.6,589.3],[2867.0,589.3],[2867.0,588.3]]]}},{"type":"Feature","properties":{"id":"p:agua-salada:775","n":6,"sc":"#00ffff","fc":"#00ffff"},"geometry":{"type":"MultiLineString","coordinates":[[[2888.6,589.3],[2867.0,589.3],[2888.2,590.2],[2888.6,589.3]],[[2867.0,589.3],[2888.2,590.2],[2867.5,590.2],[2867.0,589.3]]]}},{"type":"Feature","properties":{"id":"p:agua-salada:776","n":6,"sc":"#00ffff","fc":"#00ffff"},"geometry":{"type":"MultiLineString","coordinates":[[[2888.2,590.2],[2867.5,590.2],[2888.2,591.2],[2888.2,590.2]],[[2867.5,590.2],[2888.2,591.2],[2868,591.2],[2867.5,590.2]]]}},{"type":"Feature","properties":{"id":"p:agua-salada:777","n":6,"sc":"#00ffff","fc":"#00ffff"},"geometry":{"type":"MultiLineString","coordinates":[[[2888.2,591.2],[2868,591.2],[2887.7,592.2],[2888.2,591.2]],[[2868,591.2],[2887.7,592.2],[2868,592.2],[2868,591.2]]]}},{"type":"Feature","properties":{"id":"p:agua-salada:778","n":6,"sc":"#00ffff","fc":"#00ffff"},"geometry":{"type":"MultiLineString","coordinates":[[[2887.7,592.2],[2868,592.2],[2887.2,593.1],[2887.7,592.2]],[[2868,592.2],[2887.2,593.1],[2869.0,593.1],[2868,592.2]]]}},{"type":"Feature","properties":{"id":"p:agua-salada:779","n":6,"sc":"#00ffff","fc":"#00ffff"},"geometry":{"type":"MultiLineString","coordinates":[[[2887.2,593.1],[2869.0,593.1],[2886.2,594.1],[2887.2,593.1]],[[2869.0,593.1],[2886.2,594.1],[2869.4,594.1],[2869.0,593.1]]]}},{"type":"Feature","properties":{"id":"p:agua-salada:780","n":6,"sc":"#00ffff","fc":"#00ffff"},"geometry":{"type":"MultiLineString","coordinates":[[[2886.2,594.1],[2869.4,594.1],[2885.8,594.6],[2886.2,594.1]],[[2869.4,594.1],[2885.8,594.6],[2869.9,594.6],[2869.4,594.1]]]}},{"type":"Feature","properties":{"id":"p:agua-salada:781","n":6,"sc":"#00ffff","fc":"#00ffff"},"geometry":{"type":"MultiLineString","coordinates":[[[2885.8,594.6],[2869.9,594.6],[2884.8,595.5],[2885.8,594.6]],[[2869.9,594.6],[2884.8,595.5],[2870.9,595.5],[2869.9,594.6]]]}},{"type":"Feature","properties":{"id":"p:agua-salada:782","n":6,"sc":"#00ffff","fc":"#00ffff"},"geometry":{"type":"MultiLineString","coordinates":[[[2884.8,595.5],[2870.9,595.5],[2884.3,596],[2884.8,595.5]],[[2870.9,595.5],[2884.3,596],[2871.8,596],[2870.9,595.5]]]}},{"type":"Feature","properties":{"id":"p:agua-salada:783","n":6,"sc":"#00ffff","fc":"#00ffff"},"geometry":{"type":"MultiLineString","coordinates":[[[2884.3,596],[2871.8,596],[2883.4,596.5],[2884.3,596]],[[2871.8,596],[2883.4,596.5],[2872.3,596.5],[2871.8,596]]]}},{"type":"Feature","properties":{"id":"p:agua-salada:784","n":6,"sc":"#00ffff","fc":"#00ffff"},"geometry":{"type":"MultiLineString","coordinates":[[[2883.4,596.5],[2872.3,596.5],[2882.4,597.0],[2883.4,596.5]],[[2872.3,596.5],[2882.4,597.0],[2873.3,597.0],[2872.3,596.5]]]}},{"type":"Feature","properties":{"id":"p:agua-salada:785","n":6,"sc":"#00ffff","fc":"#00ffff"},"geometry":{"type":"MultiLineString","coordinates":[[[2882.4,597.0],[2873.3,597.0],[2881.4,597.4],[2882.4,597.0]],[[2873.3,597.0],[2881.4,597.4],[2874.2,597.4],[2873.3,597.0]]]}},{"type":"Feature","properties":{"id":"p:agua-salada:786","n":6,"sc":"#00ffff","fc":"#00ffff"},"geometry":{"type":"MultiLineString","coordinates":[[[2881.4,597.4],[2874.2,597.4],[2880.5,597.9],[2881.4,597.4]],[[2874.2,597.4],[2880.5,597.9],[2875.7,597.9],[2874.2,597.4]]]}},{"type":"Feature","properties":{"id":"p:agua-salada:787","n":6,"sc":"#00ffff","fc":"#00ffff"},"geometry":{"type":"MultiLineString","coordinates":[[[2875.7,597.9],[2876.2,597.9],[2879.0,597.9],[2875.7,597.9]],[[2876.2,597.9],[2879.0,597.9],[2878.6,597.9],[2876.2,597.9]]]}},{"type":"Feature","properties":{"id":"p:agua-salada:788","n":3,"sc":"#00ffff","fc":"#00ffff"},"geometry":{"type":"LineString","coordinates":[[2875.7,597.9],[2880.5,597.9],[2879.0,597.9],[2875.7,597.9]]}},{"type":"Feature","properties":{"id":"p:agua-salada:789","n":16,"sc":"#00ffff"},"geometry":{"type":"LineString","coordinates":[[2888.6,587.1],[2887.8,582.9],[2885.5,579.5],[2882.0,577.2],[2877.8,576.3],[2873.6,577.2],[2870.2,579.5],[2867.9,582.9],[2867.0,587.1],[2867.9,591.3],[2870.2,594.8],[2873.6,597.1],[2877.8,597.9],[2882.0,597.1],[2885.5,594.8],[2887.8,591.3],[2888.6,587.1]]}},{"type":"Feature","properties":{"id":"p:agua-salada:790","n":1,"sc":"#00ffff"},"geometry":{"type":"LineString","coordinates":[[2478.2,1063.0],[2478.2,679.5]]}},{"type":"Feature","properties":{"id":"p:agua-salada:791","n":3,"sc":"#00ffff","fc":"#00ffff"},"geometry":{"type":"LineString","coordinates":[[2478.7,1052],[2479.7,1052.5],[2476.8,1052.5],[2478.7,1052]]}},{"type":"Feature","properties":{"id":"p:agua-salada:792","n":6,"sc":"#00ffff","fc":"#00ffff"},"geometry":{"type":"MultiLineString","coordinates":[[[2479.7,1052.5],[2476.8,1052.5],[2480.6,1052.5],[2479.7,1052.5]],[[2476.8,1052.5],[2480.6,1052.5],[2475.8,1052.5],[2476.8,1052.5]]]}},{"type":"Feature","properties":{"id":"p:agua-salada:793","n":6,"sc":"#00ffff","fc":"#00ffff"},"geometry":{"type":"MultiLineString","coordinates":[[[2480.6,1052.5],[2475.8,1052.5],[2481.6,1053.0],[2480.6,1052.5]],[[2475.8,1052.5],[2481.6,1053.0],[2474.9,1053.0],[2475.8,1052.5]]]}},{"type":"Feature","properties":{"id":"p:agua-salada:794","n":6,"sc":"#00ffff","fc":"#00ffff"},"geometry":{"type":"MultiLineString","coordinates":[[[2481.6,1053.0],[2474.9,1053.0],[2483.0,1053.0],[2481.6,1053.0]],[[2474.9,1053.0],[2483.0,1053.0],[2473.9,1053.0],[2474.9,1053.0]]]}},{"type":"Feature","properties":{"id":"p:agua-salada:795","n":6,"sc":"#00ffff","fc":"#00ffff"},"geometry":{"type":"MultiLineString","coordinates":[[[2483.0,1053.0],[2473.9,1053.0],[2483.5,1053.4],[2483.0,1053.0]],[[2473.9,1053.0],[2483.5,1053.4],[2473.0,1053.4],[2473.9,1053.0]]]}},{"type":"Feature","properties":{"id":"p:agua-salada:796","n":6,"sc":"#00ffff","fc":"#00ffff"},"geometry":{"type":"MultiLineString","coordinates":[[[2483.5,1053.4],[2473.0,1053.4],[2484.5,1054.4],[2483.5,1053.4]],[[2473.0,1053.4],[2484.5,1054.4],[2472,1054.4],[2473.0,1053.4]]]}},{"type":"Feature","properties":{"id":"p:agua-salada:797","n":6,"sc":"#00ffff","fc":"#00ffff"},"geometry":{"type":"MultiLineString","coordinates":[[[2484.5,1054.4],[2472,1054.4],[2485.4,1054.9],[2484.5,1054.4]],[[2472,1054.4],[2485.4,1054.9],[2471.0,1054.9],[2472,1054.4]]]}},{"type":"Feature","properties":{"id":"p:agua-salada:798","n":6,"sc":"#00ffff","fc":"#00ffff"},"geometry":{"type":"MultiLineString","coordinates":[[[2485.4,1054.9],[2471.0,1054.9],[2486.4,1055.4],[2485.4,1054.9]],[[2471.0,1054.9],[2486.4,1055.4],[2470.6,1055.4],[2471.0,1054.9]]]}},{"type":"Feature","properties":{"id":"p:agua-salada:799","n":6,"sc":"#00ffff","fc":"#00ffff"},"geometry":{"type":"MultiLineString","coordinates":[[[2486.4,1055.4],[2470.6,1055.4],[2486.9,1056.3],[2486.4,1055.4]],[[2470.6,1055.4],[2486.9,1056.3],[2469.6,1056.3],[2470.6,1055.4]]]}},{"type":"Feature","properties":{"id":"p:agua-salada:800","n":6,"sc":"#00ffff","fc":"#00ffff"},"geometry":{"type":"MultiLineString","coordinates":[[[2486.9,1056.3],[2469.6,1056.3],[2487.4,1057.3],[2486.9,1056.3]],[[2469.6,1056.3],[2487.4,1057.3],[2469.1,1057.3],[2469.6,1056.3]]]}},{"type":"Feature","properties":{"id":"p:agua-salada:801","n":6,"sc":"#00ffff","fc":"#00ffff"},"geometry":{"type":"MultiLineString","coordinates":[[[2487.4,1057.3],[2469.1,1057.3],[2487.8,1058.2],[2487.4,1057.3]],[[2469.1,1057.3],[2487.8,1058.2],[2468.6,1058.2],[2469.1,1057.3]]]}},{"type":"Feature","properties":{"id":"p:agua-salada:802","n":6,"sc":"#00ffff","fc":"#00ffff"},"geometry":{"type":"MultiLineString","coordinates":[[[2487.8,1058.2],[2468.6,1058.2],[2488.3,1059.2],[2487.8,1058.2]],[[2468.6,1058.2],[2488.3,1059.2],[2468.2,1059.2],[2468.6,1058.2]]]}},{"type":"Feature","properties":{"id":"p:agua-salada:803","n":6,"sc":"#00ffff","fc":"#00ffff"},"geometry":{"type":"MultiLineString","coordinates":[[[2488.3,1059.2],[2468.2,1059.2],[2488.8,1060.2],[2488.3,1059.2]],[[2468.2,1059.2],[2488.8,1060.2],[2467.7,1060.2],[2468.2,1059.2]]]}},{"type":"Feature","properties":{"id":"p:agua-salada:804","n":6,"sc":"#00ffff","fc":"#00ffff"},"geometry":{"type":"MultiLineString","coordinates":[[[2488.8,1060.2],[2467.7,1060.2],[2488.8,1061.1],[2488.8,1060.2]],[[2467.7,1060.2],[2488.8,1061.1],[2467.7,1061.1],[2467.7,1060.2]]]}},{"type":"Feature","properties":{"id":"p:agua-salada:805","n":6,"sc":"#00ffff","fc":"#00ffff"},"geometry":{"type":"MultiLineString","coordinates":[[[2488.8,1061.1],[2467.7,1061.1],[2489.3,1062.1],[2488.8,1061.1]],[[2467.7,1061.1],[2489.3,1062.1],[2467.7,1062.1],[2467.7,1061.1]]]}},{"type":"Feature","properties":{"id":"p:agua-salada:806","n":6,"sc":"#00ffff","fc":"#00ffff"},"geometry":{"type":"MultiLineString","coordinates":[[[2489.3,1062.1],[2467.7,1062.1],[2489.3,1063.0],[2489.3,1062.1]],[[2467.7,1062.1],[2489.3,1063.0],[2467.7,1063.0],[2467.7,1062.1]]]}},{"type":"Feature","properties":{"id":"p:agua-salada:807","n":6,"sc":"#00ffff","fc":"#00ffff"},"geometry":{"type":"MultiLineString","coordinates":[[[2489.3,1063.0],[2467.7,1063.0],[2489.3,1064],[2489.3,1063.0]],[[2467.7,1063.0],[2489.3,1064],[2467.7,1064],[2467.7,1063.0]]]}},{"type":"Feature","properties":{"id":"p:agua-salada:808","n":6,"sc":"#00ffff","fc":"#00ffff"},"geometry":{"type":"MultiLineString","coordinates":[[[2489.3,1064],[2467.7,1064],[2488.8,1065.0],[2489.3,1064]],[[2467.7,1064],[2488.8,1065.0],[2467.7,1065.0],[2467.7,1064]]]}},{"type":"Feature","properties":{"id":"p:agua-salada:809","n":6,"sc":"#00ffff","fc":"#00ffff"},"geometry":{"type":"MultiLineString","coordinates":[[[2488.8,1065.0],[2467.7,1065.0],[2488.8,1065.9],[2488.8,1065.0]],[[2467.7,1065.0],[2488.8,1065.9],[2467.7,1065.9],[2467.7,1065.0]]]}},{"type":"Feature","properties":{"id":"p:agua-salada:810","n":6,"sc":"#00ffff","fc":"#00ffff"},"geometry":{"type":"MultiLineString","coordinates":[[[2488.8,1065.9],[2467.7,1065.9],[2488.3,1066.9],[2488.8,1065.9]],[[2467.7,1065.9],[2488.3,1066.9],[2468.2,1066.9],[2467.7,1065.9]]]}},{"type":"Feature","properties":{"id":"p:agua-salada:811","n":6,"sc":"#00ffff","fc":"#00ffff"},"geometry":{"type":"MultiLineString","coordinates":[[[2488.3,1066.9],[2468.2,1066.9],[2487.8,1067.8],[2488.3,1066.9]],[[2468.2,1066.9],[2487.8,1067.8],[2468.6,1067.8],[2468.2,1066.9]]]}},{"type":"Feature","properties":{"id":"p:agua-salada:812","n":6,"sc":"#00ffff","fc":"#00ffff"},"geometry":{"type":"MultiLineString","coordinates":[[[2487.8,1067.8],[2468.6,1067.8],[2487.4,1068.8],[2487.8,1067.8]],[[2468.6,1067.8],[2487.4,1068.8],[2469.1,1068.8],[2468.6,1067.8]]]}},{"type":"Feature","properties":{"id":"p:agua-salada:813","n":6,"sc":"#00ffff","fc":"#00ffff"},"geometry":{"type":"MultiLineString","coordinates":[[[2487.4,1068.8],[2469.1,1068.8],[2486.9,1069.8],[2487.4,1068.8]],[[2469.1,1068.8],[2486.9,1069.8],[2469.6,1069.8],[2469.1,1068.8]]]}},{"type":"Feature","properties":{"id":"p:agua-salada:814","n":6,"sc":"#00ffff","fc":"#00ffff"},"geometry":{"type":"MultiLineString","coordinates":[[[2486.9,1069.8],[2469.6,1069.8],[2486.4,1070.7],[2486.9,1069.8]],[[2469.6,1069.8],[2486.4,1070.7],[2470.6,1070.7],[2469.6,1069.8]]]}},{"type":"Feature","properties":{"id":"p:agua-salada:815","n":6,"sc":"#00ffff","fc":"#00ffff"},"geometry":{"type":"MultiLineString","coordinates":[[[2486.4,1070.7],[2470.6,1070.7],[2485.4,1071.2],[2486.4,1070.7]],[[2470.6,1070.7],[2485.4,1071.2],[2471.0,1071.2],[2470.6,1070.7]]]}},{"type":"Feature","properties":{"id":"p:agua-salada:816","n":6,"sc":"#00ffff","fc":"#00ffff"},"geometry":{"type":"MultiLineString","coordinates":[[[2485.4,1071.2],[2471.0,1071.2],[2484.5,1071.7],[2485.4,1071.2]],[[2471.0,1071.2],[2484.5,1071.7],[2472,1071.7],[2471.0,1071.2]]]}},{"type":"Feature","properties":{"id":"p:agua-salada:817","n":6,"sc":"#00ffff","fc":"#00ffff"},"geometry":{"type":"MultiLineString","coordinates":[[[2484.5,1071.7],[2472,1071.7],[2483.5,1072.6],[2484.5,1071.7]],[[2472,1071.7],[2483.5,1072.6],[2473.0,1072.6],[2472,1071.7]]]}},{"type":"Feature","properties":{"id":"p:agua-salada:818","n":6,"sc":"#00ffff","fc":"#00ffff"},"geometry":{"type":"MultiLineString","coordinates":[[[2483.5,1072.6],[2473.0,1072.6],[2483.0,1073.1],[2483.5,1072.6]],[[2473.0,1072.6],[2483.0,1073.1],[2473.9,1073.1],[2473.0,1072.6]]]}},{"type":"Feature","properties":{"id":"p:agua-salada:819","n":6,"sc":"#00ffff","fc":"#00ffff"},"geometry":{"type":"MultiLineString","coordinates":[[[2483.0,1073.1],[2473.9,1073.1],[2481.6,1073.1],[2483.0,1073.1]],[[2473.9,1073.1],[2481.6,1073.1],[2474.9,1073.1],[2473.9,1073.1]]]}},{"type":"Feature","properties":{"id":"p:agua-salada:820","n":6,"sc":"#00ffff","fc":"#00ffff"},"geometry":{"type":"MultiLineString","coordinates":[[[2481.6,1073.1],[2474.9,1073.1],[2480.6,1073.6],[2481.6,1073.1]],[[2474.9,1073.1],[2480.6,1073.6],[2475.8,1073.6],[2474.9,1073.1]]]}},{"type":"Feature","properties":{"id":"p:agua-salada:821","n":6,"sc":"#00ffff","fc":"#00ffff"},"geometry":{"type":"MultiLineString","coordinates":[[[2475.8,1073.6],[2476.8,1073.6],[2479.7,1073.6],[2475.8,1073.6]],[[2476.8,1073.6],[2479.7,1073.6],[2478.7,1074.1],[2476.8,1073.6]]]}},{"type":"Feature","properties":{"id":"p:agua-salada:822","n":3,"sc":"#00ffff","fc":"#00ffff"},"geometry":{"type":"LineString","coordinates":[[2475.8,1073.6],[2480.6,1073.6],[2479.7,1073.6],[2475.8,1073.6]]}},{"type":"Feature","properties":{"id":"p:agua-salada:823","n":16,"sc":"#00ffff"},"geometry":{"type":"LineString","coordinates":[[2488.8,1062.8],[2488.0,1058.6],[2485.6,1055.2],[2482.2,1052.8],[2478,1052.0],[2473.8,1052.8],[2470.4,1055.2],[2468.0,1058.6],[2467.2,1062.8],[2468.0,1067.0],[2470.4,1070.4],[2473.8,1072.8],[2478,1073.6],[2482.2,1072.8],[2485.6,1070.4],[2488.0,1067.0],[2488.8,1062.8]]}},{"type":"Feature","properties":{"id":"p:agua-salada:824","n":1,"sc":"#00ffff"},"geometry":{"type":"LineString","coordinates":[[2614.6,1063.0],[2614.6,679.5]]}},{"type":"Feature","properties":{"id":"p:agua-salada:825","n":3,"sc":"#00ffff","fc":"#00ffff"},"geometry":{"type":"LineString","coordinates":[[2615.0,1052.5],[2615.5,1052.5],[2612.6,1052.5],[2615.0,1052.5]]}},{"type":"Feature","properties":{"id":"p:agua-salada:826","n":6,"sc":"#00ffff","fc":"#00ffff"},"geometry":{"type":"MultiLineString","coordinates":[[[2615.5,1052.5],[2612.6,1052.5],[2617.0,1052.5],[2615.5,1052.5]],[[2612.6,1052.5],[2617.0,1052.5],[2612.2,1052.5],[2612.6,1052.5]]]}},{"type":"Feature","properties":{"id":"p:agua-salada:827","n":6,"sc":"#00ffff","fc":"#00ffff"},"geometry":{"type":"MultiLineString","coordinates":[[[2617.0,1052.5],[2612.2,1052.5],[2617.9,1053.0],[2617.0,1052.5]],[[2612.2,1052.5],[2617.9,1053.0],[2610.7,1053.0],[2612.2,1052.5]]]}},{"type":"Feature","properties":{"id":"p:agua-salada:828","n":6,"sc":"#00ffff","fc":"#00ffff"},"geometry":{"type":"MultiLineString","coordinates":[[[2617.9,1053.0],[2610.7,1053.0],[2618.9,1053.4],[2617.9,1053.0]],[[2610.7,1053.0],[2618.9,1053.4],[2609.8,1053.4],[2610.7,1053.0]]]}},{"type":"Feature","properties":{"id":"p:agua-salada:829","n":6,"sc":"#00ffff","fc":"#00ffff"},"geometry":{"type":"MultiLineString","coordinates":[[[2618.9,1053.4],[2609.8,1053.4],[2619.8,1053.9],[2618.9,1053.4]],[[2609.8,1053.4],[2619.8,1053.9],[2608.8,1053.9],[2609.8,1053.4]]]}},{"type":"Feature","properties":{"id":"p:agua-salada:830","n":6,"sc":"#00ffff","fc":"#00ffff"},"geometry":{"type":"MultiLineString","coordinates":[[[2619.8,1053.9],[2608.8,1053.9],[2620.8,1054.4],[2619.8,1053.9]],[[2608.8,1053.9],[2620.8,1054.4],[2608.3,1054.4],[2608.8,1053.9]]]}},{"type":"Feature","properties":{"id":"p:agua-salada:831","n":6,"sc":"#00ffff","fc":"#00ffff"},"geometry":{"type":"MultiLineString","coordinates":[[[2620.8,1054.4],[2608.3,1054.4],[2621.3,1054.9],[2620.8,1054.4]],[[2608.3,1054.4],[2621.3,1054.9],[2607.4,1054.9],[2608.3,1054.4]]]}},{"type":"Feature","properties":{"id":"p:agua-salada:832","n":6,"sc":"#00ffff","fc":"#00ffff"},"geometry":{"type":"MultiLineString","coordinates":[[[2621.3,1054.9],[2607.4,1054.9],[2622.2,1055.8],[2621.3,1054.9]],[[2607.4,1054.9],[2622.2,1055.8],[2606.4,1055.8],[2607.4,1054.9]]]}},{"type":"Feature","properties":{"id":"p:agua-salada:833","n":6,"sc":"#00ffff","fc":"#00ffff"},"geometry":{"type":"MultiLineString","coordinates":[[[2622.2,1055.8],[2606.4,1055.8],[2622.7,1056.3],[2622.2,1055.8]],[[2606.4,1055.8],[2622.7,1056.3],[2605.9,1056.3],[2606.4,1055.8]]]}},{"type":"Feature","properties":{"id":"p:agua-salada:834","n":6,"sc":"#00ffff","fc":"#00ffff"},"geometry":{"type":"MultiLineString","coordinates":[[[2622.7,1056.3],[2605.9,1056.3],[2623.7,1057.3],[2622.7,1056.3]],[[2605.9,1056.3],[2623.7,1057.3],[2605.4,1057.3],[2605.9,1056.3]]]}},{"type":"Feature","properties":{"id":"p:agua-salada:835","n":6,"sc":"#00ffff","fc":"#00ffff"},"geometry":{"type":"MultiLineString","coordinates":[[[2623.7,1057.3],[2605.4,1057.3],[2624.2,1058.2],[2623.7,1057.3]],[[2605.4,1057.3],[2624.2,1058.2],[2604.5,1058.2],[2605.4,1057.3]]]}},{"type":"Feature","properties":{"id":"p:agua-salada:836","n":6,"sc":"#00ffff","fc":"#00ffff"},"geometry":{"type":"MultiLineString","coordinates":[[[2624.2,1058.2],[2604.5,1058.2],[2624.6,1059.2],[2624.2,1058.2]],[[2604.5,1058.2],[2624.6,1059.2],[2604.5,1059.2],[2604.5,1058.2]]]}},{"type":"Feature","properties":{"id":"p:agua-salada:837","n":6,"sc":"#00ffff","fc":"#00ffff"},"geometry":{"type":"MultiLineString","coordinates":[[[2624.6,1059.2],[2604.5,1059.2],[2624.6,1060.2],[2624.6,1059.2]],[[2604.5,1059.2],[2624.6,1060.2],[2604,1060.2],[2604.5,1059.2]]]}},{"type":"Feature","properties":{"id":"p:agua-salada:838","n":6,"sc":"#00ffff","fc":"#00ffff"},"geometry":{"type":"MultiLineString","coordinates":[[[2624.6,1060.2],[2604,1060.2],[2625.1,1061.1],[2624.6,1060.2]],[[2604,1060.2],[2625.1,1061.1],[2603.5,1061.1],[2604,1060.2]]]}},{"type":"Feature","properties":{"id":"p:agua-salada:839","n":6,"sc":"#00ffff","fc":"#00ffff"},"geometry":{"type":"MultiLineString","coordinates":[[[2625.1,1061.1],[2603.5,1061.1],[2625.1,1062.1],[2625.1,1061.1]],[[2603.5,1061.1],[2625.1,1062.1],[2603.5,1062.1],[2603.5,1061.1]]]}},{"type":"Feature","properties":{"id":"p:agua-salada:840","n":6,"sc":"#00ffff","fc":"#00ffff"},"geometry":{"type":"MultiLineString","coordinates":[[[2625.1,1062.1],[2603.5,1062.1],[2625.1,1063.0],[2625.1,1062.1]],[[2603.5,1062.1],[2625.1,1063.0],[2603.5,1063.0],[2603.5,1062.1]]]}},{"type":"Feature","properties":{"id":"p:agua-salada:841","n":6,"sc":"#00ffff","fc":"#00ffff"},"geometry":{"type":"MultiLineString","coordinates":[[[2625.1,1063.0],[2603.5,1063.0],[2625.1,1064],[2625.1,1063.0]],[[2603.5,1063.0],[2625.1,1064],[2603.5,1064],[2603.5,1063.0]]]}},{"type":"Feature","properties":{"id":"p:agua-salada:842","n":6,"sc":"#00ffff","fc":"#00ffff"},"geometry":{"type":"MultiLineString","coordinates":[[[2625.1,1064],[2603.5,1064],[2625.1,1065.0],[2625.1,1064]],[[2603.5,1064],[2625.1,1065.0],[2603.5,1065.0],[2603.5,1064]]]}},{"type":"Feature","properties":{"id":"p:agua-salada:843","n":6,"sc":"#00ffff","fc":"#00ffff"},"geometry":{"type":"MultiLineString","coordinates":[[[2625.1,1065.0],[2603.5,1065.0],[2624.6,1066.4],[2625.1,1065.0]],[[2603.5,1065.0],[2624.6,1066.4],[2604,1066.4],[2603.5,1065.0]]]}},{"type":"Feature","properties":{"id":"p:agua-salada:844","n":6,"sc":"#00ffff","fc":"#00ffff"},"geometry":{"type":"MultiLineString","coordinates":[[[2624.6,1066.4],[2604,1066.4],[2624.6,1067.4],[2624.6,1066.4]],[[2604,1066.4],[2624.6,1067.4],[2604.5,1067.4],[2604,1066.4]]]}},{"type":"Feature","properties":{"id":"p:agua-salada:845","n":6,"sc":"#00ffff","fc":"#00ffff"},"geometry":{"type":"MultiLineString","coordinates":[[[2624.6,1067.4],[2604.5,1067.4],[2624.2,1068.3],[2624.6,1067.4]],[[2604.5,1067.4],[2624.2,1068.3],[2604.5,1068.3],[2604.5,1067.4]]]}},{"type":"Feature","properties":{"id":"p:agua-salada:846","n":6,"sc":"#00ffff","fc":"#00ffff"},"geometry":{"type":"MultiLineString","coordinates":[[[2624.2,1068.3],[2604.5,1068.3],[2623.7,1068.8],[2624.2,1068.3]],[[2604.5,1068.3],[2623.7,1068.8],[2605.4,1068.8],[2604.5,1068.3]]]}},{"type":"Feature","properties":{"id":"p:agua-salada:847","n":6,"sc":"#00ffff","fc":"#00ffff"},"geometry":{"type":"MultiLineString","coordinates":[[[2623.7,1068.8],[2605.4,1068.8],[2622.7,1069.8],[2623.7,1068.8]],[[2605.4,1068.8],[2622.7,1069.8],[2605.9,1069.8],[2605.4,1068.8]]]}},{"type":"Feature","properties":{"id":"p:agua-salada:848","n":6,"sc":"#00ffff","fc":"#00ffff"},"geometry":{"type":"MultiLineString","coordinates":[[[2622.7,1069.8],[2605.9,1069.8],[2622.2,1070.7],[2622.7,1069.8]],[[2605.9,1069.8],[2622.2,1070.7],[2606.4,1070.7],[2605.9,1069.8]]]}},{"type":"Feature","properties":{"id":"p:agua-salada:849","n":6,"sc":"#00ffff","fc":"#00ffff"},"geometry":{"type":"MultiLineString","coordinates":[[[2622.2,1070.7],[2606.4,1070.7],[2621.3,1071.2],[2622.2,1070.7]],[[2606.4,1070.7],[2621.3,1071.2],[2607.4,1071.2],[2606.4,1070.7]]]}},{"type":"Feature","properties":{"id":"p:agua-salada:850","n":6,"sc":"#00ffff","fc":"#00ffff"},"geometry":{"type":"MultiLineString","coordinates":[[[2621.3,1071.2],[2607.4,1071.2],[2620.8,1072.2],[2621.3,1071.2]],[[2607.4,1071.2],[2620.8,1072.2],[2608.3,1072.2],[2607.4,1071.2]]]}},{"type":"Feature","properties":{"id":"p:agua-salada:851","n":6,"sc":"#00ffff","fc":"#00ffff"},"geometry":{"type":"MultiLineString","coordinates":[[[2620.8,1072.2],[2608.3,1072.2],[2619.8,1072.6],[2620.8,1072.2]],[[2608.3,1072.2],[2619.8,1072.6],[2608.8,1072.6],[2608.3,1072.2]]]}},{"type":"Feature","properties":{"id":"p:agua-salada:852","n":6,"sc":"#00ffff","fc":"#00ffff"},"geometry":{"type":"MultiLineString","coordinates":[[[2619.8,1072.6],[2608.8,1072.6],[2618.9,1073.1],[2619.8,1072.6]],[[2608.8,1072.6],[2618.9,1073.1],[2609.8,1073.1],[2608.8,1072.6]]]}},{"type":"Feature","properties":{"id":"p:agua-salada:853","n":6,"sc":"#00ffff","fc":"#00ffff"},"geometry":{"type":"MultiLineString","coordinates":[[[2618.9,1073.1],[2609.8,1073.1],[2617.9,1073.6],[2618.9,1073.1]],[[2609.8,1073.1],[2617.9,1073.6],[2610.7,1073.6],[2609.8,1073.1]]]}},{"type":"Feature","properties":{"id":"p:agua-salada:854","n":6,"sc":"#00ffff","fc":"#00ffff"},"geometry":{"type":"MultiLineString","coordinates":[[[2617.9,1073.6],[2610.7,1073.6],[2617.0,1073.6],[2617.9,1073.6]],[[2610.7,1073.6],[2617.0,1073.6],[2612.2,1073.6],[2610.7,1073.6]]]}},{"type":"Feature","properties":{"id":"p:agua-salada:855","n":6,"sc":"#00ffff","fc":"#00ffff"},"geometry":{"type":"MultiLineString","coordinates":[[[2612.2,1073.6],[2612.6,1074.1],[2615.5,1074.1],[2612.2,1073.6]],[[2612.6,1074.1],[2615.5,1074.1],[2615.0,1074.1],[2612.6,1074.1]]]}},{"type":"Feature","properties":{"id":"p:agua-salada:856","n":3,"sc":"#00ffff","fc":"#00ffff"},"geometry":{"type":"LineString","coordinates":[[2612.2,1073.6],[2617.0,1073.6],[2615.5,1074.1],[2612.2,1073.6]]}},{"type":"Feature","properties":{"id":"p:agua-salada:857","n":16,"sc":"#00ffff"},"geometry":{"type":"LineString","coordinates":[[2625.1,1062.8],[2624.3,1058.6],[2622.0,1055.2],[2618.5,1052.8],[2614.3,1052.0],[2610.1,1052.8],[2606.7,1055.2],[2604.4,1058.6],[2603.5,1062.8],[2604.4,1067.0],[2606.7,1070.4],[2610.1,1072.8],[2614.3,1073.6],[2618.5,1072.8],[2622.0,1070.4],[2624.3,1067.0],[2625.1,1062.8]]}}]}