{"type":"FeatureCollection","name":"plano-agua-dulce","metadata":{"source_pdf":"AQUA014-HID-PL-015_C1.pdf","render_size_px":[6272,3600],"coord_system":"render-px (pixels of plano-base.png)","extracted_at":"2026-05-28T01:41:27Z","n_features":1165,"n_segments":7017},"features":[{"type":"Feature","properties":{"id":"p:agua-dulce:0","n":1,"sc":"#00ff00"},"geometry":{"type":"LineString","coordinates":[[5920.8,2012.5],[4536.5,2012.5]]}},{"type":"Feature","properties":{"id":"p:agua-dulce:1","n":1,"sc":"#00ff00"},"geometry":{"type":"LineString","coordinates":[[5814.7,2046.6],[4536.5,2046.6]]}},{"type":"Feature","properties":{"id":"p:agua-dulce:2","n":1,"sc":"#00ff00"},"geometry":{"type":"LineString","coordinates":[[1983.4,2071.0],[1983.8,1619.4]]}},{"type":"Feature","properties":{"id":"p:agua-dulce:3","n":1,"sc":"#00ff00"},"geometry":{"type":"LineString","coordinates":[[1837.9,1459.5],[1457.3,1459.0]]}},{"type":"Feature","properties":{"id":"p:agua-dulce:4","n":6,"sc":"#00ff00","fc":"#00ff00"},"geometry":{"type":"MultiLineString","coordinates":[[[3240,2413.8],[3238.1,2413.8],[3241.9,2414.2],[3240,2413.8]],[[3238.1,2413.8],[3241.9,2414.2],[3236.2,2414.2],[3238.1,2413.8]]]}},{"type":"Feature","properties":{"id":"p:agua-dulce:5","n":6,"sc":"#00ff00","fc":"#00ff00"},"geometry":{"type":"MultiLineString","coordinates":[[[3241.9,2414.2],[3236.2,2414.2],[3243.8,2415.2],[3241.9,2414.2]],[[3236.2,2414.2],[3243.8,2415.2],[3234.2,2415.2],[3236.2,2414.2]]]}},{"type":"Feature","properties":{"id":"p:agua-dulce:6","n":6,"sc":"#00ff00","fc":"#00ff00"},"geometry":{"type":"MultiLineString","coordinates":[[[3243.8,2415.2],[3234.2,2415.2],[3245.8,2416.2],[3243.8,2415.2]],[[3234.2,2415.2],[3245.8,2416.2],[3232.8,2416.2],[3234.2,2415.2]]]}},{"type":"Feature","properties":{"id":"p:agua-dulce:7","n":6,"sc":"#00ff00","fc":"#00ff00"},"geometry":{"type":"MultiLineString","coordinates":[[[3245.8,2416.2],[3232.8,2416.2],[3247.2,2417.1],[3245.8,2416.2]],[[3232.8,2416.2],[3247.2,2417.1],[3231.4,2417.1],[3232.8,2416.2]]]}},{"type":"Feature","properties":{"id":"p:agua-dulce:8","n":6,"sc":"#00ff00","fc":"#00ff00"},"geometry":{"type":"MultiLineString","coordinates":[[[3247.2,2417.1],[3231.4,2417.1],[3248.2,2419.0],[3247.2,2417.1]],[[3231.4,2417.1],[3248.2,2419.0],[3229.9,2419.0],[3231.4,2417.1]]]}},{"type":"Feature","properties":{"id":"p:agua-dulce:9","n":6,"sc":"#00ff00","fc":"#00ff00"},"geometry":{"type":"MultiLineString","coordinates":[[[3248.2,2419.0],[3229.9,2419.0],[3249.1,2420.5],[3248.2,2419.0]],[[3229.9,2419.0],[3249.1,2420.5],[3229.4,2420.5],[3229.9,2419.0]]]}},{"type":"Feature","properties":{"id":"p:agua-dulce:10","n":6,"sc":"#00ff00","fc":"#00ff00"},"geometry":{"type":"MultiLineString","coordinates":[[[3249.1,2420.5],[3229.4,2420.5],[3249.6,2422.4],[3249.1,2420.5]],[[3229.4,2420.5],[3249.6,2422.4],[3229.0,2422.4],[3229.4,2420.5]]]}},{"type":"Feature","properties":{"id":"p:agua-dulce:11","n":6,"sc":"#00ff00","fc":"#00ff00"},"geometry":{"type":"MultiLineString","coordinates":[[[3249.6,2422.4],[3229.0,2422.4],[3250.1,2424.3],[3249.6,2422.4]],[[3229.0,2422.4],[3250.1,2424.3],[3228.5,2424.3],[3229.0,2422.4]]]}},{"type":"Feature","properties":{"id":"p:agua-dulce:12","n":6,"sc":"#00ff00","fc":"#00ff00"},"geometry":{"type":"MultiLineString","coordinates":[[[3250.1,2424.3],[3228.5,2424.3],[3249.6,2426.7],[3250.1,2424.3]],[[3228.5,2424.3],[3249.6,2426.7],[3229.0,2426.7],[3228.5,2424.3]]]}},{"type":"Feature","properties":{"id":"p:agua-dulce:13","n":6,"sc":"#00ff00","fc":"#00ff00"},"geometry":{"type":"MultiLineString","coordinates":[[[3249.6,2426.7],[3229.0,2426.7],[3249.1,2428.6],[3249.6,2426.7]],[[3229.0,2426.7],[3249.1,2428.6],[3229.4,2428.6],[3229.0,2426.7]]]}},{"type":"Feature","properties":{"id":"p:agua-dulce:14","n":6,"sc":"#00ff00","fc":"#00ff00"},"geometry":{"type":"MultiLineString","coordinates":[[[3249.1,2428.6],[3229.4,2428.6],[3248.2,2430.1],[3249.1,2428.6]],[[3229.4,2428.6],[3248.2,2430.1],[3229.9,2430.1],[3229.4,2428.6]]]}},{"type":"Feature","properties":{"id":"p:agua-dulce:15","n":6,"sc":"#00ff00","fc":"#00ff00"},"geometry":{"type":"MultiLineString","coordinates":[[[3248.2,2430.1],[3229.9,2430.1],[3247.2,2431.5],[3248.2,2430.1]],[[3229.9,2430.1],[3247.2,2431.5],[3231.4,2431.5],[3229.9,2430.1]]]}},{"type":"Feature","properties":{"id":"p:agua-dulce:16","n":6,"sc":"#00ff00","fc":"#00ff00"},"geometry":{"type":"MultiLineString","coordinates":[[[3247.2,2431.5],[3231.4,2431.5],[3245.8,2433.0],[3247.2,2431.5]],[[3231.4,2431.5],[3245.8,2433.0],[3232.8,2433.0],[3231.4,2431.5]]]}},{"type":"Feature","properties":{"id":"p:agua-dulce:17","n":6,"sc":"#00ff00","fc":"#00ff00"},"geometry":{"type":"MultiLineString","coordinates":[[[3245.8,2433.0],[3232.8,2433.0],[3243.8,2433.9],[3245.8,2433.0]],[[3232.8,2433.0],[3243.8,2433.9],[3234.2,2433.9],[3232.8,2433.0]]]}},{"type":"Feature","properties":{"id":"p:agua-dulce:18","n":6,"sc":"#00ff00","fc":"#00ff00"},"geometry":{"type":"MultiLineString","coordinates":[[[3243.8,2433.9],[3234.2,2433.9],[3241.9,2434.9],[3243.8,2433.9]],[[3234.2,2433.9],[3241.9,2434.9],[3236.2,2434.9],[3234.2,2433.9]]]}},{"type":"Feature","properties":{"id":"p:agua-dulce:19","n":6,"sc":"#00ff00","fc":"#00ff00"},"geometry":{"type":"MultiLineString","coordinates":[[[3241.9,2434.9],[3236.2,2434.9],[3240,2435.4],[3241.9,2434.9]],[[3236.2,2434.9],[3240,2435.4],[3238.1,2435.4],[3236.2,2434.9]]]}},{"type":"Feature","properties":{"id":"p:agua-dulce:20","n":16,"sc":"#00ff00"},"geometry":{"type":"LineString","coordinates":[[3249.6,2424.1],[3248.8,2419.9],[3246.4,2416.4],[3243.0,2414.1],[3238.8,2413.3],[3234.6,2414.1],[3231.2,2416.4],[3228.8,2419.9],[3228,2424.1],[3228.8,2428.3],[3231.2,2431.7],[3234.6,2434.0],[3238.8,2434.9],[3243.0,2434.0],[3246.4,2431.7],[3248.8,2428.3],[3249.6,2424.1]]}},{"type":"Feature","properties":{"id":"p:agua-dulce:21","n":1,"sc":"#00ff00"},"geometry":{"type":"LineString","coordinates":[[3156.5,2387.8],[3225.1,2387.8]]}},{"type":"Feature","properties":{"id":"p:agua-dulce:22","n":6,"sc":"#00ff00","fc":"#00ff00"},"geometry":{"type":"MultiLineString","coordinates":[[[3403.2,2413.8],[3401.3,2413.8],[3405.6,2414.2],[3403.2,2413.8]],[[3401.3,2413.8],[3405.6,2414.2],[3399.4,2414.2],[3401.3,2413.8]]]}},{"type":"Feature","properties":{"id":"p:agua-dulce:23","n":6,"sc":"#00ff00","fc":"#00ff00"},"geometry":{"type":"MultiLineString","coordinates":[[[3405.6,2414.2],[3399.4,2414.2],[3407.0,2415.2],[3405.6,2414.2]],[[3399.4,2414.2],[3407.0,2415.2],[3397.4,2415.2],[3399.4,2414.2]]]}},{"type":"Feature","properties":{"id":"p:agua-dulce:24","n":6,"sc":"#00ff00","fc":"#00ff00"},"geometry":{"type":"MultiLineString","coordinates":[[[3407.0,2415.2],[3397.4,2415.2],[3409.0,2416.2],[3407.0,2415.2]],[[3397.4,2415.2],[3409.0,2416.2],[3396,2416.2],[3397.4,2415.2]]]}},{"type":"Feature","properties":{"id":"p:agua-dulce:25","n":6,"sc":"#00ff00","fc":"#00ff00"},"geometry":{"type":"MultiLineString","coordinates":[[[3409.0,2416.2],[3396,2416.2],[3410.4,2417.1],[3409.0,2416.2]],[[3396,2416.2],[3410.4,2417.1],[3394.6,2417.1],[3396,2416.2]]]}},{"type":"Feature","properties":{"id":"p:agua-dulce:26","n":6,"sc":"#00ff00","fc":"#00ff00"},"geometry":{"type":"MultiLineString","coordinates":[[[3410.4,2417.1],[3394.6,2417.1],[3411.4,2419.0],[3410.4,2417.1]],[[3394.6,2417.1],[3411.4,2419.0],[3393.1,2419.0],[3394.6,2417.1]]]}},{"type":"Feature","properties":{"id":"p:agua-dulce:27","n":6,"sc":"#00ff00","fc":"#00ff00"},"geometry":{"type":"MultiLineString","coordinates":[[[3411.4,2419.0],[3393.1,2419.0],[3412.3,2420.5],[3411.4,2419.0]],[[3393.1,2419.0],[3412.3,2420.5],[3392.6,2420.5],[3393.1,2419.0]]]}},{"type":"Feature","properties":{"id":"p:agua-dulce:28","n":6,"sc":"#00ff00","fc":"#00ff00"},"geometry":{"type":"MultiLineString","coordinates":[[[3412.3,2420.5],[3392.6,2420.5],[3412.8,2422.4],[3412.3,2420.5]],[[3392.6,2420.5],[3412.8,2422.4],[3392.2,2422.4],[3392.6,2420.5]]]}},{"type":"Feature","properties":{"id":"p:agua-dulce:29","n":6,"sc":"#00ff00","fc":"#00ff00"},"geometry":{"type":"MultiLineString","coordinates":[[[3412.8,2422.4],[3392.2,2422.4],[3413.3,2424.3],[3412.8,2422.4]],[[3392.2,2422.4],[3413.3,2424.3],[3391.7,2424.3],[3392.2,2422.4]]]}},{"type":"Feature","properties":{"id":"p:agua-dulce:30","n":6,"sc":"#00ff00","fc":"#00ff00"},"geometry":{"type":"MultiLineString","coordinates":[[[3413.3,2424.3],[3391.7,2424.3],[3412.8,2426.7],[3413.3,2424.3]],[[3391.7,2424.3],[3412.8,2426.7],[3392.2,2426.7],[3391.7,2424.3]]]}},{"type":"Feature","properties":{"id":"p:agua-dulce:31","n":6,"sc":"#00ff00","fc":"#00ff00"},"geometry":{"type":"MultiLineString","coordinates":[[[3412.8,2426.7],[3392.2,2426.7],[3412.3,2428.6],[3412.8,2426.7]],[[3392.2,2426.7],[3412.3,2428.6],[3392.6,2428.6],[3392.2,2426.7]]]}},{"type":"Feature","properties":{"id":"p:agua-dulce:32","n":6,"sc":"#00ff00","fc":"#00ff00"},"geometry":{"type":"MultiLineString","coordinates":[[[3412.3,2428.6],[3392.6,2428.6],[3411.4,2430.1],[3412.3,2428.6]],[[3392.6,2428.6],[3411.4,2430.1],[3393.1,2430.1],[3392.6,2428.6]]]}},{"type":"Feature","properties":{"id":"p:agua-dulce:33","n":6,"sc":"#00ff00","fc":"#00ff00"},"geometry":{"type":"MultiLineString","coordinates":[[[3411.4,2430.1],[3393.1,2430.1],[3410.4,2431.5],[3411.4,2430.1]],[[3393.1,2430.1],[3410.4,2431.5],[3394.6,2431.5],[3393.1,2430.1]]]}},{"type":"Feature","properties":{"id":"p:agua-dulce:34","n":6,"sc":"#00ff00","fc":"#00ff00"},"geometry":{"type":"MultiLineString","coordinates":[[[3410.4,2431.5],[3394.6,2431.5],[3409.0,2433.0],[3410.4,2431.5]],[[3394.6,2431.5],[3409.0,2433.0],[3396,2433.0],[3394.6,2431.5]]]}},{"type":"Feature","properties":{"id":"p:agua-dulce:35","n":6,"sc":"#00ff00","fc":"#00ff00"},"geometry":{"type":"MultiLineString","coordinates":[[[3409.0,2433.0],[3396,2433.0],[3407.0,2433.9],[3409.0,2433.0]],[[3396,2433.0],[3407.0,2433.9],[3397.4,2433.9],[3396,2433.0]]]}},{"type":"Feature","properties":{"id":"p:agua-dulce:36","n":6,"sc":"#00ff00","fc":"#00ff00"},"geometry":{"type":"MultiLineString","coordinates":[[[3407.0,2433.9],[3397.4,2433.9],[3405.6,2434.9],[3407.0,2433.9]],[[3397.4,2433.9],[3405.6,2434.9],[3399.4,2434.9],[3397.4,2433.9]]]}},{"type":"Feature","properties":{"id":"p:agua-dulce:37","n":6,"sc":"#00ff00","fc":"#00ff00"},"geometry":{"type":"MultiLineString","coordinates":[[[3405.6,2434.9],[3399.4,2434.9],[3403.2,2435.4],[3405.6,2434.9]],[[3399.4,2434.9],[3403.2,2435.4],[3401.3,2435.4],[3399.4,2434.9]]]}},{"type":"Feature","properties":{"id":"p:agua-dulce:38","n":16,"sc":"#00ff00"},"geometry":{"type":"LineString","coordinates":[[3412.8,2424.1],[3412.0,2419.9],[3409.6,2416.4],[3406.2,2414.1],[3402,2413.3],[3397.8,2414.1],[3394.4,2416.4],[3392.0,2419.9],[3391.2,2424.1],[3392.0,2428.3],[3394.4,2431.7],[3397.8,2434.0],[3402,2434.9],[3406.2,2434.0],[3409.6,2431.7],[3412.0,2428.3],[3412.8,2424.1]]}},{"type":"Feature","properties":{"id":"p:agua-dulce:39","n":1,"sc":"#00ff00"},"geometry":{"type":"LineString","coordinates":[[3419.5,2444.5],[3489.1,2444.5]]}},{"type":"Feature","properties":{"id":"p:agua-dulce:40","n":6,"sc":"#00ff00","fc":"#00ff00"},"geometry":{"type":"MultiLineString","coordinates":[[[3607.2,2261.6],[3605.3,2261.6],[3609.1,2262.1],[3607.2,2261.6]],[[3605.3,2261.6],[3609.1,2262.1],[3603.4,2262.1],[3605.3,2261.6]]]}},{"type":"Feature","properties":{"id":"p:agua-dulce:41","n":6,"sc":"#00ff00","fc":"#00ff00"},"geometry":{"type":"MultiLineString","coordinates":[[[3609.1,2262.1],[3603.4,2262.1],[3611.0,2262.6],[3609.1,2262.1]],[[3603.4,2262.1],[3611.0,2262.6],[3601.4,2262.6],[3603.4,2262.1]]]}},{"type":"Feature","properties":{"id":"p:agua-dulce:42","n":6,"sc":"#00ff00","fc":"#00ff00"},"geometry":{"type":"MultiLineString","coordinates":[[[3611.0,2262.6],[3601.4,2262.6],[3612.5,2263.5],[3611.0,2262.6]],[[3601.4,2262.6],[3612.5,2263.5],[3600,2263.5],[3601.4,2262.6]]]}},{"type":"Feature","properties":{"id":"p:agua-dulce:43","n":6,"sc":"#00ff00","fc":"#00ff00"},"geometry":{"type":"MultiLineString","coordinates":[[[3612.5,2263.5],[3600,2263.5],[3613.9,2265.0],[3612.5,2263.5]],[[3600,2263.5],[3613.9,2265.0],[3598.1,2265.0],[3600,2263.5]]]}},{"type":"Feature","properties":{"id":"p:agua-dulce:44","n":6,"sc":"#00ff00","fc":"#00ff00"},"geometry":{"type":"MultiLineString","coordinates":[[[3613.9,2265.0],[3598.1,2265.0],[3615.4,2266.4],[3613.9,2265.0]],[[3598.1,2265.0],[3615.4,2266.4],[3597.1,2266.4],[3598.1,2265.0]]]}},{"type":"Feature","properties":{"id":"p:agua-dulce:45","n":6,"sc":"#00ff00","fc":"#00ff00"},"geometry":{"type":"MultiLineString","coordinates":[[[3615.4,2266.4],[3597.1,2266.4],[3616.3,2268.3],[3615.4,2266.4]],[[3597.1,2266.4],[3616.3,2268.3],[3596.2,2268.3],[3597.1,2266.4]]]}},{"type":"Feature","properties":{"id":"p:agua-dulce:46","n":6,"sc":"#00ff00","fc":"#00ff00"},"geometry":{"type":"MultiLineString","coordinates":[[[3616.3,2268.3],[3596.2,2268.3],[3616.8,2270.2],[3616.3,2268.3]],[[3596.2,2268.3],[3616.8,2270.2],[3595.7,2270.2],[3596.2,2268.3]]]}},{"type":"Feature","properties":{"id":"p:agua-dulce:47","n":6,"sc":"#00ff00","fc":"#00ff00"},"geometry":{"type":"MultiLineString","coordinates":[[[3616.8,2270.2],[3595.7,2270.2],[3616.8,2272.2],[3616.8,2270.2]],[[3595.7,2270.2],[3616.8,2272.2],[3595.7,2272.2],[3595.7,2270.2]]]}},{"type":"Feature","properties":{"id":"p:agua-dulce:48","n":6,"sc":"#00ff00","fc":"#00ff00"},"geometry":{"type":"MultiLineString","coordinates":[[[3616.8,2272.2],[3595.7,2272.2],[3616.8,2274.1],[3616.8,2272.2]],[[3595.7,2272.2],[3616.8,2274.1],[3595.7,2274.1],[3595.7,2272.2]]]}},{"type":"Feature","properties":{"id":"p:agua-dulce:49","n":6,"sc":"#00ff00","fc":"#00ff00"},"geometry":{"type":"MultiLineString","coordinates":[[[3616.8,2274.1],[3595.7,2274.1],[3616.3,2276],[3616.8,2274.1]],[[3595.7,2274.1],[3616.3,2276],[3596.2,2276],[3595.7,2274.1]]]}},{"type":"Feature","properties":{"id":"p:agua-dulce:50","n":6,"sc":"#00ff00","fc":"#00ff00"},"geometry":{"type":"MultiLineString","coordinates":[[[3616.3,2276],[3596.2,2276],[3615.4,2277.9],[3616.3,2276]],[[3596.2,2276],[3615.4,2277.9],[3597.1,2277.9],[3596.2,2276]]]}},{"type":"Feature","properties":{"id":"p:agua-dulce:51","n":6,"sc":"#00ff00","fc":"#00ff00"},"geometry":{"type":"MultiLineString","coordinates":[[[3615.4,2277.9],[3597.1,2277.9],[3613.9,2279.4],[3615.4,2277.9]],[[3597.1,2277.9],[3613.9,2279.4],[3598.1,2279.4],[3597.1,2277.9]]]}},{"type":"Feature","properties":{"id":"p:agua-dulce:52","n":6,"sc":"#00ff00","fc":"#00ff00"},"geometry":{"type":"MultiLineString","coordinates":[[[3613.9,2279.4],[3598.1,2279.4],[3612.5,2280.8],[3613.9,2279.4]],[[3598.1,2279.4],[3612.5,2280.8],[3600,2280.8],[3598.1,2279.4]]]}},{"type":"Feature","properties":{"id":"p:agua-dulce:53","n":6,"sc":"#00ff00","fc":"#00ff00"},"geometry":{"type":"MultiLineString","coordinates":[[[3612.5,2280.8],[3600,2280.8],[3611.0,2281.8],[3612.5,2280.8]],[[3600,2280.8],[3611.0,2281.8],[3601.4,2281.8],[3600,2280.8]]]}},{"type":"Feature","properties":{"id":"p:agua-dulce:54","n":6,"sc":"#00ff00","fc":"#00ff00"},"geometry":{"type":"MultiLineString","coordinates":[[[3611.0,2281.8],[3601.4,2281.8],[3609.1,2282.2],[3611.0,2281.8]],[[3601.4,2281.8],[3609.1,2282.2],[3603.4,2282.2],[3601.4,2281.8]]]}},{"type":"Feature","properties":{"id":"p:agua-dulce:55","n":6,"sc":"#00ff00","fc":"#00ff00"},"geometry":{"type":"MultiLineString","coordinates":[[[3609.1,2282.2],[3603.4,2282.2],[3607.2,2282.7],[3609.1,2282.2]],[[3603.4,2282.2],[3607.2,2282.7],[3605.3,2282.7],[3603.4,2282.2]]]}},{"type":"Feature","properties":{"id":"p:agua-dulce:56","n":16,"sc":"#00ff00"},"geometry":{"type":"LineString","coordinates":[[3616.8,2271.9],[3616.0,2267.7],[3613.6,2264.3],[3610.2,2262.0],[3606,2261.1],[3601.8,2262.0],[3598.4,2264.3],[3596.0,2267.7],[3595.2,2271.9],[3596.0,2276.1],[3598.4,2279.6],[3601.8,2281.9],[3606,2282.7],[3610.2,2281.9],[3613.6,2279.6],[3616.0,2276.1],[3616.8,2271.9]]}},{"type":"Feature","properties":{"id":"p:agua-dulce:57","n":1,"sc":"#00ff00"},"geometry":{"type":"LineString","coordinates":[[3543.4,2301.0],[3603.4,2301.0]]}},{"type":"Feature","properties":{"id":"p:agua-dulce:58","n":1,"sc":"#00ff00"},"geometry":{"type":"LineString","coordinates":[[3239.0,2424.3],[3239.0,2071.0]]}},{"type":"Feature","properties":{"id":"p:agua-dulce:59","n":1,"sc":"#00ff00"},"geometry":{"type":"LineString","coordinates":[[3402.2,2413.8],[3402.7,2071.0]]}},{"type":"Feature","properties":{"id":"p:agua-dulce:60","n":1,"sc":"#00ff00"},"geometry":{"type":"LineString","coordinates":[[3606.2,2272.2],[3606.2,2071.0]]}},{"type":"Feature","properties":{"id":"p:agua-dulce:61","n":6,"sc":"#00ff00","fc":"#00ff00"},"geometry":{"type":"MultiLineString","coordinates":[[[5815.7,2361.9],[5813.8,2361.9],[5817.6,2362.4],[5815.7,2361.9]],[[5813.8,2361.9],[5817.6,2362.4],[5811.8,2362.4],[5813.8,2361.9]]]}},{"type":"Feature","properties":{"id":"p:agua-dulce:62","n":6,"sc":"#00ff00","fc":"#00ff00"},"geometry":{"type":"MultiLineString","coordinates":[[[5817.6,2362.4],[5811.8,2362.4],[5819.5,2363.4],[5817.6,2362.4]],[[5811.8,2362.4],[5819.5,2363.4],[5809.9,2363.4],[5811.8,2362.4]]]}},{"type":"Feature","properties":{"id":"p:agua-dulce:63","n":6,"sc":"#00ff00","fc":"#00ff00"},"geometry":{"type":"MultiLineString","coordinates":[[[5819.5,2363.4],[5809.9,2363.4],[5821.0,2364.3],[5819.5,2363.4]],[[5809.9,2363.4],[5821.0,2364.3],[5808,2364.3],[5809.9,2363.4]]]}},{"type":"Feature","properties":{"id":"p:agua-dulce:64","n":6,"sc":"#00ff00","fc":"#00ff00"},"geometry":{"type":"MultiLineString","coordinates":[[[5821.0,2364.3],[5808,2364.3],[5822.4,2365.8],[5821.0,2364.3]],[[5808,2364.3],[5822.4,2365.8],[5806.6,2365.8],[5808,2364.3]]]}},{"type":"Feature","properties":{"id":"p:agua-dulce:65","n":6,"sc":"#00ff00","fc":"#00ff00"},"geometry":{"type":"MultiLineString","coordinates":[[[5822.4,2365.8],[5806.6,2365.8],[5823.8,2367.2],[5822.4,2365.8]],[[5806.6,2365.8],[5823.8,2367.2],[5805.6,2367.2],[5806.6,2365.8]]]}},{"type":"Feature","properties":{"id":"p:agua-dulce:66","n":6,"sc":"#00ff00","fc":"#00ff00"},"geometry":{"type":"MultiLineString","coordinates":[[[5823.8,2367.2],[5805.6,2367.2],[5824.8,2369.1],[5823.8,2367.2]],[[5805.6,2367.2],[5824.8,2369.1],[5804.6,2369.1],[5805.6,2367.2]]]}},{"type":"Feature","properties":{"id":"p:agua-dulce:67","n":6,"sc":"#00ff00","fc":"#00ff00"},"geometry":{"type":"MultiLineString","coordinates":[[[5824.8,2369.1],[5804.6,2369.1],[5825.3,2371.0],[5824.8,2369.1]],[[5804.6,2369.1],[5825.3,2371.0],[5804.2,2371.0],[5804.6,2369.1]]]}},{"type":"Feature","properties":{"id":"p:agua-dulce:68","n":6,"sc":"#00ff00","fc":"#00ff00"},"geometry":{"type":"MultiLineString","coordinates":[[[5825.3,2371.0],[5804.2,2371.0],[5825.3,2373.0],[5825.3,2371.0]],[[5804.2,2371.0],[5825.3,2373.0],[5804.2,2373.0],[5804.2,2371.0]]]}},{"type":"Feature","properties":{"id":"p:agua-dulce:69","n":6,"sc":"#00ff00","fc":"#00ff00"},"geometry":{"type":"MultiLineString","coordinates":[[[5825.3,2373.0],[5804.2,2373.0],[5825.3,2374.9],[5825.3,2373.0]],[[5804.2,2373.0],[5825.3,2374.9],[5804.2,2374.9],[5804.2,2373.0]]]}},{"type":"Feature","properties":{"id":"p:agua-dulce:70","n":6,"sc":"#00ff00","fc":"#00ff00"},"geometry":{"type":"MultiLineString","coordinates":[[[5825.3,2374.9],[5804.2,2374.9],[5824.8,2376.8],[5825.3,2374.9]],[[5804.2,2374.9],[5824.8,2376.8],[5804.6,2376.8],[5804.2,2374.9]]]}},{"type":"Feature","properties":{"id":"p:agua-dulce:71","n":6,"sc":"#00ff00","fc":"#00ff00"},"geometry":{"type":"MultiLineString","coordinates":[[[5824.8,2376.8],[5804.6,2376.8],[5823.8,2378.2],[5824.8,2376.8]],[[5804.6,2376.8],[5823.8,2378.2],[5805.6,2378.2],[5804.6,2376.8]]]}},{"type":"Feature","properties":{"id":"p:agua-dulce:72","n":6,"sc":"#00ff00","fc":"#00ff00"},"geometry":{"type":"MultiLineString","coordinates":[[[5823.8,2378.2],[5805.6,2378.2],[5822.4,2380.2],[5823.8,2378.2]],[[5805.6,2378.2],[5822.4,2380.2],[5806.6,2380.2],[5805.6,2378.2]]]}},{"type":"Feature","properties":{"id":"p:agua-dulce:73","n":6,"sc":"#00ff00","fc":"#00ff00"},"geometry":{"type":"MultiLineString","coordinates":[[[5822.4,2380.2],[5806.6,2380.2],[5821.0,2381.1],[5822.4,2380.2]],[[5806.6,2380.2],[5821.0,2381.1],[5808,2381.1],[5806.6,2380.2]]]}},{"type":"Feature","properties":{"id":"p:agua-dulce:74","n":6,"sc":"#00ff00","fc":"#00ff00"},"geometry":{"type":"MultiLineString","coordinates":[[[5821.0,2381.1],[5808,2381.1],[5819.5,2382.6],[5821.0,2381.1]],[[5808,2381.1],[5819.5,2382.6],[5809.9,2382.6],[5808,2381.1]]]}},{"type":"Feature","properties":{"id":"p:agua-dulce:75","n":6,"sc":"#00ff00","fc":"#00ff00"},"geometry":{"type":"MultiLineString","coordinates":[[[5819.5,2382.6],[5809.9,2382.6],[5817.6,2383.0],[5819.5,2382.6]],[[5809.9,2382.6],[5817.6,2383.0],[5811.8,2383.0],[5809.9,2382.6]]]}},{"type":"Feature","properties":{"id":"p:agua-dulce:76","n":6,"sc":"#00ff00","fc":"#00ff00"},"geometry":{"type":"MultiLineString","coordinates":[[[5817.6,2383.0],[5811.8,2383.0],[5815.7,2383.5],[5817.6,2383.0]],[[5811.8,2383.0],[5815.7,2383.5],[5813.8,2383.5],[5811.8,2383.0]]]}},{"type":"Feature","properties":{"id":"p:agua-dulce:77","n":16,"sc":"#00ff00"},"geometry":{"type":"LineString","coordinates":[[5825.3,2372.7],[5824.4,2368.5],[5822.1,2365.1],[5818.7,2362.8],[5814.5,2361.9],[5810.3,2362.8],[5806.8,2365.1],[5804.5,2368.5],[5803.7,2372.7],[5804.5,2376.9],[5806.8,2380.4],[5810.3,2382.7],[5814.5,2383.5],[5818.7,2382.7],[5822.1,2380.4],[5824.4,2376.9],[5825.3,2372.7]]}},{"type":"Feature","properties":{"id":"p:agua-dulce:78","n":1,"sc":"#00ff00"},"geometry":{"type":"LineString","coordinates":[[5740.8,2409.9],[5810.4,2409.9]]}},{"type":"Feature","properties":{"id":"p:agua-dulce:79","n":6,"sc":"#00ff00","fc":"#00ff00"},"geometry":{"type":"MultiLineString","coordinates":[[[5921.8,2366.2],[5919.8,2366.2],[5923.7,2366.7],[5921.8,2366.2]],[[5919.8,2366.2],[5923.7,2366.7],[5917.9,2366.7],[5919.8,2366.2]]]}},{"type":"Feature","properties":{"id":"p:agua-dulce:80","n":6,"sc":"#00ff00","fc":"#00ff00"},"geometry":{"type":"MultiLineString","coordinates":[[[5923.7,2366.7],[5917.9,2366.7],[5925.6,2367.7],[5923.7,2366.7]],[[5917.9,2366.7],[5925.6,2367.7],[5916,2367.7],[5917.9,2366.7]]]}},{"type":"Feature","properties":{"id":"p:agua-dulce:81","n":6,"sc":"#00ff00","fc":"#00ff00"},"geometry":{"type":"MultiLineString","coordinates":[[[5925.6,2367.7],[5916,2367.7],[5927.0,2368.6],[5925.6,2367.7]],[[5916,2367.7],[5927.0,2368.6],[5914.1,2368.6],[5916,2367.7]]]}},{"type":"Feature","properties":{"id":"p:agua-dulce:82","n":6,"sc":"#00ff00","fc":"#00ff00"},"geometry":{"type":"MultiLineString","coordinates":[[[5927.0,2368.6],[5914.1,2368.6],[5928.5,2370.1],[5927.0,2368.6]],[[5914.1,2368.6],[5928.5,2370.1],[5912.6,2370.1],[5914.1,2368.6]]]}},{"type":"Feature","properties":{"id":"p:agua-dulce:83","n":6,"sc":"#00ff00","fc":"#00ff00"},"geometry":{"type":"MultiLineString","coordinates":[[[5928.5,2370.1],[5912.6,2370.1],[5929.9,2371.5],[5928.5,2370.1]],[[5912.6,2370.1],[5929.9,2371.5],[5911.7,2371.5],[5912.6,2370.1]]]}},{"type":"Feature","properties":{"id":"p:agua-dulce:84","n":6,"sc":"#00ff00","fc":"#00ff00"},"geometry":{"type":"MultiLineString","coordinates":[[[5929.9,2371.5],[5911.7,2371.5],[5930.9,2373.4],[5929.9,2371.5]],[[5911.7,2371.5],[5930.9,2373.4],[5910.7,2373.4],[5911.7,2371.5]]]}},{"type":"Feature","properties":{"id":"p:agua-dulce:85","n":6,"sc":"#00ff00","fc":"#00ff00"},"geometry":{"type":"MultiLineString","coordinates":[[[5930.9,2373.4],[5910.7,2373.4],[5931.4,2375.4],[5930.9,2373.4]],[[5910.7,2373.4],[5931.4,2375.4],[5910.2,2375.4],[5910.7,2373.4]]]}},{"type":"Feature","properties":{"id":"p:agua-dulce:86","n":6,"sc":"#00ff00","fc":"#00ff00"},"geometry":{"type":"MultiLineString","coordinates":[[[5931.4,2375.4],[5910.2,2375.4],[5931.4,2377.3],[5931.4,2375.4]],[[5910.2,2375.4],[5931.4,2377.3],[5910.2,2377.3],[5910.2,2375.4]]]}},{"type":"Feature","properties":{"id":"p:agua-dulce:87","n":6,"sc":"#00ff00","fc":"#00ff00"},"geometry":{"type":"MultiLineString","coordinates":[[[5931.4,2377.3],[5910.2,2377.3],[5931.4,2379.2],[5931.4,2377.3]],[[5910.2,2377.3],[5931.4,2379.2],[5910.2,2379.2],[5910.2,2377.3]]]}},{"type":"Feature","properties":{"id":"p:agua-dulce:88","n":6,"sc":"#00ff00","fc":"#00ff00"},"geometry":{"type":"MultiLineString","coordinates":[[[5931.4,2379.2],[5910.2,2379.2],[5930.9,2381.1],[5931.4,2379.2]],[[5910.2,2379.2],[5930.9,2381.1],[5910.7,2381.1],[5910.2,2379.2]]]}},{"type":"Feature","properties":{"id":"p:agua-dulce:89","n":6,"sc":"#00ff00","fc":"#00ff00"},"geometry":{"type":"MultiLineString","coordinates":[[[5930.9,2381.1],[5910.7,2381.1],[5929.9,2382.6],[5930.9,2381.1]],[[5910.7,2381.1],[5929.9,2382.6],[5911.7,2382.6],[5910.7,2381.1]]]}},{"type":"Feature","properties":{"id":"p:agua-dulce:90","n":6,"sc":"#00ff00","fc":"#00ff00"},"geometry":{"type":"MultiLineString","coordinates":[[[5929.9,2382.6],[5911.7,2382.6],[5928.5,2384.5],[5929.9,2382.6]],[[5911.7,2382.6],[5928.5,2384.5],[5912.6,2384.5],[5911.7,2382.6]]]}},{"type":"Feature","properties":{"id":"p:agua-dulce:91","n":6,"sc":"#00ff00","fc":"#00ff00"},"geometry":{"type":"MultiLineString","coordinates":[[[5928.5,2384.5],[5912.6,2384.5],[5927.0,2385.4],[5928.5,2384.5]],[[5912.6,2384.5],[5927.0,2385.4],[5914.1,2385.4],[5912.6,2384.5]]]}},{"type":"Feature","properties":{"id":"p:agua-dulce:92","n":6,"sc":"#00ff00","fc":"#00ff00"},"geometry":{"type":"MultiLineString","coordinates":[[[5927.0,2385.4],[5914.1,2385.4],[5925.6,2386.9],[5927.0,2385.4]],[[5914.1,2385.4],[5925.6,2386.9],[5916,2386.9],[5914.1,2385.4]]]}},{"type":"Feature","properties":{"id":"p:agua-dulce:93","n":6,"sc":"#00ff00","fc":"#00ff00"},"geometry":{"type":"MultiLineString","coordinates":[[[5925.6,2386.9],[5916,2386.9],[5923.7,2387.4],[5925.6,2386.9]],[[5916,2386.9],[5923.7,2387.4],[5917.9,2387.4],[5916,2386.9]]]}},{"type":"Feature","properties":{"id":"p:agua-dulce:94","n":6,"sc":"#00ff00","fc":"#00ff00"},"geometry":{"type":"MultiLineString","coordinates":[[[5923.7,2387.4],[5917.9,2387.4],[5921.8,2387.8],[5923.7,2387.4]],[[5917.9,2387.4],[5921.8,2387.8],[5919.8,2387.8],[5917.9,2387.4]]]}},{"type":"Feature","properties":{"id":"p:agua-dulce:95","n":16,"sc":"#00ff00"},"geometry":{"type":"LineString","coordinates":[[5931.4,2377.0],[5930.5,2372.8],[5928.2,2369.4],[5924.8,2367.1],[5920.6,2366.2],[5916.4,2367.1],[5912.9,2369.4],[5910.6,2372.8],[5909.8,2377.0],[5910.6,2381.2],[5912.9,2384.7],[5916.4,2387.0],[5920.6,2387.8],[5924.8,2387.0],[5928.2,2384.7],[5930.5,2381.2],[5931.4,2377.0]]}},{"type":"Feature","properties":{"id":"p:agua-dulce:96","n":1,"sc":"#00ff00"},"geometry":{"type":"LineString","coordinates":[[5925.1,2414.2],[5994.2,2414.2]]}},{"type":"Feature","properties":{"id":"p:agua-dulce:97","n":1,"sc":"#00ff00"},"geometry":{"type":"LineString","coordinates":[[5920.8,2377.3],[5920.8,2012.5]]}},{"type":"Feature","properties":{"id":"p:agua-dulce:98","n":1,"sc":"#00ff00"},"geometry":{"type":"LineString","coordinates":[[5814.7,2373.0],[5814.7,2046.6]]}},{"type":"Feature","properties":{"id":"p:agua-dulce:99","n":1,"sc":"#00ff00"},"geometry":{"type":"LineString","coordinates":[[2286.7,2697.4],[2287.2,2071.5]]}},{"type":"Feature","properties":{"id":"p:agua-dulce:100","n":1,"sc":"#00ff00"},"geometry":{"type":"LineString","coordinates":[[2263.2,2728.6],[2321.3,2728.6]]}},{"type":"Feature","properties":{"id":"p:agua-dulce:101","n":1,"sc":"#00ff00"},"geometry":{"type":"LineString","coordinates":[[2179.7,2715.2],[2248.8,2715.2]]}},{"type":"Feature","properties":{"id":"p:agua-dulce:102","n":1,"sc":"#00ff00"},"geometry":{"type":"LineString","coordinates":[[2304.5,2015.8],[2370.2,2015.8]]}},{"type":"Feature","properties":{"id":"p:agua-dulce:103","n":1,"sc":"#00ff00"},"geometry":{"type":"LineString","coordinates":[[3940.3,2153.1],[4000.3,2153.1]]}},{"type":"Feature","properties":{"id":"p:agua-dulce:104","n":1,"sc":"#00ff00"},"geometry":{"type":"LineString","coordinates":[[3640.8,2301.0],[3694.6,2301.0]]}},{"type":"Feature","properties":{"id":"p:agua-dulce:105","n":1,"sc":"#00ff00"},"geometry":{"type":"LineString","coordinates":[[2834.9,2149.8],[2893.9,2149.8]]}},{"type":"Feature","properties":{"id":"p:agua-dulce:106","n":1,"sc":"#00ff00"},"geometry":{"type":"LineString","coordinates":[[2873.8,2015.4],[2932.8,2015.4]]}},{"type":"Feature","properties":{"id":"p:agua-dulce:107","n":1,"sc":"#00ff00"},"geometry":{"type":"LineString","coordinates":[[2514.7,2164.6],[2582.9,2164.6]]}},{"type":"Feature","properties":{"id":"p:agua-dulce:108","n":1,"sc":"#00ff00"},"geometry":{"type":"LineString","coordinates":[[2671.2,2229.0],[2732.2,2229.0]]}},{"type":"Feature","properties":{"id":"p:agua-dulce:109","n":2,"sc":"#00ff00","fc":"#00ff00"},"geometry":{"type":"LineString","coordinates":[[4452,1141.8],[4453.9,1141.8],[4452,1141.8]]}},{"type":"Feature","properties":{"id":"p:agua-dulce:110","n":10,"sc":"#00ff00","fc":"#00ff00"},"geometry":{"type":"MultiLineString","coordinates":[[[4453.9,1141.8],[4452,1141.8],[4455.8,1142.2],[4453.9,1141.8]],[[4452,1141.8],[4455.8,1142.2],[4450.1,1142.2],[4452,1141.8]],[[4455.8,1142.2],[4450.1,1142.2],[4455.8,1142.2]],[[4450.1,1142.2],[4455.8,1142.2],[4450.1,1142.2]]]}},{"type":"Feature","properties":{"id":"p:agua-dulce:111","n":10,"sc":"#00ff00","fc":"#00ff00"},"geometry":{"type":"MultiLineString","coordinates":[[[4455.8,1142.2],[4450.1,1142.2],[4457.8,1142.7],[4455.8,1142.2]],[[4450.1,1142.2],[4457.8,1142.7],[4448.2,1142.7],[4450.1,1142.2]],[[4457.8,1142.7],[4448.2,1142.7],[4457.8,1142.7]],[[4448.2,1142.7],[4457.8,1142.7],[4448.2,1142.7]]]}},{"type":"Feature","properties":{"id":"p:agua-dulce:112","n":10,"sc":"#00ff00","fc":"#00ff00"},"geometry":{"type":"MultiLineString","coordinates":[[[4457.8,1142.7],[4448.2,1142.7],[4459.2,1143.7],[4457.8,1142.7]],[[4448.2,1142.7],[4459.2,1143.7],[4446.2,1143.7],[4448.2,1142.7]],[[4459.2,1143.7],[4446.2,1143.7],[4459.2,1143.7]],[[4446.2,1143.7],[4459.2,1143.7],[4446.2,1143.7]]]}},{"type":"Feature","properties":{"id":"p:agua-dulce:113","n":10,"sc":"#00ff00","fc":"#00ff00"},"geometry":{"type":"MultiLineString","coordinates":[[[4459.2,1143.7],[4446.2,1143.7],[4460.6,1145.1],[4459.2,1143.7]],[[4446.2,1143.7],[4460.6,1145.1],[4444.8,1145.1],[4446.2,1143.7]],[[4460.6,1145.1],[4444.8,1145.1],[4460.6,1145.1]],[[4444.8,1145.1],[4460.6,1145.1],[4444.8,1145.1]]]}},{"type":"Feature","properties":{"id":"p:agua-dulce:114","n":10,"sc":"#00ff00","fc":"#00ff00"},"geometry":{"type":"MultiLineString","coordinates":[[[4460.6,1145.1],[4444.8,1145.1],[4462.1,1146.6],[4460.6,1145.1]],[[4444.8,1145.1],[4462.1,1146.6],[4443.8,1146.6],[4444.8,1145.1]],[[4462.1,1146.6],[4443.8,1146.6],[4462.1,1146.6]],[[4443.8,1146.6],[4462.1,1146.6],[4443.8,1146.6]]]}},{"type":"Feature","properties":{"id":"p:agua-dulce:115","n":10,"sc":"#00ff00","fc":"#00ff00"},"geometry":{"type":"MultiLineString","coordinates":[[[4462.1,1146.6],[4443.8,1146.6],[4462.6,1148.5],[4462.1,1146.6]],[[4443.8,1146.6],[4462.6,1148.5],[4442.9,1148.5],[4443.8,1146.6]],[[4462.6,1148.5],[4442.9,1148.5],[4462.6,1148.5]],[[4442.9,1148.5],[4462.6,1148.5],[4442.9,1148.5]]]}},{"type":"Feature","properties":{"id":"p:agua-dulce:116","n":10,"sc":"#00ff00","fc":"#00ff00"},"geometry":{"type":"MultiLineString","coordinates":[[[4462.6,1148.5],[4442.9,1148.5],[4463.5,1150.4],[4462.6,1148.5]],[[4442.9,1148.5],[4463.5,1150.4],[4442.4,1150.4],[4442.9,1148.5]],[[4463.5,1150.4],[4442.4,1150.4],[4463.5,1150.4]],[[4442.4,1150.4],[4463.5,1150.4],[4442.4,1150.4]]]}},{"type":"Feature","properties":{"id":"p:agua-dulce:117","n":10,"sc":"#00ff00","fc":"#00ff00"},"geometry":{"type":"MultiLineString","coordinates":[[[4463.5,1150.4],[4442.4,1150.4],[4463.5,1152.3],[4463.5,1150.4]],[[4442.4,1150.4],[4463.5,1152.3],[4441.9,1152.3],[4442.4,1150.4]],[[4463.5,1152.3],[4441.9,1152.3],[4463.5,1152.3]],[[4441.9,1152.3],[4463.5,1152.3],[4441.9,1152.3]]]}},{"type":"Feature","properties":{"id":"p:agua-dulce:118","n":10,"sc":"#00ff00","fc":"#00ff00"},"geometry":{"type":"MultiLineString","coordinates":[[[4463.5,1152.3],[4441.9,1152.3],[4463.5,1154.2],[4463.5,1152.3]],[[4441.9,1152.3],[4463.5,1154.2],[4442.4,1154.2],[4441.9,1152.3]],[[4463.5,1154.2],[4442.4,1154.2],[4463.5,1154.2]],[[4442.4,1154.2],[4463.5,1154.2],[4442.4,1154.2]]]}},{"type":"Feature","properties":{"id":"p:agua-dulce:119","n":10,"sc":"#00ff00","fc":"#00ff00"},"geometry":{"type":"MultiLineString","coordinates":[[[4463.5,1154.2],[4442.4,1154.2],[4462.6,1156.6],[4463.5,1154.2]],[[4442.4,1154.2],[4462.6,1156.6],[4442.9,1156.6],[4442.4,1154.2]],[[4462.6,1156.6],[4442.9,1156.6],[4462.6,1156.6]],[[4442.9,1156.6],[4462.6,1156.6],[4442.9,1156.6]]]}},{"type":"Feature","properties":{"id":"p:agua-dulce:120","n":10,"sc":"#00ff00","fc":"#00ff00"},"geometry":{"type":"MultiLineString","coordinates":[[[4462.6,1156.6],[4442.9,1156.6],[4461.6,1158.1],[4462.6,1156.6]],[[4442.9,1156.6],[4461.6,1158.1],[4443.8,1158.1],[4442.9,1156.6]],[[4461.6,1158.1],[4443.8,1158.1],[4461.6,1158.1]],[[4443.8,1158.1],[4461.6,1158.1],[4443.8,1158.1]]]}},{"type":"Feature","properties":{"id":"p:agua-dulce:121","n":10,"sc":"#00ff00","fc":"#00ff00"},"geometry":{"type":"MultiLineString","coordinates":[[[4461.6,1158.1],[4443.8,1158.1],[4460.2,1160],[4461.6,1158.1]],[[4443.8,1158.1],[4460.2,1160],[4445.3,1160],[4443.8,1158.1]],[[4460.2,1160],[4445.3,1160],[4460.2,1160]],[[4445.3,1160],[4460.2,1160],[4445.3,1160]]]}},{"type":"Feature","properties":{"id":"p:agua-dulce:122","n":10,"sc":"#00ff00","fc":"#00ff00"},"geometry":{"type":"MultiLineString","coordinates":[[[4460.2,1160],[4445.3,1160],[4458.7,1161.4],[4460.2,1160]],[[4445.3,1160],[4458.7,1161.4],[4446.7,1161.4],[4445.3,1160]],[[4458.7,1161.4],[4446.7,1161.4],[4458.7,1161.4]],[[4446.7,1161.4],[4458.7,1161.4],[4446.7,1161.4]]]}},{"type":"Feature","properties":{"id":"p:agua-dulce:123","n":10,"sc":"#00ff00","fc":"#00ff00"},"geometry":{"type":"MultiLineString","coordinates":[[[4458.7,1161.4],[4446.7,1161.4],[4456.8,1162.4],[4458.7,1161.4]],[[4446.7,1161.4],[4456.8,1162.4],[4448.6,1162.4],[4446.7,1161.4]],[[4456.8,1162.4],[4448.6,1162.4],[4456.8,1162.4]],[[4448.6,1162.4],[4456.8,1162.4],[4448.6,1162.4]]]}},{"type":"Feature","properties":{"id":"p:agua-dulce:124","n":9,"sc":"#00ff00","fc":"#00ff00"},"geometry":{"type":"MultiLineString","coordinates":[[[4456.8,1162.4],[4448.6,1162.4],[4454.9,1162.9],[4456.8,1162.4]],[[4448.6,1162.4],[4454.9,1162.9],[4450.6,1162.9],[4448.6,1162.4]],[[4454.9,1162.9],[4450.6,1162.9],[4453.0,1162.9],[4454.9,1162.9]]]}},{"type":"Feature","properties":{"id":"p:agua-dulce:125","n":5,"sc":"#00ff00","fc":"#00ff00"},"geometry":{"type":"MultiLineString","coordinates":[[[4450.6,1162.9],[4454.9,1162.9],[4450.6,1162.9]],[[4454.9,1162.9],[4454.9,1162.9],[4450.6,1162.9],[4454.9,1162.9]]]}},{"type":"Feature","properties":{"id":"p:agua-dulce:126","n":1,"sc":"#00ff00"},"geometry":{"type":"LineString","coordinates":[[4397.3,1180.2],[4456.3,1180.6]]}},{"type":"Feature","properties":{"id":"p:agua-dulce:127","n":3,"sc":"#00ff00","fc":"#00ff00"},"geometry":{"type":"LineString","coordinates":[[4143.4,1325.1],[4144.3,1325.1],[4141.4,1325.1],[4143.4,1325.1]]}},{"type":"Feature","properties":{"id":"p:agua-dulce:128","n":6,"sc":"#00ff00","fc":"#00ff00"},"geometry":{"type":"MultiLineString","coordinates":[[[4144.3,1325.1],[4141.4,1325.1],[4145.8,1325.6],[4144.3,1325.1]],[[4141.4,1325.1],[4145.8,1325.6],[4140.5,1325.6],[4141.4,1325.1]]]}},{"type":"Feature","properties":{"id":"p:agua-dulce:129","n":6,"sc":"#00ff00","fc":"#00ff00"},"geometry":{"type":"MultiLineString","coordinates":[[[4145.8,1325.6],[4140.5,1325.6],[4146.2,1325.6],[4145.8,1325.6]],[[4140.5,1325.6],[4146.2,1325.6],[4139.5,1325.6],[4140.5,1325.6]]]}},{"type":"Feature","properties":{"id":"p:agua-dulce:130","n":6,"sc":"#00ff00","fc":"#00ff00"},"geometry":{"type":"MultiLineString","coordinates":[[[4146.2,1325.6],[4139.5,1325.6],[4147.7,1326.1],[4146.2,1325.6]],[[4139.5,1325.6],[4147.7,1326.1],[4138.6,1326.1],[4139.5,1325.6]]]}},{"type":"Feature","properties":{"id":"p:agua-dulce:131","n":6,"sc":"#00ff00","fc":"#00ff00"},"geometry":{"type":"MultiLineString","coordinates":[[[4147.7,1326.1],[4138.6,1326.1],[4148.2,1326.6],[4147.7,1326.1]],[[4138.6,1326.1],[4148.2,1326.6],[4137.6,1326.6],[4138.6,1326.1]]]}},{"type":"Feature","properties":{"id":"p:agua-dulce:132","n":6,"sc":"#00ff00","fc":"#00ff00"},"geometry":{"type":"MultiLineString","coordinates":[[[4148.2,1326.6],[4137.6,1326.6],[4149.1,1327.0],[4148.2,1326.6]],[[4137.6,1326.6],[4149.1,1327.0],[4136.6,1327.0],[4137.6,1326.6]]]}},{"type":"Feature","properties":{"id":"p:agua-dulce:133","n":6,"sc":"#00ff00","fc":"#00ff00"},"geometry":{"type":"MultiLineString","coordinates":[[[4149.1,1327.0],[4136.6,1327.0],[4150.1,1328],[4149.1,1327.0]],[[4136.6,1327.0],[4150.1,1328],[4135.7,1328],[4136.6,1327.0]]]}},{"type":"Feature","properties":{"id":"p:agua-dulce:134","n":6,"sc":"#00ff00","fc":"#00ff00"},"geometry":{"type":"MultiLineString","coordinates":[[[4150.1,1328],[4135.7,1328],[4151.0,1328.5],[4150.1,1328]],[[4135.7,1328],[4151.0,1328.5],[4135.2,1328.5],[4135.7,1328]]]}},{"type":"Feature","properties":{"id":"p:agua-dulce:135","n":6,"sc":"#00ff00","fc":"#00ff00"},"geometry":{"type":"MultiLineString","coordinates":[[[4151.0,1328.5],[4135.2,1328.5],[4151.5,1329.4],[4151.0,1328.5]],[[4135.2,1328.5],[4151.5,1329.4],[4134.2,1329.4],[4135.2,1328.5]]]}},{"type":"Feature","properties":{"id":"p:agua-dulce:136","n":6,"sc":"#00ff00","fc":"#00ff00"},"geometry":{"type":"MultiLineString","coordinates":[[[4151.5,1329.4],[4134.2,1329.4],[4152,1329.9],[4151.5,1329.4]],[[4134.2,1329.4],[4152,1329.9],[4133.8,1329.9],[4134.2,1329.4]]]}},{"type":"Feature","properties":{"id":"p:agua-dulce:137","n":6,"sc":"#00ff00","fc":"#00ff00"},"geometry":{"type":"MultiLineString","coordinates":[[[4152,1329.9],[4133.8,1329.9],[4152.5,1330.9],[4152,1329.9]],[[4133.8,1329.9],[4152.5,1330.9],[4133.3,1330.9],[4133.8,1329.9]]]}},{"type":"Feature","properties":{"id":"p:agua-dulce:138","n":6,"sc":"#00ff00","fc":"#00ff00"},"geometry":{"type":"MultiLineString","coordinates":[[[4152.5,1330.9],[4133.3,1330.9],[4153.0,1331.8],[4152.5,1330.9]],[[4133.3,1330.9],[4153.0,1331.8],[4132.8,1331.8],[4133.3,1330.9]]]}},{"type":"Feature","properties":{"id":"p:agua-dulce:139","n":6,"sc":"#00ff00","fc":"#00ff00"},"geometry":{"type":"MultiLineString","coordinates":[[[4153.0,1331.8],[4132.8,1331.8],[4153.4,1332.8],[4153.0,1331.8]],[[4132.8,1331.8],[4153.4,1332.8],[4132.3,1332.8],[4132.8,1331.8]]]}},{"type":"Feature","properties":{"id":"p:agua-dulce:140","n":6,"sc":"#00ff00","fc":"#00ff00"},"geometry":{"type":"MultiLineString","coordinates":[[[4153.4,1332.8],[4132.3,1332.8],[4153.4,1333.8],[4153.4,1332.8]],[[4132.3,1332.8],[4153.4,1333.8],[4132.3,1333.8],[4132.3,1332.8]]]}},{"type":"Feature","properties":{"id":"p:agua-dulce:141","n":6,"sc":"#00ff00","fc":"#00ff00"},"geometry":{"type":"MultiLineString","coordinates":[[[4153.4,1333.8],[4132.3,1333.8],[4153.9,1335.2],[4153.4,1333.8]],[[4132.3,1333.8],[4153.9,1335.2],[4132.3,1335.2],[4132.3,1333.8]]]}},{"type":"Feature","properties":{"id":"p:agua-dulce:142","n":6,"sc":"#00ff00","fc":"#00ff00"},"geometry":{"type":"MultiLineString","coordinates":[[[4153.9,1335.2],[4132.3,1335.2],[4153.9,1336.2],[4153.9,1335.2]],[[4132.3,1335.2],[4153.9,1336.2],[4132.3,1336.2],[4132.3,1335.2]]]}},{"type":"Feature","properties":{"id":"p:agua-dulce:143","n":6,"sc":"#00ff00","fc":"#00ff00"},"geometry":{"type":"MultiLineString","coordinates":[[[4153.9,1336.2],[4132.3,1336.2],[4153.9,1337.1],[4153.9,1336.2]],[[4132.3,1336.2],[4153.9,1337.1],[4132.3,1337.1],[4132.3,1336.2]]]}},{"type":"Feature","properties":{"id":"p:agua-dulce:144","n":6,"sc":"#00ff00","fc":"#00ff00"},"geometry":{"type":"MultiLineString","coordinates":[[[4153.9,1337.1],[4132.3,1337.1],[4153.4,1338.1],[4153.9,1337.1]],[[4132.3,1337.1],[4153.4,1338.1],[4132.3,1338.1],[4132.3,1337.1]]]}},{"type":"Feature","properties":{"id":"p:agua-dulce:145","n":6,"sc":"#00ff00","fc":"#00ff00"},"geometry":{"type":"MultiLineString","coordinates":[[[4153.4,1338.1],[4132.3,1338.1],[4153.4,1339.0],[4153.4,1338.1]],[[4132.3,1338.1],[4153.4,1339.0],[4132.3,1339.0],[4132.3,1338.1]]]}},{"type":"Feature","properties":{"id":"p:agua-dulce:146","n":6,"sc":"#00ff00","fc":"#00ff00"},"geometry":{"type":"MultiLineString","coordinates":[[[4153.4,1339.0],[4132.3,1339.0],[4153.0,1340],[4153.4,1339.0]],[[4132.3,1339.0],[4153.0,1340],[4132.8,1340],[4132.3,1339.0]]]}},{"type":"Feature","properties":{"id":"p:agua-dulce:147","n":6,"sc":"#00ff00","fc":"#00ff00"},"geometry":{"type":"MultiLineString","coordinates":[[[4153.0,1340],[4132.8,1340],[4152.5,1341.0],[4153.0,1340]],[[4132.8,1340],[4152.5,1341.0],[4133.3,1341.0],[4132.8,1340]]]}},{"type":"Feature","properties":{"id":"p:agua-dulce:148","n":6,"sc":"#00ff00","fc":"#00ff00"},"geometry":{"type":"MultiLineString","coordinates":[[[4152.5,1341.0],[4133.3,1341.0],[4152,1341.9],[4152.5,1341.0]],[[4133.3,1341.0],[4152,1341.9],[4133.8,1341.9],[4133.3,1341.0]]]}},{"type":"Feature","properties":{"id":"p:agua-dulce:149","n":6,"sc":"#00ff00","fc":"#00ff00"},"geometry":{"type":"MultiLineString","coordinates":[[[4152,1341.9],[4133.8,1341.9],[4151.5,1342.9],[4152,1341.9]],[[4133.8,1341.9],[4151.5,1342.9],[4134.2,1342.9],[4133.8,1341.9]]]}},{"type":"Feature","properties":{"id":"p:agua-dulce:150","n":6,"sc":"#00ff00","fc":"#00ff00"},"geometry":{"type":"MultiLineString","coordinates":[[[4151.5,1342.9],[4134.2,1342.9],[4151.0,1343.4],[4151.5,1342.9]],[[4134.2,1342.9],[4151.0,1343.4],[4135.2,1343.4],[4134.2,1342.9]]]}},{"type":"Feature","properties":{"id":"p:agua-dulce:151","n":6,"sc":"#00ff00","fc":"#00ff00"},"geometry":{"type":"MultiLineString","coordinates":[[[4151.0,1343.4],[4135.2,1343.4],[4150.1,1344.3],[4151.0,1343.4]],[[4135.2,1343.4],[4150.1,1344.3],[4135.7,1344.3],[4135.2,1343.4]]]}},{"type":"Feature","properties":{"id":"p:agua-dulce:152","n":6,"sc":"#00ff00","fc":"#00ff00"},"geometry":{"type":"MultiLineString","coordinates":[[[4150.1,1344.3],[4135.7,1344.3],[4149.1,1344.8],[4150.1,1344.3]],[[4135.7,1344.3],[4149.1,1344.8],[4136.6,1344.8],[4135.7,1344.3]]]}},{"type":"Feature","properties":{"id":"p:agua-dulce:153","n":6,"sc":"#00ff00","fc":"#00ff00"},"geometry":{"type":"MultiLineString","coordinates":[[[4149.1,1344.8],[4136.6,1344.8],[4148.2,1345.3],[4149.1,1344.8]],[[4136.6,1344.8],[4148.2,1345.3],[4137.6,1345.3],[4136.6,1344.8]]]}},{"type":"Feature","properties":{"id":"p:agua-dulce:154","n":6,"sc":"#00ff00","fc":"#00ff00"},"geometry":{"type":"MultiLineString","coordinates":[[[4148.2,1345.3],[4137.6,1345.3],[4147.7,1345.8],[4148.2,1345.3]],[[4137.6,1345.3],[4147.7,1345.8],[4138.6,1345.8],[4137.6,1345.3]]]}},{"type":"Feature","properties":{"id":"p:agua-dulce:155","n":6,"sc":"#00ff00","fc":"#00ff00"},"geometry":{"type":"MultiLineString","coordinates":[[[4147.7,1345.8],[4138.6,1345.8],[4146.2,1346.2],[4147.7,1345.8]],[[4138.6,1345.8],[4146.2,1346.2],[4139.5,1346.2],[4138.6,1345.8]]]}},{"type":"Feature","properties":{"id":"p:agua-dulce:156","n":6,"sc":"#00ff00","fc":"#00ff00"},"geometry":{"type":"MultiLineString","coordinates":[[[4146.2,1346.2],[4139.5,1346.2],[4145.8,1346.7],[4146.2,1346.2]],[[4139.5,1346.2],[4145.8,1346.7],[4140.5,1346.7],[4139.5,1346.2]]]}},{"type":"Feature","properties":{"id":"p:agua-dulce:157","n":6,"sc":"#00ff00","fc":"#00ff00"},"geometry":{"type":"MultiLineString","coordinates":[[[4140.5,1346.7],[4141.4,1346.7],[4144.3,1346.7],[4140.5,1346.7]],[[4141.4,1346.7],[4144.3,1346.7],[4143.4,1346.7],[4141.4,1346.7]]]}},{"type":"Feature","properties":{"id":"p:agua-dulce:158","n":3,"sc":"#00ff00","fc":"#00ff00"},"geometry":{"type":"LineString","coordinates":[[4140.5,1346.7],[4145.8,1346.7],[4144.3,1346.7],[4140.5,1346.7]]}},{"type":"Feature","properties":{"id":"p:agua-dulce:159","n":1,"sc":"#00ff00"},"geometry":{"type":"LineString","coordinates":[[4079.0,1364],[4139.0,1364]]}},{"type":"Feature","properties":{"id":"p:agua-dulce:160","n":1,"sc":"#00ff00"},"geometry":{"type":"LineString","coordinates":[[3873.1,1673.6],[3935.0,1673.6]]}},{"type":"Feature","properties":{"id":"p:agua-dulce:161","n":2,"sc":"#00ff00","fc":"#00ff00"},"geometry":{"type":"LineString","coordinates":[[5539.7,571.5],[5541.6,571.5],[5539.7,571.5]]}},{"type":"Feature","properties":{"id":"p:agua-dulce:162","n":10,"sc":"#00ff00","fc":"#00ff00"},"geometry":{"type":"MultiLineString","coordinates":[[[5541.6,571.5],[5539.7,571.5],[5543.5,572],[5541.6,571.5]],[[5539.7,571.5],[5543.5,572],[5537.8,572],[5539.7,571.5]],[[5543.5,572],[5537.8,572],[5543.5,572]],[[5537.8,572],[5543.5,572],[5537.8,572]]]}},{"type":"Feature","properties":{"id":"p:agua-dulce:163","n":10,"sc":"#00ff00","fc":"#00ff00"},"geometry":{"type":"MultiLineString","coordinates":[[[5543.5,572],[5537.8,572],[5545.4,572.5],[5543.5,572]],[[5537.8,572],[5545.4,572.5],[5535.8,572.5],[5537.8,572]],[[5545.4,572.5],[5535.8,572.5],[5545.4,572.5]],[[5535.8,572.5],[5545.4,572.5],[5535.8,572.5]]]}},{"type":"Feature","properties":{"id":"p:agua-dulce:164","n":10,"sc":"#00ff00","fc":"#00ff00"},"geometry":{"type":"MultiLineString","coordinates":[[[5545.4,572.5],[5535.8,572.5],[5546.9,573.4],[5545.4,572.5]],[[5535.8,572.5],[5546.9,573.4],[5533.9,573.4],[5535.8,572.5]],[[5546.9,573.4],[5533.9,573.4],[5546.9,573.4]],[[5533.9,573.4],[5546.9,573.4],[5533.9,573.4]]]}},{"type":"Feature","properties":{"id":"p:agua-dulce:165","n":10,"sc":"#00ff00","fc":"#00ff00"},"geometry":{"type":"MultiLineString","coordinates":[[[5546.9,573.4],[5533.9,573.4],[5548.3,574.9],[5546.9,573.4]],[[5533.9,573.4],[5548.3,574.9],[5532.5,574.9],[5533.9,573.4]],[[5548.3,574.9],[5532.5,574.9],[5548.3,574.9]],[[5532.5,574.9],[5548.3,574.9],[5532.5,574.9]]]}},{"type":"Feature","properties":{"id":"p:agua-dulce:166","n":10,"sc":"#00ff00","fc":"#00ff00"},"geometry":{"type":"MultiLineString","coordinates":[[[5548.3,574.9],[5532.5,574.9],[5549.8,576.8],[5548.3,574.9]],[[5532.5,574.9],[5549.8,576.8],[5531.5,576.8],[5532.5,574.9]],[[5549.8,576.8],[5531.5,576.8],[5549.8,576.8]],[[5531.5,576.8],[5549.8,576.8],[5531.5,576.8]]]}},{"type":"Feature","properties":{"id":"p:agua-dulce:167","n":10,"sc":"#00ff00","fc":"#00ff00"},"geometry":{"type":"MultiLineString","coordinates":[[[5549.8,576.8],[5531.5,576.8],[5550.2,578.2],[5549.8,576.8]],[[5531.5,576.8],[5550.2,578.2],[5530.6,578.2],[5531.5,576.8]],[[5550.2,578.2],[5530.6,578.2],[5550.2,578.2]],[[5530.6,578.2],[5550.2,578.2],[5530.6,578.2]]]}},{"type":"Feature","properties":{"id":"p:agua-dulce:168","n":10,"sc":"#00ff00","fc":"#00ff00"},"geometry":{"type":"MultiLineString","coordinates":[[[5550.2,578.2],[5530.6,578.2],[5550.7,580.2],[5550.2,578.2]],[[5530.6,578.2],[5550.7,580.2],[5530.1,580.2],[5530.6,578.2]],[[5550.7,580.2],[5530.1,580.2],[5550.7,580.2]],[[5530.1,580.2],[5550.7,580.2],[5530.1,580.2]]]}},{"type":"Feature","properties":{"id":"p:agua-dulce:169","n":10,"sc":"#00ff00","fc":"#00ff00"},"geometry":{"type":"MultiLineString","coordinates":[[[5550.7,580.2],[5530.1,580.2],[5551.2,582.1],[5550.7,580.2]],[[5530.1,580.2],[5551.2,582.1],[5529.6,582.1],[5530.1,580.2]],[[5551.2,582.1],[5529.6,582.1],[5551.2,582.1]],[[5529.6,582.1],[5551.2,582.1],[5529.6,582.1]]]}},{"type":"Feature","properties":{"id":"p:agua-dulce:170","n":10,"sc":"#00ff00","fc":"#00ff00"},"geometry":{"type":"MultiLineString","coordinates":[[[5551.2,582.1],[5529.6,582.1],[5550.7,584.5],[5551.2,582.1]],[[5529.6,582.1],[5550.7,584.5],[5530.1,584.5],[5529.6,582.1]],[[5550.7,584.5],[5530.1,584.5],[5550.7,584.5]],[[5530.1,584.5],[5550.7,584.5],[5530.1,584.5]]]}},{"type":"Feature","properties":{"id":"p:agua-dulce:171","n":10,"sc":"#00ff00","fc":"#00ff00"},"geometry":{"type":"MultiLineString","coordinates":[[[5550.7,584.5],[5530.1,584.5],[5550.2,586.4],[5550.7,584.5]],[[5530.1,584.5],[5550.2,586.4],[5530.6,586.4],[5530.1,584.5]],[[5550.2,586.4],[5530.6,586.4],[5550.2,586.4]],[[5530.6,586.4],[5550.2,586.4],[5530.6,586.4]]]}},{"type":"Feature","properties":{"id":"p:agua-dulce:172","n":10,"sc":"#00ff00","fc":"#00ff00"},"geometry":{"type":"MultiLineString","coordinates":[[[5550.2,586.4],[5530.6,586.4],[5549.3,588.3],[5550.2,586.4]],[[5530.6,586.4],[5549.3,588.3],[5531.5,588.3],[5530.6,586.4]],[[5549.3,588.3],[5531.5,588.3],[5549.3,588.3]],[[5531.5,588.3],[5549.3,588.3],[5531.5,588.3]]]}},{"type":"Feature","properties":{"id":"p:agua-dulce:173","n":10,"sc":"#00ff00","fc":"#00ff00"},"geometry":{"type":"MultiLineString","coordinates":[[[5549.3,588.3],[5531.5,588.3],[5547.8,589.8],[5549.3,588.3]],[[5531.5,588.3],[5547.8,589.8],[5533.0,589.8],[5531.5,588.3]],[[5547.8,589.8],[5533.0,589.8],[5547.8,589.8]],[[5533.0,589.8],[5547.8,589.8],[5533.0,589.8]]]}},{"type":"Feature","properties":{"id":"p:agua-dulce:174","n":10,"sc":"#00ff00","fc":"#00ff00"},"geometry":{"type":"MultiLineString","coordinates":[[[5547.8,589.8],[5533.0,589.8],[5546.4,591.2],[5547.8,589.8]],[[5533.0,589.8],[5546.4,591.2],[5534.4,591.2],[5533.0,589.8]],[[5546.4,591.2],[5534.4,591.2],[5546.4,591.2]],[[5534.4,591.2],[5546.4,591.2],[5534.4,591.2]]]}},{"type":"Feature","properties":{"id":"p:agua-dulce:175","n":10,"sc":"#00ff00","fc":"#00ff00"},"geometry":{"type":"MultiLineString","coordinates":[[[5546.4,591.2],[5534.4,591.2],[5544.5,592.2],[5546.4,591.2]],[[5534.4,591.2],[5544.5,592.2],[5536.3,592.2],[5534.4,591.2]],[[5544.5,592.2],[5536.3,592.2],[5544.5,592.2]],[[5536.3,592.2],[5544.5,592.2],[5536.3,592.2]]]}},{"type":"Feature","properties":{"id":"p:agua-dulce:176","n":9,"sc":"#00ff00","fc":"#00ff00"},"geometry":{"type":"MultiLineString","coordinates":[[[5544.5,592.2],[5536.3,592.2],[5542.6,592.6],[5544.5,592.2]],[[5536.3,592.2],[5542.6,592.6],[5538.2,592.6],[5536.3,592.2]],[[5542.6,592.6],[5538.2,592.6],[5540.6,593.1],[5542.6,592.6]]]}},{"type":"Feature","properties":{"id":"p:agua-dulce:177","n":5,"sc":"#00ff00","fc":"#00ff00"},"geometry":{"type":"MultiLineString","coordinates":[[[5538.2,592.6],[5542.6,592.6],[5538.2,592.6]],[[5542.6,592.6],[5542.6,592.6],[5538.2,592.6],[5542.6,592.6]]]}},{"type":"Feature","properties":{"id":"p:agua-dulce:178","n":1,"sc":"#00ff00"},"geometry":{"type":"LineString","coordinates":[[5555.0,574.4],[5624.2,574.4]]}},{"type":"Feature","properties":{"id":"p:agua-dulce:179","n":2,"sc":"#00ff00","fc":"#00ff00"},"geometry":{"type":"LineString","coordinates":[[3517.9,837.4],[3519.8,837.4],[3517.9,837.4]]}},{"type":"Feature","properties":{"id":"p:agua-dulce:180","n":10,"sc":"#00ff00","fc":"#00ff00"},"geometry":{"type":"MultiLineString","coordinates":[[[3519.8,837.4],[3517.9,837.4],[3521.8,837.9],[3519.8,837.4]],[[3517.9,837.4],[3521.8,837.9],[3516,837.9],[3517.9,837.4]],[[3521.8,837.9],[3516,837.9],[3521.8,837.9]],[[3516,837.9],[3521.8,837.9],[3516,837.9]]]}},{"type":"Feature","properties":{"id":"p:agua-dulce:181","n":10,"sc":"#00ff00","fc":"#00ff00"},"geometry":{"type":"MultiLineString","coordinates":[[[3521.8,837.9],[3516,837.9],[3523.7,838.4],[3521.8,837.9]],[[3516,837.9],[3523.7,838.4],[3514.1,838.4],[3516,837.9]],[[3523.7,838.4],[3514.1,838.4],[3523.7,838.4]],[[3514.1,838.4],[3523.7,838.4],[3514.1,838.4]]]}},{"type":"Feature","properties":{"id":"p:agua-dulce:182","n":9,"sc":"#00ff00","fc":"#00ff00"},"geometry":{"type":"MultiLineString","coordinates":[[[3523.7,838.4],[3514.1,838.4],[3525.1,839.4],[3523.7,838.4]],[[3514.1,838.4],[3525.1,839.4],[3512.6,839.4],[3514.1,838.4]],[[3525.1,839.4],[3512.6,839.4],[3512.2,839.4],[3525.1,839.4]]]}},{"type":"Feature","properties":{"id":"p:agua-dulce:183","n":2,"sc":"#00ff00","fc":"#00ff00"},"geometry":{"type":"LineString","coordinates":[[3512.6,839.4],[3525.1,839.4],[3512.6,839.4]]}},{"type":"Feature","properties":{"id":"p:agua-dulce:184","n":10,"sc":"#00ff00","fc":"#00ff00"},"geometry":{"type":"MultiLineString","coordinates":[[[3525.1,839.4],[3512.2,839.4],[3526.6,840.8],[3525.1,839.4]],[[3512.2,839.4],[3526.6,840.8],[3510.7,840.8],[3512.2,839.4]],[[3526.6,840.8],[3510.7,840.8],[3526.6,840.8]],[[3510.7,840.8],[3526.6,840.8],[3510.7,840.8]]]}},{"type":"Feature","properties":{"id":"p:agua-dulce:185","n":10,"sc":"#00ff00","fc":"#00ff00"},"geometry":{"type":"MultiLineString","coordinates":[[[3526.6,840.8],[3510.7,840.8],[3528,842.2],[3526.6,840.8]],[[3510.7,840.8],[3528,842.2],[3509.8,842.2],[3510.7,840.8]],[[3528,842.2],[3509.8,842.2],[3528,842.2]],[[3509.8,842.2],[3528,842.2],[3509.8,842.2]]]}},{"type":"Feature","properties":{"id":"p:agua-dulce:186","n":10,"sc":"#00ff00","fc":"#00ff00"},"geometry":{"type":"MultiLineString","coordinates":[[[3528,842.2],[3509.8,842.2],[3529.0,844.2],[3528,842.2]],[[3509.8,842.2],[3529.0,844.2],[3508.8,844.2],[3509.8,842.2]],[[3529.0,844.2],[3508.8,844.2],[3529.0,844.2]],[[3508.8,844.2],[3529.0,844.2],[3508.8,844.2]]]}},{"type":"Feature","properties":{"id":"p:agua-dulce:187","n":10,"sc":"#00ff00","fc":"#00ff00"},"geometry":{"type":"MultiLineString","coordinates":[[[3529.0,844.2],[3508.8,844.2],[3529.4,846.1],[3529.0,844.2]],[[3508.8,844.2],[3529.4,846.1],[3508.3,846.1],[3508.8,844.2]],[[3529.4,846.1],[3508.3,846.1],[3529.4,846.1]],[[3508.3,846.1],[3529.4,846.1],[3508.3,846.1]]]}},{"type":"Feature","properties":{"id":"p:agua-dulce:188","n":10,"sc":"#00ff00","fc":"#00ff00"},"geometry":{"type":"MultiLineString","coordinates":[[[3529.4,846.1],[3508.3,846.1],[3529.4,848],[3529.4,846.1]],[[3508.3,846.1],[3529.4,848],[3508.3,848],[3508.3,846.1]],[[3529.4,848],[3508.3,848],[3529.4,848]],[[3508.3,848],[3529.4,848],[3508.3,848]]]}},{"type":"Feature","properties":{"id":"p:agua-dulce:189","n":10,"sc":"#00ff00","fc":"#00ff00"},"geometry":{"type":"MultiLineString","coordinates":[[[3529.4,848],[3508.3,848],[3529.4,849.9],[3529.4,848]],[[3508.3,848],[3529.4,849.9],[3508.3,849.9],[3508.3,848]],[[3529.4,849.9],[3508.3,849.9],[3529.4,849.9]],[[3508.3,849.9],[3529.4,849.9],[3508.3,849.9]]]}},{"type":"Feature","properties":{"id":"p:agua-dulce:190","n":10,"sc":"#00ff00","fc":"#00ff00"},"geometry":{"type":"MultiLineString","coordinates":[[[3529.4,849.9],[3508.3,849.9],[3528.5,852.3],[3529.4,849.9]],[[3508.3,849.9],[3528.5,852.3],[3508.8,852.3],[3508.3,849.9]],[[3528.5,852.3],[3508.8,852.3],[3528.5,852.3]],[[3508.8,852.3],[3528.5,852.3],[3508.8,852.3]]]}},{"type":"Feature","properties":{"id":"p:agua-dulce:191","n":6,"sc":"#00ff00","fc":"#00ff00"},"geometry":{"type":"MultiLineString","coordinates":[[[3528.5,852.3],[3508.8,852.3],[3527.5,853.8],[3528.5,852.3]],[[3508.8,852.3],[3527.5,853.8],[3509.8,853.8],[3508.8,852.3]]]}},{"type":"Feature","properties":{"id":"p:agua-dulce:192","n":6,"sc":"#00ff00","fc":"#00ff00"},"geometry":{"type":"MultiLineString","coordinates":[[[3527.5,853.8],[3509.8,853.8],[3527.5,854.2],[3527.5,853.8]],[[3509.8,853.8],[3527.5,854.2],[3509.8,854.2],[3509.8,853.8]]]}},{"type":"Feature","properties":{"id":"p:agua-dulce:193","n":10,"sc":"#00ff00","fc":"#00ff00"},"geometry":{"type":"MultiLineString","coordinates":[[[3527.5,854.2],[3509.8,854.2],[3526.6,855.7],[3527.5,854.2]],[[3509.8,854.2],[3526.6,855.7],[3511.2,855.7],[3509.8,854.2]],[[3526.6,855.7],[3511.2,855.7],[3526.6,855.7]],[[3511.2,855.7],[3526.6,855.7],[3511.2,855.7]]]}},{"type":"Feature","properties":{"id":"p:agua-dulce:194","n":10,"sc":"#00ff00","fc":"#00ff00"},"geometry":{"type":"MultiLineString","coordinates":[[[3526.6,855.7],[3511.2,855.7],[3524.6,857.1],[3526.6,855.7]],[[3511.2,855.7],[3524.6,857.1],[3513.1,857.1],[3511.2,855.7]],[[3524.6,857.1],[3513.1,857.1],[3524.6,857.1]],[[3513.1,857.1],[3524.6,857.1],[3513.1,857.1]]]}},{"type":"Feature","properties":{"id":"p:agua-dulce:195","n":10,"sc":"#00ff00","fc":"#00ff00"},"geometry":{"type":"MultiLineString","coordinates":[[[3524.6,857.1],[3513.1,857.1],[3522.7,858.1],[3524.6,857.1]],[[3513.1,857.1],[3522.7,858.1],[3514.6,858.1],[3513.1,857.1]],[[3522.7,858.1],[3514.6,858.1],[3522.7,858.1]],[[3514.6,858.1],[3522.7,858.1],[3514.6,858.1]]]}},{"type":"Feature","properties":{"id":"p:agua-dulce:196","n":9,"sc":"#00ff00","fc":"#00ff00"},"geometry":{"type":"MultiLineString","coordinates":[[[3522.7,858.1],[3514.6,858.1],[3520.8,858.6],[3522.7,858.1]],[[3514.6,858.1],[3520.8,858.6],[3517.0,858.6],[3514.6,858.1]],[[3520.8,858.6],[3517.0,858.6],[3518.9,858.6],[3520.8,858.6]]]}},{"type":"Feature","properties":{"id":"p:agua-dulce:197","n":5,"sc":"#00ff00","fc":"#00ff00"},"geometry":{"type":"MultiLineString","coordinates":[[[3517.0,858.6],[3520.8,858.6],[3517.0,858.6]],[[3520.8,858.6],[3520.8,858.6],[3517.0,858.6],[3520.8,858.6]]]}},{"type":"Feature","properties":{"id":"p:agua-dulce:198","n":1,"sc":"#00ff00"},"geometry":{"type":"LineString","coordinates":[[3462.2,876.3],[3523.2,876.3]]}},{"type":"Feature","properties":{"id":"p:agua-dulce:199","n":2,"sc":"#00ff00","fc":"#00ff00"},"geometry":{"type":"LineString","coordinates":[[1982.9,1608.3],[1984.8,1608.3],[1982.9,1608.3]]}},{"type":"Feature","properties":{"id":"p:agua-dulce:200","n":10,"sc":"#00ff00","fc":"#00ff00"},"geometry":{"type":"MultiLineString","coordinates":[[[1984.8,1608.3],[1982.9,1608.3],[1986.7,1608.8],[1984.8,1608.3]],[[1982.9,1608.3],[1986.7,1608.8],[1981.0,1608.8],[1982.9,1608.3]],[[1986.7,1608.8],[1981.0,1608.8],[1986.7,1608.8]],[[1981.0,1608.8],[1986.7,1608.8],[1981.0,1608.8]]]}},{"type":"Feature","properties":{"id":"p:agua-dulce:201","n":10,"sc":"#00ff00","fc":"#00ff00"},"geometry":{"type":"MultiLineString","coordinates":[[[1986.7,1608.8],[1981.0,1608.8],[1988.6,1609.3],[1986.7,1608.8]],[[1981.0,1608.8],[1988.6,1609.3],[1979.0,1609.3],[1981.0,1608.8]],[[1988.6,1609.3],[1979.0,1609.3],[1988.6,1609.3]],[[1979.0,1609.3],[1988.6,1609.3],[1979.0,1609.3]]]}},{"type":"Feature","properties":{"id":"p:agua-dulce:202","n":10,"sc":"#00ff00","fc":"#00ff00"},"geometry":{"type":"MultiLineString","coordinates":[[[1988.6,1609.3],[1979.0,1609.3],[1990.1,1610.2],[1988.6,1609.3]],[[1979.0,1609.3],[1990.1,1610.2],[1977.6,1610.2],[1979.0,1609.3]],[[1990.1,1610.2],[1977.6,1610.2],[1990.1,1610.2]],[[1977.6,1610.2],[1990.1,1610.2],[1977.6,1610.2]]]}},{"type":"Feature","properties":{"id":"p:agua-dulce:203","n":6,"sc":"#00ff00","fc":"#00ff00"},"geometry":{"type":"MultiLineString","coordinates":[[[1990.1,1610.2],[1977.6,1610.2],[1991.5,1611.7],[1990.1,1610.2]],[[1977.6,1610.2],[1991.5,1611.7],[1976.2,1611.7],[1977.6,1610.2]]]}},{"type":"Feature","properties":{"id":"p:agua-dulce:204","n":6,"sc":"#00ff00","fc":"#00ff00"},"geometry":{"type":"LineString","coordinates":[[1992,1611.7],[1992,1611.7],[1976.2,1611.7],[1992,1611.7],[1976.2,1611.7],[1991.5,1611.7],[1992,1611.7]]}},{"type":"Feature","properties":{"id":"p:agua-dulce:205","n":10,"sc":"#00ff00","fc":"#00ff00"},"geometry":{"type":"MultiLineString","coordinates":[[[1992,1611.7],[1976.2,1611.7],[1993.0,1613.1],[1992,1611.7]],[[1976.2,1611.7],[1993.0,1613.1],[1974.7,1613.1],[1976.2,1611.7]],[[1993.0,1613.1],[1974.7,1613.1],[1993.0,1613.1]],[[1974.7,1613.1],[1993.0,1613.1],[1974.7,1613.1]]]}},{"type":"Feature","properties":{"id":"p:agua-dulce:206","n":10,"sc":"#00ff00","fc":"#00ff00"},"geometry":{"type":"MultiLineString","coordinates":[[[1993.0,1613.1],[1974.7,1613.1],[1993.9,1615.0],[1993.0,1613.1]],[[1974.7,1613.1],[1993.9,1615.0],[1973.8,1615.0],[1974.7,1613.1]],[[1993.9,1615.0],[1973.8,1615.0],[1993.9,1615.0]],[[1973.8,1615.0],[1993.9,1615.0],[1973.8,1615.0]]]}},{"type":"Feature","properties":{"id":"p:agua-dulce:207","n":10,"sc":"#00ff00","fc":"#00ff00"},"geometry":{"type":"MultiLineString","coordinates":[[[1993.9,1615.0],[1973.8,1615.0],[1994.4,1617.0],[1993.9,1615.0]],[[1973.8,1615.0],[1994.4,1617.0],[1973.3,1617.0],[1973.8,1615.0]],[[1994.4,1617.0],[1973.3,1617.0],[1994.4,1617.0]],[[1973.3,1617.0],[1994.4,1617.0],[1973.3,1617.0]]]}},{"type":"Feature","properties":{"id":"p:agua-dulce:208","n":10,"sc":"#00ff00","fc":"#00ff00"},"geometry":{"type":"MultiLineString","coordinates":[[[1994.4,1617.0],[1973.3,1617.0],[1994.4,1618.9],[1994.4,1617.0]],[[1973.3,1617.0],[1994.4,1618.9],[1973.3,1618.9],[1973.3,1617.0]],[[1994.4,1618.9],[1973.3,1618.9],[1994.4,1618.9]],[[1973.3,1618.9],[1994.4,1618.9],[1973.3,1618.9]]]}},{"type":"Feature","properties":{"id":"p:agua-dulce:209","n":10,"sc":"#00ff00","fc":"#00ff00"},"geometry":{"type":"MultiLineString","coordinates":[[[1994.4,1618.9],[1973.3,1618.9],[1994.4,1620.8],[1994.4,1618.9]],[[1973.3,1618.9],[1994.4,1620.8],[1973.3,1620.8],[1973.3,1618.9]],[[1994.4,1620.8],[1973.3,1620.8],[1994.4,1620.8]],[[1973.3,1620.8],[1994.4,1620.8],[1973.3,1620.8]]]}},{"type":"Feature","properties":{"id":"p:agua-dulce:210","n":10,"sc":"#00ff00","fc":"#00ff00"},"geometry":{"type":"MultiLineString","coordinates":[[[1994.4,1620.8],[1973.3,1620.8],[1993.9,1623.2],[1994.4,1620.8]],[[1973.3,1620.8],[1993.9,1623.2],[1973.8,1623.2],[1973.3,1620.8]],[[1993.9,1623.2],[1973.8,1623.2],[1993.9,1623.2]],[[1973.8,1623.2],[1993.9,1623.2],[1973.8,1623.2]]]}},{"type":"Feature","properties":{"id":"p:agua-dulce:211","n":10,"sc":"#00ff00","fc":"#00ff00"},"geometry":{"type":"MultiLineString","coordinates":[[[1993.9,1623.2],[1973.8,1623.2],[1993.0,1624.6],[1993.9,1623.2]],[[1973.8,1623.2],[1993.0,1624.6],[1975.2,1624.6],[1973.8,1623.2]],[[1993.0,1624.6],[1975.2,1624.6],[1993.0,1624.6]],[[1975.2,1624.6],[1993.0,1624.6],[1975.2,1624.6]]]}},{"type":"Feature","properties":{"id":"p:agua-dulce:212","n":10,"sc":"#00ff00","fc":"#00ff00"},"geometry":{"type":"MultiLineString","coordinates":[[[1993.0,1624.6],[1975.2,1624.6],[1991.5,1626.6],[1993.0,1624.6]],[[1975.2,1624.6],[1991.5,1626.6],[1976.2,1626.6],[1975.2,1624.6]],[[1991.5,1626.6],[1976.2,1626.6],[1991.5,1626.6]],[[1976.2,1626.6],[1991.5,1626.6],[1976.2,1626.6]]]}},{"type":"Feature","properties":{"id":"p:agua-dulce:213","n":10,"sc":"#00ff00","fc":"#00ff00"},"geometry":{"type":"MultiLineString","coordinates":[[[1991.5,1626.6],[1976.2,1626.6],[1989.6,1628],[1991.5,1626.6]],[[1976.2,1626.6],[1989.6,1628],[1978.1,1628],[1976.2,1626.6]],[[1989.6,1628],[1978.1,1628],[1989.6,1628]],[[1978.1,1628],[1989.6,1628],[1978.1,1628]]]}},{"type":"Feature","properties":{"id":"p:agua-dulce:214","n":10,"sc":"#00ff00","fc":"#00ff00"},"geometry":{"type":"MultiLineString","coordinates":[[[1989.6,1628],[1978.1,1628],[1988.2,1629.0],[1989.6,1628]],[[1978.1,1628],[1988.2,1629.0],[1980,1629.0],[1978.1,1628]],[[1988.2,1629.0],[1980,1629.0],[1988.2,1629.0]],[[1980,1629.0],[1988.2,1629.0],[1980,1629.0]]]}},{"type":"Feature","properties":{"id":"p:agua-dulce:215","n":9,"sc":"#00ff00","fc":"#00ff00"},"geometry":{"type":"MultiLineString","coordinates":[[[1988.2,1629.0],[1980,1629.0],[1985.8,1629.4],[1988.2,1629.0]],[[1980,1629.0],[1985.8,1629.4],[1981.9,1629.4],[1980,1629.0]],[[1985.8,1629.4],[1981.9,1629.4],[1983.8,1629.4],[1985.8,1629.4]]]}},{"type":"Feature","properties":{"id":"p:agua-dulce:216","n":5,"sc":"#00ff00","fc":"#00ff00"},"geometry":{"type":"MultiLineString","coordinates":[[[1981.9,1629.4],[1985.8,1629.4],[1981.9,1629.4]],[[1985.8,1629.4],[1985.8,1629.4],[1981.9,1629.4],[1985.8,1629.4]]]}},{"type":"Feature","properties":{"id":"p:agua-dulce:217","n":1,"sc":"#00ff00"},"geometry":{"type":"LineString","coordinates":[[1947.8,1601.6],[2011.2,1601.6]]}},{"type":"Feature","properties":{"id":"p:agua-dulce:218","n":2,"sc":"#00ff00","fc":"#00ff00"},"geometry":{"type":"LineString","coordinates":[[2077.9,1428.8],[2079.8,1428.8],[2077.9,1428.8]]}},{"type":"Feature","properties":{"id":"p:agua-dulce:219","n":10,"sc":"#00ff00","fc":"#00ff00"},"geometry":{"type":"MultiLineString","coordinates":[[[2079.8,1428.8],[2077.9,1428.8],[2081.8,1429.3],[2079.8,1428.8]],[[2077.9,1428.8],[2081.8,1429.3],[2076,1429.3],[2077.9,1428.8]],[[2081.8,1429.3],[2076,1429.3],[2081.8,1429.3]],[[2076,1429.3],[2081.8,1429.3],[2076,1429.3]]]}},{"type":"Feature","properties":{"id":"p:agua-dulce:220","n":10,"sc":"#00ff00","fc":"#00ff00"},"geometry":{"type":"MultiLineString","coordinates":[[[2081.8,1429.3],[2076,1429.3],[2083.7,1429.8],[2081.8,1429.3]],[[2076,1429.3],[2083.7,1429.8],[2074.1,1429.8],[2076,1429.3]],[[2083.7,1429.8],[2074.1,1429.8],[2083.7,1429.8]],[[2074.1,1429.8],[2083.7,1429.8],[2074.1,1429.8]]]}},{"type":"Feature","properties":{"id":"p:agua-dulce:221","n":10,"sc":"#00ff00","fc":"#00ff00"},"geometry":{"type":"MultiLineString","coordinates":[[[2083.7,1429.8],[2074.1,1429.8],[2085.6,1431.2],[2083.7,1429.8]],[[2074.1,1429.8],[2085.6,1431.2],[2072.6,1431.2],[2074.1,1429.8]],[[2085.6,1431.2],[2072.6,1431.2],[2085.6,1431.2]],[[2072.6,1431.2],[2085.6,1431.2],[2072.6,1431.2]]]}},{"type":"Feature","properties":{"id":"p:agua-dulce:222","n":10,"sc":"#00ff00","fc":"#00ff00"},"geometry":{"type":"MultiLineString","coordinates":[[[2085.6,1431.2],[2072.6,1431.2],[2087.0,1432.2],[2085.6,1431.2]],[[2072.6,1431.2],[2087.0,1432.2],[2071.2,1432.2],[2072.6,1431.2]],[[2087.0,1432.2],[2071.2,1432.2],[2087.0,1432.2]],[[2071.2,1432.2],[2087.0,1432.2],[2071.2,1432.2]]]}},{"type":"Feature","properties":{"id":"p:agua-dulce:223","n":10,"sc":"#00ff00","fc":"#00ff00"},"geometry":{"type":"MultiLineString","coordinates":[[[2087.0,1432.2],[2071.2,1432.2],[2088,1434.1],[2087.0,1432.2]],[[2071.2,1432.2],[2088,1434.1],[2069.8,1434.1],[2071.2,1432.2]],[[2088,1434.1],[2069.8,1434.1],[2088,1434.1]],[[2069.8,1434.1],[2088,1434.1],[2069.8,1434.1]]]}},{"type":"Feature","properties":{"id":"p:agua-dulce:224","n":10,"sc":"#00ff00","fc":"#00ff00"},"geometry":{"type":"MultiLineString","coordinates":[[[2088,1434.1],[2069.8,1434.1],[2089.0,1435.5],[2088,1434.1]],[[2069.8,1434.1],[2089.0,1435.5],[2068.8,1435.5],[2069.8,1434.1]],[[2089.0,1435.5],[2068.8,1435.5],[2089.0,1435.5]],[[2068.8,1435.5],[2089.0,1435.5],[2068.8,1435.5]]]}},{"type":"Feature","properties":{"id":"p:agua-dulce:225","n":10,"sc":"#00ff00","fc":"#00ff00"},"geometry":{"type":"MultiLineString","coordinates":[[[2089.0,1435.5],[2068.8,1435.5],[2089.4,1437.4],[2089.0,1435.5]],[[2068.8,1435.5],[2089.4,1437.4],[2068.3,1437.4],[2068.8,1435.5]],[[2089.4,1437.4],[2068.3,1437.4],[2089.4,1437.4]],[[2068.3,1437.4],[2089.4,1437.4],[2068.3,1437.4]]]}},{"type":"Feature","properties":{"id":"p:agua-dulce:226","n":10,"sc":"#00ff00","fc":"#00ff00"},"geometry":{"type":"MultiLineString","coordinates":[[[2089.4,1437.4],[2068.3,1437.4],[2089.4,1439.4],[2089.4,1437.4]],[[2068.3,1437.4],[2089.4,1439.4],[2068.3,1439.4],[2068.3,1437.4]],[[2089.4,1439.4],[2068.3,1439.4],[2089.4,1439.4]],[[2068.3,1439.4],[2089.4,1439.4],[2068.3,1439.4]]]}},{"type":"Feature","properties":{"id":"p:agua-dulce:227","n":10,"sc":"#00ff00","fc":"#00ff00"},"geometry":{"type":"MultiLineString","coordinates":[[[2089.4,1439.4],[2068.3,1439.4],[2089.4,1441.8],[2089.4,1439.4]],[[2068.3,1439.4],[2089.4,1441.8],[2068.3,1441.8],[2068.3,1439.4]],[[2089.4,1441.8],[2068.3,1441.8],[2089.4,1441.8]],[[2068.3,1441.8],[2089.4,1441.8],[2068.3,1441.8]]]}},{"type":"Feature","properties":{"id":"p:agua-dulce:228","n":10,"sc":"#00ff00","fc":"#00ff00"},"geometry":{"type":"MultiLineString","coordinates":[[[2089.4,1441.8],[2068.3,1441.8],[2089.0,1443.7],[2089.4,1441.8]],[[2068.3,1441.8],[2089.0,1443.7],[2069.3,1443.7],[2068.3,1441.8]],[[2089.0,1443.7],[2069.3,1443.7],[2089.0,1443.7]],[[2069.3,1443.7],[2089.0,1443.7],[2069.3,1443.7]]]}},{"type":"Feature","properties":{"id":"p:agua-dulce:229","n":10,"sc":"#00ff00","fc":"#00ff00"},"geometry":{"type":"MultiLineString","coordinates":[[[2089.0,1443.7],[2069.3,1443.7],[2088,1445.6],[2089.0,1443.7]],[[2069.3,1443.7],[2088,1445.6],[2070.2,1445.6],[2069.3,1443.7]],[[2088,1445.6],[2070.2,1445.6],[2088,1445.6]],[[2070.2,1445.6],[2088,1445.6],[2070.2,1445.6]]]}},{"type":"Feature","properties":{"id":"p:agua-dulce:230","n":10,"sc":"#00ff00","fc":"#00ff00"},"geometry":{"type":"MultiLineString","coordinates":[[[2088,1445.6],[2070.2,1445.6],[2086.6,1447.0],[2088,1445.6]],[[2070.2,1445.6],[2086.6,1447.0],[2071.2,1447.0],[2070.2,1445.6]],[[2086.6,1447.0],[2071.2,1447.0],[2086.6,1447.0]],[[2071.2,1447.0],[2086.6,1447.0],[2071.2,1447.0]]]}},{"type":"Feature","properties":{"id":"p:agua-dulce:231","n":10,"sc":"#00ff00","fc":"#00ff00"},"geometry":{"type":"MultiLineString","coordinates":[[[2086.6,1447.0],[2071.2,1447.0],[2085.1,1448.5],[2086.6,1447.0]],[[2071.2,1447.0],[2085.1,1448.5],[2073.1,1448.5],[2071.2,1447.0]],[[2085.1,1448.5],[2073.1,1448.5],[2085.1,1448.5]],[[2073.1,1448.5],[2085.1,1448.5],[2073.1,1448.5]]]}},{"type":"Feature","properties":{"id":"p:agua-dulce:232","n":10,"sc":"#00ff00","fc":"#00ff00"},"geometry":{"type":"MultiLineString","coordinates":[[[2085.1,1448.5],[2073.1,1448.5],[2083.2,1449.4],[2085.1,1448.5]],[[2073.1,1448.5],[2083.2,1449.4],[2075.0,1449.4],[2073.1,1448.5]],[[2083.2,1449.4],[2075.0,1449.4],[2083.2,1449.4]],[[2075.0,1449.4],[2083.2,1449.4],[2075.0,1449.4]]]}},{"type":"Feature","properties":{"id":"p:agua-dulce:233","n":6,"sc":"#00ff00","fc":"#00ff00"},"geometry":{"type":"MultiLineString","coordinates":[[[2083.2,1449.4],[2075.0,1449.4],[2081.3,1449.9],[2083.2,1449.4]],[[2075.0,1449.4],[2081.3,1449.9],[2077.0,1449.9],[2075.0,1449.4]]]}},{"type":"Feature","properties":{"id":"p:agua-dulce:234","n":8,"sc":"#00ff00","fc":"#00ff00"},"geometry":{"type":"MultiLineString","coordinates":[[[2081.3,1449.9],[2080.8,1449.9],[2077.0,1449.9],[2081.3,1449.9]],[[2080.8,1449.9],[2077.0,1449.9],[2080.8,1449.9]],[[2077.0,1449.9],[2080.8,1449.9],[2078.9,1450.4],[2077.0,1449.9]]]}},{"type":"Feature","properties":{"id":"p:agua-dulce:235","n":1,"sc":"#00ff00"},"geometry":{"type":"LineString","coordinates":[[2088.5,1425.0],[2148.5,1425.0]]}},{"type":"Feature","properties":{"id":"p:agua-dulce:236","n":2,"sc":"#00ff00","fc":"#00ff00"},"geometry":{"type":"LineString","coordinates":[[1893.6,1402.9],[1895.5,1402.9],[1893.6,1402.9]]}},{"type":"Feature","properties":{"id":"p:agua-dulce:237","n":10,"sc":"#00ff00","fc":"#00ff00"},"geometry":{"type":"MultiLineString","coordinates":[[[1895.5,1402.9],[1893.6,1402.9],[1897.4,1403.4],[1895.5,1402.9]],[[1893.6,1402.9],[1897.4,1403.4],[1891.7,1403.4],[1893.6,1402.9]],[[1897.4,1403.4],[1891.7,1403.4],[1897.4,1403.4]],[[1891.7,1403.4],[1897.4,1403.4],[1891.7,1403.4]]]}},{"type":"Feature","properties":{"id":"p:agua-dulce:238","n":10,"sc":"#00ff00","fc":"#00ff00"},"geometry":{"type":"MultiLineString","coordinates":[[[1897.4,1403.4],[1891.7,1403.4],[1899.4,1403.8],[1897.4,1403.4]],[[1891.7,1403.4],[1899.4,1403.8],[1889.8,1403.8],[1891.7,1403.4]],[[1899.4,1403.8],[1889.8,1403.8],[1899.4,1403.8]],[[1889.8,1403.8],[1899.4,1403.8],[1889.8,1403.8]]]}},{"type":"Feature","properties":{"id":"p:agua-dulce:239","n":10,"sc":"#00ff00","fc":"#00ff00"},"geometry":{"type":"MultiLineString","coordinates":[[[1899.4,1403.8],[1889.8,1403.8],[1900.8,1404.8],[1899.4,1403.8]],[[1889.8,1403.8],[1900.8,1404.8],[1887.8,1404.8],[1889.8,1403.8]],[[1900.8,1404.8],[1887.8,1404.8],[1900.8,1404.8]],[[1887.8,1404.8],[1900.8,1404.8],[1887.8,1404.8]]]}},{"type":"Feature","properties":{"id":"p:agua-dulce:240","n":10,"sc":"#00ff00","fc":"#00ff00"},"geometry":{"type":"MultiLineString","coordinates":[[[1900.8,1404.8],[1887.8,1404.8],[1902.2,1406.2],[1900.8,1404.8]],[[1887.8,1404.8],[1902.2,1406.2],[1886.4,1406.2],[1887.8,1404.8]],[[1902.2,1406.2],[1886.4,1406.2],[1902.2,1406.2]],[[1886.4,1406.2],[1902.2,1406.2],[1886.4,1406.2]]]}},{"type":"Feature","properties":{"id":"p:agua-dulce:241","n":10,"sc":"#00ff00","fc":"#00ff00"},"geometry":{"type":"MultiLineString","coordinates":[[[1902.2,1406.2],[1886.4,1406.2],[1903.7,1407.7],[1902.2,1406.2]],[[1886.4,1406.2],[1903.7,1407.7],[1885.4,1407.7],[1886.4,1406.2]],[[1903.7,1407.7],[1885.4,1407.7],[1903.7,1407.7]],[[1885.4,1407.7],[1903.7,1407.7],[1885.4,1407.7]]]}},{"type":"Feature","properties":{"id":"p:agua-dulce:242","n":10,"sc":"#00ff00","fc":"#00ff00"},"geometry":{"type":"MultiLineString","coordinates":[[[1903.7,1407.7],[1885.4,1407.7],[1904.2,1409.6],[1903.7,1407.7]],[[1885.4,1407.7],[1904.2,1409.6],[1884.5,1409.6],[1885.4,1407.7]],[[1904.2,1409.6],[1884.5,1409.6],[1904.2,1409.6]],[[1884.5,1409.6],[1904.2,1409.6],[1884.5,1409.6]]]}},{"type":"Feature","properties":{"id":"p:agua-dulce:243","n":10,"sc":"#00ff00","fc":"#00ff00"},"geometry":{"type":"MultiLineString","coordinates":[[[1904.2,1409.6],[1884.5,1409.6],[1905.1,1411.5],[1904.2,1409.6]],[[1884.5,1409.6],[1905.1,1411.5],[1884,1411.5],[1884.5,1409.6]],[[1905.1,1411.5],[1884,1411.5],[1905.1,1411.5]],[[1884,1411.5],[1905.1,1411.5],[1884,1411.5]]]}},{"type":"Feature","properties":{"id":"p:agua-dulce:244","n":10,"sc":"#00ff00","fc":"#00ff00"},"geometry":{"type":"MultiLineString","coordinates":[[[1905.1,1411.5],[1884,1411.5],[1905.1,1413.4],[1905.1,1411.5]],[[1884,1411.5],[1905.1,1413.4],[1883.5,1413.4],[1884,1411.5]],[[1905.1,1413.4],[1883.5,1413.4],[1905.1,1413.4]],[[1883.5,1413.4],[1905.1,1413.4],[1883.5,1413.4]]]}},{"type":"Feature","properties":{"id":"p:agua-dulce:245","n":10,"sc":"#00ff00","fc":"#00ff00"},"geometry":{"type":"MultiLineString","coordinates":[[[1905.1,1413.4],[1883.5,1413.4],[1904.6,1415.4],[1905.1,1413.4]],[[1883.5,1413.4],[1904.6,1415.4],[1884,1415.4],[1883.5,1413.4]],[[1904.6,1415.4],[1884,1415.4],[1904.6,1415.4]],[[1884,1415.4],[1904.6,1415.4],[1884,1415.4]]]}},{"type":"Feature","properties":{"id":"p:agua-dulce:246","n":10,"sc":"#00ff00","fc":"#00ff00"},"geometry":{"type":"MultiLineString","coordinates":[[[1904.6,1415.4],[1884,1415.4],[1904.2,1417.3],[1904.6,1415.4]],[[1884,1415.4],[1904.2,1417.3],[1884.5,1417.3],[1884,1415.4]],[[1904.2,1417.3],[1884.5,1417.3],[1904.2,1417.3]],[[1884.5,1417.3],[1904.2,1417.3],[1884.5,1417.3]]]}},{"type":"Feature","properties":{"id":"p:agua-dulce:247","n":10,"sc":"#00ff00","fc":"#00ff00"},"geometry":{"type":"MultiLineString","coordinates":[[[1904.2,1417.3],[1884.5,1417.3],[1903.2,1419.2],[1904.2,1417.3]],[[1884.5,1417.3],[1903.2,1419.2],[1885.4,1419.2],[1884.5,1417.3]],[[1903.2,1419.2],[1885.4,1419.2],[1903.2,1419.2]],[[1885.4,1419.2],[1903.2,1419.2],[1885.4,1419.2]]]}},{"type":"Feature","properties":{"id":"p:agua-dulce:248","n":10,"sc":"#00ff00","fc":"#00ff00"},"geometry":{"type":"MultiLineString","coordinates":[[[1903.2,1419.2],[1885.4,1419.2],[1901.8,1421.1],[1903.2,1419.2]],[[1885.4,1419.2],[1901.8,1421.1],[1886.9,1421.1],[1885.4,1419.2]],[[1901.8,1421.1],[1886.9,1421.1],[1901.8,1421.1]],[[1886.9,1421.1],[1901.8,1421.1],[1886.9,1421.1]]]}},{"type":"Feature","properties":{"id":"p:agua-dulce:249","n":10,"sc":"#00ff00","fc":"#00ff00"},"geometry":{"type":"MultiLineString","coordinates":[[[1901.8,1421.1],[1886.9,1421.1],[1900.3,1422.1],[1901.8,1421.1]],[[1886.9,1421.1],[1900.3,1422.1],[1888.3,1422.1],[1886.9,1421.1]],[[1900.3,1422.1],[1888.3,1422.1],[1900.3,1422.1]],[[1888.3,1422.1],[1900.3,1422.1],[1888.3,1422.1]]]}},{"type":"Feature","properties":{"id":"p:agua-dulce:250","n":6,"sc":"#00ff00","fc":"#00ff00"},"geometry":{"type":"MultiLineString","coordinates":[[[1900.3,1422.1],[1888.3,1422.1],[1898.4,1423.0],[1900.3,1422.1]],[[1888.3,1422.1],[1898.4,1423.0],[1890.2,1423.0],[1888.3,1422.1]]]}},{"type":"Feature","properties":{"id":"p:agua-dulce:251","n":6,"sc":"#00ff00","fc":"#00ff00"},"geometry":{"type":"MultiLineString","coordinates":[[[1898.4,1423.0],[1890.2,1423.0],[1898.4,1423.5],[1898.4,1423.0]],[[1890.2,1423.0],[1898.4,1423.5],[1890.2,1423.5],[1890.2,1423.0]]]}},{"type":"Feature","properties":{"id":"p:agua-dulce:252","n":9,"sc":"#00ff00","fc":"#00ff00"},"geometry":{"type":"MultiLineString","coordinates":[[[1898.4,1423.5],[1890.2,1423.5],[1896.5,1424],[1898.4,1423.5]],[[1890.2,1423.5],[1896.5,1424],[1892.2,1424],[1890.2,1423.5]],[[1896.5,1424],[1892.2,1424],[1894.6,1424],[1896.5,1424]]]}},{"type":"Feature","properties":{"id":"p:agua-dulce:253","n":5,"sc":"#00ff00","fc":"#00ff00"},"geometry":{"type":"MultiLineString","coordinates":[[[1892.2,1424],[1896.5,1424],[1892.2,1424]],[[1896.5,1424],[1896.5,1424],[1892.2,1424],[1896.5,1424]]]}},{"type":"Feature","properties":{"id":"p:agua-dulce:254","n":1,"sc":"#00ff00"},"geometry":{"type":"LineString","coordinates":[[1909.9,1409.1],[1968.5,1409.1]]}},{"type":"Feature","properties":{"id":"p:agua-dulce:255","n":2,"sc":"#00ff00","fc":"#00ff00"},"geometry":{"type":"LineString","coordinates":[[1837.4,1448],[1839.4,1448],[1837.4,1448]]}},{"type":"Feature","properties":{"id":"p:agua-dulce:256","n":10,"sc":"#00ff00","fc":"#00ff00"},"geometry":{"type":"MultiLineString","coordinates":[[[1839.4,1448],[1837.4,1448],[1841.3,1448.5],[1839.4,1448]],[[1837.4,1448],[1841.3,1448.5],[1835.5,1448.5],[1837.4,1448]],[[1841.3,1448.5],[1835.5,1448.5],[1841.3,1448.5]],[[1835.5,1448.5],[1841.3,1448.5],[1835.5,1448.5]]]}},{"type":"Feature","properties":{"id":"p:agua-dulce:257","n":10,"sc":"#00ff00","fc":"#00ff00"},"geometry":{"type":"MultiLineString","coordinates":[[[1841.3,1448.5],[1835.5,1448.5],[1843.2,1449.0],[1841.3,1448.5]],[[1835.5,1448.5],[1843.2,1449.0],[1833.6,1449.0],[1835.5,1448.5]],[[1843.2,1449.0],[1833.6,1449.0],[1843.2,1449.0]],[[1833.6,1449.0],[1843.2,1449.0],[1833.6,1449.0]]]}},{"type":"Feature","properties":{"id":"p:agua-dulce:258","n":10,"sc":"#00ff00","fc":"#00ff00"},"geometry":{"type":"MultiLineString","coordinates":[[[1843.2,1449.0],[1833.6,1449.0],[1844.6,1449.9],[1843.2,1449.0]],[[1833.6,1449.0],[1844.6,1449.9],[1831.7,1449.9],[1833.6,1449.0]],[[1844.6,1449.9],[1831.7,1449.9],[1844.6,1449.9]],[[1831.7,1449.9],[1844.6,1449.9],[1831.7,1449.9]]]}},{"type":"Feature","properties":{"id":"p:agua-dulce:259","n":10,"sc":"#00ff00","fc":"#00ff00"},"geometry":{"type":"MultiLineString","coordinates":[[[1844.6,1449.9],[1831.7,1449.9],[1846.1,1451.4],[1844.6,1449.9]],[[1831.7,1449.9],[1846.1,1451.4],[1830.2,1451.4],[1831.7,1449.9]],[[1846.1,1451.4],[1830.2,1451.4],[1846.1,1451.4]],[[1830.2,1451.4],[1846.1,1451.4],[1830.2,1451.4]]]}},{"type":"Feature","properties":{"id":"p:agua-dulce:260","n":10,"sc":"#00ff00","fc":"#00ff00"},"geometry":{"type":"MultiLineString","coordinates":[[[1846.1,1451.4],[1830.2,1451.4],[1847.5,1452.8],[1846.1,1451.4]],[[1830.2,1451.4],[1847.5,1452.8],[1829.3,1452.8],[1830.2,1451.4]],[[1847.5,1452.8],[1829.3,1452.8],[1847.5,1452.8]],[[1829.3,1452.8],[1847.5,1452.8],[1829.3,1452.8]]]}},{"type":"Feature","properties":{"id":"p:agua-dulce:261","n":10,"sc":"#00ff00","fc":"#00ff00"},"geometry":{"type":"MultiLineString","coordinates":[[[1847.5,1452.8],[1829.3,1452.8],[1848.5,1454.7],[1847.5,1452.8]],[[1829.3,1452.8],[1848.5,1454.7],[1828.3,1454.7],[1829.3,1452.8]],[[1848.5,1454.7],[1828.3,1454.7],[1848.5,1454.7]],[[1828.3,1454.7],[1848.5,1454.7],[1828.3,1454.7]]]}},{"type":"Feature","properties":{"id":"p:agua-dulce:262","n":10,"sc":"#00ff00","fc":"#00ff00"},"geometry":{"type":"MultiLineString","coordinates":[[[1848.5,1454.7],[1828.3,1454.7],[1849.0,1456.6],[1848.5,1454.7]],[[1828.3,1454.7],[1849.0,1456.6],[1827.8,1456.6],[1828.3,1454.7]],[[1849.0,1456.6],[1827.8,1456.6],[1849.0,1456.6]],[[1827.8,1456.6],[1849.0,1456.6],[1827.8,1456.6]]]}},{"type":"Feature","properties":{"id":"p:agua-dulce:263","n":10,"sc":"#00ff00","fc":"#00ff00"},"geometry":{"type":"MultiLineString","coordinates":[[[1849.0,1456.6],[1827.8,1456.6],[1849.0,1458.6],[1849.0,1456.6]],[[1827.8,1456.6],[1849.0,1458.6],[1827.4,1458.6],[1827.8,1456.6]],[[1849.0,1458.6],[1827.4,1458.6],[1849.0,1458.6]],[[1827.4,1458.6],[1849.0,1458.6],[1827.4,1458.6]]]}},{"type":"Feature","properties":{"id":"p:agua-dulce:264","n":10,"sc":"#00ff00","fc":"#00ff00"},"geometry":{"type":"MultiLineString","coordinates":[[[1849.0,1458.6],[1827.4,1458.6],[1849.0,1460.5],[1849.0,1458.6]],[[1827.4,1458.6],[1849.0,1460.5],[1827.8,1460.5],[1827.4,1458.6]],[[1849.0,1460.5],[1827.8,1460.5],[1849.0,1460.5]],[[1827.8,1460.5],[1849.0,1460.5],[1827.8,1460.5]]]}},{"type":"Feature","properties":{"id":"p:agua-dulce:265","n":10,"sc":"#00ff00","fc":"#00ff00"},"geometry":{"type":"MultiLineString","coordinates":[[[1849.0,1460.5],[1827.8,1460.5],[1848,1462.9],[1849.0,1460.5]],[[1827.8,1460.5],[1848,1462.9],[1828.3,1462.9],[1827.8,1460.5]],[[1848,1462.9],[1828.3,1462.9],[1848,1462.9]],[[1828.3,1462.9],[1848,1462.9],[1828.3,1462.9]]]}},{"type":"Feature","properties":{"id":"p:agua-dulce:266","n":10,"sc":"#00ff00","fc":"#00ff00"},"geometry":{"type":"MultiLineString","coordinates":[[[1848,1462.9],[1828.3,1462.9],[1847.0,1464.8],[1848,1462.9]],[[1828.3,1462.9],[1847.0,1464.8],[1829.3,1464.8],[1828.3,1462.9]],[[1847.0,1464.8],[1829.3,1464.8],[1847.0,1464.8]],[[1829.3,1464.8],[1847.0,1464.8],[1829.3,1464.8]]]}},{"type":"Feature","properties":{"id":"p:agua-dulce:267","n":6,"sc":"#00ff00","fc":"#00ff00"},"geometry":{"type":"MultiLineString","coordinates":[[[1847.0,1464.8],[1829.3,1464.8],[1846.1,1466.2],[1847.0,1464.8]],[[1829.3,1464.8],[1846.1,1466.2],[1830.7,1466.2],[1829.3,1464.8]]]}},{"type":"Feature","properties":{"id":"p:agua-dulce:268","n":6,"sc":"#00ff00","fc":"#00ff00"},"geometry":{"type":"LineString","coordinates":[[1845.6,1466.2],[1845.6,1466.2],[1830.7,1466.2],[1845.6,1466.2],[1830.7,1466.2],[1846.1,1466.2],[1845.6,1466.2]]}},{"type":"Feature","properties":{"id":"p:agua-dulce:269","n":10,"sc":"#00ff00","fc":"#00ff00"},"geometry":{"type":"MultiLineString","coordinates":[[[1845.6,1466.2],[1830.7,1466.2],[1844.2,1467.7],[1845.6,1466.2]],[[1830.7,1466.2],[1844.2,1467.7],[1832.2,1467.7],[1830.7,1466.2]],[[1844.2,1467.7],[1832.2,1467.7],[1844.2,1467.7]],[[1832.2,1467.7],[1844.2,1467.7],[1832.2,1467.7]]]}},{"type":"Feature","properties":{"id":"p:agua-dulce:270","n":10,"sc":"#00ff00","fc":"#00ff00"},"geometry":{"type":"MultiLineString","coordinates":[[[1844.2,1467.7],[1832.2,1467.7],[1842.2,1468.6],[1844.2,1467.7]],[[1832.2,1467.7],[1842.2,1468.6],[1834.1,1468.6],[1832.2,1467.7]],[[1842.2,1468.6],[1834.1,1468.6],[1842.2,1468.6]],[[1834.1,1468.6],[1842.2,1468.6],[1834.1,1468.6]]]}},{"type":"Feature","properties":{"id":"p:agua-dulce:271","n":9,"sc":"#00ff00","fc":"#00ff00"},"geometry":{"type":"MultiLineString","coordinates":[[[1842.2,1468.6],[1834.1,1468.6],[1840.3,1469.1],[1842.2,1468.6]],[[1834.1,1468.6],[1840.3,1469.1],[1836,1469.1],[1834.1,1468.6]],[[1840.3,1469.1],[1836,1469.1],[1838.4,1469.1],[1840.3,1469.1]]]}},{"type":"Feature","properties":{"id":"p:agua-dulce:272","n":5,"sc":"#00ff00","fc":"#00ff00"},"geometry":{"type":"MultiLineString","coordinates":[[[1836,1469.1],[1840.3,1469.1],[1836,1469.1]],[[1840.3,1469.1],[1840.3,1469.1],[1836,1469.1],[1840.3,1469.1]]]}},{"type":"Feature","properties":{"id":"p:agua-dulce:273","n":1,"sc":"#00ff00"},"geometry":{"type":"LineString","coordinates":[[1842.2,1486.9],[1901.3,1486.9]]}},{"type":"Feature","properties":{"id":"p:agua-dulce:274","n":1,"sc":"#00ff00"},"geometry":{"type":"LineString","coordinates":[[2528.6,1158.1],[2588.6,1158.1]]}},{"type":"Feature","properties":{"id":"p:agua-dulce:275","n":2,"sc":"#00ff00","fc":"#00ff00"},"geometry":{"type":"LineString","coordinates":[[2365.0,1267.0],[2366.9,1267.0],[2365.0,1267.0]]}},{"type":"Feature","properties":{"id":"p:agua-dulce:276","n":10,"sc":"#00ff00","fc":"#00ff00"},"geometry":{"type":"MultiLineString","coordinates":[[[2366.9,1267.0],[2365.0,1267.0],[2368.8,1267.5],[2366.9,1267.0]],[[2365.0,1267.0],[2368.8,1267.5],[2363.0,1267.5],[2365.0,1267.0]],[[2368.8,1267.5],[2363.0,1267.5],[2368.8,1267.5]],[[2363.0,1267.5],[2368.8,1267.5],[2363.0,1267.5]]]}},{"type":"Feature","properties":{"id":"p:agua-dulce:277","n":10,"sc":"#00ff00","fc":"#00ff00"},"geometry":{"type":"MultiLineString","coordinates":[[[2368.8,1267.5],[2363.0,1267.5],[2370.7,1268.5],[2368.8,1267.5]],[[2363.0,1267.5],[2370.7,1268.5],[2361.1,1268.5],[2363.0,1267.5]],[[2370.7,1268.5],[2361.1,1268.5],[2370.7,1268.5]],[[2361.1,1268.5],[2370.7,1268.5],[2361.1,1268.5]]]}},{"type":"Feature","properties":{"id":"p:agua-dulce:278","n":9,"sc":"#00ff00","fc":"#00ff00"},"geometry":{"type":"MultiLineString","coordinates":[[[2370.7,1268.5],[2361.1,1268.5],[2372.2,1269.4],[2370.7,1268.5]],[[2361.1,1268.5],[2372.2,1269.4],[2359.7,1269.4],[2361.1,1268.5]],[[2372.2,1269.4],[2359.7,1269.4],[2359.2,1269.4],[2372.2,1269.4]]]}},{"type":"Feature","properties":{"id":"p:agua-dulce:279","n":2,"sc":"#00ff00","fc":"#00ff00"},"geometry":{"type":"LineString","coordinates":[[2359.7,1269.4],[2372.2,1269.4],[2359.7,1269.4]]}},{"type":"Feature","properties":{"id":"p:agua-dulce:280","n":10,"sc":"#00ff00","fc":"#00ff00"},"geometry":{"type":"MultiLineString","coordinates":[[[2372.2,1269.4],[2359.2,1269.4],[2373.6,1270.4],[2372.2,1269.4]],[[2359.2,1269.4],[2373.6,1270.4],[2357.8,1270.4],[2359.2,1269.4]],[[2373.6,1270.4],[2357.8,1270.4],[2373.6,1270.4]],[[2357.8,1270.4],[2373.6,1270.4],[2357.8,1270.4]]]}},{"type":"Feature","properties":{"id":"p:agua-dulce:281","n":10,"sc":"#00ff00","fc":"#00ff00"},"geometry":{"type":"MultiLineString","coordinates":[[[2373.6,1270.4],[2357.8,1270.4],[2375.0,1272.3],[2373.6,1270.4]],[[2357.8,1270.4],[2375.0,1272.3],[2356.8,1272.3],[2357.8,1270.4]],[[2375.0,1272.3],[2356.8,1272.3],[2375.0,1272.3]],[[2356.8,1272.3],[2375.0,1272.3],[2356.8,1272.3]]]}},{"type":"Feature","properties":{"id":"p:agua-dulce:282","n":10,"sc":"#00ff00","fc":"#00ff00"},"geometry":{"type":"MultiLineString","coordinates":[[[2375.0,1272.3],[2356.8,1272.3],[2376,1273.8],[2375.0,1272.3]],[[2356.8,1272.3],[2376,1273.8],[2355.8,1273.8],[2356.8,1272.3]],[[2376,1273.8],[2355.8,1273.8],[2376,1273.8]],[[2355.8,1273.8],[2376,1273.8],[2355.8,1273.8]]]}},{"type":"Feature","properties":{"id":"p:agua-dulce:283","n":10,"sc":"#00ff00","fc":"#00ff00"},"geometry":{"type":"MultiLineString","coordinates":[[[2376,1273.8],[2355.8,1273.8],[2376.5,1275.7],[2376,1273.8]],[[2355.8,1273.8],[2376.5,1275.7],[2355.4,1275.7],[2355.8,1273.8]],[[2376.5,1275.7],[2355.4,1275.7],[2376.5,1275.7]],[[2355.4,1275.7],[2376.5,1275.7],[2355.4,1275.7]]]}},{"type":"Feature","properties":{"id":"p:agua-dulce:284","n":10,"sc":"#00ff00","fc":"#00ff00"},"geometry":{"type":"MultiLineString","coordinates":[[[2376.5,1275.7],[2355.4,1275.7],[2376.5,1277.6],[2376.5,1275.7]],[[2355.4,1275.7],[2376.5,1277.6],[2355.4,1277.6],[2355.4,1275.7]],[[2376.5,1277.6],[2355.4,1277.6],[2376.5,1277.6]],[[2355.4,1277.6],[2376.5,1277.6],[2355.4,1277.6]]]}},{"type":"Feature","properties":{"id":"p:agua-dulce:285","n":10,"sc":"#00ff00","fc":"#00ff00"},"geometry":{"type":"MultiLineString","coordinates":[[[2376.5,1277.6],[2355.4,1277.6],[2376.5,1280],[2376.5,1277.6]],[[2355.4,1277.6],[2376.5,1280],[2355.4,1280],[2355.4,1277.6]],[[2376.5,1280],[2355.4,1280],[2376.5,1280]],[[2355.4,1280],[2376.5,1280],[2355.4,1280]]]}},{"type":"Feature","properties":{"id":"p:agua-dulce:286","n":10,"sc":"#00ff00","fc":"#00ff00"},"geometry":{"type":"MultiLineString","coordinates":[[[2376.5,1280],[2355.4,1280],[2375.5,1281.9],[2376.5,1280]],[[2355.4,1280],[2375.5,1281.9],[2355.8,1281.9],[2355.4,1280]],[[2375.5,1281.9],[2355.8,1281.9],[2375.5,1281.9]],[[2355.8,1281.9],[2375.5,1281.9],[2355.8,1281.9]]]}},{"type":"Feature","properties":{"id":"p:agua-dulce:287","n":10,"sc":"#00ff00","fc":"#00ff00"},"geometry":{"type":"MultiLineString","coordinates":[[[2375.5,1281.9],[2355.8,1281.9],[2374.6,1283.8],[2375.5,1281.9]],[[2355.8,1281.9],[2374.6,1283.8],[2356.8,1283.8],[2355.8,1281.9]],[[2374.6,1283.8],[2356.8,1283.8],[2374.6,1283.8]],[[2356.8,1283.8],[2374.6,1283.8],[2356.8,1283.8]]]}},{"type":"Feature","properties":{"id":"p:agua-dulce:288","n":10,"sc":"#00ff00","fc":"#00ff00"},"geometry":{"type":"MultiLineString","coordinates":[[[2374.6,1283.8],[2356.8,1283.8],[2373.6,1285.3],[2374.6,1283.8]],[[2356.8,1283.8],[2373.6,1285.3],[2358.2,1285.3],[2356.8,1283.8]],[[2373.6,1285.3],[2358.2,1285.3],[2373.6,1285.3]],[[2358.2,1285.3],[2373.6,1285.3],[2358.2,1285.3]]]}},{"type":"Feature","properties":{"id":"p:agua-dulce:289","n":10,"sc":"#00ff00","fc":"#00ff00"},"geometry":{"type":"MultiLineString","coordinates":[[[2373.6,1285.3],[2358.2,1285.3],[2371.7,1286.7],[2373.6,1285.3]],[[2358.2,1285.3],[2371.7,1286.7],[2360.2,1286.7],[2358.2,1285.3]],[[2371.7,1286.7],[2360.2,1286.7],[2371.7,1286.7]],[[2360.2,1286.7],[2371.7,1286.7],[2360.2,1286.7]]]}},{"type":"Feature","properties":{"id":"p:agua-dulce:290","n":10,"sc":"#00ff00","fc":"#00ff00"},"geometry":{"type":"MultiLineString","coordinates":[[[2371.7,1286.7],[2360.2,1286.7],[2369.8,1287.7],[2371.7,1286.7]],[[2360.2,1286.7],[2369.8,1287.7],[2361.6,1287.7],[2360.2,1286.7]],[[2369.8,1287.7],[2361.6,1287.7],[2369.8,1287.7]],[[2361.6,1287.7],[2369.8,1287.7],[2361.6,1287.7]]]}},{"type":"Feature","properties":{"id":"p:agua-dulce:291","n":9,"sc":"#00ff00","fc":"#00ff00"},"geometry":{"type":"MultiLineString","coordinates":[[[2369.8,1287.7],[2361.6,1287.7],[2367.8,1288.2],[2369.8,1287.7]],[[2361.6,1287.7],[2367.8,1288.2],[2364,1288.2],[2361.6,1287.7]],[[2367.8,1288.2],[2364,1288.2],[2365.9,1288.6],[2367.8,1288.2]]]}},{"type":"Feature","properties":{"id":"p:agua-dulce:292","n":5,"sc":"#00ff00","fc":"#00ff00"},"geometry":{"type":"MultiLineString","coordinates":[[[2364,1288.2],[2367.8,1288.2],[2364,1288.2]],[[2367.8,1288.2],[2367.8,1288.2],[2364,1288.2],[2367.8,1288.2]]]}},{"type":"Feature","properties":{"id":"p:agua-dulce:293","n":1,"sc":"#00ff00"},"geometry":{"type":"LineString","coordinates":[[2374.1,1304],[2433.1,1304]]}},{"type":"Feature","properties":{"id":"p:agua-dulce:294","n":3,"sc":"#00ff00","fc":"#00ff00"},"geometry":{"type":"LineString","coordinates":[[2320.3,853.8],[2321.3,853.8],[2318.4,853.8],[2320.3,853.8]]}},{"type":"Feature","properties":{"id":"p:agua-dulce:295","n":6,"sc":"#00ff00","fc":"#00ff00"},"geometry":{"type":"MultiLineString","coordinates":[[[2321.3,853.8],[2318.4,853.8],[2322.7,853.8],[2321.3,853.8]],[[2318.4,853.8],[2322.7,853.8],[2317.4,853.8],[2318.4,853.8]]]}},{"type":"Feature","properties":{"id":"p:agua-dulce:296","n":6,"sc":"#00ff00","fc":"#00ff00"},"geometry":{"type":"MultiLineString","coordinates":[[[2322.7,853.8],[2317.4,853.8],[2323.2,854.2],[2322.7,853.8]],[[2317.4,853.8],[2323.2,854.2],[2316.5,854.2],[2317.4,853.8]]]}},{"type":"Feature","properties":{"id":"p:agua-dulce:297","n":6,"sc":"#00ff00","fc":"#00ff00"},"geometry":{"type":"MultiLineString","coordinates":[[[2323.2,854.2],[2316.5,854.2],[2324.6,854.7],[2323.2,854.2]],[[2316.5,854.2],[2324.6,854.7],[2315.5,854.7],[2316.5,854.2]]]}},{"type":"Feature","properties":{"id":"p:agua-dulce:298","n":6,"sc":"#00ff00","fc":"#00ff00"},"geometry":{"type":"MultiLineString","coordinates":[[[2324.6,854.7],[2315.5,854.7],[2325.1,855.2],[2324.6,854.7]],[[2315.5,854.7],[2325.1,855.2],[2314.6,855.2],[2315.5,854.7]]]}},{"type":"Feature","properties":{"id":"p:agua-dulce:299","n":6,"sc":"#00ff00","fc":"#00ff00"},"geometry":{"type":"MultiLineString","coordinates":[[[2325.1,855.2],[2314.6,855.2],[2326.1,855.7],[2325.1,855.2]],[[2314.6,855.2],[2326.1,855.7],[2313.6,855.7],[2314.6,855.2]]]}},{"type":"Feature","properties":{"id":"p:agua-dulce:300","n":6,"sc":"#00ff00","fc":"#00ff00"},"geometry":{"type":"MultiLineString","coordinates":[[[2326.1,855.7],[2313.6,855.7],[2327.0,856.2],[2326.1,855.7]],[[2313.6,855.7],[2327.0,856.2],[2312.6,856.2],[2313.6,855.7]]]}},{"type":"Feature","properties":{"id":"p:agua-dulce:301","n":6,"sc":"#00ff00","fc":"#00ff00"},"geometry":{"type":"MultiLineString","coordinates":[[[2327.0,856.2],[2312.6,856.2],[2328,857.1],[2327.0,856.2]],[[2312.6,856.2],[2328,857.1],[2312.2,857.1],[2312.6,856.2]]]}},{"type":"Feature","properties":{"id":"p:agua-dulce:302","n":6,"sc":"#00ff00","fc":"#00ff00"},"geometry":{"type":"MultiLineString","coordinates":[[[2328,857.1],[2312.2,857.1],[2328.5,857.6],[2328,857.1]],[[2312.2,857.1],[2328.5,857.6],[2311.2,857.6],[2312.2,857.1]]]}},{"type":"Feature","properties":{"id":"p:agua-dulce:303","n":6,"sc":"#00ff00","fc":"#00ff00"},"geometry":{"type":"MultiLineString","coordinates":[[[2328.5,857.6],[2311.2,857.6],[2329.0,858.6],[2328.5,857.6]],[[2311.2,857.6],[2329.0,858.6],[2310.7,858.6],[2311.2,857.6]]]}},{"type":"Feature","properties":{"id":"p:agua-dulce:304","n":6,"sc":"#00ff00","fc":"#00ff00"},"geometry":{"type":"MultiLineString","coordinates":[[[2329.0,858.6],[2310.7,858.6],[2329.4,859.5],[2329.0,858.6]],[[2310.7,858.6],[2329.4,859.5],[2310.2,859.5],[2310.7,858.6]]]}},{"type":"Feature","properties":{"id":"p:agua-dulce:305","n":6,"sc":"#00ff00","fc":"#00ff00"},"geometry":{"type":"MultiLineString","coordinates":[[[2329.4,859.5],[2310.2,859.5],[2329.9,860.5],[2329.4,859.5]],[[2310.2,859.5],[2329.9,860.5],[2309.8,860.5],[2310.2,859.5]]]}},{"type":"Feature","properties":{"id":"p:agua-dulce:306","n":6,"sc":"#00ff00","fc":"#00ff00"},"geometry":{"type":"MultiLineString","coordinates":[[[2329.9,860.5],[2309.8,860.5],[2330.4,861.4],[2329.9,860.5]],[[2309.8,860.5],[2330.4,861.4],[2309.3,861.4],[2309.8,860.5]]]}},{"type":"Feature","properties":{"id":"p:agua-dulce:307","n":6,"sc":"#00ff00","fc":"#00ff00"},"geometry":{"type":"MultiLineString","coordinates":[[[2330.4,861.4],[2309.3,861.4],[2330.4,862.4],[2330.4,861.4]],[[2309.3,861.4],[2330.4,862.4],[2309.3,862.4],[2309.3,861.4]]]}},{"type":"Feature","properties":{"id":"p:agua-dulce:308","n":6,"sc":"#00ff00","fc":"#00ff00"},"geometry":{"type":"MultiLineString","coordinates":[[[2330.4,862.4],[2309.3,862.4],[2330.9,863.4],[2330.4,862.4]],[[2309.3,862.4],[2330.9,863.4],[2309.3,863.4],[2309.3,862.4]]]}},{"type":"Feature","properties":{"id":"p:agua-dulce:309","n":6,"sc":"#00ff00","fc":"#00ff00"},"geometry":{"type":"MultiLineString","coordinates":[[[2330.9,863.4],[2309.3,863.4],[2330.9,864.3],[2330.9,863.4]],[[2309.3,863.4],[2330.9,864.3],[2309.3,864.3],[2309.3,863.4]]]}},{"type":"Feature","properties":{"id":"p:agua-dulce:310","n":6,"sc":"#00ff00","fc":"#00ff00"},"geometry":{"type":"MultiLineString","coordinates":[[[2330.9,864.3],[2309.3,864.3],[2330.9,865.8],[2330.9,864.3]],[[2309.3,864.3],[2330.9,865.8],[2309.3,865.8],[2309.3,864.3]]]}},{"type":"Feature","properties":{"id":"p:agua-dulce:311","n":6,"sc":"#00ff00","fc":"#00ff00"},"geometry":{"type":"MultiLineString","coordinates":[[[2330.9,865.8],[2309.3,865.8],[2330.4,866.7],[2330.9,865.8]],[[2309.3,865.8],[2330.4,866.7],[2309.3,866.7],[2309.3,865.8]]]}},{"type":"Feature","properties":{"id":"p:agua-dulce:312","n":6,"sc":"#00ff00","fc":"#00ff00"},"geometry":{"type":"MultiLineString","coordinates":[[[2330.4,866.7],[2309.3,866.7],[2330.4,867.7],[2330.4,866.7]],[[2309.3,866.7],[2330.4,867.7],[2309.3,867.7],[2309.3,866.7]]]}},{"type":"Feature","properties":{"id":"p:agua-dulce:313","n":6,"sc":"#00ff00","fc":"#00ff00"},"geometry":{"type":"MultiLineString","coordinates":[[[2330.4,867.7],[2309.3,867.7],[2329.9,868.6],[2330.4,867.7]],[[2309.3,867.7],[2329.9,868.6],[2309.8,868.6],[2309.3,867.7]]]}},{"type":"Feature","properties":{"id":"p:agua-dulce:314","n":6,"sc":"#00ff00","fc":"#00ff00"},"geometry":{"type":"MultiLineString","coordinates":[[[2329.9,868.6],[2309.8,868.6],[2329.4,869.6],[2329.9,868.6]],[[2309.8,868.6],[2329.4,869.6],[2310.2,869.6],[2309.8,868.6]]]}},{"type":"Feature","properties":{"id":"p:agua-dulce:315","n":6,"sc":"#00ff00","fc":"#00ff00"},"geometry":{"type":"MultiLineString","coordinates":[[[2329.4,869.6],[2310.2,869.6],[2329.0,870.6],[2329.4,869.6]],[[2310.2,869.6],[2329.0,870.6],[2310.7,870.6],[2310.2,869.6]]]}},{"type":"Feature","properties":{"id":"p:agua-dulce:316","n":6,"sc":"#00ff00","fc":"#00ff00"},"geometry":{"type":"MultiLineString","coordinates":[[[2329.0,870.6],[2310.7,870.6],[2328.5,871.0],[2329.0,870.6]],[[2310.7,870.6],[2328.5,871.0],[2311.2,871.0],[2310.7,870.6]]]}},{"type":"Feature","properties":{"id":"p:agua-dulce:317","n":6,"sc":"#00ff00","fc":"#00ff00"},"geometry":{"type":"MultiLineString","coordinates":[[[2328.5,871.0],[2311.2,871.0],[2328,872],[2328.5,871.0]],[[2311.2,871.0],[2328,872],[2312.2,872],[2311.2,871.0]]]}},{"type":"Feature","properties":{"id":"p:agua-dulce:318","n":6,"sc":"#00ff00","fc":"#00ff00"},"geometry":{"type":"MultiLineString","coordinates":[[[2328,872],[2312.2,872],[2327.0,873.0],[2328,872]],[[2312.2,872],[2327.0,873.0],[2312.6,873.0],[2312.2,872]]]}},{"type":"Feature","properties":{"id":"p:agua-dulce:319","n":6,"sc":"#00ff00","fc":"#00ff00"},"geometry":{"type":"MultiLineString","coordinates":[[[2327.0,873.0],[2312.6,873.0],[2326.1,873.4],[2327.0,873.0]],[[2312.6,873.0],[2326.1,873.4],[2313.6,873.4],[2312.6,873.0]]]}},{"type":"Feature","properties":{"id":"p:agua-dulce:320","n":6,"sc":"#00ff00","fc":"#00ff00"},"geometry":{"type":"MultiLineString","coordinates":[[[2326.1,873.4],[2313.6,873.4],[2325.1,873.9],[2326.1,873.4]],[[2313.6,873.4],[2325.1,873.9],[2314.6,873.9],[2313.6,873.4]]]}},{"type":"Feature","properties":{"id":"p:agua-dulce:321","n":6,"sc":"#00ff00","fc":"#00ff00"},"geometry":{"type":"MultiLineString","coordinates":[[[2325.1,873.9],[2314.6,873.9],[2324.6,874.4],[2325.1,873.9]],[[2314.6,873.9],[2324.6,874.4],[2315.5,874.4],[2314.6,873.9]]]}},{"type":"Feature","properties":{"id":"p:agua-dulce:322","n":6,"sc":"#00ff00","fc":"#00ff00"},"geometry":{"type":"MultiLineString","coordinates":[[[2324.6,874.4],[2315.5,874.4],[2323.2,874.9],[2324.6,874.4]],[[2315.5,874.4],[2323.2,874.9],[2316.5,874.9],[2315.5,874.4]]]}},{"type":"Feature","properties":{"id":"p:agua-dulce:323","n":6,"sc":"#00ff00","fc":"#00ff00"},"geometry":{"type":"MultiLineString","coordinates":[[[2323.2,874.9],[2316.5,874.9],[2322.7,874.9],[2323.2,874.9]],[[2316.5,874.9],[2322.7,874.9],[2317.4,874.9],[2316.5,874.9]]]}},{"type":"Feature","properties":{"id":"p:agua-dulce:324","n":6,"sc":"#00ff00","fc":"#00ff00"},"geometry":{"type":"MultiLineString","coordinates":[[[2317.4,874.9],[2318.4,875.4],[2321.3,875.4],[2317.4,874.9]],[[2318.4,875.4],[2321.3,875.4],[2320.3,875.4],[2318.4,875.4]]]}},{"type":"Feature","properties":{"id":"p:agua-dulce:325","n":3,"sc":"#00ff00","fc":"#00ff00"},"geometry":{"type":"LineString","coordinates":[[2317.4,874.9],[2322.7,874.9],[2321.3,875.4],[2317.4,874.9]]}},{"type":"Feature","properties":{"id":"p:agua-dulce:326","n":1,"sc":"#00ff00"},"geometry":{"type":"LineString","coordinates":[[2279.0,905.1],[2339.0,905.1]]}},{"type":"Feature","properties":{"id":"p:agua-dulce:327","n":1,"sc":"#00ff00"},"geometry":{"type":"LineString","coordinates":[[2421.6,902.2],[2480.6,902.2]]}},{"type":"Feature","properties":{"id":"p:agua-dulce:328","n":1,"sc":"#00ff00"},"geometry":{"type":"LineString","coordinates":[[2598.2,944],[2598.2,885.4]]}},{"type":"Feature","properties":{"id":"p:agua-dulce:329","n":1,"sc":"#00ff00"},"geometry":{"type":"LineString","coordinates":[[2262.2,2071.5],[2262.2,2697.0]]}},{"type":"Feature","properties":{"id":"p:agua-dulce:330","n":1,"sc":"#00ff00"},"geometry":{"type":"LineString","coordinates":[[2300.6,2027.8],[2300.6,2071.5]]}},{"type":"Feature","properties":{"id":"p:agua-dulce:331","n":1,"sc":"#00ff00"},"geometry":{"type":"LineString","coordinates":[[2545.0,2136.8],[2545.0,2071.5]]}},{"type":"Feature","properties":{"id":"p:agua-dulce:332","n":1,"sc":"#00ff00"},"geometry":{"type":"LineString","coordinates":[[2904,2028.3],[2904,2071.5]]}},{"type":"Feature","properties":{"id":"p:agua-dulce:333","n":1,"sc":"#00ff00"},"geometry":{"type":"LineString","coordinates":[[2735.5,2071.0],[2735.5,2201.6]]}},{"type":"Feature","properties":{"id":"p:agua-dulce:334","n":1,"sc":"#00ff00"},"geometry":{"type":"LineString","coordinates":[[2828.2,2071.5],[2828.2,2120.5]]}},{"type":"Feature","properties":{"id":"p:agua-dulce:335","n":1,"sc":"#00ff00"},"geometry":{"type":"LineString","coordinates":[[4008.5,2125.3],[4008.5,2071.0]]}},{"type":"Feature","properties":{"id":"p:agua-dulce:336","n":1,"sc":"#00ff00"},"geometry":{"type":"LineString","coordinates":[[3634.6,2272.2],[3634.6,2071.0]]}},{"type":"Feature","properties":{"id":"p:agua-dulce:337","n":1,"sc":"#00ff00"},"geometry":{"type":"LineString","coordinates":[[3905.3,1690.4],[3905.3,2071.0]]}},{"type":"Feature","properties":{"id":"p:agua-dulce:338","n":1,"sc":"#00ff00"},"geometry":{"type":"LineString","coordinates":[[4142.9,1336.2],[4536.5,1336.2]]}},{"type":"Feature","properties":{"id":"p:agua-dulce:339","n":1,"sc":"#00ff00"},"geometry":{"type":"LineString","coordinates":[[4536.5,1152.8],[4463.0,1152.8]]}},{"type":"Feature","properties":{"id":"p:agua-dulce:340","n":1,"sc":"#00ff00"},"geometry":{"type":"LineString","coordinates":[[3518.9,695.8],[3518.9,848]]}},{"type":"Feature","properties":{"id":"p:agua-dulce:341","n":1,"sc":"#00ff00"},"geometry":{"type":"LineString","coordinates":[[5540.6,581.6],[5540.6,695.8]]}},{"type":"Feature","properties":{"id":"p:agua-dulce:342","n":1,"sc":"#00ff00"},"geometry":{"type":"LineString","coordinates":[[2319.8,864.3],[2319.8,695.8]]}},{"type":"Feature","properties":{"id":"p:agua-dulce:343","n":1,"sc":"#00ff00"},"geometry":{"type":"LineString","coordinates":[[2559.4,695.8],[2559.4,1131.2]]}},{"type":"Feature","properties":{"id":"p:agua-dulce:344","n":1,"sc":"#00ff00"},"geometry":{"type":"LineString","coordinates":[[1894.1,1413.9],[1894.6,1239.7]]}},{"type":"Feature","properties":{"id":"p:agua-dulce:345","n":1,"sc":"#00ff00"},"geometry":{"type":"LineString","coordinates":[[2078.9,2071.0],[2078.9,1450.4]]}},{"type":"Feature","properties":{"id":"p:agua-dulce:346","n":1,"sc":"#00ff00"},"geometry":{"type":"LineString","coordinates":[[5540.6,695.8],[4536.5,695.8]]}},{"type":"Feature","properties":{"id":"p:agua-dulce:347","n":1,"sc":"#00ff00"},"geometry":{"type":"LineString","coordinates":[[2455.7,864.3],[2456.2,695.8]]}},{"type":"Feature","properties":{"id":"p:agua-dulce:348","n":1,"sc":"#00ff00"},"geometry":{"type":"LineString","coordinates":[[2589.6,864.3],[2589.6,695.8]]}},{"type":"Feature","properties":{"id":"p:agua-dulce:349","n":1,"sc":"#00ff00"},"geometry":{"type":"LineString","coordinates":[[1904.6,345.4],[1904.6,276.3]]}},{"type":"Feature","properties":{"id":"p:agua-dulce:350","n":1,"sc":"#00ff00"},"geometry":{"type":"LineString","coordinates":[[1935.8,344.5],[1935.8,275.4]]}},{"type":"Feature","properties":{"id":"p:agua-dulce:351","n":2,"sc":"#00ff00"},"geometry":{"type":"LineString","coordinates":[[1897.4,357.9],[1897.4,711.7],[2028.5,711.7]]}},{"type":"Feature","properties":{"id":"p:agua-dulce:352","n":2,"sc":"#00ff00"},"geometry":{"type":"LineString","coordinates":[[1928.2,357.9],[1928.2,701.1],[2028.5,701.1]]}},{"type":"Feature","properties":{"id":"p:agua-dulce:353","n":2,"sc":"#00ff00"},"geometry":{"type":"LineString","coordinates":[[2365.9,1277.6],[2012.2,1277.6],[2012.2,1239.7]]}},{"type":"Feature","properties":{"id":"p:agua-dulce:354","n":2,"sc":"#00ff00","fc":"#00ff00"},"geometry":{"type":"LineString","coordinates":[[1470.2,2141.6],[1472.2,2141.6],[1470.2,2141.6]]}},{"type":"Feature","properties":{"id":"p:agua-dulce:355","n":10,"sc":"#00ff00","fc":"#00ff00"},"geometry":{"type":"MultiLineString","coordinates":[[[1472.2,2141.6],[1470.2,2141.6],[1474.1,2141.6],[1472.2,2141.6]],[[1470.2,2141.6],[1474.1,2141.6],[1468.3,2141.6],[1470.2,2141.6]],[[1474.1,2141.6],[1468.3,2141.6],[1474.1,2141.6]],[[1468.3,2141.6],[1474.1,2141.6],[1468.3,2141.6]]]}},{"type":"Feature","properties":{"id":"p:agua-dulce:356","n":10,"sc":"#00ff00","fc":"#00ff00"},"geometry":{"type":"MultiLineString","coordinates":[[[1474.1,2141.6],[1468.3,2141.6],[1476,2142.6],[1474.1,2141.6]],[[1468.3,2141.6],[1476,2142.6],[1466.4,2142.6],[1468.3,2141.6]],[[1476,2142.6],[1466.4,2142.6],[1476,2142.6]],[[1466.4,2142.6],[1476,2142.6],[1466.4,2142.6]]]}},{"type":"Feature","properties":{"id":"p:agua-dulce:357","n":10,"sc":"#00ff00","fc":"#00ff00"},"geometry":{"type":"MultiLineString","coordinates":[[[1476,2142.6],[1466.4,2142.6],[1477.4,2143.5],[1476,2142.6]],[[1466.4,2142.6],[1477.4,2143.5],[1464.5,2143.5],[1466.4,2142.6]],[[1477.4,2143.5],[1464.5,2143.5],[1477.4,2143.5]],[[1464.5,2143.5],[1477.4,2143.5],[1464.5,2143.5]]]}},{"type":"Feature","properties":{"id":"p:agua-dulce:358","n":10,"sc":"#00ff00","fc":"#00ff00"},"geometry":{"type":"MultiLineString","coordinates":[[[1477.4,2143.5],[1464.5,2143.5],[1478.9,2145.0],[1477.4,2143.5]],[[1464.5,2143.5],[1478.9,2145.0],[1463.0,2145.0],[1464.5,2143.5]],[[1478.9,2145.0],[1463.0,2145.0],[1478.9,2145.0]],[[1463.0,2145.0],[1478.9,2145.0],[1463.0,2145.0]]]}},{"type":"Feature","properties":{"id":"p:agua-dulce:359","n":10,"sc":"#00ff00","fc":"#00ff00"},"geometry":{"type":"MultiLineString","coordinates":[[[1478.9,2145.0],[1463.0,2145.0],[1480.3,2146.4],[1478.9,2145.0]],[[1463.0,2145.0],[1480.3,2146.4],[1462.1,2146.4],[1463.0,2145.0]],[[1480.3,2146.4],[1462.1,2146.4],[1480.3,2146.4]],[[1462.1,2146.4],[1480.3,2146.4],[1462.1,2146.4]]]}},{"type":"Feature","properties":{"id":"p:agua-dulce:360","n":10,"sc":"#00ff00","fc":"#00ff00"},"geometry":{"type":"MultiLineString","coordinates":[[[1480.3,2146.4],[1462.1,2146.4],[1480.8,2148.3],[1480.3,2146.4]],[[1462.1,2146.4],[1480.8,2148.3],[1461.1,2148.3],[1462.1,2146.4]],[[1480.8,2148.3],[1461.1,2148.3],[1480.8,2148.3]],[[1461.1,2148.3],[1480.8,2148.3],[1461.1,2148.3]]]}},{"type":"Feature","properties":{"id":"p:agua-dulce:361","n":10,"sc":"#00ff00","fc":"#00ff00"},"geometry":{"type":"MultiLineString","coordinates":[[[1480.8,2148.3],[1461.1,2148.3],[1481.8,2150.2],[1480.8,2148.3]],[[1461.1,2148.3],[1481.8,2150.2],[1460.6,2150.2],[1461.1,2148.3]],[[1481.8,2150.2],[1460.6,2150.2],[1481.8,2150.2]],[[1460.6,2150.2],[1481.8,2150.2],[1460.6,2150.2]]]}},{"type":"Feature","properties":{"id":"p:agua-dulce:362","n":10,"sc":"#00ff00","fc":"#00ff00"},"geometry":{"type":"MultiLineString","coordinates":[[[1481.8,2150.2],[1460.6,2150.2],[1481.8,2152.2],[1481.8,2150.2]],[[1460.6,2150.2],[1481.8,2152.2],[1460.2,2152.2],[1460.6,2150.2]],[[1481.8,2152.2],[1460.2,2152.2],[1481.8,2152.2]],[[1460.2,2152.2],[1481.8,2152.2],[1460.2,2152.2]]]}},{"type":"Feature","properties":{"id":"p:agua-dulce:363","n":10,"sc":"#00ff00","fc":"#00ff00"},"geometry":{"type":"MultiLineString","coordinates":[[[1481.8,2152.2],[1460.2,2152.2],[1481.8,2154.1],[1481.8,2152.2]],[[1460.2,2152.2],[1481.8,2154.1],[1460.6,2154.1],[1460.2,2152.2]],[[1481.8,2154.1],[1460.6,2154.1],[1481.8,2154.1]],[[1460.6,2154.1],[1481.8,2154.1],[1460.6,2154.1]]]}},{"type":"Feature","properties":{"id":"p:agua-dulce:364","n":10,"sc":"#00ff00","fc":"#00ff00"},"geometry":{"type":"MultiLineString","coordinates":[[[1481.8,2154.1],[1460.6,2154.1],[1480.8,2156],[1481.8,2154.1]],[[1460.6,2154.1],[1480.8,2156],[1461.1,2156],[1460.6,2154.1]],[[1480.8,2156],[1461.1,2156],[1480.8,2156]],[[1461.1,2156],[1480.8,2156],[1461.1,2156]]]}},{"type":"Feature","properties":{"id":"p:agua-dulce:365","n":10,"sc":"#00ff00","fc":"#00ff00"},"geometry":{"type":"MultiLineString","coordinates":[[[1480.8,2156],[1461.1,2156],[1479.8,2157.9],[1480.8,2156]],[[1461.1,2156],[1479.8,2157.9],[1462.1,2157.9],[1461.1,2156]],[[1479.8,2157.9],[1462.1,2157.9],[1479.8,2157.9]],[[1462.1,2157.9],[1479.8,2157.9],[1462.1,2157.9]]]}},{"type":"Feature","properties":{"id":"p:agua-dulce:366","n":10,"sc":"#00ff00","fc":"#00ff00"},"geometry":{"type":"MultiLineString","coordinates":[[[1479.8,2157.9],[1462.1,2157.9],[1478.4,2159.8],[1479.8,2157.9]],[[1462.1,2157.9],[1478.4,2159.8],[1463.5,2159.8],[1462.1,2157.9]],[[1478.4,2159.8],[1463.5,2159.8],[1478.4,2159.8]],[[1463.5,2159.8],[1478.4,2159.8],[1463.5,2159.8]]]}},{"type":"Feature","properties":{"id":"p:agua-dulce:367","n":10,"sc":"#00ff00","fc":"#00ff00"},"geometry":{"type":"MultiLineString","coordinates":[[[1478.4,2159.8],[1463.5,2159.8],[1477.0,2160.8],[1478.4,2159.8]],[[1463.5,2159.8],[1477.0,2160.8],[1465.0,2160.8],[1463.5,2159.8]],[[1477.0,2160.8],[1465.0,2160.8],[1477.0,2160.8]],[[1465.0,2160.8],[1477.0,2160.8],[1465.0,2160.8]]]}},{"type":"Feature","properties":{"id":"p:agua-dulce:368","n":10,"sc":"#00ff00","fc":"#00ff00"},"geometry":{"type":"MultiLineString","coordinates":[[[1477.0,2160.8],[1465.0,2160.8],[1475.0,2161.8],[1477.0,2160.8]],[[1465.0,2160.8],[1475.0,2161.8],[1466.9,2161.8],[1465.0,2160.8]],[[1475.0,2161.8],[1466.9,2161.8],[1475.0,2161.8]],[[1466.9,2161.8],[1475.0,2161.8],[1466.9,2161.8]]]}},{"type":"Feature","properties":{"id":"p:agua-dulce:369","n":9,"sc":"#00ff00","fc":"#00ff00"},"geometry":{"type":"MultiLineString","coordinates":[[[1475.0,2161.8],[1466.9,2161.8],[1473.1,2162.7],[1475.0,2161.8]],[[1466.9,2161.8],[1473.1,2162.7],[1468.8,2162.7],[1466.9,2161.8]],[[1473.1,2162.7],[1468.8,2162.7],[1471.2,2162.7],[1473.1,2162.7]]]}},{"type":"Feature","properties":{"id":"p:agua-dulce:370","n":5,"sc":"#00ff00","fc":"#00ff00"},"geometry":{"type":"MultiLineString","coordinates":[[[1468.8,2162.7],[1473.1,2162.7],[1468.8,2162.7]],[[1473.1,2162.7],[1473.1,2162.7],[1468.8,2162.7],[1473.1,2162.7]]]}},{"type":"Feature","properties":{"id":"p:agua-dulce:371","n":1,"sc":"#00ff00"},"geometry":{"type":"LineString","coordinates":[[1481.8,2180.5],[1552.8,2181.0]]}},{"type":"Feature","properties":{"id":"p:agua-dulce:372","n":1,"sc":"#00ff00"},"geometry":{"type":"LineString","coordinates":[[1470.7,2141.6],[1471.2,2071.0]]}},{"type":"Feature","properties":{"id":"p:agua-dulce:373","n":3,"sc":"#00ff00","fc":"#00ff00"},"geometry":{"type":"LineString","coordinates":[[2053.4,1896.8],[2053.9,1896.8],[2051.0,1896.8],[2053.4,1896.8]]}},{"type":"Feature","properties":{"id":"p:agua-dulce:374","n":6,"sc":"#00ff00","fc":"#00ff00"},"geometry":{"type":"MultiLineString","coordinates":[[[2053.9,1896.8],[2051.0,1896.8],[2055.4,1897.3],[2053.9,1896.8]],[[2051.0,1896.8],[2055.4,1897.3],[2050.6,1897.3],[2051.0,1896.8]]]}},{"type":"Feature","properties":{"id":"p:agua-dulce:375","n":6,"sc":"#00ff00","fc":"#00ff00"},"geometry":{"type":"MultiLineString","coordinates":[[[2055.4,1897.3],[2050.6,1897.3],[2056.3,1897.3],[2055.4,1897.3]],[[2050.6,1897.3],[2056.3,1897.3],[2049.1,1897.3],[2050.6,1897.3]]]}},{"type":"Feature","properties":{"id":"p:agua-dulce:376","n":6,"sc":"#00ff00","fc":"#00ff00"},"geometry":{"type":"MultiLineString","coordinates":[[[2056.3,1897.3],[2049.1,1897.3],[2057.3,1897.8],[2056.3,1897.3]],[[2049.1,1897.3],[2057.3,1897.8],[2048.2,1897.8],[2049.1,1897.3]]]}},{"type":"Feature","properties":{"id":"p:agua-dulce:377","n":6,"sc":"#00ff00","fc":"#00ff00"},"geometry":{"type":"MultiLineString","coordinates":[[[2057.3,1897.8],[2048.2,1897.8],[2058.2,1898.2],[2057.3,1897.8]],[[2048.2,1897.8],[2058.2,1898.2],[2047.2,1898.2],[2048.2,1897.8]]]}},{"type":"Feature","properties":{"id":"p:agua-dulce:378","n":6,"sc":"#00ff00","fc":"#00ff00"},"geometry":{"type":"MultiLineString","coordinates":[[[2058.2,1898.2],[2047.2,1898.2],[2059.2,1898.7],[2058.2,1898.2]],[[2047.2,1898.2],[2059.2,1898.7],[2046.2,1898.7],[2047.2,1898.2]]]}},{"type":"Feature","properties":{"id":"p:agua-dulce:379","n":6,"sc":"#00ff00","fc":"#00ff00"},"geometry":{"type":"MultiLineString","coordinates":[[[2059.2,1898.7],[2046.2,1898.7],[2059.7,1899.7],[2059.2,1898.7]],[[2046.2,1898.7],[2059.7,1899.7],[2045.8,1899.7],[2046.2,1898.7]]]}},{"type":"Feature","properties":{"id":"p:agua-dulce:380","n":6,"sc":"#00ff00","fc":"#00ff00"},"geometry":{"type":"MultiLineString","coordinates":[[[2059.7,1899.7],[2045.8,1899.7],[2060.6,1900.2],[2059.7,1899.7]],[[2045.8,1899.7],[2060.6,1900.2],[2044.8,1900.2],[2045.8,1899.7]]]}},{"type":"Feature","properties":{"id":"p:agua-dulce:381","n":6,"sc":"#00ff00","fc":"#00ff00"},"geometry":{"type":"MultiLineString","coordinates":[[[2060.6,1900.2],[2044.8,1900.2],[2061.1,1901.1],[2060.6,1900.2]],[[2044.8,1900.2],[2061.1,1901.1],[2044.3,1901.1],[2044.8,1900.2]]]}},{"type":"Feature","properties":{"id":"p:agua-dulce:382","n":6,"sc":"#00ff00","fc":"#00ff00"},"geometry":{"type":"MultiLineString","coordinates":[[[2061.1,1901.1],[2044.3,1901.1],[2062.1,1901.6],[2061.1,1901.1]],[[2044.3,1901.1],[2062.1,1901.6],[2043.8,1901.6],[2044.3,1901.1]]]}},{"type":"Feature","properties":{"id":"p:agua-dulce:383","n":6,"sc":"#00ff00","fc":"#00ff00"},"geometry":{"type":"MultiLineString","coordinates":[[[2062.1,1901.6],[2043.8,1901.6],[2062.1,1902.6],[2062.1,1901.6]],[[2043.8,1901.6],[2062.1,1902.6],[2042.9,1902.6],[2043.8,1901.6]]]}},{"type":"Feature","properties":{"id":"p:agua-dulce:384","n":6,"sc":"#00ff00","fc":"#00ff00"},"geometry":{"type":"MultiLineString","coordinates":[[[2062.1,1902.6],[2042.9,1902.6],[2062.6,1903.5],[2062.1,1902.6]],[[2042.9,1902.6],[2062.6,1903.5],[2042.9,1903.5],[2042.9,1902.6]]]}},{"type":"Feature","properties":{"id":"p:agua-dulce:385","n":6,"sc":"#00ff00","fc":"#00ff00"},"geometry":{"type":"MultiLineString","coordinates":[[[2062.6,1903.5],[2042.9,1903.5],[2063.0,1904.5],[2062.6,1903.5]],[[2042.9,1903.5],[2063.0,1904.5],[2042.4,1904.5],[2042.9,1903.5]]]}},{"type":"Feature","properties":{"id":"p:agua-dulce:386","n":6,"sc":"#00ff00","fc":"#00ff00"},"geometry":{"type":"MultiLineString","coordinates":[[[2063.0,1904.5],[2042.4,1904.5],[2063.5,1905.4],[2063.0,1904.5]],[[2042.4,1904.5],[2063.5,1905.4],[2041.9,1905.4],[2042.4,1904.5]]]}},{"type":"Feature","properties":{"id":"p:agua-dulce:387","n":6,"sc":"#00ff00","fc":"#00ff00"},"geometry":{"type":"MultiLineString","coordinates":[[[2063.5,1905.4],[2041.9,1905.4],[2063.5,1906.4],[2063.5,1905.4]],[[2041.9,1905.4],[2063.5,1906.4],[2041.9,1906.4],[2041.9,1905.4]]]}},{"type":"Feature","properties":{"id":"p:agua-dulce:388","n":6,"sc":"#00ff00","fc":"#00ff00"},"geometry":{"type":"MultiLineString","coordinates":[[[2063.5,1906.4],[2041.9,1906.4],[2063.5,1907.8],[2063.5,1906.4]],[[2041.9,1906.4],[2063.5,1907.8],[2041.9,1907.8],[2041.9,1906.4]]]}},{"type":"Feature","properties":{"id":"p:agua-dulce:389","n":6,"sc":"#00ff00","fc":"#00ff00"},"geometry":{"type":"MultiLineString","coordinates":[[[2063.5,1907.8],[2041.9,1907.8],[2063.5,1908.8],[2063.5,1907.8]],[[2041.9,1907.8],[2063.5,1908.8],[2041.9,1908.8],[2041.9,1907.8]]]}},{"type":"Feature","properties":{"id":"p:agua-dulce:390","n":6,"sc":"#00ff00","fc":"#00ff00"},"geometry":{"type":"MultiLineString","coordinates":[[[2063.5,1908.8],[2041.9,1908.8],[2063.5,1909.8],[2063.5,1908.8]],[[2041.9,1908.8],[2063.5,1909.8],[2041.9,1909.8],[2041.9,1908.8]]]}},{"type":"Feature","properties":{"id":"p:agua-dulce:391","n":6,"sc":"#00ff00","fc":"#00ff00"},"geometry":{"type":"MultiLineString","coordinates":[[[2063.5,1909.8],[2041.9,1909.8],[2063.0,1910.7],[2063.5,1909.8]],[[2041.9,1909.8],[2063.0,1910.7],[2042.4,1910.7],[2041.9,1909.8]]]}},{"type":"Feature","properties":{"id":"p:agua-dulce:392","n":6,"sc":"#00ff00","fc":"#00ff00"},"geometry":{"type":"MultiLineString","coordinates":[[[2063.0,1910.7],[2042.4,1910.7],[2062.6,1911.7],[2063.0,1910.7]],[[2042.4,1910.7],[2062.6,1911.7],[2042.9,1911.7],[2042.4,1910.7]]]}},{"type":"Feature","properties":{"id":"p:agua-dulce:393","n":6,"sc":"#00ff00","fc":"#00ff00"},"geometry":{"type":"MultiLineString","coordinates":[[[2062.6,1911.7],[2042.9,1911.7],[2062.1,1912.6],[2062.6,1911.7]],[[2042.9,1911.7],[2062.1,1912.6],[2042.9,1912.6],[2042.9,1911.7]]]}},{"type":"Feature","properties":{"id":"p:agua-dulce:394","n":6,"sc":"#00ff00","fc":"#00ff00"},"geometry":{"type":"MultiLineString","coordinates":[[[2062.1,1912.6],[2042.9,1912.6],[2062.1,1913.6],[2062.1,1912.6]],[[2042.9,1912.6],[2062.1,1913.6],[2043.8,1913.6],[2042.9,1912.6]]]}},{"type":"Feature","properties":{"id":"p:agua-dulce:395","n":6,"sc":"#00ff00","fc":"#00ff00"},"geometry":{"type":"MultiLineString","coordinates":[[[2062.1,1913.6],[2043.8,1913.6],[2061.1,1914.6],[2062.1,1913.6]],[[2043.8,1913.6],[2061.1,1914.6],[2044.3,1914.6],[2043.8,1913.6]]]}},{"type":"Feature","properties":{"id":"p:agua-dulce:396","n":6,"sc":"#00ff00","fc":"#00ff00"},"geometry":{"type":"MultiLineString","coordinates":[[[2061.1,1914.6],[2044.3,1914.6],[2060.6,1915.0],[2061.1,1914.6]],[[2044.3,1914.6],[2060.6,1915.0],[2044.8,1915.0],[2044.3,1914.6]]]}},{"type":"Feature","properties":{"id":"p:agua-dulce:397","n":6,"sc":"#00ff00","fc":"#00ff00"},"geometry":{"type":"MultiLineString","coordinates":[[[2060.6,1915.0],[2044.8,1915.0],[2059.7,1916],[2060.6,1915.0]],[[2044.8,1915.0],[2059.7,1916],[2045.8,1916],[2044.8,1915.0]]]}},{"type":"Feature","properties":{"id":"p:agua-dulce:398","n":6,"sc":"#00ff00","fc":"#00ff00"},"geometry":{"type":"MultiLineString","coordinates":[[[2059.7,1916],[2045.8,1916],[2059.2,1916.5],[2059.7,1916]],[[2045.8,1916],[2059.2,1916.5],[2046.2,1916.5],[2045.8,1916]]]}},{"type":"Feature","properties":{"id":"p:agua-dulce:399","n":6,"sc":"#00ff00","fc":"#00ff00"},"geometry":{"type":"MultiLineString","coordinates":[[[2059.2,1916.5],[2046.2,1916.5],[2058.2,1917.0],[2059.2,1916.5]],[[2046.2,1916.5],[2058.2,1917.0],[2047.2,1917.0],[2046.2,1916.5]]]}},{"type":"Feature","properties":{"id":"p:agua-dulce:400","n":6,"sc":"#00ff00","fc":"#00ff00"},"geometry":{"type":"MultiLineString","coordinates":[[[2058.2,1917.0],[2047.2,1917.0],[2057.3,1917.4],[2058.2,1917.0]],[[2047.2,1917.0],[2057.3,1917.4],[2048.2,1917.4],[2047.2,1917.0]]]}},{"type":"Feature","properties":{"id":"p:agua-dulce:401","n":6,"sc":"#00ff00","fc":"#00ff00"},"geometry":{"type":"MultiLineString","coordinates":[[[2057.3,1917.4],[2048.2,1917.4],[2056.3,1917.9],[2057.3,1917.4]],[[2048.2,1917.4],[2056.3,1917.9],[2049.1,1917.9],[2048.2,1917.4]]]}},{"type":"Feature","properties":{"id":"p:agua-dulce:402","n":6,"sc":"#00ff00","fc":"#00ff00"},"geometry":{"type":"MultiLineString","coordinates":[[[2056.3,1917.9],[2049.1,1917.9],[2055.4,1918.4],[2056.3,1917.9]],[[2049.1,1917.9],[2055.4,1918.4],[2050.6,1918.4],[2049.1,1917.9]]]}},{"type":"Feature","properties":{"id":"p:agua-dulce:403","n":6,"sc":"#00ff00","fc":"#00ff00"},"geometry":{"type":"MultiLineString","coordinates":[[[2050.6,1918.4],[2051.0,1918.4],[2053.9,1918.4],[2050.6,1918.4]],[[2051.0,1918.4],[2053.9,1918.4],[2053.4,1918.4],[2051.0,1918.4]]]}},{"type":"Feature","properties":{"id":"p:agua-dulce:404","n":3,"sc":"#00ff00","fc":"#00ff00"},"geometry":{"type":"LineString","coordinates":[[2050.6,1918.4],[2055.4,1918.4],[2053.9,1918.4],[2050.6,1918.4]]}},{"type":"Feature","properties":{"id":"p:agua-dulce:405","n":1,"sc":"#00ff00"},"geometry":{"type":"LineString","coordinates":[[2002.6,1887.7],[2071.7,1887.7]]}},{"type":"Feature","properties":{"id":"p:agua-dulce:406","n":1,"sc":"#00ff00"},"geometry":{"type":"LineString","coordinates":[[2052.5,1907.8],[2052.5,2071.0]]}},{"type":"Feature","properties":{"id":"p:agua-dulce:407","n":1,"sc":"#00ff00"},"geometry":{"type":"LineString","coordinates":[[2941.4,2071.5],[2941.4,2071.5]]}},{"type":"Feature","properties":{"id":"p:agua-dulce:408","n":1,"sc":"#00ff00"},"geometry":{"type":"LineString","coordinates":[[1239.8,1947.2],[1298.9,1947.2]]}},{"type":"Feature","properties":{"id":"p:agua-dulce:409","n":2,"sc":"#00ff00","fc":"#00ff00"},"geometry":{"type":"LineString","coordinates":[[1266.2,1908.8],[1268.2,1908.8],[1266.2,1908.8]]}},{"type":"Feature","properties":{"id":"p:agua-dulce:410","n":10,"sc":"#00ff00","fc":"#00ff00"},"geometry":{"type":"MultiLineString","coordinates":[[[1268.2,1908.8],[1266.2,1908.8],[1270.1,1909.3],[1268.2,1908.8]],[[1266.2,1908.8],[1270.1,1909.3],[1264.3,1909.3],[1266.2,1908.8]],[[1270.1,1909.3],[1264.3,1909.3],[1270.1,1909.3]],[[1264.3,1909.3],[1270.1,1909.3],[1264.3,1909.3]]]}},{"type":"Feature","properties":{"id":"p:agua-dulce:411","n":10,"sc":"#00ff00","fc":"#00ff00"},"geometry":{"type":"MultiLineString","coordinates":[[[1270.1,1909.3],[1264.3,1909.3],[1272,1909.8],[1270.1,1909.3]],[[1264.3,1909.3],[1272,1909.8],[1262.4,1909.8],[1264.3,1909.3]],[[1272,1909.8],[1262.4,1909.8],[1272,1909.8]],[[1262.4,1909.8],[1272,1909.8],[1262.4,1909.8]]]}},{"type":"Feature","properties":{"id":"p:agua-dulce:412","n":10,"sc":"#00ff00","fc":"#00ff00"},"geometry":{"type":"MultiLineString","coordinates":[[[1272,1909.8],[1262.4,1909.8],[1273.4,1910.7],[1272,1909.8]],[[1262.4,1909.8],[1273.4,1910.7],[1260.5,1910.7],[1262.4,1909.8]],[[1273.4,1910.7],[1260.5,1910.7],[1273.4,1910.7]],[[1260.5,1910.7],[1273.4,1910.7],[1260.5,1910.7]]]}},{"type":"Feature","properties":{"id":"p:agua-dulce:413","n":10,"sc":"#00ff00","fc":"#00ff00"},"geometry":{"type":"MultiLineString","coordinates":[[[1273.4,1910.7],[1260.5,1910.7],[1274.9,1912.2],[1273.4,1910.7]],[[1260.5,1910.7],[1274.9,1912.2],[1259.0,1912.2],[1260.5,1910.7]],[[1274.9,1912.2],[1259.0,1912.2],[1274.9,1912.2]],[[1259.0,1912.2],[1274.9,1912.2],[1259.0,1912.2]]]}},{"type":"Feature","properties":{"id":"p:agua-dulce:414","n":10,"sc":"#00ff00","fc":"#00ff00"},"geometry":{"type":"MultiLineString","coordinates":[[[1274.9,1912.2],[1259.0,1912.2],[1276.3,1913.6],[1274.9,1912.2]],[[1259.0,1912.2],[1276.3,1913.6],[1258.1,1913.6],[1259.0,1912.2]],[[1276.3,1913.6],[1258.1,1913.6],[1276.3,1913.6]],[[1258.1,1913.6],[1276.3,1913.6],[1258.1,1913.6]]]}},{"type":"Feature","properties":{"id":"p:agua-dulce:415","n":10,"sc":"#00ff00","fc":"#00ff00"},"geometry":{"type":"MultiLineString","coordinates":[[[1276.3,1913.6],[1258.1,1913.6],[1276.8,1915.5],[1276.3,1913.6]],[[1258.1,1913.6],[1276.8,1915.5],[1257.1,1915.5],[1258.1,1913.6]],[[1276.8,1915.5],[1257.1,1915.5],[1276.8,1915.5]],[[1257.1,1915.5],[1276.8,1915.5],[1257.1,1915.5]]]}},{"type":"Feature","properties":{"id":"p:agua-dulce:416","n":10,"sc":"#00ff00","fc":"#00ff00"},"geometry":{"type":"MultiLineString","coordinates":[[[1276.8,1915.5],[1257.1,1915.5],[1277.8,1917.4],[1276.8,1915.5]],[[1257.1,1915.5],[1277.8,1917.4],[1256.6,1917.4],[1257.1,1915.5]],[[1277.8,1917.4],[1256.6,1917.4],[1277.8,1917.4]],[[1256.6,1917.4],[1277.8,1917.4],[1256.6,1917.4]]]}},{"type":"Feature","properties":{"id":"p:agua-dulce:417","n":10,"sc":"#00ff00","fc":"#00ff00"},"geometry":{"type":"MultiLineString","coordinates":[[[1277.8,1917.4],[1256.6,1917.4],[1277.8,1919.4],[1277.8,1917.4]],[[1256.6,1917.4],[1277.8,1919.4],[1256.2,1919.4],[1256.6,1917.4]],[[1277.8,1919.4],[1256.2,1919.4],[1277.8,1919.4]],[[1256.2,1919.4],[1277.8,1919.4],[1256.2,1919.4]]]}},{"type":"Feature","properties":{"id":"p:agua-dulce:418","n":6,"sc":"#00ff00","fc":"#00ff00"},"geometry":{"type":"MultiLineString","coordinates":[[[1277.8,1919.4],[1256.2,1919.4],[1277.8,1921.3],[1277.8,1919.4]],[[1256.2,1919.4],[1277.8,1921.3],[1256.6,1921.3],[1256.2,1919.4]]]}},{"type":"Feature","properties":{"id":"p:agua-dulce:419","n":6,"sc":"#00ff00","fc":"#00ff00"},"geometry":{"type":"MultiLineString","coordinates":[[[1277.8,1921.3],[1256.6,1921.3],[1277.8,1921.8],[1277.8,1921.3]],[[1256.6,1921.3],[1277.8,1921.8],[1256.6,1921.8],[1256.6,1921.3]]]}},{"type":"Feature","properties":{"id":"p:agua-dulce:420","n":10,"sc":"#00ff00","fc":"#00ff00"},"geometry":{"type":"MultiLineString","coordinates":[[[1277.8,1921.8],[1256.6,1921.8],[1276.8,1923.7],[1277.8,1921.8]],[[1256.6,1921.8],[1276.8,1923.7],[1257.1,1923.7],[1256.6,1921.8]],[[1276.8,1923.7],[1257.1,1923.7],[1276.8,1923.7]],[[1257.1,1923.7],[1276.8,1923.7],[1257.1,1923.7]]]}},{"type":"Feature","properties":{"id":"p:agua-dulce:421","n":10,"sc":"#00ff00","fc":"#00ff00"},"geometry":{"type":"MultiLineString","coordinates":[[[1276.8,1923.7],[1257.1,1923.7],[1275.8,1925.6],[1276.8,1923.7]],[[1257.1,1923.7],[1275.8,1925.6],[1258.1,1925.6],[1257.1,1923.7]],[[1275.8,1925.6],[1258.1,1925.6],[1275.8,1925.6]],[[1258.1,1925.6],[1275.8,1925.6],[1258.1,1925.6]]]}},{"type":"Feature","properties":{"id":"p:agua-dulce:422","n":10,"sc":"#00ff00","fc":"#00ff00"},"geometry":{"type":"MultiLineString","coordinates":[[[1275.8,1925.6],[1258.1,1925.6],[1274.4,1927.0],[1275.8,1925.6]],[[1258.1,1925.6],[1274.4,1927.0],[1259.5,1927.0],[1258.1,1925.6]],[[1274.4,1927.0],[1259.5,1927.0],[1274.4,1927.0]],[[1259.5,1927.0],[1274.4,1927.0],[1259.5,1927.0]]]}},{"type":"Feature","properties":{"id":"p:agua-dulce:423","n":10,"sc":"#00ff00","fc":"#00ff00"},"geometry":{"type":"MultiLineString","coordinates":[[[1274.4,1927.0],[1259.5,1927.0],[1273.0,1928.5],[1274.4,1927.0]],[[1259.5,1927.0],[1273.0,1928.5],[1261.0,1928.5],[1259.5,1927.0]],[[1273.0,1928.5],[1261.0,1928.5],[1273.0,1928.5]],[[1261.0,1928.5],[1273.0,1928.5],[1261.0,1928.5]]]}},{"type":"Feature","properties":{"id":"p:agua-dulce:424","n":10,"sc":"#00ff00","fc":"#00ff00"},"geometry":{"type":"MultiLineString","coordinates":[[[1273.0,1928.5],[1261.0,1928.5],[1271.0,1929.4],[1273.0,1928.5]],[[1261.0,1928.5],[1271.0,1929.4],[1262.9,1929.4],[1261.0,1928.5]],[[1271.0,1929.4],[1262.9,1929.4],[1271.0,1929.4]],[[1262.9,1929.4],[1271.0,1929.4],[1262.9,1929.4]]]}},{"type":"Feature","properties":{"id":"p:agua-dulce:425","n":9,"sc":"#00ff00","fc":"#00ff00"},"geometry":{"type":"MultiLineString","coordinates":[[[1271.0,1929.4],[1262.9,1929.4],[1269.1,1929.9],[1271.0,1929.4]],[[1262.9,1929.4],[1269.1,1929.9],[1264.8,1929.9],[1262.9,1929.4]],[[1269.1,1929.9],[1264.8,1929.9],[1267.2,1929.9],[1269.1,1929.9]]]}},{"type":"Feature","properties":{"id":"p:agua-dulce:426","n":5,"sc":"#00ff00","fc":"#00ff00"},"geometry":{"type":"MultiLineString","coordinates":[[[1264.8,1929.9],[1269.1,1929.9],[1264.8,1929.9]],[[1269.1,1929.9],[1269.1,1929.9],[1264.8,1929.9],[1269.1,1929.9]]]}},{"type":"Feature","properties":{"id":"p:agua-dulce:427","n":1,"sc":"#00ff00"},"geometry":{"type":"LineString","coordinates":[[1457.3,1918.9],[1266.7,1918.4]]}},{"type":"Feature","properties":{"id":"p:agua-dulce:428","n":2,"sc":"#00ff00","fc":"#00ff00"},"geometry":{"type":"LineString","coordinates":[[2060.6,1163.4],[2062.6,1163.4],[2060.6,1163.4]]}},{"type":"Feature","properties":{"id":"p:agua-dulce:429","n":10,"sc":"#00ff00","fc":"#00ff00"},"geometry":{"type":"MultiLineString","coordinates":[[[2062.6,1163.4],[2060.6,1163.4],[2064.5,1163.4],[2062.6,1163.4]],[[2060.6,1163.4],[2064.5,1163.4],[2058.7,1163.4],[2060.6,1163.4]],[[2064.5,1163.4],[2058.7,1163.4],[2064.5,1163.4]],[[2058.7,1163.4],[2064.5,1163.4],[2058.7,1163.4]]]}},{"type":"Feature","properties":{"id":"p:agua-dulce:430","n":10,"sc":"#00ff00","fc":"#00ff00"},"geometry":{"type":"MultiLineString","coordinates":[[[2064.5,1163.4],[2058.7,1163.4],[2066.4,1164.3],[2064.5,1163.4]],[[2058.7,1163.4],[2066.4,1164.3],[2056.8,1164.3],[2058.7,1163.4]],[[2066.4,1164.3],[2056.8,1164.3],[2066.4,1164.3]],[[2056.8,1164.3],[2066.4,1164.3],[2056.8,1164.3]]]}},{"type":"Feature","properties":{"id":"p:agua-dulce:431","n":10,"sc":"#00ff00","fc":"#00ff00"},"geometry":{"type":"MultiLineString","coordinates":[[[2066.4,1164.3],[2056.8,1164.3],[2067.8,1165.3],[2066.4,1164.3]],[[2056.8,1164.3],[2067.8,1165.3],[2054.9,1165.3],[2056.8,1164.3]],[[2067.8,1165.3],[2054.9,1165.3],[2067.8,1165.3]],[[2054.9,1165.3],[2067.8,1165.3],[2054.9,1165.3]]]}},{"type":"Feature","properties":{"id":"p:agua-dulce:432","n":10,"sc":"#00ff00","fc":"#00ff00"},"geometry":{"type":"MultiLineString","coordinates":[[[2067.8,1165.3],[2054.9,1165.3],[2069.3,1166.7],[2067.8,1165.3]],[[2054.9,1165.3],[2069.3,1166.7],[2053.4,1166.7],[2054.9,1165.3]],[[2069.3,1166.7],[2053.4,1166.7],[2069.3,1166.7]],[[2053.4,1166.7],[2069.3,1166.7],[2053.4,1166.7]]]}},{"type":"Feature","properties":{"id":"p:agua-dulce:433","n":10,"sc":"#00ff00","fc":"#00ff00"},"geometry":{"type":"MultiLineString","coordinates":[[[2069.3,1166.7],[2053.4,1166.7],[2070.7,1168.2],[2069.3,1166.7]],[[2053.4,1166.7],[2070.7,1168.2],[2052.5,1168.2],[2053.4,1166.7]],[[2070.7,1168.2],[2052.5,1168.2],[2070.7,1168.2]],[[2052.5,1168.2],[2070.7,1168.2],[2052.5,1168.2]]]}},{"type":"Feature","properties":{"id":"p:agua-dulce:434","n":10,"sc":"#00ff00","fc":"#00ff00"},"geometry":{"type":"MultiLineString","coordinates":[[[2070.7,1168.2],[2052.5,1168.2],[2071.2,1170.1],[2070.7,1168.2]],[[2052.5,1168.2],[2071.2,1170.1],[2051.5,1170.1],[2052.5,1168.2]],[[2071.2,1170.1],[2051.5,1170.1],[2071.2,1170.1]],[[2051.5,1170.1],[2071.2,1170.1],[2051.5,1170.1]]]}},{"type":"Feature","properties":{"id":"p:agua-dulce:435","n":10,"sc":"#00ff00","fc":"#00ff00"},"geometry":{"type":"MultiLineString","coordinates":[[[2071.2,1170.1],[2051.5,1170.1],[2072.2,1172],[2071.2,1170.1]],[[2051.5,1170.1],[2072.2,1172],[2051.0,1172],[2051.5,1170.1]],[[2072.2,1172],[2051.0,1172],[2072.2,1172]],[[2051.0,1172],[2072.2,1172],[2051.0,1172]]]}},{"type":"Feature","properties":{"id":"p:agua-dulce:436","n":10,"sc":"#00ff00","fc":"#00ff00"},"geometry":{"type":"MultiLineString","coordinates":[[[2072.2,1172],[2051.0,1172],[2072.2,1173.9],[2072.2,1172]],[[2051.0,1172],[2072.2,1173.9],[2050.6,1173.9],[2051.0,1172]],[[2072.2,1173.9],[2050.6,1173.9],[2072.2,1173.9]],[[2050.6,1173.9],[2072.2,1173.9],[2050.6,1173.9]]]}},{"type":"Feature","properties":{"id":"p:agua-dulce:437","n":10,"sc":"#00ff00","fc":"#00ff00"},"geometry":{"type":"MultiLineString","coordinates":[[[2072.2,1173.9],[2050.6,1173.9],[2072.2,1175.8],[2072.2,1173.9]],[[2050.6,1173.9],[2072.2,1175.8],[2051.0,1175.8],[2050.6,1173.9]],[[2072.2,1175.8],[2051.0,1175.8],[2072.2,1175.8]],[[2051.0,1175.8],[2072.2,1175.8],[2051.0,1175.8]]]}},{"type":"Feature","properties":{"id":"p:agua-dulce:438","n":10,"sc":"#00ff00","fc":"#00ff00"},"geometry":{"type":"MultiLineString","coordinates":[[[2072.2,1175.8],[2051.0,1175.8],[2071.2,1177.8],[2072.2,1175.8]],[[2051.0,1175.8],[2071.2,1177.8],[2051.5,1177.8],[2051.0,1175.8]],[[2071.2,1177.8],[2051.5,1177.8],[2071.2,1177.8]],[[2051.5,1177.8],[2071.2,1177.8],[2051.5,1177.8]]]}},{"type":"Feature","properties":{"id":"p:agua-dulce:439","n":10,"sc":"#00ff00","fc":"#00ff00"},"geometry":{"type":"MultiLineString","coordinates":[[[2071.2,1177.8],[2051.5,1177.8],[2070.2,1179.7],[2071.2,1177.8]],[[2051.5,1177.8],[2070.2,1179.7],[2052.5,1179.7],[2051.5,1177.8]],[[2070.2,1179.7],[2052.5,1179.7],[2070.2,1179.7]],[[2052.5,1179.7],[2070.2,1179.7],[2052.5,1179.7]]]}},{"type":"Feature","properties":{"id":"p:agua-dulce:440","n":10,"sc":"#00ff00","fc":"#00ff00"},"geometry":{"type":"MultiLineString","coordinates":[[[2070.2,1179.7],[2052.5,1179.7],[2068.8,1181.6],[2070.2,1179.7]],[[2052.5,1179.7],[2068.8,1181.6],[2053.9,1181.6],[2052.5,1179.7]],[[2068.8,1181.6],[2053.9,1181.6],[2068.8,1181.6]],[[2053.9,1181.6],[2068.8,1181.6],[2053.9,1181.6]]]}},{"type":"Feature","properties":{"id":"p:agua-dulce:441","n":10,"sc":"#00ff00","fc":"#00ff00"},"geometry":{"type":"MultiLineString","coordinates":[[[2068.8,1181.6],[2053.9,1181.6],[2067.4,1182.6],[2068.8,1181.6]],[[2053.9,1181.6],[2067.4,1182.6],[2055.4,1182.6],[2053.9,1181.6]],[[2067.4,1182.6],[2055.4,1182.6],[2067.4,1182.6]],[[2055.4,1182.6],[2067.4,1182.6],[2055.4,1182.6]]]}},{"type":"Feature","properties":{"id":"p:agua-dulce:442","n":10,"sc":"#00ff00","fc":"#00ff00"},"geometry":{"type":"MultiLineString","coordinates":[[[2067.4,1182.6],[2055.4,1182.6],[2065.4,1183.5],[2067.4,1182.6]],[[2055.4,1182.6],[2065.4,1183.5],[2057.3,1183.5],[2055.4,1182.6]],[[2065.4,1183.5],[2057.3,1183.5],[2065.4,1183.5]],[[2057.3,1183.5],[2065.4,1183.5],[2057.3,1183.5]]]}},{"type":"Feature","properties":{"id":"p:agua-dulce:443","n":9,"sc":"#00ff00","fc":"#00ff00"},"geometry":{"type":"MultiLineString","coordinates":[[[2065.4,1183.5],[2057.3,1183.5],[2063.5,1184.5],[2065.4,1183.5]],[[2057.3,1183.5],[2063.5,1184.5],[2059.2,1184.5],[2057.3,1183.5]],[[2063.5,1184.5],[2059.2,1184.5],[2061.6,1184.5],[2063.5,1184.5]]]}},{"type":"Feature","properties":{"id":"p:agua-dulce:444","n":5,"sc":"#00ff00","fc":"#00ff00"},"geometry":{"type":"MultiLineString","coordinates":[[[2059.2,1184.5],[2063.5,1184.5],[2059.2,1184.5]],[[2063.5,1184.5],[2063.5,1184.5],[2059.2,1184.5],[2063.5,1184.5]]]}},{"type":"Feature","properties":{"id":"p:agua-dulce:445","n":1,"sc":"#00ff00"},"geometry":{"type":"LineString","coordinates":[[2067.4,1159.5],[2126.4,1160]]}},{"type":"Feature","properties":{"id":"p:agua-dulce:446","n":1,"sc":"#00ff00"},"geometry":{"type":"LineString","coordinates":[[2061.1,1174.4],[2028.5,1174.4]]}},{"type":"Feature","properties":{"id":"p:agua-dulce:447","n":1,"sc":"#00ff00"},"geometry":{"type":"LineString","coordinates":[[3176.2,1332.8],[3176.2,1332.3]]}},{"type":"Feature","properties":{"id":"p:agua-dulce:448","n":1,"sc":"#00ff00"},"geometry":{"type":"LineString","coordinates":[[2087.5,686.7],[2087.5,705.0]]}},{"type":"Feature","properties":{"id":"p:agua-dulce:449","n":2,"sc":"#00ff00"},"geometry":{"type":"LineString","coordinates":[[2115.4,686.7],[2115.4,705.0],[2103.4,697.3]]}},{"type":"Feature","properties":{"id":"p:agua-dulce:450","n":1,"sc":"#00ff00"},"geometry":{"type":"LineString","coordinates":[[2099.5,694.4],[2087.5,686.7]]}},{"type":"Feature","properties":{"id":"p:agua-dulce:451","n":16,"sc":"#00ff00"},"geometry":{"type":"LineString","coordinates":[[2103.4,695.6],[2103.2,694.8],[2102.7,694.1],[2102.0,693.6],[2101.2,693.4],[2100.4,693.6],[2099.7,694.1],[2099.2,694.8],[2099.0,695.6],[2099.2,696.4],[2099.7,697.1],[2100.4,697.6],[2101.2,697.8],[2102.0,697.6],[2102.7,697.1],[2103.2,696.4],[2103.4,695.6]]}},{"type":"Feature","properties":{"id":"p:agua-dulce:452","n":6,"sc":"#00ff00","fc":"#00ff00"},"geometry":{"type":"MultiLineString","coordinates":[[[1530.2,2094.6],[1524.5,2082.1],[1524.5,2094.6],[1530.2,2094.6]],[[1524.5,2082.1],[1524.5,2094.6],[1519.2,2094.6],[1524.5,2082.1]]]}},{"type":"Feature","properties":{"id":"p:agua-dulce:453","n":3,"sc":"#00ff00","fc":"#00ff00"},"geometry":{"type":"LineString","coordinates":[[1524.5,2082.1],[1519.2,2079.7],[1519.2,2084.5],[1524.5,2082.1]]}},{"type":"Feature","properties":{"id":"p:agua-dulce:454","n":6,"sc":"#00ff00","fc":"#00ff00"},"geometry":{"type":"MultiLineString","coordinates":[[[1519.2,2079.7],[1519.2,2084.5],[1512,2076.8],[1519.2,2079.7]],[[1519.2,2084.5],[1512,2076.8],[1512,2087.4],[1519.2,2084.5]]]}},{"type":"Feature","properties":{"id":"p:agua-dulce:455","n":1,"sc":"#00ff00"},"geometry":{"type":"LineString","coordinates":[[1524.5,2082.1],[1512,2076.8]]}},{"type":"Feature","properties":{"id":"p:agua-dulce:456","n":1,"sc":"#00ff00"},"geometry":{"type":"LineString","coordinates":[[1512,2087.4],[1512,2076.8]]}},{"type":"Feature","properties":{"id":"p:agua-dulce:457","n":6,"sc":"#00ff00","fc":"#00ff00"},"geometry":{"type":"MultiLineString","coordinates":[[[1526.4,2107.5],[1524.5,2107.5],[1524.5,2113.3],[1526.4,2107.5]],[[1524.5,2107.5],[1524.5,2113.3],[1522.6,2107.5],[1524.5,2107.5]]]}},{"type":"Feature","properties":{"id":"p:agua-dulce:458","n":1,"sc":"#00ff00"},"geometry":{"type":"LineString","coordinates":[[1524.5,2094.6],[1524.5,2107.5]]}},{"type":"Feature","properties":{"id":"p:agua-dulce:459","n":3,"sc":"#00ff00"},"geometry":{"type":"LineString","coordinates":[[1524.5,2113.3],[1526.4,2107.5],[1522.6,2107.5],[1524.5,2113.3]]}},{"type":"Feature","properties":{"id":"p:agua-dulce:460","n":1,"sc":"#00ff00"},"geometry":{"type":"LineString","coordinates":[[1524.5,2082.1],[1532.2,2082.1]]}},{"type":"Feature","properties":{"id":"p:agua-dulce:461","n":1,"sc":"#00ff00"},"geometry":{"type":"LineString","coordinates":[[1535.5,2085.0],[1538.9,2079.2]]}},{"type":"Feature","properties":{"id":"p:agua-dulce:462","n":1,"sc":"#00ff00"},"geometry":{"type":"LineString","coordinates":[[1538.9,2079.2],[1541.8,2085.0]]}},{"type":"Feature","properties":{"id":"p:agua-dulce:463","n":1,"sc":"#00ff00"},"geometry":{"type":"LineString","coordinates":[[1541.8,2085.0],[1543.7,2079.2]]}},{"type":"Feature","properties":{"id":"p:agua-dulce:464","n":1,"sc":"#00ff00"},"geometry":{"type":"LineString","coordinates":[[1543.7,2079.2],[1545.1,2082.1]]}},{"type":"Feature","properties":{"id":"p:agua-dulce:465","n":1,"sc":"#00ff00"},"geometry":{"type":"LineString","coordinates":[[1533.6,2079.2],[1532.2,2082.1]]}},{"type":"Feature","properties":{"id":"p:agua-dulce:466","n":1,"sc":"#00ff00"},"geometry":{"type":"LineString","coordinates":[[1533.6,2079.2],[1535.5,2085.0]]}},{"type":"Feature","properties":{"id":"p:agua-dulce:467","n":1,"sc":"#00ff00"},"geometry":{"type":"LineString","coordinates":[[1519.2,2094.6],[1530.2,2094.6]]}},{"type":"Feature","properties":{"id":"p:agua-dulce:468","n":1,"sc":"#00ff00"},"geometry":{"type":"LineString","coordinates":[[1524.5,2082.1],[1530.2,2094.6]]}},{"type":"Feature","properties":{"id":"p:agua-dulce:469","n":1,"sc":"#00ff00"},"geometry":{"type":"LineString","coordinates":[[1524.5,2082.1],[1519.2,2094.6]]}},{"type":"Feature","properties":{"id":"p:agua-dulce:470","n":1,"sc":"#00ff00"},"geometry":{"type":"LineString","coordinates":[[1524.5,2082.1],[1512,2087.4]]}},{"type":"Feature","properties":{"id":"p:agua-dulce:471","n":2,"sc":"#00ff00"},"geometry":{"type":"LineString","coordinates":[[1512,2082.1],[1503.4,2082.1],[1503.4,2071.0]]}},{"type":"Feature","properties":{"id":"p:agua-dulce:472","n":1,"sc":"#00ff00"},"geometry":{"type":"LineString","coordinates":[[3167.0,1345.8],[3185.3,1346.2]]}},{"type":"Feature","properties":{"id":"p:agua-dulce:473","n":2,"sc":"#00ff00"},"geometry":{"type":"LineString","coordinates":[[3167.0,1318.4],[3185.3,1318.4],[3177.6,1330.4]]}},{"type":"Feature","properties":{"id":"p:agua-dulce:474","n":1,"sc":"#00ff00"},"geometry":{"type":"LineString","coordinates":[[3174.7,1334.2],[3167.0,1345.8]]}},{"type":"Feature","properties":{"id":"p:agua-dulce:475","n":16,"sc":"#00ff00"},"geometry":{"type":"LineString","coordinates":[[3178.1,1332.1],[3177.9,1331.2],[3177.4,1330.6],[3176.8,1330.1],[3175.9,1329.9],[3175.1,1330.1],[3174.4,1330.6],[3173.9,1331.2],[3173.8,1332.1],[3173.9,1332.9],[3174.4,1333.6],[3175.1,1334.1],[3175.9,1334.2],[3176.8,1334.1],[3177.4,1333.6],[3177.9,1332.9],[3178.1,1332.1]]}},{"type":"Feature","properties":{"id":"p:agua-dulce:476","n":12,"sc":"#00ff00","fc":"#00ff00"},"geometry":{"type":"MultiLineString","coordinates":[[[1503.4,2072.5],[1503.4,2069.6],[1455.8,2072.5],[1503.4,2072.5]],[[1503.4,2069.6],[1455.8,2072.5],[1458.7,2069.6],[1503.4,2069.6]],[[1455.8,2072.5],[1458.7,2069.6],[1455.8,1379.4],[1455.8,2072.5]],[[1458.7,2069.6],[1455.8,1379.4],[1458.7,1379.4],[1458.7,2069.6]]]}},{"type":"Feature","properties":{"id":"p:agua-dulce:477","n":24,"sc":"#00ff00","fc":"#00ff00"},"geometry":{"type":"MultiLineString","coordinates":[[[1455.8,1351.5],[1458.7,1351.5],[1455.8,1238.2],[1455.8,1351.5]],[[1458.7,1351.5],[1455.8,1238.2],[1458.7,1241.1],[1458.7,1351.5]],[[1455.8,1238.2],[1458.7,1241.1],[2027.0,1238.2],[1455.8,1238.2]],[[1458.7,1241.1],[2027.0,1238.2],[2029.9,1241.1],[1458.7,1241.1]],[[2027.0,1238.2],[2029.9,1241.1],[2027.0,694.4],[2027.0,1238.2]],[[2029.9,1241.1],[2027.0,694.4],[2029.9,697.3],[2029.9,1241.1]],[[2027.0,694.4],[2029.9,697.3],[2087.5,694.4],[2027.0,694.4]],[[2029.9,697.3],[2087.5,694.4],[2087.5,697.3],[2029.9,697.3]]]}},{"type":"Feature","properties":{"id":"p:agua-dulce:478","n":6,"sc":"#00ff00","fc":"#00ff00"},"geometry":{"type":"MultiLineString","coordinates":[[[2115.4,694.4],[2115.4,697.3],[3993.1,694.4],[2115.4,694.4]],[[2115.4,697.3],[3993.1,694.4],[3993.1,697.3],[2115.4,697.3]]]}},{"type":"Feature","properties":{"id":"p:agua-dulce:479","n":12,"sc":"#00ff00","fc":"#00ff00"},"geometry":{"type":"MultiLineString","coordinates":[[[4021.0,694.4],[4021.0,697.3],[4537.4,694.4],[4021.0,694.4]],[[4021.0,697.3],[4537.4,694.4],[4535.0,697.3],[4021.0,697.3]],[[4537.4,694.4],[4535.0,697.3],[4537.4,1389.0],[4537.4,694.4]],[[4535.0,697.3],[4537.4,1389.0],[4535.0,1389.0],[4535.0,697.3]]]}},{"type":"Feature","properties":{"id":"p:agua-dulce:480","n":12,"sc":"#00ff00","fc":"#00ff00"},"geometry":{"type":"MultiLineString","coordinates":[[[4537.4,1416.8],[4535.0,1416.8],[4537.4,2072.5],[4537.4,1416.8]],[[4535.0,1416.8],[4537.4,2072.5],[4535.0,2069.6],[4535.0,1416.8]],[[4537.4,2072.5],[4535.0,2069.6],[3959.0,2072.5],[4537.4,2072.5]],[[4535.0,2069.6],[3959.0,2072.5],[3959.0,2069.6],[4535.0,2069.6]]]}},{"type":"Feature","properties":{"id":"p:agua-dulce:481","n":6,"sc":"#00ff00","fc":"#00ff00"},"geometry":{"type":"MultiLineString","coordinates":[[[3931.2,2072.5],[3931.2,2069.6],[2187.8,2072.5],[3931.2,2072.5]],[[3931.2,2069.6],[2187.8,2072.5],[2187.8,2069.6],[3931.2,2069.6]]]}},{"type":"Feature","properties":{"id":"p:agua-dulce:482","n":6,"sc":"#00ff00","fc":"#00ff00"},"geometry":{"type":"MultiLineString","coordinates":[[[2160,2072.5],[2160,2069.6],[1503.4,2072.5],[2160,2072.5]],[[2160,2069.6],[1503.4,2072.5],[1503.4,2069.6],[2160,2069.6]]]}},{"type":"Feature","properties":{"id":"p:agua-dulce:483","n":6,"sc":"#00ff00","fc":"#00ff00"},"geometry":{"type":"MultiLineString","coordinates":[[[3174.7,2071.0],[3177.6,2071.0],[3174.7,1346.2],[3174.7,2071.0]],[[3177.6,2071.0],[3174.7,1346.2],[3177.6,1346.2],[3177.6,2071.0]]]}},{"type":"Feature","properties":{"id":"p:agua-dulce:484","n":6,"sc":"#00ff00","fc":"#00ff00"},"geometry":{"type":"MultiLineString","coordinates":[[[3174.7,1318.4],[3177.6,1318.4],[3174.7,695.8],[3174.7,1318.4]],[[3177.6,1318.4],[3174.7,695.8],[3177.6,695.8],[3177.6,1318.4]]]}},{"type":"Feature","properties":{"id":"p:agua-dulce:485","n":6,"sc":"#00ff00","fc":"#00ff00"},"geometry":{"type":"MultiLineString","coordinates":[[[3041.3,721.8],[3035.5,709.3],[3035.5,721.8],[3041.3,721.8]],[[3035.5,709.3],[3035.5,721.8],[3030.2,721.8],[3035.5,709.3]]]}},{"type":"Feature","properties":{"id":"p:agua-dulce:486","n":3,"sc":"#00ff00","fc":"#00ff00"},"geometry":{"type":"LineString","coordinates":[[3035.5,709.3],[3030.2,706.9],[3030.2,711.7],[3035.5,709.3]]}},{"type":"Feature","properties":{"id":"p:agua-dulce:487","n":6,"sc":"#00ff00","fc":"#00ff00"},"geometry":{"type":"MultiLineString","coordinates":[[[3030.2,706.9],[3030.2,711.7],[3023.0,704],[3030.2,706.9]],[[3030.2,711.7],[3023.0,704],[3023.0,714.6],[3030.2,711.7]]]}},{"type":"Feature","properties":{"id":"p:agua-dulce:488","n":1,"sc":"#00ff00"},"geometry":{"type":"LineString","coordinates":[[3035.5,709.3],[3023.0,704]]}},{"type":"Feature","properties":{"id":"p:agua-dulce:489","n":1,"sc":"#00ff00"},"geometry":{"type":"LineString","coordinates":[[3023.0,714.6],[3023.0,704]]}},{"type":"Feature","properties":{"id":"p:agua-dulce:490","n":6,"sc":"#00ff00","fc":"#00ff00"},"geometry":{"type":"MultiLineString","coordinates":[[[3037.9,734.7],[3035.5,734.7],[3035.5,740.5],[3037.9,734.7]],[[3035.5,734.7],[3035.5,740.5],[3033.6,734.7],[3035.5,734.7]]]}},{"type":"Feature","properties":{"id":"p:agua-dulce:491","n":1,"sc":"#00ff00"},"geometry":{"type":"LineString","coordinates":[[3035.5,721.8],[3035.5,734.7]]}},{"type":"Feature","properties":{"id":"p:agua-dulce:492","n":3,"sc":"#00ff00"},"geometry":{"type":"LineString","coordinates":[[3035.5,740.5],[3037.9,734.7],[3033.6,734.7],[3035.5,740.5]]}},{"type":"Feature","properties":{"id":"p:agua-dulce:493","n":1,"sc":"#00ff00"},"geometry":{"type":"LineString","coordinates":[[3035.5,709.3],[3043.2,709.3]]}},{"type":"Feature","properties":{"id":"p:agua-dulce:494","n":1,"sc":"#00ff00"},"geometry":{"type":"LineString","coordinates":[[3046.6,712.2],[3049.9,706.4]]}},{"type":"Feature","properties":{"id":"p:agua-dulce:495","n":1,"sc":"#00ff00"},"geometry":{"type":"LineString","coordinates":[[3049.9,706.4],[3052.8,712.2]]}},{"type":"Feature","properties":{"id":"p:agua-dulce:496","n":1,"sc":"#00ff00"},"geometry":{"type":"LineString","coordinates":[[3052.8,712.2],[3054.7,706.4]]}},{"type":"Feature","properties":{"id":"p:agua-dulce:497","n":1,"sc":"#00ff00"},"geometry":{"type":"LineString","coordinates":[[3054.7,706.4],[3056.2,709.3]]}},{"type":"Feature","properties":{"id":"p:agua-dulce:498","n":1,"sc":"#00ff00"},"geometry":{"type":"LineString","coordinates":[[3044.6,706.4],[3043.2,709.3]]}},{"type":"Feature","properties":{"id":"p:agua-dulce:499","n":1,"sc":"#00ff00"},"geometry":{"type":"LineString","coordinates":[[3044.6,706.4],[3046.6,712.2]]}},{"type":"Feature","properties":{"id":"p:agua-dulce:500","n":1,"sc":"#00ff00"},"geometry":{"type":"LineString","coordinates":[[3030.2,721.8],[3041.3,721.8]]}},{"type":"Feature","properties":{"id":"p:agua-dulce:501","n":1,"sc":"#00ff00"},"geometry":{"type":"LineString","coordinates":[[3035.5,709.3],[3041.3,721.8]]}},{"type":"Feature","properties":{"id":"p:agua-dulce:502","n":1,"sc":"#00ff00"},"geometry":{"type":"LineString","coordinates":[[3035.5,709.3],[3030.2,721.8]]}},{"type":"Feature","properties":{"id":"p:agua-dulce:503","n":1,"sc":"#00ff00"},"geometry":{"type":"LineString","coordinates":[[3035.5,709.3],[3023.0,714.6]]}},{"type":"Feature","properties":{"id":"p:agua-dulce:504","n":2,"sc":"#00ff00"},"geometry":{"type":"LineString","coordinates":[[3023.0,709.3],[3014.4,709.3],[3014.4,698.2]]}},{"type":"Feature","properties":{"id":"p:agua-dulce:505","n":6,"sc":"#00ff00","fc":"#00ff00"},"geometry":{"type":"MultiLineString","coordinates":[[[4502.9,719.8],[4497.6,706.9],[4497.6,719.8],[4502.9,719.8]],[[4497.6,706.9],[4497.6,719.8],[4492.3,719.8],[4497.6,706.9]]]}},{"type":"Feature","properties":{"id":"p:agua-dulce:506","n":3,"sc":"#00ff00","fc":"#00ff00"},"geometry":{"type":"LineString","coordinates":[[4497.6,706.9],[4492.3,704.5],[4492.3,709.3],[4497.6,706.9]]}},{"type":"Feature","properties":{"id":"p:agua-dulce:507","n":6,"sc":"#00ff00","fc":"#00ff00"},"geometry":{"type":"MultiLineString","coordinates":[[[4492.3,704.5],[4492.3,709.3],[4485.1,701.6],[4492.3,704.5]],[[4492.3,709.3],[4485.1,701.6],[4485.1,712.6],[4492.3,709.3]]]}},{"type":"Feature","properties":{"id":"p:agua-dulce:508","n":1,"sc":"#00ff00"},"geometry":{"type":"LineString","coordinates":[[4497.6,706.9],[4485.1,701.6]]}},{"type":"Feature","properties":{"id":"p:agua-dulce:509","n":1,"sc":"#00ff00"},"geometry":{"type":"LineString","coordinates":[[4485.1,712.6],[4485.1,701.6]]}},{"type":"Feature","properties":{"id":"p:agua-dulce:510","n":6,"sc":"#00ff00","fc":"#00ff00"},"geometry":{"type":"MultiLineString","coordinates":[[[4499.5,732.3],[4497.6,732.3],[4497.6,738.1],[4499.5,732.3]],[[4497.6,732.3],[4497.6,738.1],[4495.7,732.3],[4497.6,732.3]]]}},{"type":"Feature","properties":{"id":"p:agua-dulce:511","n":1,"sc":"#00ff00"},"geometry":{"type":"LineString","coordinates":[[4497.6,719.8],[4497.6,732.3]]}},{"type":"Feature","properties":{"id":"p:agua-dulce:512","n":3,"sc":"#00ff00"},"geometry":{"type":"LineString","coordinates":[[4497.6,738.1],[4499.5,732.3],[4495.7,732.3],[4497.6,738.1]]}},{"type":"Feature","properties":{"id":"p:agua-dulce:513","n":1,"sc":"#00ff00"},"geometry":{"type":"LineString","coordinates":[[4497.6,706.9],[4505.3,706.9]]}},{"type":"Feature","properties":{"id":"p:agua-dulce:514","n":1,"sc":"#00ff00"},"geometry":{"type":"LineString","coordinates":[[4508.6,709.8],[4511.5,704]]}},{"type":"Feature","properties":{"id":"p:agua-dulce:515","n":1,"sc":"#00ff00"},"geometry":{"type":"LineString","coordinates":[[4511.5,704],[4514.9,709.8]]}},{"type":"Feature","properties":{"id":"p:agua-dulce:516","n":1,"sc":"#00ff00"},"geometry":{"type":"LineString","coordinates":[[4514.9,709.8],[4516.8,704]]}},{"type":"Feature","properties":{"id":"p:agua-dulce:517","n":1,"sc":"#00ff00"},"geometry":{"type":"LineString","coordinates":[[4516.8,704],[4518.2,706.9]]}},{"type":"Feature","properties":{"id":"p:agua-dulce:518","n":1,"sc":"#00ff00"},"geometry":{"type":"LineString","coordinates":[[4506.7,704],[4505.3,706.9]]}},{"type":"Feature","properties":{"id":"p:agua-dulce:519","n":1,"sc":"#00ff00"},"geometry":{"type":"LineString","coordinates":[[4506.7,704],[4508.6,709.8]]}},{"type":"Feature","properties":{"id":"p:agua-dulce:520","n":1,"sc":"#00ff00"},"geometry":{"type":"LineString","coordinates":[[4492.3,719.8],[4502.9,719.8]]}},{"type":"Feature","properties":{"id":"p:agua-dulce:521","n":1,"sc":"#00ff00"},"geometry":{"type":"LineString","coordinates":[[4497.6,706.9],[4502.9,719.8]]}},{"type":"Feature","properties":{"id":"p:agua-dulce:522","n":1,"sc":"#00ff00"},"geometry":{"type":"LineString","coordinates":[[4497.6,706.9],[4492.3,719.8]]}},{"type":"Feature","properties":{"id":"p:agua-dulce:523","n":1,"sc":"#00ff00"},"geometry":{"type":"LineString","coordinates":[[4497.6,706.9],[4485.1,712.6]]}},{"type":"Feature","properties":{"id":"p:agua-dulce:524","n":2,"sc":"#00ff00"},"geometry":{"type":"LineString","coordinates":[[4485.1,706.9],[4476.5,706.9],[4476.5,695.8]]}},{"type":"Feature","properties":{"id":"p:agua-dulce:525","n":6,"sc":"#00ff00","fc":"#00ff00"},"geometry":{"type":"MultiLineString","coordinates":[[[3347.0,2095.0],[3341.8,2082.1],[3341.8,2095.0],[3347.0,2095.0]],[[3341.8,2082.1],[3341.8,2095.0],[3336,2095.0],[3341.8,2082.1]]]}},{"type":"Feature","properties":{"id":"p:agua-dulce:526","n":3,"sc":"#00ff00","fc":"#00ff00"},"geometry":{"type":"LineString","coordinates":[[3341.8,2082.1],[3336,2079.7],[3336,2084.5],[3341.8,2082.1]]}},{"type":"Feature","properties":{"id":"p:agua-dulce:527","n":6,"sc":"#00ff00","fc":"#00ff00"},"geometry":{"type":"MultiLineString","coordinates":[[[3336,2079.7],[3336,2084.5],[3328.8,2076.8],[3336,2079.7]],[[3336,2084.5],[3328.8,2076.8],[3328.8,2087.8],[3336,2084.5]]]}},{"type":"Feature","properties":{"id":"p:agua-dulce:528","n":1,"sc":"#00ff00"},"geometry":{"type":"LineString","coordinates":[[3341.8,2082.1],[3328.8,2076.8]]}},{"type":"Feature","properties":{"id":"p:agua-dulce:529","n":1,"sc":"#00ff00"},"geometry":{"type":"LineString","coordinates":[[3328.8,2087.8],[3328.8,2076.8]]}},{"type":"Feature","properties":{"id":"p:agua-dulce:530","n":6,"sc":"#00ff00","fc":"#00ff00"},"geometry":{"type":"MultiLineString","coordinates":[[[3343.7,2107.5],[3341.8,2107.5],[3341.8,2113.3],[3343.7,2107.5]],[[3341.8,2107.5],[3341.8,2113.3],[3339.4,2107.5],[3341.8,2107.5]]]}},{"type":"Feature","properties":{"id":"p:agua-dulce:531","n":1,"sc":"#00ff00"},"geometry":{"type":"LineString","coordinates":[[3341.8,2095.0],[3341.8,2107.5]]}},{"type":"Feature","properties":{"id":"p:agua-dulce:532","n":3,"sc":"#00ff00"},"geometry":{"type":"LineString","coordinates":[[3341.8,2113.3],[3343.7,2107.5],[3339.4,2107.5],[3341.8,2113.3]]}},{"type":"Feature","properties":{"id":"p:agua-dulce:533","n":1,"sc":"#00ff00"},"geometry":{"type":"LineString","coordinates":[[3341.8,2082.1],[3349.0,2082.1]]}},{"type":"Feature","properties":{"id":"p:agua-dulce:534","n":1,"sc":"#00ff00"},"geometry":{"type":"LineString","coordinates":[[3352.3,2085.0],[3355.7,2079.2]]}},{"type":"Feature","properties":{"id":"p:agua-dulce:535","n":1,"sc":"#00ff00"},"geometry":{"type":"LineString","coordinates":[[3355.7,2079.2],[3359.0,2085.0]]}},{"type":"Feature","properties":{"id":"p:agua-dulce:536","n":1,"sc":"#00ff00"},"geometry":{"type":"LineString","coordinates":[[3359.0,2085.0],[3360.5,2079.2]]}},{"type":"Feature","properties":{"id":"p:agua-dulce:537","n":1,"sc":"#00ff00"},"geometry":{"type":"LineString","coordinates":[[3360.5,2079.2],[3361.9,2082.1]]}},{"type":"Feature","properties":{"id":"p:agua-dulce:538","n":1,"sc":"#00ff00"},"geometry":{"type":"LineString","coordinates":[[3350.4,2079.2],[3349.0,2082.1]]}},{"type":"Feature","properties":{"id":"p:agua-dulce:539","n":1,"sc":"#00ff00"},"geometry":{"type":"LineString","coordinates":[[3350.4,2079.2],[3352.3,2085.0]]}},{"type":"Feature","properties":{"id":"p:agua-dulce:540","n":1,"sc":"#00ff00"},"geometry":{"type":"LineString","coordinates":[[3336,2095.0],[3347.0,2095.0]]}},{"type":"Feature","properties":{"id":"p:agua-dulce:541","n":1,"sc":"#00ff00"},"geometry":{"type":"LineString","coordinates":[[3341.8,2082.1],[3347.0,2095.0]]}},{"type":"Feature","properties":{"id":"p:agua-dulce:542","n":1,"sc":"#00ff00"},"geometry":{"type":"LineString","coordinates":[[3341.8,2082.1],[3336,2095.0]]}},{"type":"Feature","properties":{"id":"p:agua-dulce:543","n":1,"sc":"#00ff00"},"geometry":{"type":"LineString","coordinates":[[3341.8,2082.1],[3328.8,2087.8]]}},{"type":"Feature","properties":{"id":"p:agua-dulce:544","n":2,"sc":"#00ff00"},"geometry":{"type":"LineString","coordinates":[[3328.8,2082.1],[3320.6,2082.1],[3320.6,2071.0]]}},{"type":"Feature","properties":{"id":"p:agua-dulce:545","n":1,"sc":"#00ff00"},"geometry":{"type":"LineString","coordinates":[[3993.6,686.7],[3993.1,705.0]]}},{"type":"Feature","properties":{"id":"p:agua-dulce:546","n":2,"sc":"#00ff00"},"geometry":{"type":"LineString","coordinates":[[4021.0,686.7],[4021.0,705.0],[4009.0,697.3]]}},{"type":"Feature","properties":{"id":"p:agua-dulce:547","n":1,"sc":"#00ff00"},"geometry":{"type":"LineString","coordinates":[[4005.1,694.4],[3993.6,686.7]]}},{"type":"Feature","properties":{"id":"p:agua-dulce:548","n":16,"sc":"#00ff00"},"geometry":{"type":"LineString","coordinates":[[4009.0,695.6],[4008.8,694.8],[4008.3,694.1],[4007.6,693.6],[4006.8,693.4],[4006.0,693.6],[4005.3,694.1],[4004.8,694.8],[4004.6,695.6],[4004.8,696.4],[4005.3,697.1],[4006.0,697.6],[4006.8,697.8],[4007.6,697.6],[4008.3,697.1],[4008.8,696.4],[4009.0,695.6]]}},{"type":"Feature","properties":{"id":"p:agua-dulce:549","n":1,"sc":"#00ff00"},"geometry":{"type":"LineString","coordinates":[[4281.6,1494.6],[4281.6,1494.6]]}},{"type":"Feature","properties":{"id":"p:agua-dulce:550","n":1,"sc":"#00ff00"},"geometry":{"type":"LineString","coordinates":[[4527.4,1416.8],[4545.6,1416.8]]}},{"type":"Feature","properties":{"id":"p:agua-dulce:551","n":2,"sc":"#00ff00"},"geometry":{"type":"LineString","coordinates":[[4527.4,1389.0],[4545.6,1389.0],[4537.4,1401.0]]}},{"type":"Feature","properties":{"id":"p:agua-dulce:552","n":1,"sc":"#00ff00"},"geometry":{"type":"LineString","coordinates":[[4535.0,1404.8],[4527.4,1416.8]]}},{"type":"Feature","properties":{"id":"p:agua-dulce:553","n":16,"sc":"#00ff00"},"geometry":{"type":"LineString","coordinates":[[4538.4,1402.6],[4538.2,1401.8],[4537.8,1401.1],[4537.1,1400.6],[4536.2,1400.5],[4535.4,1400.6],[4534.7,1401.1],[4534.2,1401.8],[4534.1,1402.6],[4534.2,1403.5],[4534.7,1404.2],[4535.4,1404.6],[4536.2,1404.8],[4537.1,1404.6],[4537.8,1404.2],[4538.2,1403.5],[4538.4,1402.6]]}},{"type":"Feature","properties":{"id":"p:agua-dulce:554","n":1,"sc":"#00ff00"},"geometry":{"type":"LineString","coordinates":[[1459.2,1365.9],[1459.2,1365.9]]}},{"type":"Feature","properties":{"id":"p:agua-dulce:555","n":1,"sc":"#00ff00"},"geometry":{"type":"LineString","coordinates":[[1448.2,1379.4],[1466.4,1379.4]]}},{"type":"Feature","properties":{"id":"p:agua-dulce:556","n":2,"sc":"#00ff00"},"geometry":{"type":"LineString","coordinates":[[1448.2,1351.5],[1466.4,1351.5],[1458.7,1363.5]]}},{"type":"Feature","properties":{"id":"p:agua-dulce:557","n":1,"sc":"#00ff00"},"geometry":{"type":"LineString","coordinates":[[1455.8,1367.4],[1448.2,1379.4]]}},{"type":"Feature","properties":{"id":"p:agua-dulce:558","n":16,"sc":"#00ff00"},"geometry":{"type":"LineString","coordinates":[[1459.2,1365.2],[1459.0,1364.4],[1458.6,1363.7],[1457.9,1363.2],[1457.0,1363.0],[1456.2,1363.2],[1455.5,1363.7],[1455.1,1364.4],[1454.9,1365.2],[1455.1,1366.0],[1455.5,1366.7],[1456.2,1367.2],[1457.0,1367.4],[1457.9,1367.2],[1458.6,1366.7],[1459.0,1366.0],[1459.2,1365.2]]}},{"type":"Feature","properties":{"id":"p:agua-dulce:559","n":1,"sc":"#00ff00"},"geometry":{"type":"LineString","coordinates":[[3931.2,2061.9],[3931.2,2080.2]]}},{"type":"Feature","properties":{"id":"p:agua-dulce:560","n":2,"sc":"#00ff00"},"geometry":{"type":"LineString","coordinates":[[3959.0,2061.9],[3959.0,2080.2],[3947.0,2072.5]]}},{"type":"Feature","properties":{"id":"p:agua-dulce:561","n":1,"sc":"#00ff00"},"geometry":{"type":"LineString","coordinates":[[3943.2,2069.6],[3931.2,2061.9]]}},{"type":"Feature","properties":{"id":"p:agua-dulce:562","n":16,"sc":"#00ff00"},"geometry":{"type":"LineString","coordinates":[[3947.0,2070.8],[3946.9,2070.0],[3946.4,2069.3],[3945.7,2068.8],[3944.9,2068.6],[3944.0,2068.8],[3943.4,2069.3],[3942.9,2070.0],[3942.7,2070.8],[3942.9,2071.6],[3943.4,2072.3],[3944.0,2072.8],[3944.9,2073.0],[3945.7,2072.8],[3946.4,2072.3],[3946.9,2071.6],[3947.0,2070.8]]}},{"type":"Feature","properties":{"id":"p:agua-dulce:563","n":1,"sc":"#00ff00"},"geometry":{"type":"LineString","coordinates":[[2392.8,2285.6],[2392.8,2285.6]]}},{"type":"Feature","properties":{"id":"p:agua-dulce:564","n":1,"sc":"#00ff00"},"geometry":{"type":"LineString","coordinates":[[2383.7,2299.0],[2401.9,2299.0]]}},{"type":"Feature","properties":{"id":"p:agua-dulce:565","n":2,"sc":"#00ff00"},"geometry":{"type":"LineString","coordinates":[[2383.7,2271.2],[2401.9,2271.2],[2394.2,2283.2]]}},{"type":"Feature","properties":{"id":"p:agua-dulce:566","n":1,"sc":"#00ff00"},"geometry":{"type":"LineString","coordinates":[[2391.4,2287.0],[2383.7,2299.0]]}},{"type":"Feature","properties":{"id":"p:agua-dulce:567","n":16,"sc":"#00ff00"},"geometry":{"type":"LineString","coordinates":[[2394.7,2284.9],[2394.6,2284.0],[2394.1,2283.4],[2393.4,2282.9],[2392.6,2282.7],[2391.7,2282.9],[2391.0,2283.4],[2390.6,2284.0],[2390.4,2284.9],[2390.6,2285.7],[2391.0,2286.4],[2391.7,2286.9],[2392.6,2287.0],[2393.4,2286.9],[2394.1,2286.4],[2394.6,2285.7],[2394.7,2284.9]]}},{"type":"Feature","properties":{"id":"p:agua-dulce:568","n":6,"sc":"#00ff00","fc":"#00ff00"},"geometry":{"type":"MultiLineString","coordinates":[[[2394.2,2071.5],[2391.4,2071.5],[2394.2,2271.2],[2394.2,2071.5]],[[2391.4,2071.5],[2394.2,2271.2],[2391.4,2271.2],[2391.4,2071.5]]]}},{"type":"Feature","properties":{"id":"p:agua-dulce:569","n":12,"sc":"#00ff00","fc":"#00ff00"},"geometry":{"type":"MultiLineString","coordinates":[[[2394.2,2299.0],[2391.4,2299.0],[2393.8,3255.7],[2394.2,2299.0]],[[2391.4,2299.0],[2393.8,3255.7],[2390.9,3258.6],[2391.4,2299.0]],[[2393.8,3255.7],[2390.9,3258.6],[2789.3,3255.7],[2393.8,3255.7]],[[2390.9,3258.6],[2789.3,3255.7],[2789.3,3258.6],[2390.9,3258.6]]]}},{"type":"Feature","properties":{"id":"p:agua-dulce:570","n":1,"sc":"#00ff00"},"geometry":{"type":"LineString","coordinates":[[2160,2061.9],[2160,2080.2]]}},{"type":"Feature","properties":{"id":"p:agua-dulce:571","n":2,"sc":"#00ff00"},"geometry":{"type":"LineString","coordinates":[[2187.8,2061.9],[2187.8,2080.2],[2175.8,2072.5]]}},{"type":"Feature","properties":{"id":"p:agua-dulce:572","n":1,"sc":"#00ff00"},"geometry":{"type":"LineString","coordinates":[[2172,2069.6],[2160,2061.9]]}},{"type":"Feature","properties":{"id":"p:agua-dulce:573","n":16,"sc":"#00ff00"},"geometry":{"type":"LineString","coordinates":[[2175.8,2070.8],[2175.7,2070.0],[2175.2,2069.3],[2174.5,2068.8],[2173.7,2068.6],[2172.8,2068.8],[2172.2,2069.3],[2171.7,2070.0],[2171.5,2070.8],[2171.7,2071.6],[2172.2,2072.3],[2172.8,2072.8],[2173.7,2073.0],[2174.5,2072.8],[2175.2,2072.3],[2175.7,2071.6],[2175.8,2070.8]]}},{"type":"Feature","properties":{"id":"p:agua-dulce:574","n":1,"sc":"#00ff00"},"geometry":{"type":"LineString","coordinates":[[2028.5,749.1],[1500.5,749.1]]}},{"type":"Feature","properties":{"id":"p:agua-dulce:575","n":1,"sc":"#00ff00"},"geometry":{"type":"LineString","coordinates":[[1435.2,731.4],[1505.3,731.4]]}},{"type":"Feature","properties":{"id":"p:agua-dulce:576","n":3,"sc":"#00ff00","fc":"#00ff00"},"geometry":{"type":"LineString","coordinates":[[1501.4,1173.0],[1501.9,1173.4],[1499.5,1173.4],[1501.4,1173.0]]}},{"type":"Feature","properties":{"id":"p:agua-dulce:577","n":6,"sc":"#00ff00","fc":"#00ff00"},"geometry":{"type":"MultiLineString","coordinates":[[[1501.9,1173.4],[1499.5,1173.4],[1503.4,1173.4],[1501.9,1173.4]],[[1499.5,1173.4],[1503.4,1173.4],[1498.6,1173.4],[1499.5,1173.4]]]}},{"type":"Feature","properties":{"id":"p:agua-dulce:578","n":6,"sc":"#00ff00","fc":"#00ff00"},"geometry":{"type":"MultiLineString","coordinates":[[[1503.4,1173.4],[1498.6,1173.4],[1504.3,1173.9],[1503.4,1173.4]],[[1498.6,1173.4],[1504.3,1173.9],[1497.1,1173.9],[1498.6,1173.4]]]}},{"type":"Feature","properties":{"id":"p:agua-dulce:579","n":6,"sc":"#00ff00","fc":"#00ff00"},"geometry":{"type":"MultiLineString","coordinates":[[[1504.3,1173.9],[1497.1,1173.9],[1505.3,1173.9],[1504.3,1173.9]],[[1497.1,1173.9],[1505.3,1173.9],[1496.6,1173.9],[1497.1,1173.9]]]}},{"type":"Feature","properties":{"id":"p:agua-dulce:580","n":6,"sc":"#00ff00","fc":"#00ff00"},"geometry":{"type":"MultiLineString","coordinates":[[[1505.3,1173.9],[1496.6,1173.9],[1506.2,1174.4],[1505.3,1173.9]],[[1496.6,1173.9],[1506.2,1174.4],[1495.2,1174.4],[1496.6,1173.9]]]}},{"type":"Feature","properties":{"id":"p:agua-dulce:581","n":6,"sc":"#00ff00","fc":"#00ff00"},"geometry":{"type":"MultiLineString","coordinates":[[[1506.2,1174.4],[1495.2,1174.4],[1507.2,1175.4],[1506.2,1174.4]],[[1495.2,1174.4],[1507.2,1175.4],[1494.7,1175.4],[1495.2,1174.4]]]}},{"type":"Feature","properties":{"id":"p:agua-dulce:582","n":6,"sc":"#00ff00","fc":"#00ff00"},"geometry":{"type":"MultiLineString","coordinates":[[[1507.2,1175.4],[1494.7,1175.4],[1507.7,1175.8],[1507.2,1175.4]],[[1494.7,1175.4],[1507.7,1175.8],[1493.8,1175.8],[1494.7,1175.4]]]}},{"type":"Feature","properties":{"id":"p:agua-dulce:583","n":6,"sc":"#00ff00","fc":"#00ff00"},"geometry":{"type":"MultiLineString","coordinates":[[[1507.7,1175.8],[1493.8,1175.8],[1508.6,1176.3],[1507.7,1175.8]],[[1493.8,1175.8],[1508.6,1176.3],[1493.3,1176.3],[1493.8,1175.8]]]}},{"type":"Feature","properties":{"id":"p:agua-dulce:584","n":6,"sc":"#00ff00","fc":"#00ff00"},"geometry":{"type":"MultiLineString","coordinates":[[[1508.6,1176.3],[1493.3,1176.3],[1509.1,1177.3],[1508.6,1176.3]],[[1493.3,1176.3],[1509.1,1177.3],[1492.3,1177.3],[1493.3,1176.3]]]}},{"type":"Feature","properties":{"id":"p:agua-dulce:585","n":6,"sc":"#00ff00","fc":"#00ff00"},"geometry":{"type":"MultiLineString","coordinates":[[[1509.1,1177.3],[1492.3,1177.3],[1510.1,1178.2],[1509.1,1177.3]],[[1492.3,1177.3],[1510.1,1178.2],[1491.8,1178.2],[1492.3,1177.3]]]}},{"type":"Feature","properties":{"id":"p:agua-dulce:586","n":6,"sc":"#00ff00","fc":"#00ff00"},"geometry":{"type":"MultiLineString","coordinates":[[[1510.1,1178.2],[1491.8,1178.2],[1510.6,1179.2],[1510.1,1178.2]],[[1491.8,1178.2],[1510.6,1179.2],[1491.4,1179.2],[1491.8,1178.2]]]}},{"type":"Feature","properties":{"id":"p:agua-dulce:587","n":6,"sc":"#00ff00","fc":"#00ff00"},"geometry":{"type":"MultiLineString","coordinates":[[[1510.6,1179.2],[1491.4,1179.2],[1511.0,1180.2],[1510.6,1179.2]],[[1491.4,1179.2],[1511.0,1180.2],[1490.9,1180.2],[1491.4,1179.2]]]}},{"type":"Feature","properties":{"id":"p:agua-dulce:588","n":6,"sc":"#00ff00","fc":"#00ff00"},"geometry":{"type":"MultiLineString","coordinates":[[[1511.0,1180.2],[1490.9,1180.2],[1511.0,1181.1],[1511.0,1180.2]],[[1490.9,1180.2],[1511.0,1181.1],[1490.4,1181.1],[1490.9,1180.2]]]}},{"type":"Feature","properties":{"id":"p:agua-dulce:589","n":6,"sc":"#00ff00","fc":"#00ff00"},"geometry":{"type":"MultiLineString","coordinates":[[[1511.0,1181.1],[1490.4,1181.1],[1511.5,1182.1],[1511.0,1181.1]],[[1490.4,1181.1],[1511.5,1182.1],[1490.4,1182.1],[1490.4,1181.1]]]}},{"type":"Feature","properties":{"id":"p:agua-dulce:590","n":6,"sc":"#00ff00","fc":"#00ff00"},"geometry":{"type":"MultiLineString","coordinates":[[[1511.5,1182.1],[1490.4,1182.1],[1511.5,1183.0],[1511.5,1182.1]],[[1490.4,1182.1],[1511.5,1183.0],[1489.9,1183.0],[1490.4,1182.1]]]}},{"type":"Feature","properties":{"id":"p:agua-dulce:591","n":6,"sc":"#00ff00","fc":"#00ff00"},"geometry":{"type":"MultiLineString","coordinates":[[[1511.5,1183.0],[1489.9,1183.0],[1511.5,1184],[1511.5,1183.0]],[[1489.9,1183.0],[1511.5,1184],[1489.9,1184],[1489.9,1183.0]]]}},{"type":"Feature","properties":{"id":"p:agua-dulce:592","n":6,"sc":"#00ff00","fc":"#00ff00"},"geometry":{"type":"MultiLineString","coordinates":[[[1511.5,1184],[1489.9,1184],[1511.5,1185.0],[1511.5,1184]],[[1489.9,1184],[1511.5,1185.0],[1489.9,1185.0],[1489.9,1184]]]}},{"type":"Feature","properties":{"id":"p:agua-dulce:593","n":6,"sc":"#00ff00","fc":"#00ff00"},"geometry":{"type":"MultiLineString","coordinates":[[[1511.5,1185.0],[1489.9,1185.0],[1511.5,1185.9],[1511.5,1185.0]],[[1489.9,1185.0],[1511.5,1185.9],[1490.4,1185.9],[1489.9,1185.0]]]}},{"type":"Feature","properties":{"id":"p:agua-dulce:594","n":6,"sc":"#00ff00","fc":"#00ff00"},"geometry":{"type":"MultiLineString","coordinates":[[[1511.5,1185.9],[1490.4,1185.9],[1511.0,1187.4],[1511.5,1185.9]],[[1490.4,1185.9],[1511.0,1187.4],[1490.4,1187.4],[1490.4,1185.9]]]}},{"type":"Feature","properties":{"id":"p:agua-dulce:595","n":6,"sc":"#00ff00","fc":"#00ff00"},"geometry":{"type":"MultiLineString","coordinates":[[[1511.0,1187.4],[1490.4,1187.4],[1511.0,1188.3],[1511.0,1187.4]],[[1490.4,1187.4],[1511.0,1188.3],[1490.9,1188.3],[1490.4,1187.4]]]}},{"type":"Feature","properties":{"id":"p:agua-dulce:596","n":6,"sc":"#00ff00","fc":"#00ff00"},"geometry":{"type":"MultiLineString","coordinates":[[[1511.0,1188.3],[1490.9,1188.3],[1510.6,1189.3],[1511.0,1188.3]],[[1490.9,1188.3],[1510.6,1189.3],[1491.4,1189.3],[1490.9,1188.3]]]}},{"type":"Feature","properties":{"id":"p:agua-dulce:597","n":6,"sc":"#00ff00","fc":"#00ff00"},"geometry":{"type":"MultiLineString","coordinates":[[[1510.6,1189.3],[1491.4,1189.3],[1510.1,1189.8],[1510.6,1189.3]],[[1491.4,1189.3],[1510.1,1189.8],[1491.8,1189.8],[1491.4,1189.3]]]}},{"type":"Feature","properties":{"id":"p:agua-dulce:598","n":6,"sc":"#00ff00","fc":"#00ff00"},"geometry":{"type":"MultiLineString","coordinates":[[[1510.1,1189.8],[1491.8,1189.8],[1509.1,1190.7],[1510.1,1189.8]],[[1491.8,1189.8],[1509.1,1190.7],[1492.3,1190.7],[1491.8,1189.8]]]}},{"type":"Feature","properties":{"id":"p:agua-dulce:599","n":6,"sc":"#00ff00","fc":"#00ff00"},"geometry":{"type":"MultiLineString","coordinates":[[[1509.1,1190.7],[1492.3,1190.7],[1508.6,1191.7],[1509.1,1190.7]],[[1492.3,1190.7],[1508.6,1191.7],[1493.3,1191.7],[1492.3,1190.7]]]}},{"type":"Feature","properties":{"id":"p:agua-dulce:600","n":6,"sc":"#00ff00","fc":"#00ff00"},"geometry":{"type":"MultiLineString","coordinates":[[[1508.6,1191.7],[1493.3,1191.7],[1507.7,1192.2],[1508.6,1191.7]],[[1493.3,1191.7],[1507.7,1192.2],[1493.8,1192.2],[1493.3,1191.7]]]}},{"type":"Feature","properties":{"id":"p:agua-dulce:601","n":6,"sc":"#00ff00","fc":"#00ff00"},"geometry":{"type":"MultiLineString","coordinates":[[[1507.7,1192.2],[1493.8,1192.2],[1507.2,1193.1],[1507.7,1192.2]],[[1493.8,1192.2],[1507.2,1193.1],[1494.7,1193.1],[1493.8,1192.2]]]}},{"type":"Feature","properties":{"id":"p:agua-dulce:602","n":6,"sc":"#00ff00","fc":"#00ff00"},"geometry":{"type":"MultiLineString","coordinates":[[[1507.2,1193.1],[1494.7,1193.1],[1506.2,1193.6],[1507.2,1193.1]],[[1494.7,1193.1],[1506.2,1193.6],[1495.2,1193.6],[1494.7,1193.1]]]}},{"type":"Feature","properties":{"id":"p:agua-dulce:603","n":6,"sc":"#00ff00","fc":"#00ff00"},"geometry":{"type":"MultiLineString","coordinates":[[[1506.2,1193.6],[1495.2,1193.6],[1505.3,1194.1],[1506.2,1193.6]],[[1495.2,1193.6],[1505.3,1194.1],[1496.6,1194.1],[1495.2,1193.6]]]}},{"type":"Feature","properties":{"id":"p:agua-dulce:604","n":6,"sc":"#00ff00","fc":"#00ff00"},"geometry":{"type":"MultiLineString","coordinates":[[[1505.3,1194.1],[1496.6,1194.1],[1504.3,1194.6],[1505.3,1194.1]],[[1496.6,1194.1],[1504.3,1194.6],[1497.1,1194.6],[1496.6,1194.1]]]}},{"type":"Feature","properties":{"id":"p:agua-dulce:605","n":6,"sc":"#00ff00","fc":"#00ff00"},"geometry":{"type":"MultiLineString","coordinates":[[[1504.3,1194.6],[1497.1,1194.6],[1503.4,1194.6],[1504.3,1194.6]],[[1497.1,1194.6],[1503.4,1194.6],[1498.6,1194.6],[1497.1,1194.6]]]}},{"type":"Feature","properties":{"id":"p:agua-dulce:606","n":6,"sc":"#00ff00","fc":"#00ff00"},"geometry":{"type":"MultiLineString","coordinates":[[[1498.6,1194.6],[1499.5,1195.0],[1501.9,1195.0],[1498.6,1194.6]],[[1499.5,1195.0],[1501.9,1195.0],[1501.4,1195.0],[1499.5,1195.0]]]}},{"type":"Feature","properties":{"id":"p:agua-dulce:607","n":3,"sc":"#00ff00","fc":"#00ff00"},"geometry":{"type":"LineString","coordinates":[[1498.6,1194.6],[1503.4,1194.6],[1501.9,1195.0],[1498.6,1194.6]]}},{"type":"Feature","properties":{"id":"p:agua-dulce:608","n":1,"sc":"#00ff00"},"geometry":{"type":"LineString","coordinates":[[1531.7,1197.0],[1531.7,1133.6]]}},{"type":"Feature","properties":{"id":"p:agua-dulce:609","n":1,"sc":"#00ff00"},"geometry":{"type":"LineString","coordinates":[[1501.0,1184],[1501.0,1239.7]]}},{"type":"Feature","properties":{"id":"p:agua-dulce:610","n":1,"sc":"#00ff00"},"geometry":{"type":"LineString","coordinates":[[1508.6,1306.4],[1575.4,1306.4]]}},{"type":"Feature","properties":{"id":"p:agua-dulce:611","n":1,"sc":"#00ff00"},"geometry":{"type":"LineString","coordinates":[[1501.0,1273.3],[1457.3,1273.3]]}},{"type":"Feature","properties":{"id":"p:agua-dulce:612","n":3,"sc":"#00ff00","fc":"#00ff00"},"geometry":{"type":"LineString","coordinates":[[1928.6,347.4],[1929.1,347.4],[1926.7,347.4],[1928.6,347.4]]}},{"type":"Feature","properties":{"id":"p:agua-dulce:613","n":6,"sc":"#00ff00","fc":"#00ff00"},"geometry":{"type":"MultiLineString","coordinates":[[[1929.1,347.4],[1926.7,347.4],[1930.6,347.4],[1929.1,347.4]],[[1926.7,347.4],[1930.6,347.4],[1925.8,347.4],[1926.7,347.4]]]}},{"type":"Feature","properties":{"id":"p:agua-dulce:614","n":6,"sc":"#00ff00","fc":"#00ff00"},"geometry":{"type":"MultiLineString","coordinates":[[[1930.6,347.4],[1925.8,347.4],[1931.5,347.8],[1930.6,347.4]],[[1925.8,347.4],[1931.5,347.8],[1924.3,347.8],[1925.8,347.4]]]}},{"type":"Feature","properties":{"id":"p:agua-dulce:615","n":6,"sc":"#00ff00","fc":"#00ff00"},"geometry":{"type":"MultiLineString","coordinates":[[[1931.5,347.8],[1924.3,347.8],[1932.5,348.3],[1931.5,347.8]],[[1924.3,347.8],[1932.5,348.3],[1923.8,348.3],[1924.3,347.8]]]}},{"type":"Feature","properties":{"id":"p:agua-dulce:616","n":6,"sc":"#00ff00","fc":"#00ff00"},"geometry":{"type":"MultiLineString","coordinates":[[[1932.5,348.3],[1923.8,348.3],[1933.4,348.8],[1932.5,348.3]],[[1923.8,348.3],[1933.4,348.8],[1922.9,348.8],[1923.8,348.3]]]}},{"type":"Feature","properties":{"id":"p:agua-dulce:617","n":6,"sc":"#00ff00","fc":"#00ff00"},"geometry":{"type":"MultiLineString","coordinates":[[[1933.4,348.8],[1922.9,348.8],[1934.4,349.3],[1933.4,348.8]],[[1922.9,348.8],[1934.4,349.3],[1921.9,349.3],[1922.9,348.8]]]}},{"type":"Feature","properties":{"id":"p:agua-dulce:618","n":6,"sc":"#00ff00","fc":"#00ff00"},"geometry":{"type":"MultiLineString","coordinates":[[[1934.4,349.3],[1921.9,349.3],[1935.4,349.8],[1934.4,349.3]],[[1921.9,349.3],[1935.4,349.8],[1921.0,349.8],[1921.9,349.3]]]}},{"type":"Feature","properties":{"id":"p:agua-dulce:619","n":6,"sc":"#00ff00","fc":"#00ff00"},"geometry":{"type":"MultiLineString","coordinates":[[[1935.4,349.8],[1921.0,349.8],[1935.8,350.7],[1935.4,349.8]],[[1921.0,349.8],[1935.8,350.7],[1920.5,350.7],[1921.0,349.8]]]}},{"type":"Feature","properties":{"id":"p:agua-dulce:620","n":6,"sc":"#00ff00","fc":"#00ff00"},"geometry":{"type":"MultiLineString","coordinates":[[[1935.8,350.7],[1920.5,350.7],[1936.8,351.2],[1935.8,350.7]],[[1920.5,350.7],[1936.8,351.2],[1919.5,351.2],[1920.5,350.7]]]}},{"type":"Feature","properties":{"id":"p:agua-dulce:621","n":6,"sc":"#00ff00","fc":"#00ff00"},"geometry":{"type":"MultiLineString","coordinates":[[[1936.8,351.2],[1919.5,351.2],[1937.3,352.2],[1936.8,351.2]],[[1919.5,351.2],[1937.3,352.2],[1919.0,352.2],[1919.5,351.2]]]}},{"type":"Feature","properties":{"id":"p:agua-dulce:622","n":6,"sc":"#00ff00","fc":"#00ff00"},"geometry":{"type":"MultiLineString","coordinates":[[[1937.3,352.2],[1919.0,352.2],[1937.8,353.1],[1937.3,352.2]],[[1919.0,352.2],[1937.8,353.1],[1918.6,353.1],[1919.0,352.2]]]}},{"type":"Feature","properties":{"id":"p:agua-dulce:623","n":6,"sc":"#00ff00","fc":"#00ff00"},"geometry":{"type":"MultiLineString","coordinates":[[[1937.8,353.1],[1918.6,353.1],[1938.2,354.1],[1937.8,353.1]],[[1918.6,353.1],[1938.2,354.1],[1918.1,354.1],[1918.6,353.1]]]}},{"type":"Feature","properties":{"id":"p:agua-dulce:624","n":6,"sc":"#00ff00","fc":"#00ff00"},"geometry":{"type":"MultiLineString","coordinates":[[[1938.2,354.1],[1918.1,354.1],[1938.7,355.0],[1938.2,354.1]],[[1918.1,354.1],[1938.7,355.0],[1917.6,355.0],[1918.1,354.1]]]}},{"type":"Feature","properties":{"id":"p:agua-dulce:625","n":6,"sc":"#00ff00","fc":"#00ff00"},"geometry":{"type":"MultiLineString","coordinates":[[[1938.7,355.0],[1917.6,355.0],[1938.7,356],[1938.7,355.0]],[[1917.6,355.0],[1938.7,356],[1917.6,356],[1917.6,355.0]]]}},{"type":"Feature","properties":{"id":"p:agua-dulce:626","n":6,"sc":"#00ff00","fc":"#00ff00"},"geometry":{"type":"MultiLineString","coordinates":[[[1938.7,356],[1917.6,356],[1938.7,357.0],[1938.7,356]],[[1917.6,356],[1938.7,357.0],[1917.1,357.0],[1917.6,356]]]}},{"type":"Feature","properties":{"id":"p:agua-dulce:627","n":6,"sc":"#00ff00","fc":"#00ff00"},"geometry":{"type":"MultiLineString","coordinates":[[[1938.7,357.0],[1917.1,357.0],[1939.2,357.9],[1938.7,357.0]],[[1917.1,357.0],[1939.2,357.9],[1917.1,357.9],[1917.1,357.0]]]}},{"type":"Feature","properties":{"id":"p:agua-dulce:628","n":6,"sc":"#00ff00","fc":"#00ff00"},"geometry":{"type":"MultiLineString","coordinates":[[[1939.2,357.9],[1917.1,357.9],[1938.7,359.4],[1939.2,357.9]],[[1917.1,357.9],[1938.7,359.4],[1917.1,359.4],[1917.1,357.9]]]}},{"type":"Feature","properties":{"id":"p:agua-dulce:629","n":6,"sc":"#00ff00","fc":"#00ff00"},"geometry":{"type":"MultiLineString","coordinates":[[[1938.7,359.4],[1917.1,359.4],[1938.7,360.3],[1938.7,359.4]],[[1917.1,359.4],[1938.7,360.3],[1917.6,360.3],[1917.1,359.4]]]}},{"type":"Feature","properties":{"id":"p:agua-dulce:630","n":6,"sc":"#00ff00","fc":"#00ff00"},"geometry":{"type":"MultiLineString","coordinates":[[[1938.7,360.3],[1917.6,360.3],[1938.7,361.3],[1938.7,360.3]],[[1917.6,360.3],[1938.7,361.3],[1917.6,361.3],[1917.6,360.3]]]}},{"type":"Feature","properties":{"id":"p:agua-dulce:631","n":6,"sc":"#00ff00","fc":"#00ff00"},"geometry":{"type":"MultiLineString","coordinates":[[[1938.7,361.3],[1917.6,361.3],[1938.2,362.2],[1938.7,361.3]],[[1917.6,361.3],[1938.2,362.2],[1918.1,362.2],[1917.6,361.3]]]}},{"type":"Feature","properties":{"id":"p:agua-dulce:632","n":6,"sc":"#00ff00","fc":"#00ff00"},"geometry":{"type":"MultiLineString","coordinates":[[[1938.2,362.2],[1918.1,362.2],[1937.8,363.2],[1938.2,362.2]],[[1918.1,362.2],[1937.8,363.2],[1918.6,363.2],[1918.1,362.2]]]}},{"type":"Feature","properties":{"id":"p:agua-dulce:633","n":6,"sc":"#00ff00","fc":"#00ff00"},"geometry":{"type":"MultiLineString","coordinates":[[[1937.8,363.2],[1918.6,363.2],[1937.3,364.2],[1937.8,363.2]],[[1918.6,363.2],[1937.3,364.2],[1919.0,364.2],[1918.6,363.2]]]}},{"type":"Feature","properties":{"id":"p:agua-dulce:634","n":6,"sc":"#00ff00","fc":"#00ff00"},"geometry":{"type":"MultiLineString","coordinates":[[[1937.3,364.2],[1919.0,364.2],[1936.8,364.6],[1937.3,364.2]],[[1919.0,364.2],[1936.8,364.6],[1919.5,364.6],[1919.0,364.2]]]}},{"type":"Feature","properties":{"id":"p:agua-dulce:635","n":6,"sc":"#00ff00","fc":"#00ff00"},"geometry":{"type":"MultiLineString","coordinates":[[[1936.8,364.6],[1919.5,364.6],[1935.8,365.6],[1936.8,364.6]],[[1919.5,364.6],[1935.8,365.6],[1920.5,365.6],[1919.5,364.6]]]}},{"type":"Feature","properties":{"id":"p:agua-dulce:636","n":6,"sc":"#00ff00","fc":"#00ff00"},"geometry":{"type":"MultiLineString","coordinates":[[[1935.8,365.6],[1920.5,365.6],[1935.4,366.1],[1935.8,365.6]],[[1920.5,365.6],[1935.4,366.1],[1921.0,366.1],[1920.5,365.6]]]}},{"type":"Feature","properties":{"id":"p:agua-dulce:637","n":6,"sc":"#00ff00","fc":"#00ff00"},"geometry":{"type":"MultiLineString","coordinates":[[[1935.4,366.1],[1921.0,366.1],[1934.4,367.0],[1935.4,366.1]],[[1921.0,366.1],[1934.4,367.0],[1921.9,367.0],[1921.0,366.1]]]}},{"type":"Feature","properties":{"id":"p:agua-dulce:638","n":6,"sc":"#00ff00","fc":"#00ff00"},"geometry":{"type":"MultiLineString","coordinates":[[[1934.4,367.0],[1921.9,367.0],[1933.4,367.5],[1934.4,367.0]],[[1921.9,367.0],[1933.4,367.5],[1922.9,367.5],[1921.9,367.0]]]}},{"type":"Feature","properties":{"id":"p:agua-dulce:639","n":6,"sc":"#00ff00","fc":"#00ff00"},"geometry":{"type":"MultiLineString","coordinates":[[[1933.4,367.5],[1922.9,367.5],[1932.5,368],[1933.4,367.5]],[[1922.9,367.5],[1932.5,368],[1923.8,368],[1922.9,367.5]]]}},{"type":"Feature","properties":{"id":"p:agua-dulce:640","n":6,"sc":"#00ff00","fc":"#00ff00"},"geometry":{"type":"MultiLineString","coordinates":[[[1932.5,368],[1923.8,368],[1931.5,368.5],[1932.5,368]],[[1923.8,368],[1931.5,368.5],[1924.3,368.5],[1923.8,368]]]}},{"type":"Feature","properties":{"id":"p:agua-dulce:641","n":6,"sc":"#00ff00","fc":"#00ff00"},"geometry":{"type":"MultiLineString","coordinates":[[[1931.5,368.5],[1924.3,368.5],[1930.6,368.5],[1931.5,368.5]],[[1924.3,368.5],[1930.6,368.5],[1925.8,368.5],[1924.3,368.5]]]}},{"type":"Feature","properties":{"id":"p:agua-dulce:642","n":6,"sc":"#00ff00","fc":"#00ff00"},"geometry":{"type":"MultiLineString","coordinates":[[[1925.8,368.5],[1926.7,369.0],[1929.1,369.0],[1925.8,368.5]],[[1926.7,369.0],[1929.1,369.0],[1928.6,369.0],[1926.7,369.0]]]}},{"type":"Feature","properties":{"id":"p:agua-dulce:643","n":3,"sc":"#00ff00","fc":"#00ff00"},"geometry":{"type":"LineString","coordinates":[[1925.8,368.5],[1930.6,368.5],[1929.1,369.0],[1925.8,368.5]]}},{"type":"Feature","properties":{"id":"p:agua-dulce:644","n":16,"sc":"#00ff00"},"geometry":{"type":"LineString","coordinates":[[1938.7,357.7],[1937.9,353.5],[1935.6,350.0],[1932.1,347.7],[1927.9,346.9],[1923.7,347.7],[1920.3,350.0],[1918.0,353.5],[1917.1,357.7],[1918.0,361.9],[1920.3,365.3],[1923.7,367.6],[1927.9,368.5],[1932.1,367.6],[1935.6,365.3],[1937.9,361.9],[1938.7,357.7]]}},{"type":"Feature","properties":{"id":"p:agua-dulce:645","n":3,"sc":"#00ff00","fc":"#00ff00"},"geometry":{"type":"LineString","coordinates":[[1897.9,347.4],[1898.4,347.4],[1896,347.4],[1897.9,347.4]]}},{"type":"Feature","properties":{"id":"p:agua-dulce:646","n":6,"sc":"#00ff00","fc":"#00ff00"},"geometry":{"type":"MultiLineString","coordinates":[[[1898.4,347.4],[1896,347.4],[1899.8,347.4],[1898.4,347.4]],[[1896,347.4],[1899.8,347.4],[1895.0,347.4],[1896,347.4]]]}},{"type":"Feature","properties":{"id":"p:agua-dulce:647","n":6,"sc":"#00ff00","fc":"#00ff00"},"geometry":{"type":"MultiLineString","coordinates":[[[1899.8,347.4],[1895.0,347.4],[1900.8,347.8],[1899.8,347.4]],[[1895.0,347.4],[1900.8,347.8],[1893.6,347.8],[1895.0,347.4]]]}},{"type":"Feature","properties":{"id":"p:agua-dulce:648","n":6,"sc":"#00ff00","fc":"#00ff00"},"geometry":{"type":"MultiLineString","coordinates":[[[1900.8,347.8],[1893.6,347.8],[1901.8,348.3],[1900.8,347.8]],[[1893.6,347.8],[1901.8,348.3],[1893.1,348.3],[1893.6,347.8]]]}},{"type":"Feature","properties":{"id":"p:agua-dulce:649","n":6,"sc":"#00ff00","fc":"#00ff00"},"geometry":{"type":"MultiLineString","coordinates":[[[1901.8,348.3],[1893.1,348.3],[1902.7,348.8],[1901.8,348.3]],[[1893.1,348.3],[1902.7,348.8],[1891.7,348.8],[1893.1,348.3]]]}},{"type":"Feature","properties":{"id":"p:agua-dulce:650","n":6,"sc":"#00ff00","fc":"#00ff00"},"geometry":{"type":"MultiLineString","coordinates":[[[1902.7,348.8],[1891.7,348.8],[1903.7,349.3],[1902.7,348.8]],[[1891.7,348.8],[1903.7,349.3],[1891.2,349.3],[1891.7,348.8]]]}},{"type":"Feature","properties":{"id":"p:agua-dulce:651","n":6,"sc":"#00ff00","fc":"#00ff00"},"geometry":{"type":"MultiLineString","coordinates":[[[1903.7,349.3],[1891.2,349.3],[1904.2,349.8],[1903.7,349.3]],[[1891.2,349.3],[1904.2,349.8],[1890.2,349.8],[1891.2,349.3]]]}},{"type":"Feature","properties":{"id":"p:agua-dulce:652","n":6,"sc":"#00ff00","fc":"#00ff00"},"geometry":{"type":"MultiLineString","coordinates":[[[1904.2,349.8],[1890.2,349.8],[1905.1,350.7],[1904.2,349.8]],[[1890.2,349.8],[1905.1,350.7],[1889.8,350.7],[1890.2,349.8]]]}},{"type":"Feature","properties":{"id":"p:agua-dulce:653","n":6,"sc":"#00ff00","fc":"#00ff00"},"geometry":{"type":"MultiLineString","coordinates":[[[1905.1,350.7],[1889.8,350.7],[1905.6,351.2],[1905.1,350.7]],[[1889.8,350.7],[1905.6,351.2],[1888.8,351.2],[1889.8,350.7]]]}},{"type":"Feature","properties":{"id":"p:agua-dulce:654","n":6,"sc":"#00ff00","fc":"#00ff00"},"geometry":{"type":"MultiLineString","coordinates":[[[1905.6,351.2],[1888.8,351.2],[1906.6,352.2],[1905.6,351.2]],[[1888.8,351.2],[1906.6,352.2],[1888.3,352.2],[1888.8,351.2]]]}},{"type":"Feature","properties":{"id":"p:agua-dulce:655","n":6,"sc":"#00ff00","fc":"#00ff00"},"geometry":{"type":"MultiLineString","coordinates":[[[1906.6,352.2],[1888.3,352.2],[1907.0,353.1],[1906.6,352.2]],[[1888.3,352.2],[1907.0,353.1],[1887.8,353.1],[1888.3,352.2]]]}},{"type":"Feature","properties":{"id":"p:agua-dulce:656","n":6,"sc":"#00ff00","fc":"#00ff00"},"geometry":{"type":"MultiLineString","coordinates":[[[1907.0,353.1],[1887.8,353.1],[1907.5,354.1],[1907.0,353.1]],[[1887.8,353.1],[1907.5,354.1],[1887.4,354.1],[1887.8,353.1]]]}},{"type":"Feature","properties":{"id":"p:agua-dulce:657","n":6,"sc":"#00ff00","fc":"#00ff00"},"geometry":{"type":"MultiLineString","coordinates":[[[1907.5,354.1],[1887.4,354.1],[1907.5,355.0],[1907.5,354.1]],[[1887.4,354.1],[1907.5,355.0],[1886.9,355.0],[1887.4,354.1]]]}},{"type":"Feature","properties":{"id":"p:agua-dulce:658","n":6,"sc":"#00ff00","fc":"#00ff00"},"geometry":{"type":"MultiLineString","coordinates":[[[1907.5,355.0],[1886.9,355.0],[1908,356],[1907.5,355.0]],[[1886.9,355.0],[1908,356],[1886.9,356],[1886.9,355.0]]]}},{"type":"Feature","properties":{"id":"p:agua-dulce:659","n":6,"sc":"#00ff00","fc":"#00ff00"},"geometry":{"type":"MultiLineString","coordinates":[[[1908,356],[1886.9,356],[1908,357.0],[1908,356]],[[1886.9,356],[1908,357.0],[1886.4,357.0],[1886.9,356]]]}},{"type":"Feature","properties":{"id":"p:agua-dulce:660","n":6,"sc":"#00ff00","fc":"#00ff00"},"geometry":{"type":"MultiLineString","coordinates":[[[1908,357.0],[1886.4,357.0],[1908,357.9],[1908,357.0]],[[1886.4,357.0],[1908,357.9],[1886.4,357.9],[1886.4,357.0]]]}},{"type":"Feature","properties":{"id":"p:agua-dulce:661","n":6,"sc":"#00ff00","fc":"#00ff00"},"geometry":{"type":"MultiLineString","coordinates":[[[1908,357.9],[1886.4,357.9],[1908,359.4],[1908,357.9]],[[1886.4,357.9],[1908,359.4],[1886.4,359.4],[1886.4,357.9]]]}},{"type":"Feature","properties":{"id":"p:agua-dulce:662","n":6,"sc":"#00ff00","fc":"#00ff00"},"geometry":{"type":"MultiLineString","coordinates":[[[1908,359.4],[1886.4,359.4],[1908,360.3],[1908,359.4]],[[1886.4,359.4],[1908,360.3],[1886.9,360.3],[1886.4,359.4]]]}},{"type":"Feature","properties":{"id":"p:agua-dulce:663","n":6,"sc":"#00ff00","fc":"#00ff00"},"geometry":{"type":"MultiLineString","coordinates":[[[1908,360.3],[1886.9,360.3],[1907.5,361.3],[1908,360.3]],[[1886.9,360.3],[1907.5,361.3],[1886.9,361.3],[1886.9,360.3]]]}},{"type":"Feature","properties":{"id":"p:agua-dulce:664","n":6,"sc":"#00ff00","fc":"#00ff00"},"geometry":{"type":"MultiLineString","coordinates":[[[1907.5,361.3],[1886.9,361.3],[1907.5,362.2],[1907.5,361.3]],[[1886.9,361.3],[1907.5,362.2],[1887.4,362.2],[1886.9,361.3]]]}},{"type":"Feature","properties":{"id":"p:agua-dulce:665","n":6,"sc":"#00ff00","fc":"#00ff00"},"geometry":{"type":"MultiLineString","coordinates":[[[1907.5,362.2],[1887.4,362.2],[1907.0,363.2],[1907.5,362.2]],[[1887.4,362.2],[1907.0,363.2],[1887.8,363.2],[1887.4,362.2]]]}},{"type":"Feature","properties":{"id":"p:agua-dulce:666","n":6,"sc":"#00ff00","fc":"#00ff00"},"geometry":{"type":"MultiLineString","coordinates":[[[1907.0,363.2],[1887.8,363.2],[1906.6,364.2],[1907.0,363.2]],[[1887.8,363.2],[1906.6,364.2],[1888.3,364.2],[1887.8,363.2]]]}},{"type":"Feature","properties":{"id":"p:agua-dulce:667","n":6,"sc":"#00ff00","fc":"#00ff00"},"geometry":{"type":"MultiLineString","coordinates":[[[1906.6,364.2],[1888.3,364.2],[1905.6,364.6],[1906.6,364.2]],[[1888.3,364.2],[1905.6,364.6],[1888.8,364.6],[1888.3,364.2]]]}},{"type":"Feature","properties":{"id":"p:agua-dulce:668","n":6,"sc":"#00ff00","fc":"#00ff00"},"geometry":{"type":"MultiLineString","coordinates":[[[1905.6,364.6],[1888.8,364.6],[1905.1,365.6],[1905.6,364.6]],[[1888.8,364.6],[1905.1,365.6],[1889.8,365.6],[1888.8,364.6]]]}},{"type":"Feature","properties":{"id":"p:agua-dulce:669","n":6,"sc":"#00ff00","fc":"#00ff00"},"geometry":{"type":"MultiLineString","coordinates":[[[1905.1,365.6],[1889.8,365.6],[1904.2,366.1],[1905.1,365.6]],[[1889.8,365.6],[1904.2,366.1],[1890.2,366.1],[1889.8,365.6]]]}},{"type":"Feature","properties":{"id":"p:agua-dulce:670","n":6,"sc":"#00ff00","fc":"#00ff00"},"geometry":{"type":"MultiLineString","coordinates":[[[1904.2,366.1],[1890.2,366.1],[1903.7,367.0],[1904.2,366.1]],[[1890.2,366.1],[1903.7,367.0],[1891.2,367.0],[1890.2,366.1]]]}},{"type":"Feature","properties":{"id":"p:agua-dulce:671","n":6,"sc":"#00ff00","fc":"#00ff00"},"geometry":{"type":"MultiLineString","coordinates":[[[1903.7,367.0],[1891.2,367.0],[1902.7,367.5],[1903.7,367.0]],[[1891.2,367.0],[1902.7,367.5],[1891.7,367.5],[1891.2,367.0]]]}},{"type":"Feature","properties":{"id":"p:agua-dulce:672","n":6,"sc":"#00ff00","fc":"#00ff00"},"geometry":{"type":"MultiLineString","coordinates":[[[1902.7,367.5],[1891.7,367.5],[1901.8,368],[1902.7,367.5]],[[1891.7,367.5],[1901.8,368],[1893.1,368],[1891.7,367.5]]]}},{"type":"Feature","properties":{"id":"p:agua-dulce:673","n":6,"sc":"#00ff00","fc":"#00ff00"},"geometry":{"type":"MultiLineString","coordinates":[[[1901.8,368],[1893.1,368],[1900.8,368.5],[1901.8,368]],[[1893.1,368],[1900.8,368.5],[1893.6,368.5],[1893.1,368]]]}},{"type":"Feature","properties":{"id":"p:agua-dulce:674","n":6,"sc":"#00ff00","fc":"#00ff00"},"geometry":{"type":"MultiLineString","coordinates":[[[1900.8,368.5],[1893.6,368.5],[1899.8,368.5],[1900.8,368.5]],[[1893.6,368.5],[1899.8,368.5],[1895.0,368.5],[1893.6,368.5]]]}},{"type":"Feature","properties":{"id":"p:agua-dulce:675","n":6,"sc":"#00ff00","fc":"#00ff00"},"geometry":{"type":"MultiLineString","coordinates":[[[1895.0,368.5],[1896,369.0],[1898.4,369.0],[1895.0,368.5]],[[1896,369.0],[1898.4,369.0],[1897.9,369.0],[1896,369.0]]]}},{"type":"Feature","properties":{"id":"p:agua-dulce:676","n":3,"sc":"#00ff00","fc":"#00ff00"},"geometry":{"type":"LineString","coordinates":[[1895.0,368.5],[1899.8,368.5],[1898.4,369.0],[1895.0,368.5]]}},{"type":"Feature","properties":{"id":"p:agua-dulce:677","n":16,"sc":"#00ff00"},"geometry":{"type":"LineString","coordinates":[[1908.0,357.7],[1907.2,353.5],[1904.8,350.0],[1901.4,347.7],[1897.2,346.9],[1893.0,347.7],[1889.6,350.0],[1887.2,353.5],[1886.4,357.7],[1887.2,361.9],[1889.6,365.3],[1893.0,367.6],[1897.2,368.5],[1901.4,367.6],[1904.8,365.3],[1907.2,361.9],[1908.0,357.7]]}},{"type":"Feature","properties":{"id":"p:agua-dulce:678","n":3,"sc":"#00ff00","fc":"#00ff00"},"geometry":{"type":"LineString","coordinates":[[1501.4,738.1],[1501.9,738.1],[1499.0,738.1],[1501.4,738.1]]}},{"type":"Feature","properties":{"id":"p:agua-dulce:679","n":6,"sc":"#00ff00","fc":"#00ff00"},"geometry":{"type":"MultiLineString","coordinates":[[[1501.9,738.1],[1499.0,738.1],[1503.4,738.6],[1501.9,738.1]],[[1499.0,738.1],[1503.4,738.6],[1498.6,738.6],[1499.0,738.1]]]}},{"type":"Feature","properties":{"id":"p:agua-dulce:680","n":6,"sc":"#00ff00","fc":"#00ff00"},"geometry":{"type":"MultiLineString","coordinates":[[[1503.4,738.6],[1498.6,738.6],[1504.3,738.6],[1503.4,738.6]],[[1498.6,738.6],[1504.3,738.6],[1497.1,738.6],[1498.6,738.6]]]}},{"type":"Feature","properties":{"id":"p:agua-dulce:681","n":6,"sc":"#00ff00","fc":"#00ff00"},"geometry":{"type":"MultiLineString","coordinates":[[[1504.3,738.6],[1497.1,738.6],[1505.3,739.0],[1504.3,738.6]],[[1497.1,738.6],[1505.3,739.0],[1496.2,739.0],[1497.1,738.6]]]}},{"type":"Feature","properties":{"id":"p:agua-dulce:682","n":6,"sc":"#00ff00","fc":"#00ff00"},"geometry":{"type":"MultiLineString","coordinates":[[[1505.3,739.0],[1496.2,739.0],[1506.2,739.5],[1505.3,739.0]],[[1496.2,739.0],[1506.2,739.5],[1495.2,739.5],[1496.2,739.0]]]}},{"type":"Feature","properties":{"id":"p:agua-dulce:683","n":6,"sc":"#00ff00","fc":"#00ff00"},"geometry":{"type":"MultiLineString","coordinates":[[[1506.2,739.5],[1495.2,739.5],[1507.2,740],[1506.2,739.5]],[[1495.2,739.5],[1507.2,740],[1494.7,740],[1495.2,739.5]]]}},{"type":"Feature","properties":{"id":"p:agua-dulce:684","n":6,"sc":"#00ff00","fc":"#00ff00"},"geometry":{"type":"MultiLineString","coordinates":[[[1507.2,740],[1494.7,740],[1507.7,741.0],[1507.2,740]],[[1494.7,740],[1507.7,741.0],[1493.8,741.0],[1494.7,740]]]}},{"type":"Feature","properties":{"id":"p:agua-dulce:685","n":6,"sc":"#00ff00","fc":"#00ff00"},"geometry":{"type":"MultiLineString","coordinates":[[[1507.7,741.0],[1493.8,741.0],[1508.6,741.4],[1507.7,741.0]],[[1493.8,741.0],[1508.6,741.4],[1492.8,741.4],[1493.8,741.0]]]}},{"type":"Feature","properties":{"id":"p:agua-dulce:686","n":6,"sc":"#00ff00","fc":"#00ff00"},"geometry":{"type":"MultiLineString","coordinates":[[[1508.6,741.4],[1492.8,741.4],[1509.1,742.4],[1508.6,741.4]],[[1492.8,741.4],[1509.1,742.4],[1492.3,742.4],[1492.8,741.4]]]}},{"type":"Feature","properties":{"id":"p:agua-dulce:687","n":6,"sc":"#00ff00","fc":"#00ff00"},"geometry":{"type":"MultiLineString","coordinates":[[[1509.1,742.4],[1492.3,742.4],[1510.1,743.4],[1509.1,742.4]],[[1492.3,742.4],[1510.1,743.4],[1491.8,743.4],[1492.3,742.4]]]}},{"type":"Feature","properties":{"id":"p:agua-dulce:688","n":6,"sc":"#00ff00","fc":"#00ff00"},"geometry":{"type":"MultiLineString","coordinates":[[[1510.1,743.4],[1491.8,743.4],[1510.6,743.8],[1510.1,743.4]],[[1491.8,743.4],[1510.6,743.8],[1490.9,743.8],[1491.8,743.4]]]}},{"type":"Feature","properties":{"id":"p:agua-dulce:689","n":6,"sc":"#00ff00","fc":"#00ff00"},"geometry":{"type":"MultiLineString","coordinates":[[[1510.6,743.8],[1490.9,743.8],[1511.0,744.8],[1510.6,743.8]],[[1490.9,743.8],[1511.0,744.8],[1490.9,744.8],[1490.9,743.8]]]}},{"type":"Feature","properties":{"id":"p:agua-dulce:690","n":6,"sc":"#00ff00","fc":"#00ff00"},"geometry":{"type":"MultiLineString","coordinates":[[[1511.0,744.8],[1490.9,744.8],[1511.0,745.8],[1511.0,744.8]],[[1490.9,744.8],[1511.0,745.8],[1490.4,745.8],[1490.9,744.8]]]}},{"type":"Feature","properties":{"id":"p:agua-dulce:691","n":6,"sc":"#00ff00","fc":"#00ff00"},"geometry":{"type":"MultiLineString","coordinates":[[[1511.0,745.8],[1490.4,745.8],[1511.5,747.2],[1511.0,745.8]],[[1490.4,745.8],[1511.5,747.2],[1489.9,747.2],[1490.4,745.8]]]}},{"type":"Feature","properties":{"id":"p:agua-dulce:692","n":6,"sc":"#00ff00","fc":"#00ff00"},"geometry":{"type":"MultiLineString","coordinates":[[[1511.5,747.2],[1489.9,747.2],[1511.5,748.2],[1511.5,747.2]],[[1489.9,747.2],[1511.5,748.2],[1489.9,748.2],[1489.9,747.2]]]}},{"type":"Feature","properties":{"id":"p:agua-dulce:693","n":6,"sc":"#00ff00","fc":"#00ff00"},"geometry":{"type":"MultiLineString","coordinates":[[[1511.5,748.2],[1489.9,748.2],[1511.5,749.1],[1511.5,748.2]],[[1489.9,748.2],[1511.5,749.1],[1489.9,749.1],[1489.9,748.2]]]}},{"type":"Feature","properties":{"id":"p:agua-dulce:694","n":6,"sc":"#00ff00","fc":"#00ff00"},"geometry":{"type":"MultiLineString","coordinates":[[[1511.5,749.1],[1489.9,749.1],[1511.5,750.1],[1511.5,749.1]],[[1489.9,749.1],[1511.5,750.1],[1489.9,750.1],[1489.9,749.1]]]}},{"type":"Feature","properties":{"id":"p:agua-dulce:695","n":6,"sc":"#00ff00","fc":"#00ff00"},"geometry":{"type":"MultiLineString","coordinates":[[[1511.5,750.1],[1489.9,750.1],[1511.5,751.0],[1511.5,750.1]],[[1489.9,750.1],[1511.5,751.0],[1489.9,751.0],[1489.9,750.1]]]}},{"type":"Feature","properties":{"id":"p:agua-dulce:696","n":6,"sc":"#00ff00","fc":"#00ff00"},"geometry":{"type":"MultiLineString","coordinates":[[[1511.5,751.0],[1489.9,751.0],[1511.0,752],[1511.5,751.0]],[[1489.9,751.0],[1511.0,752],[1490.4,752],[1489.9,751.0]]]}},{"type":"Feature","properties":{"id":"p:agua-dulce:697","n":6,"sc":"#00ff00","fc":"#00ff00"},"geometry":{"type":"MultiLineString","coordinates":[[[1511.0,752],[1490.4,752],[1511.0,753.0],[1511.0,752]],[[1490.4,752],[1511.0,753.0],[1490.9,753.0],[1490.4,752]]]}},{"type":"Feature","properties":{"id":"p:agua-dulce:698","n":6,"sc":"#00ff00","fc":"#00ff00"},"geometry":{"type":"MultiLineString","coordinates":[[[1511.0,753.0],[1490.9,753.0],[1510.6,753.9],[1511.0,753.0]],[[1490.9,753.0],[1510.6,753.9],[1490.9,753.9],[1490.9,753.0]]]}},{"type":"Feature","properties":{"id":"p:agua-dulce:699","n":6,"sc":"#00ff00","fc":"#00ff00"},"geometry":{"type":"MultiLineString","coordinates":[[[1510.6,753.9],[1490.9,753.9],[1510.1,754.9],[1510.6,753.9]],[[1490.9,753.9],[1510.1,754.9],[1491.8,754.9],[1490.9,753.9]]]}},{"type":"Feature","properties":{"id":"p:agua-dulce:700","n":6,"sc":"#00ff00","fc":"#00ff00"},"geometry":{"type":"MultiLineString","coordinates":[[[1510.1,754.9],[1491.8,754.9],[1509.1,755.8],[1510.1,754.9]],[[1491.8,754.9],[1509.1,755.8],[1492.3,755.8],[1491.8,754.9]]]}},{"type":"Feature","properties":{"id":"p:agua-dulce:701","n":6,"sc":"#00ff00","fc":"#00ff00"},"geometry":{"type":"MultiLineString","coordinates":[[[1509.1,755.8],[1492.3,755.8],[1508.6,756.3],[1509.1,755.8]],[[1492.3,755.8],[1508.6,756.3],[1492.8,756.3],[1492.3,755.8]]]}},{"type":"Feature","properties":{"id":"p:agua-dulce:702","n":6,"sc":"#00ff00","fc":"#00ff00"},"geometry":{"type":"MultiLineString","coordinates":[[[1508.6,756.3],[1492.8,756.3],[1507.7,757.3],[1508.6,756.3]],[[1492.8,756.3],[1507.7,757.3],[1493.8,757.3],[1492.8,756.3]]]}},{"type":"Feature","properties":{"id":"p:agua-dulce:703","n":6,"sc":"#00ff00","fc":"#00ff00"},"geometry":{"type":"MultiLineString","coordinates":[[[1507.7,757.3],[1493.8,757.3],[1507.2,757.8],[1507.7,757.3]],[[1493.8,757.3],[1507.2,757.8],[1494.7,757.8],[1493.8,757.3]]]}},{"type":"Feature","properties":{"id":"p:agua-dulce:704","n":6,"sc":"#00ff00","fc":"#00ff00"},"geometry":{"type":"MultiLineString","coordinates":[[[1507.2,757.8],[1494.7,757.8],[1506.2,758.2],[1507.2,757.8]],[[1494.7,757.8],[1506.2,758.2],[1495.2,758.2],[1494.7,757.8]]]}},{"type":"Feature","properties":{"id":"p:agua-dulce:705","n":6,"sc":"#00ff00","fc":"#00ff00"},"geometry":{"type":"MultiLineString","coordinates":[[[1506.2,758.2],[1495.2,758.2],[1505.3,758.7],[1506.2,758.2]],[[1495.2,758.2],[1505.3,758.7],[1496.2,758.7],[1495.2,758.2]]]}},{"type":"Feature","properties":{"id":"p:agua-dulce:706","n":6,"sc":"#00ff00","fc":"#00ff00"},"geometry":{"type":"MultiLineString","coordinates":[[[1505.3,758.7],[1496.2,758.7],[1504.3,759.2],[1505.3,758.7]],[[1496.2,758.7],[1504.3,759.2],[1497.1,759.2],[1496.2,758.7]]]}},{"type":"Feature","properties":{"id":"p:agua-dulce:707","n":6,"sc":"#00ff00","fc":"#00ff00"},"geometry":{"type":"MultiLineString","coordinates":[[[1504.3,759.2],[1497.1,759.2],[1503.4,759.7],[1504.3,759.2]],[[1497.1,759.2],[1503.4,759.7],[1498.6,759.7],[1497.1,759.2]]]}},{"type":"Feature","properties":{"id":"p:agua-dulce:708","n":6,"sc":"#00ff00","fc":"#00ff00"},"geometry":{"type":"MultiLineString","coordinates":[[[1498.6,759.7],[1499.0,759.7],[1501.9,759.7],[1498.6,759.7]],[[1499.0,759.7],[1501.9,759.7],[1501.4,759.7],[1499.0,759.7]]]}},{"type":"Feature","properties":{"id":"p:agua-dulce:709","n":3,"sc":"#00ff00","fc":"#00ff00"},"geometry":{"type":"LineString","coordinates":[[1498.6,759.7],[1503.4,759.7],[1501.9,759.7],[1498.6,759.7]]}},{"type":"Feature","properties":{"id":"p:agua-dulce:710","n":16,"sc":"#00ff00"},"geometry":{"type":"LineString","coordinates":[[1511.0,748.9],[1510.2,744.7],[1507.9,741.2],[1504.4,738.9],[1500.2,738.1],[1496.0,738.9],[1492.6,741.2],[1490.3,744.7],[1489.4,748.9],[1490.3,753.1],[1492.6,756.5],[1496.0,758.8],[1500.2,759.7],[1504.4,758.8],[1507.9,756.5],[1510.2,753.1],[1511.0,748.9]]}},{"type":"Feature","properties":{"id":"p:agua-dulce:711","n":16,"sc":"#00ff00"},"geometry":{"type":"LineString","coordinates":[[1511.5,1183.8],[1510.7,1179.6],[1508.4,1176.1],[1504.9,1173.8],[1500.7,1173.0],[1496.5,1173.8],[1493.1,1176.1],[1490.8,1179.6],[1489.9,1183.8],[1490.8,1188.0],[1493.1,1191.4],[1496.5,1193.7],[1500.7,1194.6],[1504.9,1193.7],[1508.4,1191.4],[1510.7,1188.0],[1511.5,1183.8]]}},{"type":"Feature","properties":{"id":"p:agua-dulce:712","n":3,"sc":"#00ff00","fc":"#00ff00"},"geometry":{"type":"LineString","coordinates":[[1501.4,1262.2],[1501.9,1262.2],[1499.0,1262.2],[1501.4,1262.2]]}},{"type":"Feature","properties":{"id":"p:agua-dulce:713","n":6,"sc":"#00ff00","fc":"#00ff00"},"geometry":{"type":"MultiLineString","coordinates":[[[1501.9,1262.2],[1499.0,1262.2],[1503.4,1262.7],[1501.9,1262.2]],[[1499.0,1262.2],[1503.4,1262.7],[1498.6,1262.7],[1499.0,1262.2]]]}},{"type":"Feature","properties":{"id":"p:agua-dulce:714","n":6,"sc":"#00ff00","fc":"#00ff00"},"geometry":{"type":"MultiLineString","coordinates":[[[1503.4,1262.7],[1498.6,1262.7],[1504.3,1262.7],[1503.4,1262.7]],[[1498.6,1262.7],[1504.3,1262.7],[1497.1,1262.7],[1498.6,1262.7]]]}},{"type":"Feature","properties":{"id":"p:agua-dulce:715","n":6,"sc":"#00ff00","fc":"#00ff00"},"geometry":{"type":"MultiLineString","coordinates":[[[1504.3,1262.7],[1497.1,1262.7],[1505.3,1263.2],[1504.3,1262.7]],[[1497.1,1262.7],[1505.3,1263.2],[1496.2,1263.2],[1497.1,1262.7]]]}},{"type":"Feature","properties":{"id":"p:agua-dulce:716","n":6,"sc":"#00ff00","fc":"#00ff00"},"geometry":{"type":"MultiLineString","coordinates":[[[1505.3,1263.2],[1496.2,1263.2],[1506.2,1263.7],[1505.3,1263.2]],[[1496.2,1263.2],[1506.2,1263.7],[1495.2,1263.7],[1496.2,1263.2]]]}},{"type":"Feature","properties":{"id":"p:agua-dulce:717","n":6,"sc":"#00ff00","fc":"#00ff00"},"geometry":{"type":"MultiLineString","coordinates":[[[1506.2,1263.7],[1495.2,1263.7],[1507.2,1264.2],[1506.2,1263.7]],[[1495.2,1263.7],[1507.2,1264.2],[1494.7,1264.2],[1495.2,1263.7]]]}},{"type":"Feature","properties":{"id":"p:agua-dulce:718","n":6,"sc":"#00ff00","fc":"#00ff00"},"geometry":{"type":"MultiLineString","coordinates":[[[1507.2,1264.2],[1494.7,1264.2],[1507.7,1264.6],[1507.2,1264.2]],[[1494.7,1264.2],[1507.7,1264.6],[1493.8,1264.6],[1494.7,1264.2]]]}},{"type":"Feature","properties":{"id":"p:agua-dulce:719","n":6,"sc":"#00ff00","fc":"#00ff00"},"geometry":{"type":"MultiLineString","coordinates":[[[1507.7,1264.6],[1493.8,1264.6],[1508.6,1265.6],[1507.7,1264.6]],[[1493.8,1264.6],[1508.6,1265.6],[1492.8,1265.6],[1493.8,1264.6]]]}},{"type":"Feature","properties":{"id":"p:agua-dulce:720","n":6,"sc":"#00ff00","fc":"#00ff00"},"geometry":{"type":"MultiLineString","coordinates":[[[1508.6,1265.6],[1492.8,1265.6],[1509.1,1266.6],[1508.6,1265.6]],[[1492.8,1265.6],[1509.1,1266.6],[1492.3,1266.6],[1492.8,1265.6]]]}},{"type":"Feature","properties":{"id":"p:agua-dulce:721","n":6,"sc":"#00ff00","fc":"#00ff00"},"geometry":{"type":"MultiLineString","coordinates":[[[1509.1,1266.6],[1492.3,1266.6],[1510.1,1267.0],[1509.1,1266.6]],[[1492.3,1266.6],[1510.1,1267.0],[1491.8,1267.0],[1492.3,1266.6]]]}},{"type":"Feature","properties":{"id":"p:agua-dulce:722","n":6,"sc":"#00ff00","fc":"#00ff00"},"geometry":{"type":"MultiLineString","coordinates":[[[1510.1,1267.0],[1491.8,1267.0],[1510.6,1268],[1510.1,1267.0]],[[1491.8,1267.0],[1510.6,1268],[1490.9,1268],[1491.8,1267.0]]]}},{"type":"Feature","properties":{"id":"p:agua-dulce:723","n":6,"sc":"#00ff00","fc":"#00ff00"},"geometry":{"type":"MultiLineString","coordinates":[[[1510.6,1268],[1490.9,1268],[1511.0,1269.0],[1510.6,1268]],[[1490.9,1268],[1511.0,1269.0],[1490.9,1269.0],[1490.9,1268]]]}},{"type":"Feature","properties":{"id":"p:agua-dulce:724","n":6,"sc":"#00ff00","fc":"#00ff00"},"geometry":{"type":"MultiLineString","coordinates":[[[1511.0,1269.0],[1490.9,1269.0],[1511.0,1269.9],[1511.0,1269.0]],[[1490.9,1269.0],[1511.0,1269.9],[1490.4,1269.9],[1490.9,1269.0]]]}},{"type":"Feature","properties":{"id":"p:agua-dulce:725","n":6,"sc":"#00ff00","fc":"#00ff00"},"geometry":{"type":"MultiLineString","coordinates":[[[1511.0,1269.9],[1490.4,1269.9],[1511.5,1270.9],[1511.0,1269.9]],[[1490.4,1269.9],[1511.5,1270.9],[1489.9,1270.9],[1490.4,1269.9]]]}},{"type":"Feature","properties":{"id":"p:agua-dulce:726","n":6,"sc":"#00ff00","fc":"#00ff00"},"geometry":{"type":"MultiLineString","coordinates":[[[1511.5,1270.9],[1489.9,1270.9],[1511.5,1271.8],[1511.5,1270.9]],[[1489.9,1270.9],[1511.5,1271.8],[1489.9,1271.8],[1489.9,1270.9]]]}},{"type":"Feature","properties":{"id":"p:agua-dulce:727","n":6,"sc":"#00ff00","fc":"#00ff00"},"geometry":{"type":"MultiLineString","coordinates":[[[1511.5,1271.8],[1489.9,1271.8],[1511.5,1273.3],[1511.5,1271.8]],[[1489.9,1271.8],[1511.5,1273.3],[1489.9,1273.3],[1489.9,1271.8]]]}},{"type":"Feature","properties":{"id":"p:agua-dulce:728","n":6,"sc":"#00ff00","fc":"#00ff00"},"geometry":{"type":"MultiLineString","coordinates":[[[1511.5,1273.3],[1489.9,1273.3],[1511.5,1274.2],[1511.5,1273.3]],[[1489.9,1273.3],[1511.5,1274.2],[1489.9,1274.2],[1489.9,1273.3]]]}},{"type":"Feature","properties":{"id":"p:agua-dulce:729","n":6,"sc":"#00ff00","fc":"#00ff00"},"geometry":{"type":"MultiLineString","coordinates":[[[1511.5,1274.2],[1489.9,1274.2],[1511.5,1275.2],[1511.5,1274.2]],[[1489.9,1274.2],[1511.5,1275.2],[1489.9,1275.2],[1489.9,1274.2]]]}},{"type":"Feature","properties":{"id":"p:agua-dulce:730","n":6,"sc":"#00ff00","fc":"#00ff00"},"geometry":{"type":"MultiLineString","coordinates":[[[1511.5,1275.2],[1489.9,1275.2],[1511.0,1276.2],[1511.5,1275.2]],[[1489.9,1275.2],[1511.0,1276.2],[1490.4,1276.2],[1489.9,1275.2]]]}},{"type":"Feature","properties":{"id":"p:agua-dulce:731","n":6,"sc":"#00ff00","fc":"#00ff00"},"geometry":{"type":"MultiLineString","coordinates":[[[1511.0,1276.2],[1490.4,1276.2],[1511.0,1277.1],[1511.0,1276.2]],[[1490.4,1276.2],[1511.0,1277.1],[1490.9,1277.1],[1490.4,1276.2]]]}},{"type":"Feature","properties":{"id":"p:agua-dulce:732","n":6,"sc":"#00ff00","fc":"#00ff00"},"geometry":{"type":"MultiLineString","coordinates":[[[1511.0,1277.1],[1490.9,1277.1],[1510.6,1278.1],[1511.0,1277.1]],[[1490.9,1277.1],[1510.6,1278.1],[1490.9,1278.1],[1490.9,1277.1]]]}},{"type":"Feature","properties":{"id":"p:agua-dulce:733","n":6,"sc":"#00ff00","fc":"#00ff00"},"geometry":{"type":"MultiLineString","coordinates":[[[1510.6,1278.1],[1490.9,1278.1],[1510.1,1279.0],[1510.6,1278.1]],[[1490.9,1278.1],[1510.1,1279.0],[1491.8,1279.0],[1490.9,1278.1]]]}},{"type":"Feature","properties":{"id":"p:agua-dulce:734","n":6,"sc":"#00ff00","fc":"#00ff00"},"geometry":{"type":"MultiLineString","coordinates":[[[1510.1,1279.0],[1491.8,1279.0],[1509.1,1280],[1510.1,1279.0]],[[1491.8,1279.0],[1509.1,1280],[1492.3,1280],[1491.8,1279.0]]]}},{"type":"Feature","properties":{"id":"p:agua-dulce:735","n":6,"sc":"#00ff00","fc":"#00ff00"},"geometry":{"type":"MultiLineString","coordinates":[[[1509.1,1280],[1492.3,1280],[1508.6,1280.5],[1509.1,1280]],[[1492.3,1280],[1508.6,1280.5],[1492.8,1280.5],[1492.3,1280]]]}},{"type":"Feature","properties":{"id":"p:agua-dulce:736","n":6,"sc":"#00ff00","fc":"#00ff00"},"geometry":{"type":"MultiLineString","coordinates":[[[1508.6,1280.5],[1492.8,1280.5],[1507.7,1281.4],[1508.6,1280.5]],[[1492.8,1280.5],[1507.7,1281.4],[1493.8,1281.4],[1492.8,1280.5]]]}},{"type":"Feature","properties":{"id":"p:agua-dulce:737","n":6,"sc":"#00ff00","fc":"#00ff00"},"geometry":{"type":"MultiLineString","coordinates":[[[1507.7,1281.4],[1493.8,1281.4],[1507.2,1281.9],[1507.7,1281.4]],[[1493.8,1281.4],[1507.2,1281.9],[1494.7,1281.9],[1493.8,1281.4]]]}},{"type":"Feature","properties":{"id":"p:agua-dulce:738","n":6,"sc":"#00ff00","fc":"#00ff00"},"geometry":{"type":"MultiLineString","coordinates":[[[1507.2,1281.9],[1494.7,1281.9],[1506.2,1282.4],[1507.2,1281.9]],[[1494.7,1281.9],[1506.2,1282.4],[1495.2,1282.4],[1494.7,1281.9]]]}},{"type":"Feature","properties":{"id":"p:agua-dulce:739","n":6,"sc":"#00ff00","fc":"#00ff00"},"geometry":{"type":"MultiLineString","coordinates":[[[1506.2,1282.4],[1495.2,1282.4],[1505.3,1282.9],[1506.2,1282.4]],[[1495.2,1282.4],[1505.3,1282.9],[1496.2,1282.9],[1495.2,1282.4]]]}},{"type":"Feature","properties":{"id":"p:agua-dulce:740","n":6,"sc":"#00ff00","fc":"#00ff00"},"geometry":{"type":"MultiLineString","coordinates":[[[1505.3,1282.9],[1496.2,1282.9],[1504.3,1283.4],[1505.3,1282.9]],[[1496.2,1282.9],[1504.3,1283.4],[1497.1,1283.4],[1496.2,1282.9]]]}},{"type":"Feature","properties":{"id":"p:agua-dulce:741","n":6,"sc":"#00ff00","fc":"#00ff00"},"geometry":{"type":"MultiLineString","coordinates":[[[1504.3,1283.4],[1497.1,1283.4],[1503.4,1283.8],[1504.3,1283.4]],[[1497.1,1283.4],[1503.4,1283.8],[1498.6,1283.8],[1497.1,1283.4]]]}},{"type":"Feature","properties":{"id":"p:agua-dulce:742","n":6,"sc":"#00ff00","fc":"#00ff00"},"geometry":{"type":"MultiLineString","coordinates":[[[1498.6,1283.8],[1499.0,1283.8],[1501.9,1283.8],[1498.6,1283.8]],[[1499.0,1283.8],[1501.9,1283.8],[1501.4,1283.8],[1499.0,1283.8]]]}},{"type":"Feature","properties":{"id":"p:agua-dulce:743","n":3,"sc":"#00ff00","fc":"#00ff00"},"geometry":{"type":"LineString","coordinates":[[1498.6,1283.8],[1503.4,1283.8],[1501.9,1283.8],[1498.6,1283.8]]}},{"type":"Feature","properties":{"id":"p:agua-dulce:744","n":16,"sc":"#00ff00"},"geometry":{"type":"LineString","coordinates":[[1511.5,1273.0],[1510.7,1268.8],[1508.4,1265.4],[1504.9,1263.1],[1500.7,1262.2],[1496.5,1263.1],[1493.1,1265.4],[1490.8,1268.8],[1489.9,1273.0],[1490.8,1277.2],[1493.1,1280.7],[1496.5,1283.0],[1500.7,1283.8],[1504.9,1283.0],[1508.4,1280.7],[1510.7,1277.2],[1511.5,1273.0]]}},{"type":"Feature","properties":{"id":"p:agua-dulce:745","n":3,"sc":"#00ff00","fc":"#00ff00"},"geometry":{"type":"LineString","coordinates":[[2904.5,2017.3],[2905.4,2017.3],[2902.6,2017.3],[2904.5,2017.3]]}},{"type":"Feature","properties":{"id":"p:agua-dulce:746","n":6,"sc":"#00ff00","fc":"#00ff00"},"geometry":{"type":"MultiLineString","coordinates":[[[2905.4,2017.3],[2902.6,2017.3],[2906.9,2017.8],[2905.4,2017.3]],[[2902.6,2017.3],[2906.9,2017.8],[2901.6,2017.8],[2902.6,2017.3]]]}},{"type":"Feature","properties":{"id":"p:agua-dulce:747","n":6,"sc":"#00ff00","fc":"#00ff00"},"geometry":{"type":"MultiLineString","coordinates":[[[2906.9,2017.8],[2901.6,2017.8],[2907.4,2017.8],[2906.9,2017.8]],[[2901.6,2017.8],[2907.4,2017.8],[2900.6,2017.8],[2901.6,2017.8]]]}},{"type":"Feature","properties":{"id":"p:agua-dulce:748","n":6,"sc":"#00ff00","fc":"#00ff00"},"geometry":{"type":"MultiLineString","coordinates":[[[2907.4,2017.8],[2900.6,2017.8],[2908.8,2018.2],[2907.4,2017.8]],[[2900.6,2017.8],[2908.8,2018.2],[2899.7,2018.2],[2900.6,2017.8]]]}},{"type":"Feature","properties":{"id":"p:agua-dulce:749","n":6,"sc":"#00ff00","fc":"#00ff00"},"geometry":{"type":"MultiLineString","coordinates":[[[2908.8,2018.2],[2899.7,2018.2],[2909.3,2018.7],[2908.8,2018.2]],[[2899.7,2018.2],[2909.3,2018.7],[2898.7,2018.7],[2899.7,2018.2]]]}},{"type":"Feature","properties":{"id":"p:agua-dulce:750","n":6,"sc":"#00ff00","fc":"#00ff00"},"geometry":{"type":"MultiLineString","coordinates":[[[2909.3,2018.7],[2898.7,2018.7],[2910.2,2019.2],[2909.3,2018.7]],[[2898.7,2018.7],[2910.2,2019.2],[2897.8,2019.2],[2898.7,2018.7]]]}},{"type":"Feature","properties":{"id":"p:agua-dulce:751","n":6,"sc":"#00ff00","fc":"#00ff00"},"geometry":{"type":"MultiLineString","coordinates":[[[2910.2,2019.2],[2897.8,2019.2],[2911.2,2020.2],[2910.2,2019.2]],[[2897.8,2019.2],[2911.2,2020.2],[2896.8,2020.2],[2897.8,2019.2]]]}},{"type":"Feature","properties":{"id":"p:agua-dulce:752","n":6,"sc":"#00ff00","fc":"#00ff00"},"geometry":{"type":"MultiLineString","coordinates":[[[2911.2,2020.2],[2896.8,2020.2],[2912.2,2020.6],[2911.2,2020.2]],[[2896.8,2020.2],[2912.2,2020.6],[2896.3,2020.6],[2896.8,2020.2]]]}},{"type":"Feature","properties":{"id":"p:agua-dulce:753","n":6,"sc":"#00ff00","fc":"#00ff00"},"geometry":{"type":"MultiLineString","coordinates":[[[2912.2,2020.6],[2896.3,2020.6],[2912.6,2021.6],[2912.2,2020.6]],[[2896.3,2020.6],[2912.6,2021.6],[2895.4,2021.6],[2896.3,2020.6]]]}},{"type":"Feature","properties":{"id":"p:agua-dulce:754","n":6,"sc":"#00ff00","fc":"#00ff00"},"geometry":{"type":"MultiLineString","coordinates":[[[2912.6,2021.6],[2895.4,2021.6],[2913.1,2022.1],[2912.6,2021.6]],[[2895.4,2021.6],[2913.1,2022.1],[2894.9,2022.1],[2895.4,2021.6]]]}},{"type":"Feature","properties":{"id":"p:agua-dulce:755","n":6,"sc":"#00ff00","fc":"#00ff00"},"geometry":{"type":"MultiLineString","coordinates":[[[2913.1,2022.1],[2894.9,2022.1],[2913.6,2023.0],[2913.1,2022.1]],[[2894.9,2022.1],[2913.6,2023.0],[2894.4,2023.0],[2894.9,2022.1]]]}},{"type":"Feature","properties":{"id":"p:agua-dulce:756","n":6,"sc":"#00ff00","fc":"#00ff00"},"geometry":{"type":"MultiLineString","coordinates":[[[2913.6,2023.0],[2894.4,2023.0],[2914.1,2024],[2913.6,2023.0]],[[2894.4,2023.0],[2914.1,2024],[2893.9,2024],[2894.4,2023.0]]]}},{"type":"Feature","properties":{"id":"p:agua-dulce:757","n":6,"sc":"#00ff00","fc":"#00ff00"},"geometry":{"type":"MultiLineString","coordinates":[[[2914.1,2024],[2893.9,2024],[2914.6,2025.0],[2914.1,2024]],[[2893.9,2024],[2914.6,2025.0],[2893.9,2025.0],[2893.9,2024]]]}},{"type":"Feature","properties":{"id":"p:agua-dulce:758","n":6,"sc":"#00ff00","fc":"#00ff00"},"geometry":{"type":"MultiLineString","coordinates":[[[2914.6,2025.0],[2893.9,2025.0],[2915.0,2025.9],[2914.6,2025.0]],[[2893.9,2025.0],[2915.0,2025.9],[2893.4,2025.9],[2893.9,2025.0]]]}},{"type":"Feature","properties":{"id":"p:agua-dulce:759","n":6,"sc":"#00ff00","fc":"#00ff00"},"geometry":{"type":"MultiLineString","coordinates":[[[2915.0,2025.9],[2893.4,2025.9],[2915.0,2027.4],[2915.0,2025.9]],[[2893.4,2025.9],[2915.0,2027.4],[2893.4,2027.4],[2893.4,2025.9]]]}},{"type":"Feature","properties":{"id":"p:agua-dulce:760","n":6,"sc":"#00ff00","fc":"#00ff00"},"geometry":{"type":"MultiLineString","coordinates":[[[2915.0,2027.4],[2893.4,2027.4],[2915.0,2028.3],[2915.0,2027.4]],[[2893.4,2027.4],[2915.0,2028.3],[2893.4,2028.3],[2893.4,2027.4]]]}},{"type":"Feature","properties":{"id":"p:agua-dulce:761","n":6,"sc":"#00ff00","fc":"#00ff00"},"geometry":{"type":"MultiLineString","coordinates":[[[2915.0,2028.3],[2893.4,2028.3],[2915.0,2029.3],[2915.0,2028.3]],[[2893.4,2028.3],[2915.0,2029.3],[2893.4,2029.3],[2893.4,2028.3]]]}},{"type":"Feature","properties":{"id":"p:agua-dulce:762","n":6,"sc":"#00ff00","fc":"#00ff00"},"geometry":{"type":"MultiLineString","coordinates":[[[2915.0,2029.3],[2893.4,2029.3],[2915.0,2030.2],[2915.0,2029.3]],[[2893.4,2029.3],[2915.0,2030.2],[2893.4,2030.2],[2893.4,2029.3]]]}},{"type":"Feature","properties":{"id":"p:agua-dulce:763","n":6,"sc":"#00ff00","fc":"#00ff00"},"geometry":{"type":"MultiLineString","coordinates":[[[2915.0,2030.2],[2893.4,2030.2],[2914.6,2031.2],[2915.0,2030.2]],[[2893.4,2030.2],[2914.6,2031.2],[2893.9,2031.2],[2893.4,2030.2]]]}},{"type":"Feature","properties":{"id":"p:agua-dulce:764","n":6,"sc":"#00ff00","fc":"#00ff00"},"geometry":{"type":"MultiLineString","coordinates":[[[2914.6,2031.2],[2893.9,2031.2],[2914.1,2032.2],[2914.6,2031.2]],[[2893.9,2031.2],[2914.1,2032.2],[2893.9,2032.2],[2893.9,2031.2]]]}},{"type":"Feature","properties":{"id":"p:agua-dulce:765","n":6,"sc":"#00ff00","fc":"#00ff00"},"geometry":{"type":"MultiLineString","coordinates":[[[2914.1,2032.2],[2893.9,2032.2],[2913.6,2033.1],[2914.1,2032.2]],[[2893.9,2032.2],[2913.6,2033.1],[2894.4,2033.1],[2893.9,2032.2]]]}},{"type":"Feature","properties":{"id":"p:agua-dulce:766","n":6,"sc":"#00ff00","fc":"#00ff00"},"geometry":{"type":"MultiLineString","coordinates":[[[2913.6,2033.1],[2894.4,2033.1],[2913.1,2034.1],[2913.6,2033.1]],[[2894.4,2033.1],[2913.1,2034.1],[2894.9,2034.1],[2894.4,2033.1]]]}},{"type":"Feature","properties":{"id":"p:agua-dulce:767","n":6,"sc":"#00ff00","fc":"#00ff00"},"geometry":{"type":"MultiLineString","coordinates":[[[2913.1,2034.1],[2894.9,2034.1],[2912.6,2035.0],[2913.1,2034.1]],[[2894.9,2034.1],[2912.6,2035.0],[2895.4,2035.0],[2894.9,2034.1]]]}},{"type":"Feature","properties":{"id":"p:agua-dulce:768","n":6,"sc":"#00ff00","fc":"#00ff00"},"geometry":{"type":"MultiLineString","coordinates":[[[2912.6,2035.0],[2895.4,2035.0],[2912.2,2035.5],[2912.6,2035.0]],[[2895.4,2035.0],[2912.2,2035.5],[2896.3,2035.5],[2895.4,2035.0]]]}},{"type":"Feature","properties":{"id":"p:agua-dulce:769","n":6,"sc":"#00ff00","fc":"#00ff00"},"geometry":{"type":"MultiLineString","coordinates":[[[2912.2,2035.5],[2896.3,2035.5],[2911.2,2036.5],[2912.2,2035.5]],[[2896.3,2035.5],[2911.2,2036.5],[2896.8,2036.5],[2896.3,2035.5]]]}},{"type":"Feature","properties":{"id":"p:agua-dulce:770","n":6,"sc":"#00ff00","fc":"#00ff00"},"geometry":{"type":"MultiLineString","coordinates":[[[2911.2,2036.5],[2896.8,2036.5],[2910.2,2037.0],[2911.2,2036.5]],[[2896.8,2036.5],[2910.2,2037.0],[2897.8,2037.0],[2896.8,2036.5]]]}},{"type":"Feature","properties":{"id":"p:agua-dulce:771","n":6,"sc":"#00ff00","fc":"#00ff00"},"geometry":{"type":"MultiLineString","coordinates":[[[2910.2,2037.0],[2897.8,2037.0],[2909.3,2037.4],[2910.2,2037.0]],[[2897.8,2037.0],[2909.3,2037.4],[2898.7,2037.4],[2897.8,2037.0]]]}},{"type":"Feature","properties":{"id":"p:agua-dulce:772","n":6,"sc":"#00ff00","fc":"#00ff00"},"geometry":{"type":"MultiLineString","coordinates":[[[2909.3,2037.4],[2898.7,2037.4],[2908.8,2037.9],[2909.3,2037.4]],[[2898.7,2037.4],[2908.8,2037.9],[2899.7,2037.9],[2898.7,2037.4]]]}},{"type":"Feature","properties":{"id":"p:agua-dulce:773","n":6,"sc":"#00ff00","fc":"#00ff00"},"geometry":{"type":"MultiLineString","coordinates":[[[2908.8,2037.9],[2899.7,2037.9],[2907.4,2038.4],[2908.8,2037.9]],[[2899.7,2037.9],[2907.4,2038.4],[2900.6,2038.4],[2899.7,2037.9]]]}},{"type":"Feature","properties":{"id":"p:agua-dulce:774","n":6,"sc":"#00ff00","fc":"#00ff00"},"geometry":{"type":"MultiLineString","coordinates":[[[2907.4,2038.4],[2900.6,2038.4],[2906.9,2038.9],[2907.4,2038.4]],[[2900.6,2038.4],[2906.9,2038.9],[2901.6,2038.9],[2900.6,2038.4]]]}},{"type":"Feature","properties":{"id":"p:agua-dulce:775","n":6,"sc":"#00ff00","fc":"#00ff00"},"geometry":{"type":"MultiLineString","coordinates":[[[2901.6,2038.9],[2902.6,2038.9],[2905.4,2038.9],[2901.6,2038.9]],[[2902.6,2038.9],[2905.4,2038.9],[2904.5,2038.9],[2902.6,2038.9]]]}},{"type":"Feature","properties":{"id":"p:agua-dulce:776","n":3,"sc":"#00ff00","fc":"#00ff00"},"geometry":{"type":"LineString","coordinates":[[2901.6,2038.9],[2906.9,2038.9],[2905.4,2038.9],[2901.6,2038.9]]}},{"type":"Feature","properties":{"id":"p:agua-dulce:777","n":16,"sc":"#00ff00"},"geometry":{"type":"LineString","coordinates":[[2914.6,2028.1],[2913.7,2023.9],[2911.4,2020.4],[2908.0,2018.1],[2903.8,2017.3],[2899.6,2018.1],[2896.1,2020.4],[2893.8,2023.9],[2893.0,2028.1],[2893.8,2032.3],[2896.1,2035.7],[2899.6,2038.0],[2903.8,2038.9],[2908.0,2038.0],[2911.4,2035.7],[2913.7,2032.3],[2914.6,2028.1]]}},{"type":"Feature","properties":{"id":"p:agua-dulce:778","n":16,"sc":"#00ff00"},"geometry":{"type":"LineString","coordinates":[[2914.6,2028.1],[2913.7,2023.9],[2911.4,2020.4],[2908.0,2018.1],[2903.8,2017.3],[2899.6,2018.1],[2896.1,2020.4],[2893.8,2023.9],[2893.0,2028.1],[2893.8,2032.3],[2896.1,2035.7],[2899.6,2038.0],[2903.8,2038.9],[2908.0,2038.0],[2911.4,2035.7],[2913.7,2032.3],[2914.6,2028.1]]}},{"type":"Feature","properties":{"id":"p:agua-dulce:779","n":3,"sc":"#00ff00","fc":"#00ff00"},"geometry":{"type":"LineString","coordinates":[[2828.6,2109.9],[2829.1,2109.9],[2826.2,2109.9],[2828.6,2109.9]]}},{"type":"Feature","properties":{"id":"p:agua-dulce:780","n":6,"sc":"#00ff00","fc":"#00ff00"},"geometry":{"type":"MultiLineString","coordinates":[[[2829.1,2109.9],[2826.2,2109.9],[2830.6,2109.9],[2829.1,2109.9]],[[2826.2,2109.9],[2830.6,2109.9],[2825.8,2109.9],[2826.2,2109.9]]]}},{"type":"Feature","properties":{"id":"p:agua-dulce:781","n":6,"sc":"#00ff00","fc":"#00ff00"},"geometry":{"type":"MultiLineString","coordinates":[[[2830.6,2109.9],[2825.8,2109.9],[2831.5,2110.4],[2830.6,2109.9]],[[2825.8,2109.9],[2831.5,2110.4],[2824.3,2110.4],[2825.8,2109.9]]]}},{"type":"Feature","properties":{"id":"p:agua-dulce:782","n":6,"sc":"#00ff00","fc":"#00ff00"},"geometry":{"type":"MultiLineString","coordinates":[[[2831.5,2110.4],[2824.3,2110.4],[2832.5,2110.9],[2831.5,2110.4]],[[2824.3,2110.4],[2832.5,2110.9],[2823.8,2110.9],[2824.3,2110.4]]]}},{"type":"Feature","properties":{"id":"p:agua-dulce:783","n":6,"sc":"#00ff00","fc":"#00ff00"},"geometry":{"type":"MultiLineString","coordinates":[[[2832.5,2110.9],[2823.8,2110.9],[2833.4,2111.4],[2832.5,2110.9]],[[2823.8,2110.9],[2833.4,2111.4],[2822.4,2111.4],[2823.8,2110.9]]]}},{"type":"Feature","properties":{"id":"p:agua-dulce:784","n":6,"sc":"#00ff00","fc":"#00ff00"},"geometry":{"type":"MultiLineString","coordinates":[[[2833.4,2111.4],[2822.4,2111.4],[2834.4,2111.8],[2833.4,2111.4]],[[2822.4,2111.4],[2834.4,2111.8],[2821.9,2111.8],[2822.4,2111.4]]]}},{"type":"Feature","properties":{"id":"p:agua-dulce:785","n":6,"sc":"#00ff00","fc":"#00ff00"},"geometry":{"type":"MultiLineString","coordinates":[[[2834.4,2111.8],[2821.9,2111.8],[2834.9,2112.3],[2834.4,2111.8]],[[2821.9,2111.8],[2834.9,2112.3],[2821.0,2112.3],[2821.9,2111.8]]]}},{"type":"Feature","properties":{"id":"p:agua-dulce:786","n":6,"sc":"#00ff00","fc":"#00ff00"},"geometry":{"type":"MultiLineString","coordinates":[[[2834.9,2112.3],[2821.0,2112.3],[2835.8,2113.3],[2834.9,2112.3]],[[2821.0,2112.3],[2835.8,2113.3],[2820,2113.3],[2821.0,2112.3]]]}},{"type":"Feature","properties":{"id":"p:agua-dulce:787","n":6,"sc":"#00ff00","fc":"#00ff00"},"geometry":{"type":"MultiLineString","coordinates":[[[2835.8,2113.3],[2820,2113.3],[2836.3,2113.8],[2835.8,2113.3]],[[2820,2113.3],[2836.3,2113.8],[2819.5,2113.8],[2820,2113.3]]]}},{"type":"Feature","properties":{"id":"p:agua-dulce:788","n":6,"sc":"#00ff00","fc":"#00ff00"},"geometry":{"type":"MultiLineString","coordinates":[[[2836.3,2113.8],[2819.5,2113.8],[2837.3,2114.7],[2836.3,2113.8]],[[2819.5,2113.8],[2837.3,2114.7],[2819.0,2114.7],[2819.5,2113.8]]]}},{"type":"Feature","properties":{"id":"p:agua-dulce:789","n":6,"sc":"#00ff00","fc":"#00ff00"},"geometry":{"type":"MultiLineString","coordinates":[[[2837.3,2114.7],[2819.0,2114.7],[2837.8,2115.7],[2837.3,2114.7]],[[2819.0,2114.7],[2837.8,2115.7],[2818.6,2115.7],[2819.0,2114.7]]]}},{"type":"Feature","properties":{"id":"p:agua-dulce:790","n":6,"sc":"#00ff00","fc":"#00ff00"},"geometry":{"type":"MultiLineString","coordinates":[[[2837.8,2115.7],[2818.6,2115.7],[2838.2,2116.6],[2837.8,2115.7]],[[2818.6,2115.7],[2838.2,2116.6],[2818.1,2116.6],[2818.6,2115.7]]]}},{"type":"Feature","properties":{"id":"p:agua-dulce:791","n":6,"sc":"#00ff00","fc":"#00ff00"},"geometry":{"type":"MultiLineString","coordinates":[[[2838.2,2116.6],[2818.1,2116.6],[2838.2,2117.6],[2838.2,2116.6]],[[2818.1,2116.6],[2838.2,2117.6],[2817.6,2117.6],[2818.1,2116.6]]]}},{"type":"Feature","properties":{"id":"p:agua-dulce:792","n":6,"sc":"#00ff00","fc":"#00ff00"},"geometry":{"type":"MultiLineString","coordinates":[[[2838.2,2117.6],[2817.6,2117.6],[2838.7,2118.6],[2838.2,2117.6]],[[2817.6,2117.6],[2838.7,2118.6],[2817.6,2118.6],[2817.6,2117.6]]]}},{"type":"Feature","properties":{"id":"p:agua-dulce:793","n":6,"sc":"#00ff00","fc":"#00ff00"},"geometry":{"type":"MultiLineString","coordinates":[[[2838.7,2118.6],[2817.6,2118.6],[2838.7,2119.5],[2838.7,2118.6]],[[2817.6,2118.6],[2838.7,2119.5],[2817.1,2119.5],[2817.6,2118.6]]]}},{"type":"Feature","properties":{"id":"p:agua-dulce:794","n":6,"sc":"#00ff00","fc":"#00ff00"},"geometry":{"type":"MultiLineString","coordinates":[[[2838.7,2119.5],[2817.1,2119.5],[2838.7,2120.5],[2838.7,2119.5]],[[2817.1,2119.5],[2838.7,2120.5],[2817.1,2120.5],[2817.1,2119.5]]]}},{"type":"Feature","properties":{"id":"p:agua-dulce:795","n":6,"sc":"#00ff00","fc":"#00ff00"},"geometry":{"type":"MultiLineString","coordinates":[[[2838.7,2120.5],[2817.1,2120.5],[2838.7,2121.4],[2838.7,2120.5]],[[2817.1,2120.5],[2838.7,2121.4],[2817.1,2121.4],[2817.1,2120.5]]]}},{"type":"Feature","properties":{"id":"p:agua-dulce:796","n":6,"sc":"#00ff00","fc":"#00ff00"},"geometry":{"type":"MultiLineString","coordinates":[[[2838.7,2121.4],[2817.1,2121.4],[2838.7,2122.9],[2838.7,2121.4]],[[2817.1,2121.4],[2838.7,2122.9],[2817.6,2122.9],[2817.1,2121.4]]]}},{"type":"Feature","properties":{"id":"p:agua-dulce:797","n":6,"sc":"#00ff00","fc":"#00ff00"},"geometry":{"type":"MultiLineString","coordinates":[[[2838.7,2122.9],[2817.6,2122.9],[2838.2,2123.8],[2838.7,2122.9]],[[2817.6,2122.9],[2838.2,2123.8],[2817.6,2123.8],[2817.6,2122.9]]]}},{"type":"Feature","properties":{"id":"p:agua-dulce:798","n":6,"sc":"#00ff00","fc":"#00ff00"},"geometry":{"type":"MultiLineString","coordinates":[[[2838.2,2123.8],[2817.6,2123.8],[2838.2,2124.8],[2838.2,2123.8]],[[2817.6,2123.8],[2838.2,2124.8],[2818.1,2124.8],[2817.6,2123.8]]]}},{"type":"Feature","properties":{"id":"p:agua-dulce:799","n":6,"sc":"#00ff00","fc":"#00ff00"},"geometry":{"type":"MultiLineString","coordinates":[[[2838.2,2124.8],[2818.1,2124.8],[2837.8,2125.8],[2838.2,2124.8]],[[2818.1,2124.8],[2837.8,2125.8],[2818.6,2125.8],[2818.1,2124.8]]]}},{"type":"Feature","properties":{"id":"p:agua-dulce:800","n":6,"sc":"#00ff00","fc":"#00ff00"},"geometry":{"type":"MultiLineString","coordinates":[[[2837.8,2125.8],[2818.6,2125.8],[2837.3,2126.2],[2837.8,2125.8]],[[2818.6,2125.8],[2837.3,2126.2],[2819.0,2126.2],[2818.6,2125.8]]]}},{"type":"Feature","properties":{"id":"p:agua-dulce:801","n":6,"sc":"#00ff00","fc":"#00ff00"},"geometry":{"type":"MultiLineString","coordinates":[[[2837.3,2126.2],[2819.0,2126.2],[2836.3,2127.2],[2837.3,2126.2]],[[2819.0,2126.2],[2836.3,2127.2],[2819.5,2127.2],[2819.0,2126.2]]]}},{"type":"Feature","properties":{"id":"p:agua-dulce:802","n":6,"sc":"#00ff00","fc":"#00ff00"},"geometry":{"type":"MultiLineString","coordinates":[[[2836.3,2127.2],[2819.5,2127.2],[2835.8,2128.2],[2836.3,2127.2]],[[2819.5,2127.2],[2835.8,2128.2],[2820,2128.2],[2819.5,2127.2]]]}},{"type":"Feature","properties":{"id":"p:agua-dulce:803","n":6,"sc":"#00ff00","fc":"#00ff00"},"geometry":{"type":"MultiLineString","coordinates":[[[2835.8,2128.2],[2820,2128.2],[2834.9,2128.6],[2835.8,2128.2]],[[2820,2128.2],[2834.9,2128.6],[2821.0,2128.6],[2820,2128.2]]]}},{"type":"Feature","properties":{"id":"p:agua-dulce:804","n":6,"sc":"#00ff00","fc":"#00ff00"},"geometry":{"type":"MultiLineString","coordinates":[[[2834.9,2128.6],[2821.0,2128.6],[2834.4,2129.6],[2834.9,2128.6]],[[2821.0,2128.6],[2834.4,2129.6],[2821.9,2129.6],[2821.0,2128.6]]]}},{"type":"Feature","properties":{"id":"p:agua-dulce:805","n":6,"sc":"#00ff00","fc":"#00ff00"},"geometry":{"type":"MultiLineString","coordinates":[[[2834.4,2129.6],[2821.9,2129.6],[2833.4,2130.1],[2834.4,2129.6]],[[2821.9,2129.6],[2833.4,2130.1],[2822.4,2130.1],[2821.9,2129.6]]]}},{"type":"Feature","properties":{"id":"p:agua-dulce:806","n":6,"sc":"#00ff00","fc":"#00ff00"},"geometry":{"type":"MultiLineString","coordinates":[[[2833.4,2130.1],[2822.4,2130.1],[2832.5,2130.6],[2833.4,2130.1]],[[2822.4,2130.1],[2832.5,2130.6],[2823.8,2130.6],[2822.4,2130.1]]]}},{"type":"Feature","properties":{"id":"p:agua-dulce:807","n":6,"sc":"#00ff00","fc":"#00ff00"},"geometry":{"type":"MultiLineString","coordinates":[[[2832.5,2130.6],[2823.8,2130.6],[2831.5,2131.0],[2832.5,2130.6]],[[2823.8,2130.6],[2831.5,2131.0],[2824.3,2131.0],[2823.8,2130.6]]]}},{"type":"Feature","properties":{"id":"p:agua-dulce:808","n":6,"sc":"#00ff00","fc":"#00ff00"},"geometry":{"type":"MultiLineString","coordinates":[[[2831.5,2131.0],[2824.3,2131.0],[2830.6,2131.0],[2831.5,2131.0]],[[2824.3,2131.0],[2830.6,2131.0],[2825.8,2131.0],[2824.3,2131.0]]]}},{"type":"Feature","properties":{"id":"p:agua-dulce:809","n":6,"sc":"#00ff00","fc":"#00ff00"},"geometry":{"type":"MultiLineString","coordinates":[[[2825.8,2131.0],[2826.2,2131.5],[2829.1,2131.5],[2825.8,2131.0]],[[2826.2,2131.5],[2829.1,2131.5],[2828.6,2131.5],[2826.2,2131.5]]]}},{"type":"Feature","properties":{"id":"p:agua-dulce:810","n":3,"sc":"#00ff00","fc":"#00ff00"},"geometry":{"type":"LineString","coordinates":[[2825.8,2131.0],[2830.6,2131.0],[2829.1,2131.5],[2825.8,2131.0]]}},{"type":"Feature","properties":{"id":"p:agua-dulce:811","n":16,"sc":"#00ff00"},"geometry":{"type":"LineString","coordinates":[[2838.7,2120.2],[2837.9,2116.0],[2835.6,2112.6],[2832.1,2110.3],[2827.9,2109.4],[2823.7,2110.3],[2820.3,2112.6],[2818.0,2116.0],[2817.1,2120.2],[2818.0,2124.4],[2820.3,2127.9],[2823.7,2130.2],[2827.9,2131.0],[2832.1,2130.2],[2835.6,2127.9],[2837.9,2124.4],[2838.7,2120.2]]}},{"type":"Feature","properties":{"id":"p:agua-dulce:812","n":16,"sc":"#00ff00"},"geometry":{"type":"LineString","coordinates":[[2838.7,2120.2],[2837.9,2116.0],[2835.6,2112.6],[2832.1,2110.3],[2827.9,2109.4],[2823.7,2110.3],[2820.3,2112.6],[2818.0,2116.0],[2817.1,2120.2],[2818.0,2124.4],[2820.3,2127.9],[2823.7,2130.2],[2827.9,2131.0],[2832.1,2130.2],[2835.6,2127.9],[2837.9,2124.4],[2838.7,2120.2]]}},{"type":"Feature","properties":{"id":"p:agua-dulce:813","n":3,"sc":"#00ff00","fc":"#00ff00"},"geometry":{"type":"LineString","coordinates":[[2736,2190.6],[2737.0,2191.0],[2734.1,2191.0],[2736,2190.6]]}},{"type":"Feature","properties":{"id":"p:agua-dulce:814","n":6,"sc":"#00ff00","fc":"#00ff00"},"geometry":{"type":"MultiLineString","coordinates":[[[2737.0,2191.0],[2734.1,2191.0],[2737.9,2191.0],[2737.0,2191.0]],[[2734.1,2191.0],[2737.9,2191.0],[2733.1,2191.0],[2734.1,2191.0]]]}},{"type":"Feature","properties":{"id":"p:agua-dulce:815","n":6,"sc":"#00ff00","fc":"#00ff00"},"geometry":{"type":"MultiLineString","coordinates":[[[2737.9,2191.0],[2733.1,2191.0],[2738.9,2191.5],[2737.9,2191.0]],[[2733.1,2191.0],[2738.9,2191.5],[2732.2,2191.5],[2733.1,2191.0]]]}},{"type":"Feature","properties":{"id":"p:agua-dulce:816","n":6,"sc":"#00ff00","fc":"#00ff00"},"geometry":{"type":"MultiLineString","coordinates":[[[2738.9,2191.5],[2732.2,2191.5],[2739.8,2191.5],[2738.9,2191.5]],[[2732.2,2191.5],[2739.8,2191.5],[2731.2,2191.5],[2732.2,2191.5]]]}},{"type":"Feature","properties":{"id":"p:agua-dulce:817","n":6,"sc":"#00ff00","fc":"#00ff00"},"geometry":{"type":"MultiLineString","coordinates":[[[2739.8,2191.5],[2731.2,2191.5],[2740.8,2192],[2739.8,2191.5]],[[2731.2,2191.5],[2740.8,2192],[2730.2,2192],[2731.2,2191.5]]]}},{"type":"Feature","properties":{"id":"p:agua-dulce:818","n":6,"sc":"#00ff00","fc":"#00ff00"},"geometry":{"type":"MultiLineString","coordinates":[[[2740.8,2192],[2730.2,2192],[2741.8,2193.0],[2740.8,2192]],[[2730.2,2192],[2741.8,2193.0],[2729.3,2193.0],[2730.2,2192]]]}},{"type":"Feature","properties":{"id":"p:agua-dulce:819","n":6,"sc":"#00ff00","fc":"#00ff00"},"geometry":{"type":"MultiLineString","coordinates":[[[2741.8,2193.0],[2729.3,2193.0],[2742.7,2193.4],[2741.8,2193.0]],[[2729.3,2193.0],[2742.7,2193.4],[2728.3,2193.4],[2729.3,2193.0]]]}},{"type":"Feature","properties":{"id":"p:agua-dulce:820","n":6,"sc":"#00ff00","fc":"#00ff00"},"geometry":{"type":"MultiLineString","coordinates":[[[2742.7,2193.4],[2728.3,2193.4],[2743.2,2193.9],[2742.7,2193.4]],[[2728.3,2193.4],[2743.2,2193.9],[2727.8,2193.9],[2728.3,2193.4]]]}},{"type":"Feature","properties":{"id":"p:agua-dulce:821","n":6,"sc":"#00ff00","fc":"#00ff00"},"geometry":{"type":"MultiLineString","coordinates":[[[2743.2,2193.9],[2727.8,2193.9],[2744.2,2194.9],[2743.2,2193.9]],[[2727.8,2193.9],[2744.2,2194.9],[2726.9,2194.9],[2727.8,2193.9]]]}},{"type":"Feature","properties":{"id":"p:agua-dulce:822","n":6,"sc":"#00ff00","fc":"#00ff00"},"geometry":{"type":"MultiLineString","coordinates":[[[2744.2,2194.9],[2726.9,2194.9],[2744.6,2195.8],[2744.2,2194.9]],[[2726.9,2194.9],[2744.6,2195.8],[2726.4,2195.8],[2726.9,2194.9]]]}},{"type":"Feature","properties":{"id":"p:agua-dulce:823","n":6,"sc":"#00ff00","fc":"#00ff00"},"geometry":{"type":"MultiLineString","coordinates":[[[2744.6,2195.8],[2726.4,2195.8],[2745.1,2196.8],[2744.6,2195.8]],[[2726.4,2195.8],[2745.1,2196.8],[2725.9,2196.8],[2726.4,2195.8]]]}},{"type":"Feature","properties":{"id":"p:agua-dulce:824","n":6,"sc":"#00ff00","fc":"#00ff00"},"geometry":{"type":"MultiLineString","coordinates":[[[2745.1,2196.8],[2725.9,2196.8],[2745.6,2197.8],[2745.1,2196.8]],[[2725.9,2196.8],[2745.6,2197.8],[2725.4,2197.8],[2725.9,2196.8]]]}},{"type":"Feature","properties":{"id":"p:agua-dulce:825","n":6,"sc":"#00ff00","fc":"#00ff00"},"geometry":{"type":"MultiLineString","coordinates":[[[2745.6,2197.8],[2725.4,2197.8],[2746.1,2198.7],[2745.6,2197.8]],[[2725.4,2197.8],[2746.1,2198.7],[2725.0,2198.7],[2725.4,2197.8]]]}},{"type":"Feature","properties":{"id":"p:agua-dulce:826","n":6,"sc":"#00ff00","fc":"#00ff00"},"geometry":{"type":"MultiLineString","coordinates":[[[2746.1,2198.7],[2725.0,2198.7],[2746.1,2199.7],[2746.1,2198.7]],[[2725.0,2198.7],[2746.1,2199.7],[2725.0,2199.7],[2725.0,2198.7]]]}},{"type":"Feature","properties":{"id":"p:agua-dulce:827","n":6,"sc":"#00ff00","fc":"#00ff00"},"geometry":{"type":"MultiLineString","coordinates":[[[2746.1,2199.7],[2725.0,2199.7],[2746.1,2200.6],[2746.1,2199.7]],[[2725.0,2199.7],[2746.1,2200.6],[2724.5,2200.6],[2725.0,2199.7]]]}},{"type":"Feature","properties":{"id":"p:agua-dulce:828","n":6,"sc":"#00ff00","fc":"#00ff00"},"geometry":{"type":"MultiLineString","coordinates":[[[2746.1,2200.6],[2724.5,2200.6],[2746.6,2201.6],[2746.1,2200.6]],[[2724.5,2200.6],[2746.6,2201.6],[2724.5,2201.6],[2724.5,2200.6]]]}},{"type":"Feature","properties":{"id":"p:agua-dulce:829","n":6,"sc":"#00ff00","fc":"#00ff00"},"geometry":{"type":"MultiLineString","coordinates":[[[2746.6,2201.6],[2724.5,2201.6],[2746.1,2202.6],[2746.6,2201.6]],[[2724.5,2201.6],[2746.1,2202.6],[2724.5,2202.6],[2724.5,2201.6]]]}},{"type":"Feature","properties":{"id":"p:agua-dulce:830","n":6,"sc":"#00ff00","fc":"#00ff00"},"geometry":{"type":"MultiLineString","coordinates":[[[2746.1,2202.6],[2724.5,2202.6],[2746.1,2203.5],[2746.1,2202.6]],[[2724.5,2202.6],[2746.1,2203.5],[2725.0,2203.5],[2724.5,2202.6]]]}},{"type":"Feature","properties":{"id":"p:agua-dulce:831","n":6,"sc":"#00ff00","fc":"#00ff00"},"geometry":{"type":"MultiLineString","coordinates":[[[2746.1,2203.5],[2725.0,2203.5],[2746.1,2204.5],[2746.1,2203.5]],[[2725.0,2203.5],[2746.1,2204.5],[2725.0,2204.5],[2725.0,2203.5]]]}},{"type":"Feature","properties":{"id":"p:agua-dulce:832","n":6,"sc":"#00ff00","fc":"#00ff00"},"geometry":{"type":"MultiLineString","coordinates":[[[2746.1,2204.5],[2725.0,2204.5],[2745.6,2205.4],[2746.1,2204.5]],[[2725.0,2204.5],[2745.6,2205.4],[2725.4,2205.4],[2725.0,2204.5]]]}},{"type":"Feature","properties":{"id":"p:agua-dulce:833","n":6,"sc":"#00ff00","fc":"#00ff00"},"geometry":{"type":"MultiLineString","coordinates":[[[2745.6,2205.4],[2725.4,2205.4],[2745.1,2206.4],[2745.6,2205.4]],[[2725.4,2205.4],[2745.1,2206.4],[2725.9,2206.4],[2725.4,2205.4]]]}},{"type":"Feature","properties":{"id":"p:agua-dulce:834","n":6,"sc":"#00ff00","fc":"#00ff00"},"geometry":{"type":"MultiLineString","coordinates":[[[2745.1,2206.4],[2725.9,2206.4],[2744.6,2207.4],[2745.1,2206.4]],[[2725.9,2206.4],[2744.6,2207.4],[2726.4,2207.4],[2725.9,2206.4]]]}},{"type":"Feature","properties":{"id":"p:agua-dulce:835","n":6,"sc":"#00ff00","fc":"#00ff00"},"geometry":{"type":"MultiLineString","coordinates":[[[2744.6,2207.4],[2726.4,2207.4],[2744.2,2208.3],[2744.6,2207.4]],[[2726.4,2207.4],[2744.2,2208.3],[2726.9,2208.3],[2726.4,2207.4]]]}},{"type":"Feature","properties":{"id":"p:agua-dulce:836","n":6,"sc":"#00ff00","fc":"#00ff00"},"geometry":{"type":"MultiLineString","coordinates":[[[2744.2,2208.3],[2726.9,2208.3],[2743.2,2209.3],[2744.2,2208.3]],[[2726.9,2208.3],[2743.2,2209.3],[2727.8,2209.3],[2726.9,2208.3]]]}},{"type":"Feature","properties":{"id":"p:agua-dulce:837","n":6,"sc":"#00ff00","fc":"#00ff00"},"geometry":{"type":"MultiLineString","coordinates":[[[2743.2,2209.3],[2727.8,2209.3],[2742.7,2209.8],[2743.2,2209.3]],[[2727.8,2209.3],[2742.7,2209.8],[2728.3,2209.8],[2727.8,2209.3]]]}},{"type":"Feature","properties":{"id":"p:agua-dulce:838","n":6,"sc":"#00ff00","fc":"#00ff00"},"geometry":{"type":"MultiLineString","coordinates":[[[2742.7,2209.8],[2728.3,2209.8],[2741.8,2210.2],[2742.7,2209.8]],[[2728.3,2209.8],[2741.8,2210.2],[2729.3,2210.2],[2728.3,2209.8]]]}},{"type":"Feature","properties":{"id":"p:agua-dulce:839","n":6,"sc":"#00ff00","fc":"#00ff00"},"geometry":{"type":"MultiLineString","coordinates":[[[2741.8,2210.2],[2729.3,2210.2],[2740.8,2211.2],[2741.8,2210.2]],[[2729.3,2210.2],[2740.8,2211.2],[2730.2,2211.2],[2729.3,2210.2]]]}},{"type":"Feature","properties":{"id":"p:agua-dulce:840","n":6,"sc":"#00ff00","fc":"#00ff00"},"geometry":{"type":"MultiLineString","coordinates":[[[2740.8,2211.2],[2730.2,2211.2],[2739.8,2211.7],[2740.8,2211.2]],[[2730.2,2211.2],[2739.8,2211.7],[2731.2,2211.7],[2730.2,2211.2]]]}},{"type":"Feature","properties":{"id":"p:agua-dulce:841","n":6,"sc":"#00ff00","fc":"#00ff00"},"geometry":{"type":"MultiLineString","coordinates":[[[2739.8,2211.7],[2731.2,2211.7],[2738.9,2211.7],[2739.8,2211.7]],[[2731.2,2211.7],[2738.9,2211.7],[2732.2,2211.7],[2731.2,2211.7]]]}},{"type":"Feature","properties":{"id":"p:agua-dulce:842","n":6,"sc":"#00ff00","fc":"#00ff00"},"geometry":{"type":"MultiLineString","coordinates":[[[2738.9,2211.7],[2732.2,2211.7],[2737.9,2212.2],[2738.9,2211.7]],[[2732.2,2211.7],[2737.9,2212.2],[2733.1,2212.2],[2732.2,2211.7]]]}},{"type":"Feature","properties":{"id":"p:agua-dulce:843","n":6,"sc":"#00ff00","fc":"#00ff00"},"geometry":{"type":"MultiLineString","coordinates":[[[2733.1,2212.2],[2734.1,2212.2],[2737.0,2212.2],[2733.1,2212.2]],[[2734.1,2212.2],[2737.0,2212.2],[2736,2212.6],[2734.1,2212.2]]]}},{"type":"Feature","properties":{"id":"p:agua-dulce:844","n":3,"sc":"#00ff00","fc":"#00ff00"},"geometry":{"type":"LineString","coordinates":[[2733.1,2212.2],[2737.9,2212.2],[2737.0,2212.2],[2733.1,2212.2]]}},{"type":"Feature","properties":{"id":"p:agua-dulce:845","n":16,"sc":"#00ff00"},"geometry":{"type":"LineString","coordinates":[[2746.1,2201.4],[2745.2,2197.2],[2742.9,2193.7],[2739.5,2191.4],[2735.3,2190.6],[2731.1,2191.4],[2727.6,2193.7],[2725.3,2197.2],[2724.5,2201.4],[2725.3,2205.6],[2727.6,2209.0],[2731.1,2211.3],[2735.3,2212.2],[2739.5,2211.3],[2742.9,2209.0],[2745.2,2205.6],[2746.1,2201.4]]}},{"type":"Feature","properties":{"id":"p:agua-dulce:846","n":16,"sc":"#00ff00"},"geometry":{"type":"LineString","coordinates":[[2746.1,2201.4],[2745.2,2197.2],[2742.9,2193.7],[2739.5,2191.4],[2735.3,2190.6],[2731.1,2191.4],[2727.6,2193.7],[2725.3,2197.2],[2724.5,2201.4],[2725.3,2205.6],[2727.6,2209.0],[2731.1,2211.3],[2735.3,2212.2],[2739.5,2211.3],[2742.9,2209.0],[2745.2,2205.6],[2746.1,2201.4]]}},{"type":"Feature","properties":{"id":"p:agua-dulce:847","n":3,"sc":"#00ff00","fc":"#00ff00"},"geometry":{"type":"LineString","coordinates":[[2545.4,2125.8],[2546.4,2126.2],[2543.5,2126.2],[2545.4,2125.8]]}},{"type":"Feature","properties":{"id":"p:agua-dulce:848","n":6,"sc":"#00ff00","fc":"#00ff00"},"geometry":{"type":"MultiLineString","coordinates":[[[2546.4,2126.2],[2543.5,2126.2],[2547.8,2126.2],[2546.4,2126.2]],[[2543.5,2126.2],[2547.8,2126.2],[2542.6,2126.2],[2543.5,2126.2]]]}},{"type":"Feature","properties":{"id":"p:agua-dulce:849","n":6,"sc":"#00ff00","fc":"#00ff00"},"geometry":{"type":"MultiLineString","coordinates":[[[2547.8,2126.2],[2542.6,2126.2],[2548.3,2126.7],[2547.8,2126.2]],[[2542.6,2126.2],[2548.3,2126.7],[2541.6,2126.7],[2542.6,2126.2]]]}},{"type":"Feature","properties":{"id":"p:agua-dulce:850","n":6,"sc":"#00ff00","fc":"#00ff00"},"geometry":{"type":"MultiLineString","coordinates":[[[2548.3,2126.7],[2541.6,2126.7],[2549.8,2126.7],[2548.3,2126.7]],[[2541.6,2126.7],[2549.8,2126.7],[2540.6,2126.7],[2541.6,2126.7]]]}},{"type":"Feature","properties":{"id":"p:agua-dulce:851","n":6,"sc":"#00ff00","fc":"#00ff00"},"geometry":{"type":"MultiLineString","coordinates":[[[2549.8,2126.7],[2540.6,2126.7],[2550.2,2127.2],[2549.8,2126.7]],[[2540.6,2126.7],[2550.2,2127.2],[2539.7,2127.2],[2540.6,2126.7]]]}},{"type":"Feature","properties":{"id":"p:agua-dulce:852","n":6,"sc":"#00ff00","fc":"#00ff00"},"geometry":{"type":"MultiLineString","coordinates":[[[2550.2,2127.2],[2539.7,2127.2],[2551.2,2127.7],[2550.2,2127.2]],[[2539.7,2127.2],[2551.2,2127.7],[2538.7,2127.7],[2539.7,2127.2]]]}},{"type":"Feature","properties":{"id":"p:agua-dulce:853","n":6,"sc":"#00ff00","fc":"#00ff00"},"geometry":{"type":"MultiLineString","coordinates":[[[2551.2,2127.7],[2538.7,2127.7],[2552.2,2128.6],[2551.2,2127.7]],[[2538.7,2127.7],[2552.2,2128.6],[2538.2,2128.6],[2538.7,2127.7]]]}},{"type":"Feature","properties":{"id":"p:agua-dulce:854","n":6,"sc":"#00ff00","fc":"#00ff00"},"geometry":{"type":"MultiLineString","coordinates":[[[2552.2,2128.6],[2538.2,2128.6],[2553.1,2129.1],[2552.2,2128.6]],[[2538.2,2128.6],[2553.1,2129.1],[2537.3,2129.1],[2538.2,2128.6]]]}},{"type":"Feature","properties":{"id":"p:agua-dulce:855","n":6,"sc":"#00ff00","fc":"#00ff00"},"geometry":{"type":"MultiLineString","coordinates":[[[2553.1,2129.1],[2537.3,2129.1],[2553.6,2130.1],[2553.1,2129.1]],[[2537.3,2129.1],[2553.6,2130.1],[2536.8,2130.1],[2537.3,2129.1]]]}},{"type":"Feature","properties":{"id":"p:agua-dulce:856","n":6,"sc":"#00ff00","fc":"#00ff00"},"geometry":{"type":"MultiLineString","coordinates":[[[2553.6,2130.1],[2536.8,2130.1],[2554.1,2131.0],[2553.6,2130.1]],[[2536.8,2130.1],[2554.1,2131.0],[2535.8,2131.0],[2536.8,2130.1]]]}},{"type":"Feature","properties":{"id":"p:agua-dulce:857","n":6,"sc":"#00ff00","fc":"#00ff00"},"geometry":{"type":"MultiLineString","coordinates":[[[2554.1,2131.0],[2535.8,2131.0],[2554.6,2132],[2554.1,2131.0]],[[2535.8,2131.0],[2554.6,2132],[2535.4,2132],[2535.8,2131.0]]]}},{"type":"Feature","properties":{"id":"p:agua-dulce:858","n":6,"sc":"#00ff00","fc":"#00ff00"},"geometry":{"type":"MultiLineString","coordinates":[[[2554.6,2132],[2535.4,2132],[2555.0,2133.0],[2554.6,2132]],[[2535.4,2132],[2555.0,2133.0],[2534.9,2133.0],[2535.4,2132]]]}},{"type":"Feature","properties":{"id":"p:agua-dulce:859","n":6,"sc":"#00ff00","fc":"#00ff00"},"geometry":{"type":"MultiLineString","coordinates":[[[2555.0,2133.0],[2534.9,2133.0],[2555.5,2133.9],[2555.0,2133.0]],[[2534.9,2133.0],[2555.5,2133.9],[2534.9,2133.9],[2534.9,2133.0]]]}},{"type":"Feature","properties":{"id":"p:agua-dulce:860","n":6,"sc":"#00ff00","fc":"#00ff00"},"geometry":{"type":"MultiLineString","coordinates":[[[2555.5,2133.9],[2534.9,2133.9],[2556,2134.9],[2555.5,2133.9]],[[2534.9,2133.9],[2556,2134.9],[2534.4,2134.9],[2534.9,2133.9]]]}},{"type":"Feature","properties":{"id":"p:agua-dulce:861","n":6,"sc":"#00ff00","fc":"#00ff00"},"geometry":{"type":"MultiLineString","coordinates":[[[2556,2134.9],[2534.4,2134.9],[2556,2135.8],[2556,2134.9]],[[2534.4,2134.9],[2556,2135.8],[2534.4,2135.8],[2534.4,2134.9]]]}},{"type":"Feature","properties":{"id":"p:agua-dulce:862","n":6,"sc":"#00ff00","fc":"#00ff00"},"geometry":{"type":"MultiLineString","coordinates":[[[2556,2135.8],[2534.4,2135.8],[2556,2136.8],[2556,2135.8]],[[2534.4,2135.8],[2556,2136.8],[2534.4,2136.8],[2534.4,2135.8]]]}},{"type":"Feature","properties":{"id":"p:agua-dulce:863","n":6,"sc":"#00ff00","fc":"#00ff00"},"geometry":{"type":"MultiLineString","coordinates":[[[2556,2136.8],[2534.4,2136.8],[2556,2137.8],[2556,2136.8]],[[2534.4,2136.8],[2556,2137.8],[2534.4,2137.8],[2534.4,2136.8]]]}},{"type":"Feature","properties":{"id":"p:agua-dulce:864","n":6,"sc":"#00ff00","fc":"#00ff00"},"geometry":{"type":"MultiLineString","coordinates":[[[2556,2137.8],[2534.4,2137.8],[2556,2138.7],[2556,2137.8]],[[2534.4,2137.8],[2556,2138.7],[2534.4,2138.7],[2534.4,2137.8]]]}},{"type":"Feature","properties":{"id":"p:agua-dulce:865","n":6,"sc":"#00ff00","fc":"#00ff00"},"geometry":{"type":"MultiLineString","coordinates":[[[2556,2138.7],[2534.4,2138.7],[2555.5,2139.7],[2556,2138.7]],[[2534.4,2138.7],[2555.5,2139.7],[2534.9,2139.7],[2534.4,2138.7]]]}},{"type":"Feature","properties":{"id":"p:agua-dulce:866","n":6,"sc":"#00ff00","fc":"#00ff00"},"geometry":{"type":"MultiLineString","coordinates":[[[2555.5,2139.7],[2534.9,2139.7],[2555.0,2140.6],[2555.5,2139.7]],[[2534.9,2139.7],[2555.0,2140.6],[2534.9,2140.6],[2534.9,2139.7]]]}},{"type":"Feature","properties":{"id":"p:agua-dulce:867","n":6,"sc":"#00ff00","fc":"#00ff00"},"geometry":{"type":"MultiLineString","coordinates":[[[2555.0,2140.6],[2534.9,2140.6],[2554.6,2141.6],[2555.0,2140.6]],[[2534.9,2140.6],[2554.6,2141.6],[2535.4,2141.6],[2534.9,2140.6]]]}},{"type":"Feature","properties":{"id":"p:agua-dulce:868","n":6,"sc":"#00ff00","fc":"#00ff00"},"geometry":{"type":"MultiLineString","coordinates":[[[2554.6,2141.6],[2535.4,2141.6],[2554.1,2142.6],[2554.6,2141.6]],[[2535.4,2141.6],[2554.1,2142.6],[2535.8,2142.6],[2535.4,2141.6]]]}},{"type":"Feature","properties":{"id":"p:agua-dulce:869","n":6,"sc":"#00ff00","fc":"#00ff00"},"geometry":{"type":"MultiLineString","coordinates":[[[2554.1,2142.6],[2535.8,2142.6],[2553.6,2143.5],[2554.1,2142.6]],[[2535.8,2142.6],[2553.6,2143.5],[2536.8,2143.5],[2535.8,2142.6]]]}},{"type":"Feature","properties":{"id":"p:agua-dulce:870","n":6,"sc":"#00ff00","fc":"#00ff00"},"geometry":{"type":"MultiLineString","coordinates":[[[2553.6,2143.5],[2536.8,2143.5],[2553.1,2144.5],[2553.6,2143.5]],[[2536.8,2143.5],[2553.1,2144.5],[2537.3,2144.5],[2536.8,2143.5]]]}},{"type":"Feature","properties":{"id":"p:agua-dulce:871","n":6,"sc":"#00ff00","fc":"#00ff00"},"geometry":{"type":"MultiLineString","coordinates":[[[2553.1,2144.5],[2537.3,2144.5],[2552.2,2145.0],[2553.1,2144.5]],[[2537.3,2144.5],[2552.2,2145.0],[2538.2,2145.0],[2537.3,2144.5]]]}},{"type":"Feature","properties":{"id":"p:agua-dulce:872","n":6,"sc":"#00ff00","fc":"#00ff00"},"geometry":{"type":"MultiLineString","coordinates":[[[2552.2,2145.0],[2538.2,2145.0],[2551.2,2145.4],[2552.2,2145.0]],[[2538.2,2145.0],[2551.2,2145.4],[2538.7,2145.4],[2538.2,2145.0]]]}},{"type":"Feature","properties":{"id":"p:agua-dulce:873","n":6,"sc":"#00ff00","fc":"#00ff00"},"geometry":{"type":"MultiLineString","coordinates":[[[2551.2,2145.4],[2538.7,2145.4],[2550.2,2146.4],[2551.2,2145.4]],[[2538.7,2145.4],[2550.2,2146.4],[2539.7,2146.4],[2538.7,2145.4]]]}},{"type":"Feature","properties":{"id":"p:agua-dulce:874","n":6,"sc":"#00ff00","fc":"#00ff00"},"geometry":{"type":"MultiLineString","coordinates":[[[2550.2,2146.4],[2539.7,2146.4],[2549.8,2146.9],[2550.2,2146.4]],[[2539.7,2146.4],[2549.8,2146.9],[2540.6,2146.9],[2539.7,2146.4]]]}},{"type":"Feature","properties":{"id":"p:agua-dulce:875","n":6,"sc":"#00ff00","fc":"#00ff00"},"geometry":{"type":"MultiLineString","coordinates":[[[2549.8,2146.9],[2540.6,2146.9],[2548.3,2146.9],[2549.8,2146.9]],[[2540.6,2146.9],[2548.3,2146.9],[2541.6,2146.9],[2540.6,2146.9]]]}},{"type":"Feature","properties":{"id":"p:agua-dulce:876","n":6,"sc":"#00ff00","fc":"#00ff00"},"geometry":{"type":"MultiLineString","coordinates":[[[2548.3,2146.9],[2541.6,2146.9],[2547.8,2147.4],[2548.3,2146.9]],[[2541.6,2146.9],[2547.8,2147.4],[2542.6,2147.4],[2541.6,2146.9]]]}},{"type":"Feature","properties":{"id":"p:agua-dulce:877","n":6,"sc":"#00ff00","fc":"#00ff00"},"geometry":{"type":"MultiLineString","coordinates":[[[2542.6,2147.4],[2543.5,2147.4],[2546.4,2147.4],[2542.6,2147.4]],[[2543.5,2147.4],[2546.4,2147.4],[2545.4,2147.8],[2543.5,2147.4]]]}},{"type":"Feature","properties":{"id":"p:agua-dulce:878","n":3,"sc":"#00ff00","fc":"#00ff00"},"geometry":{"type":"LineString","coordinates":[[2542.6,2147.4],[2547.8,2147.4],[2546.4,2147.4],[2542.6,2147.4]]}},{"type":"Feature","properties":{"id":"p:agua-dulce:879","n":16,"sc":"#00ff00"},"geometry":{"type":"LineString","coordinates":[[2555.5,2136.6],[2554.7,2132.4],[2552.4,2128.9],[2548.9,2126.6],[2544.7,2125.8],[2540.5,2126.6],[2537.1,2128.9],[2534.8,2132.4],[2533.9,2136.6],[2534.8,2140.8],[2537.1,2144.2],[2540.5,2146.5],[2544.7,2147.4],[2548.9,2146.5],[2552.4,2144.2],[2554.7,2140.8],[2555.5,2136.6]]}},{"type":"Feature","properties":{"id":"p:agua-dulce:880","n":16,"sc":"#00ff00"},"geometry":{"type":"LineString","coordinates":[[2555.5,2136.6],[2554.7,2132.4],[2552.4,2128.9],[2548.9,2126.6],[2544.7,2125.8],[2540.5,2126.6],[2537.1,2128.9],[2534.8,2132.4],[2533.9,2136.6],[2534.8,2140.8],[2537.1,2144.2],[2540.5,2146.5],[2544.7,2147.4],[2548.9,2146.5],[2552.4,2144.2],[2554.7,2140.8],[2555.5,2136.6]]}},{"type":"Feature","properties":{"id":"p:agua-dulce:881","n":3,"sc":"#00ff00","fc":"#00ff00"},"geometry":{"type":"LineString","coordinates":[[2287.2,2686.4],[2287.7,2686.4],[2285.3,2686.4],[2287.2,2686.4]]}},{"type":"Feature","properties":{"id":"p:agua-dulce:882","n":6,"sc":"#00ff00","fc":"#00ff00"},"geometry":{"type":"MultiLineString","coordinates":[[[2287.7,2686.4],[2285.3,2686.4],[2289.1,2686.9],[2287.7,2686.4]],[[2285.3,2686.4],[2289.1,2686.9],[2284.3,2686.9],[2285.3,2686.4]]]}},{"type":"Feature","properties":{"id":"p:agua-dulce:883","n":6,"sc":"#00ff00","fc":"#00ff00"},"geometry":{"type":"MultiLineString","coordinates":[[[2289.1,2686.9],[2284.3,2686.9],[2290.1,2686.9],[2289.1,2686.9]],[[2284.3,2686.9],[2290.1,2686.9],[2282.9,2686.9],[2284.3,2686.9]]]}},{"type":"Feature","properties":{"id":"p:agua-dulce:884","n":6,"sc":"#00ff00","fc":"#00ff00"},"geometry":{"type":"MultiLineString","coordinates":[[[2290.1,2686.9],[2282.9,2686.9],[2291.0,2687.4],[2290.1,2686.9]],[[2282.9,2686.9],[2291.0,2687.4],[2282.4,2687.4],[2282.9,2686.9]]]}},{"type":"Feature","properties":{"id":"p:agua-dulce:885","n":6,"sc":"#00ff00","fc":"#00ff00"},"geometry":{"type":"MultiLineString","coordinates":[[[2291.0,2687.4],[2282.4,2687.4],[2292,2687.8],[2291.0,2687.4]],[[2282.4,2687.4],[2292,2687.8],[2281.4,2687.8],[2282.4,2687.4]]]}},{"type":"Feature","properties":{"id":"p:agua-dulce:886","n":6,"sc":"#00ff00","fc":"#00ff00"},"geometry":{"type":"MultiLineString","coordinates":[[[2292,2687.8],[2281.4,2687.8],[2293.0,2688.3],[2292,2687.8]],[[2281.4,2687.8],[2293.0,2688.3],[2280.5,2688.3],[2281.4,2687.8]]]}},{"type":"Feature","properties":{"id":"p:agua-dulce:887","n":6,"sc":"#00ff00","fc":"#00ff00"},"geometry":{"type":"MultiLineString","coordinates":[[[2293.0,2688.3],[2280.5,2688.3],[2293.9,2689.3],[2293.0,2688.3]],[[2280.5,2688.3],[2293.9,2689.3],[2279.5,2689.3],[2280.5,2688.3]]]}},{"type":"Feature","properties":{"id":"p:agua-dulce:888","n":6,"sc":"#00ff00","fc":"#00ff00"},"geometry":{"type":"MultiLineString","coordinates":[[[2293.9,2689.3],[2279.5,2689.3],[2294.4,2689.8],[2293.9,2689.3]],[[2279.5,2689.3],[2294.4,2689.8],[2279.0,2689.8],[2279.5,2689.3]]]}},{"type":"Feature","properties":{"id":"p:agua-dulce:889","n":6,"sc":"#00ff00","fc":"#00ff00"},"geometry":{"type":"MultiLineString","coordinates":[[[2294.4,2689.8],[2279.0,2689.8],[2295.4,2690.7],[2294.4,2689.8]],[[2279.0,2689.8],[2295.4,2690.7],[2278.1,2690.7],[2279.0,2689.8]]]}},{"type":"Feature","properties":{"id":"p:agua-dulce:890","n":6,"sc":"#00ff00","fc":"#00ff00"},"geometry":{"type":"MultiLineString","coordinates":[[[2295.4,2690.7],[2278.1,2690.7],[2295.8,2691.2],[2295.4,2690.7]],[[2278.1,2690.7],[2295.8,2691.2],[2277.6,2691.2],[2278.1,2690.7]]]}},{"type":"Feature","properties":{"id":"p:agua-dulce:891","n":6,"sc":"#00ff00","fc":"#00ff00"},"geometry":{"type":"MultiLineString","coordinates":[[[2295.8,2691.2],[2277.6,2691.2],[2296.3,2692.2],[2295.8,2691.2]],[[2277.6,2691.2],[2296.3,2692.2],[2277.1,2692.2],[2277.6,2691.2]]]}},{"type":"Feature","properties":{"id":"p:agua-dulce:892","n":6,"sc":"#00ff00","fc":"#00ff00"},"geometry":{"type":"MultiLineString","coordinates":[[[2296.3,2692.2],[2277.1,2692.2],[2296.8,2693.1],[2296.3,2692.2]],[[2277.1,2692.2],[2296.8,2693.1],[2276.6,2693.1],[2277.1,2692.2]]]}},{"type":"Feature","properties":{"id":"p:agua-dulce:893","n":6,"sc":"#00ff00","fc":"#00ff00"},"geometry":{"type":"MultiLineString","coordinates":[[[2296.8,2693.1],[2276.6,2693.1],[2296.8,2694.1],[2296.8,2693.1]],[[2276.6,2693.1],[2296.8,2694.1],[2276.2,2694.1],[2276.6,2693.1]]]}},{"type":"Feature","properties":{"id":"p:agua-dulce:894","n":6,"sc":"#00ff00","fc":"#00ff00"},"geometry":{"type":"MultiLineString","coordinates":[[[2296.8,2694.1],[2276.2,2694.1],[2297.3,2695.0],[2296.8,2694.1]],[[2276.2,2694.1],[2297.3,2695.0],[2276.2,2695.0],[2276.2,2694.1]]]}},{"type":"Feature","properties":{"id":"p:agua-dulce:895","n":6,"sc":"#00ff00","fc":"#00ff00"},"geometry":{"type":"MultiLineString","coordinates":[[[2297.3,2695.0],[2276.2,2695.0],[2297.3,2696.5],[2297.3,2695.0]],[[2276.2,2695.0],[2297.3,2696.5],[2275.7,2696.5],[2276.2,2695.0]]]}},{"type":"Feature","properties":{"id":"p:agua-dulce:896","n":6,"sc":"#00ff00","fc":"#00ff00"},"geometry":{"type":"MultiLineString","coordinates":[[[2297.3,2696.5],[2275.7,2696.5],[2297.8,2697.4],[2297.3,2696.5]],[[2275.7,2696.5],[2297.8,2697.4],[2275.7,2697.4],[2275.7,2696.5]]]}},{"type":"Feature","properties":{"id":"p:agua-dulce:897","n":6,"sc":"#00ff00","fc":"#00ff00"},"geometry":{"type":"MultiLineString","coordinates":[[[2297.8,2697.4],[2275.7,2697.4],[2297.3,2698.4],[2297.8,2697.4]],[[2275.7,2697.4],[2297.3,2698.4],[2275.7,2698.4],[2275.7,2697.4]]]}},{"type":"Feature","properties":{"id":"p:agua-dulce:898","n":6,"sc":"#00ff00","fc":"#00ff00"},"geometry":{"type":"MultiLineString","coordinates":[[[2297.3,2698.4],[2275.7,2698.4],[2297.3,2699.4],[2297.3,2698.4]],[[2275.7,2698.4],[2297.3,2699.4],[2276.2,2699.4],[2275.7,2698.4]]]}},{"type":"Feature","properties":{"id":"p:agua-dulce:899","n":6,"sc":"#00ff00","fc":"#00ff00"},"geometry":{"type":"MultiLineString","coordinates":[[[2297.3,2699.4],[2276.2,2699.4],[2296.8,2700.3],[2297.3,2699.4]],[[2276.2,2699.4],[2296.8,2700.3],[2276.2,2700.3],[2276.2,2699.4]]]}},{"type":"Feature","properties":{"id":"p:agua-dulce:900","n":6,"sc":"#00ff00","fc":"#00ff00"},"geometry":{"type":"MultiLineString","coordinates":[[[2296.8,2700.3],[2276.2,2700.3],[2296.8,2701.3],[2296.8,2700.3]],[[2276.2,2700.3],[2296.8,2701.3],[2276.6,2701.3],[2276.2,2700.3]]]}},{"type":"Feature","properties":{"id":"p:agua-dulce:901","n":6,"sc":"#00ff00","fc":"#00ff00"},"geometry":{"type":"MultiLineString","coordinates":[[[2296.8,2701.3],[2276.6,2701.3],[2296.3,2702.2],[2296.8,2701.3]],[[2276.6,2701.3],[2296.3,2702.2],[2277.1,2702.2],[2276.6,2701.3]]]}},{"type":"Feature","properties":{"id":"p:agua-dulce:902","n":6,"sc":"#00ff00","fc":"#00ff00"},"geometry":{"type":"MultiLineString","coordinates":[[[2296.3,2702.2],[2277.1,2702.2],[2295.8,2703.2],[2296.3,2702.2]],[[2277.1,2702.2],[2295.8,2703.2],[2277.6,2703.2],[2277.1,2702.2]]]}},{"type":"Feature","properties":{"id":"p:agua-dulce:903","n":6,"sc":"#00ff00","fc":"#00ff00"},"geometry":{"type":"MultiLineString","coordinates":[[[2295.8,2703.2],[2277.6,2703.2],[2295.4,2704.2],[2295.8,2703.2]],[[2277.6,2703.2],[2295.4,2704.2],[2278.1,2704.2],[2277.6,2703.2]]]}},{"type":"Feature","properties":{"id":"p:agua-dulce:904","n":6,"sc":"#00ff00","fc":"#00ff00"},"geometry":{"type":"MultiLineString","coordinates":[[[2295.4,2704.2],[2278.1,2704.2],[2294.4,2704.6],[2295.4,2704.2]],[[2278.1,2704.2],[2294.4,2704.6],[2279.0,2704.6],[2278.1,2704.2]]]}},{"type":"Feature","properties":{"id":"p:agua-dulce:905","n":6,"sc":"#00ff00","fc":"#00ff00"},"geometry":{"type":"MultiLineString","coordinates":[[[2294.4,2704.6],[2279.0,2704.6],[2293.9,2705.6],[2294.4,2704.6]],[[2279.0,2704.6],[2293.9,2705.6],[2279.5,2705.6],[2279.0,2704.6]]]}},{"type":"Feature","properties":{"id":"p:agua-dulce:906","n":6,"sc":"#00ff00","fc":"#00ff00"},"geometry":{"type":"MultiLineString","coordinates":[[[2293.9,2705.6],[2279.5,2705.6],[2293.0,2706.1],[2293.9,2705.6]],[[2279.5,2705.6],[2293.0,2706.1],[2280.5,2706.1],[2279.5,2705.6]]]}},{"type":"Feature","properties":{"id":"p:agua-dulce:907","n":6,"sc":"#00ff00","fc":"#00ff00"},"geometry":{"type":"MultiLineString","coordinates":[[[2293.0,2706.1],[2280.5,2706.1],[2292,2706.6],[2293.0,2706.1]],[[2280.5,2706.1],[2292,2706.6],[2281.4,2706.6],[2280.5,2706.1]]]}},{"type":"Feature","properties":{"id":"p:agua-dulce:908","n":6,"sc":"#00ff00","fc":"#00ff00"},"geometry":{"type":"MultiLineString","coordinates":[[[2292,2706.6],[2281.4,2706.6],[2291.0,2707.0],[2292,2706.6]],[[2281.4,2706.6],[2291.0,2707.0],[2282.4,2707.0],[2281.4,2706.6]]]}},{"type":"Feature","properties":{"id":"p:agua-dulce:909","n":6,"sc":"#00ff00","fc":"#00ff00"},"geometry":{"type":"MultiLineString","coordinates":[[[2291.0,2707.0],[2282.4,2707.0],[2290.1,2707.5],[2291.0,2707.0]],[[2282.4,2707.0],[2290.1,2707.5],[2282.9,2707.5],[2282.4,2707.0]]]}},{"type":"Feature","properties":{"id":"p:agua-dulce:910","n":6,"sc":"#00ff00","fc":"#00ff00"},"geometry":{"type":"MultiLineString","coordinates":[[[2290.1,2707.5],[2282.9,2707.5],[2289.1,2708],[2290.1,2707.5]],[[2282.9,2707.5],[2289.1,2708],[2284.3,2708],[2282.9,2707.5]]]}},{"type":"Feature","properties":{"id":"p:agua-dulce:911","n":6,"sc":"#00ff00","fc":"#00ff00"},"geometry":{"type":"MultiLineString","coordinates":[[[2284.3,2708],[2285.3,2708],[2287.7,2708],[2284.3,2708]],[[2285.3,2708],[2287.7,2708],[2287.2,2708],[2285.3,2708]]]}},{"type":"Feature","properties":{"id":"p:agua-dulce:912","n":3,"sc":"#00ff00","fc":"#00ff00"},"geometry":{"type":"LineString","coordinates":[[2284.3,2708],[2289.1,2708],[2287.7,2708],[2284.3,2708]]}},{"type":"Feature","properties":{"id":"p:agua-dulce:913","n":16,"sc":"#00ff00"},"geometry":{"type":"LineString","coordinates":[[2297.3,2697.2],[2296.4,2693.0],[2294.1,2689.6],[2290.7,2687.2],[2286.5,2686.4],[2282.3,2687.2],[2278.8,2689.6],[2276.5,2693.0],[2275.7,2697.2],[2276.5,2701.4],[2278.8,2704.8],[2282.3,2707.2],[2286.5,2708],[2290.7,2707.2],[2294.1,2704.8],[2296.4,2701.4],[2297.3,2697.2]]}},{"type":"Feature","properties":{"id":"p:agua-dulce:914","n":3,"sc":"#00ff00","fc":"#00ff00"},"geometry":{"type":"LineString","coordinates":[[2262.7,2686.4],[2263.2,2686.4],[2260.8,2686.4],[2262.7,2686.4]]}},{"type":"Feature","properties":{"id":"p:agua-dulce:915","n":6,"sc":"#00ff00","fc":"#00ff00"},"geometry":{"type":"MultiLineString","coordinates":[[[2263.2,2686.4],[2260.8,2686.4],[2264.6,2686.9],[2263.2,2686.4]],[[2260.8,2686.4],[2264.6,2686.9],[2259.8,2686.9],[2260.8,2686.4]]]}},{"type":"Feature","properties":{"id":"p:agua-dulce:916","n":6,"sc":"#00ff00","fc":"#00ff00"},"geometry":{"type":"MultiLineString","coordinates":[[[2264.6,2686.9],[2259.8,2686.9],[2265.6,2686.9],[2264.6,2686.9]],[[2259.8,2686.9],[2265.6,2686.9],[2258.4,2686.9],[2259.8,2686.9]]]}},{"type":"Feature","properties":{"id":"p:agua-dulce:917","n":6,"sc":"#00ff00","fc":"#00ff00"},"geometry":{"type":"MultiLineString","coordinates":[[[2265.6,2686.9],[2258.4,2686.9],[2266.6,2687.4],[2265.6,2686.9]],[[2258.4,2686.9],[2266.6,2687.4],[2257.9,2687.4],[2258.4,2686.9]]]}},{"type":"Feature","properties":{"id":"p:agua-dulce:918","n":6,"sc":"#00ff00","fc":"#00ff00"},"geometry":{"type":"MultiLineString","coordinates":[[[2266.6,2687.4],[2257.9,2687.4],[2267.5,2687.8],[2266.6,2687.4]],[[2257.9,2687.4],[2267.5,2687.8],[2257.0,2687.8],[2257.9,2687.4]]]}},{"type":"Feature","properties":{"id":"p:agua-dulce:919","n":6,"sc":"#00ff00","fc":"#00ff00"},"geometry":{"type":"MultiLineString","coordinates":[[[2267.5,2687.8],[2257.0,2687.8],[2268.5,2688.3],[2267.5,2687.8]],[[2257.0,2687.8],[2268.5,2688.3],[2256,2688.3],[2257.0,2687.8]]]}},{"type":"Feature","properties":{"id":"p:agua-dulce:920","n":6,"sc":"#00ff00","fc":"#00ff00"},"geometry":{"type":"MultiLineString","coordinates":[[[2268.5,2688.3],[2256,2688.3],[2269.4,2689.3],[2268.5,2688.3]],[[2256,2688.3],[2269.4,2689.3],[2255.0,2689.3],[2256,2688.3]]]}},{"type":"Feature","properties":{"id":"p:agua-dulce:921","n":6,"sc":"#00ff00","fc":"#00ff00"},"geometry":{"type":"MultiLineString","coordinates":[[[2269.4,2689.3],[2255.0,2689.3],[2269.9,2689.8],[2269.4,2689.3]],[[2255.0,2689.3],[2269.9,2689.8],[2254.6,2689.8],[2255.0,2689.3]]]}},{"type":"Feature","properties":{"id":"p:agua-dulce:922","n":6,"sc":"#00ff00","fc":"#00ff00"},"geometry":{"type":"MultiLineString","coordinates":[[[2269.9,2689.8],[2254.6,2689.8],[2270.9,2690.7],[2269.9,2689.8]],[[2254.6,2689.8],[2270.9,2690.7],[2253.6,2690.7],[2254.6,2689.8]]]}},{"type":"Feature","properties":{"id":"p:agua-dulce:923","n":6,"sc":"#00ff00","fc":"#00ff00"},"geometry":{"type":"MultiLineString","coordinates":[[[2270.9,2690.7],[2253.6,2690.7],[2271.4,2691.2],[2270.9,2690.7]],[[2253.6,2690.7],[2271.4,2691.2],[2253.1,2691.2],[2253.6,2690.7]]]}},{"type":"Feature","properties":{"id":"p:agua-dulce:924","n":6,"sc":"#00ff00","fc":"#00ff00"},"geometry":{"type":"MultiLineString","coordinates":[[[2271.4,2691.2],[2253.1,2691.2],[2271.8,2692.2],[2271.4,2691.2]],[[2253.1,2691.2],[2271.8,2692.2],[2252.6,2692.2],[2253.1,2691.2]]]}},{"type":"Feature","properties":{"id":"p:agua-dulce:925","n":6,"sc":"#00ff00","fc":"#00ff00"},"geometry":{"type":"MultiLineString","coordinates":[[[2271.8,2692.2],[2252.6,2692.2],[2272.3,2693.1],[2271.8,2692.2]],[[2252.6,2692.2],[2272.3,2693.1],[2252.2,2693.1],[2252.6,2692.2]]]}},{"type":"Feature","properties":{"id":"p:agua-dulce:926","n":6,"sc":"#00ff00","fc":"#00ff00"},"geometry":{"type":"MultiLineString","coordinates":[[[2272.3,2693.1],[2252.2,2693.1],[2272.8,2694.1],[2272.3,2693.1]],[[2252.2,2693.1],[2272.8,2694.1],[2251.7,2694.1],[2252.2,2693.1]]]}},{"type":"Feature","properties":{"id":"p:agua-dulce:927","n":6,"sc":"#00ff00","fc":"#00ff00"},"geometry":{"type":"MultiLineString","coordinates":[[[2272.8,2694.1],[2251.7,2694.1],[2272.8,2695.0],[2272.8,2694.1]],[[2251.7,2694.1],[2272.8,2695.0],[2251.7,2695.0],[2251.7,2694.1]]]}},{"type":"Feature","properties":{"id":"p:agua-dulce:928","n":6,"sc":"#00ff00","fc":"#00ff00"},"geometry":{"type":"MultiLineString","coordinates":[[[2272.8,2695.0],[2251.7,2695.0],[2272.8,2696.5],[2272.8,2695.0]],[[2251.7,2695.0],[2272.8,2696.5],[2251.2,2696.5],[2251.7,2695.0]]]}},{"type":"Feature","properties":{"id":"p:agua-dulce:929","n":6,"sc":"#00ff00","fc":"#00ff00"},"geometry":{"type":"MultiLineString","coordinates":[[[2272.8,2696.5],[2251.2,2696.5],[2273.3,2697.4],[2272.8,2696.5]],[[2251.2,2696.5],[2273.3,2697.4],[2251.2,2697.4],[2251.2,2696.5]]]}},{"type":"Feature","properties":{"id":"p:agua-dulce:930","n":6,"sc":"#00ff00","fc":"#00ff00"},"geometry":{"type":"MultiLineString","coordinates":[[[2273.3,2697.4],[2251.2,2697.4],[2272.8,2698.4],[2273.3,2697.4]],[[2251.2,2697.4],[2272.8,2698.4],[2251.2,2698.4],[2251.2,2697.4]]]}},{"type":"Feature","properties":{"id":"p:agua-dulce:931","n":6,"sc":"#00ff00","fc":"#00ff00"},"geometry":{"type":"MultiLineString","coordinates":[[[2272.8,2698.4],[2251.2,2698.4],[2272.8,2699.4],[2272.8,2698.4]],[[2251.2,2698.4],[2272.8,2699.4],[2251.7,2699.4],[2251.2,2698.4]]]}},{"type":"Feature","properties":{"id":"p:agua-dulce:932","n":6,"sc":"#00ff00","fc":"#00ff00"},"geometry":{"type":"MultiLineString","coordinates":[[[2272.8,2699.4],[2251.7,2699.4],[2272.8,2700.3],[2272.8,2699.4]],[[2251.7,2699.4],[2272.8,2700.3],[2251.7,2700.3],[2251.7,2699.4]]]}},{"type":"Feature","properties":{"id":"p:agua-dulce:933","n":6,"sc":"#00ff00","fc":"#00ff00"},"geometry":{"type":"MultiLineString","coordinates":[[[2272.8,2700.3],[2251.7,2700.3],[2272.3,2701.3],[2272.8,2700.3]],[[2251.7,2700.3],[2272.3,2701.3],[2252.2,2701.3],[2251.7,2700.3]]]}},{"type":"Feature","properties":{"id":"p:agua-dulce:934","n":6,"sc":"#00ff00","fc":"#00ff00"},"geometry":{"type":"MultiLineString","coordinates":[[[2272.3,2701.3],[2252.2,2701.3],[2271.8,2702.2],[2272.3,2701.3]],[[2252.2,2701.3],[2271.8,2702.2],[2252.6,2702.2],[2252.2,2701.3]]]}},{"type":"Feature","properties":{"id":"p:agua-dulce:935","n":6,"sc":"#00ff00","fc":"#00ff00"},"geometry":{"type":"MultiLineString","coordinates":[[[2271.8,2702.2],[2252.6,2702.2],[2271.4,2703.2],[2271.8,2702.2]],[[2252.6,2702.2],[2271.4,2703.2],[2253.1,2703.2],[2252.6,2702.2]]]}},{"type":"Feature","properties":{"id":"p:agua-dulce:936","n":6,"sc":"#00ff00","fc":"#00ff00"},"geometry":{"type":"MultiLineString","coordinates":[[[2271.4,2703.2],[2253.1,2703.2],[2270.9,2704.2],[2271.4,2703.2]],[[2253.1,2703.2],[2270.9,2704.2],[2253.6,2704.2],[2253.1,2703.2]]]}},{"type":"Feature","properties":{"id":"p:agua-dulce:937","n":6,"sc":"#00ff00","fc":"#00ff00"},"geometry":{"type":"MultiLineString","coordinates":[[[2270.9,2704.2],[2253.6,2704.2],[2269.9,2704.6],[2270.9,2704.2]],[[2253.6,2704.2],[2269.9,2704.6],[2254.6,2704.6],[2253.6,2704.2]]]}},{"type":"Feature","properties":{"id":"p:agua-dulce:938","n":6,"sc":"#00ff00","fc":"#00ff00"},"geometry":{"type":"MultiLineString","coordinates":[[[2269.9,2704.6],[2254.6,2704.6],[2269.4,2705.6],[2269.9,2704.6]],[[2254.6,2704.6],[2269.4,2705.6],[2255.0,2705.6],[2254.6,2704.6]]]}},{"type":"Feature","properties":{"id":"p:agua-dulce:939","n":6,"sc":"#00ff00","fc":"#00ff00"},"geometry":{"type":"MultiLineString","coordinates":[[[2269.4,2705.6],[2255.0,2705.6],[2268.5,2706.1],[2269.4,2705.6]],[[2255.0,2705.6],[2268.5,2706.1],[2256,2706.1],[2255.0,2705.6]]]}},{"type":"Feature","properties":{"id":"p:agua-dulce:940","n":6,"sc":"#00ff00","fc":"#00ff00"},"geometry":{"type":"MultiLineString","coordinates":[[[2268.5,2706.1],[2256,2706.1],[2267.5,2706.6],[2268.5,2706.1]],[[2256,2706.1],[2267.5,2706.6],[2257.0,2706.6],[2256,2706.1]]]}},{"type":"Feature","properties":{"id":"p:agua-dulce:941","n":6,"sc":"#00ff00","fc":"#00ff00"},"geometry":{"type":"MultiLineString","coordinates":[[[2267.5,2706.6],[2257.0,2706.6],[2266.6,2707.0],[2267.5,2706.6]],[[2257.0,2706.6],[2266.6,2707.0],[2257.9,2707.0],[2257.0,2706.6]]]}},{"type":"Feature","properties":{"id":"p:agua-dulce:942","n":6,"sc":"#00ff00","fc":"#00ff00"},"geometry":{"type":"MultiLineString","coordinates":[[[2266.6,2707.0],[2257.9,2707.0],[2265.6,2707.5],[2266.6,2707.0]],[[2257.9,2707.0],[2265.6,2707.5],[2258.4,2707.5],[2257.9,2707.0]]]}},{"type":"Feature","properties":{"id":"p:agua-dulce:943","n":6,"sc":"#00ff00","fc":"#00ff00"},"geometry":{"type":"MultiLineString","coordinates":[[[2265.6,2707.5],[2258.4,2707.5],[2264.6,2708],[2265.6,2707.5]],[[2258.4,2707.5],[2264.6,2708],[2259.8,2708],[2258.4,2707.5]]]}},{"type":"Feature","properties":{"id":"p:agua-dulce:944","n":6,"sc":"#00ff00","fc":"#00ff00"},"geometry":{"type":"MultiLineString","coordinates":[[[2259.8,2708],[2260.8,2708],[2263.2,2708],[2259.8,2708]],[[2260.8,2708],[2263.2,2708],[2262.7,2708],[2260.8,2708]]]}},{"type":"Feature","properties":{"id":"p:agua-dulce:945","n":3,"sc":"#00ff00","fc":"#00ff00"},"geometry":{"type":"LineString","coordinates":[[2259.8,2708],[2264.6,2708],[2263.2,2708],[2259.8,2708]]}},{"type":"Feature","properties":{"id":"p:agua-dulce:946","n":16,"sc":"#00ff00"},"geometry":{"type":"LineString","coordinates":[[2272.8,2697.2],[2272.0,2693.0],[2269.6,2689.6],[2266.2,2687.2],[2262,2686.4],[2257.8,2687.2],[2254.4,2689.6],[2252.0,2693.0],[2251.2,2697.2],[2252.0,2701.4],[2254.4,2704.8],[2257.8,2707.2],[2262,2708],[2266.2,2707.2],[2269.6,2704.8],[2272.0,2701.4],[2272.8,2697.2]]}},{"type":"Feature","properties":{"id":"p:agua-dulce:947","n":3,"sc":"#00ff00","fc":"#00ff00"},"geometry":{"type":"LineString","coordinates":[[2301.1,2016.8],[2301.6,2017.3],[2298.7,2017.3],[2301.1,2016.8]]}},{"type":"Feature","properties":{"id":"p:agua-dulce:948","n":6,"sc":"#00ff00","fc":"#00ff00"},"geometry":{"type":"MultiLineString","coordinates":[[[2301.6,2017.3],[2298.7,2017.3],[2303.0,2017.3],[2301.6,2017.3]],[[2298.7,2017.3],[2303.0,2017.3],[2298.2,2017.3],[2298.7,2017.3]]]}},{"type":"Feature","properties":{"id":"p:agua-dulce:949","n":6,"sc":"#00ff00","fc":"#00ff00"},"geometry":{"type":"MultiLineString","coordinates":[[[2303.0,2017.3],[2298.2,2017.3],[2304,2017.8],[2303.0,2017.3]],[[2298.2,2017.3],[2304,2017.8],[2296.8,2017.8],[2298.2,2017.3]]]}},{"type":"Feature","properties":{"id":"p:agua-dulce:950","n":6,"sc":"#00ff00","fc":"#00ff00"},"geometry":{"type":"MultiLineString","coordinates":[[[2304,2017.8],[2296.8,2017.8],[2305.0,2017.8],[2304,2017.8]],[[2296.8,2017.8],[2305.0,2017.8],[2295.8,2017.8],[2296.8,2017.8]]]}},{"type":"Feature","properties":{"id":"p:agua-dulce:951","n":6,"sc":"#00ff00","fc":"#00ff00"},"geometry":{"type":"MultiLineString","coordinates":[[[2305.0,2017.8],[2295.8,2017.8],[2305.9,2018.2],[2305.0,2017.8]],[[2295.8,2017.8],[2305.9,2018.2],[2294.9,2018.2],[2295.8,2017.8]]]}},{"type":"Feature","properties":{"id":"p:agua-dulce:952","n":6,"sc":"#00ff00","fc":"#00ff00"},"geometry":{"type":"MultiLineString","coordinates":[[[2305.9,2018.2],[2294.9,2018.2],[2306.9,2019.2],[2305.9,2018.2]],[[2294.9,2018.2],[2306.9,2019.2],[2294.4,2019.2],[2294.9,2018.2]]]}},{"type":"Feature","properties":{"id":"p:agua-dulce:953","n":6,"sc":"#00ff00","fc":"#00ff00"},"geometry":{"type":"MultiLineString","coordinates":[[[2306.9,2019.2],[2294.4,2019.2],[2307.4,2019.7],[2306.9,2019.2]],[[2294.4,2019.2],[2307.4,2019.7],[2293.4,2019.7],[2294.4,2019.2]]]}},{"type":"Feature","properties":{"id":"p:agua-dulce:954","n":6,"sc":"#00ff00","fc":"#00ff00"},"geometry":{"type":"MultiLineString","coordinates":[[[2307.4,2019.7],[2293.4,2019.7],[2308.3,2020.2],[2307.4,2019.7]],[[2293.4,2019.7],[2308.3,2020.2],[2292.5,2020.2],[2293.4,2019.7]]]}},{"type":"Feature","properties":{"id":"p:agua-dulce:955","n":6,"sc":"#00ff00","fc":"#00ff00"},"geometry":{"type":"MultiLineString","coordinates":[[[2308.3,2020.2],[2292.5,2020.2],[2308.8,2021.1],[2308.3,2020.2]],[[2292.5,2020.2],[2308.8,2021.1],[2292,2021.1],[2292.5,2020.2]]]}},{"type":"Feature","properties":{"id":"p:agua-dulce:956","n":6,"sc":"#00ff00","fc":"#00ff00"},"geometry":{"type":"MultiLineString","coordinates":[[[2308.8,2021.1],[2292,2021.1],[2309.8,2022.1],[2308.8,2021.1]],[[2292,2021.1],[2309.8,2022.1],[2291.5,2022.1],[2292,2021.1]]]}},{"type":"Feature","properties":{"id":"p:agua-dulce:957","n":6,"sc":"#00ff00","fc":"#00ff00"},"geometry":{"type":"MultiLineString","coordinates":[[[2309.8,2022.1],[2291.5,2022.1],[2310.2,2023.0],[2309.8,2022.1]],[[2291.5,2022.1],[2310.2,2023.0],[2290.6,2023.0],[2291.5,2022.1]]]}},{"type":"Feature","properties":{"id":"p:agua-dulce:958","n":6,"sc":"#00ff00","fc":"#00ff00"},"geometry":{"type":"MultiLineString","coordinates":[[[2310.2,2023.0],[2290.6,2023.0],[2310.7,2024],[2310.2,2023.0]],[[2290.6,2023.0],[2310.7,2024],[2290.6,2024],[2290.6,2023.0]]]}},{"type":"Feature","properties":{"id":"p:agua-dulce:959","n":6,"sc":"#00ff00","fc":"#00ff00"},"geometry":{"type":"MultiLineString","coordinates":[[[2310.7,2024],[2290.6,2024],[2310.7,2025.0],[2310.7,2024]],[[2290.6,2024],[2310.7,2025.0],[2290.1,2025.0],[2290.6,2024]]]}},{"type":"Feature","properties":{"id":"p:agua-dulce:960","n":6,"sc":"#00ff00","fc":"#00ff00"},"geometry":{"type":"MultiLineString","coordinates":[[[2310.7,2025.0],[2290.1,2025.0],[2311.2,2025.9],[2310.7,2025.0]],[[2290.1,2025.0],[2311.2,2025.9],[2289.6,2025.9],[2290.1,2025.0]]]}},{"type":"Feature","properties":{"id":"p:agua-dulce:961","n":6,"sc":"#00ff00","fc":"#00ff00"},"geometry":{"type":"MultiLineString","coordinates":[[[2311.2,2025.9],[2289.6,2025.9],[2311.2,2026.9],[2311.2,2025.9]],[[2289.6,2025.9],[2311.2,2026.9],[2289.6,2026.9],[2289.6,2025.9]]]}},{"type":"Feature","properties":{"id":"p:agua-dulce:962","n":6,"sc":"#00ff00","fc":"#00ff00"},"geometry":{"type":"MultiLineString","coordinates":[[[2311.2,2026.9],[2289.6,2026.9],[2311.2,2027.8],[2311.2,2026.9]],[[2289.6,2026.9],[2311.2,2027.8],[2289.6,2027.8],[2289.6,2026.9]]]}},{"type":"Feature","properties":{"id":"p:agua-dulce:963","n":6,"sc":"#00ff00","fc":"#00ff00"},"geometry":{"type":"MultiLineString","coordinates":[[[2311.2,2027.8],[2289.6,2027.8],[2311.2,2028.8],[2311.2,2027.8]],[[2289.6,2027.8],[2311.2,2028.8],[2289.6,2028.8],[2289.6,2027.8]]]}},{"type":"Feature","properties":{"id":"p:agua-dulce:964","n":6,"sc":"#00ff00","fc":"#00ff00"},"geometry":{"type":"MultiLineString","coordinates":[[[2311.2,2028.8],[2289.6,2028.8],[2311.2,2029.8],[2311.2,2028.8]],[[2289.6,2028.8],[2311.2,2029.8],[2289.6,2029.8],[2289.6,2028.8]]]}},{"type":"Feature","properties":{"id":"p:agua-dulce:965","n":6,"sc":"#00ff00","fc":"#00ff00"},"geometry":{"type":"MultiLineString","coordinates":[[[2311.2,2029.8],[2289.6,2029.8],[2310.7,2030.7],[2311.2,2029.8]],[[2289.6,2029.8],[2310.7,2030.7],[2290.1,2030.7],[2289.6,2029.8]]]}},{"type":"Feature","properties":{"id":"p:agua-dulce:966","n":6,"sc":"#00ff00","fc":"#00ff00"},"geometry":{"type":"MultiLineString","coordinates":[[[2310.7,2030.7],[2290.1,2030.7],[2310.7,2031.7],[2310.7,2030.7]],[[2290.1,2030.7],[2310.7,2031.7],[2290.6,2031.7],[2290.1,2030.7]]]}},{"type":"Feature","properties":{"id":"p:agua-dulce:967","n":6,"sc":"#00ff00","fc":"#00ff00"},"geometry":{"type":"MultiLineString","coordinates":[[[2310.7,2031.7],[2290.6,2031.7],[2310.2,2032.6],[2310.7,2031.7]],[[2290.6,2031.7],[2310.2,2032.6],[2290.6,2032.6],[2290.6,2031.7]]]}},{"type":"Feature","properties":{"id":"p:agua-dulce:968","n":6,"sc":"#00ff00","fc":"#00ff00"},"geometry":{"type":"MultiLineString","coordinates":[[[2310.2,2032.6],[2290.6,2032.6],[2309.8,2033.6],[2310.2,2032.6]],[[2290.6,2032.6],[2309.8,2033.6],[2291.5,2033.6],[2290.6,2032.6]]]}},{"type":"Feature","properties":{"id":"p:agua-dulce:969","n":6,"sc":"#00ff00","fc":"#00ff00"},"geometry":{"type":"MultiLineString","coordinates":[[[2309.8,2033.6],[2291.5,2033.6],[2308.8,2034.6],[2309.8,2033.6]],[[2291.5,2033.6],[2308.8,2034.6],[2292,2034.6],[2291.5,2033.6]]]}},{"type":"Feature","properties":{"id":"p:agua-dulce:970","n":6,"sc":"#00ff00","fc":"#00ff00"},"geometry":{"type":"MultiLineString","coordinates":[[[2308.8,2034.6],[2292,2034.6],[2308.3,2035.5],[2308.8,2034.6]],[[2292,2034.6],[2308.3,2035.5],[2292.5,2035.5],[2292,2034.6]]]}},{"type":"Feature","properties":{"id":"p:agua-dulce:971","n":6,"sc":"#00ff00","fc":"#00ff00"},"geometry":{"type":"MultiLineString","coordinates":[[[2308.3,2035.5],[2292.5,2035.5],[2307.4,2036],[2308.3,2035.5]],[[2292.5,2035.5],[2307.4,2036],[2293.4,2036],[2292.5,2035.5]]]}},{"type":"Feature","properties":{"id":"p:agua-dulce:972","n":6,"sc":"#00ff00","fc":"#00ff00"},"geometry":{"type":"MultiLineString","coordinates":[[[2307.4,2036],[2293.4,2036],[2306.9,2037.0],[2307.4,2036]],[[2293.4,2036],[2306.9,2037.0],[2294.4,2037.0],[2293.4,2036]]]}},{"type":"Feature","properties":{"id":"p:agua-dulce:973","n":6,"sc":"#00ff00","fc":"#00ff00"},"geometry":{"type":"MultiLineString","coordinates":[[[2306.9,2037.0],[2294.4,2037.0],[2305.9,2037.4],[2306.9,2037.0]],[[2294.4,2037.0],[2305.9,2037.4],[2294.9,2037.4],[2294.4,2037.0]]]}},{"type":"Feature","properties":{"id":"p:agua-dulce:974","n":6,"sc":"#00ff00","fc":"#00ff00"},"geometry":{"type":"MultiLineString","coordinates":[[[2305.9,2037.4],[2294.9,2037.4],[2305.0,2037.9],[2305.9,2037.4]],[[2294.9,2037.4],[2305.0,2037.9],[2295.8,2037.9],[2294.9,2037.4]]]}},{"type":"Feature","properties":{"id":"p:agua-dulce:975","n":6,"sc":"#00ff00","fc":"#00ff00"},"geometry":{"type":"MultiLineString","coordinates":[[[2305.0,2037.9],[2295.8,2037.9],[2304,2037.9],[2305.0,2037.9]],[[2295.8,2037.9],[2304,2037.9],[2296.8,2037.9],[2295.8,2037.9]]]}},{"type":"Feature","properties":{"id":"p:agua-dulce:976","n":6,"sc":"#00ff00","fc":"#00ff00"},"geometry":{"type":"MultiLineString","coordinates":[[[2304,2037.9],[2296.8,2037.9],[2303.0,2038.4],[2304,2037.9]],[[2296.8,2037.9],[2303.0,2038.4],[2298.2,2038.4],[2296.8,2037.9]]]}},{"type":"Feature","properties":{"id":"p:agua-dulce:977","n":6,"sc":"#00ff00","fc":"#00ff00"},"geometry":{"type":"MultiLineString","coordinates":[[[2298.2,2038.4],[2298.7,2038.4],[2301.6,2038.4],[2298.2,2038.4]],[[2298.7,2038.4],[2301.6,2038.4],[2301.1,2038.9],[2298.7,2038.4]]]}},{"type":"Feature","properties":{"id":"p:agua-dulce:978","n":3,"sc":"#00ff00","fc":"#00ff00"},"geometry":{"type":"LineString","coordinates":[[2298.2,2038.4],[2303.0,2038.4],[2301.6,2038.4],[2298.2,2038.4]]}},{"type":"Feature","properties":{"id":"p:agua-dulce:979","n":16,"sc":"#00ff00"},"geometry":{"type":"LineString","coordinates":[[2311.2,2027.6],[2310.4,2023.4],[2308.0,2020.0],[2304.6,2017.6],[2300.4,2016.8],[2296.2,2017.6],[2292.8,2020.0],[2290.4,2023.4],[2289.6,2027.6],[2290.4,2031.8],[2292.8,2035.2],[2296.2,2037.6],[2300.4,2038.4],[2304.6,2037.6],[2308.0,2035.2],[2310.4,2031.8],[2311.2,2027.6]]}},{"type":"Feature","properties":{"id":"p:agua-dulce:980","n":16,"sc":"#00ff00"},"geometry":{"type":"LineString","coordinates":[[4153.4,1335.9],[4152.6,1331.7],[4150.3,1328.3],[4146.8,1326.0],[4142.6,1325.1],[4138.4,1326.0],[4135.0,1328.3],[4132.7,1331.7],[4131.8,1335.9],[4132.7,1340.1],[4135.0,1343.6],[4138.4,1345.9],[4142.6,1346.7],[4146.8,1345.9],[4150.3,1343.6],[4152.6,1340.1],[4153.4,1335.9]]}},{"type":"Feature","properties":{"id":"p:agua-dulce:981","n":3,"sc":"#00ff00","fc":"#00ff00"},"geometry":{"type":"LineString","coordinates":[[3905.8,1679.4],[3906.2,1679.4],[3903.8,1679.4],[3905.8,1679.4]]}},{"type":"Feature","properties":{"id":"p:agua-dulce:982","n":6,"sc":"#00ff00","fc":"#00ff00"},"geometry":{"type":"MultiLineString","coordinates":[[[3906.2,1679.4],[3903.8,1679.4],[3907.7,1679.8],[3906.2,1679.4]],[[3903.8,1679.4],[3907.7,1679.8],[3902.9,1679.8],[3903.8,1679.4]]]}},{"type":"Feature","properties":{"id":"p:agua-dulce:983","n":6,"sc":"#00ff00","fc":"#00ff00"},"geometry":{"type":"MultiLineString","coordinates":[[[3907.7,1679.8],[3902.9,1679.8],[3908.6,1679.8],[3907.7,1679.8]],[[3902.9,1679.8],[3908.6,1679.8],[3901.9,1679.8],[3902.9,1679.8]]]}},{"type":"Feature","properties":{"id":"p:agua-dulce:984","n":6,"sc":"#00ff00","fc":"#00ff00"},"geometry":{"type":"MultiLineString","coordinates":[[[3908.6,1679.8],[3901.9,1679.8],[3909.6,1680.3],[3908.6,1679.8]],[[3901.9,1679.8],[3909.6,1680.3],[3901.0,1680.3],[3901.9,1679.8]]]}},{"type":"Feature","properties":{"id":"p:agua-dulce:985","n":6,"sc":"#00ff00","fc":"#00ff00"},"geometry":{"type":"MultiLineString","coordinates":[[[3909.6,1680.3],[3901.0,1680.3],[3910.6,1680.8],[3909.6,1680.3]],[[3901.0,1680.3],[3910.6,1680.8],[3900,1680.8],[3901.0,1680.3]]]}},{"type":"Feature","properties":{"id":"p:agua-dulce:986","n":6,"sc":"#00ff00","fc":"#00ff00"},"geometry":{"type":"MultiLineString","coordinates":[[[3910.6,1680.8],[3900,1680.8],[3911.5,1681.3],[3910.6,1680.8]],[[3900,1680.8],[3911.5,1681.3],[3899.0,1681.3],[3900,1680.8]]]}},{"type":"Feature","properties":{"id":"p:agua-dulce:987","n":6,"sc":"#00ff00","fc":"#00ff00"},"geometry":{"type":"MultiLineString","coordinates":[[[3911.5,1681.3],[3899.0,1681.3],[3912.5,1681.8],[3911.5,1681.3]],[[3899.0,1681.3],[3912.5,1681.8],[3898.1,1681.8],[3899.0,1681.3]]]}},{"type":"Feature","properties":{"id":"p:agua-dulce:988","n":6,"sc":"#00ff00","fc":"#00ff00"},"geometry":{"type":"MultiLineString","coordinates":[[[3912.5,1681.8],[3898.1,1681.8],[3913.0,1682.7],[3912.5,1681.8]],[[3898.1,1681.8],[3913.0,1682.7],[3897.6,1682.7],[3898.1,1681.8]]]}},{"type":"Feature","properties":{"id":"p:agua-dulce:989","n":6,"sc":"#00ff00","fc":"#00ff00"},"geometry":{"type":"MultiLineString","coordinates":[[[3913.0,1682.7],[3897.6,1682.7],[3913.9,1683.7],[3913.0,1682.7]],[[3897.6,1682.7],[3913.9,1683.7],[3896.6,1683.7],[3897.6,1682.7]]]}},{"type":"Feature","properties":{"id":"p:agua-dulce:990","n":6,"sc":"#00ff00","fc":"#00ff00"},"geometry":{"type":"MultiLineString","coordinates":[[[3913.9,1683.7],[3896.6,1683.7],[3914.4,1684.2],[3913.9,1683.7]],[[3896.6,1683.7],[3914.4,1684.2],[3896.2,1684.2],[3896.6,1683.7]]]}},{"type":"Feature","properties":{"id":"p:agua-dulce:991","n":6,"sc":"#00ff00","fc":"#00ff00"},"geometry":{"type":"MultiLineString","coordinates":[[[3914.4,1684.2],[3896.2,1684.2],[3914.9,1685.1],[3914.4,1684.2]],[[3896.2,1684.2],[3914.9,1685.1],[3895.7,1685.1],[3896.2,1684.2]]]}},{"type":"Feature","properties":{"id":"p:agua-dulce:992","n":6,"sc":"#00ff00","fc":"#00ff00"},"geometry":{"type":"MultiLineString","coordinates":[[[3914.9,1685.1],[3895.7,1685.1],[3915.4,1686.1],[3914.9,1685.1]],[[3895.7,1685.1],[3915.4,1686.1],[3895.2,1686.1],[3895.7,1685.1]]]}},{"type":"Feature","properties":{"id":"p:agua-dulce:993","n":6,"sc":"#00ff00","fc":"#00ff00"},"geometry":{"type":"MultiLineString","coordinates":[[[3915.4,1686.1],[3895.2,1686.1],[3915.8,1687.0],[3915.4,1686.1]],[[3895.2,1686.1],[3915.8,1687.0],[3894.7,1687.0],[3895.2,1686.1]]]}},{"type":"Feature","properties":{"id":"p:agua-dulce:994","n":6,"sc":"#00ff00","fc":"#00ff00"},"geometry":{"type":"MultiLineString","coordinates":[[[3915.8,1687.0],[3894.7,1687.0],[3915.8,1688],[3915.8,1687.0]],[[3894.7,1687.0],[3915.8,1688],[3894.7,1688],[3894.7,1687.0]]]}},{"type":"Feature","properties":{"id":"p:agua-dulce:995","n":6,"sc":"#00ff00","fc":"#00ff00"},"geometry":{"type":"MultiLineString","coordinates":[[[3915.8,1688],[3894.7,1688],[3915.8,1689.0],[3915.8,1688]],[[3894.7,1688],[3915.8,1689.0],[3894.2,1689.0],[3894.7,1688]]]}},{"type":"Feature","properties":{"id":"p:agua-dulce:996","n":6,"sc":"#00ff00","fc":"#00ff00"},"geometry":{"type":"MultiLineString","coordinates":[[[3915.8,1689.0],[3894.2,1689.0],[3916.3,1690.4],[3915.8,1689.0]],[[3894.2,1689.0],[3916.3,1690.4],[3894.2,1690.4],[3894.2,1689.0]]]}},{"type":"Feature","properties":{"id":"p:agua-dulce:997","n":6,"sc":"#00ff00","fc":"#00ff00"},"geometry":{"type":"MultiLineString","coordinates":[[[3916.3,1690.4],[3894.2,1690.4],[3915.8,1691.4],[3916.3,1690.4]],[[3894.2,1690.4],[3915.8,1691.4],[3894.2,1691.4],[3894.2,1690.4]]]}},{"type":"Feature","properties":{"id":"p:agua-dulce:998","n":6,"sc":"#00ff00","fc":"#00ff00"},"geometry":{"type":"MultiLineString","coordinates":[[[3915.8,1691.4],[3894.2,1691.4],[3915.8,1692.3],[3915.8,1691.4]],[[3894.2,1691.4],[3915.8,1692.3],[3894.7,1692.3],[3894.2,1691.4]]]}},{"type":"Feature","properties":{"id":"p:agua-dulce:999","n":6,"sc":"#00ff00","fc":"#00ff00"},"geometry":{"type":"MultiLineString","coordinates":[[[3915.8,1692.3],[3894.7,1692.3],[3915.8,1693.3],[3915.8,1692.3]],[[3894.7,1692.3],[3915.8,1693.3],[3894.7,1693.3],[3894.7,1692.3]]]}},{"type":"Feature","properties":{"id":"p:agua-dulce:1000","n":6,"sc":"#00ff00","fc":"#00ff00"},"geometry":{"type":"MultiLineString","coordinates":[[[3915.8,1693.3],[3894.7,1693.3],[3915.4,1694.2],[3915.8,1693.3]],[[3894.7,1693.3],[3915.4,1694.2],[3895.2,1694.2],[3894.7,1693.3]]]}},{"type":"Feature","properties":{"id":"p:agua-dulce:1001","n":6,"sc":"#00ff00","fc":"#00ff00"},"geometry":{"type":"MultiLineString","coordinates":[[[3915.4,1694.2],[3895.2,1694.2],[3914.9,1695.2],[3915.4,1694.2]],[[3895.2,1694.2],[3914.9,1695.2],[3895.7,1695.2],[3895.2,1694.2]]]}},{"type":"Feature","properties":{"id":"p:agua-dulce:1002","n":6,"sc":"#00ff00","fc":"#00ff00"},"geometry":{"type":"MultiLineString","coordinates":[[[3914.9,1695.2],[3895.7,1695.2],[3914.4,1696.2],[3914.9,1695.2]],[[3895.7,1695.2],[3914.4,1696.2],[3896.2,1696.2],[3895.7,1695.2]]]}},{"type":"Feature","properties":{"id":"p:agua-dulce:1003","n":6,"sc":"#00ff00","fc":"#00ff00"},"geometry":{"type":"MultiLineString","coordinates":[[[3914.4,1696.2],[3896.2,1696.2],[3913.9,1697.1],[3914.4,1696.2]],[[3896.2,1696.2],[3913.9,1697.1],[3896.6,1697.1],[3896.2,1696.2]]]}},{"type":"Feature","properties":{"id":"p:agua-dulce:1004","n":6,"sc":"#00ff00","fc":"#00ff00"},"geometry":{"type":"MultiLineString","coordinates":[[[3913.9,1697.1],[3896.6,1697.1],[3913.0,1697.6],[3913.9,1697.1]],[[3896.6,1697.1],[3913.0,1697.6],[3897.6,1697.6],[3896.6,1697.1]]]}},{"type":"Feature","properties":{"id":"p:agua-dulce:1005","n":6,"sc":"#00ff00","fc":"#00ff00"},"geometry":{"type":"MultiLineString","coordinates":[[[3913.0,1697.6],[3897.6,1697.6],[3912.5,1698.6],[3913.0,1697.6]],[[3897.6,1697.6],[3912.5,1698.6],[3898.1,1698.6],[3897.6,1697.6]]]}},{"type":"Feature","properties":{"id":"p:agua-dulce:1006","n":6,"sc":"#00ff00","fc":"#00ff00"},"geometry":{"type":"MultiLineString","coordinates":[[[3912.5,1698.6],[3898.1,1698.6],[3911.5,1699.0],[3912.5,1698.6]],[[3898.1,1698.6],[3911.5,1699.0],[3899.0,1699.0],[3898.1,1698.6]]]}},{"type":"Feature","properties":{"id":"p:agua-dulce:1007","n":6,"sc":"#00ff00","fc":"#00ff00"},"geometry":{"type":"MultiLineString","coordinates":[[[3911.5,1699.0],[3899.0,1699.0],[3910.6,1699.5],[3911.5,1699.0]],[[3899.0,1699.0],[3910.6,1699.5],[3900,1699.5],[3899.0,1699.0]]]}},{"type":"Feature","properties":{"id":"p:agua-dulce:1008","n":6,"sc":"#00ff00","fc":"#00ff00"},"geometry":{"type":"MultiLineString","coordinates":[[[3910.6,1699.5],[3900,1699.5],[3909.6,1700],[3910.6,1699.5]],[[3900,1699.5],[3909.6,1700],[3901.0,1700],[3900,1699.5]]]}},{"type":"Feature","properties":{"id":"p:agua-dulce:1009","n":6,"sc":"#00ff00","fc":"#00ff00"},"geometry":{"type":"MultiLineString","coordinates":[[[3909.6,1700],[3901.0,1700],[3908.6,1700.5],[3909.6,1700]],[[3901.0,1700],[3908.6,1700.5],[3901.9,1700.5],[3901.0,1700]]]}},{"type":"Feature","properties":{"id":"p:agua-dulce:1010","n":6,"sc":"#00ff00","fc":"#00ff00"},"geometry":{"type":"MultiLineString","coordinates":[[[3908.6,1700.5],[3901.9,1700.5],[3907.7,1701.0],[3908.6,1700.5]],[[3901.9,1700.5],[3907.7,1701.0],[3902.9,1701.0],[3901.9,1700.5]]]}},{"type":"Feature","properties":{"id":"p:agua-dulce:1011","n":6,"sc":"#00ff00","fc":"#00ff00"},"geometry":{"type":"MultiLineString","coordinates":[[[3902.9,1701.0],[3903.8,1701.0],[3906.2,1701.0],[3902.9,1701.0]],[[3903.8,1701.0],[3906.2,1701.0],[3905.8,1701.0],[3903.8,1701.0]]]}},{"type":"Feature","properties":{"id":"p:agua-dulce:1012","n":3,"sc":"#00ff00","fc":"#00ff00"},"geometry":{"type":"LineString","coordinates":[[3902.9,1701.0],[3907.7,1701.0],[3906.2,1701.0],[3902.9,1701.0]]}},{"type":"Feature","properties":{"id":"p:agua-dulce:1013","n":16,"sc":"#00ff00"},"geometry":{"type":"LineString","coordinates":[[3915.8,1690.2],[3915.0,1686.0],[3912.7,1682.5],[3909.2,1680.2],[3905.0,1679.4],[3900.8,1680.2],[3897.4,1682.5],[3895.1,1686.0],[3894.2,1690.2],[3895.1,1694.4],[3897.4,1697.8],[3900.8,1700.1],[3905.0,1701.0],[3909.2,1700.1],[3912.7,1697.8],[3915.0,1694.4],[3915.8,1690.2]]}},{"type":"Feature","properties":{"id":"p:agua-dulce:1014","n":3,"sc":"#00ff00","fc":"#00ff00"},"geometry":{"type":"LineString","coordinates":[[4009.0,2114.7],[4009.9,2114.7],[4007.0,2114.7],[4009.0,2114.7]]}},{"type":"Feature","properties":{"id":"p:agua-dulce:1015","n":6,"sc":"#00ff00","fc":"#00ff00"},"geometry":{"type":"MultiLineString","coordinates":[[[4009.9,2114.7],[4007.0,2114.7],[4011.4,2114.7],[4009.9,2114.7]],[[4007.0,2114.7],[4011.4,2114.7],[4006.1,2114.7],[4007.0,2114.7]]]}},{"type":"Feature","properties":{"id":"p:agua-dulce:1016","n":6,"sc":"#00ff00","fc":"#00ff00"},"geometry":{"type":"MultiLineString","coordinates":[[[4011.4,2114.7],[4006.1,2114.7],[4011.8,2115.2],[4011.4,2114.7]],[[4006.1,2114.7],[4011.8,2115.2],[4005.1,2115.2],[4006.1,2114.7]]]}},{"type":"Feature","properties":{"id":"p:agua-dulce:1017","n":6,"sc":"#00ff00","fc":"#00ff00"},"geometry":{"type":"MultiLineString","coordinates":[[[4011.8,2115.2],[4005.1,2115.2],[4013.3,2115.7],[4011.8,2115.2]],[[4005.1,2115.2],[4013.3,2115.7],[4004.2,2115.7],[4005.1,2115.2]]]}},{"type":"Feature","properties":{"id":"p:agua-dulce:1018","n":6,"sc":"#00ff00","fc":"#00ff00"},"geometry":{"type":"MultiLineString","coordinates":[[[4013.3,2115.7],[4004.2,2115.7],[4013.8,2116.2],[4013.3,2115.7]],[[4004.2,2115.7],[4013.8,2116.2],[4003.2,2116.2],[4004.2,2115.7]]]}},{"type":"Feature","properties":{"id":"p:agua-dulce:1019","n":6,"sc":"#00ff00","fc":"#00ff00"},"geometry":{"type":"MultiLineString","coordinates":[[[4013.8,2116.2],[4003.2,2116.2],[4014.7,2116.6],[4013.8,2116.2]],[[4003.2,2116.2],[4014.7,2116.6],[4002.2,2116.6],[4003.2,2116.2]]]}},{"type":"Feature","properties":{"id":"p:agua-dulce:1020","n":6,"sc":"#00ff00","fc":"#00ff00"},"geometry":{"type":"MultiLineString","coordinates":[[[4014.7,2116.6],[4002.2,2116.6],[4015.7,2117.1],[4014.7,2116.6]],[[4002.2,2116.6],[4015.7,2117.1],[4001.3,2117.1],[4002.2,2116.6]]]}},{"type":"Feature","properties":{"id":"p:agua-dulce:1021","n":6,"sc":"#00ff00","fc":"#00ff00"},"geometry":{"type":"MultiLineString","coordinates":[[[4015.7,2117.1],[4001.3,2117.1],[4016.6,2118.1],[4015.7,2117.1]],[[4001.3,2117.1],[4016.6,2118.1],[4000.8,2118.1],[4001.3,2117.1]]]}},{"type":"Feature","properties":{"id":"p:agua-dulce:1022","n":6,"sc":"#00ff00","fc":"#00ff00"},"geometry":{"type":"MultiLineString","coordinates":[[[4016.6,2118.1],[4000.8,2118.1],[4017.1,2118.6],[4016.6,2118.1]],[[4000.8,2118.1],[4017.1,2118.6],[3999.8,2118.6],[4000.8,2118.1]]]}},{"type":"Feature","properties":{"id":"p:agua-dulce:1023","n":6,"sc":"#00ff00","fc":"#00ff00"},"geometry":{"type":"MultiLineString","coordinates":[[[4017.1,2118.6],[3999.8,2118.6],[4017.6,2119.5],[4017.1,2118.6]],[[3999.8,2118.6],[4017.6,2119.5],[3999.4,2119.5],[3999.8,2118.6]]]}},{"type":"Feature","properties":{"id":"p:agua-dulce:1024","n":6,"sc":"#00ff00","fc":"#00ff00"},"geometry":{"type":"MultiLineString","coordinates":[[[4017.6,2119.5],[3999.4,2119.5],[4018.1,2120.5],[4017.6,2119.5]],[[3999.4,2119.5],[4018.1,2120.5],[3998.9,2120.5],[3999.4,2119.5]]]}},{"type":"Feature","properties":{"id":"p:agua-dulce:1025","n":6,"sc":"#00ff00","fc":"#00ff00"},"geometry":{"type":"MultiLineString","coordinates":[[[4018.1,2120.5],[3998.9,2120.5],[4018.6,2121.4],[4018.1,2120.5]],[[3998.9,2120.5],[4018.6,2121.4],[3998.4,2121.4],[3998.9,2120.5]]]}},{"type":"Feature","properties":{"id":"p:agua-dulce:1026","n":6,"sc":"#00ff00","fc":"#00ff00"},"geometry":{"type":"MultiLineString","coordinates":[[[4018.6,2121.4],[3998.4,2121.4],[4019.0,2122.4],[4018.6,2121.4]],[[3998.4,2121.4],[4019.0,2122.4],[3998.4,2122.4],[3998.4,2121.4]]]}},{"type":"Feature","properties":{"id":"p:agua-dulce:1027","n":6,"sc":"#00ff00","fc":"#00ff00"},"geometry":{"type":"MultiLineString","coordinates":[[[4019.0,2122.4],[3998.4,2122.4],[4019.5,2123.4],[4019.0,2122.4]],[[3998.4,2122.4],[4019.5,2123.4],[3997.9,2123.4],[3998.4,2122.4]]]}},{"type":"Feature","properties":{"id":"p:agua-dulce:1028","n":6,"sc":"#00ff00","fc":"#00ff00"},"geometry":{"type":"MultiLineString","coordinates":[[[4019.5,2123.4],[3997.9,2123.4],[4019.5,2124.3],[4019.5,2123.4]],[[3997.9,2123.4],[4019.5,2124.3],[3997.9,2124.3],[3997.9,2123.4]]]}},{"type":"Feature","properties":{"id":"p:agua-dulce:1029","n":6,"sc":"#00ff00","fc":"#00ff00"},"geometry":{"type":"MultiLineString","coordinates":[[[4019.5,2124.3],[3997.9,2124.3],[4019.5,2125.3],[4019.5,2124.3]],[[3997.9,2124.3],[4019.5,2125.3],[3997.9,2125.3],[3997.9,2124.3]]]}},{"type":"Feature","properties":{"id":"p:agua-dulce:1030","n":6,"sc":"#00ff00","fc":"#00ff00"},"geometry":{"type":"MultiLineString","coordinates":[[[4019.5,2125.3],[3997.9,2125.3],[4019.5,2126.2],[4019.5,2125.3]],[[3997.9,2125.3],[4019.5,2126.2],[3997.9,2126.2],[3997.9,2125.3]]]}},{"type":"Feature","properties":{"id":"p:agua-dulce:1031","n":6,"sc":"#00ff00","fc":"#00ff00"},"geometry":{"type":"MultiLineString","coordinates":[[[4019.5,2126.2],[3997.9,2126.2],[4019.5,2127.2],[4019.5,2126.2]],[[3997.9,2126.2],[4019.5,2127.2],[3997.9,2127.2],[3997.9,2126.2]]]}},{"type":"Feature","properties":{"id":"p:agua-dulce:1032","n":6,"sc":"#00ff00","fc":"#00ff00"},"geometry":{"type":"MultiLineString","coordinates":[[[4019.5,2127.2],[3997.9,2127.2],[4019.0,2128.6],[4019.5,2127.2]],[[3997.9,2127.2],[4019.0,2128.6],[3998.4,2128.6],[3997.9,2127.2]]]}},{"type":"Feature","properties":{"id":"p:agua-dulce:1033","n":6,"sc":"#00ff00","fc":"#00ff00"},"geometry":{"type":"MultiLineString","coordinates":[[[4019.0,2128.6],[3998.4,2128.6],[4018.6,2129.6],[4019.0,2128.6]],[[3998.4,2128.6],[4018.6,2129.6],[3998.4,2129.6],[3998.4,2128.6]]]}},{"type":"Feature","properties":{"id":"p:agua-dulce:1034","n":6,"sc":"#00ff00","fc":"#00ff00"},"geometry":{"type":"MultiLineString","coordinates":[[[4018.6,2129.6],[3998.4,2129.6],[4018.1,2130.6],[4018.6,2129.6]],[[3998.4,2129.6],[4018.1,2130.6],[3998.9,2130.6],[3998.4,2129.6]]]}},{"type":"Feature","properties":{"id":"p:agua-dulce:1035","n":6,"sc":"#00ff00","fc":"#00ff00"},"geometry":{"type":"MultiLineString","coordinates":[[[4018.1,2130.6],[3998.9,2130.6],[4017.6,2131.0],[4018.1,2130.6]],[[3998.9,2130.6],[4017.6,2131.0],[3999.4,2131.0],[3998.9,2130.6]]]}},{"type":"Feature","properties":{"id":"p:agua-dulce:1036","n":6,"sc":"#00ff00","fc":"#00ff00"},"geometry":{"type":"MultiLineString","coordinates":[[[4017.6,2131.0],[3999.4,2131.0],[4017.1,2132],[4017.6,2131.0]],[[3999.4,2131.0],[4017.1,2132],[3999.8,2132],[3999.4,2131.0]]]}},{"type":"Feature","properties":{"id":"p:agua-dulce:1037","n":6,"sc":"#00ff00","fc":"#00ff00"},"geometry":{"type":"MultiLineString","coordinates":[[[4017.1,2132],[3999.8,2132],[4016.6,2133.0],[4017.1,2132]],[[3999.8,2132],[4016.6,2133.0],[4000.8,2133.0],[3999.8,2132]]]}},{"type":"Feature","properties":{"id":"p:agua-dulce:1038","n":6,"sc":"#00ff00","fc":"#00ff00"},"geometry":{"type":"MultiLineString","coordinates":[[[4016.6,2133.0],[4000.8,2133.0],[4015.7,2133.4],[4016.6,2133.0]],[[4000.8,2133.0],[4015.7,2133.4],[4001.3,2133.4],[4000.8,2133.0]]]}},{"type":"Feature","properties":{"id":"p:agua-dulce:1039","n":6,"sc":"#00ff00","fc":"#00ff00"},"geometry":{"type":"MultiLineString","coordinates":[[[4015.7,2133.4],[4001.3,2133.4],[4014.7,2134.4],[4015.7,2133.4]],[[4001.3,2133.4],[4014.7,2134.4],[4002.2,2134.4],[4001.3,2133.4]]]}},{"type":"Feature","properties":{"id":"p:agua-dulce:1040","n":6,"sc":"#00ff00","fc":"#00ff00"},"geometry":{"type":"MultiLineString","coordinates":[[[4014.7,2134.4],[4002.2,2134.4],[4013.8,2134.9],[4014.7,2134.4]],[[4002.2,2134.4],[4013.8,2134.9],[4003.2,2134.9],[4002.2,2134.4]]]}},{"type":"Feature","properties":{"id":"p:agua-dulce:1041","n":6,"sc":"#00ff00","fc":"#00ff00"},"geometry":{"type":"MultiLineString","coordinates":[[[4013.8,2134.9],[4003.2,2134.9],[4013.3,2135.4],[4013.8,2134.9]],[[4003.2,2134.9],[4013.3,2135.4],[4004.2,2135.4],[4003.2,2134.9]]]}},{"type":"Feature","properties":{"id":"p:agua-dulce:1042","n":6,"sc":"#00ff00","fc":"#00ff00"},"geometry":{"type":"MultiLineString","coordinates":[[[4013.3,2135.4],[4004.2,2135.4],[4011.8,2135.8],[4013.3,2135.4]],[[4004.2,2135.4],[4011.8,2135.8],[4005.1,2135.8],[4004.2,2135.4]]]}},{"type":"Feature","properties":{"id":"p:agua-dulce:1043","n":6,"sc":"#00ff00","fc":"#00ff00"},"geometry":{"type":"MultiLineString","coordinates":[[[4011.8,2135.8],[4005.1,2135.8],[4011.4,2135.8],[4011.8,2135.8]],[[4005.1,2135.8],[4011.4,2135.8],[4006.1,2135.8],[4005.1,2135.8]]]}},{"type":"Feature","properties":{"id":"p:agua-dulce:1044","n":6,"sc":"#00ff00","fc":"#00ff00"},"geometry":{"type":"MultiLineString","coordinates":[[[4006.1,2135.8],[4007.0,2136.3],[4009.9,2136.3],[4006.1,2135.8]],[[4007.0,2136.3],[4009.9,2136.3],[4009.0,2136.3],[4007.0,2136.3]]]}},{"type":"Feature","properties":{"id":"p:agua-dulce:1045","n":3,"sc":"#00ff00","fc":"#00ff00"},"geometry":{"type":"LineString","coordinates":[[4006.1,2135.8],[4011.4,2135.8],[4009.9,2136.3],[4006.1,2135.8]]}},{"type":"Feature","properties":{"id":"p:agua-dulce:1046","n":16,"sc":"#00ff00"},"geometry":{"type":"LineString","coordinates":[[4019.0,2125.0],[4018.2,2120.8],[4015.9,2117.4],[4012.4,2115.1],[4008.2,2114.2],[4004.0,2115.1],[4000.6,2117.4],[3998.3,2120.8],[3997.4,2125.0],[3998.3,2129.2],[4000.6,2132.7],[4004.0,2135.0],[4008.2,2135.8],[4012.4,2135.0],[4015.9,2132.7],[4018.2,2129.2],[4019.0,2125.0]]}},{"type":"Feature","properties":{"id":"p:agua-dulce:1047","n":16,"sc":"#00ff00"},"geometry":{"type":"LineString","coordinates":[[2330.4,864.1],[2329.6,859.9],[2327.2,856.4],[2323.8,854.1],[2319.6,853.3],[2315.4,854.1],[2312.0,856.4],[2309.6,859.9],[2308.8,864.1],[2309.6,868.3],[2312.0,871.7],[2315.4,874.0],[2319.6,874.9],[2323.8,874.0],[2327.2,871.7],[2329.6,868.3],[2330.4,864.1]]}},{"type":"Feature","properties":{"id":"p:agua-dulce:1048","n":3,"sc":"#00ff00","fc":"#00ff00"},"geometry":{"type":"LineString","coordinates":[[2456.6,853.8],[2457.1,853.8],[2454.2,853.8],[2456.6,853.8]]}},{"type":"Feature","properties":{"id":"p:agua-dulce:1049","n":6,"sc":"#00ff00","fc":"#00ff00"},"geometry":{"type":"MultiLineString","coordinates":[[[2457.1,853.8],[2454.2,853.8],[2458.6,853.8],[2457.1,853.8]],[[2454.2,853.8],[2458.6,853.8],[2453.8,853.8],[2454.2,853.8]]]}},{"type":"Feature","properties":{"id":"p:agua-dulce:1050","n":6,"sc":"#00ff00","fc":"#00ff00"},"geometry":{"type":"MultiLineString","coordinates":[[[2458.6,853.8],[2453.8,853.8],[2459.5,854.2],[2458.6,853.8]],[[2453.8,853.8],[2459.5,854.2],[2452.3,854.2],[2453.8,853.8]]]}},{"type":"Feature","properties":{"id":"p:agua-dulce:1051","n":6,"sc":"#00ff00","fc":"#00ff00"},"geometry":{"type":"MultiLineString","coordinates":[[[2459.5,854.2],[2452.3,854.2],[2460.5,854.7],[2459.5,854.2]],[[2452.3,854.2],[2460.5,854.7],[2451.4,854.7],[2452.3,854.2]]]}},{"type":"Feature","properties":{"id":"p:agua-dulce:1052","n":6,"sc":"#00ff00","fc":"#00ff00"},"geometry":{"type":"MultiLineString","coordinates":[[[2460.5,854.7],[2451.4,854.7],[2461.4,855.2],[2460.5,854.7]],[[2451.4,854.7],[2461.4,855.2],[2450.4,855.2],[2451.4,854.7]]]}},{"type":"Feature","properties":{"id":"p:agua-dulce:1053","n":6,"sc":"#00ff00","fc":"#00ff00"},"geometry":{"type":"MultiLineString","coordinates":[[[2461.4,855.2],[2450.4,855.2],[2462.4,855.7],[2461.4,855.2]],[[2450.4,855.2],[2462.4,855.7],[2449.9,855.7],[2450.4,855.2]]]}},{"type":"Feature","properties":{"id":"p:agua-dulce:1054","n":6,"sc":"#00ff00","fc":"#00ff00"},"geometry":{"type":"MultiLineString","coordinates":[[[2462.4,855.7],[2449.9,855.7],[2462.9,856.2],[2462.4,855.7]],[[2449.9,855.7],[2462.9,856.2],[2449.0,856.2],[2449.9,855.7]]]}},{"type":"Feature","properties":{"id":"p:agua-dulce:1055","n":6,"sc":"#00ff00","fc":"#00ff00"},"geometry":{"type":"MultiLineString","coordinates":[[[2462.9,856.2],[2449.0,856.2],[2463.8,857.1],[2462.9,856.2]],[[2449.0,856.2],[2463.8,857.1],[2448,857.1],[2449.0,856.2]]]}},{"type":"Feature","properties":{"id":"p:agua-dulce:1056","n":6,"sc":"#00ff00","fc":"#00ff00"},"geometry":{"type":"MultiLineString","coordinates":[[[2463.8,857.1],[2448,857.1],[2464.3,857.6],[2463.8,857.1]],[[2448,857.1],[2464.3,857.6],[2447.5,857.6],[2448,857.1]]]}},{"type":"Feature","properties":{"id":"p:agua-dulce:1057","n":6,"sc":"#00ff00","fc":"#00ff00"},"geometry":{"type":"MultiLineString","coordinates":[[[2464.3,857.6],[2447.5,857.6],[2465.3,858.6],[2464.3,857.6]],[[2447.5,857.6],[2465.3,858.6],[2447.0,858.6],[2447.5,857.6]]]}},{"type":"Feature","properties":{"id":"p:agua-dulce:1058","n":6,"sc":"#00ff00","fc":"#00ff00"},"geometry":{"type":"MultiLineString","coordinates":[[[2465.3,858.6],[2447.0,858.6],[2465.8,859.5],[2465.3,858.6]],[[2447.0,858.6],[2465.8,859.5],[2446.1,859.5],[2447.0,858.6]]]}},{"type":"Feature","properties":{"id":"p:agua-dulce:1059","n":6,"sc":"#00ff00","fc":"#00ff00"},"geometry":{"type":"MultiLineString","coordinates":[[[2465.8,859.5],[2446.1,859.5],[2466.2,860.5],[2465.8,859.5]],[[2446.1,859.5],[2466.2,860.5],[2446.1,860.5],[2446.1,859.5]]]}},{"type":"Feature","properties":{"id":"p:agua-dulce:1060","n":6,"sc":"#00ff00","fc":"#00ff00"},"geometry":{"type":"MultiLineString","coordinates":[[[2466.2,860.5],[2446.1,860.5],[2466.2,861.4],[2466.2,860.5]],[[2446.1,860.5],[2466.2,861.4],[2445.6,861.4],[2446.1,860.5]]]}},{"type":"Feature","properties":{"id":"p:agua-dulce:1061","n":6,"sc":"#00ff00","fc":"#00ff00"},"geometry":{"type":"MultiLineString","coordinates":[[[2466.2,861.4],[2445.6,861.4],[2466.7,862.4],[2466.2,861.4]],[[2445.6,861.4],[2466.7,862.4],[2445.1,862.4],[2445.6,861.4]]]}},{"type":"Feature","properties":{"id":"p:agua-dulce:1062","n":6,"sc":"#00ff00","fc":"#00ff00"},"geometry":{"type":"MultiLineString","coordinates":[[[2466.7,862.4],[2445.1,862.4],[2466.7,863.4],[2466.7,862.4]],[[2445.1,862.4],[2466.7,863.4],[2445.1,863.4],[2445.1,862.4]]]}},{"type":"Feature","properties":{"id":"p:agua-dulce:1063","n":6,"sc":"#00ff00","fc":"#00ff00"},"geometry":{"type":"MultiLineString","coordinates":[[[2466.7,863.4],[2445.1,863.4],[2466.7,864.3],[2466.7,863.4]],[[2445.1,863.4],[2466.7,864.3],[2445.1,864.3],[2445.1,863.4]]]}},{"type":"Feature","properties":{"id":"p:agua-dulce:1064","n":6,"sc":"#00ff00","fc":"#00ff00"},"geometry":{"type":"MultiLineString","coordinates":[[[2466.7,864.3],[2445.1,864.3],[2466.7,865.8],[2466.7,864.3]],[[2445.1,864.3],[2466.7,865.8],[2445.1,865.8],[2445.1,864.3]]]}},{"type":"Feature","properties":{"id":"p:agua-dulce:1065","n":6,"sc":"#00ff00","fc":"#00ff00"},"geometry":{"type":"MultiLineString","coordinates":[[[2466.7,865.8],[2445.1,865.8],[2466.7,866.7],[2466.7,865.8]],[[2445.1,865.8],[2466.7,866.7],[2445.1,866.7],[2445.1,865.8]]]}},{"type":"Feature","properties":{"id":"p:agua-dulce:1066","n":6,"sc":"#00ff00","fc":"#00ff00"},"geometry":{"type":"MultiLineString","coordinates":[[[2466.7,866.7],[2445.1,866.7],[2466.2,867.7],[2466.7,866.7]],[[2445.1,866.7],[2466.2,867.7],[2445.6,867.7],[2445.1,866.7]]]}},{"type":"Feature","properties":{"id":"p:agua-dulce:1067","n":6,"sc":"#00ff00","fc":"#00ff00"},"geometry":{"type":"MultiLineString","coordinates":[[[2466.2,867.7],[2445.6,867.7],[2466.2,868.6],[2466.2,867.7]],[[2445.6,867.7],[2466.2,868.6],[2446.1,868.6],[2445.6,867.7]]]}},{"type":"Feature","properties":{"id":"p:agua-dulce:1068","n":6,"sc":"#00ff00","fc":"#00ff00"},"geometry":{"type":"MultiLineString","coordinates":[[[2466.2,868.6],[2446.1,868.6],[2465.8,869.6],[2466.2,868.6]],[[2446.1,868.6],[2465.8,869.6],[2446.1,869.6],[2446.1,868.6]]]}},{"type":"Feature","properties":{"id":"p:agua-dulce:1069","n":6,"sc":"#00ff00","fc":"#00ff00"},"geometry":{"type":"MultiLineString","coordinates":[[[2465.8,869.6],[2446.1,869.6],[2465.3,870.6],[2465.8,869.6]],[[2446.1,869.6],[2465.3,870.6],[2447.0,870.6],[2446.1,869.6]]]}},{"type":"Feature","properties":{"id":"p:agua-dulce:1070","n":6,"sc":"#00ff00","fc":"#00ff00"},"geometry":{"type":"MultiLineString","coordinates":[[[2465.3,870.6],[2447.0,870.6],[2464.3,871.0],[2465.3,870.6]],[[2447.0,870.6],[2464.3,871.0],[2447.5,871.0],[2447.0,870.6]]]}},{"type":"Feature","properties":{"id":"p:agua-dulce:1071","n":6,"sc":"#00ff00","fc":"#00ff00"},"geometry":{"type":"MultiLineString","coordinates":[[[2464.3,871.0],[2447.5,871.0],[2463.8,872],[2464.3,871.0]],[[2447.5,871.0],[2463.8,872],[2448,872],[2447.5,871.0]]]}},{"type":"Feature","properties":{"id":"p:agua-dulce:1072","n":6,"sc":"#00ff00","fc":"#00ff00"},"geometry":{"type":"MultiLineString","coordinates":[[[2463.8,872],[2448,872],[2462.9,873.0],[2463.8,872]],[[2448,872],[2462.9,873.0],[2449.0,873.0],[2448,872]]]}},{"type":"Feature","properties":{"id":"p:agua-dulce:1073","n":6,"sc":"#00ff00","fc":"#00ff00"},"geometry":{"type":"MultiLineString","coordinates":[[[2462.9,873.0],[2449.0,873.0],[2462.4,873.4],[2462.9,873.0]],[[2449.0,873.0],[2462.4,873.4],[2449.9,873.4],[2449.0,873.0]]]}},{"type":"Feature","properties":{"id":"p:agua-dulce:1074","n":6,"sc":"#00ff00","fc":"#00ff00"},"geometry":{"type":"MultiLineString","coordinates":[[[2462.4,873.4],[2449.9,873.4],[2461.4,873.9],[2462.4,873.4]],[[2449.9,873.4],[2461.4,873.9],[2450.4,873.9],[2449.9,873.4]]]}},{"type":"Feature","properties":{"id":"p:agua-dulce:1075","n":6,"sc":"#00ff00","fc":"#00ff00"},"geometry":{"type":"MultiLineString","coordinates":[[[2461.4,873.9],[2450.4,873.9],[2460.5,874.4],[2461.4,873.9]],[[2450.4,873.9],[2460.5,874.4],[2451.4,874.4],[2450.4,873.9]]]}},{"type":"Feature","properties":{"id":"p:agua-dulce:1076","n":6,"sc":"#00ff00","fc":"#00ff00"},"geometry":{"type":"MultiLineString","coordinates":[[[2460.5,874.4],[2451.4,874.4],[2459.5,874.9],[2460.5,874.4]],[[2451.4,874.4],[2459.5,874.9],[2452.3,874.9],[2451.4,874.4]]]}},{"type":"Feature","properties":{"id":"p:agua-dulce:1077","n":6,"sc":"#00ff00","fc":"#00ff00"},"geometry":{"type":"MultiLineString","coordinates":[[[2459.5,874.9],[2452.3,874.9],[2458.6,874.9],[2459.5,874.9]],[[2452.3,874.9],[2458.6,874.9],[2453.8,874.9],[2452.3,874.9]]]}},{"type":"Feature","properties":{"id":"p:agua-dulce:1078","n":6,"sc":"#00ff00","fc":"#00ff00"},"geometry":{"type":"MultiLineString","coordinates":[[[2453.8,874.9],[2454.2,875.4],[2457.1,875.4],[2453.8,874.9]],[[2454.2,875.4],[2457.1,875.4],[2456.6,875.4],[2454.2,875.4]]]}},{"type":"Feature","properties":{"id":"p:agua-dulce:1079","n":3,"sc":"#00ff00","fc":"#00ff00"},"geometry":{"type":"LineString","coordinates":[[2453.8,874.9],[2458.6,874.9],[2457.1,875.4],[2453.8,874.9]]}},{"type":"Feature","properties":{"id":"p:agua-dulce:1080","n":16,"sc":"#00ff00"},"geometry":{"type":"LineString","coordinates":[[2466.2,864.1],[2465.4,859.9],[2463.1,856.4],[2459.6,854.1],[2455.4,853.3],[2451.2,854.1],[2447.8,856.4],[2445.5,859.9],[2444.6,864.1],[2445.5,868.3],[2447.8,871.7],[2451.2,874.0],[2455.4,874.9],[2459.6,874.0],[2463.1,871.7],[2465.4,868.3],[2466.2,864.1]]}},{"type":"Feature","properties":{"id":"p:agua-dulce:1081","n":3,"sc":"#00ff00","fc":"#00ff00"},"geometry":{"type":"LineString","coordinates":[[2590.1,853.8],[2590.6,853.8],[2588.2,853.8],[2590.1,853.8]]}},{"type":"Feature","properties":{"id":"p:agua-dulce:1082","n":6,"sc":"#00ff00","fc":"#00ff00"},"geometry":{"type":"MultiLineString","coordinates":[[[2590.6,853.8],[2588.2,853.8],[2592,854.2],[2590.6,853.8]],[[2588.2,853.8],[2592,854.2],[2587.2,854.2],[2588.2,853.8]]]}},{"type":"Feature","properties":{"id":"p:agua-dulce:1083","n":6,"sc":"#00ff00","fc":"#00ff00"},"geometry":{"type":"MultiLineString","coordinates":[[[2592,854.2],[2587.2,854.2],[2593.0,854.2],[2592,854.2]],[[2587.2,854.2],[2593.0,854.2],[2585.8,854.2],[2587.2,854.2]]]}},{"type":"Feature","properties":{"id":"p:agua-dulce:1084","n":6,"sc":"#00ff00","fc":"#00ff00"},"geometry":{"type":"MultiLineString","coordinates":[[[2593.0,854.2],[2585.8,854.2],[2593.9,854.7],[2593.0,854.2]],[[2585.8,854.2],[2593.9,854.7],[2585.3,854.7],[2585.8,854.2]]]}},{"type":"Feature","properties":{"id":"p:agua-dulce:1085","n":6,"sc":"#00ff00","fc":"#00ff00"},"geometry":{"type":"MultiLineString","coordinates":[[[2593.9,854.7],[2585.3,854.7],[2594.9,855.2],[2593.9,854.7]],[[2585.3,854.7],[2594.9,855.2],[2584.3,855.2],[2585.3,854.7]]]}},{"type":"Feature","properties":{"id":"p:agua-dulce:1086","n":6,"sc":"#00ff00","fc":"#00ff00"},"geometry":{"type":"MultiLineString","coordinates":[[[2594.9,855.2],[2584.3,855.2],[2595.8,855.7],[2594.9,855.2]],[[2584.3,855.2],[2595.8,855.7],[2583.4,855.7],[2584.3,855.2]]]}},{"type":"Feature","properties":{"id":"p:agua-dulce:1087","n":6,"sc":"#00ff00","fc":"#00ff00"},"geometry":{"type":"MultiLineString","coordinates":[[[2595.8,855.7],[2583.4,855.7],[2596.8,856.6],[2595.8,855.7]],[[2583.4,855.7],[2596.8,856.6],[2582.4,856.6],[2583.4,855.7]]]}},{"type":"Feature","properties":{"id":"p:agua-dulce:1088","n":6,"sc":"#00ff00","fc":"#00ff00"},"geometry":{"type":"MultiLineString","coordinates":[[[2596.8,856.6],[2582.4,856.6],[2597.3,857.1],[2596.8,856.6]],[[2582.4,856.6],[2597.3,857.1],[2581.9,857.1],[2582.4,856.6]]]}},{"type":"Feature","properties":{"id":"p:agua-dulce:1089","n":6,"sc":"#00ff00","fc":"#00ff00"},"geometry":{"type":"MultiLineString","coordinates":[[[2597.3,857.1],[2581.9,857.1],[2598.2,858.1],[2597.3,857.1]],[[2581.9,857.1],[2598.2,858.1],[2581.0,858.1],[2581.9,857.1]]]}},{"type":"Feature","properties":{"id":"p:agua-dulce:1090","n":6,"sc":"#00ff00","fc":"#00ff00"},"geometry":{"type":"MultiLineString","coordinates":[[[2598.2,858.1],[2581.0,858.1],[2598.7,858.6],[2598.2,858.1]],[[2581.0,858.1],[2598.7,858.6],[2580.5,858.6],[2581.0,858.1]]]}},{"type":"Feature","properties":{"id":"p:agua-dulce:1091","n":6,"sc":"#00ff00","fc":"#00ff00"},"geometry":{"type":"MultiLineString","coordinates":[[[2598.7,858.6],[2580.5,858.6],[2599.2,859.5],[2598.7,858.6]],[[2580.5,858.6],[2599.2,859.5],[2580,859.5],[2580.5,858.6]]]}},{"type":"Feature","properties":{"id":"p:agua-dulce:1092","n":6,"sc":"#00ff00","fc":"#00ff00"},"geometry":{"type":"MultiLineString","coordinates":[[[2599.2,859.5],[2580,859.5],[2599.7,860.5],[2599.2,859.5]],[[2580,859.5],[2599.7,860.5],[2579.5,860.5],[2580,859.5]]]}},{"type":"Feature","properties":{"id":"p:agua-dulce:1093","n":6,"sc":"#00ff00","fc":"#00ff00"},"geometry":{"type":"MultiLineString","coordinates":[[[2599.7,860.5],[2579.5,860.5],[2600.2,861.4],[2599.7,860.5]],[[2579.5,860.5],[2600.2,861.4],[2579.0,861.4],[2579.5,860.5]]]}},{"type":"Feature","properties":{"id":"p:agua-dulce:1094","n":6,"sc":"#00ff00","fc":"#00ff00"},"geometry":{"type":"MultiLineString","coordinates":[[[2600.2,861.4],[2579.0,861.4],[2600.2,862.4],[2600.2,861.4]],[[2579.0,861.4],[2600.2,862.4],[2579.0,862.4],[2579.0,861.4]]]}},{"type":"Feature","properties":{"id":"p:agua-dulce:1095","n":6,"sc":"#00ff00","fc":"#00ff00"},"geometry":{"type":"MultiLineString","coordinates":[[[2600.2,862.4],[2579.0,862.4],[2600.2,863.8],[2600.2,862.4]],[[2579.0,862.4],[2600.2,863.8],[2578.6,863.8],[2579.0,862.4]]]}},{"type":"Feature","properties":{"id":"p:agua-dulce:1096","n":6,"sc":"#00ff00","fc":"#00ff00"},"geometry":{"type":"MultiLineString","coordinates":[[[2600.2,863.8],[2578.6,863.8],[2600.6,864.8],[2600.2,863.8]],[[2578.6,863.8],[2600.6,864.8],[2578.6,864.8],[2578.6,863.8]]]}},{"type":"Feature","properties":{"id":"p:agua-dulce:1097","n":6,"sc":"#00ff00","fc":"#00ff00"},"geometry":{"type":"MultiLineString","coordinates":[[[2600.6,864.8],[2578.6,864.8],[2600.2,865.8],[2600.6,864.8]],[[2578.6,864.8],[2600.2,865.8],[2578.6,865.8],[2578.6,864.8]]]}},{"type":"Feature","properties":{"id":"p:agua-dulce:1098","n":6,"sc":"#00ff00","fc":"#00ff00"},"geometry":{"type":"MultiLineString","coordinates":[[[2600.2,865.8],[2578.6,865.8],[2600.2,866.7],[2600.2,865.8]],[[2578.6,865.8],[2600.2,866.7],[2579.0,866.7],[2578.6,865.8]]]}},{"type":"Feature","properties":{"id":"p:agua-dulce:1099","n":6,"sc":"#00ff00","fc":"#00ff00"},"geometry":{"type":"MultiLineString","coordinates":[[[2600.2,866.7],[2579.0,866.7],[2600.2,867.7],[2600.2,866.7]],[[2579.0,866.7],[2600.2,867.7],[2579.0,867.7],[2579.0,866.7]]]}},{"type":"Feature","properties":{"id":"p:agua-dulce:1100","n":6,"sc":"#00ff00","fc":"#00ff00"},"geometry":{"type":"MultiLineString","coordinates":[[[2600.2,867.7],[2579.0,867.7],[2599.7,868.6],[2600.2,867.7]],[[2579.0,867.7],[2599.7,868.6],[2579.5,868.6],[2579.0,867.7]]]}},{"type":"Feature","properties":{"id":"p:agua-dulce:1101","n":6,"sc":"#00ff00","fc":"#00ff00"},"geometry":{"type":"MultiLineString","coordinates":[[[2599.7,868.6],[2579.5,868.6],[2599.2,869.6],[2599.7,868.6]],[[2579.5,868.6],[2599.2,869.6],[2580,869.6],[2579.5,868.6]]]}},{"type":"Feature","properties":{"id":"p:agua-dulce:1102","n":6,"sc":"#00ff00","fc":"#00ff00"},"geometry":{"type":"MultiLineString","coordinates":[[[2599.2,869.6],[2580,869.6],[2598.7,870.6],[2599.2,869.6]],[[2580,869.6],[2598.7,870.6],[2580.5,870.6],[2580,869.6]]]}},{"type":"Feature","properties":{"id":"p:agua-dulce:1103","n":6,"sc":"#00ff00","fc":"#00ff00"},"geometry":{"type":"MultiLineString","coordinates":[[[2598.7,870.6],[2580.5,870.6],[2598.2,871.5],[2598.7,870.6]],[[2580.5,870.6],[2598.2,871.5],[2581.0,871.5],[2580.5,870.6]]]}},{"type":"Feature","properties":{"id":"p:agua-dulce:1104","n":6,"sc":"#00ff00","fc":"#00ff00"},"geometry":{"type":"MultiLineString","coordinates":[[[2598.2,871.5],[2581.0,871.5],[2597.3,872],[2598.2,871.5]],[[2581.0,871.5],[2597.3,872],[2581.9,872],[2581.0,871.5]]]}},{"type":"Feature","properties":{"id":"p:agua-dulce:1105","n":6,"sc":"#00ff00","fc":"#00ff00"},"geometry":{"type":"MultiLineString","coordinates":[[[2597.3,872],[2581.9,872],[2596.8,873.0],[2597.3,872]],[[2581.9,872],[2596.8,873.0],[2582.4,873.0],[2581.9,872]]]}},{"type":"Feature","properties":{"id":"p:agua-dulce:1106","n":6,"sc":"#00ff00","fc":"#00ff00"},"geometry":{"type":"MultiLineString","coordinates":[[[2596.8,873.0],[2582.4,873.0],[2595.8,873.4],[2596.8,873.0]],[[2582.4,873.0],[2595.8,873.4],[2583.4,873.4],[2582.4,873.0]]]}},{"type":"Feature","properties":{"id":"p:agua-dulce:1107","n":6,"sc":"#00ff00","fc":"#00ff00"},"geometry":{"type":"MultiLineString","coordinates":[[[2595.8,873.4],[2583.4,873.4],[2594.9,873.9],[2595.8,873.4]],[[2583.4,873.4],[2594.9,873.9],[2584.3,873.9],[2583.4,873.4]]]}},{"type":"Feature","properties":{"id":"p:agua-dulce:1108","n":6,"sc":"#00ff00","fc":"#00ff00"},"geometry":{"type":"MultiLineString","coordinates":[[[2594.9,873.9],[2584.3,873.9],[2593.9,874.4],[2594.9,873.9]],[[2584.3,873.9],[2593.9,874.4],[2585.3,874.4],[2584.3,873.9]]]}},{"type":"Feature","properties":{"id":"p:agua-dulce:1109","n":6,"sc":"#00ff00","fc":"#00ff00"},"geometry":{"type":"MultiLineString","coordinates":[[[2593.9,874.4],[2585.3,874.4],[2593.0,874.9],[2593.9,874.4]],[[2585.3,874.4],[2593.0,874.9],[2585.8,874.9],[2585.3,874.4]]]}},{"type":"Feature","properties":{"id":"p:agua-dulce:1110","n":6,"sc":"#00ff00","fc":"#00ff00"},"geometry":{"type":"MultiLineString","coordinates":[[[2593.0,874.9],[2585.8,874.9],[2592,875.4],[2593.0,874.9]],[[2585.8,874.9],[2592,875.4],[2587.2,875.4],[2585.8,874.9]]]}},{"type":"Feature","properties":{"id":"p:agua-dulce:1111","n":6,"sc":"#00ff00","fc":"#00ff00"},"geometry":{"type":"MultiLineString","coordinates":[[[2587.2,875.4],[2588.2,875.4],[2590.6,875.4],[2587.2,875.4]],[[2588.2,875.4],[2590.6,875.4],[2590.1,875.4],[2588.2,875.4]]]}},{"type":"Feature","properties":{"id":"p:agua-dulce:1112","n":3,"sc":"#00ff00","fc":"#00ff00"},"geometry":{"type":"LineString","coordinates":[[2587.2,875.4],[2592,875.4],[2590.6,875.4],[2587.2,875.4]]}},{"type":"Feature","properties":{"id":"p:agua-dulce:1113","n":16,"sc":"#00ff00"},"geometry":{"type":"LineString","coordinates":[[2600.2,864.6],[2599.3,860.4],[2597.0,856.9],[2593.6,854.6],[2589.4,853.8],[2585.2,854.6],[2581.7,856.9],[2579.4,860.4],[2578.6,864.6],[2579.4,868.8],[2581.7,872.2],[2585.2,874.5],[2589.4,875.4],[2593.6,874.5],[2597.0,872.2],[2599.3,868.8],[2600.2,864.6]]}},{"type":"Feature","properties":{"id":"p:agua-dulce:1114","n":3,"sc":"#00ff00","fc":"#00ff00"},"geometry":{"type":"LineString","coordinates":[[2559.8,1120.2],[2560.3,1120.2],[2557.9,1120.2],[2559.8,1120.2]]}},{"type":"Feature","properties":{"id":"p:agua-dulce:1115","n":6,"sc":"#00ff00","fc":"#00ff00"},"geometry":{"type":"MultiLineString","coordinates":[[[2560.3,1120.2],[2557.9,1120.2],[2561.8,1120.6],[2560.3,1120.2]],[[2557.9,1120.2],[2561.8,1120.6],[2557.0,1120.6],[2557.9,1120.2]]]}},{"type":"Feature","properties":{"id":"p:agua-dulce:1116","n":6,"sc":"#00ff00","fc":"#00ff00"},"geometry":{"type":"MultiLineString","coordinates":[[[2561.8,1120.6],[2557.0,1120.6],[2562.7,1120.6],[2561.8,1120.6]],[[2557.0,1120.6],[2562.7,1120.6],[2556,1120.6],[2557.0,1120.6]]]}},{"type":"Feature","properties":{"id":"p:agua-dulce:1117","n":6,"sc":"#00ff00","fc":"#00ff00"},"geometry":{"type":"MultiLineString","coordinates":[[[2562.7,1120.6],[2556,1120.6],[2563.7,1121.1],[2562.7,1120.6]],[[2556,1120.6],[2563.7,1121.1],[2555.0,1121.1],[2556,1120.6]]]}},{"type":"Feature","properties":{"id":"p:agua-dulce:1118","n":6,"sc":"#00ff00","fc":"#00ff00"},"geometry":{"type":"MultiLineString","coordinates":[[[2563.7,1121.1],[2555.0,1121.1],[2564.6,1121.6],[2563.7,1121.1]],[[2555.0,1121.1],[2564.6,1121.6],[2554.1,1121.6],[2555.0,1121.1]]]}},{"type":"Feature","properties":{"id":"p:agua-dulce:1119","n":6,"sc":"#00ff00","fc":"#00ff00"},"geometry":{"type":"MultiLineString","coordinates":[[[2564.6,1121.6],[2554.1,1121.6],[2565.6,1122.1],[2564.6,1121.6]],[[2554.1,1121.6],[2565.6,1122.1],[2553.1,1122.1],[2554.1,1121.6]]]}},{"type":"Feature","properties":{"id":"p:agua-dulce:1120","n":6,"sc":"#00ff00","fc":"#00ff00"},"geometry":{"type":"MultiLineString","coordinates":[[[2565.6,1122.1],[2553.1,1122.1],[2566.6,1122.6],[2565.6,1122.1]],[[2553.1,1122.1],[2566.6,1122.6],[2552.2,1122.6],[2553.1,1122.1]]]}},{"type":"Feature","properties":{"id":"p:agua-dulce:1121","n":6,"sc":"#00ff00","fc":"#00ff00"},"geometry":{"type":"MultiLineString","coordinates":[[[2566.6,1122.6],[2552.2,1122.6],[2567.0,1123.5],[2566.6,1122.6]],[[2552.2,1122.6],[2567.0,1123.5],[2551.7,1123.5],[2552.2,1122.6]]]}},{"type":"Feature","properties":{"id":"p:agua-dulce:1122","n":6,"sc":"#00ff00","fc":"#00ff00"},"geometry":{"type":"MultiLineString","coordinates":[[[2567.0,1123.5],[2551.7,1123.5],[2568,1124.5],[2567.0,1123.5]],[[2551.7,1123.5],[2568,1124.5],[2550.7,1124.5],[2551.7,1123.5]]]}},{"type":"Feature","properties":{"id":"p:agua-dulce:1123","n":6,"sc":"#00ff00","fc":"#00ff00"},"geometry":{"type":"MultiLineString","coordinates":[[[2568,1124.5],[2550.7,1124.5],[2568.5,1125.0],[2568,1124.5]],[[2550.7,1124.5],[2568.5,1125.0],[2550.2,1125.0],[2550.7,1124.5]]]}},{"type":"Feature","properties":{"id":"p:agua-dulce:1124","n":6,"sc":"#00ff00","fc":"#00ff00"},"geometry":{"type":"MultiLineString","coordinates":[[[2568.5,1125.0],[2550.2,1125.0],[2569.0,1125.9],[2568.5,1125.0]],[[2550.2,1125.0],[2569.0,1125.9],[2549.8,1125.9],[2550.2,1125.0]]]}},{"type":"Feature","properties":{"id":"p:agua-dulce:1125","n":6,"sc":"#00ff00","fc":"#00ff00"},"geometry":{"type":"MultiLineString","coordinates":[[[2569.0,1125.9],[2549.8,1125.9],[2569.4,1126.9],[2569.0,1125.9]],[[2549.8,1125.9],[2569.4,1126.9],[2549.3,1126.9],[2549.8,1125.9]]]}},{"type":"Feature","properties":{"id":"p:agua-dulce:1126","n":6,"sc":"#00ff00","fc":"#00ff00"},"geometry":{"type":"MultiLineString","coordinates":[[[2569.4,1126.9],[2549.3,1126.9],[2569.9,1127.8],[2569.4,1126.9]],[[2549.3,1126.9],[2569.9,1127.8],[2548.8,1127.8],[2549.3,1126.9]]]}},{"type":"Feature","properties":{"id":"p:agua-dulce:1127","n":6,"sc":"#00ff00","fc":"#00ff00"},"geometry":{"type":"MultiLineString","coordinates":[[[2569.9,1127.8],[2548.8,1127.8],[2569.9,1128.8],[2569.9,1127.8]],[[2548.8,1127.8],[2569.9,1128.8],[2548.8,1128.8],[2548.8,1127.8]]]}},{"type":"Feature","properties":{"id":"p:agua-dulce:1128","n":6,"sc":"#00ff00","fc":"#00ff00"},"geometry":{"type":"MultiLineString","coordinates":[[[2569.9,1128.8],[2548.8,1128.8],[2569.9,1129.8],[2569.9,1128.8]],[[2548.8,1128.8],[2569.9,1129.8],[2548.3,1129.8],[2548.8,1128.8]]]}},{"type":"Feature","properties":{"id":"p:agua-dulce:1129","n":6,"sc":"#00ff00","fc":"#00ff00"},"geometry":{"type":"MultiLineString","coordinates":[[[2569.9,1129.8],[2548.3,1129.8],[2570.4,1131.2],[2569.9,1129.8]],[[2548.3,1129.8],[2570.4,1131.2],[2548.3,1131.2],[2548.3,1129.8]]]}},{"type":"Feature","properties":{"id":"p:agua-dulce:1130","n":6,"sc":"#00ff00","fc":"#00ff00"},"geometry":{"type":"MultiLineString","coordinates":[[[2570.4,1131.2],[2548.3,1131.2],[2569.9,1132.2],[2570.4,1131.2]],[[2548.3,1131.2],[2569.9,1132.2],[2548.3,1132.2],[2548.3,1131.2]]]}},{"type":"Feature","properties":{"id":"p:agua-dulce:1131","n":6,"sc":"#00ff00","fc":"#00ff00"},"geometry":{"type":"MultiLineString","coordinates":[[[2569.9,1132.2],[2548.3,1132.2],[2569.9,1133.1],[2569.9,1132.2]],[[2548.3,1132.2],[2569.9,1133.1],[2548.8,1133.1],[2548.3,1132.2]]]}},{"type":"Feature","properties":{"id":"p:agua-dulce:1132","n":6,"sc":"#00ff00","fc":"#00ff00"},"geometry":{"type":"MultiLineString","coordinates":[[[2569.9,1133.1],[2548.8,1133.1],[2569.9,1134.1],[2569.9,1133.1]],[[2548.8,1133.1],[2569.9,1134.1],[2548.8,1134.1],[2548.8,1133.1]]]}},{"type":"Feature","properties":{"id":"p:agua-dulce:1133","n":6,"sc":"#00ff00","fc":"#00ff00"},"geometry":{"type":"MultiLineString","coordinates":[[[2569.9,1134.1],[2548.8,1134.1],[2569.4,1135.0],[2569.9,1134.1]],[[2548.8,1134.1],[2569.4,1135.0],[2549.3,1135.0],[2548.8,1134.1]]]}},{"type":"Feature","properties":{"id":"p:agua-dulce:1134","n":6,"sc":"#00ff00","fc":"#00ff00"},"geometry":{"type":"MultiLineString","coordinates":[[[2569.4,1135.0],[2549.3,1135.0],[2569.0,1136],[2569.4,1135.0]],[[2549.3,1135.0],[2569.0,1136],[2549.8,1136],[2549.3,1135.0]]]}},{"type":"Feature","properties":{"id":"p:agua-dulce:1135","n":6,"sc":"#00ff00","fc":"#00ff00"},"geometry":{"type":"MultiLineString","coordinates":[[[2569.0,1136],[2549.8,1136],[2568.5,1137.0],[2569.0,1136]],[[2549.8,1136],[2568.5,1137.0],[2550.2,1137.0],[2549.8,1136]]]}},{"type":"Feature","properties":{"id":"p:agua-dulce:1136","n":6,"sc":"#00ff00","fc":"#00ff00"},"geometry":{"type":"MultiLineString","coordinates":[[[2568.5,1137.0],[2550.2,1137.0],[2568,1137.9],[2568.5,1137.0]],[[2550.2,1137.0],[2568,1137.9],[2550.7,1137.9],[2550.2,1137.0]]]}},{"type":"Feature","properties":{"id":"p:agua-dulce:1137","n":6,"sc":"#00ff00","fc":"#00ff00"},"geometry":{"type":"MultiLineString","coordinates":[[[2568,1137.9],[2550.7,1137.9],[2567.0,1138.4],[2568,1137.9]],[[2550.7,1137.9],[2567.0,1138.4],[2551.7,1138.4],[2550.7,1137.9]]]}},{"type":"Feature","properties":{"id":"p:agua-dulce:1138","n":6,"sc":"#00ff00","fc":"#00ff00"},"geometry":{"type":"MultiLineString","coordinates":[[[2567.0,1138.4],[2551.7,1138.4],[2566.6,1139.4],[2567.0,1138.4]],[[2551.7,1138.4],[2566.6,1139.4],[2552.2,1139.4],[2551.7,1138.4]]]}},{"type":"Feature","properties":{"id":"p:agua-dulce:1139","n":6,"sc":"#00ff00","fc":"#00ff00"},"geometry":{"type":"MultiLineString","coordinates":[[[2566.6,1139.4],[2552.2,1139.4],[2565.6,1139.8],[2566.6,1139.4]],[[2552.2,1139.4],[2565.6,1139.8],[2553.1,1139.8],[2552.2,1139.4]]]}},{"type":"Feature","properties":{"id":"p:agua-dulce:1140","n":6,"sc":"#00ff00","fc":"#00ff00"},"geometry":{"type":"MultiLineString","coordinates":[[[2565.6,1139.8],[2553.1,1139.8],[2564.6,1140.3],[2565.6,1139.8]],[[2553.1,1139.8],[2564.6,1140.3],[2554.1,1140.3],[2553.1,1139.8]]]}},{"type":"Feature","properties":{"id":"p:agua-dulce:1141","n":6,"sc":"#00ff00","fc":"#00ff00"},"geometry":{"type":"MultiLineString","coordinates":[[[2564.6,1140.3],[2554.1,1140.3],[2563.7,1140.8],[2564.6,1140.3]],[[2554.1,1140.3],[2563.7,1140.8],[2555.0,1140.8],[2554.1,1140.3]]]}},{"type":"Feature","properties":{"id":"p:agua-dulce:1142","n":6,"sc":"#00ff00","fc":"#00ff00"},"geometry":{"type":"MultiLineString","coordinates":[[[2563.7,1140.8],[2555.0,1140.8],[2562.7,1141.3],[2563.7,1140.8]],[[2555.0,1140.8],[2562.7,1141.3],[2556,1141.3],[2555.0,1140.8]]]}},{"type":"Feature","properties":{"id":"p:agua-dulce:1143","n":6,"sc":"#00ff00","fc":"#00ff00"},"geometry":{"type":"MultiLineString","coordinates":[[[2562.7,1141.3],[2556,1141.3],[2561.8,1141.8],[2562.7,1141.3]],[[2556,1141.3],[2561.8,1141.8],[2557.0,1141.8],[2556,1141.3]]]}},{"type":"Feature","properties":{"id":"p:agua-dulce:1144","n":6,"sc":"#00ff00","fc":"#00ff00"},"geometry":{"type":"MultiLineString","coordinates":[[[2557.0,1141.8],[2557.9,1141.8],[2560.3,1141.8],[2557.0,1141.8]],[[2557.9,1141.8],[2560.3,1141.8],[2559.8,1141.8],[2557.9,1141.8]]]}},{"type":"Feature","properties":{"id":"p:agua-dulce:1145","n":3,"sc":"#00ff00","fc":"#00ff00"},"geometry":{"type":"LineString","coordinates":[[2557.0,1141.8],[2561.8,1141.8],[2560.3,1141.8],[2557.0,1141.8]]}},{"type":"Feature","properties":{"id":"p:agua-dulce:1146","n":16,"sc":"#00ff00"},"geometry":{"type":"LineString","coordinates":[[2569.9,1131.0],[2569.1,1126.8],[2566.8,1123.3],[2563.3,1121.0],[2559.1,1120.2],[2554.9,1121.0],[2551.5,1123.3],[2549.2,1126.8],[2548.3,1131.0],[2549.2,1135.2],[2551.5,1138.6],[2554.9,1140.9],[2559.1,1141.8],[2563.3,1140.9],[2566.8,1138.6],[2569.1,1135.2],[2569.9,1131.0]]}},{"type":"Feature","properties":{"id":"p:agua-dulce:1147","n":16,"sc":"#00ff00"},"geometry":{"type":"LineString","coordinates":[[2063.0,1907.6],[2062.2,1903.4],[2059.9,1900.0],[2056.4,1897.6],[2052.2,1896.8],[2048.0,1897.6],[2044.6,1900.0],[2042.3,1903.4],[2041.4,1907.6],[2042.3,1911.8],[2044.6,1915.2],[2048.0,1917.6],[2052.2,1918.4],[2056.4,1917.6],[2059.9,1915.2],[2062.2,1911.8],[2063.0,1907.6]]}},{"type":"Feature","properties":{"id":"p:agua-dulce:1148","n":6,"sc":"#00ff00","fc":"#00ff00"},"geometry":{"type":"MultiLineString","coordinates":[[[3635.5,2261.6],[3633.6,2261.6],[3637.4,2262.1],[3635.5,2261.6]],[[3633.6,2261.6],[3637.4,2262.1],[3631.7,2262.1],[3633.6,2261.6]]]}},{"type":"Feature","properties":{"id":"p:agua-dulce:1149","n":6,"sc":"#00ff00","fc":"#00ff00"},"geometry":{"type":"MultiLineString","coordinates":[[[3637.4,2262.1],[3631.7,2262.1],[3639.4,2262.6],[3637.4,2262.1]],[[3631.7,2262.1],[3639.4,2262.6],[3629.8,2262.6],[3631.7,2262.1]]]}},{"type":"Feature","properties":{"id":"p:agua-dulce:1150","n":6,"sc":"#00ff00","fc":"#00ff00"},"geometry":{"type":"MultiLineString","coordinates":[[[3639.4,2262.6],[3629.8,2262.6],[3640.8,2263.5],[3639.4,2262.6]],[[3629.8,2262.6],[3640.8,2263.5],[3628.3,2263.5],[3629.8,2262.6]]]}},{"type":"Feature","properties":{"id":"p:agua-dulce:1151","n":6,"sc":"#00ff00","fc":"#00ff00"},"geometry":{"type":"MultiLineString","coordinates":[[[3640.8,2263.5],[3628.3,2263.5],[3642.2,2265.0],[3640.8,2263.5]],[[3628.3,2263.5],[3642.2,2265.0],[3626.4,2265.0],[3628.3,2263.5]]]}},{"type":"Feature","properties":{"id":"p:agua-dulce:1152","n":6,"sc":"#00ff00","fc":"#00ff00"},"geometry":{"type":"MultiLineString","coordinates":[[[3642.2,2265.0],[3626.4,2265.0],[3643.7,2266.4],[3642.2,2265.0]],[[3626.4,2265.0],[3643.7,2266.4],[3625.4,2266.4],[3626.4,2265.0]]]}},{"type":"Feature","properties":{"id":"p:agua-dulce:1153","n":6,"sc":"#00ff00","fc":"#00ff00"},"geometry":{"type":"MultiLineString","coordinates":[[[3643.7,2266.4],[3625.4,2266.4],[3644.6,2268.3],[3643.7,2266.4]],[[3625.4,2266.4],[3644.6,2268.3],[3624.5,2268.3],[3625.4,2266.4]]]}},{"type":"Feature","properties":{"id":"p:agua-dulce:1154","n":6,"sc":"#00ff00","fc":"#00ff00"},"geometry":{"type":"MultiLineString","coordinates":[[[3644.6,2268.3],[3624.5,2268.3],[3645.1,2270.2],[3644.6,2268.3]],[[3624.5,2268.3],[3645.1,2270.2],[3624,2270.2],[3624.5,2268.3]]]}},{"type":"Feature","properties":{"id":"p:agua-dulce:1155","n":6,"sc":"#00ff00","fc":"#00ff00"},"geometry":{"type":"MultiLineString","coordinates":[[[3645.1,2270.2],[3624,2270.2],[3645.1,2272.2],[3645.1,2270.2]],[[3624,2270.2],[3645.1,2272.2],[3624,2272.2],[3624,2270.2]]]}},{"type":"Feature","properties":{"id":"p:agua-dulce:1156","n":6,"sc":"#00ff00","fc":"#00ff00"},"geometry":{"type":"MultiLineString","coordinates":[[[3645.1,2272.2],[3624,2272.2],[3645.1,2274.1],[3645.1,2272.2]],[[3624,2272.2],[3645.1,2274.1],[3624,2274.1],[3624,2272.2]]]}},{"type":"Feature","properties":{"id":"p:agua-dulce:1157","n":6,"sc":"#00ff00","fc":"#00ff00"},"geometry":{"type":"MultiLineString","coordinates":[[[3645.1,2274.1],[3624,2274.1],[3644.6,2276],[3645.1,2274.1]],[[3624,2274.1],[3644.6,2276],[3624.5,2276],[3624,2274.1]]]}},{"type":"Feature","properties":{"id":"p:agua-dulce:1158","n":6,"sc":"#00ff00","fc":"#00ff00"},"geometry":{"type":"MultiLineString","coordinates":[[[3644.6,2276],[3624.5,2276],[3643.7,2277.9],[3644.6,2276]],[[3624.5,2276],[3643.7,2277.9],[3625.4,2277.9],[3624.5,2276]]]}},{"type":"Feature","properties":{"id":"p:agua-dulce:1159","n":6,"sc":"#00ff00","fc":"#00ff00"},"geometry":{"type":"MultiLineString","coordinates":[[[3643.7,2277.9],[3625.4,2277.9],[3642.2,2279.4],[3643.7,2277.9]],[[3625.4,2277.9],[3642.2,2279.4],[3626.4,2279.4],[3625.4,2277.9]]]}},{"type":"Feature","properties":{"id":"p:agua-dulce:1160","n":6,"sc":"#00ff00","fc":"#00ff00"},"geometry":{"type":"MultiLineString","coordinates":[[[3642.2,2279.4],[3626.4,2279.4],[3640.8,2280.8],[3642.2,2279.4]],[[3626.4,2279.4],[3640.8,2280.8],[3628.3,2280.8],[3626.4,2279.4]]]}},{"type":"Feature","properties":{"id":"p:agua-dulce:1161","n":6,"sc":"#00ff00","fc":"#00ff00"},"geometry":{"type":"MultiLineString","coordinates":[[[3640.8,2280.8],[3628.3,2280.8],[3639.4,2281.8],[3640.8,2280.8]],[[3628.3,2280.8],[3639.4,2281.8],[3629.8,2281.8],[3628.3,2280.8]]]}},{"type":"Feature","properties":{"id":"p:agua-dulce:1162","n":6,"sc":"#00ff00","fc":"#00ff00"},"geometry":{"type":"MultiLineString","coordinates":[[[3639.4,2281.8],[3629.8,2281.8],[3637.4,2282.2],[3639.4,2281.8]],[[3629.8,2281.8],[3637.4,2282.2],[3631.7,2282.2],[3629.8,2281.8]]]}},{"type":"Feature","properties":{"id":"p:agua-dulce:1163","n":6,"sc":"#00ff00","fc":"#00ff00"},"geometry":{"type":"MultiLineString","coordinates":[[[3637.4,2282.2],[3631.7,2282.2],[3635.5,2282.7],[3637.4,2282.2]],[[3631.7,2282.2],[3635.5,2282.7],[3633.6,2282.7],[3631.7,2282.2]]]}},{"type":"Feature","properties":{"id":"p:agua-dulce:1164","n":16,"sc":"#00ff00"},"geometry":{"type":"LineString","coordinates":[[3645.1,2271.9],[3644.3,2267.7],[3642.0,2264.3],[3638.5,2262.0],[3634.3,2261.1],[3630.1,2262.0],[3626.7,2264.3],[3624.4,2267.7],[3623.5,2271.9],[3624.4,2276.1],[3626.7,2279.6],[3630.1,2281.9],[3634.3,2282.7],[3638.5,2281.9],[3642.0,2279.6],[3644.3,2276.1],[3645.1,2271.9]]}}]}