{
"type": "FeatureCollection",
"name": "SELECT",
"features": [
{ "type": "Feature", "properties": { "Layer": "023_MUROS_2", "PaperSpace": null, "SubClasses": null, "Linetype": null, "EntityHandle": "1C1E1BD2", "Text": null }, "geometry": { "type": "LineString", "coordinates": [ [ 8586.760384488592535, 22658.466610303239577, 0.0 ], [ 8484.477262370841345, 22658.466610303239577, 0.0 ] ] } },
{ "type": "Feature", "properties": { "Layer": "023_MUROS_2", "PaperSpace": null, "SubClasses": null, "Linetype": null, "EntityHandle": "1C1E1BE0", "Text": null }, "geometry": { "type": "LineString", "coordinates": [ [ 6285.390136827125389, 16910.155147254670737, 0.0 ], [ 9803.929537696978514, 16910.155147254670737, 0.0 ] ] } },
{ "type": "Feature", "properties": { "Layer": "023_MUROS_2", "PaperSpace": null, "SubClasses": null, "Linetype": null, "EntityHandle": "1C1E1BE2", "Text": null }, "geometry": { "type": "LineString", "coordinates": [ [ 6316.075073462936416, 16991.981644949180918, 0.0 ], [ 9722.103040002290072, 16991.981644949180918, 0.0 ] ] } },
{ "type": "Feature", "properties": { "Layer": "023_MUROS_2", "PaperSpace": null, "SubClasses": null, "Linetype": null, "EntityHandle": "1C1E1BE3", "Text": null }, "geometry": { "type": "LineString", "coordinates": [ [ 6111.508829226393573, 16664.675654171420319, 0.0 ], [ 6285.39013682759105, 16664.67565417071819, 0.0 ] ] } },
{ "type": "Feature", "properties": { "Layer": "023_MUROS_2", "PaperSpace": null, "SubClasses": null, "Linetype": null, "EntityHandle": "1C1E1BE4", "Text": null }, "geometry": { "type": "LineString", "coordinates": [ [ 6111.508829226393573, 15744.127555105940701, 0.0 ], [ 6285.39013682759105, 15744.127555105940701, 0.0 ] ] } },
{ "type": "Feature", "properties": { "Layer": "023_MUROS_2", "PaperSpace": null, "SubClasses": null, "Linetype": null, "EntityHandle": "1C1E1BE5", "Text": null }, "geometry": { "type": "LineString", "coordinates": [ [ 9803.929537696978514, 16910.155147254670737, 0.0 ], [ 9803.929537696978514, 17748.876748624788888, 0.0 ] ] } },
{ "type": "Feature", "properties": { "Layer": "023_MUROS_2", "PaperSpace": null, "SubClasses": null, "Linetype": null, "EntityHandle": "1C1E1BE6", "Text": null }, "geometry": { "type": "LineString", "coordinates": [ [ 9722.103040002290072, 16991.981644949180918, 0.0 ], [ 9722.103040002290072, 17830.703246319299069, 0.0 ] ] } },
{ "type": "Feature", "properties": { "Layer": "023_MUROS_2", "PaperSpace": null, "SubClasses": null, "Linetype": null, "EntityHandle": "1C1E1BE7", "Text": null }, "geometry": { "type": "LineString", "coordinates": [ [ 9936.897596450889978, 17748.876748624788888, 0.0 ], [ 9936.897596450889978, 17830.703246319299069, 0.0 ] ] } },
{ "type": "Feature", "properties": { "Layer": "023_MUROS_2", "PaperSpace": null, "SubClasses": null, "Linetype": null, "EntityHandle": "1C1E1BE8", "Text": null }, "geometry": { "type": "LineString", "coordinates": [ [ 9803.929537696978514, 17748.876748624788888, 0.0 ], [ 9936.897596450889978, 17748.876748624788888, 0.0 ] ] } },
{ "type": "Feature", "properties": { "Layer": "023_MUROS_2", "PaperSpace": null, "SubClasses": null, "Linetype": null, "EntityHandle": "1C1E1BE9", "Text": null }, "geometry": { "type": "LineString", "coordinates": [ [ 9722.103040002290072, 17830.703246319299069, 0.0 ], [ 9936.897596450889978, 17830.703246319299069, 0.0 ] ] } },
{ "type": "Feature", "properties": { "Layer": "023_MUROS_2", "PaperSpace": null, "SubClasses": null, "Linetype": null, "EntityHandle": "1C1E1BEA", "Text": null }, "geometry": { "type": "LineString", "coordinates": [ [ 14202.103788784410426, 21235.708381638018182, 0.0 ], [ 14202.103788784410426, 18004.584553920420149, 0.0 ] ] } },
{ "type": "Feature", "properties": { "Layer": "023_MUROS_2", "PaperSpace": null, "SubClasses": null, "Linetype": null, "EntityHandle": "1C1E1BEB", "Text": null }, "geometry": { "type": "LineString", "coordinates": [ [ 14253.245349843169606, 21235.708381638018182, 0.0 ], [ 14253.245349843169606, 18004.584553920420149, 0.0 ] ] } },
{ "type": "Feature", "properties": { "Layer": "023_MUROS_2", "PaperSpace": null, "SubClasses": null, "Linetype": null, "EntityHandle": "1C1E1BEC", "Text": null }, "geometry": { "type": "LineString", "coordinates": [ [ 14202.103788784410426, 17002.209957161008788, 0.0 ], [ 14202.103788784410426, 16961.296708313810086, 0.0 ] ] } },
{ "type": "Feature", "properties": { "Layer": "023_MUROS_2", "PaperSpace": null, "SubClasses": null, "Linetype": null, "EntityHandle": "1C1E1BED", "Text": null }, "geometry": { "type": "LineString", "coordinates": [ [ 13230.414128660320785, 17810.246621895628778, 0.0 ], [ 13230.414128660320785, 17707.963499777481047, 0.0 ] ] } },
{ "type": "Feature", "properties": { "Layer": "023_MUROS_2", "PaperSpace": null, "SubClasses": null, "Linetype": null, "EntityHandle": "1C1E1BEE", "Text": null }, "geometry": { "type": "LineString", "coordinates": [ [ 11757.537170156279899, 17810.246621895628778, 0.0 ], [ 11757.537170156279899, 17707.963499777481047, 0.0 ] ] } },
{ "type": "Feature", "properties": { "Layer": "023_MUROS_2", "PaperSpace": null, "SubClasses": null, "Linetype": null, "EntityHandle": "1C1E1BEF", "Text": null }, "geometry": { "type": "LineString", "coordinates": [ [ 14304.386910902159798, 21235.708381638018182, 0.0 ], [ 14304.386910902159798, 18004.584553920420149, 0.0 ] ] } },
{ "type": "Feature", "properties": { "Layer": "023_MUROS_2", "PaperSpace": null, "SubClasses": null, "Linetype": null, "EntityHandle": "1C1E1BF0", "Text": null }, "geometry": { "type": "LineString", "coordinates": [ [ 14304.386910902159798, 17002.209957161008788, 0.0 ], [ 14304.386910902159798, 16961.296708313810086, 0.0 ] ] } },
{ "type": "Feature", "properties": { "Layer": "023_MUROS_2", "PaperSpace": null, "SubClasses": null, "Linetype": null, "EntityHandle": "1C1E1BF1", "Text": null }, "geometry": { "type": "LineString", "coordinates": [ [ 24870.233425723770779, 21236.731212859089283, 0.0 ], [ 24870.233425723188702, 18025.041178345338267, 0.0 ] ] } },
{ "type": "Feature", "properties": { "Layer": "023_MUROS_2", "PaperSpace": null, "SubClasses": null, "Linetype": null, "EntityHandle": "1C1E1BF2", "Text": null }, "geometry": { "type": "LineString", "coordinates": [ [ 24870.233425723188702, 17022.666581585610402, 0.0 ], [ 24870.233425723188702, 16961.296708314941498, 0.0 ] ] } },
{ "type": "Feature", "properties": { "Layer": "023_MUROS_2", "PaperSpace": null, "SubClasses": null, "Linetype": null, "EntityHandle": "1C1E1BF3", "Text": null }, "geometry": { "type": "LineString", "coordinates": [ [ 20380.004364729720692, 16961.296708314530406, 0.0 ], [ 20380.004364729720692, 16910.155147254670737, 0.0 ] ] } },
{ "type": "Feature", "properties": { "Layer": "023_MUROS_2", "PaperSpace": null, "SubClasses": null, "Linetype": null, "EntityHandle": "1C1E1BF4", "Text": null }, "geometry": { "type": "LineString", "coordinates": [ [ 18825.300908531451569, 16961.29670831418116, 0.0 ], [ 18825.300908531451569, 16910.155147254670737, 0.0 ] ] } },
{ "type": "Feature", "properties": { "Layer": "023_MUROS_2", "PaperSpace": null, "SubClasses": null, "Linetype": null, "EntityHandle": "1C1E1BF5", "Text": null }, "geometry": { "type": "LineString", "coordinates": [ [ 24921.374986782531778, 21236.731212859089283, 0.0 ], [ 24921.374986782531778, 18025.041178345338267, 0.0 ] ] } },
{ "type": "Feature", "properties": { "Layer": "023_MUROS_2", "PaperSpace": null, "SubClasses": null, "Linetype": null, "EntityHandle": "1C1E1BF6", "Text": null }, "geometry": { "type": "LineString", "coordinates": [ [ 24895.804206252978474, 21236.731212859089283, 0.0 ], [ 24895.804206252978474, 18025.041178345338267, 0.0 ] ] } },
{ "type": "Feature", "properties": { "Layer": "023_MUROS_2", "PaperSpace": null, "SubClasses": null, "Linetype": null, "EntityHandle": "1C1E1BF7", "Text": null }, "geometry": { "type": "LineString", "coordinates": [ [ 24870.233425723188702, 21236.731212859089283, 0.0 ], [ 24870.233425723188702, 18025.041178345338267, 0.0 ] ] } },
{ "type": "Feature", "properties": { "Layer": "023_MUROS_2", "PaperSpace": null, "SubClasses": null, "Linetype": null, "EntityHandle": "1C1E1BF8", "Text": null }, "geometry": { "type": "LineString", "coordinates": [ [ 29063.841432574190549, 17431.799070058030338, 0.0 ], [ 29063.841432574190549, 16910.155147254670737, 0.0 ] ] } },
{ "type": "Feature", "properties": { "Layer": "023_MUROS_2", "PaperSpace": null, "SubClasses": null, "Linetype": null, "EntityHandle": "1C1E1BF9", "Text": null }, "geometry": { "type": "LineString", "coordinates": [ [ 29022.928183726449788, 17514.648398973531584, 0.0 ], [ 29022.928183726911811, 17431.799070061490056, 0.0 ] ] } },
{ "type": "Feature", "properties": { "Layer": "023_MUROS_2", "PaperSpace": null, "SubClasses": null, "Linetype": null, "EntityHandle": "1C1E1BFA", "Text": null }, "geometry": { "type": "LineString", "coordinates": [ [ 24921.374986782531778, 17022.666581585610402, 0.0 ], [ 24921.374986782531778, 16961.29670831418116, 0.0 ] ] } },
{ "type": "Feature", "properties": { "Layer": "023_MUROS_2", "PaperSpace": null, "SubClasses": null, "Linetype": null, "EntityHandle": "1C1E1BFB", "Text": null }, "geometry": { "type": "LineString", "coordinates": [ [ 11757.537170156279899, 17707.963499777481047, 0.0 ], [ 13230.414128660320785, 17707.963499777481047, 0.0 ] ] } },
{ "type": "Feature", "properties": { "Layer": "023_MUROS_2", "PaperSpace": null, "SubClasses": null, "Linetype": null, "EntityHandle": "1C1E1BFC", "Text": null }, "geometry": { "type": "LineString", "coordinates": [ [ 11757.537170156279899, 17810.246621895628778, 0.0 ], [ 13230.414128660320785, 17810.246621895628778, 0.0 ] ] } },
{ "type": "Feature", "properties": { "Layer": "023_MUROS_2", "PaperSpace": null, "SubClasses": null, "Linetype": null, "EntityHandle": "1C1E1BFD", "Text": null }, "geometry": { "type": "LineString", "coordinates": [ [ 6285.390136827125389, 16910.155147254670737, 0.0 ], [ 6285.39013682759105, 16664.67565417071819, 0.0 ] ] } },
{ "type": "Feature", "properties": { "Layer": "023_MUROS_2", "PaperSpace": null, "SubClasses": null, "Linetype": null, "EntityHandle": "1C1E1BFE", "Text": null }, "geometry": { "type": "LineString", "coordinates": [ [ 6285.390136826659727, 15744.127555105940701, 0.0 ], [ 6285.390136827125389, 15539.561310869419685, 0.0 ] ] } },
{ "type": "Feature", "properties": { "Layer": "023_MUROS_2", "PaperSpace": null, "SubClasses": null, "Linetype": null, "EntityHandle": "1C1E1BFF", "Text": null }, "geometry": { "type": "LineString", "coordinates": [ [ 37246.491202038836491, 15539.561310869190493, 0.0 ], [ 37246.491202038836491, 15437.278188751210109, 0.0 ] ] } },
{ "type": "Feature", "properties": { "Layer": "023_MUROS_2", "PaperSpace": null, "SubClasses": null, "Linetype": null, "EntityHandle": "1C1E1C00", "Text": null }, "geometry": { "type": "LineString", "coordinates": [ [ 36325.943102974437352, 15539.561310869190493, 0.0 ], [ 36325.943102974437352, 15437.278188751210109, 0.0 ] ] } },
{ "type": "Feature", "properties": { "Layer": "023_MUROS_2", "PaperSpace": null, "SubClasses": null, "Linetype": null, "EntityHandle": "1C1E1C01", "Text": null }, "geometry": { "type": "LineString", "coordinates": [ [ 6285.390136827125389, 15539.561310869419685, 0.0 ], [ 17219.455891276051261, 15539.561310869190493, 0.0 ] ] } },
{ "type": "Feature", "properties": { "Layer": "023_MUROS_2", "PaperSpace": null, "SubClasses": null, "Linetype": null, "EntityHandle": "1C1E1C03", "Text": null }, "geometry": { "type": "LineString", "coordinates": [ [ 19469.684577878761047, 15539.561310869419685, 0.0 ], [ 36325.943102973971691, 15539.561310868990404, 0.0 ] ] } },
{ "type": "Feature", "properties": { "Layer": "023_MUROS_2", "PaperSpace": null, "SubClasses": null, "Linetype": null, "EntityHandle": "1C1E1C04", "Text": null }, "geometry": { "type": "LineString", "coordinates": [ [ 37246.491202038836491, 15539.561310868990404, 0.0 ], [ 39246.217930783706834, 15539.561310869190493, 0.0 ] ] } },
{ "type": "Feature", "properties": { "Layer": "023_MUROS_2", "PaperSpace": null, "SubClasses": null, "Linetype": null, "EntityHandle": "1C1E1C05", "Text": null }, "geometry": { "type": "LineString", "coordinates": [ [ 6285.390136826659727, 15437.278188751039124, 0.0 ], [ 17096.71614473245063, 15437.278188751210109, 0.0 ] ] } },
{ "type": "Feature", "properties": { "Layer": "023_MUROS_2", "PaperSpace": null, "SubClasses": null, "Linetype": null, "EntityHandle": "1C1E1C06", "Text": null }, "geometry": { "type": "LineString", "coordinates": [ [ 19592.424324420509947, 15437.278188751210109, 0.0 ], [ 36325.943102974437352, 15437.278188751210109, 0.0 ] ] } },
{ "type": "Feature", "properties": { "Layer": "023_MUROS_2", "PaperSpace": null, "SubClasses": null, "Linetype": null, "EntityHandle": "1C1E1C07", "Text": null }, "geometry": { "type": "LineString", "coordinates": [ [ 37256.719514251126384, 15437.278188751210109, 0.0 ], [ 43403.935153561549669, 15437.278188751039124, 0.0 ] ] } },
{ "type": "Feature", "properties": { "Layer": "023_MUROS_2", "PaperSpace": null, "SubClasses": null, "Linetype": null, "EntityHandle": "1C1E1C08", "Text": null }, "geometry": { "type": "LineString", "coordinates": [ [ 43853.980890881692176, 15437.278188751039124, 0.0 ], [ 45470.054220350306423, 15437.278188751039124, 0.0 ] ] } },
{ "type": "Feature", "properties": { "Layer": "023_MUROS_2", "PaperSpace": null, "SubClasses": null, "Linetype": null, "EntityHandle": "1C1E1C09", "Text": null }, "geometry": { "type": "LineString", "coordinates": [ [ 45930.328269883088069, 15437.278188751039124, 0.0 ], [ 47024.757676548571908, 15437.278188751210109, 0.0 ] ] } },
{ "type": "Feature", "properties": { "Layer": "023_MUROS_2", "PaperSpace": null, "SubClasses": null, "Linetype": null, "EntityHandle": "1C1E1C0A", "Text": null }, "geometry": { "type": "LineString", "coordinates": [ [ 13036.076196635360247, 16910.155147254670737, 0.0 ], [ 13036.076196635360247, 16961.296708313810086, 0.0 ] ] } },
{ "type": "Feature", "properties": { "Layer": "023_MUROS_2", "PaperSpace": null, "SubClasses": null, "Linetype": null, "EntityHandle": "1C1E1C0B", "Text": null }, "geometry": { "type": "LineString", "coordinates": [ [ 13036.076196635360247, 16961.296708313810086, 0.0 ], [ 14202.103788784410426, 16961.296708313810086, 0.0 ] ] } },
{ "type": "Feature", "properties": { "Layer": "023_MUROS_2", "PaperSpace": null, "SubClasses": null, "Linetype": null, "EntityHandle": "1C1E1C0C", "Text": null }, "geometry": { "type": "LineString", "coordinates": [ [ 14304.386910902159798, 16961.296708313810086, 0.0 ], [ 18825.300908531451569, 16961.29670831418116, 0.0 ] ] } },
{ "type": "Feature", "properties": { "Layer": "023_MUROS_2", "PaperSpace": null, "SubClasses": null, "Linetype": null, "EntityHandle": "1C1E1C0D", "Text": null }, "geometry": { "type": "LineString", "coordinates": [ [ 20380.00436473029913, 16961.296708314530406, 0.0 ], [ 24870.233425723188702, 16961.29670831418116, 0.0 ] ] } },
{ "type": "Feature", "properties": { "Layer": "023_MUROS_2", "PaperSpace": null, "SubClasses": null, "Linetype": null, "EntityHandle": "1C1E1C0E", "Text": null }, "geometry": { "type": "LineString", "coordinates": [ [ 24921.374986782531778, 16961.296708314530406, 0.0 ], [ 25688.498402669840289, 16961.296708314530406, 0.0 ] ] } },
{ "type": "Feature", "properties": { "Layer": "023_MUROS_2", "PaperSpace": null, "SubClasses": null, "Linetype": null, "EntityHandle": "1C1E1C0F", "Text": null }, "geometry": { "type": "LineString", "coordinates": [ [ 25719.183339305189293, 17748.876748625691107, 0.0 ], [ 27263.658483291870652, 17748.876748625691107, 0.0 ] ] } },
{ "type": "Feature", "properties": { "Layer": "023_MUROS_2", "PaperSpace": null, "SubClasses": null, "Linetype": null, "EntityHandle": "1C1E1C10", "Text": null }, "geometry": { "type": "LineString", "coordinates": [ [ 25719.183339305189293, 17851.159870743900683, 0.0 ], [ 27263.658483291870652, 17851.159870744111686, 0.0 ] ] } },
{ "type": "Feature", "properties": { "Layer": "023_MUROS_2", "PaperSpace": null, "SubClasses": null, "Linetype": null, "EntityHandle": "1C1E1C11", "Text": null }, "geometry": { "type": "LineString", "coordinates": [ [ 24870.233425723188702, 17022.666581585610402, 0.0 ], [ 24921.374986782531778, 17022.666581585930544, 0.0 ] ] } },
{ "type": "Feature", "properties": { "Layer": "023_MUROS_2", "PaperSpace": null, "SubClasses": null, "Linetype": null, "EntityHandle": "1C1E1C12", "Text": null }, "geometry": { "type": "LineString", "coordinates": [ [ 24870.233425723188702, 18025.041178345338267, 0.0 ], [ 24921.374986782531778, 18025.041178345338267, 0.0 ] ] } },
{ "type": "Feature", "properties": { "Layer": "023_MUROS_2", "PaperSpace": null, "SubClasses": null, "Linetype": null, "EntityHandle": "1C1E1C13", "Text": null }, "geometry": { "type": "LineString", "coordinates": [ [ 14202.103788784410426, 17002.209957161008788, 0.0 ], [ 14304.386910902159798, 17002.209957161008788, 0.0 ] ] } },
{ "type": "Feature", "properties": { "Layer": "023_MUROS_2", "PaperSpace": null, "SubClasses": null, "Linetype": null, "EntityHandle": "1C1E1C14", "Text": null }, "geometry": { "type": "LineString", "coordinates": [ [ 14202.103788784410426, 18004.584553920420149, 0.0 ], [ 14304.386910902159798, 18004.584553920420149, 0.0 ] ] } },
{ "type": "Feature", "properties": { "Layer": "023_MUROS_2", "PaperSpace": null, "SubClasses": null, "Linetype": null, "EntityHandle": "1C1E1C15", "Text": null }, "geometry": { "type": "LineString", "coordinates": [ [ 14202.103788784410426, 21235.708381638018182, 0.0 ], [ 14304.386910902159798, 21235.708381638018182, 0.0 ] ] } },
{ "type": "Feature", "properties": { "Layer": "023_MUROS_2", "PaperSpace": null, "SubClasses": null, "Linetype": null, "EntityHandle": "1C1E1C16", "Text": null }, "geometry": { "type": "LineString", "coordinates": [ [ 13036.076196635360247, 16910.155147254670737, 0.0 ], [ 18825.300908531451569, 16910.155147254441545, 0.0 ] ] } },
{ "type": "Feature", "properties": { "Layer": "023_MUROS_2", "PaperSpace": null, "SubClasses": null, "Linetype": null, "EntityHandle": "1C1E1C17", "Text": null }, "geometry": { "type": "LineString", "coordinates": [ [ 20380.004364729720692, 16910.155147254441545, 0.0 ], [ 25688.498402669840289, 16910.155147254670737, 0.0 ] ] } },
{ "type": "Feature", "properties": { "Layer": "023_MUROS_2", "PaperSpace": null, "SubClasses": null, "Linetype": null, "EntityHandle": "1C1E1C18", "Text": null }, "geometry": { "type": "LineString", "coordinates": [ [ 29022.928183726911811, 17431.799070058030338, 0.0 ], [ 29063.841432574190549, 17431.799070058030338, 0.0 ] ] } },
{ "type": "Feature", "properties": { "Layer": "023_MUROS_2", "PaperSpace": null, "SubClasses": null, "Linetype": null, "EntityHandle": "1C1E1C19", "Text": null }, "geometry": { "type": "LineString", "coordinates": [ [ 28818.361939488739154, 22607.32504924442037, 0.0 ], [ 29063.841432572920894, 22607.32504924442037, 0.0 ] ] } },
{ "type": "Feature", "properties": { "Layer": "023_MUROS_2", "PaperSpace": null, "SubClasses": null, "Linetype": null, "EntityHandle": "1C1E1C1A", "Text": null }, "geometry": { "type": "LineString", "coordinates": [ [ 29063.841432573379279, 21502.66733036667938, 0.0 ], [ 29166.12455469113047, 21502.66733036667938, 0.0 ] ] } },
{ "type": "Feature", "properties": { "Layer": "023_MUROS_2", "PaperSpace": null, "SubClasses": null, "Linetype": null, "EntityHandle": "1C1E1C1B", "Text": null }, "geometry": { "type": "LineString", "coordinates": [ [ 29063.841432573379279, 20766.22885111486903, 0.0 ], [ 29166.12455469113047, 20766.22885111486903, 0.0 ] ] } },
{ "type": "Feature", "properties": { "Layer": "023_MUROS_2", "PaperSpace": null, "SubClasses": null, "Linetype": null, "EntityHandle": "1C1E1C1C", "Text": null }, "geometry": { "type": "LineString", "coordinates": [ [ 24870.233425723770779, 21236.731212859089283, 0.0 ], [ 24921.374986782531778, 21236.731212859089283, 0.0 ] ] } },
{ "type": "Feature", "properties": { "Layer": "023_MUROS_2", "PaperSpace": null, "SubClasses": null, "Linetype": null, "EntityHandle": "1C1E1C25", "Text": null }, "geometry": { "type": "LineString", "coordinates": [ [ 25719.183339305189293, 17748.876748625691107, 0.0 ], [ 25719.183339305189293, 17851.159870743900683, 0.0 ] ] } },
{ "type": "Feature", "properties": { "Layer": "023_MUROS_2", "PaperSpace": null, "SubClasses": null, "Linetype": null, "EntityHandle": "1C1E1C26", "Text": null }, "geometry": { "type": "LineString", "coordinates": [ [ 27263.658483291870652, 17748.876748625691107, 0.0 ], [ 27263.658483291870652, 17851.159870743900683, 0.0 ] ] } },
{ "type": "Feature", "properties": { "Layer": "023_MUROS_2", "PaperSpace": null, "SubClasses": null, "Linetype": null, "EntityHandle": "1C1E1C36", "Text": null }, "geometry": { "type": "LineString", "coordinates": [ [ 25688.498402669840289, 16961.296708314530406, 0.0 ], [ 25688.498402669840289, 16910.155147254670737, 0.0 ] ] } },
{ "type": "Feature", "properties": { "Layer": "023_MUROS_2", "PaperSpace": null, "SubClasses": null, "Linetype": null, "EntityHandle": "1C1E1C3C", "Text": null }, "geometry": { "type": "LineString", "coordinates": [ [ 28818.361939488739154, 22607.32504924442037, 0.0 ], [ 28818.361939488739154, 22658.466610303439666, 0.0 ] ] } },
{ "type": "Feature", "properties": { "Layer": "023_MUROS_2", "PaperSpace": null, "SubClasses": null, "Linetype": null, "EntityHandle": "1C1E1C3D", "Text": null }, "geometry": { "type": "LineString", "coordinates": [ [ 29063.841432574190549, 17514.648398973731673, 0.0 ], [ 29063.841432573379279, 20766.22885111486903, 0.0 ] ] } },
{ "type": "Feature", "properties": { "Layer": "023_MUROS_2", "PaperSpace": null, "SubClasses": null, "Linetype": null, "EntityHandle": "1C1E1C3E", "Text": null }, "geometry": { "type": "LineString", "coordinates": [ [ 29063.841432573379279, 21502.66733036667938, 0.0 ], [ 29063.841432572920894, 22607.32504924442037, 0.0 ] ] } },
{ "type": "Feature", "properties": { "Layer": "023_MUROS_2", "PaperSpace": null, "SubClasses": null, "Linetype": null, "EntityHandle": "1C1E1C3F", "Text": null }, "geometry": { "type": "LineString", "coordinates": [ [ 29166.124554692880338, 16961.296708313810086, 0.0 ], [ 29166.124554691479716, 20653.717416784831585, 0.0 ] ] } },
{ "type": "Feature", "properties": { "Layer": "023_MUROS_2", "PaperSpace": null, "SubClasses": null, "Linetype": null, "EntityHandle": "1C1E1C40", "Text": null }, "geometry": { "type": "LineString", "coordinates": [ [ 29114.98299363365004, 16961.296708313690033, 0.0 ], [ 29114.982993632718717, 20653.717416784831585, 0.0 ] ] } },
{ "type": "Feature", "properties": { "Layer": "023_MUROS_2", "PaperSpace": null, "SubClasses": null, "Linetype": null, "EntityHandle": "1C1E1C41", "Text": null }, "geometry": { "type": "LineString", "coordinates": [ [ 29166.12455469113047, 20704.858977843639877, 0.0 ], [ 29166.124554691479716, 20766.228851115069119, 0.0 ] ] } },
{ "type": "Feature", "properties": { "Layer": "023_MUROS_2", "PaperSpace": null, "SubClasses": null, "Linetype": null, "EntityHandle": "1C1E1C42", "Text": null }, "geometry": { "type": "LineString", "coordinates": [ [ 30495.805142229899502, 20653.717416784831585, 0.0 ], [ 30495.805142229899502, 21932.256443263599067, 0.0 ] ] } },
{ "type": "Feature", "properties": { "Layer": "023_MUROS_2", "PaperSpace": null, "SubClasses": null, "Linetype": null, "EntityHandle": "1C1E1C43", "Text": null }, "geometry": { "type": "LineString", "coordinates": [ [ 31283.385182540740061, 21932.256443263690016, 0.0 ], [ 31283.385182540740061, 22607.32504924442037, 0.0 ] ] } },
{ "type": "Feature", "properties": { "Layer": "023_MUROS_2", "PaperSpace": null, "SubClasses": null, "Linetype": null, "EntityHandle": "1C1E1C44", "Text": null }, "geometry": { "type": "LineString", "coordinates": [ [ 30444.663581170800171, 20704.858977843639877, 0.0 ], [ 30444.663581170330872, 22607.32504924442037, 0.0 ] ] } },
{ "type": "Feature", "properties": { "Layer": "023_MUROS_2", "PaperSpace": null, "SubClasses": null, "Linetype": null, "EntityHandle": "1C1E1C45", "Text": null }, "geometry": { "type": "LineString", "coordinates": [ [ 29166.124554691479716, 21502.66733036667938, 0.0 ], [ 29166.12455469113047, 22607.32504924442037, 0.0 ] ] } },
{ "type": "Feature", "properties": { "Layer": "023_MUROS_2", "PaperSpace": null, "SubClasses": null, "Linetype": null, "EntityHandle": "1C1E1C46", "Text": null }, "geometry": { "type": "LineString", "coordinates": [ [ 29022.928183726449788, 17514.648398973531584, 0.0 ], [ 29063.841432574190549, 17514.648398973531584, 0.0 ] ] } },
{ "type": "Feature", "properties": { "Layer": "023_MUROS_2", "PaperSpace": null, "SubClasses": null, "Linetype": null, "EntityHandle": "1C1E1C4F", "Text": null }, "geometry": { "type": "LineString", "coordinates": [ [ 29063.841432574190549, 16910.155147254670737, 0.0 ], [ 32336.901340359869209, 16910.155147254670737, 0.0 ] ] } },
{ "type": "Feature", "properties": { "Layer": "023_MUROS_2", "PaperSpace": null, "SubClasses": null, "Linetype": null, "EntityHandle": "1C1E1C50", "Text": null }, "geometry": { "type": "LineString", "coordinates": [ [ 29166.124554692880338, 16961.296708313810086, 0.0 ], [ 32285.75977930110821, 16961.296708313810086, 0.0 ] ] } },
{ "type": "Feature", "properties": { "Layer": "023_MUROS_2", "PaperSpace": null, "SubClasses": null, "Linetype": null, "EntityHandle": "1C1E1C51", "Text": null }, "geometry": { "type": "LineString", "coordinates": [ [ 29166.124554691479716, 20653.717416784831585, 0.0 ], [ 30495.805142229899502, 20653.717416784831585, 0.0 ] ] } },
{ "type": "Feature", "properties": { "Layer": "023_MUROS_2", "PaperSpace": null, "SubClasses": null, "Linetype": null, "EntityHandle": "1C1E1C52", "Text": null }, "geometry": { "type": "LineString", "coordinates": [ [ 30495.805142229321063, 21932.256443263690016, 0.0 ], [ 31283.385182540740061, 21932.256443263690016, 0.0 ] ] } },
{ "type": "Feature", "properties": { "Layer": "023_MUROS_2", "PaperSpace": null, "SubClasses": null, "Linetype": null, "EntityHandle": "1C1E1C53", "Text": null }, "geometry": { "type": "LineString", "coordinates": [ [ 29166.12455469113047, 20704.858977843639877, 0.0 ], [ 30444.663581170800171, 20704.858977843639877, 0.0 ] ] } },
{ "type": "Feature", "properties": { "Layer": "023_MUROS_2", "PaperSpace": null, "SubClasses": null, "Linetype": null, "EntityHandle": "1C1E1C54", "Text": null }, "geometry": { "type": "LineString", "coordinates": [ [ 32336.901340359869209, 16910.155147254670737, 0.0 ], [ 32336.901340359869209, 17063.579830431990558, 0.0 ] ] } },
{ "type": "Feature", "properties": { "Layer": "023_MUROS_2", "PaperSpace": null, "SubClasses": null, "Linetype": null, "EntityHandle": "1C1E1C55", "Text": null }, "geometry": { "type": "LineString", "coordinates": [ [ 32285.75977930110821, 16961.296708313810086, 0.0 ], [ 32285.75977930110821, 17063.579830431990558, 0.0 ] ] } },
{ "type": "Feature", "properties": { "Layer": "023_MUROS_2", "PaperSpace": null, "SubClasses": null, "Linetype": null, "EntityHandle": "1C1E1C56", "Text": null }, "geometry": { "type": "LineString", "coordinates": [ [ 32336.901340359869209, 17063.579830431990558, 0.0 ], [ 32285.75977930110821, 17063.579830431990558, 0.0 ] ] } },
{ "type": "Feature", "properties": { "Layer": "023_MUROS_2", "PaperSpace": null, "SubClasses": null, "Linetype": null, "EntityHandle": "1C1E1C58", "Text": null }, "geometry": { "type": "LineString", "coordinates": [ [ 32336.901340359869209, 18270.52067142803935, 0.0 ], [ 32285.75977930110821, 18270.52067142803935, 0.0 ] ] } },
{ "type": "Feature", "properties": { "Layer": "023_MUROS_2", "PaperSpace": null, "SubClasses": null, "Linetype": null, "EntityHandle": "1C1E1C59", "Text": null }, "geometry": { "type": "LineString", "coordinates": [ [ 32336.901340359869209, 18270.52067142803935, 0.0 ], [ 32336.901340359869209, 18454.630291241108353, 0.0 ] ] } },
{ "type": "Feature", "properties": { "Layer": "023_MUROS_2", "PaperSpace": null, "SubClasses": null, "Linetype": null, "EntityHandle": "1C1E1C5A", "Text": null }, "geometry": { "type": "LineString", "coordinates": [ [ 32336.901340359869209, 18454.630291241108353, 0.0 ], [ 33492.700620296978741, 18454.630291241108353, 0.0 ] ] } },
{ "type": "Feature", "properties": { "Layer": "023_MUROS_2", "PaperSpace": null, "SubClasses": null, "Linetype": null, "EntityHandle": "1C1E1C5B", "Text": null }, "geometry": { "type": "LineString", "coordinates": [ [ 32336.901340359869209, 18505.771852300280443, 0.0 ], [ 33492.700620296978741, 18505.771852300280443, 0.0 ] ] } },
{ "type": "Feature", "properties": { "Layer": "023_MUROS_2", "PaperSpace": null, "SubClasses": null, "Linetype": null, "EntityHandle": "1C1E1C5C", "Text": null }, "geometry": { "type": "LineString", "coordinates": [ [ 33492.700620296978741, 18454.630291241108353, 0.0 ], [ 33492.700620296978741, 18505.771852299931197, 0.0 ] ] } },
{ "type": "Feature", "properties": { "Layer": "023_MUROS_2", "PaperSpace": null, "SubClasses": null, "Linetype": null, "EntityHandle": "1C1E1C5D", "Text": null }, "geometry": { "type": "LineString", "coordinates": [ [ 34505.30352926847263, 18454.630291241108353, 0.0 ], [ 34505.30352926847263, 18505.771852299931197, 0.0 ] ] } },
{ "type": "Feature", "properties": { "Layer": "023_MUROS_2", "PaperSpace": null, "SubClasses": null, "Linetype": null, "EntityHandle": "1C1E1C5E", "Text": null }, "geometry": { "type": "LineString", "coordinates": [ [ 32285.75977930110821, 18270.52067142803935, 0.0 ], [ 32285.75977930110821, 20275.269864946680173, 0.0 ] ] } },
{ "type": "Feature", "properties": { "Layer": "023_MUROS_2", "PaperSpace": null, "SubClasses": null, "Linetype": null, "EntityHandle": "1C1E1C5F", "Text": null }, "geometry": { "type": "LineString", "coordinates": [ [ 32311.330559830781567, 18270.52067142803935, 0.0 ], [ 32311.330559830781567, 20275.269864946680173, 0.0 ] ] } },
{ "type": "Feature", "properties": { "Layer": "023_MUROS_2", "PaperSpace": null, "SubClasses": null, "Linetype": null, "EntityHandle": "1C1E1C60", "Text": null }, "geometry": { "type": "LineString", "coordinates": [ [ 32285.75977930110821, 21257.18783728201015, 0.0 ], [ 32285.75977930110821, 22607.32504924442037, 0.0 ] ] } },
{ "type": "Feature", "properties": { "Layer": "023_MUROS_2", "PaperSpace": null, "SubClasses": null, "Linetype": null, "EntityHandle": "1C1E1C61", "Text": null }, "geometry": { "type": "LineString", "coordinates": [ [ 32336.901340359869209, 18505.771852300280443, 0.0 ], [ 32336.901340359869209, 20275.269864946680173, 0.0 ] ] } },
{ "type": "Feature", "properties": { "Layer": "023_MUROS_2", "PaperSpace": null, "SubClasses": null, "Linetype": null, "EntityHandle": "1C1E1C62", "Text": null }, "geometry": { "type": "LineString", "coordinates": [ [ 34740.554710140597308, 18505.771852300280443, 0.0 ], [ 34740.554710140597308, 21942.484755475288694, 0.0 ] ] } },
{ "type": "Feature", "properties": { "Layer": "023_MUROS_2", "PaperSpace": null, "SubClasses": null, "Linetype": null, "EntityHandle": "1C1E1C63", "Text": null }, "geometry": { "type": "LineString", "coordinates": [ [ 34791.696271199347393, 18505.771852300280443, 0.0 ], [ 34791.696271199347393, 21942.484755475288694, 0.0 ] ] } },
{ "type": "Feature", "properties": { "Layer": "023_MUROS_2", "PaperSpace": null, "SubClasses": null, "Linetype": null, "EntityHandle": "1C1E1C64", "Text": null }, "geometry": { "type": "LineString", "coordinates": [ [ 34766.125490669677674, 18505.771852300280443, 0.0 ], [ 34766.125490669677674, 21942.484755475288694, 0.0 ] ] } },
{ "type": "Feature", "properties": { "Layer": "023_MUROS_2", "PaperSpace": null, "SubClasses": null, "Linetype": null, "EntityHandle": "1C1E1C65", "Text": null }, "geometry": { "type": "LineString", "coordinates": [ [ 35313.340194002601493, 21942.484755475288694, 0.0 ], [ 35313.340194002601493, 22607.32504924442037, 0.0 ] ] } },
{ "type": "Feature", "properties": { "Layer": "023_MUROS_2", "PaperSpace": null, "SubClasses": null, "Linetype": null, "EntityHandle": "1C1E1C66", "Text": null }, "geometry": { "type": "LineString", "coordinates": [ [ 38668.226599483190512, 21523.123954790349671, 0.0 ], [ 38668.226599483190512, 22607.32504924442037, 0.0 ] ] } },
{ "type": "Feature", "properties": { "Layer": "023_MUROS_2", "PaperSpace": null, "SubClasses": null, "Linetype": null, "EntityHandle": "1C1E1C67", "Text": null }, "geometry": { "type": "LineString", "coordinates": [ [ 38289.779047646152321, 22607.32504924442037, 0.0 ], [ 38289.779047646152321, 22658.466610303668858, 0.0 ] ] } },
{ "type": "Feature", "properties": { "Layer": "023_MUROS_2", "PaperSpace": null, "SubClasses": null, "Linetype": null, "EntityHandle": "1C1E1C68", "Text": null }, "geometry": { "type": "LineString", "coordinates": [ [ 37389.687573004339356, 22607.32504924442037, 0.0 ], [ 37389.687573004339356, 22658.466610303668858, 0.0 ] ] } },
{ "type": "Feature", "properties": { "Layer": "023_MUROS_2", "PaperSpace": null, "SubClasses": null, "Linetype": null, "EntityHandle": "1C1E1C69", "Text": null }, "geometry": { "type": "LineString", "coordinates": [ [ 38770.509721601527417, 21523.123954790349671, 0.0 ], [ 38770.509721601527417, 21942.484755475288694, 0.0 ] ] } },
{ "type": "Feature", "properties": { "Layer": "023_MUROS_2", "PaperSpace": null, "SubClasses": null, "Linetype": null, "EntityHandle": "1C1E1C6A", "Text": null }, "geometry": { "type": "LineString", "coordinates": [ [ 47321.378730691627425, 18505.771852300280443, 0.0 ], [ 47321.378730691627425, 21942.484755475288694, 0.0 ] ] } },
{ "type": "Feature", "properties": { "Layer": "023_MUROS_2", "PaperSpace": null, "SubClasses": null, "Linetype": null, "EntityHandle": "1C1E1C6B", "Text": null }, "geometry": { "type": "LineString", "coordinates": [ [ 46748.59324682962324, 21942.484755475288694, 0.0 ], [ 46748.59324682962324, 22607.32504924442037, 0.0 ] ] } },
{ "type": "Feature", "properties": { "Layer": "023_MUROS_2", "PaperSpace": null, "SubClasses": null, "Linetype": null, "EntityHandle": "1C1E1C6C", "Text": null }, "geometry": { "type": "LineString", "coordinates": [ [ 46666.766749135167629, 22607.32504924442037, 0.0 ], [ 46666.766749135167629, 22658.466610303239577, 0.0 ] ] } },
{ "type": "Feature", "properties": { "Layer": "023_MUROS_2", "PaperSpace": null, "SubClasses": null, "Linetype": null, "EntityHandle": "1C1E1C6D", "Text": null }, "geometry": { "type": "LineString", "coordinates": [ [ 44835.898863217487815, 22607.32504924442037, 0.0 ], [ 44835.898863217487815, 22658.466610303239577, 0.0 ] ] } },
{ "type": "Feature", "properties": { "Layer": "023_MUROS_2", "PaperSpace": null, "SubClasses": null, "Linetype": null, "EntityHandle": "1C1E1C6E", "Text": null }, "geometry": { "type": "LineString", "coordinates": [ [ 43373.250216925393033, 21942.484755475288694, 0.0 ], [ 43373.250216925393033, 22607.32504924442037, 0.0 ] ] } },
{ "type": "Feature", "properties": { "Layer": "023_MUROS_2", "PaperSpace": null, "SubClasses": null, "Linetype": null, "EntityHandle": "1C1E1C6F", "Text": null }, "geometry": { "type": "LineString", "coordinates": [ [ 42749.323172004042135, 21942.484755475288694, 0.0 ], [ 42749.323172004042135, 22607.32504924442037, 0.0 ] ] } },
{ "type": "Feature", "properties": { "Layer": "023_MUROS_2", "PaperSpace": null, "SubClasses": null, "Linetype": null, "EntityHandle": "1C1E1C70", "Text": null }, "geometry": { "type": "LineString", "coordinates": [ [ 47372.520291751083278, 18536.456788935629447, 0.0 ], [ 47372.520291751083278, 22576.640112608209165, 0.0 ] ] } },
{ "type": "Feature", "properties": { "Layer": "023_MUROS_2", "PaperSpace": null, "SubClasses": null, "Linetype": null, "EntityHandle": "1C1E1C71", "Text": null }, "geometry": { "type": "LineString", "coordinates": [ [ 49469.324295176469604, 18536.456788935629447, 0.0 ], [ 49469.324295176469604, 18679.653159901390609, 0.0 ] ] } },
{ "type": "Feature", "properties": { "Layer": "023_MUROS_2", "PaperSpace": null, "SubClasses": null, "Linetype": null, "EntityHandle": "1C1E1C72", "Text": null }, "geometry": { "type": "LineString", "coordinates": [ [ 47485.031726080887893, 22576.640112608209165, 0.0 ], [ 47485.031726080887893, 22658.466610303239577, 0.0 ] ] } },
{ "type": "Feature", "properties": { "Layer": "023_MUROS_2", "PaperSpace": null, "SubClasses": null, "Linetype": null, "EntityHandle": "1C1E1C73", "Text": null }, "geometry": { "type": "LineString", "coordinates": [ [ 48947.680372373106366, 22576.640112608209165, 0.0 ], [ 48947.680372373106366, 22658.466610303239577, 0.0 ] ] } },
{ "type": "Feature", "properties": { "Layer": "023_MUROS_2", "PaperSpace": null, "SubClasses": null, "Linetype": null, "EntityHandle": "1C1E1C74", "Text": null }, "geometry": { "type": "LineString", "coordinates": [ [ 57109.873517413892841, 18771.707969807870541, 0.0 ], [ 57109.873517413892841, 22658.466610303239577, 0.0 ] ] } },
{ "type": "Feature", "properties": { "Layer": "023_MUROS_2", "PaperSpace": null, "SubClasses": null, "Linetype": null, "EntityHandle": "1C1E1C75", "Text": null }, "geometry": { "type": "LineString", "coordinates": [ [ 57191.700015108566731, 18536.456788935629447, 0.0 ], [ 57191.700015108566731, 21267.416149494438287, 0.0 ] ] } },
{ "type": "Feature", "properties": { "Layer": "023_MUROS_2", "PaperSpace": null, "SubClasses": null, "Linetype": null, "EntityHandle": "1C1E1C76", "Text": null }, "geometry": { "type": "LineString", "coordinates": [ [ 57191.700015108566731, 21369.699271612771554, 0.0 ], [ 57191.700015108566731, 22576.640112608700292, 0.0 ] ] } },
{ "type": "Feature", "properties": { "Layer": "023_MUROS_2", "PaperSpace": null, "SubClasses": null, "Linetype": null, "EntityHandle": "1C1E1C77", "Text": null }, "geometry": { "type": "LineString", "coordinates": [ [ 55596.083310062902456, 21860.658257780258282, 0.0 ], [ 55596.083310062902456, 22658.466610303239577, 0.0 ] ] } },
{ "type": "Feature", "properties": { "Layer": "023_MUROS_2", "PaperSpace": null, "SubClasses": null, "Linetype": null, "EntityHandle": "1C1E1C78", "Text": null }, "geometry": { "type": "LineString", "coordinates": [ [ 39241.012083345660358, 21942.484755475288694, 0.0 ], [ 39241.012083345660358, 22607.32504924442037, 0.0 ] ] } },
{ "type": "Feature", "properties": { "Layer": "023_MUROS_2", "PaperSpace": null, "SubClasses": null, "Linetype": null, "EntityHandle": "1C1E1C79", "Text": null }, "geometry": { "type": "LineString", "coordinates": [ [ 39885.395752691227244, 22607.325049244100228, 0.0 ], [ 39885.395752691227244, 22658.466610303439666, 0.0 ] ] } },
{ "type": "Feature", "properties": { "Layer": "023_MUROS_2", "PaperSpace": null, "SubClasses": null, "Linetype": null, "EntityHandle": "1C1E1C7A", "Text": null }, "geometry": { "type": "LineString", "coordinates": [ [ 41706.035326397322933, 22607.32504924442037, 0.0 ], [ 41706.035326396849996, 22658.466610303239577, 0.0 ] ] } },
{ "type": "Feature", "properties": { "Layer": "023_MUROS_2", "PaperSpace": null, "SubClasses": null, "Linetype": null, "EntityHandle": "1C1E1C7B", "Text": null }, "geometry": { "type": "LineString", "coordinates": [ [ 34525.760153692106542, 21942.484755475288694, 0.0 ], [ 34525.760153692106542, 22607.32504924442037, 0.0 ] ] } },
{ "type": "Feature", "properties": { "Layer": "023_MUROS_2", "PaperSpace": null, "SubClasses": null, "Linetype": null, "EntityHandle": "1C1E1C7C", "Text": null }, "geometry": { "type": "LineString", "coordinates": [ [ 32336.901340359869209, 21257.187837282530381, 0.0 ], [ 32336.901340359869209, 22607.32504924442037, 0.0 ] ] } },
{ "type": "Feature", "properties": { "Layer": "023_MUROS_2", "PaperSpace": null, "SubClasses": null, "Linetype": null, "EntityHandle": "1C1E1C7D", "Text": null }, "geometry": { "type": "LineString", "coordinates": [ [ 32582.380833444160089, 22607.32504924442037, 0.0 ], [ 32582.380833444160089, 22658.466610303239577, 0.0 ] ] } },
{ "type": "Feature", "properties": { "Layer": "023_MUROS_2", "PaperSpace": null, "SubClasses": null, "Linetype": null, "EntityHandle": "1C1E1C7E", "Text": null }, "geometry": { "type": "LineString", "coordinates": [ [ 33451.787371449572674, 22607.32504924442037, 0.0 ], [ 33451.787371449572674, 22658.466610303239577, 0.0 ] ] } },
{ "type": "Feature", "properties": { "Layer": "023_MUROS_2", "PaperSpace": null, "SubClasses": null, "Linetype": null, "EntityHandle": "1C1E1C7F", "Text": null }, "geometry": { "type": "LineString", "coordinates": [ [ 33492.700620296978741, 22607.32504924442037, 0.0 ], [ 33492.700620296978741, 22658.466610303239577, 0.0 ] ] } },
{ "type": "Feature", "properties": { "Layer": "023_MUROS_2", "PaperSpace": null, "SubClasses": null, "Linetype": null, "EntityHandle": "1C1E1C80", "Text": null }, "geometry": { "type": "LineString", "coordinates": [ [ 34403.02040715025214, 22607.32504924442037, 0.0 ], [ 34403.02040715025214, 22658.466610303439666, 0.0 ] ] } },
{ "type": "Feature", "properties": { "Layer": "023_MUROS_2", "PaperSpace": null, "SubClasses": null, "Linetype": null, "EntityHandle": "1C1E1C8B", "Text": null }, "geometry": { "type": "LineString", "coordinates": [ [ 29166.12455469113047, 22607.32504924442037, 0.0 ], [ 30444.663581170330872, 22607.325049244191177, 0.0 ] ] } },
{ "type": "Feature", "properties": { "Layer": "023_MUROS_2", "PaperSpace": null, "SubClasses": null, "Linetype": null, "EntityHandle": "1C1E1C8C", "Text": null }, "geometry": { "type": "LineString", "coordinates": [ [ 31283.385182540740061, 22607.32504924442037, 0.0 ], [ 32285.75977930110821, 22607.32504924442037, 0.0 ] ] } },
{ "type": "Feature", "properties": { "Layer": "023_MUROS_2", "PaperSpace": null, "SubClasses": null, "Linetype": null, "EntityHandle": "1C1E1C8D", "Text": null }, "geometry": { "type": "LineString", "coordinates": [ [ 32285.75977930110821, 21257.187837282530381, 0.0 ], [ 32336.901340359869209, 21257.187837282530381, 0.0 ] ] } },
{ "type": "Feature", "properties": { "Layer": "023_MUROS_2", "PaperSpace": null, "SubClasses": null, "Linetype": null, "EntityHandle": "1C1E1C8E", "Text": null }, "geometry": { "type": "LineString", "coordinates": [ [ 32285.75977930110821, 20275.269864946680173, 0.0 ], [ 32336.901340359869209, 20275.269864946680173, 0.0 ] ] } },
{ "type": "Feature", "properties": { "Layer": "023_MUROS_2", "PaperSpace": null, "SubClasses": null, "Linetype": null, "EntityHandle": "1C1E1C91", "Text": null }, "geometry": { "type": "LineString", "coordinates": [ [ 34403.02040715025214, 22607.32504924442037, 0.0 ], [ 34525.760153691757296, 22607.32504924442037, 0.0 ] ] } },
{ "type": "Feature", "properties": { "Layer": "023_MUROS_2", "PaperSpace": null, "SubClasses": null, "Linetype": null, "EntityHandle": "1C1E1C92", "Text": null }, "geometry": { "type": "LineString", "coordinates": [ [ 34525.760153692106542, 21942.484755475288694, 0.0 ], [ 34740.554710140597308, 21942.484755475288694, 0.0 ] ] } },
{ "type": "Feature", "properties": { "Layer": "023_MUROS_2", "PaperSpace": null, "SubClasses": null, "Linetype": null, "EntityHandle": "1C1E1C93", "Text": null }, "geometry": { "type": "LineString", "coordinates": [ [ 34505.30352926847263, 18505.771852299931197, 0.0 ], [ 34740.554710140597308, 18505.771852299931197, 0.0 ] ] } },
{ "type": "Feature", "properties": { "Layer": "023_MUROS_2", "PaperSpace": null, "SubClasses": null, "Linetype": null, "EntityHandle": "1C1E1C94", "Text": null }, "geometry": { "type": "LineString", "coordinates": [ [ 34505.30352926847263, 18454.630291241108353, 0.0 ], [ 34853.066144470867584, 18454.630291241108353, 0.0 ] ] } },
{ "type": "Feature", "properties": { "Layer": "023_MUROS_2", "PaperSpace": null, "SubClasses": null, "Linetype": null, "EntityHandle": "1C1E1C95", "Text": null }, "geometry": { "type": "LineString", "coordinates": [ [ 47372.520291751083278, 22576.640112608209165, 0.0 ], [ 47485.031726080887893, 22576.640112608209165, 0.0 ] ] } },
{ "type": "Feature", "properties": { "Layer": "023_MUROS_2", "PaperSpace": null, "SubClasses": null, "Linetype": null, "EntityHandle": "1C1E1C97", "Text": null }, "geometry": { "type": "LineString", "coordinates": [ [ 33492.700620296978741, 22607.32504924442037, 0.0 ], [ 33451.787371449572674, 22607.32504924442037, 0.0 ] ] } },
{ "type": "Feature", "properties": { "Layer": "023_MUROS_2", "PaperSpace": null, "SubClasses": null, "Linetype": null, "EntityHandle": "1C1E1C98", "Text": null }, "geometry": { "type": "LineString", "coordinates": [ [ 32582.380833444160089, 22607.32504924442037, 0.0 ], [ 32336.901340359869209, 22607.32504924442037, 0.0 ] ] } },
{ "type": "Feature", "properties": { "Layer": "023_MUROS_2", "PaperSpace": null, "SubClasses": null, "Linetype": null, "EntityHandle": "1C1E1CA3", "Text": null }, "geometry": { "type": "LineString", "coordinates": [ [ 35313.340194002601493, 22607.32504924442037, 0.0 ], [ 37389.687573004339356, 22607.32504924442037, 0.0 ] ] } },
{ "type": "Feature", "properties": { "Layer": "023_MUROS_2", "PaperSpace": null, "SubClasses": null, "Linetype": null, "EntityHandle": "1C1E1CA4", "Text": null }, "geometry": { "type": "LineString", "coordinates": [ [ 38289.779047646152321, 22607.32504924442037, 0.0 ], [ 38668.226599483190512, 22607.32504924442037, 0.0 ] ] } },
{ "type": "Feature", "properties": { "Layer": "023_MUROS_2", "PaperSpace": null, "SubClasses": null, "Linetype": null, "EntityHandle": "1C1E1CA5", "Text": null }, "geometry": { "type": "LineString", "coordinates": [ [ 39241.012083345660358, 22607.32504924442037, 0.0 ], [ 39885.395752691227244, 22607.325049244100228, 0.0 ] ] } },
{ "type": "Feature", "properties": { "Layer": "023_MUROS_2", "PaperSpace": null, "SubClasses": null, "Linetype": null, "EntityHandle": "1C1E1CA6", "Text": null }, "geometry": { "type": "LineString", "coordinates": [ [ 41706.035326397322933, 22607.32504924442037, 0.0 ], [ 42749.323172004042135, 22607.32504924442037, 0.0 ] ] } },
{ "type": "Feature", "properties": { "Layer": "023_MUROS_2", "PaperSpace": null, "SubClasses": null, "Linetype": null, "EntityHandle": "1C1E1CA7", "Text": null }, "geometry": { "type": "LineString", "coordinates": [ [ 43373.250216925393033, 22607.32504924442037, 0.0 ], [ 43444.848402408722905, 22607.32504924442037, 0.0 ] ] } },
{ "type": "Feature", "properties": { "Layer": "023_MUROS_2", "PaperSpace": null, "SubClasses": null, "Linetype": null, "EntityHandle": "1C1E1CA8", "Text": null }, "geometry": { "type": "LineString", "coordinates": [ [ 44160.830257237270416, 22607.32504924442037, 0.0 ], [ 44835.898863217487815, 22607.32504924442037, 0.0 ] ] } },
{ "type": "Feature", "properties": { "Layer": "023_MUROS_2", "PaperSpace": null, "SubClasses": null, "Linetype": null, "EntityHandle": "1C1E1CA9", "Text": null }, "geometry": { "type": "LineString", "coordinates": [ [ 46666.766749135167629, 22607.32504924442037, 0.0 ], [ 46748.59324682962324, 22607.32504924442037, 0.0 ] ] } },
{ "type": "Feature", "properties": { "Layer": "023_MUROS_2", "PaperSpace": null, "SubClasses": null, "Linetype": null, "EntityHandle": "1C1E1CAA", "Text": null }, "geometry": { "type": "LineString", "coordinates": [ [ 46748.59324682962324, 21942.484755475288694, 0.0 ], [ 47321.378730691627425, 21942.484755475288694, 0.0 ] ] } },
{ "type": "Feature", "properties": { "Layer": "023_MUROS_2", "PaperSpace": null, "SubClasses": null, "Linetype": null, "EntityHandle": "1C1E1CAB", "Text": null }, "geometry": { "type": "LineString", "coordinates": [ [ 38770.509721601527417, 21942.484755475288694, 0.0 ], [ 39241.012083345660358, 21942.484755475288694, 0.0 ] ] } },
{ "type": "Feature", "properties": { "Layer": "023_MUROS_2", "PaperSpace": null, "SubClasses": null, "Linetype": null, "EntityHandle": "1C1E1CAC", "Text": null }, "geometry": { "type": "LineString", "coordinates": [ [ 38668.226599483190512, 21523.123954790349671, 0.0 ], [ 38770.509721601527417, 21523.123954790349671, 0.0 ] ] } },
{ "type": "Feature", "properties": { "Layer": "023_MUROS_2", "PaperSpace": null, "SubClasses": null, "Linetype": null, "EntityHandle": "1C1E1CAD", "Text": null }, "geometry": { "type": "LineString", "coordinates": [ [ 34791.696271199347393, 21942.484755475288694, 0.0 ], [ 35313.340194002601493, 21942.484755475288694, 0.0 ] ] } },
{ "type": "Feature", "properties": { "Layer": "023_MUROS_2", "PaperSpace": null, "SubClasses": null, "Linetype": null, "EntityHandle": "1C1E1CAE", "Text": null }, "geometry": { "type": "LineString", "coordinates": [ [ 34791.696271199347393, 18505.771852300280443, 0.0 ], [ 34853.066144470867584, 18505.771852299931197, 0.0 ] ] } },
{ "type": "Feature", "properties": { "Layer": "023_MUROS_2", "PaperSpace": null, "SubClasses": null, "Linetype": null, "EntityHandle": "1C1E1CAF", "Text": null }, "geometry": { "type": "LineString", "coordinates": [ [ 34505.30352926847263, 18505.771852299931197, 0.0 ], [ 34505.30352926847263, 18454.630291241108353, 0.0 ] ] } },
{ "type": "Feature", "properties": { "Layer": "023_MUROS_2", "PaperSpace": null, "SubClasses": null, "Linetype": null, "EntityHandle": "1C1E1CB0", "Text": null }, "geometry": { "type": "LineString", "coordinates": [ [ 34853.066144470292784, 18505.771852299931197, 0.0 ], [ 34853.066144470867584, 18454.630291241108353, 0.0 ] ] } },
{ "type": "Feature", "properties": { "Layer": "023_MUROS_2", "PaperSpace": null, "SubClasses": null, "Linetype": null, "EntityHandle": "1C1E1CC0", "Text": null }, "geometry": { "type": "LineString", "coordinates": [ [ 44211.971818295096455, 18986.502526256328565, 0.0 ], [ 44211.971818295096455, 19088.785648374479933, 0.0 ] ] } },
{ "type": "Feature", "properties": { "Layer": "023_MUROS_2", "PaperSpace": null, "SubClasses": null, "Linetype": null, "EntityHandle": "1C1E1CC1", "Text": null }, "geometry": { "type": "LineString", "coordinates": [ [ 44211.971818295096455, 18986.502526256328565, 0.0 ], [ 44222.200130507269932, 18986.502526256328565, 0.0 ] ] } },
{ "type": "Feature", "properties": { "Layer": "023_MUROS_2", "PaperSpace": null, "SubClasses": null, "Linetype": null, "EntityHandle": "1C1E1CC2", "Text": null }, "geometry": { "type": "LineString", "coordinates": [ [ 44211.971818295678531, 19088.78564837472004, 0.0 ], [ 44324.483252625366731, 19088.785648374479933, 0.0 ] ] } },
{ "type": "Feature", "properties": { "Layer": "023_MUROS_2", "PaperSpace": null, "SubClasses": null, "Linetype": null, "EntityHandle": "1C1E1CC3", "Text": null }, "geometry": { "type": "LineString", "coordinates": [ [ 44222.200130507269932, 18986.502526256328565, 0.0 ], [ 44222.200130507269932, 18454.630291241108353, 0.0 ] ] } },
{ "type": "Feature", "properties": { "Layer": "023_MUROS_2", "PaperSpace": null, "SubClasses": null, "Linetype": null, "EntityHandle": "1C1E1CC4", "Text": null }, "geometry": { "type": "LineString", "coordinates": [ [ 44324.483252625366731, 19088.785648374479933, 0.0 ], [ 44324.483252625366731, 18505.771852300280443, 0.0 ] ] } },
{ "type": "Feature", "properties": { "Layer": "023_MUROS_2", "PaperSpace": null, "SubClasses": null, "Linetype": null, "EntityHandle": "1C1E1CC5", "Text": null }, "geometry": { "type": "LineString", "coordinates": [ [ 44222.200130507269932, 18454.630291241108353, 0.0 ], [ 57733.800562335796712, 18454.630291241108353, 0.0 ] ] } },
{ "type": "Feature", "properties": { "Layer": "023_MUROS_2", "PaperSpace": null, "SubClasses": null, "Linetype": null, "EntityHandle": "1C1E1CC6", "Text": null }, "geometry": { "type": "LineString", "coordinates": [ [ 58777.088407943003403, 18454.630291241108353, 0.0 ], [ 59349.873891804993036, 18454.63029124087916, 0.0 ] ] } },
{ "type": "Feature", "properties": { "Layer": "023_MUROS_2", "PaperSpace": null, "SubClasses": null, "Linetype": null, "EntityHandle": "1C1E1CC7", "Text": null }, "geometry": { "type": "LineString", "coordinates": [ [ 60045.399122209681082, 18454.63029124087916, 0.0 ], [ 60209.05211759883241, 18454.630291241108353, 0.0 ] ] } },
{ "type": "Feature", "properties": { "Layer": "023_MUROS_2", "PaperSpace": null, "SubClasses": null, "Linetype": null, "EntityHandle": "1C1E1CC8", "Text": null }, "geometry": { "type": "LineString", "coordinates": [ [ 47372.520291751083278, 18536.456788935629447, 0.0 ], [ 49469.324295176469604, 18536.456788935629447, 0.0 ] ] } },
{ "type": "Feature", "properties": { "Layer": "023_MUROS_2", "PaperSpace": null, "SubClasses": null, "Linetype": null, "EntityHandle": "1C1E1CCA", "Text": null }, "geometry": { "type": "LineString", "coordinates": [ [ 44324.483252625366731, 18505.771852300280443, 0.0 ], [ 47321.378730691627425, 18505.771852300280443, 0.0 ] ] } },
{ "type": "Feature", "properties": { "Layer": "023_MUROS_2", "PaperSpace": null, "SubClasses": null, "Linetype": null, "EntityHandle": "1C1E1CD5", "Text": null }, "geometry": { "type": "LineString", "coordinates": [ [ 43373.250216925393033, 21942.484755475288694, 0.0 ], [ 42749.323172004042135, 21942.484755475288694, 0.0 ] ] } },
{ "type": "Feature", "properties": { "Layer": "023_MUROS_2", "PaperSpace": null, "SubClasses": null, "Linetype": null, "EntityHandle": "1C1E1CDC", "Text": null }, "geometry": { "type": "LineString", "coordinates": [ [ 48947.680372373106366, 22576.640112608209165, 0.0 ], [ 49019.278557855497638, 22576.640112608209165, 0.0 ] ] } },
{ "type": "Feature", "properties": { "Layer": "023_MUROS_2", "PaperSpace": null, "SubClasses": null, "Linetype": null, "EntityHandle": "1C1E1CDD", "Text": null }, "geometry": { "type": "LineString", "coordinates": [ [ 49019.278557855497638, 22576.640112608209165, 0.0 ], [ 49019.278557855497638, 21952.713067686589056, 0.0 ] ] } },
{ "type": "Feature", "properties": { "Layer": "023_MUROS_2", "PaperSpace": null, "SubClasses": null, "Linetype": null, "EntityHandle": "1C1E1CDE", "Text": null }, "geometry": { "type": "LineString", "coordinates": [ [ 49019.278557855497638, 21952.713067686589056, 0.0 ], [ 49479.552607388046454, 21952.713067686589056, 0.0 ] ] } },
{ "type": "Feature", "properties": { "Layer": "023_MUROS_2", "PaperSpace": null, "SubClasses": null, "Linetype": null, "EntityHandle": "1C1E1CDF", "Text": null }, "geometry": { "type": "LineString", "coordinates": [ [ 57109.873517413892841, 22658.466610303239577, 0.0 ], [ 57600.83250358235091, 22658.466610303239577, 0.0 ] ] } },
{ "type": "Feature", "properties": { "Layer": "023_MUROS_2", "PaperSpace": null, "SubClasses": null, "Linetype": null, "EntityHandle": "1C1E1CE0", "Text": null }, "geometry": { "type": "LineString", "coordinates": [ [ 58920.284778907560394, 22658.466610303181369, 0.0 ], [ 61456.906207442560117, 22658.466610303930793, 0.0 ] ] } },
{ "type": "Feature", "properties": { "Layer": "023_MUROS_2", "PaperSpace": null, "SubClasses": null, "Linetype": null, "EntityHandle": "1C1E1CE1", "Text": null }, "geometry": { "type": "LineString", "coordinates": [ [ 57191.700015108566731, 22576.640112608700292, 0.0 ], [ 57600.8325035818998, 22576.640112608700292, 0.0 ] ] } },
{ "type": "Feature", "properties": { "Layer": "023_MUROS_2", "PaperSpace": null, "SubClasses": null, "Linetype": null, "EntityHandle": "1C1E1CE2", "Text": null }, "geometry": { "type": "LineString", "coordinates": [ [ 58920.28477890790964, 22576.640112609020434, 0.0 ], [ 59135.07933535639313, 22576.640112609140488, 0.0 ] ] } },
{ "type": "Feature", "properties": { "Layer": "023_MUROS_2", "PaperSpace": null, "SubClasses": null, "Linetype": null, "EntityHandle": "1C1E1CE3", "Text": null }, "geometry": { "type": "LineString", "coordinates": [ [ 59186.220896415266907, 22576.640112609140488, 0.0 ], [ 60127.225619904362247, 22576.640112608929485, 0.0 ] ] } },
{ "type": "Feature", "properties": { "Layer": "023_MUROS_2", "PaperSpace": null, "SubClasses": null, "Linetype": null, "EntityHandle": "1C1E1CE4", "Text": null }, "geometry": { "type": "LineString", "coordinates": [ [ 60209.05211759883241, 22576.640112608700292, 0.0 ], [ 61456.906207442560117, 22576.640112608438358, 0.0 ] ] } },
{ "type": "Feature", "properties": { "Layer": "023_MUROS_2", "PaperSpace": null, "SubClasses": null, "Linetype": null, "EntityHandle": "1C1E1CE5", "Text": null }, "geometry": { "type": "LineString", "coordinates": [ [ 49602.292353930497484, 21860.658257780258282, 0.0 ], [ 55596.083310062902456, 21860.658257780258282, 0.0 ] ] } },
{ "type": "Feature", "properties": { "Layer": "023_MUROS_2", "PaperSpace": null, "SubClasses": null, "Linetype": null, "EntityHandle": "1C1E1CE6", "Text": null }, "geometry": { "type": "LineString", "coordinates": [ [ 49469.324295176469604, 18679.653159901390609, 0.0 ], [ 49592.064041718440421, 18771.707969807870541, 0.0 ] ] } },
{ "type": "Feature", "properties": { "Layer": "023_MUROS_2", "PaperSpace": null, "SubClasses": null, "Linetype": null, "EntityHandle": "1C1E1CE7", "Text": null }, "geometry": { "type": "LineString", "coordinates": [ [ 49592.064041718440421, 18771.707969807870541, 0.0 ], [ 57109.873517413892841, 18771.707969807870541, 0.0 ] ] } },
{ "type": "Feature", "properties": { "Layer": "023_MUROS_2", "PaperSpace": null, "SubClasses": null, "Linetype": null, "EntityHandle": "1C1E1CE8", "Text": null }, "geometry": { "type": "LineString", "coordinates": [ [ 49479.552607388046454, 21952.713067686589056, 0.0 ], [ 49602.292353930497484, 21860.658257780258282, 0.0 ] ] } },
{ "type": "Feature", "properties": { "Layer": "023_MUROS_2", "PaperSpace": null, "SubClasses": null, "Linetype": null, "EntityHandle": "1C1E1CEE", "Text": null }, "geometry": { "type": "LineString", "coordinates": [ [ 59349.873891804993036, 18536.456788935629447, 0.0 ], [ 59349.873891804993036, 18454.630291241108353, 0.0 ] ] } },
{ "type": "Feature", "properties": { "Layer": "023_MUROS_2", "PaperSpace": null, "SubClasses": null, "Linetype": null, "EntityHandle": "1C1E1CEF", "Text": null }, "geometry": { "type": "LineString", "coordinates": [ [ 58777.088407943003403, 18536.456788935629447, 0.0 ], [ 58777.088407943003403, 18454.630291241108353, 0.0 ] ] } },
{ "type": "Feature", "properties": { "Layer": "023_MUROS_2", "PaperSpace": null, "SubClasses": null, "Linetype": null, "EntityHandle": "1C1E1CF0", "Text": null }, "geometry": { "type": "LineString", "coordinates": [ [ 57733.800562335796712, 18536.456788935629447, 0.0 ], [ 57733.800562335796712, 18454.630291241108353, 0.0 ] ] } },
{ "type": "Feature", "properties": { "Layer": "023_MUROS_2", "PaperSpace": null, "SubClasses": null, "Linetype": null, "EntityHandle": "1C1E1CF1", "Text": null }, "geometry": { "type": "LineString", "coordinates": [ [ 60045.399122209681082, 18536.456788935629447, 0.0 ], [ 60045.399122209681082, 18454.630291241108353, 0.0 ] ] } },
{ "type": "Feature", "properties": { "Layer": "023_MUROS_2", "PaperSpace": null, "SubClasses": null, "Linetype": null, "EntityHandle": "1C1E1CF2", "Text": null }, "geometry": { "type": "LineString", "coordinates": [ [ 60209.05211759883241, 22576.640112608700292, 0.0 ], [ 60209.05211759883241, 18454.630291241108353, 0.0 ] ] } },
{ "type": "Feature", "properties": { "Layer": "023_MUROS_2", "PaperSpace": null, "SubClasses": null, "Linetype": null, "EntityHandle": "1C1E1CF6", "Text": null }, "geometry": { "type": "LineString", "coordinates": [ [ 60127.225619904362247, 22576.640112608929485, 0.0 ], [ 60127.225619904362247, 21369.699271612658777, 0.0 ] ] } },
{ "type": "Feature", "properties": { "Layer": "023_MUROS_2", "PaperSpace": null, "SubClasses": null, "Linetype": null, "EntityHandle": "1C1E1CF7", "Text": null }, "geometry": { "type": "LineString", "coordinates": [ [ 60127.225619904362247, 21267.41614949427094, 0.0 ], [ 60127.225619904362247, 18536.456788935629447, 0.0 ] ] } },
{ "type": "Feature", "properties": { "Layer": "023_MUROS_2", "PaperSpace": null, "SubClasses": null, "Linetype": null, "EntityHandle": "1C1E1CFC", "Text": null }, "geometry": { "type": "LineString", "coordinates": [ [ 57191.700015108566731, 18536.456788935629447, 0.0 ], [ 57733.800562335796712, 18536.456788935629447, 0.0 ] ] } },
{ "type": "Feature", "properties": { "Layer": "023_MUROS_2", "PaperSpace": null, "SubClasses": null, "Linetype": null, "EntityHandle": "1C1E1CFD", "Text": null }, "geometry": { "type": "LineString", "coordinates": [ [ 58777.088407942530466, 18536.456788935629447, 0.0 ], [ 59349.873891804993036, 18536.456788935629447, 0.0 ] ] } },
{ "type": "Feature", "properties": { "Layer": "023_MUROS_2", "PaperSpace": null, "SubClasses": null, "Linetype": null, "EntityHandle": "1C1E1CFE", "Text": null }, "geometry": { "type": "LineString", "coordinates": [ [ 60045.399122209681082, 18536.456788935629447, 0.0 ], [ 60127.225619904362247, 18536.456788935629447, 0.0 ] ] } },
{ "type": "Feature", "properties": { "Layer": "023_MUROS_2", "PaperSpace": null, "SubClasses": null, "Linetype": null, "EntityHandle": "1C1E1D07", "Text": null }, "geometry": { "type": "LineString", "coordinates": [ [ 45316.629537172746495, 17104.493079279538506, 0.0 ], [ 47024.757676548571908, 17104.493079279538506, 0.0 ] ] } },
{ "type": "Feature", "properties": { "Layer": "023_MUROS_2", "PaperSpace": null, "SubClasses": null, "Linetype": null, "EntityHandle": "1C1E1D08", "Text": null }, "geometry": { "type": "LineString", "coordinates": [ [ 45418.912659291549062, 17002.209957161008788, 0.0 ], [ 46902.01793000671023, 17002.209957161008788, 0.0 ] ] } },
{ "type": "Feature", "properties": { "Layer": "023_MUROS_2", "PaperSpace": null, "SubClasses": null, "Linetype": null, "EntityHandle": "1C1E1D09", "Text": null }, "geometry": { "type": "LineString", "coordinates": [ [ 47024.757676548571908, 17104.493079279538506, 0.0 ], [ 47024.757676548571908, 16623.762405323501298, 0.0 ] ] } },
{ "type": "Feature", "properties": { "Layer": "023_MUROS_2", "PaperSpace": null, "SubClasses": null, "Linetype": null, "EntityHandle": "1C1E1D0A", "Text": null }, "geometry": { "type": "LineString", "coordinates": [ [ 47024.757676548571908, 16480.566034357969329, 0.0 ], [ 47024.757676548571908, 15437.278188751210109, 0.0 ] ] } },
{ "type": "Feature", "properties": { "Layer": "023_MUROS_2", "PaperSpace": null, "SubClasses": null, "Linetype": null, "EntityHandle": "1C1E1D0B", "Text": null }, "geometry": { "type": "LineString", "coordinates": [ [ 47024.757676548571908, 16623.762405323501298, 0.0 ], [ 49858.000159226263349, 16623.762405323501298, 0.0 ] ] } },
{ "type": "Feature", "properties": { "Layer": "023_MUROS_2", "PaperSpace": null, "SubClasses": null, "Linetype": null, "EntityHandle": "1C1E1D0C", "Text": null }, "geometry": { "type": "LineString", "coordinates": [ [ 50164.849525581383205, 16623.762405323501298, 0.0 ], [ 52732.155890750553226, 16623.762405323690473, 0.0 ] ] } },
{ "type": "Feature", "properties": { "Layer": "023_MUROS_2", "PaperSpace": null, "SubClasses": null, "Linetype": null, "EntityHandle": "1C1E1D0D", "Text": null }, "geometry": { "type": "LineString", "coordinates": [ [ 53039.005257105432975, 16623.762405323690473, 0.0 ], [ 55340.375504767362145, 16623.762405323901476, 0.0 ] ] } },
{ "type": "Feature", "properties": { "Layer": "023_MUROS_2", "PaperSpace": null, "SubClasses": null, "Linetype": null, "EntityHandle": "1C1E1D0E", "Text": null }, "geometry": { "type": "LineString", "coordinates": [ [ 56772.339214424122474, 16623.762405323690473, 0.0 ], [ 58541.837227070398512, 16623.762405323501298, 0.0 ] ] } },
{ "type": "Feature", "properties": { "Layer": "023_MUROS_2", "PaperSpace": null, "SubClasses": null, "Linetype": null, "EntityHandle": "1C1E1D0F", "Text": null }, "geometry": { "type": "LineString", "coordinates": [ [ 58848.686593425401952, 16623.762405323501298, 0.0 ], [ 62530.878989684511907, 16623.762405323501298, 0.0 ] ] } },
{ "type": "Feature", "properties": { "Layer": "023_MUROS_2", "PaperSpace": null, "SubClasses": null, "Linetype": null, "EntityHandle": "1C1E1D10", "Text": null }, "geometry": { "type": "LineString", "coordinates": [ [ 47024.757676548571908, 16480.566034357969329, 0.0 ], [ 49858.000159226263349, 16480.566034357969329, 0.0 ] ] } },
{ "type": "Feature", "properties": { "Layer": "023_MUROS_2", "PaperSpace": null, "SubClasses": null, "Linetype": null, "EntityHandle": "1C1E1D11", "Text": null }, "geometry": { "type": "LineString", "coordinates": [ [ 50164.849525580786576, 16480.566034357969329, 0.0 ], [ 52732.155890750553226, 16480.566034357969329, 0.0 ] ] } },
{ "type": "Feature", "properties": { "Layer": "023_MUROS_2", "PaperSpace": null, "SubClasses": null, "Linetype": null, "EntityHandle": "1C1E1D12", "Text": null }, "geometry": { "type": "LineString", "coordinates": [ [ 53039.005257105432975, 16480.566034357969329, 0.0 ], [ 55340.375504767362145, 16480.566034357969329, 0.0 ] ] } },
{ "type": "Feature", "properties": { "Layer": "023_MUROS_2", "PaperSpace": null, "SubClasses": null, "Linetype": null, "EntityHandle": "1C1E1D13", "Text": null }, "geometry": { "type": "LineString", "coordinates": [ [ 47302.229181065493322, 13974.62954245930996, 0.0 ], [ 56772.33921442306746, 13974.629542459220829, 0.0 ] ] } },
{ "type": "Feature", "properties": { "Layer": "023_MUROS_2", "PaperSpace": null, "SubClasses": null, "Linetype": null, "EntityHandle": "1C1E1D14", "Text": null }, "geometry": { "type": "LineString", "coordinates": [ [ 47302.229181065493322, 14076.912664577610485, 0.0 ], [ 56772.33921442306746, 14076.912664577519536, 0.0 ] ] } },
{ "type": "Feature", "properties": { "Layer": "023_MUROS_2", "PaperSpace": null, "SubClasses": null, "Linetype": null, "EntityHandle": "1C1E1D15", "Text": null }, "geometry": { "type": "LineString", "coordinates": [ [ 56772.339214424122474, 16480.566034357969329, 0.0 ], [ 58541.837227070398512, 16480.566034357969329, 0.0 ] ] } },
{ "type": "Feature", "properties": { "Layer": "023_MUROS_2", "PaperSpace": null, "SubClasses": null, "Linetype": null, "EntityHandle": "1C1E1D16", "Text": null }, "geometry": { "type": "LineString", "coordinates": [ [ 58848.686593425401952, 16480.566034357969329, 0.0 ], [ 60331.791864141603583, 16480.566034357969329, 0.0 ] ] } },
{ "type": "Feature", "properties": { "Layer": "023_MUROS_2", "PaperSpace": null, "SubClasses": null, "Linetype": null, "EntityHandle": "1C1E1D17", "Text": null }, "geometry": { "type": "LineString", "coordinates": [ [ 60434.074986259467551, 16480.566034357969329, 0.0 ], [ 63410.513839901861502, 16480.566034357969329, 0.0 ] ] } },
{ "type": "Feature", "properties": { "Layer": "023_MUROS_2", "PaperSpace": null, "SubClasses": null, "Linetype": null, "EntityHandle": "1C1E1D18", "Text": null }, "geometry": { "type": "LineString", "coordinates": [ [ 62530.878989684511907, 16623.762405323501298, 0.0 ], [ 62530.878989684511907, 16649.333185852468887, 0.0 ] ] } },
{ "type": "Feature", "properties": { "Layer": "023_MUROS_2", "PaperSpace": null, "SubClasses": null, "Linetype": null, "EntityHandle": "1C1E1D19", "Text": null }, "geometry": { "type": "LineString", "coordinates": [ [ 62633.162111802732397, 16623.762405323501298, 0.0 ], [ 62633.162111802732397, 16649.333185852850875, 0.0 ] ] } },
{ "type": "Feature", "properties": { "Layer": "023_MUROS_2", "PaperSpace": null, "SubClasses": null, "Linetype": null, "EntityHandle": "1C1E1D1A", "Text": null }, "geometry": { "type": "LineString", "coordinates": [ [ 58848.686593425401952, 16480.566034357969329, 0.0 ], [ 58848.686593425401952, 16623.762405323501298, 0.0 ] ] } },
{ "type": "Feature", "properties": { "Layer": "023_MUROS_2", "PaperSpace": null, "SubClasses": null, "Linetype": null, "EntityHandle": "1C1E1D1B", "Text": null }, "geometry": { "type": "LineString", "coordinates": [ [ 58541.837227070398512, 16480.566034357969329, 0.0 ], [ 58541.837227070398512, 16623.762405323501298, 0.0 ] ] } },
{ "type": "Feature", "properties": { "Layer": "023_MUROS_2", "PaperSpace": null, "SubClasses": null, "Linetype": null, "EntityHandle": "1C1E1D1C", "Text": null }, "geometry": { "type": "LineString", "coordinates": [ [ 56772.339214424122474, 16480.566034357969329, 0.0 ], [ 56772.339214424122474, 16623.762405323501298, 0.0 ] ] } },
{ "type": "Feature", "properties": { "Layer": "023_MUROS_2", "PaperSpace": null, "SubClasses": null, "Linetype": null, "EntityHandle": "1C1E1D1D", "Text": null }, "geometry": { "type": "LineString", "coordinates": [ [ 55340.375504767362145, 16480.566034357969329, 0.0 ], [ 55340.375504767362145, 16623.762405323501298, 0.0 ] ] } },
{ "type": "Feature", "properties": { "Layer": "023_MUROS_2", "PaperSpace": null, "SubClasses": null, "Linetype": null, "EntityHandle": "1C1E1D1E", "Text": null }, "geometry": { "type": "LineString", "coordinates": [ [ 53039.005257105432975, 16480.566034357969329, 0.0 ], [ 53039.005257105432975, 16623.762405323501298, 0.0 ] ] } },
{ "type": "Feature", "properties": { "Layer": "023_MUROS_2", "PaperSpace": null, "SubClasses": null, "Linetype": null, "EntityHandle": "1C1E1D1F", "Text": null }, "geometry": { "type": "LineString", "coordinates": [ [ 52732.155890750553226, 16480.566034357969329, 0.0 ], [ 52732.155890750553226, 16623.762405323501298, 0.0 ] ] } },
{ "type": "Feature", "properties": { "Layer": "023_MUROS_2", "PaperSpace": null, "SubClasses": null, "Linetype": null, "EntityHandle": "1C1E1D20", "Text": null }, "geometry": { "type": "LineString", "coordinates": [ [ 50164.849525581383205, 16480.566034357969329, 0.0 ], [ 50164.849525581383205, 16623.762405323501298, 0.0 ] ] } },
{ "type": "Feature", "properties": { "Layer": "023_MUROS_2", "PaperSpace": null, "SubClasses": null, "Linetype": null, "EntityHandle": "1C1E1D21", "Text": null }, "geometry": { "type": "LineString", "coordinates": [ [ 49858.000159226263349, 16480.566034357969329, 0.0 ], [ 49858.000159226263349, 16623.762405323501298, 0.0 ] ] } },
{ "type": "Feature", "properties": { "Layer": "023_MUROS_2", "PaperSpace": null, "SubClasses": null, "Linetype": null, "EntityHandle": "1C1E1D2A", "Text": null }, "geometry": { "type": "LineString", "coordinates": [ [ 45316.629537172746495, 17104.493079279538506, 0.0 ], [ 45316.629537173219433, 16951.068396102189581, 0.0 ] ] } },
{ "type": "Feature", "properties": { "Layer": "023_MUROS_2", "PaperSpace": null, "SubClasses": null, "Linetype": null, "EntityHandle": "1C1E1D2B", "Text": null }, "geometry": { "type": "LineString", "coordinates": [ [ 45316.629537173219433, 16337.369663392430084, 0.0 ], [ 45316.629537172746495, 15539.561310869419685, 0.0 ] ] } },
{ "type": "Feature", "properties": { "Layer": "023_MUROS_2", "PaperSpace": null, "SubClasses": null, "Linetype": null, "EntityHandle": "1C1E1D2C", "Text": null }, "geometry": { "type": "LineString", "coordinates": [ [ 45418.912659291549062, 17002.209957161008788, 0.0 ], [ 45418.912659291549062, 16951.068396102360566, 0.0 ] ] } },
{ "type": "Feature", "properties": { "Layer": "023_MUROS_2", "PaperSpace": null, "SubClasses": null, "Linetype": null, "EntityHandle": "1C1E1D2D", "Text": null }, "geometry": { "type": "LineString", "coordinates": [ [ 45418.912659291549062, 16337.369663392430084, 0.0 ], [ 45418.912659291549062, 15539.561310869419685, 0.0 ] ] } },
{ "type": "Feature", "properties": { "Layer": "023_MUROS_2", "PaperSpace": null, "SubClasses": null, "Linetype": null, "EntityHandle": "1C1E1D2F", "Text": null }, "geometry": { "type": "LineString", "coordinates": [ [ 46902.01793000671023, 17002.209957161008788, 0.0 ], [ 46902.01793000671023, 15539.561310869190493, 0.0 ] ] } },
{ "type": "Feature", "properties": { "Layer": "023_MUROS_2", "PaperSpace": null, "SubClasses": null, "Linetype": null, "EntityHandle": "1C1E1D31", "Text": null }, "geometry": { "type": "LineString", "coordinates": [ [ 44314.254940413782606, 17104.493079279538506, 0.0 ], [ 42514.071991131451796, 17104.493079279538506, 0.0 ] ] } },
{ "type": "Feature", "properties": { "Layer": "023_MUROS_2", "PaperSpace": null, "SubClasses": null, "Linetype": null, "EntityHandle": "1C1E1D32", "Text": null }, "geometry": { "type": "LineString", "coordinates": [ [ 41798.090136303362669, 17104.493079279538506, 0.0 ], [ 40529.779422036102915, 17104.493079279538506, 0.0 ] ] } },
{ "type": "Feature", "properties": { "Layer": "023_MUROS_2", "PaperSpace": null, "SubClasses": null, "Linetype": null, "EntityHandle": "1C1E1D33", "Text": null }, "geometry": { "type": "LineString", "coordinates": [ [ 42626.583425461722072, 17002.209957161008788, 0.0 ], [ 42514.071991131451796, 17002.209957161008788, 0.0 ] ] } },
{ "type": "Feature", "properties": { "Layer": "023_MUROS_2", "PaperSpace": null, "SubClasses": null, "Linetype": null, "EntityHandle": "1C1E1D34", "Text": null }, "geometry": { "type": "LineString", "coordinates": [ [ 41798.090136303362669, 17002.209957161008788, 0.0 ], [ 40564.416071850522712, 17002.209957161008788, 0.0 ] ] } },
{ "type": "Feature", "properties": { "Layer": "023_MUROS_2", "PaperSpace": null, "SubClasses": null, "Linetype": null, "EntityHandle": "1C1E1D35", "Text": null }, "geometry": { "type": "LineString", "coordinates": [ [ 44211.971818295096455, 17002.209957161008788, 0.0 ], [ 42728.866547579942562, 17002.209957161008788, 0.0 ] ] } },
{ "type": "Feature", "properties": { "Layer": "023_MUROS_2", "PaperSpace": null, "SubClasses": null, "Linetype": null, "EntityHandle": "1C1E1D36", "Text": null }, "geometry": { "type": "LineString", "coordinates": [ [ 45316.629537172746495, 16337.369663392229995, 0.0 ], [ 45418.912659291549062, 16337.369663392430084, 0.0 ] ] } },
{ "type": "Feature", "properties": { "Layer": "023_MUROS_2", "PaperSpace": null, "SubClasses": null, "Linetype": null, "EntityHandle": "1C1E1D37", "Text": null }, "geometry": { "type": "LineString", "coordinates": [ [ 45316.629537172746495, 16951.068396102189581, 0.0 ], [ 45418.912659291549062, 16951.068396102360566, 0.0 ] ] } },
{ "type": "Feature", "properties": { "Layer": "023_MUROS_2", "PaperSpace": null, "SubClasses": null, "Linetype": null, "EntityHandle": "1C1E1D3D", "Text": null }, "geometry": { "type": "LineString", "coordinates": [ [ 44314.254940413782606, 17104.493079279538506, 0.0 ], [ 44314.25494041343336, 16951.068396102189581, 0.0 ] ] } },
{ "type": "Feature", "properties": { "Layer": "023_MUROS_2", "PaperSpace": null, "SubClasses": null, "Linetype": null, "EntityHandle": "1C1E1D3E", "Text": null }, "geometry": { "type": "LineString", "coordinates": [ [ 44314.25494041343336, 16337.369663392430084, 0.0 ], [ 44314.254940413782606, 15539.561310869419685, 0.0 ] ] } },
{ "type": "Feature", "properties": { "Layer": "023_MUROS_2", "PaperSpace": null, "SubClasses": null, "Linetype": null, "EntityHandle": "1C1E1D3F", "Text": null }, "geometry": { "type": "LineString", "coordinates": [ [ 44211.971818295096455, 17002.209957161008788, 0.0 ], [ 44211.971818295096455, 16951.068396102360566, 0.0 ] ] } },
{ "type": "Feature", "properties": { "Layer": "023_MUROS_2", "PaperSpace": null, "SubClasses": null, "Linetype": null, "EntityHandle": "1C1E1D40", "Text": null }, "geometry": { "type": "LineString", "coordinates": [ [ 44211.971818295096455, 16337.369663392430084, 0.0 ], [ 44211.971818295096455, 15539.561310869419685, 0.0 ] ] } },
{ "type": "Feature", "properties": { "Layer": "023_MUROS_2", "PaperSpace": null, "SubClasses": null, "Linetype": null, "EntityHandle": "1C1E1D42", "Text": null }, "geometry": { "type": "LineString", "coordinates": [ [ 42728.866547579942562, 17002.209957161008788, 0.0 ], [ 42728.866547579942562, 15539.561310868990404, 0.0 ] ] } },
{ "type": "Feature", "properties": { "Layer": "023_MUROS_2", "PaperSpace": null, "SubClasses": null, "Linetype": null, "EntityHandle": "1C1E1D43", "Text": null }, "geometry": { "type": "LineString", "coordinates": [ [ 42626.583425461722072, 17002.209957161008788, 0.0 ], [ 42626.583425461722072, 15539.561310868990404, 0.0 ] ] } },
{ "type": "Feature", "properties": { "Layer": "023_MUROS_2", "PaperSpace": null, "SubClasses": null, "Linetype": null, "EntityHandle": "1C1E1D45", "Text": null }, "geometry": { "type": "LineString", "coordinates": [ [ 44314.254940413782606, 16337.369663392229995, 0.0 ], [ 44211.971818295096455, 16337.369663392430084, 0.0 ] ] } },
{ "type": "Feature", "properties": { "Layer": "023_MUROS_2", "PaperSpace": null, "SubClasses": null, "Linetype": null, "EntityHandle": "1C1E1D46", "Text": null }, "geometry": { "type": "LineString", "coordinates": [ [ 44314.254940413782606, 16951.068396102189581, 0.0 ], [ 44211.971818295096455, 16951.068396102360566, 0.0 ] ] } },
{ "type": "Feature", "properties": { "Layer": "023_MUROS_2", "PaperSpace": null, "SubClasses": null, "Linetype": null, "EntityHandle": "1C1E1D4C", "Text": null }, "geometry": { "type": "LineString", "coordinates": [ [ 39246.217930783706834, 15539.561310869190493, 0.0 ], [ 39246.217930783706834, 16122.575106943459105, 0.0 ] ] } },
{ "type": "Feature", "properties": { "Layer": "023_MUROS_2", "PaperSpace": null, "SubClasses": null, "Linetype": null, "EntityHandle": "1C1E1D4E", "Text": null }, "geometry": { "type": "LineString", "coordinates": [ [ 39348.501052902392985, 15539.561310869419685, 0.0 ], [ 39348.501052902392985, 16072.041189965060767, 0.0 ] ] } },
{ "type": "Feature", "properties": { "Layer": "023_MUROS_2", "PaperSpace": null, "SubClasses": null, "Linetype": null, "EntityHandle": "1C1E1D4F", "Text": null }, "geometry": { "type": "LineString", "coordinates": [ [ 39246.217930783706834, 16122.575106943459105, 0.0 ], [ 39343.703613663892611, 16197.15115547555979, 0.0 ] ] } },
{ "type": "Feature", "properties": { "Layer": "023_MUROS_2", "PaperSpace": null, "SubClasses": null, "Linetype": null, "EntityHandle": "1C1E1D50", "Text": null }, "geometry": { "type": "LineString", "coordinates": [ [ 40424.169932249751582, 17023.702360036790196, 0.0 ], [ 40529.779422036102915, 17104.493079279538506, 0.0 ] ] } },
{ "type": "Feature", "properties": { "Layer": "023_MUROS_2", "PaperSpace": null, "SubClasses": null, "Linetype": null, "EntityHandle": "1C1E1D51", "Text": null }, "geometry": { "type": "LineString", "coordinates": [ [ 39348.501052902392985, 16072.041189965060767, 0.0 ], [ 39405.850320773701242, 16115.913086408900199, 0.0 ] ] } },
{ "type": "Feature", "properties": { "Layer": "023_MUROS_2", "PaperSpace": null, "SubClasses": null, "Linetype": null, "EntityHandle": "1C1E1D52", "Text": null }, "geometry": { "type": "LineString", "coordinates": [ [ 40486.316639359567489, 16942.464290970390721, 0.0 ], [ 40564.416071850522712, 17002.209957161008788, 0.0 ] ] } },
{ "type": "Feature", "properties": { "Layer": "023_MUROS_2", "PaperSpace": null, "SubClasses": null, "Linetype": null, "EntityHandle": "1C1E1D57", "Text": null }, "geometry": { "type": "LineString", "coordinates": [ [ 39348.501052902392985, 15539.561310869419685, 0.0 ], [ 42626.583425461722072, 15539.561310869190493, 0.0 ] ] } },
{ "type": "Feature", "properties": { "Layer": "023_MUROS_2", "PaperSpace": null, "SubClasses": null, "Linetype": null, "EntityHandle": "1C1E1D58", "Text": null }, "geometry": { "type": "LineString", "coordinates": [ [ 42728.866547579942562, 15539.561310869190493, 0.0 ], [ 43393.706841349383467, 15539.561310869419685, 0.0 ] ] } },
{ "type": "Feature", "properties": { "Layer": "023_MUROS_2", "PaperSpace": null, "SubClasses": null, "Linetype": null, "EntityHandle": "1C1E1D59", "Text": null }, "geometry": { "type": "LineString", "coordinates": [ [ 43853.980890881692176, 15539.561310869419685, 0.0 ], [ 44211.971818295096455, 15539.561310869190493, 0.0 ] ] } },
{ "type": "Feature", "properties": { "Layer": "023_MUROS_2", "PaperSpace": null, "SubClasses": null, "Linetype": null, "EntityHandle": "1C1E1D5A", "Text": null }, "geometry": { "type": "LineString", "coordinates": [ [ 45418.912659291549062, 15539.561310868990404, 0.0 ], [ 45470.054220350306423, 15539.561310868699366, 0.0 ] ] } },
{ "type": "Feature", "properties": { "Layer": "023_MUROS_2", "PaperSpace": null, "SubClasses": null, "Linetype": null, "EntityHandle": "1C1E1D5B", "Text": null }, "geometry": { "type": "LineString", "coordinates": [ [ 45930.328269883088069, 15539.561310868990404, 0.0 ], [ 46902.01793000671023, 15539.561310869190493, 0.0 ] ] } },
{ "type": "Feature", "properties": { "Layer": "023_MUROS_2", "PaperSpace": null, "SubClasses": null, "Linetype": null, "EntityHandle": "1C1E1D5C", "Text": null }, "geometry": { "type": "LineString", "coordinates": [ [ 40424.169932249751582, 17023.702360036790196, 0.0 ], [ 40486.316639359567489, 16942.46429096987049, 0.0 ] ] } },
{ "type": "Feature", "properties": { "Layer": "023_MUROS_2", "PaperSpace": null, "SubClasses": null, "Linetype": null, "EntityHandle": "1C1E1D5D", "Text": null }, "geometry": { "type": "LineString", "coordinates": [ [ 39343.703613664700242, 16197.151155474199186, 0.0 ], [ 39405.850320775207365, 16115.913086407510491, 0.0 ] ] } },
{ "type": "Feature", "properties": { "Layer": "023_MUROS_2", "PaperSpace": null, "SubClasses": null, "Linetype": null, "EntityHandle": "1C1E1D61", "Text": null }, "geometry": { "type": "LineString", "coordinates": [ [ 41798.090136303362669, 17104.493079279538506, 0.0 ], [ 41798.090136303362669, 17002.209957161008788, 0.0 ] ] } },
{ "type": "Feature", "properties": { "Layer": "023_MUROS_2", "PaperSpace": null, "SubClasses": null, "Linetype": null, "EntityHandle": "1C1E1D62", "Text": null }, "geometry": { "type": "LineString", "coordinates": [ [ 42514.071991131451796, 17104.493079279538506, 0.0 ], [ 42514.071991131451796, 17002.209957161008788, 0.0 ] ] } },
{ "type": "Feature", "properties": { "Layer": "023_MUROS_2", "PaperSpace": null, "SubClasses": null, "Linetype": null, "EntityHandle": "1C1E1D68", "Text": null }, "geometry": { "type": "LineString", "coordinates": [ [ 8433.335701311851153, 22658.466610302919435, 0.0 ], [ 8433.335701312314995, 22607.325049243929243, 0.0 ] ] } },
{ "type": "Feature", "properties": { "Layer": "023_MUROS_2", "PaperSpace": null, "SubClasses": null, "Linetype": null, "EntityHandle": "1C1E1D69", "Text": null }, "geometry": { "type": "LineString", "coordinates": [ [ 6316.075073462936416, 19610.429571177668549, 0.0 ], [ 5947.855833836783859, 19610.429571177668549, 0.0 ] ] } },
{ "type": "Feature", "properties": { "Layer": "023_MUROS_2", "PaperSpace": null, "SubClasses": null, "Linetype": null, "EntityHandle": "1C1E1D6A", "Text": null }, "geometry": { "type": "LineString", "coordinates": [ [ 6316.075073462936416, 19610.429571177668549, 0.0 ], [ 6316.075073462936416, 16991.981644949180918, 0.0 ] ] } },
{ "type": "Feature", "properties": { "Layer": "023_MUROS_2", "PaperSpace": null, "SubClasses": null, "Linetype": null, "EntityHandle": "1C1E1D72", "Text": null }, "geometry": { "type": "LineString", "coordinates": [ [ 28491.055948710560187, 22607.32504924442037, 0.0 ], [ 28163.749957931580866, 22607.325049244100228, 0.0 ] ] } },
{ "type": "Feature", "properties": { "Layer": "023_MUROS_2", "PaperSpace": null, "SubClasses": null, "Linetype": null, "EntityHandle": "1C1E1D73", "Text": null }, "geometry": { "type": "LineString", "coordinates": [ [ 28163.749957931580866, 22607.325049244100228, 0.0 ], [ 28163.749957933090627, 17514.648398973531584, 0.0 ] ] } },
{ "type": "Feature", "properties": { "Layer": "023_MUROS_2", "PaperSpace": null, "SubClasses": null, "Linetype": null, "EntityHandle": "1C1E1D74", "Text": null }, "geometry": { "type": "LineString", "coordinates": [ [ 28163.749957933090627, 17514.648398973531584, 0.0 ], [ 28286.489704474948667, 17514.648398973531584, 0.0 ] ] } },
{ "type": "Feature", "properties": { "Layer": "023_MUROS_2", "PaperSpace": null, "SubClasses": null, "Linetype": null, "EntityHandle": "1C1E1D75", "Text": null }, "geometry": { "type": "LineString", "coordinates": [ [ 28286.489704474948667, 17514.648398973531584, 0.0 ], [ 28286.489704474948667, 17431.799070058030338, 0.0 ] ] } },
{ "type": "Feature", "properties": { "Layer": "023_MUROS_2", "PaperSpace": null, "SubClasses": null, "Linetype": null, "EntityHandle": "1C1E1D76", "Text": null }, "geometry": { "type": "LineString", "coordinates": [ [ 28286.489704474948667, 17431.799070058030338, 0.0 ], [ 28112.60839687375119, 17431.799070058030338, 0.0 ] ] } },
{ "type": "Feature", "properties": { "Layer": "023_MUROS_2", "PaperSpace": null, "SubClasses": null, "Linetype": null, "EntityHandle": "1C1E1D77", "Text": null }, "geometry": { "type": "LineString", "coordinates": [ [ 28112.60839687375119, 17431.799070058030338, 0.0 ], [ 28112.60839687375119, 16910.155147254670737, 0.0 ] ] } },
{ "type": "Feature", "properties": { "Layer": "023_MUROS_2", "PaperSpace": null, "SubClasses": null, "Linetype": null, "EntityHandle": "1C1E1D78", "Text": null }, "geometry": { "type": "LineString", "coordinates": [ [ 28112.60839687375119, 16910.155147254670737, 0.0 ], [ 26895.439243666289258, 16910.155147254848998, 0.0 ] ] } },
{ "type": "Feature", "properties": { "Layer": "023_MUROS_2", "PaperSpace": null, "SubClasses": null, "Linetype": null, "EntityHandle": "1C1E1D79", "Text": null }, "geometry": { "type": "LineString", "coordinates": [ [ 26895.439243666289258, 16910.155147254848998, 0.0 ], [ 26895.439243665830872, 16961.296708314708667, 0.0 ] ] } },
{ "type": "Feature", "properties": { "Layer": "023_MUROS_2", "PaperSpace": null, "SubClasses": null, "Linetype": null, "EntityHandle": "1C1E1D7A", "Text": null }, "geometry": { "type": "LineString", "coordinates": [ [ 26895.439243665830872, 16961.296708314708667, 0.0 ], [ 28061.466835814411752, 16961.296708314708667, 0.0 ] ] } },
{ "type": "Feature", "properties": { "Layer": "023_MUROS_2", "PaperSpace": null, "SubClasses": null, "Linetype": null, "EntityHandle": "1C1E1D7B", "Text": null }, "geometry": { "type": "LineString", "coordinates": [ [ 28061.466835814411752, 16961.296708314708667, 0.0 ], [ 28061.466835814411752, 22607.32504924442037, 0.0 ] ] } },
{ "type": "Feature", "properties": { "Layer": "023_MUROS_2", "PaperSpace": null, "SubClasses": null, "Linetype": null, "EntityHandle": "1C1E1D7C", "Text": null }, "geometry": { "type": "LineString", "coordinates": [ [ 28087.037616344539856, 16961.296708314708667, 0.0 ], [ 28087.037616344539856, 22607.32504924442037, 0.0 ] ] } },
{ "type": "Feature", "properties": { "Layer": "023_MUROS_2", "PaperSpace": null, "SubClasses": null, "Linetype": null, "EntityHandle": "1C1E1D7D", "Text": null }, "geometry": { "type": "LineString", "coordinates": [ [ 28061.466835814411752, 22607.32504924442037, 0.0 ], [ 27120.462112325789349, 22607.32504924442037, 0.0 ] ] } },
{ "type": "Feature", "properties": { "Layer": "023_MUROS_2", "PaperSpace": null, "SubClasses": null, "Linetype": null, "EntityHandle": "1C1E1D7E", "Text": null }, "geometry": { "type": "LineString", "coordinates": [ [ 27120.462112325789349, 22607.32504924442037, 0.0 ], [ 27120.462112325789349, 21942.4847554755288, 0.0 ] ] } },
{ "type": "Feature", "properties": { "Layer": "023_MUROS_2", "PaperSpace": null, "SubClasses": null, "Linetype": null, "EntityHandle": "1C1E1D7F", "Text": null }, "geometry": { "type": "LineString", "coordinates": [ [ 27120.462112325789349, 21942.4847554755288, 0.0 ], [ 26302.197135379719839, 21942.4847554755288, 0.0 ] ] } },
{ "type": "Feature", "properties": { "Layer": "023_MUROS_2", "PaperSpace": null, "SubClasses": null, "Linetype": null, "EntityHandle": "1C1E1D80", "Text": null }, "geometry": { "type": "LineString", "coordinates": [ [ 26302.197135379719839, 21942.4847554755288, 0.0 ], [ 26302.197135379719839, 22607.32504924442037, 0.0 ] ] } },
{ "type": "Feature", "properties": { "Layer": "023_MUROS_2", "PaperSpace": null, "SubClasses": null, "Linetype": null, "EntityHandle": "1C1E1D81", "Text": null }, "geometry": { "type": "LineString", "coordinates": [ [ 26302.197135379719839, 22607.32504924442037, 0.0 ], [ 24921.374986782531778, 22607.32504924442037, 0.0 ] ] } },
{ "type": "Feature", "properties": { "Layer": "023_MUROS_2", "PaperSpace": null, "SubClasses": null, "Linetype": null, "EntityHandle": "1C1E1D82", "Text": null }, "geometry": { "type": "LineString", "coordinates": [ [ 24921.374986782531778, 22607.32504924442037, 0.0 ], [ 24921.374986782531778, 22044.767877593931189, 0.0 ] ] } },
{ "type": "Feature", "properties": { "Layer": "023_MUROS_2", "PaperSpace": null, "SubClasses": null, "Linetype": null, "EntityHandle": "1C1E1D83", "Text": null }, "geometry": { "type": "LineString", "coordinates": [ [ 24921.374986782531778, 22044.767877593931189, 0.0 ], [ 24870.233425723770779, 22044.767877593931189, 0.0 ] ] } },
{ "type": "Feature", "properties": { "Layer": "023_MUROS_2", "PaperSpace": null, "SubClasses": null, "Linetype": null, "EntityHandle": "1C1E1D84", "Text": null }, "geometry": { "type": "LineString", "coordinates": [ [ 24870.233425723770779, 22044.767877593931189, 0.0 ], [ 24870.233425723188702, 22607.32504924442037, 0.0 ] ] } },
{ "type": "Feature", "properties": { "Layer": "023_MUROS_2", "PaperSpace": null, "SubClasses": null, "Linetype": null, "EntityHandle": "1C1E1D85", "Text": null }, "geometry": { "type": "LineString", "coordinates": [ [ 24870.233425723188702, 22607.32504924442037, 0.0 ], [ 22957.539042111060553, 22607.32504924442037, 0.0 ] ] } },
{ "type": "Feature", "properties": { "Layer": "023_MUROS_2", "PaperSpace": null, "SubClasses": null, "Linetype": null, "EntityHandle": "1C1E1D86", "Text": null }, "geometry": { "type": "LineString", "coordinates": [ [ 22957.539042111060553, 22607.32504924442037, 0.0 ], [ 22957.539042111060553, 21942.484755475288694, 0.0 ] ] } },
{ "type": "Feature", "properties": { "Layer": "023_MUROS_2", "PaperSpace": null, "SubClasses": null, "Linetype": null, "EntityHandle": "1C1E1D87", "Text": null }, "geometry": { "type": "LineString", "coordinates": [ [ 22957.539042111060553, 21942.484755475288694, 0.0 ], [ 22139.274065164408967, 21942.484755475288694, 0.0 ] ] } },
{ "type": "Feature", "properties": { "Layer": "023_MUROS_2", "PaperSpace": null, "SubClasses": null, "Linetype": null, "EntityHandle": "1C1E1D88", "Text": null }, "geometry": { "type": "LineString", "coordinates": [ [ 22139.274065164408967, 21942.484755475288694, 0.0 ], [ 22139.274065164408967, 22607.32504924442037, 0.0 ] ] } },
{ "type": "Feature", "properties": { "Layer": "023_MUROS_2", "PaperSpace": null, "SubClasses": null, "Linetype": null, "EntityHandle": "1C1E1D89", "Text": null }, "geometry": { "type": "LineString", "coordinates": [ [ 22139.274065164408967, 22607.32504924442037, 0.0 ], [ 18988.953903920479206, 22607.32504924442037, 0.0 ] ] } },
{ "type": "Feature", "properties": { "Layer": "023_MUROS_2", "PaperSpace": null, "SubClasses": null, "Linetype": null, "EntityHandle": "1C1E1D8A", "Text": null }, "geometry": { "type": "LineString", "coordinates": [ [ 18988.953903920479206, 22607.32504924442037, 0.0 ], [ 18988.953903920479206, 21942.484755475288694, 0.0 ] ] } },
{ "type": "Feature", "properties": { "Layer": "023_MUROS_2", "PaperSpace": null, "SubClasses": null, "Linetype": null, "EntityHandle": "1C1E1D8B", "Text": null }, "geometry": { "type": "LineString", "coordinates": [ [ 18988.953903920479206, 21942.484755475288694, 0.0 ], [ 18170.688926974409696, 21942.484755475288694, 0.0 ] ] } },
{ "type": "Feature", "properties": { "Layer": "023_MUROS_2", "PaperSpace": null, "SubClasses": null, "Linetype": null, "EntityHandle": "1C1E1D8C", "Text": null }, "geometry": { "type": "LineString", "coordinates": [ [ 18170.688926974409696, 21942.484755475288694, 0.0 ], [ 18170.688926974409696, 22607.32504924442037, 0.0 ] ] } },
{ "type": "Feature", "properties": { "Layer": "023_MUROS_2", "PaperSpace": null, "SubClasses": null, "Linetype": null, "EntityHandle": "1C1E1D8D", "Text": null }, "geometry": { "type": "LineString", "coordinates": [ [ 18170.688926974409696, 22607.32504924442037, 0.0 ], [ 14826.030833705759505, 22607.32504924442037, 0.0 ] ] } },
{ "type": "Feature", "properties": { "Layer": "023_MUROS_2", "PaperSpace": null, "SubClasses": null, "Linetype": null, "EntityHandle": "1C1E1D8E", "Text": null }, "geometry": { "type": "LineString", "coordinates": [ [ 14826.030833705759505, 22607.32504924442037, 0.0 ], [ 14826.030833705759505, 21942.484755475288694, 0.0 ] ] } },
{ "type": "Feature", "properties": { "Layer": "023_MUROS_2", "PaperSpace": null, "SubClasses": null, "Linetype": null, "EntityHandle": "1C1E1D8F", "Text": null }, "geometry": { "type": "LineString", "coordinates": [ [ 14826.030833705759505, 21942.484755475288694, 0.0 ], [ 14304.386910902159798, 21942.484755475288694, 0.0 ] ] } },
{ "type": "Feature", "properties": { "Layer": "023_MUROS_2", "PaperSpace": null, "SubClasses": null, "Linetype": null, "EntityHandle": "1C1E1D90", "Text": null }, "geometry": { "type": "LineString", "coordinates": [ [ 14304.386910902159798, 21942.484755475288694, 0.0 ], [ 14304.386910902159798, 21839.178802135920705, 0.0 ] ] } },
{ "type": "Feature", "properties": { "Layer": "023_MUROS_2", "PaperSpace": null, "SubClasses": null, "Linetype": null, "EntityHandle": "1C1E1D91", "Text": null }, "geometry": { "type": "LineString", "coordinates": [ [ 14304.386910902159798, 21839.178802135920705, 0.0 ], [ 14202.103788784410426, 21839.178802135920705, 0.0 ] ] } },
{ "type": "Feature", "properties": { "Layer": "023_MUROS_2", "PaperSpace": null, "SubClasses": null, "Linetype": null, "EntityHandle": "1C1E1D92", "Text": null }, "geometry": { "type": "LineString", "coordinates": [ [ 14202.103788784410426, 21839.178802135920705, 0.0 ], [ 14202.103788784410426, 22607.32504924442037, 0.0 ] ] } },
{ "type": "Feature", "properties": { "Layer": "023_MUROS_2", "PaperSpace": null, "SubClasses": null, "Linetype": null, "EntityHandle": "1C1E1D93", "Text": null }, "geometry": { "type": "LineString", "coordinates": [ [ 14202.103788784410426, 22607.32504924442037, 0.0 ], [ 10806.304134456420798, 22607.325049243929243, 0.0 ] ] } },
{ "type": "Feature", "properties": { "Layer": "023_MUROS_2", "PaperSpace": null, "SubClasses": null, "Linetype": null, "EntityHandle": "1C1E1D94", "Text": null }, "geometry": { "type": "LineString", "coordinates": [ [ 10806.304134456420798, 22607.325049243929243, 0.0 ], [ 10806.304134456420798, 16961.296708313810086, 0.0 ] ] } },
{ "type": "Feature", "properties": { "Layer": "023_MUROS_2", "PaperSpace": null, "SubClasses": null, "Linetype": null, "EntityHandle": "1C1E1D95", "Text": null }, "geometry": { "type": "LineString", "coordinates": [ [ 10806.304134456420798, 16961.296708313810086, 0.0 ], [ 12013.244975452280414, 16961.296708313810086, 0.0 ] ] } },
{ "type": "Feature", "properties": { "Layer": "023_MUROS_2", "PaperSpace": null, "SubClasses": null, "Linetype": null, "EntityHandle": "1C1E1D96", "Text": null }, "geometry": { "type": "LineString", "coordinates": [ [ 12013.244975452280414, 16961.296708313810086, 0.0 ], [ 12013.244975452280414, 16910.155147254670737, 0.0 ] ] } },
{ "type": "Feature", "properties": { "Layer": "023_MUROS_2", "PaperSpace": null, "SubClasses": null, "Linetype": null, "EntityHandle": "1C1E1D97", "Text": null }, "geometry": { "type": "LineString", "coordinates": [ [ 12013.244975452280414, 16910.155147254670737, 0.0 ], [ 10755.162573397430606, 16910.155147254670737, 0.0 ] ] } },
{ "type": "Feature", "properties": { "Layer": "023_MUROS_2", "PaperSpace": null, "SubClasses": null, "Linetype": null, "EntityHandle": "1C1E1D98", "Text": null }, "geometry": { "type": "LineString", "coordinates": [ [ 10755.162573397430606, 16910.155147254670737, 0.0 ], [ 10755.162573397430606, 17748.876748624788888, 0.0 ] ] } },
{ "type": "Feature", "properties": { "Layer": "023_MUROS_2", "PaperSpace": null, "SubClasses": null, "Linetype": null, "EntityHandle": "1C1E1D99", "Text": null }, "geometry": { "type": "LineString", "coordinates": [ [ 10755.162573397430606, 17748.876748624788888, 0.0 ], [ 10724.477636761839676, 17748.876748624788888, 0.0 ] ] } },
{ "type": "Feature", "properties": { "Layer": "023_MUROS_2", "PaperSpace": null, "SubClasses": null, "Linetype": null, "EntityHandle": "1C1E1D9A", "Text": null }, "geometry": { "type": "LineString", "coordinates": [ [ 10724.477636761839676, 17748.876748624788888, 0.0 ], [ 10724.477636761839676, 17830.703246319299069, 0.0 ] ] } },
{ "type": "Feature", "properties": { "Layer": "023_MUROS_2", "PaperSpace": null, "SubClasses": null, "Linetype": null, "EntityHandle": "1C1E1D9B", "Text": null }, "geometry": { "type": "LineString", "coordinates": [ [ 10724.477636761839676, 17830.703246319299069, 0.0 ], [ 10755.162573397430606, 17830.703246319299069, 0.0 ] ] } },
{ "type": "Feature", "properties": { "Layer": "023_MUROS_2", "PaperSpace": null, "SubClasses": null, "Linetype": null, "EntityHandle": "1C1E1D9C", "Text": null }, "geometry": { "type": "LineString", "coordinates": [ [ 10755.162573397430606, 17830.703246319299069, 0.0 ], [ 10755.162573397430606, 20316.183113793991652, 0.0 ] ] } },
{ "type": "Feature", "properties": { "Layer": "023_MUROS_2", "PaperSpace": null, "SubClasses": null, "Linetype": null, "EntityHandle": "1C1E1D9D", "Text": null }, "geometry": { "type": "LineString", "coordinates": [ [ 10755.162573397430606, 20316.183113793991652, 0.0 ], [ 9486.851859130161756, 20316.183113793991652, 0.0 ] ] } },
{ "type": "Feature", "properties": { "Layer": "023_MUROS_2", "PaperSpace": null, "SubClasses": null, "Linetype": null, "EntityHandle": "1C1E1D9E", "Text": null }, "geometry": { "type": "LineString", "coordinates": [ [ 9486.851859130161756, 20316.183113793991652, 0.0 ], [ 9486.85185912981251, 20530.977670242271415, 0.0 ] ] } },
{ "type": "Feature", "properties": { "Layer": "023_MUROS_2", "PaperSpace": null, "SubClasses": null, "Linetype": null, "EntityHandle": "1C1E1D9F", "Text": null }, "geometry": { "type": "LineString", "coordinates": [ [ 9486.85185912981251, 20530.977670242271415, 0.0 ], [ 9589.134981248495023, 20530.977670242271415, 0.0 ] ] } },
{ "type": "Feature", "properties": { "Layer": "023_MUROS_2", "PaperSpace": null, "SubClasses": null, "Linetype": null, "EntityHandle": "1C1E1DA0", "Text": null }, "geometry": { "type": "LineString", "coordinates": [ [ 9589.134981248495023, 20530.977670242271415, 0.0 ], [ 9589.134981248495023, 20418.466235912201228, 0.0 ] ] } },
{ "type": "Feature", "properties": { "Layer": "023_MUROS_2", "PaperSpace": null, "SubClasses": null, "Linetype": null, "EntityHandle": "1C1E1DA1", "Text": null }, "geometry": { "type": "LineString", "coordinates": [ [ 9589.134981248495023, 20418.466235912201228, 0.0 ], [ 10755.162573397430606, 20418.466235912201228, 0.0 ] ] } },
{ "type": "Feature", "properties": { "Layer": "023_MUROS_2", "PaperSpace": null, "SubClasses": null, "Linetype": null, "EntityHandle": "1C1E1DA2", "Text": null }, "geometry": { "type": "LineString", "coordinates": [ [ 10755.162573397430606, 20418.466235912201228, 0.0 ], [ 10755.162573397430606, 21911.799818839601357, 0.0 ] ] } },
{ "type": "Feature", "properties": { "Layer": "023_MUROS_2", "PaperSpace": null, "SubClasses": null, "Linetype": null, "EntityHandle": "1C1E1DA3", "Text": null }, "geometry": { "type": "LineString", "coordinates": [ [ 10755.162573397430606, 21911.799818839601357, 0.0 ], [ 9589.134981248495023, 21911.799818839601357, 0.0 ] ] } },
{ "type": "Feature", "properties": { "Layer": "023_MUROS_2", "PaperSpace": null, "SubClasses": null, "Linetype": null, "EntityHandle": "1C1E1DA4", "Text": null }, "geometry": { "type": "LineString", "coordinates": [ [ 9589.134981248495023, 21911.799818839601357, 0.0 ], [ 9589.134981248495023, 21124.219778528611641, 0.0 ] ] } },
{ "type": "Feature", "properties": { "Layer": "023_MUROS_2", "PaperSpace": null, "SubClasses": null, "Linetype": null, "EntityHandle": "1C1E1DA5", "Text": null }, "geometry": { "type": "LineString", "coordinates": [ [ 9589.134981248495023, 21124.219778528611641, 0.0 ], [ 9486.85185912981251, 21124.219778528611641, 0.0 ] ] } },
{ "type": "Feature", "properties": { "Layer": "023_MUROS_2", "PaperSpace": null, "SubClasses": null, "Linetype": null, "EntityHandle": "1C1E1DA6", "Text": null }, "geometry": { "type": "LineString", "coordinates": [ [ 9486.85185912981251, 21124.219778528611641, 0.0 ], [ 9486.851859130161756, 22014.082940957810933, 0.0 ] ] } },
{ "type": "Feature", "properties": { "Layer": "023_MUROS_2", "PaperSpace": null, "SubClasses": null, "Linetype": null, "EntityHandle": "1C1E1DA7", "Text": null }, "geometry": { "type": "LineString", "coordinates": [ [ 9486.851859130161756, 22014.082940957810933, 0.0 ], [ 10755.162573397430606, 22014.082940957810933, 0.0 ] ] } },
{ "type": "Feature", "properties": { "Layer": "023_MUROS_2", "PaperSpace": null, "SubClasses": null, "Linetype": null, "EntityHandle": "1C1E1DA8", "Text": null }, "geometry": { "type": "LineString", "coordinates": [ [ 10755.162573397430606, 22014.082940957810933, 0.0 ], [ 10755.162573397430606, 22607.325049243929243, 0.0 ] ] } },
{ "type": "Feature", "properties": { "Layer": "023_MUROS_2", "PaperSpace": null, "SubClasses": null, "Linetype": null, "EntityHandle": "1C1E1DA9", "Text": null }, "geometry": { "type": "LineString", "coordinates": [ [ 10755.162573397430606, 22607.325049243929243, 0.0 ], [ 9251.600678258151675, 22607.325049243689136, 0.0 ] ] } },
{ "type": "Feature", "properties": { "Layer": "023_MUROS_2", "PaperSpace": null, "SubClasses": null, "Linetype": null, "EntityHandle": "1C1E1DAA", "Text": null }, "geometry": { "type": "LineString", "coordinates": [ [ 9251.600678258151675, 22607.325049243689136, 0.0 ], [ 9251.600678258151675, 22658.466610302919435, 0.0 ] ] } },
{ "type": "Feature", "properties": { "Layer": "023_MUROS_2", "PaperSpace": null, "SubClasses": null, "Linetype": null, "EntityHandle": "1C1E1DAB", "Text": null }, "geometry": { "type": "LineString", "coordinates": [ [ 9251.600678258151675, 22658.466610302919435, 0.0 ], [ 28491.055948710560187, 22658.466610303668858, 0.0 ] ] } },
{ "type": "Feature", "properties": { "Layer": "023_MUROS_2", "PaperSpace": null, "SubClasses": null, "Linetype": null, "EntityHandle": "1C1E1DAE", "Text": null }, "geometry": { "type": "LineString", "coordinates": [ [ 28491.055948710560187, 22658.466610303668858, 0.0 ], [ 28491.055948710560187, 22607.32504924442037, 0.0 ] ] } },
{ "type": "Feature", "properties": { "Layer": "023_MUROS_2", "PaperSpace": null, "SubClasses": null, "Linetype": null, "EntityHandle": "1C1E1DAF", "Text": null }, "geometry": { "type": "LineString", "coordinates": [ [ 28818.361939488739154, 22658.466610303239577, 0.0 ], [ 32582.380833443810843, 22658.466610303239577, 0.0 ] ] } },
{ "type": "Feature", "properties": { "Layer": "023_MUROS_2", "PaperSpace": null, "SubClasses": null, "Linetype": null, "EntityHandle": "1C1E1DB0", "Text": null }, "geometry": { "type": "LineString", "coordinates": [ [ 33451.787371449572674, 22658.466610303239577, 0.0 ], [ 33492.700620296978741, 22658.466610303239577, 0.0 ] ] } },
{ "type": "Feature", "properties": { "Layer": "023_MUROS_2", "PaperSpace": null, "SubClasses": null, "Linetype": null, "EntityHandle": "1C1E1DB1", "Text": null }, "geometry": { "type": "LineString", "coordinates": [ [ 34403.02040715025214, 22658.466610303239577, 0.0 ], [ 37389.687573004339356, 22658.466610303439666, 0.0 ] ] } },
{ "type": "Feature", "properties": { "Layer": "023_MUROS_2", "PaperSpace": null, "SubClasses": null, "Linetype": null, "EntityHandle": "1C1E1DB2", "Text": null }, "geometry": { "type": "LineString", "coordinates": [ [ 38289.779047646152321, 22658.466610303439666, 0.0 ], [ 39885.395752691227244, 22658.466610303239577, 0.0 ] ] } },
{ "type": "Feature", "properties": { "Layer": "023_MUROS_2", "PaperSpace": null, "SubClasses": null, "Linetype": null, "EntityHandle": "1C1E1DB3", "Text": null }, "geometry": { "type": "LineString", "coordinates": [ [ 41706.035326396849996, 22658.466610303239577, 0.0 ], [ 42575.44186440284102, 22658.466610302541085, 0.0 ] ] } },
{ "type": "Feature", "properties": { "Layer": "023_MUROS_2", "PaperSpace": null, "SubClasses": null, "Linetype": null, "EntityHandle": "1C1E1DB4", "Text": null }, "geometry": { "type": "LineString", "coordinates": [ [ 42698.181610944702697, 22658.466610303239577, 0.0 ], [ 43444.848402408722905, 22658.466610303239577, 0.0 ] ] } },
{ "type": "Feature", "properties": { "Layer": "023_MUROS_2", "PaperSpace": null, "SubClasses": null, "Linetype": null, "EntityHandle": "1C1E1DB5", "Text": null }, "geometry": { "type": "LineString", "coordinates": [ [ 44160.83025723692117, 22658.466610303239577, 0.0 ], [ 44835.898863216913014, 22658.466610303239577, 0.0 ] ] } },
{ "type": "Feature", "properties": { "Layer": "023_MUROS_2", "PaperSpace": null, "SubClasses": null, "Linetype": null, "EntityHandle": "1C1E1DB6", "Text": null }, "geometry": { "type": "LineString", "coordinates": [ [ 46666.766749135167629, 22658.466610303239577, 0.0 ], [ 47485.031726080887893, 22658.466610303239577, 0.0 ] ] } },
{ "type": "Feature", "properties": { "Layer": "023_MUROS_2", "PaperSpace": null, "SubClasses": null, "Linetype": null, "EntityHandle": "1C1E1DB7", "Text": null }, "geometry": { "type": "LineString", "coordinates": [ [ 42575.44186440284102, 22832.347917904200585, 0.0 ], [ 42698.181610945051943, 22832.347917903971393, 0.0 ] ] } },
{ "type": "Feature", "properties": { "Layer": "023_MUROS_2", "PaperSpace": null, "SubClasses": null, "Linetype": null, "EntityHandle": "1C1E1DC4", "Text": null }, "geometry": { "type": "LineString", "coordinates": [ [ 42575.44186440284102, 22658.466610302541085, 0.0 ], [ 42575.44186440284102, 22832.347917904200585, 0.0 ] ] } },
{ "type": "Feature", "properties": { "Layer": "023_MUROS_2", "PaperSpace": null, "SubClasses": null, "Linetype": null, "EntityHandle": "1C1E1DC5", "Text": null }, "geometry": { "type": "LineString", "coordinates": [ [ 42698.181610944702697, 22658.466610303239577, 0.0 ], [ 42698.181610945051943, 22832.347917903971393, 0.0 ] ] } },
{ "type": "Feature", "properties": { "Layer": "023_MUROS_2", "PaperSpace": null, "SubClasses": null, "Linetype": null, "EntityHandle": "1C1E1DC6", "Text": null }, "geometry": { "type": "LineString", "coordinates": [ [ 25964.662832389840332, 51246.599242369949934, 0.0 ], [ 22865.484232205359149, 51246.599242370146385, 0.0 ] ] } },
{ "type": "Feature", "properties": { "Layer": "023_MUROS_2", "PaperSpace": null, "SubClasses": null, "Linetype": null, "EntityHandle": "1C1E1DFC", "Text": null }, "geometry": { "type": "LineString", "coordinates": [ [ 63574.166835292169708, 32476.623502439349977, 0.0 ], [ 63574.166835291696771, 29356.988277831249434, 0.0 ] ] } },
{ "type": "Feature", "properties": { "Layer": "023_MUROS_2", "PaperSpace": null, "SubClasses": null, "Linetype": null, "EntityHandle": "1C1E1DFD", "Text": null }, "geometry": { "type": "LineString", "coordinates": [ [ 47454.346789446586627, 52494.453332213510294, 0.0 ], [ 46687.223373559267202, 52494.453332213510294, 0.0 ] ] } },
{ "type": "Feature", "properties": { "Layer": "023_MUROS_2", "PaperSpace": null, "SubClasses": null, "Linetype": null, "EntityHandle": "1C1E1DFE", "Text": null }, "geometry": { "type": "LineString", "coordinates": [ [ 46687.223373559267202, 52494.453332213510294, 0.0 ], [ 46687.223373559267202, 50919.293251591661829, 0.0 ] ] } },
{ "type": "Feature", "properties": { "Layer": "023_MUROS_2", "PaperSpace": null, "SubClasses": null, "Linetype": null, "EntityHandle": "1C1E1DFF", "Text": null }, "geometry": { "type": "LineString", "coordinates": [ [ 46687.223373559267202, 50919.293251591661829, 0.0 ], [ 46237.177636238549894, 50919.293251591661829, 0.0 ] ] } },
{ "type": "Feature", "properties": { "Layer": "023_MUROS_2", "PaperSpace": null, "SubClasses": null, "Linetype": null, "EntityHandle": "1C1E1E00", "Text": null }, "geometry": { "type": "LineString", "coordinates": [ [ 46237.177636238549894, 50919.293251591661829, 0.0 ], [ 46237.177636238549894, 50765.868568414276524, 0.0 ] ] } },
{ "type": "Feature", "properties": { "Layer": "023_MUROS_2", "PaperSpace": null, "SubClasses": null, "Linetype": null, "EntityHandle": "1C1E1E01", "Text": null }, "geometry": { "type": "LineString", "coordinates": [ [ 46237.177636238549894, 50765.868568414276524, 0.0 ], [ 49009.050245644852112, 50765.868568414276524, 0.0 ] ] } },
{ "type": "Feature", "properties": { "Layer": "023_MUROS_2", "PaperSpace": null, "SubClasses": null, "Linetype": null, "EntityHandle": "1C1E1E02", "Text": null }, "geometry": { "type": "LineString", "coordinates": [ [ 49009.050245644852112, 50765.868568414276524, 0.0 ], [ 49009.050245644852112, 50090.799962433397013, 0.0 ] ] } },
{ "type": "Feature", "properties": { "Layer": "023_MUROS_2", "PaperSpace": null, "SubClasses": null, "Linetype": null, "EntityHandle": "1C1E1E03", "Text": null }, "geometry": { "type": "LineString", "coordinates": [ [ 49009.050245644852112, 50090.799962433397013, 0.0 ], [ 49162.474928822397487, 50090.799962433397013, 0.0 ] ] } },
{ "type": "Feature", "properties": { "Layer": "023_MUROS_2", "PaperSpace": null, "SubClasses": null, "Linetype": null, "EntityHandle": "1C1E1E04", "Text": null }, "geometry": { "type": "LineString", "coordinates": [ [ 49162.474928822397487, 50090.799962433397013, 0.0 ], [ 49162.474928822397487, 50765.868568414109177, 0.0 ] ] } },
{ "type": "Feature", "properties": { "Layer": "023_MUROS_2", "PaperSpace": null, "SubClasses": null, "Linetype": null, "EntityHandle": "1C1E1E05", "Text": null }, "geometry": { "type": "LineString", "coordinates": [ [ 49162.474928822397487, 50765.868568414109177, 0.0 ], [ 55023.297826201473072, 50765.868568414109177, 0.0 ] ] } },
{ "type": "Feature", "properties": { "Layer": "023_MUROS_2", "PaperSpace": null, "SubClasses": null, "Linetype": null, "EntityHandle": "1C1E1E06", "Text": null }, "geometry": { "type": "LineString", "coordinates": [ [ 55023.297826201473072, 50765.868568414109177, 0.0 ], [ 55023.29782620100741, 47636.005031593893364, 0.0 ] ] } },
{ "type": "Feature", "properties": { "Layer": "023_MUROS_2", "PaperSpace": null, "SubClasses": null, "Linetype": null, "EntityHandle": "1C1E1E07", "Text": null }, "geometry": { "type": "LineString", "coordinates": [ [ 55023.29782620100741, 47636.005031593893364, 0.0 ], [ 49162.474928822397487, 47636.005031593893364, 0.0 ] ] } },
{ "type": "Feature", "properties": { "Layer": "023_MUROS_2", "PaperSpace": null, "SubClasses": null, "Linetype": null, "EntityHandle": "1C1E1E08", "Text": null }, "geometry": { "type": "LineString", "coordinates": [ [ 49162.474928822397487, 47636.005031593893364, 0.0 ], [ 49162.474928822397487, 48556.55313065907103, 0.0 ] ] } },
{ "type": "Feature", "properties": { "Layer": "023_MUROS_2", "PaperSpace": null, "SubClasses": null, "Linetype": null, "EntityHandle": "1C1E1E09", "Text": null }, "geometry": { "type": "LineString", "coordinates": [ [ 49162.474928822397487, 48556.55313065907103, 0.0 ], [ 49009.050245644852112, 48556.553130658779992, 0.0 ] ] } },
{ "type": "Feature", "properties": { "Layer": "023_MUROS_2", "PaperSpace": null, "SubClasses": null, "Linetype": null, "EntityHandle": "1C1E1E0A", "Text": null }, "geometry": { "type": "LineString", "coordinates": [ [ 49009.050245644852112, 48556.553130658779992, 0.0 ], [ 49009.050245644852112, 44086.780694088796736, 0.0 ] ] } },
{ "type": "Feature", "properties": { "Layer": "023_MUROS_2", "PaperSpace": null, "SubClasses": null, "Linetype": null, "EntityHandle": "1C1E1E0B", "Text": null }, "geometry": { "type": "LineString", "coordinates": [ [ 49009.050245644852112, 44086.780694088796736, 0.0 ], [ 49162.474928822397487, 44086.780694088796736, 0.0 ] ] } },
{ "type": "Feature", "properties": { "Layer": "023_MUROS_2", "PaperSpace": null, "SubClasses": null, "Linetype": null, "EntityHandle": "1C1E1E0C", "Text": null }, "geometry": { "type": "LineString", "coordinates": [ [ 49162.474928822397487, 44086.780694088796736, 0.0 ], [ 49162.474928822397487, 45211.895037390087964, 0.0 ] ] } },
{ "type": "Feature", "properties": { "Layer": "023_MUROS_2", "PaperSpace": null, "SubClasses": null, "Linetype": null, "EntityHandle": "1C1E1E0D", "Text": null }, "geometry": { "type": "LineString", "coordinates": [ [ 49162.474928822397487, 45211.895037390087964, 0.0 ], [ 55023.297826201473072, 45211.895037390087964, 0.0 ] ] } },
{ "type": "Feature", "properties": { "Layer": "023_MUROS_2", "PaperSpace": null, "SubClasses": null, "Linetype": null, "EntityHandle": "1C1E1E0E", "Text": null }, "geometry": { "type": "LineString", "coordinates": [ [ 55023.297826201473072, 45211.895037390087964, 0.0 ], [ 55023.29782620100741, 42092.259812782009249, 0.0 ] ] } },
{ "type": "Feature", "properties": { "Layer": "023_MUROS_2", "PaperSpace": null, "SubClasses": null, "Linetype": null, "EntityHandle": "1C1E1E0F", "Text": null }, "geometry": { "type": "LineString", "coordinates": [ [ 55023.29782620100741, 42092.259812782009249, 0.0 ], [ 49162.474928826937685, 42092.259812782009249, 0.0 ] ] } },
{ "type": "Feature", "properties": { "Layer": "023_MUROS_2", "PaperSpace": null, "SubClasses": null, "Linetype": null, "EntityHandle": "1C1E1E10", "Text": null }, "geometry": { "type": "LineString", "coordinates": [ [ 49162.474928826937685, 42092.259812782009249, 0.0 ], [ 49162.474928826937685, 42552.533862314172438, 0.0 ] ] } },
{ "type": "Feature", "properties": { "Layer": "023_MUROS_2", "PaperSpace": null, "SubClasses": null, "Linetype": null, "EntityHandle": "1C1E1E11", "Text": null }, "geometry": { "type": "LineString", "coordinates": [ [ 49162.474928826937685, 42552.533862314172438, 0.0 ], [ 49009.050245649392309, 42552.533862314172438, 0.0 ] ] } },
{ "type": "Feature", "properties": { "Layer": "023_MUROS_2", "PaperSpace": null, "SubClasses": null, "Linetype": null, "EntityHandle": "1C1E1E12", "Text": null }, "geometry": { "type": "LineString", "coordinates": [ [ 49009.050245649392309, 42552.533862314172438, 0.0 ], [ 49009.050245649392309, 41100.113528234192927, 0.0 ] ] } },
{ "type": "Feature", "properties": { "Layer": "023_MUROS_2", "PaperSpace": null, "SubClasses": null, "Linetype": null, "EntityHandle": "1C1E1E13", "Text": null }, "geometry": { "type": "LineString", "coordinates": [ [ 49009.050245649392309, 41100.113528234192927, 0.0 ], [ 49162.474928826937685, 41100.113528234192927, 0.0 ] ] } },
{ "type": "Feature", "properties": { "Layer": "023_MUROS_2", "PaperSpace": null, "SubClasses": null, "Linetype": null, "EntityHandle": "1C1E1E14", "Text": null }, "geometry": { "type": "LineString", "coordinates": [ [ 49162.474928826937685, 41100.113528234192927, 0.0 ], [ 49162.474928826937685, 42030.889939510787372, 0.0 ] ] } },
{ "type": "Feature", "properties": { "Layer": "023_MUROS_2", "PaperSpace": null, "SubClasses": null, "Linetype": null, "EntityHandle": "1C1E1E15", "Text": null }, "geometry": { "type": "LineString", "coordinates": [ [ 49162.474928826937685, 42030.889939510787372, 0.0 ], [ 55023.297826201473072, 42030.889939510612749, 0.0 ] ] } },
{ "type": "Feature", "properties": { "Layer": "023_MUROS_2", "PaperSpace": null, "SubClasses": null, "Linetype": null, "EntityHandle": "1C1E1E16", "Text": null }, "geometry": { "type": "LineString", "coordinates": [ [ 55023.297826201473072, 42030.889939510612749, 0.0 ], [ 55023.29782620100741, 37755.455434965726454, 0.0 ] ] } },
{ "type": "Feature", "properties": { "Layer": "023_MUROS_2", "PaperSpace": null, "SubClasses": null, "Linetype": null, "EntityHandle": "1C1E1E17", "Text": null }, "geometry": { "type": "LineString", "coordinates": [ [ 55023.29782620100741, 37755.455434965726454, 0.0 ], [ 49162.474928826937685, 37755.455434965522727, 0.0 ] ] } },
{ "type": "Feature", "properties": { "Layer": "023_MUROS_2", "PaperSpace": null, "SubClasses": null, "Linetype": null, "EntityHandle": "1C1E1E18", "Text": null }, "geometry": { "type": "LineString", "coordinates": [ [ 49162.474928826937685, 37755.455434965522727, 0.0 ], [ 49162.474928826937685, 39565.866696459466766, 0.0 ] ] } },
{ "type": "Feature", "properties": { "Layer": "023_MUROS_2", "PaperSpace": null, "SubClasses": null, "Linetype": null, "EntityHandle": "1C1E1E19", "Text": null }, "geometry": { "type": "LineString", "coordinates": [ [ 49162.474928826937685, 39565.866696459466766, 0.0 ], [ 49009.050245649392309, 39565.866696459466766, 0.0 ] ] } },
{ "type": "Feature", "properties": { "Layer": "023_MUROS_2", "PaperSpace": null, "SubClasses": null, "Linetype": null, "EntityHandle": "1C1E1E1A", "Text": null }, "geometry": { "type": "LineString", "coordinates": [ [ 49009.050245649392309, 39565.866696459466766, 0.0 ], [ 49009.050245649392309, 35781.391178082267288, 0.0 ] ] } },
{ "type": "Feature", "properties": { "Layer": "023_MUROS_2", "PaperSpace": null, "SubClasses": null, "Linetype": null, "EntityHandle": "1C1E1E1B", "Text": null }, "geometry": { "type": "LineString", "coordinates": [ [ 49009.050245649392309, 35781.391178082267288, 0.0 ], [ 49162.474928826937685, 35781.391178082267288, 0.0 ] ] } },
{ "type": "Feature", "properties": { "Layer": "023_MUROS_2", "PaperSpace": null, "SubClasses": null, "Linetype": null, "EntityHandle": "1C1E1E1C", "Text": null }, "geometry": { "type": "LineString", "coordinates": [ [ 49162.474928826937685, 35781.391178082267288, 0.0 ], [ 49162.474928826937685, 37694.085561694548232, 0.0 ] ] } },
{ "type": "Feature", "properties": { "Layer": "023_MUROS_2", "PaperSpace": null, "SubClasses": null, "Linetype": null, "EntityHandle": "1C1E1E1D", "Text": null }, "geometry": { "type": "LineString", "coordinates": [ [ 49162.474928826937685, 37694.085561694548232, 0.0 ], [ 55023.29782620100741, 37694.085561694548232, 0.0 ] ] } },
{ "type": "Feature", "properties": { "Layer": "023_MUROS_2", "PaperSpace": null, "SubClasses": null, "Linetype": null, "EntityHandle": "1C1E1E1E", "Text": null }, "geometry": { "type": "LineString", "coordinates": [ [ 55023.29782620100741, 37694.085561694548232, 0.0 ], [ 55023.297826201473072, 33428.879369361078716, 0.0 ] ] } },
{ "type": "Feature", "properties": { "Layer": "023_MUROS_2", "PaperSpace": null, "SubClasses": null, "Linetype": null, "EntityHandle": "1C1E1E1F", "Text": null }, "geometry": { "type": "LineString", "coordinates": [ [ 55023.297826201473072, 33428.879369361078716, 0.0 ], [ 49162.474928826937685, 33428.879369361078716, 0.0 ] ] } },
{ "type": "Feature", "properties": { "Layer": "023_MUROS_2", "PaperSpace": null, "SubClasses": null, "Linetype": null, "EntityHandle": "1C1E1E20", "Text": null }, "geometry": { "type": "LineString", "coordinates": [ [ 49162.474928826937685, 33428.879369361078716, 0.0 ], [ 49162.474928826937685, 34247.144346307642991, 0.0 ] ] } },
{ "type": "Feature", "properties": { "Layer": "023_MUROS_2", "PaperSpace": null, "SubClasses": null, "Linetype": null, "EntityHandle": "1C1E1E21", "Text": null }, "geometry": { "type": "LineString", "coordinates": [ [ 49162.474928826937685, 34247.144346307642991, 0.0 ], [ 49009.050245649392309, 34247.144346307642991, 0.0 ] ] } },
{ "type": "Feature", "properties": { "Layer": "023_MUROS_2", "PaperSpace": null, "SubClasses": null, "Linetype": null, "EntityHandle": "1C1E1E22", "Text": null }, "geometry": { "type": "LineString", "coordinates": [ [ 49009.050245649392309, 34247.144346307642991, 0.0 ], [ 49009.050245649392309, 32866.322197710396722, 0.0 ] ] } },
{ "type": "Feature", "properties": { "Layer": "023_MUROS_2", "PaperSpace": null, "SubClasses": null, "Linetype": null, "EntityHandle": "1C1E1E23", "Text": null }, "geometry": { "type": "LineString", "coordinates": [ [ 49009.050245649392309, 32866.322197710396722, 0.0 ], [ 49162.474928826937685, 32866.322197710396722, 0.0 ] ] } },
{ "type": "Feature", "properties": { "Layer": "023_MUROS_2", "PaperSpace": null, "SubClasses": null, "Linetype": null, "EntityHandle": "1C1E1E24", "Text": null }, "geometry": { "type": "LineString", "coordinates": [ [ 49162.474928826937685, 32866.322197710396722, 0.0 ], [ 49162.474928826937685, 33367.509496090089669, 0.0 ] ] } },
{ "type": "Feature", "properties": { "Layer": "023_MUROS_2", "PaperSpace": null, "SubClasses": null, "Linetype": null, "EntityHandle": "1C1E1E25", "Text": null }, "geometry": { "type": "LineString", "coordinates": [ [ 49162.474928826937685, 33367.509496090089669, 0.0 ], [ 55023.297826201473072, 33367.509496090089669, 0.0 ] ] } },
{ "type": "Feature", "properties": { "Layer": "023_MUROS_2", "PaperSpace": null, "SubClasses": null, "Linetype": null, "EntityHandle": "1C1E1E26", "Text": null }, "geometry": { "type": "LineString", "coordinates": [ [ 55023.297826201473072, 33367.509496090089669, 0.0 ], [ 55023.297826201473072, 29132.988240392060106, 0.0 ] ] } },
{ "type": "Feature", "properties": { "Layer": "023_MUROS_2", "PaperSpace": null, "SubClasses": null, "Linetype": null, "EntityHandle": "1C1E1E27", "Text": null }, "geometry": { "type": "LineString", "coordinates": [ [ 55023.297826201473072, 29132.988240392060106, 0.0 ], [ 49162.474928826937685, 29132.988240392060106, 0.0 ] ] } },
{ "type": "Feature", "properties": { "Layer": "023_MUROS_2", "PaperSpace": null, "SubClasses": null, "Linetype": null, "EntityHandle": "1C1E1E28", "Text": null }, "geometry": { "type": "LineString", "coordinates": [ [ 49162.474928826937685, 29132.988240392060106, 0.0 ], [ 49162.474928826937685, 31332.075365935790614, 0.0 ] ] } },
{ "type": "Feature", "properties": { "Layer": "023_MUROS_2", "PaperSpace": null, "SubClasses": null, "Linetype": null, "EntityHandle": "1C1E1E29", "Text": null }, "geometry": { "type": "LineString", "coordinates": [ [ 49162.474928826937685, 31332.075365935790614, 0.0 ], [ 49009.050245649392309, 31332.075365935790614, 0.0 ] ] } },
{ "type": "Feature", "properties": { "Layer": "023_MUROS_2", "PaperSpace": null, "SubClasses": null, "Linetype": null, "EntityHandle": "1C1E1E2A", "Text": null }, "geometry": { "type": "LineString", "coordinates": [ [ 49009.050245649392309, 31332.075365935790614, 0.0 ], [ 49009.050245649392309, 27005.499300331328413, 0.0 ] ] } },
{ "type": "Feature", "properties": { "Layer": "023_MUROS_2", "PaperSpace": null, "SubClasses": null, "Linetype": null, "EntityHandle": "1C1E1E2B", "Text": null }, "geometry": { "type": "LineString", "coordinates": [ [ 49009.050245649392309, 27005.499300331328413, 0.0 ], [ 49162.474928826937685, 27005.499300331528502, 0.0 ] ] } },
{ "type": "Feature", "properties": { "Layer": "023_MUROS_2", "PaperSpace": null, "SubClasses": null, "Linetype": null, "EntityHandle": "1C1E1E2C", "Text": null }, "geometry": { "type": "LineString", "coordinates": [ [ 49162.474928826937685, 27005.499300331528502, 0.0 ], [ 49162.474928826937685, 29071.618367121158371, 0.0 ] ] } },
{ "type": "Feature", "properties": { "Layer": "023_MUROS_2", "PaperSpace": null, "SubClasses": null, "Linetype": null, "EntityHandle": "1C1E1E2D", "Text": null }, "geometry": { "type": "LineString", "coordinates": [ [ 49162.474928826937685, 29071.618367121158371, 0.0 ], [ 55023.297826201473072, 29071.618367121158371, 0.0 ] ] } },
{ "type": "Feature", "properties": { "Layer": "023_MUROS_2", "PaperSpace": null, "SubClasses": null, "Linetype": null, "EntityHandle": "1C1E1E2E", "Text": null }, "geometry": { "type": "LineString", "coordinates": [ [ 55023.297826201473072, 29071.618367121158371, 0.0 ], [ 55023.297826201473072, 24806.412174787819822, 0.0 ] ] } },
{ "type": "Feature", "properties": { "Layer": "023_MUROS_2", "PaperSpace": null, "SubClasses": null, "Linetype": null, "EntityHandle": "1C1E1E2F", "Text": null }, "geometry": { "type": "LineString", "coordinates": [ [ 55023.297826201473072, 24806.412174787819822, 0.0 ], [ 49162.474928826937685, 24806.412174787819822, 0.0 ] ] } },
{ "type": "Feature", "properties": { "Layer": "023_MUROS_2", "PaperSpace": null, "SubClasses": null, "Linetype": null, "EntityHandle": "1C1E1E30", "Text": null }, "geometry": { "type": "LineString", "coordinates": [ [ 49162.474928826937685, 24806.412174787819822, 0.0 ], [ 49162.474928826937685, 25471.252468556718668, 0.0 ] ] } },
{ "type": "Feature", "properties": { "Layer": "023_MUROS_2", "PaperSpace": null, "SubClasses": null, "Linetype": null, "EntityHandle": "1C1E1E31", "Text": null }, "geometry": { "type": "LineString", "coordinates": [ [ 49162.474928826937685, 25471.252468556718668, 0.0 ], [ 49009.050245649392309, 25471.252468556718668, 0.0 ] ] } },
{ "type": "Feature", "properties": { "Layer": "023_MUROS_2", "PaperSpace": null, "SubClasses": null, "Linetype": null, "EntityHandle": "1C1E1E32", "Text": null }, "geometry": { "type": "LineString", "coordinates": [ [ 49009.050245649392309, 25471.252468556718668, 0.0 ], [ 49009.050245649392309, 24652.987491610270808, 0.0 ] ] } },
{ "type": "Feature", "properties": { "Layer": "023_MUROS_2", "PaperSpace": null, "SubClasses": null, "Linetype": null, "EntityHandle": "1C1E1E33", "Text": null }, "geometry": { "type": "LineString", "coordinates": [ [ 49009.050245649392309, 24652.987491610270808, 0.0 ], [ 55176.722509379032999, 24652.987491610270808, 0.0 ] ] } },
{ "type": "Feature", "properties": { "Layer": "023_MUROS_2", "PaperSpace": null, "SubClasses": null, "Linetype": null, "EntityHandle": "1C1E1E34", "Text": null }, "geometry": { "type": "LineString", "coordinates": [ [ 55176.722509379032999, 24652.987491610270808, 0.0 ], [ 55176.722509379032999, 37602.030751787970075, 0.0 ] ] } },
{ "type": "Feature", "properties": { "Layer": "023_MUROS_2", "PaperSpace": null, "SubClasses": null, "Linetype": null, "EntityHandle": "1C1E1E35", "Text": null }, "geometry": { "type": "LineString", "coordinates": [ [ 55176.722509379032999, 37602.030751787970075, 0.0 ], [ 55790.421242088792496, 37602.030751787970075, 0.0 ] ] } },
{ "type": "Feature", "properties": { "Layer": "023_MUROS_2", "PaperSpace": null, "SubClasses": null, "Linetype": null, "EntityHandle": "1C1E1E36", "Text": null }, "geometry": { "type": "LineString", "coordinates": [ [ 55790.421242088792496, 37602.030751787970075, 0.0 ], [ 55790.421242088792496, 38880.56977826700313, 0.0 ] ] } },
{ "type": "Feature", "properties": { "Layer": "023_MUROS_2", "PaperSpace": null, "SubClasses": null, "Linetype": null, "EntityHandle": "1C1E1E37", "Text": null }, "geometry": { "type": "LineString", "coordinates": [ [ 55790.421242088792496, 38880.56977826700313, 0.0 ], [ 55176.722509379032999, 38880.56977826700313, 0.0 ] ] } },
{ "type": "Feature", "properties": { "Layer": "023_MUROS_2", "PaperSpace": null, "SubClasses": null, "Linetype": null, "EntityHandle": "1C1E1E38", "Text": null }, "geometry": { "type": "LineString", "coordinates": [ [ 55176.722509379032999, 38880.56977826700313, 0.0 ], [ 55176.722509379032999, 50765.868568414109177, 0.0 ] ] } },
{ "type": "Feature", "properties": { "Layer": "023_MUROS_2", "PaperSpace": null, "SubClasses": null, "Linetype": null, "EntityHandle": "1C1E1E39", "Text": null }, "geometry": { "type": "LineString", "coordinates": [ [ 55176.722509379032999, 50765.868568414109177, 0.0 ], [ 64709.509490804943198, 50765.868568414109177, 0.0 ] ] } },
{ "type": "Feature", "properties": { "Layer": "023_MUROS_2", "PaperSpace": null, "SubClasses": null, "Linetype": null, "EntityHandle": "1C1E1E3A", "Text": null }, "geometry": { "type": "LineString", "coordinates": [ [ 64709.509490804943198, 50765.868568414109177, 0.0 ], [ 64709.509490804943198, 50919.293251591661829, 0.0 ] ] } },
{ "type": "Feature", "properties": { "Layer": "023_MUROS_2", "PaperSpace": null, "SubClasses": null, "Linetype": null, "EntityHandle": "1C1E1E3B", "Text": null }, "geometry": { "type": "LineString", "coordinates": [ [ 64709.509490804943198, 50919.293251591661829, 0.0 ], [ 64187.865568001448992, 50919.293251591661829, 0.0 ] ] } },
{ "type": "Feature", "properties": { "Layer": "023_MUROS_2", "PaperSpace": null, "SubClasses": null, "Linetype": null, "EntityHandle": "1C1E1E3C", "Text": null }, "geometry": { "type": "LineString", "coordinates": [ [ 64187.865568001448992, 50919.293251591661829, 0.0 ], [ 64187.865568001448992, 52494.453332213510294, 0.0 ] ] } },
{ "type": "Feature", "properties": { "Layer": "023_MUROS_2", "PaperSpace": null, "SubClasses": null, "Linetype": null, "EntityHandle": "1C1E1E3D", "Text": null }, "geometry": { "type": "LineString", "coordinates": [ [ 64187.865568001448992, 52494.453332213510294, 0.0 ], [ 63308.230717784332228, 52494.453332213510294, 0.0 ] ] } },
{ "type": "Feature", "properties": { "Layer": "023_MUROS_2", "PaperSpace": null, "SubClasses": null, "Linetype": null, "EntityHandle": "1C1E1E3E", "Text": null }, "geometry": { "type": "LineString", "coordinates": [ [ 63308.230717784332228, 52494.453332213510294, 0.0 ], [ 63308.230717784332228, 53415.001431278396922, 0.0 ] ] } },
{ "type": "Feature", "properties": { "Layer": "023_MUROS_2", "PaperSpace": null, "SubClasses": null, "Linetype": null, "EntityHandle": "1C1E1E3F", "Text": null }, "geometry": { "type": "LineString", "coordinates": [ [ 63308.230717784332228, 53415.001431278396922, 0.0 ], [ 63103.664473547913076, 53415.001431278396922, 0.0 ] ] } },
{ "type": "Feature", "properties": { "Layer": "023_MUROS_2", "PaperSpace": null, "SubClasses": null, "Linetype": null, "EntityHandle": "1C1E1E40", "Text": null }, "geometry": { "type": "LineString", "coordinates": [ [ 63103.664473547913076, 53415.001431278396922, 0.0 ], [ 63103.664473547913076, 52566.051517696323572, 0.0 ] ] } },
{ "type": "Feature", "properties": { "Layer": "023_MUROS_2", "PaperSpace": null, "SubClasses": null, "Linetype": null, "EntityHandle": "1C1E1E41", "Text": null }, "geometry": { "type": "LineString", "coordinates": [ [ 63103.664473547913076, 52566.051517696323572, 0.0 ], [ 47658.913033683013055, 52566.051517696323572, 0.0 ] ] } },
{ "type": "Feature", "properties": { "Layer": "023_MUROS_2", "PaperSpace": null, "SubClasses": null, "Linetype": null, "EntityHandle": "1C1E1E42", "Text": null }, "geometry": { "type": "LineString", "coordinates": [ [ 47658.913033683013055, 52566.051517696323572, 0.0 ], [ 47658.913033683362301, 53415.00143127796764, 0.0 ] ] } },
{ "type": "Feature", "properties": { "Layer": "023_MUROS_2", "PaperSpace": null, "SubClasses": null, "Linetype": null, "EntityHandle": "1C1E1E43", "Text": null }, "geometry": { "type": "LineString", "coordinates": [ [ 47658.913033683362301, 53415.00143127796764, 0.0 ], [ 47454.346789446586627, 53415.001431278200471, 0.0 ] ] } },
{ "type": "Feature", "properties": { "Layer": "023_MUROS_2", "PaperSpace": null, "SubClasses": null, "Linetype": null, "EntityHandle": "1C1E1E44", "Text": null }, "geometry": { "type": "LineString", "coordinates": [ [ 47454.346789446586627, 53415.001431278200471, 0.0 ], [ 47454.346789446586627, 52494.453332213510294, 0.0 ] ] } },
{ "type": "Feature", "properties": { "Layer": "023_MUROS_2", "PaperSpace": null, "SubClasses": null, "Linetype": null, "EntityHandle": "1C1E1E45", "Text": null }, "geometry": { "type": "LineString", "coordinates": [ [ 43598.273085586391971, 50765.868568414276524, 0.0 ], [ 43598.273085586391971, 45027.78541757731, 0.0 ] ] } },
{ "type": "Feature", "properties": { "Layer": "023_MUROS_2", "PaperSpace": null, "SubClasses": null, "Linetype": null, "EntityHandle": "1C1E1EA9", "Text": null }, "geometry": { "type": "LineString", "coordinates": [ [ 19735.620695386471198, 11570.976172678989315, 0.0 ], [ 19735.620695386471198, 11008.419001028280036, 0.0 ] ] } },
{ "type": "Feature", "properties": { "Layer": "023_MUROS_2", "PaperSpace": null, "SubClasses": null, "Linetype": null, "EntityHandle": "1C1E1EAA", "Text": null }, "geometry": { "type": "LineString", "coordinates": [ [ 19735.620695386471198, 10885.67925448620008, 0.0 ], [ 19735.620695386118314, 10036.729340904370474, 0.0 ] ] } },
{ "type": "Feature", "properties": { "Layer": "023_MUROS_2", "PaperSpace": null, "SubClasses": null, "Linetype": null, "EntityHandle": "1C1E1EAB", "Text": null }, "geometry": { "type": "LineString", "coordinates": [ [ 19735.620695386471198, 9320.747486075873894, 0.0 ], [ 19735.620695386471198, 7929.697025266992569, 0.0 ] ] } },
{ "type": "Feature", "properties": { "Layer": "023_MUROS_2", "PaperSpace": null, "SubClasses": null, "Linetype": null, "EntityHandle": "1C1E1EAC", "Text": null }, "geometry": { "type": "LineString", "coordinates": [ [ 19612.880948844729573, 9320.747486076077621, 0.0 ], [ 19612.880948844729573, 7929.697025266992569, 0.0 ] ] } },
{ "type": "Feature", "properties": { "Layer": "023_MUROS_2", "PaperSpace": null, "SubClasses": null, "Linetype": null, "EntityHandle": "1C1E1EAD", "Text": null }, "geometry": { "type": "LineString", "coordinates": [ [ 19612.880948844729573, 11448.236426136869341, 0.0 ], [ 19612.880948844729573, 10629.971449190659769, 0.0 ] ] } },
{ "type": "Feature", "properties": { "Layer": "023_MUROS_2", "PaperSpace": null, "SubClasses": null, "Linetype": null, "EntityHandle": "1C1E1EAE", "Text": null }, "geometry": { "type": "LineString", "coordinates": [ [ 19612.880948844729573, 10507.231702648570717, 0.0 ], [ 19612.880948844729573, 10036.729340904550554, 0.0 ] ] } },
{ "type": "Feature", "properties": { "Layer": "023_MUROS_2", "PaperSpace": null, "SubClasses": null, "Linetype": null, "EntityHandle": "1C1E1EAF", "Text": null }, "geometry": { "type": "LineString", "coordinates": [ [ 19306.031582489620632, 10629.971449190659769, 0.0 ], [ 19306.031582489620632, 10507.231702648570717, 0.0 ] ] } },
{ "type": "Feature", "properties": { "Layer": "023_MUROS_2", "PaperSpace": null, "SubClasses": null, "Linetype": null, "EntityHandle": "1C1E1EB0", "Text": null }, "geometry": { "type": "LineString", "coordinates": [ [ 20001.556812894061295, 7929.697025266992569, 0.0 ], [ 20001.556812894061295, 6518.1899400344264, 0.0 ] ] } },
{ "type": "Feature", "properties": { "Layer": "023_MUROS_2", "PaperSpace": null, "SubClasses": null, "Linetype": null, "EntityHandle": "1C1E1EB1", "Text": null }, "geometry": { "type": "LineString", "coordinates": [ [ 19878.817066352090478, 7806.957278725101787, 0.0 ], [ 19878.817066351508402, 6395.450193492601102, 0.0 ] ] } },
{ "type": "Feature", "properties": { "Layer": "023_MUROS_2", "PaperSpace": null, "SubClasses": null, "Linetype": null, "EntityHandle": "1C1E1EB2", "Text": null }, "geometry": { "type": "LineString", "coordinates": [ [ 26145.70395854078015, 10885.67925448620008, 0.0 ], [ 26145.70395854078015, 6518.189940034747451, 0.0 ] ] } },
{ "type": "Feature", "properties": { "Layer": "023_MUROS_2", "PaperSpace": null, "SubClasses": null, "Linetype": null, "EntityHandle": "1C1E1EB3", "Text": null }, "geometry": { "type": "LineString", "coordinates": [ [ 26268.443705082630913, 11008.419001028280036, 0.0 ], [ 26268.443705083100213, 3572.436023027280044, 0.0 ] ] } },
{ "type": "Feature", "properties": { "Layer": "023_MUROS_2", "PaperSpace": null, "SubClasses": null, "Linetype": null, "EntityHandle": "1C1E1EB4", "Text": null }, "geometry": { "type": "LineString", "coordinates": [ [ 19735.620695386471198, 10885.67925448620008, 0.0 ], [ 24747.493679183200584, 10885.679254485990896, 0.0 ] ] } },
{ "type": "Feature", "properties": { "Layer": "023_MUROS_2", "PaperSpace": null, "SubClasses": null, "Linetype": null, "EntityHandle": "1C1E1EB6", "Text": null }, "geometry": { "type": "LineString", "coordinates": [ [ 25535.073719494608667, 10885.679254485990896, 0.0 ], [ 26145.70395854078015, 10885.67925448620008, 0.0 ] ] } },
{ "type": "Feature", "properties": { "Layer": "023_MUROS_2", "PaperSpace": null, "SubClasses": null, "Linetype": null, "EntityHandle": "1C1E1EB7", "Text": null }, "geometry": { "type": "LineString", "coordinates": [ [ 19735.620695386471198, 11008.419001028280036, 0.0 ], [ 24747.493679183779022, 11008.419001028050843, 0.0 ] ] } },
{ "type": "Feature", "properties": { "Layer": "023_MUROS_2", "PaperSpace": null, "SubClasses": null, "Linetype": null, "EntityHandle": "1C1E1EB8", "Text": null }, "geometry": { "type": "LineString", "coordinates": [ [ 25535.073719494608667, 11008.419001028050843, 0.0 ], [ 26268.443705082630913, 11008.419001028280036, 0.0 ] ] } },
{ "type": "Feature", "properties": { "Layer": "023_MUROS_2", "PaperSpace": null, "SubClasses": null, "Linetype": null, "EntityHandle": "1C1E1EB9", "Text": null }, "geometry": { "type": "LineString", "coordinates": [ [ 19612.880948844729573, 10036.729340904550554, 0.0 ], [ 19735.620695386118314, 10036.729340904370474, 0.0 ] ] } },
{ "type": "Feature", "properties": { "Layer": "023_MUROS_2", "PaperSpace": null, "SubClasses": null, "Linetype": null, "EntityHandle": "1C1E1EBA", "Text": null }, "geometry": { "type": "LineString", "coordinates": [ [ 19612.880948844729573, 9320.747486076077621, 0.0 ], [ 19735.620695386118314, 9320.747486075873894, 0.0 ] ] } },
{ "type": "Feature", "properties": { "Layer": "023_MUROS_2", "PaperSpace": null, "SubClasses": null, "Linetype": null, "EntityHandle": "1C1E1EBB", "Text": null }, "geometry": { "type": "LineString", "coordinates": [ [ 19612.880948844729573, 10629.971449190659769, 0.0 ], [ 19306.031582489620632, 10629.971449190659769, 0.0 ] ] } },
{ "type": "Feature", "properties": { "Layer": "023_MUROS_2", "PaperSpace": null, "SubClasses": null, "Linetype": null, "EntityHandle": "1C1E1EBC", "Text": null }, "geometry": { "type": "LineString", "coordinates": [ [ 19612.880948844729573, 10507.231702648570717, 0.0 ], [ 19306.031582489620632, 10507.231702648570717, 0.0 ] ] } },
{ "type": "Feature", "properties": { "Layer": "023_MUROS_2", "PaperSpace": null, "SubClasses": null, "Linetype": null, "EntityHandle": "1C1E1EBD", "Text": null }, "geometry": { "type": "LineString", "coordinates": [ [ 19612.880948844729573, 11448.236426136869341, 0.0 ], [ 19469.684577878761047, 11448.236426136869341, 0.0 ] ] } },
{ "type": "Feature", "properties": { "Layer": "023_MUROS_2", "PaperSpace": null, "SubClasses": null, "Linetype": null, "EntityHandle": "1C1E1EBE", "Text": null }, "geometry": { "type": "LineString", "coordinates": [ [ 19735.620695386471198, 11570.976172678989315, 0.0 ], [ 19592.424324420509947, 11570.976172678989315, 0.0 ] ] } },
{ "type": "Feature", "properties": { "Layer": "023_MUROS_2", "PaperSpace": null, "SubClasses": null, "Linetype": null, "EntityHandle": "1C1E1EBF", "Text": null }, "geometry": { "type": "LineString", "coordinates": [ [ 17219.455891276051261, 11642.574358161660712, 0.0 ], [ 17096.716144734320551, 11642.574358161660712, 0.0 ] ] } },
{ "type": "Feature", "properties": { "Layer": "023_MUROS_2", "PaperSpace": null, "SubClasses": null, "Linetype": null, "EntityHandle": "1C1E1EC0", "Text": null }, "geometry": { "type": "LineString", "coordinates": [ [ 17219.455891276051261, 12246.044778659910662, 0.0 ], [ 17096.716144734320551, 12246.044778659910662, 0.0 ] ] } },
{ "type": "Feature", "properties": { "Layer": "023_MUROS_2", "PaperSpace": null, "SubClasses": null, "Linetype": null, "EntityHandle": "1C1E1EC1", "Text": null }, "geometry": { "type": "LineString", "coordinates": [ [ 17219.455891276051261, 12931.341696852350651, 0.0 ], [ 17096.716144733389228, 12931.341696852350651, 0.0 ] ] } },
{ "type": "Feature", "properties": { "Layer": "023_MUROS_2", "PaperSpace": null, "SubClasses": null, "Linetype": null, "EntityHandle": "1C1E1EC2", "Text": null }, "geometry": { "type": "LineString", "coordinates": [ [ 17219.455891276051261, 13422.300683020539509, 0.0 ], [ 17096.716144733389228, 13422.300683020539509, 0.0 ] ] } },
{ "type": "Feature", "properties": { "Layer": "023_MUROS_2", "PaperSpace": null, "SubClasses": null, "Linetype": null, "EntityHandle": "1C1E1EC3", "Text": null }, "geometry": { "type": "LineString", "coordinates": [ [ 17219.455891276051261, 14107.597601213019516, 0.0 ], [ 17096.716144733389228, 14107.597601213019516, 0.0 ] ] } },
{ "type": "Feature", "properties": { "Layer": "023_MUROS_2", "PaperSpace": null, "SubClasses": null, "Linetype": null, "EntityHandle": "1C1E1EC4", "Text": null }, "geometry": { "type": "LineString", "coordinates": [ [ 17219.455891276051261, 14598.556587380660858, 0.0 ], [ 17096.716144732919929, 14598.556587380660858, 0.0 ] ] } },
{ "type": "Feature", "properties": { "Layer": "023_MUROS_2", "PaperSpace": null, "SubClasses": null, "Linetype": null, "EntityHandle": "1C1E1EC5", "Text": null }, "geometry": { "type": "LineString", "coordinates": [ [ 10785.847510034629522, 10885.67925448620008, 0.0 ], [ 10785.847510034629522, 6518.1899400344264, 0.0 ] ] } },
{ "type": "Feature", "properties": { "Layer": "023_MUROS_2", "PaperSpace": null, "SubClasses": null, "Linetype": null, "EntityHandle": "1C1E1EC6", "Text": null }, "geometry": { "type": "LineString", "coordinates": [ [ 12320.094341809139223, 11008.419001028280036, 0.0 ], [ 12320.094341809139223, 10885.67925448620008, 0.0 ] ] } },
{ "type": "Feature", "properties": { "Layer": "023_MUROS_2", "PaperSpace": null, "SubClasses": null, "Linetype": null, "EntityHandle": "1C1E1EC7", "Text": null }, "geometry": { "type": "LineString", "coordinates": [ [ 13107.674382120090741, 11008.419001028280036, 0.0 ], [ 13107.674382120090741, 10885.67925448620008, 0.0 ] ] } },
{ "type": "Feature", "properties": { "Layer": "023_MUROS_2", "PaperSpace": null, "SubClasses": null, "Linetype": null, "EntityHandle": "1C1E1EC8", "Text": null }, "geometry": { "type": "LineString", "coordinates": [ [ 10663.107763492780578, 11008.419001028280036, 0.0 ], [ 10663.107763492780578, 3572.436023027280044, 0.0 ] ] } },
{ "type": "Feature", "properties": { "Layer": "023_MUROS_2", "PaperSpace": null, "SubClasses": null, "Linetype": null, "EntityHandle": "1C1E1EC9", "Text": null }, "geometry": { "type": "LineString", "coordinates": [ [ 10785.847510034980587, 10885.679254485819911, 0.0 ], [ 12320.094341809139223, 10885.679254486429272, 0.0 ] ] } },
{ "type": "Feature", "properties": { "Layer": "023_MUROS_2", "PaperSpace": null, "SubClasses": null, "Linetype": null, "EntityHandle": "1C1E1ECA", "Text": null }, "geometry": { "type": "LineString", "coordinates": [ [ 13107.674382120090741, 10885.679254486429272, 0.0 ], [ 17096.716144734320551, 10885.67925448620008, 0.0 ] ] } },
{ "type": "Feature", "properties": { "Layer": "023_MUROS_2", "PaperSpace": null, "SubClasses": null, "Linetype": null, "EntityHandle": "1C1E1ECC", "Text": null }, "geometry": { "type": "LineString", "coordinates": [ [ 10663.107763492780578, 11008.419001028280036, 0.0 ], [ 12320.094341809139223, 11008.419001028280036, 0.0 ] ] } },
{ "type": "Feature", "properties": { "Layer": "023_MUROS_2", "PaperSpace": null, "SubClasses": null, "Linetype": null, "EntityHandle": "1C1E1ECD", "Text": null }, "geometry": { "type": "LineString", "coordinates": [ [ 13107.67438212056004, 11008.419001028280036, 0.0 ], [ 17096.716144734320551, 11008.419001028280036, 0.0 ] ] } },
{ "type": "Feature", "properties": { "Layer": "023_MUROS_2", "PaperSpace": null, "SubClasses": null, "Linetype": null, "EntityHandle": "1C1E1ECE", "Text": null }, "geometry": { "type": "LineString", "coordinates": [ [ 17096.716144734320551, 10057.185965328009843, 0.0 ], [ 18119.547365917391289, 10057.185965328009843, 0.0 ] ] } },
{ "type": "Feature", "properties": { "Layer": "023_MUROS_2", "PaperSpace": null, "SubClasses": null, "Linetype": null, "EntityHandle": "1C1E1ECF", "Text": null }, "geometry": { "type": "LineString", "coordinates": [ [ 17219.455891276051261, 10179.925711870109808, 0.0 ], [ 18242.287112459249329, 10179.925711870109808, 0.0 ] ] } },
{ "type": "Feature", "properties": { "Layer": "023_MUROS_2", "PaperSpace": null, "SubClasses": null, "Linetype": null, "EntityHandle": "1C1E1ED0", "Text": null }, "geometry": { "type": "LineString", "coordinates": [ [ 18119.547365917391289, 10057.185965328009843, 0.0 ], [ 18119.547365917391289, 10036.729340904139463, 0.0 ] ] } },
{ "type": "Feature", "properties": { "Layer": "023_MUROS_2", "PaperSpace": null, "SubClasses": null, "Linetype": null, "EntityHandle": "1C1E1ED1", "Text": null }, "geometry": { "type": "LineString", "coordinates": [ [ 18119.547365917391289, 9320.747486076077621, 0.0 ], [ 18119.547365917391289, 7929.697025267305435, 0.0 ] ] } },
{ "type": "Feature", "properties": { "Layer": "023_MUROS_2", "PaperSpace": null, "SubClasses": null, "Linetype": null, "EntityHandle": "1C1E1ED2", "Text": null }, "geometry": { "type": "LineString", "coordinates": [ [ 18242.287112459249329, 10179.925711870109808, 0.0 ], [ 18242.287112459249329, 10036.729340904370474, 0.0 ] ] } },
{ "type": "Feature", "properties": { "Layer": "023_MUROS_2", "PaperSpace": null, "SubClasses": null, "Linetype": null, "EntityHandle": "1C1E1ED3", "Text": null }, "geometry": { "type": "LineString", "coordinates": [ [ 18242.287112459249329, 9320.747486076077621, 0.0 ], [ 18242.287112459249329, 7929.697025267305435, 0.0 ] ] } },
{ "type": "Feature", "properties": { "Layer": "023_MUROS_2", "PaperSpace": null, "SubClasses": null, "Linetype": null, "EntityHandle": "1C1E1ED4", "Text": null }, "geometry": { "type": "LineString", "coordinates": [ [ 17096.71614473245063, 15437.278188751210109, 0.0 ], [ 17096.716144733389228, 14598.556587380660858, 0.0 ] ] } },
{ "type": "Feature", "properties": { "Layer": "023_MUROS_2", "PaperSpace": null, "SubClasses": null, "Linetype": null, "EntityHandle": "1C1E1ED5", "Text": null }, "geometry": { "type": "LineString", "coordinates": [ [ 6285.390136826659727, 15437.278188751039124, 0.0 ], [ 6285.39013682759105, 14240.565659966490784, 0.0 ] ] } },
{ "type": "Feature", "properties": { "Layer": "023_MUROS_2", "PaperSpace": null, "SubClasses": null, "Linetype": null, "EntityHandle": "1C1E1ED6", "Text": null }, "geometry": { "type": "LineString", "coordinates": [ [ 17096.716144733389228, 14107.597601213019516, 0.0 ], [ 17096.716144733731198, 13422.300683020539509, 0.0 ] ] } },
{ "type": "Feature", "properties": { "Layer": "023_MUROS_2", "PaperSpace": null, "SubClasses": null, "Linetype": null, "EntityHandle": "1C1E1ED7", "Text": null }, "geometry": { "type": "LineString", "coordinates": [ [ 17096.716144733389228, 12931.341696852150562, 0.0 ], [ 17096.716144734320551, 12246.044778659910662, 0.0 ] ] } },
{ "type": "Feature", "properties": { "Layer": "023_MUROS_2", "PaperSpace": null, "SubClasses": null, "Linetype": null, "EntityHandle": "1C1E1ED8", "Text": null }, "geometry": { "type": "LineString", "coordinates": [ [ 17096.716144734320551, 11642.574358161660712, 0.0 ], [ 17096.716144734320551, 11008.419001028280036, 0.0 ] ] } },
{ "type": "Feature", "properties": { "Layer": "023_MUROS_2", "PaperSpace": null, "SubClasses": null, "Linetype": null, "EntityHandle": "1C1E1ED9", "Text": null }, "geometry": { "type": "LineString", "coordinates": [ [ 17096.716144734320551, 10885.67925448620008, 0.0 ], [ 17096.716144734320551, 10057.185965328009843, 0.0 ] ] } },
{ "type": "Feature", "properties": { "Layer": "023_MUROS_2", "PaperSpace": null, "SubClasses": null, "Linetype": null, "EntityHandle": "1C1E1EDA", "Text": null }, "geometry": { "type": "LineString", "coordinates": [ [ 17219.455891276051261, 11448.236426136869341, 0.0 ], [ 17219.455891276051261, 10179.925711870109808, 0.0 ] ] } },
{ "type": "Feature", "properties": { "Layer": "023_MUROS_2", "PaperSpace": null, "SubClasses": null, "Linetype": null, "EntityHandle": "1C1E1EDB", "Text": null }, "geometry": { "type": "LineString", "coordinates": [ [ 17853.611248409568361, 7929.697025266992569, 0.0 ], [ 17853.611248409568361, 6518.1899400344264, 0.0 ] ] } },
{ "type": "Feature", "properties": { "Layer": "023_MUROS_2", "PaperSpace": null, "SubClasses": null, "Linetype": null, "EntityHandle": "1C1E1EDC", "Text": null }, "geometry": { "type": "LineString", "coordinates": [ [ 17976.350994951430039, 7806.957278725101787, 0.0 ], [ 17976.3509949508516, 6395.450193492601102, 0.0 ] ] } },
{ "type": "Feature", "properties": { "Layer": "023_MUROS_2", "PaperSpace": null, "SubClasses": null, "Linetype": null, "EntityHandle": "1C1E1EDD", "Text": null }, "geometry": { "type": "LineString", "coordinates": [ [ 10785.847510034629522, 6518.1899400344264, 0.0 ], [ 17853.611248409568361, 6518.189940034747451, 0.0 ] ] } },
{ "type": "Feature", "properties": { "Layer": "023_MUROS_2", "PaperSpace": null, "SubClasses": null, "Linetype": null, "EntityHandle": "1C1E1EDE", "Text": null }, "geometry": { "type": "LineString", "coordinates": [ [ 20001.556812894061295, 6518.189940034747451, 0.0 ], [ 26145.70395854078015, 6518.189940034747451, 0.0 ] ] } },
{ "type": "Feature", "properties": { "Layer": "023_MUROS_2", "PaperSpace": null, "SubClasses": null, "Linetype": null, "EntityHandle": "1C1E1EDF", "Text": null }, "geometry": { "type": "LineString", "coordinates": [ [ 10785.847510034629522, 6395.450193492251856, 0.0 ], [ 17976.350994951888424, 6395.450193492601102, 0.0 ] ] } },
{ "type": "Feature", "properties": { "Layer": "023_MUROS_2", "PaperSpace": null, "SubClasses": null, "Linetype": null, "EntityHandle": "1C1E1EE0", "Text": null }, "geometry": { "type": "LineString", "coordinates": [ [ 10785.847510034629522, 3572.436023027047213, 0.0 ], [ 17976.350994951888424, 3572.436023027396004, 0.0 ] ] } },
{ "type": "Feature", "properties": { "Layer": "023_MUROS_2", "PaperSpace": null, "SubClasses": null, "Linetype": null, "EntityHandle": "1C1E1EE1", "Text": null }, "geometry": { "type": "LineString", "coordinates": [ [ 10785.847510034629522, 3572.436023027047213, 0.0 ], [ 17976.350994951888424, 3572.436023027396004, 0.0 ] ] } },
{ "type": "Feature", "properties": { "Layer": "023_MUROS_2", "PaperSpace": null, "SubClasses": null, "Linetype": null, "EntityHandle": "1C1E1EE2", "Text": null }, "geometry": { "type": "LineString", "coordinates": [ [ 19878.817066352090478, 6395.450193492688413, 0.0 ], [ 26145.70395854031085, 6395.450193492804829, 0.0 ] ] } },
{ "type": "Feature", "properties": { "Layer": "023_MUROS_2", "PaperSpace": null, "SubClasses": null, "Linetype": null, "EntityHandle": "1C1E1EE3", "Text": null }, "geometry": { "type": "LineString", "coordinates": [ [ 17853.611248409568361, 7929.697025266992569, 0.0 ], [ 18119.547365917391289, 7929.697025266992569, 0.0 ] ] } },
{ "type": "Feature", "properties": { "Layer": "023_MUROS_2", "PaperSpace": null, "SubClasses": null, "Linetype": null, "EntityHandle": "1C1E1EE4", "Text": null }, "geometry": { "type": "LineString", "coordinates": [ [ 18242.287112459249329, 7929.697025266992569, 0.0 ], [ 18262.743736883250676, 7929.697025267305435, 0.0 ] ] } },
{ "type": "Feature", "properties": { "Layer": "023_MUROS_2", "PaperSpace": null, "SubClasses": null, "Linetype": null, "EntityHandle": "1C1E1EE5", "Text": null }, "geometry": { "type": "LineString", "coordinates": [ [ 18855.985845169470849, 7929.697025267305435, 0.0 ], [ 18999.182216134511691, 7929.697025266992569, 0.0 ] ] } },
{ "type": "Feature", "properties": { "Layer": "023_MUROS_2", "PaperSpace": null, "SubClasses": null, "Linetype": null, "EntityHandle": "1C1E1EE6", "Text": null }, "geometry": { "type": "LineString", "coordinates": [ [ 19592.424324421088386, 7929.697025266992569, 0.0 ], [ 19612.880948844729573, 7929.697025266992569, 0.0 ] ] } },
{ "type": "Feature", "properties": { "Layer": "023_MUROS_2", "PaperSpace": null, "SubClasses": null, "Linetype": null, "EntityHandle": "1C1E1EE7", "Text": null }, "geometry": { "type": "LineString", "coordinates": [ [ 19735.620695386471198, 7929.697025266992569, 0.0 ], [ 20001.556812894061295, 7929.697025266992569, 0.0 ] ] } },
{ "type": "Feature", "properties": { "Layer": "023_MUROS_2", "PaperSpace": null, "SubClasses": null, "Linetype": null, "EntityHandle": "1C1E1EE8", "Text": null }, "geometry": { "type": "LineString", "coordinates": [ [ 17976.350994951430039, 7806.957278725101787, 0.0 ], [ 18262.743736883250676, 7806.957278725101787, 0.0 ] ] } },
{ "type": "Feature", "properties": { "Layer": "023_MUROS_2", "PaperSpace": null, "SubClasses": null, "Linetype": null, "EntityHandle": "1C1E1EE9", "Text": null }, "geometry": { "type": "LineString", "coordinates": [ [ 18855.985845169470849, 7806.957278725101787, 0.0 ], [ 18866.214157380949473, 7806.957278725101787, 0.0 ] ] } },
{ "type": "Feature", "properties": { "Layer": "023_MUROS_2", "PaperSpace": null, "SubClasses": null, "Linetype": null, "EntityHandle": "1C1E1EEA", "Text": null }, "geometry": { "type": "LineString", "coordinates": [ [ 18988.953903922800237, 7806.957278725101787, 0.0 ], [ 18999.182216134511691, 7806.957278725101787, 0.0 ] ] } },
{ "type": "Feature", "properties": { "Layer": "023_MUROS_2", "PaperSpace": null, "SubClasses": null, "Linetype": null, "EntityHandle": "1C1E1EEB", "Text": null }, "geometry": { "type": "LineString", "coordinates": [ [ 19592.424324420509947, 7806.957278725101787, 0.0 ], [ 19878.817066352090478, 7806.957278725101787, 0.0 ] ] } },
{ "type": "Feature", "properties": { "Layer": "023_MUROS_2", "PaperSpace": null, "SubClasses": null, "Linetype": null, "EntityHandle": "1C1E1EEC", "Text": null }, "geometry": { "type": "LineString", "coordinates": [ [ 18855.985845169470849, 7806.957278725101787, 0.0 ], [ 18855.985845169470849, 7929.697025266992569, 0.0 ] ] } },
{ "type": "Feature", "properties": { "Layer": "023_MUROS_2", "PaperSpace": null, "SubClasses": null, "Linetype": null, "EntityHandle": "1C1E1EED", "Text": null }, "geometry": { "type": "LineString", "coordinates": [ [ 18262.743736883250676, 7806.957278725101787, 0.0 ], [ 18262.743736883250676, 7929.697025266992569, 0.0 ] ] } },
{ "type": "Feature", "properties": { "Layer": "023_MUROS_2", "PaperSpace": null, "SubClasses": null, "Linetype": null, "EntityHandle": "1C1E1EEE", "Text": null }, "geometry": { "type": "LineString", "coordinates": [ [ 18999.182216134511691, 7806.957278725101787, 0.0 ], [ 18999.182216134511691, 7929.697025266992569, 0.0 ] ] } },
{ "type": "Feature", "properties": { "Layer": "023_MUROS_2", "PaperSpace": null, "SubClasses": null, "Linetype": null, "EntityHandle": "1C1E1EEF", "Text": null }, "geometry": { "type": "LineString", "coordinates": [ [ 19592.424324420509947, 7806.957278725101787, 0.0 ], [ 19592.424324421088386, 7929.697025266992569, 0.0 ] ] } },
{ "type": "Feature", "properties": { "Layer": "023_MUROS_2", "PaperSpace": null, "SubClasses": null, "Linetype": null, "EntityHandle": "1C1E1EF0", "Text": null }, "geometry": { "type": "LineString", "coordinates": [ [ 18866.214157380949473, 7806.957278725101787, 0.0 ], [ 18866.214157380949473, 3695.175769569249951, 0.0 ] ] } },
{ "type": "Feature", "properties": { "Layer": "023_MUROS_2", "PaperSpace": null, "SubClasses": null, "Linetype": null, "EntityHandle": "1C1E1EF1", "Text": null }, "geometry": { "type": "LineString", "coordinates": [ [ 18988.953903922800237, 7806.957278725101787, 0.0 ], [ 18988.95390392489935, 3695.175769569249951, 0.0 ] ] } },
{ "type": "Feature", "properties": { "Layer": "023_MUROS_2", "PaperSpace": null, "SubClasses": null, "Linetype": null, "EntityHandle": "1C1E1EF2", "Text": null }, "geometry": { "type": "LineString", "coordinates": [ [ 18119.547365917391289, 10036.729340904370474, 0.0 ], [ 18242.287112459249329, 10036.729340904370474, 0.0 ] ] } },
{ "type": "Feature", "properties": { "Layer": "023_MUROS_2", "PaperSpace": null, "SubClasses": null, "Linetype": null, "EntityHandle": "1C1E1EF3", "Text": null }, "geometry": { "type": "LineString", "coordinates": [ [ 18119.547365917391289, 9320.747486076077621, 0.0 ], [ 18242.287112459249329, 9320.747486076077621, 0.0 ] ] } },
{ "type": "Feature", "properties": { "Layer": "023_MUROS_2", "PaperSpace": null, "SubClasses": null, "Linetype": null, "EntityHandle": "1C1E1EF4", "Text": null }, "geometry": { "type": "LineString", "coordinates": [ [ 25535.073719494608667, 11008.419001028280036, 0.0 ], [ 25535.073719494608667, 10885.67925448620008, 0.0 ] ] } },
{ "type": "Feature", "properties": { "Layer": "023_MUROS_2", "PaperSpace": null, "SubClasses": null, "Linetype": null, "EntityHandle": "1C1E1EF5", "Text": null }, "geometry": { "type": "LineString", "coordinates": [ [ 24747.493679183779022, 11008.419001028280036, 0.0 ], [ 24747.493679183779022, 10885.67925448620008, 0.0 ] ] } },
{ "type": "Feature", "properties": { "Layer": "023_MUROS_2", "PaperSpace": null, "SubClasses": null, "Linetype": null, "EntityHandle": "1C1E1EF6", "Text": null }, "geometry": { "type": "LineString", "coordinates": [ [ 17219.455891276051261, 11448.236426136869341, 0.0 ], [ 17219.455891276051261, 11642.574358161660712, 0.0 ] ] } },
{ "type": "Feature", "properties": { "Layer": "023_MUROS_2", "PaperSpace": null, "SubClasses": null, "Linetype": null, "EntityHandle": "1C1E1EF7", "Text": null }, "geometry": { "type": "LineString", "coordinates": [ [ 17219.455891276051261, 12246.044778659910662, 0.0 ], [ 17219.455891276051261, 12931.341696852350651, 0.0 ] ] } },
{ "type": "Feature", "properties": { "Layer": "023_MUROS_2", "PaperSpace": null, "SubClasses": null, "Linetype": null, "EntityHandle": "1C1E1EF8", "Text": null }, "geometry": { "type": "LineString", "coordinates": [ [ 19469.684577878761047, 11448.236426136869341, 0.0 ], [ 19469.684577878761047, 15539.561310869419685, 0.0 ] ] } },
{ "type": "Feature", "properties": { "Layer": "023_MUROS_2", "PaperSpace": null, "SubClasses": null, "Linetype": null, "EntityHandle": "1C1E1EF9", "Text": null }, "geometry": { "type": "LineString", "coordinates": [ [ 19592.424324420509947, 11570.976172678989315, 0.0 ], [ 19592.424324420509947, 15437.278188751210109, 0.0 ] ] } },
{ "type": "Feature", "properties": { "Layer": "023_MUROS_2", "PaperSpace": null, "SubClasses": null, "Linetype": null, "EntityHandle": "1C1E1EFA", "Text": null }, "geometry": { "type": "LineString", "coordinates": [ [ 17219.455891276051261, 13422.300683020219367, 0.0 ], [ 17219.455891276051261, 14107.597601213019516, 0.0 ] ] } },
{ "type": "Feature", "properties": { "Layer": "023_MUROS_2", "PaperSpace": null, "SubClasses": null, "Linetype": null, "EntityHandle": "1C1E1EFB", "Text": null }, "geometry": { "type": "LineString", "coordinates": [ [ 17219.455891276051261, 14598.556587380660858, 0.0 ], [ 17219.455891276051261, 15539.561310869190493, 0.0 ] ] } },
{ "type": "Feature", "properties": { "Layer": "023_MUROS_2", "PaperSpace": null, "SubClasses": null, "Linetype": null, "EntityHandle": "1C1E1F0D", "Text": null }, "geometry": { "type": "LineString", "coordinates": [ [ 56772.33921442306746, 14076.912664577519536, 0.0 ], [ 56772.339214424122474, 14639.469836228410713, 0.0 ] ] } },
{ "type": "Feature", "properties": { "Layer": "023_MUROS_2", "PaperSpace": null, "SubClasses": null, "Linetype": null, "EntityHandle": "1C1E1F0E", "Text": null }, "geometry": { "type": "LineString", "coordinates": [ [ 56772.339214424122474, 15662.301057411490547, 0.0 ], [ 56772.339214424122474, 16102.118482520130783, 0.0 ] ] } },
{ "type": "Feature", "properties": { "Layer": "023_MUROS_2", "PaperSpace": null, "SubClasses": null, "Linetype": null, "EntityHandle": "1C1E1F0F", "Text": null }, "geometry": { "type": "LineString", "coordinates": [ [ 56874.622336540938704, 14179.195786696029245, 0.0 ], [ 56874.622336542342964, 14639.469836228410713, 0.0 ] ] } },
{ "type": "Feature", "properties": { "Layer": "023_MUROS_2", "PaperSpace": null, "SubClasses": null, "Linetype": null, "EntityHandle": "1C1E1F10", "Text": null }, "geometry": { "type": "LineString", "coordinates": [ [ 56874.622336542342964, 15662.301057411490547, 0.0 ], [ 56874.622336541753612, 15999.835360401830258, 0.0 ] ] } },
{ "type": "Feature", "properties": { "Layer": "023_MUROS_2", "PaperSpace": null, "SubClasses": null, "Linetype": null, "EntityHandle": "1C1E1F11", "Text": null }, "geometry": { "type": "LineString", "coordinates": [ [ 60147.682244327552326, 14179.195786696029245, 0.0 ], [ 60147.682244327552326, 15999.835360401830258, 0.0 ] ] } },
{ "type": "Feature", "properties": { "Layer": "023_MUROS_2", "PaperSpace": null, "SubClasses": null, "Linetype": null, "EntityHandle": "1C1E1F12", "Text": null }, "geometry": { "type": "LineString", "coordinates": [ [ 60249.965366446216649, 14076.912664577519536, 0.0 ], [ 60249.965366446216649, 16102.118482520130783, 0.0 ] ] } },
{ "type": "Feature", "properties": { "Layer": "023_MUROS_2", "PaperSpace": null, "SubClasses": null, "Linetype": null, "EntityHandle": "1C1E1F13", "Text": null }, "geometry": { "type": "LineString", "coordinates": [ [ 56772.339214424122474, 16102.118482520130783, 0.0 ], [ 60249.965366446216649, 16102.118482520130783, 0.0 ] ] } },
{ "type": "Feature", "properties": { "Layer": "023_MUROS_2", "PaperSpace": null, "SubClasses": null, "Linetype": null, "EntityHandle": "1C1E1F14", "Text": null }, "geometry": { "type": "LineString", "coordinates": [ [ 56772.33921442306746, 14076.912664577519536, 0.0 ], [ 60249.965366446216649, 14076.912664577519536, 0.0 ] ] } },
{ "type": "Feature", "properties": { "Layer": "023_MUROS_2", "PaperSpace": null, "SubClasses": null, "Linetype": null, "EntityHandle": "1C1E1F15", "Text": null }, "geometry": { "type": "LineString", "coordinates": [ [ 56874.622336540938704, 14179.195786696029245, 0.0 ], [ 60147.682244327552326, 14179.195786696029245, 0.0 ] ] } },
{ "type": "Feature", "properties": { "Layer": "023_MUROS_2", "PaperSpace": null, "SubClasses": null, "Linetype": null, "EntityHandle": "1C1E1F16", "Text": null }, "geometry": { "type": "LineString", "coordinates": [ [ 56772.339214424122474, 15662.301057411490547, 0.0 ], [ 56874.622336542342964, 15662.301057411490547, 0.0 ] ] } },
{ "type": "Feature", "properties": { "Layer": "023_MUROS_2", "PaperSpace": null, "SubClasses": null, "Linetype": null, "EntityHandle": "1C1E1F17", "Text": null }, "geometry": { "type": "LineString", "coordinates": [ [ 56772.339214424122474, 14639.469836228410713, 0.0 ], [ 56874.622336542342964, 14639.469836228410713, 0.0 ] ] } },
{ "type": "Feature", "properties": { "Layer": "023_MUROS_2", "PaperSpace": null, "SubClasses": null, "Linetype": null, "EntityHandle": "1C1E1F18", "Text": null }, "geometry": { "type": "LineString", "coordinates": [ [ 56874.622336541753612, 15999.835360401830258, 0.0 ], [ 60147.682244327552326, 15999.835360401830258, 0.0 ] ] } },
{ "type": "Feature", "properties": { "Layer": "023_MUROS_2", "PaperSpace": null, "SubClasses": null, "Linetype": null, "EntityHandle": "1C1E1F51", "Text": null }, "geometry": { "type": "LineString", "coordinates": [ [ 6285.39013682759105, 14240.565659966490784, 0.0 ], [ 5947.855833836783859, 14240.565659966490784, 0.0 ] ] } },
{ "type": "Feature", "properties": { "Layer": "023_MUROS_2", "PaperSpace": null, "SubClasses": null, "Linetype": null, "EntityHandle": "1C1E1F5E", "Text": null }, "geometry": { "type": "LineString", "coordinates": [ [ 43598.273085586391971, 45027.78541757731, 0.0 ], [ 43598.273085586391971, 51144.316120251969551, 0.0 ] ] } },
{ "type": "Feature", "properties": { "Layer": "023_MUROS_2", "PaperSpace": null, "SubClasses": null, "Linetype": null, "EntityHandle": "1C1E1F5F", "Text": null }, "geometry": { "type": "LineString", "coordinates": [ [ 43598.273085586391971, 51144.316120251969551, 0.0 ], [ 22865.484232205359149, 51144.316120251969551, 0.0 ] ] } },
{ "type": "Feature", "properties": { "Layer": "023_MUROS_2", "PaperSpace": null, "SubClasses": null, "Linetype": null, "EntityHandle": "1C1E1F64", "Text": null }, "geometry": { "type": "LineString", "coordinates": [ [ 22814.342671146019711, 50019.201776950649219, 0.0 ], [ 17082.43659009618932, 50019.201776950852945, 0.0 ] ] } },
{ "type": "Feature", "properties": { "Layer": "023_MUROS_2", "PaperSpace": null, "SubClasses": null, "Linetype": null, "EntityHandle": "1C1E1F65", "Text": null }, "geometry": { "type": "LineString", "coordinates": [ [ 16840.00864368386101, 50182.854772339393094, 0.0 ], [ 21511.295777819319483, 50182.854772339756892, 0.0 ] ] } },
{ "type": "Feature", "properties": { "Layer": "023_MUROS_2", "PaperSpace": null, "SubClasses": null, "Linetype": null, "EntityHandle": "1C1E1F67", "Text": null }, "geometry": { "type": "LineString", "coordinates": [ [ 17972.299752525828808, 50182.854772339756892, 0.0 ], [ 18565.541860811710649, 50182.854772339756892, 0.0 ] ] } },
{ "type": "Feature", "properties": { "Layer": "023_MUROS_2", "PaperSpace": null, "SubClasses": null, "Linetype": null, "EntityHandle": "1C1E1F68", "Text": null }, "geometry": { "type": "LineString", "coordinates": [ [ 18667.824982930040278, 50182.854772339756892, 0.0 ], [ 21511.295777819319483, 50182.854772339756892, 0.0 ] ] } },
{ "type": "Feature", "properties": { "Layer": "023_MUROS_2", "PaperSpace": null, "SubClasses": null, "Linetype": null, "EntityHandle": "1C1E1F69", "Text": null }, "geometry": { "type": "LineString", "coordinates": [ [ 21511.295777819319483, 50182.854772339756892, 0.0 ], [ 21511.295777819319483, 53742.307422056983341, 0.0 ] ] } },
{ "type": "Feature", "properties": { "Layer": "023_MUROS_2", "PaperSpace": null, "SubClasses": null, "Linetype": null, "EntityHandle": "1C1E1F6A", "Text": null }, "geometry": { "type": "LineString", "coordinates": [ [ 21511.295777819319483, 53742.307422056983341, 0.0 ], [ 21368.099406853358232, 53742.307422056983341, 0.0 ] ] } },
{ "type": "Feature", "properties": { "Layer": "023_MUROS_2", "PaperSpace": null, "SubClasses": null, "Linetype": null, "EntityHandle": "1C1E1F6B", "Text": null }, "geometry": { "type": "LineString", "coordinates": [ [ 21368.099406853358232, 53742.307422056983341, 0.0 ], [ 21368.099406853358232, 53946.873666293628048, 0.0 ] ] } },
{ "type": "Feature", "properties": { "Layer": "023_MUROS_2", "PaperSpace": null, "SubClasses": null, "Linetype": null, "EntityHandle": "1C1E1F6C", "Text": null }, "geometry": { "type": "LineString", "coordinates": [ [ 21368.099406853358232, 53946.873666293628048, 0.0 ], [ 21767.003583115088986, 53946.873666293628048, 0.0 ] ] } },
{ "type": "Feature", "properties": { "Layer": "023_MUROS_2", "PaperSpace": null, "SubClasses": null, "Linetype": null, "EntityHandle": "1C1E1F6D", "Text": null }, "geometry": { "type": "LineString", "coordinates": [ [ 21767.003583115088986, 53946.873666293628048, 0.0 ], [ 21767.003583115088986, 52729.704513085642247, 0.0 ] ] } },
{ "type": "Feature", "properties": { "Layer": "023_MUROS_2", "PaperSpace": null, "SubClasses": null, "Linetype": null, "EntityHandle": "1C1E1F6F", "Text": null }, "geometry": { "type": "LineString", "coordinates": [ [ 21767.003583115088986, 52729.704513085642247, 0.0 ], [ 21971.569827351409913, 52729.704513085642247, 0.0 ] ] } },
{ "type": "Feature", "properties": { "Layer": "023_MUROS_2", "PaperSpace": null, "SubClasses": null, "Linetype": null, "EntityHandle": "1C1E1F70", "Text": null }, "geometry": { "type": "LineString", "coordinates": [ [ 21971.569827351409913, 52729.704513085642247, 0.0 ], [ 21971.569827351409913, 52218.28890249410324, 0.0 ] ] } },
{ "type": "Feature", "properties": { "Layer": "023_MUROS_2", "PaperSpace": null, "SubClasses": null, "Linetype": null, "EntityHandle": "1C1E1F71", "Text": null }, "geometry": { "type": "LineString", "coordinates": [ [ 21971.569827351409913, 52218.28890249410324, 0.0 ], [ 21644.263836573230947, 52218.28890249410324, 0.0 ] ] } },
{ "type": "Feature", "properties": { "Layer": "023_MUROS_2", "PaperSpace": null, "SubClasses": null, "Linetype": null, "EntityHandle": "1C1E1F72", "Text": null }, "geometry": { "type": "LineString", "coordinates": [ [ 21644.263836573230947, 52218.28890249410324, 0.0 ], [ 21644.263836573230947, 51246.599242369949934, 0.0 ] ] } },
{ "type": "Feature", "properties": { "Layer": "023_MUROS_2", "PaperSpace": null, "SubClasses": null, "Linetype": null, "EntityHandle": "1C1E1F73", "Text": null }, "geometry": { "type": "LineString", "coordinates": [ [ 21644.263836573230947, 51246.599242369949934, 0.0 ], [ 26066.945954508399154, 51246.599242369949934, 0.0 ] ] } },
{ "type": "Feature", "properties": { "Layer": "023_MUROS_2", "PaperSpace": null, "SubClasses": null, "Linetype": null, "EntityHandle": "1C1E1F74", "Text": null }, "geometry": { "type": "LineString", "coordinates": [ [ 26066.945954508399154, 51246.599242369949934, 0.0 ], [ 26066.945954508399154, 54499.202525731736387, 0.0 ] ] } },
{ "type": "Feature", "properties": { "Layer": "023_MUROS_2", "PaperSpace": null, "SubClasses": null, "Linetype": null, "EntityHandle": "1C1E1F75", "Text": null }, "geometry": { "type": "LineString", "coordinates": [ [ 26066.945954508399154, 54499.202525731736387, 0.0 ], [ 26169.229076627081668, 54499.202525731736387, 0.0 ] ] } },
{ "type": "Feature", "properties": { "Layer": "023_MUROS_2", "PaperSpace": null, "SubClasses": null, "Linetype": null, "EntityHandle": "1C1E1F76", "Text": null }, "geometry": { "type": "LineString", "coordinates": [ [ 26169.229076627081668, 54499.202525731736387, 0.0 ], [ 26169.229076626728784, 51246.599242369949934, 0.0 ] ] } },
{ "type": "Feature", "properties": { "Layer": "023_MUROS_2", "PaperSpace": null, "SubClasses": null, "Linetype": null, "EntityHandle": "1C1E1F77", "Text": null }, "geometry": { "type": "LineString", "coordinates": [ [ 26169.229076626728784, 51246.599242369949934, 0.0 ], [ 43291.42371923175233, 51246.599242370146385, 0.0 ] ] } },
{ "type": "Feature", "properties": { "Layer": "023_MUROS_2", "PaperSpace": null, "SubClasses": null, "Linetype": null, "EntityHandle": "1C1E1F78", "Text": null }, "geometry": { "type": "LineString", "coordinates": [ [ 43291.42371923175233, 51246.599242370146385, 0.0 ], [ 43291.42371923175233, 57475.641379375010729, 0.0 ] ] } },
{ "type": "Feature", "properties": { "Layer": "023_MUROS_2", "PaperSpace": null, "SubClasses": null, "Linetype": null, "EntityHandle": "1C1E1F7A", "Text": null }, "geometry": { "type": "LineString", "coordinates": [ [ 43291.42371923175233, 57475.641379375010729, 0.0 ], [ 42782.972893619720708, 57475.641379375010729, 0.0 ] ] } },
{ "type": "Feature", "properties": { "Layer": "023_MUROS_2", "PaperSpace": null, "SubClasses": null, "Linetype": null, "EntityHandle": "1C1E1F7B", "Text": null }, "geometry": { "type": "LineString", "coordinates": [ [ 42271.557283028181701, 57475.641379375010729, 0.0 ], [ 30843.567757433578663, 57475.641379375010729, 0.0 ] ] } },
{ "type": "Feature", "properties": { "Layer": "023_MUROS_2", "PaperSpace": null, "SubClasses": null, "Linetype": null, "EntityHandle": "1C1E1F7C", "Text": null }, "geometry": { "type": "LineString", "coordinates": [ [ 30843.567757433578663, 57475.641379375010729, 0.0 ], [ 30843.567757433578663, 59050.801459996982885, 0.0 ] ] } },
{ "type": "Feature", "properties": { "Layer": "023_MUROS_2", "PaperSpace": null, "SubClasses": null, "Linetype": null, "EntityHandle": "1C1E1F7E", "Text": null }, "geometry": { "type": "LineString", "coordinates": [ [ 30843.567757433578663, 59050.801459996982885, 0.0 ], [ 29135.439618057760526, 59050.801459996982885, 0.0 ] ] } },
{ "type": "Feature", "properties": { "Layer": "023_MUROS_2", "PaperSpace": null, "SubClasses": null, "Linetype": null, "EntityHandle": "1C1E1F7F", "Text": null }, "geometry": { "type": "LineString", "coordinates": [ [ 29135.439618057760526, 59050.801459996982885, 0.0 ], [ 29135.439618057760526, 57741.577496882600826, 0.0 ] ] } },
{ "type": "Feature", "properties": { "Layer": "023_MUROS_2", "PaperSpace": null, "SubClasses": null, "Linetype": null, "EntityHandle": "1C1E1F81", "Text": null }, "geometry": { "type": "LineString", "coordinates": [ [ 29135.439618057760526, 57741.577496882600826, 0.0 ], [ 28900.188437185050134, 57741.577496882600826, 0.0 ] ] } },
{ "type": "Feature", "properties": { "Layer": "023_MUROS_2", "PaperSpace": null, "SubClasses": null, "Linetype": null, "EntityHandle": "1C1E1F82", "Text": null }, "geometry": { "type": "LineString", "coordinates": [ [ 28900.188437185050134, 57741.577496882600826, 0.0 ], [ 28900.188437185050134, 57843.860619000806764, 0.0 ] ] } },
{ "type": "Feature", "properties": { "Layer": "023_MUROS_2", "PaperSpace": null, "SubClasses": null, "Linetype": null, "EntityHandle": "1C1E1F83", "Text": null }, "geometry": { "type": "LineString", "coordinates": [ [ 28900.188437185050134, 57843.860619000806764, 0.0 ], [ 29033.156495939081651, 57843.860619000806764, 0.0 ] ] } },
{ "type": "Feature", "properties": { "Layer": "023_MUROS_2", "PaperSpace": null, "SubClasses": null, "Linetype": null, "EntityHandle": "1C1E1F84", "Text": null }, "geometry": { "type": "LineString", "coordinates": [ [ 29033.156495939081651, 57843.860619000806764, 0.0 ], [ 29033.156495939081651, 59050.801459996982885, 0.0 ] ] } },
{ "type": "Feature", "properties": { "Layer": "023_MUROS_2", "PaperSpace": null, "SubClasses": null, "Linetype": null, "EntityHandle": "1C1E1F85", "Text": null }, "geometry": { "type": "LineString", "coordinates": [ [ 29033.156495939081651, 59050.801459996982885, 0.0 ], [ 26169.229076626728784, 59050.801459996982885, 0.0 ] ] } },
{ "type": "Feature", "properties": { "Layer": "023_MUROS_2", "PaperSpace": null, "SubClasses": null, "Linetype": null, "EntityHandle": "1C1E1F86", "Text": null }, "geometry": { "type": "LineString", "coordinates": [ [ 26169.229076626728784, 57107.422139748989139, 0.0 ], [ 26854.525994819010521, 57107.422139748989139, 0.0 ] ] } },
{ "type": "Feature", "properties": { "Layer": "023_MUROS_2", "PaperSpace": null, "SubClasses": null, "Linetype": null, "EntityHandle": "1C1E1F88", "Text": null }, "geometry": { "type": "LineString", "coordinates": [ [ 26854.525994819010521, 57107.422139748989139, 0.0 ], [ 26854.525994819010521, 57005.139017630572198, 0.0 ] ] } },
{ "type": "Feature", "properties": { "Layer": "023_MUROS_2", "PaperSpace": null, "SubClasses": null, "Linetype": null, "EntityHandle": "1C1E1F89", "Text": null }, "geometry": { "type": "LineString", "coordinates": [ [ 26854.525994819010521, 57005.139017630572198, 0.0 ], [ 26169.229076626728784, 57005.139017630812305, 0.0 ] ] } },
{ "type": "Feature", "properties": { "Layer": "023_MUROS_2", "PaperSpace": null, "SubClasses": null, "Linetype": null, "EntityHandle": "1C1E1F8A", "Text": null }, "geometry": { "type": "LineString", "coordinates": [ [ 26169.229076626728784, 57005.139017630812305, 0.0 ], [ 26169.229076627081668, 56381.211972708711983, 0.0 ] ] } },
{ "type": "Feature", "properties": { "Layer": "023_MUROS_2", "PaperSpace": null, "SubClasses": null, "Linetype": null, "EntityHandle": "1C1E1F8B", "Text": null }, "geometry": { "type": "LineString", "coordinates": [ [ 26169.229076627081668, 56381.211972708711983, 0.0 ], [ 26066.945954508399154, 56381.211972709003021, 0.0 ] ] } },
{ "type": "Feature", "properties": { "Layer": "023_MUROS_2", "PaperSpace": null, "SubClasses": null, "Linetype": null, "EntityHandle": "1C1E1F8E", "Text": null }, "geometry": { "type": "LineString", "coordinates": [ [ 21639.149680467089638, 59153.084582115159719, 0.0 ], [ 30945.8508795516791, 59153.084582115159719, 0.0 ] ] } },
{ "type": "Feature", "properties": { "Layer": "023_MUROS_2", "PaperSpace": null, "SubClasses": null, "Linetype": null, "EntityHandle": "1C1E1F90", "Text": null }, "geometry": { "type": "LineString", "coordinates": [ [ 30945.8508795516791, 59153.084582115159719, 0.0 ], [ 30945.8508795516791, 57577.924501493216667, 0.0 ] ] } },
{ "type": "Feature", "properties": { "Layer": "023_MUROS_2", "PaperSpace": null, "SubClasses": null, "Linetype": null, "EntityHandle": "1C1E1F91", "Text": null }, "geometry": { "type": "LineString", "coordinates": [ [ 30945.8508795516791, 57577.924501493216667, 0.0 ], [ 42271.557283028181701, 57577.924501493216667, 0.0 ] ] } },
{ "type": "Feature", "properties": { "Layer": "023_MUROS_2", "PaperSpace": null, "SubClasses": null, "Linetype": null, "EntityHandle": "1C1E1F92", "Text": null }, "geometry": { "type": "LineString", "coordinates": [ [ 42782.972893619720708, 57577.924501493216667, 0.0 ], [ 67501.838724634173559, 57577.924501493216667, 0.0 ] ] } },
{ "type": "Feature", "properties": { "Layer": "023_MUROS_2", "PaperSpace": null, "SubClasses": null, "Linetype": null, "EntityHandle": "1C1E1F94", "Text": null }, "geometry": { "type": "LineString", "coordinates": [ [ 67501.838724634173559, 57577.924501493216667, 0.0 ], [ 67501.838724634173559, 51082.946246982202865, 0.0 ] ] } },
{ "type": "Feature", "properties": { "Layer": "023_MUROS_2", "PaperSpace": null, "SubClasses": null, "Linetype": null, "EntityHandle": "1C1E1F96", "Text": null }, "geometry": { "type": "LineString", "coordinates": [ [ 67501.838724634173559, 51082.946246982202865, 0.0 ], [ 84910.426109170773998, 51082.946246982202865, 0.0 ] ] } },
{ "type": "Feature", "properties": { "Layer": "023_MUROS_2", "PaperSpace": null, "SubClasses": null, "Linetype": null, "EntityHandle": "1C1E1F97", "Text": null }, "geometry": { "type": "LineString", "coordinates": [ [ 84910.426109170773998, 51082.946246982202865, 0.0 ], [ 84910.426109170773998, 51031.804685923038051, 0.0 ] ] } },
{ "type": "Feature", "properties": { "Layer": "023_MUROS_2", "PaperSpace": null, "SubClasses": null, "Linetype": null, "EntityHandle": "1C1E1F98", "Text": null }, "geometry": { "type": "LineString", "coordinates": [ [ 84910.426109170773998, 51031.804685923038051, 0.0 ], [ 83887.594887987695984, 51031.804685923038051, 0.0 ] ] } },
{ "type": "Feature", "properties": { "Layer": "023_MUROS_2", "PaperSpace": null, "SubClasses": null, "Linetype": null, "EntityHandle": "1C1E1F99", "Text": null }, "geometry": { "type": "LineString", "coordinates": [ [ 83887.594887987695984, 51031.804685923038051, 0.0 ], [ 83887.594887987695984, 48341.758574211657105, 0.0 ] ] } },
{ "type": "Feature", "properties": { "Layer": "023_MUROS_2", "PaperSpace": null, "SubClasses": null, "Linetype": null, "EntityHandle": "1C1E1F9A", "Text": null }, "geometry": { "type": "LineString", "coordinates": [ [ 85022.93754350116069, 48239.475452093727654, 0.0 ], [ 83887.594887987695984, 48239.475452093196509, 0.0 ] ] } },
{ "type": "Feature", "properties": { "Layer": "023_MUROS_2", "PaperSpace": null, "SubClasses": null, "Linetype": null, "EntityHandle": "1C1E1F9B", "Text": null }, "geometry": { "type": "LineString", "coordinates": [ [ 83887.594887987695984, 48239.475452093196509, 0.0 ], [ 83887.594887987695984, 44158.378879572752339, 0.0 ] ] } },
{ "type": "Feature", "properties": { "Layer": "023_MUROS_2", "PaperSpace": null, "SubClasses": null, "Linetype": null, "EntityHandle": "1C1E1F9C", "Text": null }, "geometry": { "type": "LineString", "coordinates": [ [ 83887.594887987695984, 44158.378879572752339, 0.0 ], [ 83785.311765869599185, 44158.378879572752339, 0.0 ] ] } },
{ "type": "Feature", "properties": { "Layer": "023_MUROS_2", "PaperSpace": null, "SubClasses": null, "Linetype": null, "EntityHandle": "1C1E1F9D", "Text": null }, "geometry": { "type": "LineString", "coordinates": [ [ 83785.311765869599185, 44158.378879572752339, 0.0 ], [ 83785.311765869599185, 49558.9277274194028, 0.0 ] ] } },
{ "type": "Feature", "properties": { "Layer": "023_MUROS_2", "PaperSpace": null, "SubClasses": null, "Linetype": null, "EntityHandle": "1C1E1F9F", "Text": null }, "geometry": { "type": "LineString", "coordinates": [ [ 83785.311765869599185, 49558.9277274194028, 0.0 ], [ 67501.838724634173559, 49558.9277274194028, 0.0 ] ] } },
{ "type": "Feature", "properties": { "Layer": "023_MUROS_2", "PaperSpace": null, "SubClasses": null, "Linetype": null, "EntityHandle": "1C1E1FA0", "Text": null }, "geometry": { "type": "LineString", "coordinates": [ [ 67501.838724634173559, 49558.9277274194028, 0.0 ], [ 67501.838724634755636, 41938.835129605140537, 0.0 ] ] } },
{ "type": "Feature", "properties": { "Layer": "023_MUROS_2", "PaperSpace": null, "SubClasses": null, "Linetype": null, "EntityHandle": "1C1E1FA1", "Text": null }, "geometry": { "type": "LineString", "coordinates": [ [ 67399.555602516658837, 41938.835129605336988, 0.0 ], [ 67399.555602516658837, 50765.868568414109177, 0.0 ] ] } },
{ "type": "Feature", "properties": { "Layer": "023_MUROS_2", "PaperSpace": null, "SubClasses": null, "Linetype": null, "EntityHandle": "1C1E1FA2", "Text": null }, "geometry": { "type": "LineString", "coordinates": [ [ 67399.555602516658837, 50765.868568414109177, 0.0 ], [ 66836.998430865787668, 50765.868568414109177, 0.0 ] ] } },
{ "type": "Feature", "properties": { "Layer": "023_MUROS_2", "PaperSpace": null, "SubClasses": null, "Linetype": null, "EntityHandle": "1C1E1FA3", "Text": null }, "geometry": { "type": "LineString", "coordinates": [ [ 66836.998430865787668, 50765.868568414109177, 0.0 ], [ 66836.998430865787668, 50919.293251591661829, 0.0 ] ] } },
{ "type": "Feature", "properties": { "Layer": "023_MUROS_2", "PaperSpace": null, "SubClasses": null, "Linetype": null, "EntityHandle": "1C1E1FA4", "Text": null }, "geometry": { "type": "LineString", "coordinates": [ [ 66836.998430865787668, 50919.293251591661829, 0.0 ], [ 67092.706236162019195, 50919.293251591661829, 0.0 ] ] } },
{ "type": "Feature", "properties": { "Layer": "023_MUROS_2", "PaperSpace": null, "SubClasses": null, "Linetype": null, "EntityHandle": "1C1E1FA5", "Text": null }, "geometry": { "type": "LineString", "coordinates": [ [ 67092.706236162019195, 50919.293251591661829, 0.0 ], [ 67092.706236162019195, 52463.768395578139462, 0.0 ] ] } },
{ "type": "Feature", "properties": { "Layer": "023_MUROS_2", "PaperSpace": null, "SubClasses": null, "Linetype": null, "EntityHandle": "1C1E1FA6", "Text": null }, "geometry": { "type": "LineString", "coordinates": [ [ 67092.706236162019195, 52463.768395578139462, 0.0 ], [ 67399.555602516658837, 52463.768395578139462, 0.0 ] ] } },
{ "type": "Feature", "properties": { "Layer": "023_MUROS_2", "PaperSpace": null, "SubClasses": null, "Linetype": null, "EntityHandle": "1C1E1FA7", "Text": null }, "geometry": { "type": "LineString", "coordinates": [ [ 67399.555602516658837, 52463.768395578139462, 0.0 ], [ 67399.555602516658837, 57475.641379375010729, 0.0 ] ] } },
{ "type": "Feature", "properties": { "Layer": "023_MUROS_2", "PaperSpace": null, "SubClasses": null, "Linetype": null, "EntityHandle": "1C1E1FA8", "Text": null }, "geometry": { "type": "LineString", "coordinates": [ [ 67399.555602516658837, 57475.641379375010729, 0.0 ], [ 63308.230717784332228, 57475.641379375010729, 0.0 ] ] } },
{ "type": "Feature", "properties": { "Layer": "023_MUROS_2", "PaperSpace": null, "SubClasses": null, "Linetype": null, "EntityHandle": "1C1E1FA9", "Text": null }, "geometry": { "type": "LineString", "coordinates": [ [ 63308.230717784332228, 57475.641379375010729, 0.0 ], [ 63308.230717784332228, 55552.718683550927381, 0.0 ] ] } },
{ "type": "Feature", "properties": { "Layer": "023_MUROS_2", "PaperSpace": null, "SubClasses": null, "Linetype": null, "EntityHandle": "1C1E1FAA", "Text": null }, "geometry": { "type": "LineString", "coordinates": [ [ 63308.230717784332228, 55552.718683550927381, 0.0 ], [ 63103.664473547913076, 55552.718683550927381, 0.0 ] ] } },
{ "type": "Feature", "properties": { "Layer": "023_MUROS_2", "PaperSpace": null, "SubClasses": null, "Linetype": null, "EntityHandle": "1C1E1FAB", "Text": null }, "geometry": { "type": "LineString", "coordinates": [ [ 63103.664473547913076, 55552.718683550927381, 0.0 ], [ 63103.664473547913076, 55655.001805669147871, 0.0 ] ] } },
{ "type": "Feature", "properties": { "Layer": "023_MUROS_2", "PaperSpace": null, "SubClasses": null, "Linetype": null, "EntityHandle": "1C1E1FAC", "Text": null }, "geometry": { "type": "LineString", "coordinates": [ [ 63103.664473547913076, 55655.001805669147871, 0.0 ], [ 47658.913033683013055, 55655.001805669147871, 0.0 ] ] } },
{ "type": "Feature", "properties": { "Layer": "023_MUROS_2", "PaperSpace": null, "SubClasses": null, "Linetype": null, "EntityHandle": "1C1E1FAD", "Text": null }, "geometry": { "type": "LineString", "coordinates": [ [ 47658.913033683013055, 55655.001805669147871, 0.0 ], [ 47658.913033683362301, 55562.946995762533334, 0.0 ] ] } },
{ "type": "Feature", "properties": { "Layer": "023_MUROS_2", "PaperSpace": null, "SubClasses": null, "Linetype": null, "EntityHandle": "1C1E1FAE", "Text": null }, "geometry": { "type": "LineString", "coordinates": [ [ 47658.913033683362301, 55562.946995762533334, 0.0 ], [ 47454.346789446586627, 55562.946995762758888, 0.0 ] ] } },
{ "type": "Feature", "properties": { "Layer": "023_MUROS_2", "PaperSpace": null, "SubClasses": null, "Linetype": null, "EntityHandle": "1C1E1FAF", "Text": null }, "geometry": { "type": "LineString", "coordinates": [ [ 47454.346789446586627, 55562.946995762758888, 0.0 ], [ 47454.346789446586627, 57475.641379375010729, 0.0 ] ] } },
{ "type": "Feature", "properties": { "Layer": "023_MUROS_2", "PaperSpace": null, "SubClasses": null, "Linetype": null, "EntityHandle": "1C1E1FB0", "Text": null }, "geometry": { "type": "LineString", "coordinates": [ [ 47454.346789446586627, 57475.641379375010729, 0.0 ], [ 43393.706841349383467, 57475.641379375010729, 0.0 ] ] } },
{ "type": "Feature", "properties": { "Layer": "023_MUROS_2", "PaperSpace": null, "SubClasses": null, "Linetype": null, "EntityHandle": "1C1E1FB1", "Text": null }, "geometry": { "type": "LineString", "coordinates": [ [ 43393.706841349383467, 57475.641379375010729, 0.0 ], [ 43393.706841349383467, 52494.453332213510294, 0.0 ] ] } },
{ "type": "Feature", "properties": { "Layer": "023_MUROS_2", "PaperSpace": null, "SubClasses": null, "Linetype": null, "EntityHandle": "1C1E1FB2", "Text": null }, "geometry": { "type": "LineString", "coordinates": [ [ 43393.706841349383467, 52494.453332213510294, 0.0 ], [ 43721.012832128129958, 52494.453332213510294, 0.0 ] ] } },
{ "type": "Feature", "properties": { "Layer": "023_MUROS_2", "PaperSpace": null, "SubClasses": null, "Linetype": null, "EntityHandle": "1C1E1FB3", "Text": null }, "geometry": { "type": "LineString", "coordinates": [ [ 43721.012832128129958, 52494.453332213510294, 0.0 ], [ 43721.012832128129958, 50919.293251591661829, 0.0 ] ] } },
{ "type": "Feature", "properties": { "Layer": "023_MUROS_2", "PaperSpace": null, "SubClasses": null, "Linetype": null, "EntityHandle": "1C1E1FB4", "Text": null }, "geometry": { "type": "LineString", "coordinates": [ [ 43721.012832128129958, 50919.293251591661829, 0.0 ], [ 44130.145320601572166, 50919.293251591661829, 0.0 ] ] } },
{ "type": "Feature", "properties": { "Layer": "023_MUROS_2", "PaperSpace": null, "SubClasses": null, "Linetype": null, "EntityHandle": "1C1E1FB5", "Text": null }, "geometry": { "type": "LineString", "coordinates": [ [ 44130.145320601572166, 50919.293251591661829, 0.0 ], [ 44130.145320601572166, 50765.868568414276524, 0.0 ] ] } },
{ "type": "Feature", "properties": { "Layer": "023_MUROS_2", "PaperSpace": null, "SubClasses": null, "Linetype": null, "EntityHandle": "1C1E1FB6", "Text": null }, "geometry": { "type": "LineString", "coordinates": [ [ 44130.145320601572166, 50765.868568414276524, 0.0 ], [ 43721.012832128129958, 50765.868568414276524, 0.0 ] ] } },
{ "type": "Feature", "properties": { "Layer": "023_MUROS_2", "PaperSpace": null, "SubClasses": null, "Linetype": null, "EntityHandle": "1C1E1FB7", "Text": null }, "geometry": { "type": "LineString", "coordinates": [ [ 43721.012832128129958, 50765.868568414276524, 0.0 ], [ 43721.012832128129958, 39310.158891163497174, 0.0 ] ] } },
{ "type": "Feature", "properties": { "Layer": "023_MUROS_2", "PaperSpace": null, "SubClasses": null, "Linetype": null, "EntityHandle": "1C1E1FB8", "Text": null }, "geometry": { "type": "LineString", "coordinates": [ [ 43721.012832128129958, 39310.158891163497174, 0.0 ], [ 42698.181610945051943, 39310.158891163497174, 0.0 ] ] } },
{ "type": "Feature", "properties": { "Layer": "023_MUROS_2", "PaperSpace": null, "SubClasses": null, "Linetype": null, "EntityHandle": "1C1E1FB9", "Text": null }, "geometry": { "type": "LineString", "coordinates": [ [ 42698.181610945051943, 39310.158891163497174, 0.0 ], [ 42722.567748825560557, 24652.987491610270808, 0.0 ] ] } },
{ "type": "Feature", "properties": { "Layer": "023_MUROS_2", "PaperSpace": null, "SubClasses": null, "Linetype": null, "EntityHandle": "1C1E1FBA", "Text": null }, "geometry": { "type": "LineString", "coordinates": [ [ 42722.567748825560557, 24652.987491610270808, 0.0 ], [ 42560.464933369286882, 24652.987491610270808, 0.0 ] ] } },
{ "type": "Feature", "properties": { "Layer": "023_MUROS_2", "PaperSpace": null, "SubClasses": null, "Linetype": null, "EntityHandle": "1C1E1FBB", "Text": null }, "geometry": { "type": "LineString", "coordinates": [ [ 42560.464933369286882, 24652.987491610270808, 0.0 ], [ 42575.441864403306681, 39432.898637705569854, 0.0 ] ] } },
{ "type": "Feature", "properties": { "Layer": "023_MUROS_2", "PaperSpace": null, "SubClasses": null, "Linetype": null, "EntityHandle": "1C1E1FBC", "Text": null }, "geometry": { "type": "LineString", "coordinates": [ [ 42575.441864403306681, 39432.898637705569854, 0.0 ], [ 43598.273085586391971, 39432.898637705569854, 0.0 ] ] } },
{ "type": "Feature", "properties": { "Layer": "023_MUROS_2", "PaperSpace": null, "SubClasses": null, "Linetype": null, "EntityHandle": "1C1E1FBD", "Text": null }, "geometry": { "type": "LineString", "coordinates": [ [ 43598.273085585809895, 39432.898637705569854, 0.0 ], [ 43598.273085586391971, 44976.643856517999666, 0.0 ] ] } },
{ "type": "Feature", "properties": { "Layer": "023_MUROS_2", "PaperSpace": null, "SubClasses": null, "Linetype": null, "EntityHandle": "1C1E1FC1", "Text": null }, "geometry": { "type": "LineString", "coordinates": [ [ 12514.432273832580904, 51573.905233148936532, 0.0 ], [ 8439.512771099813108, 51573.905233148936532, 0.0 ] ] } },
{ "type": "Feature", "properties": { "Layer": "023_MUROS_2", "PaperSpace": null, "SubClasses": null, "Linetype": null, "EntityHandle": "1C1E1FEC", "Text": null }, "geometry": { "type": "LineString", "coordinates": [ [ 67399.555602516658837, 32599.363248981189827, 0.0 ], [ 64384.976692188312882, 32612.170839490489016, 0.0 ] ] } },
{ "type": "Feature", "properties": { "Layer": "023_MUROS_2", "PaperSpace": null, "SubClasses": null, "Linetype": null, "EntityHandle": "1C1E1FEE", "Text": null }, "geometry": { "type": "LineString", "coordinates": [ [ 63574.166835291696771, 29356.988277831249434, 0.0 ], [ 63451.427088750191615, 29356.98827783095112, 0.0 ] ] } },
{ "type": "Feature", "properties": { "Layer": "023_MUROS_2", "PaperSpace": null, "SubClasses": null, "Linetype": null, "EntityHandle": "1C1E1FEF", "Text": null }, "geometry": { "type": "LineString", "coordinates": [ [ 67399.555602516658837, 32476.623502439349977, 0.0 ], [ 64384.976692188312882, 32489.431092948649166, 0.0 ] ] } },
{ "type": "Feature", "properties": { "Layer": "023_MUROS_2", "PaperSpace": null, "SubClasses": null, "Linetype": null, "EntityHandle": "1C1E1FF1", "Text": null }, "geometry": { "type": "LineString", "coordinates": [ [ 63451.42708874973323, 32599.363248981189827, 0.0 ], [ 63451.427088750191615, 29356.98827783095112, 0.0 ] ] } },
{ "type": "Feature", "properties": { "Layer": "023_MUROS_2", "PaperSpace": null, "SubClasses": null, "Linetype": null, "EntityHandle": "1C1E1FF2", "Text": null }, "geometry": { "type": "LineString", "coordinates": [ [ 63571.955229178216541, 32604.29490748156968, 0.0 ], [ 63571.955229178216541, 32481.555160939751659, 0.0 ] ] } },
{ "type": "Feature", "properties": { "Layer": "023_MUROS_2", "PaperSpace": null, "SubClasses": null, "Linetype": null, "EntityHandle": "1C1E1FF3", "Text": null }, "geometry": { "type": "LineString", "coordinates": [ [ 64384.976692188312882, 32612.170839490489016, 0.0 ], [ 64384.976692188312882, 32489.431092948649166, 0.0 ] ] } },
{ "type": "Feature", "properties": { "Layer": "023_MUROS_2", "PaperSpace": null, "SubClasses": null, "Linetype": null, "EntityHandle": "1C1E2004", "Text": null }, "geometry": { "type": "LineString", "coordinates": [ [ 61456.906207442560117, 22658.466610303668858, 0.0 ], [ 61456.906207442560117, 22576.640112608700292, 0.0 ] ] } },
{ "type": "Feature", "properties": { "Layer": "023_MUROS_2", "PaperSpace": null, "SubClasses": null, "Linetype": null, "EntityHandle": "1C1E200C", "Text": null }, "geometry": { "type": "LineString", "coordinates": [ [ 48947.680372373106366, 22658.466610303239577, 0.0 ], [ 55596.083310062902456, 22658.466610303239577, 0.0 ] ] } },
{ "type": "Feature", "properties": { "Layer": "023_MUROS_2", "PaperSpace": null, "SubClasses": null, "Linetype": null, "EntityHandle": "1C1E200D", "Text": null }, "geometry": { "type": "LineString", "coordinates": [ [ 85933.257330353852012, 51031.804685923038051, 0.0 ], [ 86731.065682876986102, 51031.804685923038051, 0.0 ] ] } },
{ "type": "Feature", "properties": { "Layer": "023_MUROS_2", "PaperSpace": null, "SubClasses": null, "Linetype": null, "EntityHandle": "1C1E200E", "Text": null }, "geometry": { "type": "LineString", "coordinates": [ [ 85421.841719762320281, 51031.804685923038051, 0.0 ], [ 85421.841719762320281, 48945.228994709366816, 0.0 ] ] } },
{ "type": "Feature", "properties": { "Layer": "023_MUROS_2", "PaperSpace": null, "SubClasses": null, "Linetype": null, "EntityHandle": "1C1E2010", "Text": null }, "geometry": { "type": "LineString", "coordinates": [ [ 85370.70015870356292, 51031.804685923038051, 0.0 ], [ 85370.700158703213674, 48945.228994709366816, 0.0 ] ] } },
{ "type": "Feature", "properties": { "Layer": "023_MUROS_2", "PaperSpace": null, "SubClasses": null, "Linetype": null, "EntityHandle": "1C1E2011", "Text": null }, "geometry": { "type": "LineString", "coordinates": [ [ 85933.257330354317673, 51082.946246982202865, 0.0 ], [ 85933.257330353852012, 51031.804685922827048, 0.0 ] ] } },
{ "type": "Feature", "properties": { "Layer": "023_MUROS_2", "PaperSpace": null, "SubClasses": null, "Linetype": null, "EntityHandle": "1C1E2012", "Text": null }, "geometry": { "type": "LineString", "coordinates": [ [ 85933.257330353852012, 51082.946246982202865, 0.0 ], [ 86782.207243935859879, 51082.946246982202865, 0.0 ] ] } },
{ "type": "Feature", "properties": { "Layer": "023_MUROS_2", "PaperSpace": null, "SubClasses": null, "Linetype": null, "EntityHandle": "1C1E2014", "Text": null }, "geometry": { "type": "LineString", "coordinates": [ [ 85370.700158703213674, 48945.228994709366816, 0.0 ], [ 85421.841719762320281, 48945.228994709366816, 0.0 ] ] } },
{ "type": "Feature", "properties": { "Layer": "023_MUROS_2", "PaperSpace": null, "SubClasses": null, "Linetype": null, "EntityHandle": "1C1E2015", "Text": null }, "geometry": { "type": "LineString", "coordinates": [ [ 85841.202520448161522, 48341.758574211657105, 0.0 ], [ 86731.065682876520441, 48341.758574211657105, 0.0 ] ] } },
{ "type": "Feature", "properties": { "Layer": "023_MUROS_2", "PaperSpace": null, "SubClasses": null, "Linetype": null, "EntityHandle": "1C1E2016", "Text": null }, "geometry": { "type": "LineString", "coordinates": [ [ 86782.207243935859879, 48341.758574211657105, 0.0 ], [ 87143.217508201661985, 48341.758574211547966, 0.0 ] ] } },
{ "type": "Feature", "properties": { "Layer": "023_MUROS_2", "PaperSpace": null, "SubClasses": null, "Linetype": null, "EntityHandle": "1C1E2017", "Text": null }, "geometry": { "type": "LineString", "coordinates": [ [ 89768.874409790412756, 48341.758574211431551, 0.0 ], [ 90576.911074524658034, 48341.758574211431551, 0.0 ] ] } },
{ "type": "Feature", "properties": { "Layer": "023_MUROS_2", "PaperSpace": null, "SubClasses": null, "Linetype": null, "EntityHandle": "1C1E2019", "Text": null }, "geometry": { "type": "LineString", "coordinates": [ [ 92888.509634398520575, 48341.758574211431551, 0.0 ], [ 93195.359000753756845, 48341.758574211657105, 0.0 ] ] } },
{ "type": "Feature", "properties": { "Layer": "023_MUROS_2", "PaperSpace": null, "SubClasses": null, "Linetype": null, "EntityHandle": "1C1E201A", "Text": null }, "geometry": { "type": "LineString", "coordinates": [ [ 85841.202520447695861, 48239.475452093407512, 0.0 ], [ 87143.217508201196324, 48239.475452093407512, 0.0 ] ] } },
{ "type": "Feature", "properties": { "Layer": "023_MUROS_2", "PaperSpace": null, "SubClasses": null, "Linetype": null, "EntityHandle": "1C1E201B", "Text": null }, "geometry": { "type": "LineString", "coordinates": [ [ 89454.816068074593204, 48239.475452093407512, 0.0 ], [ 89768.874409789947094, 48239.475452093407512, 0.0 ] ] } },
{ "type": "Feature", "properties": { "Layer": "023_MUROS_2", "PaperSpace": null, "SubClasses": null, "Linetype": null, "EntityHandle": "1C1E201C", "Text": null }, "geometry": { "type": "LineString", "coordinates": [ [ 84296.727376461145468, 37939.565054779392085, 0.0 ], [ 87559.558972035098122, 37939.565054779712227, 0.0 ] ] } },
{ "type": "Feature", "properties": { "Layer": "023_MUROS_2", "PaperSpace": null, "SubClasses": null, "Linetype": null, "EntityHandle": "1C1E201D", "Text": null }, "geometry": { "type": "LineString", "coordinates": [ [ 87559.558972035098122, 38716.916782878877711, 0.0 ], [ 88377.823948981284047, 38716.916782878877711, 0.0 ] ] } },
{ "type": "Feature", "properties": { "Layer": "023_MUROS_2", "PaperSpace": null, "SubClasses": null, "Linetype": null, "EntityHandle": "1C1E201E", "Text": null }, "geometry": { "type": "LineString", "coordinates": [ [ 83887.594887987695984, 39299.930578953113582, 0.0 ], [ 84296.727376461145468, 39299.930578953113582, 0.0 ] ] } },
{ "type": "Feature", "properties": { "Layer": "023_MUROS_2", "PaperSpace": null, "SubClasses": null, "Linetype": null, "EntityHandle": "1C1E201F", "Text": null }, "geometry": { "type": "LineString", "coordinates": [ [ 67501.838724634755636, 37837.281932660596794, 0.0 ], [ 88377.823948981749709, 37837.281932661499013, 0.0 ] ] } },
{ "type": "Feature", "properties": { "Layer": "023_MUROS_2", "PaperSpace": null, "SubClasses": null, "Linetype": null, "EntityHandle": "1C1E2020", "Text": null }, "geometry": { "type": "LineString", "coordinates": [ [ 63451.427088750191615, 22658.466610303668858, 0.0 ], [ 63451.427088750191615, 28538.723300884590572, 0.0 ] ] } },
{ "type": "Feature", "properties": { "Layer": "023_MUROS_2", "PaperSpace": null, "SubClasses": null, "Linetype": null, "EntityHandle": "1C1E2021", "Text": null }, "geometry": { "type": "LineString", "coordinates": [ [ 63451.427088750191615, 28538.723300884590572, 0.0 ], [ 63574.166835291696771, 28538.723300884768832, 0.0 ] ] } },
{ "type": "Feature", "properties": { "Layer": "023_MUROS_2", "PaperSpace": null, "SubClasses": null, "Linetype": null, "EntityHandle": "1C1E2022", "Text": null }, "geometry": { "type": "LineString", "coordinates": [ [ 63574.166835291696771, 28538.723300884768832, 0.0 ], [ 63574.166835292169708, 22658.466610303668858, 0.0 ] ] } },
{ "type": "Feature", "properties": { "Layer": "023_MUROS_2", "PaperSpace": null, "SubClasses": null, "Linetype": null, "EntityHandle": "1C1E2024", "Text": null }, "geometry": { "type": "LineString", "coordinates": [ [ 63574.166835292169708, 22658.466610303668858, 0.0 ], [ 67399.555602516658837, 22658.466610303668858, 0.0 ] ] } },
{ "type": "Feature", "properties": { "Layer": "023_MUROS_2", "PaperSpace": null, "SubClasses": null, "Linetype": null, "EntityHandle": "1C1E2025", "Text": null }, "geometry": { "type": "LineString", "coordinates": [ [ 67399.555602516658837, 22658.466610303668858, 0.0 ], [ 67399.555602516658837, 29367.216590042778989, 0.0 ] ] } },
{ "type": "Feature", "properties": { "Layer": "023_MUROS_2", "PaperSpace": null, "SubClasses": null, "Linetype": null, "EntityHandle": "1C1E2026", "Text": null }, "geometry": { "type": "LineString", "coordinates": [ [ 67399.555602516658837, 29367.216590042778989, 0.0 ], [ 67501.838724634755636, 29367.216590042778989, 0.0 ] ] } },
{ "type": "Feature", "properties": { "Layer": "023_MUROS_2", "PaperSpace": null, "SubClasses": null, "Linetype": null, "EntityHandle": "1C1E2027", "Text": null }, "geometry": { "type": "LineString", "coordinates": [ [ 67501.838724634755636, 29367.216590042778989, 0.0 ], [ 67501.838724634755636, 22658.466610303668858, 0.0 ] ] } },
{ "type": "Feature", "properties": { "Layer": "023_MUROS_2", "PaperSpace": null, "SubClasses": null, "Linetype": null, "EntityHandle": "1C1E2029", "Text": null }, "geometry": { "type": "LineString", "coordinates": [ [ 67501.838724634755636, 22658.466610303668858, 0.0 ], [ 93093.075878635427216, 22658.466610304600181, 0.0 ] ] } },
{ "type": "Feature", "properties": { "Layer": "023_MUROS_2", "PaperSpace": null, "SubClasses": null, "Linetype": null, "EntityHandle": "1C1E202A", "Text": null }, "geometry": { "type": "LineString", "coordinates": [ [ 93093.075878635427216, 22658.466610304600181, 0.0 ], [ 93093.075878635427216, 37837.281932661499013, 0.0 ] ] } },
{ "type": "Feature", "properties": { "Layer": "023_MUROS_2", "PaperSpace": null, "SubClasses": null, "Linetype": null, "EntityHandle": "1C1E202B", "Text": null }, "geometry": { "type": "LineString", "coordinates": [ [ 93093.075878635427216, 37837.281932661499013, 0.0 ], [ 90607.596011160931084, 37837.281932661207975, 0.0 ] ] } },
{ "type": "Feature", "properties": { "Layer": "023_MUROS_2", "PaperSpace": null, "SubClasses": null, "Linetype": null, "EntityHandle": "1C1E202C", "Text": null }, "geometry": { "type": "LineString", "coordinates": [ [ 90607.596011160931084, 37837.281932661207975, 0.0 ], [ 90607.596011160931084, 37939.565054779712227, 0.0 ] ] } },
{ "type": "Feature", "properties": { "Layer": "023_MUROS_2", "PaperSpace": null, "SubClasses": null, "Linetype": null, "EntityHandle": "1C1E202D", "Text": null }, "geometry": { "type": "LineString", "coordinates": [ [ 90607.596011160931084, 37939.565054779712227, 0.0 ], [ 93093.075878635427216, 37939.56505477992323, 0.0 ] ] } },
{ "type": "Feature", "properties": { "Layer": "023_MUROS_2", "PaperSpace": null, "SubClasses": null, "Linetype": null, "EntityHandle": "1C1E202F", "Text": null }, "geometry": { "type": "LineString", "coordinates": [ [ 93093.075878635427216, 37939.56505477992323, 0.0 ], [ 93093.075878635427216, 41478.561080073181074, 0.0 ] ] } },
{ "type": "Feature", "properties": { "Layer": "023_MUROS_2", "PaperSpace": null, "SubClasses": null, "Linetype": null, "EntityHandle": "1C1E2030", "Text": null }, "geometry": { "type": "LineString", "coordinates": [ [ 93093.075878635427216, 41478.561080073181074, 0.0 ], [ 93195.359000753756845, 41478.561080073377525, 0.0 ] ] } },
{ "type": "Feature", "properties": { "Layer": "023_MUROS_2", "PaperSpace": null, "SubClasses": null, "Linetype": null, "EntityHandle": "1C1E2031", "Text": null }, "geometry": { "type": "LineString", "coordinates": [ [ 93195.359000753756845, 41478.561080073377525, 0.0 ], [ 93195.359000753756845, 22658.466610304600181, 0.0 ] ] } },
{ "type": "Feature", "properties": { "Layer": "023_MUROS_2", "PaperSpace": null, "SubClasses": null, "Linetype": null, "EntityHandle": "1C1E2032", "Text": null }, "geometry": { "type": "LineString", "coordinates": [ [ 93195.359000753756845, 22658.466610304600181, 0.0 ], [ 93553.34992816785234, 22658.466610304600181, 0.0 ] ] } },
{ "type": "Feature", "properties": { "Layer": "023_MUROS_2", "PaperSpace": null, "SubClasses": null, "Linetype": null, "EntityHandle": "1C1E2033", "Text": null }, "geometry": { "type": "LineString", "coordinates": [ [ 93553.34992816785234, 22658.466610304600181, 0.0 ], [ 93553.34992816785234, 21697.005262391790893, 0.0 ] ] } },
{ "type": "Feature", "properties": { "Layer": "023_MUROS_2", "PaperSpace": null, "SubClasses": null, "Linetype": null, "EntityHandle": "1C1E2034", "Text": null }, "geometry": { "type": "LineString", "coordinates": [ [ 93553.34992816785234, 21697.005262391790893, 0.0 ], [ 93410.153557202240336, 21697.005262391790893, 0.0 ] ] } },
{ "type": "Feature", "properties": { "Layer": "023_MUROS_2", "PaperSpace": null, "SubClasses": null, "Linetype": null, "EntityHandle": "1C1E2035", "Text": null }, "geometry": { "type": "LineString", "coordinates": [ [ 93410.153557202240336, 21697.005262391790893, 0.0 ], [ 93410.153557202240336, 22003.854628746688832, 0.0 ] ] } },
{ "type": "Feature", "properties": { "Layer": "023_MUROS_2", "PaperSpace": null, "SubClasses": null, "Linetype": null, "EntityHandle": "1C1E2036", "Text": null }, "geometry": { "type": "LineString", "coordinates": [ [ 93410.153557202240336, 22003.854628746688832, 0.0 ], [ 92428.235584866444697, 22003.854628746401431, 0.0 ] ] } },
{ "type": "Feature", "properties": { "Layer": "023_MUROS_2", "PaperSpace": null, "SubClasses": null, "Linetype": null, "EntityHandle": "1C1E2037", "Text": null }, "geometry": { "type": "LineString", "coordinates": [ [ 92428.235584866444697, 22003.854628746401431, 0.0 ], [ 92428.235584866444697, 21942.484755475699785, 0.0 ] ] } },
{ "type": "Feature", "properties": { "Layer": "023_MUROS_2", "PaperSpace": null, "SubClasses": null, "Linetype": null, "EntityHandle": "1C1E2038", "Text": null }, "geometry": { "type": "LineString", "coordinates": [ [ 92428.235584866444697, 21942.484755475699785, 0.0 ], [ 92285.039213900483446, 21942.484755475699785, 0.0 ] ] } },
{ "type": "Feature", "properties": { "Layer": "023_MUROS_2", "PaperSpace": null, "SubClasses": null, "Linetype": null, "EntityHandle": "1C1E2039", "Text": null }, "geometry": { "type": "LineString", "coordinates": [ [ 92285.039213900483446, 21942.484755475699785, 0.0 ], [ 92285.039213900483446, 22003.854628746688832, 0.0 ] ] } },
{ "type": "Feature", "properties": { "Layer": "023_MUROS_2", "PaperSpace": null, "SubClasses": null, "Linetype": null, "EntityHandle": "1C1E203A", "Text": null }, "geometry": { "type": "LineString", "coordinates": [ [ 92285.039213900483446, 22003.854628746688832, 0.0 ], [ 90280.290020381478826, 22003.854628746688832, 0.0 ] ] } },
{ "type": "Feature", "properties": { "Layer": "023_MUROS_2", "PaperSpace": null, "SubClasses": null, "Linetype": null, "EntityHandle": "1C1E203B", "Text": null }, "geometry": { "type": "LineString", "coordinates": [ [ 90280.290020381478826, 22003.854628746688832, 0.0 ], [ 90280.290020381478826, 20490.064421395949466, 0.0 ] ] } },
{ "type": "Feature", "properties": { "Layer": "023_MUROS_2", "PaperSpace": null, "SubClasses": null, "Linetype": null, "EntityHandle": "1C1E203C", "Text": null }, "geometry": { "type": "LineString", "coordinates": [ [ 90280.290020381478826, 20490.064421395949466, 0.0 ], [ 92428.235584866444697, 20490.064421396149555, 0.0 ] ] } },
{ "type": "Feature", "properties": { "Layer": "023_MUROS_2", "PaperSpace": null, "SubClasses": null, "Linetype": null, "EntityHandle": "1C1E203D", "Text": null }, "geometry": { "type": "LineString", "coordinates": [ [ 92428.235584866444697, 20490.064421396149555, 0.0 ], [ 92428.235584866444697, 19774.082566567660251, 0.0 ] ] } },
{ "type": "Feature", "properties": { "Layer": "023_MUROS_2", "PaperSpace": null, "SubClasses": null, "Linetype": null, "EntityHandle": "1C1E203E", "Text": null }, "geometry": { "type": "LineString", "coordinates": [ [ 92428.235584866444697, 19774.082566567660251, 0.0 ], [ 92285.039213900483446, 19774.082566567660251, 0.0 ] ] } },
{ "type": "Feature", "properties": { "Layer": "023_MUROS_2", "PaperSpace": null, "SubClasses": null, "Linetype": null, "EntityHandle": "1C1E203F", "Text": null }, "geometry": { "type": "LineString", "coordinates": [ [ 92285.039213900483446, 19774.082566567660251, 0.0 ], [ 92285.039213900483446, 20346.868050430421135, 0.0 ] ] } },
{ "type": "Feature", "properties": { "Layer": "023_MUROS_2", "PaperSpace": null, "SubClasses": null, "Linetype": null, "EntityHandle": "1C1E2040", "Text": null }, "geometry": { "type": "LineString", "coordinates": [ [ 92285.039213900483446, 20346.868050430421135, 0.0 ], [ 90280.290020381478826, 20346.868050430188305, 0.0 ] ] } },
{ "type": "Feature", "properties": { "Layer": "023_MUROS_2", "PaperSpace": null, "SubClasses": null, "Linetype": null, "EntityHandle": "1C1E2041", "Text": null }, "geometry": { "type": "LineString", "coordinates": [ [ 90280.290020381478826, 20346.868050430188305, 0.0 ], [ 90280.290020381478826, 19774.082566567660251, 0.0 ] ] } },
{ "type": "Feature", "properties": { "Layer": "023_MUROS_2", "PaperSpace": null, "SubClasses": null, "Linetype": null, "EntityHandle": "1C1E2042", "Text": null }, "geometry": { "type": "LineString", "coordinates": [ [ 90280.290020381478826, 19774.082566567660251, 0.0 ], [ 90065.495463933111751, 19774.082566567660251, 0.0 ] ] } },
{ "type": "Feature", "properties": { "Layer": "023_MUROS_2", "PaperSpace": null, "SubClasses": null, "Linetype": null, "EntityHandle": "1C1E2043", "Text": null }, "geometry": { "type": "LineString", "coordinates": [ [ 90065.495463933111751, 19774.082566567660251, 0.0 ], [ 90065.495463933111751, 19917.278937533428689, 0.0 ] ] } },
{ "type": "Feature", "properties": { "Layer": "023_MUROS_2", "PaperSpace": null, "SubClasses": null, "Linetype": null, "EntityHandle": "1C1E2044", "Text": null }, "geometry": { "type": "LineString", "coordinates": [ [ 90065.495463933111751, 19917.278937533428689, 0.0 ], [ 90137.093649415983236, 19917.278937533428689, 0.0 ] ] } },
{ "type": "Feature", "properties": { "Layer": "023_MUROS_2", "PaperSpace": null, "SubClasses": null, "Linetype": null, "EntityHandle": "1C1E2045", "Text": null }, "geometry": { "type": "LineString", "coordinates": [ [ 90137.093649415983236, 19917.278937533428689, 0.0 ], [ 90137.093649415983236, 22003.854628746921662, 0.0 ] ] } },
{ "type": "Feature", "properties": { "Layer": "023_MUROS_2", "PaperSpace": null, "SubClasses": null, "Linetype": null, "EntityHandle": "1C1E2046", "Text": null }, "geometry": { "type": "LineString", "coordinates": [ [ 90137.093649415983236, 22003.854628746921662, 0.0 ], [ 88439.193822252331302, 22003.854628746921662, 0.0 ] ] } },
{ "type": "Feature", "properties": { "Layer": "023_MUROS_2", "PaperSpace": null, "SubClasses": null, "Linetype": null, "EntityHandle": "1C1E2047", "Text": null }, "geometry": { "type": "LineString", "coordinates": [ [ 88439.193822252331302, 22003.854628746921662, 0.0 ], [ 88439.193822252331302, 19917.278937533428689, 0.0 ] ] } },
{ "type": "Feature", "properties": { "Layer": "023_MUROS_2", "PaperSpace": null, "SubClasses": null, "Linetype": null, "EntityHandle": "1C1E2048", "Text": null }, "geometry": { "type": "LineString", "coordinates": [ [ 88439.193822252331302, 19917.278937533428689, 0.0 ], [ 89472.253355647000717, 19917.278937535080331, 0.0 ] ] } },
{ "type": "Feature", "properties": { "Layer": "023_MUROS_2", "PaperSpace": null, "SubClasses": null, "Linetype": null, "EntityHandle": "1C1E204A", "Text": null }, "geometry": { "type": "LineString", "coordinates": [ [ 89472.253355647000717, 19917.278937535080331, 0.0 ], [ 89472.253355647000717, 19774.082566567660251, 0.0 ] ] } },
{ "type": "Feature", "properties": { "Layer": "023_MUROS_2", "PaperSpace": null, "SubClasses": null, "Linetype": null, "EntityHandle": "1C1E204B", "Text": null }, "geometry": { "type": "LineString", "coordinates": [ [ 89472.253355647000717, 19774.082566567660251, 0.0 ], [ 88224.399265803731396, 19774.082566567489266, 0.0 ] ] } },
{ "type": "Feature", "properties": { "Layer": "023_MUROS_2", "PaperSpace": null, "SubClasses": null, "Linetype": null, "EntityHandle": "1C1E204C", "Text": null }, "geometry": { "type": "LineString", "coordinates": [ [ 88224.399265803731396, 19774.082566567489266, 0.0 ], [ 88224.39926580338215, 19917.278937533428689, 0.0 ] ] } },
{ "type": "Feature", "properties": { "Layer": "023_MUROS_2", "PaperSpace": null, "SubClasses": null, "Linetype": null, "EntityHandle": "1C1E204D", "Text": null }, "geometry": { "type": "LineString", "coordinates": [ [ 88224.39926580338215, 19917.278937533428689, 0.0 ], [ 88295.997451286835712, 19917.278937533428689, 0.0 ] ] } },
{ "type": "Feature", "properties": { "Layer": "023_MUROS_2", "PaperSpace": null, "SubClasses": null, "Linetype": null, "EntityHandle": "1C1E204E", "Text": null }, "geometry": { "type": "LineString", "coordinates": [ [ 88295.997451286835712, 19917.278937533428689, 0.0 ], [ 88295.997451286835712, 22003.854628746921662, 0.0 ] ] } },
{ "type": "Feature", "properties": { "Layer": "023_MUROS_2", "PaperSpace": null, "SubClasses": null, "Linetype": null, "EntityHandle": "1C1E204F", "Text": null }, "geometry": { "type": "LineString", "coordinates": [ [ 88295.997451286835712, 22003.854628746921662, 0.0 ], [ 86598.097624123067362, 22003.854628746921662, 0.0 ] ] } },
{ "type": "Feature", "properties": { "Layer": "023_MUROS_2", "PaperSpace": null, "SubClasses": null, "Linetype": null, "EntityHandle": "1C1E2050", "Text": null }, "geometry": { "type": "LineString", "coordinates": [ [ 86598.097624123067362, 22003.854628746921662, 0.0 ], [ 86598.097624123067362, 19917.278937533428689, 0.0 ] ] } },
{ "type": "Feature", "properties": { "Layer": "023_MUROS_2", "PaperSpace": null, "SubClasses": null, "Linetype": null, "EntityHandle": "1C1E2051", "Text": null }, "geometry": { "type": "LineString", "coordinates": [ [ 86598.097624123067362, 19917.278937533428689, 0.0 ], [ 87631.157157517853193, 19917.278937533428689, 0.0 ] ] } },
{ "type": "Feature", "properties": { "Layer": "023_MUROS_2", "PaperSpace": null, "SubClasses": null, "Linetype": null, "EntityHandle": "1C1E2052", "Text": null }, "geometry": { "type": "LineString", "coordinates": [ [ 87631.157157517853193, 19917.278937533428689, 0.0 ], [ 87631.157157517853193, 19774.082566567489266, 0.0 ] ] } },
{ "type": "Feature", "properties": { "Layer": "023_MUROS_2", "PaperSpace": null, "SubClasses": null, "Linetype": null, "EntityHandle": "1C1E2053", "Text": null }, "geometry": { "type": "LineString", "coordinates": [ [ 87631.157157517853193, 19774.082566567489266, 0.0 ], [ 86454.901253157106112, 19774.082566567489266, 0.0 ] ] } },
{ "type": "Feature", "properties": { "Layer": "023_MUROS_2", "PaperSpace": null, "SubClasses": null, "Linetype": null, "EntityHandle": "1C1E2054", "Text": null }, "geometry": { "type": "LineString", "coordinates": [ [ 86454.901253157106112, 19774.082566567489266, 0.0 ], [ 86454.901253157106112, 22003.854628746921662, 0.0 ] ] } },
{ "type": "Feature", "properties": { "Layer": "023_MUROS_2", "PaperSpace": null, "SubClasses": null, "Linetype": null, "EntityHandle": "1C1E2055", "Text": null }, "geometry": { "type": "LineString", "coordinates": [ [ 86454.901253157106112, 22003.854628746921662, 0.0 ], [ 84317.184000884313718, 22003.854628746921662, 0.0 ] ] } },
{ "type": "Feature", "properties": { "Layer": "023_MUROS_2", "PaperSpace": null, "SubClasses": null, "Linetype": null, "EntityHandle": "1C1E2056", "Text": null }, "geometry": { "type": "LineString", "coordinates": [ [ 84317.184000884313718, 22003.854628746921662, 0.0 ], [ 84317.184000884313718, 19917.278937533428689, 0.0 ] ] } },
{ "type": "Feature", "properties": { "Layer": "023_MUROS_2", "PaperSpace": null, "SubClasses": null, "Linetype": null, "EntityHandle": "1C1E2057", "Text": null }, "geometry": { "type": "LineString", "coordinates": [ [ 84317.184000884313718, 19917.278937533428689, 0.0 ], [ 85452.526656397662009, 19917.278937533428689, 0.0 ] ] } },
{ "type": "Feature", "properties": { "Layer": "023_MUROS_2", "PaperSpace": null, "SubClasses": null, "Linetype": null, "EntityHandle": "1C1E2058", "Text": null }, "geometry": { "type": "LineString", "coordinates": [ [ 85452.526656397662009, 19917.278937533428689, 0.0 ], [ 85452.526656397662009, 19774.082566567489266, 0.0 ] ] } },
{ "type": "Feature", "properties": { "Layer": "023_MUROS_2", "PaperSpace": null, "SubClasses": null, "Linetype": null, "EntityHandle": "1C1E2059", "Text": null }, "geometry": { "type": "LineString", "coordinates": [ [ 85452.526656397662009, 19774.082566567489266, 0.0 ], [ 83887.594887987230322, 19774.082566567489266, 0.0 ] ] } },
{ "type": "Feature", "properties": { "Layer": "023_MUROS_2", "PaperSpace": null, "SubClasses": null, "Linetype": null, "EntityHandle": "1C1E205A", "Text": null }, "geometry": { "type": "LineString", "coordinates": [ [ 83887.594887987230322, 19774.082566567489266, 0.0 ], [ 83887.594887987230322, 19917.278937533428689, 0.0 ] ] } },
{ "type": "Feature", "properties": { "Layer": "023_MUROS_2", "PaperSpace": null, "SubClasses": null, "Linetype": null, "EntityHandle": "1C1E205B", "Text": null }, "geometry": { "type": "LineString", "coordinates": [ [ 83887.594887987230322, 19917.278937533428689, 0.0 ], [ 84173.987629918701714, 19917.278937533428689, 0.0 ] ] } },
{ "type": "Feature", "properties": { "Layer": "023_MUROS_2", "PaperSpace": null, "SubClasses": null, "Linetype": null, "EntityHandle": "1C1E205C", "Text": null }, "geometry": { "type": "LineString", "coordinates": [ [ 84173.987629918701714, 19917.278937533428689, 0.0 ], [ 84173.987629918701714, 22003.854628746921662, 0.0 ] ] } },
{ "type": "Feature", "properties": { "Layer": "023_MUROS_2", "PaperSpace": null, "SubClasses": null, "Linetype": null, "EntityHandle": "1C1E205D", "Text": null }, "geometry": { "type": "LineString", "coordinates": [ [ 84173.987629918701714, 22003.854628746921662, 0.0 ], [ 82220.379997458818252, 22003.854628746688832, 0.0 ] ] } },
{ "type": "Feature", "properties": { "Layer": "023_MUROS_2", "PaperSpace": null, "SubClasses": null, "Linetype": null, "EntityHandle": "1C1E205E", "Text": null }, "geometry": { "type": "LineString", "coordinates": [ [ 82220.379997458818252, 22003.854628746688832, 0.0 ], [ 82220.379997458818252, 19917.278937533428689, 0.0 ] ] } },
{ "type": "Feature", "properties": { "Layer": "023_MUROS_2", "PaperSpace": null, "SubClasses": null, "Linetype": null, "EntityHandle": "1C1E205F", "Text": null }, "geometry": { "type": "LineString", "coordinates": [ [ 82220.379997458818252, 19917.278937533428689, 0.0 ], [ 82895.448603439494036, 19917.278937533428689, 0.0 ] ] } },
{ "type": "Feature", "properties": { "Layer": "023_MUROS_2", "PaperSpace": null, "SubClasses": null, "Linetype": null, "EntityHandle": "1C1E2060", "Text": null }, "geometry": { "type": "LineString", "coordinates": [ [ 82895.448603439494036, 19917.278937533428689, 0.0 ], [ 82895.448603439843282, 19774.082566567489266, 0.0 ] ] } },
{ "type": "Feature", "properties": { "Layer": "023_MUROS_2", "PaperSpace": null, "SubClasses": null, "Linetype": null, "EntityHandle": "1C1E2061", "Text": null }, "geometry": { "type": "LineString", "coordinates": [ [ 82895.448603439843282, 19774.082566567489266, 0.0 ], [ 82220.379997458818252, 19774.082566567660251, 0.0 ] ] } },
{ "type": "Feature", "properties": { "Layer": "023_MUROS_2", "PaperSpace": null, "SubClasses": null, "Linetype": null, "EntityHandle": "1C1E2062", "Text": null }, "geometry": { "type": "LineString", "coordinates": [ [ 82220.379997458818252, 19774.082566567660251, 0.0 ], [ 82220.379997458818252, 18730.794720960901032, 0.0 ] ] } },
{ "type": "Feature", "properties": { "Layer": "023_MUROS_2", "PaperSpace": null, "SubClasses": null, "Linetype": null, "EntityHandle": "1C1E2063", "Text": null }, "geometry": { "type": "LineString", "coordinates": [ [ 82220.379997458818252, 18730.794720960901032, 0.0 ], [ 82271.521558517692029, 18730.794720960901032, 0.0 ] ] } },
{ "type": "Feature", "properties": { "Layer": "023_MUROS_2", "PaperSpace": null, "SubClasses": null, "Linetype": null, "EntityHandle": "1C1E2064", "Text": null }, "geometry": { "type": "LineString", "coordinates": [ [ 83192.069657582906075, 18730.794720960901032, 0.0 ], [ 84010.334634529208415, 18730.794720960901032, 0.0 ] ] } },
{ "type": "Feature", "properties": { "Layer": "023_MUROS_2", "PaperSpace": null, "SubClasses": null, "Linetype": null, "EntityHandle": "1C1E2065", "Text": null }, "geometry": { "type": "LineString", "coordinates": [ [ 84010.334634529208415, 18730.794720960901032, 0.0 ], [ 84010.334634529208415, 18628.511598842549574, 0.0 ] ] } },
{ "type": "Feature", "properties": { "Layer": "023_MUROS_2", "PaperSpace": null, "SubClasses": null, "Linetype": null, "EntityHandle": "1C1E2066", "Text": null }, "geometry": { "type": "LineString", "coordinates": [ [ 84010.334634529208415, 18628.511598842549574, 0.0 ], [ 83386.407589607857517, 18628.511598842549574, 0.0 ] ] } },
{ "type": "Feature", "properties": { "Layer": "023_MUROS_2", "PaperSpace": null, "SubClasses": null, "Linetype": null, "EntityHandle": "1C1E2067", "Text": null }, "geometry": { "type": "LineString", "coordinates": [ [ 83386.407589607857517, 18628.511598842549574, 0.0 ], [ 83386.407589607857517, 16695.360590806420078, 0.0 ] ] } },
{ "type": "Feature", "properties": { "Layer": "023_MUROS_2", "PaperSpace": null, "SubClasses": null, "Linetype": null, "EntityHandle": "1C1E2068", "Text": null }, "geometry": { "type": "LineString", "coordinates": [ [ 83284.124467489527888, 18628.511598842549574, 0.0 ], [ 83284.124467489527888, 16695.360590806420078, 0.0 ] ] } },
{ "type": "Feature", "properties": { "Layer": "023_MUROS_2", "PaperSpace": null, "SubClasses": null, "Linetype": null, "EntityHandle": "1C1E206A", "Text": null }, "geometry": { "type": "LineString", "coordinates": [ [ 83386.407589607857517, 16695.360590806420078, 0.0 ], [ 84010.334634529208415, 16695.360590806420078, 0.0 ] ] } },
{ "type": "Feature", "properties": { "Layer": "023_MUROS_2", "PaperSpace": null, "SubClasses": null, "Linetype": null, "EntityHandle": "1C1E206B", "Text": null }, "geometry": { "type": "LineString", "coordinates": [ [ 84010.334634529208415, 16695.360590806420078, 0.0 ], [ 84010.334634529208415, 16490.794346569960908, 0.0 ] ] } },
{ "type": "Feature", "properties": { "Layer": "023_MUROS_2", "PaperSpace": null, "SubClasses": null, "Linetype": null, "EntityHandle": "1C1E206C", "Text": null }, "geometry": { "type": "LineString", "coordinates": [ [ 84951.339358017721679, 15181.570383455620686, 0.0 ], [ 84951.339358018172788, 18730.794720960901032, 0.0 ] ] } },
{ "type": "Feature", "properties": { "Layer": "023_MUROS_2", "PaperSpace": null, "SubClasses": null, "Linetype": null, "EntityHandle": "1C1E206E", "Text": null }, "geometry": { "type": "LineString", "coordinates": [ [ 84951.339358018172788, 18730.794720960901032, 0.0 ], [ 85800.289271599598578, 18730.794720960901032, 0.0 ] ] } },
{ "type": "Feature", "properties": { "Layer": "023_MUROS_2", "PaperSpace": null, "SubClasses": null, "Linetype": null, "EntityHandle": "1C1E206F", "Text": null }, "geometry": { "type": "LineString", "coordinates": [ [ 85800.289271599598578, 18730.794720960901032, 0.0 ], [ 85800.289271599598578, 18628.511598842549574, 0.0 ] ] } },
{ "type": "Feature", "properties": { "Layer": "023_MUROS_2", "PaperSpace": null, "SubClasses": null, "Linetype": null, "EntityHandle": "1C1E2070", "Text": null }, "geometry": { "type": "LineString", "coordinates": [ [ 85800.289271599598578, 18628.511598842549574, 0.0 ], [ 85094.535728983799345, 18628.511598842338572, 0.0 ] ] } },
{ "type": "Feature", "properties": { "Layer": "023_MUROS_2", "PaperSpace": null, "SubClasses": null, "Linetype": null, "EntityHandle": "1C1E2071", "Text": null }, "geometry": { "type": "LineString", "coordinates": [ [ 85094.535728983799345, 18628.511598842338572, 0.0 ], [ 85094.535728983799345, 15600.931184141019912, 0.0 ] ] } },
{ "type": "Feature", "properties": { "Layer": "023_MUROS_2", "PaperSpace": null, "SubClasses": null, "Linetype": null, "EntityHandle": "1C1E2072", "Text": null }, "geometry": { "type": "LineString", "coordinates": [ [ 85094.535728983799345, 15600.931184141019912, 0.0 ], [ 85769.604334964242298, 15600.931184141019912, 0.0 ] ] } },
{ "type": "Feature", "properties": { "Layer": "023_MUROS_2", "PaperSpace": null, "SubClasses": null, "Linetype": null, "EntityHandle": "1C1E2073", "Text": null }, "geometry": { "type": "LineString", "coordinates": [ [ 85769.604334964242298, 15600.931184141019912, 0.0 ], [ 85769.604334964242298, 15457.734813175289673, 0.0 ] ] } },
{ "type": "Feature", "properties": { "Layer": "023_MUROS_2", "PaperSpace": null, "SubClasses": null, "Linetype": null, "EntityHandle": "1C1E2074", "Text": null }, "geometry": { "type": "LineString", "coordinates": [ [ 85769.604334964242298, 15457.734813175289673, 0.0 ], [ 85094.535728983799345, 15457.734813175580712, 0.0 ] ] } },
{ "type": "Feature", "properties": { "Layer": "023_MUROS_2", "PaperSpace": null, "SubClasses": null, "Linetype": null, "EntityHandle": "1C1E2075", "Text": null }, "geometry": { "type": "LineString", "coordinates": [ [ 85094.535728983799345, 15457.734813175580712, 0.0 ], [ 85094.535728983333684, 15079.287261337309246, 0.0 ] ] } },
{ "type": "Feature", "properties": { "Layer": "023_MUROS_2", "PaperSpace": null, "SubClasses": null, "Linetype": null, "EntityHandle": "1C1E2076", "Text": null }, "geometry": { "type": "LineString", "coordinates": [ [ 82077.183626493191696, 16695.360590806420078, 0.0 ], [ 82077.183626493191696, 22556.183488185979513, 0.0 ] ] } },
{ "type": "Feature", "properties": { "Layer": "023_MUROS_2", "PaperSpace": null, "SubClasses": null, "Linetype": null, "EntityHandle": "1C1E2078", "Text": null }, "geometry": { "type": "LineString", "coordinates": [ [ 82077.183626493191696, 22556.183488185979513, 0.0 ], [ 62909.326541521666513, 22556.183488185259193, 0.0 ] ] } },
{ "type": "Feature", "properties": { "Layer": "023_MUROS_2", "PaperSpace": null, "SubClasses": null, "Linetype": null, "EntityHandle": "1C1E207A", "Text": null }, "geometry": { "type": "LineString", "coordinates": [ [ 62909.326541521666513, 22556.183488185259193, 0.0 ], [ 62909.326541521666513, 18106.867676038978971, 0.0 ] ] } },
{ "type": "Feature", "properties": { "Layer": "023_MUROS_2", "PaperSpace": null, "SubClasses": null, "Linetype": null, "EntityHandle": "1C1E207C", "Text": null }, "geometry": { "type": "LineString", "coordinates": [ [ 62909.326541521666513, 18106.867676038978971, 0.0 ], [ 62633.162111802732397, 18106.867676038978971, 0.0 ] ] } },
{ "type": "Feature", "properties": { "Layer": "023_MUROS_2", "PaperSpace": null, "SubClasses": null, "Linetype": null, "EntityHandle": "1C1E207D", "Text": null }, "geometry": { "type": "LineString", "coordinates": [ [ 62633.162111802732397, 18106.867676038978971, 0.0 ], [ 62633.162111802732397, 18081.296895509280148, 0.0 ] ] } },
{ "type": "Feature", "properties": { "Layer": "023_MUROS_2", "PaperSpace": null, "SubClasses": null, "Linetype": null, "EntityHandle": "1C1E207E", "Text": null }, "geometry": { "type": "LineString", "coordinates": [ [ 62633.162111802732397, 18081.296895509280148, 0.0 ], [ 62530.878989684053522, 18081.296895509050955, 0.0 ] ] } },
{ "type": "Feature", "properties": { "Layer": "023_MUROS_2", "PaperSpace": null, "SubClasses": null, "Linetype": null, "EntityHandle": "1C1E207F", "Text": null }, "geometry": { "type": "LineString", "coordinates": [ [ 62530.878989684053522, 18081.296895509050955, 0.0 ], [ 62530.878989684053522, 22576.640112608700292, 0.0 ] ] } },
{ "type": "Feature", "properties": { "Layer": "023_MUROS_2", "PaperSpace": null, "SubClasses": null, "Linetype": null, "EntityHandle": "1C1E2080", "Text": null }, "geometry": { "type": "LineString", "coordinates": [ [ 62530.878989684053522, 22576.640112608700292, 0.0 ], [ 62479.73742862517247, 22576.640112608700292, 0.0 ] ] } },
{ "type": "Feature", "properties": { "Layer": "023_MUROS_2", "PaperSpace": null, "SubClasses": null, "Linetype": null, "EntityHandle": "1C1E2081", "Text": null }, "geometry": { "type": "LineString", "coordinates": [ [ 62479.73742862517247, 22576.640112608700292, 0.0 ], [ 62479.73742862517247, 22658.466610303668858, 0.0 ] ] } },
{ "type": "Feature", "properties": { "Layer": "023_MUROS_2", "PaperSpace": null, "SubClasses": null, "Linetype": null, "EntityHandle": "1C1E2082", "Text": null }, "geometry": { "type": "LineString", "coordinates": [ [ 62479.73742862517247, 22658.466610303668858, 0.0 ], [ 63451.427088750191615, 22658.466610303668858, 0.0 ] ] } },
{ "type": "Feature", "properties": { "Layer": "023_MUROS_2", "PaperSpace": null, "SubClasses": null, "Linetype": null, "EntityHandle": "1C1E2083", "Text": null }, "geometry": { "type": "LineString", "coordinates": [ [ 93093.075878635427216, 43237.830780508360476, 0.0 ], [ 93195.359000753756845, 43237.830780508360476, 0.0 ] ] } },
{ "type": "Feature", "properties": { "Layer": "023_MUROS_2", "PaperSpace": null, "SubClasses": null, "Linetype": null, "EntityHandle": "1C1E2084", "Text": null }, "geometry": { "type": "LineString", "coordinates": [ [ 89768.874409790412756, 48239.475452093407512, 0.0 ], [ 90576.911074525123695, 48239.475452093407512, 0.0 ] ] } },
{ "type": "Feature", "properties": { "Layer": "023_MUROS_2", "PaperSpace": null, "SubClasses": null, "Linetype": null, "EntityHandle": "1C1E2085", "Text": null }, "geometry": { "type": "LineString", "coordinates": [ [ 92888.509634398520575, 48239.475452093407512, 0.0 ], [ 93093.075878635427216, 48239.475452093196509, 0.0 ] ] } },
{ "type": "Feature", "properties": { "Layer": "023_MUROS_2", "PaperSpace": null, "SubClasses": null, "Linetype": null, "EntityHandle": "1C1E2086", "Text": null }, "geometry": { "type": "LineString", "coordinates": [ [ 83887.594887987695984, 41979.748378452670295, 0.0 ], [ 83887.594887987695984, 39299.930578953113582, 0.0 ] ] } },
{ "type": "Feature", "properties": { "Layer": "023_MUROS_2", "PaperSpace": null, "SubClasses": null, "Linetype": null, "EntityHandle": "1C1E2087", "Text": null }, "geometry": { "type": "LineString", "coordinates": [ [ 84296.727376461145468, 39299.930578953113582, 0.0 ], [ 84296.727376461145468, 37939.565054779712227, 0.0 ] ] } },
{ "type": "Feature", "properties": { "Layer": "023_MUROS_2", "PaperSpace": null, "SubClasses": null, "Linetype": null, "EntityHandle": "1C1E2088", "Text": null }, "geometry": { "type": "LineString", "coordinates": [ [ 87559.558972035098122, 38716.916782878877711, 0.0 ], [ 87559.558972035098122, 37939.565054779712227, 0.0 ] ] } },
{ "type": "Feature", "properties": { "Layer": "023_MUROS_2", "PaperSpace": null, "SubClasses": null, "Linetype": null, "EntityHandle": "1C1E2089", "Text": null }, "geometry": { "type": "LineString", "coordinates": [ [ 88377.823948981284047, 38716.916782878877711, 0.0 ], [ 88377.823948981284047, 37837.281932661499013, 0.0 ] ] } },
{ "type": "Feature", "properties": { "Layer": "023_MUROS_2", "PaperSpace": null, "SubClasses": null, "Linetype": null, "EntityHandle": "1C1E208A", "Text": null }, "geometry": { "type": "LineString", "coordinates": [ [ 67501.838724634755636, 41938.835129605140537, 0.0 ], [ 67501.838724634755636, 37939.565054779712227, 0.0 ] ] } },
{ "type": "Feature", "properties": { "Layer": "023_MUROS_2", "PaperSpace": null, "SubClasses": null, "Linetype": null, "EntityHandle": "1C1E208B", "Text": null }, "geometry": { "type": "LineString", "coordinates": [ [ 83785.311765869599185, 41979.748378452670295, 0.0 ], [ 83785.311765869599185, 37939.565054779712227, 0.0 ] ] } },
{ "type": "Feature", "properties": { "Layer": "023_MUROS_2", "PaperSpace": null, "SubClasses": null, "Linetype": null, "EntityHandle": "1C1E208C", "Text": null }, "geometry": { "type": "LineString", "coordinates": [ [ 93093.075878635427216, 48239.475452093196509, 0.0 ], [ 93093.075878635427216, 43237.830780508360476, 0.0 ] ] } },
{ "type": "Feature", "properties": { "Layer": "023_MUROS_2", "PaperSpace": null, "SubClasses": null, "Linetype": null, "EntityHandle": "1C1E208D", "Text": null }, "geometry": { "type": "LineString", "coordinates": [ [ 67501.838724634755636, 37837.281932660596794, 0.0 ], [ 67501.838724634755636, 31586.760340010168875, 0.0 ] ] } },
{ "type": "Feature", "properties": { "Layer": "023_MUROS_2", "PaperSpace": null, "SubClasses": null, "Linetype": null, "EntityHandle": "1C1E208E", "Text": null }, "geometry": { "type": "LineString", "coordinates": [ [ 67399.555602516658837, 41938.835129605336988, 0.0 ], [ 67399.555602516658837, 32599.363248981189827, 0.0 ] ] } },
{ "type": "Feature", "properties": { "Layer": "023_MUROS_2", "PaperSpace": null, "SubClasses": null, "Linetype": null, "EntityHandle": "1C1E208F", "Text": null }, "geometry": { "type": "LineString", "coordinates": [ [ 67399.555602516658837, 32476.623502439349977, 0.0 ], [ 67399.555602516658837, 31586.760340010168875, 0.0 ] ] } },
{ "type": "Feature", "properties": { "Layer": "023_MUROS_2", "PaperSpace": null, "SubClasses": null, "Linetype": null, "EntityHandle": "1C1E2090", "Text": null }, "geometry": { "type": "LineString", "coordinates": [ [ 67399.555602516658837, 32476.623502439349977, 0.0 ], [ 67399.555602516658837, 31586.760340010168875, 0.0 ] ] } },
{ "type": "Feature", "properties": { "Layer": "023_MUROS_2", "PaperSpace": null, "SubClasses": null, "Linetype": null, "EntityHandle": "1C1E2091", "Text": null }, "geometry": { "type": "LineString", "coordinates": [ [ 93195.359000753756845, 48341.758574211657105, 0.0 ], [ 93195.359000753756845, 43237.830780508360476, 0.0 ] ] } },
{ "type": "Feature", "properties": { "Layer": "023_MUROS_2", "PaperSpace": null, "SubClasses": null, "Linetype": null, "EntityHandle": "1C1E2093", "Text": null }, "geometry": { "type": "LineString", "coordinates": [ [ 86731.065682876986102, 51031.804685923038051, 0.0 ], [ 86731.065682876986102, 48341.758574211657105, 0.0 ] ] } },
{ "type": "Feature", "properties": { "Layer": "023_MUROS_2", "PaperSpace": null, "SubClasses": null, "Linetype": null, "EntityHandle": "1C1E2095", "Text": null }, "geometry": { "type": "LineString", "coordinates": [ [ 86782.207243935859879, 51082.946246982202865, 0.0 ], [ 86782.207243935859879, 48341.758574211657105, 0.0 ] ] } },
{ "type": "Feature", "properties": { "Layer": "023_MUROS_2", "PaperSpace": null, "SubClasses": null, "Linetype": null, "EntityHandle": "1C1E2096", "Text": null }, "geometry": { "type": "LineString", "coordinates": [ [ 92888.509634398520575, 48239.475452093196509, 0.0 ], [ 92888.509634398520575, 48341.758574211657105, 0.0 ] ] } },
{ "type": "Feature", "properties": { "Layer": "023_MUROS_2", "PaperSpace": null, "SubClasses": null, "Linetype": null, "EntityHandle": "1C1E2097", "Text": null }, "geometry": { "type": "LineString", "coordinates": [ [ 90576.911074525123695, 48239.475452093196509, 0.0 ], [ 90576.911074525123695, 48341.758574211657105, 0.0 ] ] } },
{ "type": "Feature", "properties": { "Layer": "023_MUROS_2", "PaperSpace": null, "SubClasses": null, "Linetype": null, "EntityHandle": "1C1E209B", "Text": null }, "geometry": { "type": "LineString", "coordinates": [ [ 83785.311765869599185, 37939.565054779712227, 0.0 ], [ 67501.838724634755636, 37939.565054779712227, 0.0 ] ] } },
{ "type": "Feature", "properties": { "Layer": "023_MUROS_2", "PaperSpace": null, "SubClasses": null, "Linetype": null, "EntityHandle": "1C1E209C", "Text": null }, "geometry": { "type": "LineString", "coordinates": [ [ 83887.594887987695984, 41979.748378452670295, 0.0 ], [ 83785.311765869599185, 41979.748378452670295, 0.0 ] ] } },
{ "type": "Feature", "properties": { "Layer": "023_MUROS_2", "PaperSpace": null, "SubClasses": null, "Linetype": null, "EntityHandle": "1C1E209D", "Text": null }, "geometry": { "type": "LineString", "coordinates": [ [ 67399.555602516658837, 31586.760340010168875, 0.0 ], [ 67501.838724634755636, 31586.760340010168875, 0.0 ] ] } },
{ "type": "Feature", "properties": { "Layer": "023_MUROS_2", "PaperSpace": null, "SubClasses": null, "Linetype": null, "EntityHandle": "1C1E209E", "Text": null }, "geometry": { "type": "LineString", "coordinates": [ [ 62633.162111802732397, 16623.762405323501298, 0.0 ], [ 63512.796962020191131, 16623.762405323501298, 0.0 ] ] } },
{ "type": "Feature", "properties": { "Layer": "023_MUROS_2", "PaperSpace": null, "SubClasses": null, "Linetype": null, "EntityHandle": "1C1E209F", "Text": null }, "geometry": { "type": "LineString", "coordinates": [ [ 63512.796962020191131, 16623.762405323501298, 0.0 ], [ 63512.796962020191131, 16091.890170308479355, 0.0 ] ] } },
{ "type": "Feature", "properties": { "Layer": "023_MUROS_2", "PaperSpace": null, "SubClasses": null, "Linetype": null, "EntityHandle": "1C1E20A0", "Text": null }, "geometry": { "type": "LineString", "coordinates": [ [ 63410.513839901861502, 16480.566034357969329, 0.0 ], [ 63410.513839901861502, 16091.890170308479355, 0.0 ] ] } },
{ "type": "Feature", "properties": { "Layer": "023_MUROS_2", "PaperSpace": null, "SubClasses": null, "Linetype": null, "EntityHandle": "1C1E20A1", "Text": null }, "geometry": { "type": "LineString", "coordinates": [ [ 63512.796962020191131, 15232.711944514610877, 0.0 ], [ 63512.796962020191131, 14076.912664577519536, 0.0 ] ] } },
{ "type": "Feature", "properties": { "Layer": "023_MUROS_2", "PaperSpace": null, "SubClasses": null, "Linetype": null, "EntityHandle": "1C1E20A2", "Text": null }, "geometry": { "type": "LineString", "coordinates": [ [ 63410.513839901861502, 15232.711944514610877, 0.0 ], [ 63410.513839901861502, 14179.195786695720017, 0.0 ] ] } },
{ "type": "Feature", "properties": { "Layer": "023_MUROS_2", "PaperSpace": null, "SubClasses": null, "Linetype": null, "EntityHandle": "1C1E20A3", "Text": null }, "geometry": { "type": "LineString", "coordinates": [ [ 60331.791864141247061, 16480.566034357969329, 0.0 ], [ 60331.791864140788675, 14076.912664577519536, 0.0 ] ] } },
{ "type": "Feature", "properties": { "Layer": "023_MUROS_2", "PaperSpace": null, "SubClasses": null, "Linetype": null, "EntityHandle": "1C1E20A4", "Text": null }, "geometry": { "type": "LineString", "coordinates": [ [ 60434.074986259467551, 16480.566034357969329, 0.0 ], [ 60434.074986259467551, 14179.195786695720017, 0.0 ] ] } },
{ "type": "Feature", "properties": { "Layer": "023_MUROS_2", "PaperSpace": null, "SubClasses": null, "Linetype": null, "EntityHandle": "1C1E20A5", "Text": null }, "geometry": { "type": "LineString", "coordinates": [ [ 63512.796962020191131, 14076.912664577519536, 0.0 ], [ 60331.791864140788675, 14076.912664577519536, 0.0 ] ] } },
{ "type": "Feature", "properties": { "Layer": "023_MUROS_2", "PaperSpace": null, "SubClasses": null, "Linetype": null, "EntityHandle": "1C1E20A6", "Text": null }, "geometry": { "type": "LineString", "coordinates": [ [ 63410.513839901861502, 14179.195786695720017, 0.0 ], [ 60434.074986259467551, 14179.195786695720017, 0.0 ] ] } },
{ "type": "Feature", "properties": { "Layer": "023_MUROS_2", "PaperSpace": null, "SubClasses": null, "Linetype": null, "EntityHandle": "1C1E20A7", "Text": null }, "geometry": { "type": "LineString", "coordinates": [ [ 63410.513839901861502, 15232.711944514610877, 0.0 ], [ 63512.796962020191131, 15232.711944514610877, 0.0 ] ] } },
{ "type": "Feature", "properties": { "Layer": "023_MUROS_2", "PaperSpace": null, "SubClasses": null, "Linetype": null, "EntityHandle": "1C1E20A8", "Text": null }, "geometry": { "type": "LineString", "coordinates": [ [ 63410.513839901861502, 16091.890170308479355, 0.0 ], [ 63512.796962020191131, 16091.890170308479355, 0.0 ] ] } },
{ "type": "Feature", "properties": { "Layer": "023_MUROS_2", "PaperSpace": null, "SubClasses": null, "Linetype": null, "EntityHandle": "1C1E20BC", "Text": null }, "geometry": { "type": "LineString", "coordinates": [ [ 45470.054220350306423, 15539.561310868990404, 0.0 ], [ 45470.054220350306423, 15437.278188751210109, 0.0 ] ] } },
{ "type": "Feature", "properties": { "Layer": "023_MUROS_2", "PaperSpace": null, "SubClasses": null, "Linetype": null, "EntityHandle": "1C1E20BD", "Text": null }, "geometry": { "type": "LineString", "coordinates": [ [ 45930.328269883088069, 15539.561310868990404, 0.0 ], [ 45930.328269883088069, 15437.278188751210109, 0.0 ] ] } },
{ "type": "Feature", "properties": { "Layer": "023_MUROS_2", "PaperSpace": null, "SubClasses": null, "Linetype": null, "EntityHandle": "1C1E20C1", "Text": null }, "geometry": { "type": "LineString", "coordinates": [ [ 43853.980890881692176, 15539.561310868699366, 0.0 ], [ 44211.971818295096455, 15539.561310868699366, 0.0 ] ] } },
{ "type": "Feature", "properties": { "Layer": "023_MUROS_2", "PaperSpace": null, "SubClasses": null, "Linetype": null, "EntityHandle": "1C1E20C2", "Text": null }, "geometry": { "type": "LineString", "coordinates": [ [ 43853.980890881692176, 15539.561310868699366, 0.0 ], [ 43853.980890881692176, 15437.278188750689878, 0.0 ] ] } },
{ "type": "Feature", "properties": { "Layer": "023_MUROS_2", "PaperSpace": null, "SubClasses": null, "Linetype": null, "EntityHandle": "1C1E20C3", "Text": null }, "geometry": { "type": "LineString", "coordinates": [ [ 43393.706841349026945, 15539.561310868699366, 0.0 ], [ 43393.706841349383467, 15437.278188750689878, 0.0 ] ] } },
{ "type": "Feature", "properties": { "Layer": "023_MUROS_2", "PaperSpace": null, "SubClasses": null, "Linetype": null, "EntityHandle": "1C1E20C7", "Text": null }, "geometry": { "type": "LineString", "coordinates": [ [ 44314.254940413782606, 15539.561310869419685, 0.0 ], [ 45316.629537172746495, 15539.561310869190493, 0.0 ] ] } },
{ "type": "Feature", "properties": { "Layer": "023_MUROS_2", "PaperSpace": null, "SubClasses": null, "Linetype": null, "EntityHandle": "1C1E2154", "Text": null }, "geometry": { "type": "LineString", "coordinates": [ [ 27928.49877706143161, 57843.860619000806764, 0.0 ], [ 27621.649410706319031, 57843.860619000806764, 0.0 ] ] } },
{ "type": "Feature", "properties": { "Layer": "023_MUROS_2", "PaperSpace": null, "SubClasses": null, "Linetype": null, "EntityHandle": "1C1E2155", "Text": null }, "geometry": { "type": "LineString", "coordinates": [ [ 27928.49877706143161, 57741.577496882600826, 0.0 ], [ 27723.932532824881491, 57741.577496882600826, 0.0 ] ] } },
{ "type": "Feature", "properties": { "Layer": "023_MUROS_2", "PaperSpace": null, "SubClasses": null, "Linetype": null, "EntityHandle": "1C1E2156", "Text": null }, "geometry": { "type": "LineString", "coordinates": [ [ 27621.649410706319031, 57843.860619000806764, 0.0 ], [ 27621.649410706319031, 57107.422139748989139, 0.0 ] ] } },
{ "type": "Feature", "properties": { "Layer": "023_MUROS_2", "PaperSpace": null, "SubClasses": null, "Linetype": null, "EntityHandle": "1C1E2157", "Text": null }, "geometry": { "type": "LineString", "coordinates": [ [ 27928.49877706143161, 57843.860619000806764, 0.0 ], [ 27928.49877706143161, 57741.577496882600826, 0.0 ] ] } },
{ "type": "Feature", "properties": { "Layer": "023_MUROS_2", "PaperSpace": null, "SubClasses": null, "Linetype": null, "EntityHandle": "1C1E2158", "Text": null }, "geometry": { "type": "LineString", "coordinates": [ [ 27723.932532824881491, 57741.577496882600826, 0.0 ], [ 27723.932532824881491, 57005.139017630812305, 0.0 ] ] } },
{ "type": "Feature", "properties": { "Layer": "023_MUROS_2", "PaperSpace": null, "SubClasses": null, "Linetype": null, "EntityHandle": "1C1E2159", "Text": null }, "geometry": { "type": "LineString", "coordinates": [ [ 27621.649410706319031, 57107.422139748989139, 0.0 ], [ 27570.50784964685954, 57107.422139748989139, 0.0 ] ] } },
{ "type": "Feature", "properties": { "Layer": "023_MUROS_2", "PaperSpace": null, "SubClasses": null, "Linetype": null, "EntityHandle": "1C1E215A", "Text": null }, "geometry": { "type": "LineString", "coordinates": [ [ 27723.932532824881491, 57005.139017630812305, 0.0 ], [ 27570.50784964685954, 57005.139017630572198, 0.0 ] ] } },
{ "type": "Feature", "properties": { "Layer": "023_MUROS_2", "PaperSpace": null, "SubClasses": null, "Linetype": null, "EntityHandle": "1C1E215B", "Text": null }, "geometry": { "type": "LineString", "coordinates": [ [ 27570.50784964732884, 57107.422139748989139, 0.0 ], [ 27570.50784964732884, 57005.139017630572198, 0.0 ] ] } },
{ "type": "Feature", "properties": { "Layer": "023_MUROS_2", "PaperSpace": null, "SubClasses": null, "Linetype": null, "EntityHandle": "1C1E2164", "Text": null }, "geometry": { "type": "LineString", "coordinates": [ [ 6285.39013682759105, 47809.886339194898028, 0.0 ], [ 6285.39013682759105, 39085.136022503233107, 0.0 ] ] } },
{ "type": "Feature", "properties": { "Layer": "023_MUROS_2", "PaperSpace": null, "SubClasses": null, "Linetype": null, "EntityHandle": "1C1E2165", "Text": null }, "geometry": { "type": "LineString", "coordinates": [ [ 6285.39013682759105, 39085.136022503233107, 0.0 ], [ 5978.540770472477561, 39085.136022503233107, 0.0 ] ] } },
{ "type": "Feature", "properties": { "Layer": "023_MUROS_2", "PaperSpace": null, "SubClasses": null, "Linetype": null, "EntityHandle": "1C1E2166", "Text": null }, "geometry": { "type": "LineString", "coordinates": [ [ 5978.540770472477561, 39085.136022503233107, 0.0 ], [ 5978.540770472477561, 38676.00353402987821, 0.0 ] ] } },
{ "type": "Feature", "properties": { "Layer": "023_MUROS_2", "PaperSpace": null, "SubClasses": null, "Linetype": null, "EntityHandle": "1C1E2167", "Text": null }, "geometry": { "type": "LineString", "coordinates": [ [ 5978.540770472477561, 38676.00353402987821, 0.0 ], [ 6387.673258945804264, 38676.00353402987821, 0.0 ] ] } },
{ "type": "Feature", "properties": { "Layer": "023_MUROS_2", "PaperSpace": null, "SubClasses": null, "Linetype": null, "EntityHandle": "1C1E2168", "Text": null }, "geometry": { "type": "LineString", "coordinates": [ [ 6387.673258945804264, 38676.00353402987821, 0.0 ], [ 6387.673258945804264, 25409.882595285551361, 0.0 ] ] } },
{ "type": "Feature", "properties": { "Layer": "023_MUROS_2", "PaperSpace": null, "SubClasses": null, "Linetype": null, "EntityHandle": "1C1E2169", "Text": null }, "geometry": { "type": "LineString", "coordinates": [ [ 6387.673258945804264, 25409.882595285551361, 0.0 ], [ 6592.239503181768669, 25409.882595285551361, 0.0 ] ] } },
{ "type": "Feature", "properties": { "Layer": "023_MUROS_2", "PaperSpace": null, "SubClasses": null, "Linetype": null, "EntityHandle": "1C1E216A", "Text": null }, "geometry": { "type": "LineString", "coordinates": [ [ 6592.239503181768669, 25409.882595285551361, 0.0 ], [ 6592.239503181768669, 25624.677151734009385, 0.0 ] ] } },
{ "type": "Feature", "properties": { "Layer": "023_MUROS_2", "PaperSpace": null, "SubClasses": null, "Linetype": null, "EntityHandle": "1C1E2171", "Text": null }, "geometry": { "type": "LineString", "coordinates": [ [ 6592.239503182699991, 25726.960273852480896, 0.0 ], [ 6592.239503182699991, 33817.555233410763321, 0.0 ] ] } },
{ "type": "Feature", "properties": { "Layer": "023_MUROS_2", "PaperSpace": null, "SubClasses": null, "Linetype": null, "EntityHandle": "1C1E2173", "Text": null }, "geometry": { "type": "LineString", "coordinates": [ [ 6592.239503182699991, 33878.925106681752368, 0.0 ], [ 18474.476806304650381, 33878.925106681752368, 0.0 ] ] } },
{ "type": "Feature", "properties": { "Layer": "023_MUROS_2", "PaperSpace": null, "SubClasses": null, "Linetype": null, "EntityHandle": "1C1E2181", "Text": null }, "geometry": { "type": "LineString", "coordinates": [ [ 18474.303707399300038, 34001.664853223606769, 0.0 ], [ 6592.239503182350745, 34001.664853223606769, 0.0 ] ] } },
{ "type": "Feature", "properties": { "Layer": "023_MUROS_2", "PaperSpace": null, "SubClasses": null, "Linetype": null, "EntityHandle": "1C1E2183", "Text": null }, "geometry": { "type": "LineString", "coordinates": [ [ 6592.239503182699991, 33940.294979952617723, 0.0 ], [ 6592.239503182699991, 47934.214482708972355, 0.0 ] ] } },
{ "type": "Feature", "properties": { "Layer": "023_MUROS_2", "PaperSpace": null, "SubClasses": null, "Linetype": null, "EntityHandle": "1C1E2184", "Text": null }, "geometry": { "type": "LineString", "coordinates": [ [ 6592.239503182699991, 47934.214482708972355, 0.0 ], [ 8558.138096901475365, 51369.338988912248169, 0.0 ] ] } },
{ "type": "Feature", "properties": { "Layer": "023_MUROS_2", "PaperSpace": null, "SubClasses": null, "Linetype": null, "EntityHandle": "1C1E2185", "Text": null }, "geometry": { "type": "LineString", "coordinates": [ [ 8558.138096901475365, 51369.338988912248169, 0.0 ], [ 12622.892465738759711, 51369.338988912248169, 0.0 ] ] } },
{ "type": "Feature", "properties": { "Layer": "023_MUROS_2", "PaperSpace": null, "SubClasses": null, "Linetype": null, "EntityHandle": "1C1E2186", "Text": null }, "geometry": { "type": "LineString", "coordinates": [ [ 12622.892465738759711, 51369.338988912248169, 0.0 ], [ 12622.892465738759711, 50019.201776950649219, 0.0 ] ] } },
{ "type": "Feature", "properties": { "Layer": "023_MUROS_2", "PaperSpace": null, "SubClasses": null, "Linetype": null, "EntityHandle": "1C1E2188", "Text": null }, "geometry": { "type": "LineString", "coordinates": [ [ 12622.892465738759711, 50019.201776950649219, 0.0 ], [ 12960.426768728990282, 50019.20177695460734, 0.0 ] ] } },
{ "type": "Feature", "properties": { "Layer": "023_MUROS_2", "PaperSpace": null, "SubClasses": null, "Linetype": null, "EntityHandle": "1C1E2189", "Text": null }, "geometry": { "type": "LineString", "coordinates": [ [ 12960.426768728990282, 50019.201776950649219, 0.0 ], [ 12960.426768728990282, 53742.307422056983341, 0.0 ] ] } },
{ "type": "Feature", "properties": { "Layer": "023_MUROS_2", "PaperSpace": null, "SubClasses": null, "Linetype": null, "EntityHandle": "1C1E218B", "Text": null }, "geometry": { "type": "LineString", "coordinates": [ [ 12960.426768728990282, 53742.307422056983341, 0.0 ], [ 13144.536388541779161, 53742.307422056983341, 0.0 ] ] } },
{ "type": "Feature", "properties": { "Layer": "023_MUROS_2", "PaperSpace": null, "SubClasses": null, "Linetype": null, "EntityHandle": "1C1E218C", "Text": null }, "geometry": { "type": "LineString", "coordinates": [ [ 13144.536388541779161, 53742.307422056983341, 0.0 ], [ 13144.536388541779161, 53946.873666293628048, 0.0 ] ] } },
{ "type": "Feature", "properties": { "Layer": "023_MUROS_2", "PaperSpace": null, "SubClasses": null, "Linetype": null, "EntityHandle": "1C1E218D", "Text": null }, "geometry": { "type": "LineString", "coordinates": [ [ 13144.536388541779161, 53946.873666293628048, 0.0 ], [ 12878.600271034529214, 53946.873666293628048, 0.0 ] ] } },
{ "type": "Feature", "properties": { "Layer": "023_MUROS_2", "PaperSpace": null, "SubClasses": null, "Linetype": null, "EntityHandle": "1C1E218F", "Text": null }, "geometry": { "type": "LineString", "coordinates": [ [ 12878.600271034529214, 53946.873666293628048, 0.0 ], [ 12878.600271034529214, 51573.905233148936532, 0.0 ] ] } },
{ "type": "Feature", "properties": { "Layer": "023_MUROS_2", "PaperSpace": null, "SubClasses": null, "Linetype": null, "EntityHandle": "1C1E2190", "Text": null }, "geometry": { "type": "LineString", "coordinates": [ [ 12878.600271034529214, 51573.905233148936532, 0.0 ], [ 8439.512771099813108, 51573.905233148936532, 0.0 ] ] } },
{ "type": "Feature", "properties": { "Layer": "023_MUROS_2", "PaperSpace": null, "SubClasses": null, "Linetype": null, "EntityHandle": "1C1E2192", "Text": null }, "geometry": { "type": "LineString", "coordinates": [ [ 8439.512771099813108, 51573.905233148936532, 0.0 ], [ 6285.39013682759105, 47809.886339194898028, 0.0 ] ] } },
{ "type": "Feature", "properties": { "Layer": "023_MUROS_2", "PaperSpace": null, "SubClasses": null, "Linetype": null, "EntityHandle": "1C1E2194", "Text": null }, "geometry": { "type": "LineString", "coordinates": [ [ 16335.769798632989477, 53946.873666293628048, 0.0 ], [ 16438.052920751211786, 53946.873666293628048, 0.0 ] ] } },
{ "type": "Feature", "properties": { "Layer": "023_MUROS_2", "PaperSpace": null, "SubClasses": null, "Linetype": null, "EntityHandle": "1C1E2195", "Text": null }, "geometry": { "type": "LineString", "coordinates": [ [ 16438.052920751211786, 53946.873666293628048, 0.0 ], [ 16438.052920751211786, 53742.307422056983341, 0.0 ] ] } },
{ "type": "Feature", "properties": { "Layer": "023_MUROS_2", "PaperSpace": null, "SubClasses": null, "Linetype": null, "EntityHandle": "1C1E2196", "Text": null }, "geometry": { "type": "LineString", "coordinates": [ [ 16438.052920751211786, 53742.307422056983341, 0.0 ], [ 16335.769798632989477, 53742.307422056983341, 0.0 ] ] } },
{ "type": "Feature", "properties": { "Layer": "023_MUROS_2", "PaperSpace": null, "SubClasses": null, "Linetype": null, "EntityHandle": "1C1E2197", "Text": null }, "geometry": { "type": "LineString", "coordinates": [ [ 16335.769798632989477, 53742.307422056983341, 0.0 ], [ 16335.769798632989477, 53946.873666293628048, 0.0 ] ] } },
{ "type": "Feature", "properties": { "Layer": "023_MUROS_2", "PaperSpace": null, "SubClasses": null, "Linetype": null, "EntityHandle": "1C1E2198", "Text": null }, "geometry": { "type": "LineString", "coordinates": [ [ 19741.797765172461368, 53946.873666293628048, 0.0 ], [ 19844.080887290790997, 53946.873666293628048, 0.0 ] ] } },
{ "type": "Feature", "properties": { "Layer": "023_MUROS_2", "PaperSpace": null, "SubClasses": null, "Linetype": null, "EntityHandle": "1C1E2199", "Text": null }, "geometry": { "type": "LineString", "coordinates": [ [ 19844.080887290790997, 53946.873666293628048, 0.0 ], [ 19844.080887290790997, 53844.590544175167452, 0.0 ] ] } },
{ "type": "Feature", "properties": { "Layer": "023_MUROS_2", "PaperSpace": null, "SubClasses": null, "Linetype": null, "EntityHandle": "1C1E219A", "Text": null }, "geometry": { "type": "LineString", "coordinates": [ [ 19844.080887290790997, 53844.590544175167452, 0.0 ], [ 19741.797765172461368, 53844.590544175167452, 0.0 ] ] } },
{ "type": "Feature", "properties": { "Layer": "023_MUROS_2", "PaperSpace": null, "SubClasses": null, "Linetype": null, "EntityHandle": "1C1E219B", "Text": null }, "geometry": { "type": "LineString", "coordinates": [ [ 19741.797765172461368, 53844.590544175167452, 0.0 ], [ 19741.797765172461368, 53946.873666293628048, 0.0 ] ] } },
{ "type": "Feature", "properties": { "Layer": "023_MUROS_2", "PaperSpace": null, "SubClasses": null, "Linetype": null, "EntityHandle": "1C1E21A7", "Text": null }, "geometry": { "type": "LineString", "coordinates": [ [ 93410.153557202240336, 18587.598349995019817, 0.0 ], [ 93410.153557202240336, 16736.273839653731557, 0.0 ] ] } },
{ "type": "Feature", "properties": { "Layer": "023_MUROS_2", "PaperSpace": null, "SubClasses": null, "Linetype": null, "EntityHandle": "1C1E21A9", "Text": null }, "geometry": { "type": "LineString", "coordinates": [ [ 93553.34992816785234, 19753.625942143811699, 0.0 ], [ 93553.34992816785234, 16593.077468688210502, 0.0 ] ] } },
{ "type": "Feature", "properties": { "Layer": "023_MUROS_2", "PaperSpace": null, "SubClasses": null, "Linetype": null, "EntityHandle": "1C1E21AA", "Text": null }, "geometry": { "type": "LineString", "coordinates": [ [ 93410.153557202240336, 16736.273839653731557, 0.0 ], [ 91691.797105614357861, 16736.273839653731557, 0.0 ] ] } },
{ "type": "Feature", "properties": { "Layer": "023_MUROS_2", "PaperSpace": null, "SubClasses": null, "Linetype": null, "EntityHandle": "1C1E21AB", "Text": null }, "geometry": { "type": "LineString", "coordinates": [ [ 93410.153557202240336, 18587.598349995019817, 0.0 ], [ 92765.76988785690628, 18587.598349995019817, 0.0 ] ] } },
{ "type": "Feature", "properties": { "Layer": "023_MUROS_2", "PaperSpace": null, "SubClasses": null, "Linetype": null, "EntityHandle": "1C1E21AC", "Text": null }, "geometry": { "type": "LineString", "coordinates": [ [ 92765.76988785690628, 18587.598349995019817, 0.0 ], [ 92765.76988785690628, 18730.794720960730046, 0.0 ] ] } },
{ "type": "Feature", "properties": { "Layer": "023_MUROS_2", "PaperSpace": null, "SubClasses": null, "Linetype": null, "EntityHandle": "1C1E21AD", "Text": null }, "geometry": { "type": "LineString", "coordinates": [ [ 92765.76988785690628, 18730.794720960730046, 0.0 ], [ 93410.153557202240336, 18730.794720960730046, 0.0 ] ] } },
{ "type": "Feature", "properties": { "Layer": "023_MUROS_2", "PaperSpace": null, "SubClasses": null, "Linetype": null, "EntityHandle": "1C1E21AF", "Text": null }, "geometry": { "type": "LineString", "coordinates": [ [ 93410.153557202240336, 18730.794720960730046, 0.0 ], [ 93410.153557202240336, 19753.625942143811699, 0.0 ] ] } },
{ "type": "Feature", "properties": { "Layer": "023_MUROS_2", "PaperSpace": null, "SubClasses": null, "Linetype": null, "EntityHandle": "1C1E21B0", "Text": null }, "geometry": { "type": "LineString", "coordinates": [ [ 93410.153557202240336, 19753.625942143811699, 0.0 ], [ 93553.34992816785234, 19753.625942143811699, 0.0 ] ] } },
{ "type": "Feature", "properties": { "Layer": "023_MUROS_2", "PaperSpace": null, "SubClasses": null, "Linetype": null, "EntityHandle": "1C1E21B1", "Text": null }, "geometry": { "type": "LineString", "coordinates": [ [ 93410.153557202240336, 20704.858977844200126, 0.0 ], [ 93553.34992816785234, 20704.858977844200126, 0.0 ] ] } },
{ "type": "Feature", "properties": { "Layer": "023_MUROS_2", "PaperSpace": null, "SubClasses": null, "Linetype": null, "EntityHandle": "1C1E21B2", "Text": null }, "geometry": { "type": "LineString", "coordinates": [ [ 93410.153557202240336, 20919.653534292621771, 0.0 ], [ 93553.34992816785234, 20919.653534292621771, 0.0 ] ] } },
{ "type": "Feature", "properties": { "Layer": "023_MUROS_2", "PaperSpace": null, "SubClasses": null, "Linetype": null, "EntityHandle": "1C1E21B3", "Text": null }, "geometry": { "type": "LineString", "coordinates": [ [ 91691.797105614357861, 16736.273839653731557, 0.0 ], [ 91691.797105614357861, 18730.794720960730046, 0.0 ] ] } },
{ "type": "Feature", "properties": { "Layer": "023_MUROS_2", "PaperSpace": null, "SubClasses": null, "Linetype": null, "EntityHandle": "1C1E21B4", "Text": null }, "geometry": { "type": "LineString", "coordinates": [ [ 91548.600734648513026, 16736.273839653731557, 0.0 ], [ 91548.600734648862272, 18730.794720960730046, 0.0 ] ] } },
{ "type": "Feature", "properties": { "Layer": "023_MUROS_2", "PaperSpace": null, "SubClasses": null, "Linetype": null, "EntityHandle": "1C1E21B6", "Text": null }, "geometry": { "type": "LineString", "coordinates": [ [ 90300.74664480559295, 18628.511598842549574, 0.0 ], [ 90300.74664480559295, 18730.794720960901032, 0.0 ] ] } },
{ "type": "Feature", "properties": { "Layer": "023_MUROS_2", "PaperSpace": null, "SubClasses": null, "Linetype": null, "EntityHandle": "1C1E21B7", "Text": null }, "geometry": { "type": "LineString", "coordinates": [ [ 86618.554248546250165, 18628.511598842549574, 0.0 ], [ 86618.554248546250165, 18730.794720960901032, 0.0 ] ] } },
{ "type": "Feature", "properties": { "Layer": "023_MUROS_2", "PaperSpace": null, "SubClasses": null, "Linetype": null, "EntityHandle": "1C1E21B8", "Text": null }, "geometry": { "type": "LineString", "coordinates": [ [ 89635.90635103614477, 15457.734813174880401, 0.0 ], [ 89635.90635103614477, 16593.077468688210502, 0.0 ] ] } },
{ "type": "Feature", "properties": { "Layer": "023_MUROS_2", "PaperSpace": null, "SubClasses": null, "Linetype": null, "EntityHandle": "1C1E21B9", "Text": null }, "geometry": { "type": "LineString", "coordinates": [ [ 89635.90635103614477, 16736.273839653909818, 0.0 ], [ 89635.906351036610431, 18628.511598842549574, 0.0 ] ] } },
{ "type": "Feature", "properties": { "Layer": "023_MUROS_2", "PaperSpace": null, "SubClasses": null, "Linetype": null, "EntityHandle": "1C1E21BA", "Text": null }, "geometry": { "type": "LineString", "coordinates": [ [ 89492.709980070067104, 15600.931184140619735, 0.0 ], [ 89492.709980071114842, 18628.511598842549574, 0.0 ] ] } },
{ "type": "Feature", "properties": { "Layer": "023_MUROS_2", "PaperSpace": null, "SubClasses": null, "Linetype": null, "EntityHandle": "1C1E21BC", "Text": null }, "geometry": { "type": "LineString", "coordinates": [ [ 91691.797105614357861, 18730.794720960730046, 0.0 ], [ 91548.600734649327933, 18730.794720960730046, 0.0 ] ] } },
{ "type": "Feature", "properties": { "Layer": "023_MUROS_2", "PaperSpace": null, "SubClasses": null, "Linetype": null, "EntityHandle": "1C1E21BD", "Text": null }, "geometry": { "type": "LineString", "coordinates": [ [ 91548.600734648513026, 16736.273839653731557, 0.0 ], [ 89635.90635103614477, 16736.273839653909818, 0.0 ] ] } },
{ "type": "Feature", "properties": { "Layer": "023_MUROS_2", "PaperSpace": null, "SubClasses": null, "Linetype": null, "EntityHandle": "1C1E21BE", "Text": null }, "geometry": { "type": "LineString", "coordinates": [ [ 90300.74664480559295, 18628.511598842549574, 0.0 ], [ 89635.906351036610431, 18628.511598842549574, 0.0 ] ] } },
{ "type": "Feature", "properties": { "Layer": "023_MUROS_2", "PaperSpace": null, "SubClasses": null, "Linetype": null, "EntityHandle": "1C1E21BF", "Text": null }, "geometry": { "type": "LineString", "coordinates": [ [ 86618.554248546250165, 18730.794720960901032, 0.0 ], [ 90300.74664480559295, 18730.794720960901032, 0.0 ] ] } },
{ "type": "Feature", "properties": { "Layer": "023_MUROS_2", "PaperSpace": null, "SubClasses": null, "Linetype": null, "EntityHandle": "1C1E21C0", "Text": null }, "geometry": { "type": "LineString", "coordinates": [ [ 86598.097624123067362, 20674.17404120890933, 0.0 ], [ 87457.275849916535662, 20674.17404120890933, 0.0 ] ] } },
{ "type": "Feature", "properties": { "Layer": "023_MUROS_2", "PaperSpace": null, "SubClasses": null, "Linetype": null, "EntityHandle": "1C1E21C1", "Text": null }, "geometry": { "type": "LineString", "coordinates": [ [ 88070.974582626178744, 20674.17404120890933, 0.0 ], [ 88295.997451286835712, 20674.17404120890933, 0.0 ] ] } },
{ "type": "Feature", "properties": { "Layer": "023_MUROS_2", "PaperSpace": null, "SubClasses": null, "Linetype": null, "EntityHandle": "1C1E21C2", "Text": null }, "geometry": { "type": "LineString", "coordinates": [ [ 86598.097624123067362, 20725.31560226808142, 0.0 ], [ 87457.275849916535662, 20725.31560226808142, 0.0 ] ] } },
{ "type": "Feature", "properties": { "Layer": "023_MUROS_2", "PaperSpace": null, "SubClasses": null, "Linetype": null, "EntityHandle": "1C1E21C3", "Text": null }, "geometry": { "type": "LineString", "coordinates": [ [ 88070.974582626178744, 20725.31560226808142, 0.0 ], [ 88295.997451286835712, 20725.31560226808142, 0.0 ] ] } },
{ "type": "Feature", "properties": { "Layer": "023_MUROS_2", "PaperSpace": null, "SubClasses": null, "Linetype": null, "EntityHandle": "1C1E21C4", "Text": null }, "geometry": { "type": "LineString", "coordinates": [ [ 89492.709980070067104, 15600.931184140619735, 0.0 ], [ 89441.568419011658989, 15600.931184140619735, 0.0 ] ] } },
{ "type": "Feature", "properties": { "Layer": "023_MUROS_2", "PaperSpace": null, "SubClasses": null, "Linetype": null, "EntityHandle": "1C1E21C5", "Text": null }, "geometry": { "type": "LineString", "coordinates": [ [ 89441.568419011658989, 15600.931184140619735, 0.0 ], [ 89441.568419011658989, 15457.734813174880401, 0.0 ] ] } },
{ "type": "Feature", "properties": { "Layer": "023_MUROS_2", "PaperSpace": null, "SubClasses": null, "Linetype": null, "EntityHandle": "1C1E21C6", "Text": null }, "geometry": { "type": "LineString", "coordinates": [ [ 88060.746270414703758, 15600.931184140619735, 0.0 ], [ 88060.746270414703758, 15457.734813174880401, 0.0 ] ] } },
{ "type": "Feature", "properties": { "Layer": "023_MUROS_2", "PaperSpace": null, "SubClasses": null, "Linetype": null, "EntityHandle": "1C1E21C7", "Text": null }, "geometry": { "type": "LineString", "coordinates": [ [ 89635.90635103614477, 16593.077468688210502, 0.0 ], [ 93553.34992816785234, 16593.077468688210502, 0.0 ] ] } },
{ "type": "Feature", "properties": { "Layer": "023_MUROS_2", "PaperSpace": null, "SubClasses": null, "Linetype": null, "EntityHandle": "1C1E21CA", "Text": null }, "geometry": { "type": "LineString", "coordinates": [ [ 87150.426483561896021, 15600.931184141019912, 0.0 ], [ 87150.426483561896021, 15457.734813175289673, 0.0 ] ] } },
{ "type": "Feature", "properties": { "Layer": "023_MUROS_2", "PaperSpace": null, "SubClasses": null, "Linetype": null, "EntityHandle": "1C1E21CC", "Text": null }, "geometry": { "type": "LineString", "coordinates": [ [ 87150.426483561896021, 15600.931184141019912, 0.0 ], [ 88060.746270414703758, 15600.931184141019912, 0.0 ] ] } },
{ "type": "Feature", "properties": { "Layer": "023_MUROS_2", "PaperSpace": null, "SubClasses": null, "Linetype": null, "EntityHandle": "1C1E21CE", "Text": null }, "geometry": { "type": "LineString", "coordinates": [ [ 88060.746270414703758, 15457.734813174880401, 0.0 ], [ 87150.426483561896021, 15457.734813174880401, 0.0 ] ] } },
{ "type": "Feature", "properties": { "Layer": "023_MUROS_2", "PaperSpace": null, "SubClasses": null, "Linetype": null, "EntityHandle": "1C1E21D5", "Text": null }, "geometry": { "type": "LineString", "coordinates": [ [ 89492.709980071114842, 18628.511598842549574, 0.0 ], [ 86618.554248546250165, 18628.511598842549574, 0.0 ] ] } },
{ "type": "Feature", "properties": { "Layer": "023_MUROS_2", "PaperSpace": null, "SubClasses": null, "Linetype": null, "EntityHandle": "1C1E21D6", "Text": null }, "geometry": { "type": "LineString", "coordinates": [ [ 89441.568419011658989, 15457.734813174880401, 0.0 ], [ 89635.90635103614477, 15457.734813174880401, 0.0 ] ] } },
{ "type": "Feature", "properties": { "Layer": "023_MUROS_2", "PaperSpace": null, "SubClasses": null, "Linetype": null, "EntityHandle": "1C1E21D7", "Text": null }, "geometry": { "type": "LineString", "coordinates": [ [ 93410.153557202240336, 20919.653534292621771, 0.0 ], [ 93410.153557202240336, 20704.858977844200126, 0.0 ] ] } },
{ "type": "Feature", "properties": { "Layer": "023_MUROS_2", "PaperSpace": null, "SubClasses": null, "Linetype": null, "EntityHandle": "1C1E21DB", "Text": null }, "geometry": { "type": "LineString", "coordinates": [ [ 93553.34992816785234, 20704.858977844200126, 0.0 ], [ 93553.34992816785234, 20919.653534292621771, 0.0 ] ] } },
{ "type": "Feature", "properties": { "Layer": "023_MUROS_2", "PaperSpace": null, "SubClasses": null, "Linetype": null, "EntityHandle": "1C1E21E1", "Text": null }, "geometry": { "type": "LineString", "coordinates": [ [ 87457.275849916535662, 20725.31560226808142, 0.0 ], [ 87457.275849916535662, 20674.17404120890933, 0.0 ] ] } },
{ "type": "Feature", "properties": { "Layer": "023_MUROS_2", "PaperSpace": null, "SubClasses": null, "Linetype": null, "EntityHandle": "1C1E21E2", "Text": null }, "geometry": { "type": "LineString", "coordinates": [ [ 88070.974582626178744, 20725.31560226808142, 0.0 ], [ 88070.974582626178744, 20674.17404120890933, 0.0 ] ] } },
{ "type": "Feature", "properties": { "Layer": "023_MUROS_2", "PaperSpace": null, "SubClasses": null, "Linetype": null, "EntityHandle": "1C1E21ED", "Text": null }, "geometry": { "type": "LineString", "coordinates": [ [ 88439.193822252331302, 20674.17404120890933, 0.0 ], [ 89298.372048045814154, 20674.17404120890933, 0.0 ] ] } },
{ "type": "Feature", "properties": { "Layer": "023_MUROS_2", "PaperSpace": null, "SubClasses": null, "Linetype": null, "EntityHandle": "1C1E21EE", "Text": null }, "geometry": { "type": "LineString", "coordinates": [ [ 89912.07078075602476, 20674.17404120890933, 0.0 ], [ 90137.093649415983236, 20674.17404120890933, 0.0 ] ] } },
{ "type": "Feature", "properties": { "Layer": "023_MUROS_2", "PaperSpace": null, "SubClasses": null, "Linetype": null, "EntityHandle": "1C1E21EF", "Text": null }, "geometry": { "type": "LineString", "coordinates": [ [ 88439.193822252331302, 20725.31560226808142, 0.0 ], [ 89298.372048045814154, 20725.31560226808142, 0.0 ] ] } },
{ "type": "Feature", "properties": { "Layer": "023_MUROS_2", "PaperSpace": null, "SubClasses": null, "Linetype": null, "EntityHandle": "1C1E21F0", "Text": null }, "geometry": { "type": "LineString", "coordinates": [ [ 89912.07078075602476, 20725.31560226808142, 0.0 ], [ 90137.093649415983236, 20725.31560226808142, 0.0 ] ] } },
{ "type": "Feature", "properties": { "Layer": "023_MUROS_2", "PaperSpace": null, "SubClasses": null, "Linetype": null, "EntityHandle": "1C1E21F1", "Text": null }, "geometry": { "type": "LineString", "coordinates": [ [ 89298.372048045814154, 20725.31560226808142, 0.0 ], [ 89298.372048045814154, 20674.17404120890933, 0.0 ] ] } },
{ "type": "Feature", "properties": { "Layer": "023_MUROS_2", "PaperSpace": null, "SubClasses": null, "Linetype": null, "EntityHandle": "1C1E21F2", "Text": null }, "geometry": { "type": "LineString", "coordinates": [ [ 89912.07078075602476, 20725.31560226808142, 0.0 ], [ 89912.07078075602476, 20674.17404120890933, 0.0 ] ] } },
{ "type": "Feature", "properties": { "Layer": "023_MUROS_2", "PaperSpace": null, "SubClasses": null, "Linetype": null, "EntityHandle": "1C1E21F3", "Text": null }, "geometry": { "type": "LineString", "coordinates": [ [ 92285.039213900483446, 21103.76315410567986, 0.0 ], [ 92285.039213900483446, 21226.502900647570641, 0.0 ] ] } },
{ "type": "Feature", "properties": { "Layer": "023_MUROS_2", "PaperSpace": null, "SubClasses": null, "Linetype": null, "EntityHandle": "1C1E21F4", "Text": null }, "geometry": { "type": "LineString", "coordinates": [ [ 92428.235584866444697, 21103.763154105909052, 0.0 ], [ 92428.235584866444697, 21226.502900647570641, 0.0 ] ] } },
{ "type": "Feature", "properties": { "Layer": "023_MUROS_2", "PaperSpace": null, "SubClasses": null, "Linetype": null, "EntityHandle": "1C1E21FF", "Text": null }, "geometry": { "type": "LineString", "coordinates": [ [ 90280.290020381478826, 19774.082566567660251, 0.0 ], [ 92285.039213900483446, 19774.082566567660251, 0.0 ] ] } },
{ "type": "Feature", "properties": { "Layer": "023_MUROS_2", "PaperSpace": null, "SubClasses": null, "Linetype": null, "EntityHandle": "1C1E2200", "Text": null }, "geometry": { "type": "LineString", "coordinates": [ [ 92285.039213900483446, 21103.76315410567986, 0.0 ], [ 92428.235584866444697, 21103.76315410567986, 0.0 ] ] } },
{ "type": "Feature", "properties": { "Layer": "023_MUROS_2", "PaperSpace": null, "SubClasses": null, "Linetype": null, "EntityHandle": "1C1E2201", "Text": null }, "geometry": { "type": "LineString", "coordinates": [ [ 92285.039213900483446, 21226.502900647570641, 0.0 ], [ 92428.235584866444697, 21226.502900647570641, 0.0 ] ] } },
{ "type": "Feature", "properties": { "Layer": "023_MUROS_2", "PaperSpace": null, "SubClasses": null, "Linetype": null, "EntityHandle": "1C1E220D", "Text": null }, "geometry": { "type": "LineString", "coordinates": [ [ 62633.162111802732397, 16649.333185852850875, 0.0 ], [ 62530.878989684053522, 16649.333185852639872, 0.0 ] ] } },
{ "type": "Feature", "properties": { "Layer": "023_MUROS_2", "PaperSpace": null, "SubClasses": null, "Linetype": null, "EntityHandle": "1C1E2220", "Text": null }, "geometry": { "type": "LineString", "coordinates": [ [ 89454.816068074593204, 48341.758574211657105, 0.0 ], [ 89768.874409790412756, 48341.758574211657105, 0.0 ] ] } },
{ "type": "Feature", "properties": { "Layer": "023_MUROS_2", "PaperSpace": null, "SubClasses": null, "Linetype": null, "EntityHandle": "1C1E2233", "Text": null }, "geometry": { "type": "LineString", "coordinates": [ [ 43444.848402408722905, 22658.466610303239577, 0.0 ], [ 43444.848402408722905, 22607.32504924442037, 0.0 ] ] } },
{ "type": "Feature", "properties": { "Layer": "023_MUROS_2", "PaperSpace": null, "SubClasses": null, "Linetype": null, "EntityHandle": "1C1E2234", "Text": null }, "geometry": { "type": "LineString", "coordinates": [ [ 44160.83025723692117, 22658.466610303239577, 0.0 ], [ 44160.83025723692117, 22607.32504924442037, 0.0 ] ] } },
{ "type": "Feature", "properties": { "Layer": "023_MUROS_2", "PaperSpace": null, "SubClasses": null, "Linetype": null, "EntityHandle": "1C1E223B", "Text": null }, "geometry": { "type": "LineString", "coordinates": [ [ 6111.508829226393573, 16664.675654171420319, 0.0 ], [ 6111.508829226393573, 16756.730464076888893, 0.0 ] ] } },
{ "type": "Feature", "properties": { "Layer": "023_MUROS_2", "PaperSpace": null, "SubClasses": null, "Linetype": null, "EntityHandle": "1C1E223C", "Text": null }, "geometry": { "type": "LineString", "coordinates": [ [ 5947.855833836783859, 15723.670930681899335, 0.0 ], [ 6111.508829226393573, 15723.670930681899335, 0.0 ] ] } },
{ "type": "Feature", "properties": { "Layer": "023_MUROS_2", "PaperSpace": null, "SubClasses": null, "Linetype": null, "EntityHandle": "1C1E223D", "Text": null }, "geometry": { "type": "LineString", "coordinates": [ [ 6111.508829226393573, 15744.127555105940701, 0.0 ], [ 6111.508829226393573, 15723.670930681899335, 0.0 ] ] } },
{ "type": "Feature", "properties": { "Layer": "023_MUROS_2", "PaperSpace": null, "SubClasses": null, "Linetype": null, "EntityHandle": "1C1E223E", "Text": null }, "geometry": { "type": "LineString", "coordinates": [ [ 5947.855833836783859, 16756.730464076888893, 0.0 ], [ 6111.508829226393573, 16756.730464076888893, 0.0 ] ] } },
{ "type": "Feature", "properties": { "Layer": "023_MUROS_2", "PaperSpace": null, "SubClasses": null, "Linetype": null, "EntityHandle": "1C1E2247", "Text": null }, "geometry": { "type": "LineString", "coordinates": [ [ 5947.855833836783859, 15723.670930681899335, 0.0 ], [ 5947.855833836783859, 14240.565659966490784, 0.0 ] ] } },
{ "type": "Feature", "properties": { "Layer": "023_MUROS_2", "PaperSpace": null, "SubClasses": null, "Linetype": null, "EntityHandle": "1C1E2248", "Text": null }, "geometry": { "type": "LineString", "coordinates": [ [ 5947.855833836783859, 16756.730464076888893, 0.0 ], [ 5947.855833836783859, 19610.429571177668549, 0.0 ] ] } },
{ "type": "Feature", "properties": { "Layer": "023_MUROS_2", "PaperSpace": null, "SubClasses": null, "Linetype": null, "EntityHandle": "1C1E2249", "Text": null }, "geometry": { "type": "LineString", "coordinates": [ [ 6622.92443981793258, 21973.169692110499454, 0.0 ], [ 6622.92443981793258, 22607.325049243929243, 0.0 ] ] } },
{ "type": "Feature", "properties": { "Layer": "023_MUROS_2", "PaperSpace": null, "SubClasses": null, "Linetype": null, "EntityHandle": "1C1E224A", "Text": null }, "geometry": { "type": "LineString", "coordinates": [ [ 6622.92443981793258, 22607.325049243929243, 0.0 ], [ 8433.335701312314995, 22607.325049246661365, 0.0 ] ] } },
{ "type": "Feature", "properties": { "Layer": "023_MUROS_2", "PaperSpace": null, "SubClasses": null, "Linetype": null, "EntityHandle": "1C1E224B", "Text": null }, "geometry": { "type": "LineString", "coordinates": [ [ 8433.335701312314995, 22607.325049246661365, 0.0 ], [ 8433.335701312314995, 22658.466610305800714, 0.0 ] ] } },
{ "type": "Feature", "properties": { "Layer": "023_MUROS_2", "PaperSpace": null, "SubClasses": null, "Linetype": null, "EntityHandle": "1C1E224C", "Text": null }, "geometry": { "type": "LineString", "coordinates": [ [ 8433.335701312314995, 22658.466610305800714, 0.0 ], [ 6592.239503181768669, 22658.466610303239577, 0.0 ] ] } },
{ "type": "Feature", "properties": { "Layer": "023_MUROS_2", "PaperSpace": null, "SubClasses": null, "Linetype": null, "EntityHandle": "1C1E224E", "Text": null }, "geometry": { "type": "LineString", "coordinates": [ [ 6592.239503181768669, 22658.466610303239577, 0.0 ], [ 6592.239503181768669, 23221.023781953630532, 0.0 ] ] } },
{ "type": "Feature", "properties": { "Layer": "023_MUROS_2", "PaperSpace": null, "SubClasses": null, "Linetype": null, "EntityHandle": "1C1E224F", "Text": null }, "geometry": { "type": "LineString", "coordinates": [ [ 6387.67325894510941, 22822.119605692638288, 0.0 ], [ 6387.67325894510941, 22658.466610303239577, 0.0 ] ] } },
{ "type": "Feature", "properties": { "Layer": "023_MUROS_2", "PaperSpace": null, "SubClasses": null, "Linetype": null, "EntityHandle": "1C1E2250", "Text": null }, "geometry": { "type": "LineString", "coordinates": [ [ 6387.67325894510941, 22658.466610303239577, 0.0 ], [ 5947.855833836783859, 22658.466610303239577, 0.0 ] ] } },
{ "type": "Feature", "properties": { "Layer": "023_MUROS_2", "PaperSpace": null, "SubClasses": null, "Linetype": null, "EntityHandle": "1C1E2251", "Text": null }, "geometry": { "type": "LineString", "coordinates": [ [ 5947.855833836783859, 22658.466610303239577, 0.0 ], [ 5947.855833837250429, 21318.557710553399374, 0.0 ] ] } },
{ "type": "Feature", "properties": { "Layer": "023_MUROS_2", "PaperSpace": null, "SubClasses": null, "Linetype": null, "EntityHandle": "1C1E2252", "Text": null }, "geometry": { "type": "LineString", "coordinates": [ [ 5947.855833837250429, 21318.557710553399374, 0.0 ], [ 6316.075073462936416, 21318.557710553399374, 0.0 ] ] } },
{ "type": "Feature", "properties": { "Layer": "023_MUROS_2", "PaperSpace": null, "SubClasses": null, "Linetype": null, "EntityHandle": "1C1E2253", "Text": null }, "geometry": { "type": "LineString", "coordinates": [ [ 6316.075073462936416, 21318.557710553399374, 0.0 ], [ 6316.075073462936416, 21973.169692110499454, 0.0 ] ] } },
{ "type": "Feature", "properties": { "Layer": "023_MUROS_2", "PaperSpace": null, "SubClasses": null, "Linetype": null, "EntityHandle": "1C1E2255", "Text": null }, "geometry": { "type": "LineString", "coordinates": [ [ 6316.075073462936416, 21973.169692110499454, 0.0 ], [ 6622.92443981793258, 21973.169692110499454, 0.0 ] ] } },
{ "type": "Feature", "properties": { "Layer": "023_MUROS_2", "PaperSpace": null, "SubClasses": null, "Linetype": null, "EntityHandle": "1C1E2256", "Text": null }, "geometry": { "type": "LineString", "coordinates": [ [ 8439.512771099813108, 51573.905233148936532, 0.0 ], [ 6285.39013682759105, 47809.886339194898028, 0.0 ] ] } },
{ "type": "Feature", "properties": { "Layer": "023_MUROS_2", "PaperSpace": null, "SubClasses": null, "Linetype": null, "EntityHandle": "1C1E2257", "Text": null }, "geometry": { "type": "LineString", "coordinates": [ [ 35875.897365653363522, 18505.771852299931197, 0.0 ], [ 38668.226599483190512, 18505.771852300280443, 0.0 ] ] } },
{ "type": "Feature", "properties": { "Layer": "023_MUROS_2", "PaperSpace": null, "SubClasses": null, "Linetype": null, "EntityHandle": "1C1E2258", "Text": null }, "geometry": { "type": "LineString", "coordinates": [ [ 38668.226599483190512, 18505.771852300280443, 0.0 ], [ 38668.226599483190512, 20408.237923700678948, 0.0 ] ] } },
{ "type": "Feature", "properties": { "Layer": "023_MUROS_2", "PaperSpace": null, "SubClasses": null, "Linetype": null, "EntityHandle": "1C1E2259", "Text": null }, "geometry": { "type": "LineString", "coordinates": [ [ 38668.226599483190512, 20408.237923700678948, 0.0 ], [ 38770.509721601527417, 20408.237923700678948, 0.0 ] ] } },
{ "type": "Feature", "properties": { "Layer": "023_MUROS_2", "PaperSpace": null, "SubClasses": null, "Linetype": null, "EntityHandle": "1C1E225A", "Text": null }, "geometry": { "type": "LineString", "coordinates": [ [ 38770.509721601527417, 20408.237923700678948, 0.0 ], [ 38770.509721601527417, 18505.771852300280443, 0.0 ] ] } },
{ "type": "Feature", "properties": { "Layer": "023_MUROS_2", "PaperSpace": null, "SubClasses": null, "Linetype": null, "EntityHandle": "1C1E225B", "Text": null }, "geometry": { "type": "LineString", "coordinates": [ [ 38770.509721601527417, 18505.771852300280443, 0.0 ], [ 42708.409923156410514, 18505.771852300280443, 0.0 ] ] } },
{ "type": "Feature", "properties": { "Layer": "023_MUROS_2", "PaperSpace": null, "SubClasses": null, "Linetype": null, "EntityHandle": "1C1E225C", "Text": null }, "geometry": { "type": "LineString", "coordinates": [ [ 42708.409923156410514, 18505.771852300280443, 0.0 ], [ 42708.409923154897115, 19088.785648374479933, 0.0 ] ] } },
{ "type": "Feature", "properties": { "Layer": "023_MUROS_2", "PaperSpace": null, "SubClasses": null, "Linetype": null, "EntityHandle": "1C1E225D", "Text": null }, "geometry": { "type": "LineString", "coordinates": [ [ 42708.409923154897115, 19088.785648374479933, 0.0 ], [ 42841.377981910212839, 19088.78564837472004, 0.0 ] ] } },
{ "type": "Feature", "properties": { "Layer": "023_MUROS_2", "PaperSpace": null, "SubClasses": null, "Linetype": null, "EntityHandle": "1C1E225E", "Text": null }, "geometry": { "type": "LineString", "coordinates": [ [ 42841.377981910212839, 19088.78564837472004, 0.0 ], [ 42841.377981910212839, 18986.502526256328565, 0.0 ] ] } },
{ "type": "Feature", "properties": { "Layer": "023_MUROS_2", "PaperSpace": null, "SubClasses": null, "Linetype": null, "EntityHandle": "1C1E225F", "Text": null }, "geometry": { "type": "LineString", "coordinates": [ [ 42841.377981910212839, 18986.502526256328565, 0.0 ], [ 42810.693045274390897, 18986.502526256328565, 0.0 ] ] } },
{ "type": "Feature", "properties": { "Layer": "023_MUROS_2", "PaperSpace": null, "SubClasses": null, "Linetype": null, "EntityHandle": "1C1E2260", "Text": null }, "geometry": { "type": "LineString", "coordinates": [ [ 42810.693045274390897, 18986.502526256328565, 0.0 ], [ 42810.693045274390897, 18454.630291241108353, 0.0 ] ] } },
{ "type": "Feature", "properties": { "Layer": "023_MUROS_2", "PaperSpace": null, "SubClasses": null, "Linetype": null, "EntityHandle": "1C1E2261", "Text": null }, "geometry": { "type": "LineString", "coordinates": [ [ 42810.693045274390897, 18454.630291241108353, 0.0 ], [ 35875.897365653363522, 18454.630291241108353, 0.0 ] ] } },
{ "type": "Feature", "properties": { "Layer": "023_MUROS_2", "PaperSpace": null, "SubClasses": null, "Linetype": null, "EntityHandle": "1C1E2262", "Text": null }, "geometry": { "type": "LineString", "coordinates": [ [ 35875.897365653363522, 18454.630291241108353, 0.0 ], [ 35875.897365653363522, 18505.771852299931197, 0.0 ] ] } },
{ "type": "Feature", "properties": { "Layer": "023_MUROS_2", "PaperSpace": null, "SubClasses": null, "Linetype": null, "EntityHandle": "1C1E226F", "Text": null }, "geometry": { "type": "LineString", "coordinates": [ [ 6387.673258945804264, 23221.023781953859725, 0.0 ], [ 6387.67325894510941, 22822.119605692638288, 0.0 ] ] } },
{ "type": "Feature", "properties": { "Layer": "023_MUROS_2", "PaperSpace": null, "SubClasses": null, "Linetype": null, "EntityHandle": "1C1E29B3", "Text": null }, "geometry": { "type": "LineString", "coordinates": [ [ 6592.239503181768669, 23221.023781953768776, 0.0 ], [ 6387.67325894510941, 23221.023781953768776, 0.0 ] ] } },
{ "type": "Feature", "properties": { "Layer": "023_MUROS_2", "PaperSpace": null, "SubClasses": null, "Linetype": null, "EntityHandle": "1C1E2E5B", "Text": null }, "geometry": { "type": "LineString", "coordinates": [ [ 57191.700015108566731, 21369.699271612658777, 0.0 ], [ 58398.640856104786508, 21369.699271612658777, 0.0 ] ] } },
{ "type": "Feature", "properties": { "Layer": "023_MUROS_2", "PaperSpace": null, "SubClasses": null, "Linetype": null, "EntityHandle": "1C1E2E5C", "Text": null }, "geometry": { "type": "LineString", "coordinates": [ [ 59114.62271093288291, 21369.699271612480516, 0.0 ], [ 59135.079335356982483, 21369.699271612480516, 0.0 ] ] } },
{ "type": "Feature", "properties": { "Layer": "023_MUROS_2", "PaperSpace": null, "SubClasses": null, "Linetype": null, "EntityHandle": "1C1E2E5D", "Text": null }, "geometry": { "type": "LineString", "coordinates": [ [ 59186.220896415732568, 21369.699271612480516, 0.0 ], [ 60127.225619904362247, 21369.699271612658777, 0.0 ] ] } },
{ "type": "Feature", "properties": { "Layer": "023_MUROS_2", "PaperSpace": null, "SubClasses": null, "Linetype": null, "EntityHandle": "1C1E2E5E", "Text": null }, "geometry": { "type": "LineString", "coordinates": [ [ 57191.700015108566731, 21267.416149494350975, 0.0 ], [ 58398.640856104786508, 21267.416149494438287, 0.0 ] ] } },
{ "type": "Feature", "properties": { "Layer": "023_MUROS_2", "PaperSpace": null, "SubClasses": null, "Linetype": null, "EntityHandle": "1C1E2E5F", "Text": null }, "geometry": { "type": "LineString", "coordinates": [ [ 59114.62271093288291, 21267.41614949417999, 0.0 ], [ 60127.225619904362247, 21267.416149494350975, 0.0 ] ] } },
{ "type": "Feature", "properties": { "Layer": "023_MUROS_2", "PaperSpace": null, "SubClasses": null, "Linetype": null, "EntityHandle": "1C1E2E60", "Text": null }, "geometry": { "type": "LineString", "coordinates": [ [ 57600.8325035818998, 22576.640112608700292, 0.0 ], [ 57600.8325035818998, 22658.466610303239577, 0.0 ] ] } },
{ "type": "Feature", "properties": { "Layer": "023_MUROS_2", "PaperSpace": null, "SubClasses": null, "Linetype": null, "EntityHandle": "1C1E2E61", "Text": null }, "geometry": { "type": "LineString", "coordinates": [ [ 58920.28477890790964, 22658.466610303239577, 0.0 ], [ 58920.28477890790964, 22576.640112608929485, 0.0 ] ] } },
{ "type": "Feature", "properties": { "Layer": "023_MUROS_2", "PaperSpace": null, "SubClasses": null, "Linetype": null, "EntityHandle": "1C1E2E62", "Text": null }, "geometry": { "type": "LineString", "coordinates": [ [ 58398.640856104437262, 21267.416149494438287, 0.0 ], [ 58398.640856104437262, 21369.699271612571465, 0.0 ] ] } },
{ "type": "Feature", "properties": { "Layer": "023_MUROS_2", "PaperSpace": null, "SubClasses": null, "Linetype": null, "EntityHandle": "1C1E2E63", "Text": null }, "geometry": { "type": "LineString", "coordinates": [ [ 59114.62271093288291, 21267.416149494438287, 0.0 ], [ 59114.622710933341295, 21369.699271612571465, 0.0 ] ] } },
{ "type": "Feature", "properties": { "Layer": "023_MUROS_2", "PaperSpace": null, "SubClasses": null, "Linetype": null, "EntityHandle": "1C1E2E64", "Text": null }, "geometry": { "type": "LineString", "coordinates": [ [ 59135.07933535639313, 22576.640112608791242, 0.0 ], [ 59135.07933535639313, 22310.703995100819157, 0.0 ] ] } },
{ "type": "Feature", "properties": { "Layer": "023_MUROS_2", "PaperSpace": null, "SubClasses": null, "Linetype": null, "EntityHandle": "1C1E2E65", "Text": null }, "geometry": { "type": "LineString", "coordinates": [ [ 59135.079335357440868, 21523.123954790029529, 0.0 ], [ 59135.079335357440868, 21369.699271612480516, 0.0 ] ] } },
{ "type": "Feature", "properties": { "Layer": "023_MUROS_2", "PaperSpace": null, "SubClasses": null, "Linetype": null, "EntityHandle": "1C1E2E66", "Text": null }, "geometry": { "type": "LineString", "coordinates": [ [ 59186.220896415266907, 22576.640112608791242, 0.0 ], [ 59186.220896415266907, 22310.703995100819157, 0.0 ] ] } },
{ "type": "Feature", "properties": { "Layer": "023_MUROS_2", "PaperSpace": null, "SubClasses": null, "Linetype": null, "EntityHandle": "1C1E2E67", "Text": null }, "geometry": { "type": "LineString", "coordinates": [ [ 59186.220896415732568, 21523.123954790029529, 0.0 ], [ 59186.220896416307369, 21369.699271612480516, 0.0 ] ] } },
{ "type": "Feature", "properties": { "Layer": "023_MUROS_2", "PaperSpace": null, "SubClasses": null, "Linetype": null, "EntityHandle": "1C1E2E68", "Text": null }, "geometry": { "type": "LineString", "coordinates": [ [ 59135.079335357440868, 21523.123954789858544, 0.0 ], [ 59186.220896415732568, 21523.123954789709387, 0.0 ] ] } },
{ "type": "Feature", "properties": { "Layer": "023_MUROS_2", "PaperSpace": null, "SubClasses": null, "Linetype": null, "EntityHandle": "1C1E2E69", "Text": null }, "geometry": { "type": "LineString", "coordinates": [ [ 59135.079335357440868, 22310.703995100819157, 0.0 ], [ 59186.220896414917661, 22310.703995100699103, 0.0 ] ] } },
{ "type": "Feature", "properties": { "Layer": "023_MUROS_2", "PaperSpace": null, "SubClasses": null, "Linetype": "CONTINUOUS", "EntityHandle": "1C1E2E6F", "Text": "ACCESO" }, "geometry": { "type": "Point", "coordinates": [ 34737.527614160237135, 18168.1494317489487, 0.0 ] } },
{ "type": "Feature", "properties": { "Layer": "023_MUROS_2", "PaperSpace": null, "SubClasses": null, "Linetype": "CONTINUOUS", "EntityHandle": "1C1E2E6F", "Text": "PLANTA" }, "geometry": { "type": "Point", "coordinates": [ 34766.260143253050046, 17861.518158568509534, 0.0 ] } },
{ "type": "Feature", "properties": { "Layer": "023_MUROS_2", "PaperSpace": null, "SubClasses": null, "Linetype": null, "EntityHandle": "1C1E2FD6", "Text": null }, "geometry": { "type": "LineString", "coordinates": [ [ 14842.436215705660288, 50019.201776950649219, 0.0 ], [ 14842.436215705660288, 53946.873666293628048, 0.0 ] ] } },
{ "type": "Feature", "properties": { "Layer": "023_MUROS_2", "PaperSpace": null, "SubClasses": null, "Linetype": null, "EntityHandle": "1C1E2FD7", "Text": null }, "geometry": { "type": "LineString", "coordinates": [ [ 14944.719337823760725, 50019.201776950649219, 0.0 ], [ 14944.719337823760725, 53946.873666293628048, 0.0 ] ] } },
{ "type": "Feature", "properties": { "Layer": "023_MUROS_2", "PaperSpace": null, "SubClasses": null, "Linetype": null, "EntityHandle": "1C1E2FD9", "Text": null }, "geometry": { "type": "LineString", "coordinates": [ [ 16737.72552156553138, 50053.233900994600845, 0.0 ], [ 16737.72552156553138, 53817.252794948457449, 0.0 ] ] } },
{ "type": "Feature", "properties": { "Layer": "023_MUROS_2", "PaperSpace": null, "SubClasses": null, "Linetype": null, "EntityHandle": "1C1E2FDB", "Text": null }, "geometry": { "type": "LineString", "coordinates": [ [ 16840.00864368386101, 50053.233900994600845, 0.0 ], [ 16840.00864368386101, 53817.252794948457449, 0.0 ] ] } },
{ "type": "Feature", "properties": { "Layer": "023_MUROS_2", "PaperSpace": null, "SubClasses": null, "Linetype": null, "EntityHandle": "1C1E2FE7", "Text": null }, "geometry": { "type": "LineString", "coordinates": [ [ 14944.719337823760725, 50019.201776950649219, 0.0 ], [ 14842.436215706009534, 50019.201776950852945, 0.0 ] ] } },
{ "type": "Feature", "properties": { "Layer": "023_MUROS_2", "PaperSpace": null, "SubClasses": null, "Linetype": null, "EntityHandle": "1C1E35B4", "Text": null }, "geometry": { "type": "LineString", "coordinates": [ [ 85022.93754350116069, 48239.475452093196509, 0.0 ], [ 85022.93754350116069, 48341.758574211657105, 0.0 ] ] } },
{ "type": "Feature", "properties": { "Layer": "023_MUROS_2", "PaperSpace": null, "SubClasses": null, "Linetype": null, "EntityHandle": "1C1E35B5", "Text": null }, "geometry": { "type": "LineString", "coordinates": [ [ 85841.202520447695861, 48239.475452093196509, 0.0 ], [ 85841.202520447695861, 48341.758574211657105, 0.0 ] ] } },
{ "type": "Feature", "properties": { "Layer": "023_MUROS_2", "PaperSpace": null, "SubClasses": null, "Linetype": null, "EntityHandle": "1C1E35B6", "Text": null }, "geometry": { "type": "LineString", "coordinates": [ [ 85022.93754350116069, 48341.758574211657105, 0.0 ], [ 83887.594887987695984, 48341.758574211657105, 0.0 ] ] } },
{ "type": "Feature", "properties": { "Layer": "023_MUROS_2", "PaperSpace": null, "SubClasses": null, "Linetype": null, "EntityHandle": "1C1E35C8", "Text": null }, "geometry": { "type": "LineString", "coordinates": [ [ 14842.436215705660288, 53946.873666293628048, 0.0 ], [ 14944.719337823760725, 53946.873666293628048, 0.0 ] ] } },
{ "type": "Feature", "properties": { "Layer": "023_MUROS_2", "PaperSpace": null, "SubClasses": null, "Linetype": null, "EntityHandle": "1C1E35CC", "Text": null }, "geometry": { "type": "LineString", "coordinates": [ [ 47302.229181065493322, 14076.912664577610485, 0.0 ], [ 47302.229181065493322, 13974.629542459220829, 0.0 ] ] } },
{ "type": "Feature", "properties": { "Layer": "023_MUROS_2", "PaperSpace": null, "SubClasses": null, "Linetype": null, "EntityHandle": "1C1E35CD", "Text": null }, "geometry": { "type": "LineString", "coordinates": [ [ 56772.33921442306746, 14076.912664577519536, 0.0 ], [ 56772.33921442306746, 13974.629542459220829, 0.0 ] ] } },
{ "type": "Feature", "properties": { "Layer": "023_MUROS_2", "PaperSpace": null, "SubClasses": null, "Linetype": null, "EntityHandle": "1C1E3BEB", "Text": null }, "geometry": { "type": "LineString", "coordinates": [ [ 78967.776714098174125, 16490.794346569960908, 0.0 ], [ 84010.334634529674076, 16490.794346569960908, 0.0 ] ] } },
{ "type": "Feature", "properties": { "Layer": "023_MUROS_2", "PaperSpace": null, "SubClasses": null, "Linetype": null, "EntityHandle": "1C1E3C01", "Text": null }, "geometry": { "type": "LineString", "coordinates": [ [ 84010.334634528626339, 15181.570383455620686, 0.0 ], [ 84951.339358017721679, 15181.570383455620686, 0.0 ] ] } },
{ "type": "Feature", "properties": { "Layer": "023_MUROS_2", "PaperSpace": null, "SubClasses": null, "Linetype": null, "EntityHandle": "1C1E3C02", "Text": null }, "geometry": { "type": "LineString", "coordinates": [ [ 84010.334634528626339, 15079.287261337309246, 0.0 ], [ 85094.535728983333684, 15079.287261337309246, 0.0 ] ] } },
{ "type": "Feature", "properties": { "Layer": "023_MUROS_2", "PaperSpace": null, "SubClasses": null, "Linetype": null, "EntityHandle": "1C1E3C0C", "Text": null }, "geometry": { "type": "LineString", "coordinates": [ [ 83957.895871403292404, 15176.798259578879879, 0.0 ], [ 83957.895871403292404, 15074.092472615970109, 0.0 ] ] } },
{ "type": "Feature", "properties": { "Layer": "023_MUROS_2", "PaperSpace": null, "SubClasses": null, "Linetype": null, "EntityHandle": "1C1E3C10", "Text": null }, "geometry": { "type": "LineString", "coordinates": [ [ 82077.183626493191696, 16695.360590806420078, 0.0 ], [ 78865.493591978913173, 16695.360590806511027, 0.0 ] ] } },
{ "type": "Feature", "properties": { "Layer": "023_MUROS_2", "PaperSpace": null, "SubClasses": null, "Linetype": null, "EntityHandle": "1C1E3C29", "Text": null }, "geometry": { "type": "LineString", "coordinates": [ [ 42782.972893619720708, 57577.924501493216667, 0.0 ], [ 42782.972893619720708, 57475.641379375010729, 0.0 ] ] } },
{ "type": "Feature", "properties": { "Layer": "023_MUROS_2", "PaperSpace": null, "SubClasses": null, "Linetype": null, "EntityHandle": "1C1E3C2A", "Text": null }, "geometry": { "type": "LineString", "coordinates": [ [ 42271.557283028181701, 57577.924501493216667, 0.0 ], [ 42271.557283028181701, 57475.641379375010729, 0.0 ] ] } },
{ "type": "Feature", "properties": { "Layer": "023_MUROS_2", "PaperSpace": null, "SubClasses": null, "Linetype": null, "EntityHandle": "1C1E3CAB", "Text": null }, "geometry": { "type": "LineString", "coordinates": [ [ 83957.895871403292404, 15176.798259578879879, 0.0 ], [ 84010.334634528626339, 15181.570383455620686, 0.0 ] ] } },
{ "type": "Feature", "properties": { "Layer": "023_MUROS_2", "PaperSpace": null, "SubClasses": null, "Linetype": null, "EntityHandle": "1C1E3CAC", "Text": null }, "geometry": { "type": "LineString", "coordinates": [ [ 83957.895871403292404, 15074.092472615970109, 0.0 ], [ 84010.334634528626339, 15078.97404562039992, 0.0 ] ] } },
{ "type": "Feature", "properties": { "Layer": "023_MUROS_2", "PaperSpace": null, "SubClasses": null, "Linetype": null, "EntityHandle": "1C1E3CB9", "Text": null }, "geometry": { "type": "LineString", "coordinates": [ [ 83284.124467489527888, 18628.511598842549574, 0.0 ], [ 83192.069657582906075, 18628.511598842549574, 0.0 ] ] } },
{ "type": "Feature", "properties": { "Layer": "023_MUROS_2", "PaperSpace": null, "SubClasses": null, "Linetype": null, "EntityHandle": "1C1E3CBA", "Text": null }, "geometry": { "type": "LineString", "coordinates": [ [ 82271.521558517692029, 18628.511598842549574, 0.0 ], [ 82220.379997458818252, 18628.511598842549574, 0.0 ] ] } },
{ "type": "Feature", "properties": { "Layer": "023_MUROS_2", "PaperSpace": null, "SubClasses": null, "Linetype": null, "EntityHandle": "1C1E3CBB", "Text": null }, "geometry": { "type": "LineString", "coordinates": [ [ 82220.379997458818252, 18628.511598842549574, 0.0 ], [ 82220.379997458236176, 16695.360590806420078, 0.0 ] ] } },
{ "type": "Feature", "properties": { "Layer": "023_MUROS_2", "PaperSpace": null, "SubClasses": null, "Linetype": null, "EntityHandle": "1C1E3CBC", "Text": null }, "geometry": { "type": "LineString", "coordinates": [ [ 82220.379997458236176, 16695.360590806420078, 0.0 ], [ 83284.124467489527888, 16695.360590806420078, 0.0 ] ] } },
{ "type": "Feature", "properties": { "Layer": "023_MUROS_2", "PaperSpace": null, "SubClasses": null, "Linetype": null, "EntityHandle": "1C1E3CBD", "Text": null }, "geometry": { "type": "LineString", "coordinates": [ [ 82271.521558517692029, 18730.794720960901032, 0.0 ], [ 82271.521558517692029, 18628.511598842549574, 0.0 ] ] } },
{ "type": "Feature", "properties": { "Layer": "023_MUROS_2", "PaperSpace": null, "SubClasses": null, "Linetype": null, "EntityHandle": "1C1E3CBE", "Text": null }, "geometry": { "type": "LineString", "coordinates": [ [ 83192.069657582906075, 18730.794720960901032, 0.0 ], [ 83192.069657582906075, 18628.511598842549574, 0.0 ] ] } },
{ "type": "Feature", "properties": { "Layer": "023_MUROS_2", "PaperSpace": null, "SubClasses": null, "Linetype": null, "EntityHandle": "1C1E3E2D", "Text": null }, "geometry": { "type": "LineString", "coordinates": [ [ 89454.816068074593204, 48341.758574211227824, 0.0 ], [ 89454.816068074593204, 48239.475452093407512, 0.0 ] ] } },
{ "type": "Feature", "properties": { "Layer": "023_MUROS_2", "PaperSpace": null, "SubClasses": null, "Linetype": null, "EntityHandle": "1C1E3E2E", "Text": null }, "geometry": { "type": "LineString", "coordinates": [ [ 87143.217508201196324, 48341.758574211227824, 0.0 ], [ 87143.217508201661985, 48239.475452093407512, 0.0 ] ] } },
{ "type": "Feature", "properties": { "Layer": "023_MUROS_2", "PaperSpace": null, "SubClasses": null, "Linetype": null, "EntityHandle": "1C1E3FF2", "Text": null }, "geometry": { "type": "LineString", "coordinates": [ [ 18565.541860811710649, 53946.873666293628048, 0.0 ], [ 18667.824982930040278, 53946.873666293628048, 0.0 ] ] } },
{ "type": "Feature", "properties": { "Layer": "023_MUROS_2", "PaperSpace": null, "SubClasses": null, "Linetype": null, "EntityHandle": "1C1E409E", "Text": null }, "geometry": { "type": "LineString", "coordinates": [ [ 26145.70395854078015, 3695.17576956913399, 0.0 ], [ 26145.70395854078015, 6395.450193492804829, 0.0 ] ] } },
{ "type": "Feature", "properties": { "Layer": "023_MUROS_2", "PaperSpace": null, "SubClasses": null, "Linetype": null, "EntityHandle": "1C1E409F", "Text": null }, "geometry": { "type": "LineString", "coordinates": [ [ 18866.214157380949473, 3695.175769569249951, 0.0 ], [ 10785.847510034629522, 3695.175769569249951, 0.0 ] ] } },
{ "type": "Feature", "properties": { "Layer": "023_MUROS_2", "PaperSpace": null, "SubClasses": null, "Linetype": null, "EntityHandle": "1C1E40A0", "Text": null }, "geometry": { "type": "LineString", "coordinates": [ [ 26268.443705082630913, 3572.436023027280044, 0.0 ], [ 10663.107763492780578, 3572.436023027280044, 0.0 ] ] } },
{ "type": "Feature", "properties": { "Layer": "023_MUROS_2", "PaperSpace": null, "SubClasses": null, "Linetype": null, "EntityHandle": "1C1E40A1", "Text": null }, "geometry": { "type": "LineString", "coordinates": [ [ 10785.847510034629522, 6395.450193492251856, 0.0 ], [ 10785.847510034169318, 3695.175769569249951, 0.0 ] ] } },
{ "type": "Feature", "properties": { "Layer": "023_MUROS_2", "PaperSpace": null, "SubClasses": null, "Linetype": null, "EntityHandle": "1C1E40A6", "Text": null }, "geometry": { "type": "LineString", "coordinates": [ [ 18988.95390392489935, 3695.175769569249951, 0.0 ], [ 26145.70395854031085, 3695.175769569249951, 0.0 ] ] } },
{ "type": "Feature", "properties": { "Layer": "023_MUROS_2", "PaperSpace": null, "SubClasses": null, "Linetype": null, "EntityHandle": "1C1E4194", "Text": null }, "geometry": { "type": "LineString", "coordinates": [ [ 26169.229076626728784, 57107.422139748989139, 0.0 ], [ 26169.229076626728784, 59050.801459996982885, 0.0 ] ] } },
{ "type": "Feature", "properties": { "Layer": "023_MUROS_2", "PaperSpace": null, "SubClasses": null, "Linetype": null, "EntityHandle": "1C1F52A4", "Text": null }, "geometry": { "type": "LineString", "coordinates": [ [ 43598.273085586042725, 44508.434805454882735, 0.0 ], [ 38966.049539685991476, 44513.715416779217776, 0.0 ] ] } },
{ "type": "Feature", "properties": { "Layer": "023_MUROS_2", "PaperSpace": null, "SubClasses": null, "Linetype": null, "EntityHandle": "1C1F52A5", "Text": null }, "geometry": { "type": "LineString", "coordinates": [ [ 43598.273085586042725, 44414.439687419318943, 0.0 ], [ 38995.533132247568574, 44412.333772807280184, 0.0 ] ] } },
{ "type": "Feature", "properties": { "Layer": "023_MUROS_2", "PaperSpace": null, "SubClasses": null, "Linetype": null, "EntityHandle": "1C1F642E", "Text": null }, "geometry": { "type": "LineString", "coordinates": [ [ 22813.930278016090597, 50019.201776950649219, 0.0 ], [ 22813.930278015970543, 51144.316120251998655, 0.0 ] ] } },
{ "type": "Feature", "properties": { "Layer": "023_MUROS_2", "PaperSpace": null, "SubClasses": null, "Linetype": null, "EntityHandle": "1C1F642F", "Text": null }, "geometry": { "type": "LineString", "coordinates": [ [ 22865.484232205359149, 51144.316120251969551, 0.0 ], [ 22813.930278015861404, 51144.316120251998655, 0.0 ] ] } },
{ "type": "Feature", "properties": { "Layer": "023_MUROS_2", "PaperSpace": null, "SubClasses": null, "Linetype": null, "EntityHandle": "1C1F65E1", "Text": null }, "geometry": { "type": "LineString", "coordinates": [ [ 35326.526876820309553, 39618.622318330642884, 0.0 ], [ 38995.533132247568574, 44412.333772807280184, 0.0 ] ] } },
{ "type": "Feature", "properties": { "Layer": "023_MUROS_2", "PaperSpace": null, "SubClasses": null, "Linetype": null, "EntityHandle": "1C1F6636", "Text": null }, "geometry": { "type": "LineString", "coordinates": [ [ 35326.05302373568702, 39719.207780798358726, 0.0 ], [ 38966.049539685991476, 44513.715416779217776, 0.0 ] ] } },
{ "type": "Feature", "properties": { "Layer": "023_MUROS_2", "PaperSpace": null, "SubClasses": null, "Linetype": null, "EntityHandle": "1C1F6677", "Text": null }, "geometry": { "type": "LineString", "coordinates": [ [ 38151.696832786321465, 39618.145292695917306, 0.0 ], [ 38162.635051414006739, 39618.143445794426952, 0.0 ] ] } },
{ "type": "Feature", "properties": { "Layer": "023_MUROS_2", "PaperSpace": null, "SubClasses": null, "Linetype": null, "EntityHandle": "1C1F7A54", "Text": null }, "geometry": { "type": "LineString", "coordinates": [ [ 25928.863739648459159, 39627.236569730492192, 0.0 ], [ 25926.480303628548427, 39628.713082329646568, 0.0 ] ] } },
{ "type": "Feature", "properties": { "Layer": "023_MUROS_2", "PaperSpace": null, "SubClasses": null, "Linetype": null, "EntityHandle": "1C1F7E56", "Text": null }, "geometry": { "type": "LineString", "coordinates": [ [ 14842.436215705660288, 50019.201776950852945, 0.0 ], [ 14433.303727232449091, 50019.201776950852945, 0.0 ] ] } },
{ "type": "Feature", "properties": { "Layer": "023_MUROS_2", "PaperSpace": null, "SubClasses": null, "Linetype": null, "EntityHandle": "1C1F7E57", "Text": null }, "geometry": { "type": "LineString", "coordinates": [ [ 14433.303727232449091, 50019.201776950852945, 0.0 ], [ 14433.303727232449091, 50121.484899069153471, 0.0 ] ] } },
{ "type": "Feature", "properties": { "Layer": "023_MUROS_2", "PaperSpace": null, "SubClasses": null, "Linetype": null, "EntityHandle": "1C1F7E58", "Text": null }, "geometry": { "type": "LineString", "coordinates": [ [ 14433.303727232449091, 50121.484899069153471, 0.0 ], [ 14842.436215705660288, 50121.484899069153471, 0.0 ] ] } },
{ "type": "Feature", "properties": { "Layer": "023_MUROS_2", "PaperSpace": null, "SubClasses": null, "Linetype": null, "EntityHandle": "1C20BF30", "Text": null }, "geometry": { "type": "LineString", "coordinates": [ [ 35269.999086812553287, 39659.972131456423085, 0.0 ], [ 29989.503687745669595, 39627.236569730426709, 0.0 ] ] } },
{ "type": "Feature", "properties": { "Layer": "023_MUROS_2", "PaperSpace": null, "SubClasses": null, "Linetype": null, "EntityHandle": "1C20BF6A", "Text": null }, "geometry": { "type": "LineString", "coordinates": [ [ 18234.176252540179121, 33878.925106681752368, 0.0 ], [ 18231.628882121240167, 39636.001909160142532, 0.0 ] ] } },
{ "type": "Feature", "properties": { "Layer": "023_MUROS_2", "PaperSpace": null, "SubClasses": null, "Linetype": null, "EntityHandle": "1C20BF6B", "Text": null }, "geometry": { "type": "LineString", "coordinates": [ [ 18466.357179024638754, 39636.332944642868824, 0.0 ], [ 18474.476806304650381, 33878.925106681752368, 0.0 ] ] } },
{ "type": "Feature", "properties": { "Layer": "023_MUROS_2", "PaperSpace": null, "SubClasses": null, "Linetype": null, "EntityHandle": "1C256C0C", "Text": null }, "geometry": { "type": "LineString", "coordinates": [ [ 20574.342296755839925, 50019.201776950852945, 0.0 ], [ 14842.436215706009534, 50019.201776951056672, 0.0 ] ] } },
{ "type": "Feature", "properties": { "Layer": "023_MUROS_2", "PaperSpace": null, "SubClasses": null, "Linetype": null, "EntityHandle": "1C258C86", "Text": null }, "geometry": { "type": "LineString", "coordinates": [ [ 57110.055719053496432, 22666.893912709008873, 0.0 ], [ 57601.014705221983604, 22666.893912709008873, 0.0 ] ] } },
{ "type": "Feature", "properties": { "Layer": "023_MUROS_2", "PaperSpace": null, "SubClasses": null, "Linetype": null, "EntityHandle": "1C258C87", "Text": null }, "geometry": { "type": "LineString", "coordinates": [ [ 58920.466980547193089, 22666.893912708899734, 0.0 ], [ 61457.088409082178259, 22666.893912709711003, 0.0 ] ] } },
{ "type": "Feature", "properties": { "Layer": "023_MUROS_2", "PaperSpace": null, "SubClasses": null, "Linetype": null, "EntityHandle": "1C258C88", "Text": null }, "geometry": { "type": "LineString", "coordinates": [ [ 57191.882216748199426, 22585.067415014429571, 0.0 ], [ 57601.014705221517943, 22585.067415014429571, 0.0 ] ] } },
{ "type": "Feature", "properties": { "Layer": "023_MUROS_2", "PaperSpace": null, "SubClasses": null, "Linetype": null, "EntityHandle": "1C258C89", "Text": null }, "geometry": { "type": "LineString", "coordinates": [ [ 58920.466980547542335, 22585.067415014778817, 0.0 ], [ 59135.261536996033101, 22585.06741501489887, 0.0 ] ] } },
{ "type": "Feature", "properties": { "Layer": "023_MUROS_2", "PaperSpace": null, "SubClasses": null, "Linetype": null, "EntityHandle": "1C258C8A", "Text": null }, "geometry": { "type": "LineString", "coordinates": [ [ 59186.403098054899601, 22585.06741501489887, 0.0 ], [ 60127.407821543987666, 22585.067415014669677, 0.0 ] ] } },
{ "type": "Feature", "properties": { "Layer": "023_MUROS_2", "PaperSpace": null, "SubClasses": null, "Linetype": null, "EntityHandle": "1C258C8B", "Text": null }, "geometry": { "type": "LineString", "coordinates": [ [ 60209.234319238443277, 22585.067415014429571, 0.0 ], [ 61457.088409082178259, 22585.067415014200378, 0.0 ] ] } },
{ "type": "Feature", "properties": { "Layer": "023_MUROS_2", "PaperSpace": null, "SubClasses": null, "Linetype": null, "EntityHandle": "1C258C8C", "Text": null }, "geometry": { "type": "LineString", "coordinates": [ [ 63574.34903693178785, 32485.050804845101084, 0.0 ], [ 63574.349036931322189, 29365.415580236978712, 0.0 ] ] } },
{ "type": "Feature", "properties": { "Layer": "023_MUROS_2", "PaperSpace": null, "SubClasses": null, "Linetype": null, "EntityHandle": "1C258C8D", "Text": null }, "geometry": { "type": "LineString", "coordinates": [ [ 55023.480027841113042, 50774.295870819856646, 0.0 ], [ 55023.480027840640105, 47644.432333999560797, 0.0 ] ] } },
{ "type": "Feature", "properties": { "Layer": "023_MUROS_2", "PaperSpace": null, "SubClasses": null, "Linetype": null, "EntityHandle": "1C258C8E", "Text": null }, "geometry": { "type": "LineString", "coordinates": [ [ 55023.480027841113042, 45220.322339795777225, 0.0 ], [ 55023.480027840640105, 42100.687115187771269, 0.0 ] ] } },
{ "type": "Feature", "properties": { "Layer": "023_MUROS_2", "PaperSpace": null, "SubClasses": null, "Linetype": null, "EntityHandle": "1C258C8F", "Text": null }, "geometry": { "type": "LineString", "coordinates": [ [ 55023.480027841113042, 42039.317241916389321, 0.0 ], [ 55023.480027840640105, 37763.882737371503026, 0.0 ] ] } },
{ "type": "Feature", "properties": { "Layer": "023_MUROS_2", "PaperSpace": null, "SubClasses": null, "Linetype": null, "EntityHandle": "1C258C90", "Text": null }, "geometry": { "type": "LineString", "coordinates": [ [ 55023.480027840640105, 37702.512864100222941, 0.0 ], [ 55023.480027841113042, 33437.30667176683346, 0.0 ] ] } },
{ "type": "Feature", "properties": { "Layer": "023_MUROS_2", "PaperSpace": null, "SubClasses": null, "Linetype": null, "EntityHandle": "1C258C91", "Text": null }, "geometry": { "type": "LineString", "coordinates": [ [ 55023.480027841113042, 33375.93679849577893, 0.0 ], [ 55023.480027841113042, 29141.415542797840317, 0.0 ] ] } },
{ "type": "Feature", "properties": { "Layer": "023_MUROS_2", "PaperSpace": null, "SubClasses": null, "Linetype": null, "EntityHandle": "1C258C92", "Text": null }, "geometry": { "type": "LineString", "coordinates": [ [ 55023.480027841113042, 29080.045669526909478, 0.0 ], [ 55023.480027841113042, 24814.839477193501807, 0.0 ] ] } },
{ "type": "Feature", "properties": { "Layer": "023_MUROS_2", "PaperSpace": null, "SubClasses": null, "Linetype": null, "EntityHandle": "1C258C93", "Text": null }, "geometry": { "type": "LineString", "coordinates": [ [ 55176.904711018658418, 24661.414794015949155, 0.0 ], [ 55176.904711018658418, 37610.458054193717544, 0.0 ] ] } },
{ "type": "Feature", "properties": { "Layer": "023_MUROS_2", "PaperSpace": null, "SubClasses": null, "Linetype": null, "EntityHandle": "1C258C94", "Text": null }, "geometry": { "type": "LineString", "coordinates": [ [ 55176.904711018658418, 37610.458054193717544, 0.0 ], [ 55790.603443728417915, 37610.458054193717544, 0.0 ] ] } },
{ "type": "Feature", "properties": { "Layer": "023_MUROS_2", "PaperSpace": null, "SubClasses": null, "Linetype": null, "EntityHandle": "1C258C95", "Text": null }, "geometry": { "type": "LineString", "coordinates": [ [ 55790.603443728417915, 37610.458054193717544, 0.0 ], [ 55790.603443728417915, 38888.997080672677839, 0.0 ] ] } },
{ "type": "Feature", "properties": { "Layer": "023_MUROS_2", "PaperSpace": null, "SubClasses": null, "Linetype": null, "EntityHandle": "1C258C96", "Text": null }, "geometry": { "type": "LineString", "coordinates": [ [ 55790.603443728417915, 38888.997080672677839, 0.0 ], [ 55176.904711018658418, 38888.997080672677839, 0.0 ] ] } },
{ "type": "Feature", "properties": { "Layer": "023_MUROS_2", "PaperSpace": null, "SubClasses": null, "Linetype": null, "EntityHandle": "1C258C97", "Text": null }, "geometry": { "type": "LineString", "coordinates": [ [ 55176.904711018658418, 38888.997080672677839, 0.0 ], [ 55176.904711018658418, 50774.295870819856646, 0.0 ] ] } },
{ "type": "Feature", "properties": { "Layer": "023_MUROS_2", "PaperSpace": null, "SubClasses": null, "Linetype": null, "EntityHandle": "1C258C98", "Text": null }, "geometry": { "type": "LineString", "coordinates": [ [ 55176.904711018658418, 50774.295870819856646, 0.0 ], [ 64709.691692444568616, 50774.295870819856646, 0.0 ] ] } },
{ "type": "Feature", "properties": { "Layer": "023_MUROS_2", "PaperSpace": null, "SubClasses": null, "Linetype": null, "EntityHandle": "1C258C99", "Text": null }, "geometry": { "type": "LineString", "coordinates": [ [ 64709.691692444568616, 50774.295870819856646, 0.0 ], [ 64709.691692444568616, 50927.720553997409297, 0.0 ] ] } },
{ "type": "Feature", "properties": { "Layer": "023_MUROS_2", "PaperSpace": null, "SubClasses": null, "Linetype": null, "EntityHandle": "1C258C9A", "Text": null }, "geometry": { "type": "LineString", "coordinates": [ [ 64709.691692444568616, 50927.720553997409297, 0.0 ], [ 64188.047769641081686, 50927.720553997409297, 0.0 ] ] } },
{ "type": "Feature", "properties": { "Layer": "023_MUROS_2", "PaperSpace": null, "SubClasses": null, "Linetype": null, "EntityHandle": "1C258CBF", "Text": null }, "geometry": { "type": "LineString", "coordinates": [ [ 67502.020926273806253, 49567.355029825150268, 0.0 ], [ 67502.02092627438833, 41947.262432010917109, 0.0 ] ] } },
{ "type": "Feature", "properties": { "Layer": "023_MUROS_2", "PaperSpace": null, "SubClasses": null, "Linetype": null, "EntityHandle": "1C258CC0", "Text": null }, "geometry": { "type": "LineString", "coordinates": [ [ 67399.737804156291531, 41947.262432011033525, 0.0 ], [ 67399.737804156291531, 50774.295870819856646, 0.0 ] ] } },
{ "type": "Feature", "properties": { "Layer": "023_MUROS_2", "PaperSpace": null, "SubClasses": null, "Linetype": null, "EntityHandle": "1C258CC1", "Text": null }, "geometry": { "type": "LineString", "coordinates": [ [ 67399.737804156291531, 50774.295870819856646, 0.0 ], [ 66837.180632505405811, 50774.295870819856646, 0.0 ] ] } },
{ "type": "Feature", "properties": { "Layer": "023_MUROS_2", "PaperSpace": null, "SubClasses": null, "Linetype": null, "EntityHandle": "1C258CC2", "Text": null }, "geometry": { "type": "LineString", "coordinates": [ [ 66837.180632505405811, 50774.295870819856646, 0.0 ], [ 66837.180632505405811, 50927.720553997409297, 0.0 ] ] } },
{ "type": "Feature", "properties": { "Layer": "023_MUROS_2", "PaperSpace": null, "SubClasses": null, "Linetype": null, "EntityHandle": "1C258CC3", "Text": null }, "geometry": { "type": "LineString", "coordinates": [ [ 66837.180632505405811, 50927.720553997409297, 0.0 ], [ 67092.888437801651889, 50927.720553997409297, 0.0 ] ] } },
{ "type": "Feature", "properties": { "Layer": "023_MUROS_2", "PaperSpace": null, "SubClasses": null, "Linetype": null, "EntityHandle": "1C258CD8", "Text": null }, "geometry": { "type": "LineString", "coordinates": [ [ 67399.737804156291531, 32607.790551386959123, 0.0 ], [ 65313.162112942838576, 32607.790551386959123, 0.0 ] ] } },
{ "type": "Feature", "properties": { "Layer": "023_MUROS_2", "PaperSpace": null, "SubClasses": null, "Linetype": null, "EntityHandle": "1C258CD9", "Text": null }, "geometry": { "type": "LineString", "coordinates": [ [ 64494.897135996186989, 32607.790551386959123, 0.0 ], [ 63451.609290389817033, 32607.790551386959123, 0.0 ] ] } },
{ "type": "Feature", "properties": { "Layer": "023_MUROS_2", "PaperSpace": null, "SubClasses": null, "Linetype": null, "EntityHandle": "1C258CDA", "Text": null }, "geometry": { "type": "LineString", "coordinates": [ [ 63574.349036931322189, 32249.591211680450215, 0.0 ], [ 63451.609290389817033, 32249.591211680100969, 0.0 ] ] } },
{ "type": "Feature", "properties": { "Layer": "023_MUROS_2", "PaperSpace": null, "SubClasses": null, "Linetype": null, "EntityHandle": "1C258CDB", "Text": null }, "geometry": { "type": "LineString", "coordinates": [ [ 67399.737804156291531, 32485.050804845101084, 0.0 ], [ 65313.162112943187822, 32485.050804845101084, 0.0 ] ] } },
{ "type": "Feature", "properties": { "Layer": "023_MUROS_2", "PaperSpace": null, "SubClasses": null, "Linetype": null, "EntityHandle": "1C258CDC", "Text": null }, "geometry": { "type": "LineString", "coordinates": [ [ 64494.897135996186989, 32485.050804845101084, 0.0 ], [ 63574.349036931322189, 32485.050804845101084, 0.0 ] ] } },
{ "type": "Feature", "properties": { "Layer": "023_MUROS_2", "PaperSpace": null, "SubClasses": null, "Linetype": null, "EntityHandle": "1C258CDD", "Text": null }, "geometry": { "type": "LineString", "coordinates": [ [ 63451.609290389358648, 32607.790551386959123, 0.0 ], [ 63451.609290389817033, 29365.415580236629467, 0.0 ] ] } },
{ "type": "Feature", "properties": { "Layer": "023_MUROS_2", "PaperSpace": null, "SubClasses": null, "Linetype": null, "EntityHandle": "1C258CDE", "Text": null }, "geometry": { "type": "LineString", "coordinates": [ [ 64494.897135996186989, 32607.790551386959123, 0.0 ], [ 64494.897135996186989, 32485.050804845101084, 0.0 ] ] } },
{ "type": "Feature", "properties": { "Layer": "023_MUROS_2", "PaperSpace": null, "SubClasses": null, "Linetype": null, "EntityHandle": "1C258CDF", "Text": null }, "geometry": { "type": "LineString", "coordinates": [ [ 65313.162112942838576, 32607.790551386959123, 0.0 ], [ 65313.162112942838576, 32485.050804845101084, 0.0 ] ] } },
{ "type": "Feature", "properties": { "Layer": "023_MUROS_2", "PaperSpace": null, "SubClasses": null, "Linetype": null, "EntityHandle": "1C258CE6", "Text": null }, "geometry": { "type": "LineString", "coordinates": [ [ 61457.088409082178259, 22666.893912709361757, 0.0 ], [ 61457.088409082178259, 22585.067415014429571, 0.0 ] ] } },
{ "type": "Feature", "properties": { "Layer": "023_MUROS_2", "PaperSpace": null, "SubClasses": null, "Linetype": null, "EntityHandle": "1C258CEB", "Text": null }, "geometry": { "type": "LineString", "coordinates": [ [ 63451.609290389817033, 22666.893912709361757, 0.0 ], [ 63451.609290389817033, 29365.415580236629467, 0.0 ] ] } },
{ "type": "Feature", "properties": { "Layer": "023_MUROS_2", "PaperSpace": null, "SubClasses": null, "Linetype": null, "EntityHandle": "1C258CEC", "Text": null }, "geometry": { "type": "LineString", "coordinates": [ [ 63451.609290389817033, 31431.326234733798628, 0.0 ], [ 63574.349036931322189, 31431.326234733918682, 0.0 ] ] } },
{ "type": "Feature", "properties": { "Layer": "023_MUROS_2", "PaperSpace": null, "SubClasses": null, "Linetype": null, "EntityHandle": "1C258CED", "Text": null }, "geometry": { "type": "LineString", "coordinates": [ [ 63574.349036931322189, 29365.415580236978712, 0.0 ], [ 63574.34903693178785, 22666.893912709361757, 0.0 ] ] } },
{ "type": "Feature", "properties": { "Layer": "023_MUROS_2", "PaperSpace": null, "SubClasses": null, "Linetype": null, "EntityHandle": "1C258CEE", "Text": null }, "geometry": { "type": "LineString", "coordinates": [ [ 63574.34903693178785, 22666.893912709361757, 0.0 ], [ 67399.737804156291531, 22666.893912709361757, 0.0 ] ] } },
{ "type": "Feature", "properties": { "Layer": "023_MUROS_2", "PaperSpace": null, "SubClasses": null, "Linetype": null, "EntityHandle": "1C258CEF", "Text": null }, "geometry": { "type": "LineString", "coordinates": [ [ 67399.737804156291531, 22666.893912709361757, 0.0 ], [ 67399.737804156291531, 29375.64389244845006, 0.0 ] ] } },
{ "type": "Feature", "properties": { "Layer": "023_MUROS_2", "PaperSpace": null, "SubClasses": null, "Linetype": null, "EntityHandle": "1C258CF0", "Text": null }, "geometry": { "type": "LineString", "coordinates": [ [ 67399.737804156291531, 29375.64389244845006, 0.0 ], [ 67502.02092627438833, 29375.64389244845006, 0.0 ] ] } },
{ "type": "Feature", "properties": { "Layer": "023_MUROS_2", "PaperSpace": null, "SubClasses": null, "Linetype": null, "EntityHandle": "1C258CF1", "Text": null }, "geometry": { "type": "LineString", "coordinates": [ [ 67502.02092627438833, 29375.64389244845006, 0.0 ], [ 67502.02092627438833, 22666.893912709361757, 0.0 ] ] } },
{ "type": "Feature", "properties": { "Layer": "023_MUROS_2", "PaperSpace": null, "SubClasses": null, "Linetype": null, "EntityHandle": "1C258CF2", "Text": null }, "geometry": { "type": "LineString", "coordinates": [ [ 62531.061191323678941, 22585.067415014429571, 0.0 ], [ 62479.91963026481244, 22585.067415014429571, 0.0 ] ] } },
{ "type": "Feature", "properties": { "Layer": "023_MUROS_2", "PaperSpace": null, "SubClasses": null, "Linetype": null, "EntityHandle": "1C258CF3", "Text": null }, "geometry": { "type": "LineString", "coordinates": [ [ 62479.91963026481244, 22585.067415014429571, 0.0 ], [ 62479.91963026481244, 22666.893912709361757, 0.0 ] ] } },
{ "type": "Feature", "properties": { "Layer": "023_MUROS_2", "PaperSpace": null, "SubClasses": null, "Linetype": null, "EntityHandle": "1C258CF4", "Text": null }, "geometry": { "type": "LineString", "coordinates": [ [ 62479.91963026481244, 22666.893912709361757, 0.0 ], [ 63451.609290389817033, 22666.893912709361757, 0.0 ] ] } },
{ "type": "Feature", "properties": { "Layer": "023_MUROS_2", "PaperSpace": null, "SubClasses": null, "Linetype": null, "EntityHandle": "1C258CF5", "Text": null }, "geometry": { "type": "LineString", "coordinates": [ [ 67502.02092627438833, 41947.262432010917109, 0.0 ], [ 67502.02092627438833, 37947.992357185459696, 0.0 ] ] } },
{ "type": "Feature", "properties": { "Layer": "023_MUROS_2", "PaperSpace": null, "SubClasses": null, "Linetype": null, "EntityHandle": "1C258CF6", "Text": null }, "geometry": { "type": "LineString", "coordinates": [ [ 67502.02092627438833, 37845.709235066322435, 0.0 ], [ 67502.02092627438833, 31595.187642415930895, 0.0 ] ] } },
{ "type": "Feature", "properties": { "Layer": "023_MUROS_2", "PaperSpace": null, "SubClasses": null, "Linetype": null, "EntityHandle": "1C258CF7", "Text": null }, "geometry": { "type": "LineString", "coordinates": [ [ 67399.737804156291531, 41947.262432011033525, 0.0 ], [ 67399.737804156291531, 32607.790551386959123, 0.0 ] ] } },
{ "type": "Feature", "properties": { "Layer": "023_MUROS_2", "PaperSpace": null, "SubClasses": null, "Linetype": null, "EntityHandle": "1C258CF8", "Text": null }, "geometry": { "type": "LineString", "coordinates": [ [ 67399.737804156291531, 32485.050804845101084, 0.0 ], [ 67399.737804156291531, 31595.187642415930895, 0.0 ] ] } },
{ "type": "Feature", "properties": { "Layer": "023_MUROS_2", "PaperSpace": null, "SubClasses": null, "Linetype": null, "EntityHandle": "1C258CF9", "Text": null }, "geometry": { "type": "LineString", "coordinates": [ [ 67399.737804156291531, 32485.050804845101084, 0.0 ], [ 67399.737804156291531, 31595.187642415930895, 0.0 ] ] } },
{ "type": "Feature", "properties": { "Layer": "023_MUROS_2", "PaperSpace": null, "SubClasses": null, "Linetype": null, "EntityHandle": "1C258CFA", "Text": null }, "geometry": { "type": "LineString", "coordinates": [ [ 67399.737804156291531, 31595.187642415930895, 0.0 ], [ 67502.02092627438833, 31595.187642415930895, 0.0 ] ] } },
{ "type": "Feature", "properties": { "Layer": "023_MUROS_2", "PaperSpace": null, "SubClasses": null, "Linetype": null, "EntityHandle": "1C258D02", "Text": null }, "geometry": { "type": "LineString", "coordinates": [ [ 57601.014705221517943, 22585.067415014429571, 0.0 ], [ 57601.014705221517943, 22666.893912709008873, 0.0 ] ] } },
{ "type": "Feature", "properties": { "Layer": "023_MUROS_2", "PaperSpace": null, "SubClasses": null, "Linetype": null, "EntityHandle": "1C258D03", "Text": null }, "geometry": { "type": "LineString", "coordinates": [ [ 58920.466980547542335, 22666.893912709008873, 0.0 ], [ 58920.466980547542335, 22585.067415014669677, 0.0 ] ] } },
{ "type": "Feature", "properties": { "Layer": "023_MUROS_2", "PaperSpace": null, "SubClasses": null, "Linetype": null, "EntityHandle": "1C258D04", "Text": null }, "geometry": { "type": "LineString", "coordinates": [ [ 59135.261536996033101, 22585.067415014549624, 0.0 ], [ 59135.261536996033101, 22319.131297506490228, 0.0 ] ] } },
{ "type": "Feature", "properties": { "Layer": "023_MUROS_2", "PaperSpace": null, "SubClasses": null, "Linetype": null, "EntityHandle": "1C258D05", "Text": null }, "geometry": { "type": "LineString", "coordinates": [ [ 59186.403098054899601, 22585.067415014549624, 0.0 ], [ 59186.403098054899601, 22319.131297506490228, 0.0 ] ] } },
{ "type": "Feature", "properties": { "Layer": "023_MUROS_2", "PaperSpace": null, "SubClasses": null, "Linetype": null, "EntityHandle": "1C258D06", "Text": null }, "geometry": { "type": "LineString", "coordinates": [ [ 59135.261536997073563, 22319.131297506490228, 0.0 ], [ 59186.403098054550355, 22319.131297506381088, 0.0 ] ] } },
{ "type": "Feature", "properties": { "Layer": "023_MUROS_2", "PaperSpace": null, "SubClasses": null, "Linetype": null, "EntityHandle": "1C264FB2", "Text": null }, "geometry": { "type": "LineString", "coordinates": [ [ 18466.357179024638754, 39636.332944642868824, 0.0 ], [ 18231.628882121240167, 39636.001909160142532, 0.0 ] ] } },
{ "type": "Feature", "properties": { "Layer": "023_MUROS_2", "PaperSpace": null, "SubClasses": null, "Linetype": null, "EntityHandle": "1C265137", "Text": null }, "geometry": { "type": "LineString", "coordinates": [ [ 25926.480105470960552, 39646.917560678492009, 0.0 ], [ 25926.480105470960552, 39628.713082329646568, 0.0 ] ] } },
{ "type": "Feature", "properties": { "Layer": "023_MUROS_2", "PaperSpace": null, "SubClasses": null, "Linetype": null, "EntityHandle": "1C27DE83", "Text": null }, "geometry": { "type": "LineString", "coordinates": [ [ 55176.722509379032999, 24652.987491610270808, 0.0 ], [ 57717.273517041598097, 24633.34238644053039, 0.0 ] ] } },
{ "type": "Feature", "properties": { "Layer": "023_MUROS_2", "PaperSpace": null, "SubClasses": null, "Linetype": null, "EntityHandle": "1C27DEA1", "Text": null }, "geometry": { "type": "LineString", "coordinates": [ [ 57717.273517041598097, 24633.34238644053039, 0.0 ], [ 57713.821966515839449, 22658.466610303239577, 0.0 ] ] } },
{ "type": "Feature", "properties": { "Layer": "023_MUROS_2", "PaperSpace": null, "SubClasses": null, "Linetype": null, "EntityHandle": "1C27DEA9", "Text": null }, "geometry": { "type": "LineString", "coordinates": [ [ 42722.567748825560557, 24652.987491610270808, 0.0 ], [ 44878.506247330922633, 24652.987491610270808, 0.0 ] ] } },
{ "type": "Feature", "properties": { "Layer": "023_MUROS_2", "PaperSpace": null, "SubClasses": null, "Linetype": null, "EntityHandle": "1C27DEF6", "Text": null }, "geometry": { "type": "LineString", "coordinates": [ [ 57604.466255747276591, 24613.859060355658585, 0.0 ], [ 57601.014705221517943, 22666.893912709008873, 0.0 ] ] } },
{ "type": "Feature", "properties": { "Layer": "023_MUROS_2", "PaperSpace": null, "SubClasses": null, "Linetype": null, "EntityHandle": "1C27DF4D", "Text": null }, "geometry": { "type": "LineString", "coordinates": [ [ 21639.149680467089638, 52729.704513085642247, 0.0 ], [ 21638.993102852280572, 55455.231259487802163, 0.0 ] ] } },
{ "type": "Feature", "properties": { "Layer": "023_MUROS_2", "PaperSpace": null, "SubClasses": null, "Linetype": null, "EntityHandle": "1C27DF55", "Text": null }, "geometry": { "type": "LineString", "coordinates": [ [ 21638.993102852280572, 55455.231259487802163, 0.0 ], [ 21639.974072789769707, 59153.197656667609408, 0.0 ] ] } },
{ "type": "Feature", "properties": { "Layer": "023_MUROS_2", "PaperSpace": null, "SubClasses": null, "Linetype": null, "EntityHandle": "1C27E07C", "Text": null }, "geometry": { "type": "LineString", "coordinates": [ [ 27208.5386449673897, 39627.236569730426709, 0.0 ], [ 25346.480105470960552, 39627.236569730426709, 0.0 ] ] } }
]
}
