{
"type": "FeatureCollection",
"name": "entities",
"features": [
{ "type": "Feature", "properties": { "Layer": "A_INDICADORES", "SubClasses": "AcDbEntity:AcDbCircle", "EntityHandle": "1C1E3FFC" }, "geometry": { "type": "LineString", "coordinates": [ [ 91.902698272164798, 102.392506948201103, 0.0 ], [ 91.902089284729755, 102.375067829765072, 0.0 ], [ 91.900265289350187, 102.357713672961083, 0.0 ], [ 91.897235172348246, 102.340529025496664, 0.0 ], [ 91.893013696149382, 102.323597609246846, 0.0 ], [ 91.887621427361282, 102.307001912369685, 0.0 ], [ 91.881084636575451, 102.290822787432148, 0.0 ], [ 91.873435170379537, 102.275139057504632, 0.0 ], [ 91.86471029620391, 102.260027132142795, 0.0 ], [ 91.85495252075853, 102.245560635127987, 0.0 ], [ 91.844209382944541, 102.231810045779469, 0.0 ], [ 91.832533222249467, 102.218842355586347, 0.0 ], [ 91.819980923754514, 102.206720741831759, 0.0 ], [ 91.806613640996218, 102.195504259799421, 0.0 ], [ 91.792496498032492, 102.185247555062347, 0.0 ], [ 91.777698272164798, 102.176000597254998, 0.0 ], [ 91.762291058862061, 102.167808436626316, 0.0 ], [ 91.746349920518782, 102.160710984559401, 0.0 ], [ 91.72995252075853, 102.154742819127321, 0.0 ], [ 91.713178746064713, 102.149933016632104, 0.0 ], [ 91.696110316581525, 102.146305009948051, 0.0 ], [ 91.678830387981705, 102.143876474359033, 0.0 ], [ 91.661423146340425, 102.142659241446324, 0.0 ], [ 91.643973397989171, 102.142659241446324, 0.0 ], [ 91.626566156347891, 102.143876474359033, 0.0 ], [ 91.609286227748072, 102.146305009948051, 0.0 ], [ 91.592217798264883, 102.149933016632104, 0.0 ], [ 91.575444023571066, 102.154742819127307, 0.0 ], [ 91.559046623810815, 102.160710984559401, 0.0 ], [ 91.543105485467535, 102.167808436626316, 0.0 ], [ 91.527698272164798, 102.176000597254998, 0.0 ], [ 91.512900046297105, 102.185247555062347, 0.0 ], [ 91.498782903333378, 102.195504259799421, 0.0 ], [ 91.485415620575083, 102.206720741831759, 0.0 ], [ 91.47286332208013, 102.218842355586347, 0.0 ], [ 91.461187161385055, 102.231810045779469, 0.0 ], [ 91.450444023571066, 102.245560635127987, 0.0 ], [ 91.440686248125687, 102.260027132142795, 0.0 ], [ 91.43196137395006, 102.275139057504632, 0.0 ], [ 91.424311907754145, 102.290822787432148, 0.0 ], [ 91.417775116968315, 102.307001912369685, 0.0 ], [ 91.412382848180215, 102.323597609246846, 0.0 ], [ 91.40816137198135, 102.340529025496664, 0.0 ], [ 91.405131254979409, 102.357713672961083, 0.0 ], [ 91.403307259599842, 102.375067829765072, 0.0 ], [ 91.402698272164798, 102.392506948201103, 0.0 ], [ 91.403307259599842, 102.409946066637133, 0.0 ], [ 91.405131254979409, 102.427300223441122, 0.0 ], [ 91.40816137198135, 102.444484870905541, 0.0 ], [ 91.412382848180215, 102.461416287155359, 0.0 ], [ 91.417775116968315, 102.47801198403252, 0.0 ], [ 91.424311907754145, 102.494191108970057, 0.0 ], [ 91.43196137395006, 102.509874838897574, 0.0 ], [ 91.440686248125687, 102.52498676425941, 0.0 ], [ 91.450444023571066, 102.539453261274218, 0.0 ], [ 91.461187161385055, 102.553203850622737, 0.0 ], [ 91.47286332208013, 102.566171540815859, 0.0 ], [ 91.485415620575083, 102.578293154570446, 0.0 ], [ 91.498782903333378, 102.589509636602784, 0.0 ], [ 91.512900046297105, 102.599766341339858, 0.0 ], [ 91.527698272164798, 102.609013299147207, 0.0 ], [ 91.543105485467535, 102.617205459775889, 0.0 ], [ 91.559046623810815, 102.624302911842804, 0.0 ], [ 91.575444023571066, 102.630271077274884, 0.0 ], [ 91.592217798264883, 102.635080879770101, 0.0 ], [ 91.609286227748072, 102.638708886454154, 0.0 ], [ 91.626566156347891, 102.641137422043172, 0.0 ], [ 91.643973397989171, 102.642354654955881, 0.0 ], [ 91.661423146340425, 102.642354654955881, 0.0 ], [ 91.678830387981705, 102.641137422043172, 0.0 ], [ 91.696110316581525, 102.638708886454154, 0.0 ], [ 91.713178746064713, 102.635080879770101, 0.0 ], [ 91.72995252075853, 102.630271077274898, 0.0 ], [ 91.746349920518782, 102.624302911842804, 0.0 ], [ 91.762291058862061, 102.617205459775889, 0.0 ], [ 91.777698272164798, 102.609013299147207, 0.0 ], [ 91.792496498032492, 102.599766341339858, 0.0 ], [ 91.806613640996218, 102.589509636602784, 0.0 ], [ 91.819980923754514, 102.578293154570446, 0.0 ], [ 91.832533222249467, 102.566171540815859, 0.0 ], [ 91.844209382944541, 102.553203850622737, 0.0 ], [ 91.85495252075853, 102.539453261274218, 0.0 ], [ 91.86471029620391, 102.52498676425941, 0.0 ], [ 91.873435170379537, 102.509874838897574, 0.0 ], [ 91.881084636575451, 102.494191108970057, 0.0 ], [ 91.887621427361282, 102.47801198403252, 0.0 ], [ 91.893013696149382, 102.461416287155359, 0.0 ], [ 91.897235172348246, 102.444484870905541, 0.0 ], [ 91.900265289350187, 102.427300223441122, 0.0 ], [ 91.902089284729755, 102.409946066637133, 0.0 ], [ 91.902698272164798, 102.392506948201103, 0.0 ] ] } },
{ "type": "Feature", "properties": { "Layer": "A_INDICADORES", "SubClasses": "AcDbEntity:AcDbCircle", "EntityHandle": "1C1E3FFE" }, "geometry": { "type": "LineString", "coordinates": [ [ 3.741617797417689, 56.473531421546141, 0.0 ], [ 3.741008809982645, 56.456092303110111, 0.0 ], [ 3.739184814603082, 56.438738146306122, 0.0 ], [ 3.73615469760114, 56.421553498841703, 0.0 ], [ 3.731933221402269, 56.404622082591892, 0.0 ], [ 3.726540952614166, 56.388026385714724, 0.0 ], [ 3.720004161828339, 56.371847260777194, 0.0 ], [ 3.71235469563242, 56.35616353084967, 0.0 ], [ 3.703629821456795, 56.341051605487841, 0.0 ], [ 3.693872046011426, 56.326585108473026, 0.0 ], [ 3.683128908197434, 56.312834519124507, 0.0 ], [ 3.671452747502352, 56.299866828931393, 0.0 ], [ 3.658900449007404, 56.287745215176791, 0.0 ], [ 3.645533166249104, 56.27652873314446, 0.0 ], [ 3.631416023285376, 56.266272028407379, 0.0 ], [ 3.616617797417689, 56.257025070600029, 0.0 ], [ 3.601210584114958, 56.248832909971348, 0.0 ], [ 3.585269445771667, 56.241735457904447, 0.0 ], [ 3.568872046011426, 56.235767292472353, 0.0 ], [ 3.552098271317606, 56.230957489977143, 0.0 ], [ 3.535029841834421, 56.22732948329309, 0.0 ], [ 3.517749913234602, 56.224900947704072, 0.0 ], [ 3.500342671593314, 56.22368371479137, 0.0 ], [ 3.482892923242064, 56.22368371479137, 0.0 ], [ 3.465485681600776, 56.224900947704072, 0.0 ], [ 3.448205753000956, 56.22732948329309, 0.0 ], [ 3.431137323517772, 56.230957489977143, 0.0 ], [ 3.414363548823952, 56.235767292472353, 0.0 ], [ 3.397966149063711, 56.241735457904447, 0.0 ], [ 3.38202501072042, 56.248832909971348, 0.0 ], [ 3.366617797417689, 56.257025070600029, 0.0 ], [ 3.351819571550002, 56.266272028407379, 0.0 ], [ 3.337702428586274, 56.27652873314446, 0.0 ], [ 3.324335145827974, 56.287745215176791, 0.0 ], [ 3.311782847333026, 56.299866828931393, 0.0 ], [ 3.300106686637944, 56.312834519124507, 0.0 ], [ 3.289363548823952, 56.326585108473026, 0.0 ], [ 3.279605773378583, 56.341051605487841, 0.0 ], [ 3.270880899202957, 56.35616353084967, 0.0 ], [ 3.263231433007039, 56.371847260777194, 0.0 ], [ 3.256694642221212, 56.388026385714724, 0.0 ], [ 3.251302373433109, 56.404622082591892, 0.0 ], [ 3.247080897234238, 56.421553498841703, 0.0 ], [ 3.244050780232296, 56.438738146306122, 0.0 ], [ 3.242226784852733, 56.456092303110111, 0.0 ], [ 3.241617797417689, 56.473531421546141, 0.0 ], [ 3.242226784852733, 56.490970539982172, 0.0 ], [ 3.244050780232296, 56.508324696786161, 0.0 ], [ 3.247080897234238, 56.52550934425058, 0.0 ], [ 3.251302373433109, 56.542440760500391, 0.0 ], [ 3.256694642221212, 56.559036457377559, 0.0 ], [ 3.263231433007039, 56.575215582315089, 0.0 ], [ 3.270880899202957, 56.590899312242612, 0.0 ], [ 3.279605773378583, 56.606011237604442, 0.0 ], [ 3.289363548823952, 56.620477734619257, 0.0 ], [ 3.300106686637944, 56.634228323967776, 0.0 ], [ 3.311782847333026, 56.64719601416089, 0.0 ], [ 3.324335145827974, 56.659317627915492, 0.0 ], [ 3.337702428586275, 56.670534109947823, 0.0 ], [ 3.351819571550002, 56.680790814684904, 0.0 ], [ 3.366617797417689, 56.690037772492254, 0.0 ], [ 3.38202501072042, 56.698229933120935, 0.0 ], [ 3.397966149063711, 56.705327385187836, 0.0 ], [ 3.414363548823952, 56.71129555061993, 0.0 ], [ 3.431137323517772, 56.71610535311514, 0.0 ], [ 3.448205753000956, 56.719733359799193, 0.0 ], [ 3.465485681600776, 56.722161895388211, 0.0 ], [ 3.482892923242063, 56.723379128300913, 0.0 ], [ 3.500342671593314, 56.723379128300913, 0.0 ], [ 3.517749913234602, 56.722161895388211, 0.0 ], [ 3.535029841834421, 56.719733359799193, 0.0 ], [ 3.552098271317606, 56.71610535311514, 0.0 ], [ 3.568872046011426, 56.71129555061993, 0.0 ], [ 3.585269445771667, 56.705327385187836, 0.0 ], [ 3.601210584114958, 56.698229933120935, 0.0 ], [ 3.616617797417689, 56.690037772492254, 0.0 ], [ 3.631416023285376, 56.680790814684904, 0.0 ], [ 3.645533166249104, 56.670534109947823, 0.0 ], [ 3.658900449007403, 56.659317627915492, 0.0 ], [ 3.671452747502352, 56.64719601416089, 0.0 ], [ 3.683128908197433, 56.634228323967776, 0.0 ], [ 3.693872046011426, 56.620477734619257, 0.0 ], [ 3.703629821456795, 56.606011237604442, 0.0 ], [ 3.71235469563242, 56.590899312242612, 0.0 ], [ 3.720004161828339, 56.575215582315089, 0.0 ], [ 3.726540952614166, 56.559036457377559, 0.0 ], [ 3.731933221402269, 56.542440760500391, 0.0 ], [ 3.73615469760114, 56.52550934425058, 0.0 ], [ 3.739184814603082, 56.508324696786161, 0.0 ], [ 3.741008809982645, 56.490970539982172, 0.0 ], [ 3.741617797417689, 56.473531421546141, 0.0 ] ] } },
{ "type": "Feature", "properties": { "Layer": "A_INDICADORES", "SubClasses": "AcDbEntity:AcDbCircle", "EntityHandle": "1C1E4010" }, "geometry": { "type": "LineString", "coordinates": [ [ 40.155640494924569, 104.431782701047297, 0.0 ], [ 40.155031507489525, 104.414343582611266, 0.0 ], [ 40.153207512109958, 104.396989425807277, 0.0 ], [ 40.150177395108017, 104.379804778342859, 0.0 ], [ 40.145955918909152, 104.36287336209304, 0.0 ], [ 40.140563650121045, 104.346277665215879, 0.0 ], [ 40.134026859335222, 104.330098540278343, 0.0 ], [ 40.1263773931393, 104.314414810350826, 0.0 ], [ 40.117652518963673, 104.29930288498899, 0.0 ], [ 40.107894743518308, 104.284836387974181, 0.0 ], [ 40.097151605704312, 104.271085798625663, 0.0 ], [ 40.08547544500923, 104.258118108432541, 0.0 ], [ 40.072923146514285, 104.245996494677954, 0.0 ], [ 40.059555863755982, 104.234780012645615, 0.0 ], [ 40.045438720792255, 104.224523307908541, 0.0 ], [ 40.030640494924569, 104.215276350101192, 0.0 ], [ 40.015233281621839, 104.207084189472511, 0.0 ], [ 39.999292143278545, 104.199986737405595, 0.0 ], [ 39.982894743518308, 104.194018571973515, 0.0 ], [ 39.966120968824484, 104.189208769478299, 0.0 ], [ 39.949052539341302, 104.185580762794245, 0.0 ], [ 39.931772610741483, 104.183152227205227, 0.0 ], [ 39.914365369100196, 104.181934994292519, 0.0 ], [ 39.896915620748942, 104.181934994292519, 0.0 ], [ 39.879508379107655, 104.183152227205227, 0.0 ], [ 39.862228450507835, 104.185580762794245, 0.0 ], [ 39.845160021024654, 104.189208769478299, 0.0 ], [ 39.82838624633083, 104.194018571973515, 0.0 ], [ 39.811988846570593, 104.199986737405595, 0.0 ], [ 39.796047708227299, 104.207084189472511, 0.0 ], [ 39.780640494924569, 104.215276350101192, 0.0 ], [ 39.765842269056883, 104.224523307908541, 0.0 ], [ 39.751725126093156, 104.234780012645615, 0.0 ], [ 39.738357843334853, 104.245996494677954, 0.0 ], [ 39.725805544839908, 104.258118108432541, 0.0 ], [ 39.714129384144826, 104.271085798625663, 0.0 ], [ 39.70338624633083, 104.284836387974181, 0.0 ], [ 39.693628470885464, 104.29930288498899, 0.0 ], [ 39.684903596709837, 104.314414810350826, 0.0 ], [ 39.677254130513916, 104.330098540278343, 0.0 ], [ 39.670717339728093, 104.346277665215879, 0.0 ], [ 39.665325070939993, 104.36287336209304, 0.0 ], [ 39.661103594741121, 104.379804778342859, 0.0 ], [ 39.65807347773918, 104.396989425807277, 0.0 ], [ 39.656249482359613, 104.414343582611266, 0.0 ], [ 39.655640494924569, 104.431782701047297, 0.0 ], [ 39.656249482359613, 104.449221819483327, 0.0 ], [ 39.65807347773918, 104.466575976287317, 0.0 ], [ 39.661103594741121, 104.483760623751735, 0.0 ], [ 39.665325070939986, 104.500692040001553, 0.0 ], [ 39.670717339728093, 104.517287736878714, 0.0 ], [ 39.677254130513916, 104.533466861816251, 0.0 ], [ 39.684903596709837, 104.549150591743768, 0.0 ], [ 39.693628470885464, 104.564262517105604, 0.0 ], [ 39.70338624633083, 104.578729014120412, 0.0 ], [ 39.714129384144826, 104.592479603468931, 0.0 ], [ 39.725805544839908, 104.605447293662053, 0.0 ], [ 39.738357843334853, 104.61756890741664, 0.0 ], [ 39.751725126093156, 104.628785389448979, 0.0 ], [ 39.765842269056883, 104.639042094186053, 0.0 ], [ 39.780640494924569, 104.648289051993402, 0.0 ], [ 39.796047708227299, 104.656481212622083, 0.0 ], [ 39.811988846570593, 104.663578664688998, 0.0 ], [ 39.82838624633083, 104.669546830121078, 0.0 ], [ 39.845160021024654, 104.674356632616295, 0.0 ], [ 39.862228450507835, 104.677984639300348, 0.0 ], [ 39.879508379107655, 104.680413174889367, 0.0 ], [ 39.896915620748942, 104.681630407802075, 0.0 ], [ 39.914365369100196, 104.681630407802075, 0.0 ], [ 39.931772610741483, 104.680413174889367, 0.0 ], [ 39.949052539341302, 104.677984639300348, 0.0 ], [ 39.966120968824484, 104.674356632616295, 0.0 ], [ 39.982894743518308, 104.669546830121078, 0.0 ], [ 39.999292143278545, 104.663578664688998, 0.0 ], [ 40.015233281621839, 104.656481212622083, 0.0 ], [ 40.030640494924569, 104.648289051993402, 0.0 ], [ 40.045438720792255, 104.639042094186053, 0.0 ], [ 40.059555863755982, 104.628785389448979, 0.0 ], [ 40.072923146514285, 104.61756890741664, 0.0 ], [ 40.08547544500923, 104.605447293662053, 0.0 ], [ 40.097151605704312, 104.592479603468931, 0.0 ], [ 40.107894743518308, 104.578729014120412, 0.0 ], [ 40.117652518963673, 104.564262517105604, 0.0 ], [ 40.1263773931393, 104.549150591743768, 0.0 ], [ 40.134026859335222, 104.533466861816251, 0.0 ], [ 40.140563650121045, 104.517287736878714, 0.0 ], [ 40.145955918909145, 104.500692040001553, 0.0 ], [ 40.150177395108017, 104.483760623751735, 0.0 ], [ 40.153207512109958, 104.466575976287317, 0.0 ], [ 40.155031507489525, 104.449221819483327, 0.0 ], [ 40.155640494924569, 104.431782701047297, 0.0 ] ] } },
{ "type": "Feature", "properties": { "Layer": "A_INDICADORES", "SubClasses": "AcDbEntity:AcDbCircle", "EntityHandle": "1C1E4012" }, "geometry": { "type": "LineString", "coordinates": [ [ 63.754842610595347, 104.431782701047297, 0.0 ], [ 63.754233623160303, 104.414343582611266, 0.0 ], [ 63.752409627780736, 104.396989425807277, 0.0 ], [ 63.749379510778795, 104.379804778342859, 0.0 ], [ 63.74515803457993, 104.36287336209304, 0.0 ], [ 63.739765765791823, 104.346277665215879, 0.0 ], [ 63.733228975006, 104.330098540278343, 0.0 ], [ 63.725579508810078, 104.314414810350826, 0.0 ], [ 63.716854634634451, 104.29930288498899, 0.0 ], [ 63.707096859189086, 104.284836387974181, 0.0 ], [ 63.69635372137509, 104.271085798625663, 0.0 ], [ 63.684677560680008, 104.258118108432541, 0.0 ], [ 63.672125262185062, 104.245996494677954, 0.0 ], [ 63.65875797942676, 104.234780012645615, 0.0 ], [ 63.644640836463033, 104.224523307908541, 0.0 ], [ 63.629842610595347, 104.215276350101192, 0.0 ], [ 63.614435397292617, 104.207084189472511, 0.0 ], [ 63.598494258949323, 104.199986737405595, 0.0 ], [ 63.582096859189086, 104.194018571973515, 0.0 ], [ 63.565323084495262, 104.189208769478299, 0.0 ], [ 63.54825465501208, 104.185580762794245, 0.0 ], [ 63.530974726412261, 104.183152227205227, 0.0 ], [ 63.513567484770974, 104.181934994292519, 0.0 ], [ 63.49611773641972, 104.181934994292519, 0.0 ], [ 63.478710494778433, 104.183152227205227, 0.0 ], [ 63.461430566178613, 104.185580762794245, 0.0 ], [ 63.444362136695432, 104.189208769478299, 0.0 ], [ 63.427588362001607, 104.194018571973515, 0.0 ], [ 63.411190962241371, 104.199986737405595, 0.0 ], [ 63.395249823898077, 104.207084189472511, 0.0 ], [ 63.379842610595347, 104.215276350101192, 0.0 ], [ 63.365044384727661, 104.224523307908541, 0.0 ], [ 63.350927241763934, 104.234780012645615, 0.0 ], [ 63.337559959005631, 104.245996494677954, 0.0 ], [ 63.325007660510686, 104.258118108432541, 0.0 ], [ 63.313331499815604, 104.271085798625663, 0.0 ], [ 63.302588362001607, 104.284836387974181, 0.0 ], [ 63.292830586556242, 104.29930288498899, 0.0 ], [ 63.284105712380615, 104.314414810350826, 0.0 ], [ 63.276456246184694, 104.330098540278343, 0.0 ], [ 63.26991945539887, 104.346277665215879, 0.0 ], [ 63.264527186610771, 104.36287336209304, 0.0 ], [ 63.260305710411899, 104.379804778342859, 0.0 ], [ 63.257275593409958, 104.396989425807277, 0.0 ], [ 63.25545159803039, 104.414343582611266, 0.0 ], [ 63.254842610595347, 104.431782701047297, 0.0 ], [ 63.25545159803039, 104.449221819483327, 0.0 ], [ 63.257275593409958, 104.466575976287317, 0.0 ], [ 63.260305710411899, 104.483760623751735, 0.0 ], [ 63.264527186610763, 104.500692040001553, 0.0 ], [ 63.26991945539887, 104.517287736878714, 0.0 ], [ 63.276456246184694, 104.533466861816251, 0.0 ], [ 63.284105712380615, 104.549150591743768, 0.0 ], [ 63.292830586556242, 104.564262517105604, 0.0 ], [ 63.302588362001607, 104.578729014120412, 0.0 ], [ 63.313331499815604, 104.592479603468931, 0.0 ], [ 63.325007660510686, 104.605447293662053, 0.0 ], [ 63.337559959005631, 104.61756890741664, 0.0 ], [ 63.350927241763934, 104.628785389448979, 0.0 ], [ 63.365044384727661, 104.639042094186053, 0.0 ], [ 63.379842610595347, 104.648289051993402, 0.0 ], [ 63.395249823898077, 104.656481212622083, 0.0 ], [ 63.411190962241371, 104.663578664688998, 0.0 ], [ 63.427588362001607, 104.669546830121078, 0.0 ], [ 63.444362136695432, 104.674356632616295, 0.0 ], [ 63.461430566178613, 104.677984639300348, 0.0 ], [ 63.478710494778433, 104.680413174889367, 0.0 ], [ 63.49611773641972, 104.681630407802075, 0.0 ], [ 63.513567484770974, 104.681630407802075, 0.0 ], [ 63.530974726412261, 104.680413174889367, 0.0 ], [ 63.54825465501208, 104.677984639300348, 0.0 ], [ 63.565323084495262, 104.674356632616295, 0.0 ], [ 63.582096859189086, 104.669546830121078, 0.0 ], [ 63.598494258949323, 104.663578664688998, 0.0 ], [ 63.614435397292617, 104.656481212622083, 0.0 ], [ 63.629842610595347, 104.648289051993402, 0.0 ], [ 63.644640836463033, 104.639042094186053, 0.0 ], [ 63.65875797942676, 104.628785389448979, 0.0 ], [ 63.672125262185062, 104.61756890741664, 0.0 ], [ 63.684677560680008, 104.605447293662053, 0.0 ], [ 63.69635372137509, 104.592479603468931, 0.0 ], [ 63.707096859189086, 104.578729014120412, 0.0 ], [ 63.716854634634451, 104.564262517105604, 0.0 ], [ 63.725579508810078, 104.549150591743768, 0.0 ], [ 63.733228975006, 104.533466861816251, 0.0 ], [ 63.739765765791823, 104.517287736878714, 0.0 ], [ 63.745158034579923, 104.500692040001553, 0.0 ], [ 63.749379510778795, 104.483760623751735, 0.0 ], [ 63.752409627780736, 104.466575976287317, 0.0 ], [ 63.754233623160303, 104.449221819483327, 0.0 ], [ 63.754842610595347, 104.431782701047297, 0.0 ] ] } },
{ "type": "Feature", "properties": { "Layer": "A_INDICADORES", "SubClasses": "AcDbEntity:AcDbCircle", "EntityHandle": "1C1E4014" }, "geometry": { "type": "LineString", "coordinates": [ [ 79.773316491008018, 104.431782701047297, 0.0 ], [ 79.772707503572974, 104.414343582611266, 0.0 ], [ 79.770883508193407, 104.396989425807277, 0.0 ], [ 79.767853391191466, 104.379804778342859, 0.0 ], [ 79.763631914992601, 104.36287336209304, 0.0 ], [ 79.758239646204501, 104.346277665215879, 0.0 ], [ 79.751702855418671, 104.330098540278343, 0.0 ], [ 79.744053389222756, 104.314414810350826, 0.0 ], [ 79.735328515047129, 104.29930288498899, 0.0 ], [ 79.72557073960175, 104.284836387974181, 0.0 ], [ 79.714827601787761, 104.271085798625663, 0.0 ], [ 79.703151441092686, 104.258118108432541, 0.0 ], [ 79.690599142597733, 104.245996494677954, 0.0 ], [ 79.677231859839438, 104.234780012645615, 0.0 ], [ 79.663114716875711, 104.224523307908541, 0.0 ], [ 79.648316491008018, 104.215276350101192, 0.0 ], [ 79.632909277705281, 104.207084189472511, 0.0 ], [ 79.616968139362001, 104.199986737405595, 0.0 ], [ 79.60057073960175, 104.194018571973515, 0.0 ], [ 79.583796964907933, 104.189208769478299, 0.0 ], [ 79.566728535424744, 104.185580762794245, 0.0 ], [ 79.549448606824924, 104.183152227205227, 0.0 ], [ 79.532041365183645, 104.181934994292519, 0.0 ], [ 79.514591616832391, 104.181934994292519, 0.0 ], [ 79.497184375191111, 104.183152227205227, 0.0 ], [ 79.479904446591291, 104.185580762794245, 0.0 ], [ 79.462836017108103, 104.189208769478299, 0.0 ], [ 79.446062242414285, 104.194018571973515, 0.0 ], [ 79.429664842654034, 104.199986737405595, 0.0 ], [ 79.413723704310755, 104.207084189472511, 0.0 ], [ 79.398316491008018, 104.215276350101192, 0.0 ], [ 79.383518265140324, 104.224523307908541, 0.0 ], [ 79.369401122176598, 104.234780012645615, 0.0 ], [ 79.356033839418302, 104.245996494677954, 0.0 ], [ 79.343481540923349, 104.258118108432541, 0.0 ], [ 79.331805380228275, 104.271085798625663, 0.0 ], [ 79.321062242414285, 104.284836387974181, 0.0 ], [ 79.311304466968906, 104.29930288498899, 0.0 ], [ 79.302579592793279, 104.314414810350826, 0.0 ], [ 79.294930126597365, 104.330098540278343, 0.0 ], [ 79.288393335811534, 104.346277665215879, 0.0 ], [ 79.283001067023434, 104.36287336209304, 0.0 ], [ 79.27877959082457, 104.379804778342859, 0.0 ], [ 79.275749473822628, 104.396989425807277, 0.0 ], [ 79.273925478443061, 104.414343582611266, 0.0 ], [ 79.273316491008018, 104.431782701047297, 0.0 ], [ 79.273925478443061, 104.449221819483327, 0.0 ], [ 79.275749473822628, 104.466575976287317, 0.0 ], [ 79.27877959082457, 104.483760623751735, 0.0 ], [ 79.283001067023434, 104.500692040001553, 0.0 ], [ 79.288393335811534, 104.517287736878714, 0.0 ], [ 79.294930126597365, 104.533466861816251, 0.0 ], [ 79.302579592793279, 104.549150591743768, 0.0 ], [ 79.311304466968906, 104.564262517105604, 0.0 ], [ 79.321062242414285, 104.578729014120412, 0.0 ], [ 79.331805380228275, 104.592479603468931, 0.0 ], [ 79.343481540923349, 104.605447293662053, 0.0 ], [ 79.356033839418302, 104.61756890741664, 0.0 ], [ 79.369401122176598, 104.628785389448979, 0.0 ], [ 79.383518265140324, 104.639042094186053, 0.0 ], [ 79.398316491008018, 104.648289051993402, 0.0 ], [ 79.413723704310755, 104.656481212622083, 0.0 ], [ 79.429664842654034, 104.663578664688998, 0.0 ], [ 79.446062242414285, 104.669546830121078, 0.0 ], [ 79.462836017108103, 104.674356632616295, 0.0 ], [ 79.479904446591291, 104.677984639300348, 0.0 ], [ 79.497184375191111, 104.680413174889367, 0.0 ], [ 79.514591616832391, 104.681630407802075, 0.0 ], [ 79.532041365183645, 104.681630407802075, 0.0 ], [ 79.549448606824924, 104.680413174889367, 0.0 ], [ 79.566728535424744, 104.677984639300348, 0.0 ], [ 79.583796964907933, 104.674356632616295, 0.0 ], [ 79.60057073960175, 104.669546830121078, 0.0 ], [ 79.616968139362001, 104.663578664688998, 0.0 ], [ 79.632909277705281, 104.656481212622083, 0.0 ], [ 79.648316491008018, 104.648289051993402, 0.0 ], [ 79.663114716875711, 104.639042094186053, 0.0 ], [ 79.677231859839438, 104.628785389448979, 0.0 ], [ 79.690599142597733, 104.61756890741664, 0.0 ], [ 79.703151441092686, 104.605447293662053, 0.0 ], [ 79.714827601787761, 104.592479603468931, 0.0 ], [ 79.72557073960175, 104.578729014120412, 0.0 ], [ 79.735328515047129, 104.564262517105604, 0.0 ], [ 79.744053389222756, 104.549150591743768, 0.0 ], [ 79.751702855418671, 104.533466861816251, 0.0 ], [ 79.758239646204501, 104.517287736878714, 0.0 ], [ 79.763631914992601, 104.500692040001553, 0.0 ], [ 79.767853391191466, 104.483760623751735, 0.0 ], [ 79.770883508193407, 104.466575976287317, 0.0 ], [ 79.772707503572974, 104.449221819483327, 0.0 ], [ 79.773316491008018, 104.431782701047297, 0.0 ] ] } },
{ "type": "Feature", "properties": { "Layer": "A_INDICADORES", "SubClasses": "AcDbEntity:AcDbCircle", "EntityHandle": "1C1E4016" }, "geometry": { "type": "LineString", "coordinates": [ [ 81.266760117405511, 104.431782701047297, 0.0 ], [ 81.266151129970467, 104.414343582611266, 0.0 ], [ 81.2643271345909, 104.396989425807277, 0.0 ], [ 81.261297017588959, 104.379804778342859, 0.0 ], [ 81.257075541390094, 104.36287336209304, 0.0 ], [ 81.251683272601994, 104.346277665215879, 0.0 ], [ 81.245146481816164, 104.330098540278343, 0.0 ], [ 81.237497015620249, 104.314414810350826, 0.0 ], [ 81.228772141444622, 104.29930288498899, 0.0 ], [ 81.219014365999243, 104.284836387974181, 0.0 ], [ 81.208271228185254, 104.271085798625663, 0.0 ], [ 81.196595067490179, 104.258118108432541, 0.0 ], [ 81.184042768995226, 104.245996494677954, 0.0 ], [ 81.170675486236931, 104.234780012645615, 0.0 ], [ 81.156558343273204, 104.224523307908541, 0.0 ], [ 81.141760117405511, 104.215276350101192, 0.0 ], [ 81.126352904102774, 104.207084189472511, 0.0 ], [ 81.110411765759494, 104.199986737405595, 0.0 ], [ 81.094014365999243, 104.194018571973515, 0.0 ], [ 81.077240591305426, 104.189208769478299, 0.0 ], [ 81.060172161822237, 104.185580762794245, 0.0 ], [ 81.042892233222418, 104.183152227205227, 0.0 ], [ 81.025484991581138, 104.181934994292519, 0.0 ], [ 81.008035243229884, 104.181934994292519, 0.0 ], [ 80.990628001588604, 104.183152227205227, 0.0 ], [ 80.973348072988784, 104.185580762794245, 0.0 ], [ 80.956279643505596, 104.189208769478299, 0.0 ], [ 80.939505868811779, 104.194018571973515, 0.0 ], [ 80.923108469051527, 104.199986737405595, 0.0 ], [ 80.907167330708248, 104.207084189472511, 0.0 ], [ 80.891760117405511, 104.215276350101192, 0.0 ], [ 80.876961891537817, 104.224523307908541, 0.0 ], [ 80.862844748574091, 104.234780012645615, 0.0 ], [ 80.849477465815795, 104.245996494677954, 0.0 ], [ 80.836925167320842, 104.258118108432541, 0.0 ], [ 80.825249006625768, 104.271085798625663, 0.0 ], [ 80.814505868811779, 104.284836387974181, 0.0 ], [ 80.804748093366399, 104.29930288498899, 0.0 ], [ 80.796023219190772, 104.314414810350826, 0.0 ], [ 80.788373752994858, 104.330098540278343, 0.0 ], [ 80.781836962209027, 104.346277665215879, 0.0 ], [ 80.776444693420927, 104.36287336209304, 0.0 ], [ 80.772223217222063, 104.379804778342859, 0.0 ], [ 80.769193100220122, 104.396989425807277, 0.0 ], [ 80.767369104840554, 104.414343582611266, 0.0 ], [ 80.766760117405511, 104.431782701047297, 0.0 ], [ 80.767369104840554, 104.449221819483327, 0.0 ], [ 80.769193100220122, 104.466575976287317, 0.0 ], [ 80.772223217222063, 104.483760623751735, 0.0 ], [ 80.776444693420927, 104.500692040001553, 0.0 ], [ 80.781836962209027, 104.517287736878714, 0.0 ], [ 80.788373752994858, 104.533466861816251, 0.0 ], [ 80.796023219190772, 104.549150591743768, 0.0 ], [ 80.804748093366399, 104.564262517105604, 0.0 ], [ 80.814505868811779, 104.578729014120412, 0.0 ], [ 80.825249006625768, 104.592479603468931, 0.0 ], [ 80.836925167320842, 104.605447293662053, 0.0 ], [ 80.849477465815795, 104.61756890741664, 0.0 ], [ 80.862844748574091, 104.628785389448979, 0.0 ], [ 80.876961891537817, 104.639042094186053, 0.0 ], [ 80.891760117405511, 104.648289051993402, 0.0 ], [ 80.907167330708248, 104.656481212622083, 0.0 ], [ 80.923108469051527, 104.663578664688998, 0.0 ], [ 80.939505868811779, 104.669546830121078, 0.0 ], [ 80.956279643505596, 104.674356632616295, 0.0 ], [ 80.973348072988784, 104.677984639300348, 0.0 ], [ 80.990628001588604, 104.680413174889367, 0.0 ], [ 81.008035243229884, 104.681630407802075, 0.0 ], [ 81.025484991581138, 104.681630407802075, 0.0 ], [ 81.042892233222418, 104.680413174889367, 0.0 ], [ 81.060172161822237, 104.677984639300348, 0.0 ], [ 81.077240591305426, 104.674356632616295, 0.0 ], [ 81.094014365999243, 104.669546830121078, 0.0 ], [ 81.110411765759494, 104.663578664688998, 0.0 ], [ 81.126352904102774, 104.656481212622083, 0.0 ], [ 81.141760117405511, 104.648289051993402, 0.0 ], [ 81.156558343273204, 104.639042094186053, 0.0 ], [ 81.170675486236931, 104.628785389448979, 0.0 ], [ 81.184042768995226, 104.61756890741664, 0.0 ], [ 81.196595067490179, 104.605447293662053, 0.0 ], [ 81.208271228185254, 104.592479603468931, 0.0 ], [ 81.219014365999243, 104.578729014120412, 0.0 ], [ 81.228772141444622, 104.564262517105604, 0.0 ], [ 81.237497015620249, 104.549150591743768, 0.0 ], [ 81.245146481816164, 104.533466861816251, 0.0 ], [ 81.251683272601994, 104.517287736878714, 0.0 ], [ 81.257075541390094, 104.500692040001553, 0.0 ], [ 81.261297017588959, 104.483760623751735, 0.0 ], [ 81.2643271345909, 104.466575976287317, 0.0 ], [ 81.266151129970467, 104.449221819483327, 0.0 ], [ 81.266760117405511, 104.431782701047297, 0.0 ] ] } },
{ "type": "Feature", "properties": { "Layer": "A_INDICADORES", "SubClasses": "AcDbEntity:AcDbCircle", "EntityHandle": "1C1E4018" }, "geometry": { "type": "LineString", "coordinates": [ [ 82.634227346190983, 104.431782701047297, 0.0 ], [ 82.633618358755939, 104.414343582611266, 0.0 ], [ 82.631794363376372, 104.396989425807277, 0.0 ], [ 82.628764246374431, 104.379804778342859, 0.0 ], [ 82.624542770175566, 104.36287336209304, 0.0 ], [ 82.619150501387466, 104.346277665215879, 0.0 ], [ 82.612613710601636, 104.330098540278343, 0.0 ], [ 82.604964244405721, 104.314414810350826, 0.0 ], [ 82.596239370230094, 104.29930288498899, 0.0 ], [ 82.586481594784715, 104.284836387974181, 0.0 ], [ 82.575738456970726, 104.271085798625663, 0.0 ], [ 82.564062296275651, 104.258118108432541, 0.0 ], [ 82.551509997780698, 104.245996494677954, 0.0 ], [ 82.538142715022403, 104.234780012645615, 0.0 ], [ 82.524025572058676, 104.224523307908541, 0.0 ], [ 82.509227346190983, 104.215276350101192, 0.0 ], [ 82.493820132888246, 104.207084189472511, 0.0 ], [ 82.477878994544966, 104.199986737405595, 0.0 ], [ 82.461481594784715, 104.194018571973515, 0.0 ], [ 82.444707820090898, 104.189208769478299, 0.0 ], [ 82.427639390607709, 104.185580762794245, 0.0 ], [ 82.410359462007889, 104.183152227205227, 0.0 ], [ 82.39295222036661, 104.181934994292519, 0.0 ], [ 82.375502472015356, 104.181934994292519, 0.0 ], [ 82.358095230374076, 104.183152227205227, 0.0 ], [ 82.340815301774256, 104.185580762794245, 0.0 ], [ 82.323746872291068, 104.189208769478299, 0.0 ], [ 82.30697309759725, 104.194018571973515, 0.0 ], [ 82.290575697836999, 104.199986737405595, 0.0 ], [ 82.27463455949372, 104.207084189472511, 0.0 ], [ 82.259227346190983, 104.215276350101192, 0.0 ], [ 82.244429120323289, 104.224523307908541, 0.0 ], [ 82.230311977359563, 104.234780012645615, 0.0 ], [ 82.216944694601267, 104.245996494677954, 0.0 ], [ 82.204392396106314, 104.258118108432541, 0.0 ], [ 82.19271623541124, 104.271085798625663, 0.0 ], [ 82.18197309759725, 104.284836387974181, 0.0 ], [ 82.172215322151871, 104.29930288498899, 0.0 ], [ 82.163490447976244, 104.314414810350826, 0.0 ], [ 82.155840981780329, 104.330098540278343, 0.0 ], [ 82.149304190994499, 104.346277665215879, 0.0 ], [ 82.143911922206399, 104.36287336209304, 0.0 ], [ 82.139690446007535, 104.379804778342859, 0.0 ], [ 82.136660329005593, 104.396989425807277, 0.0 ], [ 82.134836333626026, 104.414343582611266, 0.0 ], [ 82.134227346190983, 104.431782701047297, 0.0 ], [ 82.134836333626026, 104.449221819483327, 0.0 ], [ 82.136660329005593, 104.466575976287317, 0.0 ], [ 82.139690446007535, 104.483760623751735, 0.0 ], [ 82.143911922206399, 104.500692040001553, 0.0 ], [ 82.149304190994499, 104.517287736878714, 0.0 ], [ 82.155840981780329, 104.533466861816251, 0.0 ], [ 82.163490447976244, 104.549150591743768, 0.0 ], [ 82.172215322151871, 104.564262517105604, 0.0 ], [ 82.18197309759725, 104.578729014120412, 0.0 ], [ 82.19271623541124, 104.592479603468931, 0.0 ], [ 82.204392396106314, 104.605447293662053, 0.0 ], [ 82.216944694601267, 104.61756890741664, 0.0 ], [ 82.230311977359563, 104.628785389448979, 0.0 ], [ 82.244429120323289, 104.639042094186053, 0.0 ], [ 82.259227346190983, 104.648289051993402, 0.0 ], [ 82.27463455949372, 104.656481212622083, 0.0 ], [ 82.290575697836999, 104.663578664688998, 0.0 ], [ 82.30697309759725, 104.669546830121078, 0.0 ], [ 82.323746872291068, 104.674356632616295, 0.0 ], [ 82.340815301774256, 104.677984639300348, 0.0 ], [ 82.358095230374076, 104.680413174889367, 0.0 ], [ 82.375502472015356, 104.681630407802075, 0.0 ], [ 82.39295222036661, 104.681630407802075, 0.0 ], [ 82.410359462007889, 104.680413174889367, 0.0 ], [ 82.427639390607709, 104.677984639300348, 0.0 ], [ 82.444707820090898, 104.674356632616295, 0.0 ], [ 82.461481594784715, 104.669546830121078, 0.0 ], [ 82.477878994544966, 104.663578664688998, 0.0 ], [ 82.493820132888246, 104.656481212622083, 0.0 ], [ 82.509227346190983, 104.648289051993402, 0.0 ], [ 82.524025572058676, 104.639042094186053, 0.0 ], [ 82.538142715022403, 104.628785389448979, 0.0 ], [ 82.551509997780698, 104.61756890741664, 0.0 ], [ 82.564062296275651, 104.605447293662053, 0.0 ], [ 82.575738456970726, 104.592479603468931, 0.0 ], [ 82.586481594784715, 104.578729014120412, 0.0 ], [ 82.596239370230094, 104.564262517105604, 0.0 ], [ 82.604964244405721, 104.549150591743768, 0.0 ], [ 82.612613710601636, 104.533466861816251, 0.0 ], [ 82.619150501387466, 104.517287736878714, 0.0 ], [ 82.624542770175566, 104.500692040001553, 0.0 ], [ 82.628764246374431, 104.483760623751735, 0.0 ], [ 82.631794363376372, 104.466575976287317, 0.0 ], [ 82.633618358755939, 104.449221819483327, 0.0 ], [ 82.634227346190983, 104.431782701047297, 0.0 ] ] } },
{ "type": "Feature", "properties": { "Layer": "A_INDICADORES", "SubClasses": "AcDbEntity:AcDbCircle", "EntityHandle": "1C1E401A" }, "geometry": { "type": "LineString", "coordinates": [ [ 88.828984777157871, 104.431782701047297, 0.0 ], [ 88.828375789722827, 104.414343582611266, 0.0 ], [ 88.82655179434326, 104.396989425807277, 0.0 ], [ 88.823521677341319, 104.379804778342859, 0.0 ], [ 88.819300201142454, 104.36287336209304, 0.0 ], [ 88.813907932354354, 104.346277665215879, 0.0 ], [ 88.807371141568524, 104.330098540278343, 0.0 ], [ 88.799721675372609, 104.314414810350826, 0.0 ], [ 88.790996801196982, 104.29930288498899, 0.0 ], [ 88.781239025751603, 104.284836387974181, 0.0 ], [ 88.770495887937614, 104.271085798625663, 0.0 ], [ 88.758819727242539, 104.258118108432541, 0.0 ], [ 88.746267428747586, 104.245996494677954, 0.0 ], [ 88.732900145989291, 104.234780012645615, 0.0 ], [ 88.718783003025564, 104.224523307908541, 0.0 ], [ 88.703984777157871, 104.215276350101192, 0.0 ], [ 88.688577563855134, 104.207084189472511, 0.0 ], [ 88.672636425511854, 104.199986737405595, 0.0 ], [ 88.656239025751603, 104.194018571973515, 0.0 ], [ 88.639465251057786, 104.189208769478299, 0.0 ], [ 88.622396821574597, 104.185580762794245, 0.0 ], [ 88.605116892974777, 104.183152227205227, 0.0 ], [ 88.587709651333498, 104.181934994292519, 0.0 ], [ 88.570259902982244, 104.181934994292519, 0.0 ], [ 88.552852661340964, 104.183152227205227, 0.0 ], [ 88.535572732741144, 104.185580762794245, 0.0 ], [ 88.518504303257956, 104.189208769478299, 0.0 ], [ 88.501730528564138, 104.194018571973515, 0.0 ], [ 88.485333128803887, 104.199986737405595, 0.0 ], [ 88.469391990460608, 104.207084189472511, 0.0 ], [ 88.453984777157871, 104.215276350101192, 0.0 ], [ 88.439186551290177, 104.224523307908541, 0.0 ], [ 88.425069408326451, 104.234780012645615, 0.0 ], [ 88.411702125568155, 104.245996494677954, 0.0 ], [ 88.399149827073202, 104.258118108432541, 0.0 ], [ 88.387473666378128, 104.271085798625663, 0.0 ], [ 88.376730528564138, 104.284836387974181, 0.0 ], [ 88.366972753118759, 104.29930288498899, 0.0 ], [ 88.358247878943132, 104.314414810350826, 0.0 ], [ 88.350598412747217, 104.330098540278343, 0.0 ], [ 88.344061621961387, 104.346277665215879, 0.0 ], [ 88.338669353173287, 104.36287336209304, 0.0 ], [ 88.334447876974423, 104.379804778342859, 0.0 ], [ 88.331417759972481, 104.396989425807277, 0.0 ], [ 88.329593764592914, 104.414343582611266, 0.0 ], [ 88.328984777157871, 104.431782701047297, 0.0 ], [ 88.329593764592914, 104.449221819483327, 0.0 ], [ 88.331417759972481, 104.466575976287317, 0.0 ], [ 88.334447876974423, 104.483760623751735, 0.0 ], [ 88.338669353173287, 104.500692040001553, 0.0 ], [ 88.344061621961387, 104.517287736878714, 0.0 ], [ 88.350598412747217, 104.533466861816251, 0.0 ], [ 88.358247878943132, 104.549150591743768, 0.0 ], [ 88.366972753118759, 104.564262517105604, 0.0 ], [ 88.376730528564138, 104.578729014120412, 0.0 ], [ 88.387473666378128, 104.592479603468931, 0.0 ], [ 88.399149827073202, 104.605447293662053, 0.0 ], [ 88.411702125568155, 104.61756890741664, 0.0 ], [ 88.425069408326451, 104.628785389448979, 0.0 ], [ 88.439186551290177, 104.639042094186053, 0.0 ], [ 88.453984777157871, 104.648289051993402, 0.0 ], [ 88.469391990460608, 104.656481212622083, 0.0 ], [ 88.485333128803887, 104.663578664688998, 0.0 ], [ 88.501730528564138, 104.669546830121078, 0.0 ], [ 88.518504303257956, 104.674356632616295, 0.0 ], [ 88.535572732741144, 104.677984639300348, 0.0 ], [ 88.552852661340964, 104.680413174889367, 0.0 ], [ 88.570259902982244, 104.681630407802075, 0.0 ], [ 88.587709651333498, 104.681630407802075, 0.0 ], [ 88.605116892974777, 104.680413174889367, 0.0 ], [ 88.622396821574597, 104.677984639300348, 0.0 ], [ 88.639465251057786, 104.674356632616295, 0.0 ], [ 88.656239025751603, 104.669546830121078, 0.0 ], [ 88.672636425511854, 104.663578664688998, 0.0 ], [ 88.688577563855134, 104.656481212622083, 0.0 ], [ 88.703984777157871, 104.648289051993402, 0.0 ], [ 88.718783003025564, 104.639042094186053, 0.0 ], [ 88.732900145989291, 104.628785389448979, 0.0 ], [ 88.746267428747586, 104.61756890741664, 0.0 ], [ 88.758819727242539, 104.605447293662053, 0.0 ], [ 88.770495887937614, 104.592479603468931, 0.0 ], [ 88.781239025751603, 104.578729014120412, 0.0 ], [ 88.790996801196982, 104.564262517105604, 0.0 ], [ 88.799721675372609, 104.549150591743768, 0.0 ], [ 88.807371141568524, 104.533466861816251, 0.0 ], [ 88.813907932354354, 104.517287736878714, 0.0 ], [ 88.819300201142454, 104.500692040001553, 0.0 ], [ 88.823521677341319, 104.483760623751735, 0.0 ], [ 88.82655179434326, 104.466575976287317, 0.0 ], [ 88.828375789722827, 104.449221819483327, 0.0 ], [ 88.828984777157871, 104.431782701047297, 0.0 ] ] } },
{ "type": "Feature", "properties": { "Layer": "A_INDICADORES", "SubClasses": "AcDbEntity:AcDbCircle", "EntityHandle": "1C1E401C" }, "geometry": { "type": "LineString", "coordinates": [ [ 91.902698272164798, 100.870644197202594, 0.0 ], [ 91.902089284729755, 100.853205078766564, 0.0 ], [ 91.900265289350187, 100.835850921962574, 0.0 ], [ 91.897235172348246, 100.818666274498156, 0.0 ], [ 91.893013696149382, 100.801734858248338, 0.0 ], [ 91.887621427361282, 100.785139161371177, 0.0 ], [ 91.881084636575451, 100.76896003643364, 0.0 ], [ 91.873435170379537, 100.753276306506123, 0.0 ], [ 91.86471029620391, 100.738164381144287, 0.0 ], [ 91.85495252075853, 100.723697884129479, 0.0 ], [ 91.844209382944541, 100.70994729478096, 0.0 ], [ 91.832533222249467, 100.696979604587838, 0.0 ], [ 91.819980923754514, 100.684857990833251, 0.0 ], [ 91.806613640996218, 100.673641508800912, 0.0 ], [ 91.792496498032492, 100.663384804063838, 0.0 ], [ 91.777698272164798, 100.654137846256489, 0.0 ], [ 91.762291058862061, 100.645945685627808, 0.0 ], [ 91.746349920518782, 100.638848233560893, 0.0 ], [ 91.72995252075853, 100.632880068128813, 0.0 ], [ 91.713178746064713, 100.628070265633596, 0.0 ], [ 91.696110316581525, 100.624442258949543, 0.0 ], [ 91.678830387981705, 100.622013723360524, 0.0 ], [ 91.661423146340425, 100.620796490447816, 0.0 ], [ 91.643973397989171, 100.620796490447816, 0.0 ], [ 91.626566156347891, 100.622013723360524, 0.0 ], [ 91.609286227748072, 100.624442258949543, 0.0 ], [ 91.592217798264883, 100.628070265633596, 0.0 ], [ 91.575444023571066, 100.632880068128799, 0.0 ], [ 91.559046623810815, 100.638848233560893, 0.0 ], [ 91.543105485467535, 100.645945685627808, 0.0 ], [ 91.527698272164798, 100.654137846256489, 0.0 ], [ 91.512900046297105, 100.663384804063838, 0.0 ], [ 91.498782903333378, 100.673641508800912, 0.0 ], [ 91.485415620575083, 100.684857990833251, 0.0 ], [ 91.47286332208013, 100.696979604587838, 0.0 ], [ 91.461187161385055, 100.70994729478096, 0.0 ], [ 91.450444023571066, 100.723697884129479, 0.0 ], [ 91.440686248125687, 100.738164381144287, 0.0 ], [ 91.43196137395006, 100.753276306506123, 0.0 ], [ 91.424311907754145, 100.76896003643364, 0.0 ], [ 91.417775116968315, 100.785139161371177, 0.0 ], [ 91.412382848180215, 100.801734858248338, 0.0 ], [ 91.40816137198135, 100.818666274498156, 0.0 ], [ 91.405131254979409, 100.835850921962574, 0.0 ], [ 91.403307259599842, 100.853205078766564, 0.0 ], [ 91.402698272164798, 100.870644197202594, 0.0 ], [ 91.403307259599842, 100.888083315638625, 0.0 ], [ 91.405131254979409, 100.905437472442614, 0.0 ], [ 91.40816137198135, 100.922622119907032, 0.0 ], [ 91.412382848180215, 100.939553536156851, 0.0 ], [ 91.417775116968315, 100.956149233034012, 0.0 ], [ 91.424311907754145, 100.972328357971548, 0.0 ], [ 91.43196137395006, 100.988012087899065, 0.0 ], [ 91.440686248125687, 101.003124013260901, 0.0 ], [ 91.450444023571066, 101.01759051027571, 0.0 ], [ 91.461187161385055, 101.031341099624228, 0.0 ], [ 91.47286332208013, 101.04430878981735, 0.0 ], [ 91.485415620575083, 101.056430403571937, 0.0 ], [ 91.498782903333378, 101.067646885604276, 0.0 ], [ 91.512900046297105, 101.07790359034135, 0.0 ], [ 91.527698272164798, 101.087150548148699, 0.0 ], [ 91.543105485467535, 101.09534270877738, 0.0 ], [ 91.559046623810815, 101.102440160844296, 0.0 ], [ 91.575444023571066, 101.108408326276376, 0.0 ], [ 91.592217798264883, 101.113218128771592, 0.0 ], [ 91.609286227748072, 101.116846135455646, 0.0 ], [ 91.626566156347891, 101.119274671044664, 0.0 ], [ 91.643973397989171, 101.120491903957372, 0.0 ], [ 91.661423146340425, 101.120491903957372, 0.0 ], [ 91.678830387981705, 101.119274671044664, 0.0 ], [ 91.696110316581525, 101.116846135455646, 0.0 ], [ 91.713178746064713, 101.113218128771592, 0.0 ], [ 91.72995252075853, 101.10840832627639, 0.0 ], [ 91.746349920518782, 101.102440160844296, 0.0 ], [ 91.762291058862061, 101.09534270877738, 0.0 ], [ 91.777698272164798, 101.087150548148699, 0.0 ], [ 91.792496498032492, 101.07790359034135, 0.0 ], [ 91.806613640996218, 101.067646885604276, 0.0 ], [ 91.819980923754514, 101.056430403571937, 0.0 ], [ 91.832533222249467, 101.04430878981735, 0.0 ], [ 91.844209382944541, 101.031341099624228, 0.0 ], [ 91.85495252075853, 101.01759051027571, 0.0 ], [ 91.86471029620391, 101.003124013260901, 0.0 ], [ 91.873435170379537, 100.988012087899065, 0.0 ], [ 91.881084636575451, 100.972328357971548, 0.0 ], [ 91.887621427361282, 100.956149233034012, 0.0 ], [ 91.893013696149382, 100.939553536156851, 0.0 ], [ 91.897235172348246, 100.922622119907032, 0.0 ], [ 91.900265289350187, 100.905437472442614, 0.0 ], [ 91.902089284729755, 100.888083315638625, 0.0 ], [ 91.902698272164798, 100.870644197202594, 0.0 ] ] } },
{ "type": "Feature", "properties": { "Layer": "A_INDICADORES", "SubClasses": "AcDbEntity:AcDbCircle", "EntityHandle": "1C1E401E" }, "geometry": { "type": "LineString", "coordinates": [ [ 91.902698272164798, 91.856988667283076, 0.0 ], [ 91.902089284729755, 91.839549548847046, 0.0 ], [ 91.900265289350187, 91.822195392043056, 0.0 ], [ 91.897235172348246, 91.805010744578638, 0.0 ], [ 91.893013696149382, 91.78807932832882, 0.0 ], [ 91.887621427361282, 91.771483631451659, 0.0 ], [ 91.881084636575451, 91.755304506514122, 0.0 ], [ 91.873435170379537, 91.739620776586605, 0.0 ], [ 91.86471029620391, 91.724508851224769, 0.0 ], [ 91.85495252075853, 91.710042354209961, 0.0 ], [ 91.844209382944541, 91.696291764861442, 0.0 ], [ 91.832533222249467, 91.68332407466832, 0.0 ], [ 91.819980923754514, 91.671202460913733, 0.0 ], [ 91.806613640996218, 91.659985978881394, 0.0 ], [ 91.792496498032492, 91.64972927414432, 0.0 ], [ 91.777698272164798, 91.640482316336971, 0.0 ], [ 91.762291058862061, 91.63229015570829, 0.0 ], [ 91.746349920518782, 91.625192703641375, 0.0 ], [ 91.72995252075853, 91.619224538209295, 0.0 ], [ 91.713178746064713, 91.614414735714078, 0.0 ], [ 91.696110316581525, 91.610786729030025, 0.0 ], [ 91.678830387981705, 91.608358193441006, 0.0 ], [ 91.661423146340425, 91.607140960528298, 0.0 ], [ 91.643973397989171, 91.607140960528298, 0.0 ], [ 91.626566156347891, 91.608358193441006, 0.0 ], [ 91.609286227748072, 91.610786729030025, 0.0 ], [ 91.592217798264883, 91.614414735714078, 0.0 ], [ 91.575444023571066, 91.619224538209295, 0.0 ], [ 91.559046623810815, 91.625192703641375, 0.0 ], [ 91.543105485467535, 91.63229015570829, 0.0 ], [ 91.527698272164798, 91.640482316336971, 0.0 ], [ 91.512900046297105, 91.64972927414432, 0.0 ], [ 91.498782903333378, 91.659985978881394, 0.0 ], [ 91.485415620575083, 91.671202460913733, 0.0 ], [ 91.47286332208013, 91.68332407466832, 0.0 ], [ 91.461187161385055, 91.696291764861442, 0.0 ], [ 91.450444023571066, 91.710042354209961, 0.0 ], [ 91.440686248125687, 91.724508851224769, 0.0 ], [ 91.43196137395006, 91.739620776586605, 0.0 ], [ 91.424311907754145, 91.755304506514122, 0.0 ], [ 91.417775116968315, 91.771483631451659, 0.0 ], [ 91.412382848180215, 91.78807932832882, 0.0 ], [ 91.40816137198135, 91.805010744578638, 0.0 ], [ 91.405131254979409, 91.822195392043056, 0.0 ], [ 91.403307259599842, 91.839549548847046, 0.0 ], [ 91.402698272164798, 91.856988667283076, 0.0 ], [ 91.403307259599842, 91.874427785719107, 0.0 ], [ 91.405131254979409, 91.891781942523096, 0.0 ], [ 91.40816137198135, 91.908966589987514, 0.0 ], [ 91.412382848180215, 91.925898006237333, 0.0 ], [ 91.417775116968315, 91.942493703114494, 0.0 ], [ 91.424311907754145, 91.95867282805203, 0.0 ], [ 91.43196137395006, 91.974356557979547, 0.0 ], [ 91.440686248125687, 91.989468483341383, 0.0 ], [ 91.450444023571066, 92.003934980356192, 0.0 ], [ 91.461187161385055, 92.01768556970471, 0.0 ], [ 91.47286332208013, 92.030653259897832, 0.0 ], [ 91.485415620575083, 92.042774873652419, 0.0 ], [ 91.498782903333378, 92.053991355684758, 0.0 ], [ 91.512900046297105, 92.064248060421832, 0.0 ], [ 91.527698272164798, 92.073495018229181, 0.0 ], [ 91.543105485467535, 92.081687178857862, 0.0 ], [ 91.559046623810815, 92.088784630924778, 0.0 ], [ 91.575444023571066, 92.094752796356858, 0.0 ], [ 91.592217798264883, 92.099562598852074, 0.0 ], [ 91.609286227748072, 92.103190605536128, 0.0 ], [ 91.626566156347891, 92.105619141125146, 0.0 ], [ 91.643973397989171, 92.106836374037854, 0.0 ], [ 91.661423146340425, 92.106836374037854, 0.0 ], [ 91.678830387981705, 92.105619141125146, 0.0 ], [ 91.696110316581525, 92.103190605536128, 0.0 ], [ 91.713178746064713, 92.099562598852074, 0.0 ], [ 91.72995252075853, 92.094752796356858, 0.0 ], [ 91.746349920518782, 92.088784630924778, 0.0 ], [ 91.762291058862061, 92.081687178857862, 0.0 ], [ 91.777698272164798, 92.073495018229181, 0.0 ], [ 91.792496498032492, 92.064248060421832, 0.0 ], [ 91.806613640996218, 92.053991355684758, 0.0 ], [ 91.819980923754514, 92.042774873652419, 0.0 ], [ 91.832533222249467, 92.030653259897832, 0.0 ], [ 91.844209382944541, 92.01768556970471, 0.0 ], [ 91.85495252075853, 92.003934980356192, 0.0 ], [ 91.86471029620391, 91.989468483341383, 0.0 ], [ 91.873435170379537, 91.974356557979547, 0.0 ], [ 91.881084636575451, 91.95867282805203, 0.0 ], [ 91.887621427361282, 91.942493703114494, 0.0 ], [ 91.893013696149382, 91.925898006237333, 0.0 ], [ 91.897235172348246, 91.908966589987514, 0.0 ], [ 91.900265289350187, 91.891781942523096, 0.0 ], [ 91.902089284729755, 91.874427785719107, 0.0 ], [ 91.902698272164798, 91.856988667283076, 0.0 ] ] } },
{ "type": "Feature", "properties": { "Layer": "A_INDICADORES", "SubClasses": "AcDbEntity:AcDbCircle", "EntityHandle": "1C1E4020" }, "geometry": { "type": "LineString", "coordinates": [ [ 91.902698272164798, 66.753159224279358, 0.0 ], [ 91.902089284729755, 66.735720105843328, 0.0 ], [ 91.900265289350187, 66.718365949039338, 0.0 ], [ 91.897235172348246, 66.70118130157492, 0.0 ], [ 91.893013696149382, 66.684249885325102, 0.0 ], [ 91.887621427361282, 66.667654188447941, 0.0 ], [ 91.881084636575451, 66.651475063510404, 0.0 ], [ 91.873435170379537, 66.635791333582887, 0.0 ], [ 91.86471029620391, 66.620679408221051, 0.0 ], [ 91.85495252075853, 66.606212911206242, 0.0 ], [ 91.844209382944541, 66.592462321857724, 0.0 ], [ 91.832533222249467, 66.579494631664602, 0.0 ], [ 91.819980923754514, 66.567373017910015, 0.0 ], [ 91.806613640996218, 66.556156535877676, 0.0 ], [ 91.792496498032492, 66.545899831140602, 0.0 ], [ 91.777698272164798, 66.536652873333253, 0.0 ], [ 91.762291058862061, 66.528460712704572, 0.0 ], [ 91.746349920518782, 66.521363260637656, 0.0 ], [ 91.72995252075853, 66.515395095205577, 0.0 ], [ 91.713178746064713, 66.51058529271036, 0.0 ], [ 91.696110316581525, 66.506957286026307, 0.0 ], [ 91.678830387981705, 66.504528750437288, 0.0 ], [ 91.661423146340425, 66.50331151752458, 0.0 ], [ 91.643973397989171, 66.50331151752458, 0.0 ], [ 91.626566156347891, 66.504528750437288, 0.0 ], [ 91.609286227748072, 66.506957286026307, 0.0 ], [ 91.592217798264883, 66.51058529271036, 0.0 ], [ 91.575444023571066, 66.515395095205577, 0.0 ], [ 91.559046623810815, 66.521363260637656, 0.0 ], [ 91.543105485467535, 66.528460712704572, 0.0 ], [ 91.527698272164798, 66.536652873333253, 0.0 ], [ 91.512900046297105, 66.545899831140602, 0.0 ], [ 91.498782903333378, 66.556156535877676, 0.0 ], [ 91.485415620575083, 66.567373017910015, 0.0 ], [ 91.47286332208013, 66.579494631664602, 0.0 ], [ 91.461187161385055, 66.592462321857724, 0.0 ], [ 91.450444023571066, 66.606212911206242, 0.0 ], [ 91.440686248125687, 66.620679408221051, 0.0 ], [ 91.43196137395006, 66.635791333582887, 0.0 ], [ 91.424311907754145, 66.651475063510404, 0.0 ], [ 91.417775116968315, 66.667654188447941, 0.0 ], [ 91.412382848180215, 66.684249885325102, 0.0 ], [ 91.40816137198135, 66.70118130157492, 0.0 ], [ 91.405131254979409, 66.718365949039338, 0.0 ], [ 91.403307259599842, 66.735720105843328, 0.0 ], [ 91.402698272164798, 66.753159224279358, 0.0 ], [ 91.403307259599842, 66.770598342715388, 0.0 ], [ 91.405131254979409, 66.787952499519378, 0.0 ], [ 91.40816137198135, 66.805137146983796, 0.0 ], [ 91.412382848180215, 66.822068563233614, 0.0 ], [ 91.417775116968315, 66.838664260110775, 0.0 ], [ 91.424311907754145, 66.854843385048312, 0.0 ], [ 91.43196137395006, 66.870527114975829, 0.0 ], [ 91.440686248125687, 66.885639040337665, 0.0 ], [ 91.450444023571066, 66.900105537352474, 0.0 ], [ 91.461187161385055, 66.913856126700992, 0.0 ], [ 91.47286332208013, 66.926823816894114, 0.0 ], [ 91.485415620575083, 66.938945430648701, 0.0 ], [ 91.498782903333378, 66.95016191268104, 0.0 ], [ 91.512900046297105, 66.960418617418114, 0.0 ], [ 91.527698272164798, 66.969665575225463, 0.0 ], [ 91.543105485467535, 66.977857735854144, 0.0 ], [ 91.559046623810815, 66.984955187921059, 0.0 ], [ 91.575444023571066, 66.990923353353139, 0.0 ], [ 91.592217798264883, 66.995733155848356, 0.0 ], [ 91.609286227748072, 66.999361162532409, 0.0 ], [ 91.626566156347891, 67.001789698121428, 0.0 ], [ 91.643973397989171, 67.003006931034136, 0.0 ], [ 91.661423146340425, 67.003006931034136, 0.0 ], [ 91.678830387981705, 67.001789698121428, 0.0 ], [ 91.696110316581525, 66.999361162532409, 0.0 ], [ 91.713178746064713, 66.995733155848356, 0.0 ], [ 91.72995252075853, 66.990923353353139, 0.0 ], [ 91.746349920518782, 66.984955187921059, 0.0 ], [ 91.762291058862061, 66.977857735854144, 0.0 ], [ 91.777698272164798, 66.969665575225463, 0.0 ], [ 91.792496498032492, 66.960418617418114, 0.0 ], [ 91.806613640996218, 66.95016191268104, 0.0 ], [ 91.819980923754514, 66.938945430648701, 0.0 ], [ 91.832533222249467, 66.926823816894114, 0.0 ], [ 91.844209382944541, 66.913856126700992, 0.0 ], [ 91.85495252075853, 66.900105537352474, 0.0 ], [ 91.86471029620391, 66.885639040337665, 0.0 ], [ 91.873435170379537, 66.870527114975829, 0.0 ], [ 91.881084636575451, 66.854843385048312, 0.0 ], [ 91.887621427361282, 66.838664260110775, 0.0 ], [ 91.893013696149382, 66.822068563233614, 0.0 ], [ 91.897235172348246, 66.805137146983796, 0.0 ], [ 91.900265289350187, 66.787952499519378, 0.0 ], [ 91.902089284729755, 66.770598342715388, 0.0 ], [ 91.902698272164798, 66.753159224279358, 0.0 ] ] } },
{ "type": "Feature", "properties": { "Layer": "A_INDICADORES", "SubClasses": "AcDbEntity:AcDbCircle", "EntityHandle": "1C1E4022" }, "geometry": { "type": "LineString", "coordinates": [ [ 91.902698272164798, 64.054896459305382, 0.0 ], [ 91.902089284729755, 64.037457340869352, 0.0 ], [ 91.900265289350187, 64.020103184065363, 0.0 ], [ 91.897235172348246, 64.002918536600944, 0.0 ], [ 91.893013696149382, 63.985987120351133, 0.0 ], [ 91.887621427361282, 63.969391423473965, 0.0 ], [ 91.881084636575451, 63.953212298536435, 0.0 ], [ 91.873435170379537, 63.937528568608911, 0.0 ], [ 91.86471029620391, 63.922416643247082, 0.0 ], [ 91.85495252075853, 63.907950146232267, 0.0 ], [ 91.844209382944541, 63.894199556883748, 0.0 ], [ 91.832533222249467, 63.881231866690634, 0.0 ], [ 91.819980923754514, 63.869110252936032, 0.0 ], [ 91.806613640996218, 63.857893770903701, 0.0 ], [ 91.792496498032492, 63.847637066166619, 0.0 ], [ 91.777698272164798, 63.83839010835927, 0.0 ], [ 91.762291058862061, 63.830197947730589, 0.0 ], [ 91.746349920518782, 63.823100495663688, 0.0 ], [ 91.72995252075853, 63.817132330231594, 0.0 ], [ 91.713178746064713, 63.812322527736384, 0.0 ], [ 91.696110316581525, 63.808694521052331, 0.0 ], [ 91.678830387981705, 63.806265985463313, 0.0 ], [ 91.661423146340425, 63.805048752550611, 0.0 ], [ 91.643973397989171, 63.805048752550611, 0.0 ], [ 91.626566156347891, 63.806265985463313, 0.0 ], [ 91.609286227748072, 63.808694521052331, 0.0 ], [ 91.592217798264883, 63.812322527736384, 0.0 ], [ 91.575444023571066, 63.817132330231594, 0.0 ], [ 91.559046623810815, 63.823100495663688, 0.0 ], [ 91.543105485467535, 63.830197947730589, 0.0 ], [ 91.527698272164798, 63.83839010835927, 0.0 ], [ 91.512900046297105, 63.847637066166619, 0.0 ], [ 91.498782903333378, 63.857893770903701, 0.0 ], [ 91.485415620575083, 63.869110252936032, 0.0 ], [ 91.47286332208013, 63.881231866690634, 0.0 ], [ 91.461187161385055, 63.894199556883748, 0.0 ], [ 91.450444023571066, 63.907950146232267, 0.0 ], [ 91.440686248125687, 63.922416643247082, 0.0 ], [ 91.43196137395006, 63.937528568608911, 0.0 ], [ 91.424311907754145, 63.953212298536435, 0.0 ], [ 91.417775116968315, 63.969391423473965, 0.0 ], [ 91.412382848180215, 63.985987120351133, 0.0 ], [ 91.40816137198135, 64.002918536600944, 0.0 ], [ 91.405131254979409, 64.020103184065363, 0.0 ], [ 91.403307259599842, 64.037457340869352, 0.0 ], [ 91.402698272164798, 64.054896459305382, 0.0 ], [ 91.403307259599842, 64.072335577741413, 0.0 ], [ 91.405131254979409, 64.089689734545402, 0.0 ], [ 91.40816137198135, 64.106874382009821, 0.0 ], [ 91.412382848180215, 64.123805798259639, 0.0 ], [ 91.417775116968315, 64.1404014951368, 0.0 ], [ 91.424311907754145, 64.156580620074337, 0.0 ], [ 91.43196137395006, 64.172264350001853, 0.0 ], [ 91.440686248125687, 64.18737627536369, 0.0 ], [ 91.450444023571066, 64.201842772378498, 0.0 ], [ 91.461187161385055, 64.215593361727016, 0.0 ], [ 91.47286332208013, 64.228561051920138, 0.0 ], [ 91.485415620575083, 64.240682665674726, 0.0 ], [ 91.498782903333378, 64.251899147707064, 0.0 ], [ 91.512900046297105, 64.262155852444138, 0.0 ], [ 91.527698272164798, 64.271402810251487, 0.0 ], [ 91.543105485467535, 64.279594970880169, 0.0 ], [ 91.559046623810815, 64.286692422947084, 0.0 ], [ 91.575444023571066, 64.292660588379164, 0.0 ], [ 91.592217798264883, 64.297470390874381, 0.0 ], [ 91.609286227748072, 64.301098397558434, 0.0 ], [ 91.626566156347891, 64.303526933147452, 0.0 ], [ 91.643973397989171, 64.304744166060161, 0.0 ], [ 91.661423146340425, 64.304744166060161, 0.0 ], [ 91.678830387981705, 64.303526933147452, 0.0 ], [ 91.696110316581525, 64.301098397558434, 0.0 ], [ 91.713178746064713, 64.297470390874381, 0.0 ], [ 91.72995252075853, 64.292660588379164, 0.0 ], [ 91.746349920518782, 64.286692422947084, 0.0 ], [ 91.762291058862061, 64.279594970880169, 0.0 ], [ 91.777698272164798, 64.271402810251487, 0.0 ], [ 91.792496498032492, 64.262155852444138, 0.0 ], [ 91.806613640996218, 64.251899147707064, 0.0 ], [ 91.819980923754514, 64.240682665674726, 0.0 ], [ 91.832533222249467, 64.228561051920138, 0.0 ], [ 91.844209382944541, 64.215593361727016, 0.0 ], [ 91.85495252075853, 64.201842772378498, 0.0 ], [ 91.86471029620391, 64.18737627536369, 0.0 ], [ 91.873435170379537, 64.172264350001853, 0.0 ], [ 91.881084636575451, 64.156580620074337, 0.0 ], [ 91.887621427361282, 64.1404014951368, 0.0 ], [ 91.893013696149382, 64.123805798259639, 0.0 ], [ 91.897235172348246, 64.106874382009821, 0.0 ], [ 91.900265289350187, 64.089689734545402, 0.0 ], [ 91.902089284729755, 64.072335577741413, 0.0 ], [ 91.902698272164798, 64.054896459305382, 0.0 ] ] } },
{ "type": "Feature", "properties": { "Layer": "A_INDICADORES", "SubClasses": "AcDbEntity:AcDbCircle", "EntityHandle": "1C1E4024" }, "geometry": { "type": "LineString", "coordinates": [ [ 91.902698272164798, 62.898681156510072, 0.0 ], [ 91.902089284729755, 62.881242038074042, 0.0 ], [ 91.900265289350187, 62.863887881270053, 0.0 ], [ 91.897235172348246, 62.846703233805634, 0.0 ], [ 91.893013696149382, 62.829771817555823, 0.0 ], [ 91.887621427361282, 62.813176120678655, 0.0 ], [ 91.881084636575451, 62.796996995741125, 0.0 ], [ 91.873435170379537, 62.781313265813601, 0.0 ], [ 91.86471029620391, 62.766201340451772, 0.0 ], [ 91.85495252075853, 62.751734843436957, 0.0 ], [ 91.844209382944541, 62.737984254088438, 0.0 ], [ 91.832533222249467, 62.725016563895323, 0.0 ], [ 91.819980923754514, 62.712894950140722, 0.0 ], [ 91.806613640996218, 62.701678468108391, 0.0 ], [ 91.792496498032492, 62.691421763371309, 0.0 ], [ 91.777698272164798, 62.68217480556396, 0.0 ], [ 91.762291058862061, 62.673982644935279, 0.0 ], [ 91.746349920518782, 62.666885192868378, 0.0 ], [ 91.72995252075853, 62.660917027436284, 0.0 ], [ 91.713178746064713, 62.656107224941074, 0.0 ], [ 91.696110316581525, 62.652479218257021, 0.0 ], [ 91.678830387981705, 62.650050682668002, 0.0 ], [ 91.661423146340425, 62.648833449755301, 0.0 ], [ 91.643973397989171, 62.648833449755301, 0.0 ], [ 91.626566156347891, 62.650050682668002, 0.0 ], [ 91.609286227748072, 62.652479218257021, 0.0 ], [ 91.592217798264883, 62.656107224941074, 0.0 ], [ 91.575444023571066, 62.660917027436284, 0.0 ], [ 91.559046623810815, 62.666885192868378, 0.0 ], [ 91.543105485467535, 62.673982644935279, 0.0 ], [ 91.527698272164798, 62.68217480556396, 0.0 ], [ 91.512900046297105, 62.691421763371309, 0.0 ], [ 91.498782903333378, 62.701678468108391, 0.0 ], [ 91.485415620575083, 62.712894950140722, 0.0 ], [ 91.47286332208013, 62.725016563895323, 0.0 ], [ 91.461187161385055, 62.737984254088438, 0.0 ], [ 91.450444023571066, 62.751734843436957, 0.0 ], [ 91.440686248125687, 62.766201340451772, 0.0 ], [ 91.43196137395006, 62.781313265813601, 0.0 ], [ 91.424311907754145, 62.796996995741125, 0.0 ], [ 91.417775116968315, 62.813176120678655, 0.0 ], [ 91.412382848180215, 62.829771817555823, 0.0 ], [ 91.40816137198135, 62.846703233805634, 0.0 ], [ 91.405131254979409, 62.863887881270053, 0.0 ], [ 91.403307259599842, 62.881242038074042, 0.0 ], [ 91.402698272164798, 62.898681156510072, 0.0 ], [ 91.403307259599842, 62.916120274946103, 0.0 ], [ 91.405131254979409, 62.933474431750092, 0.0 ], [ 91.40816137198135, 62.95065907921451, 0.0 ], [ 91.412382848180215, 62.967590495464322, 0.0 ], [ 91.417775116968315, 62.98418619234149, 0.0 ], [ 91.424311907754145, 63.000365317279019, 0.0 ], [ 91.43196137395006, 63.016049047206543, 0.0 ], [ 91.440686248125687, 63.031160972568372, 0.0 ], [ 91.450444023571066, 63.045627469583188, 0.0 ], [ 91.461187161385055, 63.059378058931706, 0.0 ], [ 91.47286332208013, 63.072345749124821, 0.0 ], [ 91.485415620575083, 63.084467362879423, 0.0 ], [ 91.498782903333378, 63.095683844911754, 0.0 ], [ 91.512900046297105, 63.105940549648835, 0.0 ], [ 91.527698272164798, 63.115187507456184, 0.0 ], [ 91.543105485467535, 63.123379668084866, 0.0 ], [ 91.559046623810815, 63.130477120151767, 0.0 ], [ 91.575444023571066, 63.136445285583861, 0.0 ], [ 91.592217798264883, 63.14125508807907, 0.0 ], [ 91.609286227748072, 63.144883094763124, 0.0 ], [ 91.626566156347891, 63.147311630352142, 0.0 ], [ 91.643973397989171, 63.148528863264843, 0.0 ], [ 91.661423146340425, 63.148528863264843, 0.0 ], [ 91.678830387981705, 63.147311630352142, 0.0 ], [ 91.696110316581525, 63.144883094763124, 0.0 ], [ 91.713178746064713, 63.14125508807907, 0.0 ], [ 91.72995252075853, 63.136445285583861, 0.0 ], [ 91.746349920518782, 63.130477120151767, 0.0 ], [ 91.762291058862061, 63.123379668084866, 0.0 ], [ 91.777698272164798, 63.115187507456184, 0.0 ], [ 91.792496498032492, 63.105940549648835, 0.0 ], [ 91.806613640996218, 63.095683844911754, 0.0 ], [ 91.819980923754514, 63.084467362879423, 0.0 ], [ 91.832533222249467, 63.072345749124821, 0.0 ], [ 91.844209382944541, 63.059378058931706, 0.0 ], [ 91.85495252075853, 63.045627469583188, 0.0 ], [ 91.86471029620391, 63.031160972568372, 0.0 ], [ 91.873435170379537, 63.016049047206543, 0.0 ], [ 91.881084636575451, 63.000365317279019, 0.0 ], [ 91.887621427361282, 62.98418619234149, 0.0 ], [ 91.893013696149382, 62.967590495464322, 0.0 ], [ 91.897235172348246, 62.95065907921451, 0.0 ], [ 91.900265289350187, 62.933474431750092, 0.0 ], [ 91.902089284729755, 62.916120274946103, 0.0 ], [ 91.902698272164798, 62.898681156510072, 0.0 ] ] } },
{ "type": "Feature", "properties": { "Layer": "A_INDICADORES", "SubClasses": "AcDbEntity:AcDbCircle", "EntityHandle": "1C1E4026" }, "geometry": { "type": "LineString", "coordinates": [ [ 91.902698272164798, 60.901576737180157, 0.0 ], [ 91.902089284729755, 60.884137618744127, 0.0 ], [ 91.900265289350187, 60.866783461940138, 0.0 ], [ 91.897235172348246, 60.849598814475719, 0.0 ], [ 91.893013696149382, 60.832667398225908, 0.0 ], [ 91.887621427361282, 60.81607170134874, 0.0 ], [ 91.881084636575451, 60.79989257641121, 0.0 ], [ 91.873435170379537, 60.784208846483686, 0.0 ], [ 91.86471029620391, 60.769096921121857, 0.0 ], [ 91.85495252075853, 60.754630424107042, 0.0 ], [ 91.844209382944541, 60.740879834758523, 0.0 ], [ 91.832533222249467, 60.727912144565408, 0.0 ], [ 91.819980923754514, 60.715790530810807, 0.0 ], [ 91.806613640996218, 60.704574048778476, 0.0 ], [ 91.792496498032492, 60.694317344041394, 0.0 ], [ 91.777698272164798, 60.685070386234045, 0.0 ], [ 91.762291058862061, 60.676878225605364, 0.0 ], [ 91.746349920518782, 60.669780773538463, 0.0 ], [ 91.72995252075853, 60.663812608106369, 0.0 ], [ 91.713178746064713, 60.659002805611159, 0.0 ], [ 91.696110316581525, 60.655374798927106, 0.0 ], [ 91.678830387981705, 60.652946263338087, 0.0 ], [ 91.661423146340425, 60.651729030425386, 0.0 ], [ 91.643973397989171, 60.651729030425386, 0.0 ], [ 91.626566156347891, 60.652946263338087, 0.0 ], [ 91.609286227748072, 60.655374798927106, 0.0 ], [ 91.592217798264883, 60.659002805611159, 0.0 ], [ 91.575444023571066, 60.663812608106369, 0.0 ], [ 91.559046623810815, 60.669780773538463, 0.0 ], [ 91.543105485467535, 60.676878225605364, 0.0 ], [ 91.527698272164798, 60.685070386234045, 0.0 ], [ 91.512900046297105, 60.694317344041394, 0.0 ], [ 91.498782903333378, 60.704574048778476, 0.0 ], [ 91.485415620575083, 60.715790530810807, 0.0 ], [ 91.47286332208013, 60.727912144565408, 0.0 ], [ 91.461187161385055, 60.740879834758523, 0.0 ], [ 91.450444023571066, 60.754630424107042, 0.0 ], [ 91.440686248125687, 60.769096921121857, 0.0 ], [ 91.43196137395006, 60.784208846483686, 0.0 ], [ 91.424311907754145, 60.79989257641121, 0.0 ], [ 91.417775116968315, 60.81607170134874, 0.0 ], [ 91.412382848180215, 60.832667398225908, 0.0 ], [ 91.40816137198135, 60.849598814475719, 0.0 ], [ 91.405131254979409, 60.866783461940138, 0.0 ], [ 91.403307259599842, 60.884137618744127, 0.0 ], [ 91.402698272164798, 60.901576737180157, 0.0 ], [ 91.403307259599842, 60.919015855616188, 0.0 ], [ 91.405131254979409, 60.936370012420177, 0.0 ], [ 91.40816137198135, 60.953554659884595, 0.0 ], [ 91.412382848180215, 60.970486076134407, 0.0 ], [ 91.417775116968315, 60.987081773011575, 0.0 ], [ 91.424311907754145, 61.003260897949104, 0.0 ], [ 91.43196137395006, 61.018944627876628, 0.0 ], [ 91.440686248125687, 61.034056553238457, 0.0 ], [ 91.450444023571066, 61.048523050253273, 0.0 ], [ 91.461187161385055, 61.062273639601791, 0.0 ], [ 91.47286332208013, 61.075241329794906, 0.0 ], [ 91.485415620575083, 61.087362943549508, 0.0 ], [ 91.498782903333378, 61.098579425581839, 0.0 ], [ 91.512900046297105, 61.10883613031892, 0.0 ], [ 91.527698272164798, 61.118083088126269, 0.0 ], [ 91.543105485467535, 61.126275248754951, 0.0 ], [ 91.559046623810815, 61.133372700821852, 0.0 ], [ 91.575444023571066, 61.139340866253946, 0.0 ], [ 91.592217798264883, 61.144150668749155, 0.0 ], [ 91.609286227748072, 61.147778675433209, 0.0 ], [ 91.626566156347891, 61.150207211022227, 0.0 ], [ 91.643973397989171, 61.151424443934928, 0.0 ], [ 91.661423146340425, 61.151424443934928, 0.0 ], [ 91.678830387981705, 61.150207211022227, 0.0 ], [ 91.696110316581525, 61.147778675433209, 0.0 ], [ 91.713178746064713, 61.144150668749155, 0.0 ], [ 91.72995252075853, 61.139340866253946, 0.0 ], [ 91.746349920518782, 61.133372700821852, 0.0 ], [ 91.762291058862061, 61.126275248754951, 0.0 ], [ 91.777698272164798, 61.118083088126269, 0.0 ], [ 91.792496498032492, 61.10883613031892, 0.0 ], [ 91.806613640996218, 61.098579425581839, 0.0 ], [ 91.819980923754514, 61.087362943549508, 0.0 ], [ 91.832533222249467, 61.075241329794906, 0.0 ], [ 91.844209382944541, 61.062273639601791, 0.0 ], [ 91.85495252075853, 61.048523050253273, 0.0 ], [ 91.86471029620391, 61.034056553238457, 0.0 ], [ 91.873435170379537, 61.018944627876628, 0.0 ], [ 91.881084636575451, 61.003260897949104, 0.0 ], [ 91.887621427361282, 60.987081773011575, 0.0 ], [ 91.893013696149382, 60.970486076134407, 0.0 ], [ 91.897235172348246, 60.953554659884595, 0.0 ], [ 91.900265289350187, 60.936370012420177, 0.0 ], [ 91.902089284729755, 60.919015855616188, 0.0 ], [ 91.902698272164798, 60.901576737180157, 0.0 ] ] } },
{ "type": "Feature", "properties": { "Layer": "A_INDICADORES", "SubClasses": "AcDbEntity:AcDbCircle", "EntityHandle": "1C1E4028" }, "geometry": { "type": "LineString", "coordinates": [ [ 91.902698272164798, 59.874148487993779, 0.0 ], [ 91.902089284729755, 59.856709369557748, 0.0 ], [ 91.900265289350187, 59.839355212753759, 0.0 ], [ 91.897235172348246, 59.822170565289341, 0.0 ], [ 91.893013696149382, 59.805239149039529, 0.0 ], [ 91.887621427361282, 59.788643452162361, 0.0 ], [ 91.881084636575451, 59.772464327224831, 0.0 ], [ 91.873435170379537, 59.756780597297308, 0.0 ], [ 91.86471029620391, 59.741668671935479, 0.0 ], [ 91.85495252075853, 59.727202174920663, 0.0 ], [ 91.844209382944541, 59.713451585572145, 0.0 ], [ 91.832533222249467, 59.70048389537903, 0.0 ], [ 91.819980923754514, 59.688362281624428, 0.0 ], [ 91.806613640996218, 59.677145799592097, 0.0 ], [ 91.792496498032492, 59.666889094855016, 0.0 ], [ 91.777698272164798, 59.657642137047667, 0.0 ], [ 91.762291058862061, 59.649449976418985, 0.0 ], [ 91.746349920518782, 59.642352524352084, 0.0 ], [ 91.72995252075853, 59.63638435891999, 0.0 ], [ 91.713178746064713, 59.631574556424781, 0.0 ], [ 91.696110316581525, 59.627946549740727, 0.0 ], [ 91.678830387981705, 59.625518014151709, 0.0 ], [ 91.661423146340425, 59.624300781239008, 0.0 ], [ 91.643973397989171, 59.624300781239008, 0.0 ], [ 91.626566156347891, 59.625518014151709, 0.0 ], [ 91.609286227748072, 59.627946549740727, 0.0 ], [ 91.592217798264883, 59.631574556424781, 0.0 ], [ 91.575444023571066, 59.63638435891999, 0.0 ], [ 91.559046623810815, 59.642352524352084, 0.0 ], [ 91.543105485467535, 59.649449976418985, 0.0 ], [ 91.527698272164798, 59.657642137047667, 0.0 ], [ 91.512900046297105, 59.666889094855016, 0.0 ], [ 91.498782903333378, 59.677145799592097, 0.0 ], [ 91.485415620575083, 59.688362281624428, 0.0 ], [ 91.47286332208013, 59.70048389537903, 0.0 ], [ 91.461187161385055, 59.713451585572145, 0.0 ], [ 91.450444023571066, 59.727202174920663, 0.0 ], [ 91.440686248125687, 59.741668671935479, 0.0 ], [ 91.43196137395006, 59.756780597297308, 0.0 ], [ 91.424311907754145, 59.772464327224831, 0.0 ], [ 91.417775116968315, 59.788643452162361, 0.0 ], [ 91.412382848180215, 59.805239149039529, 0.0 ], [ 91.40816137198135, 59.822170565289341, 0.0 ], [ 91.405131254979409, 59.839355212753759, 0.0 ], [ 91.403307259599842, 59.856709369557748, 0.0 ], [ 91.402698272164798, 59.874148487993779, 0.0 ], [ 91.403307259599842, 59.891587606429809, 0.0 ], [ 91.405131254979409, 59.908941763233798, 0.0 ], [ 91.40816137198135, 59.926126410698217, 0.0 ], [ 91.412382848180215, 59.943057826948028, 0.0 ], [ 91.417775116968315, 59.959653523825196, 0.0 ], [ 91.424311907754145, 59.975832648762726, 0.0 ], [ 91.43196137395006, 59.99151637869025, 0.0 ], [ 91.440686248125687, 60.006628304052079, 0.0 ], [ 91.450444023571066, 60.021094801066894, 0.0 ], [ 91.461187161385055, 60.034845390415413, 0.0 ], [ 91.47286332208013, 60.047813080608528, 0.0 ], [ 91.485415620575083, 60.059934694363129, 0.0 ], [ 91.498782903333378, 60.07115117639546, 0.0 ], [ 91.512900046297105, 60.081407881132542, 0.0 ], [ 91.527698272164798, 60.090654838939891, 0.0 ], [ 91.543105485467535, 60.098846999568572, 0.0 ], [ 91.559046623810815, 60.105944451635473, 0.0 ], [ 91.575444023571066, 60.111912617067567, 0.0 ], [ 91.592217798264883, 60.116722419562777, 0.0 ], [ 91.609286227748072, 60.12035042624683, 0.0 ], [ 91.626566156347891, 60.122778961835849, 0.0 ], [ 91.643973397989171, 60.12399619474855, 0.0 ], [ 91.661423146340425, 60.12399619474855, 0.0 ], [ 91.678830387981705, 60.122778961835849, 0.0 ], [ 91.696110316581525, 60.12035042624683, 0.0 ], [ 91.713178746064713, 60.116722419562777, 0.0 ], [ 91.72995252075853, 60.111912617067567, 0.0 ], [ 91.746349920518782, 60.105944451635473, 0.0 ], [ 91.762291058862061, 60.098846999568572, 0.0 ], [ 91.777698272164798, 60.090654838939891, 0.0 ], [ 91.792496498032492, 60.081407881132542, 0.0 ], [ 91.806613640996218, 60.07115117639546, 0.0 ], [ 91.819980923754514, 60.059934694363129, 0.0 ], [ 91.832533222249467, 60.047813080608528, 0.0 ], [ 91.844209382944541, 60.034845390415413, 0.0 ], [ 91.85495252075853, 60.021094801066894, 0.0 ], [ 91.86471029620391, 60.006628304052079, 0.0 ], [ 91.873435170379537, 59.99151637869025, 0.0 ], [ 91.881084636575451, 59.975832648762726, 0.0 ], [ 91.887621427361282, 59.959653523825196, 0.0 ], [ 91.893013696149382, 59.943057826948028, 0.0 ], [ 91.897235172348246, 59.926126410698217, 0.0 ], [ 91.900265289350187, 59.908941763233798, 0.0 ], [ 91.902089284729755, 59.891587606429809, 0.0 ], [ 91.902698272164798, 59.874148487993779, 0.0 ] ] } },
{ "type": "Feature", "properties": { "Layer": "A_INDICADORES", "SubClasses": "AcDbEntity:AcDbCircle", "EntityHandle": "1C1E402A" }, "geometry": { "type": "LineString", "coordinates": [ [ 91.902698272164798, 59.340906771196359, 0.0 ], [ 91.902089284729755, 59.323467652760328, 0.0 ], [ 91.900265289350187, 59.306113495956339, 0.0 ], [ 91.897235172348246, 59.288928848491921, 0.0 ], [ 91.893013696149382, 59.271997432242109, 0.0 ], [ 91.887621427361282, 59.255401735364941, 0.0 ], [ 91.881084636575451, 59.239222610427412, 0.0 ], [ 91.873435170379537, 59.223538880499888, 0.0 ], [ 91.86471029620391, 59.208426955138059, 0.0 ], [ 91.85495252075853, 59.193960458123243, 0.0 ], [ 91.844209382944541, 59.180209868774725, 0.0 ], [ 91.832533222249467, 59.16724217858161, 0.0 ], [ 91.819980923754514, 59.155120564827008, 0.0 ], [ 91.806613640996218, 59.143904082794677, 0.0 ], [ 91.792496498032492, 59.133647378057596, 0.0 ], [ 91.777698272164798, 59.124400420250247, 0.0 ], [ 91.762291058862061, 59.116208259621565, 0.0 ], [ 91.746349920518782, 59.109110807554664, 0.0 ], [ 91.72995252075853, 59.10314264212257, 0.0 ], [ 91.713178746064713, 59.098332839627361, 0.0 ], [ 91.696110316581525, 59.094704832943307, 0.0 ], [ 91.678830387981705, 59.092276297354289, 0.0 ], [ 91.661423146340425, 59.091059064441588, 0.0 ], [ 91.643973397989171, 59.091059064441588, 0.0 ], [ 91.626566156347891, 59.092276297354289, 0.0 ], [ 91.609286227748072, 59.094704832943307, 0.0 ], [ 91.592217798264883, 59.098332839627361, 0.0 ], [ 91.575444023571066, 59.10314264212257, 0.0 ], [ 91.559046623810815, 59.109110807554664, 0.0 ], [ 91.543105485467535, 59.116208259621565, 0.0 ], [ 91.527698272164798, 59.124400420250247, 0.0 ], [ 91.512900046297105, 59.133647378057596, 0.0 ], [ 91.498782903333378, 59.143904082794677, 0.0 ], [ 91.485415620575083, 59.155120564827008, 0.0 ], [ 91.47286332208013, 59.16724217858161, 0.0 ], [ 91.461187161385055, 59.180209868774725, 0.0 ], [ 91.450444023571066, 59.193960458123243, 0.0 ], [ 91.440686248125687, 59.208426955138059, 0.0 ], [ 91.43196137395006, 59.223538880499888, 0.0 ], [ 91.424311907754145, 59.239222610427412, 0.0 ], [ 91.417775116968315, 59.255401735364941, 0.0 ], [ 91.412382848180215, 59.271997432242109, 0.0 ], [ 91.40816137198135, 59.288928848491921, 0.0 ], [ 91.405131254979409, 59.306113495956339, 0.0 ], [ 91.403307259599842, 59.323467652760328, 0.0 ], [ 91.402698272164798, 59.340906771196359, 0.0 ], [ 91.403307259599842, 59.358345889632389, 0.0 ], [ 91.405131254979409, 59.375700046436378, 0.0 ], [ 91.40816137198135, 59.392884693900797, 0.0 ], [ 91.412382848180215, 59.409816110150608, 0.0 ], [ 91.417775116968315, 59.426411807027776, 0.0 ], [ 91.424311907754145, 59.442590931965306, 0.0 ], [ 91.43196137395006, 59.45827466189283, 0.0 ], [ 91.440686248125687, 59.473386587254659, 0.0 ], [ 91.450444023571066, 59.487853084269474, 0.0 ], [ 91.461187161385055, 59.501603673617993, 0.0 ], [ 91.47286332208013, 59.514571363811108, 0.0 ], [ 91.485415620575083, 59.526692977565709, 0.0 ], [ 91.498782903333378, 59.53790945959804, 0.0 ], [ 91.512900046297105, 59.548166164335122, 0.0 ], [ 91.527698272164798, 59.557413122142471, 0.0 ], [ 91.543105485467535, 59.565605282771152, 0.0 ], [ 91.559046623810815, 59.572702734838053, 0.0 ], [ 91.575444023571066, 59.578670900270147, 0.0 ], [ 91.592217798264883, 59.583480702765357, 0.0 ], [ 91.609286227748072, 59.58710870944941, 0.0 ], [ 91.626566156347891, 59.589537245038429, 0.0 ], [ 91.643973397989171, 59.59075447795113, 0.0 ], [ 91.661423146340425, 59.59075447795113, 0.0 ], [ 91.678830387981705, 59.589537245038429, 0.0 ], [ 91.696110316581525, 59.58710870944941, 0.0 ], [ 91.713178746064713, 59.583480702765357, 0.0 ], [ 91.72995252075853, 59.578670900270147, 0.0 ], [ 91.746349920518782, 59.572702734838053, 0.0 ], [ 91.762291058862061, 59.565605282771152, 0.0 ], [ 91.777698272164798, 59.557413122142471, 0.0 ], [ 91.792496498032492, 59.548166164335122, 0.0 ], [ 91.806613640996218, 59.53790945959804, 0.0 ], [ 91.819980923754514, 59.526692977565709, 0.0 ], [ 91.832533222249467, 59.514571363811108, 0.0 ], [ 91.844209382944541, 59.501603673617993, 0.0 ], [ 91.85495252075853, 59.487853084269474, 0.0 ], [ 91.86471029620391, 59.473386587254659, 0.0 ], [ 91.873435170379537, 59.45827466189283, 0.0 ], [ 91.881084636575451, 59.442590931965306, 0.0 ], [ 91.887621427361282, 59.426411807027776, 0.0 ], [ 91.893013696149382, 59.409816110150608, 0.0 ], [ 91.897235172348246, 59.392884693900797, 0.0 ], [ 91.900265289350187, 59.375700046436378, 0.0 ], [ 91.902089284729755, 59.358345889632389, 0.0 ], [ 91.902698272164798, 59.340906771196359, 0.0 ] ] } },
{ "type": "Feature", "properties": { "Layer": "A_INDICADORES", "SubClasses": "AcDbEntity:AcDbCircle", "EntityHandle": "1C1E402C" }, "geometry": { "type": "LineString", "coordinates": [ [ 91.902698272164798, 94.548903414981368, 0.0 ], [ 91.902089284729755, 94.531464296545337, 0.0 ], [ 91.900265289350187, 94.514110139741348, 0.0 ], [ 91.897235172348246, 94.49692549227693, 0.0 ], [ 91.893013696149382, 94.479994076027111, 0.0 ], [ 91.887621427361282, 94.46339837914995, 0.0 ], [ 91.881084636575451, 94.447219254212413, 0.0 ], [ 91.873435170379537, 94.431535524284897, 0.0 ], [ 91.86471029620391, 94.41642359892306, 0.0 ], [ 91.85495252075853, 94.401957101908252, 0.0 ], [ 91.844209382944541, 94.388206512559734, 0.0 ], [ 91.832533222249467, 94.375238822366612, 0.0 ], [ 91.819980923754514, 94.363117208612024, 0.0 ], [ 91.806613640996218, 94.351900726579686, 0.0 ], [ 91.792496498032492, 94.341644021842612, 0.0 ], [ 91.777698272164798, 94.332397064035263, 0.0 ], [ 91.762291058862061, 94.324204903406581, 0.0 ], [ 91.746349920518782, 94.317107451339666, 0.0 ], [ 91.72995252075853, 94.311139285907586, 0.0 ], [ 91.713178746064713, 94.30632948341237, 0.0 ], [ 91.696110316581525, 94.302701476728316, 0.0 ], [ 91.678830387981705, 94.300272941139298, 0.0 ], [ 91.661423146340425, 94.299055708226589, 0.0 ], [ 91.643973397989171, 94.299055708226589, 0.0 ], [ 91.626566156347891, 94.300272941139298, 0.0 ], [ 91.609286227748072, 94.302701476728316, 0.0 ], [ 91.592217798264883, 94.30632948341237, 0.0 ], [ 91.575444023571066, 94.311139285907586, 0.0 ], [ 91.559046623810815, 94.317107451339666, 0.0 ], [ 91.543105485467535, 94.324204903406581, 0.0 ], [ 91.527698272164798, 94.332397064035263, 0.0 ], [ 91.512900046297105, 94.341644021842612, 0.0 ], [ 91.498782903333378, 94.351900726579686, 0.0 ], [ 91.485415620575083, 94.363117208612024, 0.0 ], [ 91.47286332208013, 94.375238822366612, 0.0 ], [ 91.461187161385055, 94.388206512559734, 0.0 ], [ 91.450444023571066, 94.401957101908252, 0.0 ], [ 91.440686248125687, 94.41642359892306, 0.0 ], [ 91.43196137395006, 94.431535524284897, 0.0 ], [ 91.424311907754145, 94.447219254212413, 0.0 ], [ 91.417775116968315, 94.46339837914995, 0.0 ], [ 91.412382848180215, 94.479994076027111, 0.0 ], [ 91.40816137198135, 94.49692549227693, 0.0 ], [ 91.405131254979409, 94.514110139741348, 0.0 ], [ 91.403307259599842, 94.531464296545337, 0.0 ], [ 91.402698272164798, 94.548903414981368, 0.0 ], [ 91.403307259599842, 94.566342533417398, 0.0 ], [ 91.405131254979409, 94.583696690221387, 0.0 ], [ 91.40816137198135, 94.600881337685806, 0.0 ], [ 91.412382848180215, 94.617812753935624, 0.0 ], [ 91.417775116968315, 94.634408450812785, 0.0 ], [ 91.424311907754145, 94.650587575750322, 0.0 ], [ 91.43196137395006, 94.666271305677839, 0.0 ], [ 91.440686248125687, 94.681383231039675, 0.0 ], [ 91.450444023571066, 94.695849728054483, 0.0 ], [ 91.461187161385055, 94.709600317403002, 0.0 ], [ 91.47286332208013, 94.722568007596124, 0.0 ], [ 91.485415620575083, 94.734689621350711, 0.0 ], [ 91.498782903333378, 94.745906103383049, 0.0 ], [ 91.512900046297105, 94.756162808120123, 0.0 ], [ 91.527698272164798, 94.765409765927473, 0.0 ], [ 91.543105485467535, 94.773601926556154, 0.0 ], [ 91.559046623810815, 94.780699378623069, 0.0 ], [ 91.575444023571066, 94.786667544055149, 0.0 ], [ 91.592217798264883, 94.791477346550366, 0.0 ], [ 91.609286227748072, 94.795105353234419, 0.0 ], [ 91.626566156347891, 94.797533888823438, 0.0 ], [ 91.643973397989171, 94.798751121736146, 0.0 ], [ 91.661423146340425, 94.798751121736146, 0.0 ], [ 91.678830387981705, 94.797533888823438, 0.0 ], [ 91.696110316581525, 94.795105353234419, 0.0 ], [ 91.713178746064713, 94.791477346550366, 0.0 ], [ 91.72995252075853, 94.786667544055149, 0.0 ], [ 91.746349920518782, 94.780699378623069, 0.0 ], [ 91.762291058862061, 94.773601926556154, 0.0 ], [ 91.777698272164798, 94.765409765927473, 0.0 ], [ 91.792496498032492, 94.756162808120123, 0.0 ], [ 91.806613640996218, 94.745906103383049, 0.0 ], [ 91.819980923754514, 94.734689621350711, 0.0 ], [ 91.832533222249467, 94.722568007596124, 0.0 ], [ 91.844209382944541, 94.709600317403002, 0.0 ], [ 91.85495252075853, 94.695849728054483, 0.0 ], [ 91.86471029620391, 94.681383231039675, 0.0 ], [ 91.873435170379537, 94.666271305677839, 0.0 ], [ 91.881084636575451, 94.650587575750322, 0.0 ], [ 91.887621427361282, 94.634408450812785, 0.0 ], [ 91.893013696149382, 94.617812753935624, 0.0 ], [ 91.897235172348246, 94.600881337685806, 0.0 ], [ 91.900265289350187, 94.583696690221387, 0.0 ], [ 91.902089284729755, 94.566342533417398, 0.0 ], [ 91.902698272164798, 94.548903414981368, 0.0 ] ] } },
{ "type": "Feature", "properties": { "Layer": "A_INDICADORES", "SubClasses": "AcDbEntity:AcDbCircle", "EntityHandle": "1C1E403A" }, "geometry": { "type": "LineString", "coordinates": [ [ 1.303086193778881, 69.756259068843065, 0.0 ], [ 1.302477206343837, 69.738819950407034, 0.0 ], [ 1.300653210964273, 69.721465793603045, 0.0 ], [ 1.297623093962332, 69.704281146138626, 0.0 ], [ 1.293401617763461, 69.687349729888808, 0.0 ], [ 1.288009348975358, 69.670754033011647, 0.0 ], [ 1.281472558189531, 69.65457490807411, 0.0 ], [ 1.273823091993613, 69.638891178146594, 0.0 ], [ 1.265098217817987, 69.623779252784757, 0.0 ], [ 1.255340442372618, 69.609312755769949, 0.0 ], [ 1.244597304558625, 69.595562166421431, 0.0 ], [ 1.232921143863544, 69.582594476228309, 0.0 ], [ 1.220368845368595, 69.570472862473721, 0.0 ], [ 1.207001562610295, 69.559256380441383, 0.0 ], [ 1.192884419646568, 69.548999675704309, 0.0 ], [ 1.178086193778881, 69.53975271789696, 0.0 ], [ 1.16267898047615, 69.531560557268278, 0.0 ], [ 1.146737842132859, 69.524463105201363, 0.0 ], [ 1.130340442372618, 69.518494939769283, 0.0 ], [ 1.113566667678798, 69.513685137274067, 0.0 ], [ 1.096498238195613, 69.510057130590013, 0.0 ], [ 1.079218309595794, 69.507628595000995, 0.0 ], [ 1.061811067954506, 69.506411362088286, 0.0 ], [ 1.044361319603256, 69.506411362088286, 0.0 ], [ 1.026954077961967, 69.507628595000995, 0.0 ], [ 1.009674149362148, 69.510057130590013, 0.0 ], [ 0.992605719878964, 69.513685137274067, 0.0 ], [ 0.975831945185144, 69.518494939769283, 0.0 ], [ 0.959434545424903, 69.524463105201363, 0.0 ], [ 0.943493407081612, 69.531560557268278, 0.0 ], [ 0.928086193778881, 69.53975271789696, 0.0 ], [ 0.913287967911194, 69.548999675704309, 0.0 ], [ 0.899170824947466, 69.559256380441383, 0.0 ], [ 0.885803542189166, 69.570472862473721, 0.0 ], [ 0.873251243694218, 69.582594476228309, 0.0 ], [ 0.861575082999136, 69.595562166421431, 0.0 ], [ 0.850831945185144, 69.609312755769949, 0.0 ], [ 0.841074169739774, 69.623779252784757, 0.0 ], [ 0.832349295564149, 69.638891178146594, 0.0 ], [ 0.824699829368231, 69.65457490807411, 0.0 ], [ 0.818163038582404, 69.670754033011647, 0.0 ], [ 0.812770769794301, 69.687349729888808, 0.0 ], [ 0.808549293595429, 69.704281146138626, 0.0 ], [ 0.805519176593488, 69.721465793603045, 0.0 ], [ 0.803695181213925, 69.738819950407034, 0.0 ], [ 0.803086193778881, 69.756259068843065, 0.0 ], [ 0.803695181213925, 69.773698187279095, 0.0 ], [ 0.805519176593488, 69.791052344083084, 0.0 ], [ 0.808549293595429, 69.808236991547503, 0.0 ], [ 0.812770769794301, 69.825168407797321, 0.0 ], [ 0.818163038582404, 69.841764104674482, 0.0 ], [ 0.824699829368231, 69.857943229612019, 0.0 ], [ 0.832349295564149, 69.873626959539536, 0.0 ], [ 0.841074169739774, 69.888738884901372, 0.0 ], [ 0.850831945185144, 69.90320538191618, 0.0 ], [ 0.861575082999136, 69.916955971264699, 0.0 ], [ 0.873251243694218, 69.929923661457821, 0.0 ], [ 0.885803542189166, 69.942045275212408, 0.0 ], [ 0.899170824947466, 69.953261757244746, 0.0 ], [ 0.913287967911194, 69.96351846198182, 0.0 ], [ 0.928086193778881, 69.97276541978917, 0.0 ], [ 0.943493407081611, 69.980957580417851, 0.0 ], [ 0.959434545424903, 69.988055032484766, 0.0 ], [ 0.975831945185144, 69.994023197916846, 0.0 ], [ 0.992605719878964, 69.998833000412063, 0.0 ], [ 1.009674149362148, 70.002461007096116, 0.0 ], [ 1.026954077961967, 70.004889542685135, 0.0 ], [ 1.044361319603256, 70.006106775597843, 0.0 ], [ 1.061811067954506, 70.006106775597843, 0.0 ], [ 1.079218309595794, 70.004889542685135, 0.0 ], [ 1.096498238195613, 70.002461007096116, 0.0 ], [ 1.113566667678798, 69.998833000412063, 0.0 ], [ 1.130340442372618, 69.994023197916846, 0.0 ], [ 1.146737842132859, 69.988055032484766, 0.0 ], [ 1.16267898047615, 69.980957580417851, 0.0 ], [ 1.178086193778881, 69.97276541978917, 0.0 ], [ 1.192884419646568, 69.96351846198182, 0.0 ], [ 1.207001562610295, 69.953261757244746, 0.0 ], [ 1.220368845368595, 69.942045275212408, 0.0 ], [ 1.232921143863544, 69.929923661457821, 0.0 ], [ 1.244597304558625, 69.916955971264699, 0.0 ], [ 1.255340442372618, 69.90320538191618, 0.0 ], [ 1.265098217817987, 69.888738884901372, 0.0 ], [ 1.273823091993613, 69.873626959539536, 0.0 ], [ 1.281472558189531, 69.857943229612019, 0.0 ], [ 1.288009348975358, 69.841764104674482, 0.0 ], [ 1.293401617763461, 69.825168407797321, 0.0 ], [ 1.297623093962332, 69.808236991547503, 0.0 ], [ 1.300653210964273, 69.791052344083084, 0.0 ], [ 1.302477206343837, 69.773698187279095, 0.0 ], [ 1.303086193778881, 69.756259068843065, 0.0 ] ] } },
{ "type": "Feature", "properties": { "Layer": "A_INDICADORES", "SubClasses": "AcDbEntity:AcDbCircle", "EntityHandle": "1C1E403C" }, "geometry": { "type": "LineString", "coordinates": [ [ 1.303086193778881, 66.757697064755064, 0.0 ], [ 1.302477206343837, 66.740257946319034, 0.0 ], [ 1.300653210964273, 66.722903789515044, 0.0 ], [ 1.297623093962332, 66.705719142050626, 0.0 ], [ 1.293401617763461, 66.688787725800807, 0.0 ], [ 1.288009348975358, 66.672192028923646, 0.0 ], [ 1.281472558189531, 66.65601290398611, 0.0 ], [ 1.273823091993613, 66.640329174058593, 0.0 ], [ 1.265098217817987, 66.625217248696757, 0.0 ], [ 1.255340442372618, 66.610750751681948, 0.0 ], [ 1.244597304558625, 66.59700016233343, 0.0 ], [ 1.232921143863544, 66.584032472140308, 0.0 ], [ 1.220368845368595, 66.571910858385721, 0.0 ], [ 1.207001562610295, 66.560694376353382, 0.0 ], [ 1.192884419646568, 66.550437671616308, 0.0 ], [ 1.178086193778881, 66.541190713808959, 0.0 ], [ 1.16267898047615, 66.532998553180278, 0.0 ], [ 1.146737842132859, 66.525901101113362, 0.0 ], [ 1.130340442372618, 66.519932935681283, 0.0 ], [ 1.113566667678798, 66.515123133186066, 0.0 ], [ 1.096498238195613, 66.511495126502012, 0.0 ], [ 1.079218309595794, 66.509066590912994, 0.0 ], [ 1.061811067954506, 66.507849358000286, 0.0 ], [ 1.044361319603256, 66.507849358000286, 0.0 ], [ 1.026954077961967, 66.509066590912994, 0.0 ], [ 1.009674149362148, 66.511495126502012, 0.0 ], [ 0.992605719878964, 66.515123133186066, 0.0 ], [ 0.975831945185144, 66.519932935681283, 0.0 ], [ 0.959434545424903, 66.525901101113362, 0.0 ], [ 0.943493407081612, 66.532998553180278, 0.0 ], [ 0.928086193778881, 66.541190713808959, 0.0 ], [ 0.913287967911194, 66.550437671616308, 0.0 ], [ 0.899170824947466, 66.560694376353382, 0.0 ], [ 0.885803542189166, 66.571910858385721, 0.0 ], [ 0.873251243694218, 66.584032472140308, 0.0 ], [ 0.861575082999136, 66.59700016233343, 0.0 ], [ 0.850831945185144, 66.610750751681948, 0.0 ], [ 0.841074169739774, 66.625217248696757, 0.0 ], [ 0.832349295564149, 66.640329174058593, 0.0 ], [ 0.824699829368231, 66.65601290398611, 0.0 ], [ 0.818163038582404, 66.672192028923646, 0.0 ], [ 0.812770769794301, 66.688787725800807, 0.0 ], [ 0.808549293595429, 66.705719142050626, 0.0 ], [ 0.805519176593488, 66.722903789515044, 0.0 ], [ 0.803695181213925, 66.740257946319034, 0.0 ], [ 0.803086193778881, 66.757697064755064, 0.0 ], [ 0.803695181213925, 66.775136183191094, 0.0 ], [ 0.805519176593488, 66.792490339995084, 0.0 ], [ 0.808549293595429, 66.809674987459502, 0.0 ], [ 0.812770769794301, 66.82660640370932, 0.0 ], [ 0.818163038582404, 66.843202100586481, 0.0 ], [ 0.824699829368231, 66.859381225524018, 0.0 ], [ 0.832349295564149, 66.875064955451535, 0.0 ], [ 0.841074169739774, 66.890176880813371, 0.0 ], [ 0.850831945185144, 66.904643377828179, 0.0 ], [ 0.861575082999136, 66.918393967176698, 0.0 ], [ 0.873251243694218, 66.93136165736982, 0.0 ], [ 0.885803542189166, 66.943483271124407, 0.0 ], [ 0.899170824947466, 66.954699753156746, 0.0 ], [ 0.913287967911194, 66.96495645789382, 0.0 ], [ 0.928086193778881, 66.974203415701169, 0.0 ], [ 0.943493407081611, 66.98239557632985, 0.0 ], [ 0.959434545424903, 66.989493028396765, 0.0 ], [ 0.975831945185144, 66.995461193828845, 0.0 ], [ 0.992605719878964, 67.000270996324062, 0.0 ], [ 1.009674149362148, 67.003899003008115, 0.0 ], [ 1.026954077961967, 67.006327538597134, 0.0 ], [ 1.044361319603256, 67.007544771509842, 0.0 ], [ 1.061811067954506, 67.007544771509842, 0.0 ], [ 1.079218309595794, 67.006327538597134, 0.0 ], [ 1.096498238195613, 67.003899003008115, 0.0 ], [ 1.113566667678798, 67.000270996324062, 0.0 ], [ 1.130340442372618, 66.995461193828845, 0.0 ], [ 1.146737842132859, 66.989493028396765, 0.0 ], [ 1.16267898047615, 66.98239557632985, 0.0 ], [ 1.178086193778881, 66.974203415701169, 0.0 ], [ 1.192884419646568, 66.96495645789382, 0.0 ], [ 1.207001562610295, 66.954699753156746, 0.0 ], [ 1.220368845368595, 66.943483271124407, 0.0 ], [ 1.232921143863544, 66.93136165736982, 0.0 ], [ 1.244597304558625, 66.918393967176698, 0.0 ], [ 1.255340442372618, 66.904643377828179, 0.0 ], [ 1.265098217817987, 66.890176880813371, 0.0 ], [ 1.273823091993613, 66.875064955451535, 0.0 ], [ 1.281472558189531, 66.859381225524018, 0.0 ], [ 1.288009348975358, 66.843202100586481, 0.0 ], [ 1.293401617763461, 66.82660640370932, 0.0 ], [ 1.297623093962332, 66.809674987459502, 0.0 ], [ 1.300653210964273, 66.792490339995084, 0.0 ], [ 1.302477206343837, 66.775136183191094, 0.0 ], [ 1.303086193778881, 66.757697064755064, 0.0 ] ] } },
{ "type": "Feature", "properties": { "Layer": "A_INDICADORES", "SubClasses": "AcDbEntity:AcDbCircle", "EntityHandle": "1C1E403E" }, "geometry": { "type": "LineString", "coordinates": [ [ 1.303086193778881, 61.221721795929568, 0.0 ], [ 1.302477206343837, 61.204282677493538, 0.0 ], [ 1.300653210964273, 61.186928520689548, 0.0 ], [ 1.297623093962332, 61.16974387322513, 0.0 ], [ 1.293401617763461, 61.152812456975319, 0.0 ], [ 1.288009348975358, 61.136216760098151, 0.0 ], [ 1.281472558189531, 61.120037635160621, 0.0 ], [ 1.273823091993613, 61.104353905233097, 0.0 ], [ 1.265098217817987, 61.089241979871268, 0.0 ], [ 1.255340442372618, 61.074775482856452, 0.0 ], [ 1.244597304558625, 61.061024893507934, 0.0 ], [ 1.232921143863544, 61.048057203314819, 0.0 ], [ 1.220368845368595, 61.035935589560218, 0.0 ], [ 1.207001562610295, 61.024719107527886, 0.0 ], [ 1.192884419646568, 61.014462402790805, 0.0 ], [ 1.178086193778881, 61.005215444983456, 0.0 ], [ 1.16267898047615, 60.997023284354775, 0.0 ], [ 1.146737842132859, 60.989925832287874, 0.0 ], [ 1.130340442372618, 60.98395766685578, 0.0 ], [ 1.113566667678798, 60.97914786436057, 0.0 ], [ 1.096498238195613, 60.975519857676517, 0.0 ], [ 1.079218309595794, 60.973091322087498, 0.0 ], [ 1.061811067954506, 60.971874089174797, 0.0 ], [ 1.044361319603256, 60.971874089174797, 0.0 ], [ 1.026954077961967, 60.973091322087498, 0.0 ], [ 1.009674149362148, 60.975519857676517, 0.0 ], [ 0.992605719878964, 60.97914786436057, 0.0 ], [ 0.975831945185144, 60.98395766685578, 0.0 ], [ 0.959434545424903, 60.989925832287874, 0.0 ], [ 0.943493407081612, 60.997023284354775, 0.0 ], [ 0.928086193778881, 61.005215444983456, 0.0 ], [ 0.913287967911194, 61.014462402790805, 0.0 ], [ 0.899170824947466, 61.024719107527886, 0.0 ], [ 0.885803542189166, 61.035935589560218, 0.0 ], [ 0.873251243694218, 61.048057203314819, 0.0 ], [ 0.861575082999136, 61.061024893507934, 0.0 ], [ 0.850831945185144, 61.074775482856452, 0.0 ], [ 0.841074169739774, 61.089241979871268, 0.0 ], [ 0.832349295564149, 61.104353905233097, 0.0 ], [ 0.824699829368231, 61.120037635160621, 0.0 ], [ 0.818163038582404, 61.136216760098151, 0.0 ], [ 0.812770769794301, 61.152812456975319, 0.0 ], [ 0.808549293595429, 61.16974387322513, 0.0 ], [ 0.805519176593488, 61.186928520689548, 0.0 ], [ 0.803695181213925, 61.204282677493538, 0.0 ], [ 0.803086193778881, 61.221721795929568, 0.0 ], [ 0.803695181213925, 61.239160914365598, 0.0 ], [ 0.805519176593488, 61.256515071169588, 0.0 ], [ 0.808549293595429, 61.273699718634006, 0.0 ], [ 0.812770769794301, 61.290631134883817, 0.0 ], [ 0.818163038582404, 61.307226831760985, 0.0 ], [ 0.824699829368231, 61.323405956698515, 0.0 ], [ 0.832349295564149, 61.339089686626039, 0.0 ], [ 0.841074169739774, 61.354201611987868, 0.0 ], [ 0.850831945185144, 61.368668109002684, 0.0 ], [ 0.861575082999136, 61.382418698351202, 0.0 ], [ 0.873251243694218, 61.395386388544317, 0.0 ], [ 0.885803542189166, 61.407508002298918, 0.0 ], [ 0.899170824947466, 61.41872448433125, 0.0 ], [ 0.913287967911194, 61.428981189068331, 0.0 ], [ 0.928086193778881, 61.43822814687568, 0.0 ], [ 0.943493407081611, 61.446420307504361, 0.0 ], [ 0.959434545424903, 61.453517759571263, 0.0 ], [ 0.975831945185144, 61.459485925003356, 0.0 ], [ 0.992605719878964, 61.464295727498566, 0.0 ], [ 1.009674149362148, 61.467923734182619, 0.0 ], [ 1.026954077961967, 61.470352269771638, 0.0 ], [ 1.044361319603256, 61.471569502684339, 0.0 ], [ 1.061811067954506, 61.471569502684339, 0.0 ], [ 1.079218309595794, 61.470352269771638, 0.0 ], [ 1.096498238195613, 61.467923734182619, 0.0 ], [ 1.113566667678798, 61.464295727498566, 0.0 ], [ 1.130340442372618, 61.459485925003356, 0.0 ], [ 1.146737842132859, 61.453517759571263, 0.0 ], [ 1.16267898047615, 61.446420307504361, 0.0 ], [ 1.178086193778881, 61.43822814687568, 0.0 ], [ 1.192884419646568, 61.428981189068331, 0.0 ], [ 1.207001562610295, 61.41872448433125, 0.0 ], [ 1.220368845368595, 61.407508002298918, 0.0 ], [ 1.232921143863544, 61.395386388544317, 0.0 ], [ 1.244597304558625, 61.382418698351202, 0.0 ], [ 1.255340442372618, 61.368668109002684, 0.0 ], [ 1.265098217817987, 61.354201611987868, 0.0 ], [ 1.273823091993613, 61.339089686626039, 0.0 ], [ 1.281472558189531, 61.323405956698515, 0.0 ], [ 1.288009348975358, 61.307226831760985, 0.0 ], [ 1.293401617763461, 61.290631134883817, 0.0 ], [ 1.297623093962332, 61.273699718634006, 0.0 ], [ 1.300653210964273, 61.256515071169588, 0.0 ], [ 1.302477206343837, 61.239160914365598, 0.0 ], [ 1.303086193778881, 61.221721795929568, 0.0 ] ] } },
{ "type": "Feature", "properties": { "Layer": "A_INDICADORES", "SubClasses": "AcDbEntity:AcDbCircle", "EntityHandle": "1C1E4040" }, "geometry": { "type": "LineString", "coordinates": [ [ 1.303086193778881, 59.769588047192883, 0.0 ], [ 1.302477206343837, 59.752148928756853, 0.0 ], [ 1.300653210964273, 59.734794771952863, 0.0 ], [ 1.297623093962332, 59.717610124488445, 0.0 ], [ 1.293401617763461, 59.700678708238634, 0.0 ], [ 1.288009348975358, 59.684083011361466, 0.0 ], [ 1.281472558189531, 59.667903886423936, 0.0 ], [ 1.273823091993613, 59.652220156496412, 0.0 ], [ 1.265098217817987, 59.637108231134583, 0.0 ], [ 1.255340442372618, 59.622641734119767, 0.0 ], [ 1.244597304558625, 59.608891144771249, 0.0 ], [ 1.232921143863544, 59.595923454578134, 0.0 ], [ 1.220368845368595, 59.583801840823533, 0.0 ], [ 1.207001562610295, 59.572585358791201, 0.0 ], [ 1.192884419646568, 59.56232865405412, 0.0 ], [ 1.178086193778881, 59.553081696246771, 0.0 ], [ 1.16267898047615, 59.54488953561809, 0.0 ], [ 1.146737842132859, 59.537792083551189, 0.0 ], [ 1.130340442372618, 59.531823918119095, 0.0 ], [ 1.113566667678798, 59.527014115623885, 0.0 ], [ 1.096498238195613, 59.523386108939832, 0.0 ], [ 1.079218309595794, 59.520957573350813, 0.0 ], [ 1.061811067954506, 59.519740340438112, 0.0 ], [ 1.044361319603256, 59.519740340438112, 0.0 ], [ 1.026954077961967, 59.520957573350813, 0.0 ], [ 1.009674149362148, 59.523386108939832, 0.0 ], [ 0.992605719878964, 59.527014115623885, 0.0 ], [ 0.975831945185144, 59.531823918119095, 0.0 ], [ 0.959434545424903, 59.537792083551189, 0.0 ], [ 0.943493407081612, 59.54488953561809, 0.0 ], [ 0.928086193778881, 59.553081696246771, 0.0 ], [ 0.913287967911194, 59.56232865405412, 0.0 ], [ 0.899170824947466, 59.572585358791201, 0.0 ], [ 0.885803542189166, 59.583801840823533, 0.0 ], [ 0.873251243694218, 59.595923454578134, 0.0 ], [ 0.861575082999136, 59.608891144771249, 0.0 ], [ 0.850831945185144, 59.622641734119767, 0.0 ], [ 0.841074169739774, 59.637108231134583, 0.0 ], [ 0.832349295564149, 59.652220156496412, 0.0 ], [ 0.824699829368231, 59.667903886423936, 0.0 ], [ 0.818163038582404, 59.684083011361466, 0.0 ], [ 0.812770769794301, 59.700678708238634, 0.0 ], [ 0.808549293595429, 59.717610124488445, 0.0 ], [ 0.805519176593488, 59.734794771952863, 0.0 ], [ 0.803695181213925, 59.752148928756853, 0.0 ], [ 0.803086193778881, 59.769588047192883, 0.0 ], [ 0.803695181213925, 59.787027165628913, 0.0 ], [ 0.805519176593488, 59.804381322432903, 0.0 ], [ 0.808549293595429, 59.821565969897321, 0.0 ], [ 0.812770769794301, 59.838497386147132, 0.0 ], [ 0.818163038582404, 59.8550930830243, 0.0 ], [ 0.824699829368231, 59.87127220796183, 0.0 ], [ 0.832349295564149, 59.886955937889354, 0.0 ], [ 0.841074169739774, 59.902067863251183, 0.0 ], [ 0.850831945185144, 59.916534360265999, 0.0 ], [ 0.861575082999136, 59.930284949614517, 0.0 ], [ 0.873251243694218, 59.943252639807632, 0.0 ], [ 0.885803542189166, 59.955374253562233, 0.0 ], [ 0.899170824947466, 59.966590735594565, 0.0 ], [ 0.913287967911194, 59.976847440331646, 0.0 ], [ 0.928086193778881, 59.986094398138995, 0.0 ], [ 0.943493407081611, 59.994286558767676, 0.0 ], [ 0.959434545424903, 60.001384010834578, 0.0 ], [ 0.975831945185144, 60.007352176266672, 0.0 ], [ 0.992605719878964, 60.012161978761881, 0.0 ], [ 1.009674149362148, 60.015789985445934, 0.0 ], [ 1.026954077961967, 60.018218521034953, 0.0 ], [ 1.044361319603256, 60.019435753947654, 0.0 ], [ 1.061811067954506, 60.019435753947654, 0.0 ], [ 1.079218309595794, 60.018218521034953, 0.0 ], [ 1.096498238195613, 60.015789985445934, 0.0 ], [ 1.113566667678798, 60.012161978761881, 0.0 ], [ 1.130340442372618, 60.007352176266672, 0.0 ], [ 1.146737842132859, 60.001384010834578, 0.0 ], [ 1.16267898047615, 59.994286558767676, 0.0 ], [ 1.178086193778881, 59.986094398138995, 0.0 ], [ 1.192884419646568, 59.976847440331646, 0.0 ], [ 1.207001562610295, 59.966590735594565, 0.0 ], [ 1.220368845368595, 59.955374253562233, 0.0 ], [ 1.232921143863544, 59.943252639807632, 0.0 ], [ 1.244597304558625, 59.930284949614517, 0.0 ], [ 1.255340442372618, 59.916534360265999, 0.0 ], [ 1.265098217817987, 59.902067863251183, 0.0 ], [ 1.273823091993613, 59.886955937889354, 0.0 ], [ 1.281472558189531, 59.87127220796183, 0.0 ], [ 1.288009348975358, 59.8550930830243, 0.0 ], [ 1.293401617763461, 59.838497386147132, 0.0 ], [ 1.297623093962332, 59.821565969897321, 0.0 ], [ 1.300653210964273, 59.804381322432903, 0.0 ], [ 1.302477206343837, 59.787027165628913, 0.0 ], [ 1.303086193778881, 59.769588047192883, 0.0 ] ] } },
{ "type": "Feature", "properties": { "Layer": "A_INDICADORES", "SubClasses": "AcDbEntity:AcDbCircle", "EntityHandle": "1C1E4042" }, "geometry": { "type": "LineString", "coordinates": [ [ 36.20622167004899, 56.473531421546141, 0.0 ], [ 36.205612682613946, 56.456092303110111, 0.0 ], [ 36.203788687234379, 56.438738146306122, 0.0 ], [ 36.200758570232438, 56.421553498841703, 0.0 ], [ 36.196537094033573, 56.404622082591892, 0.0 ], [ 36.191144825245466, 56.388026385714724, 0.0 ], [ 36.184608034459643, 56.371847260777194, 0.0 ], [ 36.176958568263721, 56.35616353084967, 0.0 ], [ 36.168233694088094, 56.341051605487841, 0.0 ], [ 36.158475918642729, 56.326585108473026, 0.0 ], [ 36.147732780828733, 56.312834519124507, 0.0 ], [ 36.136056620133651, 56.299866828931393, 0.0 ], [ 36.123504321638706, 56.287745215176791, 0.0 ], [ 36.110137038880403, 56.27652873314446, 0.0 ], [ 36.096019895916676, 56.266272028407379, 0.0 ], [ 36.08122167004899, 56.257025070600029, 0.0 ], [ 36.06581445674626, 56.248832909971348, 0.0 ], [ 36.049873318402966, 56.241735457904447, 0.0 ], [ 36.033475918642729, 56.235767292472353, 0.0 ], [ 36.016702143948905, 56.230957489977143, 0.0 ], [ 35.999633714465723, 56.22732948329309, 0.0 ], [ 35.982353785865904, 56.224900947704072, 0.0 ], [ 35.964946544224617, 56.22368371479137, 0.0 ], [ 35.947496795873363, 56.22368371479137, 0.0 ], [ 35.930089554232076, 56.224900947704072, 0.0 ], [ 35.912809625632256, 56.22732948329309, 0.0 ], [ 35.895741196149075, 56.230957489977143, 0.0 ], [ 35.878967421455251, 56.235767292472353, 0.0 ], [ 35.862570021695014, 56.241735457904447, 0.0 ], [ 35.84662888335172, 56.248832909971348, 0.0 ], [ 35.83122167004899, 56.257025070600029, 0.0 ], [ 35.816423444181304, 56.266272028407379, 0.0 ], [ 35.802306301217577, 56.27652873314446, 0.0 ], [ 35.788939018459274, 56.287745215176791, 0.0 ], [ 35.776386719964329, 56.299866828931393, 0.0 ], [ 35.764710559269247, 56.312834519124507, 0.0 ], [ 35.753967421455251, 56.326585108473026, 0.0 ], [ 35.744209646009885, 56.341051605487841, 0.0 ], [ 35.735484771834258, 56.35616353084967, 0.0 ], [ 35.727835305638337, 56.371847260777194, 0.0 ], [ 35.721298514852514, 56.388026385714724, 0.0 ], [ 35.715906246064414, 56.404622082591892, 0.0 ], [ 35.711684769865542, 56.421553498841703, 0.0 ], [ 35.708654652863601, 56.438738146306122, 0.0 ], [ 35.706830657484034, 56.456092303110111, 0.0 ], [ 35.70622167004899, 56.473531421546141, 0.0 ], [ 35.706830657484034, 56.490970539982172, 0.0 ], [ 35.708654652863601, 56.508324696786161, 0.0 ], [ 35.711684769865542, 56.52550934425058, 0.0 ], [ 35.715906246064407, 56.542440760500391, 0.0 ], [ 35.721298514852514, 56.559036457377559, 0.0 ], [ 35.727835305638337, 56.575215582315089, 0.0 ], [ 35.735484771834258, 56.590899312242612, 0.0 ], [ 35.744209646009885, 56.606011237604442, 0.0 ], [ 35.753967421455251, 56.620477734619257, 0.0 ], [ 35.764710559269247, 56.634228323967776, 0.0 ], [ 35.776386719964329, 56.64719601416089, 0.0 ], [ 35.788939018459274, 56.659317627915492, 0.0 ], [ 35.802306301217577, 56.670534109947823, 0.0 ], [ 35.816423444181304, 56.680790814684904, 0.0 ], [ 35.83122167004899, 56.690037772492254, 0.0 ], [ 35.84662888335172, 56.698229933120935, 0.0 ], [ 35.862570021695014, 56.705327385187836, 0.0 ], [ 35.878967421455251, 56.71129555061993, 0.0 ], [ 35.895741196149075, 56.71610535311514, 0.0 ], [ 35.912809625632256, 56.719733359799193, 0.0 ], [ 35.930089554232076, 56.722161895388211, 0.0 ], [ 35.947496795873363, 56.723379128300913, 0.0 ], [ 35.964946544224617, 56.723379128300913, 0.0 ], [ 35.982353785865904, 56.722161895388211, 0.0 ], [ 35.999633714465723, 56.719733359799193, 0.0 ], [ 36.016702143948905, 56.71610535311514, 0.0 ], [ 36.033475918642729, 56.71129555061993, 0.0 ], [ 36.049873318402966, 56.705327385187836, 0.0 ], [ 36.06581445674626, 56.698229933120935, 0.0 ], [ 36.08122167004899, 56.690037772492254, 0.0 ], [ 36.096019895916676, 56.680790814684904, 0.0 ], [ 36.110137038880403, 56.670534109947823, 0.0 ], [ 36.123504321638706, 56.659317627915492, 0.0 ], [ 36.136056620133651, 56.64719601416089, 0.0 ], [ 36.147732780828733, 56.634228323967776, 0.0 ], [ 36.158475918642729, 56.620477734619257, 0.0 ], [ 36.168233694088094, 56.606011237604442, 0.0 ], [ 36.176958568263721, 56.590899312242612, 0.0 ], [ 36.184608034459643, 56.575215582315089, 0.0 ], [ 36.191144825245466, 56.559036457377559, 0.0 ], [ 36.196537094033566, 56.542440760500391, 0.0 ], [ 36.200758570232438, 56.52550934425058, 0.0 ], [ 36.203788687234379, 56.508324696786161, 0.0 ], [ 36.205612682613946, 56.490970539982172, 0.0 ], [ 36.20622167004899, 56.473531421546141, 0.0 ] ] } },
{ "type": "Feature", "properties": { "Layer": "A_INDICADORES", "SubClasses": "AcDbEntity:AcDbCircle", "EntityHandle": "1C1E4044" }, "geometry": { "type": "LineString", "coordinates": [ [ 39.520182086858988, 56.473531421546141, 0.0 ], [ 39.519573099423944, 56.456092303110111, 0.0 ], [ 39.517749104044377, 56.438738146306122, 0.0 ], [ 39.514718987042443, 56.421553498841703, 0.0 ], [ 39.510497510843564, 56.404622082591892, 0.0 ], [ 39.505105242055464, 56.388026385714724, 0.0 ], [ 39.498568451269641, 56.371847260777194, 0.0 ], [ 39.490918985073719, 56.35616353084967, 0.0 ], [ 39.482194110898092, 56.341051605487841, 0.0 ], [ 39.472436335452727, 56.326585108473026, 0.0 ], [ 39.461693197638731, 56.312834519124507, 0.0 ], [ 39.450017036943649, 56.299866828931393, 0.0 ], [ 39.437464738448703, 56.287745215176791, 0.0 ], [ 39.424097455690401, 56.27652873314446, 0.0 ], [ 39.409980312726674, 56.266272028407379, 0.0 ], [ 39.395182086858988, 56.257025070600029, 0.0 ], [ 39.379774873556258, 56.248832909971348, 0.0 ], [ 39.363833735212964, 56.241735457904447, 0.0 ], [ 39.347436335452727, 56.235767292472353, 0.0 ], [ 39.330662560758903, 56.230957489977143, 0.0 ], [ 39.313594131275721, 56.22732948329309, 0.0 ], [ 39.296314202675902, 56.224900947704072, 0.0 ], [ 39.278906961034615, 56.22368371479137, 0.0 ], [ 39.261457212683361, 56.22368371479137, 0.0 ], [ 39.244049971042074, 56.224900947704072, 0.0 ], [ 39.226770042442254, 56.22732948329309, 0.0 ], [ 39.209701612959073, 56.230957489977143, 0.0 ], [ 39.192927838265248, 56.235767292472353, 0.0 ], [ 39.176530438505011, 56.241735457904447, 0.0 ], [ 39.160589300161718, 56.248832909971348, 0.0 ], [ 39.145182086858988, 56.257025070600029, 0.0 ], [ 39.130383860991302, 56.266272028407379, 0.0 ], [ 39.116266718027575, 56.27652873314446, 0.0 ], [ 39.102899435269272, 56.287745215176791, 0.0 ], [ 39.090347136774326, 56.299866828931393, 0.0 ], [ 39.078670976079245, 56.312834519124507, 0.0 ], [ 39.067927838265248, 56.326585108473026, 0.0 ], [ 39.058170062819883, 56.341051605487841, 0.0 ], [ 39.049445188644256, 56.35616353084967, 0.0 ], [ 39.041795722448335, 56.371847260777194, 0.0 ], [ 39.035258931662511, 56.388026385714724, 0.0 ], [ 39.029866662874412, 56.404622082591892, 0.0 ], [ 39.025645186675533, 56.421553498841703, 0.0 ], [ 39.022615069673598, 56.438738146306122, 0.0 ], [ 39.020791074294031, 56.456092303110111, 0.0 ], [ 39.020182086858988, 56.473531421546141, 0.0 ], [ 39.020791074294031, 56.490970539982172, 0.0 ], [ 39.022615069673598, 56.508324696786161, 0.0 ], [ 39.025645186675533, 56.52550934425058, 0.0 ], [ 39.029866662874412, 56.542440760500391, 0.0 ], [ 39.035258931662511, 56.559036457377559, 0.0 ], [ 39.041795722448335, 56.575215582315089, 0.0 ], [ 39.049445188644256, 56.590899312242612, 0.0 ], [ 39.058170062819883, 56.606011237604442, 0.0 ], [ 39.067927838265248, 56.620477734619257, 0.0 ], [ 39.078670976079245, 56.634228323967776, 0.0 ], [ 39.090347136774326, 56.64719601416089, 0.0 ], [ 39.102899435269272, 56.659317627915492, 0.0 ], [ 39.116266718027575, 56.670534109947823, 0.0 ], [ 39.130383860991302, 56.680790814684904, 0.0 ], [ 39.145182086858988, 56.690037772492254, 0.0 ], [ 39.160589300161718, 56.698229933120935, 0.0 ], [ 39.176530438505011, 56.705327385187836, 0.0 ], [ 39.192927838265248, 56.71129555061993, 0.0 ], [ 39.209701612959073, 56.71610535311514, 0.0 ], [ 39.226770042442254, 56.719733359799193, 0.0 ], [ 39.244049971042074, 56.722161895388211, 0.0 ], [ 39.261457212683361, 56.723379128300913, 0.0 ], [ 39.278906961034615, 56.723379128300913, 0.0 ], [ 39.296314202675902, 56.722161895388211, 0.0 ], [ 39.313594131275721, 56.719733359799193, 0.0 ], [ 39.330662560758903, 56.71610535311514, 0.0 ], [ 39.347436335452727, 56.71129555061993, 0.0 ], [ 39.363833735212964, 56.705327385187836, 0.0 ], [ 39.379774873556258, 56.698229933120935, 0.0 ], [ 39.395182086858988, 56.690037772492254, 0.0 ], [ 39.409980312726674, 56.680790814684904, 0.0 ], [ 39.424097455690401, 56.670534109947823, 0.0 ], [ 39.437464738448703, 56.659317627915492, 0.0 ], [ 39.450017036943649, 56.64719601416089, 0.0 ], [ 39.461693197638731, 56.634228323967776, 0.0 ], [ 39.472436335452727, 56.620477734619257, 0.0 ], [ 39.482194110898092, 56.606011237604442, 0.0 ], [ 39.490918985073719, 56.590899312242612, 0.0 ], [ 39.498568451269641, 56.575215582315089, 0.0 ], [ 39.505105242055464, 56.559036457377559, 0.0 ], [ 39.510497510843564, 56.542440760500391, 0.0 ], [ 39.514718987042436, 56.52550934425058, 0.0 ], [ 39.517749104044377, 56.508324696786161, 0.0 ], [ 39.519573099423944, 56.490970539982172, 0.0 ], [ 39.520182086858988, 56.473531421546141, 0.0 ] ] } },
{ "type": "Feature", "properties": { "Layer": "A_INDICADORES", "SubClasses": "AcDbEntity:AcDbCircle", "EntityHandle": "1C1E4046" }, "geometry": { "type": "LineString", "coordinates": [ [ 41.084183556582957, 56.473531421546141, 0.0 ], [ 41.083574569147913, 56.456092303110111, 0.0 ], [ 41.081750573768346, 56.438738146306122, 0.0 ], [ 41.078720456766405, 56.421553498841703, 0.0 ], [ 41.07449898056754, 56.404622082591892, 0.0 ], [ 41.069106711779433, 56.388026385714724, 0.0 ], [ 41.06256992099361, 56.371847260777194, 0.0 ], [ 41.054920454797688, 56.35616353084967, 0.0 ], [ 41.046195580622062, 56.341051605487841, 0.0 ], [ 41.036437805176696, 56.326585108473026, 0.0 ], [ 41.0256946673627, 56.312834519124507, 0.0 ], [ 41.014018506667618, 56.299866828931393, 0.0 ], [ 41.001466208172673, 56.287745215176791, 0.0 ], [ 40.98809892541437, 56.27652873314446, 0.0 ], [ 40.973981782450643, 56.266272028407379, 0.0 ], [ 40.959183556582957, 56.257025070600029, 0.0 ], [ 40.943776343280227, 56.248832909971348, 0.0 ], [ 40.927835204936933, 56.241735457904447, 0.0 ], [ 40.911437805176696, 56.235767292472353, 0.0 ], [ 40.894664030482872, 56.230957489977143, 0.0 ], [ 40.87759560099969, 56.22732948329309, 0.0 ], [ 40.860315672399871, 56.224900947704072, 0.0 ], [ 40.842908430758584, 56.22368371479137, 0.0 ], [ 40.82545868240733, 56.22368371479137, 0.0 ], [ 40.808051440766043, 56.224900947704072, 0.0 ], [ 40.790771512166224, 56.22732948329309, 0.0 ], [ 40.773703082683042, 56.230957489977143, 0.0 ], [ 40.756929307989218, 56.235767292472353, 0.0 ], [ 40.740531908228981, 56.241735457904447, 0.0 ], [ 40.724590769885687, 56.248832909971348, 0.0 ], [ 40.709183556582957, 56.257025070600029, 0.0 ], [ 40.694385330715271, 56.266272028407379, 0.0 ], [ 40.680268187751544, 56.27652873314446, 0.0 ], [ 40.666900904993241, 56.287745215176791, 0.0 ], [ 40.654348606498296, 56.299866828931393, 0.0 ], [ 40.642672445803214, 56.312834519124507, 0.0 ], [ 40.631929307989218, 56.326585108473026, 0.0 ], [ 40.622171532543852, 56.341051605487841, 0.0 ], [ 40.613446658368225, 56.35616353084967, 0.0 ], [ 40.605797192172304, 56.371847260777194, 0.0 ], [ 40.599260401386481, 56.388026385714724, 0.0 ], [ 40.593868132598381, 56.404622082591892, 0.0 ], [ 40.589646656399509, 56.421553498841703, 0.0 ], [ 40.586616539397568, 56.438738146306122, 0.0 ], [ 40.584792544018001, 56.456092303110111, 0.0 ], [ 40.584183556582957, 56.473531421546141, 0.0 ], [ 40.584792544018001, 56.490970539982172, 0.0 ], [ 40.586616539397568, 56.508324696786161, 0.0 ], [ 40.589646656399509, 56.52550934425058, 0.0 ], [ 40.593868132598374, 56.542440760500391, 0.0 ], [ 40.599260401386481, 56.559036457377559, 0.0 ], [ 40.605797192172304, 56.575215582315089, 0.0 ], [ 40.613446658368225, 56.590899312242612, 0.0 ], [ 40.622171532543852, 56.606011237604442, 0.0 ], [ 40.631929307989218, 56.620477734619257, 0.0 ], [ 40.642672445803214, 56.634228323967776, 0.0 ], [ 40.654348606498296, 56.64719601416089, 0.0 ], [ 40.666900904993241, 56.659317627915492, 0.0 ], [ 40.680268187751544, 56.670534109947823, 0.0 ], [ 40.694385330715271, 56.680790814684904, 0.0 ], [ 40.709183556582957, 56.690037772492254, 0.0 ], [ 40.724590769885687, 56.698229933120935, 0.0 ], [ 40.740531908228981, 56.705327385187836, 0.0 ], [ 40.756929307989218, 56.71129555061993, 0.0 ], [ 40.773703082683042, 56.71610535311514, 0.0 ], [ 40.790771512166224, 56.719733359799193, 0.0 ], [ 40.808051440766043, 56.722161895388211, 0.0 ], [ 40.82545868240733, 56.723379128300913, 0.0 ], [ 40.842908430758584, 56.723379128300913, 0.0 ], [ 40.860315672399871, 56.722161895388211, 0.0 ], [ 40.87759560099969, 56.719733359799193, 0.0 ], [ 40.894664030482872, 56.71610535311514, 0.0 ], [ 40.911437805176696, 56.71129555061993, 0.0 ], [ 40.927835204936933, 56.705327385187836, 0.0 ], [ 40.943776343280227, 56.698229933120935, 0.0 ], [ 40.959183556582957, 56.690037772492254, 0.0 ], [ 40.973981782450643, 56.680790814684904, 0.0 ], [ 40.98809892541437, 56.670534109947823, 0.0 ], [ 41.001466208172673, 56.659317627915492, 0.0 ], [ 41.014018506667618, 56.64719601416089, 0.0 ], [ 41.0256946673627, 56.634228323967776, 0.0 ], [ 41.036437805176696, 56.620477734619257, 0.0 ], [ 41.046195580622062, 56.606011237604442, 0.0 ], [ 41.054920454797688, 56.590899312242612, 0.0 ], [ 41.06256992099361, 56.575215582315089, 0.0 ], [ 41.069106711779433, 56.559036457377559, 0.0 ], [ 41.074498980567533, 56.542440760500391, 0.0 ], [ 41.078720456766405, 56.52550934425058, 0.0 ], [ 41.081750573768346, 56.508324696786161, 0.0 ], [ 41.083574569147913, 56.490970539982172, 0.0 ], [ 41.084183556582957, 56.473531421546141, 0.0 ] ] } },
{ "type": "Feature", "properties": { "Layer": "A_INDICADORES", "SubClasses": "AcDbEntity:AcDbCircle", "EntityHandle": "1C1E4048" }, "geometry": { "type": "LineString", "coordinates": [ [ 42.14545463182219, 56.473531421546141, 0.0 ], [ 42.144845644387146, 56.456092303110111, 0.0 ], [ 42.143021649007579, 56.438738146306122, 0.0 ], [ 42.139991532005638, 56.421553498841703, 0.0 ], [ 42.135770055806773, 56.404622082591892, 0.0 ], [ 42.130377787018666, 56.388026385714724, 0.0 ], [ 42.123840996232843, 56.371847260777194, 0.0 ], [ 42.116191530036922, 56.35616353084967, 0.0 ], [ 42.107466655861295, 56.341051605487841, 0.0 ], [ 42.097708880415929, 56.326585108473026, 0.0 ], [ 42.086965742601933, 56.312834519124507, 0.0 ], [ 42.075289581906851, 56.299866828931393, 0.0 ], [ 42.062737283411906, 56.287745215176791, 0.0 ], [ 42.049370000653603, 56.27652873314446, 0.0 ], [ 42.035252857689876, 56.266272028407379, 0.0 ], [ 42.02045463182219, 56.257025070600029, 0.0 ], [ 42.00504741851946, 56.248832909971348, 0.0 ], [ 41.989106280176166, 56.241735457904447, 0.0 ], [ 41.972708880415929, 56.235767292472353, 0.0 ], [ 41.955935105722105, 56.230957489977143, 0.0 ], [ 41.938866676238924, 56.22732948329309, 0.0 ], [ 41.921586747639104, 56.224900947704072, 0.0 ], [ 41.904179505997817, 56.22368371479137, 0.0 ], [ 41.886729757646563, 56.22368371479137, 0.0 ], [ 41.869322516005276, 56.224900947704072, 0.0 ], [ 41.852042587405457, 56.22732948329309, 0.0 ], [ 41.834974157922275, 56.230957489977143, 0.0 ], [ 41.818200383228451, 56.235767292472353, 0.0 ], [ 41.801802983468214, 56.241735457904447, 0.0 ], [ 41.78586184512492, 56.248832909971348, 0.0 ], [ 41.77045463182219, 56.257025070600029, 0.0 ], [ 41.755656405954504, 56.266272028407379, 0.0 ], [ 41.741539262990777, 56.27652873314446, 0.0 ], [ 41.728171980232474, 56.287745215176791, 0.0 ], [ 41.715619681737529, 56.299866828931393, 0.0 ], [ 41.703943521042447, 56.312834519124507, 0.0 ], [ 41.693200383228451, 56.326585108473026, 0.0 ], [ 41.683442607783086, 56.341051605487841, 0.0 ], [ 41.674717733607459, 56.35616353084967, 0.0 ], [ 41.667068267411537, 56.371847260777194, 0.0 ], [ 41.660531476625714, 56.388026385714724, 0.0 ], [ 41.655139207837614, 56.404622082591892, 0.0 ], [ 41.650917731638742, 56.421553498841703, 0.0 ], [ 41.647887614636801, 56.438738146306122, 0.0 ], [ 41.646063619257234, 56.456092303110111, 0.0 ], [ 41.64545463182219, 56.473531421546141, 0.0 ], [ 41.646063619257234, 56.490970539982172, 0.0 ], [ 41.647887614636801, 56.508324696786161, 0.0 ], [ 41.650917731638742, 56.52550934425058, 0.0 ], [ 41.655139207837607, 56.542440760500391, 0.0 ], [ 41.660531476625714, 56.559036457377559, 0.0 ], [ 41.667068267411537, 56.575215582315089, 0.0 ], [ 41.674717733607459, 56.590899312242612, 0.0 ], [ 41.683442607783086, 56.606011237604442, 0.0 ], [ 41.693200383228451, 56.620477734619257, 0.0 ], [ 41.703943521042447, 56.634228323967776, 0.0 ], [ 41.715619681737529, 56.64719601416089, 0.0 ], [ 41.728171980232474, 56.659317627915492, 0.0 ], [ 41.741539262990777, 56.670534109947823, 0.0 ], [ 41.755656405954504, 56.680790814684904, 0.0 ], [ 41.77045463182219, 56.690037772492254, 0.0 ], [ 41.78586184512492, 56.698229933120935, 0.0 ], [ 41.801802983468214, 56.705327385187836, 0.0 ], [ 41.818200383228451, 56.71129555061993, 0.0 ], [ 41.834974157922275, 56.71610535311514, 0.0 ], [ 41.852042587405457, 56.719733359799193, 0.0 ], [ 41.869322516005276, 56.722161895388211, 0.0 ], [ 41.886729757646563, 56.723379128300913, 0.0 ], [ 41.904179505997817, 56.723379128300913, 0.0 ], [ 41.921586747639104, 56.722161895388211, 0.0 ], [ 41.938866676238924, 56.719733359799193, 0.0 ], [ 41.955935105722105, 56.71610535311514, 0.0 ], [ 41.972708880415929, 56.71129555061993, 0.0 ], [ 41.989106280176166, 56.705327385187836, 0.0 ], [ 42.00504741851946, 56.698229933120935, 0.0 ], [ 42.02045463182219, 56.690037772492254, 0.0 ], [ 42.035252857689876, 56.680790814684904, 0.0 ], [ 42.049370000653603, 56.670534109947823, 0.0 ], [ 42.062737283411906, 56.659317627915492, 0.0 ], [ 42.075289581906851, 56.64719601416089, 0.0 ], [ 42.086965742601933, 56.634228323967776, 0.0 ], [ 42.097708880415929, 56.620477734619257, 0.0 ], [ 42.107466655861295, 56.606011237604442, 0.0 ], [ 42.116191530036922, 56.590899312242612, 0.0 ], [ 42.123840996232843, 56.575215582315089, 0.0 ], [ 42.130377787018666, 56.559036457377559, 0.0 ], [ 42.135770055806766, 56.542440760500391, 0.0 ], [ 42.139991532005638, 56.52550934425058, 0.0 ], [ 42.143021649007579, 56.508324696786161, 0.0 ], [ 42.144845644387146, 56.490970539982172, 0.0 ], [ 42.14545463182219, 56.473531421546141, 0.0 ] ] } },
{ "type": "Feature", "properties": { "Layer": "A_INDICADORES", "SubClasses": "AcDbEntity:AcDbCircle", "EntityHandle": "1C1E404A" }, "geometry": { "type": "LineString", "coordinates": [ [ 43.695468965392479, 56.473531421546141, 0.0 ], [ 43.694859977957435, 56.456092303110111, 0.0 ], [ 43.693035982577868, 56.438738146306122, 0.0 ], [ 43.690005865575927, 56.421553498841703, 0.0 ], [ 43.685784389377062, 56.404622082591892, 0.0 ], [ 43.680392120588955, 56.388026385714724, 0.0 ], [ 43.673855329803132, 56.371847260777194, 0.0 ], [ 43.66620586360721, 56.35616353084967, 0.0 ], [ 43.657480989431583, 56.341051605487841, 0.0 ], [ 43.647723213986218, 56.326585108473026, 0.0 ], [ 43.636980076172222, 56.312834519124507, 0.0 ], [ 43.62530391547714, 56.299866828931393, 0.0 ], [ 43.612751616982194, 56.287745215176791, 0.0 ], [ 43.599384334223892, 56.27652873314446, 0.0 ], [ 43.585267191260165, 56.266272028407379, 0.0 ], [ 43.570468965392479, 56.257025070600029, 0.0 ], [ 43.555061752089749, 56.248832909971348, 0.0 ], [ 43.539120613746455, 56.241735457904447, 0.0 ], [ 43.522723213986218, 56.235767292472353, 0.0 ], [ 43.505949439292394, 56.230957489977143, 0.0 ], [ 43.488881009809212, 56.22732948329309, 0.0 ], [ 43.471601081209393, 56.224900947704072, 0.0 ], [ 43.454193839568106, 56.22368371479137, 0.0 ], [ 43.436744091216852, 56.22368371479137, 0.0 ], [ 43.419336849575565, 56.224900947704072, 0.0 ], [ 43.402056920975745, 56.22732948329309, 0.0 ], [ 43.384988491492564, 56.230957489977143, 0.0 ], [ 43.36821471679874, 56.235767292472353, 0.0 ], [ 43.351817317038503, 56.241735457904447, 0.0 ], [ 43.335876178695209, 56.248832909971348, 0.0 ], [ 43.320468965392479, 56.257025070600029, 0.0 ], [ 43.305670739524793, 56.266272028407379, 0.0 ], [ 43.291553596561066, 56.27652873314446, 0.0 ], [ 43.278186313802763, 56.287745215176791, 0.0 ], [ 43.265634015307818, 56.299866828931393, 0.0 ], [ 43.253957854612736, 56.312834519124507, 0.0 ], [ 43.24321471679874, 56.326585108473026, 0.0 ], [ 43.233456941353374, 56.341051605487841, 0.0 ], [ 43.224732067177747, 56.35616353084967, 0.0 ], [ 43.217082600981826, 56.371847260777194, 0.0 ], [ 43.210545810196002, 56.388026385714724, 0.0 ], [ 43.205153541407903, 56.404622082591892, 0.0 ], [ 43.200932065209031, 56.421553498841703, 0.0 ], [ 43.19790194820709, 56.438738146306122, 0.0 ], [ 43.196077952827522, 56.456092303110111, 0.0 ], [ 43.195468965392479, 56.473531421546141, 0.0 ], [ 43.196077952827522, 56.490970539982172, 0.0 ], [ 43.19790194820709, 56.508324696786161, 0.0 ], [ 43.200932065209031, 56.52550934425058, 0.0 ], [ 43.205153541407896, 56.542440760500391, 0.0 ], [ 43.210545810196002, 56.559036457377559, 0.0 ], [ 43.217082600981826, 56.575215582315089, 0.0 ], [ 43.224732067177747, 56.590899312242612, 0.0 ], [ 43.233456941353374, 56.606011237604442, 0.0 ], [ 43.24321471679874, 56.620477734619257, 0.0 ], [ 43.253957854612736, 56.634228323967776, 0.0 ], [ 43.265634015307818, 56.64719601416089, 0.0 ], [ 43.278186313802763, 56.659317627915492, 0.0 ], [ 43.291553596561066, 56.670534109947823, 0.0 ], [ 43.305670739524793, 56.680790814684904, 0.0 ], [ 43.320468965392479, 56.690037772492254, 0.0 ], [ 43.335876178695209, 56.698229933120935, 0.0 ], [ 43.351817317038503, 56.705327385187836, 0.0 ], [ 43.36821471679874, 56.71129555061993, 0.0 ], [ 43.384988491492564, 56.71610535311514, 0.0 ], [ 43.402056920975745, 56.719733359799193, 0.0 ], [ 43.419336849575565, 56.722161895388211, 0.0 ], [ 43.436744091216852, 56.723379128300913, 0.0 ], [ 43.454193839568106, 56.723379128300913, 0.0 ], [ 43.471601081209393, 56.722161895388211, 0.0 ], [ 43.488881009809212, 56.719733359799193, 0.0 ], [ 43.505949439292394, 56.71610535311514, 0.0 ], [ 43.522723213986218, 56.71129555061993, 0.0 ], [ 43.539120613746455, 56.705327385187836, 0.0 ], [ 43.555061752089749, 56.698229933120935, 0.0 ], [ 43.570468965392479, 56.690037772492254, 0.0 ], [ 43.585267191260165, 56.680790814684904, 0.0 ], [ 43.599384334223892, 56.670534109947823, 0.0 ], [ 43.612751616982194, 56.659317627915492, 0.0 ], [ 43.62530391547714, 56.64719601416089, 0.0 ], [ 43.636980076172222, 56.634228323967776, 0.0 ], [ 43.647723213986218, 56.620477734619257, 0.0 ], [ 43.657480989431583, 56.606011237604442, 0.0 ], [ 43.66620586360721, 56.590899312242612, 0.0 ], [ 43.673855329803132, 56.575215582315089, 0.0 ], [ 43.680392120588955, 56.559036457377559, 0.0 ], [ 43.685784389377055, 56.542440760500391, 0.0 ], [ 43.690005865575927, 56.52550934425058, 0.0 ], [ 43.693035982577868, 56.508324696786161, 0.0 ], [ 43.694859977957435, 56.490970539982172, 0.0 ], [ 43.695468965392479, 56.473531421546141, 0.0 ] ] } },
{ "type": "Feature", "properties": { "Layer": "A_INDICADORES", "SubClasses": "AcDbEntity:AcDbCircle", "EntityHandle": "1C1E404C" }, "geometry": { "type": "LineString", "coordinates": [ [ 59.101343151191372, 56.473531421546141, 0.0 ], [ 59.100734163756329, 56.456092303110111, 0.0 ], [ 59.098910168376761, 56.438738146306122, 0.0 ], [ 59.09588005137482, 56.421553498841703, 0.0 ], [ 59.091658575175956, 56.404622082591892, 0.0 ], [ 59.086266306387849, 56.388026385714724, 0.0 ], [ 59.079729515602025, 56.371847260777194, 0.0 ], [ 59.072080049406104, 56.35616353084967, 0.0 ], [ 59.063355175230477, 56.341051605487841, 0.0 ], [ 59.053597399785112, 56.326585108473026, 0.0 ], [ 59.042854261971115, 56.312834519124507, 0.0 ], [ 59.031178101276033, 56.299866828931393, 0.0 ], [ 59.018625802781088, 56.287745215176791, 0.0 ], [ 59.005258520022785, 56.27652873314446, 0.0 ], [ 58.991141377059058, 56.266272028407379, 0.0 ], [ 58.976343151191372, 56.257025070600029, 0.0 ], [ 58.960935937888642, 56.248832909971348, 0.0 ], [ 58.944994799545348, 56.241735457904447, 0.0 ], [ 58.928597399785112, 56.235767292472353, 0.0 ], [ 58.911823625091287, 56.230957489977143, 0.0 ], [ 58.894755195608106, 56.22732948329309, 0.0 ], [ 58.877475267008286, 56.224900947704072, 0.0 ], [ 58.860068025366999, 56.22368371479137, 0.0 ], [ 58.842618277015745, 56.22368371479137, 0.0 ], [ 58.825211035374458, 56.224900947704072, 0.0 ], [ 58.807931106774639, 56.22732948329309, 0.0 ], [ 58.790862677291457, 56.230957489977143, 0.0 ], [ 58.774088902597633, 56.235767292472353, 0.0 ], [ 58.757691502837396, 56.241735457904447, 0.0 ], [ 58.741750364494102, 56.248832909971348, 0.0 ], [ 58.726343151191372, 56.257025070600029, 0.0 ], [ 58.711544925323686, 56.266272028407379, 0.0 ], [ 58.697427782359959, 56.27652873314446, 0.0 ], [ 58.684060499601657, 56.287745215176791, 0.0 ], [ 58.671508201106711, 56.299866828931393, 0.0 ], [ 58.659832040411629, 56.312834519124507, 0.0 ], [ 58.649088902597633, 56.326585108473026, 0.0 ], [ 58.639331127152268, 56.341051605487841, 0.0 ], [ 58.630606252976641, 56.35616353084967, 0.0 ], [ 58.622956786780719, 56.371847260777194, 0.0 ], [ 58.616419995994896, 56.388026385714724, 0.0 ], [ 58.611027727206796, 56.404622082591892, 0.0 ], [ 58.606806251007924, 56.421553498841703, 0.0 ], [ 58.603776134005983, 56.438738146306122, 0.0 ], [ 58.601952138626416, 56.456092303110111, 0.0 ], [ 58.601343151191372, 56.473531421546141, 0.0 ], [ 58.601952138626416, 56.490970539982172, 0.0 ], [ 58.603776134005983, 56.508324696786161, 0.0 ], [ 58.606806251007924, 56.52550934425058, 0.0 ], [ 58.611027727206789, 56.542440760500391, 0.0 ], [ 58.616419995994896, 56.559036457377559, 0.0 ], [ 58.622956786780719, 56.575215582315089, 0.0 ], [ 58.630606252976641, 56.590899312242612, 0.0 ], [ 58.639331127152268, 56.606011237604442, 0.0 ], [ 58.649088902597633, 56.620477734619257, 0.0 ], [ 58.659832040411629, 56.634228323967776, 0.0 ], [ 58.671508201106711, 56.64719601416089, 0.0 ], [ 58.684060499601657, 56.659317627915492, 0.0 ], [ 58.697427782359959, 56.670534109947823, 0.0 ], [ 58.711544925323686, 56.680790814684904, 0.0 ], [ 58.726343151191372, 56.690037772492254, 0.0 ], [ 58.741750364494102, 56.698229933120935, 0.0 ], [ 58.757691502837396, 56.705327385187836, 0.0 ], [ 58.774088902597633, 56.71129555061993, 0.0 ], [ 58.790862677291457, 56.71610535311514, 0.0 ], [ 58.807931106774639, 56.719733359799193, 0.0 ], [ 58.825211035374458, 56.722161895388211, 0.0 ], [ 58.842618277015745, 56.723379128300913, 0.0 ], [ 58.860068025366999, 56.723379128300913, 0.0 ], [ 58.877475267008286, 56.722161895388211, 0.0 ], [ 58.894755195608106, 56.719733359799193, 0.0 ], [ 58.911823625091287, 56.71610535311514, 0.0 ], [ 58.928597399785112, 56.71129555061993, 0.0 ], [ 58.944994799545348, 56.705327385187836, 0.0 ], [ 58.960935937888642, 56.698229933120935, 0.0 ], [ 58.976343151191372, 56.690037772492254, 0.0 ], [ 58.991141377059058, 56.680790814684904, 0.0 ], [ 59.005258520022785, 56.670534109947823, 0.0 ], [ 59.018625802781088, 56.659317627915492, 0.0 ], [ 59.031178101276033, 56.64719601416089, 0.0 ], [ 59.042854261971115, 56.634228323967776, 0.0 ], [ 59.053597399785112, 56.620477734619257, 0.0 ], [ 59.063355175230477, 56.606011237604442, 0.0 ], [ 59.072080049406104, 56.590899312242612, 0.0 ], [ 59.079729515602025, 56.575215582315089, 0.0 ], [ 59.086266306387849, 56.559036457377559, 0.0 ], [ 59.091658575175948, 56.542440760500391, 0.0 ], [ 59.09588005137482, 56.52550934425058, 0.0 ], [ 59.098910168376761, 56.508324696786161, 0.0 ], [ 59.100734163756329, 56.490970539982172, 0.0 ], [ 59.101343151191372, 56.473531421546141, 0.0 ] ] } },
{ "type": "Feature", "properties": { "Layer": "A_INDICADORES", "SubClasses": "AcDbEntity:AcDbCircle", "EntityHandle": "1C1E404E" }, "geometry": { "type": "LineString", "coordinates": [ [ 59.879783733608178, 56.473531421546141, 0.0 ], [ 59.879174746173135, 56.456092303110111, 0.0 ], [ 59.877350750793568, 56.438738146306122, 0.0 ], [ 59.874320633791626, 56.421553498841703, 0.0 ], [ 59.870099157592762, 56.404622082591892, 0.0 ], [ 59.864706888804655, 56.388026385714724, 0.0 ], [ 59.858170098018832, 56.371847260777194, 0.0 ], [ 59.85052063182291, 56.35616353084967, 0.0 ], [ 59.841795757647283, 56.341051605487841, 0.0 ], [ 59.832037982201918, 56.326585108473026, 0.0 ], [ 59.821294844387921, 56.312834519124507, 0.0 ], [ 59.80961868369284, 56.299866828931393, 0.0 ], [ 59.797066385197894, 56.287745215176791, 0.0 ], [ 59.783699102439591, 56.27652873314446, 0.0 ], [ 59.769581959475865, 56.266272028407379, 0.0 ], [ 59.754783733608178, 56.257025070600029, 0.0 ], [ 59.739376520305449, 56.248832909971348, 0.0 ], [ 59.723435381962155, 56.241735457904447, 0.0 ], [ 59.707037982201918, 56.235767292472353, 0.0 ], [ 59.690264207508093, 56.230957489977143, 0.0 ], [ 59.673195778024912, 56.22732948329309, 0.0 ], [ 59.655915849425092, 56.224900947704072, 0.0 ], [ 59.638508607783805, 56.22368371479137, 0.0 ], [ 59.621058859432551, 56.22368371479137, 0.0 ], [ 59.603651617791265, 56.224900947704072, 0.0 ], [ 59.586371689191445, 56.22732948329309, 0.0 ], [ 59.569303259708263, 56.230957489977143, 0.0 ], [ 59.552529485014439, 56.235767292472353, 0.0 ], [ 59.536132085254202, 56.241735457904447, 0.0 ], [ 59.520190946910908, 56.248832909971348, 0.0 ], [ 59.504783733608178, 56.257025070600029, 0.0 ], [ 59.489985507740492, 56.266272028407379, 0.0 ], [ 59.475868364776765, 56.27652873314446, 0.0 ], [ 59.462501082018463, 56.287745215176791, 0.0 ], [ 59.449948783523517, 56.299866828931393, 0.0 ], [ 59.438272622828435, 56.312834519124507, 0.0 ], [ 59.427529485014439, 56.326585108473026, 0.0 ], [ 59.417771709569074, 56.341051605487841, 0.0 ], [ 59.409046835393447, 56.35616353084967, 0.0 ], [ 59.401397369197525, 56.371847260777194, 0.0 ], [ 59.394860578411702, 56.388026385714724, 0.0 ], [ 59.389468309623602, 56.404622082591892, 0.0 ], [ 59.385246833424731, 56.421553498841703, 0.0 ], [ 59.382216716422789, 56.438738146306122, 0.0 ], [ 59.380392721043222, 56.456092303110111, 0.0 ], [ 59.379783733608178, 56.473531421546141, 0.0 ], [ 59.380392721043222, 56.490970539982172, 0.0 ], [ 59.382216716422789, 56.508324696786161, 0.0 ], [ 59.385246833424731, 56.52550934425058, 0.0 ], [ 59.389468309623595, 56.542440760500391, 0.0 ], [ 59.394860578411702, 56.559036457377559, 0.0 ], [ 59.401397369197525, 56.575215582315089, 0.0 ], [ 59.409046835393447, 56.590899312242612, 0.0 ], [ 59.417771709569074, 56.606011237604442, 0.0 ], [ 59.427529485014439, 56.620477734619257, 0.0 ], [ 59.438272622828435, 56.634228323967776, 0.0 ], [ 59.449948783523517, 56.64719601416089, 0.0 ], [ 59.462501082018463, 56.659317627915492, 0.0 ], [ 59.475868364776765, 56.670534109947823, 0.0 ], [ 59.489985507740492, 56.680790814684904, 0.0 ], [ 59.504783733608178, 56.690037772492254, 0.0 ], [ 59.520190946910908, 56.698229933120935, 0.0 ], [ 59.536132085254202, 56.705327385187836, 0.0 ], [ 59.552529485014439, 56.71129555061993, 0.0 ], [ 59.569303259708263, 56.71610535311514, 0.0 ], [ 59.586371689191445, 56.719733359799193, 0.0 ], [ 59.603651617791265, 56.722161895388211, 0.0 ], [ 59.621058859432551, 56.723379128300913, 0.0 ], [ 59.638508607783805, 56.723379128300913, 0.0 ], [ 59.655915849425092, 56.722161895388211, 0.0 ], [ 59.673195778024912, 56.719733359799193, 0.0 ], [ 59.690264207508093, 56.71610535311514, 0.0 ], [ 59.707037982201918, 56.71129555061993, 0.0 ], [ 59.723435381962155, 56.705327385187836, 0.0 ], [ 59.739376520305449, 56.698229933120935, 0.0 ], [ 59.754783733608178, 56.690037772492254, 0.0 ], [ 59.769581959475865, 56.680790814684904, 0.0 ], [ 59.783699102439591, 56.670534109947823, 0.0 ], [ 59.797066385197894, 56.659317627915492, 0.0 ], [ 59.80961868369284, 56.64719601416089, 0.0 ], [ 59.821294844387921, 56.634228323967776, 0.0 ], [ 59.832037982201918, 56.620477734619257, 0.0 ], [ 59.841795757647283, 56.606011237604442, 0.0 ], [ 59.85052063182291, 56.590899312242612, 0.0 ], [ 59.858170098018832, 56.575215582315089, 0.0 ], [ 59.864706888804655, 56.559036457377559, 0.0 ], [ 59.870099157592755, 56.542440760500391, 0.0 ], [ 59.874320633791626, 56.52550934425058, 0.0 ], [ 59.877350750793568, 56.508324696786161, 0.0 ], [ 59.879174746173135, 56.490970539982172, 0.0 ], [ 59.879783733608178, 56.473531421546141, 0.0 ] ] } },
{ "type": "Feature", "properties": { "Layer": "A_INDICADORES", "SubClasses": "AcDbEntity:AcDbCircle", "EntityHandle": "1C1E4050" }, "geometry": { "type": "LineString", "coordinates": [ [ 63.723481008774122, 56.473531421546141, 0.0 ], [ 63.722872021339079, 56.456092303110111, 0.0 ], [ 63.721048025959512, 56.438738146306122, 0.0 ], [ 63.718017908957577, 56.421553498841703, 0.0 ], [ 63.713796432758699, 56.404622082591892, 0.0 ], [ 63.708404163970599, 56.388026385714724, 0.0 ], [ 63.701867373184776, 56.371847260777194, 0.0 ], [ 63.694217906988854, 56.35616353084967, 0.0 ], [ 63.685493032813227, 56.341051605487841, 0.0 ], [ 63.675735257367862, 56.326585108473026, 0.0 ], [ 63.664992119553865, 56.312834519124507, 0.0 ], [ 63.653315958858784, 56.299866828931393, 0.0 ], [ 63.640763660363838, 56.287745215176791, 0.0 ], [ 63.627396377605535, 56.27652873314446, 0.0 ], [ 63.613279234641809, 56.266272028407379, 0.0 ], [ 63.598481008774122, 56.257025070600029, 0.0 ], [ 63.583073795471392, 56.248832909971348, 0.0 ], [ 63.567132657128099, 56.241735457904447, 0.0 ], [ 63.550735257367862, 56.235767292472353, 0.0 ], [ 63.533961482674037, 56.230957489977143, 0.0 ], [ 63.516893053190856, 56.22732948329309, 0.0 ], [ 63.499613124591036, 56.224900947704072, 0.0 ], [ 63.482205882949749, 56.22368371479137, 0.0 ], [ 63.464756134598495, 56.22368371479137, 0.0 ], [ 63.447348892957208, 56.224900947704072, 0.0 ], [ 63.430068964357389, 56.22732948329309, 0.0 ], [ 63.413000534874207, 56.230957489977143, 0.0 ], [ 63.396226760180383, 56.235767292472353, 0.0 ], [ 63.379829360420146, 56.241735457904447, 0.0 ], [ 63.363888222076852, 56.248832909971348, 0.0 ], [ 63.348481008774122, 56.257025070600029, 0.0 ], [ 63.333682782906436, 56.266272028407379, 0.0 ], [ 63.319565639942709, 56.27652873314446, 0.0 ], [ 63.306198357184407, 56.287745215176791, 0.0 ], [ 63.293646058689461, 56.299866828931393, 0.0 ], [ 63.281969897994379, 56.312834519124507, 0.0 ], [ 63.271226760180383, 56.326585108473026, 0.0 ], [ 63.261468984735018, 56.341051605487841, 0.0 ], [ 63.252744110559391, 56.35616353084967, 0.0 ], [ 63.245094644363469, 56.371847260777194, 0.0 ], [ 63.238557853577646, 56.388026385714724, 0.0 ], [ 63.233165584789546, 56.404622082591892, 0.0 ], [ 63.228944108590667, 56.421553498841703, 0.0 ], [ 63.225913991588733, 56.438738146306122, 0.0 ], [ 63.224089996209166, 56.456092303110111, 0.0 ], [ 63.223481008774122, 56.473531421546141, 0.0 ], [ 63.224089996209166, 56.490970539982172, 0.0 ], [ 63.225913991588733, 56.508324696786161, 0.0 ], [ 63.228944108590667, 56.52550934425058, 0.0 ], [ 63.233165584789546, 56.542440760500391, 0.0 ], [ 63.238557853577646, 56.559036457377559, 0.0 ], [ 63.245094644363469, 56.575215582315089, 0.0 ], [ 63.252744110559391, 56.590899312242612, 0.0 ], [ 63.261468984735018, 56.606011237604442, 0.0 ], [ 63.271226760180383, 56.620477734619257, 0.0 ], [ 63.281969897994379, 56.634228323967776, 0.0 ], [ 63.293646058689461, 56.64719601416089, 0.0 ], [ 63.306198357184407, 56.659317627915492, 0.0 ], [ 63.319565639942709, 56.670534109947823, 0.0 ], [ 63.333682782906436, 56.680790814684904, 0.0 ], [ 63.348481008774122, 56.690037772492254, 0.0 ], [ 63.363888222076852, 56.698229933120935, 0.0 ], [ 63.379829360420146, 56.705327385187836, 0.0 ], [ 63.396226760180383, 56.71129555061993, 0.0 ], [ 63.413000534874207, 56.71610535311514, 0.0 ], [ 63.430068964357389, 56.719733359799193, 0.0 ], [ 63.447348892957208, 56.722161895388211, 0.0 ], [ 63.464756134598495, 56.723379128300913, 0.0 ], [ 63.482205882949749, 56.723379128300913, 0.0 ], [ 63.499613124591036, 56.722161895388211, 0.0 ], [ 63.516893053190856, 56.719733359799193, 0.0 ], [ 63.533961482674037, 56.71610535311514, 0.0 ], [ 63.550735257367862, 56.71129555061993, 0.0 ], [ 63.567132657128099, 56.705327385187836, 0.0 ], [ 63.583073795471392, 56.698229933120935, 0.0 ], [ 63.598481008774122, 56.690037772492254, 0.0 ], [ 63.613279234641809, 56.680790814684904, 0.0 ], [ 63.627396377605535, 56.670534109947823, 0.0 ], [ 63.640763660363838, 56.659317627915492, 0.0 ], [ 63.653315958858784, 56.64719601416089, 0.0 ], [ 63.664992119553865, 56.634228323967776, 0.0 ], [ 63.675735257367862, 56.620477734619257, 0.0 ], [ 63.685493032813227, 56.606011237604442, 0.0 ], [ 63.694217906988854, 56.590899312242612, 0.0 ], [ 63.701867373184776, 56.575215582315089, 0.0 ], [ 63.708404163970599, 56.559036457377559, 0.0 ], [ 63.713796432758699, 56.542440760500391, 0.0 ], [ 63.71801790895757, 56.52550934425058, 0.0 ], [ 63.721048025959512, 56.508324696786161, 0.0 ], [ 63.722872021339079, 56.490970539982172, 0.0 ], [ 63.723481008774122, 56.473531421546141, 0.0 ] ] } },
{ "type": "Feature", "properties": { "Layer": "A_INDICADORES", "SubClasses": "AcDbEntity:AcDbCircle", "EntityHandle": "1C1E4052" }, "geometry": { "type": "LineString", "coordinates": [ [ 78.058014303025971, 56.473531421546141, 0.0 ], [ 78.057405315590927, 56.456092303110111, 0.0 ], [ 78.05558132021136, 56.438738146306122, 0.0 ], [ 78.052551203209418, 56.421553498841703, 0.0 ], [ 78.048329727010554, 56.404622082591892, 0.0 ], [ 78.042937458222454, 56.388026385714724, 0.0 ], [ 78.036400667436624, 56.371847260777194, 0.0 ], [ 78.028751201240709, 56.35616353084967, 0.0 ], [ 78.020026327065082, 56.341051605487841, 0.0 ], [ 78.010268551619703, 56.326585108473026, 0.0 ], [ 77.999525413805713, 56.312834519124507, 0.0 ], [ 77.987849253110639, 56.299866828931393, 0.0 ], [ 77.975296954615686, 56.287745215176791, 0.0 ], [ 77.961929671857391, 56.27652873314446, 0.0 ], [ 77.947812528893664, 56.266272028407379, 0.0 ], [ 77.933014303025971, 56.257025070600029, 0.0 ], [ 77.917607089723234, 56.248832909971348, 0.0 ], [ 77.901665951379954, 56.241735457904447, 0.0 ], [ 77.885268551619703, 56.235767292472353, 0.0 ], [ 77.868494776925886, 56.230957489977143, 0.0 ], [ 77.851426347442697, 56.22732948329309, 0.0 ], [ 77.834146418842877, 56.224900947704072, 0.0 ], [ 77.816739177201597, 56.22368371479137, 0.0 ], [ 77.799289428850344, 56.22368371479137, 0.0 ], [ 77.781882187209064, 56.224900947704072, 0.0 ], [ 77.764602258609244, 56.22732948329309, 0.0 ], [ 77.747533829126056, 56.230957489977143, 0.0 ], [ 77.730760054432238, 56.235767292472353, 0.0 ], [ 77.714362654671987, 56.241735457904447, 0.0 ], [ 77.698421516328708, 56.248832909971348, 0.0 ], [ 77.683014303025971, 56.257025070600029, 0.0 ], [ 77.668216077158277, 56.266272028407379, 0.0 ], [ 77.65409893419455, 56.27652873314446, 0.0 ], [ 77.640731651436255, 56.287745215176791, 0.0 ], [ 77.628179352941302, 56.299866828931393, 0.0 ], [ 77.616503192246228, 56.312834519124507, 0.0 ], [ 77.605760054432238, 56.326585108473026, 0.0 ], [ 77.596002278986859, 56.341051605487841, 0.0 ], [ 77.587277404811232, 56.35616353084967, 0.0 ], [ 77.579627938615317, 56.371847260777194, 0.0 ], [ 77.573091147829487, 56.388026385714724, 0.0 ], [ 77.567698879041387, 56.404622082591892, 0.0 ], [ 77.563477402842523, 56.421553498841703, 0.0 ], [ 77.560447285840581, 56.438738146306122, 0.0 ], [ 77.558623290461014, 56.456092303110111, 0.0 ], [ 77.558014303025971, 56.473531421546141, 0.0 ], [ 77.558623290461014, 56.490970539982172, 0.0 ], [ 77.560447285840581, 56.508324696786161, 0.0 ], [ 77.563477402842523, 56.52550934425058, 0.0 ], [ 77.567698879041387, 56.542440760500391, 0.0 ], [ 77.573091147829487, 56.559036457377559, 0.0 ], [ 77.579627938615317, 56.575215582315089, 0.0 ], [ 77.587277404811232, 56.590899312242612, 0.0 ], [ 77.596002278986859, 56.606011237604442, 0.0 ], [ 77.605760054432238, 56.620477734619257, 0.0 ], [ 77.616503192246228, 56.634228323967776, 0.0 ], [ 77.628179352941302, 56.64719601416089, 0.0 ], [ 77.640731651436255, 56.659317627915492, 0.0 ], [ 77.65409893419455, 56.670534109947823, 0.0 ], [ 77.668216077158277, 56.680790814684904, 0.0 ], [ 77.683014303025971, 56.690037772492254, 0.0 ], [ 77.698421516328708, 56.698229933120935, 0.0 ], [ 77.714362654671987, 56.705327385187836, 0.0 ], [ 77.730760054432238, 56.71129555061993, 0.0 ], [ 77.747533829126056, 56.71610535311514, 0.0 ], [ 77.764602258609244, 56.719733359799193, 0.0 ], [ 77.781882187209064, 56.722161895388211, 0.0 ], [ 77.799289428850344, 56.723379128300913, 0.0 ], [ 77.816739177201597, 56.723379128300913, 0.0 ], [ 77.834146418842877, 56.722161895388211, 0.0 ], [ 77.851426347442697, 56.719733359799193, 0.0 ], [ 77.868494776925886, 56.71610535311514, 0.0 ], [ 77.885268551619703, 56.71129555061993, 0.0 ], [ 77.901665951379954, 56.705327385187836, 0.0 ], [ 77.917607089723234, 56.698229933120935, 0.0 ], [ 77.933014303025971, 56.690037772492254, 0.0 ], [ 77.947812528893664, 56.680790814684904, 0.0 ], [ 77.961929671857391, 56.670534109947823, 0.0 ], [ 77.975296954615686, 56.659317627915492, 0.0 ], [ 77.987849253110639, 56.64719601416089, 0.0 ], [ 77.999525413805713, 56.634228323967776, 0.0 ], [ 78.010268551619703, 56.620477734619257, 0.0 ], [ 78.020026327065082, 56.606011237604442, 0.0 ], [ 78.028751201240709, 56.590899312242612, 0.0 ], [ 78.036400667436624, 56.575215582315089, 0.0 ], [ 78.042937458222454, 56.559036457377559, 0.0 ], [ 78.048329727010554, 56.542440760500391, 0.0 ], [ 78.052551203209418, 56.52550934425058, 0.0 ], [ 78.05558132021136, 56.508324696786161, 0.0 ], [ 78.057405315590927, 56.490970539982172, 0.0 ], [ 78.058014303025971, 56.473531421546141, 0.0 ] ] } },
{ "type": "Feature", "properties": { "Layer": "A_INDICADORES", "SubClasses": "AcDbEntity:AcDbCircle", "EntityHandle": "1C1E4054" }, "geometry": { "type": "LineString", "coordinates": [ [ 79.243141814548153, 56.473531421546141, 0.0 ], [ 79.242532827113109, 56.456092303110111, 0.0 ], [ 79.240708831733542, 56.438738146306122, 0.0 ], [ 79.237678714731601, 56.421553498841703, 0.0 ], [ 79.233457238532736, 56.404622082591892, 0.0 ], [ 79.228064969744636, 56.388026385714724, 0.0 ], [ 79.221528178958806, 56.371847260777194, 0.0 ], [ 79.213878712762892, 56.35616353084967, 0.0 ], [ 79.205153838587265, 56.341051605487841, 0.0 ], [ 79.195396063141885, 56.326585108473026, 0.0 ], [ 79.184652925327896, 56.312834519124507, 0.0 ], [ 79.172976764632821, 56.299866828931393, 0.0 ], [ 79.160424466137869, 56.287745215176791, 0.0 ], [ 79.147057183379573, 56.27652873314446, 0.0 ], [ 79.132940040415846, 56.266272028407379, 0.0 ], [ 79.118141814548153, 56.257025070600029, 0.0 ], [ 79.102734601245416, 56.248832909971348, 0.0 ], [ 79.086793462902136, 56.241735457904447, 0.0 ], [ 79.070396063141885, 56.235767292472353, 0.0 ], [ 79.053622288448068, 56.230957489977143, 0.0 ], [ 79.036553858964879, 56.22732948329309, 0.0 ], [ 79.01927393036506, 56.224900947704072, 0.0 ], [ 79.00186668872378, 56.22368371479137, 0.0 ], [ 78.984416940372526, 56.22368371479137, 0.0 ], [ 78.967009698731246, 56.224900947704072, 0.0 ], [ 78.949729770131427, 56.22732948329309, 0.0 ], [ 78.932661340648238, 56.230957489977143, 0.0 ], [ 78.915887565954421, 56.235767292472353, 0.0 ], [ 78.89949016619417, 56.241735457904447, 0.0 ], [ 78.88354902785089, 56.248832909971348, 0.0 ], [ 78.868141814548153, 56.257025070600029, 0.0 ], [ 78.85334358868046, 56.266272028407379, 0.0 ], [ 78.839226445716733, 56.27652873314446, 0.0 ], [ 78.825859162958437, 56.287745215176791, 0.0 ], [ 78.813306864463485, 56.299866828931393, 0.0 ], [ 78.80163070376841, 56.312834519124507, 0.0 ], [ 78.790887565954421, 56.326585108473026, 0.0 ], [ 78.781129790509041, 56.341051605487841, 0.0 ], [ 78.772404916333414, 56.35616353084967, 0.0 ], [ 78.7647554501375, 56.371847260777194, 0.0 ], [ 78.75821865935167, 56.388026385714724, 0.0 ], [ 78.75282639056357, 56.404622082591892, 0.0 ], [ 78.748604914364705, 56.421553498841703, 0.0 ], [ 78.745574797362764, 56.438738146306122, 0.0 ], [ 78.743750801983197, 56.456092303110111, 0.0 ], [ 78.743141814548153, 56.473531421546141, 0.0 ], [ 78.743750801983197, 56.490970539982172, 0.0 ], [ 78.745574797362764, 56.508324696786161, 0.0 ], [ 78.748604914364705, 56.52550934425058, 0.0 ], [ 78.75282639056357, 56.542440760500391, 0.0 ], [ 78.75821865935167, 56.559036457377559, 0.0 ], [ 78.7647554501375, 56.575215582315089, 0.0 ], [ 78.772404916333414, 56.590899312242612, 0.0 ], [ 78.781129790509041, 56.606011237604442, 0.0 ], [ 78.790887565954421, 56.620477734619257, 0.0 ], [ 78.80163070376841, 56.634228323967776, 0.0 ], [ 78.813306864463485, 56.64719601416089, 0.0 ], [ 78.825859162958437, 56.659317627915492, 0.0 ], [ 78.839226445716733, 56.670534109947823, 0.0 ], [ 78.85334358868046, 56.680790814684904, 0.0 ], [ 78.868141814548153, 56.690037772492254, 0.0 ], [ 78.88354902785089, 56.698229933120935, 0.0 ], [ 78.89949016619417, 56.705327385187836, 0.0 ], [ 78.915887565954421, 56.71129555061993, 0.0 ], [ 78.932661340648238, 56.71610535311514, 0.0 ], [ 78.949729770131427, 56.719733359799193, 0.0 ], [ 78.967009698731246, 56.722161895388211, 0.0 ], [ 78.984416940372526, 56.723379128300913, 0.0 ], [ 79.00186668872378, 56.723379128300913, 0.0 ], [ 79.01927393036506, 56.722161895388211, 0.0 ], [ 79.036553858964879, 56.719733359799193, 0.0 ], [ 79.053622288448068, 56.71610535311514, 0.0 ], [ 79.070396063141885, 56.71129555061993, 0.0 ], [ 79.086793462902136, 56.705327385187836, 0.0 ], [ 79.102734601245416, 56.698229933120935, 0.0 ], [ 79.118141814548153, 56.690037772492254, 0.0 ], [ 79.132940040415846, 56.680790814684904, 0.0 ], [ 79.147057183379573, 56.670534109947823, 0.0 ], [ 79.160424466137869, 56.659317627915492, 0.0 ], [ 79.172976764632821, 56.64719601416089, 0.0 ], [ 79.184652925327896, 56.634228323967776, 0.0 ], [ 79.195396063141885, 56.620477734619257, 0.0 ], [ 79.205153838587265, 56.606011237604442, 0.0 ], [ 79.213878712762892, 56.590899312242612, 0.0 ], [ 79.221528178958806, 56.575215582315089, 0.0 ], [ 79.228064969744636, 56.559036457377559, 0.0 ], [ 79.233457238532736, 56.542440760500391, 0.0 ], [ 79.237678714731601, 56.52550934425058, 0.0 ], [ 79.240708831733542, 56.508324696786161, 0.0 ], [ 79.242532827113109, 56.490970539982172, 0.0 ], [ 79.243141814548153, 56.473531421546141, 0.0 ] ] } },
{ "type": "Feature", "properties": { "Layer": "A_INDICADORES", "SubClasses": "AcDbEntity:AcDbCircle", "EntityHandle": "1C1E4056" }, "geometry": { "type": "LineString", "coordinates": [ [ 80.910606614301628, 56.473531421546141, 0.0 ], [ 80.909997626866584, 56.456092303110111, 0.0 ], [ 80.908173631487017, 56.438738146306122, 0.0 ], [ 80.905143514485076, 56.421553498841703, 0.0 ], [ 80.900922038286211, 56.404622082591892, 0.0 ], [ 80.895529769498111, 56.388026385714724, 0.0 ], [ 80.888992978712281, 56.371847260777194, 0.0 ], [ 80.881343512516366, 56.35616353084967, 0.0 ], [ 80.872618638340739, 56.341051605487841, 0.0 ], [ 80.86286086289536, 56.326585108473026, 0.0 ], [ 80.852117725081371, 56.312834519124507, 0.0 ], [ 80.840441564386296, 56.299866828931393, 0.0 ], [ 80.827889265891343, 56.287745215176791, 0.0 ], [ 80.814521983133048, 56.27652873314446, 0.0 ], [ 80.800404840169321, 56.266272028407379, 0.0 ], [ 80.785606614301628, 56.257025070600029, 0.0 ], [ 80.770199400998891, 56.248832909971348, 0.0 ], [ 80.754258262655611, 56.241735457904447, 0.0 ], [ 80.73786086289536, 56.235767292472353, 0.0 ], [ 80.721087088201543, 56.230957489977143, 0.0 ], [ 80.704018658718354, 56.22732948329309, 0.0 ], [ 80.686738730118535, 56.224900947704072, 0.0 ], [ 80.669331488477255, 56.22368371479137, 0.0 ], [ 80.651881740126001, 56.22368371479137, 0.0 ], [ 80.634474498484721, 56.224900947704072, 0.0 ], [ 80.617194569884902, 56.22732948329309, 0.0 ], [ 80.600126140401713, 56.230957489977143, 0.0 ], [ 80.583352365707896, 56.235767292472353, 0.0 ], [ 80.566954965947644, 56.241735457904447, 0.0 ], [ 80.551013827604365, 56.248832909971348, 0.0 ], [ 80.535606614301628, 56.257025070600029, 0.0 ], [ 80.520808388433935, 56.266272028407379, 0.0 ], [ 80.506691245470208, 56.27652873314446, 0.0 ], [ 80.493323962711912, 56.287745215176791, 0.0 ], [ 80.480771664216959, 56.299866828931393, 0.0 ], [ 80.469095503521885, 56.312834519124507, 0.0 ], [ 80.458352365707896, 56.326585108473026, 0.0 ], [ 80.448594590262516, 56.341051605487841, 0.0 ], [ 80.439869716086889, 56.35616353084967, 0.0 ], [ 80.432220249890975, 56.371847260777194, 0.0 ], [ 80.425683459105144, 56.388026385714724, 0.0 ], [ 80.420291190317045, 56.404622082591892, 0.0 ], [ 80.41606971411818, 56.421553498841703, 0.0 ], [ 80.413039597116239, 56.438738146306122, 0.0 ], [ 80.411215601736671, 56.456092303110111, 0.0 ], [ 80.410606614301628, 56.473531421546141, 0.0 ], [ 80.411215601736671, 56.490970539982172, 0.0 ], [ 80.413039597116239, 56.508324696786161, 0.0 ], [ 80.41606971411818, 56.52550934425058, 0.0 ], [ 80.420291190317045, 56.542440760500391, 0.0 ], [ 80.425683459105144, 56.559036457377559, 0.0 ], [ 80.432220249890975, 56.575215582315089, 0.0 ], [ 80.439869716086889, 56.590899312242612, 0.0 ], [ 80.448594590262516, 56.606011237604442, 0.0 ], [ 80.458352365707896, 56.620477734619257, 0.0 ], [ 80.469095503521885, 56.634228323967776, 0.0 ], [ 80.480771664216959, 56.64719601416089, 0.0 ], [ 80.493323962711912, 56.659317627915492, 0.0 ], [ 80.506691245470208, 56.670534109947823, 0.0 ], [ 80.520808388433935, 56.680790814684904, 0.0 ], [ 80.535606614301628, 56.690037772492254, 0.0 ], [ 80.551013827604365, 56.698229933120935, 0.0 ], [ 80.566954965947644, 56.705327385187836, 0.0 ], [ 80.583352365707896, 56.71129555061993, 0.0 ], [ 80.600126140401713, 56.71610535311514, 0.0 ], [ 80.617194569884902, 56.719733359799193, 0.0 ], [ 80.634474498484721, 56.722161895388211, 0.0 ], [ 80.651881740126001, 56.723379128300913, 0.0 ], [ 80.669331488477255, 56.723379128300913, 0.0 ], [ 80.686738730118535, 56.722161895388211, 0.0 ], [ 80.704018658718354, 56.719733359799193, 0.0 ], [ 80.721087088201543, 56.71610535311514, 0.0 ], [ 80.73786086289536, 56.71129555061993, 0.0 ], [ 80.754258262655611, 56.705327385187836, 0.0 ], [ 80.770199400998891, 56.698229933120935, 0.0 ], [ 80.785606614301628, 56.690037772492254, 0.0 ], [ 80.800404840169321, 56.680790814684904, 0.0 ], [ 80.814521983133048, 56.670534109947823, 0.0 ], [ 80.827889265891343, 56.659317627915492, 0.0 ], [ 80.840441564386296, 56.64719601416089, 0.0 ], [ 80.852117725081371, 56.634228323967776, 0.0 ], [ 80.86286086289536, 56.620477734619257, 0.0 ], [ 80.872618638340739, 56.606011237604442, 0.0 ], [ 80.881343512516366, 56.590899312242612, 0.0 ], [ 80.888992978712281, 56.575215582315089, 0.0 ], [ 80.895529769498111, 56.559036457377559, 0.0 ], [ 80.900922038286211, 56.542440760500391, 0.0 ], [ 80.905143514485076, 56.52550934425058, 0.0 ], [ 80.908173631487017, 56.508324696786161, 0.0 ], [ 80.909997626866584, 56.490970539982172, 0.0 ], [ 80.910606614301628, 56.473531421546141, 0.0 ] ] } },
{ "type": "Feature", "properties": { "Layer": "A_INDICADORES", "SubClasses": "AcDbEntity:AcDbCircle", "EntityHandle": "1C1E4058" }, "geometry": { "type": "LineString", "coordinates": [ [ 85.348791740563911, 56.473531421546141, 0.0 ], [ 85.348182753128867, 56.456092303110111, 0.0 ], [ 85.3463587577493, 56.438738146306122, 0.0 ], [ 85.343328640747359, 56.421553498841703, 0.0 ], [ 85.339107164548494, 56.404622082591892, 0.0 ], [ 85.333714895760394, 56.388026385714724, 0.0 ], [ 85.327178104974564, 56.371847260777194, 0.0 ], [ 85.31952863877865, 56.35616353084967, 0.0 ], [ 85.310803764603023, 56.341051605487841, 0.0 ], [ 85.301045989157643, 56.326585108473026, 0.0 ], [ 85.290302851343654, 56.312834519124507, 0.0 ], [ 85.278626690648579, 56.299866828931393, 0.0 ], [ 85.266074392153627, 56.287745215176791, 0.0 ], [ 85.252707109395331, 56.27652873314446, 0.0 ], [ 85.238589966431604, 56.266272028407379, 0.0 ], [ 85.223791740563911, 56.257025070600029, 0.0 ], [ 85.208384527261174, 56.248832909971348, 0.0 ], [ 85.192443388917894, 56.241735457904447, 0.0 ], [ 85.176045989157643, 56.235767292472353, 0.0 ], [ 85.159272214463826, 56.230957489977143, 0.0 ], [ 85.142203784980637, 56.22732948329309, 0.0 ], [ 85.124923856380818, 56.224900947704072, 0.0 ], [ 85.107516614739538, 56.22368371479137, 0.0 ], [ 85.090066866388284, 56.22368371479137, 0.0 ], [ 85.072659624747004, 56.224900947704072, 0.0 ], [ 85.055379696147185, 56.22732948329309, 0.0 ], [ 85.038311266663996, 56.230957489977143, 0.0 ], [ 85.021537491970179, 56.235767292472353, 0.0 ], [ 85.005140092209928, 56.241735457904447, 0.0 ], [ 84.989198953866648, 56.248832909971348, 0.0 ], [ 84.973791740563911, 56.257025070600029, 0.0 ], [ 84.958993514696218, 56.266272028407379, 0.0 ], [ 84.944876371732491, 56.27652873314446, 0.0 ], [ 84.931509088974195, 56.287745215176791, 0.0 ], [ 84.918956790479243, 56.299866828931393, 0.0 ], [ 84.907280629784168, 56.312834519124507, 0.0 ], [ 84.896537491970179, 56.326585108473026, 0.0 ], [ 84.886779716524799, 56.341051605487841, 0.0 ], [ 84.878054842349172, 56.35616353084967, 0.0 ], [ 84.870405376153258, 56.371847260777194, 0.0 ], [ 84.863868585367427, 56.388026385714724, 0.0 ], [ 84.858476316579328, 56.404622082591892, 0.0 ], [ 84.854254840380463, 56.421553498841703, 0.0 ], [ 84.851224723378522, 56.438738146306122, 0.0 ], [ 84.849400727998955, 56.456092303110111, 0.0 ], [ 84.848791740563911, 56.473531421546141, 0.0 ], [ 84.849400727998955, 56.490970539982172, 0.0 ], [ 84.851224723378522, 56.508324696786161, 0.0 ], [ 84.854254840380463, 56.52550934425058, 0.0 ], [ 84.858476316579328, 56.542440760500391, 0.0 ], [ 84.863868585367427, 56.559036457377559, 0.0 ], [ 84.870405376153258, 56.575215582315089, 0.0 ], [ 84.878054842349172, 56.590899312242612, 0.0 ], [ 84.886779716524799, 56.606011237604442, 0.0 ], [ 84.896537491970179, 56.620477734619257, 0.0 ], [ 84.907280629784168, 56.634228323967776, 0.0 ], [ 84.918956790479243, 56.64719601416089, 0.0 ], [ 84.931509088974195, 56.659317627915492, 0.0 ], [ 84.944876371732491, 56.670534109947823, 0.0 ], [ 84.958993514696218, 56.680790814684904, 0.0 ], [ 84.973791740563911, 56.690037772492254, 0.0 ], [ 84.989198953866648, 56.698229933120935, 0.0 ], [ 85.005140092209928, 56.705327385187836, 0.0 ], [ 85.021537491970179, 56.71129555061993, 0.0 ], [ 85.038311266663996, 56.71610535311514, 0.0 ], [ 85.055379696147185, 56.719733359799193, 0.0 ], [ 85.072659624747004, 56.722161895388211, 0.0 ], [ 85.090066866388284, 56.723379128300913, 0.0 ], [ 85.107516614739538, 56.723379128300913, 0.0 ], [ 85.124923856380818, 56.722161895388211, 0.0 ], [ 85.142203784980637, 56.719733359799193, 0.0 ], [ 85.159272214463826, 56.71610535311514, 0.0 ], [ 85.176045989157643, 56.71129555061993, 0.0 ], [ 85.192443388917894, 56.705327385187836, 0.0 ], [ 85.208384527261174, 56.698229933120935, 0.0 ], [ 85.223791740563911, 56.690037772492254, 0.0 ], [ 85.238589966431604, 56.680790814684904, 0.0 ], [ 85.252707109395331, 56.670534109947823, 0.0 ], [ 85.266074392153627, 56.659317627915492, 0.0 ], [ 85.278626690648579, 56.64719601416089, 0.0 ], [ 85.290302851343654, 56.634228323967776, 0.0 ], [ 85.301045989157643, 56.620477734619257, 0.0 ], [ 85.310803764603023, 56.606011237604442, 0.0 ], [ 85.31952863877865, 56.590899312242612, 0.0 ], [ 85.327178104974564, 56.575215582315089, 0.0 ], [ 85.333714895760394, 56.559036457377559, 0.0 ], [ 85.339107164548494, 56.542440760500391, 0.0 ], [ 85.343328640747359, 56.52550934425058, 0.0 ], [ 85.3463587577493, 56.508324696786161, 0.0 ], [ 85.348182753128867, 56.490970539982172, 0.0 ], [ 85.348791740563911, 56.473531421546141, 0.0 ] ] } },
{ "type": "Feature", "properties": { "Layer": "A_INDICADORES", "SubClasses": "AcDbEntity:AcDbCircle", "EntityHandle": "1C1E405A" }, "geometry": { "type": "LineString", "coordinates": [ [ 87.343375790451546, 56.473531421546141, 0.0 ], [ 87.342766803016502, 56.456092303110111, 0.0 ], [ 87.340942807636935, 56.438738146306122, 0.0 ], [ 87.337912690634994, 56.421553498841703, 0.0 ], [ 87.333691214436129, 56.404622082591892, 0.0 ], [ 87.328298945648029, 56.388026385714724, 0.0 ], [ 87.321762154862199, 56.371847260777194, 0.0 ], [ 87.314112688666285, 56.35616353084967, 0.0 ], [ 87.305387814490658, 56.341051605487841, 0.0 ], [ 87.295630039045278, 56.326585108473026, 0.0 ], [ 87.284886901231289, 56.312834519124507, 0.0 ], [ 87.273210740536214, 56.299866828931393, 0.0 ], [ 87.260658442041262, 56.287745215176791, 0.0 ], [ 87.247291159282966, 56.27652873314446, 0.0 ], [ 87.233174016319239, 56.266272028407379, 0.0 ], [ 87.218375790451546, 56.257025070600029, 0.0 ], [ 87.202968577148809, 56.248832909971348, 0.0 ], [ 87.187027438805529, 56.241735457904447, 0.0 ], [ 87.170630039045278, 56.235767292472353, 0.0 ], [ 87.153856264351461, 56.230957489977143, 0.0 ], [ 87.136787834868272, 56.22732948329309, 0.0 ], [ 87.119507906268453, 56.224900947704072, 0.0 ], [ 87.102100664627173, 56.22368371479137, 0.0 ], [ 87.084650916275919, 56.22368371479137, 0.0 ], [ 87.067243674634639, 56.224900947704072, 0.0 ], [ 87.04996374603482, 56.22732948329309, 0.0 ], [ 87.032895316551631, 56.230957489977143, 0.0 ], [ 87.016121541857814, 56.235767292472353, 0.0 ], [ 86.999724142097563, 56.241735457904447, 0.0 ], [ 86.983783003754283, 56.248832909971348, 0.0 ], [ 86.968375790451546, 56.257025070600029, 0.0 ], [ 86.953577564583853, 56.266272028407379, 0.0 ], [ 86.939460421620126, 56.27652873314446, 0.0 ], [ 86.92609313886183, 56.287745215176791, 0.0 ], [ 86.913540840366878, 56.299866828931393, 0.0 ], [ 86.901864679671803, 56.312834519124507, 0.0 ], [ 86.891121541857814, 56.326585108473026, 0.0 ], [ 86.881363766412434, 56.341051605487841, 0.0 ], [ 86.872638892236807, 56.35616353084967, 0.0 ], [ 86.864989426040893, 56.371847260777194, 0.0 ], [ 86.858452635255063, 56.388026385714724, 0.0 ], [ 86.853060366466963, 56.404622082591892, 0.0 ], [ 86.848838890268098, 56.421553498841703, 0.0 ], [ 86.845808773266157, 56.438738146306122, 0.0 ], [ 86.84398477788659, 56.456092303110111, 0.0 ], [ 86.843375790451546, 56.473531421546141, 0.0 ], [ 86.84398477788659, 56.490970539982172, 0.0 ], [ 86.845808773266157, 56.508324696786161, 0.0 ], [ 86.848838890268098, 56.52550934425058, 0.0 ], [ 86.853060366466963, 56.542440760500391, 0.0 ], [ 86.858452635255063, 56.559036457377559, 0.0 ], [ 86.864989426040893, 56.575215582315089, 0.0 ], [ 86.872638892236807, 56.590899312242612, 0.0 ], [ 86.881363766412434, 56.606011237604442, 0.0 ], [ 86.891121541857814, 56.620477734619257, 0.0 ], [ 86.901864679671803, 56.634228323967776, 0.0 ], [ 86.913540840366878, 56.64719601416089, 0.0 ], [ 86.92609313886183, 56.659317627915492, 0.0 ], [ 86.939460421620126, 56.670534109947823, 0.0 ], [ 86.953577564583853, 56.680790814684904, 0.0 ], [ 86.968375790451546, 56.690037772492254, 0.0 ], [ 86.983783003754283, 56.698229933120935, 0.0 ], [ 86.999724142097563, 56.705327385187836, 0.0 ], [ 87.016121541857814, 56.71129555061993, 0.0 ], [ 87.032895316551631, 56.71610535311514, 0.0 ], [ 87.04996374603482, 56.719733359799193, 0.0 ], [ 87.067243674634639, 56.722161895388211, 0.0 ], [ 87.084650916275919, 56.723379128300913, 0.0 ], [ 87.102100664627173, 56.723379128300913, 0.0 ], [ 87.119507906268453, 56.722161895388211, 0.0 ], [ 87.136787834868272, 56.719733359799193, 0.0 ], [ 87.153856264351461, 56.71610535311514, 0.0 ], [ 87.170630039045278, 56.71129555061993, 0.0 ], [ 87.187027438805529, 56.705327385187836, 0.0 ], [ 87.202968577148809, 56.698229933120935, 0.0 ], [ 87.218375790451546, 56.690037772492254, 0.0 ], [ 87.233174016319239, 56.680790814684904, 0.0 ], [ 87.247291159282966, 56.670534109947823, 0.0 ], [ 87.260658442041262, 56.659317627915492, 0.0 ], [ 87.273210740536214, 56.64719601416089, 0.0 ], [ 87.284886901231289, 56.634228323967776, 0.0 ], [ 87.295630039045278, 56.620477734619257, 0.0 ], [ 87.305387814490658, 56.606011237604442, 0.0 ], [ 87.314112688666285, 56.590899312242612, 0.0 ], [ 87.321762154862199, 56.575215582315089, 0.0 ], [ 87.328298945648029, 56.559036457377559, 0.0 ], [ 87.333691214436129, 56.542440760500391, 0.0 ], [ 87.337912690634994, 56.52550934425058, 0.0 ], [ 87.340942807636935, 56.508324696786161, 0.0 ], [ 87.342766803016502, 56.490970539982172, 0.0 ], [ 87.343375790451546, 56.473531421546141, 0.0 ] ] } },
{ "type": "Feature", "properties": { "Layer": "A_INDICADORES", "SubClasses": "AcDbEntity:AcDbCircle", "EntityHandle": "1C1E405C" }, "geometry": { "type": "LineString", "coordinates": [ [ 89.158177902502075, 56.473531421546141, 0.0 ], [ 89.157568915067031, 56.456092303110111, 0.0 ], [ 89.155744919687464, 56.438738146306122, 0.0 ], [ 89.152714802685523, 56.421553498841703, 0.0 ], [ 89.148493326486658, 56.404622082591892, 0.0 ], [ 89.143101057698559, 56.388026385714724, 0.0 ], [ 89.136564266912728, 56.371847260777194, 0.0 ], [ 89.128914800716814, 56.35616353084967, 0.0 ], [ 89.120189926541187, 56.341051605487841, 0.0 ], [ 89.110432151095807, 56.326585108473026, 0.0 ], [ 89.099689013281818, 56.312834519124507, 0.0 ], [ 89.088012852586743, 56.299866828931393, 0.0 ], [ 89.075460554091791, 56.287745215176791, 0.0 ], [ 89.062093271333495, 56.27652873314446, 0.0 ], [ 89.047976128369768, 56.266272028407379, 0.0 ], [ 89.033177902502075, 56.257025070600029, 0.0 ], [ 89.017770689199338, 56.248832909971348, 0.0 ], [ 89.001829550856058, 56.241735457904447, 0.0 ], [ 88.985432151095807, 56.235767292472353, 0.0 ], [ 88.96865837640199, 56.230957489977143, 0.0 ], [ 88.951589946918801, 56.22732948329309, 0.0 ], [ 88.934310018318982, 56.224900947704072, 0.0 ], [ 88.916902776677702, 56.22368371479137, 0.0 ], [ 88.899453028326448, 56.22368371479137, 0.0 ], [ 88.882045786685168, 56.224900947704072, 0.0 ], [ 88.864765858085349, 56.22732948329309, 0.0 ], [ 88.84769742860216, 56.230957489977143, 0.0 ], [ 88.830923653908343, 56.235767292472353, 0.0 ], [ 88.814526254148092, 56.241735457904447, 0.0 ], [ 88.798585115804812, 56.248832909971348, 0.0 ], [ 88.783177902502075, 56.257025070600029, 0.0 ], [ 88.768379676634382, 56.266272028407379, 0.0 ], [ 88.754262533670655, 56.27652873314446, 0.0 ], [ 88.740895250912359, 56.287745215176791, 0.0 ], [ 88.728342952417407, 56.299866828931393, 0.0 ], [ 88.716666791722332, 56.312834519124507, 0.0 ], [ 88.705923653908343, 56.326585108473026, 0.0 ], [ 88.696165878462963, 56.341051605487841, 0.0 ], [ 88.687441004287336, 56.35616353084967, 0.0 ], [ 88.679791538091422, 56.371847260777194, 0.0 ], [ 88.673254747305592, 56.388026385714724, 0.0 ], [ 88.667862478517492, 56.404622082591892, 0.0 ], [ 88.663641002318627, 56.421553498841703, 0.0 ], [ 88.660610885316686, 56.438738146306122, 0.0 ], [ 88.658786889937119, 56.456092303110111, 0.0 ], [ 88.658177902502075, 56.473531421546141, 0.0 ], [ 88.658786889937119, 56.490970539982172, 0.0 ], [ 88.660610885316686, 56.508324696786161, 0.0 ], [ 88.663641002318627, 56.52550934425058, 0.0 ], [ 88.667862478517492, 56.542440760500391, 0.0 ], [ 88.673254747305592, 56.559036457377559, 0.0 ], [ 88.679791538091422, 56.575215582315089, 0.0 ], [ 88.687441004287336, 56.590899312242612, 0.0 ], [ 88.696165878462963, 56.606011237604442, 0.0 ], [ 88.705923653908343, 56.620477734619257, 0.0 ], [ 88.716666791722332, 56.634228323967776, 0.0 ], [ 88.728342952417407, 56.64719601416089, 0.0 ], [ 88.740895250912359, 56.659317627915492, 0.0 ], [ 88.754262533670655, 56.670534109947823, 0.0 ], [ 88.768379676634382, 56.680790814684904, 0.0 ], [ 88.783177902502075, 56.690037772492254, 0.0 ], [ 88.798585115804812, 56.698229933120935, 0.0 ], [ 88.814526254148092, 56.705327385187836, 0.0 ], [ 88.830923653908343, 56.71129555061993, 0.0 ], [ 88.84769742860216, 56.71610535311514, 0.0 ], [ 88.864765858085349, 56.719733359799193, 0.0 ], [ 88.882045786685168, 56.722161895388211, 0.0 ], [ 88.899453028326448, 56.723379128300913, 0.0 ], [ 88.916902776677702, 56.723379128300913, 0.0 ], [ 88.934310018318982, 56.722161895388211, 0.0 ], [ 88.951589946918801, 56.719733359799193, 0.0 ], [ 88.96865837640199, 56.71610535311514, 0.0 ], [ 88.985432151095807, 56.71129555061993, 0.0 ], [ 89.001829550856058, 56.705327385187836, 0.0 ], [ 89.017770689199338, 56.698229933120935, 0.0 ], [ 89.033177902502075, 56.690037772492254, 0.0 ], [ 89.047976128369768, 56.680790814684904, 0.0 ], [ 89.062093271333495, 56.670534109947823, 0.0 ], [ 89.075460554091791, 56.659317627915492, 0.0 ], [ 89.088012852586743, 56.64719601416089, 0.0 ], [ 89.099689013281818, 56.634228323967776, 0.0 ], [ 89.110432151095807, 56.620477734619257, 0.0 ], [ 89.120189926541187, 56.606011237604442, 0.0 ], [ 89.128914800716814, 56.590899312242612, 0.0 ], [ 89.136564266912728, 56.575215582315089, 0.0 ], [ 89.143101057698559, 56.559036457377559, 0.0 ], [ 89.148493326486658, 56.542440760500391, 0.0 ], [ 89.152714802685523, 56.52550934425058, 0.0 ], [ 89.155744919687464, 56.508324696786161, 0.0 ], [ 89.157568915067031, 56.490970539982172, 0.0 ], [ 89.158177902502075, 56.473531421546141, 0.0 ] ] } },
{ "type": "Feature", "properties": { "Layer": "A_INDICADORES", "SubClasses": "AcDbEntity:AcDbCircle", "EntityHandle": "1C1E405E" }, "geometry": { "type": "LineString", "coordinates": [ [ 91.902698272164798, 81.653146023365451, 0.0 ], [ 91.902089284729755, 81.635706904929421, 0.0 ], [ 91.900265289350187, 81.618352748125432, 0.0 ], [ 91.897235172348246, 81.601168100661013, 0.0 ], [ 91.893013696149382, 81.584236684411195, 0.0 ], [ 91.887621427361282, 81.567640987534034, 0.0 ], [ 91.881084636575451, 81.551461862596497, 0.0 ], [ 91.873435170379537, 81.53577813266898, 0.0 ], [ 91.86471029620391, 81.520666207307144, 0.0 ], [ 91.85495252075853, 81.506199710292336, 0.0 ], [ 91.844209382944541, 81.492449120943817, 0.0 ], [ 91.832533222249467, 81.479481430750695, 0.0 ], [ 91.819980923754514, 81.467359816996108, 0.0 ], [ 91.806613640996218, 81.45614333496377, 0.0 ], [ 91.792496498032492, 81.445886630226696, 0.0 ], [ 91.777698272164798, 81.436639672419346, 0.0 ], [ 91.762291058862061, 81.428447511790665, 0.0 ], [ 91.746349920518782, 81.42135005972375, 0.0 ], [ 91.72995252075853, 81.41538189429167, 0.0 ], [ 91.713178746064713, 81.410572091796453, 0.0 ], [ 91.696110316581525, 81.4069440851124, 0.0 ], [ 91.678830387981705, 81.404515549523381, 0.0 ], [ 91.661423146340425, 81.403298316610673, 0.0 ], [ 91.643973397989171, 81.403298316610673, 0.0 ], [ 91.626566156347891, 81.404515549523381, 0.0 ], [ 91.609286227748072, 81.4069440851124, 0.0 ], [ 91.592217798264883, 81.410572091796453, 0.0 ], [ 91.575444023571066, 81.41538189429167, 0.0 ], [ 91.559046623810815, 81.42135005972375, 0.0 ], [ 91.543105485467535, 81.428447511790665, 0.0 ], [ 91.527698272164798, 81.436639672419346, 0.0 ], [ 91.512900046297105, 81.445886630226696, 0.0 ], [ 91.498782903333378, 81.45614333496377, 0.0 ], [ 91.485415620575083, 81.467359816996108, 0.0 ], [ 91.47286332208013, 81.479481430750695, 0.0 ], [ 91.461187161385055, 81.492449120943817, 0.0 ], [ 91.450444023571066, 81.506199710292336, 0.0 ], [ 91.440686248125687, 81.520666207307144, 0.0 ], [ 91.43196137395006, 81.53577813266898, 0.0 ], [ 91.424311907754145, 81.551461862596497, 0.0 ], [ 91.417775116968315, 81.567640987534034, 0.0 ], [ 91.412382848180215, 81.584236684411195, 0.0 ], [ 91.40816137198135, 81.601168100661013, 0.0 ], [ 91.405131254979409, 81.618352748125432, 0.0 ], [ 91.403307259599842, 81.635706904929421, 0.0 ], [ 91.402698272164798, 81.653146023365451, 0.0 ], [ 91.403307259599842, 81.670585141801482, 0.0 ], [ 91.405131254979409, 81.687939298605471, 0.0 ], [ 91.40816137198135, 81.705123946069889, 0.0 ], [ 91.412382848180215, 81.722055362319708, 0.0 ], [ 91.417775116968315, 81.738651059196869, 0.0 ], [ 91.424311907754145, 81.754830184134406, 0.0 ], [ 91.43196137395006, 81.770513914061922, 0.0 ], [ 91.440686248125687, 81.785625839423759, 0.0 ], [ 91.450444023571066, 81.800092336438567, 0.0 ], [ 91.461187161385055, 81.813842925787085, 0.0 ], [ 91.47286332208013, 81.826810615980207, 0.0 ], [ 91.485415620575083, 81.838932229734795, 0.0 ], [ 91.498782903333378, 81.850148711767133, 0.0 ], [ 91.512900046297105, 81.860405416504207, 0.0 ], [ 91.527698272164798, 81.869652374311556, 0.0 ], [ 91.543105485467535, 81.877844534940238, 0.0 ], [ 91.559046623810815, 81.884941987007153, 0.0 ], [ 91.575444023571066, 81.890910152439233, 0.0 ], [ 91.592217798264883, 81.895719954934449, 0.0 ], [ 91.609286227748072, 81.899347961618503, 0.0 ], [ 91.626566156347891, 81.901776497207521, 0.0 ], [ 91.643973397989171, 81.90299373012023, 0.0 ], [ 91.661423146340425, 81.90299373012023, 0.0 ], [ 91.678830387981705, 81.901776497207521, 0.0 ], [ 91.696110316581525, 81.899347961618503, 0.0 ], [ 91.713178746064713, 81.895719954934449, 0.0 ], [ 91.72995252075853, 81.890910152439233, 0.0 ], [ 91.746349920518782, 81.884941987007153, 0.0 ], [ 91.762291058862061, 81.877844534940238, 0.0 ], [ 91.777698272164798, 81.869652374311556, 0.0 ], [ 91.792496498032492, 81.860405416504207, 0.0 ], [ 91.806613640996218, 81.850148711767133, 0.0 ], [ 91.819980923754514, 81.838932229734795, 0.0 ], [ 91.832533222249467, 81.826810615980207, 0.0 ], [ 91.844209382944541, 81.813842925787085, 0.0 ], [ 91.85495252075853, 81.800092336438567, 0.0 ], [ 91.86471029620391, 81.785625839423759, 0.0 ], [ 91.873435170379537, 81.770513914061922, 0.0 ], [ 91.881084636575451, 81.754830184134406, 0.0 ], [ 91.887621427361282, 81.738651059196869, 0.0 ], [ 91.893013696149382, 81.722055362319708, 0.0 ], [ 91.897235172348246, 81.705123946069889, 0.0 ], [ 91.900265289350187, 81.687939298605471, 0.0 ], [ 91.902089284729755, 81.670585141801482, 0.0 ], [ 91.902698272164798, 81.653146023365451, 0.0 ] ] } },
{ "type": "Feature", "properties": { "Layer": "A_INDICADORES", "SubClasses": "AcDbEntity:AcDbCircle", "EntityHandle": "1C1E4195" }, "geometry": { "type": "LineString", "coordinates": [ [ 91.877855371520354, 88.97941094556694, 0.0 ], [ 91.877246384085311, 88.96197182713091, 0.0 ], [ 91.875422388705744, 88.94461767032692, 0.0 ], [ 91.872392271703802, 88.927433022862502, 0.0 ], [ 91.868170795504938, 88.910501606612684, 0.0 ], [ 91.862778526716838, 88.893905909735523, 0.0 ], [ 91.856241735931007, 88.877726784797986, 0.0 ], [ 91.848592269735093, 88.862043054870469, 0.0 ], [ 91.839867395559466, 88.846931129508633, 0.0 ], [ 91.830109620114087, 88.832464632493824, 0.0 ], [ 91.819366482300097, 88.818714043145306, 0.0 ], [ 91.807690321605023, 88.805746352952184, 0.0 ], [ 91.79513802311007, 88.793624739197597, 0.0 ], [ 91.781770740351774, 88.782408257165258, 0.0 ], [ 91.767653597388048, 88.772151552428184, 0.0 ], [ 91.752855371520354, 88.762904594620835, 0.0 ], [ 91.737448158217617, 88.754712433992154, 0.0 ], [ 91.721507019874338, 88.747614981925238, 0.0 ], [ 91.705109620114087, 88.741646816493159, 0.0 ], [ 91.688335845420269, 88.736837013997942, 0.0 ], [ 91.671267415937081, 88.733209007313889, 0.0 ], [ 91.653987487337261, 88.73078047172487, 0.0 ], [ 91.636580245695981, 88.729563238812162, 0.0 ], [ 91.619130497344727, 88.729563238812162, 0.0 ], [ 91.601723255703448, 88.73078047172487, 0.0 ], [ 91.584443327103628, 88.733209007313889, 0.0 ], [ 91.567374897620439, 88.736837013997942, 0.0 ], [ 91.550601122926622, 88.741646816493159, 0.0 ], [ 91.534203723166371, 88.747614981925238, 0.0 ], [ 91.518262584823091, 88.754712433992154, 0.0 ], [ 91.502855371520354, 88.762904594620835, 0.0 ], [ 91.488057145652661, 88.772151552428184, 0.0 ], [ 91.473940002688934, 88.782408257165258, 0.0 ], [ 91.460572719930639, 88.793624739197597, 0.0 ], [ 91.448020421435686, 88.805746352952184, 0.0 ], [ 91.436344260740611, 88.818714043145306, 0.0 ], [ 91.425601122926622, 88.832464632493824, 0.0 ], [ 91.415843347481243, 88.846931129508633, 0.0 ], [ 91.407118473305616, 88.862043054870469, 0.0 ], [ 91.399469007109701, 88.877726784797986, 0.0 ], [ 91.392932216323871, 88.893905909735523, 0.0 ], [ 91.387539947535771, 88.910501606612684, 0.0 ], [ 91.383318471336906, 88.927433022862502, 0.0 ], [ 91.380288354334965, 88.94461767032692, 0.0 ], [ 91.378464358955398, 88.96197182713091, 0.0 ], [ 91.377855371520354, 88.97941094556694, 0.0 ], [ 91.378464358955398, 88.99685006400297, 0.0 ], [ 91.380288354334965, 89.01420422080696, 0.0 ], [ 91.383318471336906, 89.031388868271378, 0.0 ], [ 91.387539947535771, 89.048320284521196, 0.0 ], [ 91.392932216323871, 89.064915981398357, 0.0 ], [ 91.399469007109701, 89.081095106335894, 0.0 ], [ 91.407118473305616, 89.096778836263411, 0.0 ], [ 91.415843347481243, 89.111890761625247, 0.0 ], [ 91.425601122926622, 89.126357258640056, 0.0 ], [ 91.436344260740611, 89.140107847988574, 0.0 ], [ 91.448020421435686, 89.153075538181696, 0.0 ], [ 91.460572719930639, 89.165197151936283, 0.0 ], [ 91.473940002688934, 89.176413633968622, 0.0 ], [ 91.488057145652661, 89.186670338705696, 0.0 ], [ 91.502855371520354, 89.195917296513045, 0.0 ], [ 91.518262584823091, 89.204109457141726, 0.0 ], [ 91.534203723166371, 89.211206909208641, 0.0 ], [ 91.550601122926622, 89.217175074640721, 0.0 ], [ 91.567374897620439, 89.221984877135938, 0.0 ], [ 91.584443327103628, 89.225612883819991, 0.0 ], [ 91.601723255703448, 89.22804141940901, 0.0 ], [ 91.619130497344727, 89.229258652321718, 0.0 ], [ 91.636580245695981, 89.229258652321718, 0.0 ], [ 91.653987487337261, 89.22804141940901, 0.0 ], [ 91.671267415937081, 89.225612883819991, 0.0 ], [ 91.688335845420269, 89.221984877135938, 0.0 ], [ 91.705109620114087, 89.217175074640721, 0.0 ], [ 91.721507019874338, 89.211206909208641, 0.0 ], [ 91.737448158217617, 89.204109457141726, 0.0 ], [ 91.752855371520354, 89.195917296513045, 0.0 ], [ 91.767653597388048, 89.186670338705696, 0.0 ], [ 91.781770740351774, 89.176413633968622, 0.0 ], [ 91.79513802311007, 89.165197151936283, 0.0 ], [ 91.807690321605023, 89.153075538181696, 0.0 ], [ 91.819366482300097, 89.140107847988574, 0.0 ], [ 91.830109620114087, 89.126357258640056, 0.0 ], [ 91.839867395559466, 89.111890761625247, 0.0 ], [ 91.848592269735093, 89.096778836263411, 0.0 ], [ 91.856241735931007, 89.081095106335894, 0.0 ], [ 91.862778526716838, 89.064915981398357, 0.0 ], [ 91.868170795504938, 89.048320284521196, 0.0 ], [ 91.872392271703802, 89.031388868271378, 0.0 ], [ 91.875422388705744, 89.01420422080696, 0.0 ], [ 91.877246384085311, 88.99685006400297, 0.0 ], [ 91.877855371520354, 88.97941094556694, 0.0 ] ] } },
{ "type": "Feature", "properties": { "Layer": "A_INDICADORES", "SubClasses": "AcDbEntity:AcDbCircle", "EntityHandle": "1C261DB2" }, "geometry": { "type": "LineString", "coordinates": [ [ 4.128925514817126, 104.431782701046899, 0.0 ], [ 4.128316527382082, 104.414343582610869, 0.0 ], [ 4.126492532002518, 104.396989425806879, 0.0 ], [ 4.123462415000578, 104.379804778342461, 0.0 ], [ 4.119240938801706, 104.362873362092643, 0.0 ], [ 4.113848670013603, 104.346277665215482, 0.0 ], [ 4.107311879227776, 104.330098540277945, 0.0 ], [ 4.099662413031858, 104.314414810350428, 0.0 ], [ 4.090937538856233, 104.299302884988592, 0.0 ], [ 4.081179763410863, 104.284836387973783, 0.0 ], [ 4.07043662559687, 104.271085798625265, 0.0 ], [ 4.058760464901789, 104.258118108432143, 0.0 ], [ 4.04620816640684, 104.245996494677556, 0.0 ], [ 4.03284088364854, 104.234780012645217, 0.0 ], [ 4.018723740684813, 104.224523307908143, 0.0 ], [ 4.003925514817126, 104.215276350100794, 0.0 ], [ 3.988518301514395, 104.207084189472113, 0.0 ], [ 3.972577163171104, 104.199986737405197, 0.0 ], [ 3.956179763410863, 104.194018571973118, 0.0 ], [ 3.939405988717043, 104.189208769477901, 0.0 ], [ 3.922337559233859, 104.185580762793847, 0.0 ], [ 3.905057630634039, 104.183152227204829, 0.0 ], [ 3.887650388992751, 104.181934994292121, 0.0 ], [ 3.870200640641501, 104.181934994292121, 0.0 ], [ 3.852793399000213, 104.183152227204829, 0.0 ], [ 3.835513470400393, 104.185580762793847, 0.0 ], [ 3.818445040917209, 104.189208769477901, 0.0 ], [ 3.801671266223389, 104.194018571973118, 0.0 ], [ 3.785273866463148, 104.199986737405197, 0.0 ], [ 3.769332728119857, 104.207084189472113, 0.0 ], [ 3.753925514817126, 104.215276350100794, 0.0 ], [ 3.739127288949439, 104.224523307908143, 0.0 ], [ 3.725010145985711, 104.234780012645217, 0.0 ], [ 3.711642863227412, 104.245996494677556, 0.0 ], [ 3.699090564732463, 104.258118108432143, 0.0 ], [ 3.687414404037382, 104.271085798625265, 0.0 ], [ 3.676671266223389, 104.284836387973783, 0.0 ], [ 3.66691349077802, 104.299302884988592, 0.0 ], [ 3.658188616602394, 104.314414810350428, 0.0 ], [ 3.650539150406476, 104.330098540277945, 0.0 ], [ 3.644002359620649, 104.346277665215482, 0.0 ], [ 3.638610090832546, 104.362873362092643, 0.0 ], [ 3.634388614633675, 104.379804778342461, 0.0 ], [ 3.631358497631733, 104.396989425806879, 0.0 ], [ 3.62953450225217, 104.414343582610869, 0.0 ], [ 3.628925514817126, 104.431782701046899, 0.0 ], [ 3.62953450225217, 104.449221819482929, 0.0 ], [ 3.631358497631733, 104.466575976286919, 0.0 ], [ 3.634388614633675, 104.483760623751337, 0.0 ], [ 3.638610090832546, 104.500692040001155, 0.0 ], [ 3.644002359620649, 104.517287736878316, 0.0 ], [ 3.650539150406476, 104.533466861815853, 0.0 ], [ 3.658188616602394, 104.54915059174337, 0.0 ], [ 3.66691349077802, 104.564262517105206, 0.0 ], [ 3.676671266223389, 104.578729014120015, 0.0 ], [ 3.687414404037381, 104.592479603468533, 0.0 ], [ 3.699090564732463, 104.605447293661655, 0.0 ], [ 3.711642863227411, 104.617568907416242, 0.0 ], [ 3.725010145985712, 104.628785389448581, 0.0 ], [ 3.739127288949439, 104.639042094185655, 0.0 ], [ 3.753925514817126, 104.648289051993004, 0.0 ], [ 3.769332728119857, 104.656481212621685, 0.0 ], [ 3.785273866463148, 104.6635786646886, 0.0 ], [ 3.801671266223389, 104.66954683012068, 0.0 ], [ 3.818445040917209, 104.674356632615897, 0.0 ], [ 3.835513470400393, 104.67798463929995, 0.0 ], [ 3.852793399000213, 104.680413174888969, 0.0 ], [ 3.8702006406415, 104.681630407801677, 0.0 ], [ 3.887650388992751, 104.681630407801677, 0.0 ], [ 3.905057630634039, 104.680413174888969, 0.0 ], [ 3.922337559233859, 104.67798463929995, 0.0 ], [ 3.939405988717043, 104.674356632615897, 0.0 ], [ 3.956179763410863, 104.66954683012068, 0.0 ], [ 3.972577163171104, 104.6635786646886, 0.0 ], [ 3.988518301514395, 104.656481212621685, 0.0 ], [ 4.003925514817126, 104.648289051993004, 0.0 ], [ 4.018723740684813, 104.639042094185655, 0.0 ], [ 4.03284088364854, 104.628785389448581, 0.0 ], [ 4.04620816640684, 104.617568907416242, 0.0 ], [ 4.058760464901789, 104.605447293661655, 0.0 ], [ 4.07043662559687, 104.592479603468533, 0.0 ], [ 4.081179763410863, 104.578729014120015, 0.0 ], [ 4.090937538856233, 104.564262517105206, 0.0 ], [ 4.099662413031858, 104.54915059174337, 0.0 ], [ 4.107311879227776, 104.533466861815853, 0.0 ], [ 4.113848670013603, 104.517287736878316, 0.0 ], [ 4.119240938801705, 104.500692040001155, 0.0 ], [ 4.123462415000577, 104.483760623751337, 0.0 ], [ 4.126492532002518, 104.466575976286919, 0.0 ], [ 4.128316527382082, 104.449221819482929, 0.0 ], [ 4.128925514817126, 104.431782701046899, 0.0 ] ] } },
{ "type": "Feature", "properties": { "Layer": "A_INDICADORES", "SubClasses": "AcDbEntity:AcDbCircle", "EntityHandle": "1C261DB4" }, "geometry": { "type": "LineString", "coordinates": [ [ 1.303086193778881, 102.4420677705765, 0.0 ], [ 1.302477206343837, 102.42462865214047, 0.0 ], [ 1.300653210964273, 102.40727449533648, 0.0 ], [ 1.297623093962332, 102.390089847872062, 0.0 ], [ 1.293401617763461, 102.373158431622244, 0.0 ], [ 1.288009348975358, 102.356562734745083, 0.0 ], [ 1.281472558189531, 102.340383609807546, 0.0 ], [ 1.273823091993613, 102.324699879880029, 0.0 ], [ 1.265098217817987, 102.309587954518193, 0.0 ], [ 1.255340442372618, 102.295121457503384, 0.0 ], [ 1.244597304558625, 102.281370868154866, 0.0 ], [ 1.232921143863544, 102.268403177961744, 0.0 ], [ 1.220368845368595, 102.256281564207157, 0.0 ], [ 1.207001562610295, 102.245065082174818, 0.0 ], [ 1.192884419646568, 102.234808377437744, 0.0 ], [ 1.178086193778881, 102.225561419630395, 0.0 ], [ 1.16267898047615, 102.217369259001714, 0.0 ], [ 1.146737842132859, 102.210271806934799, 0.0 ], [ 1.130340442372618, 102.204303641502719, 0.0 ], [ 1.113566667678798, 102.199493839007502, 0.0 ], [ 1.096498238195613, 102.195865832323449, 0.0 ], [ 1.079218309595794, 102.19343729673443, 0.0 ], [ 1.061811067954506, 102.192220063821722, 0.0 ], [ 1.044361319603256, 102.192220063821722, 0.0 ], [ 1.026954077961967, 102.19343729673443, 0.0 ], [ 1.009674149362148, 102.195865832323449, 0.0 ], [ 0.992605719878964, 102.199493839007502, 0.0 ], [ 0.975831945185144, 102.204303641502719, 0.0 ], [ 0.959434545424903, 102.210271806934799, 0.0 ], [ 0.943493407081612, 102.217369259001714, 0.0 ], [ 0.928086193778881, 102.225561419630395, 0.0 ], [ 0.913287967911194, 102.234808377437744, 0.0 ], [ 0.899170824947466, 102.245065082174818, 0.0 ], [ 0.885803542189166, 102.256281564207157, 0.0 ], [ 0.873251243694218, 102.268403177961744, 0.0 ], [ 0.861575082999136, 102.281370868154866, 0.0 ], [ 0.850831945185144, 102.295121457503384, 0.0 ], [ 0.841074169739774, 102.309587954518193, 0.0 ], [ 0.832349295564149, 102.324699879880029, 0.0 ], [ 0.824699829368231, 102.340383609807546, 0.0 ], [ 0.818163038582404, 102.356562734745083, 0.0 ], [ 0.812770769794301, 102.373158431622244, 0.0 ], [ 0.808549293595429, 102.390089847872062, 0.0 ], [ 0.805519176593488, 102.40727449533648, 0.0 ], [ 0.803695181213925, 102.42462865214047, 0.0 ], [ 0.803086193778881, 102.4420677705765, 0.0 ], [ 0.803695181213925, 102.45950688901253, 0.0 ], [ 0.805519176593488, 102.47686104581652, 0.0 ], [ 0.808549293595429, 102.494045693280938, 0.0 ], [ 0.812770769794301, 102.510977109530756, 0.0 ], [ 0.818163038582404, 102.527572806407917, 0.0 ], [ 0.824699829368231, 102.543751931345454, 0.0 ], [ 0.832349295564149, 102.559435661272971, 0.0 ], [ 0.841074169739774, 102.574547586634807, 0.0 ], [ 0.850831945185144, 102.589014083649616, 0.0 ], [ 0.861575082999136, 102.602764672998134, 0.0 ], [ 0.873251243694218, 102.615732363191256, 0.0 ], [ 0.885803542189166, 102.627853976945843, 0.0 ], [ 0.899170824947466, 102.639070458978182, 0.0 ], [ 0.913287967911194, 102.649327163715256, 0.0 ], [ 0.928086193778881, 102.658574121522605, 0.0 ], [ 0.943493407081611, 102.666766282151286, 0.0 ], [ 0.959434545424903, 102.673863734218202, 0.0 ], [ 0.975831945185144, 102.679831899650281, 0.0 ], [ 0.992605719878964, 102.684641702145498, 0.0 ], [ 1.009674149362148, 102.688269708829552, 0.0 ], [ 1.026954077961967, 102.69069824441857, 0.0 ], [ 1.044361319603256, 102.691915477331278, 0.0 ], [ 1.061811067954506, 102.691915477331278, 0.0 ], [ 1.079218309595794, 102.69069824441857, 0.0 ], [ 1.096498238195613, 102.688269708829552, 0.0 ], [ 1.113566667678798, 102.684641702145498, 0.0 ], [ 1.130340442372618, 102.679831899650281, 0.0 ], [ 1.146737842132859, 102.673863734218202, 0.0 ], [ 1.16267898047615, 102.666766282151286, 0.0 ], [ 1.178086193778881, 102.658574121522605, 0.0 ], [ 1.192884419646568, 102.649327163715256, 0.0 ], [ 1.207001562610295, 102.639070458978182, 0.0 ], [ 1.220368845368595, 102.627853976945843, 0.0 ], [ 1.232921143863544, 102.615732363191256, 0.0 ], [ 1.244597304558625, 102.602764672998134, 0.0 ], [ 1.255340442372618, 102.589014083649616, 0.0 ], [ 1.265098217817987, 102.574547586634807, 0.0 ], [ 1.273823091993613, 102.559435661272971, 0.0 ], [ 1.281472558189531, 102.543751931345454, 0.0 ], [ 1.288009348975358, 102.527572806407917, 0.0 ], [ 1.293401617763461, 102.510977109530756, 0.0 ], [ 1.297623093962332, 102.494045693280938, 0.0 ], [ 1.300653210964273, 102.47686104581652, 0.0 ], [ 1.302477206343837, 102.45950688901253, 0.0 ], [ 1.303086193778881, 102.4420677705765, 0.0 ] ] } },
{ "type": "Feature", "properties": { "Layer": "A_INDICADORES", "SubClasses": "AcDbEntity:AcDbCircle", "EntityHandle": "1C261DB6" }, "geometry": { "type": "LineString", "coordinates": [ [ 10.111133779597765, 104.431782701046899, 0.0 ], [ 10.110524792162721, 104.414343582610869, 0.0 ], [ 10.108700796783157, 104.396989425806879, 0.0 ], [ 10.105670679781216, 104.379804778342461, 0.0 ], [ 10.101449203582344, 104.362873362092643, 0.0 ], [ 10.096056934794241, 104.346277665215482, 0.0 ], [ 10.089520144008414, 104.330098540277945, 0.0 ], [ 10.081870677812496, 104.314414810350428, 0.0 ], [ 10.073145803636871, 104.299302884988592, 0.0 ], [ 10.063388028191502, 104.284836387973783, 0.0 ], [ 10.052644890377509, 104.271085798625265, 0.0 ], [ 10.040968729682428, 104.258118108432143, 0.0 ], [ 10.028416431187479, 104.245996494677556, 0.0 ], [ 10.015049148429179, 104.234780012645217, 0.0 ], [ 10.000932005465451, 104.224523307908143, 0.0 ], [ 9.986133779597765, 104.215276350100794, 0.0 ], [ 9.970726566295035, 104.207084189472113, 0.0 ], [ 9.954785427951743, 104.199986737405197, 0.0 ], [ 9.938388028191502, 104.194018571973118, 0.0 ], [ 9.921614253497681, 104.189208769477901, 0.0 ], [ 9.904545824014498, 104.185580762793847, 0.0 ], [ 9.887265895414679, 104.183152227204829, 0.0 ], [ 9.86985865377339, 104.181934994292121, 0.0 ], [ 9.85240890542214, 104.181934994292121, 0.0 ], [ 9.835001663780851, 104.183152227204829, 0.0 ], [ 9.817721735181031, 104.185580762793847, 0.0 ], [ 9.800653305697848, 104.189208769477901, 0.0 ], [ 9.783879531004027, 104.194018571973118, 0.0 ], [ 9.767482131243787, 104.199986737405197, 0.0 ], [ 9.751540992900495, 104.207084189472113, 0.0 ], [ 9.736133779597765, 104.215276350100794, 0.0 ], [ 9.721335553730079, 104.224523307908143, 0.0 ], [ 9.70721841076635, 104.234780012645217, 0.0 ], [ 9.693851128008051, 104.245996494677556, 0.0 ], [ 9.681298829513102, 104.258118108432143, 0.0 ], [ 9.66962266881802, 104.271085798625265, 0.0 ], [ 9.658879531004027, 104.284836387973783, 0.0 ], [ 9.649121755558658, 104.299302884988592, 0.0 ], [ 9.640396881383033, 104.314414810350428, 0.0 ], [ 9.632747415187115, 104.330098540277945, 0.0 ], [ 9.626210624401288, 104.346277665215482, 0.0 ], [ 9.620818355613185, 104.362873362092643, 0.0 ], [ 9.616596879414313, 104.379804778342461, 0.0 ], [ 9.613566762412372, 104.396989425806879, 0.0 ], [ 9.611742767032808, 104.414343582610869, 0.0 ], [ 9.611133779597765, 104.431782701046899, 0.0 ], [ 9.611742767032808, 104.449221819482929, 0.0 ], [ 9.613566762412372, 104.466575976286919, 0.0 ], [ 9.616596879414313, 104.483760623751337, 0.0 ], [ 9.620818355613185, 104.500692040001155, 0.0 ], [ 9.626210624401288, 104.517287736878316, 0.0 ], [ 9.632747415187115, 104.533466861815853, 0.0 ], [ 9.640396881383033, 104.54915059174337, 0.0 ], [ 9.649121755558658, 104.564262517105206, 0.0 ], [ 9.658879531004027, 104.578729014120015, 0.0 ], [ 9.66962266881802, 104.592479603468533, 0.0 ], [ 9.681298829513102, 104.605447293661655, 0.0 ], [ 9.693851128008051, 104.617568907416242, 0.0 ], [ 9.70721841076635, 104.628785389448581, 0.0 ], [ 9.721335553730079, 104.639042094185655, 0.0 ], [ 9.736133779597765, 104.648289051993004, 0.0 ], [ 9.751540992900495, 104.656481212621685, 0.0 ], [ 9.767482131243787, 104.6635786646886, 0.0 ], [ 9.783879531004027, 104.66954683012068, 0.0 ], [ 9.800653305697848, 104.674356632615897, 0.0 ], [ 9.817721735181031, 104.67798463929995, 0.0 ], [ 9.835001663780851, 104.680413174888969, 0.0 ], [ 9.85240890542214, 104.681630407801677, 0.0 ], [ 9.86985865377339, 104.681630407801677, 0.0 ], [ 9.887265895414679, 104.680413174888969, 0.0 ], [ 9.904545824014496, 104.67798463929995, 0.0 ], [ 9.921614253497681, 104.674356632615897, 0.0 ], [ 9.938388028191502, 104.66954683012068, 0.0 ], [ 9.954785427951743, 104.6635786646886, 0.0 ], [ 9.970726566295035, 104.656481212621685, 0.0 ], [ 9.986133779597765, 104.648289051993004, 0.0 ], [ 10.000932005465451, 104.639042094185655, 0.0 ], [ 10.015049148429179, 104.628785389448581, 0.0 ], [ 10.028416431187479, 104.617568907416242, 0.0 ], [ 10.040968729682428, 104.605447293661655, 0.0 ], [ 10.052644890377509, 104.592479603468533, 0.0 ], [ 10.063388028191502, 104.578729014120015, 0.0 ], [ 10.073145803636871, 104.564262517105206, 0.0 ], [ 10.081870677812496, 104.54915059174337, 0.0 ], [ 10.089520144008414, 104.533466861815853, 0.0 ], [ 10.096056934794241, 104.517287736878316, 0.0 ], [ 10.101449203582344, 104.500692040001155, 0.0 ], [ 10.105670679781216, 104.483760623751337, 0.0 ], [ 10.108700796783157, 104.466575976286919, 0.0 ], [ 10.110524792162721, 104.449221819482929, 0.0 ], [ 10.111133779597765, 104.431782701046899, 0.0 ] ] } },
{ "type": "Feature", "properties": { "Layer": "A_INDICADORES", "SubClasses": "AcDbEntity:AcDbCircle", "EntityHandle": "1C261DB8" }, "geometry": { "type": "LineString", "coordinates": [ [ 10.56823891941389, 104.431782701046899, 0.0 ], [ 10.567629931978846, 104.414343582610869, 0.0 ], [ 10.565805936599283, 104.396989425806879, 0.0 ], [ 10.562775819597341, 104.379804778342461, 0.0 ], [ 10.55855434339847, 104.362873362092643, 0.0 ], [ 10.553162074610366, 104.346277665215482, 0.0 ], [ 10.54662528382454, 104.330098540277945, 0.0 ], [ 10.538975817628621, 104.314414810350428, 0.0 ], [ 10.530250943452996, 104.299302884988592, 0.0 ], [ 10.520493168007627, 104.284836387973783, 0.0 ], [ 10.509750030193635, 104.271085798625265, 0.0 ], [ 10.498073869498553, 104.258118108432143, 0.0 ], [ 10.485521571003604, 104.245996494677556, 0.0 ], [ 10.472154288245305, 104.234780012645217, 0.0 ], [ 10.458037145281576, 104.224523307908143, 0.0 ], [ 10.44323891941389, 104.215276350100794, 0.0 ], [ 10.42783170611116, 104.207084189472113, 0.0 ], [ 10.411890567767868, 104.199986737405197, 0.0 ], [ 10.395493168007627, 104.194018571973118, 0.0 ], [ 10.378719393313807, 104.189208769477901, 0.0 ], [ 10.361650963830623, 104.185580762793847, 0.0 ], [ 10.344371035230804, 104.183152227204829, 0.0 ], [ 10.326963793589515, 104.181934994292121, 0.0 ], [ 10.309514045238265, 104.181934994292121, 0.0 ], [ 10.292106803596976, 104.183152227204829, 0.0 ], [ 10.274826874997157, 104.185580762793847, 0.0 ], [ 10.257758445513973, 104.189208769477901, 0.0 ], [ 10.240984670820152, 104.194018571973118, 0.0 ], [ 10.224587271059912, 104.199986737405197, 0.0 ], [ 10.20864613271662, 104.207084189472113, 0.0 ], [ 10.19323891941389, 104.215276350100794, 0.0 ], [ 10.178440693546204, 104.224523307908143, 0.0 ], [ 10.164323550582475, 104.234780012645217, 0.0 ], [ 10.150956267824176, 104.245996494677556, 0.0 ], [ 10.138403969329227, 104.258118108432143, 0.0 ], [ 10.126727808634145, 104.271085798625265, 0.0 ], [ 10.115984670820152, 104.284836387973783, 0.0 ], [ 10.106226895374784, 104.299302884988592, 0.0 ], [ 10.097502021199158, 104.314414810350428, 0.0 ], [ 10.08985255500324, 104.330098540277945, 0.0 ], [ 10.083315764217414, 104.346277665215482, 0.0 ], [ 10.07792349542931, 104.362873362092643, 0.0 ], [ 10.073702019230439, 104.379804778342461, 0.0 ], [ 10.070671902228497, 104.396989425806879, 0.0 ], [ 10.068847906848934, 104.414343582610869, 0.0 ], [ 10.06823891941389, 104.431782701046899, 0.0 ], [ 10.068847906848934, 104.449221819482929, 0.0 ], [ 10.070671902228497, 104.466575976286919, 0.0 ], [ 10.073702019230439, 104.483760623751337, 0.0 ], [ 10.07792349542931, 104.500692040001155, 0.0 ], [ 10.083315764217414, 104.517287736878316, 0.0 ], [ 10.08985255500324, 104.533466861815853, 0.0 ], [ 10.097502021199158, 104.54915059174337, 0.0 ], [ 10.106226895374784, 104.564262517105206, 0.0 ], [ 10.115984670820152, 104.578729014120015, 0.0 ], [ 10.126727808634145, 104.592479603468533, 0.0 ], [ 10.138403969329227, 104.605447293661655, 0.0 ], [ 10.150956267824176, 104.617568907416242, 0.0 ], [ 10.164323550582475, 104.628785389448581, 0.0 ], [ 10.178440693546204, 104.639042094185655, 0.0 ], [ 10.19323891941389, 104.648289051993004, 0.0 ], [ 10.20864613271662, 104.656481212621685, 0.0 ], [ 10.224587271059912, 104.6635786646886, 0.0 ], [ 10.240984670820152, 104.66954683012068, 0.0 ], [ 10.257758445513973, 104.674356632615897, 0.0 ], [ 10.274826874997157, 104.67798463929995, 0.0 ], [ 10.292106803596976, 104.680413174888969, 0.0 ], [ 10.309514045238265, 104.681630407801677, 0.0 ], [ 10.326963793589515, 104.681630407801677, 0.0 ], [ 10.344371035230804, 104.680413174888969, 0.0 ], [ 10.361650963830622, 104.67798463929995, 0.0 ], [ 10.378719393313807, 104.674356632615897, 0.0 ], [ 10.395493168007627, 104.66954683012068, 0.0 ], [ 10.411890567767868, 104.6635786646886, 0.0 ], [ 10.42783170611116, 104.656481212621685, 0.0 ], [ 10.44323891941389, 104.648289051993004, 0.0 ], [ 10.458037145281576, 104.639042094185655, 0.0 ], [ 10.472154288245305, 104.628785389448581, 0.0 ], [ 10.485521571003604, 104.617568907416242, 0.0 ], [ 10.498073869498553, 104.605447293661655, 0.0 ], [ 10.509750030193635, 104.592479603468533, 0.0 ], [ 10.520493168007627, 104.578729014120015, 0.0 ], [ 10.530250943452996, 104.564262517105206, 0.0 ], [ 10.538975817628621, 104.54915059174337, 0.0 ], [ 10.54662528382454, 104.533466861815853, 0.0 ], [ 10.553162074610366, 104.517287736878316, 0.0 ], [ 10.55855434339847, 104.500692040001155, 0.0 ], [ 10.562775819597341, 104.483760623751337, 0.0 ], [ 10.565805936599283, 104.466575976286919, 0.0 ], [ 10.567629931978846, 104.449221819482929, 0.0 ], [ 10.56823891941389, 104.431782701046899, 0.0 ] ] } },
{ "type": "Feature", "properties": { "Layer": "A_INDICADORES", "SubClasses": "AcDbEntity:AcDbCircle", "EntityHandle": "1C261DBA" }, "geometry": { "type": "LineString", "coordinates": [ [ 12.349812941955181, 104.431782701046899, 0.0 ], [ 12.349203954520137, 104.414343582610869, 0.0 ], [ 12.347379959140573, 104.396989425806879, 0.0 ], [ 12.344349842138632, 104.379804778342461, 0.0 ], [ 12.34012836593976, 104.362873362092643, 0.0 ], [ 12.334736097151657, 104.346277665215482, 0.0 ], [ 12.32819930636583, 104.330098540277945, 0.0 ], [ 12.320549840169912, 104.314414810350428, 0.0 ], [ 12.311824965994287, 104.299302884988592, 0.0 ], [ 12.302067190548918, 104.284836387973783, 0.0 ], [ 12.291324052734925, 104.271085798625265, 0.0 ], [ 12.279647892039844, 104.258118108432143, 0.0 ], [ 12.267095593544894, 104.245996494677556, 0.0 ], [ 12.253728310786595, 104.234780012645217, 0.0 ], [ 12.239611167822867, 104.224523307908143, 0.0 ], [ 12.224812941955181, 104.215276350100794, 0.0 ], [ 12.209405728652451, 104.207084189472113, 0.0 ], [ 12.193464590309159, 104.199986737405197, 0.0 ], [ 12.177067190548918, 104.194018571973118, 0.0 ], [ 12.160293415855097, 104.189208769477901, 0.0 ], [ 12.143224986371914, 104.185580762793847, 0.0 ], [ 12.125945057772094, 104.183152227204829, 0.0 ], [ 12.108537816130806, 104.181934994292121, 0.0 ], [ 12.091088067779555, 104.181934994292121, 0.0 ], [ 12.073680826138267, 104.183152227204829, 0.0 ], [ 12.056400897538447, 104.185580762793847, 0.0 ], [ 12.039332468055264, 104.189208769477901, 0.0 ], [ 12.022558693361443, 104.194018571973118, 0.0 ], [ 12.006161293601203, 104.199986737405197, 0.0 ], [ 11.99022015525791, 104.207084189472113, 0.0 ], [ 11.974812941955181, 104.215276350100794, 0.0 ], [ 11.960014716087494, 104.224523307908143, 0.0 ], [ 11.945897573123766, 104.234780012645217, 0.0 ], [ 11.932530290365467, 104.245996494677556, 0.0 ], [ 11.919977991870518, 104.258118108432143, 0.0 ], [ 11.908301831175436, 104.271085798625265, 0.0 ], [ 11.897558693361443, 104.284836387973783, 0.0 ], [ 11.887800917916074, 104.299302884988592, 0.0 ], [ 11.879076043740449, 104.314414810350428, 0.0 ], [ 11.871426577544531, 104.330098540277945, 0.0 ], [ 11.864889786758704, 104.346277665215482, 0.0 ], [ 11.859497517970601, 104.362873362092643, 0.0 ], [ 11.855276041771729, 104.379804778342461, 0.0 ], [ 11.852245924769788, 104.396989425806879, 0.0 ], [ 11.850421929390224, 104.414343582610869, 0.0 ], [ 11.849812941955181, 104.431782701046899, 0.0 ], [ 11.850421929390224, 104.449221819482929, 0.0 ], [ 11.852245924769788, 104.466575976286919, 0.0 ], [ 11.855276041771729, 104.483760623751337, 0.0 ], [ 11.859497517970601, 104.500692040001155, 0.0 ], [ 11.864889786758704, 104.517287736878316, 0.0 ], [ 11.871426577544531, 104.533466861815853, 0.0 ], [ 11.879076043740449, 104.54915059174337, 0.0 ], [ 11.887800917916074, 104.564262517105206, 0.0 ], [ 11.897558693361443, 104.578729014120015, 0.0 ], [ 11.908301831175436, 104.592479603468533, 0.0 ], [ 11.919977991870518, 104.605447293661655, 0.0 ], [ 11.932530290365467, 104.617568907416242, 0.0 ], [ 11.945897573123766, 104.628785389448581, 0.0 ], [ 11.960014716087494, 104.639042094185655, 0.0 ], [ 11.974812941955181, 104.648289051993004, 0.0 ], [ 11.99022015525791, 104.656481212621685, 0.0 ], [ 12.006161293601203, 104.6635786646886, 0.0 ], [ 12.022558693361443, 104.66954683012068, 0.0 ], [ 12.039332468055264, 104.674356632615897, 0.0 ], [ 12.056400897538447, 104.67798463929995, 0.0 ], [ 12.073680826138267, 104.680413174888969, 0.0 ], [ 12.091088067779555, 104.681630407801677, 0.0 ], [ 12.108537816130806, 104.681630407801677, 0.0 ], [ 12.125945057772094, 104.680413174888969, 0.0 ], [ 12.143224986371912, 104.67798463929995, 0.0 ], [ 12.160293415855097, 104.674356632615897, 0.0 ], [ 12.177067190548918, 104.66954683012068, 0.0 ], [ 12.193464590309159, 104.6635786646886, 0.0 ], [ 12.209405728652451, 104.656481212621685, 0.0 ], [ 12.224812941955181, 104.648289051993004, 0.0 ], [ 12.239611167822867, 104.639042094185655, 0.0 ], [ 12.253728310786595, 104.628785389448581, 0.0 ], [ 12.267095593544894, 104.617568907416242, 0.0 ], [ 12.279647892039844, 104.605447293661655, 0.0 ], [ 12.291324052734925, 104.592479603468533, 0.0 ], [ 12.302067190548918, 104.578729014120015, 0.0 ], [ 12.311824965994287, 104.564262517105206, 0.0 ], [ 12.320549840169912, 104.54915059174337, 0.0 ], [ 12.32819930636583, 104.533466861815853, 0.0 ], [ 12.334736097151657, 104.517287736878316, 0.0 ], [ 12.34012836593976, 104.500692040001155, 0.0 ], [ 12.344349842138632, 104.483760623751337, 0.0 ], [ 12.347379959140573, 104.466575976286919, 0.0 ], [ 12.349203954520137, 104.449221819482929, 0.0 ], [ 12.349812941955181, 104.431782701046899, 0.0 ] ] } },
{ "type": "Feature", "properties": { "Layer": "A_INDICADORES", "SubClasses": "AcDbEntity:AcDbCircle", "EntityHandle": "1C261DBC" }, "geometry": { "type": "LineString", "coordinates": [ [ 15.99285126881864, 104.431782701046899, 0.0 ], [ 15.992242281383596, 104.414343582610869, 0.0 ], [ 15.990418286004033, 104.396989425806879, 0.0 ], [ 15.987388169002092, 104.379804778342461, 0.0 ], [ 15.98316669280322, 104.362873362092643, 0.0 ], [ 15.977774424015116, 104.346277665215482, 0.0 ], [ 15.97123763322929, 104.330098540277945, 0.0 ], [ 15.963588167033372, 104.314414810350428, 0.0 ], [ 15.954863292857747, 104.299302884988592, 0.0 ], [ 15.945105517412378, 104.284836387973783, 0.0 ], [ 15.934362379598385, 104.271085798625265, 0.0 ], [ 15.922686218903303, 104.258118108432143, 0.0 ], [ 15.910133920408354, 104.245996494677556, 0.0 ], [ 15.896766637650055, 104.234780012645217, 0.0 ], [ 15.882649494686326, 104.224523307908143, 0.0 ], [ 15.86785126881864, 104.215276350100794, 0.0 ], [ 15.85244405551591, 104.207084189472113, 0.0 ], [ 15.836502917172618, 104.199986737405197, 0.0 ], [ 15.820105517412378, 104.194018571973118, 0.0 ], [ 15.803331742718557, 104.189208769477901, 0.0 ], [ 15.786263313235374, 104.185580762793847, 0.0 ], [ 15.768983384635554, 104.183152227204829, 0.0 ], [ 15.751576142994265, 104.181934994292121, 0.0 ], [ 15.734126394643015, 104.181934994292121, 0.0 ], [ 15.716719153001726, 104.183152227204829, 0.0 ], [ 15.699439224401907, 104.185580762793847, 0.0 ], [ 15.682370794918723, 104.189208769477901, 0.0 ], [ 15.665597020224903, 104.194018571973118, 0.0 ], [ 15.649199620464662, 104.199986737405197, 0.0 ], [ 15.63325848212137, 104.207084189472113, 0.0 ], [ 15.61785126881864, 104.215276350100794, 0.0 ], [ 15.603053042950954, 104.224523307908143, 0.0 ], [ 15.588935899987225, 104.234780012645217, 0.0 ], [ 15.575568617228926, 104.245996494677556, 0.0 ], [ 15.563016318733977, 104.258118108432143, 0.0 ], [ 15.551340158038895, 104.271085798625265, 0.0 ], [ 15.540597020224903, 104.284836387973783, 0.0 ], [ 15.530839244779534, 104.299302884988592, 0.0 ], [ 15.522114370603909, 104.314414810350428, 0.0 ], [ 15.514464904407991, 104.330098540277945, 0.0 ], [ 15.507928113622164, 104.346277665215482, 0.0 ], [ 15.50253584483406, 104.362873362092643, 0.0 ], [ 15.498314368635189, 104.379804778342461, 0.0 ], [ 15.495284251633247, 104.396989425806879, 0.0 ], [ 15.493460256253684, 104.414343582610869, 0.0 ], [ 15.49285126881864, 104.431782701046899, 0.0 ], [ 15.493460256253684, 104.449221819482929, 0.0 ], [ 15.495284251633247, 104.466575976286919, 0.0 ], [ 15.498314368635189, 104.483760623751337, 0.0 ], [ 15.50253584483406, 104.500692040001155, 0.0 ], [ 15.507928113622164, 104.517287736878316, 0.0 ], [ 15.514464904407991, 104.533466861815853, 0.0 ], [ 15.522114370603909, 104.54915059174337, 0.0 ], [ 15.530839244779534, 104.564262517105206, 0.0 ], [ 15.540597020224903, 104.578729014120015, 0.0 ], [ 15.551340158038895, 104.592479603468533, 0.0 ], [ 15.563016318733977, 104.605447293661655, 0.0 ], [ 15.575568617228926, 104.617568907416242, 0.0 ], [ 15.588935899987225, 104.628785389448581, 0.0 ], [ 15.603053042950954, 104.639042094185655, 0.0 ], [ 15.61785126881864, 104.648289051993004, 0.0 ], [ 15.63325848212137, 104.656481212621685, 0.0 ], [ 15.649199620464662, 104.6635786646886, 0.0 ], [ 15.665597020224903, 104.66954683012068, 0.0 ], [ 15.682370794918723, 104.674356632615897, 0.0 ], [ 15.699439224401907, 104.67798463929995, 0.0 ], [ 15.716719153001726, 104.680413174888969, 0.0 ], [ 15.734126394643015, 104.681630407801677, 0.0 ], [ 15.751576142994265, 104.681630407801677, 0.0 ], [ 15.768983384635554, 104.680413174888969, 0.0 ], [ 15.786263313235372, 104.67798463929995, 0.0 ], [ 15.803331742718557, 104.674356632615897, 0.0 ], [ 15.820105517412378, 104.66954683012068, 0.0 ], [ 15.836502917172618, 104.6635786646886, 0.0 ], [ 15.85244405551591, 104.656481212621685, 0.0 ], [ 15.86785126881864, 104.648289051993004, 0.0 ], [ 15.882649494686326, 104.639042094185655, 0.0 ], [ 15.896766637650055, 104.628785389448581, 0.0 ], [ 15.910133920408354, 104.617568907416242, 0.0 ], [ 15.922686218903303, 104.605447293661655, 0.0 ], [ 15.934362379598385, 104.592479603468533, 0.0 ], [ 15.945105517412378, 104.578729014120015, 0.0 ], [ 15.954863292857747, 104.564262517105206, 0.0 ], [ 15.963588167033372, 104.54915059174337, 0.0 ], [ 15.97123763322929, 104.533466861815853, 0.0 ], [ 15.977774424015116, 104.517287736878316, 0.0 ], [ 15.98316669280322, 104.500692040001155, 0.0 ], [ 15.987388169002092, 104.483760623751337, 0.0 ], [ 15.990418286004033, 104.466575976286919, 0.0 ], [ 15.992242281383596, 104.449221819482929, 0.0 ], [ 15.99285126881864, 104.431782701046899, 0.0 ] ] } },
{ "type": "Feature", "properties": { "Layer": "A_INDICADORES", "SubClasses": "AcDbEntity:AcDbCircle", "EntityHandle": "1C261DBE" }, "geometry": { "type": "LineString", "coordinates": [ [ 18.92789164130431, 104.431782701046899, 0.0 ], [ 18.927282653869266, 104.414343582610869, 0.0 ], [ 18.925458658489703, 104.396989425806879, 0.0 ], [ 18.922428541487761, 104.379804778342461, 0.0 ], [ 18.91820706528889, 104.362873362092643, 0.0 ], [ 18.912814796500786, 104.346277665215482, 0.0 ], [ 18.90627800571496, 104.330098540277945, 0.0 ], [ 18.898628539519041, 104.314414810350428, 0.0 ], [ 18.889903665343418, 104.299302884988592, 0.0 ], [ 18.880145889898046, 104.284836387973783, 0.0 ], [ 18.869402752084053, 104.271085798625265, 0.0 ], [ 18.857726591388971, 104.258118108432143, 0.0 ], [ 18.845174292894026, 104.245996494677556, 0.0 ], [ 18.831807010135723, 104.234780012645217, 0.0 ], [ 18.817689867171996, 104.224523307908143, 0.0 ], [ 18.80289164130431, 104.215276350100794, 0.0 ], [ 18.78748442800158, 104.207084189472113, 0.0 ], [ 18.77154328965829, 104.199986737405197, 0.0 ], [ 18.755145889898046, 104.194018571973118, 0.0 ], [ 18.738372115204228, 104.189208769477901, 0.0 ], [ 18.721303685721043, 104.185580762793847, 0.0 ], [ 18.704023757121224, 104.183152227204829, 0.0 ], [ 18.686616515479937, 104.181934994292121, 0.0 ], [ 18.669166767128683, 104.181934994292121, 0.0 ], [ 18.651759525487396, 104.183152227204829, 0.0 ], [ 18.634479596887576, 104.185580762793847, 0.0 ], [ 18.617411167404391, 104.189208769477901, 0.0 ], [ 18.600637392710574, 104.194018571973118, 0.0 ], [ 18.58423999295033, 104.199986737405197, 0.0 ], [ 18.56829885460704, 104.207084189472113, 0.0 ], [ 18.55289164130431, 104.215276350100794, 0.0 ], [ 18.538093415436624, 104.224523307908143, 0.0 ], [ 18.523976272472897, 104.234780012645217, 0.0 ], [ 18.510608989714594, 104.245996494677556, 0.0 ], [ 18.498056691219649, 104.258118108432143, 0.0 ], [ 18.486380530524567, 104.271085798625265, 0.0 ], [ 18.475637392710574, 104.284836387973783, 0.0 ], [ 18.465879617265202, 104.299302884988592, 0.0 ], [ 18.457154743089578, 104.314414810350428, 0.0 ], [ 18.44950527689366, 104.330098540277945, 0.0 ], [ 18.442968486107834, 104.346277665215482, 0.0 ], [ 18.43757621731973, 104.362873362092643, 0.0 ], [ 18.433354741120858, 104.379804778342461, 0.0 ], [ 18.430324624118917, 104.396989425806879, 0.0 ], [ 18.428500628739354, 104.414343582610869, 0.0 ], [ 18.42789164130431, 104.431782701046899, 0.0 ], [ 18.428500628739354, 104.449221819482929, 0.0 ], [ 18.430324624118917, 104.466575976286919, 0.0 ], [ 18.433354741120858, 104.483760623751337, 0.0 ], [ 18.43757621731973, 104.500692040001155, 0.0 ], [ 18.442968486107834, 104.517287736878316, 0.0 ], [ 18.44950527689366, 104.533466861815853, 0.0 ], [ 18.457154743089578, 104.54915059174337, 0.0 ], [ 18.465879617265202, 104.564262517105206, 0.0 ], [ 18.475637392710574, 104.578729014120015, 0.0 ], [ 18.486380530524567, 104.592479603468533, 0.0 ], [ 18.498056691219649, 104.605447293661655, 0.0 ], [ 18.510608989714594, 104.617568907416242, 0.0 ], [ 18.523976272472897, 104.628785389448581, 0.0 ], [ 18.538093415436624, 104.639042094185655, 0.0 ], [ 18.55289164130431, 104.648289051993004, 0.0 ], [ 18.56829885460704, 104.656481212621685, 0.0 ], [ 18.58423999295033, 104.6635786646886, 0.0 ], [ 18.600637392710574, 104.66954683012068, 0.0 ], [ 18.617411167404391, 104.674356632615897, 0.0 ], [ 18.634479596887576, 104.67798463929995, 0.0 ], [ 18.651759525487396, 104.680413174888969, 0.0 ], [ 18.669166767128683, 104.681630407801677, 0.0 ], [ 18.686616515479937, 104.681630407801677, 0.0 ], [ 18.704023757121224, 104.680413174888969, 0.0 ], [ 18.721303685721043, 104.67798463929995, 0.0 ], [ 18.738372115204228, 104.674356632615897, 0.0 ], [ 18.755145889898046, 104.66954683012068, 0.0 ], [ 18.77154328965829, 104.6635786646886, 0.0 ], [ 18.78748442800158, 104.656481212621685, 0.0 ], [ 18.80289164130431, 104.648289051993004, 0.0 ], [ 18.817689867171996, 104.639042094185655, 0.0 ], [ 18.831807010135723, 104.628785389448581, 0.0 ], [ 18.845174292894026, 104.617568907416242, 0.0 ], [ 18.857726591388971, 104.605447293661655, 0.0 ], [ 18.869402752084053, 104.592479603468533, 0.0 ], [ 18.880145889898046, 104.578729014120015, 0.0 ], [ 18.889903665343418, 104.564262517105206, 0.0 ], [ 18.898628539519041, 104.54915059174337, 0.0 ], [ 18.90627800571496, 104.533466861815853, 0.0 ], [ 18.912814796500786, 104.517287736878316, 0.0 ], [ 18.91820706528889, 104.500692040001155, 0.0 ], [ 18.922428541487761, 104.483760623751337, 0.0 ], [ 18.925458658489703, 104.466575976286919, 0.0 ], [ 18.927282653869266, 104.449221819482929, 0.0 ], [ 18.92789164130431, 104.431782701046899, 0.0 ] ] } },
{ "type": "Feature", "properties": { "Layer": "A_INDICADORES", "SubClasses": "AcDbEntity:AcDbCircle", "EntityHandle": "1C261DC0" }, "geometry": { "type": "LineString", "coordinates": [ [ 23.313446423295719, 104.431782701046899, 0.0 ], [ 23.312837435860676, 104.414343582610869, 0.0 ], [ 23.311013440481112, 104.396989425806879, 0.0 ], [ 23.307983323479171, 104.379804778342461, 0.0 ], [ 23.303761847280299, 104.362873362092643, 0.0 ], [ 23.298369578492196, 104.346277665215482, 0.0 ], [ 23.291832787706369, 104.330098540277945, 0.0 ], [ 23.284183321510451, 104.314414810350428, 0.0 ], [ 23.275458447334827, 104.299302884988592, 0.0 ], [ 23.265700671889455, 104.284836387973783, 0.0 ], [ 23.254957534075462, 104.271085798625265, 0.0 ], [ 23.24328137338038, 104.258118108432143, 0.0 ], [ 23.230729074885435, 104.245996494677556, 0.0 ], [ 23.217361792127132, 104.234780012645217, 0.0 ], [ 23.203244649163405, 104.224523307908143, 0.0 ], [ 23.188446423295719, 104.215276350100794, 0.0 ], [ 23.173039209992989, 104.207084189472113, 0.0 ], [ 23.157098071649699, 104.199986737405197, 0.0 ], [ 23.140700671889455, 104.194018571973118, 0.0 ], [ 23.123926897195638, 104.189208769477901, 0.0 ], [ 23.106858467712453, 104.185580762793847, 0.0 ], [ 23.089578539112633, 104.183152227204829, 0.0 ], [ 23.072171297471346, 104.181934994292121, 0.0 ], [ 23.054721549120092, 104.181934994292121, 0.0 ], [ 23.037314307478805, 104.183152227204829, 0.0 ], [ 23.020034378878986, 104.185580762793847, 0.0 ], [ 23.002965949395801, 104.189208769477901, 0.0 ], [ 22.986192174701984, 104.194018571973118, 0.0 ], [ 22.969794774941739, 104.199986737405197, 0.0 ], [ 22.953853636598449, 104.207084189472113, 0.0 ], [ 22.938446423295719, 104.215276350100794, 0.0 ], [ 22.923648197428033, 104.224523307908143, 0.0 ], [ 22.909531054464306, 104.234780012645217, 0.0 ], [ 22.896163771706004, 104.245996494677556, 0.0 ], [ 22.883611473211058, 104.258118108432143, 0.0 ], [ 22.871935312515976, 104.271085798625265, 0.0 ], [ 22.861192174701984, 104.284836387973783, 0.0 ], [ 22.851434399256611, 104.299302884988592, 0.0 ], [ 22.842709525080988, 104.314414810350428, 0.0 ], [ 22.83506005888507, 104.330098540277945, 0.0 ], [ 22.828523268099243, 104.346277665215482, 0.0 ], [ 22.82313099931114, 104.362873362092643, 0.0 ], [ 22.818909523112268, 104.379804778342461, 0.0 ], [ 22.815879406110326, 104.396989425806879, 0.0 ], [ 22.814055410730763, 104.414343582610869, 0.0 ], [ 22.813446423295719, 104.431782701046899, 0.0 ], [ 22.814055410730763, 104.449221819482929, 0.0 ], [ 22.815879406110326, 104.466575976286919, 0.0 ], [ 22.818909523112268, 104.483760623751337, 0.0 ], [ 22.82313099931114, 104.500692040001155, 0.0 ], [ 22.828523268099243, 104.517287736878316, 0.0 ], [ 22.83506005888507, 104.533466861815853, 0.0 ], [ 22.842709525080988, 104.54915059174337, 0.0 ], [ 22.851434399256611, 104.564262517105206, 0.0 ], [ 22.861192174701984, 104.578729014120015, 0.0 ], [ 22.871935312515976, 104.592479603468533, 0.0 ], [ 22.883611473211058, 104.605447293661655, 0.0 ], [ 22.896163771706004, 104.617568907416242, 0.0 ], [ 22.909531054464306, 104.628785389448581, 0.0 ], [ 22.923648197428033, 104.639042094185655, 0.0 ], [ 22.938446423295719, 104.648289051993004, 0.0 ], [ 22.953853636598449, 104.656481212621685, 0.0 ], [ 22.969794774941739, 104.6635786646886, 0.0 ], [ 22.986192174701984, 104.66954683012068, 0.0 ], [ 23.002965949395801, 104.674356632615897, 0.0 ], [ 23.020034378878986, 104.67798463929995, 0.0 ], [ 23.037314307478805, 104.680413174888969, 0.0 ], [ 23.054721549120092, 104.681630407801677, 0.0 ], [ 23.072171297471346, 104.681630407801677, 0.0 ], [ 23.089578539112633, 104.680413174888969, 0.0 ], [ 23.106858467712453, 104.67798463929995, 0.0 ], [ 23.123926897195638, 104.674356632615897, 0.0 ], [ 23.140700671889455, 104.66954683012068, 0.0 ], [ 23.157098071649699, 104.6635786646886, 0.0 ], [ 23.173039209992989, 104.656481212621685, 0.0 ], [ 23.188446423295719, 104.648289051993004, 0.0 ], [ 23.203244649163405, 104.639042094185655, 0.0 ], [ 23.217361792127132, 104.628785389448581, 0.0 ], [ 23.230729074885435, 104.617568907416242, 0.0 ], [ 23.24328137338038, 104.605447293661655, 0.0 ], [ 23.254957534075462, 104.592479603468533, 0.0 ], [ 23.265700671889455, 104.578729014120015, 0.0 ], [ 23.275458447334827, 104.564262517105206, 0.0 ], [ 23.284183321510451, 104.54915059174337, 0.0 ], [ 23.291832787706369, 104.533466861815853, 0.0 ], [ 23.298369578492196, 104.517287736878316, 0.0 ], [ 23.303761847280299, 104.500692040001155, 0.0 ], [ 23.307983323479171, 104.483760623751337, 0.0 ], [ 23.311013440481112, 104.466575976286919, 0.0 ], [ 23.312837435860676, 104.449221819482929, 0.0 ], [ 23.313446423295719, 104.431782701046899, 0.0 ] ] } },
{ "type": "Feature", "properties": { "Layer": "A_INDICADORES", "SubClasses": "AcDbEntity:AcDbCircle", "EntityHandle": "1C261DC2" }, "geometry": { "type": "LineString", "coordinates": [ [ 26.228508464572091, 104.431782701046899, 0.0 ], [ 26.227899477137047, 104.414343582610869, 0.0 ], [ 26.226075481757483, 104.396989425806879, 0.0 ], [ 26.223045364755542, 104.379804778342461, 0.0 ], [ 26.21882388855667, 104.362873362092643, 0.0 ], [ 26.213431619768567, 104.346277665215482, 0.0 ], [ 26.20689482898274, 104.330098540277945, 0.0 ], [ 26.199245362786822, 104.314414810350428, 0.0 ], [ 26.190520488611199, 104.299302884988592, 0.0 ], [ 26.180762713165826, 104.284836387973783, 0.0 ], [ 26.170019575351834, 104.271085798625265, 0.0 ], [ 26.158343414656752, 104.258118108432143, 0.0 ], [ 26.145791116161806, 104.245996494677556, 0.0 ], [ 26.132423833403504, 104.234780012645217, 0.0 ], [ 26.118306690439777, 104.224523307908143, 0.0 ], [ 26.103508464572091, 104.215276350100794, 0.0 ], [ 26.088101251269361, 104.207084189472113, 0.0 ], [ 26.07216011292607, 104.199986737405197, 0.0 ], [ 26.055762713165826, 104.194018571973118, 0.0 ], [ 26.038988938472009, 104.189208769477901, 0.0 ], [ 26.021920508988824, 104.185580762793847, 0.0 ], [ 26.004640580389005, 104.183152227204829, 0.0 ], [ 25.987233338747718, 104.181934994292121, 0.0 ], [ 25.969783590396464, 104.181934994292121, 0.0 ], [ 25.952376348755177, 104.183152227204829, 0.0 ], [ 25.935096420155357, 104.185580762793847, 0.0 ], [ 25.918027990672172, 104.189208769477901, 0.0 ], [ 25.901254215978355, 104.194018571973118, 0.0 ], [ 25.884856816218111, 104.199986737405197, 0.0 ], [ 25.868915677874821, 104.207084189472113, 0.0 ], [ 25.853508464572091, 104.215276350100794, 0.0 ], [ 25.838710238704405, 104.224523307908143, 0.0 ], [ 25.824593095740678, 104.234780012645217, 0.0 ], [ 25.811225812982375, 104.245996494677556, 0.0 ], [ 25.79867351448743, 104.258118108432143, 0.0 ], [ 25.786997353792348, 104.271085798625265, 0.0 ], [ 25.776254215978355, 104.284836387973783, 0.0 ], [ 25.766496440532983, 104.299302884988592, 0.0 ], [ 25.757771566357359, 104.314414810350428, 0.0 ], [ 25.750122100161441, 104.330098540277945, 0.0 ], [ 25.743585309375614, 104.346277665215482, 0.0 ], [ 25.738193040587511, 104.362873362092643, 0.0 ], [ 25.733971564388639, 104.379804778342461, 0.0 ], [ 25.730941447386698, 104.396989425806879, 0.0 ], [ 25.729117452007134, 104.414343582610869, 0.0 ], [ 25.728508464572091, 104.431782701046899, 0.0 ], [ 25.729117452007134, 104.449221819482929, 0.0 ], [ 25.730941447386698, 104.466575976286919, 0.0 ], [ 25.733971564388639, 104.483760623751337, 0.0 ], [ 25.738193040587511, 104.500692040001155, 0.0 ], [ 25.743585309375614, 104.517287736878316, 0.0 ], [ 25.750122100161441, 104.533466861815853, 0.0 ], [ 25.757771566357359, 104.54915059174337, 0.0 ], [ 25.766496440532983, 104.564262517105206, 0.0 ], [ 25.776254215978355, 104.578729014120015, 0.0 ], [ 25.786997353792348, 104.592479603468533, 0.0 ], [ 25.79867351448743, 104.605447293661655, 0.0 ], [ 25.811225812982375, 104.617568907416242, 0.0 ], [ 25.824593095740678, 104.628785389448581, 0.0 ], [ 25.838710238704405, 104.639042094185655, 0.0 ], [ 25.853508464572091, 104.648289051993004, 0.0 ], [ 25.868915677874821, 104.656481212621685, 0.0 ], [ 25.884856816218111, 104.6635786646886, 0.0 ], [ 25.901254215978355, 104.66954683012068, 0.0 ], [ 25.918027990672172, 104.674356632615897, 0.0 ], [ 25.935096420155357, 104.67798463929995, 0.0 ], [ 25.952376348755177, 104.680413174888969, 0.0 ], [ 25.969783590396464, 104.681630407801677, 0.0 ], [ 25.987233338747718, 104.681630407801677, 0.0 ], [ 26.004640580389005, 104.680413174888969, 0.0 ], [ 26.021920508988824, 104.67798463929995, 0.0 ], [ 26.038988938472009, 104.674356632615897, 0.0 ], [ 26.055762713165826, 104.66954683012068, 0.0 ], [ 26.07216011292607, 104.6635786646886, 0.0 ], [ 26.088101251269361, 104.656481212621685, 0.0 ], [ 26.103508464572091, 104.648289051993004, 0.0 ], [ 26.118306690439777, 104.639042094185655, 0.0 ], [ 26.132423833403504, 104.628785389448581, 0.0 ], [ 26.145791116161806, 104.617568907416242, 0.0 ], [ 26.158343414656752, 104.605447293661655, 0.0 ], [ 26.170019575351834, 104.592479603468533, 0.0 ], [ 26.180762713165826, 104.578729014120015, 0.0 ], [ 26.190520488611199, 104.564262517105206, 0.0 ], [ 26.199245362786822, 104.54915059174337, 0.0 ], [ 26.20689482898274, 104.533466861815853, 0.0 ], [ 26.213431619768567, 104.517287736878316, 0.0 ], [ 26.21882388855667, 104.500692040001155, 0.0 ], [ 26.223045364755542, 104.483760623751337, 0.0 ], [ 26.226075481757483, 104.466575976286919, 0.0 ], [ 26.227899477137047, 104.449221819482929, 0.0 ], [ 26.228508464572091, 104.431782701046899, 0.0 ] ] } },
{ "type": "Feature", "properties": { "Layer": "A_INDICADORES", "SubClasses": "AcDbEntity:AcDbCircle", "EntityHandle": "1C261DC4" }, "geometry": { "type": "LineString", "coordinates": [ [ 27.993238011777461, 104.431782701046899, 0.0 ], [ 27.992629024342417, 104.414343582610869, 0.0 ], [ 27.990805028962853, 104.396989425806879, 0.0 ], [ 27.987774911960912, 104.379804778342461, 0.0 ], [ 27.98355343576204, 104.362873362092643, 0.0 ], [ 27.978161166973937, 104.346277665215482, 0.0 ], [ 27.97162437618811, 104.330098540277945, 0.0 ], [ 27.963974909992192, 104.314414810350428, 0.0 ], [ 27.955250035816569, 104.299302884988592, 0.0 ], [ 27.945492260371196, 104.284836387973783, 0.0 ], [ 27.934749122557204, 104.271085798625265, 0.0 ], [ 27.923072961862122, 104.258118108432143, 0.0 ], [ 27.910520663367176, 104.245996494677556, 0.0 ], [ 27.897153380608874, 104.234780012645217, 0.0 ], [ 27.883036237645147, 104.224523307908143, 0.0 ], [ 27.868238011777461, 104.215276350100794, 0.0 ], [ 27.852830798474731, 104.207084189472113, 0.0 ], [ 27.83688966013144, 104.199986737405197, 0.0 ], [ 27.820492260371196, 104.194018571973118, 0.0 ], [ 27.803718485677379, 104.189208769477901, 0.0 ], [ 27.786650056194194, 104.185580762793847, 0.0 ], [ 27.769370127594375, 104.183152227204829, 0.0 ], [ 27.751962885953088, 104.181934994292121, 0.0 ], [ 27.734513137601834, 104.181934994292121, 0.0 ], [ 27.717105895960547, 104.183152227204829, 0.0 ], [ 27.699825967360727, 104.185580762793847, 0.0 ], [ 27.682757537877542, 104.189208769477901, 0.0 ], [ 27.665983763183725, 104.194018571973118, 0.0 ], [ 27.649586363423481, 104.199986737405197, 0.0 ], [ 27.63364522508019, 104.207084189472113, 0.0 ], [ 27.618238011777461, 104.215276350100794, 0.0 ], [ 27.603439785909774, 104.224523307908143, 0.0 ], [ 27.589322642946048, 104.234780012645217, 0.0 ], [ 27.575955360187745, 104.245996494677556, 0.0 ], [ 27.563403061692799, 104.258118108432143, 0.0 ], [ 27.551726900997718, 104.271085798625265, 0.0 ], [ 27.540983763183725, 104.284836387973783, 0.0 ], [ 27.531225987738353, 104.299302884988592, 0.0 ], [ 27.522501113562729, 104.314414810350428, 0.0 ], [ 27.514851647366811, 104.330098540277945, 0.0 ], [ 27.508314856580984, 104.346277665215482, 0.0 ], [ 27.502922587792881, 104.362873362092643, 0.0 ], [ 27.498701111594009, 104.379804778342461, 0.0 ], [ 27.495670994592068, 104.396989425806879, 0.0 ], [ 27.493846999212504, 104.414343582610869, 0.0 ], [ 27.493238011777461, 104.431782701046899, 0.0 ], [ 27.493846999212504, 104.449221819482929, 0.0 ], [ 27.495670994592068, 104.466575976286919, 0.0 ], [ 27.498701111594009, 104.483760623751337, 0.0 ], [ 27.502922587792881, 104.500692040001155, 0.0 ], [ 27.508314856580984, 104.517287736878316, 0.0 ], [ 27.514851647366811, 104.533466861815853, 0.0 ], [ 27.522501113562729, 104.54915059174337, 0.0 ], [ 27.531225987738353, 104.564262517105206, 0.0 ], [ 27.540983763183725, 104.578729014120015, 0.0 ], [ 27.551726900997718, 104.592479603468533, 0.0 ], [ 27.563403061692799, 104.605447293661655, 0.0 ], [ 27.575955360187745, 104.617568907416242, 0.0 ], [ 27.589322642946048, 104.628785389448581, 0.0 ], [ 27.603439785909774, 104.639042094185655, 0.0 ], [ 27.618238011777461, 104.648289051993004, 0.0 ], [ 27.63364522508019, 104.656481212621685, 0.0 ], [ 27.649586363423481, 104.6635786646886, 0.0 ], [ 27.665983763183725, 104.66954683012068, 0.0 ], [ 27.682757537877542, 104.674356632615897, 0.0 ], [ 27.699825967360727, 104.67798463929995, 0.0 ], [ 27.717105895960547, 104.680413174888969, 0.0 ], [ 27.734513137601834, 104.681630407801677, 0.0 ], [ 27.751962885953088, 104.681630407801677, 0.0 ], [ 27.769370127594375, 104.680413174888969, 0.0 ], [ 27.786650056194194, 104.67798463929995, 0.0 ], [ 27.803718485677379, 104.674356632615897, 0.0 ], [ 27.820492260371196, 104.66954683012068, 0.0 ], [ 27.83688966013144, 104.6635786646886, 0.0 ], [ 27.852830798474731, 104.656481212621685, 0.0 ], [ 27.868238011777461, 104.648289051993004, 0.0 ], [ 27.883036237645147, 104.639042094185655, 0.0 ], [ 27.897153380608874, 104.628785389448581, 0.0 ], [ 27.910520663367176, 104.617568907416242, 0.0 ], [ 27.923072961862122, 104.605447293661655, 0.0 ], [ 27.934749122557204, 104.592479603468533, 0.0 ], [ 27.945492260371196, 104.578729014120015, 0.0 ], [ 27.955250035816569, 104.564262517105206, 0.0 ], [ 27.963974909992192, 104.54915059174337, 0.0 ], [ 27.97162437618811, 104.533466861815853, 0.0 ], [ 27.978161166973937, 104.517287736878316, 0.0 ], [ 27.98355343576204, 104.500692040001155, 0.0 ], [ 27.987774911960912, 104.483760623751337, 0.0 ], [ 27.990805028962853, 104.466575976286919, 0.0 ], [ 27.992629024342417, 104.449221819482929, 0.0 ], [ 27.993238011777461, 104.431782701046899, 0.0 ] ] } },
{ "type": "Feature", "properties": { "Layer": "A_INDICADORES", "SubClasses": "AcDbEntity:AcDbCircle", "EntityHandle": "1C261DC6" }, "geometry": { "type": "LineString", "coordinates": [ [ 40.155640494924633, 104.431782701046899, 0.0 ], [ 40.155031507489589, 104.414343582610869, 0.0 ], [ 40.153207512110022, 104.396989425806879, 0.0 ], [ 40.150177395108088, 104.379804778342461, 0.0 ], [ 40.145955918909209, 104.362873362092643, 0.0 ], [ 40.140563650121109, 104.346277665215482, 0.0 ], [ 40.134026859335286, 104.330098540277945, 0.0 ], [ 40.126377393139364, 104.314414810350428, 0.0 ], [ 40.117652518963737, 104.299302884988592, 0.0 ], [ 40.107894743518372, 104.284836387973783, 0.0 ], [ 40.097151605704376, 104.271085798625265, 0.0 ], [ 40.085475445009294, 104.258118108432143, 0.0 ], [ 40.072923146514349, 104.245996494677556, 0.0 ], [ 40.059555863756046, 104.234780012645217, 0.0 ], [ 40.045438720792319, 104.224523307908143, 0.0 ], [ 40.030640494924633, 104.215276350100794, 0.0 ], [ 40.015233281621903, 104.207084189472113, 0.0 ], [ 39.999292143278609, 104.199986737405197, 0.0 ], [ 39.982894743518372, 104.194018571973118, 0.0 ], [ 39.966120968824548, 104.189208769477901, 0.0 ], [ 39.949052539341366, 104.185580762793847, 0.0 ], [ 39.931772610741547, 104.183152227204829, 0.0 ], [ 39.91436536910026, 104.181934994292121, 0.0 ], [ 39.896915620749006, 104.181934994292121, 0.0 ], [ 39.879508379107719, 104.183152227204829, 0.0 ], [ 39.862228450507899, 104.185580762793847, 0.0 ], [ 39.845160021024718, 104.189208769477901, 0.0 ], [ 39.828386246330894, 104.194018571973118, 0.0 ], [ 39.811988846570657, 104.199986737405197, 0.0 ], [ 39.796047708227363, 104.207084189472113, 0.0 ], [ 39.780640494924633, 104.215276350100794, 0.0 ], [ 39.765842269056947, 104.224523307908143, 0.0 ], [ 39.75172512609322, 104.234780012645217, 0.0 ], [ 39.738357843334917, 104.245996494677556, 0.0 ], [ 39.725805544839972, 104.258118108432143, 0.0 ], [ 39.71412938414489, 104.271085798625265, 0.0 ], [ 39.703386246330894, 104.284836387973783, 0.0 ], [ 39.693628470885528, 104.299302884988592, 0.0 ], [ 39.684903596709901, 104.314414810350428, 0.0 ], [ 39.67725413051398, 104.330098540277945, 0.0 ], [ 39.670717339728157, 104.346277665215482, 0.0 ], [ 39.665325070940057, 104.362873362092643, 0.0 ], [ 39.661103594741178, 104.379804778342461, 0.0 ], [ 39.658073477739244, 104.396989425806879, 0.0 ], [ 39.656249482359677, 104.414343582610869, 0.0 ], [ 39.655640494924633, 104.431782701046899, 0.0 ], [ 39.656249482359677, 104.449221819482929, 0.0 ], [ 39.658073477739244, 104.466575976286919, 0.0 ], [ 39.661103594741178, 104.483760623751337, 0.0 ], [ 39.665325070940057, 104.500692040001155, 0.0 ], [ 39.670717339728157, 104.517287736878316, 0.0 ], [ 39.67725413051398, 104.533466861815853, 0.0 ], [ 39.684903596709901, 104.54915059174337, 0.0 ], [ 39.693628470885528, 104.564262517105206, 0.0 ], [ 39.703386246330894, 104.578729014120015, 0.0 ], [ 39.71412938414489, 104.592479603468533, 0.0 ], [ 39.725805544839972, 104.605447293661655, 0.0 ], [ 39.738357843334917, 104.617568907416242, 0.0 ], [ 39.75172512609322, 104.628785389448581, 0.0 ], [ 39.765842269056947, 104.639042094185655, 0.0 ], [ 39.780640494924633, 104.648289051993004, 0.0 ], [ 39.796047708227363, 104.656481212621685, 0.0 ], [ 39.811988846570657, 104.6635786646886, 0.0 ], [ 39.828386246330894, 104.66954683012068, 0.0 ], [ 39.845160021024718, 104.674356632615897, 0.0 ], [ 39.862228450507899, 104.67798463929995, 0.0 ], [ 39.879508379107719, 104.680413174888969, 0.0 ], [ 39.896915620749006, 104.681630407801677, 0.0 ], [ 39.91436536910026, 104.681630407801677, 0.0 ], [ 39.931772610741547, 104.680413174888969, 0.0 ], [ 39.949052539341366, 104.67798463929995, 0.0 ], [ 39.966120968824548, 104.674356632615897, 0.0 ], [ 39.982894743518372, 104.66954683012068, 0.0 ], [ 39.999292143278609, 104.6635786646886, 0.0 ], [ 40.015233281621903, 104.656481212621685, 0.0 ], [ 40.030640494924633, 104.648289051993004, 0.0 ], [ 40.045438720792319, 104.639042094185655, 0.0 ], [ 40.059555863756046, 104.628785389448581, 0.0 ], [ 40.072923146514349, 104.617568907416242, 0.0 ], [ 40.085475445009294, 104.605447293661655, 0.0 ], [ 40.097151605704376, 104.592479603468533, 0.0 ], [ 40.107894743518372, 104.578729014120015, 0.0 ], [ 40.117652518963737, 104.564262517105206, 0.0 ], [ 40.126377393139364, 104.54915059174337, 0.0 ], [ 40.134026859335286, 104.533466861815853, 0.0 ], [ 40.140563650121109, 104.517287736878316, 0.0 ], [ 40.145955918909209, 104.500692040001155, 0.0 ], [ 40.150177395108081, 104.483760623751337, 0.0 ], [ 40.153207512110022, 104.466575976286919, 0.0 ], [ 40.155031507489589, 104.449221819482929, 0.0 ], [ 40.155640494924633, 104.431782701046899, 0.0 ] ] } },
{ "type": "Feature", "properties": { "Layer": "A_INDICADORES", "SubClasses": "AcDbEntity:AcDbCircle", "EntityHandle": "1C261DC8" }, "geometry": { "type": "LineString", "coordinates": [ [ 1.303086193778881, 100.407338123854103, 0.0 ], [ 1.302477206343837, 100.389899005418073, 0.0 ], [ 1.300653210964273, 100.372544848614083, 0.0 ], [ 1.297623093962332, 100.355360201149665, 0.0 ], [ 1.293401617763461, 100.338428784899847, 0.0 ], [ 1.288009348975358, 100.321833088022686, 0.0 ], [ 1.281472558189531, 100.305653963085149, 0.0 ], [ 1.273823091993613, 100.289970233157632, 0.0 ], [ 1.265098217817987, 100.274858307795796, 0.0 ], [ 1.255340442372618, 100.260391810780987, 0.0 ], [ 1.244597304558625, 100.246641221432469, 0.0 ], [ 1.232921143863544, 100.233673531239347, 0.0 ], [ 1.220368845368595, 100.22155191748476, 0.0 ], [ 1.207001562610295, 100.210335435452421, 0.0 ], [ 1.192884419646568, 100.200078730715347, 0.0 ], [ 1.178086193778881, 100.190831772907998, 0.0 ], [ 1.16267898047615, 100.182639612279317, 0.0 ], [ 1.146737842132859, 100.175542160212402, 0.0 ], [ 1.130340442372618, 100.169573994780322, 0.0 ], [ 1.113566667678798, 100.164764192285105, 0.0 ], [ 1.096498238195613, 100.161136185601052, 0.0 ], [ 1.079218309595794, 100.158707650012033, 0.0 ], [ 1.061811067954506, 100.157490417099325, 0.0 ], [ 1.044361319603256, 100.157490417099325, 0.0 ], [ 1.026954077961967, 100.158707650012033, 0.0 ], [ 1.009674149362148, 100.161136185601052, 0.0 ], [ 0.992605719878964, 100.164764192285105, 0.0 ], [ 0.975831945185144, 100.169573994780308, 0.0 ], [ 0.959434545424903, 100.175542160212402, 0.0 ], [ 0.943493407081612, 100.182639612279317, 0.0 ], [ 0.928086193778881, 100.190831772907998, 0.0 ], [ 0.913287967911194, 100.200078730715347, 0.0 ], [ 0.899170824947466, 100.210335435452421, 0.0 ], [ 0.885803542189166, 100.22155191748476, 0.0 ], [ 0.873251243694218, 100.233673531239347, 0.0 ], [ 0.861575082999136, 100.246641221432469, 0.0 ], [ 0.850831945185144, 100.260391810780987, 0.0 ], [ 0.841074169739774, 100.274858307795796, 0.0 ], [ 0.832349295564149, 100.289970233157632, 0.0 ], [ 0.824699829368231, 100.305653963085149, 0.0 ], [ 0.818163038582404, 100.321833088022686, 0.0 ], [ 0.812770769794301, 100.338428784899847, 0.0 ], [ 0.808549293595429, 100.355360201149665, 0.0 ], [ 0.805519176593488, 100.372544848614083, 0.0 ], [ 0.803695181213925, 100.389899005418073, 0.0 ], [ 0.803086193778881, 100.407338123854103, 0.0 ], [ 0.803695181213925, 100.424777242290133, 0.0 ], [ 0.805519176593488, 100.442131399094123, 0.0 ], [ 0.808549293595429, 100.459316046558541, 0.0 ], [ 0.812770769794301, 100.47624746280836, 0.0 ], [ 0.818163038582404, 100.492843159685521, 0.0 ], [ 0.824699829368231, 100.509022284623057, 0.0 ], [ 0.832349295564149, 100.524706014550574, 0.0 ], [ 0.841074169739774, 100.53981793991241, 0.0 ], [ 0.850831945185144, 100.554284436927219, 0.0 ], [ 0.861575082999136, 100.568035026275737, 0.0 ], [ 0.873251243694218, 100.581002716468859, 0.0 ], [ 0.885803542189166, 100.593124330223446, 0.0 ], [ 0.899170824947466, 100.604340812255785, 0.0 ], [ 0.913287967911194, 100.614597516992859, 0.0 ], [ 0.928086193778881, 100.623844474800208, 0.0 ], [ 0.943493407081611, 100.632036635428889, 0.0 ], [ 0.959434545424903, 100.639134087495805, 0.0 ], [ 0.975831945185144, 100.645102252927884, 0.0 ], [ 0.992605719878964, 100.649912055423101, 0.0 ], [ 1.009674149362148, 100.653540062107155, 0.0 ], [ 1.026954077961967, 100.655968597696173, 0.0 ], [ 1.044361319603256, 100.657185830608881, 0.0 ], [ 1.061811067954506, 100.657185830608881, 0.0 ], [ 1.079218309595794, 100.655968597696173, 0.0 ], [ 1.096498238195613, 100.653540062107155, 0.0 ], [ 1.113566667678798, 100.649912055423101, 0.0 ], [ 1.130340442372618, 100.645102252927899, 0.0 ], [ 1.146737842132859, 100.639134087495805, 0.0 ], [ 1.16267898047615, 100.632036635428889, 0.0 ], [ 1.178086193778881, 100.623844474800208, 0.0 ], [ 1.192884419646568, 100.614597516992859, 0.0 ], [ 1.207001562610295, 100.604340812255785, 0.0 ], [ 1.220368845368595, 100.593124330223446, 0.0 ], [ 1.232921143863544, 100.581002716468859, 0.0 ], [ 1.244597304558625, 100.568035026275737, 0.0 ], [ 1.255340442372618, 100.554284436927219, 0.0 ], [ 1.265098217817987, 100.53981793991241, 0.0 ], [ 1.273823091993613, 100.524706014550574, 0.0 ], [ 1.281472558189531, 100.509022284623057, 0.0 ], [ 1.288009348975358, 100.492843159685521, 0.0 ], [ 1.293401617763461, 100.47624746280836, 0.0 ], [ 1.297623093962332, 100.459316046558541, 0.0 ], [ 1.300653210964273, 100.442131399094123, 0.0 ], [ 1.302477206343837, 100.424777242290133, 0.0 ], [ 1.303086193778881, 100.407338123854103, 0.0 ] ] } },
{ "type": "Feature", "properties": { "Layer": "A_INDICADORES", "SubClasses": "AcDbEntity:AcDbCircle", "EntityHandle": "1C261DCA" }, "geometry": { "type": "LineString", "coordinates": [ [ 1.303086193778881, 97.307149983822313, 0.0 ], [ 1.302477206343837, 97.289710865386283, 0.0 ], [ 1.300653210964273, 97.272356708582294, 0.0 ], [ 1.297623093962332, 97.255172061117875, 0.0 ], [ 1.293401617763461, 97.238240644868057, 0.0 ], [ 1.288009348975358, 97.221644947990896, 0.0 ], [ 1.281472558189531, 97.205465823053359, 0.0 ], [ 1.273823091993613, 97.189782093125842, 0.0 ], [ 1.265098217817987, 97.174670167764006, 0.0 ], [ 1.255340442372618, 97.160203670749198, 0.0 ], [ 1.244597304558625, 97.146453081400679, 0.0 ], [ 1.232921143863544, 97.133485391207557, 0.0 ], [ 1.220368845368595, 97.12136377745297, 0.0 ], [ 1.207001562610295, 97.110147295420632, 0.0 ], [ 1.192884419646568, 97.099890590683557, 0.0 ], [ 1.178086193778881, 97.090643632876208, 0.0 ], [ 1.16267898047615, 97.082451472247527, 0.0 ], [ 1.146737842132859, 97.075354020180612, 0.0 ], [ 1.130340442372618, 97.069385854748532, 0.0 ], [ 1.113566667678798, 97.064576052253315, 0.0 ], [ 1.096498238195613, 97.060948045569262, 0.0 ], [ 1.079218309595794, 97.058519509980243, 0.0 ], [ 1.061811067954506, 97.057302277067535, 0.0 ], [ 1.044361319603256, 97.057302277067535, 0.0 ], [ 1.026954077961967, 97.058519509980243, 0.0 ], [ 1.009674149362148, 97.060948045569262, 0.0 ], [ 0.992605719878964, 97.064576052253315, 0.0 ], [ 0.975831945185144, 97.069385854748532, 0.0 ], [ 0.959434545424903, 97.075354020180612, 0.0 ], [ 0.943493407081612, 97.082451472247527, 0.0 ], [ 0.928086193778881, 97.090643632876208, 0.0 ], [ 0.913287967911194, 97.099890590683557, 0.0 ], [ 0.899170824947466, 97.110147295420632, 0.0 ], [ 0.885803542189166, 97.12136377745297, 0.0 ], [ 0.873251243694218, 97.133485391207557, 0.0 ], [ 0.861575082999136, 97.146453081400679, 0.0 ], [ 0.850831945185144, 97.160203670749198, 0.0 ], [ 0.841074169739774, 97.174670167764006, 0.0 ], [ 0.832349295564149, 97.189782093125842, 0.0 ], [ 0.824699829368231, 97.205465823053359, 0.0 ], [ 0.818163038582404, 97.221644947990896, 0.0 ], [ 0.812770769794301, 97.238240644868057, 0.0 ], [ 0.808549293595429, 97.255172061117875, 0.0 ], [ 0.805519176593488, 97.272356708582294, 0.0 ], [ 0.803695181213925, 97.289710865386283, 0.0 ], [ 0.803086193778881, 97.307149983822313, 0.0 ], [ 0.803695181213925, 97.324589102258344, 0.0 ], [ 0.805519176593488, 97.341943259062333, 0.0 ], [ 0.808549293595429, 97.359127906526751, 0.0 ], [ 0.812770769794301, 97.37605932277657, 0.0 ], [ 0.818163038582404, 97.392655019653731, 0.0 ], [ 0.824699829368231, 97.408834144591268, 0.0 ], [ 0.832349295564149, 97.424517874518784, 0.0 ], [ 0.841074169739774, 97.43962979988062, 0.0 ], [ 0.850831945185144, 97.454096296895429, 0.0 ], [ 0.861575082999136, 97.467846886243947, 0.0 ], [ 0.873251243694218, 97.480814576437069, 0.0 ], [ 0.885803542189166, 97.492936190191656, 0.0 ], [ 0.899170824947466, 97.504152672223995, 0.0 ], [ 0.913287967911194, 97.514409376961069, 0.0 ], [ 0.928086193778881, 97.523656334768418, 0.0 ], [ 0.943493407081611, 97.531848495397099, 0.0 ], [ 0.959434545424903, 97.538945947464015, 0.0 ], [ 0.975831945185144, 97.544914112896095, 0.0 ], [ 0.992605719878964, 97.549723915391311, 0.0 ], [ 1.009674149362148, 97.553351922075365, 0.0 ], [ 1.026954077961967, 97.555780457664383, 0.0 ], [ 1.044361319603256, 97.556997690577091, 0.0 ], [ 1.061811067954506, 97.556997690577091, 0.0 ], [ 1.079218309595794, 97.555780457664383, 0.0 ], [ 1.096498238195613, 97.553351922075365, 0.0 ], [ 1.113566667678798, 97.549723915391311, 0.0 ], [ 1.130340442372618, 97.544914112896095, 0.0 ], [ 1.146737842132859, 97.538945947464015, 0.0 ], [ 1.16267898047615, 97.531848495397099, 0.0 ], [ 1.178086193778881, 97.523656334768418, 0.0 ], [ 1.192884419646568, 97.514409376961069, 0.0 ], [ 1.207001562610295, 97.504152672223995, 0.0 ], [ 1.220368845368595, 97.492936190191656, 0.0 ], [ 1.232921143863544, 97.480814576437069, 0.0 ], [ 1.244597304558625, 97.467846886243947, 0.0 ], [ 1.255340442372618, 97.454096296895429, 0.0 ], [ 1.265098217817987, 97.43962979988062, 0.0 ], [ 1.273823091993613, 97.424517874518784, 0.0 ], [ 1.281472558189531, 97.408834144591268, 0.0 ], [ 1.288009348975358, 97.392655019653731, 0.0 ], [ 1.293401617763461, 97.37605932277657, 0.0 ], [ 1.297623093962332, 97.359127906526751, 0.0 ], [ 1.300653210964273, 97.341943259062333, 0.0 ], [ 1.302477206343837, 97.324589102258344, 0.0 ], [ 1.303086193778881, 97.307149983822313, 0.0 ] ] } },
{ "type": "Feature", "properties": { "Layer": "A_INDICADORES", "SubClasses": "AcDbEntity:AcDbCircle", "EntityHandle": "1C261DCC" }, "geometry": { "type": "LineString", "coordinates": [ [ 1.303086193778881, 94.955118661087766, 0.0 ], [ 1.302477206343837, 94.937679542651736, 0.0 ], [ 1.300653210964273, 94.920325385847747, 0.0 ], [ 1.297623093962332, 94.903140738383328, 0.0 ], [ 1.293401617763461, 94.88620932213351, 0.0 ], [ 1.288009348975358, 94.869613625256349, 0.0 ], [ 1.281472558189531, 94.853434500318812, 0.0 ], [ 1.273823091993613, 94.837750770391295, 0.0 ], [ 1.265098217817987, 94.822638845029459, 0.0 ], [ 1.255340442372618, 94.808172348014651, 0.0 ], [ 1.244597304558625, 94.794421758666132, 0.0 ], [ 1.232921143863544, 94.78145406847301, 0.0 ], [ 1.220368845368595, 94.769332454718423, 0.0 ], [ 1.207001562610295, 94.758115972686085, 0.0 ], [ 1.192884419646568, 94.747859267949011, 0.0 ], [ 1.178086193778881, 94.738612310141662, 0.0 ], [ 1.16267898047615, 94.73042014951298, 0.0 ], [ 1.146737842132859, 94.723322697446065, 0.0 ], [ 1.130340442372618, 94.717354532013985, 0.0 ], [ 1.113566667678798, 94.712544729518768, 0.0 ], [ 1.096498238195613, 94.708916722834715, 0.0 ], [ 1.079218309595794, 94.706488187245697, 0.0 ], [ 1.061811067954506, 94.705270954332988, 0.0 ], [ 1.044361319603256, 94.705270954332988, 0.0 ], [ 1.026954077961967, 94.706488187245697, 0.0 ], [ 1.009674149362148, 94.708916722834715, 0.0 ], [ 0.992605719878964, 94.712544729518768, 0.0 ], [ 0.975831945185144, 94.717354532013985, 0.0 ], [ 0.959434545424903, 94.723322697446065, 0.0 ], [ 0.943493407081612, 94.73042014951298, 0.0 ], [ 0.928086193778881, 94.738612310141662, 0.0 ], [ 0.913287967911194, 94.747859267949011, 0.0 ], [ 0.899170824947466, 94.758115972686085, 0.0 ], [ 0.885803542189166, 94.769332454718423, 0.0 ], [ 0.873251243694218, 94.78145406847301, 0.0 ], [ 0.861575082999136, 94.794421758666132, 0.0 ], [ 0.850831945185144, 94.808172348014651, 0.0 ], [ 0.841074169739774, 94.822638845029459, 0.0 ], [ 0.832349295564149, 94.837750770391295, 0.0 ], [ 0.824699829368231, 94.853434500318812, 0.0 ], [ 0.818163038582404, 94.869613625256349, 0.0 ], [ 0.812770769794301, 94.88620932213351, 0.0 ], [ 0.808549293595429, 94.903140738383328, 0.0 ], [ 0.805519176593488, 94.920325385847747, 0.0 ], [ 0.803695181213925, 94.937679542651736, 0.0 ], [ 0.803086193778881, 94.955118661087766, 0.0 ], [ 0.803695181213925, 94.972557779523797, 0.0 ], [ 0.805519176593488, 94.989911936327786, 0.0 ], [ 0.808549293595429, 95.007096583792205, 0.0 ], [ 0.812770769794301, 95.024028000042023, 0.0 ], [ 0.818163038582404, 95.040623696919184, 0.0 ], [ 0.824699829368231, 95.056802821856721, 0.0 ], [ 0.832349295564149, 95.072486551784237, 0.0 ], [ 0.841074169739774, 95.087598477146074, 0.0 ], [ 0.850831945185144, 95.102064974160882, 0.0 ], [ 0.861575082999136, 95.1158155635094, 0.0 ], [ 0.873251243694218, 95.128783253702522, 0.0 ], [ 0.885803542189166, 95.14090486745711, 0.0 ], [ 0.899170824947466, 95.152121349489448, 0.0 ], [ 0.913287967911194, 95.162378054226522, 0.0 ], [ 0.928086193778881, 95.171625012033871, 0.0 ], [ 0.943493407081611, 95.179817172662553, 0.0 ], [ 0.959434545424903, 95.186914624729468, 0.0 ], [ 0.975831945185144, 95.192882790161548, 0.0 ], [ 0.992605719878964, 95.197692592656765, 0.0 ], [ 1.009674149362148, 95.201320599340818, 0.0 ], [ 1.026954077961967, 95.203749134929836, 0.0 ], [ 1.044361319603256, 95.204966367842545, 0.0 ], [ 1.061811067954506, 95.204966367842545, 0.0 ], [ 1.079218309595794, 95.203749134929836, 0.0 ], [ 1.096498238195613, 95.201320599340818, 0.0 ], [ 1.113566667678798, 95.197692592656765, 0.0 ], [ 1.130340442372618, 95.192882790161548, 0.0 ], [ 1.146737842132859, 95.186914624729468, 0.0 ], [ 1.16267898047615, 95.179817172662553, 0.0 ], [ 1.178086193778881, 95.171625012033871, 0.0 ], [ 1.192884419646568, 95.162378054226522, 0.0 ], [ 1.207001562610295, 95.152121349489448, 0.0 ], [ 1.220368845368595, 95.14090486745711, 0.0 ], [ 1.232921143863544, 95.128783253702522, 0.0 ], [ 1.244597304558625, 95.1158155635094, 0.0 ], [ 1.255340442372618, 95.102064974160882, 0.0 ], [ 1.265098217817987, 95.087598477146074, 0.0 ], [ 1.273823091993613, 95.072486551784237, 0.0 ], [ 1.281472558189531, 95.056802821856721, 0.0 ], [ 1.288009348975358, 95.040623696919184, 0.0 ], [ 1.293401617763461, 95.024028000042023, 0.0 ], [ 1.297623093962332, 95.007096583792205, 0.0 ], [ 1.300653210964273, 94.989911936327786, 0.0 ], [ 1.302477206343837, 94.972557779523797, 0.0 ], [ 1.303086193778881, 94.955118661087766, 0.0 ] ] } },
{ "type": "Feature", "properties": { "Layer": "A_INDICADORES", "SubClasses": "AcDbEntity:AcDbCircle", "EntityHandle": "1C261DCE" }, "geometry": { "type": "LineString", "coordinates": [ [ 1.303086193778881, 88.979410945567196, 0.0 ], [ 1.302477206343837, 88.961971827131165, 0.0 ], [ 1.300653210964273, 88.944617670327176, 0.0 ], [ 1.297623093962332, 88.927433022862758, 0.0 ], [ 1.293401617763461, 88.910501606612939, 0.0 ], [ 1.288009348975358, 88.893905909735778, 0.0 ], [ 1.281472558189531, 88.877726784798242, 0.0 ], [ 1.273823091993613, 88.862043054870725, 0.0 ], [ 1.265098217817987, 88.846931129508889, 0.0 ], [ 1.255340442372618, 88.83246463249408, 0.0 ], [ 1.244597304558625, 88.818714043145562, 0.0 ], [ 1.232921143863544, 88.80574635295244, 0.0 ], [ 1.220368845368595, 88.793624739197853, 0.0 ], [ 1.207001562610295, 88.782408257165514, 0.0 ], [ 1.192884419646568, 88.77215155242844, 0.0 ], [ 1.178086193778881, 88.762904594621091, 0.0 ], [ 1.16267898047615, 88.75471243399241, 0.0 ], [ 1.146737842132859, 88.747614981925494, 0.0 ], [ 1.130340442372618, 88.741646816493414, 0.0 ], [ 1.113566667678798, 88.736837013998198, 0.0 ], [ 1.096498238195613, 88.733209007314144, 0.0 ], [ 1.079218309595794, 88.730780471725126, 0.0 ], [ 1.061811067954506, 88.729563238812418, 0.0 ], [ 1.044361319603256, 88.729563238812418, 0.0 ], [ 1.026954077961967, 88.730780471725126, 0.0 ], [ 1.009674149362148, 88.733209007314144, 0.0 ], [ 0.992605719878964, 88.736837013998198, 0.0 ], [ 0.975831945185144, 88.741646816493414, 0.0 ], [ 0.959434545424903, 88.747614981925494, 0.0 ], [ 0.943493407081612, 88.75471243399241, 0.0 ], [ 0.928086193778881, 88.762904594621091, 0.0 ], [ 0.913287967911194, 88.77215155242844, 0.0 ], [ 0.899170824947466, 88.782408257165514, 0.0 ], [ 0.885803542189166, 88.793624739197853, 0.0 ], [ 0.873251243694218, 88.80574635295244, 0.0 ], [ 0.861575082999136, 88.818714043145562, 0.0 ], [ 0.850831945185144, 88.83246463249408, 0.0 ], [ 0.841074169739774, 88.846931129508889, 0.0 ], [ 0.832349295564149, 88.862043054870725, 0.0 ], [ 0.824699829368231, 88.877726784798242, 0.0 ], [ 0.818163038582404, 88.893905909735778, 0.0 ], [ 0.812770769794301, 88.910501606612939, 0.0 ], [ 0.808549293595429, 88.927433022862758, 0.0 ], [ 0.805519176593488, 88.944617670327176, 0.0 ], [ 0.803695181213925, 88.961971827131165, 0.0 ], [ 0.803086193778881, 88.979410945567196, 0.0 ], [ 0.803695181213925, 88.996850064003226, 0.0 ], [ 0.805519176593488, 89.014204220807216, 0.0 ], [ 0.808549293595429, 89.031388868271634, 0.0 ], [ 0.812770769794301, 89.048320284521452, 0.0 ], [ 0.818163038582404, 89.064915981398613, 0.0 ], [ 0.824699829368231, 89.08109510633615, 0.0 ], [ 0.832349295564149, 89.096778836263667, 0.0 ], [ 0.841074169739774, 89.111890761625503, 0.0 ], [ 0.850831945185144, 89.126357258640311, 0.0 ], [ 0.861575082999136, 89.14010784798883, 0.0 ], [ 0.873251243694218, 89.153075538181952, 0.0 ], [ 0.885803542189166, 89.165197151936539, 0.0 ], [ 0.899170824947466, 89.176413633968878, 0.0 ], [ 0.913287967911194, 89.186670338705952, 0.0 ], [ 0.928086193778881, 89.195917296513301, 0.0 ], [ 0.943493407081611, 89.204109457141982, 0.0 ], [ 0.959434545424903, 89.211206909208897, 0.0 ], [ 0.975831945185144, 89.217175074640977, 0.0 ], [ 0.992605719878964, 89.221984877136194, 0.0 ], [ 1.009674149362148, 89.225612883820247, 0.0 ], [ 1.026954077961967, 89.228041419409266, 0.0 ], [ 1.044361319603256, 89.229258652321974, 0.0 ], [ 1.061811067954506, 89.229258652321974, 0.0 ], [ 1.079218309595794, 89.228041419409266, 0.0 ], [ 1.096498238195613, 89.225612883820247, 0.0 ], [ 1.113566667678798, 89.221984877136194, 0.0 ], [ 1.130340442372618, 89.217175074640977, 0.0 ], [ 1.146737842132859, 89.211206909208897, 0.0 ], [ 1.16267898047615, 89.204109457141982, 0.0 ], [ 1.178086193778881, 89.195917296513301, 0.0 ], [ 1.192884419646568, 89.186670338705952, 0.0 ], [ 1.207001562610295, 89.176413633968878, 0.0 ], [ 1.220368845368595, 89.165197151936539, 0.0 ], [ 1.232921143863544, 89.153075538181952, 0.0 ], [ 1.244597304558625, 89.14010784798883, 0.0 ], [ 1.255340442372618, 89.126357258640311, 0.0 ], [ 1.265098217817987, 89.111890761625503, 0.0 ], [ 1.273823091993613, 89.096778836263667, 0.0 ], [ 1.281472558189531, 89.08109510633615, 0.0 ], [ 1.288009348975358, 89.064915981398613, 0.0 ], [ 1.293401617763461, 89.048320284521452, 0.0 ], [ 1.297623093962332, 89.031388868271634, 0.0 ], [ 1.300653210964273, 89.014204220807216, 0.0 ], [ 1.302477206343837, 88.996850064003226, 0.0 ], [ 1.303086193778881, 88.979410945567196, 0.0 ] ] } },
{ "type": "Feature", "properties": { "Layer": "A_INDICADORES", "SubClasses": "AcDbEntity:AcDbCircle", "EntityHandle": "1C261DD0" }, "geometry": { "type": "LineString", "coordinates": [ [ 1.303086193778881, 77.775763846389793, 0.0 ], [ 1.302477206343837, 77.758324727953763, 0.0 ], [ 1.300653210964273, 77.740970571149774, 0.0 ], [ 1.297623093962332, 77.723785923685355, 0.0 ], [ 1.293401617763461, 77.706854507435537, 0.0 ], [ 1.288009348975358, 77.690258810558376, 0.0 ], [ 1.281472558189531, 77.674079685620839, 0.0 ], [ 1.273823091993613, 77.658395955693322, 0.0 ], [ 1.265098217817987, 77.643284030331486, 0.0 ], [ 1.255340442372618, 77.628817533316678, 0.0 ], [ 1.244597304558625, 77.615066943968159, 0.0 ], [ 1.232921143863544, 77.602099253775037, 0.0 ], [ 1.220368845368595, 77.58997764002045, 0.0 ], [ 1.207001562610295, 77.578761157988112, 0.0 ], [ 1.192884419646568, 77.568504453251037, 0.0 ], [ 1.178086193778881, 77.559257495443688, 0.0 ], [ 1.16267898047615, 77.551065334815007, 0.0 ], [ 1.146737842132859, 77.543967882748092, 0.0 ], [ 1.130340442372618, 77.537999717316012, 0.0 ], [ 1.113566667678798, 77.533189914820795, 0.0 ], [ 1.096498238195613, 77.529561908136742, 0.0 ], [ 1.079218309595794, 77.527133372547723, 0.0 ], [ 1.061811067954506, 77.525916139635015, 0.0 ], [ 1.044361319603256, 77.525916139635015, 0.0 ], [ 1.026954077961967, 77.527133372547723, 0.0 ], [ 1.009674149362148, 77.529561908136742, 0.0 ], [ 0.992605719878964, 77.533189914820795, 0.0 ], [ 0.975831945185144, 77.537999717316012, 0.0 ], [ 0.959434545424903, 77.543967882748092, 0.0 ], [ 0.943493407081612, 77.551065334815007, 0.0 ], [ 0.928086193778881, 77.559257495443688, 0.0 ], [ 0.913287967911194, 77.568504453251037, 0.0 ], [ 0.899170824947466, 77.578761157988112, 0.0 ], [ 0.885803542189166, 77.58997764002045, 0.0 ], [ 0.873251243694218, 77.602099253775037, 0.0 ], [ 0.861575082999136, 77.615066943968159, 0.0 ], [ 0.850831945185144, 77.628817533316678, 0.0 ], [ 0.841074169739774, 77.643284030331486, 0.0 ], [ 0.832349295564149, 77.658395955693322, 0.0 ], [ 0.824699829368231, 77.674079685620839, 0.0 ], [ 0.818163038582404, 77.690258810558376, 0.0 ], [ 0.812770769794301, 77.706854507435537, 0.0 ], [ 0.808549293595429, 77.723785923685355, 0.0 ], [ 0.805519176593488, 77.740970571149774, 0.0 ], [ 0.803695181213925, 77.758324727953763, 0.0 ], [ 0.803086193778881, 77.775763846389793, 0.0 ], [ 0.803695181213925, 77.793202964825824, 0.0 ], [ 0.805519176593488, 77.810557121629813, 0.0 ], [ 0.808549293595429, 77.827741769094231, 0.0 ], [ 0.812770769794301, 77.84467318534405, 0.0 ], [ 0.818163038582404, 77.861268882221211, 0.0 ], [ 0.824699829368231, 77.877448007158748, 0.0 ], [ 0.832349295564149, 77.893131737086264, 0.0 ], [ 0.841074169739774, 77.908243662448101, 0.0 ], [ 0.850831945185144, 77.922710159462909, 0.0 ], [ 0.861575082999136, 77.936460748811427, 0.0 ], [ 0.873251243694218, 77.949428439004549, 0.0 ], [ 0.885803542189166, 77.961550052759137, 0.0 ], [ 0.899170824947466, 77.972766534791475, 0.0 ], [ 0.913287967911194, 77.983023239528549, 0.0 ], [ 0.928086193778881, 77.992270197335898, 0.0 ], [ 0.943493407081611, 78.000462357964579, 0.0 ], [ 0.959434545424903, 78.007559810031495, 0.0 ], [ 0.975831945185144, 78.013527975463575, 0.0 ], [ 0.992605719878964, 78.018337777958791, 0.0 ], [ 1.009674149362148, 78.021965784642845, 0.0 ], [ 1.026954077961967, 78.024394320231863, 0.0 ], [ 1.044361319603256, 78.025611553144572, 0.0 ], [ 1.061811067954506, 78.025611553144572, 0.0 ], [ 1.079218309595794, 78.024394320231863, 0.0 ], [ 1.096498238195613, 78.021965784642845, 0.0 ], [ 1.113566667678798, 78.018337777958791, 0.0 ], [ 1.130340442372618, 78.013527975463575, 0.0 ], [ 1.146737842132859, 78.007559810031495, 0.0 ], [ 1.16267898047615, 78.000462357964579, 0.0 ], [ 1.178086193778881, 77.992270197335898, 0.0 ], [ 1.192884419646568, 77.983023239528549, 0.0 ], [ 1.207001562610295, 77.972766534791475, 0.0 ], [ 1.220368845368595, 77.961550052759137, 0.0 ], [ 1.232921143863544, 77.949428439004549, 0.0 ], [ 1.244597304558625, 77.936460748811427, 0.0 ], [ 1.255340442372618, 77.922710159462909, 0.0 ], [ 1.265098217817987, 77.908243662448101, 0.0 ], [ 1.273823091993613, 77.893131737086264, 0.0 ], [ 1.281472558189531, 77.877448007158748, 0.0 ], [ 1.288009348975358, 77.861268882221211, 0.0 ], [ 1.293401617763461, 77.84467318534405, 0.0 ], [ 1.297623093962332, 77.827741769094231, 0.0 ], [ 1.300653210964273, 77.810557121629813, 0.0 ], [ 1.302477206343837, 77.793202964825824, 0.0 ], [ 1.303086193778881, 77.775763846389793, 0.0 ] ] } }
]
}
