{
"type": "FeatureCollection",
"name": "entities",
"features": [
{ "type": "Feature", "properties": { "Layer": "A_TEXTOLOCAL", "SubClasses": "AcDbEntity:AcDbLine", "EntityHandle": "1C1E1C27" }, "geometry": { "type": "LineString", "coordinates": [ [ 8.014197776974811, 61.986195605982289, 0.0 ], [ 7.974197776974961, 61.986195605982289, 0.0 ] ] } },
{ "type": "Feature", "properties": { "Layer": "A_TEXTOLOCAL", "SubClasses": "AcDbEntity:AcDbLine", "EntityHandle": "1C1E1C28" }, "geometry": { "type": "LineString", "coordinates": [ [ 7.974197776974961, 61.986195605982289, 0.0 ], [ 7.974197776974961, 61.216195605982392, 0.0 ] ] } },
{ "type": "Feature", "properties": { "Layer": "A_TEXTOLOCAL", "SubClasses": "AcDbEntity:AcDbLine", "EntityHandle": "1C1E1C29" }, "geometry": { "type": "LineString", "coordinates": [ [ 7.974197776974961, 61.216195605982392, 0.0 ], [ 8.014197776974811, 61.216195605982392, 0.0 ] ] } },
{ "type": "Feature", "properties": { "Layer": "A_TEXTOLOCAL", "SubClasses": "AcDbEntity:AcDbLine", "EntityHandle": "1C1E1C2A" }, "geometry": { "type": "LineString", "coordinates": [ [ 8.014197776974811, 61.216195605982392, 0.0 ], [ 8.014197776974811, 61.986195605982289, 0.0 ] ] } },
{ "type": "Feature", "properties": { "Layer": "A_TEXTOLOCAL", "SubClasses": "AcDbEntity:AcDbLine", "EntityHandle": "1C1E1C37" }, "geometry": { "type": "LineString", "coordinates": [ [ 25.90419777697457, 61.691695605983767, 0.0 ], [ 25.86419777697472, 61.691695605983767, 0.0 ] ] } },
{ "type": "Feature", "properties": { "Layer": "A_TEXTOLOCAL", "SubClasses": "AcDbEntity:AcDbLine", "EntityHandle": "1C1E1C38" }, "geometry": { "type": "LineString", "coordinates": [ [ 25.86419777697472, 61.691695605983767, 0.0 ], [ 25.86419777697472, 62.411695605983972, 0.0 ] ] } },
{ "type": "Feature", "properties": { "Layer": "A_TEXTOLOCAL", "SubClasses": "AcDbEntity:AcDbLine", "EntityHandle": "1C1E1C39" }, "geometry": { "type": "LineString", "coordinates": [ [ 25.86419777697472, 62.411695605983972, 0.0 ], [ 25.90419777697457, 62.411695605983972, 0.0 ] ] } },
{ "type": "Feature", "properties": { "Layer": "A_TEXTOLOCAL", "SubClasses": "AcDbEntity:AcDbLine", "EntityHandle": "1C1E1C3A" }, "geometry": { "type": "LineString", "coordinates": [ [ 25.90419777697457, 62.411695605983972, 0.0 ], [ 25.90419777697457, 61.691695605983767, 0.0 ] ] } },
{ "type": "Feature", "properties": { "Layer": "A_TEXTOLOCAL", "SubClasses": "AcDbEntity:AcDbLine", "EntityHandle": "1C1E1C49" }, "geometry": { "type": "LineString", "coordinates": [ [ 25.384197776973451, 66.736195605982289, 0.0 ], [ 25.70419777697305, 66.736195605980981, 0.0 ] ] } },
{ "type": "Feature", "properties": { "Layer": "A_TEXTOLOCAL", "SubClasses": "AcDbEntity:AcDbLine", "EntityHandle": "1C1E1C4A" }, "geometry": { "type": "LineString", "coordinates": [ [ 25.99419777697392, 64.911195605982272, 0.0 ], [ 25.99419777697392, 64.951195605982292, 0.0 ] ] } },
{ "type": "Feature", "properties": { "Layer": "A_TEXTOLOCAL", "SubClasses": "AcDbEntity:AcDbLine", "EntityHandle": "1C1E1C4B" }, "geometry": { "type": "LineString", "coordinates": [ [ 25.99419777697392, 64.951195605982292, 0.0 ], [ 26.71419777697372, 64.951195605982292, 0.0 ] ] } },
{ "type": "Feature", "properties": { "Layer": "A_TEXTOLOCAL", "SubClasses": "AcDbEntity:AcDbLine", "EntityHandle": "1C1E1C4C" }, "geometry": { "type": "LineString", "coordinates": [ [ 26.71419777697372, 64.951195605982292, 0.0 ], [ 26.71419777697372, 64.911195605982272, 0.0 ] ] } },
{ "type": "Feature", "properties": { "Layer": "A_TEXTOLOCAL", "SubClasses": "AcDbEntity:AcDbLine", "EntityHandle": "1C1E1C4D" }, "geometry": { "type": "LineString", "coordinates": [ [ 26.71419777697372, 64.911195605982272, 0.0 ], [ 25.99419777697392, 64.911195605982272, 0.0 ] ] } },
{ "type": "Feature", "properties": { "Layer": "A_TEXTOLOCAL", "SubClasses": "AcDbEntity:AcDbLine", "EntityHandle": "1C1E1C81" }, "geometry": { "type": "LineString", "coordinates": [ [ 29.119197776974829, 61.291195605982153, 0.0 ], [ 28.719197776974742, 61.291195605982153, 0.0 ] ] } },
{ "type": "Feature", "properties": { "Layer": "A_TEXTOLOCAL", "SubClasses": "AcDbEntity:AcDbLine", "EntityHandle": "1C1E1C82" }, "geometry": { "type": "LineString", "coordinates": [ [ 28.719197776974742, 61.291195605982153, 0.0 ], [ 28.719197776974742, 61.33119560598206, 0.0 ] ] } },
{ "type": "Feature", "properties": { "Layer": "A_TEXTOLOCAL", "SubClasses": "AcDbEntity:AcDbLine", "EntityHandle": "1C1E1C83" }, "geometry": { "type": "LineString", "coordinates": [ [ 28.719197776974742, 61.33119560598206, 0.0 ], [ 29.119197776974829, 61.33119560598206, 0.0 ] ] } },
{ "type": "Feature", "properties": { "Layer": "A_TEXTOLOCAL", "SubClasses": "AcDbEntity:AcDbLine", "EntityHandle": "1C1E1C84" }, "geometry": { "type": "LineString", "coordinates": [ [ 29.119197776974829, 61.33119560598206, 0.0 ], [ 29.119197776974829, 61.291195605982153, 0.0 ] ] } },
{ "type": "Feature", "properties": { "Layer": "A_TEXTOLOCAL", "SubClasses": "AcDbEntity:AcDbLine", "EntityHandle": "1C1E1C85" }, "geometry": { "type": "LineString", "coordinates": [ [ 29.119197776974829, 62.47119560598216, 0.0 ], [ 28.33919777697508, 62.47119560598216, 0.0 ] ] } },
{ "type": "Feature", "properties": { "Layer": "A_TEXTOLOCAL", "SubClasses": "AcDbEntity:AcDbLine", "EntityHandle": "1C1E1C86" }, "geometry": { "type": "LineString", "coordinates": [ [ 28.33919777697508, 62.47119560598216, 0.0 ], [ 28.33919777697508, 62.431195605982282, 0.0 ] ] } },
{ "type": "Feature", "properties": { "Layer": "A_TEXTOLOCAL", "SubClasses": "AcDbEntity:AcDbLine", "EntityHandle": "1C1E1C87" }, "geometry": { "type": "LineString", "coordinates": [ [ 28.33919777697508, 62.431195605982282, 0.0 ], [ 29.119197776974829, 62.431195605982282, 0.0 ] ] } },
{ "type": "Feature", "properties": { "Layer": "A_TEXTOLOCAL", "SubClasses": "AcDbEntity:AcDbLine", "EntityHandle": "1C1E1C88" }, "geometry": { "type": "LineString", "coordinates": [ [ 29.119197776974829, 62.431195605982282, 0.0 ], [ 29.119197776974829, 62.47119560598216, 0.0 ] ] } },
{ "type": "Feature", "properties": { "Layer": "A_TEXTOLOCAL", "SubClasses": "AcDbEntity:AcDbLine", "EntityHandle": "1C1E1C9B" }, "geometry": { "type": "LineString", "coordinates": [ [ 30.234197776974501, 66.736195605982061, 0.0 ], [ 29.384197776974698, 66.736195605982061, 0.0 ] ] } },
{ "type": "Feature", "properties": { "Layer": "A_TEXTOLOCAL", "SubClasses": "AcDbEntity:AcDbLine", "EntityHandle": "1C1E1CCC" }, "geometry": { "type": "LineString", "coordinates": [ [ 35.384197776974133, 65.651195605982281, 0.0 ], [ 35.384197776974133, 64.561195605982164, 0.0 ] ] } },
{ "type": "Feature", "properties": { "Layer": "A_TEXTOLOCAL", "SubClasses": "AcDbEntity:AcDbLine", "EntityHandle": "1C1E1CCD" }, "geometry": { "type": "LineString", "coordinates": [ [ 39.414197776974447, 63.221195605982473, 0.0 ], [ 39.454197776974411, 63.221195605982473, 0.0 ] ] } },
{ "type": "Feature", "properties": { "Layer": "A_TEXTOLOCAL", "SubClasses": "AcDbEntity:AcDbLine", "EntityHandle": "1C1E1CCE" }, "geometry": { "type": "LineString", "coordinates": [ [ 39.454197776974411, 63.221195605982473, 0.0 ], [ 39.454197776974411, 63.76119560598238, 0.0 ] ] } },
{ "type": "Feature", "properties": { "Layer": "A_TEXTOLOCAL", "SubClasses": "AcDbEntity:AcDbLine", "EntityHandle": "1C1E1CCF" }, "geometry": { "type": "LineString", "coordinates": [ [ 39.454197776974411, 63.76119560598238, 0.0 ], [ 39.414197776974447, 63.76119560598238, 0.0 ] ] } },
{ "type": "Feature", "properties": { "Layer": "A_TEXTOLOCAL", "SubClasses": "AcDbEntity:AcDbLine", "EntityHandle": "1C1E1CD0" }, "geometry": { "type": "LineString", "coordinates": [ [ 39.414197776974447, 63.76119560598238, 0.0 ], [ 39.414197776974447, 63.221195605982473, 0.0 ] ] } },
{ "type": "Feature", "properties": { "Layer": "A_TEXTOLOCAL", "SubClasses": "AcDbEntity:AcDbLine", "EntityHandle": "1C1E1CD1" }, "geometry": { "type": "LineString", "coordinates": [ [ 40.754197776974017, 63.221195605982473, 0.0 ], [ 40.714197776974061, 63.221195605982473, 0.0 ] ] } },
{ "type": "Feature", "properties": { "Layer": "A_TEXTOLOCAL", "SubClasses": "AcDbEntity:AcDbLine", "EntityHandle": "1C1E1CD2" }, "geometry": { "type": "LineString", "coordinates": [ [ 40.714197776974061, 63.221195605982473, 0.0 ], [ 40.714197776974061, 64.021195605982143, 0.0 ] ] } },
{ "type": "Feature", "properties": { "Layer": "A_TEXTOLOCAL", "SubClasses": "AcDbEntity:AcDbLine", "EntityHandle": "1C1E1CD3" }, "geometry": { "type": "LineString", "coordinates": [ [ 40.714197776974061, 64.021195605982143, 0.0 ], [ 40.754197776974017, 64.021195605982143, 0.0 ] ] } },
{ "type": "Feature", "properties": { "Layer": "A_TEXTOLOCAL", "SubClasses": "AcDbEntity:AcDbLine", "EntityHandle": "1C1E1CD4" }, "geometry": { "type": "LineString", "coordinates": [ [ 40.754197776974017, 64.021195605982143, 0.0 ], [ 40.754197776974017, 63.221195605982473, 0.0 ] ] } },
{ "type": "Feature", "properties": { "Layer": "A_TEXTOLOCAL", "SubClasses": "AcDbEntity:AcDbLine", "EntityHandle": "1C1E1CDA" }, "geometry": { "type": "LineString", "coordinates": [ [ 41.36419777697472, 66.736195605982061, 0.0 ], [ 43.154197776974677, 66.736195605982061, 0.0 ] ] } },
{ "type": "Feature", "properties": { "Layer": "A_TEXTOLOCAL", "SubClasses": "AcDbEntity:AcDbLine", "EntityHandle": "1C1E1CDB" }, "geometry": { "type": "LineString", "coordinates": [ [ 36.524197776974567, 66.736195605982061, 0.0 ], [ 38.304197776974767, 66.736195605982061, 0.0 ] ] } },
{ "type": "Feature", "properties": { "Layer": "A_TEXTOLOCAL", "SubClasses": "AcDbEntity:AcDbLine", "EntityHandle": "1C1E1CEB" }, "geometry": { "type": "LineString", "coordinates": [ [ 33.044197776974897, 59.751195605982161, 0.0 ], [ 33.944197776974526, 59.751195605982161, 0.0 ] ] } },
{ "type": "Feature", "properties": { "Layer": "A_TEXTOLOCAL", "SubClasses": "AcDbEntity:AcDbLine", "EntityHandle": "1C1E1CF8" }, "geometry": { "type": "LineString", "coordinates": [ [ 57.604197776974388, 62.601195605982582, 0.0 ], [ 57.704197776974411, 62.601195605982582, 0.0 ] ] } },
{ "type": "Feature", "properties": { "Layer": "A_TEXTOLOCAL", "SubClasses": "AcDbEntity:AcDbLine", "EntityHandle": "1C1E1CF9" }, "geometry": { "type": "LineString", "coordinates": [ [ 57.704197776974411, 62.601195605982582, 0.0 ], [ 57.704197776974411, 62.501195605982389, 0.0 ] ] } },
{ "type": "Feature", "properties": { "Layer": "A_TEXTOLOCAL", "SubClasses": "AcDbEntity:AcDbLine", "EntityHandle": "1C1E1CFA" }, "geometry": { "type": "LineString", "coordinates": [ [ 57.704197776974411, 62.501195605982389, 0.0 ], [ 57.604197776974388, 62.501195605982389, 0.0 ] ] } },
{ "type": "Feature", "properties": { "Layer": "A_TEXTOLOCAL", "SubClasses": "AcDbEntity:AcDbLine", "EntityHandle": "1C1E1CFB" }, "geometry": { "type": "LineString", "coordinates": [ [ 57.604197776974388, 62.501195605982389, 0.0 ], [ 57.604197776974388, 62.601195605982582, 0.0 ] ] } },
{ "type": "Feature", "properties": { "Layer": "A_TEXTOLOCAL", "SubClasses": "AcDbEntity:AcDbLine", "EntityHandle": "1C1E1D01" }, "geometry": { "type": "LineString", "coordinates": [ [ 53.974197776974393, 62.691195605982273, 0.0 ], [ 54.994197776974829, 62.691195605982273, 0.0 ] ] } },
{ "type": "Feature", "properties": { "Layer": "A_TEXTOLOCAL", "SubClasses": "AcDbEntity:AcDbLine", "EntityHandle": "1C1E1D02" }, "geometry": { "type": "LineString", "coordinates": [ [ 56.234197776974497, 62.691195605982273, 0.0 ], [ 56.194197776974647, 62.691195605982273, 0.0 ] ] } },
{ "type": "Feature", "properties": { "Layer": "A_TEXTOLOCAL", "SubClasses": "AcDbEntity:AcDbLine", "EntityHandle": "1C1E1D03" }, "geometry": { "type": "LineString", "coordinates": [ [ 56.194197776974647, 62.691195605982273, 0.0 ], [ 56.194197776974647, 63.37119560598228, 0.0 ] ] } },
{ "type": "Feature", "properties": { "Layer": "A_TEXTOLOCAL", "SubClasses": "AcDbEntity:AcDbLine", "EntityHandle": "1C1E1D04" }, "geometry": { "type": "LineString", "coordinates": [ [ 56.194197776974647, 63.37119560598228, 0.0 ], [ 56.234197776974497, 63.37119560598228, 0.0 ] ] } },
{ "type": "Feature", "properties": { "Layer": "A_TEXTOLOCAL", "SubClasses": "AcDbEntity:AcDbLine", "EntityHandle": "1C1E1D05" }, "geometry": { "type": "LineString", "coordinates": [ [ 56.234197776974497, 63.37119560598228, 0.0 ], [ 56.234197776974497, 62.691195605982273, 0.0 ] ] } },
{ "type": "Feature", "properties": { "Layer": "A_TEXTOLOCAL", "SubClasses": "AcDbEntity:AcDbLine", "EntityHandle": "1C1E1D22" }, "geometry": { "type": "LineString", "coordinates": [ [ 51.634197776974361, 60.791195605982381, 0.0 ], [ 51.674197776974211, 60.791195605982381, 0.0 ] ] } },
{ "type": "Feature", "properties": { "Layer": "A_TEXTOLOCAL", "SubClasses": "AcDbEntity:AcDbLine", "EntityHandle": "1C1E1D23" }, "geometry": { "type": "LineString", "coordinates": [ [ 51.674197776974211, 60.791195605982381, 0.0 ], [ 51.674197776974211, 61.491195605982483, 0.0 ] ] } },
{ "type": "Feature", "properties": { "Layer": "A_TEXTOLOCAL", "SubClasses": "AcDbEntity:AcDbLine", "EntityHandle": "1C1E1D24" }, "geometry": { "type": "LineString", "coordinates": [ [ 51.674197776974211, 61.491195605982483, 0.0 ], [ 51.634197776974361, 61.491195605982483, 0.0 ] ] } },
{ "type": "Feature", "properties": { "Layer": "A_TEXTOLOCAL", "SubClasses": "AcDbEntity:AcDbLine", "EntityHandle": "1C1E1D25" }, "geometry": { "type": "LineString", "coordinates": [ [ 51.634197776974361, 61.491195605982483, 0.0 ], [ 51.634197776974361, 60.791195605982381, 0.0 ] ] } },
{ "type": "Feature", "properties": { "Layer": "A_TEXTOLOCAL", "SubClasses": "AcDbEntity:AcDbLine", "EntityHandle": "1C1E1D26" }, "geometry": { "type": "LineString", "coordinates": [ [ 53.034197776974793, 60.791195605982381, 0.0 ], [ 52.994197776974829, 60.791195605982381, 0.0 ] ] } },
{ "type": "Feature", "properties": { "Layer": "A_TEXTOLOCAL", "SubClasses": "AcDbEntity:AcDbLine", "EntityHandle": "1C1E1D27" }, "geometry": { "type": "LineString", "coordinates": [ [ 52.994197776974829, 60.791195605982381, 0.0 ], [ 52.994197776974829, 61.491195605982483, 0.0 ] ] } },
{ "type": "Feature", "properties": { "Layer": "A_TEXTOLOCAL", "SubClasses": "AcDbEntity:AcDbLine", "EntityHandle": "1C1E1D28" }, "geometry": { "type": "LineString", "coordinates": [ [ 52.994197776974829, 61.491195605982483, 0.0 ], [ 53.034197776974793, 61.491195605982483, 0.0 ] ] } },
{ "type": "Feature", "properties": { "Layer": "A_TEXTOLOCAL", "SubClasses": "AcDbEntity:AcDbLine", "EntityHandle": "1C1E1D29" }, "geometry": { "type": "LineString", "coordinates": [ [ 53.034197776974793, 61.491195605982483, 0.0 ], [ 53.034197776974793, 60.791195605982381, 0.0 ] ] } },
{ "type": "Feature", "properties": { "Layer": "A_TEXTOLOCAL", "SubClasses": "AcDbEntity:AcDbLine", "EntityHandle": "1C1E1D38" }, "geometry": { "type": "LineString", "coordinates": [ [ 41.884197776974361, 61.181195605982481, 0.0 ], [ 42.484197776974163, 61.181195605982481, 0.0 ] ] } },
{ "type": "Feature", "properties": { "Layer": "A_TEXTOLOCAL", "SubClasses": "AcDbEntity:AcDbLine", "EntityHandle": "1C1E1D39" }, "geometry": { "type": "LineString", "coordinates": [ [ 42.484197776974163, 61.181195605982481, 0.0 ], [ 42.484197776974163, 61.14119560598246, 0.0 ] ] } },
{ "type": "Feature", "properties": { "Layer": "A_TEXTOLOCAL", "SubClasses": "AcDbEntity:AcDbLine", "EntityHandle": "1C1E1D3A" }, "geometry": { "type": "LineString", "coordinates": [ [ 42.484197776974163, 61.14119560598246, 0.0 ], [ 41.884197776974361, 61.14119560598246, 0.0 ] ] } },
{ "type": "Feature", "properties": { "Layer": "A_TEXTOLOCAL", "SubClasses": "AcDbEntity:AcDbLine", "EntityHandle": "1C1E1D3B" }, "geometry": { "type": "LineString", "coordinates": [ [ 41.884197776974361, 61.14119560598246, 0.0 ], [ 41.884197776974361, 61.181195605982481, 0.0 ] ] } },
{ "type": "Feature", "properties": { "Layer": "A_TEXTOLOCAL", "SubClasses": "AcDbEntity:AcDbLine", "EntityHandle": "1C1E1D47" }, "geometry": { "type": "LineString", "coordinates": [ [ 40.80419777697432, 61.181195605982481, 0.0 ], [ 40.204197776974411, 61.181195605982481, 0.0 ] ] } },
{ "type": "Feature", "properties": { "Layer": "A_TEXTOLOCAL", "SubClasses": "AcDbEntity:AcDbLine", "EntityHandle": "1C1E1D48" }, "geometry": { "type": "LineString", "coordinates": [ [ 40.204197776974411, 61.181195605982481, 0.0 ], [ 40.204197776974411, 61.14119560598246, 0.0 ] ] } },
{ "type": "Feature", "properties": { "Layer": "A_TEXTOLOCAL", "SubClasses": "AcDbEntity:AcDbLine", "EntityHandle": "1C1E1D49" }, "geometry": { "type": "LineString", "coordinates": [ [ 40.204197776974411, 61.14119560598246, 0.0 ], [ 40.80419777697432, 61.14119560598246, 0.0 ] ] } },
{ "type": "Feature", "properties": { "Layer": "A_TEXTOLOCAL", "SubClasses": "AcDbEntity:AcDbLine", "EntityHandle": "1C1E1D4A" }, "geometry": { "type": "LineString", "coordinates": [ [ 40.80419777697432, 61.14119560598246, 0.0 ], [ 40.80419777697432, 61.181195605982481, 0.0 ] ] } },
{ "type": "Feature", "properties": { "Layer": "A_TEXTOLOCAL", "SubClasses": "AcDbEntity:AcDbLine", "EntityHandle": "1C1E1D53" }, "geometry": { "type": "LineString", "coordinates": [ [ 57.604197776974388, 61.01119560598238, 0.0 ], [ 57.704197776974411, 61.01119560598238, 0.0 ] ] } },
{ "type": "Feature", "properties": { "Layer": "A_TEXTOLOCAL", "SubClasses": "AcDbEntity:AcDbLine", "EntityHandle": "1C1E1D54" }, "geometry": { "type": "LineString", "coordinates": [ [ 57.704197776974411, 61.01119560598238, 0.0 ], [ 57.704197776974411, 60.911195605982272, 0.0 ] ] } },
{ "type": "Feature", "properties": { "Layer": "A_TEXTOLOCAL", "SubClasses": "AcDbEntity:AcDbLine", "EntityHandle": "1C1E1D55" }, "geometry": { "type": "LineString", "coordinates": [ [ 57.704197776974411, 60.911195605982272, 0.0 ], [ 57.604197776974388, 60.911195605982272, 0.0 ] ] } },
{ "type": "Feature", "properties": { "Layer": "A_TEXTOLOCAL", "SubClasses": "AcDbEntity:AcDbLine", "EntityHandle": "1C1E1D56" }, "geometry": { "type": "LineString", "coordinates": [ [ 57.604197776974388, 60.911195605982272, 0.0 ], [ 57.604197776974388, 61.01119560598238, 0.0 ] ] } },
{ "type": "Feature", "properties": { "Layer": "A_TEXTOLOCAL", "SubClasses": "AcDbEntity:AcDbLine", "EntityHandle": "1C1E1D60" }, "geometry": { "type": "LineString", "coordinates": [ [ 36.024976815689911, 60.404394645368143, 0.0 ], [ 37.08132540596398, 61.212495911192377, 0.0 ] ] } },
{ "type": "Feature", "properties": { "Layer": "A_TEXTOLOCAL", "SubClasses": "AcDbEntity:AcDbLine", "EntityHandle": "1C1E1D63" }, "geometry": { "type": "LineString", "coordinates": [ [ 39.094197776974283, 61.28119560598239, 0.0 ], [ 39.05419777697432, 61.28119560598239, 0.0 ] ] } },
{ "type": "Feature", "properties": { "Layer": "A_TEXTOLOCAL", "SubClasses": "AcDbEntity:AcDbLine", "EntityHandle": "1C1E1D64" }, "geometry": { "type": "LineString", "coordinates": [ [ 39.05419777697432, 61.28119560598239, 0.0 ], [ 39.05419777697432, 60.58119560598206, 0.0 ] ] } },
{ "type": "Feature", "properties": { "Layer": "A_TEXTOLOCAL", "SubClasses": "AcDbEntity:AcDbLine", "EntityHandle": "1C1E1D65" }, "geometry": { "type": "LineString", "coordinates": [ [ 39.05419777697432, 60.58119560598206, 0.0 ], [ 39.094197776974283, 60.58119560598206, 0.0 ] ] } },
{ "type": "Feature", "properties": { "Layer": "A_TEXTOLOCAL", "SubClasses": "AcDbEntity:AcDbLine", "EntityHandle": "1C1E1D66" }, "geometry": { "type": "LineString", "coordinates": [ [ 39.094197776974283, 60.58119560598206, 0.0 ], [ 39.094197776974283, 61.28119560598239, 0.0 ] ] } },
{ "type": "Feature", "properties": { "Layer": "A_TEXTOLOCAL", "SubClasses": "AcDbEntity:AcDbLine", "EntityHandle": "1C1E1D6C" }, "geometry": { "type": "LineString", "coordinates": [ [ 5.77419777697537, 66.736195605981663, 0.0 ], [ 6.574197776974756, 66.736195605981663, 0.0 ] ] } },
{ "type": "Feature", "properties": { "Layer": "A_TEXTOLOCAL", "SubClasses": "AcDbEntity:AcDbLine", "EntityHandle": "1C1E1D6D" }, "geometry": { "type": "LineString", "coordinates": [ [ 6.854197776974388, 64.681195605981799, 0.0 ], [ 7.434197776974429, 64.681195605981799, 0.0 ] ] } },
{ "type": "Feature", "properties": { "Layer": "A_TEXTOLOCAL", "SubClasses": "AcDbEntity:AcDbLine", "EntityHandle": "1C1E1D6E" }, "geometry": { "type": "LineString", "coordinates": [ [ 7.434197776974429, 64.681195605981799, 0.0 ], [ 7.434197776974429, 64.721195605981791, 0.0 ] ] } },
{ "type": "Feature", "properties": { "Layer": "A_TEXTOLOCAL", "SubClasses": "AcDbEntity:AcDbLine", "EntityHandle": "1C1E1D6F" }, "geometry": { "type": "LineString", "coordinates": [ [ 7.434197776974429, 64.721195605981791, 0.0 ], [ 6.854197776974388, 64.721195605981791, 0.0 ] ] } },
{ "type": "Feature", "properties": { "Layer": "A_TEXTOLOCAL", "SubClasses": "AcDbEntity:AcDbLine", "EntityHandle": "1C1E1D70" }, "geometry": { "type": "LineString", "coordinates": [ [ 6.854197776974388, 64.721195605981791, 0.0 ], [ 6.854197776974388, 64.681195605981799, 0.0 ] ] } },
{ "type": "Feature", "properties": { "Layer": "A_TEXTOLOCAL", "SubClasses": "AcDbEntity:AcDbLine", "EntityHandle": "1C1E1E47" }, "geometry": { "type": "LineString", "coordinates": [ [ 44.894197776975261, 94.041195605981954, 0.0 ], [ 45.094197776975193, 94.041195605981954, 0.0 ] ] } },
{ "type": "Feature", "properties": { "Layer": "A_TEXTOLOCAL", "SubClasses": "AcDbEntity:AcDbLine", "EntityHandle": "1C1E1E48" }, "geometry": { "type": "LineString", "coordinates": [ [ 45.094197776975193, 94.041195605981954, 0.0 ], [ 45.094197776975193, 94.241195605981943, 0.0 ] ] } },
{ "type": "Feature", "properties": { "Layer": "A_TEXTOLOCAL", "SubClasses": "AcDbEntity:AcDbLine", "EntityHandle": "1C1E1E49" }, "geometry": { "type": "LineString", "coordinates": [ [ 45.094197776975193, 94.241195605981943, 0.0 ], [ 44.894197776975261, 94.241195605981943, 0.0 ] ] } },
{ "type": "Feature", "properties": { "Layer": "A_TEXTOLOCAL", "SubClasses": "AcDbEntity:AcDbLine", "EntityHandle": "1C1E1E4A" }, "geometry": { "type": "LineString", "coordinates": [ [ 44.894197776975261, 94.241195605981943, 0.0 ], [ 44.894197776975261, 94.041195605981954, 0.0 ] ] } },
{ "type": "Feature", "properties": { "Layer": "A_TEXTOLOCAL", "SubClasses": "AcDbEntity:AcDbLine", "EntityHandle": "1C1E1E4B" }, "geometry": { "type": "LineString", "coordinates": [ [ 45.519197776975368, 93.58119560598189, 0.0 ], [ 44.019197776975368, 93.58119560598189, 0.0 ] ] } },
{ "type": "Feature", "properties": { "Layer": "A_TEXTOLOCAL", "SubClasses": "AcDbEntity:AcDbLine", "EntityHandle": "1C1E1E4C" }, "geometry": { "type": "LineString", "coordinates": [ [ 44.019197776975368, 93.58119560598189, 0.0 ], [ 44.019197776975368, 93.481195605981952, 0.0 ] ] } },
{ "type": "Feature", "properties": { "Layer": "A_TEXTOLOCAL", "SubClasses": "AcDbEntity:AcDbLine", "EntityHandle": "1C1E1E4D" }, "geometry": { "type": "LineString", "coordinates": [ [ 44.019197776975368, 93.481195605981952, 0.0 ], [ 45.519197776975368, 93.481195605981952, 0.0 ] ] } },
{ "type": "Feature", "properties": { "Layer": "A_TEXTOLOCAL", "SubClasses": "AcDbEntity:AcDbLine", "EntityHandle": "1C1E1E4E" }, "geometry": { "type": "LineString", "coordinates": [ [ 45.519197776975368, 93.481195605981952, 0.0 ], [ 45.519197776975368, 93.58119560598189, 0.0 ] ] } },
{ "type": "Feature", "properties": { "Layer": "A_TEXTOLOCAL", "SubClasses": "AcDbEntity:AcDbLine", "EntityHandle": "1C1E1E50" }, "geometry": { "type": "LineString", "coordinates": [ [ 45.519197776979922, 76.741195605981972, 0.0 ], [ 44.019197776979922, 76.741195605981972, 0.0 ] ] } },
{ "type": "Feature", "properties": { "Layer": "A_TEXTOLOCAL", "SubClasses": "AcDbEntity:AcDbLine", "EntityHandle": "1C1E1E51" }, "geometry": { "type": "LineString", "coordinates": [ [ 44.019197776979922, 76.741195605981972, 0.0 ], [ 44.019197776979922, 76.641195605981892, 0.0 ] ] } },
{ "type": "Feature", "properties": { "Layer": "A_TEXTOLOCAL", "SubClasses": "AcDbEntity:AcDbLine", "EntityHandle": "1C1E1E52" }, "geometry": { "type": "LineString", "coordinates": [ [ 44.019197776979922, 76.641195605981892, 0.0 ], [ 45.519197776979922, 76.641195605981892, 0.0 ] ] } },
{ "type": "Feature", "properties": { "Layer": "A_TEXTOLOCAL", "SubClasses": "AcDbEntity:AcDbLine", "EntityHandle": "1C1E1E53" }, "geometry": { "type": "LineString", "coordinates": [ [ 45.519197776979922, 76.641195605981892, 0.0 ], [ 45.519197776979922, 76.741195605981972, 0.0 ] ] } },
{ "type": "Feature", "properties": { "Layer": "A_TEXTOLOCAL", "SubClasses": "AcDbEntity:AcDbLine", "EntityHandle": "1C1E1E55" }, "geometry": { "type": "LineString", "coordinates": [ [ 45.519197776988449, 71.011195605982152, 0.0 ], [ 44.019197776988563, 71.011195605982152, 0.0 ] ] } },
{ "type": "Feature", "properties": { "Layer": "A_TEXTOLOCAL", "SubClasses": "AcDbEntity:AcDbLine", "EntityHandle": "1C1E1E56" }, "geometry": { "type": "LineString", "coordinates": [ [ 44.019197776988563, 71.011195605982152, 0.0 ], [ 44.019197776988563, 70.911195605982044, 0.0 ] ] } },
{ "type": "Feature", "properties": { "Layer": "A_TEXTOLOCAL", "SubClasses": "AcDbEntity:AcDbLine", "EntityHandle": "1C1E1E57" }, "geometry": { "type": "LineString", "coordinates": [ [ 44.019197776988563, 70.911195605982044, 0.0 ], [ 45.519197776988449, 70.911195605982044, 0.0 ] ] } },
{ "type": "Feature", "properties": { "Layer": "A_TEXTOLOCAL", "SubClasses": "AcDbEntity:AcDbLine", "EntityHandle": "1C1E1E58" }, "geometry": { "type": "LineString", "coordinates": [ [ 45.519197776988449, 70.911195605982044, 0.0 ], [ 45.519197776988449, 71.011195605982152, 0.0 ] ] } },
{ "type": "Feature", "properties": { "Layer": "A_TEXTOLOCAL", "SubClasses": "AcDbEntity:AcDbLine", "EntityHandle": "1C1E1E5A" }, "geometry": { "type": "LineString", "coordinates": [ [ 45.519197776979922, 79.591195605981881, 0.0 ], [ 44.019197776979922, 79.591195605981881, 0.0 ] ] } },
{ "type": "Feature", "properties": { "Layer": "A_TEXTOLOCAL", "SubClasses": "AcDbEntity:AcDbLine", "EntityHandle": "1C1E1E5B" }, "geometry": { "type": "LineString", "coordinates": [ [ 44.019197776979922, 79.591195605981881, 0.0 ], [ 44.019197776979922, 79.491195605981773, 0.0 ] ] } },
{ "type": "Feature", "properties": { "Layer": "A_TEXTOLOCAL", "SubClasses": "AcDbEntity:AcDbLine", "EntityHandle": "1C1E1E5C" }, "geometry": { "type": "LineString", "coordinates": [ [ 44.019197776979922, 79.491195605981773, 0.0 ], [ 45.519197776979922, 79.491195605981773, 0.0 ] ] } },
{ "type": "Feature", "properties": { "Layer": "A_TEXTOLOCAL", "SubClasses": "AcDbEntity:AcDbLine", "EntityHandle": "1C1E1E5D" }, "geometry": { "type": "LineString", "coordinates": [ [ 45.519197776979922, 79.491195605981773, 0.0 ], [ 45.519197776979922, 79.591195605981881, 0.0 ] ] } },
{ "type": "Feature", "properties": { "Layer": "A_TEXTOLOCAL", "SubClasses": "AcDbEntity:AcDbLine", "EntityHandle": "1C1E1E5F" }, "geometry": { "type": "LineString", "coordinates": [ [ 45.519197776979922, 83.291195605982182, 0.0 ], [ 44.019197776979922, 83.291195605982182, 0.0 ] ] } },
{ "type": "Feature", "properties": { "Layer": "A_TEXTOLOCAL", "SubClasses": "AcDbEntity:AcDbLine", "EntityHandle": "1C1E1E60" }, "geometry": { "type": "LineString", "coordinates": [ [ 44.019197776979922, 83.291195605982182, 0.0 ], [ 44.019197776979922, 83.391195605982261, 0.0 ] ] } },
{ "type": "Feature", "properties": { "Layer": "A_TEXTOLOCAL", "SubClasses": "AcDbEntity:AcDbLine", "EntityHandle": "1C1E1E61" }, "geometry": { "type": "LineString", "coordinates": [ [ 44.019197776979922, 83.391195605982261, 0.0 ], [ 45.519197776979922, 83.391195605982261, 0.0 ] ] } },
{ "type": "Feature", "properties": { "Layer": "A_TEXTOLOCAL", "SubClasses": "AcDbEntity:AcDbLine", "EntityHandle": "1C1E1E62" }, "geometry": { "type": "LineString", "coordinates": [ [ 45.519197776979922, 83.391195605982261, 0.0 ], [ 45.519197776979922, 83.291195605982182, 0.0 ] ] } },
{ "type": "Feature", "properties": { "Layer": "A_TEXTOLOCAL", "SubClasses": "AcDbEntity:AcDbLine", "EntityHandle": "1C1E1E64" }, "geometry": { "type": "LineString", "coordinates": [ [ 45.519197776978558, 86.211195605982169, 0.0 ], [ 44.019197776978437, 86.211195605982169, 0.0 ] ] } },
{ "type": "Feature", "properties": { "Layer": "A_TEXTOLOCAL", "SubClasses": "AcDbEntity:AcDbLine", "EntityHandle": "1C1E1E65" }, "geometry": { "type": "LineString", "coordinates": [ [ 44.019197776978437, 86.211195605982169, 0.0 ], [ 44.019197776978437, 86.311195605982391, 0.0 ] ] } },
{ "type": "Feature", "properties": { "Layer": "A_TEXTOLOCAL", "SubClasses": "AcDbEntity:AcDbLine", "EntityHandle": "1C1E1E66" }, "geometry": { "type": "LineString", "coordinates": [ [ 44.019197776978437, 86.311195605982391, 0.0 ], [ 45.519197776978558, 86.311195605982391, 0.0 ] ] } },
{ "type": "Feature", "properties": { "Layer": "A_TEXTOLOCAL", "SubClasses": "AcDbEntity:AcDbLine", "EntityHandle": "1C1E1E67" }, "geometry": { "type": "LineString", "coordinates": [ [ 45.519197776978558, 86.311195605982391, 0.0 ], [ 45.519197776978558, 86.211195605982169, 0.0 ] ] } },
{ "type": "Feature", "properties": { "Layer": "A_TEXTOLOCAL", "SubClasses": "AcDbEntity:AcDbLine", "EntityHandle": "1C1E1E69" }, "geometry": { "type": "LineString", "coordinates": [ [ 44.894197776975261, 89.021195605981973, 0.0 ], [ 45.094197776975193, 89.021195605981973, 0.0 ] ] } },
{ "type": "Feature", "properties": { "Layer": "A_TEXTOLOCAL", "SubClasses": "AcDbEntity:AcDbLine", "EntityHandle": "1C1E1E6A" }, "geometry": { "type": "LineString", "coordinates": [ [ 45.094197776975193, 89.021195605981973, 0.0 ], [ 45.094197776975193, 89.221195605981762, 0.0 ] ] } },
{ "type": "Feature", "properties": { "Layer": "A_TEXTOLOCAL", "SubClasses": "AcDbEntity:AcDbLine", "EntityHandle": "1C1E1E6B" }, "geometry": { "type": "LineString", "coordinates": [ [ 45.094197776975193, 89.221195605981762, 0.0 ], [ 44.894197776975261, 89.221195605981762, 0.0 ] ] } },
{ "type": "Feature", "properties": { "Layer": "A_TEXTOLOCAL", "SubClasses": "AcDbEntity:AcDbLine", "EntityHandle": "1C1E1E6C" }, "geometry": { "type": "LineString", "coordinates": [ [ 44.894197776975261, 89.221195605981762, 0.0 ], [ 44.894197776975261, 89.021195605981973, 0.0 ] ] } },
{ "type": "Feature", "properties": { "Layer": "A_TEXTOLOCAL", "SubClasses": "AcDbEntity:AcDbLine", "EntityHandle": "1C1E1E6D" }, "geometry": { "type": "LineString", "coordinates": [ [ 44.894197776975261, 85.151195605981883, 0.0 ], [ 45.094197776975193, 85.151195605981883, 0.0 ] ] } },
{ "type": "Feature", "properties": { "Layer": "A_TEXTOLOCAL", "SubClasses": "AcDbEntity:AcDbLine", "EntityHandle": "1C1E1E6E" }, "geometry": { "type": "LineString", "coordinates": [ [ 45.094197776975193, 85.151195605981883, 0.0 ], [ 45.094197776975193, 85.351195605981871, 0.0 ] ] } },
{ "type": "Feature", "properties": { "Layer": "A_TEXTOLOCAL", "SubClasses": "AcDbEntity:AcDbLine", "EntityHandle": "1C1E1E6F" }, "geometry": { "type": "LineString", "coordinates": [ [ 45.094197776975193, 85.351195605981871, 0.0 ], [ 44.894197776975261, 85.351195605981871, 0.0 ] ] } },
{ "type": "Feature", "properties": { "Layer": "A_TEXTOLOCAL", "SubClasses": "AcDbEntity:AcDbLine", "EntityHandle": "1C1E1E70" }, "geometry": { "type": "LineString", "coordinates": [ [ 44.894197776975261, 85.351195605981871, 0.0 ], [ 44.894197776975261, 85.151195605981883, 0.0 ] ] } },
{ "type": "Feature", "properties": { "Layer": "A_TEXTOLOCAL", "SubClasses": "AcDbEntity:AcDbLine", "EntityHandle": "1C1E1E71" }, "geometry": { "type": "LineString", "coordinates": [ [ 44.994197776975277, 82.811195605981879, 0.0 ], [ 45.094197776975193, 82.811195605981879, 0.0 ] ] } },
{ "type": "Feature", "properties": { "Layer": "A_TEXTOLOCAL", "SubClasses": "AcDbEntity:AcDbLine", "EntityHandle": "1C1E1E72" }, "geometry": { "type": "LineString", "coordinates": [ [ 45.094197776975193, 82.811195605981879, 0.0 ], [ 45.094197776975193, 82.71119560598197, 0.0 ] ] } },
{ "type": "Feature", "properties": { "Layer": "A_TEXTOLOCAL", "SubClasses": "AcDbEntity:AcDbLine", "EntityHandle": "1C1E1E73" }, "geometry": { "type": "LineString", "coordinates": [ [ 45.094197776975193, 82.71119560598197, 0.0 ], [ 44.994197776975277, 82.71119560598197, 0.0 ] ] } },
{ "type": "Feature", "properties": { "Layer": "A_TEXTOLOCAL", "SubClasses": "AcDbEntity:AcDbLine", "EntityHandle": "1C1E1E74" }, "geometry": { "type": "LineString", "coordinates": [ [ 44.994197776975277, 82.71119560598197, 0.0 ], [ 44.994197776975277, 82.811195605981879, 0.0 ] ] } },
{ "type": "Feature", "properties": { "Layer": "A_TEXTOLOCAL", "SubClasses": "AcDbEntity:AcDbLine", "EntityHandle": "1C1E1E75" }, "geometry": { "type": "LineString", "coordinates": [ [ 44.894197776975261, 77.481195605981554, 0.0 ], [ 45.094197776975193, 77.481195605981554, 0.0 ] ] } },
{ "type": "Feature", "properties": { "Layer": "A_TEXTOLOCAL", "SubClasses": "AcDbEntity:AcDbLine", "EntityHandle": "1C1E1E76" }, "geometry": { "type": "LineString", "coordinates": [ [ 45.094197776975193, 77.481195605981554, 0.0 ], [ 45.094197776975193, 77.68119560598177, 0.0 ] ] } },
{ "type": "Feature", "properties": { "Layer": "A_TEXTOLOCAL", "SubClasses": "AcDbEntity:AcDbLine", "EntityHandle": "1C1E1E77" }, "geometry": { "type": "LineString", "coordinates": [ [ 45.094197776975193, 77.68119560598177, 0.0 ], [ 44.894197776975261, 77.68119560598177, 0.0 ] ] } },
{ "type": "Feature", "properties": { "Layer": "A_TEXTOLOCAL", "SubClasses": "AcDbEntity:AcDbLine", "EntityHandle": "1C1E1E78" }, "geometry": { "type": "LineString", "coordinates": [ [ 44.894197776975261, 77.68119560598177, 0.0 ], [ 44.894197776975261, 77.481195605981554, 0.0 ] ] } },
{ "type": "Feature", "properties": { "Layer": "A_TEXTOLOCAL", "SubClasses": "AcDbEntity:AcDbLine", "EntityHandle": "1C1E1E79" }, "geometry": { "type": "LineString", "coordinates": [ [ 44.894197776975261, 73.141195605982062, 0.0 ], [ 45.094197776975193, 73.141195605982062, 0.0 ] ] } },
{ "type": "Feature", "properties": { "Layer": "A_TEXTOLOCAL", "SubClasses": "AcDbEntity:AcDbLine", "EntityHandle": "1C1E1E7A" }, "geometry": { "type": "LineString", "coordinates": [ [ 45.094197776975193, 73.341195605982051, 0.0 ], [ 44.894197776975261, 73.341195605982051, 0.0 ] ] } },
{ "type": "Feature", "properties": { "Layer": "A_TEXTOLOCAL", "SubClasses": "AcDbEntity:AcDbLine", "EntityHandle": "1C1E1E7B" }, "geometry": { "type": "LineString", "coordinates": [ [ 45.094197776975193, 68.911195605982044, 0.0 ], [ 44.894197776975261, 68.911195605982044, 0.0 ] ] } },
{ "type": "Feature", "properties": { "Layer": "A_TEXTOLOCAL", "SubClasses": "AcDbEntity:AcDbLine", "EntityHandle": "1C1E1E7C" }, "geometry": { "type": "LineString", "coordinates": [ [ 44.894197776975261, 68.71119560598197, 0.0 ], [ 45.094197776975193, 68.71119560598197, 0.0 ] ] } },
{ "type": "Feature", "properties": { "Layer": "A_TEXTOLOCAL", "SubClasses": "AcDbEntity:AcDbLine", "EntityHandle": "1C1E1E7D" }, "geometry": { "type": "LineString", "coordinates": [ [ 45.094197776975193, 68.71119560598197, 0.0 ], [ 45.094197776975193, 68.911195605982044, 0.0 ] ] } },
{ "type": "Feature", "properties": { "Layer": "A_TEXTOLOCAL", "SubClasses": "AcDbEntity:AcDbLine", "EntityHandle": "1C1E1E7E" }, "geometry": { "type": "LineString", "coordinates": [ [ 43.864197776975061, 82.651195605981883, 0.0 ], [ 43.864197776975061, 81.451195605981781, 0.0 ] ] } },
{ "type": "Feature", "properties": { "Layer": "A_TEXTOLOCAL", "SubClasses": "AcDbEntity:AcDbLine", "EntityHandle": "1C1E1E80" }, "geometry": { "type": "LineString", "coordinates": [ [ 44.894197776975261, 68.911195605982044, 0.0 ], [ 44.894197776975261, 68.71119560598197, 0.0 ] ] } },
{ "type": "Feature", "properties": { "Layer": "A_TEXTOLOCAL", "SubClasses": "AcDbEntity:AcDbLine", "EntityHandle": "1C1E1E81" }, "geometry": { "type": "LineString", "coordinates": [ [ 43.414197776974902, 82.651195605981883, 0.0 ], [ 43.864197776975061, 82.651195605981883, 0.0 ] ] } },
{ "type": "Feature", "properties": { "Layer": "A_TEXTOLOCAL", "SubClasses": "AcDbEntity:AcDbLine", "EntityHandle": "1C1E1E82" }, "geometry": { "type": "LineString", "coordinates": [ [ 43.864197776975061, 81.451195605981781, 0.0 ], [ 43.414197776974902, 81.451195605981781, 0.0 ] ] } },
{ "type": "Feature", "properties": { "Layer": "A_TEXTOLOCAL", "SubClasses": "AcDbEntity:AcDbLine", "EntityHandle": "1C1E1E83" }, "geometry": { "type": "LineString", "coordinates": [ [ 43.414197776974902, 81.451195605981781, 0.0 ], [ 43.414197776974902, 82.651195605981883, 0.0 ] ] } },
{ "type": "Feature", "properties": { "Layer": "A_TEXTOLOCAL", "SubClasses": "AcDbEntity:AcDbLine", "EntityHandle": "1C1E1E86" }, "geometry": { "type": "LineString", "coordinates": [ [ 51.77419777697537, 94.041195605981954, 0.0 ], [ 51.974197776975302, 94.041195605981954, 0.0 ] ] } },
{ "type": "Feature", "properties": { "Layer": "A_TEXTOLOCAL", "SubClasses": "AcDbEntity:AcDbLine", "EntityHandle": "1C1E1E87" }, "geometry": { "type": "LineString", "coordinates": [ [ 51.974197776975302, 94.041195605981954, 0.0 ], [ 51.974197776975302, 94.241195605981773, 0.0 ] ] } },
{ "type": "Feature", "properties": { "Layer": "A_TEXTOLOCAL", "SubClasses": "AcDbEntity:AcDbLine", "EntityHandle": "1C1E1E88" }, "geometry": { "type": "LineString", "coordinates": [ [ 51.974197776975302, 94.241195605981773, 0.0 ], [ 51.77419777697537, 94.241195605981773, 0.0 ] ] } },
{ "type": "Feature", "properties": { "Layer": "A_TEXTOLOCAL", "SubClasses": "AcDbEntity:AcDbLine", "EntityHandle": "1C1E1E89" }, "geometry": { "type": "LineString", "coordinates": [ [ 51.77419777697537, 94.241195605981773, 0.0 ], [ 51.77419777697537, 94.041195605981954, 0.0 ] ] } },
{ "type": "Feature", "properties": { "Layer": "A_TEXTOLOCAL", "SubClasses": "AcDbEntity:AcDbLine", "EntityHandle": "1C1E1E8A" }, "geometry": { "type": "LineString", "coordinates": [ [ 51.77419777697537, 94.041195605981954, 0.0 ], [ 51.974197776975302, 94.041195605981954, 0.0 ] ] } },
{ "type": "Feature", "properties": { "Layer": "A_TEXTOLOCAL", "SubClasses": "AcDbEntity:AcDbLine", "EntityHandle": "1C1E1E8B" }, "geometry": { "type": "LineString", "coordinates": [ [ 51.974197776975302, 94.041195605981954, 0.0 ], [ 51.974197776975302, 94.24119560598217, 0.0 ] ] } },
{ "type": "Feature", "properties": { "Layer": "A_TEXTOLOCAL", "SubClasses": "AcDbEntity:AcDbLine", "EntityHandle": "1C1E1E8C" }, "geometry": { "type": "LineString", "coordinates": [ [ 51.974197776975302, 94.24119560598217, 0.0 ], [ 51.77419777697537, 94.24119560598217, 0.0 ] ] } },
{ "type": "Feature", "properties": { "Layer": "A_TEXTOLOCAL", "SubClasses": "AcDbEntity:AcDbLine", "EntityHandle": "1C1E1E8D" }, "geometry": { "type": "LineString", "coordinates": [ [ 51.77419777697537, 94.24119560598217, 0.0 ], [ 51.77419777697537, 94.041195605981954, 0.0 ] ] } },
{ "type": "Feature", "properties": { "Layer": "A_TEXTOLOCAL", "SubClasses": "AcDbEntity:AcDbLine", "EntityHandle": "1C1E1E8E" }, "geometry": { "type": "LineString", "coordinates": [ [ 51.77419777697537, 89.021195605981973, 0.0 ], [ 51.974197776975302, 89.021195605981973, 0.0 ] ] } },
{ "type": "Feature", "properties": { "Layer": "A_TEXTOLOCAL", "SubClasses": "AcDbEntity:AcDbLine", "EntityHandle": "1C1E1E8F" }, "geometry": { "type": "LineString", "coordinates": [ [ 51.974197776975302, 89.021195605981973, 0.0 ], [ 51.974197776975302, 89.221195605981961, 0.0 ] ] } },
{ "type": "Feature", "properties": { "Layer": "A_TEXTOLOCAL", "SubClasses": "AcDbEntity:AcDbLine", "EntityHandle": "1C1E1E90" }, "geometry": { "type": "LineString", "coordinates": [ [ 51.974197776975302, 89.221195605981961, 0.0 ], [ 51.77419777697537, 89.221195605981961, 0.0 ] ] } },
{ "type": "Feature", "properties": { "Layer": "A_TEXTOLOCAL", "SubClasses": "AcDbEntity:AcDbLine", "EntityHandle": "1C1E1E91" }, "geometry": { "type": "LineString", "coordinates": [ [ 51.77419777697537, 89.221195605981961, 0.0 ], [ 51.77419777697537, 89.021195605981973, 0.0 ] ] } },
{ "type": "Feature", "properties": { "Layer": "A_TEXTOLOCAL", "SubClasses": "AcDbEntity:AcDbLine", "EntityHandle": "1C1E1E92" }, "geometry": { "type": "LineString", "coordinates": [ [ 51.77419777697537, 85.151195605982053, 0.0 ], [ 51.974197776975302, 85.151195605982053, 0.0 ] ] } },
{ "type": "Feature", "properties": { "Layer": "A_TEXTOLOCAL", "SubClasses": "AcDbEntity:AcDbLine", "EntityHandle": "1C1E1E93" }, "geometry": { "type": "LineString", "coordinates": [ [ 51.974197776975302, 85.151195605982053, 0.0 ], [ 51.974197776975302, 85.351195605981871, 0.0 ] ] } },
{ "type": "Feature", "properties": { "Layer": "A_TEXTOLOCAL", "SubClasses": "AcDbEntity:AcDbLine", "EntityHandle": "1C1E1E94" }, "geometry": { "type": "LineString", "coordinates": [ [ 51.974197776975302, 85.351195605981871, 0.0 ], [ 51.77419777697537, 85.351195605981871, 0.0 ] ] } },
{ "type": "Feature", "properties": { "Layer": "A_TEXTOLOCAL", "SubClasses": "AcDbEntity:AcDbLine", "EntityHandle": "1C1E1E95" }, "geometry": { "type": "LineString", "coordinates": [ [ 51.77419777697537, 85.351195605981871, 0.0 ], [ 51.77419777697537, 85.151195605982053, 0.0 ] ] } },
{ "type": "Feature", "properties": { "Layer": "A_TEXTOLOCAL", "SubClasses": "AcDbEntity:AcDbLine", "EntityHandle": "1C1E1E96" }, "geometry": { "type": "LineString", "coordinates": [ [ 51.77419777697537, 81.15119560598157, 0.0 ], [ 51.974197776975302, 81.15119560598157, 0.0 ] ] } },
{ "type": "Feature", "properties": { "Layer": "A_TEXTOLOCAL", "SubClasses": "AcDbEntity:AcDbLine", "EntityHandle": "1C1E1E97" }, "geometry": { "type": "LineString", "coordinates": [ [ 51.974197776975302, 81.15119560598157, 0.0 ], [ 51.974197776975302, 81.351195605981871, 0.0 ] ] } },
{ "type": "Feature", "properties": { "Layer": "A_TEXTOLOCAL", "SubClasses": "AcDbEntity:AcDbLine", "EntityHandle": "1C1E1E98" }, "geometry": { "type": "LineString", "coordinates": [ [ 51.974197776975302, 81.351195605981871, 0.0 ], [ 51.77419777697537, 81.351195605981871, 0.0 ] ] } },
{ "type": "Feature", "properties": { "Layer": "A_TEXTOLOCAL", "SubClasses": "AcDbEntity:AcDbLine", "EntityHandle": "1C1E1E99" }, "geometry": { "type": "LineString", "coordinates": [ [ 51.77419777697537, 81.351195605981871, 0.0 ], [ 51.77419777697537, 81.15119560598157, 0.0 ] ] } },
{ "type": "Feature", "properties": { "Layer": "A_TEXTOLOCAL", "SubClasses": "AcDbEntity:AcDbLine", "EntityHandle": "1C1E1E9A" }, "geometry": { "type": "LineString", "coordinates": [ [ 51.77419777697537, 77.481195605981782, 0.0 ], [ 51.974197776975302, 77.481195605981782, 0.0 ] ] } },
{ "type": "Feature", "properties": { "Layer": "A_TEXTOLOCAL", "SubClasses": "AcDbEntity:AcDbLine", "EntityHandle": "1C1E1E9B" }, "geometry": { "type": "LineString", "coordinates": [ [ 51.974197776975302, 77.481195605981782, 0.0 ], [ 51.974197776975302, 77.68119560598177, 0.0 ] ] } },
{ "type": "Feature", "properties": { "Layer": "A_TEXTOLOCAL", "SubClasses": "AcDbEntity:AcDbLine", "EntityHandle": "1C1E1E9C" }, "geometry": { "type": "LineString", "coordinates": [ [ 51.974197776975302, 77.68119560598177, 0.0 ], [ 51.77419777697537, 77.68119560598177, 0.0 ] ] } },
{ "type": "Feature", "properties": { "Layer": "A_TEXTOLOCAL", "SubClasses": "AcDbEntity:AcDbLine", "EntityHandle": "1C1E1E9D" }, "geometry": { "type": "LineString", "coordinates": [ [ 51.77419777697537, 77.68119560598177, 0.0 ], [ 51.77419777697537, 77.481195605981782, 0.0 ] ] } },
{ "type": "Feature", "properties": { "Layer": "A_TEXTOLOCAL", "SubClasses": "AcDbEntity:AcDbLine", "EntityHandle": "1C1E1E9E" }, "geometry": { "type": "LineString", "coordinates": [ [ 51.77419777697537, 73.14119560598229, 0.0 ], [ 51.974197776975302, 73.14119560598229, 0.0 ] ] } },
{ "type": "Feature", "properties": { "Layer": "A_TEXTOLOCAL", "SubClasses": "AcDbEntity:AcDbLine", "EntityHandle": "1C1E1E9F" }, "geometry": { "type": "LineString", "coordinates": [ [ 51.974197776975302, 73.14119560598229, 0.0 ], [ 51.974197776975302, 73.341195605982051, 0.0 ] ] } },
{ "type": "Feature", "properties": { "Layer": "A_TEXTOLOCAL", "SubClasses": "AcDbEntity:AcDbLine", "EntityHandle": "1C1E1EA0" }, "geometry": { "type": "LineString", "coordinates": [ [ 51.974197776975302, 73.341195605982051, 0.0 ], [ 51.77419777697537, 73.341195605982051, 0.0 ] ] } },
{ "type": "Feature", "properties": { "Layer": "A_TEXTOLOCAL", "SubClasses": "AcDbEntity:AcDbLine", "EntityHandle": "1C1E1EA1" }, "geometry": { "type": "LineString", "coordinates": [ [ 51.77419777697537, 73.341195605982051, 0.0 ], [ 51.77419777697537, 73.14119560598229, 0.0 ] ] } },
{ "type": "Feature", "properties": { "Layer": "A_TEXTOLOCAL", "SubClasses": "AcDbEntity:AcDbLine", "EntityHandle": "1C1E1EA2" }, "geometry": { "type": "LineString", "coordinates": [ [ 51.77419777697537, 68.71119560598197, 0.0 ], [ 51.974197776975302, 68.71119560598197, 0.0 ] ] } },
{ "type": "Feature", "properties": { "Layer": "A_TEXTOLOCAL", "SubClasses": "AcDbEntity:AcDbLine", "EntityHandle": "1C1E1EA3" }, "geometry": { "type": "LineString", "coordinates": [ [ 51.974197776975302, 68.71119560598197, 0.0 ], [ 51.974197776975302, 68.911195605982272, 0.0 ] ] } },
{ "type": "Feature", "properties": { "Layer": "A_TEXTOLOCAL", "SubClasses": "AcDbEntity:AcDbLine", "EntityHandle": "1C1E1EA4" }, "geometry": { "type": "LineString", "coordinates": [ [ 51.974197776975302, 68.911195605982272, 0.0 ], [ 51.77419777697537, 68.911195605982272, 0.0 ] ] } },
{ "type": "Feature", "properties": { "Layer": "A_TEXTOLOCAL", "SubClasses": "AcDbEntity:AcDbLine", "EntityHandle": "1C1E1EA5" }, "geometry": { "type": "LineString", "coordinates": [ [ 51.77419777697537, 68.911195605982272, 0.0 ], [ 51.77419777697537, 68.71119560598197, 0.0 ] ] } },
{ "type": "Feature", "properties": { "Layer": "A_TEXTOLOCAL", "SubClasses": "AcDbEntity:AcDbLine", "EntityHandle": "1C1E1F19" }, "geometry": { "type": "LineString", "coordinates": [ [ 53.084197776974968, 58.921195605982462, 0.0 ], [ 52.084197776974968, 58.921195605982462, 0.0 ] ] } },
{ "type": "Feature", "properties": { "Layer": "A_TEXTOLOCAL", "SubClasses": "AcDbEntity:AcDbLine", "EntityHandle": "1C1E1F1A" }, "geometry": { "type": "LineString", "coordinates": [ [ 52.084197776974968, 58.921195605982462, 0.0 ], [ 52.084197776974968, 58.961195605982482, 0.0 ] ] } },
{ "type": "Feature", "properties": { "Layer": "A_TEXTOLOCAL", "SubClasses": "AcDbEntity:AcDbLine", "EntityHandle": "1C1E1F1B" }, "geometry": { "type": "LineString", "coordinates": [ [ 52.084197776974968, 58.961195605982482, 0.0 ], [ 53.084197776974968, 58.961195605982482, 0.0 ] ] } },
{ "type": "Feature", "properties": { "Layer": "A_TEXTOLOCAL", "SubClasses": "AcDbEntity:AcDbLine", "EntityHandle": "1C1E1F1C" }, "geometry": { "type": "LineString", "coordinates": [ [ 53.084197776974968, 58.961195605982482, 0.0 ], [ 53.084197776974968, 58.921195605982462, 0.0 ] ] } },
{ "type": "Feature", "properties": { "Layer": "A_TEXTOLOCAL", "SubClasses": "AcDbEntity:AcDbLine", "EntityHandle": "1C1E1F1D" }, "geometry": { "type": "LineString", "coordinates": [ [ 16.764197776976062, 53.72119560598216, 0.0 ], [ 17.464197776976452, 53.72119560598216, 0.0 ] ] } },
{ "type": "Feature", "properties": { "Layer": "A_TEXTOLOCAL", "SubClasses": "AcDbEntity:AcDbLine", "EntityHandle": "1C1E1F1E" }, "geometry": { "type": "LineString", "coordinates": [ [ 17.464197776976452, 53.72119560598216, 0.0 ], [ 17.464197776976452, 53.761195605982152, 0.0 ] ] } },
{ "type": "Feature", "properties": { "Layer": "A_TEXTOLOCAL", "SubClasses": "AcDbEntity:AcDbLine", "EntityHandle": "1C1E1F1F" }, "geometry": { "type": "LineString", "coordinates": [ [ 17.464197776976452, 53.761195605982152, 0.0 ], [ 16.764197776976062, 53.761195605982152, 0.0 ] ] } },
{ "type": "Feature", "properties": { "Layer": "A_TEXTOLOCAL", "SubClasses": "AcDbEntity:AcDbLine", "EntityHandle": "1C1E1F20" }, "geometry": { "type": "LineString", "coordinates": [ [ 16.764197776976062, 53.761195605982152, 0.0 ], [ 16.764197776976062, 53.72119560598216, 0.0 ] ] } },
{ "type": "Feature", "properties": { "Layer": "A_TEXTOLOCAL", "SubClasses": "AcDbEntity:AcDbLine", "EntityHandle": "1C1E1F21" }, "geometry": { "type": "LineString", "coordinates": [ [ 15.304197776976929, 54.421195605982291, 0.0 ], [ 14.60419777697666, 54.421195605982291, 0.0 ] ] } },
{ "type": "Feature", "properties": { "Layer": "A_TEXTOLOCAL", "SubClasses": "AcDbEntity:AcDbLine", "EntityHandle": "1C1E1F22" }, "geometry": { "type": "LineString", "coordinates": [ [ 14.60419777697666, 54.421195605982291, 0.0 ], [ 14.60419777697666, 54.381195605982271, 0.0 ] ] } },
{ "type": "Feature", "properties": { "Layer": "A_TEXTOLOCAL", "SubClasses": "AcDbEntity:AcDbLine", "EntityHandle": "1C1E1F23" }, "geometry": { "type": "LineString", "coordinates": [ [ 14.60419777697666, 54.381195605982271, 0.0 ], [ 15.304197776976929, 54.381195605982271, 0.0 ] ] } },
{ "type": "Feature", "properties": { "Layer": "A_TEXTOLOCAL", "SubClasses": "AcDbEntity:AcDbLine", "EntityHandle": "1C1E1F24" }, "geometry": { "type": "LineString", "coordinates": [ [ 15.304197776976929, 54.381195605982271, 0.0 ], [ 15.304197776976929, 54.421195605982291, 0.0 ] ] } },
{ "type": "Feature", "properties": { "Layer": "A_TEXTOLOCAL", "SubClasses": "AcDbEntity:AcDbLine", "EntityHandle": "1C1E1F25" }, "geometry": { "type": "LineString", "coordinates": [ [ 15.38419777697686, 52.301195605982137, 0.0 ], [ 15.424197776976939, 52.301195605982137, 0.0 ] ] } },
{ "type": "Feature", "properties": { "Layer": "A_TEXTOLOCAL", "SubClasses": "AcDbEntity:AcDbLine", "EntityHandle": "1C1E1F26" }, "geometry": { "type": "LineString", "coordinates": [ [ 15.424197776976939, 52.301195605982137, 0.0 ], [ 15.424197776976939, 51.72119560598216, 0.0 ] ] } },
{ "type": "Feature", "properties": { "Layer": "A_TEXTOLOCAL", "SubClasses": "AcDbEntity:AcDbLine", "EntityHandle": "1C1E1F27" }, "geometry": { "type": "LineString", "coordinates": [ [ 15.424197776976939, 51.72119560598216, 0.0 ], [ 15.38419777697686, 51.72119560598216, 0.0 ] ] } },
{ "type": "Feature", "properties": { "Layer": "A_TEXTOLOCAL", "SubClasses": "AcDbEntity:AcDbLine", "EntityHandle": "1C1E1F28" }, "geometry": { "type": "LineString", "coordinates": [ [ 15.38419777697686, 51.72119560598216, 0.0 ], [ 15.38419777697686, 52.301195605982137, 0.0 ] ] } },
{ "type": "Feature", "properties": { "Layer": "A_TEXTOLOCAL", "SubClasses": "AcDbEntity:AcDbLine", "EntityHandle": "1C1E1F29" }, "geometry": { "type": "LineString", "coordinates": [ [ 16.684197776976131, 52.301195605982137, 0.0 ], [ 16.644197776976171, 52.301195605982137, 0.0 ] ] } },
{ "type": "Feature", "properties": { "Layer": "A_TEXTOLOCAL", "SubClasses": "AcDbEntity:AcDbLine", "EntityHandle": "1C1E1F2A" }, "geometry": { "type": "LineString", "coordinates": [ [ 16.644197776976171, 52.301195605982137, 0.0 ], [ 16.644197776976171, 51.72119560598216, 0.0 ] ] } },
{ "type": "Feature", "properties": { "Layer": "A_TEXTOLOCAL", "SubClasses": "AcDbEntity:AcDbLine", "EntityHandle": "1C1E1F2B" }, "geometry": { "type": "LineString", "coordinates": [ [ 16.644197776976171, 51.72119560598216, 0.0 ], [ 16.684197776976131, 51.72119560598216, 0.0 ] ] } },
{ "type": "Feature", "properties": { "Layer": "A_TEXTOLOCAL", "SubClasses": "AcDbEntity:AcDbLine", "EntityHandle": "1C1E1F2C" }, "geometry": { "type": "LineString", "coordinates": [ [ 16.684197776976131, 51.72119560598216, 0.0 ], [ 16.684197776976131, 52.301195605982137, 0.0 ] ] } },
{ "type": "Feature", "properties": { "Layer": "A_TEXTOLOCAL", "SubClasses": "AcDbEntity:AcDbLine", "EntityHandle": "1C1E1F2D" }, "geometry": { "type": "LineString", "coordinates": [ [ 43.30419777697432, 59.191425324848638, 0.0 ], [ 43.504197776974017, 59.191425324848638, 0.0 ] ] } },
{ "type": "Feature", "properties": { "Layer": "A_TEXTOLOCAL", "SubClasses": "AcDbEntity:AcDbLine", "EntityHandle": "1C1E1F2E" }, "geometry": { "type": "LineString", "coordinates": [ [ 43.504197776974017, 59.191425324848638, 0.0 ], [ 43.504197776974017, 58.601425324848783, 0.0 ] ] } },
{ "type": "Feature", "properties": { "Layer": "A_TEXTOLOCAL", "SubClasses": "AcDbEntity:AcDbLine", "EntityHandle": "1C1E1F31" }, "geometry": { "type": "LineString", "coordinates": [ [ 43.504197776974017, 58.601425324848783, 0.0 ], [ 43.30419777697432, 58.601425324848783, 0.0 ] ] } },
{ "type": "Feature", "properties": { "Layer": "A_TEXTOLOCAL", "SubClasses": "AcDbEntity:AcDbLine", "EntityHandle": "1C1E1F34" }, "geometry": { "type": "LineString", "coordinates": [ [ 43.30419777697432, 58.601425324848783, 0.0 ], [ 43.30419777697432, 59.191425324848638, 0.0 ] ] } },
{ "type": "Feature", "properties": { "Layer": "A_TEXTOLOCAL", "SubClasses": "AcDbEntity:AcDbLine", "EntityHandle": "1C1E1F35" }, "geometry": { "type": "LineString", "coordinates": [ [ 16.684197776976131, 59.20119560597729, 0.0 ], [ 16.884197776976411, 59.20119560597729, 0.0 ] ] } },
{ "type": "Feature", "properties": { "Layer": "A_TEXTOLOCAL", "SubClasses": "AcDbEntity:AcDbLine", "EntityHandle": "1C1E1F36" }, "geometry": { "type": "LineString", "coordinates": [ [ 16.884197776976411, 59.20119560597729, 0.0 ], [ 16.884197776976411, 58.611195605977059, 0.0 ] ] } },
{ "type": "Feature", "properties": { "Layer": "A_TEXTOLOCAL", "SubClasses": "AcDbEntity:AcDbLine", "EntityHandle": "1C1E1F37" }, "geometry": { "type": "LineString", "coordinates": [ [ 16.884197776976411, 58.611195605977059, 0.0 ], [ 16.684197776976131, 58.611195605977059, 0.0 ] ] } },
{ "type": "Feature", "properties": { "Layer": "A_TEXTOLOCAL", "SubClasses": "AcDbEntity:AcDbLine", "EntityHandle": "1C1E1F38" }, "geometry": { "type": "LineString", "coordinates": [ [ 16.684197776976131, 58.611195605977059, 0.0 ], [ 16.684197776976131, 59.20119560597729, 0.0 ] ] } },
{ "type": "Feature", "properties": { "Layer": "A_TEXTOLOCAL", "SubClasses": "AcDbEntity:AcDbLine", "EntityHandle": "1C1E1F39" }, "geometry": { "type": "LineString", "coordinates": [ [ 39.421340634116632, 59.191425324848638, 0.0 ], [ 39.621340634116898, 59.191425324848638, 0.0 ] ] } },
{ "type": "Feature", "properties": { "Layer": "A_TEXTOLOCAL", "SubClasses": "AcDbEntity:AcDbLine", "EntityHandle": "1C1E1F3A" }, "geometry": { "type": "LineString", "coordinates": [ [ 39.621340634116898, 59.191425324848638, 0.0 ], [ 39.621340634116898, 58.601425324848783, 0.0 ] ] } },
{ "type": "Feature", "properties": { "Layer": "A_TEXTOLOCAL", "SubClasses": "AcDbEntity:AcDbLine", "EntityHandle": "1C1E1F3B" }, "geometry": { "type": "LineString", "coordinates": [ [ 39.621340634116898, 58.601425324848783, 0.0 ], [ 39.421340634116632, 58.601425324848783, 0.0 ] ] } },
{ "type": "Feature", "properties": { "Layer": "A_TEXTOLOCAL", "SubClasses": "AcDbEntity:AcDbLine", "EntityHandle": "1C1E1F3C" }, "geometry": { "type": "LineString", "coordinates": [ [ 39.421340634116632, 58.601425324848783, 0.0 ], [ 39.421340634116632, 59.191425324848638, 0.0 ] ] } },
{ "type": "Feature", "properties": { "Layer": "A_TEXTOLOCAL", "SubClasses": "AcDbEntity:AcDbLine", "EntityHandle": "1C1E1F3D" }, "geometry": { "type": "LineString", "coordinates": [ [ 35.638483491259883, 59.20119560597729, 0.0 ], [ 35.838483491260263, 59.20119560597729, 0.0 ] ] } },
{ "type": "Feature", "properties": { "Layer": "A_TEXTOLOCAL", "SubClasses": "AcDbEntity:AcDbLine", "EntityHandle": "1C1E1F3E" }, "geometry": { "type": "LineString", "coordinates": [ [ 35.838483491260263, 59.20119560597729, 0.0 ], [ 35.838483491260263, 58.611195605977059, 0.0 ] ] } },
{ "type": "Feature", "properties": { "Layer": "A_TEXTOLOCAL", "SubClasses": "AcDbEntity:AcDbLine", "EntityHandle": "1C1E1F3F" }, "geometry": { "type": "LineString", "coordinates": [ [ 35.838483491260263, 58.611195605977059, 0.0 ], [ 35.638483491259883, 58.611195605977059, 0.0 ] ] } },
{ "type": "Feature", "properties": { "Layer": "A_TEXTOLOCAL", "SubClasses": "AcDbEntity:AcDbLine", "EntityHandle": "1C1E1F40" }, "geometry": { "type": "LineString", "coordinates": [ [ 35.638483491259883, 58.611195605977059, 0.0 ], [ 35.638483491259883, 59.20119560597729, 0.0 ] ] } },
{ "type": "Feature", "properties": { "Layer": "A_TEXTOLOCAL", "SubClasses": "AcDbEntity:AcDbLine", "EntityHandle": "1C1E1F41" }, "geometry": { "type": "LineString", "coordinates": [ [ 31.85562634840278, 59.20119560597729, 0.0 ], [ 32.055626348402939, 59.20119560597729, 0.0 ] ] } },
{ "type": "Feature", "properties": { "Layer": "A_TEXTOLOCAL", "SubClasses": "AcDbEntity:AcDbLine", "EntityHandle": "1C1E1F42" }, "geometry": { "type": "LineString", "coordinates": [ [ 32.055626348402939, 59.20119560597729, 0.0 ], [ 32.055626348402939, 58.611195605977059, 0.0 ] ] } },
{ "type": "Feature", "properties": { "Layer": "A_TEXTOLOCAL", "SubClasses": "AcDbEntity:AcDbLine", "EntityHandle": "1C1E1F43" }, "geometry": { "type": "LineString", "coordinates": [ [ 32.055626348402939, 58.611195605977059, 0.0 ], [ 31.85562634840278, 58.611195605977059, 0.0 ] ] } },
{ "type": "Feature", "properties": { "Layer": "A_TEXTOLOCAL", "SubClasses": "AcDbEntity:AcDbLine", "EntityHandle": "1C1E1F44" }, "geometry": { "type": "LineString", "coordinates": [ [ 31.85562634840278, 58.611195605977059, 0.0 ], [ 31.85562634840278, 59.20119560597729, 0.0 ] ] } },
{ "type": "Feature", "properties": { "Layer": "A_TEXTOLOCAL", "SubClasses": "AcDbEntity:AcDbLine", "EntityHandle": "1C1E1F45" }, "geometry": { "type": "LineString", "coordinates": [ [ 28.072769205545569, 59.20119560597729, 0.0 ], [ 28.272769205545838, 59.20119560597729, 0.0 ] ] } },
{ "type": "Feature", "properties": { "Layer": "A_TEXTOLOCAL", "SubClasses": "AcDbEntity:AcDbLine", "EntityHandle": "1C1E1F46" }, "geometry": { "type": "LineString", "coordinates": [ [ 28.272769205545838, 59.20119560597729, 0.0 ], [ 28.272769205545838, 58.611195605977059, 0.0 ] ] } },
{ "type": "Feature", "properties": { "Layer": "A_TEXTOLOCAL", "SubClasses": "AcDbEntity:AcDbLine", "EntityHandle": "1C1E1F47" }, "geometry": { "type": "LineString", "coordinates": [ [ 28.272769205545838, 58.611195605977059, 0.0 ], [ 28.072769205545569, 58.611195605977059, 0.0 ] ] } },
{ "type": "Feature", "properties": { "Layer": "A_TEXTOLOCAL", "SubClasses": "AcDbEntity:AcDbLine", "EntityHandle": "1C1E1F48" }, "geometry": { "type": "LineString", "coordinates": [ [ 28.072769205545569, 58.611195605977059, 0.0 ], [ 28.072769205545569, 59.20119560597729, 0.0 ] ] } },
{ "type": "Feature", "properties": { "Layer": "A_TEXTOLOCAL", "SubClasses": "AcDbEntity:AcDbLine", "EntityHandle": "1C1E1F49" }, "geometry": { "type": "LineString", "coordinates": [ [ 24.289912062688469, 59.20119560597729, 0.0 ], [ 24.489912062688632, 59.20119560597729, 0.0 ] ] } },
{ "type": "Feature", "properties": { "Layer": "A_TEXTOLOCAL", "SubClasses": "AcDbEntity:AcDbLine", "EntityHandle": "1C1E1F4A" }, "geometry": { "type": "LineString", "coordinates": [ [ 24.489912062688632, 59.20119560597729, 0.0 ], [ 24.489912062688632, 58.611195605977059, 0.0 ] ] } },
{ "type": "Feature", "properties": { "Layer": "A_TEXTOLOCAL", "SubClasses": "AcDbEntity:AcDbLine", "EntityHandle": "1C1E1F4B" }, "geometry": { "type": "LineString", "coordinates": [ [ 24.489912062688632, 58.611195605977059, 0.0 ], [ 24.289912062688469, 58.611195605977059, 0.0 ] ] } },
{ "type": "Feature", "properties": { "Layer": "A_TEXTOLOCAL", "SubClasses": "AcDbEntity:AcDbLine", "EntityHandle": "1C1E1F4C" }, "geometry": { "type": "LineString", "coordinates": [ [ 24.289912062688469, 58.611195605977059, 0.0 ], [ 24.289912062688469, 59.20119560597729, 0.0 ] ] } },
{ "type": "Feature", "properties": { "Layer": "A_TEXTOLOCAL", "SubClasses": "AcDbEntity:AcDbLine", "EntityHandle": "1C1E1F4D" }, "geometry": { "type": "LineString", "coordinates": [ [ 20.507054919831489, 59.20119560597729, 0.0 ], [ 20.707054919831421, 59.20119560597729, 0.0 ] ] } },
{ "type": "Feature", "properties": { "Layer": "A_TEXTOLOCAL", "SubClasses": "AcDbEntity:AcDbLine", "EntityHandle": "1C1E1F4E" }, "geometry": { "type": "LineString", "coordinates": [ [ 20.707054919831421, 59.20119560597729, 0.0 ], [ 20.707054919831421, 58.611195605977059, 0.0 ] ] } },
{ "type": "Feature", "properties": { "Layer": "A_TEXTOLOCAL", "SubClasses": "AcDbEntity:AcDbLine", "EntityHandle": "1C1E1F4F" }, "geometry": { "type": "LineString", "coordinates": [ [ 20.707054919831421, 58.611195605977059, 0.0 ], [ 20.507054919831489, 58.611195605977059, 0.0 ] ] } },
{ "type": "Feature", "properties": { "Layer": "A_TEXTOLOCAL", "SubClasses": "AcDbEntity:AcDbLine", "EntityHandle": "1C1E1F50" }, "geometry": { "type": "LineString", "coordinates": [ [ 20.507054919831489, 58.611195605977059, 0.0 ], [ 20.507054919831489, 59.20119560597729, 0.0 ] ] } },
{ "type": "Feature", "properties": { "Layer": "A_TEXTOLOCAL", "SubClasses": "AcDbEntity:AcDbLine", "EntityHandle": "1C1E1F52" }, "geometry": { "type": "LineString", "coordinates": [ [ 7.464197776975425, 59.111195605977059, 0.0 ], [ 7.664197776975811, 59.111195605977059, 0.0 ] ] } },
{ "type": "Feature", "properties": { "Layer": "A_TEXTOLOCAL", "SubClasses": "AcDbEntity:AcDbLine", "EntityHandle": "1C1E1F53" }, "geometry": { "type": "LineString", "coordinates": [ [ 7.664197776975811, 59.111195605977059, 0.0 ], [ 7.664197776975811, 58.611195605977059, 0.0 ] ] } },
{ "type": "Feature", "properties": { "Layer": "A_TEXTOLOCAL", "SubClasses": "AcDbEntity:AcDbLine", "EntityHandle": "1C1E1F54" }, "geometry": { "type": "LineString", "coordinates": [ [ 7.664197776975811, 58.611195605977059, 0.0 ], [ 7.464197776975425, 58.611195605977059, 0.0 ] ] } },
{ "type": "Feature", "properties": { "Layer": "A_TEXTOLOCAL", "SubClasses": "AcDbEntity:AcDbLine", "EntityHandle": "1C1E1F55" }, "geometry": { "type": "LineString", "coordinates": [ [ 7.464197776975425, 58.611195605977059, 0.0 ], [ 7.464197776975425, 59.111195605977059, 0.0 ] ] } },
{ "type": "Feature", "properties": { "Layer": "A_TEXTOLOCAL", "SubClasses": "AcDbEntity:AcDbLine", "EntityHandle": "1C1E1F56" }, "geometry": { "type": "LineString", "coordinates": [ [ 11.45419777697578, 59.111195605977059, 0.0 ], [ 11.65419777697559, 59.111195605977059, 0.0 ] ] } },
{ "type": "Feature", "properties": { "Layer": "A_TEXTOLOCAL", "SubClasses": "AcDbEntity:AcDbLine", "EntityHandle": "1C1E1F57" }, "geometry": { "type": "LineString", "coordinates": [ [ 11.65419777697559, 59.111195605977059, 0.0 ], [ 11.65419777697559, 58.611195605977059, 0.0 ] ] } },
{ "type": "Feature", "properties": { "Layer": "A_TEXTOLOCAL", "SubClasses": "AcDbEntity:AcDbLine", "EntityHandle": "1C1E1F58" }, "geometry": { "type": "LineString", "coordinates": [ [ 11.65419777697559, 58.611195605977059, 0.0 ], [ 11.45419777697578, 58.611195605977059, 0.0 ] ] } },
{ "type": "Feature", "properties": { "Layer": "A_TEXTOLOCAL", "SubClasses": "AcDbEntity:AcDbLine", "EntityHandle": "1C1E1F59" }, "geometry": { "type": "LineString", "coordinates": [ [ 11.45419777697578, 58.611195605977059, 0.0 ], [ 11.45419777697578, 59.111195605977059, 0.0 ] ] } },
{ "type": "Feature", "properties": { "Layer": "A_TEXTOLOCAL", "SubClasses": "AcDbEntity:AcDbLine", "EntityHandle": "1C1E1FD8" }, "geometry": { "type": "LineString", "coordinates": [ [ 63.17419777697512, 94.241195605981773, 0.0 ], [ 63.274197776974923, 94.241195605981773, 0.0 ] ] } },
{ "type": "Feature", "properties": { "Layer": "A_TEXTOLOCAL", "SubClasses": "AcDbEntity:AcDbLine", "EntityHandle": "1C1E1FD9" }, "geometry": { "type": "LineString", "coordinates": [ [ 63.274197776974923, 94.241195605981773, 0.0 ], [ 63.274197776974923, 94.141195605981864, 0.0 ] ] } },
{ "type": "Feature", "properties": { "Layer": "A_TEXTOLOCAL", "SubClasses": "AcDbEntity:AcDbLine", "EntityHandle": "1C1E1FDA" }, "geometry": { "type": "LineString", "coordinates": [ [ 63.274197776974923, 94.141195605981864, 0.0 ], [ 63.17419777697512, 94.141195605981864, 0.0 ] ] } },
{ "type": "Feature", "properties": { "Layer": "A_TEXTOLOCAL", "SubClasses": "AcDbEntity:AcDbLine", "EntityHandle": "1C1E1FDB" }, "geometry": { "type": "LineString", "coordinates": [ [ 63.17419777697512, 94.141195605981864, 0.0 ], [ 63.17419777697512, 94.241195605981773, 0.0 ] ] } },
{ "type": "Feature", "properties": { "Layer": "A_TEXTOLOCAL", "SubClasses": "AcDbEntity:AcDbLine", "EntityHandle": "1C1E1FDC" }, "geometry": { "type": "LineString", "coordinates": [ [ 63.084197776975429, 89.231195605981782, 0.0 ], [ 63.184197776975338, 89.231195605981782, 0.0 ] ] } },
{ "type": "Feature", "properties": { "Layer": "A_TEXTOLOCAL", "SubClasses": "AcDbEntity:AcDbLine", "EntityHandle": "1C1E1FDD" }, "geometry": { "type": "LineString", "coordinates": [ [ 63.184197776975338, 89.231195605981782, 0.0 ], [ 63.184197776975338, 89.131195605981873, 0.0 ] ] } },
{ "type": "Feature", "properties": { "Layer": "A_TEXTOLOCAL", "SubClasses": "AcDbEntity:AcDbLine", "EntityHandle": "1C1E1FDE" }, "geometry": { "type": "LineString", "coordinates": [ [ 63.184197776975338, 89.131195605981873, 0.0 ], [ 63.084197776975429, 89.131195605981873, 0.0 ] ] } },
{ "type": "Feature", "properties": { "Layer": "A_TEXTOLOCAL", "SubClasses": "AcDbEntity:AcDbLine", "EntityHandle": "1C1E1FDF" }, "geometry": { "type": "LineString", "coordinates": [ [ 63.084197776975429, 89.131195605981873, 0.0 ], [ 63.084197776975429, 89.231195605981782, 0.0 ] ] } },
{ "type": "Feature", "properties": { "Layer": "A_TEXTOLOCAL", "SubClasses": "AcDbEntity:AcDbLine", "EntityHandle": "1C1E1FE0" }, "geometry": { "type": "LineString", "coordinates": [ [ 63.104197776975411, 85.351195605981871, 0.0 ], [ 63.20419777697532, 85.351195605981871, 0.0 ] ] } },
{ "type": "Feature", "properties": { "Layer": "A_TEXTOLOCAL", "SubClasses": "AcDbEntity:AcDbLine", "EntityHandle": "1C1E1FE1" }, "geometry": { "type": "LineString", "coordinates": [ [ 63.20419777697532, 85.351195605981871, 0.0 ], [ 63.20419777697532, 85.251195605981962, 0.0 ] ] } },
{ "type": "Feature", "properties": { "Layer": "A_TEXTOLOCAL", "SubClasses": "AcDbEntity:AcDbLine", "EntityHandle": "1C1E1FE2" }, "geometry": { "type": "LineString", "coordinates": [ [ 63.20419777697532, 85.251195605981962, 0.0 ], [ 63.104197776975411, 85.251195605981962, 0.0 ] ] } },
{ "type": "Feature", "properties": { "Layer": "A_TEXTOLOCAL", "SubClasses": "AcDbEntity:AcDbLine", "EntityHandle": "1C1E1FE3" }, "geometry": { "type": "LineString", "coordinates": [ [ 63.104197776975411, 85.251195605981962, 0.0 ], [ 63.104197776975411, 85.351195605981871, 0.0 ] ] } },
{ "type": "Feature", "properties": { "Layer": "A_TEXTOLOCAL", "SubClasses": "AcDbEntity:AcDbLine", "EntityHandle": "1C1E1FE4" }, "geometry": { "type": "LineString", "coordinates": [ [ 63.17419777697512, 81.291195605981954, 0.0 ], [ 63.274197776974923, 81.291195605981954, 0.0 ] ] } },
{ "type": "Feature", "properties": { "Layer": "A_TEXTOLOCAL", "SubClasses": "AcDbEntity:AcDbLine", "EntityHandle": "1C1E1FE5" }, "geometry": { "type": "LineString", "coordinates": [ [ 63.274197776974923, 81.291195605981954, 0.0 ], [ 63.274197776974923, 81.19119560598196, 0.0 ] ] } },
{ "type": "Feature", "properties": { "Layer": "A_TEXTOLOCAL", "SubClasses": "AcDbEntity:AcDbLine", "EntityHandle": "1C1E1FE6" }, "geometry": { "type": "LineString", "coordinates": [ [ 63.274197776974923, 81.19119560598196, 0.0 ], [ 63.17419777697512, 81.19119560598196, 0.0 ] ] } },
{ "type": "Feature", "properties": { "Layer": "A_TEXTOLOCAL", "SubClasses": "AcDbEntity:AcDbLine", "EntityHandle": "1C1E1FE7" }, "geometry": { "type": "LineString", "coordinates": [ [ 63.17419777697512, 81.19119560598196, 0.0 ], [ 63.17419777697512, 81.291195605981954, 0.0 ] ] } },
{ "type": "Feature", "properties": { "Layer": "A_TEXTOLOCAL", "SubClasses": "AcDbEntity:AcDbLine", "EntityHandle": "1C1E1FE8" }, "geometry": { "type": "LineString", "coordinates": [ [ 63.024197776974923, 77.611195605982061, 0.0 ], [ 63.124197776974938, 77.611195605982061, 0.0 ] ] } },
{ "type": "Feature", "properties": { "Layer": "A_TEXTOLOCAL", "SubClasses": "AcDbEntity:AcDbLine", "EntityHandle": "1C1E1FE9" }, "geometry": { "type": "LineString", "coordinates": [ [ 63.124197776974938, 77.611195605982061, 0.0 ], [ 63.124197776974938, 77.511195605982181, 0.0 ] ] } },
{ "type": "Feature", "properties": { "Layer": "A_TEXTOLOCAL", "SubClasses": "AcDbEntity:AcDbLine", "EntityHandle": "1C1E1FEA" }, "geometry": { "type": "LineString", "coordinates": [ [ 63.124197776974938, 77.511195605982181, 0.0 ], [ 63.024197776974923, 77.511195605982181, 0.0 ] ] } },
{ "type": "Feature", "properties": { "Layer": "A_TEXTOLOCAL", "SubClasses": "AcDbEntity:AcDbLine", "EntityHandle": "1C1E1FEB" }, "geometry": { "type": "LineString", "coordinates": [ [ 63.024197776974923, 77.511195605982181, 0.0 ], [ 63.024197776974923, 77.611195605982061, 0.0 ] ] } },
{ "type": "Feature", "properties": { "Layer": "A_TEXTOLOCAL", "SubClasses": "AcDbEntity:AcDbLine", "EntityHandle": "1C1E1FF9" }, "geometry": { "type": "LineString", "coordinates": [ [ 59.624197776974938, 73.31019560598196, 0.0 ], [ 59.624197776974938, 72.510195605981778, 0.0 ] ] } },
{ "type": "Feature", "properties": { "Layer": "A_TEXTOLOCAL", "SubClasses": "AcDbEntity:AcDbLine", "EntityHandle": "1C1E2007" }, "geometry": { "type": "LineString", "coordinates": [ [ 53.844197776974283, 66.721195605981961, 0.0 ], [ 55.134197776974133, 66.721195605981961, 0.0 ] ] } },
{ "type": "Feature", "properties": { "Layer": "A_TEXTOLOCAL", "SubClasses": "AcDbEntity:AcDbLine", "EntityHandle": "1C1E2008" }, "geometry": { "type": "LineString", "coordinates": [ [ 58.61419777697472, 66.721195605981961, 0.0 ], [ 58.574197776974763, 66.721195605981961, 0.0 ] ] } },
{ "type": "Feature", "properties": { "Layer": "A_TEXTOLOCAL", "SubClasses": "AcDbEntity:AcDbLine", "EntityHandle": "1C1E2009" }, "geometry": { "type": "LineString", "coordinates": [ [ 58.574197776974763, 66.721195605981961, 0.0 ], [ 58.574197776974763, 65.721195605981961, 0.0 ] ] } },
{ "type": "Feature", "properties": { "Layer": "A_TEXTOLOCAL", "SubClasses": "AcDbEntity:AcDbLine", "EntityHandle": "1C1E200A" }, "geometry": { "type": "LineString", "coordinates": [ [ 58.574197776974763, 65.721195605981961, 0.0 ], [ 58.61419777697472, 65.721195605981961, 0.0 ] ] } },
{ "type": "Feature", "properties": { "Layer": "A_TEXTOLOCAL", "SubClasses": "AcDbEntity:AcDbLine", "EntityHandle": "1C1E200B" }, "geometry": { "type": "LineString", "coordinates": [ [ 58.61419777697472, 65.721195605981961, 0.0 ], [ 58.61419777697472, 66.721195605981961, 0.0 ] ] } },
{ "type": "Feature", "properties": { "Layer": "A_TEXTOLOCAL", "SubClasses": "AcDbEntity:AcDbLine", "EntityHandle": "1C1E209A" }, "geometry": { "type": "LineString", "coordinates": [ [ 80.544197776974897, 94.526195605982963, 0.0 ], [ 81.544197776974897, 94.526195605978472, 0.0 ] ] } },
{ "type": "Feature", "properties": { "Layer": "A_TEXTOLOCAL", "SubClasses": "AcDbEntity:AcDbLine", "EntityHandle": "1C1E20AB" }, "geometry": { "type": "LineString", "coordinates": [ [ 44.894197776975261, 81.15119560598157, 0.0 ], [ 45.094197776975193, 81.15119560598157, 0.0 ] ] } },
{ "type": "Feature", "properties": { "Layer": "A_TEXTOLOCAL", "SubClasses": "AcDbEntity:AcDbLine", "EntityHandle": "1C1E20AC" }, "geometry": { "type": "LineString", "coordinates": [ [ 45.094197776975193, 81.15119560598157, 0.0 ], [ 45.094197776975193, 81.351195605981871, 0.0 ] ] } },
{ "type": "Feature", "properties": { "Layer": "A_TEXTOLOCAL", "SubClasses": "AcDbEntity:AcDbLine", "EntityHandle": "1C1E20AD" }, "geometry": { "type": "LineString", "coordinates": [ [ 45.094197776975193, 81.351195605981871, 0.0 ], [ 44.894197776975261, 81.351195605981871, 0.0 ] ] } },
{ "type": "Feature", "properties": { "Layer": "A_TEXTOLOCAL", "SubClasses": "AcDbEntity:AcDbLine", "EntityHandle": "1C1E20AE" }, "geometry": { "type": "LineString", "coordinates": [ [ 44.894197776975261, 81.351195605981871, 0.0 ], [ 44.894197776975261, 81.15119560598157, 0.0 ] ] } },
{ "type": "Feature", "properties": { "Layer": "A_TEXTOLOCAL", "SubClasses": "AcDbEntity:AcDbLine", "EntityHandle": "1C1E20B5" }, "geometry": { "type": "LineString", "coordinates": [ [ 49.084197776974413, 60.79119560598258, 0.0 ], [ 49.384197776974361, 60.79119560598258, 0.0 ] ] } },
{ "type": "Feature", "properties": { "Layer": "A_TEXTOLOCAL", "SubClasses": "AcDbEntity:AcDbLine", "EntityHandle": "1C1E20B8" }, "geometry": { "type": "LineString", "coordinates": [ [ 54.764197776974363, 60.791195605982381, 0.0 ], [ 55.064197776974417, 60.791195605982381, 0.0 ] ] } },
{ "type": "Feature", "properties": { "Layer": "A_TEXTOLOCAL", "SubClasses": "AcDbEntity:AcDbLine", "EntityHandle": "1C1E20C0" }, "geometry": { "type": "LineString", "coordinates": [ [ 41.984197776974042, 59.751195605982161, 0.0 ], [ 42.434197776974429, 59.751195605982161, 0.0 ] ] } },
{ "type": "Feature", "properties": { "Layer": "A_TEXTOLOCAL", "SubClasses": "AcDbEntity:AcDbLine", "EntityHandle": "1C1E20C6" }, "geometry": { "type": "LineString", "coordinates": [ [ 39.954197776974411, 59.751195605981962, 0.0 ], [ 40.404197776974677, 59.751195605981962, 0.0 ] ] } },
{ "type": "Feature", "properties": { "Layer": "A_TEXTOLOCAL", "SubClasses": "AcDbEntity:AcDbLine", "EntityHandle": "1C1E20C8" }, "geometry": { "type": "LineString", "coordinates": [ [ 84.27195154270089, 81.814915283396061, 0.0 ], [ 86.451951542701295, 81.814915283396061, 0.0 ] ] } },
{ "type": "Feature", "properties": { "Layer": "A_TEXTOLOCAL", "SubClasses": "AcDbEntity:AcDbLine", "EntityHandle": "1C1E20C9" }, "geometry": { "type": "LineString", "coordinates": [ [ 86.451951542701295, 81.814915283396061, 0.0 ], [ 86.451951542701295, 81.721195605983183, 0.0 ] ] } },
{ "type": "Feature", "properties": { "Layer": "A_TEXTOLOCAL", "SubClasses": "AcDbEntity:AcDbLine", "EntityHandle": "1C1E20CA" }, "geometry": { "type": "LineString", "coordinates": [ [ 86.451951542701295, 81.721195605983183, 0.0 ], [ 84.27195154270089, 81.721195605983183, 0.0 ] ] } },
{ "type": "Feature", "properties": { "Layer": "A_TEXTOLOCAL", "SubClasses": "AcDbEntity:AcDbLine", "EntityHandle": "1C1E20CB" }, "geometry": { "type": "LineString", "coordinates": [ [ 84.27195154270089, 81.721195605983183, 0.0 ], [ 84.27195154270089, 81.814915283396061, 0.0 ] ] } },
{ "type": "Feature", "properties": { "Layer": "A_TEXTOLOCAL", "SubClasses": "AcDbEntity:AcDbLine", "EntityHandle": "1C1E20CC" }, "geometry": { "type": "LineString", "coordinates": [ [ 85.176359103711434, 81.935620838005178, 0.0 ], [ 84.725871739001263, 81.935620838005178, 0.0 ] ] } },
{ "type": "Feature", "properties": { "Layer": "A_TEXTOLOCAL", "SubClasses": "AcDbEntity:AcDbLine", "EntityHandle": "1C1E20CD" }, "geometry": { "type": "LineString", "coordinates": [ [ 84.725871739001263, 81.935620838005178, 0.0 ], [ 84.798580976476728, 82.025307254293267, 0.0 ] ] } },
{ "type": "Feature", "properties": { "Layer": "A_TEXTOLOCAL", "SubClasses": "AcDbEntity:AcDbLine", "EntityHandle": "1C1E20CE" }, "geometry": { "type": "LineString", "coordinates": [ [ 84.725871739001263, 81.935620838005178, 0.0 ], [ 84.798580976476728, 81.845934421716976, 0.0 ] ] } },
{ "type": "Feature", "properties": { "Layer": "A_TEXTOLOCAL", "SubClasses": "AcDbEntity:AcDbLine", "EntityHandle": "1C1E20CF" }, "geometry": { "type": "LineString", "coordinates": [ [ 88.824197776975211, 92.121195605983189, 0.0 ], [ 88.954197776975207, 92.121195605983189, 0.0 ] ] } },
{ "type": "Feature", "properties": { "Layer": "A_TEXTOLOCAL", "SubClasses": "AcDbEntity:AcDbLine", "EntityHandle": "1C1E20D0" }, "geometry": { "type": "LineString", "coordinates": [ [ 88.954197776975207, 92.121195605983189, 0.0 ], [ 88.954197776975207, 91.621195605983189, 0.0 ] ] } },
{ "type": "Feature", "properties": { "Layer": "A_TEXTOLOCAL", "SubClasses": "AcDbEntity:AcDbLine", "EntityHandle": "1C1E20D1" }, "geometry": { "type": "LineString", "coordinates": [ [ 88.954197776975207, 91.621195605983189, 0.0 ], [ 88.824197776975211, 91.621195605983189, 0.0 ] ] } },
{ "type": "Feature", "properties": { "Layer": "A_TEXTOLOCAL", "SubClasses": "AcDbEntity:AcDbLine", "EntityHandle": "1C1E20D2" }, "geometry": { "type": "LineString", "coordinates": [ [ 88.824197776975211, 91.621195605983189, 0.0 ], [ 88.824197776975211, 92.121195605983189, 0.0 ] ] } },
{ "type": "Feature", "properties": { "Layer": "A_TEXTOLOCAL", "SubClasses": "AcDbEntity:AcDbLine", "EntityHandle": "1C1E20D3" }, "geometry": { "type": "LineString", "coordinates": [ [ 88.824197776975211, 81.991195605983052, 0.0 ], [ 88.954197776975207, 81.991195605983052, 0.0 ] ] } },
{ "type": "Feature", "properties": { "Layer": "A_TEXTOLOCAL", "SubClasses": "AcDbEntity:AcDbLine", "EntityHandle": "1C1E20D4" }, "geometry": { "type": "LineString", "coordinates": [ [ 88.954197776975207, 81.991195605983052, 0.0 ], [ 88.954197776975207, 81.491195605983052, 0.0 ] ] } },
{ "type": "Feature", "properties": { "Layer": "A_TEXTOLOCAL", "SubClasses": "AcDbEntity:AcDbLine", "EntityHandle": "1C1E20D5" }, "geometry": { "type": "LineString", "coordinates": [ [ 88.954197776975207, 81.491195605983052, 0.0 ], [ 88.824197776975211, 81.491195605983052, 0.0 ] ] } },
{ "type": "Feature", "properties": { "Layer": "A_TEXTOLOCAL", "SubClasses": "AcDbEntity:AcDbLine", "EntityHandle": "1C1E20D6" }, "geometry": { "type": "LineString", "coordinates": [ [ 88.824197776975211, 81.491195605983052, 0.0 ], [ 88.824197776975211, 81.991195605983052, 0.0 ] ] } },
{ "type": "Feature", "properties": { "Layer": "A_TEXTOLOCAL", "SubClasses": "AcDbEntity:AcDbLine", "EntityHandle": "1C1E20D7" }, "geometry": { "type": "LineString", "coordinates": [ [ 67.354197776974956, 95.841195605983046, 0.0 ], [ 67.45419777697532, 95.841195605983046, 0.0 ] ] } },
{ "type": "Feature", "properties": { "Layer": "A_TEXTOLOCAL", "SubClasses": "AcDbEntity:AcDbLine", "EntityHandle": "1C1E20D8" }, "geometry": { "type": "LineString", "coordinates": [ [ 67.45419777697532, 95.841195605983046, 0.0 ], [ 67.45419777697532, 95.641195605982972, 0.0 ] ] } },
{ "type": "Feature", "properties": { "Layer": "A_TEXTOLOCAL", "SubClasses": "AcDbEntity:AcDbLine", "EntityHandle": "1C1E20D9" }, "geometry": { "type": "LineString", "coordinates": [ [ 67.45419777697532, 95.641195605982972, 0.0 ], [ 67.354197776974956, 95.641195605982972, 0.0 ] ] } },
{ "type": "Feature", "properties": { "Layer": "A_TEXTOLOCAL", "SubClasses": "AcDbEntity:AcDbLine", "EntityHandle": "1C1E20DA" }, "geometry": { "type": "LineString", "coordinates": [ [ 67.354197776974956, 95.641195605982972, 0.0 ], [ 67.354197776974956, 95.841195605983046, 0.0 ] ] } },
{ "type": "Feature", "properties": { "Layer": "A_TEXTOLOCAL", "SubClasses": "AcDbEntity:AcDbLine", "EntityHandle": "1C1E20DB" }, "geometry": { "type": "LineString", "coordinates": [ [ 67.354197776974956, 95.391195605982972, 0.0 ], [ 67.45419777697532, 95.391195605982972, 0.0 ] ] } },
{ "type": "Feature", "properties": { "Layer": "A_TEXTOLOCAL", "SubClasses": "AcDbEntity:AcDbLine", "EntityHandle": "1C1E20DC" }, "geometry": { "type": "LineString", "coordinates": [ [ 67.45419777697532, 95.391195605982972, 0.0 ], [ 67.45419777697532, 95.161195605982982, 0.0 ] ] } },
{ "type": "Feature", "properties": { "Layer": "A_TEXTOLOCAL", "SubClasses": "AcDbEntity:AcDbLine", "EntityHandle": "1C1E20DD" }, "geometry": { "type": "LineString", "coordinates": [ [ 67.45419777697532, 95.161195605982982, 0.0 ], [ 67.354197776974956, 95.161195605982982, 0.0 ] ] } },
{ "type": "Feature", "properties": { "Layer": "A_TEXTOLOCAL", "SubClasses": "AcDbEntity:AcDbLine", "EntityHandle": "1C1E20DE" }, "geometry": { "type": "LineString", "coordinates": [ [ 67.354197776974956, 95.161195605982982, 0.0 ], [ 67.354197776974956, 95.391195605982972, 0.0 ] ] } },
{ "type": "Feature", "properties": { "Layer": "A_TEXTOLOCAL", "SubClasses": "AcDbEntity:AcDbLine", "EntityHandle": "1C1E20DF" }, "geometry": { "type": "LineString", "coordinates": [ [ 71.354197776974956, 95.841195605983046, 0.0 ], [ 71.454197776975207, 95.841195605983046, 0.0 ] ] } },
{ "type": "Feature", "properties": { "Layer": "A_TEXTOLOCAL", "SubClasses": "AcDbEntity:AcDbLine", "EntityHandle": "1C1E20E0" }, "geometry": { "type": "LineString", "coordinates": [ [ 71.454197776975207, 95.841195605983046, 0.0 ], [ 71.454197776975207, 95.641195605982972, 0.0 ] ] } },
{ "type": "Feature", "properties": { "Layer": "A_TEXTOLOCAL", "SubClasses": "AcDbEntity:AcDbLine", "EntityHandle": "1C1E20E1" }, "geometry": { "type": "LineString", "coordinates": [ [ 71.454197776975207, 95.641195605982972, 0.0 ], [ 71.354197776974956, 95.641195605982972, 0.0 ] ] } },
{ "type": "Feature", "properties": { "Layer": "A_TEXTOLOCAL", "SubClasses": "AcDbEntity:AcDbLine", "EntityHandle": "1C1E20E2" }, "geometry": { "type": "LineString", "coordinates": [ [ 71.354197776974956, 95.641195605982972, 0.0 ], [ 71.354197776974956, 95.841195605983046, 0.0 ] ] } },
{ "type": "Feature", "properties": { "Layer": "A_TEXTOLOCAL", "SubClasses": "AcDbEntity:AcDbLine", "EntityHandle": "1C1E20E3" }, "geometry": { "type": "LineString", "coordinates": [ [ 71.354197776974956, 95.391195605982972, 0.0 ], [ 71.454197776975207, 95.391195605982972, 0.0 ] ] } },
{ "type": "Feature", "properties": { "Layer": "A_TEXTOLOCAL", "SubClasses": "AcDbEntity:AcDbLine", "EntityHandle": "1C1E20E4" }, "geometry": { "type": "LineString", "coordinates": [ [ 71.454197776975207, 95.391195605982972, 0.0 ], [ 71.454197776975207, 95.161195605982982, 0.0 ] ] } },
{ "type": "Feature", "properties": { "Layer": "A_TEXTOLOCAL", "SubClasses": "AcDbEntity:AcDbLine", "EntityHandle": "1C1E20E5" }, "geometry": { "type": "LineString", "coordinates": [ [ 71.454197776975207, 95.161195605982982, 0.0 ], [ 71.354197776974956, 95.161195605982982, 0.0 ] ] } },
{ "type": "Feature", "properties": { "Layer": "A_TEXTOLOCAL", "SubClasses": "AcDbEntity:AcDbLine", "EntityHandle": "1C1E20E6" }, "geometry": { "type": "LineString", "coordinates": [ [ 71.354197776974956, 95.161195605982982, 0.0 ], [ 71.354197776974956, 95.391195605982972, 0.0 ] ] } },
{ "type": "Feature", "properties": { "Layer": "A_TEXTOLOCAL", "SubClasses": "AcDbEntity:AcDbLine", "EntityHandle": "1C1E20E7" }, "geometry": { "type": "LineString", "coordinates": [ [ 75.354197776974956, 95.841195605983046, 0.0 ], [ 75.454197776975207, 95.841195605983046, 0.0 ] ] } },
{ "type": "Feature", "properties": { "Layer": "A_TEXTOLOCAL", "SubClasses": "AcDbEntity:AcDbLine", "EntityHandle": "1C1E20E8" }, "geometry": { "type": "LineString", "coordinates": [ [ 75.454197776975207, 95.841195605983046, 0.0 ], [ 75.454197776975207, 95.641195605982972, 0.0 ] ] } },
{ "type": "Feature", "properties": { "Layer": "A_TEXTOLOCAL", "SubClasses": "AcDbEntity:AcDbLine", "EntityHandle": "1C1E20E9" }, "geometry": { "type": "LineString", "coordinates": [ [ 75.454197776975207, 95.641195605982972, 0.0 ], [ 75.354197776974956, 95.641195605982972, 0.0 ] ] } },
{ "type": "Feature", "properties": { "Layer": "A_TEXTOLOCAL", "SubClasses": "AcDbEntity:AcDbLine", "EntityHandle": "1C1E20EA" }, "geometry": { "type": "LineString", "coordinates": [ [ 75.354197776974956, 95.641195605982972, 0.0 ], [ 75.354197776974956, 95.841195605983046, 0.0 ] ] } },
{ "type": "Feature", "properties": { "Layer": "A_TEXTOLOCAL", "SubClasses": "AcDbEntity:AcDbLine", "EntityHandle": "1C1E20EB" }, "geometry": { "type": "LineString", "coordinates": [ [ 75.354197776974956, 95.391195605982972, 0.0 ], [ 75.454197776975207, 95.391195605982972, 0.0 ] ] } },
{ "type": "Feature", "properties": { "Layer": "A_TEXTOLOCAL", "SubClasses": "AcDbEntity:AcDbLine", "EntityHandle": "1C1E20EC" }, "geometry": { "type": "LineString", "coordinates": [ [ 75.454197776975207, 95.391195605982972, 0.0 ], [ 75.454197776975207, 95.161195605982982, 0.0 ] ] } },
{ "type": "Feature", "properties": { "Layer": "A_TEXTOLOCAL", "SubClasses": "AcDbEntity:AcDbLine", "EntityHandle": "1C1E20ED" }, "geometry": { "type": "LineString", "coordinates": [ [ 75.454197776975207, 95.161195605982982, 0.0 ], [ 75.354197776974956, 95.161195605982982, 0.0 ] ] } },
{ "type": "Feature", "properties": { "Layer": "A_TEXTOLOCAL", "SubClasses": "AcDbEntity:AcDbLine", "EntityHandle": "1C1E20EE" }, "geometry": { "type": "LineString", "coordinates": [ [ 75.354197776974956, 95.161195605982982, 0.0 ], [ 75.354197776974956, 95.391195605982972, 0.0 ] ] } },
{ "type": "Feature", "properties": { "Layer": "A_TEXTOLOCAL", "SubClasses": "AcDbEntity:AcDbLine", "EntityHandle": "1C1E20EF" }, "geometry": { "type": "LineString", "coordinates": [ [ 79.404197776975138, 95.841195605983046, 0.0 ], [ 79.504197776974934, 95.841195605983046, 0.0 ] ] } },
{ "type": "Feature", "properties": { "Layer": "A_TEXTOLOCAL", "SubClasses": "AcDbEntity:AcDbLine", "EntityHandle": "1C1E20F0" }, "geometry": { "type": "LineString", "coordinates": [ [ 79.504197776974934, 95.841195605983046, 0.0 ], [ 79.504197776974934, 95.641195605982972, 0.0 ] ] } },
{ "type": "Feature", "properties": { "Layer": "A_TEXTOLOCAL", "SubClasses": "AcDbEntity:AcDbLine", "EntityHandle": "1C1E20F1" }, "geometry": { "type": "LineString", "coordinates": [ [ 79.504197776974934, 95.641195605982972, 0.0 ], [ 79.404197776975138, 95.641195605982972, 0.0 ] ] } },
{ "type": "Feature", "properties": { "Layer": "A_TEXTOLOCAL", "SubClasses": "AcDbEntity:AcDbLine", "EntityHandle": "1C1E20F2" }, "geometry": { "type": "LineString", "coordinates": [ [ 79.404197776975138, 95.641195605982972, 0.0 ], [ 79.404197776975138, 95.841195605983046, 0.0 ] ] } },
{ "type": "Feature", "properties": { "Layer": "A_TEXTOLOCAL", "SubClasses": "AcDbEntity:AcDbLine", "EntityHandle": "1C1E20F3" }, "geometry": { "type": "LineString", "coordinates": [ [ 79.404197776975138, 95.391195605982972, 0.0 ], [ 79.504197776974934, 95.391195605982972, 0.0 ] ] } },
{ "type": "Feature", "properties": { "Layer": "A_TEXTOLOCAL", "SubClasses": "AcDbEntity:AcDbLine", "EntityHandle": "1C1E20F4" }, "geometry": { "type": "LineString", "coordinates": [ [ 79.504197776974934, 95.391195605982972, 0.0 ], [ 79.504197776974934, 95.161195605982982, 0.0 ] ] } },
{ "type": "Feature", "properties": { "Layer": "A_TEXTOLOCAL", "SubClasses": "AcDbEntity:AcDbLine", "EntityHandle": "1C1E20F5" }, "geometry": { "type": "LineString", "coordinates": [ [ 79.504197776974934, 95.161195605982982, 0.0 ], [ 79.404197776975138, 95.161195605982982, 0.0 ] ] } },
{ "type": "Feature", "properties": { "Layer": "A_TEXTOLOCAL", "SubClasses": "AcDbEntity:AcDbLine", "EntityHandle": "1C1E20F6" }, "geometry": { "type": "LineString", "coordinates": [ [ 79.404197776975138, 95.161195605982982, 0.0 ], [ 79.404197776975138, 95.391195605982972, 0.0 ] ] } },
{ "type": "Feature", "properties": { "Layer": "A_TEXTOLOCAL", "SubClasses": "AcDbEntity:AcDbLine", "EntityHandle": "1C1E2119" }, "geometry": { "type": "LineString", "coordinates": [ [ 39.474197776974393, 101.701195605981596, 0.0 ], [ 39.674197776974211, 101.701195605981596, 0.0 ] ] } },
{ "type": "Feature", "properties": { "Layer": "A_TEXTOLOCAL", "SubClasses": "AcDbEntity:AcDbLine", "EntityHandle": "1C1E211A" }, "geometry": { "type": "LineString", "coordinates": [ [ 39.674197776974211, 101.701195605981596, 0.0 ], [ 39.674197776974211, 101.201195605981596, 0.0 ] ] } },
{ "type": "Feature", "properties": { "Layer": "A_TEXTOLOCAL", "SubClasses": "AcDbEntity:AcDbLine", "EntityHandle": "1C1E211B" }, "geometry": { "type": "LineString", "coordinates": [ [ 39.674197776974211, 101.201195605981596, 0.0 ], [ 39.474197776974393, 101.201195605981596, 0.0 ] ] } },
{ "type": "Feature", "properties": { "Layer": "A_TEXTOLOCAL", "SubClasses": "AcDbEntity:AcDbLine", "EntityHandle": "1C1E2120" }, "geometry": { "type": "LineString", "coordinates": [ [ 39.674197776974211, 101.101195605981403, 0.0 ], [ 39.87419777697437, 101.101195605981403, 0.0 ] ] } },
{ "type": "Feature", "properties": { "Layer": "A_TEXTOLOCAL", "SubClasses": "AcDbEntity:AcDbLine", "EntityHandle": "1C1E2121" }, "geometry": { "type": "LineString", "coordinates": [ [ 39.87419777697437, 101.101195605981403, 0.0 ], [ 39.87419777697437, 100.901195605981599, 0.0 ] ] } },
{ "type": "Feature", "properties": { "Layer": "A_TEXTOLOCAL", "SubClasses": "AcDbEntity:AcDbLine", "EntityHandle": "1C1E2122" }, "geometry": { "type": "LineString", "coordinates": [ [ 39.87419777697437, 100.901195605981599, 0.0 ], [ 39.674197776974211, 100.901195605981599, 0.0 ] ] } },
{ "type": "Feature", "properties": { "Layer": "A_TEXTOLOCAL", "SubClasses": "AcDbEntity:AcDbLine", "EntityHandle": "1C1E2123" }, "geometry": { "type": "LineString", "coordinates": [ [ 39.674197776974211, 100.901195605981599, 0.0 ], [ 39.674197776974211, 101.101195605981403, 0.0 ] ] } },
{ "type": "Feature", "properties": { "Layer": "A_TEXTOLOCAL", "SubClasses": "AcDbEntity:AcDbLine", "EntityHandle": "1C1E2124" }, "geometry": { "type": "LineString", "coordinates": [ [ 43.474197776974393, 101.701195605981596, 0.0 ], [ 43.674197776974211, 101.701195605981596, 0.0 ] ] } },
{ "type": "Feature", "properties": { "Layer": "A_TEXTOLOCAL", "SubClasses": "AcDbEntity:AcDbLine", "EntityHandle": "1C1E2125" }, "geometry": { "type": "LineString", "coordinates": [ [ 43.674197776974211, 101.701195605981596, 0.0 ], [ 43.674197776974211, 101.201195605981596, 0.0 ] ] } },
{ "type": "Feature", "properties": { "Layer": "A_TEXTOLOCAL", "SubClasses": "AcDbEntity:AcDbLine", "EntityHandle": "1C1E2126" }, "geometry": { "type": "LineString", "coordinates": [ [ 43.674197776974211, 101.201195605981596, 0.0 ], [ 43.474197776974393, 101.201195605981596, 0.0 ] ] } },
{ "type": "Feature", "properties": { "Layer": "A_TEXTOLOCAL", "SubClasses": "AcDbEntity:AcDbLine", "EntityHandle": "1C1E2127" }, "geometry": { "type": "LineString", "coordinates": [ [ 43.474197776974393, 101.201195605981596, 0.0 ], [ 43.474197776974393, 101.701195605981596, 0.0 ] ] } },
{ "type": "Feature", "properties": { "Layer": "A_TEXTOLOCAL", "SubClasses": "AcDbEntity:AcDbLine", "EntityHandle": "1C1E212B" }, "geometry": { "type": "LineString", "coordinates": [ [ 43.674197776974211, 101.101195605981403, 0.0 ], [ 43.87419777697437, 101.101195605981403, 0.0 ] ] } },
{ "type": "Feature", "properties": { "Layer": "A_TEXTOLOCAL", "SubClasses": "AcDbEntity:AcDbLine", "EntityHandle": "1C1E212C" }, "geometry": { "type": "LineString", "coordinates": [ [ 43.87419777697437, 101.101195605981403, 0.0 ], [ 43.87419777697437, 100.901195605981599, 0.0 ] ] } },
{ "type": "Feature", "properties": { "Layer": "A_TEXTOLOCAL", "SubClasses": "AcDbEntity:AcDbLine", "EntityHandle": "1C1E212D" }, "geometry": { "type": "LineString", "coordinates": [ [ 43.87419777697437, 100.901195605981599, 0.0 ], [ 43.674197776974211, 100.901195605981599, 0.0 ] ] } },
{ "type": "Feature", "properties": { "Layer": "A_TEXTOLOCAL", "SubClasses": "AcDbEntity:AcDbLine", "EntityHandle": "1C1E212E" }, "geometry": { "type": "LineString", "coordinates": [ [ 43.674197776974211, 100.901195605981599, 0.0 ], [ 43.674197776974211, 101.101195605981403, 0.0 ] ] } },
{ "type": "Feature", "properties": { "Layer": "A_TEXTOLOCAL", "SubClasses": "AcDbEntity:AcDbLine", "EntityHandle": "1C1E212F" }, "geometry": { "type": "LineString", "coordinates": [ [ 47.564197776974417, 101.221195605981805, 0.0 ], [ 47.664197776974447, 101.221195605981805, 0.0 ] ] } },
{ "type": "Feature", "properties": { "Layer": "A_TEXTOLOCAL", "SubClasses": "AcDbEntity:AcDbLine", "EntityHandle": "1C1E2130" }, "geometry": { "type": "LineString", "coordinates": [ [ 47.664197776974447, 101.221195605981805, 0.0 ], [ 47.664197776974447, 101.021195605981504, 0.0 ] ] } },
{ "type": "Feature", "properties": { "Layer": "A_TEXTOLOCAL", "SubClasses": "AcDbEntity:AcDbLine", "EntityHandle": "1C1E2131" }, "geometry": { "type": "LineString", "coordinates": [ [ 47.664197776974447, 101.021195605981504, 0.0 ], [ 47.564197776974417, 101.021195605981504, 0.0 ] ] } },
{ "type": "Feature", "properties": { "Layer": "A_TEXTOLOCAL", "SubClasses": "AcDbEntity:AcDbLine", "EntityHandle": "1C1E2132" }, "geometry": { "type": "LineString", "coordinates": [ [ 47.564197776974417, 101.021195605981504, 0.0 ], [ 47.564197776974417, 101.221195605981805, 0.0 ] ] } },
{ "type": "Feature", "properties": { "Layer": "A_TEXTOLOCAL", "SubClasses": "AcDbEntity:AcDbLine", "EntityHandle": "1C1E2133" }, "geometry": { "type": "LineString", "coordinates": [ [ 51.55419777697432, 101.221195605981805, 0.0 ], [ 51.654197776974677, 101.221195605981805, 0.0 ] ] } },
{ "type": "Feature", "properties": { "Layer": "A_TEXTOLOCAL", "SubClasses": "AcDbEntity:AcDbLine", "EntityHandle": "1C1E2134" }, "geometry": { "type": "LineString", "coordinates": [ [ 51.654197776974677, 101.221195605981805, 0.0 ], [ 51.654197776974677, 101.021195605981504, 0.0 ] ] } },
{ "type": "Feature", "properties": { "Layer": "A_TEXTOLOCAL", "SubClasses": "AcDbEntity:AcDbLine", "EntityHandle": "1C1E2135" }, "geometry": { "type": "LineString", "coordinates": [ [ 51.654197776974677, 101.021195605981504, 0.0 ], [ 51.55419777697432, 101.021195605981504, 0.0 ] ] } },
{ "type": "Feature", "properties": { "Layer": "A_TEXTOLOCAL", "SubClasses": "AcDbEntity:AcDbLine", "EntityHandle": "1C1E2136" }, "geometry": { "type": "LineString", "coordinates": [ [ 51.55419777697432, 101.021195605981504, 0.0 ], [ 51.55419777697432, 101.221195605981805, 0.0 ] ] } },
{ "type": "Feature", "properties": { "Layer": "A_TEXTOLOCAL", "SubClasses": "AcDbEntity:AcDbLine", "EntityHandle": "1C1E2137" }, "geometry": { "type": "LineString", "coordinates": [ [ 55.544197776974563, 101.221195605981805, 0.0 ], [ 55.644197776974352, 101.221195605981805, 0.0 ] ] } },
{ "type": "Feature", "properties": { "Layer": "A_TEXTOLOCAL", "SubClasses": "AcDbEntity:AcDbLine", "EntityHandle": "1C1E2138" }, "geometry": { "type": "LineString", "coordinates": [ [ 55.644197776974352, 101.221195605981805, 0.0 ], [ 55.644197776974352, 101.021195605981504, 0.0 ] ] } },
{ "type": "Feature", "properties": { "Layer": "A_TEXTOLOCAL", "SubClasses": "AcDbEntity:AcDbLine", "EntityHandle": "1C1E2139" }, "geometry": { "type": "LineString", "coordinates": [ [ 55.644197776974352, 101.021195605981504, 0.0 ], [ 55.544197776974563, 101.021195605981504, 0.0 ] ] } },
{ "type": "Feature", "properties": { "Layer": "A_TEXTOLOCAL", "SubClasses": "AcDbEntity:AcDbLine", "EntityHandle": "1C1E213A" }, "geometry": { "type": "LineString", "coordinates": [ [ 55.544197776974563, 101.021195605981504, 0.0 ], [ 55.544197776974563, 101.221195605981805, 0.0 ] ] } },
{ "type": "Feature", "properties": { "Layer": "A_TEXTOLOCAL", "SubClasses": "AcDbEntity:AcDbLine", "EntityHandle": "1C1E213B" }, "geometry": { "type": "LineString", "coordinates": [ [ 59.534197776974793, 101.221195605981805, 0.0 ], [ 59.634197776974361, 101.221195605981805, 0.0 ] ] } },
{ "type": "Feature", "properties": { "Layer": "A_TEXTOLOCAL", "SubClasses": "AcDbEntity:AcDbLine", "EntityHandle": "1C1E213C" }, "geometry": { "type": "LineString", "coordinates": [ [ 59.634197776974361, 101.221195605981805, 0.0 ], [ 59.634197776974361, 101.021195605981504, 0.0 ] ] } },
{ "type": "Feature", "properties": { "Layer": "A_TEXTOLOCAL", "SubClasses": "AcDbEntity:AcDbLine", "EntityHandle": "1C1E213D" }, "geometry": { "type": "LineString", "coordinates": [ [ 59.634197776974361, 101.021195605981504, 0.0 ], [ 59.534197776974793, 101.021195605981504, 0.0 ] ] } },
{ "type": "Feature", "properties": { "Layer": "A_TEXTOLOCAL", "SubClasses": "AcDbEntity:AcDbLine", "EntityHandle": "1C1E213E" }, "geometry": { "type": "LineString", "coordinates": [ [ 59.534197776974793, 101.021195605981504, 0.0 ], [ 59.534197776974793, 101.221195605981805, 0.0 ] ] } },
{ "type": "Feature", "properties": { "Layer": "A_TEXTOLOCAL", "SubClasses": "AcDbEntity:AcDbLine", "EntityHandle": "1C1E2147" }, "geometry": { "type": "LineString", "coordinates": [ [ 63.524197776974347, 101.221195605981805, 0.0 ], [ 63.62419777697437, 101.221195605981805, 0.0 ] ] } },
{ "type": "Feature", "properties": { "Layer": "A_TEXTOLOCAL", "SubClasses": "AcDbEntity:AcDbLine", "EntityHandle": "1C1E2148" }, "geometry": { "type": "LineString", "coordinates": [ [ 63.62419777697437, 101.221195605981805, 0.0 ], [ 63.62419777697437, 101.021195605981504, 0.0 ] ] } },
{ "type": "Feature", "properties": { "Layer": "A_TEXTOLOCAL", "SubClasses": "AcDbEntity:AcDbLine", "EntityHandle": "1C1E2149" }, "geometry": { "type": "LineString", "coordinates": [ [ 63.62419777697437, 101.021195605981504, 0.0 ], [ 63.524197776974347, 101.021195605981504, 0.0 ] ] } },
{ "type": "Feature", "properties": { "Layer": "A_TEXTOLOCAL", "SubClasses": "AcDbEntity:AcDbLine", "EntityHandle": "1C1E214A" }, "geometry": { "type": "LineString", "coordinates": [ [ 63.524197776974347, 101.021195605981504, 0.0 ], [ 63.524197776974347, 101.221195605981805, 0.0 ] ] } },
{ "type": "Feature", "properties": { "Layer": "A_TEXTOLOCAL", "SubClasses": "AcDbEntity:AcDbLine", "EntityHandle": "1C1E21D1" }, "geometry": { "type": "LineString", "coordinates": [ [ 83.624197776974938, 59.791195605982381, 0.0 ], [ 84.974197776974734, 59.791195605982381, 0.0 ] ] } },
{ "type": "Feature", "properties": { "Layer": "A_TEXTOLOCAL", "SubClasses": "AcDbEntity:AcDbLine", "EntityHandle": "1C1E21D4" }, "geometry": { "type": "LineString", "coordinates": [ [ 82.734197776975066, 59.791195605982857, 0.0 ], [ 81.384197776974588, 59.791195605982857, 0.0 ] ] } },
{ "type": "Feature", "properties": { "Layer": "A_TEXTOLOCAL", "SubClasses": "AcDbEntity:AcDbLine", "EntityHandle": "1C1E21DA" }, "geometry": { "type": "LineString", "coordinates": [ [ 88.924197776974665, 64.851195605982582, 0.0 ], [ 88.924197776974665, 63.921195605982462, 0.0 ] ] } },
{ "type": "Feature", "properties": { "Layer": "A_TEXTOLOCAL", "SubClasses": "AcDbEntity:AcDbLine", "EntityHandle": "1C1E21DC" }, "geometry": { "type": "LineString", "coordinates": [ [ 88.924197776974665, 65.821195605982581, 0.0 ], [ 89.684197776974884, 65.821195605982581, 0.0 ] ] } },
{ "type": "Feature", "properties": { "Layer": "A_TEXTOLOCAL", "SubClasses": "AcDbEntity:AcDbLine", "EntityHandle": "1C1E21DD" }, "geometry": { "type": "LineString", "coordinates": [ [ 89.684197776974884, 65.821195605982581, 0.0 ], [ 89.684197776974884, 65.781195605982646, 0.0 ] ] } },
{ "type": "Feature", "properties": { "Layer": "A_TEXTOLOCAL", "SubClasses": "AcDbEntity:AcDbLine", "EntityHandle": "1C1E21DE" }, "geometry": { "type": "LineString", "coordinates": [ [ 89.684197776974884, 65.781195605982646, 0.0 ], [ 88.924197776974665, 65.781195605982646, 0.0 ] ] } },
{ "type": "Feature", "properties": { "Layer": "A_TEXTOLOCAL", "SubClasses": "AcDbEntity:AcDbLine", "EntityHandle": "1C1E21DF" }, "geometry": { "type": "LineString", "coordinates": [ [ 88.924197776974665, 65.781195605982646, 0.0 ], [ 88.924197776974665, 65.821195605982581, 0.0 ] ] } },
{ "type": "Feature", "properties": { "Layer": "A_TEXTOLOCAL", "SubClasses": "AcDbEntity:AcDbLine", "EntityHandle": "1C1E21E3" }, "geometry": { "type": "LineString", "coordinates": [ [ 83.634197776974588, 64.846195605982643, 0.0 ], [ 83.594197776974625, 64.846195605982643, 0.0 ] ] } },
{ "type": "Feature", "properties": { "Layer": "A_TEXTOLOCAL", "SubClasses": "AcDbEntity:AcDbLine", "EntityHandle": "1C1E21E4" }, "geometry": { "type": "LineString", "coordinates": [ [ 83.594197776974625, 64.846195605982643, 0.0 ], [ 83.594197776974625, 65.446195605982581, 0.0 ] ] } },
{ "type": "Feature", "properties": { "Layer": "A_TEXTOLOCAL", "SubClasses": "AcDbEntity:AcDbLine", "EntityHandle": "1C1E21E5" }, "geometry": { "type": "LineString", "coordinates": [ [ 83.594197776974625, 65.446195605982581, 0.0 ], [ 83.634197776974588, 65.446195605982581, 0.0 ] ] } },
{ "type": "Feature", "properties": { "Layer": "A_TEXTOLOCAL", "SubClasses": "AcDbEntity:AcDbLine", "EntityHandle": "1C1E21E6" }, "geometry": { "type": "LineString", "coordinates": [ [ 83.634197776974588, 65.446195605982581, 0.0 ], [ 83.634197776974588, 64.846195605982643, 0.0 ] ] } },
{ "type": "Feature", "properties": { "Layer": "A_TEXTOLOCAL", "SubClasses": "AcDbEntity:AcDbLine", "EntityHandle": "1C1E21E8" }, "geometry": { "type": "LineString", "coordinates": [ [ 83.784197776974338, 64.011195605982635, 0.0 ], [ 83.744197776974488, 64.011195605982635, 0.0 ] ] } },
{ "type": "Feature", "properties": { "Layer": "A_TEXTOLOCAL", "SubClasses": "AcDbEntity:AcDbLine", "EntityHandle": "1C1E21E9" }, "geometry": { "type": "LineString", "coordinates": [ [ 83.744197776974488, 64.011195605982635, 0.0 ], [ 83.744197776974488, 64.591195605982563, 0.0 ] ] } },
{ "type": "Feature", "properties": { "Layer": "A_TEXTOLOCAL", "SubClasses": "AcDbEntity:AcDbLine", "EntityHandle": "1C1E21EA" }, "geometry": { "type": "LineString", "coordinates": [ [ 83.744197776974488, 64.591195605982563, 0.0 ], [ 83.784197776974338, 64.591195605982563, 0.0 ] ] } },
{ "type": "Feature", "properties": { "Layer": "A_TEXTOLOCAL", "SubClasses": "AcDbEntity:AcDbLine", "EntityHandle": "1C1E21EB" }, "geometry": { "type": "LineString", "coordinates": [ [ 83.784197776974338, 64.591195605982563, 0.0 ], [ 83.784197776974338, 64.011195605982635, 0.0 ] ] } },
{ "type": "Feature", "properties": { "Layer": "A_TEXTOLOCAL", "SubClasses": "AcDbEntity:AcDbLine", "EntityHandle": "1C1E21F5" }, "geometry": { "type": "LineString", "coordinates": [ [ 85.434197776974884, 64.846195605982643, 0.0 ], [ 85.39419777697492, 64.846195605982643, 0.0 ] ] } },
{ "type": "Feature", "properties": { "Layer": "A_TEXTOLOCAL", "SubClasses": "AcDbEntity:AcDbLine", "EntityHandle": "1C1E21F6" }, "geometry": { "type": "LineString", "coordinates": [ [ 85.39419777697492, 64.846195605982643, 0.0 ], [ 85.39419777697492, 65.446195605982581, 0.0 ] ] } },
{ "type": "Feature", "properties": { "Layer": "A_TEXTOLOCAL", "SubClasses": "AcDbEntity:AcDbLine", "EntityHandle": "1C1E21F7" }, "geometry": { "type": "LineString", "coordinates": [ [ 85.39419777697492, 65.446195605982581, 0.0 ], [ 85.434197776974884, 65.446195605982581, 0.0 ] ] } },
{ "type": "Feature", "properties": { "Layer": "A_TEXTOLOCAL", "SubClasses": "AcDbEntity:AcDbLine", "EntityHandle": "1C1E21F8" }, "geometry": { "type": "LineString", "coordinates": [ [ 85.434197776974884, 65.446195605982581, 0.0 ], [ 85.434197776974884, 64.846195605982643, 0.0 ] ] } },
{ "type": "Feature", "properties": { "Layer": "A_TEXTOLOCAL", "SubClasses": "AcDbEntity:AcDbLine", "EntityHandle": "1C1E21FA" }, "geometry": { "type": "LineString", "coordinates": [ [ 85.58419777697452, 64.011195605982635, 0.0 ], [ 85.54419777697467, 64.011195605982635, 0.0 ] ] } },
{ "type": "Feature", "properties": { "Layer": "A_TEXTOLOCAL", "SubClasses": "AcDbEntity:AcDbLine", "EntityHandle": "1C1E21FB" }, "geometry": { "type": "LineString", "coordinates": [ [ 85.54419777697467, 64.011195605982635, 0.0 ], [ 85.54419777697467, 64.591195605982563, 0.0 ] ] } },
{ "type": "Feature", "properties": { "Layer": "A_TEXTOLOCAL", "SubClasses": "AcDbEntity:AcDbLine", "EntityHandle": "1C1E21FC" }, "geometry": { "type": "LineString", "coordinates": [ [ 85.54419777697467, 64.591195605982563, 0.0 ], [ 85.58419777697452, 64.591195605982563, 0.0 ] ] } },
{ "type": "Feature", "properties": { "Layer": "A_TEXTOLOCAL", "SubClasses": "AcDbEntity:AcDbLine", "EntityHandle": "1C1E21FD" }, "geometry": { "type": "LineString", "coordinates": [ [ 85.58419777697452, 64.591195605982563, 0.0 ], [ 85.58419777697452, 64.011195605982635, 0.0 ] ] } },
{ "type": "Feature", "properties": { "Layer": "A_TEXTOLOCAL", "SubClasses": "AcDbEntity:AcDbLine", "EntityHandle": "1C1E2204" }, "geometry": { "type": "LineString", "coordinates": [ [ 87.824197776975211, 65.241195605982654, 0.0 ], [ 87.824197776975211, 64.641195605982972, 0.0 ] ] } },
{ "type": "Feature", "properties": { "Layer": "A_TEXTOLOCAL", "SubClasses": "AcDbEntity:AcDbLine", "EntityHandle": "1C1E2205" }, "geometry": { "type": "LineString", "coordinates": [ [ 87.824197776975211, 66.061195605982562, 0.0 ], [ 87.124197776974938, 66.061195605982562, 0.0 ] ] } },
{ "type": "Feature", "properties": { "Layer": "A_TEXTOLOCAL", "SubClasses": "AcDbEntity:AcDbLine", "EntityHandle": "1C1E2206" }, "geometry": { "type": "LineString", "coordinates": [ [ 87.124197776974938, 66.061195605982562, 0.0 ], [ 87.124197776974938, 66.021195605982655, 0.0 ] ] } },
{ "type": "Feature", "properties": { "Layer": "A_TEXTOLOCAL", "SubClasses": "AcDbEntity:AcDbLine", "EntityHandle": "1C1E2207" }, "geometry": { "type": "LineString", "coordinates": [ [ 87.124197776974938, 66.021195605982655, 0.0 ], [ 87.824197776975211, 66.021195605982655, 0.0 ] ] } },
{ "type": "Feature", "properties": { "Layer": "A_TEXTOLOCAL", "SubClasses": "AcDbEntity:AcDbLine", "EntityHandle": "1C1E2208" }, "geometry": { "type": "LineString", "coordinates": [ [ 87.824197776975211, 66.021195605982655, 0.0 ], [ 87.824197776975211, 66.061195605982562, 0.0 ] ] } },
{ "type": "Feature", "properties": { "Layer": "A_TEXTOLOCAL", "SubClasses": "AcDbEntity:AcDbLine", "EntityHandle": "1C1E220E" }, "geometry": { "type": "LineString", "coordinates": [ [ 58.714197776974167, 62.286195605982037, 0.0 ], [ 58.014197776974363, 62.286195605982037, 0.0 ] ] } },
{ "type": "Feature", "properties": { "Layer": "A_TEXTOLOCAL", "SubClasses": "AcDbEntity:AcDbLine", "EntityHandle": "1C1E220F" }, "geometry": { "type": "LineString", "coordinates": [ [ 58.014197776974363, 62.286195605982037, 0.0 ], [ 58.014197776974363, 62.246195605982052, 0.0 ] ] } },
{ "type": "Feature", "properties": { "Layer": "A_TEXTOLOCAL", "SubClasses": "AcDbEntity:AcDbLine", "EntityHandle": "1C1E2210" }, "geometry": { "type": "LineString", "coordinates": [ [ 58.014197776974363, 62.246195605982052, 0.0 ], [ 58.714197776974167, 62.246195605982052, 0.0 ] ] } },
{ "type": "Feature", "properties": { "Layer": "A_TEXTOLOCAL", "SubClasses": "AcDbEntity:AcDbLine", "EntityHandle": "1C1E2211" }, "geometry": { "type": "LineString", "coordinates": [ [ 58.714197776974167, 62.246195605982052, 0.0 ], [ 58.714197776974167, 62.286195605982037, 0.0 ] ] } },
{ "type": "Feature", "properties": { "Layer": "A_TEXTOLOCAL", "SubClasses": "AcDbEntity:AcDbLine", "EntityHandle": "1C1E2213" }, "geometry": { "type": "LineString", "coordinates": [ [ 58.714197776974167, 60.886195605982458, 0.0 ], [ 58.014197776974363, 60.886195605982458, 0.0 ] ] } },
{ "type": "Feature", "properties": { "Layer": "A_TEXTOLOCAL", "SubClasses": "AcDbEntity:AcDbLine", "EntityHandle": "1C1E2214" }, "geometry": { "type": "LineString", "coordinates": [ [ 58.014197776974363, 60.886195605982458, 0.0 ], [ 58.014197776974363, 60.926195605982372, 0.0 ] ] } },
{ "type": "Feature", "properties": { "Layer": "A_TEXTOLOCAL", "SubClasses": "AcDbEntity:AcDbLine", "EntityHandle": "1C1E2215" }, "geometry": { "type": "LineString", "coordinates": [ [ 58.014197776974363, 60.926195605982372, 0.0 ], [ 58.714197776974167, 60.926195605982372, 0.0 ] ] } },
{ "type": "Feature", "properties": { "Layer": "A_TEXTOLOCAL", "SubClasses": "AcDbEntity:AcDbLine", "EntityHandle": "1C1E2216" }, "geometry": { "type": "LineString", "coordinates": [ [ 58.714197776974167, 60.926195605982372, 0.0 ], [ 58.714197776974167, 60.886195605982458, 0.0 ] ] } },
{ "type": "Feature", "properties": { "Layer": "A_TEXTOLOCAL", "SubClasses": "AcDbEntity:AcDbLine", "EntityHandle": "1C1E2219" }, "geometry": { "type": "LineString", "coordinates": [ [ 59.574197776974763, 59.501195605982467, 0.0 ], [ 58.734197776974497, 59.501195605982467, 0.0 ] ] } },
{ "type": "Feature", "properties": { "Layer": "A_TEXTOLOCAL", "SubClasses": "AcDbEntity:AcDbLine", "EntityHandle": "1C1E221A" }, "geometry": { "type": "LineString", "coordinates": [ [ 58.734197776974497, 59.501195605982467, 0.0 ], [ 58.734197776974497, 59.541195605982381, 0.0 ] ] } },
{ "type": "Feature", "properties": { "Layer": "A_TEXTOLOCAL", "SubClasses": "AcDbEntity:AcDbLine", "EntityHandle": "1C1E221B" }, "geometry": { "type": "LineString", "coordinates": [ [ 58.734197776974497, 59.541195605982381, 0.0 ], [ 59.574197776974763, 59.541195605982381, 0.0 ] ] } },
{ "type": "Feature", "properties": { "Layer": "A_TEXTOLOCAL", "SubClasses": "AcDbEntity:AcDbLine", "EntityHandle": "1C1E221C" }, "geometry": { "type": "LineString", "coordinates": [ [ 59.574197776974763, 59.541195605982381, 0.0 ], [ 59.574197776974763, 59.501195605982467, 0.0 ] ] } },
{ "type": "Feature", "properties": { "Layer": "A_TEXTOLOCAL", "SubClasses": "AcDbEntity:AcDbLine", "EntityHandle": "1C1E2228" }, "geometry": { "type": "LineString", "coordinates": [ [ 9.574197776976462, 55.311195605982157, 0.0 ], [ 10.34419777697644, 55.311195605982157, 0.0 ] ] } },
{ "type": "Feature", "properties": { "Layer": "A_TEXTOLOCAL", "SubClasses": "AcDbEntity:AcDbLine", "EntityHandle": "1C1E222C" }, "geometry": { "type": "LineString", "coordinates": [ [ 14.30419777697603, 58.881195605982043, 0.0 ], [ 14.30419777697603, 58.401195605982281, 0.0 ] ] } },
{ "type": "Feature", "properties": { "Layer": "A_TEXTOLOCAL", "SubClasses": "AcDbEntity:AcDbLine", "EntityHandle": "1C1E222F" }, "geometry": { "type": "LineString", "coordinates": [ [ 14.30419777697603, 57.731195605982457, 0.0 ], [ 14.30419777697603, 57.251195605982161, 0.0 ] ] } },
{ "type": "Feature", "properties": { "Layer": "A_TEXTOLOCAL", "SubClasses": "AcDbEntity:AcDbLine", "EntityHandle": "1C1E2232" }, "geometry": { "type": "LineString", "coordinates": [ [ 14.30419777697648, 56.581195605982373, 0.0 ], [ 14.30419777697648, 55.991195605982142, 0.0 ] ] } },
{ "type": "Feature", "properties": { "Layer": "A_TEXTOLOCAL", "SubClasses": "AcDbEntity:AcDbLine", "EntityHandle": "1C1E2237" }, "geometry": { "type": "LineString", "coordinates": [ [ 40.004197776974927, 66.736195605982061, 0.0 ], [ 40.704197776974979, 66.736195605985273, 0.0 ] ] } },
{ "type": "Feature", "properties": { "Layer": "A_TEXTOLOCAL", "SubClasses": "AcDbEntity:AcDbLine", "EntityHandle": "1C1E2239" }, "geometry": { "type": "LineString", "coordinates": [ [ 3.654197776975138, 63.781195605981956, 0.0 ], [ 3.654197776975138, 65.451195605981951, 0.0 ] ] } },
{ "type": "Feature", "properties": { "Layer": "A_TEXTOLOCAL", "SubClasses": "AcDbEntity:AcDbLine", "EntityHandle": "1C1E223F" }, "geometry": { "type": "LineString", "coordinates": [ [ 3.374197776974938, 76.891195605981551, 0.0 ], [ 3.474197776975302, 76.891195605981551, 0.0 ] ] } },
{ "type": "Feature", "properties": { "Layer": "A_TEXTOLOCAL", "SubClasses": "AcDbEntity:AcDbLine", "EntityHandle": "1C1E2240" }, "geometry": { "type": "LineString", "coordinates": [ [ 3.474197776975302, 76.891195605981551, 0.0 ], [ 3.474197776975302, 76.79119560598167, 0.0 ] ] } },
{ "type": "Feature", "properties": { "Layer": "A_TEXTOLOCAL", "SubClasses": "AcDbEntity:AcDbLine", "EntityHandle": "1C1E2241" }, "geometry": { "type": "LineString", "coordinates": [ [ 3.474197776975302, 76.79119560598167, 0.0 ], [ 3.374197776974938, 76.79119560598167, 0.0 ] ] } },
{ "type": "Feature", "properties": { "Layer": "A_TEXTOLOCAL", "SubClasses": "AcDbEntity:AcDbLine", "EntityHandle": "1C1E2242" }, "geometry": { "type": "LineString", "coordinates": [ [ 3.374197776974938, 76.79119560598167, 0.0 ], [ 3.374197776974938, 76.891195605981551, 0.0 ] ] } },
{ "type": "Feature", "properties": { "Layer": "A_TEXTOLOCAL", "SubClasses": "AcDbEntity:AcDbLine", "EntityHandle": "1C1E2243" }, "geometry": { "type": "LineString", "coordinates": [ [ 3.374197776974938, 72.19119560598179, 0.0 ], [ 3.474197776975302, 72.19119560598179, 0.0 ] ] } },
{ "type": "Feature", "properties": { "Layer": "A_TEXTOLOCAL", "SubClasses": "AcDbEntity:AcDbLine", "EntityHandle": "1C1E2244" }, "geometry": { "type": "LineString", "coordinates": [ [ 3.474197776975302, 72.19119560598179, 0.0 ], [ 3.474197776975302, 72.091195605981881, 0.0 ] ] } },
{ "type": "Feature", "properties": { "Layer": "A_TEXTOLOCAL", "SubClasses": "AcDbEntity:AcDbLine", "EntityHandle": "1C1E2245" }, "geometry": { "type": "LineString", "coordinates": [ [ 3.474197776975302, 72.091195605981881, 0.0 ], [ 3.374197776974938, 72.091195605981881, 0.0 ] ] } },
{ "type": "Feature", "properties": { "Layer": "A_TEXTOLOCAL", "SubClasses": "AcDbEntity:AcDbLine", "EntityHandle": "1C1E2246" }, "geometry": { "type": "LineString", "coordinates": [ [ 3.374197776974938, 72.091195605981881, 0.0 ], [ 3.374197776974938, 72.19119560598179, 0.0 ] ] } },
{ "type": "Feature", "properties": { "Layer": "A_TEXTOLOCAL", "SubClasses": "AcDbEntity:AcDbLine", "EntityHandle": "1C1E2263" }, "geometry": { "type": "LineString", "coordinates": [ [ 63.62419777697437, 95.841195605983046, 0.0 ], [ 63.724197776974393, 95.841195605983046, 0.0 ] ] } },
{ "type": "Feature", "properties": { "Layer": "A_TEXTOLOCAL", "SubClasses": "AcDbEntity:AcDbLine", "EntityHandle": "1C1E2264" }, "geometry": { "type": "LineString", "coordinates": [ [ 63.724197776974393, 95.841195605983046, 0.0 ], [ 63.724197776974393, 95.641195605982972, 0.0 ] ] } },
{ "type": "Feature", "properties": { "Layer": "A_TEXTOLOCAL", "SubClasses": "AcDbEntity:AcDbLine", "EntityHandle": "1C1E2265" }, "geometry": { "type": "LineString", "coordinates": [ [ 63.724197776974393, 95.641195605982972, 0.0 ], [ 63.62419777697437, 95.641195605982972, 0.0 ] ] } },
{ "type": "Feature", "properties": { "Layer": "A_TEXTOLOCAL", "SubClasses": "AcDbEntity:AcDbLine", "EntityHandle": "1C1E2266" }, "geometry": { "type": "LineString", "coordinates": [ [ 63.62419777697437, 95.641195605982972, 0.0 ], [ 63.62419777697437, 95.841195605983046, 0.0 ] ] } },
{ "type": "Feature", "properties": { "Layer": "A_TEXTOLOCAL", "SubClasses": "AcDbEntity:AcDbLine", "EntityHandle": "1C1E2267" }, "geometry": { "type": "LineString", "coordinates": [ [ 63.62419777697437, 95.391195605982972, 0.0 ], [ 63.724197776974393, 95.391195605982972, 0.0 ] ] } },
{ "type": "Feature", "properties": { "Layer": "A_TEXTOLOCAL", "SubClasses": "AcDbEntity:AcDbLine", "EntityHandle": "1C1E2268" }, "geometry": { "type": "LineString", "coordinates": [ [ 63.724197776974393, 95.391195605982972, 0.0 ], [ 63.724197776974393, 95.161195605982982, 0.0 ] ] } },
{ "type": "Feature", "properties": { "Layer": "A_TEXTOLOCAL", "SubClasses": "AcDbEntity:AcDbLine", "EntityHandle": "1C1E2269" }, "geometry": { "type": "LineString", "coordinates": [ [ 63.724197776974393, 95.161195605982982, 0.0 ], [ 63.62419777697437, 95.161195605982982, 0.0 ] ] } },
{ "type": "Feature", "properties": { "Layer": "A_TEXTOLOCAL", "SubClasses": "AcDbEntity:AcDbLine", "EntityHandle": "1C1E226A" }, "geometry": { "type": "LineString", "coordinates": [ [ 63.62419777697437, 95.161195605982982, 0.0 ], [ 63.62419777697437, 95.391195605982972, 0.0 ] ] } },
{ "type": "Feature", "properties": { "Layer": "A_TEXTOLOCAL", "SubClasses": "AcDbEntity:AcDbLine", "EntityHandle": "1C1E266A" }, "geometry": { "type": "LineString", "coordinates": [ [ 45.094197776975193, 73.141195605982062, 0.0 ], [ 45.094197776975193, 73.341195605982051, 0.0 ] ] } },
{ "type": "Feature", "properties": { "Layer": "A_TEXTOLOCAL", "SubClasses": "AcDbEntity:AcDbLine", "EntityHandle": "1C1E266B" }, "geometry": { "type": "LineString", "coordinates": [ [ 44.894197776975261, 73.341195605982051, 0.0 ], [ 44.894197776975261, 73.141195605982062, 0.0 ] ] } },
{ "type": "Feature", "properties": { "Layer": "A_TEXTOLOCAL", "SubClasses": "AcDbEntity:AcDbLine", "EntityHandle": "1C1E2E41" }, "geometry": { "type": "LineString", "coordinates": [ [ 51.484197776976771, 66.761195605982067, 0.0 ], [ 51.484197776976771, 66.861195605982147, 0.0 ] ] } },
{ "type": "Feature", "properties": { "Layer": "A_TEXTOLOCAL", "SubClasses": "AcDbEntity:AcDbLine", "EntityHandle": "1C1E2E42" }, "geometry": { "type": "LineString", "coordinates": [ [ 51.684197776976703, 66.861195605982147, 0.0 ], [ 51.684197776977157, 66.761195605982067, 0.0 ] ] } },
{ "type": "Feature", "properties": { "Layer": "A_TEXTOLOCAL", "SubClasses": "AcDbEntity:AcDbLine", "EntityHandle": "1C1E2E44" }, "geometry": { "type": "LineString", "coordinates": [ [ 47.084197776977703, 66.991195605982057, 0.0 ], [ 47.084197776977703, 66.891195605982062, 0.0 ] ] } },
{ "type": "Feature", "properties": { "Layer": "A_TEXTOLOCAL", "SubClasses": "AcDbEntity:AcDbLine", "EntityHandle": "1C1E2E45" }, "geometry": { "type": "LineString", "coordinates": [ [ 47.084197776977703, 66.891195605982062, 0.0 ], [ 46.984197776977787, 66.891195605982062, 0.0 ] ] } },
{ "type": "Feature", "properties": { "Layer": "A_TEXTOLOCAL", "SubClasses": "AcDbEntity:AcDbLine", "EntityHandle": "1C1E2E46" }, "geometry": { "type": "LineString", "coordinates": [ [ 46.984197776977787, 66.891195605982062, 0.0 ], [ 46.984197776977787, 66.991195605982057, 0.0 ] ] } },
{ "type": "Feature", "properties": { "Layer": "A_TEXTOLOCAL", "SubClasses": "AcDbEntity:AcDbLine", "EntityHandle": "1C1E2E47" }, "geometry": { "type": "LineString", "coordinates": [ [ 46.984197776977787, 66.991195605982057, 0.0 ], [ 47.084197776977703, 66.991195605982057, 0.0 ] ] } },
{ "type": "Feature", "properties": { "Layer": "A_TEXTOLOCAL", "SubClasses": "AcDbEntity:AcDbLine", "EntityHandle": "1C1E2E48" }, "geometry": { "type": "LineString", "coordinates": [ [ 45.524197776977871, 66.991195605982057, 0.0 ], [ 45.524197776977871, 66.891195605982062, 0.0 ] ] } },
{ "type": "Feature", "properties": { "Layer": "A_TEXTOLOCAL", "SubClasses": "AcDbEntity:AcDbLine", "EntityHandle": "1C1E2E49" }, "geometry": { "type": "LineString", "coordinates": [ [ 45.524197776977871, 66.891195605982062, 0.0 ], [ 45.424197776977849, 66.891195605982062, 0.0 ] ] } },
{ "type": "Feature", "properties": { "Layer": "A_TEXTOLOCAL", "SubClasses": "AcDbEntity:AcDbLine", "EntityHandle": "1C1E2E4A" }, "geometry": { "type": "LineString", "coordinates": [ [ 45.424197776977849, 66.891195605982062, 0.0 ], [ 45.424197776977849, 66.991195605982057, 0.0 ] ] } },
{ "type": "Feature", "properties": { "Layer": "A_TEXTOLOCAL", "SubClasses": "AcDbEntity:AcDbLine", "EntityHandle": "1C1E2E4B" }, "geometry": { "type": "LineString", "coordinates": [ [ 45.424197776977849, 66.991195605982057, 0.0 ], [ 45.524197776977871, 66.991195605982057, 0.0 ] ] } },
{ "type": "Feature", "properties": { "Layer": "A_TEXTOLOCAL", "SubClasses": "AcDbEntity:AcDbLine", "EntityHandle": "1C1E2E5A" }, "geometry": { "type": "LineString", "coordinates": [ [ 51.484197776976771, 66.861195605982147, 0.0 ], [ 51.684197776976703, 66.861195605982147, 0.0 ] ] } },
{ "type": "Feature", "properties": { "Layer": "A_TEXTOLOCAL", "SubClasses": "AcDbEntity:AcDbMText", "EntityHandle": "1C1E2E6D", "Text": "LAVADO BOTAS" }, "geometry": { "type": "Point", "coordinates": [ 31.342454670740949, 63.67779929205895, 0.0 ] } },
{ "type": "Feature", "properties": { "Layer": "A_TEXTOLOCAL", "SubClasses": "AcDbEntity:AcDbMText", "EntityHandle": "1C1E2E6E", "Text": "SALIDA \nPLANTA" }, "geometry": { "type": "Point", "coordinates": [ 31.257926348590331, 67.606971669374275, 0.0 ] } },
{ "type": "Feature", "properties": { "Layer": "A_TEXTOLOCAL", "SubClasses": "AcDbEntity:AcDbMText", "EntityHandle": "1C1E2E7C", "Text": "LAVADO BOTAS" }, "geometry": { "type": "Point", "coordinates": [ 34.205225651417891, 63.548111955742293, 0.0 ] } },
{ "type": "Feature", "properties": { "Layer": "A_TEXTOLOCAL", "SubClasses": "AcDbEntity:AcDbMText", "EntityHandle": "1C1E2E86", "Text": "PEDILUVIO" }, "geometry": { "type": "Point", "coordinates": [ 34.266033658515767, 64.927681359145879, 0.0 ] } },
{ "type": "Feature", "properties": { "Layer": "A_TEXTOLOCAL", "SubClasses": "AcDbEntity:AcDbMText", "EntityHandle": "1C1E2E87", "Text": "LAVADO MANOS" }, "geometry": { "type": "Point", "coordinates": [ 32.323256605071833, 64.219952865776975, 0.0 ] } },
{ "type": "Feature", "properties": { "Layer": "A_TEXTOLOCAL", "SubClasses": "AcDbEntity:AcDbMText", "EntityHandle": "1C1E2E8E", "Text": "GUARDAROPÍA" }, "geometry": { "type": "Point", "coordinates": [ 17.77721996872981, 64.061268839436053, 0.0 ] } },
{ "type": "Feature", "properties": { "Layer": "A_TEXTOLOCAL", "SubClasses": "AcDbEntity:AcDbMText", "EntityHandle": "1C1E2E8F", "Text": "LAVANDERIA" }, "geometry": { "type": "Point", "coordinates": [ 28.283465162895251, 64.030778223191646, 0.0 ] } },
{ "type": "Feature", "properties": { "Layer": "A_TEXTOLOCAL", "SubClasses": "AcDbEntity:AcDbMText", "EntityHandle": "1C1E2E90", "Text": "VESTIDOR\nVARONES" }, "geometry": { "type": "Point", "coordinates": [ 24.028547399416201, 63.950099188175642, 0.0 ] } },
{ "type": "Feature", "properties": { "Layer": "A_TEXTOLOCAL", "SubClasses": "AcDbEntity:AcDbMText", "EntityHandle": "1C1E2E91", "Text": "OFICINA PRODUCCIÓN" }, "geometry": { "type": "Point", "coordinates": [ 41.308324183643322, 64.960137293524099, 0.0 ] } },
{ "type": "Feature", "properties": { "Layer": "A_TEXTOLOCAL", "SubClasses": "AcDbEntity:AcDbMText", "EntityHandle": "1C1E2E92", "Text": "LAVADO DE CARROS" }, "geometry": { "type": "Point", "coordinates": [ 49.586897577261311, 64.816903238463652, 0.0 ] } },
{ "type": "Feature", "properties": { "Layer": "A_TEXTOLOCAL", "SubClasses": "AcDbEntity:AcDbMText", "EntityHandle": "1C1E2E93", "Text": "VESTIDOR\nDAMAS" }, "geometry": { "type": "Point", "coordinates": [ 10.2135920174959, 64.062598326843869, 0.0 ] } },
{ "type": "Feature", "properties": { "Layer": "A_TEXTOLOCAL", "SubClasses": "AcDbEntity:AcDbMText", "EntityHandle": "1C1E2E94", "Text": "OFICINA \nGERENCIA" }, "geometry": { "type": "Point", "coordinates": [ 6.485894617971439, 63.860881227422936, 0.0 ] } },
{ "type": "Feature", "properties": { "Layer": "A_TEXTOLOCAL", "SubClasses": "AcDbEntity:AcDbMText", "EntityHandle": "1C1E2E95", "Text": "PASILLO DE CIRCULACIÓN " }, "geometry": { "type": "Point", "coordinates": [ 21.850325505364481, 60.736698128410268, 0.0 ] } },
{ "type": "Feature", "properties": { "Layer": "A_TEXTOLOCAL", "SubClasses": "AcDbEntity:AcDbMText", "EntityHandle": "1C1E2E96", "Text": "BAÑO DAMAS" }, "geometry": { "type": "Point", "coordinates": [ 12.24334852076186, 53.907139496731133, 0.0 ] } },
{ "type": "Feature", "properties": { "Layer": "A_TEXTOLOCAL", "SubClasses": "AcDbEntity:AcDbMText", "EntityHandle": "1C1E2E97", "Text": "BAÑO VARONES " }, "geometry": { "type": "Point", "coordinates": [ 21.34074055649705, 53.840682784932028, -0.0 ] } },
{ "type": "Feature", "properties": { "Layer": "A_TEXTOLOCAL", "SubClasses": "AcDbEntity:AcDbMText", "EntityHandle": "1C1E2E98", "Text": "DUCHA VARONES" }, "geometry": { "type": "Point", "coordinates": [ 18.942764270998509, 49.864012873757531, 0.0 ] } },
{ "type": "Feature", "properties": { "Layer": "A_TEXTOLOCAL", "SubClasses": "AcDbEntity:AcDbMText", "EntityHandle": "1C1E2EB2", "Text": "LAVADO MATERIALES" }, "geometry": { "type": "Point", "coordinates": [ 56.205899077683974, 64.692691284098771, 0.0 ] } },
{ "type": "Feature", "properties": { "Layer": "A_TEXTOLOCAL", "SubClasses": "AcDbEntity:AcDbMText", "EntityHandle": "1C1E2EB6", "Text": "CONTROL DE\nASISTENCIA\n " }, "geometry": { "type": "Point", "coordinates": [ 38.517139814506088, 60.658952653364281, 0.0 ] } },
{ "type": "Feature", "properties": { "Layer": "A_TEXTOLOCAL", "SubClasses": "AcDbEntity:AcDbMText", "EntityHandle": "1C1E2EB7", "Text": "BAÑO\nVISITAS " }, "geometry": { "type": "Point", "coordinates": [ 40.533818661277451, 60.679011624533473, 0.0 ] } },
{ "type": "Feature", "properties": { "Layer": "A_TEXTOLOCAL", "SubClasses": "AcDbEntity:AcDbMText", "EntityHandle": "1C1E2EB8", "Text": "BAÑO\nVISITAS " }, "geometry": { "type": "Point", "coordinates": [ 43.179987935286931, 60.669398676496371, 0.0 ] } },
{ "type": "Feature", "properties": { "Layer": "A_TEXTOLOCAL", "SubClasses": "AcDbEntity:AcDbMText", "EntityHandle": "1C1E2FD5", "Text": "PALETIZADO" }, "geometry": { "type": "Point", "coordinates": [ 62.301133101829009, 70.831841523418376, 0.0 ] } },
{ "type": "Feature", "properties": { "Layer": "A_TEXTOLOCAL", "SubClasses": "AcDbEntity:AcDbMText", "EntityHandle": "1C1E35B7", "Text": "CAMARA 1" }, "geometry": { "type": "Point", "coordinates": [ 76.545150312040846, 74.747998980815453, 0.0 ] } },
{ "type": "Feature", "properties": { "Layer": "A_TEXTOLOCAL", "SubClasses": "AcDbEntity:AcDbMText", "EntityHandle": "1C1E35B8", "Text": "CAMARA 2" }, "geometry": { "type": "Point", "coordinates": [ 72.64289633589658, 87.583629191603734, 0.0 ] } },
{ "type": "Feature", "properties": { "Layer": "A_TEXTOLOCAL", "SubClasses": "AcDbEntity:AcDbMText", "EntityHandle": "1C1E35B9", "Text": "SALA DESPACHO\nFRIGORIFICO" }, "geometry": { "type": "Point", "coordinates": [ 84.924603073787011, 87.35648953858248, 0.0 ] } },
{ "type": "Feature", "properties": { "Layer": "A_TEXTOLOCAL", "SubClasses": "AcDbEntity:AcDbMText", "EntityHandle": "1C1E35BA", "Text": "ÁREA\nROPA\nSUCIA" }, "geometry": { "type": "Point", "coordinates": [ 30.399845768378551, 65.258742017142055, 0.0 ] } },
{ "type": "Feature", "properties": { "Layer": "A_TEXTOLOCAL", "SubClasses": "AcDbEntity:AcDbMText", "EntityHandle": "1C1E35BB", "Text": " PASILLO TÚNELES" }, "geometry": { "type": "Point", "coordinates": [ 44.371789424547842, 74.946729165511158, -0.0 ] } },
{ "type": "Feature", "properties": { "Layer": "A_TEXTOLOCAL", "SubClasses": "AcDbEntity:AcDbMText", "EntityHandle": "1C1E35BC", "Text": " ZONA EMPAQUE" }, "geometry": { "type": "Point", "coordinates": [ 55.971267740095527, 75.8990993939546, -0.0 ] } },
{ "type": "Feature", "properties": { "Layer": "A_TEXTOLOCAL", "SubClasses": "AcDbEntity:AcDbMText", "EntityHandle": "1C1E35CA", "Text": "PASILLO DE \nCIRCULACION " }, "geometry": { "type": "Point", "coordinates": [ 49.055546107599071, 62.106244217848968, 0.0 ] } },
{ "type": "Feature", "properties": { "Layer": "A_TEXTOLOCAL", "SubClasses": "AcDbEntity:AcDbMText", "EntityHandle": "1C1E35CB", "Text": "SALA QUÍMICOS\nDOSIFICACIÓN" }, "geometry": { "type": "Point", "coordinates": [ 55.673713281860053, 59.856967418509441, 0.0 ] } },
{ "type": "Feature", "properties": { "Layer": "A_TEXTOLOCAL", "SubClasses": "AcDbEntity:AcDbMText", "EntityHandle": "1C1E3745", "Text": "SALA DE MÁQUINAS" }, "geometry": { "type": "Point", "coordinates": [ 50.708132685874148, 60.424818002043281, -0.0 ] } },
{ "type": "Feature", "properties": { "Layer": "A_TEXTOLOCAL", "SubClasses": "AcDbEntity:AcDbLine", "EntityHandle": "1C1E374C" }, "geometry": { "type": "LineString", "coordinates": [ [ 52.774197776974013, 58.37119560598228, 0.0 ], [ 52.774197776974013, 58.471195605982267, 0.0 ] ] } },
{ "type": "Feature", "properties": { "Layer": "A_TEXTOLOCAL", "SubClasses": "AcDbEntity:AcDbLine", "EntityHandle": "1C1E374D" }, "geometry": { "type": "LineString", "coordinates": [ [ 52.774197776974013, 58.471195605982267, 0.0 ], [ 52.674197776974211, 58.471195605982267, 0.0 ] ] } },
{ "type": "Feature", "properties": { "Layer": "A_TEXTOLOCAL", "SubClasses": "AcDbEntity:AcDbLine", "EntityHandle": "1C1E374E" }, "geometry": { "type": "LineString", "coordinates": [ [ 52.674197776974211, 58.471195605982267, 0.0 ], [ 52.674197776974211, 58.37119560598228, 0.0 ] ] } },
{ "type": "Feature", "properties": { "Layer": "A_TEXTOLOCAL", "SubClasses": "AcDbEntity:AcDbLine", "EntityHandle": "1C1E374F" }, "geometry": { "type": "LineString", "coordinates": [ [ 50.004197776974138, 58.471195605982267, 0.0 ], [ 50.004197776974138, 58.37119560598228, 0.0 ] ] } },
{ "type": "Feature", "properties": { "Layer": "A_TEXTOLOCAL", "SubClasses": "AcDbEntity:AcDbLine", "EntityHandle": "1C1E3750" }, "geometry": { "type": "LineString", "coordinates": [ [ 50.004197776974138, 58.471195605982267, 0.0 ], [ 50.004197776974138, 58.37119560598228, 0.0 ] ] } },
{ "type": "Feature", "properties": { "Layer": "A_TEXTOLOCAL", "SubClasses": "AcDbEntity:AcDbMText", "EntityHandle": "1C1E3759", "Text": "BODEGA\nMATERIALES\nMAQUINAS" }, "geometry": { "type": "Point", "coordinates": [ 58.694768521098347, 59.985014580760151, 0.0 ] } },
{ "type": "Feature", "properties": { "Layer": "A_TEXTOLOCAL", "SubClasses": "AcDbEntity:AcDbLine", "EntityHandle": "1C1E3B5C" }, "geometry": { "type": "LineString", "coordinates": [ [ 61.504197776974593, 60.950745582525258, 0.0 ], [ 61.504197776974593, 61.05074558252528, 0.0 ] ] } },
{ "type": "Feature", "properties": { "Layer": "A_TEXTOLOCAL", "SubClasses": "AcDbEntity:AcDbLine", "EntityHandle": "1C1E3B5D" }, "geometry": { "type": "LineString", "coordinates": [ [ 61.504197776974593, 61.05074558252528, 0.0 ], [ 61.604197776974388, 61.05074558252528, 0.0 ] ] } },
{ "type": "Feature", "properties": { "Layer": "A_TEXTOLOCAL", "SubClasses": "AcDbEntity:AcDbLine", "EntityHandle": "1C1E3B5E" }, "geometry": { "type": "LineString", "coordinates": [ [ 61.604197776974388, 61.05074558252528, 0.0 ], [ 61.604197776974388, 60.950745582525258, 0.0 ] ] } },
{ "type": "Feature", "properties": { "Layer": "A_TEXTOLOCAL", "SubClasses": "AcDbEntity:AcDbLine", "EntityHandle": "1C1E3B64" }, "geometry": { "type": "LineString", "coordinates": [ [ 74.659838250265466, 65.081172295883874, 0.0 ], [ 74.659838250265466, 65.231172295883852, 0.0 ] ] } },
{ "type": "Feature", "properties": { "Layer": "A_TEXTOLOCAL", "SubClasses": "AcDbEntity:AcDbLine", "EntityHandle": "1C1E3B65" }, "geometry": { "type": "LineString", "coordinates": [ [ 74.659838250265466, 65.231172295883852, 0.0 ], [ 74.809838250265443, 65.231172295883852, 0.0 ] ] } },
{ "type": "Feature", "properties": { "Layer": "A_TEXTOLOCAL", "SubClasses": "AcDbEntity:AcDbLine", "EntityHandle": "1C1E3B66" }, "geometry": { "type": "LineString", "coordinates": [ [ 74.809838250265443, 65.231172295883852, 0.0 ], [ 74.809838250263965, 65.081172295883874, 0.0 ] ] } },
{ "type": "Feature", "properties": { "Layer": "A_TEXTOLOCAL", "SubClasses": "AcDbEntity:AcDbLine", "EntityHandle": "1C1E3B67" }, "geometry": { "type": "LineString", "coordinates": [ [ 74.809838250263965, 65.081172295883874, 0.0 ], [ 74.659838250265466, 65.081172295883874, 0.0 ] ] } },
{ "type": "Feature", "properties": { "Layer": "A_TEXTOLOCAL", "SubClasses": "AcDbEntity:AcDbLine", "EntityHandle": "1C1E3B6D" }, "geometry": { "type": "LineString", "coordinates": [ [ 74.659838250265466, 62.791172295883847, 0.0 ], [ 74.659838250265466, 62.94117229588386, 0.0 ] ] } },
{ "type": "Feature", "properties": { "Layer": "A_TEXTOLOCAL", "SubClasses": "AcDbEntity:AcDbLine", "EntityHandle": "1C1E3B6E" }, "geometry": { "type": "LineString", "coordinates": [ [ 74.659838250265466, 62.94117229588386, 0.0 ], [ 74.809838250265443, 62.94117229588386, 0.0 ] ] } },
{ "type": "Feature", "properties": { "Layer": "A_TEXTOLOCAL", "SubClasses": "AcDbEntity:AcDbLine", "EntityHandle": "1C1E3B6F" }, "geometry": { "type": "LineString", "coordinates": [ [ 74.809838250265443, 62.94117229588386, 0.0 ], [ 74.809838250263965, 62.791172295883847, 0.0 ] ] } },
{ "type": "Feature", "properties": { "Layer": "A_TEXTOLOCAL", "SubClasses": "AcDbEntity:AcDbLine", "EntityHandle": "1C1E3B70" }, "geometry": { "type": "LineString", "coordinates": [ [ 74.809838250263965, 62.791172295883847, 0.0 ], [ 74.659838250265466, 62.791172295883847, 0.0 ] ] } },
{ "type": "Feature", "properties": { "Layer": "A_TEXTOLOCAL", "SubClasses": "AcDbEntity:AcDbLine", "EntityHandle": "1C1E3B75" }, "geometry": { "type": "LineString", "coordinates": [ [ 74.616893393371697, 59.51264652383216, 0.0 ], [ 74.616893393371697, 59.662646523832137, 0.0 ] ] } },
{ "type": "Feature", "properties": { "Layer": "A_TEXTOLOCAL", "SubClasses": "AcDbEntity:AcDbLine", "EntityHandle": "1C1E3B76" }, "geometry": { "type": "LineString", "coordinates": [ [ 74.616893393371697, 59.662646523832137, 0.0 ], [ 74.766893393371674, 59.662646523832137, 0.0 ] ] } },
{ "type": "Feature", "properties": { "Layer": "A_TEXTOLOCAL", "SubClasses": "AcDbEntity:AcDbLine", "EntityHandle": "1C1E3B77" }, "geometry": { "type": "LineString", "coordinates": [ [ 74.766893393371674, 59.662646523832137, 0.0 ], [ 74.766893393369855, 59.51264652383216, 0.0 ] ] } },
{ "type": "Feature", "properties": { "Layer": "A_TEXTOLOCAL", "SubClasses": "AcDbEntity:AcDbLine", "EntityHandle": "1C1E3B78" }, "geometry": { "type": "LineString", "coordinates": [ [ 74.766893393369855, 59.51264652383216, 0.0 ], [ 74.616893393371697, 59.51264652383216, 0.0 ] ] } },
{ "type": "Feature", "properties": { "Layer": "A_TEXTOLOCAL", "SubClasses": "AcDbEntity:AcDbLine", "EntityHandle": "1C1E3B7D" }, "geometry": { "type": "LineString", "coordinates": [ [ 71.429838250265448, 59.51264652383216, 0.0 ], [ 71.429838250265448, 59.662646523832137, 0.0 ] ] } },
{ "type": "Feature", "properties": { "Layer": "A_TEXTOLOCAL", "SubClasses": "AcDbEntity:AcDbLine", "EntityHandle": "1C1E3B7E" }, "geometry": { "type": "LineString", "coordinates": [ [ 71.429838250265448, 59.662646523832137, 0.0 ], [ 71.579838250265539, 59.662646523832137, 0.0 ] ] } },
{ "type": "Feature", "properties": { "Layer": "A_TEXTOLOCAL", "SubClasses": "AcDbEntity:AcDbLine", "EntityHandle": "1C1E3B7F" }, "geometry": { "type": "LineString", "coordinates": [ [ 71.579838250265539, 59.662646523832137, 0.0 ], [ 71.579838250263833, 59.51264652383216, 0.0 ] ] } },
{ "type": "Feature", "properties": { "Layer": "A_TEXTOLOCAL", "SubClasses": "AcDbEntity:AcDbLine", "EntityHandle": "1C1E3B80" }, "geometry": { "type": "LineString", "coordinates": [ [ 71.579838250263833, 59.51264652383216, 0.0 ], [ 71.429838250265448, 59.51264652383216, 0.0 ] ] } },
{ "type": "Feature", "properties": { "Layer": "A_TEXTOLOCAL", "SubClasses": "AcDbEntity:AcDbLine", "EntityHandle": "1C1E3B85" }, "geometry": { "type": "LineString", "coordinates": [ [ 71.429838250265448, 63.031172295883863, 0.0 ], [ 71.429838250265448, 63.181172295883869, 0.0 ] ] } },
{ "type": "Feature", "properties": { "Layer": "A_TEXTOLOCAL", "SubClasses": "AcDbEntity:AcDbLine", "EntityHandle": "1C1E3B86" }, "geometry": { "type": "LineString", "coordinates": [ [ 71.429838250265448, 63.181172295883869, 0.0 ], [ 71.579838250265539, 63.181172295883869, 0.0 ] ] } },
{ "type": "Feature", "properties": { "Layer": "A_TEXTOLOCAL", "SubClasses": "AcDbEntity:AcDbLine", "EntityHandle": "1C1E3B87" }, "geometry": { "type": "LineString", "coordinates": [ [ 71.579838250265539, 63.181172295883869, 0.0 ], [ 71.579838250263833, 63.031172295883863, 0.0 ] ] } },
{ "type": "Feature", "properties": { "Layer": "A_TEXTOLOCAL", "SubClasses": "AcDbEntity:AcDbLine", "EntityHandle": "1C1E3B88" }, "geometry": { "type": "LineString", "coordinates": [ [ 71.579838250263833, 63.031172295883863, 0.0 ], [ 71.429838250265448, 63.031172295883863, 0.0 ] ] } },
{ "type": "Feature", "properties": { "Layer": "A_TEXTOLOCAL", "SubClasses": "AcDbEntity:AcDbLine", "EntityHandle": "1C1E3B8D" }, "geometry": { "type": "LineString", "coordinates": [ [ 71.429838250265448, 65.031172295883863, 0.0 ], [ 71.429838250265448, 65.181172295883869, 0.0 ] ] } },
{ "type": "Feature", "properties": { "Layer": "A_TEXTOLOCAL", "SubClasses": "AcDbEntity:AcDbLine", "EntityHandle": "1C1E3B8E" }, "geometry": { "type": "LineString", "coordinates": [ [ 71.429838250265448, 65.181172295883869, 0.0 ], [ 71.579838250265539, 65.181172295883869, 0.0 ] ] } },
{ "type": "Feature", "properties": { "Layer": "A_TEXTOLOCAL", "SubClasses": "AcDbEntity:AcDbLine", "EntityHandle": "1C1E3B8F" }, "geometry": { "type": "LineString", "coordinates": [ [ 71.579838250265539, 65.181172295883869, 0.0 ], [ 71.579838250263833, 65.031172295883863, 0.0 ] ] } },
{ "type": "Feature", "properties": { "Layer": "A_TEXTOLOCAL", "SubClasses": "AcDbEntity:AcDbLine", "EntityHandle": "1C1E3B90" }, "geometry": { "type": "LineString", "coordinates": [ [ 71.579838250263833, 65.031172295883863, 0.0 ], [ 71.429838250265448, 65.031172295883863, 0.0 ] ] } },
{ "type": "Feature", "properties": { "Layer": "A_TEXTOLOCAL", "SubClasses": "AcDbEntity:AcDbLine", "EntityHandle": "1C1E3B95" }, "geometry": { "type": "LineString", "coordinates": [ [ 67.97983825026563, 65.031172295883863, 0.0 ], [ 67.97983825026563, 65.181172295883869, 0.0 ] ] } },
{ "type": "Feature", "properties": { "Layer": "A_TEXTOLOCAL", "SubClasses": "AcDbEntity:AcDbLine", "EntityHandle": "1C1E3B96" }, "geometry": { "type": "LineString", "coordinates": [ [ 67.97983825026563, 65.181172295883869, 0.0 ], [ 68.129838250265493, 65.181172295883869, 0.0 ] ] } },
{ "type": "Feature", "properties": { "Layer": "A_TEXTOLOCAL", "SubClasses": "AcDbEntity:AcDbLine", "EntityHandle": "1C1E3B97" }, "geometry": { "type": "LineString", "coordinates": [ [ 68.129838250265493, 65.181172295883869, 0.0 ], [ 68.129838250263333, 65.031172295883863, 0.0 ] ] } },
{ "type": "Feature", "properties": { "Layer": "A_TEXTOLOCAL", "SubClasses": "AcDbEntity:AcDbLine", "EntityHandle": "1C1E3B98" }, "geometry": { "type": "LineString", "coordinates": [ [ 68.129838250263333, 65.031172295883863, 0.0 ], [ 67.97983825026563, 65.031172295883863, 0.0 ] ] } },
{ "type": "Feature", "properties": { "Layer": "A_TEXTOLOCAL", "SubClasses": "AcDbEntity:AcDbLine", "EntityHandle": "1C1E3B9D" }, "geometry": { "type": "LineString", "coordinates": [ [ 67.97983825026563, 63.031172295883863, 0.0 ], [ 67.97983825026563, 63.181172295883869, 0.0 ] ] } },
{ "type": "Feature", "properties": { "Layer": "A_TEXTOLOCAL", "SubClasses": "AcDbEntity:AcDbLine", "EntityHandle": "1C1E3B9E" }, "geometry": { "type": "LineString", "coordinates": [ [ 67.97983825026563, 63.181172295883869, 0.0 ], [ 68.129838250265493, 63.181172295883869, 0.0 ] ] } },
{ "type": "Feature", "properties": { "Layer": "A_TEXTOLOCAL", "SubClasses": "AcDbEntity:AcDbLine", "EntityHandle": "1C1E3B9F" }, "geometry": { "type": "LineString", "coordinates": [ [ 68.129838250265493, 63.181172295883869, 0.0 ], [ 68.129838250263333, 63.031172295883863, 0.0 ] ] } },
{ "type": "Feature", "properties": { "Layer": "A_TEXTOLOCAL", "SubClasses": "AcDbEntity:AcDbLine", "EntityHandle": "1C1E3BA0" }, "geometry": { "type": "LineString", "coordinates": [ [ 68.129838250263333, 63.031172295883863, 0.0 ], [ 67.97983825026563, 63.031172295883863, 0.0 ] ] } },
{ "type": "Feature", "properties": { "Layer": "A_TEXTOLOCAL", "SubClasses": "AcDbEntity:AcDbLine", "EntityHandle": "1C1E3BA9" }, "geometry": { "type": "LineString", "coordinates": [ [ 74.734197776975975, 59.511195605982579, 0.0 ], [ 74.634197776975952, 59.511195605982579, 0.0 ] ] } },
{ "type": "Feature", "properties": { "Layer": "A_TEXTOLOCAL", "SubClasses": "AcDbEntity:AcDbMText", "EntityHandle": "1C1E3C13", "Text": "PRE-TÚNEL" }, "geometry": { "type": "Point", "coordinates": [ 42.418398409322322, 97.728804725223966, 0.0 ] } },
{ "type": "Feature", "properties": { "Layer": "A_TEXTOLOCAL", "SubClasses": "AcDbEntity:AcDbMText", "EntityHandle": "1C1E3C14", "Text": "TÚNEL SEMICONTINUO" }, "geometry": { "type": "Point", "coordinates": [ 52.066653169259439, 97.493151986518455, 0.0 ] } },
{ "type": "Feature", "properties": { "Layer": "A_TEXTOLOCAL", "SubClasses": "AcDbEntity:AcDbMText", "EntityHandle": "1C1E3C15", "Text": "POST-TÚNEL" }, "geometry": { "type": "Point", "coordinates": [ 62.150313365364923, 98.213001105224862, 0.0 ] } },
{ "type": "Feature", "properties": { "Layer": "A_TEXTOLOCAL", "SubClasses": "AcDbEntity:AcDbMText", "EntityHandle": "1C1E3C18", "Text": "ENTRADA\nPLANTA" }, "geometry": { "type": "Point", "coordinates": [ 35.003110376394943, 67.606971669374275, 0.0 ] } },
{ "type": "Feature", "properties": { "Layer": "A_TEXTOLOCAL", "SubClasses": "AcDbEntity:AcDbMText", "EntityHandle": "1C1E3C25", "Text": "SALA DE MÁQUINAS" }, "geometry": { "type": "Point", "coordinates": [ 73.769169228121314, 62.005941722566767, -0.0 ] } },
{ "type": "Feature", "properties": { "Layer": "A_TEXTOLOCAL", "SubClasses": "AcDbEntity:AcDbMText", "EntityHandle": "1C1E3C2B", "Text": "TÚNEL 6" }, "geometry": { "type": "Point", "coordinates": [ 48.784167884577407, 93.153397094664285, 0.0 ] } },
{ "type": "Feature", "properties": { "Layer": "A_TEXTOLOCAL", "SubClasses": "AcDbEntity:AcDbMText", "EntityHandle": "1C1E3C2C", "Text": "TÚNEL 5" }, "geometry": { "type": "Point", "coordinates": [ 48.267266009477112, 87.623417889688767, 0.0 ] } },
{ "type": "Feature", "properties": { "Layer": "A_TEXTOLOCAL", "SubClasses": "AcDbEntity:AcDbMText", "EntityHandle": "1C1E3C2D", "Text": "TÚNEL 4" }, "geometry": { "type": "Point", "coordinates": [ 48.267266009477112, 83.773440268989759, 0.0 ] } },
{ "type": "Feature", "properties": { "Layer": "A_TEXTOLOCAL", "SubClasses": "AcDbEntity:AcDbMText", "EntityHandle": "1C1E3C2E", "Text": "TÚNEL 3" }, "geometry": { "type": "Point", "coordinates": [ 48.290447325734362, 79.274096374242049, 0.0 ] } },
{ "type": "Feature", "properties": { "Layer": "A_TEXTOLOCAL", "SubClasses": "AcDbEntity:AcDbMText", "EntityHandle": "1C1E3C2F", "Text": "TÚNEL 2" }, "geometry": { "type": "Point", "coordinates": [ 48.290447325734362, 75.270520919757871, 0.0 ] } },
{ "type": "Feature", "properties": { "Layer": "A_TEXTOLOCAL", "SubClasses": "AcDbEntity:AcDbMText", "EntityHandle": "1C1E3C30", "Text": "TÚNEL 1" }, "geometry": { "type": "Point", "coordinates": [ 48.657292807708806, 71.353098488884285, 0.0 ] } },
{ "type": "Feature", "properties": { "Layer": "A_TEXTOLOCAL", "SubClasses": "AcDbEntity:AcDbMText", "EntityHandle": "1C1E3C31", "Text": "EVAPORADORES" }, "geometry": { "type": "Point", "coordinates": [ 49.412594290440438, 90.008351764587474, 0.0 ] } },
{ "type": "Feature", "properties": { "Layer": "A_TEXTOLOCAL", "SubClasses": "AcDbEntity:AcDbMText", "EntityHandle": "1C1E3C46", "Text": "TABLEROS ELÉCTRICOS" }, "geometry": { "type": "Point", "coordinates": [ 75.412444385819981, 66.160609771316274, 0.0 ] } },
{ "type": "Feature", "properties": { "Layer": "A_TEXTOLOCAL", "SubClasses": "AcDbEntity:AcDbMText", "EntityHandle": "1C1E3C47", "Text": "TABLEROS ELÉCTRICOS" }, "geometry": { "type": "Point", "coordinates": [ 69.711537721944978, 66.115286541026478, 0.0 ] } },
{ "type": "Feature", "properties": { "Layer": "A_TEXTOLOCAL", "SubClasses": "AcDbEntity:AcDbMText", "EntityHandle": "1C1E3C48", "Text": "TABLEROS ELÉCTRICOS" }, "geometry": { "type": "Point", "coordinates": [ 63.204745420978497, 66.326797879741775, 0.0 ] } },
{ "type": "Feature", "properties": { "Layer": "A_TEXTOLOCAL", "SubClasses": "AcDbEntity:AcDbLine", "EntityHandle": "1C1E3C72" }, "geometry": { "type": "LineString", "coordinates": [ [ 62.558170762697841, 94.204712011162371, 0.0 ], [ 62.558170762697841, 94.104712011162377, 0.0 ] ] } },
{ "type": "Feature", "properties": { "Layer": "A_TEXTOLOCAL", "SubClasses": "AcDbEntity:AcDbLine", "EntityHandle": "1C1E3C73" }, "geometry": { "type": "LineString", "coordinates": [ [ 62.558170762697841, 94.104712011162377, 0.0 ], [ 60.478170762697907, 94.104712011162377, 0.0 ] ] } },
{ "type": "Feature", "properties": { "Layer": "A_TEXTOLOCAL", "SubClasses": "AcDbEntity:AcDbLine", "EntityHandle": "1C1E3C74" }, "geometry": { "type": "LineString", "coordinates": [ [ 60.478170762697907, 94.104712011162377, 0.0 ], [ 60.478170762697907, 94.204712011162371, 0.0 ] ] } },
{ "type": "Feature", "properties": { "Layer": "A_TEXTOLOCAL", "SubClasses": "AcDbEntity:AcDbLine", "EntityHandle": "1C1E3C75" }, "geometry": { "type": "LineString", "coordinates": [ [ 60.478170762697907, 94.204712011162371, 0.0 ], [ 62.558170762697841, 94.204712011162371, 0.0 ] ] } },
{ "type": "Feature", "properties": { "Layer": "A_TEXTOLOCAL", "SubClasses": "AcDbEntity:AcDbLine", "EntityHandle": "1C1E3C76" }, "geometry": { "type": "LineString", "coordinates": [ [ 40.928785790979298, 94.195503107859281, 0.0 ], [ 40.928785790979298, 94.095503107859258, 0.0 ] ] } },
{ "type": "Feature", "properties": { "Layer": "A_TEXTOLOCAL", "SubClasses": "AcDbEntity:AcDbLine", "EntityHandle": "1C1E3C77" }, "geometry": { "type": "LineString", "coordinates": [ [ 40.928785790979298, 94.095503107859258, 0.0 ], [ 42.988785790979144, 94.095503107859258, 0.0 ] ] } },
{ "type": "Feature", "properties": { "Layer": "A_TEXTOLOCAL", "SubClasses": "AcDbEntity:AcDbLine", "EntityHandle": "1C1E3C78" }, "geometry": { "type": "LineString", "coordinates": [ [ 42.988785790979144, 94.095503107859258, 0.0 ], [ 42.988785790979144, 94.195503107859281, 0.0 ] ] } },
{ "type": "Feature", "properties": { "Layer": "A_TEXTOLOCAL", "SubClasses": "AcDbEntity:AcDbLine", "EntityHandle": "1C1E3C79" }, "geometry": { "type": "LineString", "coordinates": [ [ 42.988785790979144, 94.195503107859281, 0.0 ], [ 40.928785790979298, 94.195503107859281, 0.0 ] ] } },
{ "type": "Feature", "properties": { "Layer": "A_TEXTOLOCAL", "SubClasses": "AcDbEntity:AcDbLine", "EntityHandle": "1C1E3C7A" }, "geometry": { "type": "LineString", "coordinates": [ [ 42.311919918806552, 93.959843061493473, 0.0 ], [ 41.861432554096382, 93.959843061493473, 0.0 ] ] } },
{ "type": "Feature", "properties": { "Layer": "A_TEXTOLOCAL", "SubClasses": "AcDbEntity:AcDbLine", "EntityHandle": "1C1E3C7B" }, "geometry": { "type": "LineString", "coordinates": [ [ 41.861432554096382, 93.959843061493473, 0.0 ], [ 41.93414179157196, 94.049529477781562, 0.0 ] ] } },
{ "type": "Feature", "properties": { "Layer": "A_TEXTOLOCAL", "SubClasses": "AcDbEntity:AcDbLine", "EntityHandle": "1C1E3C7C" }, "geometry": { "type": "LineString", "coordinates": [ [ 41.861432554096382, 93.959843061493473, 0.0 ], [ 41.93414179157196, 93.87015664520527, 0.0 ] ] } },
{ "type": "Feature", "properties": { "Layer": "A_TEXTOLOCAL", "SubClasses": "AcDbEntity:AcDbLine", "EntityHandle": "1C1E3C7D" }, "geometry": { "type": "LineString", "coordinates": [ [ 61.418561508952507, 93.973778526091451, 0.0 ], [ 61.869048873662791, 93.973778526091451, 0.0 ] ] } },
{ "type": "Feature", "properties": { "Layer": "A_TEXTOLOCAL", "SubClasses": "AcDbEntity:AcDbLine", "EntityHandle": "1C1E3C7E" }, "geometry": { "type": "LineString", "coordinates": [ [ 61.869048873662791, 93.973778526091451, 0.0 ], [ 61.796339636187327, 93.884092109803362, 0.0 ] ] } },
{ "type": "Feature", "properties": { "Layer": "A_TEXTOLOCAL", "SubClasses": "AcDbEntity:AcDbLine", "EntityHandle": "1C1E3C7F" }, "geometry": { "type": "LineString", "coordinates": [ [ 61.869048873662791, 93.973778526091451, 0.0 ], [ 61.796339636187327, 94.063464942379653, 0.0 ] ] } },
{ "type": "Feature", "properties": { "Layer": "A_TEXTOLOCAL", "SubClasses": "AcDbEntity:AcDbMText", "EntityHandle": "1C1E3CBF", "Text": "ASCENSOR\nMERCADERIA" }, "geometry": { "type": "Point", "coordinates": [ 78.186464943629858, 62.697353142137558, 0.0 ] } },
{ "type": "Feature", "properties": { "Layer": "A_TEXTOLOCAL", "SubClasses": "AcDbEntity:AcDbMText", "EntityHandle": "1C1E3CC2", "Text": "COCINA" }, "geometry": { "type": "Point", "coordinates": [ 82.855628381798738, 61.590827599669041, 0.0 ] } },
{ "type": "Feature", "properties": { "Layer": "A_TEXTOLOCAL", "SubClasses": "AcDbEntity:AcDbMText", "EntityHandle": "1C1E3CC3", "Text": "ÁREA\nALIMENTOS" }, "geometry": { "type": "Point", "coordinates": [ 79.601343651115599, 65.287928338065484, 0.0 ] } },
{ "type": "Feature", "properties": { "Layer": "A_TEXTOLOCAL", "SubClasses": "AcDbEntity:AcDbMText", "EntityHandle": "1C1E3CC4", "Text": "LÍQUIDOS \nASEO" }, "geometry": { "type": "Point", "coordinates": [ 88.575872107753412, 62.332968020376143, 0.0 ] } },
{ "type": "Feature", "properties": { "Layer": "A_TEXTOLOCAL", "SubClasses": "AcDbEntity:AcDbMText", "EntityHandle": "1C1E3CC5", "Text": "LAVADO\nVAJILLA" }, "geometry": { "type": "Point", "coordinates": [ 86.675331303921439, 62.324017671503668, 0.0 ] } },
{ "type": "Feature", "properties": { "Layer": "A_TEXTOLOCAL", "SubClasses": "AcDbEntity:AcDbMText", "EntityHandle": "1C1E3CC6", "Text": "OFICINA\nCASINO" }, "geometry": { "type": "Point", "coordinates": [ 87.317403091735059, 65.534397031509059, 0.0 ] } },
{ "type": "Feature", "properties": { "Layer": "A_TEXTOLOCAL", "SubClasses": "AcDbEntity:AcDbMText", "EntityHandle": "1C1E3CC7", "Text": "DESPENSA" }, "geometry": { "type": "Point", "coordinates": [ 87.506752968819228, 64.328895818812356, 0.0 ] } },
{ "type": "Feature", "properties": { "Layer": "A_TEXTOLOCAL", "SubClasses": "AcDbEntity:AcDbMText", "EntityHandle": "1C1E3CC8", "Text": "CAMARIN" }, "geometry": { "type": "Point", "coordinates": [ 83.367803915254967, 64.598941307223981, 0.0 ] } },
{ "type": "Feature", "properties": { "Layer": "A_TEXTOLOCAL", "SubClasses": "AcDbEntity:AcDbMText", "EntityHandle": "1C1E3CC9", "Text": "BAÑO" }, "geometry": { "type": "Point", "coordinates": [ 83.335931560856352, 65.934483972162639, 0.0 ] } },
{ "type": "Feature", "properties": { "Layer": "A_TEXTOLOCAL", "SubClasses": "AcDbEntity:AcDbMText", "EntityHandle": "1C1E3CCA", "Text": "ÁREA\nALIMENTOS" }, "geometry": { "type": "Point", "coordinates": [ 81.739485869739724, 65.298441667787472, 0.0 ] } },
{ "type": "Feature", "properties": { "Layer": "A_TEXTOLOCAL", "SubClasses": "AcDbEntity:AcDbLine", "EntityHandle": "1C1E3CCC" }, "geometry": { "type": "LineString", "coordinates": [ [ 63.300812698921391, 66.894951520928146, 0.0 ], [ 63.300812698921391, 66.794951520928294, 0.0 ] ] } },
{ "type": "Feature", "properties": { "Layer": "A_TEXTOLOCAL", "SubClasses": "AcDbEntity:AcDbLine", "EntityHandle": "1C1E3CCD" }, "geometry": { "type": "LineString", "coordinates": [ [ 63.300812698921391, 66.794951520928294, 0.0 ], [ 63.400812698921413, 66.794951520928294, 0.0 ] ] } },
{ "type": "Feature", "properties": { "Layer": "A_TEXTOLOCAL", "SubClasses": "AcDbEntity:AcDbLine", "EntityHandle": "1C1E3CCE" }, "geometry": { "type": "LineString", "coordinates": [ [ 63.400812698921413, 66.794951520928294, 0.0 ], [ 63.400812698921413, 66.894951520928146, 0.0 ] ] } },
{ "type": "Feature", "properties": { "Layer": "A_TEXTOLOCAL", "SubClasses": "AcDbEntity:AcDbLine", "EntityHandle": "1C1E3CCF" }, "geometry": { "type": "LineString", "coordinates": [ [ 63.400812698921413, 66.894951520928146, 0.0 ], [ 63.300812698921391, 66.894951520928146, 0.0 ] ] } },
{ "type": "Feature", "properties": { "Layer": "A_TEXTOLOCAL", "SubClasses": "AcDbEntity:AcDbLine", "EntityHandle": "1C1E3CD0" }, "geometry": { "type": "LineString", "coordinates": [ [ 63.300812698921391, 68.654951520928279, 0.0 ], [ 63.400812698921413, 68.654951520928279, 0.0 ] ] } },
{ "type": "Feature", "properties": { "Layer": "A_TEXTOLOCAL", "SubClasses": "AcDbEntity:AcDbLine", "EntityHandle": "1C1E3CD1" }, "geometry": { "type": "LineString", "coordinates": [ [ 63.400812698921413, 68.654951520928279, 0.0 ], [ 63.400812698921413, 68.754951520928159, 0.0 ] ] } },
{ "type": "Feature", "properties": { "Layer": "A_TEXTOLOCAL", "SubClasses": "AcDbEntity:AcDbLine", "EntityHandle": "1C1E3CD2" }, "geometry": { "type": "LineString", "coordinates": [ [ 63.400812698921413, 68.754951520928159, 0.0 ], [ 63.300812698921391, 68.754951520928159, 0.0 ] ] } },
{ "type": "Feature", "properties": { "Layer": "A_TEXTOLOCAL", "SubClasses": "AcDbEntity:AcDbLine", "EntityHandle": "1C1E3CD3" }, "geometry": { "type": "LineString", "coordinates": [ [ 63.300812698921391, 68.754951520928159, 0.0 ], [ 63.300812698921391, 68.654951520928279, 0.0 ] ] } },
{ "type": "Feature", "properties": { "Layer": "A_TEXTOLOCAL", "SubClasses": "AcDbEntity:AcDbLine", "EntityHandle": "1C1E3CD5" }, "geometry": { "type": "LineString", "coordinates": [ [ 63.400812698921413, 73.163030682037061, 0.0 ], [ 63.300812698921391, 73.163030682037061, 0.0 ] ] } },
{ "type": "Feature", "properties": { "Layer": "A_TEXTOLOCAL", "SubClasses": "AcDbEntity:AcDbLine", "EntityHandle": "1C1E3CD6" }, "geometry": { "type": "LineString", "coordinates": [ [ 63.300812698921391, 73.163030682037061, 0.0 ], [ 63.300812698921391, 73.063030682037066, 0.0 ] ] } },
{ "type": "Feature", "properties": { "Layer": "A_TEXTOLOCAL", "SubClasses": "AcDbEntity:AcDbLine", "EntityHandle": "1C1E3CD7" }, "geometry": { "type": "LineString", "coordinates": [ [ 63.300812698921391, 73.063030682037066, 0.0 ], [ 63.400812698921413, 73.063030682036981, 0.0 ] ] } },
{ "type": "Feature", "properties": { "Layer": "A_TEXTOLOCAL", "SubClasses": "AcDbEntity:AcDbLine", "EntityHandle": "1C1E3CD8" }, "geometry": { "type": "LineString", "coordinates": [ [ 63.400812698921413, 73.063030682036981, 0.0 ], [ 63.400812698921413, 73.163030682037061, 0.0 ] ] } },
{ "type": "Feature", "properties": { "Layer": "A_TEXTOLOCAL", "SubClasses": "AcDbEntity:AcDbMText", "EntityHandle": "1C1E3CE0", "Text": "PASILLO CIRCULACIÓN" }, "geometry": { "type": "Point", "coordinates": [ 84.207419801444189, 63.692520637932063, 0.0 ] } },
{ "type": "Feature", "properties": { "Layer": "A_TEXTOLOCAL", "SubClasses": "AcDbEntity:AcDbMText", "EntityHandle": "1C1E3CF1", "Text": "INGRESO CINTA\nPALETIZADO" }, "geometry": { "type": "Point", "coordinates": [ 62.118871034594463, 73.412948661451878, -0.0 ] } },
{ "type": "Feature", "properties": { "Layer": "A_TEXTOLOCAL", "SubClasses": "AcDbEntity:AcDbMText", "EntityHandle": "1C1E3CF4", "Text": "BALANZA \nESTATICA" }, "geometry": { "type": "Point", "coordinates": [ 60.200525782201453, 85.930129758895504, -0.0 ] } },
{ "type": "Feature", "properties": { "Layer": "A_TEXTOLOCAL", "SubClasses": "AcDbEntity:AcDbMText", "EntityHandle": "1C1E3CF5", "Text": "EMBOLSADO/\nENCAJONADO" }, "geometry": { "type": "Point", "coordinates": [ 56.014125802447211, 80.811877313726995, -0.0 ] } },
{ "type": "Feature", "properties": { "Layer": "A_TEXTOLOCAL", "SubClasses": "AcDbEntity:AcDbMText", "EntityHandle": "1C1E3CF6", "Text": "DESPLACADOR\nINGRESO\nFISHKEN" }, "geometry": { "type": "Point", "coordinates": [ 56.774980578312118, 91.653226599297369, -0.0 ] } },
{ "type": "Feature", "properties": { "Layer": "A_TEXTOLOCAL", "SubClasses": "AcDbEntity:AcDbLine", "EntityHandle": "1C1E3D0D" }, "geometry": { "type": "LineString", "coordinates": [ [ 3.774197776974347, 69.041707196836285, 0.0 ], [ 3.774197776974347, 67.034320139146473, 0.0 ] ] } },
{ "type": "Feature", "properties": { "Layer": "A_TEXTOLOCAL", "SubClasses": "AcDbEntity:AcDbLine", "EntityHandle": "1C1E3D0E" }, "geometry": { "type": "LineString", "coordinates": [ [ 3.774197776974347, 67.034320139146473, 0.0 ], [ 3.624197776974938, 67.034320139146473, 0.0 ] ] } },
{ "type": "Feature", "properties": { "Layer": "A_TEXTOLOCAL", "SubClasses": "AcDbEntity:AcDbLine", "EntityHandle": "1C1E3D0F" }, "geometry": { "type": "LineString", "coordinates": [ [ 3.624197776974938, 67.034320139146473, 0.0 ], [ 3.624197776974938, 69.041707196836285, 0.0 ] ] } },
{ "type": "Feature", "properties": { "Layer": "A_TEXTOLOCAL", "SubClasses": "AcDbEntity:AcDbLine", "EntityHandle": "1C1E3D10" }, "geometry": { "type": "LineString", "coordinates": [ [ 3.624197776974938, 69.041707196836285, 0.0 ], [ 3.774197776974347, 69.041707196836285, 0.0 ] ] } },
{ "type": "Feature", "properties": { "Layer": "A_TEXTOLOCAL", "SubClasses": "AcDbEntity:AcDbMText", "EntityHandle": "1C1E3D9E", "Text": "CAMARIN" }, "geometry": { "type": "Point", "coordinates": [ 80.865843039479614, 93.404656307342464, 0.0 ] } },
{ "type": "Feature", "properties": { "Layer": "A_TEXTOLOCAL", "SubClasses": "AcDbEntity:AcDbMText", "EntityHandle": "1C1E3D9F", "Text": "CAMARIN" }, "geometry": { "type": "Point", "coordinates": [ 82.214074509251986, 93.404656307342464, 0.0 ] } },
{ "type": "Feature", "properties": { "Layer": "A_TEXTOLOCAL", "SubClasses": "AcDbEntity:AcDbMText", "EntityHandle": "1C1E3DD7", "Text": "ÁREA LIMPIA" }, "geometry": { "type": "Point", "coordinates": [ 34.547058493520922, 65.988350947821033, 0.0 ] } },
{ "type": "Feature", "properties": { "Layer": "A_TEXTOLOCAL", "SubClasses": "AcDbEntity:AcDbMText", "EntityHandle": "1C1E3DD8", "Text": "SALIDA  " }, "geometry": { "type": "Point", "coordinates": [ 4.957774534382452, 68.576582720449409, 0.0 ] } },
{ "type": "Feature", "properties": { "Layer": "A_TEXTOLOCAL", "SubClasses": "AcDbEntity:AcDbMText", "EntityHandle": "1C1E3DDC", "Text": "DUCHAS DAMAS" }, "geometry": { "type": "Point", "coordinates": [ 15.33998768410015, 49.808424921801077, 0.0 ] } },
{ "type": "Feature", "properties": { "Layer": "A_TEXTOLOCAL", "SubClasses": "AcDbEntity:AcDbMText", "EntityHandle": "1C1E3DDD", "Text": "PASILLO BAÑOS" }, "geometry": { "type": "Point", "coordinates": [ 16.426236119805029, 55.513180328535697, 0.0 ] } },
{ "type": "Feature", "properties": { "Layer": "A_TEXTOLOCAL", "SubClasses": "AcDbEntity:AcDbMText", "EntityHandle": "1C1E3DE6", "Text": "BAÑO" }, "geometry": { "type": "Point", "coordinates": [ 85.153753788529002, 65.934483972162639, 0.0 ] } },
{ "type": "Feature", "properties": { "Layer": "A_TEXTOLOCAL", "SubClasses": "AcDbEntity:AcDbMText", "EntityHandle": "1C1E3DE8", "Text": "CAMARIN" }, "geometry": { "type": "Point", "coordinates": [ 85.150324450773496, 64.617924057856897, 0.0 ] } },
{ "type": "Feature", "properties": { "Layer": "A_TEXTOLOCAL", "SubClasses": "AcDbEntity:AcDbMText", "EntityHandle": "1C1E3DEA", "Text": "TABLEROS ELÉCTRICOS" }, "geometry": { "type": "Point", "coordinates": [ 47.944394343250558, 60.730186388415582, 0.0 ] } },
{ "type": "Feature", "properties": { "Layer": "A_TEXTOLOCAL", "SubClasses": "AcDbEntity:AcDbMText", "EntityHandle": "1C1E3E0F", "Text": "BAÑO" }, "geometry": { "type": "Point", "coordinates": [ 26.741284122452502, 66.207652707465144, 0.0 ] } },
{ "type": "Feature", "properties": { "Layer": "A_TEXTOLOCAL", "SubClasses": "AcDbEntity:AcDbMText", "EntityHandle": "1C1E3E11", "Text": "FILM" }, "geometry": { "type": "Point", "coordinates": [ 25.815229711044939, 64.960673101527561, 0.0 ] } },
{ "type": "Feature", "properties": { "Layer": "A_TEXTOLOCAL", "SubClasses": "AcDbEntity:AcDbMText", "EntityHandle": "1C1E3E13", "Text": "  SALIDA \nEMERGENCIA" }, "geometry": { "type": "Point", "coordinates": [ 88.889602161317157, 65.60986928250577, 0.0 ] } },
{ "type": "Feature", "properties": { "Layer": "A_TEXTOLOCAL", "SubClasses": "AcDbEntity:AcDbMText", "EntityHandle": "1C1E3F9E", "Text": "  SALIDA \n  EMERGENCIA" }, "geometry": { "type": "Point", "coordinates": [ 5.924824108541316, 60.74881806587166, 0.0 ] } },
{ "type": "Feature", "properties": { "Layer": "A_TEXTOLOCAL", "SubClasses": "AcDbEntity:AcDbText:AcDbAttributeDefinition", "EntityHandle": "1C1E3FFD", "Text": "1" }, "geometry": { "type": "Point", "coordinates": [ 91.587907038500347, 102.327315405843507, 0.0 ] } },
{ "type": "Feature", "properties": { "Layer": "A_TEXTOLOCAL", "SubClasses": "AcDbEntity:AcDbText:AcDbAttributeDefinition", "EntityHandle": "1C1E3FFF", "Text": "1" }, "geometry": { "type": "Point", "coordinates": [ 3.423106325658117, 56.40833987918856, 0.0 ] } },
{ "type": "Feature", "properties": { "Layer": "A_TEXTOLOCAL", "SubClasses": "AcDbEntity:AcDbText:AcDbAttributeDefinition", "EntityHandle": "1C1E4011", "Text": "1" }, "geometry": { "type": "Point", "coordinates": [ 39.829688546974751, 104.366591158689602, 0.0 ] } },
{ "type": "Feature", "properties": { "Layer": "A_TEXTOLOCAL", "SubClasses": "AcDbEntity:AcDbText:AcDbAttributeDefinition", "EntityHandle": "1C1E4013", "Text": "1" }, "geometry": { "type": "Point", "coordinates": [ 63.421450186454933, 104.374031634880097, 0.0 ] } },
{ "type": "Feature", "properties": { "Layer": "A_TEXTOLOCAL", "SubClasses": "AcDbEntity:AcDbText:AcDbAttributeDefinition", "EntityHandle": "1C1E4015", "Text": "1" }, "geometry": { "type": "Point", "coordinates": [ 79.439924066867718, 104.366591158689602, 0.0 ] } },
{ "type": "Feature", "properties": { "Layer": "A_TEXTOLOCAL", "SubClasses": "AcDbEntity:AcDbText:AcDbAttributeDefinition", "EntityHandle": "1C1E4017", "Text": "1" }, "geometry": { "type": "Point", "coordinates": [ 80.94824864564616, 104.366591158689602, 0.0 ] } },
{ "type": "Feature", "properties": { "Layer": "A_TEXTOLOCAL", "SubClasses": "AcDbEntity:AcDbText:AcDbAttributeDefinition", "EntityHandle": "1C1E4019", "Text": "1" }, "geometry": { "type": "Point", "coordinates": [ 82.293394445859988, 104.366591158689602, 0.0 ] } },
{ "type": "Feature", "properties": { "Layer": "A_TEXTOLOCAL", "SubClasses": "AcDbEntity:AcDbText:AcDbAttributeDefinition", "EntityHandle": "1C1E401B", "Text": "1" }, "geometry": { "type": "Point", "coordinates": [ 88.503032829207939, 104.366591158689602, 0.0 ] } },
{ "type": "Feature", "properties": { "Layer": "A_TEXTOLOCAL", "SubClasses": "AcDbEntity:AcDbText:AcDbAttributeDefinition", "EntityHandle": "1C1E401D", "Text": "1" }, "geometry": { "type": "Point", "coordinates": [ 91.576746324214639, 100.805452654844999, 0.0 ] } },
{ "type": "Feature", "properties": { "Layer": "A_TEXTOLOCAL", "SubClasses": "AcDbEntity:AcDbText:AcDbAttributeDefinition", "EntityHandle": "1C1E401F", "Text": "1" }, "geometry": { "type": "Point", "coordinates": [ 91.576746324214639, 91.791797124925381, 0.0 ] } },
{ "type": "Feature", "properties": { "Layer": "A_TEXTOLOCAL", "SubClasses": "AcDbEntity:AcDbText:AcDbAttributeDefinition", "EntityHandle": "1C1E4021", "Text": "1" }, "geometry": { "type": "Point", "coordinates": [ 91.491180848024158, 66.687967681921776, 0.0 ] } },
{ "type": "Feature", "properties": { "Layer": "A_TEXTOLOCAL", "SubClasses": "AcDbEntity:AcDbText:AcDbAttributeDefinition", "EntityHandle": "1C1E4023", "Text": "1" }, "geometry": { "type": "Point", "coordinates": [ 91.491180848024158, 63.989704916947659, 0.0 ] } },
{ "type": "Feature", "properties": { "Layer": "A_TEXTOLOCAL", "SubClasses": "AcDbEntity:AcDbText:AcDbAttributeDefinition", "EntityHandle": "1C1E4025", "Text": "1" }, "geometry": { "type": "Point", "coordinates": [ 91.487460609928917, 62.83348961415237, 0.0 ] } },
{ "type": "Feature", "properties": { "Layer": "A_TEXTOLOCAL", "SubClasses": "AcDbEntity:AcDbText:AcDbAttributeDefinition", "EntityHandle": "1C1E4027", "Text": "1" }, "geometry": { "type": "Point", "coordinates": [ 91.491180848024158, 60.836385194822547, 0.0 ] } },
{ "type": "Feature", "properties": { "Layer": "A_TEXTOLOCAL", "SubClasses": "AcDbEntity:AcDbText:AcDbAttributeDefinition", "EntityHandle": "1C1E4029", "Text": "1" }, "geometry": { "type": "Point", "coordinates": [ 91.491180848024158, 59.808956945636169, 0.0 ] } },
{ "type": "Feature", "properties": { "Layer": "A_TEXTOLOCAL", "SubClasses": "AcDbEntity:AcDbText:AcDbAttributeDefinition", "EntityHandle": "1C1E402B", "Text": "1" }, "geometry": { "type": "Point", "coordinates": [ 91.494901086119398, 59.275715228838777, 0.0 ] } },
{ "type": "Feature", "properties": { "Layer": "A_TEXTOLOCAL", "SubClasses": "AcDbEntity:AcDbText:AcDbAttributeDefinition", "EntityHandle": "1C1E402D", "Text": "1" }, "geometry": { "type": "Point", "coordinates": [ 91.573026086119398, 94.483711872623758, 0.0 ] } },
{ "type": "Feature", "properties": { "Layer": "A_TEXTOLOCAL", "SubClasses": "AcDbEntity:AcDbText:AcDbAttributeDefinition", "EntityHandle": "1C1E403B", "Text": "1" }, "geometry": { "type": "Point", "coordinates": [ 0.913890198210013, 69.691067526485369, 0.0 ] } },
{ "type": "Feature", "properties": { "Layer": "A_TEXTOLOCAL", "SubClasses": "AcDbEntity:AcDbText:AcDbAttributeDefinition", "EntityHandle": "1C1E403D", "Text": "1" }, "geometry": { "type": "Point", "coordinates": [ 0.891568769638584, 66.692505522397454, 0.0 ] } },
{ "type": "Feature", "properties": { "Layer": "A_TEXTOLOCAL", "SubClasses": "AcDbEntity:AcDbText:AcDbAttributeDefinition", "EntityHandle": "1C1E403F", "Text": "1" }, "geometry": { "type": "Point", "coordinates": [ 0.891568769638584, 61.156530253571958, 0.0 ] } },
{ "type": "Feature", "properties": { "Layer": "A_TEXTOLOCAL", "SubClasses": "AcDbEntity:AcDbText:AcDbAttributeDefinition", "EntityHandle": "1C1E4041", "Text": "1" }, "geometry": { "type": "Point", "coordinates": [ 0.891568769638584, 59.704396504835159, 0.0 ] } },
{ "type": "Feature", "properties": { "Layer": "A_TEXTOLOCAL", "SubClasses": "AcDbEntity:AcDbText:AcDbAttributeDefinition", "EntityHandle": "1C1E4043", "Text": "1" }, "geometry": { "type": "Point", "coordinates": [ 35.902591150670602, 56.40833987918856, 0.0 ] } },
{ "type": "Feature", "properties": { "Layer": "A_TEXTOLOCAL", "SubClasses": "AcDbEntity:AcDbText:AcDbAttributeDefinition", "EntityHandle": "1C1E4045", "Text": "1" }, "geometry": { "type": "Point", "coordinates": [ 39.186789662718702, 56.40833987918856, 0.0 ] } },
{ "type": "Feature", "properties": { "Layer": "A_TEXTOLOCAL", "SubClasses": "AcDbEntity:AcDbText:AcDbAttributeDefinition", "EntityHandle": "1C1E4047", "Text": "1" }, "geometry": { "type": "Point", "coordinates": [ 40.743350656251842, 56.40833987918856, 0.0 ] } },
{ "type": "Feature", "properties": { "Layer": "A_TEXTOLOCAL", "SubClasses": "AcDbEntity:AcDbText:AcDbAttributeDefinition", "EntityHandle": "1C1E4049", "Text": "1" }, "geometry": { "type": "Point", "coordinates": [ 41.812062207681663, 56.40833987918856, 0.0 ] } },
{ "type": "Feature", "properties": { "Layer": "A_TEXTOLOCAL", "SubClasses": "AcDbEntity:AcDbText:AcDbAttributeDefinition", "EntityHandle": "1C1E404B", "Text": "1" }, "geometry": { "type": "Point", "coordinates": [ 43.362076541252073, 56.393458926807611, 0.0 ] } },
{ "type": "Feature", "properties": { "Layer": "A_TEXTOLOCAL", "SubClasses": "AcDbEntity:AcDbText:AcDbAttributeDefinition", "EntityHandle": "1C1E404D", "Text": "1" }, "geometry": { "type": "Point", "coordinates": [ 58.767950727050959, 56.40833987918856, 0.0 ] } },
{ "type": "Feature", "properties": { "Layer": "A_TEXTOLOCAL", "SubClasses": "AcDbEntity:AcDbText:AcDbAttributeDefinition", "EntityHandle": "1C1E404F", "Text": "1" }, "geometry": { "type": "Point", "coordinates": [ 59.546391309467651, 56.40833987918856, 0.0 ] } },
{ "type": "Feature", "properties": { "Layer": "A_TEXTOLOCAL", "SubClasses": "AcDbEntity:AcDbText:AcDbAttributeDefinition", "EntityHandle": "1C1E4051", "Text": "1" }, "geometry": { "type": "Point", "coordinates": [ 63.390088584633823, 56.415780355379027, 0.0 ] } },
{ "type": "Feature", "properties": { "Layer": "A_TEXTOLOCAL", "SubClasses": "AcDbEntity:AcDbText:AcDbAttributeDefinition", "EntityHandle": "1C1E4053", "Text": "1" }, "geometry": { "type": "Point", "coordinates": [ 77.724621878885443, 56.40833987918856, 0.0 ] } },
{ "type": "Feature", "properties": { "Layer": "A_TEXTOLOCAL", "SubClasses": "AcDbEntity:AcDbText:AcDbAttributeDefinition", "EntityHandle": "1C1E4055", "Text": "1" }, "geometry": { "type": "Point", "coordinates": [ 78.917189866598335, 56.40833987918856, 0.0 ] } },
{ "type": "Feature", "properties": { "Layer": "A_TEXTOLOCAL", "SubClasses": "AcDbEntity:AcDbText:AcDbAttributeDefinition", "EntityHandle": "1C1E4057", "Text": "1" }, "geometry": { "type": "Point", "coordinates": [ 80.599535618732531, 56.40833987918856, 0.0 ] } },
{ "type": "Feature", "properties": { "Layer": "A_TEXTOLOCAL", "SubClasses": "AcDbEntity:AcDbText:AcDbAttributeDefinition", "EntityHandle": "1C1E4059", "Text": "1" }, "geometry": { "type": "Point", "coordinates": [ 85.022839792613979, 56.40833987918856, 0.0 ] } },
{ "type": "Feature", "properties": { "Layer": "A_TEXTOLOCAL", "SubClasses": "AcDbEntity:AcDbText:AcDbAttributeDefinition", "EntityHandle": "1C1E405B", "Text": "1" }, "geometry": { "type": "Point", "coordinates": [ 87.024864318692082, 56.40833987918856, 0.0 ] } },
{ "type": "Feature", "properties": { "Layer": "A_TEXTOLOCAL", "SubClasses": "AcDbEntity:AcDbText:AcDbAttributeDefinition", "EntityHandle": "1C1E405D", "Text": "1" }, "geometry": { "type": "Point", "coordinates": [ 88.698297383123574, 56.40833987918856, 0.0 ] } },
{ "type": "Feature", "properties": { "Layer": "A_TEXTOLOCAL", "SubClasses": "AcDbEntity:AcDbText:AcDbAttributeDefinition", "EntityHandle": "1C1E405F", "Text": "1" }, "geometry": { "type": "Point", "coordinates": [ 91.58046656230988, 81.587954481007756, 0.0 ] } },
{ "type": "Feature", "properties": { "Layer": "A_TEXTOLOCAL", "SubClasses": "AcDbEntity:AcDbMText", "EntityHandle": "1C1E4098", "Text": "BAÑO" }, "geometry": { "type": "Point", "coordinates": [ 7.618958917036593, 65.607838868895556, 0.0 ] } },
{ "type": "Feature", "properties": { "Layer": "A_TEXTOLOCAL", "SubClasses": "AcDbEntity:AcDbText:AcDbAttributeDefinition", "EntityHandle": "1C1E4196", "Text": "1" }, "geometry": { "type": "Point", "coordinates": [ 91.551903423570536, 88.914219403209387, 0.0 ] } },
{ "type": "Feature", "properties": { "Layer": "A_TEXTOLOCAL", "SubClasses": "AcDbEntity:AcDbMText", "EntityHandle": "1C2180D3", "Text": "TOLVA \nBINS" }, "geometry": { "type": "Point", "coordinates": [ 5.550411913158314, 76.107036025496882, 0.0 ] } },
{ "type": "Feature", "properties": { "Layer": "A_TEXTOLOCAL", "SubClasses": "AcDbEntity:AcDbMText", "EntityHandle": "1C257C3D", "Text": "BALANZA \nESTATICA" }, "geometry": { "type": "Point", "coordinates": [ 56.522501582777977, 83.814309829124582, -0.0 ] } },
{ "type": "Feature", "properties": { "Layer": "A_TEXTOLOCAL", "SubClasses": "AcDbEntity:AcDbLine", "EntityHandle": "1C258C9C" }, "geometry": { "type": "LineString", "coordinates": [ [ 51.774375911584343, 94.04943479758191, 0.0 ], [ 51.974375911584268, 94.04943479758191, 0.0 ] ] } },
{ "type": "Feature", "properties": { "Layer": "A_TEXTOLOCAL", "SubClasses": "AcDbEntity:AcDbLine", "EntityHandle": "1C258C9D" }, "geometry": { "type": "LineString", "coordinates": [ [ 51.974375911584268, 94.04943479758191, 0.0 ], [ 51.974375911584268, 94.249434797581728, 0.0 ] ] } },
{ "type": "Feature", "properties": { "Layer": "A_TEXTOLOCAL", "SubClasses": "AcDbEntity:AcDbLine", "EntityHandle": "1C258C9E" }, "geometry": { "type": "LineString", "coordinates": [ [ 51.974375911584268, 94.249434797581728, 0.0 ], [ 51.774375911584343, 94.249434797581728, 0.0 ] ] } },
{ "type": "Feature", "properties": { "Layer": "A_TEXTOLOCAL", "SubClasses": "AcDbEntity:AcDbLine", "EntityHandle": "1C258C9F" }, "geometry": { "type": "LineString", "coordinates": [ [ 51.774375911584343, 94.249434797581728, 0.0 ], [ 51.774375911584343, 94.04943479758191, 0.0 ] ] } },
{ "type": "Feature", "properties": { "Layer": "A_TEXTOLOCAL", "SubClasses": "AcDbEntity:AcDbLine", "EntityHandle": "1C258CA0" }, "geometry": { "type": "LineString", "coordinates": [ [ 51.774375911584343, 94.04943479758191, 0.0 ], [ 51.974375911584268, 94.04943479758191, 0.0 ] ] } },
{ "type": "Feature", "properties": { "Layer": "A_TEXTOLOCAL", "SubClasses": "AcDbEntity:AcDbLine", "EntityHandle": "1C258CA1" }, "geometry": { "type": "LineString", "coordinates": [ [ 51.974375911584268, 94.04943479758191, 0.0 ], [ 51.974375911584268, 94.249434797582069, 0.0 ] ] } },
{ "type": "Feature", "properties": { "Layer": "A_TEXTOLOCAL", "SubClasses": "AcDbEntity:AcDbLine", "EntityHandle": "1C258CA2" }, "geometry": { "type": "LineString", "coordinates": [ [ 51.974375911584268, 94.249434797582069, 0.0 ], [ 51.774375911584343, 94.249434797582069, 0.0 ] ] } },
{ "type": "Feature", "properties": { "Layer": "A_TEXTOLOCAL", "SubClasses": "AcDbEntity:AcDbLine", "EntityHandle": "1C258CA3" }, "geometry": { "type": "LineString", "coordinates": [ [ 51.774375911584343, 94.249434797582069, 0.0 ], [ 51.774375911584343, 94.04943479758191, 0.0 ] ] } },
{ "type": "Feature", "properties": { "Layer": "A_TEXTOLOCAL", "SubClasses": "AcDbEntity:AcDbLine", "EntityHandle": "1C258CA4" }, "geometry": { "type": "LineString", "coordinates": [ [ 51.774375911584343, 89.029434797581928, 0.0 ], [ 51.974375911584268, 89.029434797581928, 0.0 ] ] } },
{ "type": "Feature", "properties": { "Layer": "A_TEXTOLOCAL", "SubClasses": "AcDbEntity:AcDbLine", "EntityHandle": "1C258CA5" }, "geometry": { "type": "LineString", "coordinates": [ [ 51.974375911584268, 89.029434797581928, 0.0 ], [ 51.974375911584268, 89.22943479758186, 0.0 ] ] } },
{ "type": "Feature", "properties": { "Layer": "A_TEXTOLOCAL", "SubClasses": "AcDbEntity:AcDbLine", "EntityHandle": "1C258CA6" }, "geometry": { "type": "LineString", "coordinates": [ [ 51.974375911584268, 89.22943479758186, 0.0 ], [ 51.774375911584343, 89.22943479758186, 0.0 ] ] } },
{ "type": "Feature", "properties": { "Layer": "A_TEXTOLOCAL", "SubClasses": "AcDbEntity:AcDbLine", "EntityHandle": "1C258CA7" }, "geometry": { "type": "LineString", "coordinates": [ [ 51.774375911584343, 89.22943479758186, 0.0 ], [ 51.774375911584343, 89.029434797581928, 0.0 ] ] } },
{ "type": "Feature", "properties": { "Layer": "A_TEXTOLOCAL", "SubClasses": "AcDbEntity:AcDbLine", "EntityHandle": "1C258CA8" }, "geometry": { "type": "LineString", "coordinates": [ [ 51.774375911584343, 85.159434797582037, 0.0 ], [ 51.974375911584268, 85.159434797582037, 0.0 ] ] } },
{ "type": "Feature", "properties": { "Layer": "A_TEXTOLOCAL", "SubClasses": "AcDbEntity:AcDbLine", "EntityHandle": "1C258CA9" }, "geometry": { "type": "LineString", "coordinates": [ [ 51.974375911584268, 85.159434797582037, 0.0 ], [ 51.974375911584268, 85.359434797581855, 0.0 ] ] } },
{ "type": "Feature", "properties": { "Layer": "A_TEXTOLOCAL", "SubClasses": "AcDbEntity:AcDbLine", "EntityHandle": "1C258CAA" }, "geometry": { "type": "LineString", "coordinates": [ [ 51.974375911584268, 85.359434797581855, 0.0 ], [ 51.774375911584343, 85.359434797581855, 0.0 ] ] } },
{ "type": "Feature", "properties": { "Layer": "A_TEXTOLOCAL", "SubClasses": "AcDbEntity:AcDbLine", "EntityHandle": "1C258CAB" }, "geometry": { "type": "LineString", "coordinates": [ [ 51.774375911584343, 85.359434797581855, 0.0 ], [ 51.774375911584343, 85.159434797582037, 0.0 ] ] } },
{ "type": "Feature", "properties": { "Layer": "A_TEXTOLOCAL", "SubClasses": "AcDbEntity:AcDbLine", "EntityHandle": "1C258CAC" }, "geometry": { "type": "LineString", "coordinates": [ [ 51.774375911584343, 81.159434797581469, 0.0 ], [ 51.974375911584268, 81.159434797581469, 0.0 ] ] } },
{ "type": "Feature", "properties": { "Layer": "A_TEXTOLOCAL", "SubClasses": "AcDbEntity:AcDbLine", "EntityHandle": "1C258CAD" }, "geometry": { "type": "LineString", "coordinates": [ [ 51.974375911584268, 81.159434797581469, 0.0 ], [ 51.974375911584268, 81.359434797581855, 0.0 ] ] } },
{ "type": "Feature", "properties": { "Layer": "A_TEXTOLOCAL", "SubClasses": "AcDbEntity:AcDbLine", "EntityHandle": "1C258CAE" }, "geometry": { "type": "LineString", "coordinates": [ [ 51.974375911584268, 81.359434797581855, 0.0 ], [ 51.774375911584343, 81.359434797581855, 0.0 ] ] } },
{ "type": "Feature", "properties": { "Layer": "A_TEXTOLOCAL", "SubClasses": "AcDbEntity:AcDbLine", "EntityHandle": "1C258CAF" }, "geometry": { "type": "LineString", "coordinates": [ [ 51.774375911584343, 81.359434797581855, 0.0 ], [ 51.774375911584343, 81.159434797581469, 0.0 ] ] } },
{ "type": "Feature", "properties": { "Layer": "A_TEXTOLOCAL", "SubClasses": "AcDbEntity:AcDbLine", "EntityHandle": "1C258CB0" }, "geometry": { "type": "LineString", "coordinates": [ [ 51.774375911584343, 77.489434797581737, 0.0 ], [ 51.974375911584268, 77.489434797581737, 0.0 ] ] } },
{ "type": "Feature", "properties": { "Layer": "A_TEXTOLOCAL", "SubClasses": "AcDbEntity:AcDbLine", "EntityHandle": "1C258CB1" }, "geometry": { "type": "LineString", "coordinates": [ [ 51.974375911584268, 77.489434797581737, 0.0 ], [ 51.974375911584268, 77.689434797581669, 0.0 ] ] } },
{ "type": "Feature", "properties": { "Layer": "A_TEXTOLOCAL", "SubClasses": "AcDbEntity:AcDbLine", "EntityHandle": "1C258CB2" }, "geometry": { "type": "LineString", "coordinates": [ [ 51.974375911584268, 77.689434797581669, 0.0 ], [ 51.774375911584343, 77.689434797581669, 0.0 ] ] } },
{ "type": "Feature", "properties": { "Layer": "A_TEXTOLOCAL", "SubClasses": "AcDbEntity:AcDbLine", "EntityHandle": "1C258CB3" }, "geometry": { "type": "LineString", "coordinates": [ [ 51.774375911584343, 77.689434797581669, 0.0 ], [ 51.774375911584343, 77.489434797581737, 0.0 ] ] } },
{ "type": "Feature", "properties": { "Layer": "A_TEXTOLOCAL", "SubClasses": "AcDbEntity:AcDbLine", "EntityHandle": "1C258CB4" }, "geometry": { "type": "LineString", "coordinates": [ [ 51.774375911584343, 73.149434797582273, 0.0 ], [ 51.974375911584268, 73.149434797582273, 0.0 ] ] } },
{ "type": "Feature", "properties": { "Layer": "A_TEXTOLOCAL", "SubClasses": "AcDbEntity:AcDbLine", "EntityHandle": "1C258CB5" }, "geometry": { "type": "LineString", "coordinates": [ [ 51.974375911584268, 73.149434797582273, 0.0 ], [ 51.974375911584268, 73.349434797581978, 0.0 ] ] } },
{ "type": "Feature", "properties": { "Layer": "A_TEXTOLOCAL", "SubClasses": "AcDbEntity:AcDbLine", "EntityHandle": "1C258CB6" }, "geometry": { "type": "LineString", "coordinates": [ [ 51.974375911584268, 73.349434797581978, 0.0 ], [ 51.774375911584343, 73.349434797581978, 0.0 ] ] } },
{ "type": "Feature", "properties": { "Layer": "A_TEXTOLOCAL", "SubClasses": "AcDbEntity:AcDbLine", "EntityHandle": "1C258CB7" }, "geometry": { "type": "LineString", "coordinates": [ [ 51.774375911584343, 73.349434797581978, 0.0 ], [ 51.774375911584343, 73.149434797582273, 0.0 ] ] } },
{ "type": "Feature", "properties": { "Layer": "A_TEXTOLOCAL", "SubClasses": "AcDbEntity:AcDbLine", "EntityHandle": "1C258CB8" }, "geometry": { "type": "LineString", "coordinates": [ [ 51.774375911584343, 68.719434797581869, 0.0 ], [ 51.974375911584268, 68.719434797581869, 0.0 ] ] } },
{ "type": "Feature", "properties": { "Layer": "A_TEXTOLOCAL", "SubClasses": "AcDbEntity:AcDbLine", "EntityHandle": "1C258CB9" }, "geometry": { "type": "LineString", "coordinates": [ [ 51.974375911584268, 68.719434797581869, 0.0 ], [ 51.974375911584268, 68.919434797582255, 0.0 ] ] } },
{ "type": "Feature", "properties": { "Layer": "A_TEXTOLOCAL", "SubClasses": "AcDbEntity:AcDbLine", "EntityHandle": "1C258CBA" }, "geometry": { "type": "LineString", "coordinates": [ [ 51.974375911584268, 68.919434797582255, 0.0 ], [ 51.774375911584343, 68.919434797582255, 0.0 ] ] } },
{ "type": "Feature", "properties": { "Layer": "A_TEXTOLOCAL", "SubClasses": "AcDbEntity:AcDbLine", "EntityHandle": "1C258CBB" }, "geometry": { "type": "LineString", "coordinates": [ [ 51.774375911584343, 68.919434797582255, 0.0 ], [ 51.774375911584343, 68.719434797581869, 0.0 ] ] } },
{ "type": "Feature", "properties": { "Layer": "A_TEXTOLOCAL", "SubClasses": "AcDbEntity:AcDbLine", "EntityHandle": "1C258CC4" }, "geometry": { "type": "LineString", "coordinates": [ [ 63.174375911584093, 94.249434797581728, 0.0 ], [ 63.274375911583888, 94.249434797581728, 0.0 ] ] } },
{ "type": "Feature", "properties": { "Layer": "A_TEXTOLOCAL", "SubClasses": "AcDbEntity:AcDbLine", "EntityHandle": "1C258CC5" }, "geometry": { "type": "LineString", "coordinates": [ [ 63.274375911583888, 94.249434797581728, 0.0 ], [ 63.274375911583888, 94.149434797581819, 0.0 ] ] } },
{ "type": "Feature", "properties": { "Layer": "A_TEXTOLOCAL", "SubClasses": "AcDbEntity:AcDbLine", "EntityHandle": "1C258CC6" }, "geometry": { "type": "LineString", "coordinates": [ [ 63.274375911583888, 94.149434797581819, 0.0 ], [ 63.174375911584093, 94.149434797581819, 0.0 ] ] } },
{ "type": "Feature", "properties": { "Layer": "A_TEXTOLOCAL", "SubClasses": "AcDbEntity:AcDbLine", "EntityHandle": "1C258CC7" }, "geometry": { "type": "LineString", "coordinates": [ [ 63.174375911584093, 94.149434797581819, 0.0 ], [ 63.174375911584093, 94.249434797581728, 0.0 ] ] } },
{ "type": "Feature", "properties": { "Layer": "A_TEXTOLOCAL", "SubClasses": "AcDbEntity:AcDbLine", "EntityHandle": "1C258CC8" }, "geometry": { "type": "LineString", "coordinates": [ [ 63.084375911584402, 89.239434797581737, 0.0 ], [ 63.184375911584311, 89.239434797581737, 0.0 ] ] } },
{ "type": "Feature", "properties": { "Layer": "A_TEXTOLOCAL", "SubClasses": "AcDbEntity:AcDbLine", "EntityHandle": "1C258CC9" }, "geometry": { "type": "LineString", "coordinates": [ [ 63.184375911584311, 89.239434797581737, 0.0 ], [ 63.184375911584311, 89.139434797581828, 0.0 ] ] } },
{ "type": "Feature", "properties": { "Layer": "A_TEXTOLOCAL", "SubClasses": "AcDbEntity:AcDbLine", "EntityHandle": "1C258CCA" }, "geometry": { "type": "LineString", "coordinates": [ [ 63.184375911584311, 89.139434797581828, 0.0 ], [ 63.084375911584402, 89.139434797581828, 0.0 ] ] } },
{ "type": "Feature", "properties": { "Layer": "A_TEXTOLOCAL", "SubClasses": "AcDbEntity:AcDbLine", "EntityHandle": "1C258CCB" }, "geometry": { "type": "LineString", "coordinates": [ [ 63.084375911584402, 89.139434797581828, 0.0 ], [ 63.084375911584402, 89.239434797581737, 0.0 ] ] } },
{ "type": "Feature", "properties": { "Layer": "A_TEXTOLOCAL", "SubClasses": "AcDbEntity:AcDbLine", "EntityHandle": "1C258CCC" }, "geometry": { "type": "LineString", "coordinates": [ [ 63.104375911584377, 85.359434797581855, 0.0 ], [ 63.204375911584293, 85.359434797581855, 0.0 ] ] } },
{ "type": "Feature", "properties": { "Layer": "A_TEXTOLOCAL", "SubClasses": "AcDbEntity:AcDbLine", "EntityHandle": "1C258CCD" }, "geometry": { "type": "LineString", "coordinates": [ [ 63.204375911584293, 85.359434797581855, 0.0 ], [ 63.204375911584293, 85.259434797581946, 0.0 ] ] } },
{ "type": "Feature", "properties": { "Layer": "A_TEXTOLOCAL", "SubClasses": "AcDbEntity:AcDbLine", "EntityHandle": "1C258CCE" }, "geometry": { "type": "LineString", "coordinates": [ [ 63.204375911584293, 85.259434797581946, 0.0 ], [ 63.104375911584377, 85.259434797581946, 0.0 ] ] } },
{ "type": "Feature", "properties": { "Layer": "A_TEXTOLOCAL", "SubClasses": "AcDbEntity:AcDbLine", "EntityHandle": "1C258CCF" }, "geometry": { "type": "LineString", "coordinates": [ [ 63.104375911584377, 85.259434797581946, 0.0 ], [ 63.104375911584377, 85.359434797581855, 0.0 ] ] } },
{ "type": "Feature", "properties": { "Layer": "A_TEXTOLOCAL", "SubClasses": "AcDbEntity:AcDbLine", "EntityHandle": "1C258CD0" }, "geometry": { "type": "LineString", "coordinates": [ [ 63.174375911584093, 81.29943479758191, 0.0 ], [ 63.274375911583888, 81.29943479758191, 0.0 ] ] } },
{ "type": "Feature", "properties": { "Layer": "A_TEXTOLOCAL", "SubClasses": "AcDbEntity:AcDbLine", "EntityHandle": "1C258CD1" }, "geometry": { "type": "LineString", "coordinates": [ [ 63.274375911583888, 81.29943479758191, 0.0 ], [ 63.274375911583888, 81.199434797581887, 0.0 ] ] } },
{ "type": "Feature", "properties": { "Layer": "A_TEXTOLOCAL", "SubClasses": "AcDbEntity:AcDbLine", "EntityHandle": "1C258CD2" }, "geometry": { "type": "LineString", "coordinates": [ [ 63.274375911583888, 81.199434797581887, 0.0 ], [ 63.174375911584093, 81.199434797581887, 0.0 ] ] } },
{ "type": "Feature", "properties": { "Layer": "A_TEXTOLOCAL", "SubClasses": "AcDbEntity:AcDbLine", "EntityHandle": "1C258CD3" }, "geometry": { "type": "LineString", "coordinates": [ [ 63.174375911584093, 81.199434797581887, 0.0 ], [ 63.174375911584093, 81.29943479758191, 0.0 ] ] } },
{ "type": "Feature", "properties": { "Layer": "A_TEXTOLOCAL", "SubClasses": "AcDbEntity:AcDbLine", "EntityHandle": "1C258CD4" }, "geometry": { "type": "LineString", "coordinates": [ [ 63.024375911583888, 77.61943479758196, 0.0 ], [ 63.124375911583911, 77.61943479758196, 0.0 ] ] } },
{ "type": "Feature", "properties": { "Layer": "A_TEXTOLOCAL", "SubClasses": "AcDbEntity:AcDbLine", "EntityHandle": "1C258CD5" }, "geometry": { "type": "LineString", "coordinates": [ [ 63.124375911583911, 77.61943479758196, 0.0 ], [ 63.124375911583911, 77.519434797582164, 0.0 ] ] } },
{ "type": "Feature", "properties": { "Layer": "A_TEXTOLOCAL", "SubClasses": "AcDbEntity:AcDbLine", "EntityHandle": "1C258CD6" }, "geometry": { "type": "LineString", "coordinates": [ [ 63.124375911583911, 77.519434797582164, 0.0 ], [ 63.024375911583888, 77.519434797582164, 0.0 ] ] } },
{ "type": "Feature", "properties": { "Layer": "A_TEXTOLOCAL", "SubClasses": "AcDbEntity:AcDbLine", "EntityHandle": "1C258CD7" }, "geometry": { "type": "LineString", "coordinates": [ [ 63.024375911583888, 77.519434797582164, 0.0 ], [ 63.024375911583888, 77.61943479758196, 0.0 ] ] } },
{ "type": "Feature", "properties": { "Layer": "A_TEXTOLOCAL", "SubClasses": "AcDbEntity:AcDbLine", "EntityHandle": "1C258CE2" }, "geometry": { "type": "LineString", "coordinates": [ [ 60.584375911583948, 76.428434797581474, 0.0 ], [ 61.384375911584129, 76.428434797581474, 0.0 ] ] } },
{ "type": "Feature", "properties": { "Layer": "A_TEXTOLOCAL", "SubClasses": "AcDbEntity:AcDbLine", "EntityHandle": "1C258CE5" }, "geometry": { "type": "LineString", "coordinates": [ [ 59.624375911583911, 76.138231037383264, 0.0 ], [ 59.624375911583911, 75.338231037383082, 0.0 ] ] } },
{ "type": "Feature", "properties": { "Layer": "A_TEXTOLOCAL", "SubClasses": "AcDbEntity:AcDbLine", "EntityHandle": "1C258CE9" }, "geometry": { "type": "LineString", "coordinates": [ [ 53.844375911583263, 66.72943479758186, 0.0 ], [ 55.134375911583113, 66.72943479758186, 0.0 ] ] } },
{ "type": "Feature", "properties": { "Layer": "A_TEXTOLOCAL", "SubClasses": "AcDbEntity:AcDbLine", "EntityHandle": "1C258CEA" }, "geometry": { "type": "LineString", "coordinates": [ [ 58.614375911583693, 66.72943479758186, 0.0 ], [ 58.574375911583729, 66.72943479758186, 0.0 ] ] } },
{ "type": "Feature", "properties": { "Layer": "A_TEXTOLOCAL", "SubClasses": "AcDbEntity:AcDbLine", "EntityHandle": "1C258CFC" }, "geometry": { "type": "LineString", "coordinates": [ [ 51.484375911585737, 66.769434797582051, 0.0 ], [ 51.484375911585737, 66.869434797582073, 0.0 ] ] } },
{ "type": "Feature", "properties": { "Layer": "A_TEXTOLOCAL", "SubClasses": "AcDbEntity:AcDbLine", "EntityHandle": "1C258CFD" }, "geometry": { "type": "LineString", "coordinates": [ [ 51.684375911585683, 66.869434797582073, 0.0 ], [ 51.68437591158613, 66.769434797582051, 0.0 ] ] } },
{ "type": "Feature", "properties": { "Layer": "A_TEXTOLOCAL", "SubClasses": "AcDbEntity:AcDbLine", "EntityHandle": "1C258D01" }, "geometry": { "type": "LineString", "coordinates": [ [ 51.484375911585737, 66.869434797582073, 0.0 ], [ 51.684375911585683, 66.869434797582073, 0.0 ] ] } },
{ "type": "Feature", "properties": { "Layer": "A_TEXTOLOCAL", "SubClasses": "AcDbEntity:AcDbLine", "EntityHandle": "1C258DF8" }, "geometry": { "type": "LineString", "coordinates": [ [ 55.464375911584057, 82.629434797581951, 0.0 ], [ 55.464375911584057, 81.379434797581837, 0.0 ] ] } },
{ "type": "Feature", "properties": { "Layer": "A_TEXTOLOCAL", "SubClasses": "AcDbEntity:AcDbLine", "EntityHandle": "1C258DF9" }, "geometry": { "type": "LineString", "coordinates": [ [ 56.124375911584373, 82.629434797581951, 0.0 ], [ 56.124375911584373, 81.379434797581837, 0.0 ] ] } },
{ "type": "Feature", "properties": { "Layer": "A_TEXTOLOCAL", "SubClasses": "AcDbEntity:AcDbLine", "EntityHandle": "1C258DFA" }, "geometry": { "type": "LineString", "coordinates": [ [ 55.464375911584057, 82.629434797581951, 0.0 ], [ 56.124375911584373, 82.629434797581951, 0.0 ] ] } },
{ "type": "Feature", "properties": { "Layer": "A_TEXTOLOCAL", "SubClasses": "AcDbEntity:AcDbLine", "EntityHandle": "1C258DFB" }, "geometry": { "type": "LineString", "coordinates": [ [ 55.464375911584057, 81.379434797581837, 0.0 ], [ 56.124375911584373, 81.379434797581837, 0.0 ] ] } },
{ "type": "Feature", "properties": { "Layer": "A_TEXTOLOCAL", "SubClasses": "AcDbEntity:AcDbLine", "EntityHandle": "1C258E5C" }, "geometry": { "type": "LineString", "coordinates": [ [ 62.558348897306807, 94.212951202762326, 0.0 ], [ 62.558348897306807, 94.112951202762304, 0.0 ] ] } },
{ "type": "Feature", "properties": { "Layer": "A_TEXTOLOCAL", "SubClasses": "AcDbEntity:AcDbLine", "EntityHandle": "1C258E5D" }, "geometry": { "type": "LineString", "coordinates": [ [ 62.558348897306807, 94.112951202762304, 0.0 ], [ 60.478348897306887, 94.112951202762304, 0.0 ] ] } },
{ "type": "Feature", "properties": { "Layer": "A_TEXTOLOCAL", "SubClasses": "AcDbEntity:AcDbLine", "EntityHandle": "1C258E5E" }, "geometry": { "type": "LineString", "coordinates": [ [ 60.478348897306887, 94.112951202762304, 0.0 ], [ 60.478348897306887, 94.212951202762326, 0.0 ] ] } },
{ "type": "Feature", "properties": { "Layer": "A_TEXTOLOCAL", "SubClasses": "AcDbEntity:AcDbLine", "EntityHandle": "1C258E5F" }, "geometry": { "type": "LineString", "coordinates": [ [ 60.478348897306887, 94.212951202762326, 0.0 ], [ 62.558348897306807, 94.212951202762326, 0.0 ] ] } },
{ "type": "Feature", "properties": { "Layer": "A_TEXTOLOCAL", "SubClasses": "AcDbEntity:AcDbLine", "EntityHandle": "1C258E60" }, "geometry": { "type": "LineString", "coordinates": [ [ 61.41873964356148, 93.982017717691463, 0.0 ], [ 61.869227008271757, 93.982017717691463, 0.0 ] ] } },
{ "type": "Feature", "properties": { "Layer": "A_TEXTOLOCAL", "SubClasses": "AcDbEntity:AcDbLine", "EntityHandle": "1C258E61" }, "geometry": { "type": "LineString", "coordinates": [ [ 61.869227008271757, 93.982017717691463, 0.0 ], [ 61.796517770796299, 93.892331301403317, 0.0 ] ] } },
{ "type": "Feature", "properties": { "Layer": "A_TEXTOLOCAL", "SubClasses": "AcDbEntity:AcDbLine", "EntityHandle": "1C258E62" }, "geometry": { "type": "LineString", "coordinates": [ [ 61.869227008271757, 93.982017717691463, 0.0 ], [ 61.796517770796299, 94.071704133979608, 0.0 ] ] } },
{ "type": "Feature", "properties": { "Layer": "A_TEXTOLOCAL", "SubClasses": "AcDbEntity:AcDbLine", "EntityHandle": "1C258E63" }, "geometry": { "type": "LineString", "coordinates": [ [ 63.300990833530363, 66.903190712528101, 0.0 ], [ 63.300990833530363, 66.803190712528192, 0.0 ] ] } },
{ "type": "Feature", "properties": { "Layer": "A_TEXTOLOCAL", "SubClasses": "AcDbEntity:AcDbLine", "EntityHandle": "1C258E64" }, "geometry": { "type": "LineString", "coordinates": [ [ 63.300990833530363, 66.803190712528192, 0.0 ], [ 63.400990833530393, 66.803190712528192, 0.0 ] ] } },
{ "type": "Feature", "properties": { "Layer": "A_TEXTOLOCAL", "SubClasses": "AcDbEntity:AcDbLine", "EntityHandle": "1C258E65" }, "geometry": { "type": "LineString", "coordinates": [ [ 63.400990833530393, 66.803190712528192, 0.0 ], [ 63.400990833530393, 66.903190712528101, 0.0 ] ] } },
{ "type": "Feature", "properties": { "Layer": "A_TEXTOLOCAL", "SubClasses": "AcDbEntity:AcDbLine", "EntityHandle": "1C258E66" }, "geometry": { "type": "LineString", "coordinates": [ [ 63.400990833530393, 66.903190712528101, 0.0 ], [ 63.300990833530363, 66.903190712528101, 0.0 ] ] } },
{ "type": "Feature", "properties": { "Layer": "A_TEXTOLOCAL", "SubClasses": "AcDbEntity:AcDbLine", "EntityHandle": "1C258E67" }, "geometry": { "type": "LineString", "coordinates": [ [ 63.300990833530363, 68.663190712528205, 0.0 ], [ 63.400990833530393, 68.663190712528205, 0.0 ] ] } },
{ "type": "Feature", "properties": { "Layer": "A_TEXTOLOCAL", "SubClasses": "AcDbEntity:AcDbLine", "EntityHandle": "1C258E68" }, "geometry": { "type": "LineString", "coordinates": [ [ 63.400990833530393, 68.663190712528205, 0.0 ], [ 63.400990833530393, 68.763190712528115, 0.0 ] ] } },
{ "type": "Feature", "properties": { "Layer": "A_TEXTOLOCAL", "SubClasses": "AcDbEntity:AcDbLine", "EntityHandle": "1C258E69" }, "geometry": { "type": "LineString", "coordinates": [ [ 63.400990833530393, 68.763190712528115, 0.0 ], [ 63.300990833530363, 68.763190712528115, 0.0 ] ] } },
{ "type": "Feature", "properties": { "Layer": "A_TEXTOLOCAL", "SubClasses": "AcDbEntity:AcDbLine", "EntityHandle": "1C258E6A" }, "geometry": { "type": "LineString", "coordinates": [ [ 63.300990833530363, 68.763190712528115, 0.0 ], [ 63.300990833530363, 68.663190712528205, 0.0 ] ] } },
{ "type": "Feature", "properties": { "Layer": "A_TEXTOLOCAL", "SubClasses": "AcDbEntity:AcDbLine", "EntityHandle": "1C258E6C" }, "geometry": { "type": "LineString", "coordinates": [ [ 63.400990833530393, 73.171269873636959, 0.0 ], [ 63.300990833530363, 73.171269873636959, 0.0 ] ] } },
{ "type": "Feature", "properties": { "Layer": "A_TEXTOLOCAL", "SubClasses": "AcDbEntity:AcDbLine", "EntityHandle": "1C258E6D" }, "geometry": { "type": "LineString", "coordinates": [ [ 63.300990833530363, 73.171269873636959, 0.0 ], [ 63.300990833530363, 73.07126987363705, 0.0 ] ] } },
{ "type": "Feature", "properties": { "Layer": "A_TEXTOLOCAL", "SubClasses": "AcDbEntity:AcDbLine", "EntityHandle": "1C258E6E" }, "geometry": { "type": "LineString", "coordinates": [ [ 63.300990833530363, 73.07126987363705, 0.0 ], [ 63.400990833530393, 73.071269873636936, 0.0 ] ] } },
{ "type": "Feature", "properties": { "Layer": "A_TEXTOLOCAL", "SubClasses": "AcDbEntity:AcDbLine", "EntityHandle": "1C258E6F" }, "geometry": { "type": "LineString", "coordinates": [ [ 63.400990833530393, 73.071269873636936, 0.0 ], [ 63.400990833530393, 73.171269873636959, 0.0 ] ] } },
{ "type": "Feature", "properties": { "Layer": "A_TEXTOLOCAL", "SubClasses": "AcDbEntity:AcDbLine", "EntityHandle": "1C261674" }, "geometry": { "type": "LineString", "coordinates": [ [ 11.43419777697531, 82.911195605981476, 0.0 ], [ 11.63419777697513, 82.911195605981476, 0.0 ] ] } },
{ "type": "Feature", "properties": { "Layer": "A_TEXTOLOCAL", "SubClasses": "AcDbEntity:AcDbLine", "EntityHandle": "1C261675" }, "geometry": { "type": "LineString", "coordinates": [ [ 11.63419777697513, 82.911195605981476, 0.0 ], [ 11.63419777697513, 82.51119560598184, 0.0 ] ] } },
{ "type": "Feature", "properties": { "Layer": "A_TEXTOLOCAL", "SubClasses": "AcDbEntity:AcDbLine", "EntityHandle": "1C261676" }, "geometry": { "type": "LineString", "coordinates": [ [ 11.63419777697513, 82.51119560598184, 0.0 ], [ 11.43419777697531, 82.51119560598184, 0.0 ] ] } },
{ "type": "Feature", "properties": { "Layer": "A_TEXTOLOCAL", "SubClasses": "AcDbEntity:AcDbLine", "EntityHandle": "1C261677" }, "geometry": { "type": "LineString", "coordinates": [ [ 11.43419777697531, 82.51119560598184, 0.0 ], [ 11.43419777697531, 82.911195605981476, 0.0 ] ] } },
{ "type": "Feature", "properties": { "Layer": "A_TEXTOLOCAL", "SubClasses": "AcDbEntity:AcDbLine", "EntityHandle": "1C261678" }, "geometry": { "type": "LineString", "coordinates": [ [ 7.374197776975109, 81.691195605981932, 0.0 ], [ 7.374197776975109, 83.321195605982041, 0.0 ] ] } },
{ "type": "Feature", "properties": { "Layer": "A_TEXTOLOCAL", "SubClasses": "AcDbEntity:AcDbLine", "EntityHandle": "1C261679" }, "geometry": { "type": "LineString", "coordinates": [ [ 7.374197776975109, 83.321195605982041, 0.0 ], [ 8.714197776975254, 83.321195605982041, 0.0 ] ] } },
{ "type": "Feature", "properties": { "Layer": "A_TEXTOLOCAL", "SubClasses": "AcDbEntity:AcDbLine", "EntityHandle": "1C26167A" }, "geometry": { "type": "LineString", "coordinates": [ [ 8.714197776975254, 83.321195605982041, 0.0 ], [ 8.714197776975254, 81.691195605981932, 0.0 ] ] } },
{ "type": "Feature", "properties": { "Layer": "A_TEXTOLOCAL", "SubClasses": "AcDbEntity:AcDbLine", "EntityHandle": "1C26167B" }, "geometry": { "type": "LineString", "coordinates": [ [ 8.714197776975254, 81.691195605981932, 0.0 ], [ 7.374197776975109, 81.691195605981932, 0.0 ] ] } },
{ "type": "Feature", "properties": { "Layer": "A_TEXTOLOCAL", "SubClasses": "AcDbEntity:AcDbLine", "EntityHandle": "1C26167C" }, "geometry": { "type": "LineString", "coordinates": [ [ 7.614197776975431, 87.131195605981716, 0.0 ], [ 7.614197776975431, 87.441195605981846, 0.0 ] ] } },
{ "type": "Feature", "properties": { "Layer": "A_TEXTOLOCAL", "SubClasses": "AcDbEntity:AcDbLine", "EntityHandle": "1C26167D" }, "geometry": { "type": "LineString", "coordinates": [ [ 7.614197776975431, 87.441195605981846, 0.0 ], [ 8.354197776975383, 87.441195605981846, 0.0 ] ] } },
{ "type": "Feature", "properties": { "Layer": "A_TEXTOLOCAL", "SubClasses": "AcDbEntity:AcDbLine", "EntityHandle": "1C26167E" }, "geometry": { "type": "LineString", "coordinates": [ [ 8.354197776975383, 87.441195605981846, 0.0 ], [ 8.354197776975383, 87.131195605981716, 0.0 ] ] } },
{ "type": "Feature", "properties": { "Layer": "A_TEXTOLOCAL", "SubClasses": "AcDbEntity:AcDbLine", "EntityHandle": "1C26167F" }, "geometry": { "type": "LineString", "coordinates": [ [ 8.354197776975383, 87.131195605981716, 0.0 ], [ 7.614197776975431, 87.131195605981716, 0.0 ] ] } },
{ "type": "Feature", "properties": { "Layer": "A_TEXTOLOCAL", "SubClasses": "AcDbEntity:AcDbLine", "EntityHandle": "1C261680" }, "geometry": { "type": "LineString", "coordinates": [ [ 7.614197776975431, 91.07119560598241, 0.0 ], [ 7.614197776975431, 91.381195605981901, 0.0 ] ] } },
{ "type": "Feature", "properties": { "Layer": "A_TEXTOLOCAL", "SubClasses": "AcDbEntity:AcDbLine", "EntityHandle": "1C261681" }, "geometry": { "type": "LineString", "coordinates": [ [ 7.614197776975431, 91.381195605981901, 0.0 ], [ 8.354197776975383, 91.381195605981901, 0.0 ] ] } },
{ "type": "Feature", "properties": { "Layer": "A_TEXTOLOCAL", "SubClasses": "AcDbEntity:AcDbLine", "EntityHandle": "1C261682" }, "geometry": { "type": "LineString", "coordinates": [ [ 8.354197776975383, 91.381195605981901, 0.0 ], [ 8.354197776975383, 91.07119560598241, 0.0 ] ] } },
{ "type": "Feature", "properties": { "Layer": "A_TEXTOLOCAL", "SubClasses": "AcDbEntity:AcDbLine", "EntityHandle": "1C261683" }, "geometry": { "type": "LineString", "coordinates": [ [ 8.354197776975383, 91.07119560598241, 0.0 ], [ 7.614197776975431, 91.07119560598241, 0.0 ] ] } },
{ "type": "Feature", "properties": { "Layer": "A_TEXTOLOCAL", "SubClasses": "AcDbEntity:AcDbLine", "EntityHandle": "1C26168A" }, "geometry": { "type": "LineString", "coordinates": [ [ 27.784197776974789, 101.221195605981706, 0.0 ], [ 27.88419777697516, 101.221195605981706, 0.0 ] ] } },
{ "type": "Feature", "properties": { "Layer": "A_TEXTOLOCAL", "SubClasses": "AcDbEntity:AcDbLine", "EntityHandle": "1C26168B" }, "geometry": { "type": "LineString", "coordinates": [ [ 27.88419777697516, 101.221195605981706, 0.0 ], [ 27.88419777697516, 101.021195605981305, 0.0 ] ] } },
{ "type": "Feature", "properties": { "Layer": "A_TEXTOLOCAL", "SubClasses": "AcDbEntity:AcDbLine", "EntityHandle": "1C26168C" }, "geometry": { "type": "LineString", "coordinates": [ [ 27.88419777697516, 101.021195605981305, 0.0 ], [ 27.784197776974789, 101.021195605981305, 0.0 ] ] } },
{ "type": "Feature", "properties": { "Layer": "A_TEXTOLOCAL", "SubClasses": "AcDbEntity:AcDbLine", "EntityHandle": "1C261690" }, "geometry": { "type": "LineString", "coordinates": [ [ 31.474197776974389, 101.701195605981596, 0.0 ], [ 31.674197776974211, 101.701195605981596, 0.0 ] ] } },
{ "type": "Feature", "properties": { "Layer": "A_TEXTOLOCAL", "SubClasses": "AcDbEntity:AcDbLine", "EntityHandle": "1C261691" }, "geometry": { "type": "LineString", "coordinates": [ [ 31.674197776974211, 101.701195605981596, 0.0 ], [ 31.674197776974211, 101.201195605981596, 0.0 ] ] } },
{ "type": "Feature", "properties": { "Layer": "A_TEXTOLOCAL", "SubClasses": "AcDbEntity:AcDbLine", "EntityHandle": "1C261692" }, "geometry": { "type": "LineString", "coordinates": [ [ 31.674197776974211, 101.201195605981596, 0.0 ], [ 31.474197776974389, 101.201195605981596, 0.0 ] ] } },
{ "type": "Feature", "properties": { "Layer": "A_TEXTOLOCAL", "SubClasses": "AcDbEntity:AcDbLine", "EntityHandle": "1C261693" }, "geometry": { "type": "LineString", "coordinates": [ [ 31.474197776974389, 101.201195605981596, 0.0 ], [ 31.474197776974389, 101.701195605981596, 0.0 ] ] } },
{ "type": "Feature", "properties": { "Layer": "A_TEXTOLOCAL", "SubClasses": "AcDbEntity:AcDbLine", "EntityHandle": "1C261697" }, "geometry": { "type": "LineString", "coordinates": [ [ 31.674197776974211, 101.101195605981104, 0.0 ], [ 31.87419777697437, 101.101195605981104, 0.0 ] ] } },
{ "type": "Feature", "properties": { "Layer": "A_TEXTOLOCAL", "SubClasses": "AcDbEntity:AcDbLine", "EntityHandle": "1C261698" }, "geometry": { "type": "LineString", "coordinates": [ [ 31.87419777697437, 101.101195605981104, 0.0 ], [ 31.87419777697437, 100.9011956059813, 0.0 ] ] } },
{ "type": "Feature", "properties": { "Layer": "A_TEXTOLOCAL", "SubClasses": "AcDbEntity:AcDbLine", "EntityHandle": "1C261699" }, "geometry": { "type": "LineString", "coordinates": [ [ 31.87419777697437, 100.9011956059813, 0.0 ], [ 31.674197776974211, 100.9011956059813, 0.0 ] ] } },
{ "type": "Feature", "properties": { "Layer": "A_TEXTOLOCAL", "SubClasses": "AcDbEntity:AcDbLine", "EntityHandle": "1C26169A" }, "geometry": { "type": "LineString", "coordinates": [ [ 31.674197776974211, 100.9011956059813, 0.0 ], [ 31.674197776974211, 101.101195605981104, 0.0 ] ] } },
{ "type": "Feature", "properties": { "Layer": "A_TEXTOLOCAL", "SubClasses": "AcDbEntity:AcDbLine", "EntityHandle": "1C26169B" }, "geometry": { "type": "LineString", "coordinates": [ [ 35.474197776974563, 101.701195605981596, 0.0 ], [ 35.674197776974381, 101.701195605981596, 0.0 ] ] } },
{ "type": "Feature", "properties": { "Layer": "A_TEXTOLOCAL", "SubClasses": "AcDbEntity:AcDbLine", "EntityHandle": "1C26169C" }, "geometry": { "type": "LineString", "coordinates": [ [ 35.674197776974381, 101.701195605981596, 0.0 ], [ 35.674197776974381, 101.201195605981596, 0.0 ] ] } },
{ "type": "Feature", "properties": { "Layer": "A_TEXTOLOCAL", "SubClasses": "AcDbEntity:AcDbLine", "EntityHandle": "1C26169D" }, "geometry": { "type": "LineString", "coordinates": [ [ 35.674197776974381, 101.201195605981596, 0.0 ], [ 35.474197776974563, 101.201195605981596, 0.0 ] ] } },
{ "type": "Feature", "properties": { "Layer": "A_TEXTOLOCAL", "SubClasses": "AcDbEntity:AcDbLine", "EntityHandle": "1C26169E" }, "geometry": { "type": "LineString", "coordinates": [ [ 35.474197776974563, 101.201195605981596, 0.0 ], [ 35.474197776974563, 101.701195605981596, 0.0 ] ] } },
{ "type": "Feature", "properties": { "Layer": "A_TEXTOLOCAL", "SubClasses": "AcDbEntity:AcDbLine", "EntityHandle": "1C2616A2" }, "geometry": { "type": "LineString", "coordinates": [ [ 35.674197776974381, 101.101195605981104, 0.0 ], [ 35.87419777697437, 101.101195605981104, 0.0 ] ] } },
{ "type": "Feature", "properties": { "Layer": "A_TEXTOLOCAL", "SubClasses": "AcDbEntity:AcDbLine", "EntityHandle": "1C2616A3" }, "geometry": { "type": "LineString", "coordinates": [ [ 35.87419777697437, 101.101195605981104, 0.0 ], [ 35.87419777697437, 100.9011956059813, 0.0 ] ] } },
{ "type": "Feature", "properties": { "Layer": "A_TEXTOLOCAL", "SubClasses": "AcDbEntity:AcDbLine", "EntityHandle": "1C2616A4" }, "geometry": { "type": "LineString", "coordinates": [ [ 35.87419777697437, 100.9011956059813, 0.0 ], [ 35.674197776974381, 100.9011956059813, 0.0 ] ] } },
{ "type": "Feature", "properties": { "Layer": "A_TEXTOLOCAL", "SubClasses": "AcDbEntity:AcDbLine", "EntityHandle": "1C2616A5" }, "geometry": { "type": "LineString", "coordinates": [ [ 35.674197776974381, 100.9011956059813, 0.0 ], [ 35.674197776974381, 101.101195605981104, 0.0 ] ] } },
{ "type": "Feature", "properties": { "Layer": "A_TEXTOLOCAL", "SubClasses": "AcDbEntity:AcDbLine", "EntityHandle": "1C2616A6" }, "geometry": { "type": "LineString", "coordinates": [ [ 39.474197776974393, 101.701195605981596, 0.0 ], [ 39.674197776974381, 101.701195605981596, 0.0 ] ] } },
{ "type": "Feature", "properties": { "Layer": "A_TEXTOLOCAL", "SubClasses": "AcDbEntity:AcDbLine", "EntityHandle": "1C2616A7" }, "geometry": { "type": "LineString", "coordinates": [ [ 39.674197776974381, 101.701195605981596, 0.0 ], [ 39.674197776974381, 101.201195605981596, 0.0 ] ] } },
{ "type": "Feature", "properties": { "Layer": "A_TEXTOLOCAL", "SubClasses": "AcDbEntity:AcDbLine", "EntityHandle": "1C2616A8" }, "geometry": { "type": "LineString", "coordinates": [ [ 39.674197776974381, 101.201195605981596, 0.0 ], [ 39.474197776974393, 101.201195605981596, 0.0 ] ] } },
{ "type": "Feature", "properties": { "Layer": "A_TEXTOLOCAL", "SubClasses": "AcDbEntity:AcDbLine", "EntityHandle": "1C2616A9" }, "geometry": { "type": "LineString", "coordinates": [ [ 39.474197776974393, 101.201195605981596, 0.0 ], [ 39.474197776974393, 101.701195605981596, 0.0 ] ] } },
{ "type": "Feature", "properties": { "Layer": "A_TEXTOLOCAL", "SubClasses": "AcDbEntity:AcDbLine", "EntityHandle": "1C2616AD" }, "geometry": { "type": "LineString", "coordinates": [ [ 39.674197776974381, 101.101195605981104, 0.0 ], [ 39.87419777697454, 101.101195605981104, 0.0 ] ] } },
{ "type": "Feature", "properties": { "Layer": "A_TEXTOLOCAL", "SubClasses": "AcDbEntity:AcDbLine", "EntityHandle": "1C2616AE" }, "geometry": { "type": "LineString", "coordinates": [ [ 39.87419777697454, 101.101195605981104, 0.0 ], [ 39.87419777697454, 100.9011956059813, 0.0 ] ] } },
{ "type": "Feature", "properties": { "Layer": "A_TEXTOLOCAL", "SubClasses": "AcDbEntity:AcDbLine", "EntityHandle": "1C2616AF" }, "geometry": { "type": "LineString", "coordinates": [ [ 39.87419777697454, 100.9011956059813, 0.0 ], [ 39.674197776974381, 100.9011956059813, 0.0 ] ] } },
{ "type": "Feature", "properties": { "Layer": "A_TEXTOLOCAL", "SubClasses": "AcDbEntity:AcDbLine", "EntityHandle": "1C2616B0" }, "geometry": { "type": "LineString", "coordinates": [ [ 39.674197776974381, 100.9011956059813, 0.0 ], [ 39.674197776974381, 101.101195605981104, 0.0 ] ] } },
{ "type": "Feature", "properties": { "Layer": "A_TEXTOLOCAL", "SubClasses": "AcDbEntity:AcDbLine", "EntityHandle": "1C2616BB" }, "geometry": { "type": "LineString", "coordinates": [ [ 25.784197776974789, 101.111195605981493, 0.0 ], [ 24.834197776975149, 101.111195605983696, 0.0 ] ] } },
{ "type": "Feature", "properties": { "Layer": "A_TEXTOLOCAL", "SubClasses": "AcDbEntity:AcDbLine", "EntityHandle": "1C2616BC" }, "geometry": { "type": "LineString", "coordinates": [ [ 24.484197776974948, 100.391195605981395, 0.0 ], [ 24.444197776975361, 100.391195605981395, 0.0 ] ] } },
{ "type": "Feature", "properties": { "Layer": "A_TEXTOLOCAL", "SubClasses": "AcDbEntity:AcDbLine", "EntityHandle": "1C2616BD" }, "geometry": { "type": "LineString", "coordinates": [ [ 24.444197776975361, 100.391195605981395, 0.0 ], [ 24.444197776975361, 101.091195605981397, 0.0 ] ] } },
{ "type": "Feature", "properties": { "Layer": "A_TEXTOLOCAL", "SubClasses": "AcDbEntity:AcDbLine", "EntityHandle": "1C2616BE" }, "geometry": { "type": "LineString", "coordinates": [ [ 24.444197776975361, 101.091195605981397, 0.0 ], [ 24.484197776974948, 101.091195605981397, 0.0 ] ] } },
{ "type": "Feature", "properties": { "Layer": "A_TEXTOLOCAL", "SubClasses": "AcDbEntity:AcDbLine", "EntityHandle": "1C2616BF" }, "geometry": { "type": "LineString", "coordinates": [ [ 24.484197776974948, 101.091195605981397, 0.0 ], [ 24.484197776974948, 100.391195605981395, 0.0 ] ] } },
{ "type": "Feature", "properties": { "Layer": "A_TEXTOLOCAL", "SubClasses": "AcDbEntity:AcDbLine", "EntityHandle": "1C2616E0" }, "geometry": { "type": "LineString", "coordinates": [ [ 23.064197776975419, 97.89119560598138, 0.0 ], [ 22.16419777697541, 97.89119560598138, 0.0 ] ] } },
{ "type": "Feature", "properties": { "Layer": "A_TEXTOLOCAL", "SubClasses": "AcDbEntity:AcDbLine", "EntityHandle": "1C2616E1" }, "geometry": { "type": "LineString", "coordinates": [ [ 22.16419777697541, 97.89119560598138, 0.0 ], [ 22.16419777697541, 97.931195605981003, 0.0 ] ] } },
{ "type": "Feature", "properties": { "Layer": "A_TEXTOLOCAL", "SubClasses": "AcDbEntity:AcDbLine", "EntityHandle": "1C2616E2" }, "geometry": { "type": "LineString", "coordinates": [ [ 22.16419777697541, 97.931195605981003, 0.0 ], [ 23.064197776975419, 97.931195605981003, 0.0 ] ] } },
{ "type": "Feature", "properties": { "Layer": "A_TEXTOLOCAL", "SubClasses": "AcDbEntity:AcDbLine", "EntityHandle": "1C2616E3" }, "geometry": { "type": "LineString", "coordinates": [ [ 23.064197776975419, 97.931195605981003, 0.0 ], [ 23.064197776975419, 97.89119560598138, 0.0 ] ] } },
{ "type": "Feature", "properties": { "Layer": "A_TEXTOLOCAL", "SubClasses": "AcDbEntity:AcDbLine", "EntityHandle": "1C2616E4" }, "geometry": { "type": "LineString", "coordinates": [ [ 23.064197776975419, 99.731195605981185, 0.0 ], [ 22.124197776975649, 99.731195605981185, 0.0 ] ] } },
{ "type": "Feature", "properties": { "Layer": "A_TEXTOLOCAL", "SubClasses": "AcDbEntity:AcDbLine", "EntityHandle": "1C2616E5" }, "geometry": { "type": "LineString", "coordinates": [ [ 22.124197776975649, 99.731195605981185, 0.0 ], [ 22.124197776975649, 99.691195605981392, 0.0 ] ] } },
{ "type": "Feature", "properties": { "Layer": "A_TEXTOLOCAL", "SubClasses": "AcDbEntity:AcDbLine", "EntityHandle": "1C2616E6" }, "geometry": { "type": "LineString", "coordinates": [ [ 22.124197776975649, 99.691195605981392, 0.0 ], [ 23.064197776975419, 99.691195605981392, 0.0 ] ] } },
{ "type": "Feature", "properties": { "Layer": "A_TEXTOLOCAL", "SubClasses": "AcDbEntity:AcDbLine", "EntityHandle": "1C2616E7" }, "geometry": { "type": "LineString", "coordinates": [ [ 23.064197776975419, 99.691195605981392, 0.0 ], [ 23.064197776975419, 99.731195605981185, 0.0 ] ] } },
{ "type": "Feature", "properties": { "Layer": "A_TEXTOLOCAL", "SubClasses": "AcDbEntity:AcDbMText", "EntityHandle": "1C2616F7", "Text": "EVISCERADORA UNIFOOD" }, "geometry": { "type": "Point", "coordinates": [ 30.455925978047219, 96.637778860392274, 0.0 ] } },
{ "type": "Feature", "properties": { "Layer": "A_TEXTOLOCAL", "SubClasses": "AcDbEntity:AcDbMText", "EntityHandle": "1C261B5B", "Text": " ZONA CALIBRADO Y EMPARRILLADO" }, "geometry": { "type": "Point", "coordinates": [ 33.767803370840618, 79.486061137530044, -0.0 ] } },
{ "type": "Feature", "properties": { "Layer": "A_TEXTOLOCAL", "SubClasses": "AcDbEntity:AcDbMText", "EntityHandle": "1C261CC3", "Text": "SALA DE MÁQUINAS" }, "geometry": { "type": "Point", "coordinates": [ 31.098731872248809, 99.119330160953183, -0.0 ] } },
{ "type": "Feature", "properties": { "Layer": "A_TEXTOLOCAL", "SubClasses": "AcDbEntity:AcDbMText", "EntityHandle": "1C261CC4", "Text": " COSECHA" }, "geometry": { "type": "Point", "coordinates": [ 11.98880779621126, 88.500218310346852, -0.0 ] } },
{ "type": "Feature", "properties": { "Layer": "A_TEXTOLOCAL", "SubClasses": "AcDbEntity:AcDbMText", "EntityHandle": "1C261CF0", "Text": "TABLEROS ELÉCTRICOS" }, "geometry": { "type": "Point", "coordinates": [ 30.75535757786918, 100.178019611722306, 0.0 ] } },
{ "type": "Feature", "properties": { "Layer": "A_TEXTOLOCAL", "SubClasses": "AcDbEntity:AcDbMText", "EntityHandle": "1C261CF1", "Text": "TABLEROS ELÉCTRICOS" }, "geometry": { "type": "Point", "coordinates": [ 36.667617585829838, 100.156118512466705, 0.0 ] } },
{ "type": "Feature", "properties": { "Layer": "A_TEXTOLOCAL", "SubClasses": "AcDbEntity:AcDbMText", "EntityHandle": "1C261D02", "Text": "CHILLER" }, "geometry": { "type": "Point", "coordinates": [ 5.544155576041561, 90.476049749699015, 0.0 ] } },
{ "type": "Feature", "properties": { "Layer": "A_TEXTOLOCAL", "SubClasses": "AcDbEntity:AcDbMText", "EntityHandle": "1C261D03", "Text": "LAVADO \n BOTAS" }, "geometry": { "type": "Point", "coordinates": [ 9.402730823511831, 91.364701010673087, 0.0 ] } },
{ "type": "Feature", "properties": { "Layer": "A_TEXTOLOCAL", "SubClasses": "AcDbEntity:AcDbMText", "EntityHandle": "1C261D04", "Text": "MESÓN" }, "geometry": { "type": "Point", "coordinates": [ 10.93397233524507, 85.224106443819366, 0.0 ] } },
{ "type": "Feature", "properties": { "Layer": "A_TEXTOLOCAL", "SubClasses": "AcDbEntity:AcDbMText", "EntityHandle": "1C261D05", "Text": "DESANGRADOR" }, "geometry": { "type": "Point", "coordinates": [ 15.81493423699871, 89.650625955014974, 0.0 ] } },
{ "type": "Feature", "properties": { "Layer": "A_TEXTOLOCAL", "SubClasses": "AcDbEntity:AcDbMText", "EntityHandle": "1C261D06", "Text": "LAVADO \nMANOS" }, "geometry": { "type": "Point", "coordinates": [ 9.37027266447609, 88.201565359932673, 0.0 ] } },
{ "type": "Feature", "properties": { "Layer": "A_TEXTOLOCAL", "SubClasses": "AcDbEntity:AcDbMText", "EntityHandle": "1C261D07", "Text": "STUNER" }, "geometry": { "type": "Point", "coordinates": [ 10.960908749738021, 83.421588718291716, 0.0 ] } },
{ "type": "Feature", "properties": { "Layer": "A_TEXTOLOCAL", "SubClasses": "AcDbEntity:AcDbMText", "EntityHandle": "1C261D08", "Text": "MESÓN " }, "geometry": { "type": "Point", "coordinates": [ 14.448208870633289, 91.248440779799807, 0.0 ] } },
{ "type": "Feature", "properties": { "Layer": "A_TEXTOLOCAL", "SubClasses": "AcDbEntity:AcDbLine", "EntityHandle": "1C261D09" }, "geometry": { "type": "LineString", "coordinates": [ [ 39.317096383234343, 100.847224040968698, 0.0 ], [ 39.317096383234343, 100.347224040968499, 0.0 ] ] } },
{ "type": "Feature", "properties": { "Layer": "A_TEXTOLOCAL", "SubClasses": "AcDbEntity:AcDbLine", "EntityHandle": "1C261D0A" }, "geometry": { "type": "LineString", "coordinates": [ [ 39.317096383234343, 100.347224040968499, 0.0 ], [ 39.357096383234307, 100.347224040968499, 0.0 ] ] } },
{ "type": "Feature", "properties": { "Layer": "A_TEXTOLOCAL", "SubClasses": "AcDbEntity:AcDbLine", "EntityHandle": "1C261D0B" }, "geometry": { "type": "LineString", "coordinates": [ [ 39.357096383234307, 100.347224040968499, 0.0 ], [ 39.357096383234307, 100.847224040968698, 0.0 ] ] } },
{ "type": "Feature", "properties": { "Layer": "A_TEXTOLOCAL", "SubClasses": "AcDbEntity:AcDbLine", "EntityHandle": "1C261D0D" }, "geometry": { "type": "LineString", "coordinates": [ [ 39.317096383234848, 100.847224040968698, 0.0 ], [ 39.357096383234307, 100.847224040968698, 0.0 ] ] } },
{ "type": "Feature", "properties": { "Layer": "A_TEXTOLOCAL", "SubClasses": "AcDbEntity:AcDbText:AcDbAttributeDefinition", "EntityHandle": "1C261DB3", "Text": "1" }, "geometry": { "type": "Point", "coordinates": [ 3.810414043057668, 104.3665911586899, 0.0 ] } },
{ "type": "Feature", "properties": { "Layer": "A_TEXTOLOCAL", "SubClasses": "AcDbEntity:AcDbText:AcDbAttributeDefinition", "EntityHandle": "1C261DB5", "Text": "1" }, "geometry": { "type": "Point", "coordinates": [ 0.988294960114846, 102.376876228218705, 0.0 ] } },
{ "type": "Feature", "properties": { "Layer": "A_TEXTOLOCAL", "SubClasses": "AcDbEntity:AcDbText:AcDbAttributeDefinition", "EntityHandle": "1C261DB7", "Text": "1" }, "geometry": { "type": "Point", "coordinates": [ 9.777741355457184, 104.3665911586899, 0.0 ] } },
{ "type": "Feature", "properties": { "Layer": "A_TEXTOLOCAL", "SubClasses": "AcDbEntity:AcDbText:AcDbAttributeDefinition", "EntityHandle": "1C261DB9", "Text": "1" }, "geometry": { "type": "Point", "coordinates": [ 10.23856673336854, 104.3665911586899, 0.0 ] } },
{ "type": "Feature", "properties": { "Layer": "A_TEXTOLOCAL", "SubClasses": "AcDbEntity:AcDbText:AcDbAttributeDefinition", "EntityHandle": "1C261DBB", "Text": "1" }, "geometry": { "type": "Point", "coordinates": [ 12.016420517814939, 104.3665911586899, 0.0 ] } },
{ "type": "Feature", "properties": { "Layer": "A_TEXTOLOCAL", "SubClasses": "AcDbEntity:AcDbText:AcDbAttributeDefinition", "EntityHandle": "1C261DBD", "Text": "1" }, "geometry": { "type": "Point", "coordinates": [ 15.66317908277364, 104.3665911586899, 0.0 ] } },
{ "type": "Feature", "properties": { "Layer": "A_TEXTOLOCAL", "SubClasses": "AcDbEntity:AcDbText:AcDbAttributeDefinition", "EntityHandle": "1C261DBF", "Text": "1" }, "geometry": { "type": "Point", "coordinates": [ 18.598219455259311, 104.3665911586899, 0.0 ] } },
{ "type": "Feature", "properties": { "Layer": "A_TEXTOLOCAL", "SubClasses": "AcDbEntity:AcDbText:AcDbAttributeDefinition", "EntityHandle": "1C261DC1", "Text": "1" }, "geometry": { "type": "Point", "coordinates": [ 22.983774237250369, 104.3665911586899, 0.0 ] } },
{ "type": "Feature", "properties": { "Layer": "A_TEXTOLOCAL", "SubClasses": "AcDbEntity:AcDbText:AcDbAttributeDefinition", "EntityHandle": "1C261DC3", "Text": "1" }, "geometry": { "type": "Point", "coordinates": [ 25.895116040431851, 104.3665911586899, 0.0 ] } },
{ "type": "Feature", "properties": { "Layer": "A_TEXTOLOCAL", "SubClasses": "AcDbEntity:AcDbText:AcDbAttributeDefinition", "EntityHandle": "1C261DC5", "Text": "1" }, "geometry": { "type": "Point", "coordinates": [ 27.71192892097022, 104.3665911586899, 0.0 ] } },
{ "type": "Feature", "properties": { "Layer": "A_TEXTOLOCAL", "SubClasses": "AcDbEntity:AcDbText:AcDbAttributeDefinition", "EntityHandle": "1C261DC7", "Text": "1" }, "geometry": { "type": "Point", "coordinates": [ 39.829688546974687, 104.3665911586899, 0.0 ] } },
{ "type": "Feature", "properties": { "Layer": "A_TEXTOLOCAL", "SubClasses": "AcDbEntity:AcDbText:AcDbAttributeDefinition", "EntityHandle": "1C261DC9", "Text": "1" }, "geometry": { "type": "Point", "coordinates": [ 0.977134245829132, 100.342146581496294, 0.0 ] } },
{ "type": "Feature", "properties": { "Layer": "A_TEXTOLOCAL", "SubClasses": "AcDbEntity:AcDbText:AcDbAttributeDefinition", "EntityHandle": "1C261DCB", "Text": "1" }, "geometry": { "type": "Point", "coordinates": [ 0.973414007733894, 97.241958441464561, 0.0 ] } },
{ "type": "Feature", "properties": { "Layer": "A_TEXTOLOCAL", "SubClasses": "AcDbEntity:AcDbText:AcDbAttributeDefinition", "EntityHandle": "1C261DCD", "Text": "1" }, "geometry": { "type": "Point", "coordinates": [ 0.977134245829132, 94.889927118730014, 0.0 ] } },
{ "type": "Feature", "properties": { "Layer": "A_TEXTOLOCAL", "SubClasses": "AcDbEntity:AcDbText:AcDbAttributeDefinition", "EntityHandle": "1C261DCF", "Text": "1" }, "geometry": { "type": "Point", "coordinates": [ 0.977134245829132, 88.914219403209444, 0.0 ] } },
{ "type": "Feature", "properties": { "Layer": "A_TEXTOLOCAL", "SubClasses": "AcDbEntity:AcDbText:AcDbAttributeDefinition", "EntityHandle": "1C261DD1", "Text": "1" }, "geometry": { "type": "Point", "coordinates": [ 0.891568769638656, 77.710572304032041, 0.0 ] } },
{ "type": "Feature", "properties": { "Layer": "A_TEXTOLOCAL", "SubClasses": "AcDbEntity:AcDbMText", "EntityHandle": "1C261DD2", "Text": "OFICINA\n MÁQUINAS" }, "geometry": { "type": "Point", "coordinates": [ 25.19087081812236, 102.045855367899506, 0.0 ] } },
{ "type": "Feature", "properties": { "Layer": "A_TEXTOLOCAL", "SubClasses": "AcDbEntity:AcDbLine", "EntityHandle": "1C261DDB" }, "geometry": { "type": "LineString", "coordinates": [ [ 23.404197776975199, 83.151195605981513, 0.0 ], [ 23.604197776975582, 83.151195605981513, 0.0 ] ] } },
{ "type": "Feature", "properties": { "Layer": "A_TEXTOLOCAL", "SubClasses": "AcDbEntity:AcDbLine", "EntityHandle": "1C261DDC" }, "geometry": { "type": "LineString", "coordinates": [ [ 23.604197776975582, 83.151195605981513, 0.0 ], [ 23.604197776975582, 82.751195605981877, 0.0 ] ] } },
{ "type": "Feature", "properties": { "Layer": "A_TEXTOLOCAL", "SubClasses": "AcDbEntity:AcDbLine", "EntityHandle": "1C261DDD" }, "geometry": { "type": "LineString", "coordinates": [ [ 23.604197776975582, 82.751195605981877, 0.0 ], [ 23.404197776975199, 82.751195605981877, 0.0 ] ] } },
{ "type": "Feature", "properties": { "Layer": "A_TEXTOLOCAL", "SubClasses": "AcDbEntity:AcDbLine", "EntityHandle": "1C261DDE" }, "geometry": { "type": "LineString", "coordinates": [ [ 23.404197776975199, 82.751195605981877, 0.0 ], [ 23.404197776975199, 83.151195605981513, 0.0 ] ] } },
{ "type": "Feature", "properties": { "Layer": "A_TEXTOLOCAL", "SubClasses": "AcDbEntity:AcDbLine", "EntityHandle": "1C261DE6" }, "geometry": { "type": "LineString", "coordinates": [ [ 27.374197776975109, 83.151195605981513, 0.0 ], [ 27.574197776975101, 83.151195605981513, 0.0 ] ] } },
{ "type": "Feature", "properties": { "Layer": "A_TEXTOLOCAL", "SubClasses": "AcDbEntity:AcDbLine", "EntityHandle": "1C261DE7" }, "geometry": { "type": "LineString", "coordinates": [ [ 27.574197776975101, 83.151195605981513, 0.0 ], [ 27.574197776975101, 82.751195605981877, 0.0 ] ] } },
{ "type": "Feature", "properties": { "Layer": "A_TEXTOLOCAL", "SubClasses": "AcDbEntity:AcDbLine", "EntityHandle": "1C261DE8" }, "geometry": { "type": "LineString", "coordinates": [ [ 27.574197776975101, 82.751195605981877, 0.0 ], [ 27.374197776975109, 82.751195605981877, 0.0 ] ] } },
{ "type": "Feature", "properties": { "Layer": "A_TEXTOLOCAL", "SubClasses": "AcDbEntity:AcDbLine", "EntityHandle": "1C261DE9" }, "geometry": { "type": "LineString", "coordinates": [ [ 27.374197776975109, 82.751195605981877, 0.0 ], [ 27.374197776975109, 83.151195605981513, 0.0 ] ] } },
{ "type": "Feature", "properties": { "Layer": "A_TEXTOLOCAL", "SubClasses": "AcDbEntity:AcDbLine", "EntityHandle": "1C261DF1" }, "geometry": { "type": "LineString", "coordinates": [ [ 31.364197776975061, 83.151195605981513, 0.0 ], [ 31.564197776975451, 83.151195605981513, 0.0 ] ] } },
{ "type": "Feature", "properties": { "Layer": "A_TEXTOLOCAL", "SubClasses": "AcDbEntity:AcDbLine", "EntityHandle": "1C261DF2" }, "geometry": { "type": "LineString", "coordinates": [ [ 31.564197776975451, 83.151195605981513, 0.0 ], [ 31.564197776975451, 82.751195605981877, 0.0 ] ] } },
{ "type": "Feature", "properties": { "Layer": "A_TEXTOLOCAL", "SubClasses": "AcDbEntity:AcDbLine", "EntityHandle": "1C261DF3" }, "geometry": { "type": "LineString", "coordinates": [ [ 31.564197776975451, 82.751195605981877, 0.0 ], [ 31.364197776975061, 82.751195605981877, 0.0 ] ] } },
{ "type": "Feature", "properties": { "Layer": "A_TEXTOLOCAL", "SubClasses": "AcDbEntity:AcDbLine", "EntityHandle": "1C261DF4" }, "geometry": { "type": "LineString", "coordinates": [ [ 31.364197776975061, 82.751195605981877, 0.0 ], [ 31.364197776975061, 83.151195605981513, 0.0 ] ] } },
{ "type": "Feature", "properties": { "Layer": "A_TEXTOLOCAL", "SubClasses": "AcDbEntity:AcDbMText", "EntityHandle": "1C261E47", "Text": "SALA DE BOMBAS Y TABLEROS" }, "geometry": { "type": "Point", "coordinates": [ 17.861577514456119, 96.695347581788354, 0.0 ] } },
{ "type": "Feature", "properties": { "Layer": "A_TEXTOLOCAL", "SubClasses": "AcDbEntity:AcDbLine", "EntityHandle": "1C26345F" }, "geometry": { "type": "LineString", "coordinates": [ [ 23.40530830119118, 83.151565646426405, 0.0 ], [ 23.605308301191538, 83.151565646426405, 0.0 ] ] } },
{ "type": "Feature", "properties": { "Layer": "A_TEXTOLOCAL", "SubClasses": "AcDbEntity:AcDbLine", "EntityHandle": "1C263460" }, "geometry": { "type": "LineString", "coordinates": [ [ 23.605308301191538, 83.151565646426405, 0.0 ], [ 23.605308301191538, 82.751565646426769, 0.0 ] ] } },
{ "type": "Feature", "properties": { "Layer": "A_TEXTOLOCAL", "SubClasses": "AcDbEntity:AcDbLine", "EntityHandle": "1C263461" }, "geometry": { "type": "LineString", "coordinates": [ [ 23.605308301191538, 82.751565646426769, 0.0 ], [ 23.40530830119118, 82.751565646426769, 0.0 ] ] } },
{ "type": "Feature", "properties": { "Layer": "A_TEXTOLOCAL", "SubClasses": "AcDbEntity:AcDbLine", "EntityHandle": "1C263462" }, "geometry": { "type": "LineString", "coordinates": [ [ 23.40530830119118, 82.751565646426769, 0.0 ], [ 23.40530830119118, 83.151565646426405, 0.0 ] ] } },
{ "type": "Feature", "properties": { "Layer": "A_TEXTOLOCAL", "SubClasses": "AcDbEntity:AcDbLine", "EntityHandle": "1C263473" }, "geometry": { "type": "LineString", "coordinates": [ [ 19.421884026573618, 83.151887961230585, 0.0 ], [ 19.621884026573611, 83.151887961230585, 0.0 ] ] } },
{ "type": "Feature", "properties": { "Layer": "A_TEXTOLOCAL", "SubClasses": "AcDbEntity:AcDbLine", "EntityHandle": "1C263474" }, "geometry": { "type": "LineString", "coordinates": [ [ 19.621884026573611, 83.151887961230585, 0.0 ], [ 19.621884026573611, 82.751887961230949, 0.0 ] ] } },
{ "type": "Feature", "properties": { "Layer": "A_TEXTOLOCAL", "SubClasses": "AcDbEntity:AcDbLine", "EntityHandle": "1C263475" }, "geometry": { "type": "LineString", "coordinates": [ [ 19.621884026573611, 82.751887961230949, 0.0 ], [ 19.421884026573618, 82.751887961230949, 0.0 ] ] } },
{ "type": "Feature", "properties": { "Layer": "A_TEXTOLOCAL", "SubClasses": "AcDbEntity:AcDbLine", "EntityHandle": "1C263476" }, "geometry": { "type": "LineString", "coordinates": [ [ 19.421884026573618, 82.751887961230949, 0.0 ], [ 19.421884026573618, 83.151887961230585, 0.0 ] ] } },
{ "type": "Feature", "properties": { "Layer": "A_TEXTOLOCAL", "SubClasses": "AcDbEntity:AcDbLine", "EntityHandle": "1C26347F" }, "geometry": { "type": "LineString", "coordinates": [ [ 23.411884026573571, 83.151887961230585, 0.0 ], [ 23.611884026573929, 83.151887961230585, 0.0 ] ] } },
{ "type": "Feature", "properties": { "Layer": "A_TEXTOLOCAL", "SubClasses": "AcDbEntity:AcDbLine", "EntityHandle": "1C263480" }, "geometry": { "type": "LineString", "coordinates": [ [ 23.611884026573929, 83.151887961230585, 0.0 ], [ 23.611884026573929, 82.751887961230949, 0.0 ] ] } },
{ "type": "Feature", "properties": { "Layer": "A_TEXTOLOCAL", "SubClasses": "AcDbEntity:AcDbLine", "EntityHandle": "1C263481" }, "geometry": { "type": "LineString", "coordinates": [ [ 23.611884026573929, 82.751887961230949, 0.0 ], [ 23.411884026573571, 82.751887961230949, 0.0 ] ] } },
{ "type": "Feature", "properties": { "Layer": "A_TEXTOLOCAL", "SubClasses": "AcDbEntity:AcDbLine", "EntityHandle": "1C263482" }, "geometry": { "type": "LineString", "coordinates": [ [ 23.411884026573571, 82.751887961230949, 0.0 ], [ 23.411884026573571, 83.151887961230585, 0.0 ] ] } },
{ "type": "Feature", "properties": { "Layer": "A_TEXTOLOCAL", "SubClasses": "AcDbEntity:AcDbLine", "EntityHandle": "1C263483" }, "geometry": { "type": "LineString", "coordinates": [ [ 15.426729182673849, 83.149662489820656, 0.0 ], [ 15.626729182674209, 83.149662489820656, 0.0 ] ] } },
{ "type": "Feature", "properties": { "Layer": "A_TEXTOLOCAL", "SubClasses": "AcDbEntity:AcDbLine", "EntityHandle": "1C263484" }, "geometry": { "type": "LineString", "coordinates": [ [ 15.626729182674209, 83.149662489820656, 0.0 ], [ 15.626729182674209, 82.74966248982102, 0.0 ] ] } },
{ "type": "Feature", "properties": { "Layer": "A_TEXTOLOCAL", "SubClasses": "AcDbEntity:AcDbLine", "EntityHandle": "1C263485" }, "geometry": { "type": "LineString", "coordinates": [ [ 15.626729182674209, 82.74966248982102, 0.0 ], [ 15.426729182673849, 82.74966248982102, 0.0 ] ] } },
{ "type": "Feature", "properties": { "Layer": "A_TEXTOLOCAL", "SubClasses": "AcDbEntity:AcDbLine", "EntityHandle": "1C263486" }, "geometry": { "type": "LineString", "coordinates": [ [ 15.426729182673849, 82.74966248982102, 0.0 ], [ 15.426729182673849, 83.149662489820656, 0.0 ] ] } },
{ "type": "Feature", "properties": { "Layer": "A_TEXTOLOCAL", "SubClasses": "AcDbEntity:AcDbLine", "EntityHandle": "1C263487" }, "geometry": { "type": "LineString", "coordinates": [ [ 19.416729182674, 83.149662489820656, 0.0 ], [ 19.616729182674192, 83.149662489820656, 0.0 ] ] } },
{ "type": "Feature", "properties": { "Layer": "A_TEXTOLOCAL", "SubClasses": "AcDbEntity:AcDbLine", "EntityHandle": "1C263488" }, "geometry": { "type": "LineString", "coordinates": [ [ 19.616729182674192, 83.149662489820656, 0.0 ], [ 19.616729182674192, 82.74966248982102, 0.0 ] ] } },
{ "type": "Feature", "properties": { "Layer": "A_TEXTOLOCAL", "SubClasses": "AcDbEntity:AcDbLine", "EntityHandle": "1C263489" }, "geometry": { "type": "LineString", "coordinates": [ [ 19.616729182674192, 82.74966248982102, 0.0 ], [ 19.416729182674, 82.74966248982102, 0.0 ] ] } },
{ "type": "Feature", "properties": { "Layer": "A_TEXTOLOCAL", "SubClasses": "AcDbEntity:AcDbLine", "EntityHandle": "1C26348A" }, "geometry": { "type": "LineString", "coordinates": [ [ 19.416729182674, 82.74966248982102, 0.0 ], [ 19.416729182674, 83.149662489820656, 0.0 ] ] } },
{ "type": "Feature", "properties": { "Layer": "A_TEXTOLOCAL", "SubClasses": "AcDbEntity:AcDbMText", "EntityHandle": "1C26349B", "Text": "ACCESO EVISCERADO" }, "geometry": { "type": "Point", "coordinates": [ 19.09944475113539, 80.199906574732921, 0.0 ] } },
{ "type": "Feature", "properties": { "Layer": "A_TEXTOLOCAL", "SubClasses": "AcDbEntity:AcDbMText", "EntityHandle": "1C263F22", "Text": "Banda Uni Chains MTTB color azul 300 mm\nMotorreductor SEW 0.75Kw 156 RPM eje 30 mm" }, "geometry": { "type": "Point", "coordinates": [ 32.098718486217557, 94.364526342864366, 0.0 ] } },
{ "type": "Feature", "properties": { "Layer": "A_TEXTOLOCAL", "SubClasses": "AcDbEntity:AcDbMText", "EntityHandle": "1C263F25", "Text": "Banda Uni Chains MPB color Blanco 1000 mm paletas 6 pulg\nMotorreductor SEW 0.55Kw 38 RPM eje 30 mm" }, "geometry": { "type": "Point", "coordinates": [ 23.278463205375061, 94.639408822488463, 0.0 ] } },
{ "type": "Feature", "properties": { "Layer": "A_TEXTOLOCAL", "SubClasses": "AcDbEntity:AcDbMText", "EntityHandle": "1C263F27", "Text": "Banda Uni Chains MPB color blanco 600 mm\nMotorreductor SEW 0.55Kw 38 RPM eje 30 mm" }, "geometry": { "type": "Point", "coordinates": [ 28.58582554943575, 85.135284261063063, 0.0 ] } },
{ "type": "Feature", "properties": { "Layer": "A_TEXTOLOCAL", "SubClasses": "AcDbEntity:AcDbMText", "EntityHandle": "1C263F29", "Text": "Línea vacío cucharas " }, "geometry": { "type": "Point", "coordinates": [ 26.461825921031451, 88.587009596489793, -0.000174605705345 ] } },
{ "type": "Feature", "properties": { "Layer": "A_TEXTOLOCAL", "SubClasses": "AcDbEntity:AcDbMText", "EntityHandle": "1C263F2A", "Text": "Línea descarga visceras " }, "geometry": { "type": "Point", "coordinates": [ 18.063748261443148, 92.820256711974821, 0.0 ] } },
{ "type": "Feature", "properties": { "Layer": "A_TEXTOLOCAL", "SubClasses": "AcDbEntity:AcDbMText", "EntityHandle": "1C263F2B", "Text": "Líneas vacio ciclones " }, "geometry": { "type": "Point", "coordinates": [ 19.553723698769009, 93.198510695502435, 0.0 ] } },
{ "type": "Feature", "properties": { "Layer": "A_TEXTOLOCAL", "SubClasses": "AcDbEntity:AcDbMText", "EntityHandle": "1C263F2C", "Text": "Líneas vacio ciclones " }, "geometry": { "type": "Point", "coordinates": [ 19.553723698769009, 93.378610093729577, 0.0 ] } },
{ "type": "Feature", "properties": { "Layer": "A_TEXTOLOCAL", "SubClasses": "AcDbEntity:AcDbMText", "EntityHandle": "1C263F2D", "Text": "Líneas vacio ciclones " }, "geometry": { "type": "Point", "coordinates": [ 19.553723698769009, 93.027090780957067, 0.0 ] } },
{ "type": "Feature", "properties": { "Layer": "A_TEXTOLOCAL", "SubClasses": "AcDbEntity:AcDbMText", "EntityHandle": "1C263F2E", "Text": "Hacia instalación existente" }, "geometry": { "type": "Point", "coordinates": [ 17.031520576654341, 103.7783989432168, 0.0 ] } },
{ "type": "Feature", "properties": { "Layer": "A_TEXTOLOCAL", "SubClasses": "AcDbEntity:AcDbMText", "EntityHandle": "1C263F2F", "Text": "Línea agua " }, "geometry": { "type": "Point", "coordinates": [ 24.3968813684873, 88.796593202890946, -0.000174605705345 ] } },
{ "type": "Feature", "properties": { "Layer": "A_TEXTOLOCAL", "SubClasses": "AcDbEntity:AcDbMText", "EntityHandle": "1C263F30", "Text": "Línea aire " }, "geometry": { "type": "Point", "coordinates": [ 23.905325787062282, 88.804812097673874, -0.000174605705345 ] } },
{ "type": "Feature", "properties": { "Layer": "A_TEXTOLOCAL", "SubClasses": "AcDbEntity:AcDbMText", "EntityHandle": "1C26B27C", "Text": "BANDA 8 \nSALIDAS" }, "geometry": { "type": "Point", "coordinates": [ 38.417712369192031, 83.720629388926909, -0.0 ] } }
]
}
