{"type": "FeatureCollection", "features": [{"type": "Feature", "geometry": {"type": "LineString", "coordinates": [[8.2277, 71.3026], [8.2277, 70.6814]]}, "properties": {"Layer": "P-CINTA_MODIFICADA"}}, {"type": "Feature", "geometry": {"type": "LineString", "coordinates": [[8.2458, 71.3507], [8.2458, 71.3427]]}, "properties": {"Layer": "P-CINTA_MODIFICADA"}}, {"type": "Feature", "geometry": {"type": "LineString", "coordinates": [[8.2538, 71.3507], [8.2538, 71.3427]]}, "properties": {"Layer": "P-CINTA_MODIFICADA"}}, {"type": "Feature", "geometry": {"type": "LineString", "coordinates": [[8.2514, 71.3507], [8.2514, 71.3427]]}, "properties": {"Layer": "P-CINTA_MODIFICADA"}}, {"type": "Feature", "geometry": {"type": "LineString", "coordinates": [[8.2498, 71.3531], [8.2498, 71.3507]]}, "properties": {"Layer": "P-CINTA_MODIFICADA"}}, {"type": "Feature", "geometry": {"type": "LineString", "coordinates": [[8.2509, 71.3527], [8.2509, 71.3507]]}, "properties": {"Layer": "P-CINTA_MODIFICADA"}}, {"type": "Feature", "geometry": {"type": "LineString", "coordinates": [[8.2543, 71.3527], [8.2543, 71.3507]]}, "properties": {"Layer": "P-CINTA_MODIFICADA"}}, {"type": "Feature", "geometry": {"type": "LineString", "coordinates": [[8.2498, 71.3531], [8.2509, 71.3531]]}, "properties": {"Layer": "P-CINTA_MODIFICADA"}}, {"type": "Feature", "geometry": {"type": "LineString", "coordinates": [[8.2509, 71.3531], [8.2543, 71.3531]]}, "properties": {"Layer": "P-CINTA_MODIFICADA"}}, {"type": "Feature", "geometry": {"type": "LineString", "coordinates": [[8.2543, 71.3527], [8.254, 71.3528], [8.2537, 71.3529], [8.2534, 71.353], [8.2532, 71.3531], [8.2529, 71.3531], [8.2526, 71.3531], [8.2523, 71.3531], [8.252, 71.3531], [8.2517, 71.353], [8.2514, 71.3529], [8.2512, 71.3528], [8.2509, 71.3527]]}, "properties": {"Layer": "P-CINTA_MODIFICADA"}}, {"type": "Feature", "geometry": {"type": "LineString", "coordinates": [[8.2509, 71.3527], [8.2508, 71.3528], [8.2507, 71.3528], [8.2506, 71.3529], [8.2506, 71.3529], [8.2505, 71.353], [8.2504, 71.353], [8.2503, 71.353], [8.2502, 71.3531], [8.2501, 71.3531], [8.25, 71.3531], [8.2499, 71.3531], [8.2498, 71.3531]]}, "properties": {"Layer": "P-CINTA_MODIFICADA"}}, {"type": "Feature", "geometry": {"type": "LineString", "coordinates": [[8.2458, 70.5666], [8.2458, 70.5585]]}, "properties": {"Layer": "P-CINTA_MODIFICADA"}}, {"type": "Feature", "geometry": {"type": "LineString", "coordinates": [[8.2538, 70.5666], [8.2538, 70.5585]]}, "properties": {"Layer": "P-CINTA_MODIFICADA"}}, {"type": "Feature", "geometry": {"type": "LineString", "coordinates": [[8.2514, 70.5666], [8.2514, 70.5585]]}, "properties": {"Layer": "P-CINTA_MODIFICADA"}}, {"type": "Feature", "geometry": {"type": "LineString", "coordinates": [[8.2498, 70.5561], [8.2498, 70.5585]]}, "properties": {"Layer": "P-CINTA_MODIFICADA"}}, {"type": "Feature", "geometry": {"type": "LineString", "coordinates": [[8.2533, 70.5565], [8.2533, 70.5585]]}, "properties": {"Layer": "P-CINTA_MODIFICADA"}}, {"type": "Feature", "geometry": {"type": "LineString", "coordinates": [[8.2501, 70.5565], [8.2501, 70.5585]]}, "properties": {"Layer": "P-CINTA_MODIFICADA"}}, {"type": "Feature", "geometry": {"type": "LineString", "coordinates": [[8.2533, 70.5561], [8.2501, 70.5561]]}, "properties": {"Layer": "P-CINTA_MODIFICADA"}}, {"type": "Feature", "geometry": {"type": "LineString", "coordinates": [[8.2501, 70.5561], [8.2498, 70.5561]]}, "properties": {"Layer": "P-CINTA_MODIFICADA"}}, {"type": "Feature", "geometry": {"type": "LineString", "coordinates": [[8.2501, 70.5565], [8.2504, 70.5564], [8.2506, 70.5563], [8.2509, 70.5562], [8.2512, 70.5562], [8.2514, 70.5561], [8.2517, 70.5561], [8.252, 70.5561], [8.2523, 70.5562], [8.2525, 70.5562], [8.2528, 70.5563], [8.2531, 70.5564], [8.2533, 70.5565]]}, "properties": {"Layer": "P-CINTA_MODIFICADA"}}, {"type": "Feature", "geometry": {"type": "LineString", "coordinates": [[8.2498, 70.5561], [8.2498, 70.5562], [8.2499, 70.5562], [8.2499, 70.5562], [8.2499, 70.5562], [8.25, 70.5563], [8.25, 70.5563], [8.25, 70.5563], [8.2501, 70.5564], [8.2501, 70.5564], [8.2501, 70.5565], [8.2501, 70.5565], [8.2501, 70.5565]]}, "properties": {"Layer": "P-CINTA_MODIFICADA"}}, {"type": "Feature", "geometry": {"type": "LineString", "coordinates": [[8.2277, 71.3126], [8.2277, 71.3026]]}, "properties": {"Layer": "P-CINTA_MODIFICADA"}}, {"type": "Feature", "geometry": {"type": "LineString", "coordinates": [[8.2277, 71.3427], [8.2277, 71.3277]]}, "properties": {"Layer": "P-CINTA_MODIFICADA"}}, {"type": "Feature", "geometry": {"type": "LineString", "coordinates": [[8.2277, 70.5816], [8.2277, 70.5666]]}, "properties": {"Layer": "P-CINTA_MODIFICADA"}}, {"type": "Feature", "geometry": {"type": "LineString", "coordinates": [[8.2277, 70.6145], [8.2277, 70.5966]]}, "properties": {"Layer": "P-CINTA_MODIFICADA"}}, {"type": "Feature", "geometry": {"type": "LineString", "coordinates": [[8.2277, 70.6145], [8.2277, 71.2959]]}, "properties": {"Layer": "P-CINTA_MODIFICADA"}}, {"type": "Feature", "geometry": {"type": "LineString", "coordinates": [[8.2478, 70.6145], [8.2478, 71.2959]]}, "properties": {"Layer": "P-CINTA_MODIFICADA"}}, {"type": "Feature", "geometry": {"type": "LineString", "coordinates": [[9.3793, 70.3798], [9.3493, 70.3798]]}, "properties": {"Layer": "P-CINTA_MODIFICADA", "block": "ARQ-PLANTA_ACTUAL$0$HOMBRE"}}, {"type": "Feature", "geometry": {"type": "LineString", "coordinates": [[9.1736, 69.7593], [9.2098, 69.7299], [9.2513, 69.7088], [9.2964, 69.6967], [9.3429, 69.6943], [9.3889, 69.7016], [9.4324, 69.7183], [9.4715, 69.7437], [9.5045, 69.7766], [9.5299, 69.8157], [9.5466, 69.8592], [9.5539, 69.9053], [9.5514, 69.9518], [9.5394, 69.9968], [9.5182, 70.0384], [9.4889, 70.0746], [9.4527, 70.1039], [9.4111, 70.1251], [9.3661, 70.1371], [9.3196, 70.1396], [9.2735, 70.1323], [9.23, 70.1156], [9.1909, 70.0902], [9.158, 70.0572], [9.1326, 70.0181], [9.1159, 69.9746], [9.1086, 69.9286], [9.111, 69.882], [9.1231, 69.837], [9.1442, 69.7955], [9.1736, 69.7593]]}, "properties": {"Layer": "P-CINTA_MODIFICADA", "block": "ARQ-PLANTA_ACTUAL$0$HOMBRE"}}, {"type": "Feature", "geometry": {"type": "LineString", "coordinates": [[8.887, 69.6616], [8.9503, 69.6104], [9.0228, 69.5735], [9.1014, 69.5524], [9.1827, 69.5481], [9.2631, 69.5609], [9.3391, 69.59], [9.4074, 69.6344], [9.4649, 69.6919], [9.5092, 69.7602], [9.5384, 69.8362], [9.5511, 69.9165], [9.5469, 69.9978], [9.5258, 70.0764], [9.4889, 70.149], [9.4376, 70.2122], [9.3744, 70.2634], [9.3019, 70.3004], [9.2232, 70.3215], [9.142, 70.3257], [9.0616, 70.313], [8.9856, 70.2838], [8.9173, 70.2395], [8.8598, 70.1819], [8.8154, 70.1137], [8.7863, 70.0377], [8.7735, 69.9573], [8.7778, 69.876], [8.7989, 69.7974], [8.8358, 69.7249], [8.887, 69.6616]]}, "properties": {"Layer": "P-CINTA_MODIFICADA", "block": "ARQ-PLANTA_ACTUAL$0$HOMBRE"}}, {"type": "Feature", "geometry": {"type": "LineString", "coordinates": [[9.4355, 69.8364], [9.4577, 69.8367], [9.4793, 69.8415], [9.4994, 69.8507], [9.5172, 69.8639], [9.5319, 69.8805], [9.5428, 69.8998], [9.5494, 69.921], [9.5515, 69.943], [9.5489, 69.965], [9.5419, 69.986], [9.5306, 70.0051], [9.5156, 70.0214], [9.4976, 70.0343], [9.4772, 70.0431], [9.4555, 70.0475], [9.4334, 70.0472], [9.4117, 70.0424], [9.3916, 70.0332], [9.3738, 70.02], [9.3591, 70.0034], [9.3483, 69.9841], [9.3416, 69.9629], [9.3395, 69.9409], [9.3421, 69.9189], [9.3491, 69.8979], [9.3604, 69.8788], [9.3754, 69.8625], [9.3934, 69.8496], [9.4138, 69.8408], [9.4355, 69.8364]]}, "properties": {"Layer": "P-CINTA_MODIFICADA", "block": "ARQ-PLANTA_ACTUAL$0$HOMBRE"}}, {"type": "Feature", "geometry": {"type": "LineString", "coordinates": [[9.4355, 69.8364], [9.4577, 69.8367], [9.4793, 69.8415], [9.4994, 69.8507], [9.5172, 69.8639], [9.5319, 69.8805], [9.5428, 69.8998], [9.5494, 69.921], [9.5515, 69.943], [9.5489, 69.965], [9.5419, 69.986], [9.5306, 70.0051], [9.5156, 70.0214], [9.4976, 70.0343], [9.4772, 70.0431], [9.4555, 70.0475], [9.4334, 70.0472], [9.4117, 70.0424], [9.3916, 70.0332], [9.3738, 70.02], [9.3591, 70.0034], [9.3483, 69.9841], [9.3416, 69.9629], [9.3395, 69.9409], [9.3421, 69.9189], [9.3491, 69.8979], [9.3604, 69.8788], [9.3754, 69.8625], [9.3934, 69.8496], [9.4138, 69.8408], [9.4355, 69.8364]]}, "properties": {"Layer": "P-CINTA_MODIFICADA", "block": "ARQ-PLANTA_ACTUAL$0$HOMBRE"}}, {"type": "Feature", "geometry": {"type": "LineString", "coordinates": [[7.9365, 68.6273], [8.2647, 68.6239], [8.5864, 68.6888], [8.8876, 68.8191], [9.1551, 69.0092], [9.3772, 69.2508], [9.5443, 69.5332], [9.649, 69.8443], [9.6867, 70.1703], [9.6559, 70.497], [9.5577, 70.8102], [9.3966, 71.0961], [9.1796, 71.3423], [8.9161, 71.538], [8.6177, 71.6746], [8.2975, 71.7462], [7.9693, 71.7497], [7.6476, 71.6848], [7.3464, 71.5545], [7.0789, 71.3644], [6.8567, 71.1228], [6.6896, 70.8403], [6.585, 70.5293], [6.5472, 70.2033], [6.5781, 69.8765], [6.6762, 69.5634], [6.8373, 69.2774], [7.0543, 69.0313], [7.3178, 68.8356], [7.6162, 68.6989], [7.9365, 68.6273]]}, "properties": {"Layer": "P-CINTA_MODIFICADA", "block": "ARQ-PLANTA_ACTUAL$0$HOMBRE"}}, {"type": "Feature", "geometry": {"type": "LineString", "coordinates": [[9.4323, 69.7956], [9.4957, 69.7954], [9.5577, 69.8085], [9.6157, 69.8342], [9.6671, 69.8714], [9.7096, 69.9184], [9.7414, 69.9733], [9.7611, 70.0335], [9.7678, 70.0966], [9.7613, 70.1597], [9.7418, 70.22], [9.7102, 70.275], [9.6679, 70.3222], [9.6167, 70.3595], [9.5588, 70.3854], [9.4968, 70.3987], [9.4334, 70.3988], [9.3713, 70.3858], [9.3134, 70.3601], [9.262, 70.3229], [9.2195, 70.2759], [9.1877, 70.221], [9.168, 70.1608], [9.1612, 70.0977], [9.1677, 70.0346], [9.1872, 69.9743], [9.2188, 69.9193], [9.2612, 69.8721], [9.3124, 69.8348], [9.3703, 69.8089], [9.4323, 69.7956]]}, "properties": {"Layer": "P-CINTA_MODIFICADA", "block": "ARQ-PLANTA_ACTUAL$0$HOMBRE"}}, {"type": "Feature", "geometry": {"type": "LineString", "coordinates": [[9.2634, 69.8707], [9.287, 69.8517], [9.314, 69.8379], [9.3432, 69.8301], [9.3735, 69.8285], [9.4034, 69.8332], [9.4317, 69.8441], [9.4571, 69.8606], [9.4785, 69.882], [9.4951, 69.9074], [9.5059, 69.9357], [9.5107, 69.9656], [9.5091, 69.9959], [9.5012, 70.0252], [9.4875, 70.0522], [9.4684, 70.0757], [9.4448, 70.0948], [9.4179, 70.1085], [9.3886, 70.1164], [9.3583, 70.118], [9.3284, 70.1132], [9.3001, 70.1024], [9.2747, 70.0859], [9.2533, 70.0644], [9.2368, 70.039], [9.2259, 70.0107], [9.2212, 69.9808], [9.2228, 69.9506], [9.2306, 69.9213], [9.2444, 69.8943], [9.2634, 69.8707]]}, "properties": {"Layer": "P-CINTA_MODIFICADA", "block": "ARQ-PLANTA_ACTUAL$0$HOMBRE"}}, {"type": "Feature", "geometry": {"type": "LineString", "coordinates": [[10.6456, 68.5365], [10.9738, 68.5412], [11.2938, 68.6141], [11.5916, 68.7519], [11.8543, 68.9486], [12.0704, 69.1957], [12.2303, 69.4822], [12.3272, 69.7958], [12.3568, 70.1226], [12.3178, 70.4485], [12.2119, 70.7591], [12.0437, 71.0409], [11.8206, 71.2816], [11.5523, 71.4707], [11.2506, 71.5998], [10.9287, 71.6634], [10.6005, 71.6587], [10.2805, 71.5858], [9.9827, 71.448], [9.72, 71.2513], [9.5039, 71.0042], [9.3439, 70.7177], [9.2471, 70.4041], [9.2175, 70.0773], [9.2565, 69.7514], [9.3624, 69.4408], [9.5306, 69.159], [9.7537, 68.9183], [10.022, 68.7292], [10.3237, 68.6001], [10.6456, 68.5365]]}, "properties": {"Layer": "P-CINTA_MODIFICADA", "block": "ARQ-PLANTA_ACTUAL$0$HOMBRE"}}, {"type": "Feature", "geometry": {"type": "LineString", "coordinates": [[9.2454, 69.7535], [9.2733, 69.7309], [9.3053, 69.7146], [9.34, 69.7053], [9.3758, 69.7034], [9.4113, 69.7091], [9.4448, 69.7219], [9.4749, 69.7415], [9.5003, 69.7669], [9.5198, 69.7969], [9.5327, 69.8305], [9.5383, 69.8659], [9.5364, 69.9017], [9.5271, 69.9364], [9.5108, 69.9684], [9.4882, 69.9963], [9.4603, 70.0189], [9.4284, 70.0352], [9.3937, 70.0444], [9.3578, 70.0463], [9.3224, 70.0407], [9.2889, 70.0279], [9.2588, 70.0083], [9.2334, 69.9829], [9.2139, 69.9528], [9.201, 69.9193], [9.1954, 69.8839], [9.1973, 69.848], [9.2066, 69.8134], [9.2229, 69.7814], [9.2454, 69.7535]]}, "properties": {"Layer": "P-CINTA_MODIFICADA", "block": "ARQ-PLANTA_ACTUAL$0$HOMBRE"}}, {"type": "Feature", "geometry": {"type": "LineString", "coordinates": [[9.4003, 69.7519], [9.4365, 69.7226], [9.478, 69.7014], [9.5231, 69.6893], [9.5696, 69.6869], [9.6156, 69.6942], [9.6591, 69.7109], [9.6982, 69.7363], [9.7312, 69.7692], [9.7566, 69.8083], [9.7733, 69.8518], [9.7806, 69.8979], [9.7781, 69.9444], [9.7661, 69.9895], [9.7449, 70.031], [9.7156, 70.0672], [9.6794, 70.0965], [9.6378, 70.1177], [9.5928, 70.1298], [9.5463, 70.1322], [9.5002, 70.1249], [9.4567, 70.1082], [9.4176, 70.0828], [9.3847, 70.0499], [9.3593, 70.0108], [9.3426, 69.9673], [9.3353, 69.9212], [9.3377, 69.8747], [9.3498, 69.8297], [9.3709, 69.7881], [9.4003, 69.7519]]}, "properties": {"Layer": "P-CINTA_MODIFICADA", "block": "ARQ-PLANTA_ACTUAL$0$HOMBRE"}}, {"type": "Feature", "geometry": {"type": "LineString", "coordinates": [[9.6755, 69.5327], [9.7569, 69.5303], [9.837, 69.5448], [9.9123, 69.5757], [9.9795, 69.6216], [10.0358, 69.6804], [10.0785, 69.7496], [10.106, 69.8263], [10.1169, 69.9069], [10.1108, 69.9881], [10.088, 70.0662], [10.0494, 70.1379], [9.9968, 70.2], [9.9324, 70.2497], [9.8591, 70.285], [9.78, 70.3043], [9.6986, 70.3068], [9.6186, 70.2922], [9.5432, 70.2614], [9.476, 70.2155], [9.4198, 70.1567], [9.377, 70.0874], [9.3495, 70.0108], [9.3386, 69.9302], [9.3447, 69.849], [9.3675, 69.7709], [9.4061, 69.6992], [9.4587, 69.6371], [9.5231, 69.5873], [9.5964, 69.552], [9.6755, 69.5327]]}, "properties": {"Layer": "P-CINTA_MODIFICADA", "block": "ARQ-PLANTA_ACTUAL$0$HOMBRE"}}, {"type": "Feature", "geometry": {"type": "LineString", "coordinates": [[9.3717, 69.8581], [9.3899, 69.8433], [9.4107, 69.8327], [9.4333, 69.8267], [9.4567, 69.8255], [9.4798, 69.8291], [9.5016, 69.8375], [9.5213, 69.8502], [9.5378, 69.8668], [9.5505, 69.8864], [9.5589, 69.9082], [9.5626, 69.9313], [9.5614, 69.9547], [9.5553, 69.9773], [9.5447, 69.9981], [9.53, 70.0163], [9.5118, 70.031], [9.4909, 70.0417], [9.4683, 70.0477], [9.445, 70.0489], [9.4219, 70.0453], [9.4, 70.0369], [9.3804, 70.0242], [9.3639, 70.0076], [9.3511, 69.988], [9.3427, 69.9662], [9.3391, 69.943], [9.3403, 69.9197], [9.3464, 69.8971], [9.357, 69.8763], [9.3717, 69.8581]]}, "properties": {"Layer": "P-CINTA_MODIFICADA", "block": "ARQ-PLANTA_ACTUAL$0$HOMBRE"}}, {"type": "Feature", "geometry": {"type": "LineString", "coordinates": [[9.4735, 70.0637], [9.4785, 70.0698], [9.4821, 70.0768], [9.4841, 70.0845], [9.4846, 70.0923], [9.4833, 70.1001], [9.4805, 70.1075], [9.4762, 70.1141], [9.4706, 70.1197], [9.464, 70.124], [9.4566, 70.1268], [9.4488, 70.1281], [9.4409, 70.1277], [9.4333, 70.1256], [9.4263, 70.122], [9.4201, 70.1171], [9.4152, 70.1109], [9.4116, 70.1039], [9.4095, 70.0963], [9.4091, 70.0884], [9.4104, 70.0806], [9.4132, 70.0732], [9.4175, 70.0666], [9.4231, 70.061], [9.4297, 70.0567], [9.4371, 70.0539], [9.4449, 70.0527], [9.4528, 70.0531], [9.4604, 70.0551], [9.4674, 70.0587], [9.4735, 70.0637]]}, "properties": {"Layer": "P-CINTA_MODIFICADA", "block": "ARQ-PLANTA_ACTUAL$0$HOMBRE"}}, {"type": "Feature", "geometry": {"type": "LineString", "coordinates": [[9.4271, 70.0634], [9.4333, 70.0585], [9.4403, 70.0549], [9.4479, 70.0528], [9.4558, 70.0524], [9.4636, 70.0537], [9.471, 70.0565], [9.4776, 70.0608], [9.4832, 70.0664], [9.4875, 70.073], [9.4903, 70.0804], [9.4915, 70.0882], [9.4911, 70.0961], [9.4891, 70.1037], [9.4855, 70.1107], [9.4805, 70.1168], [9.4744, 70.1218], [9.4674, 70.1254], [9.4597, 70.1274], [9.4518, 70.1279], [9.4441, 70.1266], [9.4367, 70.1238], [9.4301, 70.1195], [9.4245, 70.1139], [9.4202, 70.1073], [9.4173, 70.0999], [9.4161, 70.0921], [9.4165, 70.0842], [9.4186, 70.0766], [9.4222, 70.0696], [9.4271, 70.0634]]}, "properties": {"Layer": "P-CINTA_MODIFICADA", "block": "ARQ-PLANTA_ACTUAL$0$HOMBRE"}}, {"type": "Feature", "geometry": {"type": "LineString", "coordinates": [[9.501, 69.9469], [9.5117, 69.9601], [9.5193, 69.9751], [9.5237, 69.9914], [9.5246, 70.0083], [9.5219, 70.0249], [9.5159, 70.0407], [9.5067, 70.0549], [9.4948, 70.0668], [9.4806, 70.076], [9.4648, 70.082], [9.4482, 70.0847], [9.4313, 70.0838], [9.415, 70.0794], [9.4, 70.0718], [9.3868, 70.0611], [9.3762, 70.048], [9.3685, 70.033], [9.3642, 70.0167], [9.3633, 69.9998], [9.3659, 69.9831], [9.372, 69.9674], [9.3812, 69.9532], [9.3931, 69.9413], [9.4073, 69.9321], [9.423, 69.926], [9.4397, 69.9234], [9.4566, 69.9243], [9.4729, 69.9287], [9.4879, 69.9363], [9.501, 69.9469]]}, "properties": {"Layer": "P-CINTA_MODIFICADA", "block": "ARQ-PLANTA_ACTUAL$0$HOMBRE"}}, {"type": "Feature", "geometry": {"type": "LineString", "coordinates": [[9.3847, 69.9248], [9.3981, 69.9139], [9.4134, 69.9061], [9.43, 69.9017], [9.4472, 69.9008], [9.4642, 69.9035], [9.4803, 69.9096], [9.4947, 69.919], [9.5069, 69.9312], [9.5163, 69.9456], [9.5224, 69.9617], [9.5251, 69.9787], [9.5242, 69.9958], [9.5198, 70.0125], [9.512, 70.0278], [9.5011, 70.0412], [9.4878, 70.052], [9.4724, 70.0598], [9.4558, 70.0643], [9.4386, 70.0652], [9.4216, 70.0625], [9.4055, 70.0563], [9.3911, 70.0469], [9.3789, 70.0348], [9.3696, 70.0203], [9.3634, 70.0043], [9.3607, 69.9873], [9.3616, 69.9701], [9.3661, 69.9535], [9.3739, 69.9381], [9.3847, 69.9248]]}, "properties": {"Layer": "P-CINTA_MODIFICADA", "block": "ARQ-PLANTA_ACTUAL$0$HOMBRE"}}, {"type": "Feature", "geometry": {"type": "LineString", "coordinates": [[9.4204, 69.9042], [9.4441, 69.9054], [9.467, 69.9115], [9.4881, 69.9223], [9.5065, 69.9372], [9.5214, 69.9555], [9.5322, 69.9766], [9.5384, 69.9995], [9.5396, 70.0232], [9.5359, 70.0466], [9.5275, 70.0687], [9.5146, 70.0886], [9.4978, 70.1053], [9.478, 70.1183], [9.4559, 70.1268], [9.4325, 70.1305], [9.4088, 70.1293], [9.3859, 70.1232], [9.3648, 70.1124], [9.3464, 70.0975], [9.3315, 70.0791], [9.3207, 70.058], [9.3146, 70.0352], [9.3133, 70.0115], [9.317, 69.9881], [9.3255, 69.966], [9.3383, 69.9461], [9.3551, 69.9293], [9.3749, 69.9164], [9.397, 69.9079], [9.4204, 69.9042]]}, "properties": {"Layer": "P-CINTA_MODIFICADA", "block": "ARQ-PLANTA_ACTUAL$0$HOMBRE"}}, {"type": "Feature", "geometry": {"type": "LineString", "coordinates": [[9.4582, 69.9032], [9.4819, 69.9033], [9.505, 69.9084], [9.5266, 69.9181], [9.5457, 69.9322], [9.5615, 69.9499], [9.5732, 69.9704], [9.5804, 69.993], [9.5827, 70.0166], [9.5801, 70.0401], [9.5727, 70.0626], [9.5607, 70.0831], [9.5448, 70.1006], [9.5255, 70.1144], [9.5038, 70.1239], [9.4806, 70.1287], [9.457, 70.1286], [9.4338, 70.1235], [9.4122, 70.1138], [9.3931, 70.0997], [9.3774, 70.082], [9.3657, 70.0615], [9.3585, 70.0389], [9.3561, 70.0153], [9.3587, 69.9918], [9.3662, 69.9693], [9.3781, 69.9488], [9.3941, 69.9313], [9.4133, 69.9175], [9.435, 69.908], [9.4582, 69.9032]]}, "properties": {"Layer": "P-CINTA_MODIFICADA", "block": "ARQ-PLANTA_ACTUAL$0$HOMBRE"}}, {"type": "Feature", "geometry": {"type": "LineString", "coordinates": [[9.3926, 69.9245], [9.4059, 69.9137], [9.4213, 69.9059], [9.4379, 69.9014], [9.4551, 69.9005], [9.4721, 69.9032], [9.4881, 69.9094], [9.5026, 69.9187], [9.5147, 69.9309], [9.5241, 69.9453], [9.5303, 69.9614], [9.533, 69.9784], [9.5321, 69.9956], [9.5276, 70.0122], [9.5198, 70.0275], [9.509, 70.0409], [9.4956, 70.0518], [9.4803, 70.0596], [9.4636, 70.064], [9.4465, 70.0649], [9.4295, 70.0622], [9.4134, 70.0561], [9.399, 70.0467], [9.3868, 70.0345], [9.3774, 70.0201], [9.3713, 70.004], [9.3686, 69.987], [9.3695, 69.9698], [9.3739, 69.9532], [9.3817, 69.9379], [9.3926, 69.9245]]}, "properties": {"Layer": "P-CINTA_MODIFICADA", "block": "ARQ-PLANTA_ACTUAL$0$HOMBRE"}}, {"type": "Feature", "geometry": {"type": "LineString", "coordinates": [[9.3214, 69.9104], [9.329, 69.9197], [9.3344, 69.9304], [9.3375, 69.9419], [9.3381, 69.9538], [9.3362, 69.9656], [9.332, 69.9768], [9.3254, 69.9868], [9.317, 69.9953], [9.307, 70.0018], [9.2958, 70.006], [9.284, 70.0079], [9.2721, 70.0073], [9.2605, 70.0042], [9.2499, 69.9988], [9.2406, 69.9913], [9.2331, 69.982], [9.2277, 69.9713], [9.2246, 69.9598], [9.2239, 69.9478], [9.2258, 69.936], [9.2301, 69.9249], [9.2366, 69.9149], [9.2451, 69.9064], [9.2551, 69.8999], [9.2662, 69.8956], [9.278, 69.8938], [9.29, 69.8944], [9.3015, 69.8975], [9.3122, 69.9029], [9.3214, 69.9104]]}, "properties": {"Layer": "P-CINTA_MODIFICADA", "block": "ARQ-PLANTA_ACTUAL$0$HOMBRE"}}, {"type": "Feature", "geometry": {"type": "LineString", "coordinates": [[9.5608, 69.9912], [9.562, 69.9929], [9.5638, 69.9983], [9.5662, 70.0072], [9.569, 70.0192], [9.5721, 70.0337], [9.5754, 70.0501], [9.5788, 70.0677], [9.5821, 70.0857], [9.5851, 70.1034], [9.5877, 70.1199], [9.5899, 70.1346], [9.5914, 70.1468], [9.5924, 70.1559], [9.5926, 70.1616], [9.5921, 70.1637], [9.5909, 70.1619], [9.5891, 70.1565], [9.5867, 70.1476], [9.5839, 70.1357], [9.5808, 70.1212], [9.5775, 70.1048], [9.5741, 70.0872], [9.5708, 70.0691], [9.5678, 70.0515], [9.5652, 70.0349], [9.563, 70.0203], [9.5615, 70.0081], [9.5605, 69.9989], [9.5603, 69.9932], [9.5608, 69.9912]]}, "properties": {"Layer": "P-CINTA_MODIFICADA", "block": "ARQ-PLANTA_ACTUAL$0$HOMBRE"}}, {"type": "Feature", "geometry": {"type": "LineString", "coordinates": [[9.3608, 69.8584], [9.3789, 69.8437], [9.3998, 69.8331], [9.4224, 69.827], [9.4457, 69.8258], [9.4689, 69.8295], [9.4907, 69.8378], [9.5103, 69.8506], [9.5269, 69.8671], [9.5396, 69.8867], [9.548, 69.9086], [9.5516, 69.9317], [9.5504, 69.9551], [9.5444, 69.9776], [9.5337, 69.9985], [9.519, 70.0167], [9.5008, 70.0314], [9.48, 70.042], [9.4574, 70.0481], [9.434, 70.0493], [9.4109, 70.0456], [9.3891, 70.0372], [9.3695, 70.0245], [9.3529, 70.008], [9.3402, 69.9883], [9.3318, 69.9665], [9.3281, 69.9434], [9.3294, 69.92], [9.3354, 69.8974], [9.346, 69.8766], [9.3608, 69.8584]]}, "properties": {"Layer": "P-CINTA_MODIFICADA", "block": "ARQ-PLANTA_ACTUAL$0$HOMBRE"}}, {"type": "Feature", "geometry": {"type": "LineString", "coordinates": [[9.3983, 69.7485], [9.4262, 69.7259], [9.4581, 69.7096], [9.4928, 69.7004], [9.5286, 69.6985], [9.5641, 69.7041], [9.5976, 69.717], [9.6277, 69.7365], [9.6531, 69.7619], [9.6726, 69.792], [9.6855, 69.8255], [9.6911, 69.8609], [9.6892, 69.8968], [9.6799, 69.9314], [9.6636, 69.9634], [9.6411, 69.9913], [9.6132, 70.0139], [9.5812, 70.0302], [9.5465, 70.0395], [9.5107, 70.0414], [9.4752, 70.0357], [9.4417, 70.0229], [9.4116, 70.0033], [9.3862, 69.978], [9.3667, 69.9479], [9.3538, 69.9144], [9.3482, 69.8789], [9.3501, 69.8431], [9.3594, 69.8084], [9.3757, 69.7764], [9.3983, 69.7485]]}, "properties": {"Layer": "P-CINTA_MODIFICADA", "block": "ARQ-PLANTA_ACTUAL$0$HOMBRE"}}, {"type": "Feature", "geometry": {"type": "LineString", "coordinates": [[9.4245, 69.8655], [9.448, 69.8464], [9.475, 69.8327], [9.5043, 69.8248], [9.5346, 69.8232], [9.5645, 69.828], [9.5928, 69.8388], [9.6182, 69.8554], [9.6396, 69.8768], [9.6561, 69.9022], [9.667, 69.9305], [9.6717, 69.9604], [9.6701, 69.9907], [9.6623, 70.0199], [9.6485, 70.0469], [9.6295, 70.0705], [9.6059, 70.0895], [9.5789, 70.1033], [9.5497, 70.1111], [9.5194, 70.1127], [9.4895, 70.108], [9.4612, 70.0971], [9.4358, 70.0806], [9.4143, 70.0592], [9.3978, 70.0338], [9.387, 70.0055], [9.3822, 69.9756], [9.3838, 69.9453], [9.3917, 69.916], [9.4054, 69.8891], [9.4245, 69.8655]]}, "properties": {"Layer": "P-CINTA_MODIFICADA", "block": "ARQ-PLANTA_ACTUAL$0$HOMBRE"}}, {"type": "Feature", "geometry": {"type": "LineString", "coordinates": [[9.3961, 69.7975], [9.4594, 69.7956], [9.5218, 69.807], [9.5805, 69.831], [9.6329, 69.8668], [9.6767, 69.9126], [9.71, 69.9666], [9.7313, 70.0263], [9.7398, 70.0891], [9.735, 70.1524], [9.7172, 70.2132], [9.6871, 70.269], [9.6461, 70.3174], [9.5959, 70.3561], [9.5388, 70.3836], [9.4772, 70.3986], [9.4138, 70.4005], [9.3514, 70.3891], [9.2928, 70.3651], [9.2404, 70.3293], [9.1966, 70.2835], [9.1633, 70.2295], [9.1419, 70.1698], [9.1335, 70.107], [9.1382, 70.0437], [9.156, 69.9829], [9.1861, 69.9271], [9.2271, 69.8787], [9.2773, 69.84], [9.3345, 69.8125], [9.3961, 69.7975]]}, "properties": {"Layer": "P-CINTA_MODIFICADA", "block": "ARQ-PLANTA_ACTUAL$0$HOMBRE"}}, {"type": "Feature", "geometry": {"type": "LineString", "coordinates": [[9.6506, 69.8997], [9.6582, 69.909], [9.6636, 69.9196], [9.6667, 69.9312], [9.6673, 69.9431], [9.6654, 69.9549], [9.6612, 69.9661], [9.6546, 69.9761], [9.6462, 69.9845], [9.6362, 69.9911], [9.625, 69.9953], [9.6132, 69.9972], [9.6013, 69.9966], [9.5897, 69.9935], [9.5791, 69.9881], [9.5698, 69.9805], [9.5623, 69.9713], [9.5569, 69.9606], [9.5538, 69.9491], [9.5532, 69.9371], [9.555, 69.9253], [9.5593, 69.9142], [9.5658, 69.9042], [9.5743, 69.8957], [9.5843, 69.8892], [9.5954, 69.8849], [9.6072, 69.8831], [9.6192, 69.8837], [9.6307, 69.8868], [9.6414, 69.8922], [9.6506, 69.8997]]}, "properties": {"Layer": "P-CINTA_MODIFICADA", "block": "ARQ-PLANTA_ACTUAL$0$HOMBRE"}}, {"type": "Feature", "geometry": {"type": "LineString", "coordinates": [[9.5706, 70.3268], [9.5712, 70.3276], [9.5717, 70.3284], [9.5719, 70.3294], [9.572, 70.3303], [9.5718, 70.3313], [9.5715, 70.3322], [9.571, 70.333], [9.5703, 70.3337], [9.5695, 70.3342], [9.5686, 70.3346], [9.5676, 70.3347], [9.5666, 70.3347], [9.5657, 70.3344], [9.5648, 70.334], [9.5641, 70.3334], [9.5635, 70.3326], [9.563, 70.3318], [9.5628, 70.3308], [9.5627, 70.3299], [9.5629, 70.3289], [9.5632, 70.328], [9.5638, 70.3272], [9.5644, 70.3265], [9.5653, 70.326], [9.5662, 70.3256], [9.5671, 70.3255], [9.5681, 70.3255], [9.569, 70.3258], [9.5699, 70.3262], [9.5706, 70.3268]]}, "properties": {"Layer": "P-CINTA_MODIFICADA", "block": "ARQ-PLANTA_ACTUAL$0$HOMBRE"}}, {"type": "Feature", "geometry": {"type": "LineString", "coordinates": [[9.3524, 70.3339], [9.353, 70.3347], [9.3535, 70.3355], [9.3537, 70.3365], [9.3538, 70.3374], [9.3536, 70.3384], [9.3533, 70.3393], [9.3527, 70.3401], [9.3521, 70.3408], [9.3512, 70.3413], [9.3503, 70.3417], [9.3494, 70.3418], [9.3484, 70.3418], [9.3475, 70.3415], [9.3466, 70.3411], [9.3459, 70.3405], [9.3453, 70.3397], [9.3448, 70.3389], [9.3446, 70.3379], [9.3445, 70.337], [9.3447, 70.336], [9.345, 70.3351], [9.3455, 70.3343], [9.3462, 70.3336], [9.347, 70.3331], [9.3479, 70.3327], [9.3489, 70.3326], [9.3499, 70.3326], [9.3508, 70.3329], [9.3517, 70.3333], [9.3524, 70.3339]]}, "properties": {"Layer": "P-CINTA_MODIFICADA", "block": "ARQ-PLANTA_ACTUAL$0$HOMBRE"}}, {"type": "Feature", "geometry": {"type": "LineString", "coordinates": [[9.317, 70.1814], [9.355, 70.2623]]}, "properties": {"Layer": "P-CINTA_MODIFICADA", "block": "ARQ-PLANTA_ACTUAL$0$HOMBRE"}}, {"type": "Feature", "geometry": {"type": "LineString", "coordinates": [[9.3418, 70.0367], [9.348, 70.031]]}, "properties": {"Layer": "P-CINTA_MODIFICADA", "block": "ARQ-PLANTA_ACTUAL$0$HOMBRE"}}, {"type": "Feature", "geometry": {"type": "LineString", "coordinates": [[9.3468, 70.0242], [9.323, 69.999]]}, "properties": {"Layer": "P-CINTA_MODIFICADA", "block": "ARQ-PLANTA_ACTUAL$0$HOMBRE"}}, {"type": "Feature", "geometry": {"type": "LineString", "coordinates": [[9.3515, 70.0156], [9.3138, 70.0168]]}, "properties": {"Layer": "P-CINTA_MODIFICADA", "block": "ARQ-PLANTA_ACTUAL$0$HOMBRE"}}, {"type": "Feature", "geometry": {"type": "LineString", "coordinates": [[9.3395, 69.8715], [9.3568, 69.8639]]}, "properties": {"Layer": "P-CINTA_MODIFICADA", "block": "ARQ-PLANTA_ACTUAL$0$HOMBRE"}}, {"type": "Feature", "geometry": {"type": "LineString", "coordinates": [[9.3542, 70.3311], [9.3533, 70.3308]]}, "properties": {"Layer": "P-CINTA_MODIFICADA", "block": "ARQ-PLANTA_ACTUAL$0$HOMBRE"}}, {"type": "Feature", "geometry": {"type": "LineString", "coordinates": [[9.3502, 70.2958], [9.3535, 70.2914]]}, "properties": {"Layer": "P-CINTA_MODIFICADA", "block": "ARQ-PLANTA_ACTUAL$0$HOMBRE"}}, {"type": "Feature", "geometry": {"type": "LineString", "coordinates": [[9.3464, 70.371], [9.3584, 70.3764]]}, "properties": {"Layer": "P-CINTA_MODIFICADA", "block": "ARQ-PLANTA_ACTUAL$0$HOMBRE"}}, {"type": "Feature", "geometry": {"type": "LineString", "coordinates": [[9.3574, 70.3477], [9.3543, 70.3444]]}, "properties": {"Layer": "P-CINTA_MODIFICADA", "block": "ARQ-PLANTA_ACTUAL$0$HOMBRE"}}, {"type": "Feature", "geometry": {"type": "LineString", "coordinates": [[9.3583, 70.3529], [9.3534, 70.3478]]}, "properties": {"Layer": "P-CINTA_MODIFICADA", "block": "ARQ-PLANTA_ACTUAL$0$HOMBRE"}}, {"type": "Feature", "geometry": {"type": "LineString", "coordinates": [[9.3562, 70.3583], [9.3518, 70.3541]]}, "properties": {"Layer": "P-CINTA_MODIFICADA", "block": "ARQ-PLANTA_ACTUAL$0$HOMBRE"}}, {"type": "Feature", "geometry": {"type": "LineString", "coordinates": [[9.2419, 70.2201], [9.2486, 70.2391]]}, "properties": {"Layer": "P-CINTA_MODIFICADA", "block": "ARQ-PLANTA_ACTUAL$0$HOMBRE"}}, {"type": "Feature", "geometry": {"type": "LineString", "coordinates": [[9.2633, 70.1615], [9.2586, 70.1565]]}, "properties": {"Layer": "P-CINTA_MODIFICADA", "block": "ARQ-PLANTA_ACTUAL$0$HOMBRE"}}, {"type": "Feature", "geometry": {"type": "LineString", "coordinates": [[9.2714, 70.1653], [9.2633, 70.1615]]}, "properties": {"Layer": "P-CINTA_MODIFICADA", "block": "ARQ-PLANTA_ACTUAL$0$HOMBRE"}}, {"type": "Feature", "geometry": {"type": "LineString", "coordinates": [[9.2738, 70.1675], [9.2714, 70.1653]]}, "properties": {"Layer": "P-CINTA_MODIFICADA", "block": "ARQ-PLANTA_ACTUAL$0$HOMBRE"}}, {"type": "Feature", "geometry": {"type": "LineString", "coordinates": [[9.2791, 70.1713], [9.2738, 70.1675]]}, "properties": {"Layer": "P-CINTA_MODIFICADA", "block": "ARQ-PLANTA_ACTUAL$0$HOMBRE"}}, {"type": "Feature", "geometry": {"type": "LineString", "coordinates": [[9.2853, 70.1711], [9.2791, 70.1713]]}, "properties": {"Layer": "P-CINTA_MODIFICADA", "block": "ARQ-PLANTA_ACTUAL$0$HOMBRE"}}, {"type": "Feature", "geometry": {"type": "LineString", "coordinates": [[9.2697, 70.1513], [9.2672, 70.1484]]}, "properties": {"Layer": "P-CINTA_MODIFICADA", "block": "ARQ-PLANTA_ACTUAL$0$HOMBRE"}}, {"type": "Feature", "geometry": {"type": "LineString", "coordinates": [[9.2764, 70.1547], [9.2697, 70.1513]]}, "properties": {"Layer": "P-CINTA_MODIFICADA", "block": "ARQ-PLANTA_ACTUAL$0$HOMBRE"}}, {"type": "Feature", "geometry": {"type": "LineString", "coordinates": [[9.2829, 70.155], [9.2764, 70.1547]]}, "properties": {"Layer": "P-CINTA_MODIFICADA", "block": "ARQ-PLANTA_ACTUAL$0$HOMBRE"}}, {"type": "Feature", "geometry": {"type": "LineString", "coordinates": [[9.2877, 70.1549], [9.2829, 70.155]]}, "properties": {"Layer": "P-CINTA_MODIFICADA", "block": "ARQ-PLANTA_ACTUAL$0$HOMBRE"}}, {"type": "Feature", "geometry": {"type": "LineString", "coordinates": [[9.2501, 70.1425], [9.247, 70.1352]]}, "properties": {"Layer": "P-CINTA_MODIFICADA", "block": "ARQ-PLANTA_ACTUAL$0$HOMBRE"}}, {"type": "Feature", "geometry": {"type": "LineString", "coordinates": [[9.2544, 70.1515], [9.2501, 70.1425]]}, "properties": {"Layer": "P-CINTA_MODIFICADA", "block": "ARQ-PLANTA_ACTUAL$0$HOMBRE"}}, {"type": "Feature", "geometry": {"type": "LineString", "coordinates": [[9.2586, 70.1565], [9.2544, 70.1515]]}, "properties": {"Layer": "P-CINTA_MODIFICADA", "block": "ARQ-PLANTA_ACTUAL$0$HOMBRE"}}, {"type": "Feature", "geometry": {"type": "LineString", "coordinates": [[9.219, 70.1728], [9.2419, 70.2201]]}, "properties": {"Layer": "P-CINTA_MODIFICADA", "block": "ARQ-PLANTA_ACTUAL$0$HOMBRE"}}, {"type": "Feature", "geometry": {"type": "LineString", "coordinates": [[9.299, 70.1707], [9.2928, 70.1709]]}, "properties": {"Layer": "P-CINTA_MODIFICADA", "block": "ARQ-PLANTA_ACTUAL$0$HOMBRE"}}, {"type": "Feature", "geometry": {"type": "LineString", "coordinates": [[9.2972, 70.1546], [9.2936, 70.1547]]}, "properties": {"Layer": "P-CINTA_MODIFICADA", "block": "ARQ-PLANTA_ACTUAL$0$HOMBRE"}}, {"type": "Feature", "geometry": {"type": "LineString", "coordinates": [[9.2996, 70.1557], [9.2972, 70.1546]]}, "properties": {"Layer": "P-CINTA_MODIFICADA", "block": "ARQ-PLANTA_ACTUAL$0$HOMBRE"}}, {"type": "Feature", "geometry": {"type": "LineString", "coordinates": [[9.3014, 70.1568], [9.2996, 70.1557]]}, "properties": {"Layer": "P-CINTA_MODIFICADA", "block": "ARQ-PLANTA_ACTUAL$0$HOMBRE"}}, {"type": "Feature", "geometry": {"type": "LineString", "coordinates": [[9.3127, 70.1662], [9.303, 70.1682]]}, "properties": {"Layer": "P-CINTA_MODIFICADA", "block": "ARQ-PLANTA_ACTUAL$0$HOMBRE"}}, {"type": "Feature", "geometry": {"type": "LineString", "coordinates": [[9.3127, 70.1662], [9.3063, 70.159]]}, "properties": {"Layer": "P-CINTA_MODIFICADA", "block": "ARQ-PLANTA_ACTUAL$0$HOMBRE"}}, {"type": "Feature", "geometry": {"type": "LineString", "coordinates": [[9.3129, 70.157], [9.3125, 70.1606]]}, "properties": {"Layer": "P-CINTA_MODIFICADA", "block": "ARQ-PLANTA_ACTUAL$0$HOMBRE"}}, {"type": "Feature", "geometry": {"type": "LineString", "coordinates": [[9.3125, 70.1606], [9.3127, 70.1662]]}, "properties": {"Layer": "P-CINTA_MODIFICADA", "block": "ARQ-PLANTA_ACTUAL$0$HOMBRE"}}, {"type": "Feature", "geometry": {"type": "LineString", "coordinates": [[9.3127, 70.1662], [9.3135, 70.1699]]}, "properties": {"Layer": "P-CINTA_MODIFICADA", "block": "ARQ-PLANTA_ACTUAL$0$HOMBRE"}}, {"type": "Feature", "geometry": {"type": "LineString", "coordinates": [[9.3135, 70.1699], [9.3164, 70.1772]]}, "properties": {"Layer": "P-CINTA_MODIFICADA", "block": "ARQ-PLANTA_ACTUAL$0$HOMBRE"}}, {"type": "Feature", "geometry": {"type": "LineString", "coordinates": [[9.3164, 70.1772], [9.317, 70.181]]}, "properties": {"Layer": "P-CINTA_MODIFICADA", "block": "ARQ-PLANTA_ACTUAL$0$HOMBRE"}}, {"type": "Feature", "geometry": {"type": "LineString", "coordinates": [[9.317, 70.181], [9.317, 70.1823]]}, "properties": {"Layer": "P-CINTA_MODIFICADA", "block": "ARQ-PLANTA_ACTUAL$0$HOMBRE"}}, {"type": "Feature", "geometry": {"type": "LineString", "coordinates": [[9.3133, 70.1507], [9.3129, 70.157]]}, "properties": {"Layer": "P-CINTA_MODIFICADA", "block": "ARQ-PLANTA_ACTUAL$0$HOMBRE"}}, {"type": "Feature", "geometry": {"type": "LineString", "coordinates": [[9.303, 70.1682], [9.299, 70.1707]]}, "properties": {"Layer": "P-CINTA_MODIFICADA", "block": "ARQ-PLANTA_ACTUAL$0$HOMBRE"}}, {"type": "Feature", "geometry": {"type": "LineString", "coordinates": [[9.3063, 70.159], [9.3014, 70.1568]]}, "properties": {"Layer": "P-CINTA_MODIFICADA", "block": "ARQ-PLANTA_ACTUAL$0$HOMBRE"}}, {"type": "Feature", "geometry": {"type": "LineString", "coordinates": [[9.2928, 70.1709], [9.2853, 70.1711]]}, "properties": {"Layer": "P-CINTA_MODIFICADA", "block": "ARQ-PLANTA_ACTUAL$0$HOMBRE"}}, {"type": "Feature", "geometry": {"type": "LineString", "coordinates": [[9.2936, 70.1547], [9.2877, 70.1549]]}, "properties": {"Layer": "P-CINTA_MODIFICADA", "block": "ARQ-PLANTA_ACTUAL$0$HOMBRE"}}, {"type": "Feature", "geometry": {"type": "LineString", "coordinates": [[9.346, 70.2978], [9.3502, 70.2958]]}, "properties": {"Layer": "P-CINTA_MODIFICADA", "block": "ARQ-PLANTA_ACTUAL$0$HOMBRE"}}, {"type": "Feature", "geometry": {"type": "LineString", "coordinates": [[9.3412, 70.3056], [9.346, 70.2978]]}, "properties": {"Layer": "P-CINTA_MODIFICADA", "block": "ARQ-PLANTA_ACTUAL$0$HOMBRE"}}, {"type": "Feature", "geometry": {"type": "LineString", "coordinates": [[9.3363, 70.31], [9.3412, 70.3056]]}, "properties": {"Layer": "P-CINTA_MODIFICADA", "block": "ARQ-PLANTA_ACTUAL$0$HOMBRE"}}, {"type": "Feature", "geometry": {"type": "LineString", "coordinates": [[9.3251, 70.3138], [9.3363, 70.31]]}, "properties": {"Layer": "P-CINTA_MODIFICADA", "block": "ARQ-PLANTA_ACTUAL$0$HOMBRE"}}, {"type": "Feature", "geometry": {"type": "LineString", "coordinates": [[9.3174, 70.313], [9.3251, 70.3138]]}, "properties": {"Layer": "P-CINTA_MODIFICADA", "block": "ARQ-PLANTA_ACTUAL$0$HOMBRE"}}, {"type": "Feature", "geometry": {"type": "LineString", "coordinates": [[9.3112, 70.3103], [9.3174, 70.313]]}, "properties": {"Layer": "P-CINTA_MODIFICADA", "block": "ARQ-PLANTA_ACTUAL$0$HOMBRE"}}, {"type": "Feature", "geometry": {"type": "LineString", "coordinates": [[9.3499, 70.3334], [9.3506, 70.3318]]}, "properties": {"Layer": "P-CINTA_MODIFICADA", "block": "ARQ-PLANTA_ACTUAL$0$HOMBRE"}}, {"type": "Feature", "geometry": {"type": "LineString", "coordinates": [[9.3484, 70.3359], [9.3482, 70.3327]]}, "properties": {"Layer": "P-CINTA_MODIFICADA", "block": "ARQ-PLANTA_ACTUAL$0$HOMBRE"}}, {"type": "Feature", "geometry": {"type": "LineString", "coordinates": [[9.3499, 70.3349], [9.3499, 70.3334]]}, "properties": {"Layer": "P-CINTA_MODIFICADA", "block": "ARQ-PLANTA_ACTUAL$0$HOMBRE"}}, {"type": "Feature", "geometry": {"type": "LineString", "coordinates": [[9.35, 70.3362], [9.3499, 70.3349]]}, "properties": {"Layer": "P-CINTA_MODIFICADA", "block": "ARQ-PLANTA_ACTUAL$0$HOMBRE"}}, {"type": "Feature", "geometry": {"type": "LineString", "coordinates": [[9.3505, 70.3387], [9.35, 70.3362]]}, "properties": {"Layer": "P-CINTA_MODIFICADA", "block": "ARQ-PLANTA_ACTUAL$0$HOMBRE"}}, {"type": "Feature", "geometry": {"type": "LineString", "coordinates": [[9.3476, 70.3329], [9.3533, 70.3308]]}, "properties": {"Layer": "P-CINTA_MODIFICADA", "block": "ARQ-PLANTA_ACTUAL$0$HOMBRE"}}, {"type": "Feature", "geometry": {"type": "LineString", "coordinates": [[9.3013, 70.3069], [9.3112, 70.3103]]}, "properties": {"Layer": "P-CINTA_MODIFICADA", "block": "ARQ-PLANTA_ACTUAL$0$HOMBRE"}}, {"type": "Feature", "geometry": {"type": "LineString", "coordinates": [[9.2924, 70.3011], [9.3013, 70.3069]]}, "properties": {"Layer": "P-CINTA_MODIFICADA", "block": "ARQ-PLANTA_ACTUAL$0$HOMBRE"}}, {"type": "Feature", "geometry": {"type": "LineString", "coordinates": [[9.2612, 70.2519], [9.272, 70.2738]]}, "properties": {"Layer": "P-CINTA_MODIFICADA", "block": "ARQ-PLANTA_ACTUAL$0$HOMBRE"}}, {"type": "Feature", "geometry": {"type": "LineString", "coordinates": [[9.2827, 70.2897], [9.286, 70.2938]]}, "properties": {"Layer": "P-CINTA_MODIFICADA", "block": "ARQ-PLANTA_ACTUAL$0$HOMBRE"}}, {"type": "Feature", "geometry": {"type": "LineString", "coordinates": [[9.2887, 70.2966], [9.286, 70.2938]]}, "properties": {"Layer": "P-CINTA_MODIFICADA", "block": "ARQ-PLANTA_ACTUAL$0$HOMBRE"}}, {"type": "Feature", "geometry": {"type": "LineString", "coordinates": [[9.272, 70.2738], [9.2827, 70.2897]]}, "properties": {"Layer": "P-CINTA_MODIFICADA", "block": "ARQ-PLANTA_ACTUAL$0$HOMBRE"}}, {"type": "Feature", "geometry": {"type": "LineString", "coordinates": [[9.2486, 70.2391], [9.2612, 70.2519]]}, "properties": {"Layer": "P-CINTA_MODIFICADA", "block": "ARQ-PLANTA_ACTUAL$0$HOMBRE"}}, {"type": "Feature", "geometry": {"type": "LineString", "coordinates": [[9.2928, 70.3017], [9.2887, 70.2966]]}, "properties": {"Layer": "P-CINTA_MODIFICADA", "block": "ARQ-PLANTA_ACTUAL$0$HOMBRE"}}, {"type": "Feature", "geometry": {"type": "LineString", "coordinates": [[9.3446, 70.3379], [9.3445, 70.3372]]}, "properties": {"Layer": "P-CINTA_MODIFICADA", "block": "ARQ-PLANTA_ACTUAL$0$HOMBRE"}}, {"type": "Feature", "geometry": {"type": "LineString", "coordinates": [[9.3543, 70.3444], [9.3524, 70.3427]]}, "properties": {"Layer": "P-CINTA_MODIFICADA", "block": "ARQ-PLANTA_ACTUAL$0$HOMBRE"}}, {"type": "Feature", "geometry": {"type": "LineString", "coordinates": [[9.3506, 70.3428], [9.3494, 70.34]]}, "properties": {"Layer": "P-CINTA_MODIFICADA", "block": "ARQ-PLANTA_ACTUAL$0$HOMBRE"}}, {"type": "Feature", "geometry": {"type": "LineString", "coordinates": [[9.3534, 70.3478], [9.3506, 70.3428]]}, "properties": {"Layer": "P-CINTA_MODIFICADA", "block": "ARQ-PLANTA_ACTUAL$0$HOMBRE"}}, {"type": "Feature", "geometry": {"type": "LineString", "coordinates": [[9.3447, 70.3402], [9.3446, 70.3379]]}, "properties": {"Layer": "P-CINTA_MODIFICADA", "block": "ARQ-PLANTA_ACTUAL$0$HOMBRE"}}, {"type": "Feature", "geometry": {"type": "LineString", "coordinates": [[9.3452, 70.3433], [9.3447, 70.3402]]}, "properties": {"Layer": "P-CINTA_MODIFICADA", "block": "ARQ-PLANTA_ACTUAL$0$HOMBRE"}}, {"type": "Feature", "geometry": {"type": "LineString", "coordinates": [[9.3463, 70.3462], [9.3452, 70.3433]]}, "properties": {"Layer": "P-CINTA_MODIFICADA", "block": "ARQ-PLANTA_ACTUAL$0$HOMBRE"}}, {"type": "Feature", "geometry": {"type": "LineString", "coordinates": [[9.3483, 70.3494], [9.3463, 70.3462]]}, "properties": {"Layer": "P-CINTA_MODIFICADA", "block": "ARQ-PLANTA_ACTUAL$0$HOMBRE"}}, {"type": "Feature", "geometry": {"type": "LineString", "coordinates": [[9.3497, 70.3512], [9.3483, 70.3494]]}, "properties": {"Layer": "P-CINTA_MODIFICADA", "block": "ARQ-PLANTA_ACTUAL$0$HOMBRE"}}, {"type": "Feature", "geometry": {"type": "LineString", "coordinates": [[9.3518, 70.3541], [9.3497, 70.3512]]}, "properties": {"Layer": "P-CINTA_MODIFICADA", "block": "ARQ-PLANTA_ACTUAL$0$HOMBRE"}}, {"type": "Feature", "geometry": {"type": "LineString", "coordinates": [[9.3242, 70.3445], [9.3401, 70.3627]]}, "properties": {"Layer": "P-CINTA_MODIFICADA", "block": "ARQ-PLANTA_ACTUAL$0$HOMBRE"}}, {"type": "Feature", "geometry": {"type": "LineString", "coordinates": [[9.3086, 70.3241], [9.3242, 70.3445]]}, "properties": {"Layer": "P-CINTA_MODIFICADA", "block": "ARQ-PLANTA_ACTUAL$0$HOMBRE"}}, {"type": "Feature", "geometry": {"type": "LineString", "coordinates": [[9.3086, 70.3241], [9.3047, 70.3155]]}, "properties": {"Layer": "P-CINTA_MODIFICADA", "block": "ARQ-PLANTA_ACTUAL$0$HOMBRE"}}, {"type": "Feature", "geometry": {"type": "LineString", "coordinates": [[9.3401, 70.3627], [9.3464, 70.371]]}, "properties": {"Layer": "P-CINTA_MODIFICADA", "block": "ARQ-PLANTA_ACTUAL$0$HOMBRE"}}, {"type": "Feature", "geometry": {"type": "LineString", "coordinates": [[9.3047, 70.3155], [9.2994, 70.3057]]}, "properties": {"Layer": "P-CINTA_MODIFICADA", "block": "ARQ-PLANTA_ACTUAL$0$HOMBRE"}}, {"type": "Feature", "geometry": {"type": "LineString", "coordinates": [[9.3524, 70.3427], [9.3505, 70.3387]]}, "properties": {"Layer": "P-CINTA_MODIFICADA", "block": "ARQ-PLANTA_ACTUAL$0$HOMBRE"}}, {"type": "Feature", "geometry": {"type": "LineString", "coordinates": [[9.3494, 70.34], [9.3484, 70.3359]]}, "properties": {"Layer": "P-CINTA_MODIFICADA", "block": "ARQ-PLANTA_ACTUAL$0$HOMBRE"}}, {"type": "Feature", "geometry": {"type": "LineString", "coordinates": [[9.3311, 69.8805], [9.3395, 69.8715]]}, "properties": {"Layer": "P-CINTA_MODIFICADA", "block": "ARQ-PLANTA_ACTUAL$0$HOMBRE"}}, {"type": "Feature", "geometry": {"type": "LineString", "coordinates": [[9.3141, 69.8968], [9.3311, 69.8805]]}, "properties": {"Layer": "P-CINTA_MODIFICADA", "block": "ARQ-PLANTA_ACTUAL$0$HOMBRE"}}, {"type": "Feature", "geometry": {"type": "LineString", "coordinates": [[9.3141, 69.8968], [9.3207, 69.8844]]}, "properties": {"Layer": "P-CINTA_MODIFICADA", "block": "ARQ-PLANTA_ACTUAL$0$HOMBRE"}}, {"type": "Feature", "geometry": {"type": "LineString", "coordinates": [[9.3318, 70.0463], [9.3418, 70.0367]]}, "properties": {"Layer": "P-CINTA_MODIFICADA", "block": "ARQ-PLANTA_ACTUAL$0$HOMBRE"}}, {"type": "Feature", "geometry": {"type": "LineString", "coordinates": [[9.323, 69.999], [9.318, 69.979]]}, "properties": {"Layer": "P-CINTA_MODIFICADA", "block": "ARQ-PLANTA_ACTUAL$0$HOMBRE"}}, {"type": "Feature", "geometry": {"type": "LineString", "coordinates": [[9.318, 69.979], [9.3111, 69.9433]]}, "properties": {"Layer": "P-CINTA_MODIFICADA", "block": "ARQ-PLANTA_ACTUAL$0$HOMBRE"}}, {"type": "Feature", "geometry": {"type": "LineString", "coordinates": [[9.2968, 70.01], [9.2841, 70.0041]]}, "properties": {"Layer": "P-CINTA_MODIFICADA", "block": "ARQ-PLANTA_ACTUAL$0$HOMBRE"}}, {"type": "Feature", "geometry": {"type": "LineString", "coordinates": [[9.3138, 70.0168], [9.3032, 70.0119]]}, "properties": {"Layer": "P-CINTA_MODIFICADA", "block": "ARQ-PLANTA_ACTUAL$0$HOMBRE"}}, {"type": "Feature", "geometry": {"type": "LineString", "coordinates": [[9.3032, 70.0119], [9.2968, 70.01]]}, "properties": {"Layer": "P-CINTA_MODIFICADA", "block": "ARQ-PLANTA_ACTUAL$0$HOMBRE"}}, {"type": "Feature", "geometry": {"type": "LineString", "coordinates": [[9.2841, 70.0041], [9.2745, 69.9992]]}, "properties": {"Layer": "P-CINTA_MODIFICADA", "block": "ARQ-PLANTA_ACTUAL$0$HOMBRE"}}, {"type": "Feature", "geometry": {"type": "LineString", "coordinates": [[9.2865, 69.9065], [9.3141, 69.8968]]}, "properties": {"Layer": "P-CINTA_MODIFICADA", "block": "ARQ-PLANTA_ACTUAL$0$HOMBRE"}}, {"type": "Feature", "geometry": {"type": "LineString", "coordinates": [[9.3111, 69.9433], [9.3141, 69.8968]]}, "properties": {"Layer": "P-CINTA_MODIFICADA", "block": "ARQ-PLANTA_ACTUAL$0$HOMBRE"}}, {"type": "Feature", "geometry": {"type": "LineString", "coordinates": [[9.3207, 69.8844], [9.3311, 69.8805]]}, "properties": {"Layer": "P-CINTA_MODIFICADA", "block": "ARQ-PLANTA_ACTUAL$0$HOMBRE"}}, {"type": "Feature", "geometry": {"type": "LineString", "coordinates": [[9.6535, 70.1294], [9.6561, 70.1219]]}, "properties": {"Layer": "P-CINTA_MODIFICADA", "block": "ARQ-PLANTA_ACTUAL$0$HOMBRE"}}, {"type": "Feature", "geometry": {"type": "LineString", "coordinates": [[9.6865, 70.1576], [9.6667, 70.2063]]}, "properties": {"Layer": "P-CINTA_MODIFICADA", "block": "ARQ-PLANTA_ACTUAL$0$HOMBRE"}}, {"type": "Feature", "geometry": {"type": "LineString", "coordinates": [[9.5893, 70.1726], [9.5566, 70.2557]]}, "properties": {"Layer": "P-CINTA_MODIFICADA", "block": "ARQ-PLANTA_ACTUAL$0$HOMBRE"}}, {"type": "Feature", "geometry": {"type": "LineString", "coordinates": [[9.6032, 70.147], [9.605, 70.1458]]}, "properties": {"Layer": "P-CINTA_MODIFICADA", "block": "ARQ-PLANTA_ACTUAL$0$HOMBRE"}}, {"type": "Feature", "geometry": {"type": "LineString", "coordinates": [[9.605, 70.1458], [9.6073, 70.1445]]}, "properties": {"Layer": "P-CINTA_MODIFICADA", "block": "ARQ-PLANTA_ACTUAL$0$HOMBRE"}}, {"type": "Feature", "geometry": {"type": "LineString", "coordinates": [[9.6073, 70.1445], [9.6109, 70.1444]]}, "properties": {"Layer": "P-CINTA_MODIFICADA", "block": "ARQ-PLANTA_ACTUAL$0$HOMBRE"}}, {"type": "Feature", "geometry": {"type": "LineString", "coordinates": [[9.6109, 70.1444], [9.6168, 70.1442]]}, "properties": {"Layer": "P-CINTA_MODIFICADA", "block": "ARQ-PLANTA_ACTUAL$0$HOMBRE"}}, {"type": "Feature", "geometry": {"type": "LineString", "coordinates": [[9.6065, 70.1607], [9.6128, 70.1605]]}, "properties": {"Layer": "P-CINTA_MODIFICADA", "block": "ARQ-PLANTA_ACTUAL$0$HOMBRE"}}, {"type": "Feature", "geometry": {"type": "LineString", "coordinates": [[9.6128, 70.1605], [9.6202, 70.1602]]}, "properties": {"Layer": "P-CINTA_MODIFICADA", "block": "ARQ-PLANTA_ACTUAL$0$HOMBRE"}}, {"type": "Feature", "geometry": {"type": "LineString", "coordinates": [[9.591, 70.1417], [9.5918, 70.1479]]}, "properties": {"Layer": "P-CINTA_MODIFICADA", "block": "ARQ-PLANTA_ACTUAL$0$HOMBRE"}}, {"type": "Feature", "geometry": {"type": "LineString", "coordinates": [[9.5893, 70.1721], [9.5893, 70.1734]]}, "properties": {"Layer": "P-CINTA_MODIFICADA", "block": "ARQ-PLANTA_ACTUAL$0$HOMBRE"}}, {"type": "Feature", "geometry": {"type": "LineString", "coordinates": [[9.5896, 70.1683], [9.5893, 70.1721]]}, "properties": {"Layer": "P-CINTA_MODIFICADA", "block": "ARQ-PLANTA_ACTUAL$0$HOMBRE"}}, {"type": "Feature", "geometry": {"type": "LineString", "coordinates": [[9.592, 70.1609], [9.5896, 70.1683]]}, "properties": {"Layer": "P-CINTA_MODIFICADA", "block": "ARQ-PLANTA_ACTUAL$0$HOMBRE"}}, {"type": "Feature", "geometry": {"type": "LineString", "coordinates": [[9.5926, 70.1571], [9.592, 70.1609]]}, "properties": {"Layer": "P-CINTA_MODIFICADA", "block": "ARQ-PLANTA_ACTUAL$0$HOMBRE"}}, {"type": "Feature", "geometry": {"type": "LineString", "coordinates": [[9.5924, 70.1515], [9.5926, 70.1571]]}, "properties": {"Layer": "P-CINTA_MODIFICADA", "block": "ARQ-PLANTA_ACTUAL$0$HOMBRE"}}, {"type": "Feature", "geometry": {"type": "LineString", "coordinates": [[9.5918, 70.1479], [9.5924, 70.1515]]}, "properties": {"Layer": "P-CINTA_MODIFICADA", "block": "ARQ-PLANTA_ACTUAL$0$HOMBRE"}}, {"type": "Feature", "geometry": {"type": "LineString", "coordinates": [[9.5926, 70.1571], [9.5985, 70.1495]]}, "properties": {"Layer": "P-CINTA_MODIFICADA", "block": "ARQ-PLANTA_ACTUAL$0$HOMBRE"}}, {"type": "Feature", "geometry": {"type": "LineString", "coordinates": [[9.5926, 70.1571], [9.6025, 70.1585]]}, "properties": {"Layer": "P-CINTA_MODIFICADA", "block": "ARQ-PLANTA_ACTUAL$0$HOMBRE"}}, {"type": "Feature", "geometry": {"type": "LineString", "coordinates": [[9.5985, 70.1495], [9.6032, 70.147]]}, "properties": {"Layer": "P-CINTA_MODIFICADA", "block": "ARQ-PLANTA_ACTUAL$0$HOMBRE"}}, {"type": "Feature", "geometry": {"type": "LineString", "coordinates": [[9.6025, 70.1585], [9.6065, 70.1607]]}, "properties": {"Layer": "P-CINTA_MODIFICADA", "block": "ARQ-PLANTA_ACTUAL$0$HOMBRE"}}, {"type": "Feature", "geometry": {"type": "LineString", "coordinates": [[9.6216, 70.144], [9.6281, 70.1432]]}, "properties": {"Layer": "P-CINTA_MODIFICADA", "block": "ARQ-PLANTA_ACTUAL$0$HOMBRE"}}, {"type": "Feature", "geometry": {"type": "LineString", "coordinates": [[9.6281, 70.1432], [9.6346, 70.1394]]}, "properties": {"Layer": "P-CINTA_MODIFICADA", "block": "ARQ-PLANTA_ACTUAL$0$HOMBRE"}}, {"type": "Feature", "geometry": {"type": "LineString", "coordinates": [[9.6346, 70.1394], [9.6368, 70.1364]]}, "properties": {"Layer": "P-CINTA_MODIFICADA", "block": "ARQ-PLANTA_ACTUAL$0$HOMBRE"}}, {"type": "Feature", "geometry": {"type": "LineString", "coordinates": [[9.6265, 70.16], [9.6315, 70.1558]]}, "properties": {"Layer": "P-CINTA_MODIFICADA", "block": "ARQ-PLANTA_ACTUAL$0$HOMBRE"}}, {"type": "Feature", "geometry": {"type": "LineString", "coordinates": [[9.6315, 70.1558], [9.6337, 70.1535]]}, "properties": {"Layer": "P-CINTA_MODIFICADA", "block": "ARQ-PLANTA_ACTUAL$0$HOMBRE"}}, {"type": "Feature", "geometry": {"type": "LineString", "coordinates": [[9.6337, 70.1535], [9.6416, 70.1492]]}, "properties": {"Layer": "P-CINTA_MODIFICADA", "block": "ARQ-PLANTA_ACTUAL$0$HOMBRE"}}, {"type": "Feature", "geometry": {"type": "LineString", "coordinates": [[9.6416, 70.1492], [9.646, 70.1439]]}, "properties": {"Layer": "P-CINTA_MODIFICADA", "block": "ARQ-PLANTA_ACTUAL$0$HOMBRE"}}, {"type": "Feature", "geometry": {"type": "LineString", "coordinates": [[9.646, 70.1439], [9.6498, 70.1387]]}, "properties": {"Layer": "P-CINTA_MODIFICADA", "block": "ARQ-PLANTA_ACTUAL$0$HOMBRE"}}, {"type": "Feature", "geometry": {"type": "LineString", "coordinates": [[9.6498, 70.1387], [9.6535, 70.1294]]}, "properties": {"Layer": "P-CINTA_MODIFICADA", "block": "ARQ-PLANTA_ACTUAL$0$HOMBRE"}}, {"type": "Feature", "geometry": {"type": "LineString", "coordinates": [[9.6168, 70.1442], [9.6216, 70.144]]}, "properties": {"Layer": "P-CINTA_MODIFICADA", "block": "ARQ-PLANTA_ACTUAL$0$HOMBRE"}}, {"type": "Feature", "geometry": {"type": "LineString", "coordinates": [[9.6202, 70.1602], [9.6265, 70.16]]}, "properties": {"Layer": "P-CINTA_MODIFICADA", "block": "ARQ-PLANTA_ACTUAL$0$HOMBRE"}}, {"type": "Feature", "geometry": {"type": "LineString", "coordinates": [[9.5412, 70.3678], [9.5464, 70.3637]]}, "properties": {"Layer": "P-CINTA_MODIFICADA", "block": "ARQ-PLANTA_ACTUAL$0$HOMBRE"}}, {"type": "Feature", "geometry": {"type": "LineString", "coordinates": [[9.5412, 70.3678], [9.54, 70.3665]]}, "properties": {"Layer": "P-CINTA_MODIFICADA", "block": "ARQ-PLANTA_ACTUAL$0$HOMBRE"}}, {"type": "Feature", "geometry": {"type": "LineString", "coordinates": [[9.54, 70.3665], [9.5398, 70.3645]]}, "properties": {"Layer": "P-CINTA_MODIFICADA", "block": "ARQ-PLANTA_ACTUAL$0$HOMBRE"}}, {"type": "Feature", "geometry": {"type": "LineString", "coordinates": [[9.5606, 70.3698], [9.5512, 70.3731]]}, "properties": {"Layer": "P-CINTA_MODIFICADA", "block": "ARQ-PLANTA_ACTUAL$0$HOMBRE"}}, {"type": "Feature", "geometry": {"type": "LineString", "coordinates": [[9.5512, 70.3731], [9.5424, 70.3745]]}, "properties": {"Layer": "P-CINTA_MODIFICADA", "block": "ARQ-PLANTA_ACTUAL$0$HOMBRE"}}, {"type": "Feature", "geometry": {"type": "LineString", "coordinates": [[9.5424, 70.3745], [9.539, 70.3726]]}, "properties": {"Layer": "P-CINTA_MODIFICADA", "block": "ARQ-PLANTA_ACTUAL$0$HOMBRE"}}, {"type": "Feature", "geometry": {"type": "LineString", "coordinates": [[9.539, 70.3726], [9.5389, 70.3703]]}, "properties": {"Layer": "P-CINTA_MODIFICADA", "block": "ARQ-PLANTA_ACTUAL$0$HOMBRE"}}, {"type": "Feature", "geometry": {"type": "LineString", "coordinates": [[9.5389, 70.3703], [9.5398, 70.3683]]}, "properties": {"Layer": "P-CINTA_MODIFICADA", "block": "ARQ-PLANTA_ACTUAL$0$HOMBRE"}}, {"type": "Feature", "geometry": {"type": "LineString", "coordinates": [[9.5398, 70.3683], [9.5412, 70.3678]]}, "properties": {"Layer": "P-CINTA_MODIFICADA", "block": "ARQ-PLANTA_ACTUAL$0$HOMBRE"}}, {"type": "Feature", "geometry": {"type": "LineString", "coordinates": [[9.5723, 70.3636], [9.5606, 70.3698]]}, "properties": {"Layer": "P-CINTA_MODIFICADA", "block": "ARQ-PLANTA_ACTUAL$0$HOMBRE"}}, {"type": "Feature", "geometry": {"type": "LineString", "coordinates": [[9.6402, 70.2618], [9.6306, 70.2784]]}, "properties": {"Layer": "P-CINTA_MODIFICADA", "block": "ARQ-PLANTA_ACTUAL$0$HOMBRE"}}, {"type": "Feature", "geometry": {"type": "LineString", "coordinates": [[9.5499, 70.3623], [9.553, 70.3618]]}, "properties": {"Layer": "P-CINTA_MODIFICADA", "block": "ARQ-PLANTA_ACTUAL$0$HOMBRE"}}, {"type": "Feature", "geometry": {"type": "LineString", "coordinates": [[9.553, 70.3618], [9.5554, 70.3607]]}, "properties": {"Layer": "P-CINTA_MODIFICADA", "block": "ARQ-PLANTA_ACTUAL$0$HOMBRE"}}, {"type": "Feature", "geometry": {"type": "LineString", "coordinates": [[9.5399, 70.3642], [9.5419, 70.3624]]}, "properties": {"Layer": "P-CINTA_MODIFICADA", "block": "ARQ-PLANTA_ACTUAL$0$HOMBRE"}}, {"type": "Feature", "geometry": {"type": "LineString", "coordinates": [[9.5419, 70.3624], [9.5449, 70.3612]]}, "properties": {"Layer": "P-CINTA_MODIFICADA", "block": "ARQ-PLANTA_ACTUAL$0$HOMBRE"}}, {"type": "Feature", "geometry": {"type": "LineString", "coordinates": [[9.5449, 70.3612], [9.5475, 70.3607]]}, "properties": {"Layer": "P-CINTA_MODIFICADA", "block": "ARQ-PLANTA_ACTUAL$0$HOMBRE"}}, {"type": "Feature", "geometry": {"type": "LineString", "coordinates": [[9.5419, 70.3624], [9.5408, 70.3612]]}, "properties": {"Layer": "P-CINTA_MODIFICADA", "block": "ARQ-PLANTA_ACTUAL$0$HOMBRE"}}, {"type": "Feature", "geometry": {"type": "LineString", "coordinates": [[9.5497, 70.3431], [9.551, 70.3422]]}, "properties": {"Layer": "P-CINTA_MODIFICADA", "block": "ARQ-PLANTA_ACTUAL$0$HOMBRE"}}, {"type": "Feature", "geometry": {"type": "LineString", "coordinates": [[9.551, 70.3422], [9.5516, 70.3402]]}, "properties": {"Layer": "P-CINTA_MODIFICADA", "block": "ARQ-PLANTA_ACTUAL$0$HOMBRE"}}, {"type": "Feature", "geometry": {"type": "LineString", "coordinates": [[9.5516, 70.3402], [9.553, 70.3386]]}, "properties": {"Layer": "P-CINTA_MODIFICADA", "block": "ARQ-PLANTA_ACTUAL$0$HOMBRE"}}, {"type": "Feature", "geometry": {"type": "LineString", "coordinates": [[9.553, 70.3386], [9.554, 70.3369]]}, "properties": {"Layer": "P-CINTA_MODIFICADA", "block": "ARQ-PLANTA_ACTUAL$0$HOMBRE"}}, {"type": "Feature", "geometry": {"type": "LineString", "coordinates": [[9.554, 70.3369], [9.5543, 70.3357]]}, "properties": {"Layer": "P-CINTA_MODIFICADA", "block": "ARQ-PLANTA_ACTUAL$0$HOMBRE"}}, {"type": "Feature", "geometry": {"type": "LineString", "coordinates": [[9.5543, 70.3357], [9.555, 70.3336]]}, "properties": {"Layer": "P-CINTA_MODIFICADA", "block": "ARQ-PLANTA_ACTUAL$0$HOMBRE"}}, {"type": "Feature", "geometry": {"type": "LineString", "coordinates": [[9.5608, 70.3247], [9.5619, 70.3243]]}, "properties": {"Layer": "P-CINTA_MODIFICADA", "block": "ARQ-PLANTA_ACTUAL$0$HOMBRE"}}, {"type": "Feature", "geometry": {"type": "LineString", "coordinates": [[9.5619, 70.3243], [9.5628, 70.324]]}, "properties": {"Layer": "P-CINTA_MODIFICADA", "block": "ARQ-PLANTA_ACTUAL$0$HOMBRE"}}, {"type": "Feature", "geometry": {"type": "LineString", "coordinates": [[9.5574, 70.3588], [9.5593, 70.3565]]}, "properties": {"Layer": "P-CINTA_MODIFICADA", "block": "ARQ-PLANTA_ACTUAL$0$HOMBRE"}}, {"type": "Feature", "geometry": {"type": "LineString", "coordinates": [[9.5593, 70.3565], [9.5616, 70.3536]]}, "properties": {"Layer": "P-CINTA_MODIFICADA", "block": "ARQ-PLANTA_ACTUAL$0$HOMBRE"}}, {"type": "Feature", "geometry": {"type": "LineString", "coordinates": [[9.5616, 70.3536], [9.5617, 70.3516]]}, "properties": {"Layer": "P-CINTA_MODIFICADA", "block": "ARQ-PLANTA_ACTUAL$0$HOMBRE"}}, {"type": "Feature", "geometry": {"type": "LineString", "coordinates": [[9.5617, 70.3516], [9.5617, 70.3516]]}, "properties": {"Layer": "P-CINTA_MODIFICADA", "block": "ARQ-PLANTA_ACTUAL$0$HOMBRE"}}, {"type": "Feature", "geometry": {"type": "LineString", "coordinates": [[9.5617, 70.3516], [9.5658, 70.3471]]}, "properties": {"Layer": "P-CINTA_MODIFICADA", "block": "ARQ-PLANTA_ACTUAL$0$HOMBRE"}}, {"type": "Feature", "geometry": {"type": "LineString", "coordinates": [[9.5514, 70.3573], [9.5549, 70.3523]]}, "properties": {"Layer": "P-CINTA_MODIFICADA", "block": "ARQ-PLANTA_ACTUAL$0$HOMBRE"}}, {"type": "Feature", "geometry": {"type": "LineString", "coordinates": [[9.5638, 70.3328], [9.5593, 70.3463]]}, "properties": {"Layer": "P-CINTA_MODIFICADA", "block": "ARQ-PLANTA_ACTUAL$0$HOMBRE"}}, {"type": "Feature", "geometry": {"type": "LineString", "coordinates": [[9.5593, 70.3463], [9.5638, 70.341]]}, "properties": {"Layer": "P-CINTA_MODIFICADA", "block": "ARQ-PLANTA_ACTUAL$0$HOMBRE"}}, {"type": "Feature", "geometry": {"type": "LineString", "coordinates": [[9.5638, 70.341], [9.5663, 70.3358]]}, "properties": {"Layer": "P-CINTA_MODIFICADA", "block": "ARQ-PLANTA_ACTUAL$0$HOMBRE"}}, {"type": "Feature", "geometry": {"type": "LineString", "coordinates": [[9.5408, 70.3601], [9.5419, 70.359]]}, "properties": {"Layer": "P-CINTA_MODIFICADA", "block": "ARQ-PLANTA_ACTUAL$0$HOMBRE"}}, {"type": "Feature", "geometry": {"type": "LineString", "coordinates": [[9.5419, 70.359], [9.5435, 70.3577]]}, "properties": {"Layer": "P-CINTA_MODIFICADA", "block": "ARQ-PLANTA_ACTUAL$0$HOMBRE"}}, {"type": "Feature", "geometry": {"type": "LineString", "coordinates": [[9.5435, 70.3577], [9.5454, 70.3572]]}, "properties": {"Layer": "P-CINTA_MODIFICADA", "block": "ARQ-PLANTA_ACTUAL$0$HOMBRE"}}, {"type": "Feature", "geometry": {"type": "LineString", "coordinates": [[9.5454, 70.3572], [9.5479, 70.3556]]}, "properties": {"Layer": "P-CINTA_MODIFICADA", "block": "ARQ-PLANTA_ACTUAL$0$HOMBRE"}}, {"type": "Feature", "geometry": {"type": "LineString", "coordinates": [[9.5479, 70.3556], [9.5499, 70.354]]}, "properties": {"Layer": "P-CINTA_MODIFICADA", "block": "ARQ-PLANTA_ACTUAL$0$HOMBRE"}}, {"type": "Feature", "geometry": {"type": "LineString", "coordinates": [[9.5499, 70.354], [9.5527, 70.3522]]}, "properties": {"Layer": "P-CINTA_MODIFICADA", "block": "ARQ-PLANTA_ACTUAL$0$HOMBRE"}}, {"type": "Feature", "geometry": {"type": "LineString", "coordinates": [[9.5527, 70.3522], [9.5551, 70.3493]]}, "properties": {"Layer": "P-CINTA_MODIFICADA", "block": "ARQ-PLANTA_ACTUAL$0$HOMBRE"}}, {"type": "Feature", "geometry": {"type": "LineString", "coordinates": [[9.5551, 70.3493], [9.5573, 70.3454]]}, "properties": {"Layer": "P-CINTA_MODIFICADA", "block": "ARQ-PLANTA_ACTUAL$0$HOMBRE"}}, {"type": "Feature", "geometry": {"type": "LineString", "coordinates": [[9.5573, 70.3454], [9.5598, 70.3411]]}, "properties": {"Layer": "P-CINTA_MODIFICADA", "block": "ARQ-PLANTA_ACTUAL$0$HOMBRE"}}, {"type": "Feature", "geometry": {"type": "LineString", "coordinates": [[9.5598, 70.3411], [9.5627, 70.3376]]}, "properties": {"Layer": "P-CINTA_MODIFICADA", "block": "ARQ-PLANTA_ACTUAL$0$HOMBRE"}}, {"type": "Feature", "geometry": {"type": "LineString", "coordinates": [[9.5627, 70.3376], [9.5644, 70.3358]]}, "properties": {"Layer": "P-CINTA_MODIFICADA", "block": "ARQ-PLANTA_ACTUAL$0$HOMBRE"}}, {"type": "Feature", "geometry": {"type": "LineString", "coordinates": [[9.5644, 70.3358], [9.5661, 70.3317]]}, "properties": {"Layer": "P-CINTA_MODIFICADA", "block": "ARQ-PLANTA_ACTUAL$0$HOMBRE"}}, {"type": "Feature", "geometry": {"type": "LineString", "coordinates": [[9.5554, 70.3607], [9.5574, 70.3588]]}, "properties": {"Layer": "P-CINTA_MODIFICADA", "block": "ARQ-PLANTA_ACTUAL$0$HOMBRE"}}, {"type": "Feature", "geometry": {"type": "LineString", "coordinates": [[9.5475, 70.3607], [9.5514, 70.3573]]}, "properties": {"Layer": "P-CINTA_MODIFICADA", "block": "ARQ-PLANTA_ACTUAL$0$HOMBRE"}}, {"type": "Feature", "geometry": {"type": "LineString", "coordinates": [[9.5408, 70.3612], [9.5408, 70.3601]]}, "properties": {"Layer": "P-CINTA_MODIFICADA", "block": "ARQ-PLANTA_ACTUAL$0$HOMBRE"}}, {"type": "Feature", "geometry": {"type": "LineString", "coordinates": [[9.5927, 70.3358], [9.578, 70.3549]]}, "properties": {"Layer": "P-CINTA_MODIFICADA", "block": "ARQ-PLANTA_ACTUAL$0$HOMBRE"}}, {"type": "Feature", "geometry": {"type": "LineString", "coordinates": [[9.5899, 70.3052], [9.5784, 70.3021]]}, "properties": {"Layer": "P-CINTA_MODIFICADA", "block": "ARQ-PLANTA_ACTUAL$0$HOMBRE"}}, {"type": "Feature", "geometry": {"type": "LineString", "coordinates": [[9.6217, 70.2904], [9.6131, 70.2968]]}, "properties": {"Layer": "P-CINTA_MODIFICADA", "block": "ARQ-PLANTA_ACTUAL$0$HOMBRE"}}, {"type": "Feature", "geometry": {"type": "LineString", "coordinates": [[9.6103, 70.3056], [9.6149, 70.2954]]}, "properties": {"Layer": "P-CINTA_MODIFICADA", "block": "ARQ-PLANTA_ACTUAL$0$HOMBRE"}}, {"type": "Feature", "geometry": {"type": "LineString", "coordinates": [[9.607, 70.3144], [9.5927, 70.3358]]}, "properties": {"Layer": "P-CINTA_MODIFICADA", "block": "ARQ-PLANTA_ACTUAL$0$HOMBRE"}}, {"type": "Feature", "geometry": {"type": "LineString", "coordinates": [[9.6035, 70.3008], [9.5975, 70.3039]]}, "properties": {"Layer": "P-CINTA_MODIFICADA", "block": "ARQ-PLANTA_ACTUAL$0$HOMBRE"}}, {"type": "Feature", "geometry": {"type": "LineString", "coordinates": [[9.5975, 70.3039], [9.5899, 70.3052]]}, "properties": {"Layer": "P-CINTA_MODIFICADA", "block": "ARQ-PLANTA_ACTUAL$0$HOMBRE"}}, {"type": "Feature", "geometry": {"type": "LineString", "coordinates": [[9.607, 70.3144], [9.6103, 70.3056]]}, "properties": {"Layer": "P-CINTA_MODIFICADA", "block": "ARQ-PLANTA_ACTUAL$0$HOMBRE"}}, {"type": "Feature", "geometry": {"type": "LineString", "coordinates": [[9.6131, 70.2968], [9.6035, 70.3008]]}, "properties": {"Layer": "P-CINTA_MODIFICADA", "block": "ARQ-PLANTA_ACTUAL$0$HOMBRE"}}, {"type": "Feature", "geometry": {"type": "LineString", "coordinates": [[9.5677, 70.3441], [9.569, 70.3422]]}, "properties": {"Layer": "P-CINTA_MODIFICADA", "block": "ARQ-PLANTA_ACTUAL$0$HOMBRE"}}, {"type": "Feature", "geometry": {"type": "LineString", "coordinates": [[9.569, 70.3422], [9.5708, 70.3389]]}, "properties": {"Layer": "P-CINTA_MODIFICADA", "block": "ARQ-PLANTA_ACTUAL$0$HOMBRE"}}, {"type": "Feature", "geometry": {"type": "LineString", "coordinates": [[9.5708, 70.3389], [9.5716, 70.3359]]}, "properties": {"Layer": "P-CINTA_MODIFICADA", "block": "ARQ-PLANTA_ACTUAL$0$HOMBRE"}}, {"type": "Feature", "geometry": {"type": "LineString", "coordinates": [[9.5716, 70.3359], [9.572, 70.3328]]}, "properties": {"Layer": "P-CINTA_MODIFICADA", "block": "ARQ-PLANTA_ACTUAL$0$HOMBRE"}}, {"type": "Feature", "geometry": {"type": "LineString", "coordinates": [[9.572, 70.3328], [9.5719, 70.3305]]}, "properties": {"Layer": "P-CINTA_MODIFICADA", "block": "ARQ-PLANTA_ACTUAL$0$HOMBRE"}}, {"type": "Feature", "geometry": {"type": "LineString", "coordinates": [[9.5673, 70.3329], [9.568, 70.3288]]}, "properties": {"Layer": "P-CINTA_MODIFICADA", "block": "ARQ-PLANTA_ACTUAL$0$HOMBRE"}}, {"type": "Feature", "geometry": {"type": "LineString", "coordinates": [[9.5665, 70.3291], [9.5664, 70.3279]]}, "properties": {"Layer": "P-CINTA_MODIFICADA", "block": "ARQ-PLANTA_ACTUAL$0$HOMBRE"}}, {"type": "Feature", "geometry": {"type": "LineString", "coordinates": [[9.5664, 70.3279], [9.5664, 70.3263]]}, "properties": {"Layer": "P-CINTA_MODIFICADA", "block": "ARQ-PLANTA_ACTUAL$0$HOMBRE"}}, {"type": "Feature", "geometry": {"type": "LineString", "coordinates": [[9.568, 70.3288], [9.568, 70.3255]]}, "properties": {"Layer": "P-CINTA_MODIFICADA", "block": "ARQ-PLANTA_ACTUAL$0$HOMBRE"}}, {"type": "Feature", "geometry": {"type": "LineString", "coordinates": [[9.5719, 70.3305], [9.572, 70.3298]]}, "properties": {"Layer": "P-CINTA_MODIFICADA", "block": "ARQ-PLANTA_ACTUAL$0$HOMBRE"}}, {"type": "Feature", "geometry": {"type": "LineString", "coordinates": [[9.5686, 70.3257], [9.5628, 70.324]]}, "properties": {"Layer": "P-CINTA_MODIFICADA", "block": "ARQ-PLANTA_ACTUAL$0$HOMBRE"}}, {"type": "Feature", "geometry": {"type": "LineString", "coordinates": [[9.5658, 70.3471], [9.5677, 70.3441]]}, "properties": {"Layer": "P-CINTA_MODIFICADA", "block": "ARQ-PLANTA_ACTUAL$0$HOMBRE"}}, {"type": "Feature", "geometry": {"type": "LineString", "coordinates": [[9.5663, 70.3358], [9.5673, 70.3329]]}, "properties": {"Layer": "P-CINTA_MODIFICADA", "block": "ARQ-PLANTA_ACTUAL$0$HOMBRE"}}, {"type": "Feature", "geometry": {"type": "LineString", "coordinates": [[9.5661, 70.3317], [9.5665, 70.3291]]}, "properties": {"Layer": "P-CINTA_MODIFICADA", "block": "ARQ-PLANTA_ACTUAL$0$HOMBRE"}}, {"type": "Feature", "geometry": {"type": "LineString", "coordinates": [[9.5664, 70.3263], [9.5656, 70.3248]]}, "properties": {"Layer": "P-CINTA_MODIFICADA", "block": "ARQ-PLANTA_ACTUAL$0$HOMBRE"}}, {"type": "Feature", "geometry": {"type": "LineString", "coordinates": [[9.6306, 70.2784], [9.6276, 70.2827]]}, "properties": {"Layer": "P-CINTA_MODIFICADA", "block": "ARQ-PLANTA_ACTUAL$0$HOMBRE"}}, {"type": "Feature", "geometry": {"type": "LineString", "coordinates": [[9.6251, 70.2857], [9.6276, 70.2827]]}, "properties": {"Layer": "P-CINTA_MODIFICADA", "block": "ARQ-PLANTA_ACTUAL$0$HOMBRE"}}, {"type": "Feature", "geometry": {"type": "LineString", "coordinates": [[9.6213, 70.291], [9.6251, 70.2857]]}, "properties": {"Layer": "P-CINTA_MODIFICADA", "block": "ARQ-PLANTA_ACTUAL$0$HOMBRE"}}, {"type": "Feature", "geometry": {"type": "LineString", "coordinates": [[9.6496, 70.2393], [9.6402, 70.2618]]}, "properties": {"Layer": "P-CINTA_MODIFICADA", "block": "ARQ-PLANTA_ACTUAL$0$HOMBRE"}}, {"type": "Feature", "geometry": {"type": "LineString", "coordinates": [[9.6613, 70.2257], [9.6496, 70.2393]]}, "properties": {"Layer": "P-CINTA_MODIFICADA", "block": "ARQ-PLANTA_ACTUAL$0$HOMBRE"}}, {"type": "Feature", "geometry": {"type": "LineString", "coordinates": [[9.6667, 70.2063], [9.6613, 70.2257]]}, "properties": {"Layer": "P-CINTA_MODIFICADA", "block": "ARQ-PLANTA_ACTUAL$0$HOMBRE"}}, {"type": "Feature", "geometry": {"type": "LineString", "coordinates": [[9.5453, 70.3451], [9.5404, 70.3429]]}, "properties": {"Layer": "P-CINTA_MODIFICADA", "block": "ARQ-PLANTA_ACTUAL$0$HOMBRE"}}, {"type": "Feature", "geometry": {"type": "LineString", "coordinates": [[9.5404, 70.3429], [9.5402, 70.3352]]}, "properties": {"Layer": "P-CINTA_MODIFICADA", "block": "ARQ-PLANTA_ACTUAL$0$HOMBRE"}}, {"type": "Feature", "geometry": {"type": "LineString", "coordinates": [[9.5558, 70.3313], [9.5566, 70.329]]}, "properties": {"Layer": "P-CINTA_MODIFICADA", "block": "ARQ-PLANTA_ACTUAL$0$HOMBRE"}}, {"type": "Feature", "geometry": {"type": "LineString", "coordinates": [[9.5566, 70.329], [9.5574, 70.3272]]}, "properties": {"Layer": "P-CINTA_MODIFICADA", "block": "ARQ-PLANTA_ACTUAL$0$HOMBRE"}}, {"type": "Feature", "geometry": {"type": "LineString", "coordinates": [[9.5574, 70.3272], [9.5582, 70.3262]]}, "properties": {"Layer": "P-CINTA_MODIFICADA", "block": "ARQ-PLANTA_ACTUAL$0$HOMBRE"}}, {"type": "Feature", "geometry": {"type": "LineString", "coordinates": [[9.5582, 70.3262], [9.5594, 70.3251]]}, "properties": {"Layer": "P-CINTA_MODIFICADA", "block": "ARQ-PLANTA_ACTUAL$0$HOMBRE"}}, {"type": "Feature", "geometry": {"type": "LineString", "coordinates": [[9.5732, 70.2981], [9.5679, 70.2906]]}, "properties": {"Layer": "P-CINTA_MODIFICADA", "block": "ARQ-PLANTA_ACTUAL$0$HOMBRE"}}, {"type": "Feature", "geometry": {"type": "LineString", "coordinates": [[9.5679, 70.2906], [9.5637, 70.2888]]}, "properties": {"Layer": "P-CINTA_MODIFICADA", "block": "ARQ-PLANTA_ACTUAL$0$HOMBRE"}}, {"type": "Feature", "geometry": {"type": "LineString", "coordinates": [[9.3767, 70.3678], [9.3735, 70.3668]]}, "properties": {"Layer": "P-CINTA_MODIFICADA", "block": "ARQ-PLANTA_ACTUAL$0$HOMBRE"}}, {"type": "Feature", "geometry": {"type": "LineString", "coordinates": [[9.3777, 70.3731], [9.3722, 70.3694]]}, "properties": {"Layer": "P-CINTA_MODIFICADA", "block": "ARQ-PLANTA_ACTUAL$0$HOMBRE"}}, {"type": "Feature", "geometry": {"type": "LineString", "coordinates": [[9.368, 70.3791], [9.3769, 70.3798]]}, "properties": {"Layer": "P-CINTA_MODIFICADA", "block": "ARQ-PLANTA_ACTUAL$0$HOMBRE"}}, {"type": "Feature", "geometry": {"type": "LineString", "coordinates": [[9.3776, 70.3665], [9.3776, 70.3654]]}, "properties": {"Layer": "P-CINTA_MODIFICADA", "block": "ARQ-PLANTA_ACTUAL$0$HOMBRE"}}, {"type": "Feature", "geometry": {"type": "LineString", "coordinates": [[9.3553, 70.3313], [9.3542, 70.3311]]}, "properties": {"Layer": "P-CINTA_MODIFICADA", "block": "ARQ-PLANTA_ACTUAL$0$HOMBRE"}}, {"type": "Feature", "geometry": {"type": "LineString", "coordinates": [[9.3567, 70.3317], [9.3553, 70.3313]]}, "properties": {"Layer": "P-CINTA_MODIFICADA", "block": "ARQ-PLANTA_ACTUAL$0$HOMBRE"}}, {"type": "Feature", "geometry": {"type": "LineString", "coordinates": [[9.358, 70.3327], [9.3567, 70.3317]]}, "properties": {"Layer": "P-CINTA_MODIFICADA", "block": "ARQ-PLANTA_ACTUAL$0$HOMBRE"}}, {"type": "Feature", "geometry": {"type": "LineString", "coordinates": [[9.3589, 70.3336], [9.358, 70.3327]]}, "properties": {"Layer": "P-CINTA_MODIFICADA", "block": "ARQ-PLANTA_ACTUAL$0$HOMBRE"}}, {"type": "Feature", "geometry": {"type": "LineString", "coordinates": [[9.3598, 70.3354], [9.3589, 70.3336]]}, "properties": {"Layer": "P-CINTA_MODIFICADA", "block": "ARQ-PLANTA_ACTUAL$0$HOMBRE"}}, {"type": "Feature", "geometry": {"type": "LineString", "coordinates": [[9.3607, 70.3377], [9.3598, 70.3354]]}, "properties": {"Layer": "P-CINTA_MODIFICADA", "block": "ARQ-PLANTA_ACTUAL$0$HOMBRE"}}, {"type": "Feature", "geometry": {"type": "LineString", "coordinates": [[9.3617, 70.3399], [9.3607, 70.3377]]}, "properties": {"Layer": "P-CINTA_MODIFICADA", "block": "ARQ-PLANTA_ACTUAL$0$HOMBRE"}}, {"type": "Feature", "geometry": {"type": "LineString", "coordinates": [[9.3626, 70.342], [9.3617, 70.3399]]}, "properties": {"Layer": "P-CINTA_MODIFICADA", "block": "ARQ-PLANTA_ACTUAL$0$HOMBRE"}}, {"type": "Feature", "geometry": {"type": "LineString", "coordinates": [[9.3629, 70.3431], [9.3626, 70.342]]}, "properties": {"Layer": "P-CINTA_MODIFICADA", "block": "ARQ-PLANTA_ACTUAL$0$HOMBRE"}}, {"type": "Feature", "geometry": {"type": "LineString", "coordinates": [[9.3641, 70.3448], [9.3629, 70.3431]]}, "properties": {"Layer": "P-CINTA_MODIFICADA", "block": "ARQ-PLANTA_ACTUAL$0$HOMBRE"}}, {"type": "Feature", "geometry": {"type": "LineString", "coordinates": [[9.3655, 70.3463], [9.3641, 70.3448]]}, "properties": {"Layer": "P-CINTA_MODIFICADA", "block": "ARQ-PLANTA_ACTUAL$0$HOMBRE"}}, {"type": "Feature", "geometry": {"type": "LineString", "coordinates": [[9.3663, 70.3482], [9.3655, 70.3463]]}, "properties": {"Layer": "P-CINTA_MODIFICADA", "block": "ARQ-PLANTA_ACTUAL$0$HOMBRE"}}, {"type": "Feature", "geometry": {"type": "LineString", "coordinates": [[9.3676, 70.349], [9.3663, 70.3482]]}, "properties": {"Layer": "P-CINTA_MODIFICADA", "block": "ARQ-PLANTA_ACTUAL$0$HOMBRE"}}, {"type": "Feature", "geometry": {"type": "LineString", "coordinates": [[9.372, 70.3507], [9.3676, 70.349]]}, "properties": {"Layer": "P-CINTA_MODIFICADA", "block": "ARQ-PLANTA_ACTUAL$0$HOMBRE"}}, {"type": "Feature", "geometry": {"type": "LineString", "coordinates": [[9.3769, 70.3482], [9.3766, 70.3406]]}, "properties": {"Layer": "P-CINTA_MODIFICADA", "block": "ARQ-PLANTA_ACTUAL$0$HOMBRE"}}, {"type": "Feature", "geometry": {"type": "LineString", "coordinates": [[9.3722, 70.3508], [9.3769, 70.3482]]}, "properties": {"Layer": "P-CINTA_MODIFICADA", "block": "ARQ-PLANTA_ACTUAL$0$HOMBRE"}}, {"type": "Feature", "geometry": {"type": "LineString", "coordinates": [[9.371, 70.3139], [9.3654, 70.3055]]}, "properties": {"Layer": "P-CINTA_MODIFICADA", "block": "ARQ-PLANTA_ACTUAL$0$HOMBRE"}}, {"type": "Feature", "geometry": {"type": "LineString", "coordinates": [[9.3747, 70.3267], [9.371, 70.3139]]}, "properties": {"Layer": "P-CINTA_MODIFICADA", "block": "ARQ-PLANTA_ACTUAL$0$HOMBRE"}}, {"type": "Feature", "geometry": {"type": "LineString", "coordinates": [[9.3766, 70.3406], [9.3747, 70.3267]]}, "properties": {"Layer": "P-CINTA_MODIFICADA", "block": "ARQ-PLANTA_ACTUAL$0$HOMBRE"}}, {"type": "Feature", "geometry": {"type": "LineString", "coordinates": [[9.358, 70.2844], [9.3559, 70.2637]]}, "properties": {"Layer": "P-CINTA_MODIFICADA", "block": "ARQ-PLANTA_ACTUAL$0$HOMBRE"}}, {"type": "Feature", "geometry": {"type": "LineString", "coordinates": [[9.3535, 70.2914], [9.358, 70.2844]]}, "properties": {"Layer": "P-CINTA_MODIFICADA", "block": "ARQ-PLANTA_ACTUAL$0$HOMBRE"}}, {"type": "Feature", "geometry": {"type": "LineString", "coordinates": [[9.355, 70.2623], [9.3557, 70.2632]]}, "properties": {"Layer": "P-CINTA_MODIFICADA", "block": "ARQ-PLANTA_ACTUAL$0$HOMBRE"}}, {"type": "Feature", "geometry": {"type": "LineString", "coordinates": [[9.3557, 70.2632], [9.3559, 70.2637]]}, "properties": {"Layer": "P-CINTA_MODIFICADA", "block": "ARQ-PLANTA_ACTUAL$0$HOMBRE"}}, {"type": "Feature", "geometry": {"type": "LineString", "coordinates": [[9.3586, 70.286], [9.358, 70.2844]]}, "properties": {"Layer": "P-CINTA_MODIFICADA", "block": "ARQ-PLANTA_ACTUAL$0$HOMBRE"}}, {"type": "Feature", "geometry": {"type": "LineString", "coordinates": [[9.3612, 70.2936], [9.3586, 70.286]]}, "properties": {"Layer": "P-CINTA_MODIFICADA", "block": "ARQ-PLANTA_ACTUAL$0$HOMBRE"}}, {"type": "Feature", "geometry": {"type": "LineString", "coordinates": [[9.3654, 70.3055], [9.3612, 70.2936]]}, "properties": {"Layer": "P-CINTA_MODIFICADA", "block": "ARQ-PLANTA_ACTUAL$0$HOMBRE"}}, {"type": "Feature", "geometry": {"type": "LineString", "coordinates": [[9.3735, 70.3668], [9.371, 70.3664]]}, "properties": {"Layer": "P-CINTA_MODIFICADA", "block": "ARQ-PLANTA_ACTUAL$0$HOMBRE"}}, {"type": "Feature", "geometry": {"type": "LineString", "coordinates": [[9.3655, 70.3679], [9.3631, 70.367]]}, "properties": {"Layer": "P-CINTA_MODIFICADA", "block": "ARQ-PLANTA_ACTUAL$0$HOMBRE"}}, {"type": "Feature", "geometry": {"type": "LineString", "coordinates": [[9.3686, 70.3682], [9.3655, 70.3679]]}, "properties": {"Layer": "P-CINTA_MODIFICADA", "block": "ARQ-PLANTA_ACTUAL$0$HOMBRE"}}, {"type": "Feature", "geometry": {"type": "LineString", "coordinates": [[9.3722, 70.3694], [9.3686, 70.3682]]}, "properties": {"Layer": "P-CINTA_MODIFICADA", "block": "ARQ-PLANTA_ACTUAL$0$HOMBRE"}}, {"type": "Feature", "geometry": {"type": "LineString", "coordinates": [[9.3584, 70.3764], [9.368, 70.3791]]}, "properties": {"Layer": "P-CINTA_MODIFICADA", "block": "ARQ-PLANTA_ACTUAL$0$HOMBRE"}}, {"type": "Feature", "geometry": {"type": "LineString", "coordinates": [[9.3602, 70.3518], [9.3574, 70.3477]]}, "properties": {"Layer": "P-CINTA_MODIFICADA", "block": "ARQ-PLANTA_ACTUAL$0$HOMBRE"}}, {"type": "Feature", "geometry": {"type": "LineString", "coordinates": [[9.3626, 70.3555], [9.3602, 70.3518]]}, "properties": {"Layer": "P-CINTA_MODIFICADA", "block": "ARQ-PLANTA_ACTUAL$0$HOMBRE"}}, {"type": "Feature", "geometry": {"type": "LineString", "coordinates": [[9.3652, 70.3583], [9.3626, 70.3555]]}, "properties": {"Layer": "P-CINTA_MODIFICADA", "block": "ARQ-PLANTA_ACTUAL$0$HOMBRE"}}, {"type": "Feature", "geometry": {"type": "LineString", "coordinates": [[9.3681, 70.3599], [9.3652, 70.3583]]}, "properties": {"Layer": "P-CINTA_MODIFICADA", "block": "ARQ-PLANTA_ACTUAL$0$HOMBRE"}}, {"type": "Feature", "geometry": {"type": "LineString", "coordinates": [[9.3703, 70.3614], [9.3681, 70.3599]]}, "properties": {"Layer": "P-CINTA_MODIFICADA", "block": "ARQ-PLANTA_ACTUAL$0$HOMBRE"}}, {"type": "Feature", "geometry": {"type": "LineString", "coordinates": [[9.3729, 70.3628], [9.3703, 70.3614]]}, "properties": {"Layer": "P-CINTA_MODIFICADA", "block": "ARQ-PLANTA_ACTUAL$0$HOMBRE"}}, {"type": "Feature", "geometry": {"type": "LineString", "coordinates": [[9.3747, 70.3632], [9.3729, 70.3628]]}, "properties": {"Layer": "P-CINTA_MODIFICADA", "block": "ARQ-PLANTA_ACTUAL$0$HOMBRE"}}, {"type": "Feature", "geometry": {"type": "LineString", "coordinates": [[9.3764, 70.3644], [9.3747, 70.3632]]}, "properties": {"Layer": "P-CINTA_MODIFICADA", "block": "ARQ-PLANTA_ACTUAL$0$HOMBRE"}}, {"type": "Feature", "geometry": {"type": "LineString", "coordinates": [[9.3776, 70.3654], [9.3764, 70.3644]]}, "properties": {"Layer": "P-CINTA_MODIFICADA", "block": "ARQ-PLANTA_ACTUAL$0$HOMBRE"}}, {"type": "Feature", "geometry": {"type": "LineString", "coordinates": [[9.363, 70.3585], [9.3583, 70.3529]]}, "properties": {"Layer": "P-CINTA_MODIFICADA", "block": "ARQ-PLANTA_ACTUAL$0$HOMBRE"}}, {"type": "Feature", "geometry": {"type": "LineString", "coordinates": [[9.3668, 70.3633], [9.363, 70.3585]]}, "properties": {"Layer": "P-CINTA_MODIFICADA", "block": "ARQ-PLANTA_ACTUAL$0$HOMBRE"}}, {"type": "Feature", "geometry": {"type": "LineString", "coordinates": [[9.3562, 70.3583], [9.3562, 70.3583]]}, "properties": {"Layer": "P-CINTA_MODIFICADA", "block": "ARQ-PLANTA_ACTUAL$0$HOMBRE"}}, {"type": "Feature", "geometry": {"type": "LineString", "coordinates": [[9.3564, 70.3603], [9.3562, 70.3583]]}, "properties": {"Layer": "P-CINTA_MODIFICADA", "block": "ARQ-PLANTA_ACTUAL$0$HOMBRE"}}, {"type": "Feature", "geometry": {"type": "LineString", "coordinates": [[9.3589, 70.363], [9.3564, 70.3603]]}, "properties": {"Layer": "P-CINTA_MODIFICADA", "block": "ARQ-PLANTA_ACTUAL$0$HOMBRE"}}, {"type": "Feature", "geometry": {"type": "LineString", "coordinates": [[9.3609, 70.3652], [9.3589, 70.363]]}, "properties": {"Layer": "P-CINTA_MODIFICADA", "block": "ARQ-PLANTA_ACTUAL$0$HOMBRE"}}, {"type": "Feature", "geometry": {"type": "LineString", "coordinates": [[9.371, 70.3664], [9.3668, 70.3633]]}, "properties": {"Layer": "P-CINTA_MODIFICADA", "block": "ARQ-PLANTA_ACTUAL$0$HOMBRE"}}, {"type": "Feature", "geometry": {"type": "LineString", "coordinates": [[9.3631, 70.367], [9.3609, 70.3652]]}, "properties": {"Layer": "P-CINTA_MODIFICADA", "block": "ARQ-PLANTA_ACTUAL$0$HOMBRE"}}, {"type": "Feature", "geometry": {"type": "LineString", "coordinates": [[9.5411, 70.3213], [9.5441, 70.3083]]}, "properties": {"Layer": "P-CINTA_MODIFICADA", "block": "ARQ-PLANTA_ACTUAL$0$HOMBRE"}}, {"type": "Feature", "geometry": {"type": "LineString", "coordinates": [[9.5441, 70.3083], [9.5491, 70.2995]]}, "properties": {"Layer": "P-CINTA_MODIFICADA", "block": "ARQ-PLANTA_ACTUAL$0$HOMBRE"}}, {"type": "Feature", "geometry": {"type": "LineString", "coordinates": [[9.5525, 70.2874], [9.5546, 70.2797]]}, "properties": {"Layer": "P-CINTA_MODIFICADA", "block": "ARQ-PLANTA_ACTUAL$0$HOMBRE"}}, {"type": "Feature", "geometry": {"type": "LineString", "coordinates": [[9.5546, 70.2797], [9.5551, 70.278]]}, "properties": {"Layer": "P-CINTA_MODIFICADA", "block": "ARQ-PLANTA_ACTUAL$0$HOMBRE"}}, {"type": "Feature", "geometry": {"type": "LineString", "coordinates": [[9.556, 70.2567], [9.5559, 70.2572]]}, "properties": {"Layer": "P-CINTA_MODIFICADA", "block": "ARQ-PLANTA_ACTUAL$0$HOMBRE"}}, {"type": "Feature", "geometry": {"type": "LineString", "coordinates": [[9.5566, 70.2557], [9.556, 70.2567]]}, "properties": {"Layer": "P-CINTA_MODIFICADA", "block": "ARQ-PLANTA_ACTUAL$0$HOMBRE"}}, {"type": "Feature", "geometry": {"type": "LineString", "coordinates": [[9.5601, 70.2847], [9.5551, 70.278]]}, "properties": {"Layer": "P-CINTA_MODIFICADA", "block": "ARQ-PLANTA_ACTUAL$0$HOMBRE"}}, {"type": "Feature", "geometry": {"type": "LineString", "coordinates": [[9.5551, 70.278], [9.5559, 70.2572]]}, "properties": {"Layer": "P-CINTA_MODIFICADA", "block": "ARQ-PLANTA_ACTUAL$0$HOMBRE"}}, {"type": "Feature", "geometry": {"type": "LineString", "coordinates": [[9.5491, 70.2995], [9.5525, 70.2874]]}, "properties": {"Layer": "P-CINTA_MODIFICADA", "block": "ARQ-PLANTA_ACTUAL$0$HOMBRE"}}, {"type": "Feature", "geometry": {"type": "LineString", "coordinates": [[9.3767, 70.3678], [9.3776, 70.3665]]}, "properties": {"Layer": "P-CINTA_MODIFICADA", "block": "ARQ-PLANTA_ACTUAL$0$HOMBRE"}}, {"type": "Feature", "geometry": {"type": "LineString", "coordinates": [[9.3787, 70.3694], [9.3767, 70.3678]]}, "properties": {"Layer": "P-CINTA_MODIFICADA", "block": "ARQ-PLANTA_ACTUAL$0$HOMBRE"}}, {"type": "Feature", "geometry": {"type": "LineString", "coordinates": [[9.3789, 70.3697], [9.3787, 70.3694]]}, "properties": {"Layer": "P-CINTA_MODIFICADA", "block": "ARQ-PLANTA_ACTUAL$0$HOMBRE"}}, {"type": "Feature", "geometry": {"type": "LineString", "coordinates": [[9.3788, 70.3717], [9.3789, 70.3697]]}, "properties": {"Layer": "P-CINTA_MODIFICADA", "block": "ARQ-PLANTA_ACTUAL$0$HOMBRE"}}, {"type": "Feature", "geometry": {"type": "LineString", "coordinates": [[9.3777, 70.3731], [9.3788, 70.3717]]}, "properties": {"Layer": "P-CINTA_MODIFICADA", "block": "ARQ-PLANTA_ACTUAL$0$HOMBRE"}}, {"type": "Feature", "geometry": {"type": "LineString", "coordinates": [[9.3791, 70.3735], [9.3777, 70.3731]]}, "properties": {"Layer": "P-CINTA_MODIFICADA", "block": "ARQ-PLANTA_ACTUAL$0$HOMBRE"}}, {"type": "Feature", "geometry": {"type": "LineString", "coordinates": [[9.3801, 70.3754], [9.3791, 70.3735]]}, "properties": {"Layer": "P-CINTA_MODIFICADA", "block": "ARQ-PLANTA_ACTUAL$0$HOMBRE"}}, {"type": "Feature", "geometry": {"type": "LineString", "coordinates": [[9.3802, 70.3778], [9.3801, 70.3754]]}, "properties": {"Layer": "P-CINTA_MODIFICADA", "block": "ARQ-PLANTA_ACTUAL$0$HOMBRE"}}, {"type": "Feature", "geometry": {"type": "LineString", "coordinates": [[9.3769, 70.3798], [9.3802, 70.3778]]}, "properties": {"Layer": "P-CINTA_MODIFICADA", "block": "ARQ-PLANTA_ACTUAL$0$HOMBRE"}}, {"type": "Feature", "geometry": {"type": "LineString", "coordinates": [[9.5402, 70.3352], [9.5411, 70.3213]]}, "properties": {"Layer": "P-CINTA_MODIFICADA", "block": "ARQ-PLANTA_ACTUAL$0$HOMBRE"}}, {"type": "Feature", "geometry": {"type": "LineString", "coordinates": [[9.5637, 70.2888], [9.5601, 70.2847]]}, "properties": {"Layer": "P-CINTA_MODIFICADA", "block": "ARQ-PLANTA_ACTUAL$0$HOMBRE"}}, {"type": "Feature", "geometry": {"type": "LineString", "coordinates": [[9.5454, 70.3451], [9.5497, 70.3431]]}, "properties": {"Layer": "P-CINTA_MODIFICADA", "block": "ARQ-PLANTA_ACTUAL$0$HOMBRE"}}, {"type": "Feature", "geometry": {"type": "LineString", "coordinates": [[9.555, 70.3336], [9.5558, 70.3313]]}, "properties": {"Layer": "P-CINTA_MODIFICADA", "block": "ARQ-PLANTA_ACTUAL$0$HOMBRE"}}, {"type": "Feature", "geometry": {"type": "LineString", "coordinates": [[9.5594, 70.3251], [9.5608, 70.3247]]}, "properties": {"Layer": "P-CINTA_MODIFICADA", "block": "ARQ-PLANTA_ACTUAL$0$HOMBRE"}}, {"type": "Feature", "geometry": {"type": "LineString", "coordinates": [[9.5784, 70.3021], [9.5732, 70.2981]]}, "properties": {"Layer": "P-CINTA_MODIFICADA", "block": "ARQ-PLANTA_ACTUAL$0$HOMBRE"}}, {"type": "Feature", "geometry": {"type": "LineString", "coordinates": [[9.578, 70.3549], [9.5723, 70.3636]]}, "properties": {"Layer": "P-CINTA_MODIFICADA", "block": "ARQ-PLANTA_ACTUAL$0$HOMBRE"}}, {"type": "Feature", "geometry": {"type": "LineString", "coordinates": [[9.5464, 70.3637], [9.5499, 70.3623]]}, "properties": {"Layer": "P-CINTA_MODIFICADA", "block": "ARQ-PLANTA_ACTUAL$0$HOMBRE"}}, {"type": "Feature", "geometry": {"type": "LineString", "coordinates": [[9.5398, 70.3645], [9.5399, 70.3642]]}, "properties": {"Layer": "P-CINTA_MODIFICADA", "block": "ARQ-PLANTA_ACTUAL$0$HOMBRE"}}, {"type": "Feature", "geometry": {"type": "LineString", "coordinates": [[9.5983, 70.0002], [9.6107, 69.9935]]}, "properties": {"Layer": "P-CINTA_MODIFICADA", "block": "ARQ-PLANTA_ACTUAL$0$HOMBRE"}}, {"type": "Feature", "geometry": {"type": "LineString", "coordinates": [[9.5715, 69.9909], [9.5751, 69.9707]]}, "properties": {"Layer": "P-CINTA_MODIFICADA", "block": "ARQ-PLANTA_ACTUAL$0$HOMBRE"}}, {"type": "Feature", "geometry": {"type": "LineString", "coordinates": [[9.5493, 70.0176], [9.5715, 69.9909]]}, "properties": {"Layer": "P-CINTA_MODIFICADA", "block": "ARQ-PLANTA_ACTUAL$0$HOMBRE"}}, {"type": "Feature", "geometry": {"type": "LineString", "coordinates": [[9.5818, 70.0081], [9.5921, 70.0025]]}, "properties": {"Layer": "P-CINTA_MODIFICADA", "block": "ARQ-PLANTA_ACTUAL$0$HOMBRE"}}, {"type": "Feature", "geometry": {"type": "LineString", "coordinates": [[9.5486, 70.0245], [9.5395, 70.023]]}, "properties": {"Layer": "P-CINTA_MODIFICADA", "block": "ARQ-PLANTA_ACTUAL$0$HOMBRE"}}, {"type": "Feature", "geometry": {"type": "LineString", "coordinates": [[9.5551, 70.0297], [9.5486, 70.0245]]}, "properties": {"Layer": "P-CINTA_MODIFICADA", "block": "ARQ-PLANTA_ACTUAL$0$HOMBRE"}}, {"type": "Feature", "geometry": {"type": "LineString", "coordinates": [[9.5441, 70.0093], [9.5818, 70.0081]]}, "properties": {"Layer": "P-CINTA_MODIFICADA", "block": "ARQ-PLANTA_ACTUAL$0$HOMBRE"}}, {"type": "Feature", "geometry": {"type": "LineString", "coordinates": [[9.5441, 70.0093], [9.5818, 70.0081]]}, "properties": {"Layer": "P-CINTA_MODIFICADA", "block": "ARQ-PLANTA_ACTUAL$0$HOMBRE"}}, {"type": "Feature", "geometry": {"type": "LineString", "coordinates": [[9.5658, 70.0387], [9.5551, 70.0297]]}, "properties": {"Layer": "P-CINTA_MODIFICADA", "block": "ARQ-PLANTA_ACTUAL$0$HOMBRE"}}, {"type": "Feature", "geometry": {"type": "LineString", "coordinates": [[9.348, 70.031], [9.3569, 70.0289]]}, "properties": {"Layer": "P-CINTA_MODIFICADA", "block": "ARQ-PLANTA_ACTUAL$0$HOMBRE"}}, {"type": "Feature", "geometry": {"type": "LineString", "coordinates": [[9.5921, 70.0025], [9.5983, 70.0002]]}, "properties": {"Layer": "P-CINTA_MODIFICADA", "block": "ARQ-PLANTA_ACTUAL$0$HOMBRE"}}, {"type": "Feature", "geometry": {"type": "LineString", "coordinates": [[9.5751, 69.9707], [9.5797, 69.9345]]}, "properties": {"Layer": "P-CINTA_MODIFICADA", "block": "ARQ-PLANTA_ACTUAL$0$HOMBRE"}}, {"type": "Feature", "geometry": {"type": "LineString", "coordinates": [[9.3687, 69.8548], [9.3913, 69.8506]]}, "properties": {"Layer": "P-CINTA_MODIFICADA", "block": "ARQ-PLANTA_ACTUAL$0$HOMBRE"}}, {"type": "Feature", "geometry": {"type": "LineString", "coordinates": [[9.3942, 69.7972], [9.3942, 69.7972]]}, "properties": {"Layer": "P-CINTA_MODIFICADA", "block": "ARQ-PLANTA_ACTUAL$0$HOMBRE"}}, {"type": "Feature", "geometry": {"type": "LineString", "coordinates": [[9.5467, 69.8648], [9.529, 69.8583]]}, "properties": {"Layer": "P-CINTA_MODIFICADA", "block": "ARQ-PLANTA_ACTUAL$0$HOMBRE"}}, {"type": "Feature", "geometry": {"type": "LineString", "coordinates": [[9.529, 69.8583], [9.5165, 69.85]]}, "properties": {"Layer": "P-CINTA_MODIFICADA", "block": "ARQ-PLANTA_ACTUAL$0$HOMBRE"}}, {"type": "Feature", "geometry": {"type": "LineString", "coordinates": [[9.5165, 69.85], [9.4937, 69.8472]]}, "properties": {"Layer": "P-CINTA_MODIFICADA", "block": "ARQ-PLANTA_ACTUAL$0$HOMBRE"}}, {"type": "Feature", "geometry": {"type": "LineString", "coordinates": [[9.4386, 69.7957], [9.4386, 69.7957]]}, "properties": {"Layer": "P-CINTA_MODIFICADA", "block": "ARQ-PLANTA_ACTUAL$0$HOMBRE"}}, {"type": "Feature", "geometry": {"type": "LineString", "coordinates": [[9.5737, 69.8884], [9.5663, 69.8764]]}, "properties": {"Layer": "P-CINTA_MODIFICADA", "block": "ARQ-PLANTA_ACTUAL$0$HOMBRE"}}, {"type": "Feature", "geometry": {"type": "LineString", "coordinates": [[9.5737, 69.8884], [9.5557, 69.8732]]}, "properties": {"Layer": "P-CINTA_MODIFICADA", "block": "ARQ-PLANTA_ACTUAL$0$HOMBRE"}}, {"type": "Feature", "geometry": {"type": "LineString", "coordinates": [[9.5737, 69.8884], [9.5663, 69.8764]]}, "properties": {"Layer": "P-CINTA_MODIFICADA", "block": "ARQ-PLANTA_ACTUAL$0$HOMBRE"}}, {"type": "Feature", "geometry": {"type": "LineString", "coordinates": [[9.6019, 69.8962], [9.5737, 69.8884]]}, "properties": {"Layer": "P-CINTA_MODIFICADA", "block": "ARQ-PLANTA_ACTUAL$0$HOMBRE"}}, {"type": "Feature", "geometry": {"type": "LineString", "coordinates": [[9.5663, 69.8764], [9.5557, 69.8732]]}, "properties": {"Layer": "P-CINTA_MODIFICADA", "block": "ARQ-PLANTA_ACTUAL$0$HOMBRE"}}, {"type": "Feature", "geometry": {"type": "LineString", "coordinates": [[9.5663, 69.8764], [9.5557, 69.8732]]}, "properties": {"Layer": "P-CINTA_MODIFICADA", "block": "ARQ-PLANTA_ACTUAL$0$HOMBRE"}}, {"type": "Feature", "geometry": {"type": "LineString", "coordinates": [[9.5557, 69.8732], [9.5467, 69.8648]]}, "properties": {"Layer": "P-CINTA_MODIFICADA", "block": "ARQ-PLANTA_ACTUAL$0$HOMBRE"}}, {"type": "Feature", "geometry": {"type": "LineString", "coordinates": [[9.5557, 69.8732], [9.5467, 69.8648]]}, "properties": {"Layer": "P-CINTA_MODIFICADA", "block": "ARQ-PLANTA_ACTUAL$0$HOMBRE"}}, {"type": "Feature", "geometry": {"type": "LineString", "coordinates": [[9.5797, 69.9345], [9.5737, 69.8884]]}, "properties": {"Layer": "P-CINTA_MODIFICADA", "block": "ARQ-PLANTA_ACTUAL$0$HOMBRE"}}, {"type": "Feature", "geometry": {"type": "LineString", "coordinates": [[9.6107, 69.9935], [9.6199, 69.988]]}, "properties": {"Layer": "P-CINTA_MODIFICADA", "block": "ARQ-PLANTA_ACTUAL$0$HOMBRE"}}, {"type": "Feature", "geometry": {"type": "LineString", "coordinates": [[9.3568, 69.8639], [9.3687, 69.8548]]}, "properties": {"Layer": "P-CINTA_MODIFICADA", "block": "ARQ-PLANTA_ACTUAL$0$HOMBRE"}}, {"type": "Feature", "geometry": {"type": "LineString", "coordinates": [[9.3423, 69.9912], [9.3428, 69.9932], [9.3426, 69.9989], [9.3417, 70.0081], [9.3401, 70.0203], [9.3379, 70.0349], [9.3353, 70.0515], [9.3323, 70.0691], [9.329, 70.0872], [9.3256, 70.1048], [9.3223, 70.1212], [9.3192, 70.1357], [9.3164, 70.1476], [9.314, 70.1565], [9.3122, 70.1619], [9.311, 70.1637], [9.3105, 70.1616], [9.3108, 70.1559], [9.3117, 70.1468], [9.3132, 70.1346], [9.3154, 70.1199], [9.318, 70.1034], [9.3211, 70.0857], [9.3243, 70.0677], [9.3277, 70.0501], [9.331, 70.0337], [9.3342, 70.0192], [9.337, 70.0072], [9.3393, 69.9983], [9.3411, 69.9929], [9.3423, 69.9912]]}, "properties": {"Layer": "P-CINTA_MODIFICADA", "block": "ARQ-PLANTA_ACTUAL$0$HOMBRE"}}, {"type": "Feature", "geometry": {"type": "LineString", "coordinates": [[9.3546, 71.4527], [9.3245, 71.4527]]}, "properties": {"Layer": "P-CINTA_MODIFICADA", "block": "ARQ-PLANTA_ACTUAL$0$HOMBRE"}}, {"type": "Feature", "geometry": {"type": "LineString", "coordinates": [[9.1488, 72.0733], [9.1195, 72.0371], [9.0983, 71.9955], [9.0863, 71.9505], [9.0838, 71.904], [9.0911, 71.8579], [9.1078, 71.8144], [9.1332, 71.7753], [9.1662, 71.7424], [9.2053, 71.717], [9.2488, 71.7003], [9.2948, 71.693], [9.3413, 71.6954], [9.3864, 71.7075], [9.4279, 71.7287], [9.4641, 71.758], [9.4935, 71.7942], [9.5146, 71.8358], [9.5267, 71.8808], [9.5291, 71.9273], [9.5218, 71.9734], [9.5051, 72.0169], [9.4797, 72.056], [9.4468, 72.0889], [9.4077, 72.1143], [9.3642, 72.131], [9.3181, 72.1383], [9.2716, 72.1359], [9.2266, 72.1238], [9.185, 72.1026], [9.1488, 72.0733]]}, "properties": {"Layer": "P-CINTA_MODIFICADA", "block": "ARQ-PLANTA_ACTUAL$0$HOMBRE"}}, {"type": "Feature", "geometry": {"type": "LineString", "coordinates": [[8.8623, 72.171], [8.8111, 72.1077], [8.7741, 72.0352], [8.753, 71.9566], [8.7488, 71.8753], [8.7615, 71.7949], [8.7907, 71.7189], [8.835, 71.6506], [8.8926, 71.5931], [8.9608, 71.5488], [9.0368, 71.5196], [9.1172, 71.5069], [9.1985, 71.5111], [9.2771, 71.5322], [9.3496, 71.5691], [9.4129, 71.6204], [9.4641, 71.6836], [9.5011, 71.7561], [9.5221, 71.8348], [9.5264, 71.916], [9.5136, 71.9964], [9.4845, 72.0724], [9.4401, 72.1407], [9.3826, 72.1982], [9.3143, 72.2425], [9.2383, 72.2717], [9.158, 72.2845], [9.0767, 72.2802], [8.9981, 72.2591], [8.9255, 72.2222], [8.8623, 72.171]]}, "properties": {"Layer": "P-CINTA_MODIFICADA", "block": "ARQ-PLANTA_ACTUAL$0$HOMBRE"}}, {"type": "Feature", "geometry": {"type": "LineString", "coordinates": [[9.4107, 71.9961], [9.389, 71.9917], [9.3687, 71.9829], [9.3506, 71.9701], [9.3356, 71.9538], [9.3244, 71.9347], [9.3173, 71.9137], [9.3148, 71.8917], [9.3169, 71.8696], [9.3235, 71.8485], [9.3344, 71.8292], [9.349, 71.8126], [9.3668, 71.7994], [9.387, 71.7902], [9.4086, 71.7853], [9.4308, 71.7851], [9.4525, 71.7895], [9.4728, 71.7983], [9.4909, 71.8112], [9.5059, 71.8275], [9.5171, 71.8465], [9.5242, 71.8675], [9.5267, 71.8896], [9.5246, 71.9116], [9.518, 71.9328], [9.5071, 71.9521], [9.4925, 71.9687], [9.4747, 71.9819], [9.4545, 71.9911], [9.4329, 71.9959], [9.4107, 71.9961]]}, "properties": {"Layer": "P-CINTA_MODIFICADA", "block": "ARQ-PLANTA_ACTUAL$0$HOMBRE"}}, {"type": "Feature", "geometry": {"type": "LineString", "coordinates": [[9.4107, 71.9961], [9.389, 71.9917], [9.3687, 71.9829], [9.3506, 71.9701], [9.3356, 71.9538], [9.3244, 71.9347], [9.3173, 71.9137], [9.3148, 71.8917], [9.3169, 71.8696], [9.3235, 71.8485], [9.3344, 71.8292], [9.349, 71.8126], [9.3668, 71.7994], [9.387, 71.7902], [9.4086, 71.7853], [9.4308, 71.7851], [9.4525, 71.7895], [9.4728, 71.7983], [9.4909, 71.8112], [9.5059, 71.8275], [9.5171, 71.8465], [9.5242, 71.8675], [9.5267, 71.8896], [9.5246, 71.9116], [9.518, 71.9328], [9.5071, 71.9521], [9.4925, 71.9687], [9.4747, 71.9819], [9.4545, 71.9911], [9.4329, 71.9959], [9.4107, 71.9961]]}, "properties": {"Layer": "P-CINTA_MODIFICADA", "block": "ARQ-PLANTA_ACTUAL$0$HOMBRE"}}, {"type": "Feature", "geometry": {"type": "LineString", "coordinates": [[7.9117, 73.2052], [7.5915, 73.1336], [7.2931, 72.997], [7.0296, 72.8013], [6.8126, 72.5551], [6.6515, 72.2692], [6.5533, 71.956], [6.5225, 71.6293], [6.5602, 71.3033], [6.6649, 70.9923], [6.832, 70.7098], [7.0541, 70.4682], [7.3216, 70.2781], [7.6228, 70.1478], [7.9445, 70.0829], [8.2727, 70.0864], [8.593, 70.158], [8.8914, 70.2946], [9.1548, 70.4903], [9.3719, 70.7365], [9.533, 71.0224], [9.6311, 71.3356], [9.662, 71.6623], [9.6242, 71.9883], [9.5196, 72.2993], [9.3525, 72.5818], [9.1303, 72.8234], [8.8628, 73.0135], [8.5616, 73.1438], [8.2399, 73.2087], [7.9117, 73.2052]]}, "properties": {"Layer": "P-CINTA_MODIFICADA", "block": "ARQ-PLANTA_ACTUAL$0$HOMBRE"}}, {"type": "Feature", "geometry": {"type": "LineString", "coordinates": [[9.4075, 72.037], [9.3455, 72.0237], [9.2876, 71.9978], [9.2364, 71.9605], [9.1941, 71.9133], [9.1625, 71.8583], [9.143, 71.7979], [9.1365, 71.7349], [9.1432, 71.6718], [9.1629, 71.6116], [9.1947, 71.5567], [9.2372, 71.5097], [9.2886, 71.4725], [9.3466, 71.4468], [9.4086, 71.4337], [9.472, 71.4339], [9.534, 71.4471], [9.5919, 71.473], [9.6431, 71.5104], [9.6855, 71.5576], [9.7171, 71.6126], [9.7366, 71.6729], [9.7431, 71.736], [9.7363, 71.799], [9.7166, 71.8593], [9.6848, 71.9142], [9.6423, 71.9612], [9.5909, 71.9984], [9.533, 72.0241], [9.4709, 72.0371], [9.4075, 72.037]]}, "properties": {"Layer": "P-CINTA_MODIFICADA", "block": "ARQ-PLANTA_ACTUAL$0$HOMBRE"}}, {"type": "Feature", "geometry": {"type": "LineString", "coordinates": [[9.2387, 71.9618], [9.2196, 71.9383], [9.2058, 71.9113], [9.198, 71.882], [9.1964, 71.8518], [9.2011, 71.8218], [9.212, 71.7935], [9.2285, 71.7681], [9.2499, 71.7467], [9.2753, 71.7302], [9.3036, 71.7193], [9.3336, 71.7146], [9.3638, 71.7162], [9.3931, 71.724], [9.4201, 71.7378], [9.4436, 71.7569], [9.4627, 71.7804], [9.4765, 71.8074], [9.4843, 71.8367], [9.4859, 71.8669], [9.4812, 71.8969], [9.4703, 71.9251], [9.4538, 71.9506], [9.4324, 71.972], [9.407, 71.9885], [9.3787, 71.9993], [9.3487, 72.0041], [9.3185, 72.0025], [9.2892, 71.9947], [9.2622, 71.9809], [9.2387, 71.9618]]}, "properties": {"Layer": "P-CINTA_MODIFICADA", "block": "ARQ-PLANTA_ACTUAL$0$HOMBRE"}}, {"type": "Feature", "geometry": {"type": "LineString", "coordinates": [[10.6209, 73.2961], [10.2989, 73.2325], [9.9972, 73.1034], [9.7289, 72.9143], [9.5058, 72.6736], [9.3376, 72.3918], [9.2317, 72.0812], [9.1927, 71.7553], [9.2223, 71.4285], [9.3192, 71.1149], [9.4792, 70.8284], [9.6952, 70.5813], [9.9579, 70.3846], [10.2558, 70.2468], [10.5757, 70.1739], [10.9039, 70.1692], [11.2259, 70.2328], [11.5276, 70.3619], [11.7958, 70.5509], [12.0189, 70.7916], [12.1871, 71.0735], [12.293, 71.3841], [12.3321, 71.7099], [12.3025, 72.0368], [12.2056, 72.3503], [12.0456, 72.6369], [11.8296, 72.8839], [11.5669, 73.0807], [11.269, 73.2185], [10.949, 73.2913], [10.6209, 73.2961]]}, "properties": {"Layer": "P-CINTA_MODIFICADA", "block": "ARQ-PLANTA_ACTUAL$0$HOMBRE"}}, {"type": "Feature", "geometry": {"type": "LineString", "coordinates": [[9.2207, 72.0791], [9.1981, 72.0512], [9.1818, 72.0192], [9.1725, 71.9845], [9.1706, 71.9487], [9.1763, 71.9133], [9.1891, 71.8797], [9.2087, 71.8496], [9.234, 71.8243], [9.2641, 71.8047], [9.2976, 71.7919], [9.3331, 71.7862], [9.3689, 71.7881], [9.4036, 71.7974], [9.4356, 71.8137], [9.4635, 71.8363], [9.4861, 71.8642], [9.5023, 71.8962], [9.5116, 71.9308], [9.5135, 71.9667], [9.5079, 72.0021], [9.495, 72.0356], [9.4755, 72.0657], [9.4501, 72.0911], [9.42, 72.1106], [9.3865, 72.1235], [9.3511, 72.1291], [9.3152, 72.1272], [9.2806, 72.118], [9.2486, 72.1017], [9.2207, 72.0791]]}, "properties": {"Layer": "P-CINTA_MODIFICADA", "block": "ARQ-PLANTA_ACTUAL$0$HOMBRE"}}, {"type": "Feature", "geometry": {"type": "LineString", "coordinates": [[9.3755, 72.0807], [9.3462, 72.0445], [9.325, 72.0029], [9.313, 71.9579], [9.3105, 71.9114], [9.3178, 71.8653], [9.3345, 71.8218], [9.3599, 71.7827], [9.3929, 71.7498], [9.432, 71.7244], [9.4755, 71.7077], [9.5215, 71.7004], [9.568, 71.7028], [9.6131, 71.7149], [9.6546, 71.736], [9.6908, 71.7654], [9.7202, 71.8016], [9.7413, 71.8431], [9.7534, 71.8881], [9.7558, 71.9347], [9.7485, 71.9807], [9.7318, 72.0242], [9.7064, 72.0633], [9.6735, 72.0963], [9.6344, 72.1217], [9.5909, 72.1384], [9.5448, 72.1457], [9.4983, 72.1432], [9.4533, 72.1312], [9.4117, 72.11], [9.3755, 72.0807]]}, "properties": {"Layer": "P-CINTA_MODIFICADA", "block": "ARQ-PLANTA_ACTUAL$0$HOMBRE"}}, {"type": "Feature", "geometry": {"type": "LineString", "coordinates": [[9.6508, 72.2999], [9.5717, 72.2806], [9.4984, 72.2452], [9.434, 72.1955], [9.3813, 72.1334], [9.3428, 72.0617], [9.3199, 71.9836], [9.3138, 71.9024], [9.3248, 71.8218], [9.3522, 71.7451], [9.395, 71.6759], [9.4512, 71.6171], [9.5185, 71.5712], [9.5938, 71.5403], [9.6739, 71.5258], [9.7552, 71.5282], [9.8343, 71.5475], [9.9076, 71.5828], [9.972, 71.6326], [10.0247, 71.6947], [10.0632, 71.7664], [10.0861, 71.8445], [10.0922, 71.9257], [10.0812, 72.0063], [10.0538, 72.0829], [10.011, 72.1522], [9.9548, 72.211], [9.8875, 72.2569], [9.8122, 72.2877], [9.7321, 72.3023], [9.6508, 72.2999]]}, "properties": {"Layer": "P-CINTA_MODIFICADA", "block": "ARQ-PLANTA_ACTUAL$0$HOMBRE"}}, {"type": "Feature", "geometry": {"type": "LineString", "coordinates": [[9.347, 71.9745], [9.3322, 71.9563], [9.3216, 71.9355], [9.3156, 71.9129], [9.3143, 71.8895], [9.318, 71.8664], [9.3264, 71.8446], [9.3391, 71.825], [9.3557, 71.8084], [9.3753, 71.7957], [9.3971, 71.7873], [9.4202, 71.7836], [9.4436, 71.7849], [9.4662, 71.7909], [9.487, 71.8015], [9.5052, 71.8163], [9.5199, 71.8344], [9.5305, 71.8553], [9.5366, 71.8779], [9.5378, 71.9012], [9.5342, 71.9243], [9.5258, 71.9462], [9.513, 71.9658], [9.4965, 71.9823], [9.4769, 71.9951], [9.455, 72.0035], [9.4319, 72.0071], [9.4086, 72.0059], [9.386, 71.9998], [9.3651, 71.9892], [9.347, 71.9745]]}, "properties": {"Layer": "P-CINTA_MODIFICADA", "block": "ARQ-PLANTA_ACTUAL$0$HOMBRE"}}, {"type": "Feature", "geometry": {"type": "LineString", "coordinates": [[9.4488, 71.7689], [9.4427, 71.7739], [9.4356, 71.7775], [9.428, 71.7795], [9.4201, 71.7799], [9.4123, 71.7787], [9.4049, 71.7758], [9.3983, 71.7715], [9.3927, 71.766], [9.3884, 71.7593], [9.3856, 71.752], [9.3844, 71.7442], [9.3848, 71.7363], [9.3868, 71.7287], [9.3904, 71.7216], [9.3954, 71.7155], [9.4015, 71.7105], [9.4086, 71.7069], [9.4162, 71.7049], [9.4241, 71.7045], [9.4319, 71.7057], [9.4392, 71.7086], [9.4459, 71.7129], [9.4514, 71.7184], [9.4557, 71.7251], [9.4586, 71.7324], [9.4598, 71.7402], [9.4594, 71.7481], [9.4573, 71.7557], [9.4538, 71.7628], [9.4488, 71.7689]]}, "properties": {"Layer": "P-CINTA_MODIFICADA", "block": "ARQ-PLANTA_ACTUAL$0$HOMBRE"}}, {"type": "Feature", "geometry": {"type": "LineString", "coordinates": [[9.4024, 71.7691], [9.3974, 71.763], [9.3938, 71.756], [9.3918, 71.7483], [9.3914, 71.7405], [9.3926, 71.7327], [9.3954, 71.7253], [9.3997, 71.7187], [9.4053, 71.7131], [9.4119, 71.7088], [9.4193, 71.706], [9.4271, 71.7047], [9.435, 71.7051], [9.4426, 71.7072], [9.4496, 71.7108], [9.4558, 71.7157], [9.4607, 71.7219], [9.4643, 71.7289], [9.4664, 71.7365], [9.4668, 71.7444], [9.4655, 71.7522], [9.4627, 71.7596], [9.4584, 71.7662], [9.4528, 71.7718], [9.4462, 71.7761], [9.4388, 71.7789], [9.431, 71.7801], [9.4232, 71.7797], [9.4155, 71.7777], [9.4085, 71.7741], [9.4024, 71.7691]]}, "properties": {"Layer": "P-CINTA_MODIFICADA", "block": "ARQ-PLANTA_ACTUAL$0$HOMBRE"}}, {"type": "Feature", "geometry": {"type": "LineString", "coordinates": [[9.4763, 71.8856], [9.4632, 71.8963], [9.4481, 71.9039], [9.4318, 71.9083], [9.415, 71.9092], [9.3983, 71.9065], [9.3825, 71.9005], [9.3684, 71.8913], [9.3564, 71.8794], [9.3472, 71.8652], [9.3412, 71.8494], [9.3385, 71.8328], [9.3394, 71.8159], [9.3438, 71.7996], [9.3515, 71.7846], [9.3621, 71.7714], [9.3752, 71.7608], [9.3902, 71.7531], [9.4065, 71.7488], [9.4234, 71.7479], [9.4401, 71.7505], [9.4558, 71.7566], [9.47, 71.7658], [9.4819, 71.7777], [9.4911, 71.7919], [9.4972, 71.8076], [9.4998, 71.8243], [9.4989, 71.8412], [9.4946, 71.8575], [9.4869, 71.8725], [9.4763, 71.8856]]}, "properties": {"Layer": "P-CINTA_MODIFICADA", "block": "ARQ-PLANTA_ACTUAL$0$HOMBRE"}}, {"type": "Feature", "geometry": {"type": "LineString", "coordinates": [[9.3599, 71.9078], [9.3491, 71.8944], [9.3413, 71.8791], [9.3368, 71.8625], [9.3359, 71.8453], [9.3386, 71.8283], [9.3448, 71.8122], [9.3542, 71.7978], [9.3664, 71.7856], [9.3808, 71.7763], [9.3969, 71.7701], [9.4138, 71.7674], [9.431, 71.7683], [9.4477, 71.7728], [9.463, 71.7806], [9.4764, 71.7914], [9.4872, 71.8048], [9.495, 71.8201], [9.4995, 71.8367], [9.5004, 71.8539], [9.4977, 71.8709], [9.4915, 71.887], [9.4821, 71.9014], [9.47, 71.9136], [9.4555, 71.923], [9.4395, 71.9291], [9.4225, 71.9318], [9.4053, 71.9309], [9.3887, 71.9265], [9.3733, 71.9186], [9.3599, 71.9078]]}, "properties": {"Layer": "P-CINTA_MODIFICADA", "block": "ARQ-PLANTA_ACTUAL$0$HOMBRE"}}, {"type": "Feature", "geometry": {"type": "LineString", "coordinates": [[9.3957, 71.9284], [9.3723, 71.9247], [9.3502, 71.9161], [9.3303, 71.9032], [9.3136, 71.8865], [9.3007, 71.8666], [9.2922, 71.8445], [9.2885, 71.8211], [9.2898, 71.7974], [9.296, 71.7745], [9.3067, 71.7534], [9.3216, 71.735], [9.3401, 71.7202], [9.3612, 71.7094], [9.3841, 71.7033], [9.4077, 71.7021], [9.4311, 71.7058], [9.4532, 71.7143], [9.4731, 71.7272], [9.4898, 71.744], [9.5027, 71.7639], [9.5112, 71.786], [9.5149, 71.8094], [9.5136, 71.8331], [9.5075, 71.8559], [9.4967, 71.877], [9.4818, 71.8954], [9.4633, 71.9103], [9.4422, 71.9211], [9.4193, 71.9272], [9.3957, 71.9284]]}, "properties": {"Layer": "P-CINTA_MODIFICADA", "block": "ARQ-PLANTA_ACTUAL$0$HOMBRE"}}, {"type": "Feature", "geometry": {"type": "LineString", "coordinates": [[9.4334, 71.9294], [9.4102, 71.9246], [9.3886, 71.9151], [9.3693, 71.9013], [9.3534, 71.8837], [9.3414, 71.8633], [9.334, 71.8408], [9.3314, 71.8173], [9.3337, 71.7937], [9.3409, 71.7711], [9.3526, 71.7505], [9.3684, 71.7328], [9.3875, 71.7188], [9.409, 71.7091], [9.4322, 71.704], [9.4559, 71.7039], [9.4791, 71.7087], [9.5008, 71.7182], [9.52, 71.732], [9.536, 71.7495], [9.5479, 71.77], [9.5554, 71.7925], [9.558, 71.816], [9.5556, 71.8396], [9.5484, 71.8621], [9.5367, 71.8827], [9.5209, 71.9004], [9.5019, 71.9144], [9.4803, 71.9242], [9.4571, 71.9293], [9.4334, 71.9294]]}, "properties": {"Layer": "P-CINTA_MODIFICADA", "block": "ARQ-PLANTA_ACTUAL$0$HOMBRE"}}, {"type": "Feature", "geometry": {"type": "LineString", "coordinates": [[9.3678, 71.9081], [9.357, 71.8947], [9.3492, 71.8794], [9.3447, 71.8627], [9.3438, 71.8456], [9.3465, 71.8286], [9.3527, 71.8125], [9.362, 71.7981], [9.3742, 71.7859], [9.3886, 71.7765], [9.4047, 71.7703], [9.4217, 71.7677], [9.4389, 71.7686], [9.4555, 71.773], [9.4708, 71.7808], [9.4842, 71.7917], [9.495, 71.805], [9.5029, 71.8204], [9.5073, 71.837], [9.5082, 71.8542], [9.5055, 71.8712], [9.4994, 71.8872], [9.49, 71.9017], [9.4778, 71.9138], [9.4634, 71.9232], [9.4473, 71.9294], [9.4303, 71.9321], [9.4131, 71.9312], [9.3965, 71.9267], [9.3812, 71.9189], [9.3678, 71.9081]]}, "properties": {"Layer": "P-CINTA_MODIFICADA", "block": "ARQ-PLANTA_ACTUAL$0$HOMBRE"}}, {"type": "Feature", "geometry": {"type": "LineString", "coordinates": [[9.2967, 71.9222], [9.2874, 71.9297], [9.2767, 71.9351], [9.2652, 71.9382], [9.2533, 71.9388], [9.2415, 71.9369], [9.2303, 71.9327], [9.2203, 71.9262], [9.2118, 71.9177], [9.2053, 71.9077], [9.2011, 71.8965], [9.1992, 71.8847], [9.1998, 71.8728], [9.2029, 71.8613], [9.2083, 71.8506], [9.2159, 71.8413], [9.2251, 71.8338], [9.2358, 71.8284], [9.2473, 71.8253], [9.2593, 71.8247], [9.2711, 71.8265], [9.2822, 71.8308], [9.2922, 71.8373], [9.3007, 71.8458], [9.3072, 71.8558], [9.3115, 71.8669], [9.3133, 71.8787], [9.3127, 71.8907], [9.3096, 71.9022], [9.3042, 71.9129], [9.2967, 71.9222]]}, "properties": {"Layer": "P-CINTA_MODIFICADA", "block": "ARQ-PLANTA_ACTUAL$0$HOMBRE"}}, {"type": "Feature", "geometry": {"type": "LineString", "coordinates": [[9.5361, 71.8414], [9.5356, 71.8394], [9.5358, 71.8336], [9.5367, 71.8245], [9.5383, 71.8123], [9.5404, 71.7976], [9.5431, 71.7811], [9.5461, 71.7635], [9.5494, 71.7454], [9.5527, 71.7278], [9.556, 71.7114], [9.5592, 71.6969], [9.562, 71.685], [9.5643, 71.6761], [9.5662, 71.6707], [9.5673, 71.6689], [9.5678, 71.671], [9.5676, 71.6767], [9.5667, 71.6858], [9.5651, 71.698], [9.563, 71.7127], [9.5603, 71.7292], [9.5573, 71.7469], [9.554, 71.7649], [9.5507, 71.7825], [9.5473, 71.7989], [9.5442, 71.8134], [9.5414, 71.8254], [9.539, 71.8342], [9.5372, 71.8397], [9.5361, 71.8414]]}, "properties": {"Layer": "P-CINTA_MODIFICADA", "block": "ARQ-PLANTA_ACTUAL$0$HOMBRE"}}, {"type": "Feature", "geometry": {"type": "LineString", "coordinates": [[9.336, 71.9741], [9.3213, 71.956], [9.3107, 71.9351], [9.3046, 71.9125], [9.3034, 71.8892], [9.307, 71.8661], [9.3154, 71.8442], [9.3282, 71.8246], [9.3447, 71.8081], [9.3643, 71.7953], [9.3862, 71.7869], [9.4093, 71.7833], [9.4326, 71.7845], [9.4552, 71.7906], [9.4761, 71.8012], [9.4943, 71.8159], [9.509, 71.8341], [9.5196, 71.8549], [9.5257, 71.8775], [9.5269, 71.9009], [9.5232, 71.924], [9.5148, 71.9458], [9.5021, 71.9654], [9.4856, 71.982], [9.4659, 71.9947], [9.4441, 72.0031], [9.421, 72.0068], [9.3976, 72.0055], [9.375, 71.9995], [9.3542, 71.9889], [9.336, 71.9741]]}, "properties": {"Layer": "P-CINTA_MODIFICADA", "block": "ARQ-PLANTA_ACTUAL$0$HOMBRE"}}, {"type": "Feature", "geometry": {"type": "LineString", "coordinates": [[9.3735, 72.084], [9.3509, 72.0562], [9.3346, 72.0242], [9.3253, 71.9895], [9.3235, 71.9537], [9.3291, 71.9182], [9.3419, 71.8847], [9.3615, 71.8546], [9.3869, 71.8292], [9.417, 71.8097], [9.4505, 71.7968], [9.4859, 71.7912], [9.5218, 71.7931], [9.5564, 71.8024], [9.5884, 71.8187], [9.6163, 71.8413], [9.6389, 71.8692], [9.6552, 71.9011], [9.6645, 71.9358], [9.6663, 71.9716], [9.6607, 72.0071], [9.6479, 72.0406], [9.6283, 72.0707], [9.6029, 72.0961], [9.5728, 72.1156], [9.5393, 72.1285], [9.5039, 72.1341], [9.4681, 72.1322], [9.4334, 72.1229], [9.4014, 72.1066], [9.3735, 72.084]]}, "properties": {"Layer": "P-CINTA_MODIFICADA", "block": "ARQ-PLANTA_ACTUAL$0$HOMBRE"}}, {"type": "Feature", "geometry": {"type": "LineString", "coordinates": [[9.3997, 71.9671], [9.3807, 71.9435], [9.3669, 71.9165], [9.3591, 71.8873], [9.3575, 71.857], [9.3622, 71.8271], [9.3731, 71.7988], [9.3896, 71.7734], [9.411, 71.7519], [9.4364, 71.7354], [9.4647, 71.7246], [9.4946, 71.7198], [9.5249, 71.7214], [9.5542, 71.7293], [9.5812, 71.743], [9.6047, 71.7621], [9.6238, 71.7856], [9.6375, 71.8126], [9.6454, 71.8419], [9.647, 71.8722], [9.6422, 71.9021], [9.6314, 71.9304], [9.6149, 71.9558], [9.5934, 71.9772], [9.568, 71.9937], [9.5397, 72.0046], [9.5098, 72.0093], [9.4795, 72.0077], [9.4503, 71.9999], [9.4233, 71.9861], [9.3997, 71.9671]]}, "properties": {"Layer": "P-CINTA_MODIFICADA", "block": "ARQ-PLANTA_ACTUAL$0$HOMBRE"}}, {"type": "Feature", "geometry": {"type": "LineString", "coordinates": [[9.3713, 72.0351], [9.3097, 72.0201], [9.2526, 71.9926], [9.2024, 71.9539], [9.1614, 71.9055], [9.1313, 71.8497], [9.1135, 71.7888], [9.1087, 71.7256], [9.1172, 71.6628], [9.1385, 71.6031], [9.1718, 71.5491], [9.2156, 71.5033], [9.268, 71.4675], [9.3267, 71.4434], [9.389, 71.4321], [9.4524, 71.4339], [9.514, 71.4489], [9.5712, 71.4764], [9.6214, 71.5152], [9.6624, 71.5635], [9.6925, 71.6194], [9.7103, 71.6802], [9.715, 71.7434], [9.7066, 71.8063], [9.6852, 71.866], [9.6519, 71.9199], [9.6081, 71.9658], [9.5557, 72.0015], [9.4971, 72.0256], [9.4347, 72.037], [9.3713, 72.0351]]}, "properties": {"Layer": "P-CINTA_MODIFICADA", "block": "ARQ-PLANTA_ACTUAL$0$HOMBRE"}}, {"type": "Feature", "geometry": {"type": "LineString", "coordinates": [[9.6259, 71.9329], [9.6166, 71.9404], [9.606, 71.9458], [9.5944, 71.9489], [9.5825, 71.9495], [9.5707, 71.9477], [9.5595, 71.9434], [9.5495, 71.9369], [9.5411, 71.9284], [9.5345, 71.9184], [9.5303, 71.9072], [9.5284, 71.8954], [9.529, 71.8835], [9.5321, 71.872], [9.5375, 71.8613], [9.5451, 71.852], [9.5543, 71.8445], [9.565, 71.8391], [9.5765, 71.836], [9.5885, 71.8354], [9.6003, 71.8372], [9.6114, 71.8415], [9.6214, 71.848], [9.6299, 71.8565], [9.6364, 71.8665], [9.6407, 71.8777], [9.6425, 71.8895], [9.6419, 71.9014], [9.6388, 71.9129], [9.6334, 71.9236], [9.6259, 71.9329]]}, "properties": {"Layer": "P-CINTA_MODIFICADA", "block": "ARQ-PLANTA_ACTUAL$0$HOMBRE"}}, {"type": "Feature", "geometry": {"type": "LineString", "coordinates": [[9.5459, 71.5057], [9.5451, 71.5064], [9.5443, 71.5068], [9.5433, 71.507], [9.5424, 71.5071], [9.5414, 71.5069], [9.5405, 71.5066], [9.5397, 71.5061], [9.539, 71.5054], [9.5385, 71.5046], [9.5381, 71.5037], [9.538, 71.5027], [9.538, 71.5017], [9.5383, 71.5008], [9.5387, 71.5], [9.5393, 71.4992], [9.5401, 71.4986], [9.5409, 71.4982], [9.5419, 71.4979], [9.5428, 71.4978], [9.5438, 71.498], [9.5447, 71.4983], [9.5455, 71.4989], [9.5462, 71.4996], [9.5467, 71.5004], [9.5471, 71.5013], [9.5472, 71.5022], [9.5472, 71.5032], [9.5469, 71.5041], [9.5465, 71.505], [9.5459, 71.5057]]}, "properties": {"Layer": "P-CINTA_MODIFICADA", "block": "ARQ-PLANTA_ACTUAL$0$HOMBRE"}}, {"type": "Feature", "geometry": {"type": "LineString", "coordinates": [[9.3277, 71.4986], [9.3269, 71.4993], [9.326, 71.4997], [9.3251, 71.4999], [9.3241, 71.5], [9.3232, 71.4998], [9.3223, 71.4995], [9.3215, 71.499], [9.3208, 71.4983], [9.3203, 71.4975], [9.3199, 71.4966], [9.3198, 71.4956], [9.3198, 71.4947], [9.3201, 71.4937], [9.3205, 71.4929], [9.3211, 71.4921], [9.3219, 71.4915], [9.3227, 71.4911], [9.3237, 71.4908], [9.3246, 71.4908], [9.3256, 71.4909], [9.3265, 71.4913], [9.3273, 71.4918], [9.328, 71.4925], [9.3285, 71.4933], [9.3289, 71.4942], [9.329, 71.4951], [9.329, 71.4961], [9.3287, 71.497], [9.3283, 71.4979], [9.3277, 71.4986]]}, "properties": {"Layer": "P-CINTA_MODIFICADA", "block": "ARQ-PLANTA_ACTUAL$0$HOMBRE"}}, {"type": "Feature", "geometry": {"type": "LineString", "coordinates": [[9.2922, 71.6512], [9.3303, 71.5703]]}, "properties": {"Layer": "P-CINTA_MODIFICADA", "block": "ARQ-PLANTA_ACTUAL$0$HOMBRE"}}, {"type": "Feature", "geometry": {"type": "LineString", "coordinates": [[9.3171, 71.7959], [9.3232, 71.8015]]}, "properties": {"Layer": "P-CINTA_MODIFICADA", "block": "ARQ-PLANTA_ACTUAL$0$HOMBRE"}}, {"type": "Feature", "geometry": {"type": "LineString", "coordinates": [[9.3221, 71.8084], [9.2982, 71.8336]]}, "properties": {"Layer": "P-CINTA_MODIFICADA", "block": "ARQ-PLANTA_ACTUAL$0$HOMBRE"}}, {"type": "Feature", "geometry": {"type": "LineString", "coordinates": [[9.3267, 71.817], [9.289, 71.8158]]}, "properties": {"Layer": "P-CINTA_MODIFICADA", "block": "ARQ-PLANTA_ACTUAL$0$HOMBRE"}}, {"type": "Feature", "geometry": {"type": "LineString", "coordinates": [[9.3148, 71.9611], [9.332, 71.9686]]}, "properties": {"Layer": "P-CINTA_MODIFICADA", "block": "ARQ-PLANTA_ACTUAL$0$HOMBRE"}}, {"type": "Feature", "geometry": {"type": "LineString", "coordinates": [[9.3294, 71.5015], [9.3286, 71.5018]]}, "properties": {"Layer": "P-CINTA_MODIFICADA", "block": "ARQ-PLANTA_ACTUAL$0$HOMBRE"}}, {"type": "Feature", "geometry": {"type": "LineString", "coordinates": [[9.3254, 71.5368], [9.3287, 71.5411]]}, "properties": {"Layer": "P-CINTA_MODIFICADA", "block": "ARQ-PLANTA_ACTUAL$0$HOMBRE"}}, {"type": "Feature", "geometry": {"type": "LineString", "coordinates": [[9.3217, 71.4616], [9.3337, 71.4562]]}, "properties": {"Layer": "P-CINTA_MODIFICADA", "block": "ARQ-PLANTA_ACTUAL$0$HOMBRE"}}, {"type": "Feature", "geometry": {"type": "LineString", "coordinates": [[9.3326, 71.4849], [9.3296, 71.4882]]}, "properties": {"Layer": "P-CINTA_MODIFICADA", "block": "ARQ-PLANTA_ACTUAL$0$HOMBRE"}}, {"type": "Feature", "geometry": {"type": "LineString", "coordinates": [[9.3335, 71.4797], [9.3287, 71.4848]]}, "properties": {"Layer": "P-CINTA_MODIFICADA", "block": "ARQ-PLANTA_ACTUAL$0$HOMBRE"}}, {"type": "Feature", "geometry": {"type": "LineString", "coordinates": [[9.3314, 71.4743], [9.327, 71.4785]]}, "properties": {"Layer": "P-CINTA_MODIFICADA", "block": "ARQ-PLANTA_ACTUAL$0$HOMBRE"}}, {"type": "Feature", "geometry": {"type": "LineString", "coordinates": [[9.2172, 71.6125], [9.2239, 71.5934]]}, "properties": {"Layer": "P-CINTA_MODIFICADA", "block": "ARQ-PLANTA_ACTUAL$0$HOMBRE"}}, {"type": "Feature", "geometry": {"type": "LineString", "coordinates": [[9.2386, 71.6711], [9.2338, 71.676]]}, "properties": {"Layer": "P-CINTA_MODIFICADA", "block": "ARQ-PLANTA_ACTUAL$0$HOMBRE"}}, {"type": "Feature", "geometry": {"type": "LineString", "coordinates": [[9.2467, 71.6673], [9.2386, 71.6711]]}, "properties": {"Layer": "P-CINTA_MODIFICADA", "block": "ARQ-PLANTA_ACTUAL$0$HOMBRE"}}, {"type": "Feature", "geometry": {"type": "LineString", "coordinates": [[9.249, 71.6651], [9.2467, 71.6673]]}, "properties": {"Layer": "P-CINTA_MODIFICADA", "block": "ARQ-PLANTA_ACTUAL$0$HOMBRE"}}, {"type": "Feature", "geometry": {"type": "LineString", "coordinates": [[9.2543, 71.6613], [9.249, 71.6651]]}, "properties": {"Layer": "P-CINTA_MODIFICADA", "block": "ARQ-PLANTA_ACTUAL$0$HOMBRE"}}, {"type": "Feature", "geometry": {"type": "LineString", "coordinates": [[9.2606, 71.6615], [9.2543, 71.6613]]}, "properties": {"Layer": "P-CINTA_MODIFICADA", "block": "ARQ-PLANTA_ACTUAL$0$HOMBRE"}}, {"type": "Feature", "geometry": {"type": "LineString", "coordinates": [[9.2449, 71.6813], [9.2425, 71.6842]]}, "properties": {"Layer": "P-CINTA_MODIFICADA", "block": "ARQ-PLANTA_ACTUAL$0$HOMBRE"}}, {"type": "Feature", "geometry": {"type": "LineString", "coordinates": [[9.2516, 71.6779], [9.2449, 71.6813]]}, "properties": {"Layer": "P-CINTA_MODIFICADA", "block": "ARQ-PLANTA_ACTUAL$0$HOMBRE"}}, {"type": "Feature", "geometry": {"type": "LineString", "coordinates": [[9.2582, 71.6775], [9.2516, 71.6779]]}, "properties": {"Layer": "P-CINTA_MODIFICADA", "block": "ARQ-PLANTA_ACTUAL$0$HOMBRE"}}, {"type": "Feature", "geometry": {"type": "LineString", "coordinates": [[9.2629, 71.6777], [9.2582, 71.6775]]}, "properties": {"Layer": "P-CINTA_MODIFICADA", "block": "ARQ-PLANTA_ACTUAL$0$HOMBRE"}}, {"type": "Feature", "geometry": {"type": "LineString", "coordinates": [[9.2254, 71.6901], [9.2223, 71.6974]]}, "properties": {"Layer": "P-CINTA_MODIFICADA", "block": "ARQ-PLANTA_ACTUAL$0$HOMBRE"}}, {"type": "Feature", "geometry": {"type": "LineString", "coordinates": [[9.2297, 71.6811], [9.2254, 71.6901]]}, "properties": {"Layer": "P-CINTA_MODIFICADA", "block": "ARQ-PLANTA_ACTUAL$0$HOMBRE"}}, {"type": "Feature", "geometry": {"type": "LineString", "coordinates": [[9.2338, 71.676], [9.2297, 71.6811]]}, "properties": {"Layer": "P-CINTA_MODIFICADA", "block": "ARQ-PLANTA_ACTUAL$0$HOMBRE"}}, {"type": "Feature", "geometry": {"type": "LineString", "coordinates": [[9.1942, 71.6598], [9.2172, 71.6125]]}, "properties": {"Layer": "P-CINTA_MODIFICADA", "block": "ARQ-PLANTA_ACTUAL$0$HOMBRE"}}, {"type": "Feature", "geometry": {"type": "LineString", "coordinates": [[9.2743, 71.6619], [9.268, 71.6617]]}, "properties": {"Layer": "P-CINTA_MODIFICADA", "block": "ARQ-PLANTA_ACTUAL$0$HOMBRE"}}, {"type": "Feature", "geometry": {"type": "LineString", "coordinates": [[9.2724, 71.678], [9.2689, 71.6779]]}, "properties": {"Layer": "P-CINTA_MODIFICADA", "block": "ARQ-PLANTA_ACTUAL$0$HOMBRE"}}, {"type": "Feature", "geometry": {"type": "LineString", "coordinates": [[9.2749, 71.6769], [9.2724, 71.678]]}, "properties": {"Layer": "P-CINTA_MODIFICADA", "block": "ARQ-PLANTA_ACTUAL$0$HOMBRE"}}, {"type": "Feature", "geometry": {"type": "LineString", "coordinates": [[9.2767, 71.6758], [9.2749, 71.6769]]}, "properties": {"Layer": "P-CINTA_MODIFICADA", "block": "ARQ-PLANTA_ACTUAL$0$HOMBRE"}}, {"type": "Feature", "geometry": {"type": "LineString", "coordinates": [[9.288, 71.6664], [9.2782, 71.6643]]}, "properties": {"Layer": "P-CINTA_MODIFICADA", "block": "ARQ-PLANTA_ACTUAL$0$HOMBRE"}}, {"type": "Feature", "geometry": {"type": "LineString", "coordinates": [[9.288, 71.6664], [9.2815, 71.6735]]}, "properties": {"Layer": "P-CINTA_MODIFICADA", "block": "ARQ-PLANTA_ACTUAL$0$HOMBRE"}}, {"type": "Feature", "geometry": {"type": "LineString", "coordinates": [[9.2881, 71.6756], [9.2878, 71.672]]}, "properties": {"Layer": "P-CINTA_MODIFICADA", "block": "ARQ-PLANTA_ACTUAL$0$HOMBRE"}}, {"type": "Feature", "geometry": {"type": "LineString", "coordinates": [[9.2878, 71.672], [9.288, 71.6664]]}, "properties": {"Layer": "P-CINTA_MODIFICADA", "block": "ARQ-PLANTA_ACTUAL$0$HOMBRE"}}, {"type": "Feature", "geometry": {"type": "LineString", "coordinates": [[9.288, 71.6664], [9.2888, 71.6626]]}, "properties": {"Layer": "P-CINTA_MODIFICADA", "block": "ARQ-PLANTA_ACTUAL$0$HOMBRE"}}, {"type": "Feature", "geometry": {"type": "LineString", "coordinates": [[9.2888, 71.6626], [9.2917, 71.6554]]}, "properties": {"Layer": "P-CINTA_MODIFICADA", "block": "ARQ-PLANTA_ACTUAL$0$HOMBRE"}}, {"type": "Feature", "geometry": {"type": "LineString", "coordinates": [[9.2917, 71.6554], [9.2922, 71.6516]]}, "properties": {"Layer": "P-CINTA_MODIFICADA", "block": "ARQ-PLANTA_ACTUAL$0$HOMBRE"}}, {"type": "Feature", "geometry": {"type": "LineString", "coordinates": [[9.2922, 71.6516], [9.2923, 71.6503]]}, "properties": {"Layer": "P-CINTA_MODIFICADA", "block": "ARQ-PLANTA_ACTUAL$0$HOMBRE"}}, {"type": "Feature", "geometry": {"type": "LineString", "coordinates": [[9.2886, 71.6818], [9.2881, 71.6756]]}, "properties": {"Layer": "P-CINTA_MODIFICADA", "block": "ARQ-PLANTA_ACTUAL$0$HOMBRE"}}, {"type": "Feature", "geometry": {"type": "LineString", "coordinates": [[9.2782, 71.6643], [9.2743, 71.6619]]}, "properties": {"Layer": "P-CINTA_MODIFICADA", "block": "ARQ-PLANTA_ACTUAL$0$HOMBRE"}}, {"type": "Feature", "geometry": {"type": "LineString", "coordinates": [[9.2815, 71.6735], [9.2767, 71.6758]]}, "properties": {"Layer": "P-CINTA_MODIFICADA", "block": "ARQ-PLANTA_ACTUAL$0$HOMBRE"}}, {"type": "Feature", "geometry": {"type": "LineString", "coordinates": [[9.268, 71.6617], [9.2606, 71.6615]]}, "properties": {"Layer": "P-CINTA_MODIFICADA", "block": "ARQ-PLANTA_ACTUAL$0$HOMBRE"}}, {"type": "Feature", "geometry": {"type": "LineString", "coordinates": [[9.2689, 71.6779], [9.2629, 71.6777]]}, "properties": {"Layer": "P-CINTA_MODIFICADA", "block": "ARQ-PLANTA_ACTUAL$0$HOMBRE"}}, {"type": "Feature", "geometry": {"type": "LineString", "coordinates": [[9.3212, 71.5348], [9.3254, 71.5368]]}, "properties": {"Layer": "P-CINTA_MODIFICADA", "block": "ARQ-PLANTA_ACTUAL$0$HOMBRE"}}, {"type": "Feature", "geometry": {"type": "LineString", "coordinates": [[9.3165, 71.527], [9.3212, 71.5348]]}, "properties": {"Layer": "P-CINTA_MODIFICADA", "block": "ARQ-PLANTA_ACTUAL$0$HOMBRE"}}, {"type": "Feature", "geometry": {"type": "LineString", "coordinates": [[9.3116, 71.5226], [9.3165, 71.527]]}, "properties": {"Layer": "P-CINTA_MODIFICADA", "block": "ARQ-PLANTA_ACTUAL$0$HOMBRE"}}, {"type": "Feature", "geometry": {"type": "LineString", "coordinates": [[9.3003, 71.5188], [9.3116, 71.5226]]}, "properties": {"Layer": "P-CINTA_MODIFICADA", "block": "ARQ-PLANTA_ACTUAL$0$HOMBRE"}}, {"type": "Feature", "geometry": {"type": "LineString", "coordinates": [[9.2926, 71.5196], [9.3003, 71.5188]]}, "properties": {"Layer": "P-CINTA_MODIFICADA", "block": "ARQ-PLANTA_ACTUAL$0$HOMBRE"}}, {"type": "Feature", "geometry": {"type": "LineString", "coordinates": [[9.2864, 71.5223], [9.2926, 71.5196]]}, "properties": {"Layer": "P-CINTA_MODIFICADA", "block": "ARQ-PLANTA_ACTUAL$0$HOMBRE"}}, {"type": "Feature", "geometry": {"type": "LineString", "coordinates": [[9.3251, 71.4992], [9.3258, 71.5008]]}, "properties": {"Layer": "P-CINTA_MODIFICADA", "block": "ARQ-PLANTA_ACTUAL$0$HOMBRE"}}, {"type": "Feature", "geometry": {"type": "LineString", "coordinates": [[9.3236, 71.4966], [9.3234, 71.4999]]}, "properties": {"Layer": "P-CINTA_MODIFICADA", "block": "ARQ-PLANTA_ACTUAL$0$HOMBRE"}}, {"type": "Feature", "geometry": {"type": "LineString", "coordinates": [[9.3252, 71.4977], [9.3251, 71.4992]]}, "properties": {"Layer": "P-CINTA_MODIFICADA", "block": "ARQ-PLANTA_ACTUAL$0$HOMBRE"}}, {"type": "Feature", "geometry": {"type": "LineString", "coordinates": [[9.3252, 71.4964], [9.3252, 71.4977]]}, "properties": {"Layer": "P-CINTA_MODIFICADA", "block": "ARQ-PLANTA_ACTUAL$0$HOMBRE"}}, {"type": "Feature", "geometry": {"type": "LineString", "coordinates": [[9.3257, 71.4939], [9.3252, 71.4964]]}, "properties": {"Layer": "P-CINTA_MODIFICADA", "block": "ARQ-PLANTA_ACTUAL$0$HOMBRE"}}, {"type": "Feature", "geometry": {"type": "LineString", "coordinates": [[9.3229, 71.4997], [9.3286, 71.5018]]}, "properties": {"Layer": "P-CINTA_MODIFICADA", "block": "ARQ-PLANTA_ACTUAL$0$HOMBRE"}}, {"type": "Feature", "geometry": {"type": "LineString", "coordinates": [[9.2765, 71.5257], [9.2864, 71.5223]]}, "properties": {"Layer": "P-CINTA_MODIFICADA", "block": "ARQ-PLANTA_ACTUAL$0$HOMBRE"}}, {"type": "Feature", "geometry": {"type": "LineString", "coordinates": [[9.2676, 71.5315], [9.2765, 71.5257]]}, "properties": {"Layer": "P-CINTA_MODIFICADA", "block": "ARQ-PLANTA_ACTUAL$0$HOMBRE"}}, {"type": "Feature", "geometry": {"type": "LineString", "coordinates": [[9.2364, 71.5807], [9.2473, 71.5588]]}, "properties": {"Layer": "P-CINTA_MODIFICADA", "block": "ARQ-PLANTA_ACTUAL$0$HOMBRE"}}, {"type": "Feature", "geometry": {"type": "LineString", "coordinates": [[9.2579, 71.5429], [9.2612, 71.5388]]}, "properties": {"Layer": "P-CINTA_MODIFICADA", "block": "ARQ-PLANTA_ACTUAL$0$HOMBRE"}}, {"type": "Feature", "geometry": {"type": "LineString", "coordinates": [[9.2639, 71.536], [9.2612, 71.5388]]}, "properties": {"Layer": "P-CINTA_MODIFICADA", "block": "ARQ-PLANTA_ACTUAL$0$HOMBRE"}}, {"type": "Feature", "geometry": {"type": "LineString", "coordinates": [[9.2473, 71.5588], [9.2579, 71.5429]]}, "properties": {"Layer": "P-CINTA_MODIFICADA", "block": "ARQ-PLANTA_ACTUAL$0$HOMBRE"}}, {"type": "Feature", "geometry": {"type": "LineString", "coordinates": [[9.2239, 71.5934], [9.2364, 71.5807]]}, "properties": {"Layer": "P-CINTA_MODIFICADA", "block": "ARQ-PLANTA_ACTUAL$0$HOMBRE"}}, {"type": "Feature", "geometry": {"type": "LineString", "coordinates": [[9.268, 71.5309], [9.2639, 71.536]]}, "properties": {"Layer": "P-CINTA_MODIFICADA", "block": "ARQ-PLANTA_ACTUAL$0$HOMBRE"}}, {"type": "Feature", "geometry": {"type": "LineString", "coordinates": [[9.3199, 71.4947], [9.3198, 71.4954]]}, "properties": {"Layer": "P-CINTA_MODIFICADA", "block": "ARQ-PLANTA_ACTUAL$0$HOMBRE"}}, {"type": "Feature", "geometry": {"type": "LineString", "coordinates": [[9.3296, 71.4882], [9.3277, 71.4898]]}, "properties": {"Layer": "P-CINTA_MODIFICADA", "block": "ARQ-PLANTA_ACTUAL$0$HOMBRE"}}, {"type": "Feature", "geometry": {"type": "LineString", "coordinates": [[9.3258, 71.4898], [9.3246, 71.4926]]}, "properties": {"Layer": "P-CINTA_MODIFICADA", "block": "ARQ-PLANTA_ACTUAL$0$HOMBRE"}}, {"type": "Feature", "geometry": {"type": "LineString", "coordinates": [[9.3287, 71.4848], [9.3258, 71.4898]]}, "properties": {"Layer": "P-CINTA_MODIFICADA", "block": "ARQ-PLANTA_ACTUAL$0$HOMBRE"}}, {"type": "Feature", "geometry": {"type": "LineString", "coordinates": [[9.32, 71.4924], [9.3199, 71.4947]]}, "properties": {"Layer": "P-CINTA_MODIFICADA", "block": "ARQ-PLANTA_ACTUAL$0$HOMBRE"}}, {"type": "Feature", "geometry": {"type": "LineString", "coordinates": [[9.3205, 71.4893], [9.32, 71.4924]]}, "properties": {"Layer": "P-CINTA_MODIFICADA", "block": "ARQ-PLANTA_ACTUAL$0$HOMBRE"}}, {"type": "Feature", "geometry": {"type": "LineString", "coordinates": [[9.3216, 71.4864], [9.3205, 71.4893]]}, "properties": {"Layer": "P-CINTA_MODIFICADA", "block": "ARQ-PLANTA_ACTUAL$0$HOMBRE"}}, {"type": "Feature", "geometry": {"type": "LineString", "coordinates": [[9.3235, 71.4832], [9.3216, 71.4864]]}, "properties": {"Layer": "P-CINTA_MODIFICADA", "block": "ARQ-PLANTA_ACTUAL$0$HOMBRE"}}, {"type": "Feature", "geometry": {"type": "LineString", "coordinates": [[9.325, 71.4814], [9.3235, 71.4832]]}, "properties": {"Layer": "P-CINTA_MODIFICADA", "block": "ARQ-PLANTA_ACTUAL$0$HOMBRE"}}, {"type": "Feature", "geometry": {"type": "LineString", "coordinates": [[9.327, 71.4785], [9.325, 71.4814]]}, "properties": {"Layer": "P-CINTA_MODIFICADA", "block": "ARQ-PLANTA_ACTUAL$0$HOMBRE"}}, {"type": "Feature", "geometry": {"type": "LineString", "coordinates": [[9.2994, 71.4881], [9.3153, 71.4699]]}, "properties": {"Layer": "P-CINTA_MODIFICADA", "block": "ARQ-PLANTA_ACTUAL$0$HOMBRE"}}, {"type": "Feature", "geometry": {"type": "LineString", "coordinates": [[9.2838, 71.5085], [9.2994, 71.4881]]}, "properties": {"Layer": "P-CINTA_MODIFICADA", "block": "ARQ-PLANTA_ACTUAL$0$HOMBRE"}}, {"type": "Feature", "geometry": {"type": "LineString", "coordinates": [[9.2838, 71.5085], [9.28, 71.5171]]}, "properties": {"Layer": "P-CINTA_MODIFICADA", "block": "ARQ-PLANTA_ACTUAL$0$HOMBRE"}}, {"type": "Feature", "geometry": {"type": "LineString", "coordinates": [[9.3153, 71.4699], [9.3217, 71.4616]]}, "properties": {"Layer": "P-CINTA_MODIFICADA", "block": "ARQ-PLANTA_ACTUAL$0$HOMBRE"}}, {"type": "Feature", "geometry": {"type": "LineString", "coordinates": [[9.28, 71.5171], [9.2746, 71.5269]]}, "properties": {"Layer": "P-CINTA_MODIFICADA", "block": "ARQ-PLANTA_ACTUAL$0$HOMBRE"}}, {"type": "Feature", "geometry": {"type": "LineString", "coordinates": [[9.3277, 71.4898], [9.3257, 71.4939]]}, "properties": {"Layer": "P-CINTA_MODIFICADA", "block": "ARQ-PLANTA_ACTUAL$0$HOMBRE"}}, {"type": "Feature", "geometry": {"type": "LineString", "coordinates": [[9.3246, 71.4926], [9.3236, 71.4966]]}, "properties": {"Layer": "P-CINTA_MODIFICADA", "block": "ARQ-PLANTA_ACTUAL$0$HOMBRE"}}, {"type": "Feature", "geometry": {"type": "LineString", "coordinates": [[9.3063, 71.952], [9.3148, 71.9611]]}, "properties": {"Layer": "P-CINTA_MODIFICADA", "block": "ARQ-PLANTA_ACTUAL$0$HOMBRE"}}, {"type": "Feature", "geometry": {"type": "LineString", "coordinates": [[9.2894, 71.9358], [9.3063, 71.952]]}, "properties": {"Layer": "P-CINTA_MODIFICADA", "block": "ARQ-PLANTA_ACTUAL$0$HOMBRE"}}, {"type": "Feature", "geometry": {"type": "LineString", "coordinates": [[9.2894, 71.9358], [9.2959, 71.9482]]}, "properties": {"Layer": "P-CINTA_MODIFICADA", "block": "ARQ-PLANTA_ACTUAL$0$HOMBRE"}}, {"type": "Feature", "geometry": {"type": "LineString", "coordinates": [[9.307, 71.7863], [9.3171, 71.7959]]}, "properties": {"Layer": "P-CINTA_MODIFICADA", "block": "ARQ-PLANTA_ACTUAL$0$HOMBRE"}}, {"type": "Feature", "geometry": {"type": "LineString", "coordinates": [[9.2982, 71.8336], [9.2933, 71.8536]]}, "properties": {"Layer": "P-CINTA_MODIFICADA", "block": "ARQ-PLANTA_ACTUAL$0$HOMBRE"}}, {"type": "Feature", "geometry": {"type": "LineString", "coordinates": [[9.2933, 71.8536], [9.2864, 71.8893]]}, "properties": {"Layer": "P-CINTA_MODIFICADA", "block": "ARQ-PLANTA_ACTUAL$0$HOMBRE"}}, {"type": "Feature", "geometry": {"type": "LineString", "coordinates": [[9.2721, 71.8226], [9.2593, 71.8284]]}, "properties": {"Layer": "P-CINTA_MODIFICADA", "block": "ARQ-PLANTA_ACTUAL$0$HOMBRE"}}, {"type": "Feature", "geometry": {"type": "LineString", "coordinates": [[9.289, 71.8158], [9.2784, 71.8207]]}, "properties": {"Layer": "P-CINTA_MODIFICADA", "block": "ARQ-PLANTA_ACTUAL$0$HOMBRE"}}, {"type": "Feature", "geometry": {"type": "LineString", "coordinates": [[9.2784, 71.8207], [9.2721, 71.8226]]}, "properties": {"Layer": "P-CINTA_MODIFICADA", "block": "ARQ-PLANTA_ACTUAL$0$HOMBRE"}}, {"type": "Feature", "geometry": {"type": "LineString", "coordinates": [[9.2593, 71.8284], [9.2497, 71.8334]]}, "properties": {"Layer": "P-CINTA_MODIFICADA", "block": "ARQ-PLANTA_ACTUAL$0$HOMBRE"}}, {"type": "Feature", "geometry": {"type": "LineString", "coordinates": [[9.2617, 71.9261], [9.2894, 71.9358]]}, "properties": {"Layer": "P-CINTA_MODIFICADA", "block": "ARQ-PLANTA_ACTUAL$0$HOMBRE"}}, {"type": "Feature", "geometry": {"type": "LineString", "coordinates": [[9.2864, 71.8893], [9.2894, 71.9358]]}, "properties": {"Layer": "P-CINTA_MODIFICADA", "block": "ARQ-PLANTA_ACTUAL$0$HOMBRE"}}, {"type": "Feature", "geometry": {"type": "LineString", "coordinates": [[9.2959, 71.9482], [9.3063, 71.952]]}, "properties": {"Layer": "P-CINTA_MODIFICADA", "block": "ARQ-PLANTA_ACTUAL$0$HOMBRE"}}, {"type": "Feature", "geometry": {"type": "LineString", "coordinates": [[9.6288, 71.7032], [9.6314, 71.7107]]}, "properties": {"Layer": "P-CINTA_MODIFICADA", "block": "ARQ-PLANTA_ACTUAL$0$HOMBRE"}}, {"type": "Feature", "geometry": {"type": "LineString", "coordinates": [[9.6618, 71.675], [9.642, 71.6263]]}, "properties": {"Layer": "P-CINTA_MODIFICADA", "block": "ARQ-PLANTA_ACTUAL$0$HOMBRE"}}, {"type": "Feature", "geometry": {"type": "LineString", "coordinates": [[9.5645, 71.66], [9.5318, 71.5768]]}, "properties": {"Layer": "P-CINTA_MODIFICADA", "block": "ARQ-PLANTA_ACTUAL$0$HOMBRE"}}, {"type": "Feature", "geometry": {"type": "LineString", "coordinates": [[9.5785, 71.6856], [9.5802, 71.6868]]}, "properties": {"Layer": "P-CINTA_MODIFICADA", "block": "ARQ-PLANTA_ACTUAL$0$HOMBRE"}}, {"type": "Feature", "geometry": {"type": "LineString", "coordinates": [[9.5802, 71.6868], [9.5826, 71.6881]]}, "properties": {"Layer": "P-CINTA_MODIFICADA", "block": "ARQ-PLANTA_ACTUAL$0$HOMBRE"}}, {"type": "Feature", "geometry": {"type": "LineString", "coordinates": [[9.5826, 71.6881], [9.5861, 71.6882]]}, "properties": {"Layer": "P-CINTA_MODIFICADA", "block": "ARQ-PLANTA_ACTUAL$0$HOMBRE"}}, {"type": "Feature", "geometry": {"type": "LineString", "coordinates": [[9.5861, 71.6882], [9.5921, 71.6884]]}, "properties": {"Layer": "P-CINTA_MODIFICADA", "block": "ARQ-PLANTA_ACTUAL$0$HOMBRE"}}, {"type": "Feature", "geometry": {"type": "LineString", "coordinates": [[9.5818, 71.6719], [9.588, 71.6721]]}, "properties": {"Layer": "P-CINTA_MODIFICADA", "block": "ARQ-PLANTA_ACTUAL$0$HOMBRE"}}, {"type": "Feature", "geometry": {"type": "LineString", "coordinates": [[9.588, 71.6721], [9.5955, 71.6724]]}, "properties": {"Layer": "P-CINTA_MODIFICADA", "block": "ARQ-PLANTA_ACTUAL$0$HOMBRE"}}, {"type": "Feature", "geometry": {"type": "LineString", "coordinates": [[9.5662, 71.6909], [9.5671, 71.6846]]}, "properties": {"Layer": "P-CINTA_MODIFICADA", "block": "ARQ-PLANTA_ACTUAL$0$HOMBRE"}}, {"type": "Feature", "geometry": {"type": "LineString", "coordinates": [[9.5645, 71.6605], [9.5646, 71.6591]]}, "properties": {"Layer": "P-CINTA_MODIFICADA", "block": "ARQ-PLANTA_ACTUAL$0$HOMBRE"}}, {"type": "Feature", "geometry": {"type": "LineString", "coordinates": [[9.5649, 71.6643], [9.5645, 71.6605]]}, "properties": {"Layer": "P-CINTA_MODIFICADA", "block": "ARQ-PLANTA_ACTUAL$0$HOMBRE"}}, {"type": "Feature", "geometry": {"type": "LineString", "coordinates": [[9.5673, 71.6717], [9.5649, 71.6643]]}, "properties": {"Layer": "P-CINTA_MODIFICADA", "block": "ARQ-PLANTA_ACTUAL$0$HOMBRE"}}, {"type": "Feature", "geometry": {"type": "LineString", "coordinates": [[9.5678, 71.6755], [9.5673, 71.6717]]}, "properties": {"Layer": "P-CINTA_MODIFICADA", "block": "ARQ-PLANTA_ACTUAL$0$HOMBRE"}}, {"type": "Feature", "geometry": {"type": "LineString", "coordinates": [[9.5676, 71.6811], [9.5678, 71.6755]]}, "properties": {"Layer": "P-CINTA_MODIFICADA", "block": "ARQ-PLANTA_ACTUAL$0$HOMBRE"}}, {"type": "Feature", "geometry": {"type": "LineString", "coordinates": [[9.5671, 71.6846], [9.5676, 71.6811]]}, "properties": {"Layer": "P-CINTA_MODIFICADA", "block": "ARQ-PLANTA_ACTUAL$0$HOMBRE"}}, {"type": "Feature", "geometry": {"type": "LineString", "coordinates": [[9.5678, 71.6755], [9.5738, 71.683]]}, "properties": {"Layer": "P-CINTA_MODIFICADA", "block": "ARQ-PLANTA_ACTUAL$0$HOMBRE"}}, {"type": "Feature", "geometry": {"type": "LineString", "coordinates": [[9.5678, 71.6755], [9.5777, 71.6741]]}, "properties": {"Layer": "P-CINTA_MODIFICADA", "block": "ARQ-PLANTA_ACTUAL$0$HOMBRE"}}, {"type": "Feature", "geometry": {"type": "LineString", "coordinates": [[9.5738, 71.683], [9.5785, 71.6856]]}, "properties": {"Layer": "P-CINTA_MODIFICADA", "block": "ARQ-PLANTA_ACTUAL$0$HOMBRE"}}, {"type": "Feature", "geometry": {"type": "LineString", "coordinates": [[9.5777, 71.6741], [9.5818, 71.6719]]}, "properties": {"Layer": "P-CINTA_MODIFICADA", "block": "ARQ-PLANTA_ACTUAL$0$HOMBRE"}}, {"type": "Feature", "geometry": {"type": "LineString", "coordinates": [[9.5968, 71.6886], [9.6034, 71.6894]]}, "properties": {"Layer": "P-CINTA_MODIFICADA", "block": "ARQ-PLANTA_ACTUAL$0$HOMBRE"}}, {"type": "Feature", "geometry": {"type": "LineString", "coordinates": [[9.6034, 71.6894], [9.6098, 71.6931]]}, "properties": {"Layer": "P-CINTA_MODIFICADA", "block": "ARQ-PLANTA_ACTUAL$0$HOMBRE"}}, {"type": "Feature", "geometry": {"type": "LineString", "coordinates": [[9.6098, 71.6931], [9.6121, 71.6962]]}, "properties": {"Layer": "P-CINTA_MODIFICADA", "block": "ARQ-PLANTA_ACTUAL$0$HOMBRE"}}, {"type": "Feature", "geometry": {"type": "LineString", "coordinates": [[9.6017, 71.6726], [9.6068, 71.6767]]}, "properties": {"Layer": "P-CINTA_MODIFICADA", "block": "ARQ-PLANTA_ACTUAL$0$HOMBRE"}}, {"type": "Feature", "geometry": {"type": "LineString", "coordinates": [[9.6068, 71.6767], [9.609, 71.6791]]}, "properties": {"Layer": "P-CINTA_MODIFICADA", "block": "ARQ-PLANTA_ACTUAL$0$HOMBRE"}}, {"type": "Feature", "geometry": {"type": "LineString", "coordinates": [[9.609, 71.6791], [9.6168, 71.6834]]}, "properties": {"Layer": "P-CINTA_MODIFICADA", "block": "ARQ-PLANTA_ACTUAL$0$HOMBRE"}}, {"type": "Feature", "geometry": {"type": "LineString", "coordinates": [[9.6168, 71.6834], [9.6212, 71.6886]]}, "properties": {"Layer": "P-CINTA_MODIFICADA", "block": "ARQ-PLANTA_ACTUAL$0$HOMBRE"}}, {"type": "Feature", "geometry": {"type": "LineString", "coordinates": [[9.6212, 71.6886], [9.6251, 71.6939]]}, "properties": {"Layer": "P-CINTA_MODIFICADA", "block": "ARQ-PLANTA_ACTUAL$0$HOMBRE"}}, {"type": "Feature", "geometry": {"type": "LineString", "coordinates": [[9.6251, 71.6939], [9.6288, 71.7032]]}, "properties": {"Layer": "P-CINTA_MODIFICADA", "block": "ARQ-PLANTA_ACTUAL$0$HOMBRE"}}, {"type": "Feature", "geometry": {"type": "LineString", "coordinates": [[9.5921, 71.6884], [9.5968, 71.6886]]}, "properties": {"Layer": "P-CINTA_MODIFICADA", "block": "ARQ-PLANTA_ACTUAL$0$HOMBRE"}}, {"type": "Feature", "geometry": {"type": "LineString", "coordinates": [[9.5955, 71.6724], [9.6017, 71.6726]]}, "properties": {"Layer": "P-CINTA_MODIFICADA", "block": "ARQ-PLANTA_ACTUAL$0$HOMBRE"}}, {"type": "Feature", "geometry": {"type": "LineString", "coordinates": [[9.5165, 71.4648], [9.5217, 71.4689]]}, "properties": {"Layer": "P-CINTA_MODIFICADA", "block": "ARQ-PLANTA_ACTUAL$0$HOMBRE"}}, {"type": "Feature", "geometry": {"type": "LineString", "coordinates": [[9.5165, 71.4648], [9.5153, 71.4661]]}, "properties": {"Layer": "P-CINTA_MODIFICADA", "block": "ARQ-PLANTA_ACTUAL$0$HOMBRE"}}, {"type": "Feature", "geometry": {"type": "LineString", "coordinates": [[9.5153, 71.4661], [9.5151, 71.4681]]}, "properties": {"Layer": "P-CINTA_MODIFICADA", "block": "ARQ-PLANTA_ACTUAL$0$HOMBRE"}}, {"type": "Feature", "geometry": {"type": "LineString", "coordinates": [[9.5359, 71.4628], [9.5265, 71.4594]]}, "properties": {"Layer": "P-CINTA_MODIFICADA", "block": "ARQ-PLANTA_ACTUAL$0$HOMBRE"}}, {"type": "Feature", "geometry": {"type": "LineString", "coordinates": [[9.5265, 71.4594], [9.5176, 71.4581]]}, "properties": {"Layer": "P-CINTA_MODIFICADA", "block": "ARQ-PLANTA_ACTUAL$0$HOMBRE"}}, {"type": "Feature", "geometry": {"type": "LineString", "coordinates": [[9.5176, 71.4581], [9.5142, 71.4599]]}, "properties": {"Layer": "P-CINTA_MODIFICADA", "block": "ARQ-PLANTA_ACTUAL$0$HOMBRE"}}, {"type": "Feature", "geometry": {"type": "LineString", "coordinates": [[9.5142, 71.4599], [9.5141, 71.4623]]}, "properties": {"Layer": "P-CINTA_MODIFICADA", "block": "ARQ-PLANTA_ACTUAL$0$HOMBRE"}}, {"type": "Feature", "geometry": {"type": "LineString", "coordinates": [[9.5141, 71.4623], [9.515, 71.4643]]}, "properties": {"Layer": "P-CINTA_MODIFICADA", "block": "ARQ-PLANTA_ACTUAL$0$HOMBRE"}}, {"type": "Feature", "geometry": {"type": "LineString", "coordinates": [[9.515, 71.4643], [9.5165, 71.4648]]}, "properties": {"Layer": "P-CINTA_MODIFICADA", "block": "ARQ-PLANTA_ACTUAL$0$HOMBRE"}}, {"type": "Feature", "geometry": {"type": "LineString", "coordinates": [[9.5475, 71.469], [9.5359, 71.4628]]}, "properties": {"Layer": "P-CINTA_MODIFICADA", "block": "ARQ-PLANTA_ACTUAL$0$HOMBRE"}}, {"type": "Feature", "geometry": {"type": "LineString", "coordinates": [[9.6154, 71.5707], [9.6058, 71.5542]]}, "properties": {"Layer": "P-CINTA_MODIFICADA", "block": "ARQ-PLANTA_ACTUAL$0$HOMBRE"}}, {"type": "Feature", "geometry": {"type": "LineString", "coordinates": [[9.5252, 71.4703], [9.5282, 71.4708]]}, "properties": {"Layer": "P-CINTA_MODIFICADA", "block": "ARQ-PLANTA_ACTUAL$0$HOMBRE"}}, {"type": "Feature", "geometry": {"type": "LineString", "coordinates": [[9.5282, 71.4708], [9.5306, 71.4718]]}, "properties": {"Layer": "P-CINTA_MODIFICADA", "block": "ARQ-PLANTA_ACTUAL$0$HOMBRE"}}, {"type": "Feature", "geometry": {"type": "LineString", "coordinates": [[9.5152, 71.4684], [9.5171, 71.4701]]}, "properties": {"Layer": "P-CINTA_MODIFICADA", "block": "ARQ-PLANTA_ACTUAL$0$HOMBRE"}}, {"type": "Feature", "geometry": {"type": "LineString", "coordinates": [[9.5171, 71.4701], [9.5202, 71.4714]]}, "properties": {"Layer": "P-CINTA_MODIFICADA", "block": "ARQ-PLANTA_ACTUAL$0$HOMBRE"}}, {"type": "Feature", "geometry": {"type": "LineString", "coordinates": [[9.5202, 71.4714], [9.5227, 71.4719]]}, "properties": {"Layer": "P-CINTA_MODIFICADA", "block": "ARQ-PLANTA_ACTUAL$0$HOMBRE"}}, {"type": "Feature", "geometry": {"type": "LineString", "coordinates": [[9.5171, 71.4701], [9.5161, 71.4714]]}, "properties": {"Layer": "P-CINTA_MODIFICADA", "block": "ARQ-PLANTA_ACTUAL$0$HOMBRE"}}, {"type": "Feature", "geometry": {"type": "LineString", "coordinates": [[9.5249, 71.4895], [9.5262, 71.4904]]}, "properties": {"Layer": "P-CINTA_MODIFICADA", "block": "ARQ-PLANTA_ACTUAL$0$HOMBRE"}}, {"type": "Feature", "geometry": {"type": "LineString", "coordinates": [[9.5262, 71.4904], [9.5268, 71.4924]]}, "properties": {"Layer": "P-CINTA_MODIFICADA", "block": "ARQ-PLANTA_ACTUAL$0$HOMBRE"}}, {"type": "Feature", "geometry": {"type": "LineString", "coordinates": [[9.5268, 71.4924], [9.5282, 71.494]]}, "properties": {"Layer": "P-CINTA_MODIFICADA", "block": "ARQ-PLANTA_ACTUAL$0$HOMBRE"}}, {"type": "Feature", "geometry": {"type": "LineString", "coordinates": [[9.5282, 71.494], [9.5293, 71.4957]]}, "properties": {"Layer": "P-CINTA_MODIFICADA", "block": "ARQ-PLANTA_ACTUAL$0$HOMBRE"}}, {"type": "Feature", "geometry": {"type": "LineString", "coordinates": [[9.5293, 71.4957], [9.5295, 71.4968]]}, "properties": {"Layer": "P-CINTA_MODIFICADA", "block": "ARQ-PLANTA_ACTUAL$0$HOMBRE"}}, {"type": "Feature", "geometry": {"type": "LineString", "coordinates": [[9.5295, 71.4968], [9.5303, 71.499]]}, "properties": {"Layer": "P-CINTA_MODIFICADA", "block": "ARQ-PLANTA_ACTUAL$0$HOMBRE"}}, {"type": "Feature", "geometry": {"type": "LineString", "coordinates": [[9.5361, 71.5079], [9.5372, 71.5082]]}, "properties": {"Layer": "P-CINTA_MODIFICADA", "block": "ARQ-PLANTA_ACTUAL$0$HOMBRE"}}, {"type": "Feature", "geometry": {"type": "LineString", "coordinates": [[9.5372, 71.5082], [9.538, 71.5086]]}, "properties": {"Layer": "P-CINTA_MODIFICADA", "block": "ARQ-PLANTA_ACTUAL$0$HOMBRE"}}, {"type": "Feature", "geometry": {"type": "LineString", "coordinates": [[9.5327, 71.4738], [9.5346, 71.4761]]}, "properties": {"Layer": "P-CINTA_MODIFICADA", "block": "ARQ-PLANTA_ACTUAL$0$HOMBRE"}}, {"type": "Feature", "geometry": {"type": "LineString", "coordinates": [[9.5346, 71.4761], [9.5369, 71.479]]}, "properties": {"Layer": "P-CINTA_MODIFICADA", "block": "ARQ-PLANTA_ACTUAL$0$HOMBRE"}}, {"type": "Feature", "geometry": {"type": "LineString", "coordinates": [[9.5369, 71.479], [9.5369, 71.481]]}, "properties": {"Layer": "P-CINTA_MODIFICADA", "block": "ARQ-PLANTA_ACTUAL$0$HOMBRE"}}, {"type": "Feature", "geometry": {"type": "LineString", "coordinates": [[9.5369, 71.481], [9.5369, 71.481]]}, "properties": {"Layer": "P-CINTA_MODIFICADA", "block": "ARQ-PLANTA_ACTUAL$0$HOMBRE"}}, {"type": "Feature", "geometry": {"type": "LineString", "coordinates": [[9.5369, 71.481], [9.541, 71.4855]]}, "properties": {"Layer": "P-CINTA_MODIFICADA", "block": "ARQ-PLANTA_ACTUAL$0$HOMBRE"}}, {"type": "Feature", "geometry": {"type": "LineString", "coordinates": [[9.5267, 71.4753], [9.5302, 71.4803]]}, "properties": {"Layer": "P-CINTA_MODIFICADA", "block": "ARQ-PLANTA_ACTUAL$0$HOMBRE"}}, {"type": "Feature", "geometry": {"type": "LineString", "coordinates": [[9.5391, 71.4997], [9.5345, 71.4862]]}, "properties": {"Layer": "P-CINTA_MODIFICADA", "block": "ARQ-PLANTA_ACTUAL$0$HOMBRE"}}, {"type": "Feature", "geometry": {"type": "LineString", "coordinates": [[9.5345, 71.4862], [9.539, 71.4916]]}, "properties": {"Layer": "P-CINTA_MODIFICADA", "block": "ARQ-PLANTA_ACTUAL$0$HOMBRE"}}, {"type": "Feature", "geometry": {"type": "LineString", "coordinates": [[9.539, 71.4916], [9.5415, 71.4968]]}, "properties": {"Layer": "P-CINTA_MODIFICADA", "block": "ARQ-PLANTA_ACTUAL$0$HOMBRE"}}, {"type": "Feature", "geometry": {"type": "LineString", "coordinates": [[9.516, 71.4725], [9.5171, 71.4735]]}, "properties": {"Layer": "P-CINTA_MODIFICADA", "block": "ARQ-PLANTA_ACTUAL$0$HOMBRE"}}, {"type": "Feature", "geometry": {"type": "LineString", "coordinates": [[9.5171, 71.4735], [9.5188, 71.4749]]}, "properties": {"Layer": "P-CINTA_MODIFICADA", "block": "ARQ-PLANTA_ACTUAL$0$HOMBRE"}}, {"type": "Feature", "geometry": {"type": "LineString", "coordinates": [[9.5188, 71.4749], [9.5206, 71.4753]]}, "properties": {"Layer": "P-CINTA_MODIFICADA", "block": "ARQ-PLANTA_ACTUAL$0$HOMBRE"}}, {"type": "Feature", "geometry": {"type": "LineString", "coordinates": [[9.5206, 71.4753], [9.5231, 71.477]]}, "properties": {"Layer": "P-CINTA_MODIFICADA", "block": "ARQ-PLANTA_ACTUAL$0$HOMBRE"}}, {"type": "Feature", "geometry": {"type": "LineString", "coordinates": [[9.5231, 71.477], [9.5252, 71.4786]]}, "properties": {"Layer": "P-CINTA_MODIFICADA", "block": "ARQ-PLANTA_ACTUAL$0$HOMBRE"}}, {"type": "Feature", "geometry": {"type": "LineString", "coordinates": [[9.5252, 71.4786], [9.5279, 71.4804]]}, "properties": {"Layer": "P-CINTA_MODIFICADA", "block": "ARQ-PLANTA_ACTUAL$0$HOMBRE"}}, {"type": "Feature", "geometry": {"type": "LineString", "coordinates": [[9.5279, 71.4804], [9.5304, 71.4833]]}, "properties": {"Layer": "P-CINTA_MODIFICADA", "block": "ARQ-PLANTA_ACTUAL$0$HOMBRE"}}, {"type": "Feature", "geometry": {"type": "LineString", "coordinates": [[9.5304, 71.4833], [9.5325, 71.4872]]}, "properties": {"Layer": "P-CINTA_MODIFICADA", "block": "ARQ-PLANTA_ACTUAL$0$HOMBRE"}}, {"type": "Feature", "geometry": {"type": "LineString", "coordinates": [[9.5325, 71.4872], [9.5351, 71.4915]]}, "properties": {"Layer": "P-CINTA_MODIFICADA", "block": "ARQ-PLANTA_ACTUAL$0$HOMBRE"}}, {"type": "Feature", "geometry": {"type": "LineString", "coordinates": [[9.5351, 71.4915], [9.5379, 71.495]]}, "properties": {"Layer": "P-CINTA_MODIFICADA", "block": "ARQ-PLANTA_ACTUAL$0$HOMBRE"}}, {"type": "Feature", "geometry": {"type": "LineString", "coordinates": [[9.5379, 71.495], [9.5397, 71.4967]]}, "properties": {"Layer": "P-CINTA_MODIFICADA", "block": "ARQ-PLANTA_ACTUAL$0$HOMBRE"}}, {"type": "Feature", "geometry": {"type": "LineString", "coordinates": [[9.5397, 71.4967], [9.5414, 71.5009]]}, "properties": {"Layer": "P-CINTA_MODIFICADA", "block": "ARQ-PLANTA_ACTUAL$0$HOMBRE"}}, {"type": "Feature", "geometry": {"type": "LineString", "coordinates": [[9.5306, 71.4718], [9.5327, 71.4738]]}, "properties": {"Layer": "P-CINTA_MODIFICADA", "block": "ARQ-PLANTA_ACTUAL$0$HOMBRE"}}, {"type": "Feature", "geometry": {"type": "LineString", "coordinates": [[9.5227, 71.4719], [9.5267, 71.4753]]}, "properties": {"Layer": "P-CINTA_MODIFICADA", "block": "ARQ-PLANTA_ACTUAL$0$HOMBRE"}}, {"type": "Feature", "geometry": {"type": "LineString", "coordinates": [[9.5161, 71.4714], [9.516, 71.4725]]}, "properties": {"Layer": "P-CINTA_MODIFICADA", "block": "ARQ-PLANTA_ACTUAL$0$HOMBRE"}}, {"type": "Feature", "geometry": {"type": "LineString", "coordinates": [[9.568, 71.4968], [9.5533, 71.4776]]}, "properties": {"Layer": "P-CINTA_MODIFICADA", "block": "ARQ-PLANTA_ACTUAL$0$HOMBRE"}}, {"type": "Feature", "geometry": {"type": "LineString", "coordinates": [[9.5651, 71.5274], [9.5536, 71.5304]]}, "properties": {"Layer": "P-CINTA_MODIFICADA", "block": "ARQ-PLANTA_ACTUAL$0$HOMBRE"}}, {"type": "Feature", "geometry": {"type": "LineString", "coordinates": [[9.5969, 71.5422], [9.5884, 71.5358]]}, "properties": {"Layer": "P-CINTA_MODIFICADA", "block": "ARQ-PLANTA_ACTUAL$0$HOMBRE"}}, {"type": "Feature", "geometry": {"type": "LineString", "coordinates": [[9.5855, 71.527], [9.5902, 71.5372]]}, "properties": {"Layer": "P-CINTA_MODIFICADA", "block": "ARQ-PLANTA_ACTUAL$0$HOMBRE"}}, {"type": "Feature", "geometry": {"type": "LineString", "coordinates": [[9.5822, 71.5182], [9.568, 71.4968]]}, "properties": {"Layer": "P-CINTA_MODIFICADA", "block": "ARQ-PLANTA_ACTUAL$0$HOMBRE"}}, {"type": "Feature", "geometry": {"type": "LineString", "coordinates": [[9.5787, 71.5318], [9.5727, 71.5287]]}, "properties": {"Layer": "P-CINTA_MODIFICADA", "block": "ARQ-PLANTA_ACTUAL$0$HOMBRE"}}, {"type": "Feature", "geometry": {"type": "LineString", "coordinates": [[9.5727, 71.5287], [9.5651, 71.5274]]}, "properties": {"Layer": "P-CINTA_MODIFICADA", "block": "ARQ-PLANTA_ACTUAL$0$HOMBRE"}}, {"type": "Feature", "geometry": {"type": "LineString", "coordinates": [[9.5822, 71.5182], [9.5855, 71.527]]}, "properties": {"Layer": "P-CINTA_MODIFICADA", "block": "ARQ-PLANTA_ACTUAL$0$HOMBRE"}}, {"type": "Feature", "geometry": {"type": "LineString", "coordinates": [[9.5884, 71.5358], [9.5787, 71.5318]]}, "properties": {"Layer": "P-CINTA_MODIFICADA", "block": "ARQ-PLANTA_ACTUAL$0$HOMBRE"}}, {"type": "Feature", "geometry": {"type": "LineString", "coordinates": [[9.5429, 71.4885], [9.5443, 71.4904]]}, "properties": {"Layer": "P-CINTA_MODIFICADA", "block": "ARQ-PLANTA_ACTUAL$0$HOMBRE"}}, {"type": "Feature", "geometry": {"type": "LineString", "coordinates": [[9.5443, 71.4904], [9.546, 71.4937]]}, "properties": {"Layer": "P-CINTA_MODIFICADA", "block": "ARQ-PLANTA_ACTUAL$0$HOMBRE"}}, {"type": "Feature", "geometry": {"type": "LineString", "coordinates": [[9.546, 71.4937], [9.5469, 71.4967]]}, "properties": {"Layer": "P-CINTA_MODIFICADA", "block": "ARQ-PLANTA_ACTUAL$0$HOMBRE"}}, {"type": "Feature", "geometry": {"type": "LineString", "coordinates": [[9.5469, 71.4967], [9.5472, 71.4998]]}, "properties": {"Layer": "P-CINTA_MODIFICADA", "block": "ARQ-PLANTA_ACTUAL$0$HOMBRE"}}, {"type": "Feature", "geometry": {"type": "LineString", "coordinates": [[9.5472, 71.4998], [9.5471, 71.5021]]}, "properties": {"Layer": "P-CINTA_MODIFICADA", "block": "ARQ-PLANTA_ACTUAL$0$HOMBRE"}}, {"type": "Feature", "geometry": {"type": "LineString", "coordinates": [[9.5426, 71.4997], [9.5433, 71.5038]]}, "properties": {"Layer": "P-CINTA_MODIFICADA", "block": "ARQ-PLANTA_ACTUAL$0$HOMBRE"}}, {"type": "Feature", "geometry": {"type": "LineString", "coordinates": [[9.5417, 71.5034], [9.5417, 71.5047]]}, "properties": {"Layer": "P-CINTA_MODIFICADA", "block": "ARQ-PLANTA_ACTUAL$0$HOMBRE"}}, {"type": "Feature", "geometry": {"type": "LineString", "coordinates": [[9.5417, 71.5047], [9.5416, 71.5063]]}, "properties": {"Layer": "P-CINTA_MODIFICADA", "block": "ARQ-PLANTA_ACTUAL$0$HOMBRE"}}, {"type": "Feature", "geometry": {"type": "LineString", "coordinates": [[9.5433, 71.5038], [9.5433, 71.5071]]}, "properties": {"Layer": "P-CINTA_MODIFICADA", "block": "ARQ-PLANTA_ACTUAL$0$HOMBRE"}}, {"type": "Feature", "geometry": {"type": "LineString", "coordinates": [[9.5471, 71.5021], [9.5472, 71.5028]]}, "properties": {"Layer": "P-CINTA_MODIFICADA", "block": "ARQ-PLANTA_ACTUAL$0$HOMBRE"}}, {"type": "Feature", "geometry": {"type": "LineString", "coordinates": [[9.5438, 71.5069], [9.538, 71.5086]]}, "properties": {"Layer": "P-CINTA_MODIFICADA", "block": "ARQ-PLANTA_ACTUAL$0$HOMBRE"}}, {"type": "Feature", "geometry": {"type": "LineString", "coordinates": [[9.541, 71.4855], [9.5429, 71.4885]]}, "properties": {"Layer": "P-CINTA_MODIFICADA", "block": "ARQ-PLANTA_ACTUAL$0$HOMBRE"}}, {"type": "Feature", "geometry": {"type": "LineString", "coordinates": [[9.5415, 71.4968], [9.5426, 71.4997]]}, "properties": {"Layer": "P-CINTA_MODIFICADA", "block": "ARQ-PLANTA_ACTUAL$0$HOMBRE"}}, {"type": "Feature", "geometry": {"type": "LineString", "coordinates": [[9.5414, 71.5009], [9.5417, 71.5034]]}, "properties": {"Layer": "P-CINTA_MODIFICADA", "block": "ARQ-PLANTA_ACTUAL$0$HOMBRE"}}, {"type": "Feature", "geometry": {"type": "LineString", "coordinates": [[9.5416, 71.5063], [9.5408, 71.5078]]}, "properties": {"Layer": "P-CINTA_MODIFICADA", "block": "ARQ-PLANTA_ACTUAL$0$HOMBRE"}}, {"type": "Feature", "geometry": {"type": "LineString", "coordinates": [[9.6058, 71.5542], [9.6028, 71.5499]]}, "properties": {"Layer": "P-CINTA_MODIFICADA", "block": "ARQ-PLANTA_ACTUAL$0$HOMBRE"}}, {"type": "Feature", "geometry": {"type": "LineString", "coordinates": [[9.6003, 71.5469], [9.6028, 71.5499]]}, "properties": {"Layer": "P-CINTA_MODIFICADA", "block": "ARQ-PLANTA_ACTUAL$0$HOMBRE"}}, {"type": "Feature", "geometry": {"type": "LineString", "coordinates": [[9.5965, 71.5416], [9.6003, 71.5469]]}, "properties": {"Layer": "P-CINTA_MODIFICADA", "block": "ARQ-PLANTA_ACTUAL$0$HOMBRE"}}, {"type": "Feature", "geometry": {"type": "LineString", "coordinates": [[9.6248, 71.5933], [9.6154, 71.5707]]}, "properties": {"Layer": "P-CINTA_MODIFICADA", "block": "ARQ-PLANTA_ACTUAL$0$HOMBRE"}}, {"type": "Feature", "geometry": {"type": "LineString", "coordinates": [[9.6365, 71.6069], [9.6248, 71.5933]]}, "properties": {"Layer": "P-CINTA_MODIFICADA", "block": "ARQ-PLANTA_ACTUAL$0$HOMBRE"}}, {"type": "Feature", "geometry": {"type": "LineString", "coordinates": [[9.642, 71.6263], [9.6365, 71.6069]]}, "properties": {"Layer": "P-CINTA_MODIFICADA", "block": "ARQ-PLANTA_ACTUAL$0$HOMBRE"}}, {"type": "Feature", "geometry": {"type": "LineString", "coordinates": [[9.5205, 71.4874], [9.5157, 71.4897]]}, "properties": {"Layer": "P-CINTA_MODIFICADA", "block": "ARQ-PLANTA_ACTUAL$0$HOMBRE"}}, {"type": "Feature", "geometry": {"type": "LineString", "coordinates": [[9.5157, 71.4897], [9.5154, 71.4973]]}, "properties": {"Layer": "P-CINTA_MODIFICADA", "block": "ARQ-PLANTA_ACTUAL$0$HOMBRE"}}, {"type": "Feature", "geometry": {"type": "LineString", "coordinates": [[9.5311, 71.5013], [9.5318, 71.5035]]}, "properties": {"Layer": "P-CINTA_MODIFICADA", "block": "ARQ-PLANTA_ACTUAL$0$HOMBRE"}}, {"type": "Feature", "geometry": {"type": "LineString", "coordinates": [[9.5318, 71.5035], [9.5326, 71.5054]]}, "properties": {"Layer": "P-CINTA_MODIFICADA", "block": "ARQ-PLANTA_ACTUAL$0$HOMBRE"}}, {"type": "Feature", "geometry": {"type": "LineString", "coordinates": [[9.5326, 71.5054], [9.5334, 71.5064]]}, "properties": {"Layer": "P-CINTA_MODIFICADA", "block": "ARQ-PLANTA_ACTUAL$0$HOMBRE"}}, {"type": "Feature", "geometry": {"type": "LineString", "coordinates": [[9.5334, 71.5064], [9.5347, 71.5075]]}, "properties": {"Layer": "P-CINTA_MODIFICADA", "block": "ARQ-PLANTA_ACTUAL$0$HOMBRE"}}, {"type": "Feature", "geometry": {"type": "LineString", "coordinates": [[9.5485, 71.5345], [9.5432, 71.542]]}, "properties": {"Layer": "P-CINTA_MODIFICADA", "block": "ARQ-PLANTA_ACTUAL$0$HOMBRE"}}, {"type": "Feature", "geometry": {"type": "LineString", "coordinates": [[9.5432, 71.542], [9.5389, 71.5437]]}, "properties": {"Layer": "P-CINTA_MODIFICADA", "block": "ARQ-PLANTA_ACTUAL$0$HOMBRE"}}, {"type": "Feature", "geometry": {"type": "LineString", "coordinates": [[9.3519, 71.4648], [9.3488, 71.4658]]}, "properties": {"Layer": "P-CINTA_MODIFICADA", "block": "ARQ-PLANTA_ACTUAL$0$HOMBRE"}}, {"type": "Feature", "geometry": {"type": "LineString", "coordinates": [[9.3529, 71.4595], [9.3475, 71.4632]]}, "properties": {"Layer": "P-CINTA_MODIFICADA", "block": "ARQ-PLANTA_ACTUAL$0$HOMBRE"}}, {"type": "Feature", "geometry": {"type": "LineString", "coordinates": [[9.3433, 71.4535], [9.3522, 71.4527]]}, "properties": {"Layer": "P-CINTA_MODIFICADA", "block": "ARQ-PLANTA_ACTUAL$0$HOMBRE"}}, {"type": "Feature", "geometry": {"type": "LineString", "coordinates": [[9.3529, 71.4661], [9.3528, 71.4672]]}, "properties": {"Layer": "P-CINTA_MODIFICADA", "block": "ARQ-PLANTA_ACTUAL$0$HOMBRE"}}, {"type": "Feature", "geometry": {"type": "LineString", "coordinates": [[9.3305, 71.5012], [9.3294, 71.5015]]}, "properties": {"Layer": "P-CINTA_MODIFICADA", "block": "ARQ-PLANTA_ACTUAL$0$HOMBRE"}}, {"type": "Feature", "geometry": {"type": "LineString", "coordinates": [[9.332, 71.5009], [9.3305, 71.5012]]}, "properties": {"Layer": "P-CINTA_MODIFICADA", "block": "ARQ-PLANTA_ACTUAL$0$HOMBRE"}}, {"type": "Feature", "geometry": {"type": "LineString", "coordinates": [[9.3333, 71.4999], [9.332, 71.5009]]}, "properties": {"Layer": "P-CINTA_MODIFICADA", "block": "ARQ-PLANTA_ACTUAL$0$HOMBRE"}}, {"type": "Feature", "geometry": {"type": "LineString", "coordinates": [[9.3341, 71.499], [9.3333, 71.4999]]}, "properties": {"Layer": "P-CINTA_MODIFICADA", "block": "ARQ-PLANTA_ACTUAL$0$HOMBRE"}}, {"type": "Feature", "geometry": {"type": "LineString", "coordinates": [[9.3351, 71.4971], [9.3341, 71.499]]}, "properties": {"Layer": "P-CINTA_MODIFICADA", "block": "ARQ-PLANTA_ACTUAL$0$HOMBRE"}}, {"type": "Feature", "geometry": {"type": "LineString", "coordinates": [[9.336, 71.4949], [9.3351, 71.4971]]}, "properties": {"Layer": "P-CINTA_MODIFICADA", "block": "ARQ-PLANTA_ACTUAL$0$HOMBRE"}}, {"type": "Feature", "geometry": {"type": "LineString", "coordinates": [[9.3369, 71.4927], [9.336, 71.4949]]}, "properties": {"Layer": "P-CINTA_MODIFICADA", "block": "ARQ-PLANTA_ACTUAL$0$HOMBRE"}}, {"type": "Feature", "geometry": {"type": "LineString", "coordinates": [[9.3378, 71.4906], [9.3369, 71.4927]]}, "properties": {"Layer": "P-CINTA_MODIFICADA", "block": "ARQ-PLANTA_ACTUAL$0$HOMBRE"}}, {"type": "Feature", "geometry": {"type": "LineString", "coordinates": [[9.3381, 71.4895], [9.3378, 71.4906]]}, "properties": {"Layer": "P-CINTA_MODIFICADA", "block": "ARQ-PLANTA_ACTUAL$0$HOMBRE"}}, {"type": "Feature", "geometry": {"type": "LineString", "coordinates": [[9.3393, 71.4878], [9.3381, 71.4895]]}, "properties": {"Layer": "P-CINTA_MODIFICADA", "block": "ARQ-PLANTA_ACTUAL$0$HOMBRE"}}, {"type": "Feature", "geometry": {"type": "LineString", "coordinates": [[9.3408, 71.4863], [9.3393, 71.4878]]}, "properties": {"Layer": "P-CINTA_MODIFICADA", "block": "ARQ-PLANTA_ACTUAL$0$HOMBRE"}}, {"type": "Feature", "geometry": {"type": "LineString", "coordinates": [[9.3415, 71.4844], [9.3408, 71.4863]]}, "properties": {"Layer": "P-CINTA_MODIFICADA", "block": "ARQ-PLANTA_ACTUAL$0$HOMBRE"}}, {"type": "Feature", "geometry": {"type": "LineString", "coordinates": [[9.3428, 71.4835], [9.3415, 71.4844]]}, "properties": {"Layer": "P-CINTA_MODIFICADA", "block": "ARQ-PLANTA_ACTUAL$0$HOMBRE"}}, {"type": "Feature", "geometry": {"type": "LineString", "coordinates": [[9.3472, 71.4818], [9.3428, 71.4835]]}, "properties": {"Layer": "P-CINTA_MODIFICADA", "block": "ARQ-PLANTA_ACTUAL$0$HOMBRE"}}, {"type": "Feature", "geometry": {"type": "LineString", "coordinates": [[9.3521, 71.4844], [9.3519, 71.492]]}, "properties": {"Layer": "P-CINTA_MODIFICADA", "block": "ARQ-PLANTA_ACTUAL$0$HOMBRE"}}, {"type": "Feature", "geometry": {"type": "LineString", "coordinates": [[9.3474, 71.4818], [9.3521, 71.4844]]}, "properties": {"Layer": "P-CINTA_MODIFICADA", "block": "ARQ-PLANTA_ACTUAL$0$HOMBRE"}}, {"type": "Feature", "geometry": {"type": "LineString", "coordinates": [[9.3462, 71.5187], [9.3407, 71.5271]]}, "properties": {"Layer": "P-CINTA_MODIFICADA", "block": "ARQ-PLANTA_ACTUAL$0$HOMBRE"}}, {"type": "Feature", "geometry": {"type": "LineString", "coordinates": [[9.35, 71.5059], [9.3462, 71.5187]]}, "properties": {"Layer": "P-CINTA_MODIFICADA", "block": "ARQ-PLANTA_ACTUAL$0$HOMBRE"}}, {"type": "Feature", "geometry": {"type": "LineString", "coordinates": [[9.3519, 71.492], [9.35, 71.5059]]}, "properties": {"Layer": "P-CINTA_MODIFICADA", "block": "ARQ-PLANTA_ACTUAL$0$HOMBRE"}}, {"type": "Feature", "geometry": {"type": "LineString", "coordinates": [[9.3333, 71.5482], [9.3311, 71.5689]]}, "properties": {"Layer": "P-CINTA_MODIFICADA", "block": "ARQ-PLANTA_ACTUAL$0$HOMBRE"}}, {"type": "Feature", "geometry": {"type": "LineString", "coordinates": [[9.3287, 71.5411], [9.3333, 71.5482]]}, "properties": {"Layer": "P-CINTA_MODIFICADA", "block": "ARQ-PLANTA_ACTUAL$0$HOMBRE"}}, {"type": "Feature", "geometry": {"type": "LineString", "coordinates": [[9.3303, 71.5703], [9.331, 71.5694]]}, "properties": {"Layer": "P-CINTA_MODIFICADA", "block": "ARQ-PLANTA_ACTUAL$0$HOMBRE"}}, {"type": "Feature", "geometry": {"type": "LineString", "coordinates": [[9.331, 71.5694], [9.3311, 71.5689]]}, "properties": {"Layer": "P-CINTA_MODIFICADA", "block": "ARQ-PLANTA_ACTUAL$0$HOMBRE"}}, {"type": "Feature", "geometry": {"type": "LineString", "coordinates": [[9.3338, 71.5465], [9.3333, 71.5482]]}, "properties": {"Layer": "P-CINTA_MODIFICADA", "block": "ARQ-PLANTA_ACTUAL$0$HOMBRE"}}, {"type": "Feature", "geometry": {"type": "LineString", "coordinates": [[9.3364, 71.539], [9.3338, 71.5465]]}, "properties": {"Layer": "P-CINTA_MODIFICADA", "block": "ARQ-PLANTA_ACTUAL$0$HOMBRE"}}, {"type": "Feature", "geometry": {"type": "LineString", "coordinates": [[9.3407, 71.5271], [9.3364, 71.539]]}, "properties": {"Layer": "P-CINTA_MODIFICADA", "block": "ARQ-PLANTA_ACTUAL$0$HOMBRE"}}, {"type": "Feature", "geometry": {"type": "LineString", "coordinates": [[9.3488, 71.4658], [9.3462, 71.4661]]}, "properties": {"Layer": "P-CINTA_MODIFICADA", "block": "ARQ-PLANTA_ACTUAL$0$HOMBRE"}}, {"type": "Feature", "geometry": {"type": "LineString", "coordinates": [[9.3408, 71.4647], [9.3383, 71.4656]]}, "properties": {"Layer": "P-CINTA_MODIFICADA", "block": "ARQ-PLANTA_ACTUAL$0$HOMBRE"}}, {"type": "Feature", "geometry": {"type": "LineString", "coordinates": [[9.3439, 71.4644], [9.3408, 71.4647]]}, "properties": {"Layer": "P-CINTA_MODIFICADA", "block": "ARQ-PLANTA_ACTUAL$0$HOMBRE"}}, {"type": "Feature", "geometry": {"type": "LineString", "coordinates": [[9.3475, 71.4632], [9.3439, 71.4644]]}, "properties": {"Layer": "P-CINTA_MODIFICADA", "block": "ARQ-PLANTA_ACTUAL$0$HOMBRE"}}, {"type": "Feature", "geometry": {"type": "LineString", "coordinates": [[9.3337, 71.4562], [9.3433, 71.4535]]}, "properties": {"Layer": "P-CINTA_MODIFICADA", "block": "ARQ-PLANTA_ACTUAL$0$HOMBRE"}}, {"type": "Feature", "geometry": {"type": "LineString", "coordinates": [[9.3354, 71.4808], [9.3326, 71.4849]]}, "properties": {"Layer": "P-CINTA_MODIFICADA", "block": "ARQ-PLANTA_ACTUAL$0$HOMBRE"}}, {"type": "Feature", "geometry": {"type": "LineString", "coordinates": [[9.3378, 71.477], [9.3354, 71.4808]]}, "properties": {"Layer": "P-CINTA_MODIFICADA", "block": "ARQ-PLANTA_ACTUAL$0$HOMBRE"}}, {"type": "Feature", "geometry": {"type": "LineString", "coordinates": [[9.3405, 71.4743], [9.3378, 71.477]]}, "properties": {"Layer": "P-CINTA_MODIFICADA", "block": "ARQ-PLANTA_ACTUAL$0$HOMBRE"}}, {"type": "Feature", "geometry": {"type": "LineString", "coordinates": [[9.3433, 71.4727], [9.3405, 71.4743]]}, "properties": {"Layer": "P-CINTA_MODIFICADA", "block": "ARQ-PLANTA_ACTUAL$0$HOMBRE"}}, {"type": "Feature", "geometry": {"type": "LineString", "coordinates": [[9.3455, 71.4712], [9.3433, 71.4727]]}, "properties": {"Layer": "P-CINTA_MODIFICADA", "block": "ARQ-PLANTA_ACTUAL$0$HOMBRE"}}, {"type": "Feature", "geometry": {"type": "LineString", "coordinates": [[9.3481, 71.4697], [9.3455, 71.4712]]}, "properties": {"Layer": "P-CINTA_MODIFICADA", "block": "ARQ-PLANTA_ACTUAL$0$HOMBRE"}}, {"type": "Feature", "geometry": {"type": "LineString", "coordinates": [[9.3499, 71.4694], [9.3481, 71.4697]]}, "properties": {"Layer": "P-CINTA_MODIFICADA", "block": "ARQ-PLANTA_ACTUAL$0$HOMBRE"}}, {"type": "Feature", "geometry": {"type": "LineString", "coordinates": [[9.3517, 71.4681], [9.3499, 71.4694]]}, "properties": {"Layer": "P-CINTA_MODIFICADA", "block": "ARQ-PLANTA_ACTUAL$0$HOMBRE"}}, {"type": "Feature", "geometry": {"type": "LineString", "coordinates": [[9.3528, 71.4672], [9.3517, 71.4681]]}, "properties": {"Layer": "P-CINTA_MODIFICADA", "block": "ARQ-PLANTA_ACTUAL$0$HOMBRE"}}, {"type": "Feature", "geometry": {"type": "LineString", "coordinates": [[9.3382, 71.4741], [9.3335, 71.4797]]}, "properties": {"Layer": "P-CINTA_MODIFICADA", "block": "ARQ-PLANTA_ACTUAL$0$HOMBRE"}}, {"type": "Feature", "geometry": {"type": "LineString", "coordinates": [[9.342, 71.4692], [9.3382, 71.4741]]}, "properties": {"Layer": "P-CINTA_MODIFICADA", "block": "ARQ-PLANTA_ACTUAL$0$HOMBRE"}}, {"type": "Feature", "geometry": {"type": "LineString", "coordinates": [[9.3314, 71.4743], [9.3314, 71.4743]]}, "properties": {"Layer": "P-CINTA_MODIFICADA", "block": "ARQ-PLANTA_ACTUAL$0$HOMBRE"}}, {"type": "Feature", "geometry": {"type": "LineString", "coordinates": [[9.3316, 71.4723], [9.3314, 71.4743]]}, "properties": {"Layer": "P-CINTA_MODIFICADA", "block": "ARQ-PLANTA_ACTUAL$0$HOMBRE"}}, {"type": "Feature", "geometry": {"type": "LineString", "coordinates": [[9.3341, 71.4696], [9.3316, 71.4723]]}, "properties": {"Layer": "P-CINTA_MODIFICADA", "block": "ARQ-PLANTA_ACTUAL$0$HOMBRE"}}, {"type": "Feature", "geometry": {"type": "LineString", "coordinates": [[9.3362, 71.4674], [9.3341, 71.4696]]}, "properties": {"Layer": "P-CINTA_MODIFICADA", "block": "ARQ-PLANTA_ACTUAL$0$HOMBRE"}}, {"type": "Feature", "geometry": {"type": "LineString", "coordinates": [[9.3462, 71.4661], [9.342, 71.4692]]}, "properties": {"Layer": "P-CINTA_MODIFICADA", "block": "ARQ-PLANTA_ACTUAL$0$HOMBRE"}}, {"type": "Feature", "geometry": {"type": "LineString", "coordinates": [[9.3383, 71.4656], [9.3362, 71.4674]]}, "properties": {"Layer": "P-CINTA_MODIFICADA", "block": "ARQ-PLANTA_ACTUAL$0$HOMBRE"}}, {"type": "Feature", "geometry": {"type": "LineString", "coordinates": [[9.5164, 71.5113], [9.5193, 71.5243]]}, "properties": {"Layer": "P-CINTA_MODIFICADA", "block": "ARQ-PLANTA_ACTUAL$0$HOMBRE"}}, {"type": "Feature", "geometry": {"type": "LineString", "coordinates": [[9.5193, 71.5243], [9.5243, 71.5331]]}, "properties": {"Layer": "P-CINTA_MODIFICADA", "block": "ARQ-PLANTA_ACTUAL$0$HOMBRE"}}, {"type": "Feature", "geometry": {"type": "LineString", "coordinates": [[9.5277, 71.5452], [9.5299, 71.5529]]}, "properties": {"Layer": "P-CINTA_MODIFICADA", "block": "ARQ-PLANTA_ACTUAL$0$HOMBRE"}}, {"type": "Feature", "geometry": {"type": "LineString", "coordinates": [[9.5299, 71.5529], [9.5303, 71.5546]]}, "properties": {"Layer": "P-CINTA_MODIFICADA", "block": "ARQ-PLANTA_ACTUAL$0$HOMBRE"}}, {"type": "Feature", "geometry": {"type": "LineString", "coordinates": [[9.5312, 71.5759], [9.5311, 71.5754]]}, "properties": {"Layer": "P-CINTA_MODIFICADA", "block": "ARQ-PLANTA_ACTUAL$0$HOMBRE"}}, {"type": "Feature", "geometry": {"type": "LineString", "coordinates": [[9.5318, 71.5768], [9.5312, 71.5759]]}, "properties": {"Layer": "P-CINTA_MODIFICADA", "block": "ARQ-PLANTA_ACTUAL$0$HOMBRE"}}, {"type": "Feature", "geometry": {"type": "LineString", "coordinates": [[9.5353, 71.5479], [9.5303, 71.5546]]}, "properties": {"Layer": "P-CINTA_MODIFICADA", "block": "ARQ-PLANTA_ACTUAL$0$HOMBRE"}}, {"type": "Feature", "geometry": {"type": "LineString", "coordinates": [[9.5303, 71.5546], [9.5311, 71.5754]]}, "properties": {"Layer": "P-CINTA_MODIFICADA", "block": "ARQ-PLANTA_ACTUAL$0$HOMBRE"}}, {"type": "Feature", "geometry": {"type": "LineString", "coordinates": [[9.5243, 71.5331], [9.5277, 71.5452]]}, "properties": {"Layer": "P-CINTA_MODIFICADA", "block": "ARQ-PLANTA_ACTUAL$0$HOMBRE"}}, {"type": "Feature", "geometry": {"type": "LineString", "coordinates": [[9.3519, 71.4648], [9.3529, 71.4661]]}, "properties": {"Layer": "P-CINTA_MODIFICADA", "block": "ARQ-PLANTA_ACTUAL$0$HOMBRE"}}, {"type": "Feature", "geometry": {"type": "LineString", "coordinates": [[9.354, 71.4631], [9.3519, 71.4648]]}, "properties": {"Layer": "P-CINTA_MODIFICADA", "block": "ARQ-PLANTA_ACTUAL$0$HOMBRE"}}, {"type": "Feature", "geometry": {"type": "LineString", "coordinates": [[9.3541, 71.4629], [9.354, 71.4631]]}, "properties": {"Layer": "P-CINTA_MODIFICADA", "block": "ARQ-PLANTA_ACTUAL$0$HOMBRE"}}, {"type": "Feature", "geometry": {"type": "LineString", "coordinates": [[9.354, 71.4609], [9.3541, 71.4629]]}, "properties": {"Layer": "P-CINTA_MODIFICADA", "block": "ARQ-PLANTA_ACTUAL$0$HOMBRE"}}, {"type": "Feature", "geometry": {"type": "LineString", "coordinates": [[9.3529, 71.4595], [9.354, 71.4609]]}, "properties": {"Layer": "P-CINTA_MODIFICADA", "block": "ARQ-PLANTA_ACTUAL$0$HOMBRE"}}, {"type": "Feature", "geometry": {"type": "LineString", "coordinates": [[9.3544, 71.459], [9.3529, 71.4595]]}, "properties": {"Layer": "P-CINTA_MODIFICADA", "block": "ARQ-PLANTA_ACTUAL$0$HOMBRE"}}, {"type": "Feature", "geometry": {"type": "LineString", "coordinates": [[9.3554, 71.4572], [9.3544, 71.459]]}, "properties": {"Layer": "P-CINTA_MODIFICADA", "block": "ARQ-PLANTA_ACTUAL$0$HOMBRE"}}, {"type": "Feature", "geometry": {"type": "LineString", "coordinates": [[9.3555, 71.4548], [9.3554, 71.4572]]}, "properties": {"Layer": "P-CINTA_MODIFICADA", "block": "ARQ-PLANTA_ACTUAL$0$HOMBRE"}}, {"type": "Feature", "geometry": {"type": "LineString", "coordinates": [[9.3522, 71.4527], [9.3555, 71.4548]]}, "properties": {"Layer": "P-CINTA_MODIFICADA", "block": "ARQ-PLANTA_ACTUAL$0$HOMBRE"}}, {"type": "Feature", "geometry": {"type": "LineString", "coordinates": [[9.5154, 71.4973], [9.5164, 71.5113]]}, "properties": {"Layer": "P-CINTA_MODIFICADA", "block": "ARQ-PLANTA_ACTUAL$0$HOMBRE"}}, {"type": "Feature", "geometry": {"type": "LineString", "coordinates": [[9.5389, 71.5437], [9.5353, 71.5479]]}, "properties": {"Layer": "P-CINTA_MODIFICADA", "block": "ARQ-PLANTA_ACTUAL$0$HOMBRE"}}, {"type": "Feature", "geometry": {"type": "LineString", "coordinates": [[9.5207, 71.4875], [9.5249, 71.4895]]}, "properties": {"Layer": "P-CINTA_MODIFICADA", "block": "ARQ-PLANTA_ACTUAL$0$HOMBRE"}}, {"type": "Feature", "geometry": {"type": "LineString", "coordinates": [[9.5303, 71.499], [9.5311, 71.5013]]}, "properties": {"Layer": "P-CINTA_MODIFICADA", "block": "ARQ-PLANTA_ACTUAL$0$HOMBRE"}}, {"type": "Feature", "geometry": {"type": "LineString", "coordinates": [[9.5347, 71.5075], [9.5361, 71.5079]]}, "properties": {"Layer": "P-CINTA_MODIFICADA", "block": "ARQ-PLANTA_ACTUAL$0$HOMBRE"}}, {"type": "Feature", "geometry": {"type": "LineString", "coordinates": [[9.5536, 71.5304], [9.5485, 71.5345]]}, "properties": {"Layer": "P-CINTA_MODIFICADA", "block": "ARQ-PLANTA_ACTUAL$0$HOMBRE"}}, {"type": "Feature", "geometry": {"type": "LineString", "coordinates": [[9.5533, 71.4776], [9.5475, 71.469]]}, "properties": {"Layer": "P-CINTA_MODIFICADA", "block": "ARQ-PLANTA_ACTUAL$0$HOMBRE"}}, {"type": "Feature", "geometry": {"type": "LineString", "coordinates": [[9.5217, 71.4689], [9.5252, 71.4703]]}, "properties": {"Layer": "P-CINTA_MODIFICADA", "block": "ARQ-PLANTA_ACTUAL$0$HOMBRE"}}, {"type": "Feature", "geometry": {"type": "LineString", "coordinates": [[9.5151, 71.4681], [9.5152, 71.4684]]}, "properties": {"Layer": "P-CINTA_MODIFICADA", "block": "ARQ-PLANTA_ACTUAL$0$HOMBRE"}}, {"type": "Feature", "geometry": {"type": "LineString", "coordinates": [[9.5736, 71.8324], [9.5859, 71.8391]]}, "properties": {"Layer": "P-CINTA_MODIFICADA", "block": "ARQ-PLANTA_ACTUAL$0$HOMBRE"}}, {"type": "Feature", "geometry": {"type": "LineString", "coordinates": [[9.5467, 71.8416], [9.5504, 71.8619]]}, "properties": {"Layer": "P-CINTA_MODIFICADA", "block": "ARQ-PLANTA_ACTUAL$0$HOMBRE"}}, {"type": "Feature", "geometry": {"type": "LineString", "coordinates": [[9.5246, 71.815], [9.5467, 71.8416]]}, "properties": {"Layer": "P-CINTA_MODIFICADA", "block": "ARQ-PLANTA_ACTUAL$0$HOMBRE"}}, {"type": "Feature", "geometry": {"type": "LineString", "coordinates": [[9.557, 71.8245], [9.5673, 71.8301]]}, "properties": {"Layer": "P-CINTA_MODIFICADA", "block": "ARQ-PLANTA_ACTUAL$0$HOMBRE"}}, {"type": "Feature", "geometry": {"type": "LineString", "coordinates": [[9.5239, 71.8081], [9.5148, 71.8096]]}, "properties": {"Layer": "P-CINTA_MODIFICADA", "block": "ARQ-PLANTA_ACTUAL$0$HOMBRE"}}, {"type": "Feature", "geometry": {"type": "LineString", "coordinates": [[9.5304, 71.8028], [9.5239, 71.8081]]}, "properties": {"Layer": "P-CINTA_MODIFICADA", "block": "ARQ-PLANTA_ACTUAL$0$HOMBRE"}}, {"type": "Feature", "geometry": {"type": "LineString", "coordinates": [[9.5194, 71.8233], [9.557, 71.8245]]}, "properties": {"Layer": "P-CINTA_MODIFICADA", "block": "ARQ-PLANTA_ACTUAL$0$HOMBRE"}}, {"type": "Feature", "geometry": {"type": "LineString", "coordinates": [[9.5194, 71.8233], [9.557, 71.8245]]}, "properties": {"Layer": "P-CINTA_MODIFICADA", "block": "ARQ-PLANTA_ACTUAL$0$HOMBRE"}}, {"type": "Feature", "geometry": {"type": "LineString", "coordinates": [[9.541, 71.7939], [9.5304, 71.8028]]}, "properties": {"Layer": "P-CINTA_MODIFICADA", "block": "ARQ-PLANTA_ACTUAL$0$HOMBRE"}}, {"type": "Feature", "geometry": {"type": "LineString", "coordinates": [[9.3232, 71.8015], [9.3322, 71.8036]]}, "properties": {"Layer": "P-CINTA_MODIFICADA", "block": "ARQ-PLANTA_ACTUAL$0$HOMBRE"}}, {"type": "Feature", "geometry": {"type": "LineString", "coordinates": [[9.5673, 71.8301], [9.5736, 71.8324]]}, "properties": {"Layer": "P-CINTA_MODIFICADA", "block": "ARQ-PLANTA_ACTUAL$0$HOMBRE"}}, {"type": "Feature", "geometry": {"type": "LineString", "coordinates": [[9.5504, 71.8619], [9.555, 71.8981]]}, "properties": {"Layer": "P-CINTA_MODIFICADA", "block": "ARQ-PLANTA_ACTUAL$0$HOMBRE"}}, {"type": "Feature", "geometry": {"type": "LineString", "coordinates": [[9.3439, 71.9778], [9.3665, 71.982]]}, "properties": {"Layer": "P-CINTA_MODIFICADA", "block": "ARQ-PLANTA_ACTUAL$0$HOMBRE"}}, {"type": "Feature", "geometry": {"type": "LineString", "coordinates": [[9.3694, 72.0354], [9.3694, 72.0354]]}, "properties": {"Layer": "P-CINTA_MODIFICADA", "block": "ARQ-PLANTA_ACTUAL$0$HOMBRE"}}, {"type": "Feature", "geometry": {"type": "LineString", "coordinates": [[9.5219, 71.9678], [9.5043, 71.9742]]}, "properties": {"Layer": "P-CINTA_MODIFICADA", "block": "ARQ-PLANTA_ACTUAL$0$HOMBRE"}}, {"type": "Feature", "geometry": {"type": "LineString", "coordinates": [[9.5043, 71.9742], [9.4917, 71.9826]]}, "properties": {"Layer": "P-CINTA_MODIFICADA", "block": "ARQ-PLANTA_ACTUAL$0$HOMBRE"}}, {"type": "Feature", "geometry": {"type": "LineString", "coordinates": [[9.4917, 71.9826], [9.4689, 71.9853]]}, "properties": {"Layer": "P-CINTA_MODIFICADA", "block": "ARQ-PLANTA_ACTUAL$0$HOMBRE"}}, {"type": "Feature", "geometry": {"type": "LineString", "coordinates": [[9.4138, 72.0368], [9.4138, 72.0368]]}, "properties": {"Layer": "P-CINTA_MODIFICADA", "block": "ARQ-PLANTA_ACTUAL$0$HOMBRE"}}, {"type": "Feature", "geometry": {"type": "LineString", "coordinates": [[9.5489, 71.9442], [9.5416, 71.9562]]}, "properties": {"Layer": "P-CINTA_MODIFICADA", "block": "ARQ-PLANTA_ACTUAL$0$HOMBRE"}}, {"type": "Feature", "geometry": {"type": "LineString", "coordinates": [[9.5489, 71.9442], [9.531, 71.9594]]}, "properties": {"Layer": "P-CINTA_MODIFICADA", "block": "ARQ-PLANTA_ACTUAL$0$HOMBRE"}}, {"type": "Feature", "geometry": {"type": "LineString", "coordinates": [[9.5489, 71.9442], [9.5416, 71.9562]]}, "properties": {"Layer": "P-CINTA_MODIFICADA", "block": "ARQ-PLANTA_ACTUAL$0$HOMBRE"}}, {"type": "Feature", "geometry": {"type": "LineString", "coordinates": [[9.5772, 71.9364], [9.5489, 71.9442]]}, "properties": {"Layer": "P-CINTA_MODIFICADA", "block": "ARQ-PLANTA_ACTUAL$0$HOMBRE"}}, {"type": "Feature", "geometry": {"type": "LineString", "coordinates": [[9.5416, 71.9562], [9.531, 71.9594]]}, "properties": {"Layer": "P-CINTA_MODIFICADA", "block": "ARQ-PLANTA_ACTUAL$0$HOMBRE"}}, {"type": "Feature", "geometry": {"type": "LineString", "coordinates": [[9.5416, 71.9562], [9.531, 71.9594]]}, "properties": {"Layer": "P-CINTA_MODIFICADA", "block": "ARQ-PLANTA_ACTUAL$0$HOMBRE"}}, {"type": "Feature", "geometry": {"type": "LineString", "coordinates": [[9.531, 71.9594], [9.5219, 71.9678]]}, "properties": {"Layer": "P-CINTA_MODIFICADA", "block": "ARQ-PLANTA_ACTUAL$0$HOMBRE"}}, {"type": "Feature", "geometry": {"type": "LineString", "coordinates": [[9.531, 71.9594], [9.5219, 71.9678]]}, "properties": {"Layer": "P-CINTA_MODIFICADA", "block": "ARQ-PLANTA_ACTUAL$0$HOMBRE"}}, {"type": "Feature", "geometry": {"type": "LineString", "coordinates": [[9.555, 71.8981], [9.5489, 71.9442]]}, "properties": {"Layer": "P-CINTA_MODIFICADA", "block": "ARQ-PLANTA_ACTUAL$0$HOMBRE"}}, {"type": "Feature", "geometry": {"type": "LineString", "coordinates": [[9.5859, 71.8391], [9.5952, 71.8446]]}, "properties": {"Layer": "P-CINTA_MODIFICADA", "block": "ARQ-PLANTA_ACTUAL$0$HOMBRE"}}, {"type": "Feature", "geometry": {"type": "LineString", "coordinates": [[9.332, 71.9686], [9.3439, 71.9778]]}, "properties": {"Layer": "P-CINTA_MODIFICADA", "block": "ARQ-PLANTA_ACTUAL$0$HOMBRE"}}, {"type": "Feature", "geometry": {"type": "LineString", "coordinates": [[9.3175, 71.8414], [9.3164, 71.8397], [9.3146, 71.8342], [9.3122, 71.8254], [9.3094, 71.8134], [9.3063, 71.7989], [9.3029, 71.7825], [9.2996, 71.7649], [9.2963, 71.7469], [9.2933, 71.7292], [9.2906, 71.7127], [9.2885, 71.698], [9.2869, 71.6858], [9.286, 71.6767], [9.2858, 71.671], [9.2863, 71.6689], [9.2874, 71.6707], [9.2893, 71.6761], [9.2916, 71.685], [9.2944, 71.6969], [9.2975, 71.7114], [9.3009, 71.7278], [9.3042, 71.7454], [9.3075, 71.7635], [9.3105, 71.7811], [9.3132, 71.7976], [9.3153, 71.8123], [9.3169, 71.8245], [9.3178, 71.8336], [9.318, 71.8394], [9.3175, 71.8414]]}, "properties": {"Layer": "P-CINTA_MODIFICADA", "block": "ARQ-PLANTA_ACTUAL$0$HOMBRE"}}]}